Timestamp,Course,Section,Instructor,Total_Seats,Open_Seats,Waitlist,Fetch_Time
2026-09-14 00:29:31,AAAS100,0101,Shane Walsh,35,0,0,2026-09-14 00:29:34
2026-09-14 00:29:31,AAAS100,0201,Shane Walsh,35,0,0,2026-09-14 00:29:34
2026-09-14 00:29:31,AAAS100,0301,George Kintiba,70,36,0,2026-09-14 00:29:34
2026-09-14 00:29:31,AAAS100,0401,Jason Nichols,30,0,0,2026-09-14 00:29:34
2026-09-14 00:29:31,AAAS100,0501,Jason Nichols,35,0,0,2026-09-14 00:29:34
2026-09-14 00:29:31,AAAS101,0101,Chinyere Osuji,40,0,0,2026-09-14 00:29:34
2026-09-14 00:29:31,AAAS187,0101,Robert Choflet,30,0,0,2026-09-14 00:29:35
2026-09-14 00:29:31,AAAS187,0201,Joseph Richardson,30,0,0,2026-09-14 00:29:35
2026-09-14 00:29:31,AAAS200,0101,George Kintiba,40,5,0,2026-09-14 00:29:36
2026-09-14 00:29:31,AAAS202,0101,Robert Choflet,35,6,0,2026-09-14 00:29:36
2026-09-14 00:29:31,AAAS202,0201,Robert Choflet,35,5,0,2026-09-14 00:29:36
2026-09-14 00:29:31,AAAS202,0301,Angelica Dunbar,35,4,0,2026-09-14 00:29:36
2026-09-14 00:29:31,AAAS202,0401,Ashley Everson,35,0,0,2026-09-14 00:29:36
2026-09-14 00:29:31,AAAS202,0501,Ashley Everson,20,3,0,2026-09-14 00:29:36
2026-09-14 00:29:31,AAAS210,0101,Angelica Dunbar,20,16,0,2026-09-14 00:29:37
2026-09-14 00:29:31,AAAS211,0101,Shane Walsh,30,0,0,2026-09-14 00:29:37
2026-09-14 00:29:31,AAAS230,0101,Ashley Newby,30,0,0,2026-09-14 00:29:37
2026-09-14 00:29:31,AAAS230,0201,Ashley Newby,30,0,0,2026-09-14 00:29:37
2026-09-14 00:29:31,AAAS234,0201,Mike Kolakoski,30,3,0,2026-09-14 00:29:38
2026-09-14 00:29:31,AAAS254,0101,Christopher Bonner,40,2,0,2026-09-14 00:29:38
2026-09-14 00:29:31,AAAS271,0101,Sydney Lewis,30,0,0,2026-09-14 00:29:38
2026-09-14 00:29:31,AAAS310,0101,George Kintiba,25,22,0,2026-09-14 00:29:39
2026-09-14 00:29:31,AAAS320,0101,Cecily Jackson,25,0,0,2026-09-14 00:29:39
2026-09-14 00:29:31,AAAS320,0201,Cecily Jackson,25,0,0,2026-09-14 00:29:39
2026-09-14 00:29:31,AAAS325,0101,Traci Dula,20,4,0,2026-09-14 00:29:39
2026-09-14 00:29:31,AAAS350,0101,John Drabinski,20,0,0,2026-09-14 00:29:40
2026-09-14 00:29:31,AAAS361,0101,Michelle Rowley,35,26,0,2026-09-14 00:29:40
2026-09-14 00:29:31,AAAS386,0101,Marshal Washington,10,10,0,2026-09-14 00:29:40
2026-09-14 00:29:31,AAAS397,0101,John Drabinski,2,2,0,2026-09-14 00:29:41
2026-09-14 00:29:31,AAAS397,0201,Angelica Dunbar,2,2,0,2026-09-14 00:29:41
2026-09-14 00:29:31,AAAS397,0301,Sharon Harley,2,2,0,2026-09-14 00:29:41
2026-09-14 00:29:31,AAAS397,0401,Cecily Jackson,2,2,0,2026-09-14 00:29:41
2026-09-14 00:29:31,AAAS397,0501,Sangeetha Madhavan,2,2,0,2026-09-14 00:29:41
2026-09-14 00:29:31,AAAS397,0601,Ashley Newby,1,1,0,2026-09-14 00:29:41
2026-09-14 00:29:31,AAAS397,0701,Chinyere Osuji,2,2,0,2026-09-14 00:29:41
2026-09-14 00:29:31,AAAS397,0801,Periloux Peay,2,2,0,2026-09-14 00:29:41
2026-09-14 00:29:31,AAAS397,0901,Joseph Richardson,2,2,0,2026-09-14 00:29:41
2026-09-14 00:29:31,AAAS398B,0101,Beka Guluma,20,13,0,2026-09-14 00:29:41
2026-09-14 00:29:31,AAAS398W,0101,Jason Nichols,25,11,0,2026-09-14 00:29:41
2026-09-14 00:29:31,AAAS400,0101,Periloux Peay,25,22,0,2026-09-14 00:29:42
2026-09-14 00:29:31,AAAS415,0101,Periloux Peay,30,0,0,2026-09-14 00:29:42
2026-09-14 00:29:31,AAAS499N,0101,Anne Rosen,25,0,0,2026-09-14 00:29:43
2026-09-14 00:29:31,AAST200,0101,Jennifer Cho,30,0,0,2026-09-14 00:29:44
2026-09-14 00:29:31,AAST200,0102,Binod Paudyal,30,0,0,2026-09-14 00:29:44
2026-09-14 00:29:31,AAST322,0101,Julie Park,30,3,0,2026-09-14 00:29:45
2026-09-14 00:29:31,AAST351,0101,Binod Paudyal,35,0,0,2026-09-14 00:29:45
2026-09-14 00:29:31,AAST355,0101,Jennifer Cho,35,0,1,2026-09-14 00:29:45
2026-09-14 00:29:31,AAST378,0101,Janelle Wong,2,2,0,2026-09-14 00:29:45
2026-09-14 00:29:31,AAST394,0101,Wenxi Yang,30,1,0,2026-09-14 00:29:46
2026-09-14 00:29:31,AAST398I,0101,Michelle Magalong,24,1,0,2026-09-14 00:29:46
2026-09-14 00:29:31,AAST398W,0101,Chris Eng,25,14,0,2026-09-14 00:29:47
2026-09-14 00:29:31,AAST421,0101,Tuyet Duong,20,3,0,2026-09-14 00:29:47
2026-09-14 00:29:31,AAST422,0101,Jennifer Cho,25,7,0,2026-09-14 00:29:47
2026-09-14 00:29:31,AAST424,0101,Dawn Dow,29,10,0,2026-09-14 00:29:48
2026-09-14 00:29:31,AAST440,0101,Binod Paudyal,25,1,0,2026-09-14 00:29:48
2026-09-14 00:29:31,AAST443,0101,Janelle Wong,30,0,0,2026-09-14 00:29:48
2026-09-14 00:29:31,ABRM330,0101,Rashawn Ray,40,0,0,2026-09-14 00:29:50
2026-09-14 00:29:31,ARAB101,0101,Samah Al-salami,15,1,0,2026-09-14 00:30:33
2026-09-14 00:29:31,ARAB101,0201,Ahmed Hanafy,15,5,0,2026-09-14 00:30:33
2026-09-14 00:29:31,ARAB102,0101,Samah Al-salami,15,2,0,2026-09-14 00:30:34
2026-09-14 00:29:31,ARAB102,0201,Lutf Alkebsi,15,13,0,2026-09-14 00:30:34
2026-09-14 00:29:31,ARAB201,0101,Lutf Alkebsi,15,0,0,2026-09-14 00:30:34
2026-09-14 00:29:31,ARAB201,0201,Lutf Alkebsi,15,11,0,2026-09-14 00:30:34
2026-09-14 00:29:31,ARAB208L,0101,Samah Al-salami,15,3,0,2026-09-14 00:30:34
2026-09-14 00:29:31,ARAB225,0101,Ahmed Hanafy,15,3,0,2026-09-14 00:30:34
2026-09-14 00:29:31,ARAB301,0101,Ahmed Hanafy,15,7,0,2026-09-14 00:30:35
2026-09-14 00:29:31,ARAB321,0101,Ahmed Hanafy,15,8,0,2026-09-14 00:30:35
2026-09-14 00:29:31,ARAB322,0101,Samah Al-salami,15,9,0,2026-09-14 00:30:35
2026-09-14 00:29:31,ARAB398A,0101,Lutf Alkebsi,15,6,0,2026-09-14 00:30:36
2026-09-14 00:29:31,ARAB499E,0101,Brendan Kibbee,20,2,0,2026-09-14 00:30:37
2026-09-14 00:29:31,ARMY106,0101,Thomas Battinieri,31,25,0,2026-09-14 00:31:10
2026-09-14 00:29:31,ARMY106,0102,Thomas Battinieri,40,30,0,2026-09-14 00:31:10
2026-09-14 00:29:31,ARMY106,FC01,Andrew Bischoff,15,11,0,2026-09-14 00:31:10
2026-09-14 00:29:31,ARMY106,FC02,Thomas Battinieri,9,8,0,2026-09-14 00:31:10
2026-09-14 00:29:31,ARMY110,0101,Andrew Bischoff,15,15,0,2026-09-14 00:31:10
2026-09-14 00:29:31,ARMY201,0102,Thomas Battinieri,35,14,0,2026-09-14 00:31:10
2026-09-14 00:29:31,ARMY301,0101,Joshua Guiod,40,20,0,2026-09-14 00:31:11
2026-09-14 00:29:31,ARMY401,0102,Andrew Bischoff,50,13,0,2026-09-14 00:31:11
2026-09-14 00:29:31,ARSC059,0101,Kathleen West,220,53,0,2026-09-14 00:31:13
2026-09-14 00:29:31,ARSC059,FC01,Jens Lyndrup,10,5,0,2026-09-14 00:31:13
2026-09-14 00:29:31,ARSC100,0101,Jens Lyndrup,50,33,0,2026-09-14 00:31:13
2026-09-14 00:29:31,ARSC100,0102,Jens Lyndrup,75,16,0,2026-09-14 00:31:13
2026-09-14 00:29:31,ARSC100,0103,Jens Lyndrup,40,31,0,2026-09-14 00:31:13
2026-09-14 00:29:31,ARSC100,FC01,Jens Lyndrup,5,3,0,2026-09-14 00:31:13
2026-09-14 00:29:31,ARSC100,FC02,Jens Lyndrup,10,7,0,2026-09-14 00:31:13
2026-09-14 00:29:31,ARSC200,0101,Alan Snyder,50,14,0,2026-09-14 00:31:13
2026-09-14 00:29:31,ARSC200,0102,Alan Snyder,35,21,0,2026-09-14 00:31:13
2026-09-14 00:29:31,ARSC200,0103,Alan Snyder,40,32,0,2026-09-14 00:31:13
2026-09-14 00:29:31,ARSC300,0101,Kathleen West,30,5,0,2026-09-14 00:31:14
2026-09-14 00:29:31,ARSC300,0102,Kathleen West,20,13,0,2026-09-14 00:31:14
2026-09-14 00:29:31,ARSC400,0101,Walter Mitchell,30,11,0,2026-09-14 00:31:14
2026-09-14 00:29:31,ARSC400,0102,Walter Mitchell,20,18,0,2026-09-14 00:31:14
2026-09-14 00:29:31,ARSC400,0201,Walter Mitchell,10,10,0,2026-09-14 00:31:14
2026-09-14 00:29:31,BMIN210,0101,Darlene Dennison,180,1,0,2026-09-14 00:32:19
2026-09-14 00:29:31,BMIN210,0201,Darlene Dennison,180,96,0,2026-09-14 00:32:19
2026-09-14 00:29:31,BMIN305,0101,Tejwansh Anand,180,14,0,2026-09-14 00:32:20
2026-09-14 00:29:31,BMIN345,0101,Michael Padhi,275,35,0,2026-09-14 00:32:20
2026-09-14 00:29:31,BMIN355,0101,Idil Yaveroglu,180,0,0,2026-09-14 00:32:20
2026-09-14 00:29:31,BMIN355,0201,Idil Yaveroglu,180,26,0,2026-09-14 00:32:20
2026-09-14 00:29:31,BMIN375,0101,Leland Gardner,185,4,0,2026-09-14 00:32:21
2026-09-14 00:29:31,BMIN395,0101,Nima Farshchi,200,2,0,2026-09-14 00:32:21
2026-09-14 00:29:31,BMIN395,0201,Nima Farshchi,200,105,0,2026-09-14 00:32:21
2026-09-14 00:29:31,BOIS602,WI01,Woei-jyh Lee,40,6,0,2026-09-14 00:32:24
2026-09-14 00:29:31,BOIS604,WI01,Manmohan Aseri,40,5,0,2026-09-14 00:32:25
2026-09-14 00:29:31,BOIS631,WI01,Sujin Kim,40,8,0,2026-09-14 00:32:25
2026-09-14 00:29:31,BSOS355,0101,Liza Lebrun,30,30,0,2026-09-14 00:32:36
2026-09-14 00:29:31,BSOS361,0101,TC Lloyd,30,2,0,2026-09-14 00:32:36
2026-09-14 00:29:31,BSOS361,0103,Keia Brown,30,2,0,2026-09-14 00:32:36
2026-09-14 00:29:31,BSOS361,0104,David Tana,30,2,0,2026-09-14 00:32:36
2026-09-14 00:29:31,BSOS361,0105,TC Lloyd,30,2,0,2026-09-14 00:32:36
2026-09-14 00:29:31,BSOS388C,0101,Nikita Kimani,20,0,0,2026-09-14 00:32:36
2026-09-14 00:29:31,BSOS388C,0201,Nikita Kimani,20,0,0,2026-09-14 00:32:36
2026-09-14 00:29:31,BSOS388E,0101,Liza Lebrun,30,30,0,2026-09-14 00:32:37
2026-09-14 00:29:31,BUSO600,SO11,Neta Moye,42,5,0,2026-09-14 00:32:55
2026-09-14 00:29:31,BUSO600,SO12,Neta Moye,42,9,0,2026-09-14 00:32:55
2026-09-14 00:29:31,BUSO603,SO11,Ilya Ryzhov,42,5,0,2026-09-14 00:32:55
2026-09-14 00:29:31,BUSO603,SO12,Ilya Ryzhov,42,4,0,2026-09-14 00:32:55
2026-09-14 00:29:31,BUSO604,SO11,Bennet Zelner,42,6,0,2026-09-14 00:32:55
2026-09-14 00:29:31,BUSO604,SO12,Bennet Zelner,42,6,0,2026-09-14 00:32:55
2026-09-14 00:29:31,BUSO612,SO11,Henry Boyd,42,3,0,2026-09-14 00:32:56
2026-09-14 00:29:31,BUSO612,SO12,Henry Boyd,42,5,0,2026-09-14 00:32:56
2026-09-14 00:29:31,BUSO616,SO31,Brent Solomon,38,2,0,2026-09-14 00:32:56
2026-09-14 00:29:31,BUSO616,SO32,Brent Solomon,38,0,0,2026-09-14 00:32:56
2026-09-14 00:29:31,BUSO624,SO31,Yi Xu,38,2,0,2026-09-14 00:32:56
2026-09-14 00:29:31,BUSO624,SO32,Yi Xu,38,0,0,2026-09-14 00:32:56
2026-09-14 00:29:31,BUSO700,SO91,Paulo Prochno,0,0,0,2026-09-14 00:32:57
2026-09-14 00:29:31,BUSO711,SO31,Gosia Langa Basit,28,0,0,2026-09-14 00:32:57
2026-09-14 00:29:31,BUSO711,SO32,Gosia Langa Basit,28,3,0,2026-09-14 00:32:57
2026-09-14 00:29:31,BUSO711,SO33,Gosia Langa Basit,28,1,0,2026-09-14 00:32:57
2026-09-14 00:29:31,BUSO731,SO51,Tejwansh Anand,49,0,1,2026-09-14 00:32:57
2026-09-14 00:29:31,BUSO752,SO51,Leland Gardner,35,13,0,2026-09-14 00:32:58
2026-09-14 00:29:31,BUSO758G,SO51,James Seward,35,11,0,2026-09-14 00:32:58
2026-09-14 00:29:31,BUSO758M,SO51,Paulo Prochno,49,2,0,2026-09-14 00:32:58
2026-09-14 00:29:31,BUSO758M,SO52,Paulo Prochno,49,3,0,2026-09-14 00:32:58
2026-09-14 00:29:31,BUSO758T,SO51,Michael Cichello,35,18,0,2026-09-14 00:32:59
2026-09-14 00:29:31,BUSO758W,SO51,Yogesh Joshi,33,2,0,2026-09-14 00:32:59
2026-09-14 00:29:31,BUSO758W,SO52,Yogesh Joshi,33,2,0,2026-09-14 00:32:59
2026-09-14 00:29:31,BUSO758X,SO51,Pallassana Kannan,49,3,0,2026-09-14 00:32:59
2026-09-14 00:29:31,BUSO788F,GX01,Judy Frels,25,6,0,2026-09-14 00:33:00
2026-09-14 00:29:31,BUSO788W,GX01,Zhi-Long Chen,30,5,0,2026-09-14 00:33:00
2026-09-14 00:29:31,CHSE200,0101,Betsy Tornquist,10,1,0,2026-09-14 00:33:29
2026-09-14 00:29:31,CHSE205,0101,Yewon Lee,60,0,1,2026-09-14 00:33:29
2026-09-14 00:29:31,CHSE205,0201,Yewon Lee,60,0,1,2026-09-14 00:33:29
2026-09-14 00:29:31,CHSE228C,0101,Nikita Kimani,20,0,0,2026-09-14 00:33:29
2026-09-14 00:29:31,CHSE228C,0201,Nikita Kimani,20,0,0,2026-09-14 00:33:29
2026-09-14 00:29:31,CHSE228C,0301,Nikita Kimani,20,0,0,2026-09-14 00:33:29
2026-09-14 00:29:31,CHSE230,0101,Isabelle Grable,25,16,0,2026-09-14 00:33:30
2026-09-14 00:29:31,CHSE376,0101,Michael Dunham,22,0,3,2026-09-14 00:33:30
2026-09-14 00:29:31,CHSE376,0201,Colleen McGilpin,20,0,4,2026-09-14 00:33:30
2026-09-14 00:29:31,CHSE376,0301,Elizabeth Martinez,20,0,0,2026-09-14 00:33:30
2026-09-14 00:29:31,CHSE376,0401,Chanai Brewster,20,4,0,2026-09-14 00:33:30
2026-09-14 00:29:31,CHSE476,0101,Michael Dunham,20,6,0,2026-09-14 00:33:31
2026-09-14 00:29:31,CHSE477,0101,Michael Dunham,15,4,0,2026-09-14 00:33:32
2026-09-14 00:29:31,CHSE489,1901,Amy D'Agati,15,10,0,2026-09-14 00:33:32
2026-09-14 00:29:31,CINE245,0101,Eric Zakim,22,0,2,2026-09-14 00:33:35
2026-09-14 00:29:31,CINE245,0102,Eric Zakim,22,0,3,2026-09-14 00:33:35
2026-09-14 00:29:31,CINE245,0103,Eric Zakim,22,0,3,2026-09-14 00:33:35
2026-09-14 00:29:31,CINE245,0104,Eric Zakim,22,0,1,2026-09-14 00:33:35
2026-09-14 00:29:31,CINE280,0101,Porter Olsen,30,0,1,2026-09-14 00:33:35
2026-09-14 00:29:31,CINE280,0201,John Tobin,30,0,1,2026-09-14 00:33:35
2026-09-14 00:29:31,CINE298A,0101,Caroline Eades,20,0,0,2026-09-14 00:33:35
2026-09-14 00:29:31,CINE301,0101,Eric Zakim,30,0,0,2026-09-14 00:33:35
2026-09-14 00:29:31,CINE310,0101,Nathaniel Stevens,15,2,0,2026-09-14 00:33:36
2026-09-14 00:29:31,CINE315,0101,Yael Inbar,15,0,0,2026-09-14 00:33:37
2026-09-14 00:29:31,CINE319G,0101,Oliver Gaycken,25,15,0,2026-09-14 00:33:37
2026-09-14 00:29:31,CINE319P,5501,Samuel Crawford,11,0,1,2026-09-14 00:33:38
2026-09-14 00:29:31,CINE319Z,0101,Paul Cote,25,7,0,2026-09-14 00:33:38
2026-09-14 00:29:31,CINE329T,0101,Daniel Richter,25,0,4,2026-09-14 00:33:38
2026-09-14 00:29:31,CINE332,0101,Parker Brookie,25,0,0,2026-09-14 00:33:39
2026-09-14 00:29:31,CINE334,0101,Elizabeth Papazian,25,0,0,2026-09-14 00:33:39
2026-09-14 00:29:31,CINE337,0101,Jason Kuo,25,0,1,2026-09-14 00:33:39
2026-09-14 00:29:31,CINE342,0101,Luka Arsenjuk,20,0,1,2026-09-14 00:33:40
2026-09-14 00:29:31,CINE350,0101,John Drabinski,20,0,0,2026-09-14 00:33:40
2026-09-14 00:29:31,CINE359C,0101,Daniel Richter,25,0,2,2026-09-14 00:33:40
2026-09-14 00:29:31,CINE369B,0101,Eva Hageman,30,1,0,2026-09-14 00:33:41
2026-09-14 00:29:31,CINE369K,0101,Paul Cote,20,0,1,2026-09-14 00:33:41
2026-09-14 00:29:31,CINE376,0101,Ross Angelella,15,3,0,2026-09-14 00:33:41
2026-09-14 00:29:31,CINE376,0102,Ross Angelella,5,2,0,2026-09-14 00:33:41
2026-09-14 00:29:31,CINE415,0101,Mathew Bainbridge,15,0,0,2026-09-14 00:33:42
2026-09-14 00:29:31,CINE419P,0101,Oliver Gaycken,20,14,0,2026-09-14 00:33:42
2026-09-14 00:29:31,CINE459P,0101,Luka Arsenjuk,20,0,2,2026-09-14 00:33:43
2026-09-14 00:29:31,CLAS170,0101,Chiara Graf,21,1,0,2026-09-14 00:33:45
2026-09-14 00:29:31,CLAS170,0102,Chiara Graf,21,0,0,2026-09-14 00:33:45
2026-09-14 00:29:31,CLAS170,0103,Chiara Graf,21,0,0,2026-09-14 00:33:45
2026-09-14 00:29:31,CLAS170,0104,Chiara Graf,21,0,0,2026-09-14 00:33:45
2026-09-14 00:29:31,CLAS170,0105,Chiara Graf,21,0,0,2026-09-14 00:33:45
2026-09-14 00:29:31,CLAS170,0106,Chiara Graf,21,2,0,2026-09-14 00:33:45
2026-09-14 00:29:31,CLAS170,0107,Chiara Graf,21,0,0,2026-09-14 00:33:45
2026-09-14 00:29:31,CLAS170,0108,Chiara Graf,21,1,0,2026-09-14 00:33:45
2026-09-14 00:29:31,CLAS170,0109,Chiara Graf,22,0,0,2026-09-14 00:33:45
2026-09-14 00:29:31,CLAS170,FC01,Chelsea Stolt,28,4,0,2026-09-14 00:33:45
2026-09-14 00:29:31,CLAS170,FC02,Chelsea Stolt,28,0,0,2026-09-14 00:33:45
2026-09-14 00:29:31,CLAS170,FC03,Eugenia Lao,28,8,0,2026-09-14 00:33:45
2026-09-14 00:29:31,CLAS170,FC05,Charis Addai,28,6,0,2026-09-14 00:33:45
2026-09-14 00:29:31,CLAS277,0101,Chiara Graf,25,0,0,2026-09-14 00:33:45
2026-09-14 00:29:31,CLAS277,0102,Chiara Graf,25,1,0,2026-09-14 00:33:45
2026-09-14 00:29:31,CLAS277,0103,Chiara Graf,25,4,0,2026-09-14 00:33:45
2026-09-14 00:29:31,CLAS277,0104,Chiara Graf,25,1,0,2026-09-14 00:33:45
2026-09-14 00:29:31,CLAS277,0105,Chiara Graf,25,0,0,2026-09-14 00:33:45
2026-09-14 00:29:31,CLAS277,0106,Chiara Graf,25,1,0,2026-09-14 00:33:45
2026-09-14 00:29:31,CLAS305,0101,Jorge Bravo,35,1,0,2026-09-14 00:33:45
2026-09-14 00:29:31,CLAS309N,0101,Nathan Levine,35,26,0,2026-09-14 00:33:46
2026-09-14 00:29:31,CLAS310,0101,Rachel Singpurwalla,20,0,1,2026-09-14 00:33:46
2026-09-14 00:29:31,CLAS310,0102,Rachel Singpurwalla,20,0,2,2026-09-14 00:33:46
2026-09-14 00:29:31,CLAS310,0103,Rachel Singpurwalla,20,0,3,2026-09-14 00:33:46
2026-09-14 00:29:31,CLAS312,0101,Polyvia Parara,35,7,0,2026-09-14 00:33:46
2026-09-14 00:29:31,CMLT235,0101,Brielle Gorrell,30,1,0,2026-09-14 00:33:50
2026-09-14 00:29:31,CMLT270,0101,Hannah (Toyin) Adeyemi,30,0,0,2026-09-14 00:33:50
2026-09-14 00:29:31,CMLT270,0201,Shakiba Sharifpour,30,1,0,2026-09-14 00:33:50
2026-09-14 00:29:31,CMLT275,0201,Abhinav Bhardwaj,30,0,1,2026-09-14 00:33:50
2026-09-14 00:29:31,CMLT277,0101,Nahid Ahmadian,30,2,0,2026-09-14 00:33:51
2026-09-14 00:29:31,CMLT280,0101,Porter Olsen,30,0,1,2026-09-14 00:33:51
2026-09-14 00:29:31,CMLT280,0201,John Tobin,30,0,1,2026-09-14 00:33:51
2026-09-14 00:29:31,CPBE100,0101,Oliver Schlake,95,25,0,2026-09-14 00:34:25
2026-09-14 00:29:31,CPBE200,0101,Oliver Schlake,75,33,0,2026-09-14 00:34:26
2026-09-14 00:29:31,CPBE225,0101,Ira Koretsky,38,13,0,2026-09-14 00:34:26
2026-09-14 00:29:31,CPBE225,0102,Ira Koretsky,38,22,0,2026-09-14 00:34:26
2026-09-14 00:29:31,CPCV100,0101,Julie Randolph,40,1,0,2026-09-14 00:34:28
2026-09-14 00:29:31,CPCV100,0201,Julie Randolph,40,8,0,2026-09-14 00:34:28
2026-09-14 00:29:31,CPCV200,0101,Julie Randolph,35,1,0,2026-09-14 00:34:28
2026-09-14 00:29:31,CPCV200,0201,Julie Randolph,35,15,0,2026-09-14 00:34:28
2026-09-14 00:29:31,CPCV225,0101,Korey Rothman,75,4,0,2026-09-14 00:34:28
2026-09-14 00:29:31,CPDJ100,0101,Jess Feltner,75,2,0,2026-09-14 00:34:30
2026-09-14 00:29:31,CPDJ200,0101,Andrew Fellows,75,37,0,2026-09-14 00:34:30
2026-09-14 00:29:31,CPET100,0101,Tim Knight,75,4,0,2026-09-14 00:34:32
2026-09-14 00:29:31,CPET200,0101,Tim Knight,75,7,0,2026-09-14 00:34:32
2026-09-14 00:29:31,CPGH100,0101,John Wiggins,85,7,0,2026-09-14 00:34:33
2026-09-14 00:29:31,CPGH200,0101,John Wiggins,75,18,0,2026-09-14 00:34:34
2026-09-14 00:29:31,CPJT100,0101,Justine DeCamillis,75,7,0,2026-09-14 00:34:36
2026-09-14 00:29:31,CPJT200,0101,Justine DeCamillis,75,21,0,2026-09-14 00:34:36
2026-09-14 00:29:31,CPMS100,0101,Alison Burns,75,0,0,2026-09-14 00:34:37
2026-09-14 00:29:31,CPMS200,0101,Alison Burns,75,11,0,2026-09-14 00:34:38
2026-09-14 00:29:31,CPMS225,0101,Alison Burns,75,0,0,2026-09-14 00:34:38
2026-09-14 00:29:31,CPMS230,0101,Alison Burns,30,11,0,2026-09-14 00:34:38
2026-09-14 00:29:31,CPMS240,0101,Carole Lee,20,17,0,2026-09-14 00:34:39
2026-09-14 00:29:31,CPPL100,0101,Kelly Brower,78,2,0,2026-09-14 00:34:40
2026-09-14 00:29:31,CPPL200,0101,Susannah Washburn,75,15,0,2026-09-14 00:34:41
2026-09-14 00:29:31,CPSA100,0101,Andrea Cesar,75,13,0,2026-09-14 00:34:42
2026-09-14 00:29:31,CPSA200,0101,Andrea Cesar,75,34,0,2026-09-14 00:34:42
2026-09-14 00:29:31,CPSF100,0101,Nicholas Fletcher,85,1,0,2026-09-14 00:34:44
2026-09-14 00:29:31,CPSF200,0101,Nicholas Fletcher,75,5,0,2026-09-14 00:34:44
2026-09-14 00:29:31,CPSG100,0101,Thomas Holtz,85,11,0,2026-09-14 00:34:46
2026-09-14 00:29:31,CPSG200,0101,Thomas Holtz,75,29,0,2026-09-14 00:34:46
2026-09-14 00:29:31,CPSN100,0101,Hansol Kwak,85,5,0,2026-09-14 00:34:48
2026-09-14 00:29:31,CPSN200,0101,Stacy Kosko,75,42,0,2026-09-14 00:34:48
2026-09-14 00:29:31,CPSN230,0101,Sarah Kilmer,20,18,0,2026-09-14 00:34:48
2026-09-14 00:29:31,CPSN240,0101,Sarah Kilmer,10,7,0,2026-09-14 00:34:49
2026-09-14 00:29:31,CPSN250,0101,Sarah Kilmer,5,5,0,2026-09-14 00:34:49
2026-09-14 00:29:31,CPSP110,0101,Markell Saunders,18,8,0,2026-09-14 00:34:51
2026-09-14 00:29:31,CPSP110,0201,Patrice Greene,18,13,0,2026-09-14 00:34:51
2026-09-14 00:29:31,CPSP220,0101,Tiara Thomas,20,1,0,2026-09-14 00:34:51
2026-09-14 00:29:31,CPSP239A,0101,Heather-Erin Bremenstuhl,10,5,0,2026-09-14 00:34:51
2026-09-14 00:29:31,CPSP269C,0101,Korey Rothman,5,5,0,2026-09-14 00:34:52
2026-09-14 00:29:31,CPSP339P,0101,Susannah Washburn,10,7,0,2026-09-14 00:34:52
2026-09-14 00:29:31,CPSS100,0101,Nicole Mogul,85,6,0,2026-09-14 00:34:54
2026-09-14 00:29:31,CPSS220,0101,Nicole Mogul,20,2,0,2026-09-14 00:34:54
2026-09-14 00:29:31,CPSS225,0101,Roan Parrish,20,14,0,2026-09-14 00:34:54
2026-09-14 00:29:31,CPSS340,0101,David Tomblin,20,5,0,2026-09-14 00:34:55
2026-09-14 00:29:31,CRLN101,0103,Myles Alexander,25,1,0,2026-09-14 00:34:56
2026-09-14 00:29:31,CRLN101,0104,Tami Smith,26,0,0,2026-09-14 00:34:56
2026-09-14 00:29:31,CRLN101,0105,Denis Garcia Reyes,25,0,0,2026-09-14 00:34:56
2026-09-14 00:29:31,CRLN101,0106,Mitch Woolley,25,4,0,2026-09-14 00:34:56
2026-09-14 00:29:31,CRLN101,0107,Esohe Owie,25,0,0,2026-09-14 00:34:56
2026-09-14 00:29:31,DATA100,0111,Matthew Griffin,33,4,0,2026-09-14 00:35:06
2026-09-14 00:29:31,DATA100,0112,Matthew Griffin,35,2,0,2026-09-14 00:35:06
2026-09-14 00:29:31,DATA100,0121,Matthew Griffin,35,2,0,2026-09-14 00:35:06
2026-09-14 00:29:31,DATA100,0122,Matthew Griffin,33,0,0,2026-09-14 00:35:06
2026-09-14 00:29:31,DATA100,0123,Matthew Griffin,33,1,0,2026-09-14 00:35:06
2026-09-14 00:29:31,DATA100,0124,Matthew Griffin,33,0,0,2026-09-14 00:35:06
2026-09-14 00:29:31,DATA100,0131,Matthew Griffin,33,1,0,2026-09-14 00:35:06
2026-09-14 00:29:31,DATA100,0141,Matthew Griffin,35,0,0,2026-09-14 00:35:06
2026-09-14 00:29:31,DATA100,0142,Matthew Griffin,33,0,0,2026-09-14 00:35:06
2026-09-14 00:29:31,DATA100,0211,Matthew Griffin,33,1,0,2026-09-14 00:35:06
2026-09-14 00:29:31,DATA100,0212,Matthew Griffin,35,0,0,2026-09-14 00:35:06
2026-09-14 00:29:31,DATA100,0221,Matthew Griffin,30,0,0,2026-09-14 00:35:06
2026-09-14 00:29:31,DATA100,0223,Matthew Griffin,32,0,0,2026-09-14 00:35:06
2026-09-14 00:29:31,DATA100,0224,Matthew Griffin,30,1,0,2026-09-14 00:35:06
2026-09-14 00:29:31,DATA100,0231,Matthew Griffin,33,3,0,2026-09-14 00:35:06
2026-09-14 00:29:31,DATA100,0311,Archana Khurana,35,6,0,2026-09-14 00:35:06
2026-09-14 00:29:31,DATA100,0312,Archana Khurana,35,1,0,2026-09-14 00:35:06
2026-09-14 00:29:31,DATA100,0321,Archana Khurana,35,0,0,2026-09-14 00:35:06
2026-09-14 00:29:31,DATA100,0322,Archana Khurana,35,1,0,2026-09-14 00:35:06
2026-09-14 00:29:31,DATA100,0323,Archana Khurana,35,0,0,2026-09-14 00:35:06
2026-09-14 00:29:31,DATA100,0341,Archana Khurana,35,5,0,2026-09-14 00:35:06
2026-09-14 00:29:31,DATA110,0101,Susan Mazzullo,250,24,0,2026-09-14 00:35:07
2026-09-14 00:29:31,DATA120,0101,Fardina Alam,200,0,3,2026-09-14 00:35:07
2026-09-14 00:29:31,DATA200,0101,Fardina Alam,90,32,0,2026-09-14 00:35:07
2026-09-14 00:29:31,DATA250,0101,Todd Rowland,43,7,0,2026-09-14 00:35:08
2026-09-14 00:29:31,DATA320,0101,Maksym Morawski,15,10,0,2026-09-14 00:35:08
2026-09-14 00:29:31,DATA320,0201,Maksym Morawski,20,10,0,2026-09-14 00:35:08
2026-09-14 00:29:31,DATA320,0301,Fardina Alam,20,1,0,2026-09-14 00:35:08
2026-09-14 00:29:31,DATA350,0101,Raluca Rosca,30,11,0,2026-09-14 00:35:08
2026-09-14 00:29:31,DATA350,0201,Jonathan Fernandes,34,5,0,2026-09-14 00:35:08
2026-09-14 00:29:31,DATA400,0111,Salman Safdar,27,1,0,2026-09-14 00:35:09
2026-09-14 00:29:31,DATA400,0112,Salman Safdar,30,1,0,2026-09-14 00:35:09
2026-09-14 00:29:31,DATA400,0121,Salman Safdar,27,2,0,2026-09-14 00:35:09
2026-09-14 00:29:31,DATA400,0122,Salman Safdar,27,4,0,2026-09-14 00:35:09
2026-09-14 00:29:31,DATA400,0131,Salman Safdar,27,3,0,2026-09-14 00:35:09
2026-09-14 00:29:31,DATA400,0132,Salman Safdar,27,8,0,2026-09-14 00:35:09
2026-09-14 00:29:31,DATA400,0211,Timothy Pilachowski,30,3,0,2026-09-14 00:35:09
2026-09-14 00:29:31,DATA400,0212,Timothy Pilachowski,30,4,0,2026-09-14 00:35:09
2026-09-14 00:29:31,DATA400,0221,Timothy Pilachowski,30,3,0,2026-09-14 00:35:09
2026-09-14 00:29:31,DATA400,0222,Timothy Pilachowski,30,0,0,2026-09-14 00:35:09
2026-09-14 00:29:31,DATA400,0231,Timothy Pilachowski,30,0,0,2026-09-14 00:35:09
2026-09-14 00:29:31,DATA400,0232,Timothy Pilachowski,30,3,0,2026-09-14 00:35:09
2026-09-14 00:29:31,DATA400,0311,Mestiyage Gunatilleka,32,0,1,2026-09-14 00:35:09
2026-09-14 00:29:31,DATA400,0312,Mestiyage Gunatilleka,30,0,2,2026-09-14 00:35:09
2026-09-14 00:29:31,DATA400,0321,Mestiyage Gunatilleka,32,0,1,2026-09-14 00:35:09
2026-09-14 00:29:31,DATA400,0322,Mestiyage Gunatilleka,30,0,1,2026-09-14 00:35:09
2026-09-14 00:29:31,DATA400,0331,Mestiyage Gunatilleka,32,0,1,2026-09-14 00:35:09
2026-09-14 00:29:31,DATA400,0332,Mestiyage Gunatilleka,30,0,1,2026-09-14 00:35:09
2026-09-14 00:29:31,DATA400,0511,Shixin Zheng,35,0,0,2026-09-14 00:35:09
2026-09-14 00:29:31,DATA400,0521,Shixin Zheng,35,0,0,2026-09-14 00:35:09
2026-09-14 00:29:31,DATA400,0531,Shixin Zheng,35,0,0,2026-09-14 00:35:09
2026-09-14 00:29:31,DATA601,PCS1,Sandra Cerrai,50,6,0,2026-09-14 00:35:09
2026-09-14 00:29:31,DATA601,PCS2,Jonathan Fernandes,60,20,0,2026-09-14 00:35:09
2026-09-14 00:29:31,DATA601,PWS1,Leonid Koralov,60,3,0,2026-09-14 00:35:09
2026-09-14 00:29:31,DATA602,PCS1,Sujeong Kim,44,5,0,2026-09-14 00:35:09
2026-09-14 00:29:31,DATA602,PCS2,Sujeong Kim,44,9,0,2026-09-14 00:35:09
2026-09-14 00:29:31,DATA602,PWS1,Fardina Alam,44,3,0,2026-09-14 00:35:09
2026-09-14 00:29:31,DATA603,PCS1,Babak Azimi-Sadjadi,55,15,0,2026-09-14 00:35:10
2026-09-14 00:29:31,DATA603,PWS1,Kemal Davaslioglu,55,19,0,2026-09-14 00:35:10
2026-09-14 00:29:31,DATA605,PCS1,Tammy Perrin,44,30,0,2026-09-14 00:35:10
2026-09-14 00:29:31,DATA605,PCS2,Tammy Perrin,44,21,0,2026-09-14 00:35:10
2026-09-14 00:29:31,DATA605,PWS1,Giacinto Paolo Saggese,44,35,0,2026-09-14 00:35:10
2026-09-14 00:29:31,DATA607,PCS1,Mestiyage Gunatilleka,44,29,0,2026-09-14 00:35:10
2026-09-14 00:29:31,DATA607,PCS2,Kendall Williams,55,0,0,2026-09-14 00:35:10
2026-09-14 00:29:31,DATA607,PCS3,Vincent Lyzinski,44,3,0,2026-09-14 00:35:10
2026-09-14 00:29:31,DATA612,PCS1,Samet Ayhan,50,23,0,2026-09-14 00:35:11
2026-09-14 00:29:31,DATA612,PWS1,Samet Ayhan,44,14,0,2026-09-14 00:35:11
2026-09-14 00:29:31,DATA641,PCS1,Toki Inan,50,19,0,2026-09-14 00:35:11
2026-09-14 00:29:31,DATA641,PWS1,Armin Mehrabian,50,0,0,2026-09-14 00:35:11
2026-09-14 00:29:31,DATA643,PCS1,Charles Forgy,50,30,0,2026-09-14 00:35:11
2026-09-14 00:29:31,DATA650,PCS1,Emre Gunduzhan,54,8,0,2026-09-14 00:35:12
2026-09-14 00:29:31,DATA650,PCS2,Emre Gunduzhan,54,10,0,2026-09-14 00:35:12
2026-09-14 00:29:31,ENAI600,0101,C Ravishankar,35,21,0,2026-09-14 00:35:44
2026-09-14 00:29:31,ENAI600,AEC1,C Ravishankar,20,5,0,2026-09-14 00:35:44
2026-09-14 00:29:31,ENAI601,0101,Richard La,35,22,0,2026-09-14 00:35:44
2026-09-14 00:29:31,ENAI601,AEC1,Richard La,20,8,0,2026-09-14 00:35:44
2026-09-14 00:29:31,ENAI607,0101,Zoltan Safar,29,24,0,2026-09-14 00:35:45
2026-09-14 00:29:31,ENAI607,AEC1,Zoltan Safar,20,9,0,2026-09-14 00:35:45
2026-09-14 00:29:31,ENBC301,ESG1,Sivan Saravanapavan,20,9,0,2026-09-14 00:35:46
2026-09-14 00:29:31,ENBC311,ESG1,Bahaa Ghammraoui,20,11,0,2026-09-14 00:35:47
2026-09-14 00:29:31,ENBC322,ESG1,Kyunghun Lee,20,11,0,2026-09-14 00:35:47
2026-09-14 00:29:31,ENBC331,ESG1,Lan Ma,20,10,0,2026-09-14 00:35:47
2026-09-14 00:29:31,ENBC332,ESG1,Jamasp Azarnoosh,20,11,0,2026-09-14 00:35:48
2026-09-14 00:29:31,ENBC341,ESG1,Jarred Callura,20,12,0,2026-09-14 00:35:48
2026-09-14 00:29:31,ENBC353,ESG1,Jarred Callura,20,15,0,2026-09-14 00:35:48
2026-09-14 00:29:31,ENBC423,ESG1,Jian Su,20,13,0,2026-09-14 00:35:49
2026-09-14 00:29:31,ENBC425,ESG1,Jamasp Azarnoosh,20,13,0,2026-09-14 00:35:49
2026-09-14 00:29:31,ENBC431,ESG1,Lan Ma,20,13,0,2026-09-14 00:35:50
2026-09-14 00:29:31,ENEB302,ESG1,Wesley Lawson,20,3,0,2026-09-14 00:36:03
2026-09-14 00:29:31,ENEB340,ESG1,Nestor Michael Tiglao,20,3,0,2026-09-14 00:36:03
2026-09-14 00:29:31,ENEB341,ESG1,Nestor Michael Tiglao,20,3,0,2026-09-14 00:36:03
2026-09-14 00:29:31,ENEB344,ESG1,Jerry Wu,20,3,0,2026-09-14 00:36:04
2026-09-14 00:29:31,ENEB346,ESG1,Nestor Michael Tiglao,20,13,0,2026-09-14 00:36:04
2026-09-14 00:29:31,ENEB354,ESG1,Yavuz Oruc,20,2,0,2026-09-14 00:36:04
2026-09-14 00:29:31,ENEB408A,ESG1,Nestor Michael Tiglao,20,13,0,2026-09-14 00:36:05
2026-09-14 00:29:31,ENEB444,ESG1,Manoj Franklin,20,13,0,2026-09-14 00:36:05
2026-09-14 00:29:31,ENEB454,ESG1,Jerry Wu,20,13,0,2026-09-14 00:36:05
2026-09-14 00:29:31,ENED036,0101,Hillary Owusu,20,5,0,2026-09-14 00:36:07
2026-09-14 00:29:31,ENED101,0101,Shannon Bate,20,0,0,2026-09-14 00:36:07
2026-09-14 00:29:31,ENED115,0101,Friedrich Alvarez,100,6,0,2026-09-14 00:36:08
2026-09-14 00:29:31,ENED215,0101,Tyler Huddleston,30,1,0,2026-09-14 00:36:08
2026-09-14 00:29:31,ENED215,0102,Samantha Sabihi,40,25,0,2026-09-14 00:36:08
2026-09-14 00:29:31,ENED215,0103,Paige Smith,6,0,0,2026-09-14 00:36:08
2026-09-14 00:29:31,ENED290H,0101,Christopher Troilo,46,1,0,2026-09-14 00:36:08
2026-09-14 00:29:31,ENED390H,0101,Tony Barber,50,13,0,2026-09-14 00:36:09
2026-09-14 00:29:31,ENED394H,0101,Manmohan Aseri,65,14,0,2026-09-14 00:36:09
2026-09-14 00:29:31,ENED397,0101,Emily Marks,9,0,0,2026-09-14 00:36:09
2026-09-14 00:29:31,ENED490H,0101,Maria Bardossy,45,1,0,2026-09-14 00:36:10
2026-09-14 00:29:31,ENED491,0101,Jessica Roffe,10,1,0,2026-09-14 00:36:10
2026-09-14 00:29:31,ENMT301,ESG1,Colleen Murray,15,8,0,2026-09-14 00:37:24
2026-09-14 00:29:31,ENMT322,ESG1,Norman Wereley,15,9,0,2026-09-14 00:37:24
2026-09-14 00:29:31,ENMT361,ESG1,Young Choi,15,8,0,2026-09-14 00:37:24
2026-09-14 00:29:31,ENMT380,ESG1,Gurtajbir Herr,15,8,0,2026-09-14 00:37:25
2026-09-14 00:29:31,ENMT450,ESG1,Nicholas Limparis,7,5,0,2026-09-14 00:37:25
2026-09-14 00:29:31,ENMT471,ESG1,Colleen Murray,7,5,0,2026-09-14 00:37:25
2026-09-14 00:29:31,ENMT473,ESG1,Gurtajbir Herr,7,4,0,2026-09-14 00:37:26
2026-09-14 00:29:31,ENMT483,ESG1,Nicholas Limparis,7,5,0,2026-09-14 00:37:26
2026-09-14 00:29:31,ENMT499,ESG4,Nicholas Limparis,2,1,0,2026-09-14 00:37:26
2026-09-14 00:29:31,ENSE621,0101,Tony Barber,22,16,0,2026-09-14 00:37:35
2026-09-14 00:29:31,ENSE621,SY01,Tony Barber,15,0,0,2026-09-14 00:37:35
2026-09-14 00:29:31,ENSE623,0101,Steven Biemer,17,14,0,2026-09-14 00:37:35
2026-09-14 00:29:31,ENSE623,SY01,Steven Biemer,15,11,0,2026-09-14 00:37:35
2026-09-14 00:29:31,ENSE626,0101,Dane Cooper,20,16,0,2026-09-14 00:37:35
2026-09-14 00:29:31,ENSE626,SY01,Dane Cooper,15,9,0,2026-09-14 00:37:35
2026-09-14 00:29:31,ENSP101,0101,Annette Spivy,25,0,0,2026-09-14 00:37:38
2026-09-14 00:29:31,ENSP101,0102,Annette Spivy,24,0,0,2026-09-14 00:37:38
2026-09-14 00:29:31,ENSP101,0103,Annette Spivy,24,2,0,2026-09-14 00:37:38
2026-09-14 00:29:31,ENSP101,0104,Annette Spivy,24,1,0,2026-09-14 00:37:38
2026-09-14 00:29:31,ENSP101,0105,Annette Spivy,25,1,0,2026-09-14 00:37:38
2026-09-14 00:29:31,ENSP101,0106,Annette Spivy,24,0,0,2026-09-14 00:37:38
2026-09-14 00:29:31,ENSP101,0107,Annette Spivy,24,0,0,2026-09-14 00:37:38
2026-09-14 00:29:31,ENSP101,FC01,Annette Spivy,32,1,0,2026-09-14 00:37:38
2026-09-14 00:29:31,ENSP305,0101,Annette Spivy,23,0,1,2026-09-14 00:37:38
2026-09-14 00:29:31,ENSP330,0101,Joanna Goger,35,0,0,2026-09-14 00:37:39
2026-09-14 00:29:31,ENSP340,0101,Caroline Boules,25,0,0,2026-09-14 00:37:39
2026-09-14 00:29:31,ENSP360,0101,Leena Malayil,25,0,4,2026-09-14 00:37:39
2026-09-14 00:29:31,ENSP399R,0601,Annette Spivy,10,10,0,2026-09-14 00:37:40
2026-09-14 00:29:31,ENSP399R,1001,Jennifer Mullinax,10,10,0,2026-09-14 00:37:40
2026-09-14 00:29:31,ENSP400,0101,Joanna Goger,35,13,0,2026-09-14 00:37:40
2026-09-14 00:29:31,ENSP400,0102,Joanna Goger,35,11,0,2026-09-14 00:37:40
2026-09-14 00:29:31,ENVH121,FC01,Brienna Anderson,20,12,0,2026-09-14 00:37:56
2026-09-14 00:29:31,ENVH381,0101,Donald Milton,30,10,0,2026-09-14 00:37:56
2026-09-14 00:29:31,FGSM310,0101,Peter Owen,24,1,0,2026-09-14 00:38:01
2026-09-14 00:29:31,FGSM315,0101,Emily Shetty,22,0,0,2026-09-14 00:38:01
2026-09-14 00:29:31,FGSM320,0101,Woodie Kessel,24,2,0,2026-09-14 00:38:01
2026-09-14 00:29:31,FGSM325,0101,Rob Long,20,1,0,2026-09-14 00:38:02
2026-09-14 00:29:31,FGSM330,0101,Andrew Fausett,22,2,0,2026-09-14 00:38:02
2026-09-14 00:29:31,FGSM340,0101,Ed Fendley,22,1,0,2026-09-14 00:38:02
2026-09-14 00:29:31,FGSM350,0101,Sean Misko,22,1,0,2026-09-14 00:38:03
2026-09-14 00:29:31,FGSM355,0101,Amanda Schoch,20,0,0,2026-09-14 00:38:03
2026-09-14 00:29:31,FGSM360,0101,Nadia Farra,21,0,0,2026-09-14 00:38:03
2026-09-14 00:29:31,FGSM365,0101,Andrew Nissen,20,2,0,2026-09-14 00:38:04
2026-09-14 00:29:31,FGSM370,0101,Joshua Glasser,20,0,0,2026-09-14 00:38:04
2026-09-14 00:29:31,FGSM390,0101,Sasha Koo-Oshima,20,3,0,2026-09-14 00:38:04
2026-09-14 00:29:31,FGSM398,0101,Jayakumar Arasan,25,21,0,2026-09-14 00:38:05
2026-09-14 00:29:31,FGSM398,0201,Jayakumar Arasan,5,2,0,2026-09-14 00:38:05
2026-09-14 00:29:31,FIRE120,0101,Jessica O'Hara,36,0,0,2026-09-14 00:38:06
2026-09-14 00:29:31,FIRE120,0102,Shannon Hilton,36,7,0,2026-09-14 00:38:06
2026-09-14 00:29:31,FIRE120,0103,Jaclyn Bruner,36,2,0,2026-09-14 00:38:06
2026-09-14 00:29:31,FIRE120,0104,Danielle Niu,36,0,0,2026-09-14 00:38:06
2026-09-14 00:29:31,FIRE120,0105,Cherisse Hall,36,0,0,2026-09-14 00:38:06
2026-09-14 00:29:31,FIRE120,0106,Sara Strey,36,0,0,2026-09-14 00:38:06
2026-09-14 00:29:31,FIRE120,0107,Helene Nguemgaing,36,1,0,2026-09-14 00:38:06
2026-09-14 00:29:31,FIRE120,0108,Mary Chey,36,0,0,2026-09-14 00:38:06
2026-09-14 00:29:31,FIRE120,0109,Shannon Hilton,36,0,0,2026-09-14 00:38:06
2026-09-14 00:29:31,FIRE120,0110,Lena Johnson,36,0,0,2026-09-14 00:38:06
2026-09-14 00:29:31,FIRE120,0111,Benjamin Huffman,36,0,0,2026-09-14 00:38:06
2026-09-14 00:29:31,FIRE120,0112,Mary Chey,36,1,0,2026-09-14 00:38:06
2026-09-14 00:29:31,FIRE120,0113,Elizabeth Massey,36,8,0,2026-09-14 00:38:06
2026-09-14 00:29:31,FIRE120,0114,Benjamin Huffman,36,0,0,2026-09-14 00:38:06
2026-09-14 00:29:31,FIRE120,FC01,Danielle Niu,40,0,7,2026-09-14 00:38:06
2026-09-14 00:29:31,FIRE298,0101,Catherine Spirito,28,3,0,2026-09-14 00:38:07
2026-09-14 00:29:31,FIRE298,0103,Cherisse Hall,36,7,0,2026-09-14 00:38:07
2026-09-14 00:29:31,FIRE298,0104,Jessica O'Hara,36,4,0,2026-09-14 00:38:07
2026-09-14 00:29:31,FIRE298,0105,Kaylee Bloom,36,7,0,2026-09-14 00:38:07
2026-09-14 00:29:31,FIRE298,0106,Danielle Niu,36,16,0,2026-09-14 00:38:07
2026-09-14 00:29:31,FIRE298,0107,Benjamin Huffman,40,1,0,2026-09-14 00:38:07
2026-09-14 00:29:31,FIRE298,0108,Elizabeth Massey,40,14,0,2026-09-14 00:38:07
2026-09-14 00:29:31,FIRE298,0109,Shannon Hilton,40,6,0,2026-09-14 00:38:07
2026-09-14 00:29:31,FIRE298,0110,Jaclyn Bruner,40,19,0,2026-09-14 00:38:07
2026-09-14 00:29:31,FIRE298,0111,Mary Chey,36,4,0,2026-09-14 00:38:07
2026-09-14 00:29:31,FIRE298,0112,Helene Nguemgaing,40,16,0,2026-09-14 00:38:07
2026-09-14 00:29:31,FIRE298,0113,Kristina Kramarczuk,40,11,0,2026-09-14 00:38:07
2026-09-14 00:29:31,FIRE298,0114,Shabnam Jabeen,40,22,0,2026-09-14 00:38:07
2026-09-14 00:29:31,FIRE298,0115,Sara Strey,40,14,0,2026-09-14 00:38:07
2026-09-14 00:29:31,FIRE298,0116,Lena Johnson,40,5,0,2026-09-14 00:38:07
2026-09-14 00:29:31,FIRE398,0101,Catherine Spirito,15,2,0,2026-09-14 00:38:07
2026-09-14 00:29:31,FIRE398,0103,Cherisse Hall,15,5,0,2026-09-14 00:38:07
2026-09-14 00:29:31,FIRE398,0104,Jessica O'Hara,15,1,0,2026-09-14 00:38:07
2026-09-14 00:29:31,FIRE398,0105,Kaylee Bloom,15,2,0,2026-09-14 00:38:07
2026-09-14 00:29:31,FIRE398,0106,Danielle Niu,15,10,0,2026-09-14 00:38:07
2026-09-14 00:29:31,FIRE398,0107,Benjamin Huffman,15,3,0,2026-09-14 00:38:07
2026-09-14 00:29:31,FIRE398,0108,Elizabeth Massey,15,6,0,2026-09-14 00:38:07
2026-09-14 00:29:31,FIRE398,0109,Shannon Hilton,15,6,0,2026-09-14 00:38:07
2026-09-14 00:29:31,FIRE398,0110,Jaclyn Bruner,15,9,0,2026-09-14 00:38:07
2026-09-14 00:29:31,FIRE398,0111,Mary Chey,15,3,0,2026-09-14 00:38:07
2026-09-14 00:29:31,FIRE398,0112,Helene Nguemgaing,15,15,0,2026-09-14 00:38:07
2026-09-14 00:29:31,FIRE398,0113,Kristina Kramarczuk,15,8,0,2026-09-14 00:38:07
2026-09-14 00:29:31,FIRE398,0114,Shabnam Jabeen,15,15,0,2026-09-14 00:38:07
2026-09-14 00:29:31,FIRE398,0115,Sara Strey,15,14,0,2026-09-14 00:38:07
2026-09-14 00:29:31,FIRE398,0116,Lena Johnson,15,11,0,2026-09-14 00:38:07
2026-09-14 00:29:31,GBHL200,0101,Hassanatu Blake,30,0,1,2026-09-14 00:38:28
2026-09-14 00:29:31,GBHL200,FC01,Zandra Andre,25,3,0,2026-09-14 00:38:28
2026-09-14 00:29:31,GBHL210,0101,Leena Malayil,25,8,0,2026-09-14 00:38:28
2026-09-14 00:29:31,GEMS101,0101,Allison Lansverk,10,1,0,2026-09-14 00:38:31
2026-09-14 00:29:31,GEMS101,0103,Allison Lansverk,10,0,0,2026-09-14 00:38:31
2026-09-14 00:29:31,GEMS101,0104,Allison Lansverk,10,0,0,2026-09-14 00:38:31
2026-09-14 00:29:31,GEMS101,0105,Allison Lansverk,10,0,0,2026-09-14 00:38:31
2026-09-14 00:29:31,GEMS101,0106,Allison Lansverk,10,0,0,2026-09-14 00:38:31
2026-09-14 00:29:31,GEMS101,0107,Allison Lansverk,10,0,0,2026-09-14 00:38:31
2026-09-14 00:29:31,GEMS101,0109,Allison Lansverk,10,0,0,2026-09-14 00:38:31
2026-09-14 00:29:31,GEMS101,0111,Allison Lansverk,10,0,0,2026-09-14 00:38:31
2026-09-14 00:29:31,GEMS101,0113,Allison Lansverk,10,0,0,2026-09-14 00:38:31
2026-09-14 00:29:31,GEMS101,0114,Allison Lansverk,10,0,0,2026-09-14 00:38:31
2026-09-14 00:29:31,GEMS202,0101,Allison Lansverk,168,43,0,2026-09-14 00:38:31
2026-09-14 00:29:31,GEMS208A,0101,Allison Lansverk,14,14,0,2026-09-14 00:38:32
2026-09-14 00:29:31,GEMS208B,0101,Allison Lansverk,14,14,0,2026-09-14 00:38:32
2026-09-14 00:29:31,GEMS208C,0101,Allison Lansverk,23,10,0,2026-09-14 00:38:32
2026-09-14 00:29:31,GEMS208D,0101,Allison Lansverk,10,9,0,2026-09-14 00:38:33
2026-09-14 00:29:31,GEMS208P,0101,Allison Lansverk,20,4,0,2026-09-14 00:38:33
2026-09-14 00:29:31,GEMS296,0101,Sehrish Shikarpurya,14,6,0,2026-09-14 00:38:33
2026-09-14 00:29:31,GEMS296,0102,David Lovell,14,1,0,2026-09-14 00:38:33
2026-09-14 00:29:31,GEMS296,0103,Myles Poulin,14,1,0,2026-09-14 00:38:33
2026-09-14 00:29:31,GEMS296,0104,Raymond Adomaitis,14,3,0,2026-09-14 00:38:33
2026-09-14 00:29:31,GEMS296,0105,Rodolphe Gentili,14,4,0,2026-09-14 00:38:33
2026-09-14 00:29:31,GEMS296,0106,Jared Grauer,14,6,0,2026-09-14 00:38:33
2026-09-14 00:29:31,GEMS296,0107,Fengfeng Ke,14,4,0,2026-09-14 00:38:33
2026-09-14 00:29:31,GEMS296,0108,Eric Silk,14,4,0,2026-09-14 00:38:33
2026-09-14 00:29:31,GEMS296,0109,Huang Chiao Huang,14,1,0,2026-09-14 00:38:33
2026-09-14 00:29:31,GEMS296,0110,Mengqiang Zhu,14,6,0,2026-09-14 00:38:33
2026-09-14 00:29:31,GEMS296,0111,Maria Molina,14,6,0,2026-09-14 00:38:33
2026-09-14 00:29:31,GEMS296,0112,Erin Tran,14,1,0,2026-09-14 00:38:33
2026-09-14 00:29:31,GEMS296,0113,Instructor: TBA,5,5,0,2026-09-14 00:38:33
2026-09-14 00:29:31,GEMS296,0114,Instructor: TBA,14,14,0,2026-09-14 00:38:33
2026-09-14 00:29:31,GEMS296,0115,David Lovell,5,5,0,2026-09-14 00:38:33
2026-09-14 00:29:31,GEMS297,0113,Instructor: TBA,5,5,0,2026-09-14 00:38:34
2026-09-14 00:29:31,GEMS396,0101,Michael Humber,14,7,0,2026-09-14 00:38:34
2026-09-14 00:29:31,GEMS396,0102,Seth Dickey,14,2,0,2026-09-14 00:38:34
2026-09-14 00:29:31,GEMS396,0103,Cecilia Huertas Cerdeira,14,7,0,2026-09-14 00:38:34
2026-09-14 00:29:31,GEMS396,0104,Rodolphe Gentili,14,2,0,2026-09-14 00:38:34
2026-09-14 00:29:31,GEMS396,0105,Allison Reilly,14,5,0,2026-09-14 00:38:34
2026-09-14 00:29:31,GEMS396,0106,Peter Sunderland,14,5,0,2026-09-14 00:38:34
2026-09-14 00:29:31,GEMS396,0107,Brett Lacey,14,8,0,2026-09-14 00:38:34
2026-09-14 00:29:31,GEMS396,0108,Natalia Buzulukova,14,4,0,2026-09-14 00:38:34
2026-09-14 00:29:31,GEMS396,0109,Anil Deane,14,4,0,2026-09-14 00:38:34
2026-09-14 00:29:31,GEMS396,0110,Colenso Speer,14,3,0,2026-09-14 00:38:34
2026-09-14 00:29:31,GEMS396,0111,Instructor: TBA,14,14,0,2026-09-14 00:38:34
2026-09-14 00:29:31,GEMS396,0112,Instructor: TBA,14,14,0,2026-09-14 00:38:34
2026-09-14 00:29:31,GEMS396,0113,David Lovell,5,5,0,2026-09-14 00:38:34
2026-09-14 00:29:31,GEMS396,0114,David Lovell,5,5,0,2026-09-14 00:38:34
2026-09-14 00:29:31,GEMS397,0113,David Lovell,5,4,0,2026-09-14 00:38:34
2026-09-14 00:29:31,GEMS496,0101,Eric Haag,14,8,0,2026-09-14 00:38:35
2026-09-14 00:29:31,GEMS496,0102,Mohammad Nayeem Teli,14,10,0,2026-09-14 00:38:35
2026-09-14 00:29:31,GEMS496,0103,Norberto Gonzalez- Juarbe,14,4,0,2026-09-14 00:38:35
2026-09-14 00:29:31,GEMS496,0104,Abhinav Shrivastava,14,6,0,2026-09-14 00:38:35
2026-09-14 00:29:31,GEMS496,0105,Hector Alcala,14,4,0,2026-09-14 00:38:35
2026-09-14 00:29:31,GEMS496,0106,Massimo Ricotti,14,4,0,2026-09-14 00:38:35
2026-09-14 00:29:31,GEMS496,0107,Reza Ghodssi,14,7,0,2026-09-14 00:38:35
2026-09-14 00:29:31,GEMS496,0108,Nikhil Chopra,14,8,0,2026-09-14 00:38:35
2026-09-14 00:29:31,GEMS496,0109,Kimberly Stroka,14,4,0,2026-09-14 00:38:35
2026-09-14 00:29:31,GEMS496,0110,Gorjan Alagic,14,13,0,2026-09-14 00:38:35
2026-09-14 00:29:31,GEMS496,0111,Alisa Clyne,14,6,0,2026-09-14 00:38:35
2026-09-14 00:29:31,GEMS496,0112,Xin Zan,14,10,0,2026-09-14 00:38:35
2026-09-14 00:29:31,GEMS496,0113,Erin Tran,14,14,0,2026-09-14 00:38:35
2026-09-14 00:29:31,GEMS496,0114,David Lovell,5,5,0,2026-09-14 00:38:35
2026-09-14 00:29:31,GEMS497,0107,Instructor: TBA,14,14,0,2026-09-14 00:38:35
2026-09-14 00:29:31,GEMS497,0110,Instructor: TBA,5,5,0,2026-09-14 00:38:35
2026-09-14 00:29:31,GEMS497,0113,David Lovell,5,5,0,2026-09-14 00:38:35
2026-09-14 00:29:31,GFPL100,0101,Joshua Itzkowitz Shifrinson,20,0,0,2026-09-14 00:38:58
2026-09-14 00:29:31,GFPL100,0102,Joshua Itzkowitz Shifrinson,20,0,0,2026-09-14 00:38:58
2026-09-14 00:29:31,GFPL100,0103,Joshua Itzkowitz Shifrinson,20,1,0,2026-09-14 00:38:58
2026-09-14 00:29:31,GFPL100,0104,Joshua Itzkowitz Shifrinson,20,0,0,2026-09-14 00:38:58
2026-09-14 00:29:31,GFPL100,0105,Joshua Itzkowitz Shifrinson,20,1,0,2026-09-14 00:38:58
2026-09-14 00:29:31,GFPL100,0106,Joshua Itzkowitz Shifrinson,25,2,0,2026-09-14 00:38:58
2026-09-14 00:29:31,GFPL100,FC01,Devin Entrikin,30,0,0,2026-09-14 00:38:58
2026-09-14 00:29:31,GFPL102,0101,Caroline Ritter,95,33,0,2026-09-14 00:38:58
2026-09-14 00:29:31,GFPL371,0101,Joshua Itzkowitz Shifrinson,35,0,0,2026-09-14 00:38:58
2026-09-14 00:29:31,GFPL388A,0101,Shannon Carcelli,5,5,0,2026-09-14 00:38:59
2026-09-14 00:29:31,GFPL388B,0101,Hyunki Kim,5,5,0,2026-09-14 00:38:59
2026-09-14 00:29:31,GFPL388C,0101,Scott Kastner,5,0,0,2026-09-14 00:38:59
2026-09-14 00:29:31,GFPL390,0101,Lena Andrews,20,0,0,2026-09-14 00:39:00
2026-09-14 00:29:31,GFPL490,0101,Michael Woldemariam,15,2,0,2026-09-14 00:39:00
2026-09-14 00:29:31,GFPL492,0101,Steve Fetter,20,1,0,2026-09-14 00:39:00
2026-09-14 00:29:31,GLBC200,0101,Chris Lewis,30,4,0,2026-09-14 00:39:02
2026-09-14 00:29:31,GLBC350,0101,Michele Mason,30,27,0,2026-09-14 00:39:03
2026-09-14 00:29:31,HACS100,0101,Cassie Harrington,40,1,0,2026-09-14 00:39:17
2026-09-14 00:29:31,HACS100,0201,Cassie Harrington,40,15,0,2026-09-14 00:39:17
2026-09-14 00:29:31,HACS200,0101,Michel Cukier,34,10,0,2026-09-14 00:39:17
2026-09-14 00:29:31,HACS200,0201,Michel Cukier,34,1,0,2026-09-14 00:39:17
2026-09-14 00:29:31,HACS202,0101,Bertrand Sobesto,52,19,0,2026-09-14 00:39:18
2026-09-14 00:29:31,HACS208A,0101,Lawrence Gordon,20,0,2,2026-09-14 00:39:18
2026-09-14 00:29:31,HACS208C,0101,Lamia Zia,26,9,0,2026-09-14 00:39:18
2026-09-14 00:29:31,HACS208P,0101,Charles Harry,26,0,0,2026-09-14 00:39:19
2026-09-14 00:29:31,HACS297,0101,Sarah Herberger,25,5,0,2026-09-14 00:39:20
2026-09-14 00:29:31,HACS408E,0101,Luke Mains,30,10,0,2026-09-14 00:39:20
2026-09-14 00:29:31,HACS408L,0101,Ian Serbin,30,2,0,2026-09-14 00:39:20
2026-09-14 00:29:31,HACS408M,0101,John McGahagan,30,0,0,2026-09-14 00:39:21
2026-09-14 00:29:31,HACS498,0101,Thomas Woods,7,1,0,2026-09-14 00:39:21
2026-09-14 00:29:31,HACS498,0201,David Trott,9,0,0,2026-09-14 00:39:21
2026-09-14 00:29:31,HACS498,0301,Michel Cukier,8,0,0,2026-09-14 00:39:21
2026-09-14 00:29:31,HBUS100,0101,Jui Ramaprasad,72,4,0,2026-09-14 00:39:23
2026-09-14 00:29:31,HBUS200,0101,Nicole Coomber,60,1,0,2026-09-14 00:39:23
2026-09-14 00:29:31,HDCC105,0101,Antwon Key,70,7,0,2026-09-14 00:39:25
2026-09-14 00:29:31,HDCC201,0101,Jessica Lu,22,0,0,2026-09-14 00:39:25
2026-09-14 00:29:31,HDCC201,0201,Jessica Lu,22,0,0,2026-09-14 00:39:25
2026-09-14 00:29:31,HDCC201,0301,Jessica Lu,22,3,0,2026-09-14 00:39:25
2026-09-14 00:29:31,HDCC208A,0101,William Evans,14,0,0,2026-09-14 00:39:25
2026-09-14 00:29:31,HDCC208J,0101,Grant Bollmer,14,0,0,2026-09-14 00:39:26
2026-09-14 00:29:31,HDCC208P,0101,Cliff Bakalian,14,1,0,2026-09-14 00:39:26
2026-09-14 00:29:31,HDCC208T,0101,Jonathan Reyes,14,0,0,2026-09-14 00:39:26
2026-09-14 00:29:31,HDCC208Z,0101,M Sauter,14,7,0,2026-09-14 00:39:27
2026-09-14 00:29:31,HEBR106,0101,Avital Karpman,15,2,0,2026-09-14 00:39:29
2026-09-14 00:29:31,HEBR106,0201,Avital Karpman,15,5,0,2026-09-14 00:39:29
2026-09-14 00:29:31,HEBR206,0101,Avital Karpman,15,4,0,2026-09-14 00:39:29
2026-09-14 00:29:31,HEBR249C,0101,Aliza Sandalon,15,0,1,2026-09-14 00:39:29
2026-09-14 00:29:31,HEBR298B,0101,Matthew Suriano,25,1,0,2026-09-14 00:39:30
2026-09-14 00:29:31,HEBR313,0101,Aliza Sandalon,20,0,2,2026-09-14 00:39:30
2026-09-14 00:29:31,HGLO100,0101,Alfredo Oliveira,22,7,0,2026-09-14 00:39:46
2026-09-14 00:29:31,HGLO100,0102,Natalie Vinski Ibrahim,22,9,0,2026-09-14 00:39:46
2026-09-14 00:29:31,HGLO100,0103,Natalie Vinski Ibrahim,22,1,0,2026-09-14 00:39:46
2026-09-14 00:29:31,HGLO100,0104,Alfredo Oliveira,22,11,0,2026-09-14 00:39:46
2026-09-14 00:29:31,HGLO101,0101,Sarah Croco,23,3,0,2026-09-14 00:39:46
2026-09-14 00:29:31,HGLO101,0102,Sarah Croco,22,9,0,2026-09-14 00:39:46
2026-09-14 00:29:31,HGLO101,0103,Sarah Croco,22,5,0,2026-09-14 00:39:46
2026-09-14 00:29:31,HGLO101,0104,Sarah Croco,22,13,0,2026-09-14 00:39:46
2026-09-14 00:29:31,HGLO207,0101,Natalie Vinski Ibrahim,25,12,0,2026-09-14 00:39:46
2026-09-14 00:29:31,HGLO208,0101,Alfredo Oliveira,45,25,0,2026-09-14 00:39:47
2026-09-14 00:29:31,HGLO298,0101,Jordan Gouws-Dewar,30,25,0,2026-09-14 00:39:47
2026-09-14 00:29:31,HLSC100,0101,Jalah Townsend,24,3,0,2026-09-14 00:40:25
2026-09-14 00:29:31,HLSC100,0102,Jalah Townsend,24,2,0,2026-09-14 00:40:25
2026-09-14 00:29:31,HLSC100,0103,Jalah Townsend,24,4,0,2026-09-14 00:40:25
2026-09-14 00:29:31,HLSC100,0104,Jalah Townsend,24,7,0,2026-09-14 00:40:25
2026-09-14 00:29:31,HLSC280,0101,Najib El-Sayed,25,3,0,2026-09-14 00:40:25
2026-09-14 00:29:31,HLSC280,0102,Najib El-Sayed,25,4,0,2026-09-14 00:40:25
2026-09-14 00:29:31,HLSC280,0103,Najib El-Sayed,25,4,0,2026-09-14 00:40:25
2026-09-14 00:29:31,HLSC280,0104,Najib El-Sayed,25,9,0,2026-09-14 00:40:25
2026-09-14 00:29:31,HLSC329,0101,Sabrina Kramer,12,4,0,2026-09-14 00:40:25
2026-09-14 00:29:31,HNUH100,0101,Robert Graham,20,3,0,2026-09-14 00:40:41
2026-09-14 00:29:31,HNUH100,0102,Robert Graham,20,0,0,2026-09-14 00:40:41
2026-09-14 00:29:31,HNUH100,0103,Brittany Proudfoot Ginder,20,1,0,2026-09-14 00:40:41
2026-09-14 00:29:31,HNUH100,0104,Max Barnewitz,20,1,0,2026-09-14 00:40:41
2026-09-14 00:29:31,HNUH100,0105,Vasfiye Toprak,20,0,0,2026-09-14 00:40:41
2026-09-14 00:29:31,HNUH100,0106,Vasfiye Toprak,20,2,0,2026-09-14 00:40:41
2026-09-14 00:29:31,HNUH100,0201,Max Barnewitz,20,1,0,2026-09-14 00:40:41
2026-09-14 00:29:31,HNUH100,0202,Max Barnewitz,20,0,0,2026-09-14 00:40:41
2026-09-14 00:29:31,HNUH100,0203,Vasfiye Toprak,20,2,0,2026-09-14 00:40:41
2026-09-14 00:29:31,HNUH100,0204,Vasfiye Toprak,20,0,0,2026-09-14 00:40:41
2026-09-14 00:29:31,HNUH100,0205,Ayondela McDole,20,4,0,2026-09-14 00:40:41
2026-09-14 00:29:31,HNUH100,0206,Ayondela McDole,20,0,0,2026-09-14 00:40:41
2026-09-14 00:29:31,HNUH100,0301,Robert Graham,20,0,0,2026-09-14 00:40:41
2026-09-14 00:29:31,HNUH100,0302,Shauna Rigaud,20,8,0,2026-09-14 00:40:41
2026-09-14 00:29:31,HNUH100,0303,Shauna Rigaud,20,0,0,2026-09-14 00:40:41
2026-09-14 00:29:31,HNUH100,0304,Max Barnewitz,20,3,0,2026-09-14 00:40:41
2026-09-14 00:29:31,HNUH100,0305,Vasfiye Toprak,20,0,0,2026-09-14 00:40:41
2026-09-14 00:29:31,HNUH100,0306,Vasfiye Toprak,20,1,0,2026-09-14 00:40:41
2026-09-14 00:29:31,HNUH100,0401,Gretchen Bella,20,0,0,2026-09-14 00:40:41
2026-09-14 00:29:31,HNUH100,0402,Gretchen Bella,20,6,0,2026-09-14 00:40:41
2026-09-14 00:29:31,HNUH100,0403,Max Barnewitz,20,1,0,2026-09-14 00:40:41
2026-09-14 00:29:31,HNUH100,0404,Ayondela McDole,20,6,0,2026-09-14 00:40:41
2026-09-14 00:29:31,HNUH100,0405,Ayondela McDole,20,0,0,2026-09-14 00:40:41
2026-09-14 00:29:31,HNUH100,0406,Ayondela McDole,20,4,0,2026-09-14 00:40:41
2026-09-14 00:29:31,HNUH100,0501,Leigha McReynolds,10,4,0,2026-09-14 00:40:41
2026-09-14 00:29:31,HNUH100,0601,Brittany Proudfoot Ginder,20,0,0,2026-09-14 00:40:41
2026-09-14 00:29:31,HNUH218D,0101,Brian Gilmore,48,0,2,2026-09-14 00:40:41
2026-09-14 00:29:31,HNUH218L,0101,Shauna Rigaud,20,0,0,2026-09-14 00:40:42
2026-09-14 00:29:31,HNUH218L,0201,Shauna Rigaud,20,0,0,2026-09-14 00:40:42
2026-09-14 00:29:31,HNUH228D,0101,Matthew McLaughlin,60,2,0,2026-09-14 00:40:42
2026-09-14 00:29:31,HNUH228L,0101,Alena Wigodner,20,0,0,2026-09-14 00:40:42
2026-09-14 00:29:31,HNUH228L,0201,Alena Wigodner,20,0,0,2026-09-14 00:40:42
2026-09-14 00:29:31,HNUH228N,0101,Peter Grybauskas,20,0,0,2026-09-14 00:40:43
2026-09-14 00:29:31,HNUH229I,0101,Gretchen Bella,23,3,0,2026-09-14 00:40:43
2026-09-14 00:29:31,HNUH238D,0101,Susan Moeller,60,3,0,2026-09-14 00:40:43
2026-09-14 00:29:31,HNUH238L,0101,Kimberly Johnson,20,2,0,2026-09-14 00:40:44
2026-09-14 00:29:31,HNUH238L,0201,Kimberly Johnson,20,0,0,2026-09-14 00:40:44
2026-09-14 00:29:31,HNUH238N,0101,Hannah Wegmann,20,6,0,2026-09-14 00:40:44
2026-09-14 00:29:31,HNUH239T,0101,Gerald Suarez,20,0,0,2026-09-14 00:40:44
2026-09-14 00:29:31,HNUH248D,0101,Juan Uriagereka,45,3,0,2026-09-14 00:40:45
2026-09-14 00:29:31,HNUH248L,0201,Robert Graham,20,5,0,2026-09-14 00:40:45
2026-09-14 00:29:31,HNUH248M,0101,Hassanatu Blake,20,13,0,2026-09-14 00:40:45
2026-09-14 00:29:31,HNUH248N,0101,Siv Lie,20,0,1,2026-09-14 00:40:46
2026-09-14 00:29:31,HNUH249P,0101,Temim Nusraty,20,2,0,2026-09-14 00:40:46
2026-09-14 00:29:31,HNUH258C,0101,Bill Fagan,55,26,0,2026-09-14 00:40:46
2026-09-14 00:29:31,HNUH258Q,0101,Tiara Thomas,20,1,0,2026-09-14 00:40:47
2026-09-14 00:29:31,HNUH259P,0101,Hooman Koliji,20,2,0,2026-09-14 00:40:47
2026-09-14 00:29:31,HNUH268C,0101,Perla Guerrero,60,35,0,2026-09-14 00:40:47
2026-09-14 00:29:31,HNUH269P,0101,Marisa Franco,20,0,1,2026-09-14 00:40:48
2026-09-14 00:29:31,HNUH278C,0101,Chinyere Osuji,60,37,0,2026-09-14 00:40:48
2026-09-14 00:29:31,HNUH278I,0101,Marisa Franco,20,5,0,2026-09-14 00:40:48
2026-09-14 00:29:31,HNUH278I,0102,Marisa Franco,20,1,0,2026-09-14 00:40:48
2026-09-14 00:29:31,HNUH278R,0101,Max Barnewitz,20,4,0,2026-09-14 00:40:48
2026-09-14 00:29:31,HNUH288C,0101,Julia Steinberg,30,3,0,2026-09-14 00:40:49
2026-09-14 00:29:31,HNUH288C,0103,Julia Steinberg,30,9,0,2026-09-14 00:40:49
2026-09-14 00:29:31,HNUH288O,0101,Ariana Nash,20,1,0,2026-09-14 00:40:49
2026-09-14 00:29:31,HNUH300,0301,Vasfiye Toprak,20,0,0,2026-09-14 00:40:49
2026-09-14 00:29:31,HNUH300,0401,Robert Graham,20,0,0,2026-09-14 00:40:49
2026-09-14 00:29:31,HNUH300,0601,Alena Wigodner,20,0,0,2026-09-14 00:40:49
2026-09-14 00:29:31,HNUH300,0701,Ingrid Satelmajer,20,14,0,2026-09-14 00:40:49
2026-09-14 00:29:31,HNUH300,0801,Shauna Rigaud,20,0,0,2026-09-14 00:40:49
2026-09-14 00:29:31,HNUH300,0901,Kimberly Johnson,20,4,0,2026-09-14 00:40:49
2026-09-14 00:29:31,HNUH300,1001,Ingrid Satelmajer,20,13,0,2026-09-14 00:40:49
2026-09-14 00:29:31,HNUH318T,0101,Peter Owen,24,1,0,2026-09-14 00:40:50
2026-09-14 00:29:31,HNUH319T,0101,Emily Shetty,22,0,0,2026-09-14 00:40:50
2026-09-14 00:29:31,HNUH328T,0101,Woodie Kessel,24,2,0,2026-09-14 00:40:50
2026-09-14 00:29:31,HNUH329T,0101,Rob Long,20,1,0,2026-09-14 00:40:51
2026-09-14 00:29:31,HNUH338T,0101,Andrew Fausett,22,2,0,2026-09-14 00:40:51
2026-09-14 00:29:31,HNUH348T,0101,Ed Fendley,22,1,0,2026-09-14 00:40:51
2026-09-14 00:29:31,HNUH358T,0101,Sean Misko,22,1,0,2026-09-14 00:40:52
2026-09-14 00:29:31,HNUH359T,0101,Amanda Schoch,20,0,0,2026-09-14 00:40:52
2026-09-14 00:29:31,HNUH368T,0101,Nadia Farra,21,0,0,2026-09-14 00:40:52
2026-09-14 00:29:31,HNUH369T,0101,Andrew Nissen,20,2,0,2026-09-14 00:40:53
2026-09-14 00:29:31,HNUH378T,0101,Joshua Glasser,20,0,0,2026-09-14 00:40:53
2026-09-14 00:29:31,HNUH398P,0101,Jayakumar Arasan,25,21,0,2026-09-14 00:40:53
2026-09-14 00:29:31,HNUH398P,0201,Jayakumar Arasan,5,2,0,2026-09-14 00:40:53
2026-09-14 00:29:31,HNUH398T,0101,Sasha Koo-Oshima,20,3,0,2026-09-14 00:40:54
2026-09-14 00:29:31,HONR368A,0101,Blake Wilder,22,1,0,2026-09-14 00:40:55
2026-09-14 00:29:31,IMDM101,0101,Mollye Bendell,30,16,0,2026-09-14 00:41:00
2026-09-14 00:29:31,IMDM101,0201,Myungin Lee,30,17,0,2026-09-14 00:41:00
2026-09-14 00:29:31,IMDM101,0301,Myungin Lee,30,23,0,2026-09-14 00:41:00
2026-09-14 00:29:31,IMDM127,0101,Roger Eastman,36,20,0,2026-09-14 00:41:00
2026-09-14 00:29:31,IMDM150,0101,Stefano Passeri,30,15,0,2026-09-14 00:41:01
2026-09-14 00:29:31,IMDM227,0101,Stevens Miller,30,2,0,2026-09-14 00:41:01
2026-09-14 00:29:31,IMDM227,0201,Stevens Miller,30,17,0,2026-09-14 00:41:01
2026-09-14 00:29:31,IMDM327,0101,Myungin Lee,25,0,0,2026-09-14 00:41:01
2026-09-14 00:29:31,IMDM350,0101,Jason Farman,29,12,0,2026-09-14 00:41:02
2026-09-14 00:29:31,IMDM490,0101,Matthew Nolan,30,0,0,2026-09-14 00:41:03
2026-09-14 00:29:31,IMDM490,0201,Matthew Nolan,30,16,0,2026-09-14 00:41:03
2026-09-14 00:29:31,IMDM498K,0101,Matthew Nolan,15,1,0,2026-09-14 00:41:03
2026-09-14 00:29:31,IMMR319D,0101,Beka Guluma,20,13,0,2026-09-14 00:41:05
2026-09-14 00:29:31,IMMR394,0101,Wenxi Yang,30,1,0,2026-09-14 00:41:05
2026-09-14 00:29:31,IMMR399,0101,Instructor: TBA,2,2,0,2026-09-14 00:41:05
2026-09-14 00:29:31,IMMR400,0101,Gerson Rosales,20,3,0,2026-09-14 00:41:06
2026-09-14 00:29:31,ISRL249J,0101,Aner Tal,30,24,0,2026-09-14 00:41:18
2026-09-14 00:29:31,ISRL249M,0101,Aliza Sandalon,15,0,1,2026-09-14 00:41:19
2026-09-14 00:29:31,ISRL283,0101,Shay Hazkani,35,6,0,2026-09-14 00:41:19
2026-09-14 00:29:31,ISRL349G,0101,Marwa Maziad,30,1,0,2026-09-14 00:41:19
2026-09-14 00:29:31,ISRL349K,0101,Regev Ben-David,30,24,0,2026-09-14 00:41:20
2026-09-14 00:29:31,ISRL349T,0101,Elli Lieberman,35,23,0,2026-09-14 00:41:20
2026-09-14 00:29:31,ISRL349Y,0101,Adina Friedman,35,27,0,2026-09-14 00:41:20
2026-09-14 00:29:31,ISRL382,0101,Ilai Saltzman,35,1,0,2026-09-14 00:41:21
2026-09-14 00:29:31,ISRL448R,0101,Morad Elsana,25,10,0,2026-09-14 00:41:21
2026-09-14 00:29:31,ITAL103,0101,Antonella D'Amario,18,14,0,2026-09-14 00:41:23
2026-09-14 00:29:31,ITAL103,0201,Antonella D'Amario,18,6,0,2026-09-14 00:41:23
2026-09-14 00:29:31,ITAL103,0301,Joseph Falvo,18,6,0,2026-09-14 00:41:23
2026-09-14 00:29:31,ITAL203,0101,Antonella D'Amario,18,9,0,2026-09-14 00:41:23
2026-09-14 00:29:31,ITAL203,0201,Antonella D'Amario,18,13,0,2026-09-14 00:41:23
2026-09-14 00:29:31,ITAL204,0101,Federica Soddu,18,14,0,2026-09-14 00:41:23
2026-09-14 00:29:31,ITAL207,0101,Mirella Vaglio,18,17,0,2026-09-14 00:41:24
2026-09-14 00:29:31,ITAL301,0101,Federica Soddu,20,11,0,2026-09-14 00:41:24
2026-09-14 00:29:31,ITAL362,0101,Federica Soddu,20,12,0,2026-09-14 00:41:25
2026-09-14 00:29:31,ITAL401,0101,Mirella Vaglio,15,12,0,2026-09-14 00:41:26
2026-09-14 00:29:31,ITAL421,0101,Joseph Falvo,25,14,0,2026-09-14 00:41:26
2026-09-14 00:29:31,ITAL478R,0101,Joseph Falvo,5,3,0,2026-09-14 00:41:26
2026-09-14 00:29:31,JAPN101,0101,Kumiko Akikawa,15,4,0,2026-09-14 00:41:28
2026-09-14 00:29:31,JAPN101,0201,Kumiko Akikawa,15,6,0,2026-09-14 00:41:28
2026-09-14 00:29:31,JAPN101,0301,Kumiko Akikawa,15,5,0,2026-09-14 00:41:28
2026-09-14 00:29:31,JAPN201,0101,Makiko Inoue,15,5,0,2026-09-14 00:41:28
2026-09-14 00:29:31,JAPN201,0201,Makiko Inoue,15,8,0,2026-09-14 00:41:28
2026-09-14 00:29:31,JAPN301,0101,Mari Hamada,15,9,0,2026-09-14 00:41:29
2026-09-14 00:29:31,JAPN311,0101,Jyana Browne,15,11,0,2026-09-14 00:41:29
2026-09-14 00:29:31,JAPN315,0101,Michele Mason,20,6,0,2026-09-14 00:41:29
2026-09-14 00:29:31,JAPN320,0101,Lindsay Yotsukura,15,8,0,2026-09-14 00:41:30
2026-09-14 00:29:31,JAPN498B,0101,Jyana Browne,20,3,0,2026-09-14 00:41:30
2026-09-14 00:29:31,KORA101,0101,Saerom Kwak,15,0,1,2026-09-14 00:42:20
2026-09-14 00:29:31,KORA101,0201,Saerom Kwak,15,1,0,2026-09-14 00:42:20
2026-09-14 00:29:31,KORA101,0301,Saerom Kwak,15,5,0,2026-09-14 00:42:20
2026-09-14 00:29:31,KORA101,0401,Saerom Kwak,15,5,0,2026-09-14 00:42:20
2026-09-14 00:29:31,KORA201,0101,Seong Minne Koh,15,4,0,2026-09-14 00:42:20
2026-09-14 00:29:31,KORA201,0201,Seong Minne Koh,15,5,0,2026-09-14 00:42:20
2026-09-14 00:29:31,KORA201,0301,Seong Minne Koh,15,8,0,2026-09-14 00:42:20
2026-09-14 00:29:31,KORA398G,0101,Instructor: TBA,10,7,0,2026-09-14 00:42:20
2026-09-14 00:29:31,KORA398W,0101,Seong Minne Koh,10,3,0,2026-09-14 00:42:21
2026-09-14 00:29:31,LEAD217,0101,Festus Ainoo,25,0,0,2026-09-14 00:42:38
2026-09-14 00:29:31,LEAD217,0201,Adrian Bitton,25,1,0,2026-09-14 00:42:38
2026-09-14 00:29:31,LEAD217,FC01,Festus Ainoo,22,0,1,2026-09-14 00:42:38
2026-09-14 00:29:31,LEAD305,0101,Anastasia Lavrenyuk,20,4,0,2026-09-14 00:42:38
2026-09-14 00:29:31,LEAD315,0101,Anastasia Lavrenyuk,25,11,0,2026-09-14 00:42:39
2026-09-14 00:29:31,LEAD320,0101,Courtney Holder,10,8,0,2026-09-14 00:42:39
2026-09-14 00:29:31,LGBT200,0201,Basanth Babu,25,0,2,2026-09-14 00:42:40
2026-09-14 00:29:31,LGBT265,0101,Tyra Griffin,30,0,0,2026-09-14 00:42:41
2026-09-14 00:29:31,LGBT265,0201,Declan Langton,30,1,0,2026-09-14 00:42:41
2026-09-14 00:29:31,LGBT359J,0101,Chris Eng,25,14,0,2026-09-14 00:42:41
2026-09-14 00:29:31,MLAW100,0101,Christine White,83,15,0,2026-09-14 00:43:31
2026-09-14 00:29:31,MLAW304,0201,Christine White,65,16,0,2026-09-14 00:43:32
2026-09-14 00:29:31,MLAW305,0101,Brian Gilmore,40,2,0,2026-09-14 00:43:32
2026-09-14 00:29:31,MLAW315,0101,Grace Benton,13,3,0,2026-09-14 00:43:32
2026-09-14 00:29:31,MLAW358Q,0101,David Cunningham,0,0,0,2026-09-14 00:43:33
2026-09-14 00:29:31,MLAW358T,0101,Christine White,25,6,0,2026-09-14 00:43:33
2026-09-14 00:29:31,MLAW358X,0101,Martin Kobren,5,0,0,2026-09-14 00:43:33
2026-09-14 00:29:31,MLAW359,0101,Brandee Pettus,10,4,0,2026-09-14 00:43:34
2026-09-14 00:29:31,MLAW378E,0101,Brandee Pettus,5,5,0,2026-09-14 00:43:34
2026-09-14 00:29:31,MLAW378K,0101,Brian Gilmore,20,1,0,2026-09-14 00:43:34
2026-09-14 00:29:31,MLAW378Q,0101,Paul Huth,2,0,0,2026-09-14 00:43:35
2026-09-14 00:29:31,MLAW378R,0101,Nancy Schertzing,13,2,0,2026-09-14 00:43:36
2026-09-14 00:29:31,MLAW388,0101,Brandee Pettus,40,20,0,2026-09-14 00:43:36
2026-09-14 00:29:31,MLSC250,FC01,William Simpson,24,5,0,2026-09-14 00:43:39
2026-09-14 00:29:31,NEUR200,0101,Ana Navarro Cebrian,80,4,0,2026-09-14 00:44:01
2026-09-14 00:29:31,NEUR200,0201,Ana Navarro Cebrian,80,0,2,2026-09-14 00:44:01
2026-09-14 00:29:31,NEUR200,0301,Evan Hart,80,0,1,2026-09-14 00:44:01
2026-09-14 00:29:31,NEUR305,0101,Amanda Chicoli,100,10,0,2026-09-14 00:44:01
2026-09-14 00:29:31,NEUR306,0101,Chan Lin,200,6,0,2026-09-14 00:44:01
2026-09-14 00:29:31,NEUR398H,0101,Nikolas Francis,20,1,0,2026-09-14 00:44:03
2026-09-14 00:29:31,NEUR405,0101,Hilary Bierman,20,1,0,2026-09-14 00:44:03
2026-09-14 00:29:31,NEUR405,0102,Hilary Bierman,20,0,0,2026-09-14 00:44:03
2026-09-14 00:29:31,NEUR405,0103,Hilary Bierman,20,0,0,2026-09-14 00:44:03
2026-09-14 00:29:31,PEER312,0101,Aleia Gardner,15,8,0,2026-09-14 00:44:18
2026-09-14 00:29:31,PEER318,0101,Christina Jay,15,11,0,2026-09-14 00:44:18
2026-09-14 00:29:31,PEER319,0101,Grace Boudreau,15,7,0,2026-09-14 00:44:19
2026-09-14 00:29:31,PHPE308D,0101,Xinzhi Zhao,30,8,0,2026-09-14 00:44:50
2026-09-14 00:29:31,PHPE308F,0101,Regev Ben-David,30,24,0,2026-09-14 00:44:51
2026-09-14 00:29:31,PHPE308O,0101,Jackson Iszler,30,0,0,2026-09-14 00:44:51
2026-09-14 00:29:31,PHPE308T,0101,Hallie Liberto,30,17,0,2026-09-14 00:44:51
2026-09-14 00:29:31,PHPE308Y,0101,Rachel Singpurwalla,20,0,1,2026-09-14 00:44:52
2026-09-14 00:29:31,PHPE308Y,0102,Rachel Singpurwalla,20,0,2,2026-09-14 00:44:52
2026-09-14 00:29:31,PHPE308Y,0103,Rachel Singpurwalla,20,0,3,2026-09-14 00:44:52
2026-09-14 00:29:31,PHPE400,0101,Justin Helms,18,0,0,2026-09-14 00:44:52
2026-09-14 00:29:31,PHPE400,0102,Justin Helms,18,0,0,2026-09-14 00:44:52
2026-09-14 00:29:31,PHPE400,0103,Justin Helms,20,1,0,2026-09-14 00:44:52
2026-09-14 00:29:31,PHPE401,0101,Xinzhi Zhao,25,0,3,2026-09-14 00:44:53
2026-09-14 00:29:31,PHPE402,0101,Dan Moller,30,2,0,2026-09-14 00:44:53
2026-09-14 00:29:31,PHPE408J,0101,Lixing Miao,25,1,0,2026-09-14 00:44:53
2026-09-14 00:29:31,PHPE408R,0101,Xinzhi Zhao,25,9,0,2026-09-14 00:44:54
2026-09-14 00:29:31,PHSC388J,0101,Kendall Bustad,20,6,0,2026-09-14 00:44:56
2026-09-14 00:29:31,PHSC399,0101,Shannon Edward,30,8,0,2026-09-14 00:44:56
2026-09-14 00:29:31,PHSC415,0101,Jessica O'Hara,31,0,1,2026-09-14 00:44:57
2026-09-14 00:29:31,PHSC415,0102,Jessica O'Hara,31,0,1,2026-09-14 00:44:57
2026-09-14 00:29:31,PHSC415,0103,Jessica O'Hara,31,0,1,2026-09-14 00:44:57
2026-09-14 00:29:31,PHSC415,0104,Jessica O'Hara,31,2,0,2026-09-14 00:44:57
2026-09-14 00:29:31,PHSC415,0105,Jessica O'Hara,31,2,0,2026-09-14 00:44:57
2026-09-14 00:29:31,PHSC420,0101,Jennifer German,35,4,0,2026-09-14 00:44:57
2026-09-14 00:29:31,PHSC450,0101,Kendall Bustad,20,1,0,2026-09-14 00:44:57
2026-09-14 00:29:31,PHSC450,0102,Kendall Bustad,20,0,0,2026-09-14 00:44:57
2026-09-14 00:29:31,PHSC450,0103,Kendall Bustad,20,0,0,2026-09-14 00:44:57
2026-09-14 00:29:31,PHSC450,0104,Kendall Bustad,20,0,0,2026-09-14 00:44:57
2026-09-14 00:29:31,PHSC450,0105,Kendall Bustad,20,0,0,2026-09-14 00:44:57
2026-09-14 00:29:31,PHSC450,0106,Kendall Bustad,20,0,0,2026-09-14 00:44:57
2026-09-14 00:29:31,PHSC450,0107,Kendall Bustad,20,0,0,2026-09-14 00:44:57
2026-09-14 00:29:31,PHSC450,0108,Kendall Bustad,20,0,0,2026-09-14 00:44:57
2026-09-14 00:29:31,PHSC497,0101,Kendall Bustad,20,2,0,2026-09-14 00:44:58
2026-09-14 00:29:31,PHSC497,0301,Shannon Edward,20,3,0,2026-09-14 00:44:58
2026-09-14 00:29:31,PHSC497,0601,Jennifer German,20,4,0,2026-09-14 00:44:58
2026-09-14 00:29:31,PLCY100,0101,Toby Egan,25,0,1,2026-09-14 00:45:21
2026-09-14 00:29:31,PLCY100,0102,Toby Egan,25,0,0,2026-09-14 00:45:21
2026-09-14 00:29:31,PLCY100,0103,Toby Egan,25,0,0,2026-09-14 00:45:21
2026-09-14 00:29:31,PLCY100,0104,Toby Egan,25,1,0,2026-09-14 00:45:21
2026-09-14 00:29:31,PLCY100,0201,Namrta Sharma,25,12,0,2026-09-14 00:45:21
2026-09-14 00:29:31,PLCY100,0202,Namrta Sharma,25,15,0,2026-09-14 00:45:21
2026-09-14 00:29:31,PLCY100,0203,Namrta Sharma,25,1,0,2026-09-14 00:45:21
2026-09-14 00:29:31,PLCY100,0204,Namrta Sharma,25,9,0,2026-09-14 00:45:21
2026-09-14 00:29:31,PLCY101,0101,Robert Sprinkle,75,0,0,2026-09-14 00:45:21
2026-09-14 00:29:31,PLCY170,0101,Joshua Itzkowitz Shifrinson,20,0,0,2026-09-14 00:45:22
2026-09-14 00:29:31,PLCY170,0102,Joshua Itzkowitz Shifrinson,20,0,0,2026-09-14 00:45:22
2026-09-14 00:29:31,PLCY170,0103,Joshua Itzkowitz Shifrinson,20,1,0,2026-09-14 00:45:22
2026-09-14 00:29:31,PLCY170,0104,Joshua Itzkowitz Shifrinson,20,0,0,2026-09-14 00:45:22
2026-09-14 00:29:31,PLCY170,0105,Joshua Itzkowitz Shifrinson,20,1,0,2026-09-14 00:45:22
2026-09-14 00:29:31,PLCY170,0106,Joshua Itzkowitz Shifrinson,25,2,0,2026-09-14 00:45:22
2026-09-14 00:29:31,PLCY172,0101,Caroline Ritter,95,33,0,2026-09-14 00:45:22
2026-09-14 00:29:31,PLCY200,0101,Shanna Pearson-Merkowitz,35,0,0,2026-09-14 00:45:22
2026-09-14 00:29:31,PLCY200,0201,Shanna Pearson-Merkowitz,35,1,0,2026-09-14 00:45:22
2026-09-14 00:29:31,PLCY200,0301,Namrta Sharma,35,0,2,2026-09-14 00:45:22
2026-09-14 00:29:31,PLCY201,0101,Julio Guzman,70,0,0,2026-09-14 00:45:23
2026-09-14 00:29:31,PLCY201,0201,Gregory Ramsay,60,0,0,2026-09-14 00:45:23
2026-09-14 00:29:31,PLCY201,FC01,Anne Kaiser,32,0,0,2026-09-14 00:45:23
2026-09-14 00:29:31,PLCY201,FC02,Anne Kaiser,32,6,0,2026-09-14 00:45:23
2026-09-14 00:29:31,PLCY201S,0101,Susannah Washburn,80,4,0,2026-09-14 00:45:23
2026-09-14 00:29:31,PLCY203,0101,Thomas Hilde,60,9,0,2026-09-14 00:45:23
2026-09-14 00:29:31,PLCY203,0201,Anne Kaiser,60,38,0,2026-09-14 00:45:23
2026-09-14 00:29:31,PLCY213,0201,Claire Dunning,40,3,0,2026-09-14 00:45:24
2026-09-14 00:29:31,PLCY214,0101,Patricia Bory,65,20,0,2026-09-14 00:45:24
2026-09-14 00:29:31,PLCY240,0101,Timothy Reedy,30,0,0,2026-09-14 00:45:24
2026-09-14 00:29:31,PLCY288K,0101,CHRISTIAN OSTERMANN,25,1,0,2026-09-14 00:45:25
2026-09-14 00:29:31,PLCY300,0101,Alana Hackshaw,45,0,1,2026-09-14 00:45:25
2026-09-14 00:29:31,PLCY300,0201,Namrta Sharma,45,28,0,2026-09-14 00:45:25
2026-09-14 00:29:31,PLCY301,0101,Caroline Boules,165,2,0,2026-09-14 00:45:25
2026-09-14 00:29:31,PLCY302,0101,Niambi Carter,40,2,0,2026-09-14 00:45:26
2026-09-14 00:29:31,PLCY302,0201,Ebonie Johnson Cooper,40,0,0,2026-09-14 00:45:26
2026-09-14 00:29:31,PLCY302,0301,Lindsay Dieudonne,40,0,1,2026-09-14 00:45:26
2026-09-14 00:29:31,PLCY303,0101,Juan Martinez Guzman,40,3,0,2026-09-14 00:45:26
2026-09-14 00:29:31,PLCY304,0101,Michael Busse,40,11,0,2026-09-14 00:45:26
2026-09-14 00:29:31,PLCY304,0201,Michael Busse,40,12,0,2026-09-14 00:45:26
2026-09-14 00:29:31,PLCY309,0101,Martin Sanders,30,16,0,2026-09-14 00:45:27
2026-09-14 00:29:31,PLCY310,0101,Selvon Waldron,35,16,0,2026-09-14 00:45:27
2026-09-14 00:29:31,PLCY313,0101,Gerard Evans,100,3,0,2026-09-14 00:45:27
2026-09-14 00:29:31,PLCY371,0101,Joshua Itzkowitz Shifrinson,35,0,0,2026-09-14 00:45:28
2026-09-14 00:29:31,PLCY380,0101,Isabel O'Malley,40,8,0,2026-09-14 00:45:28
2026-09-14 00:29:31,PLCY380,ESG1,Kisha McNeill,30,0,1,2026-09-14 00:45:28
2026-09-14 00:29:31,PLCY388A,0101,Brandi Onowu,40,8,0,2026-09-14 00:45:28
2026-09-14 00:29:31,PLCY388N,0101,Nina Harris,25,2,0,2026-09-14 00:45:29
2026-09-14 00:29:31,PLCY390,0101,Lena Andrews,20,0,0,2026-09-14 00:45:29
2026-09-14 00:29:31,PLCY399B,0101,Beatrice DeBelen,30,19,0,2026-09-14 00:45:29
2026-09-14 00:29:31,PLCY400,0101,Patricia Bory,25,1,0,2026-09-14 00:45:30
2026-09-14 00:29:31,PLCY401,0101,Anand Patwardhan,20,5,0,2026-09-14 00:45:31
2026-09-14 00:29:31,PLCY401,0201,Tracy Thompson,20,0,0,2026-09-14 00:45:31
2026-09-14 00:29:31,PLCY401,0301,David Mussington,20,9,0,2026-09-14 00:45:31
2026-09-14 00:29:31,PLCY490,0101,Michael Woldemariam,15,2,0,2026-09-14 00:45:31
2026-09-14 00:29:31,PLCY492,0101,Steve Fetter,20,1,0,2026-09-14 00:45:31
2026-09-14 00:29:31,PLCY610,0201,Alec Worsnop,40,9,0,2026-09-14 00:45:32
2026-09-14 00:29:31,PLCY630,0101,Catherine Worsnop,25,2,0,2026-09-14 00:45:32
2026-09-14 00:29:31,PLCY630,0201,Catherine Worsnop,25,3,0,2026-09-14 00:45:32
2026-09-14 00:29:31,PLCY631,0101,Cullen Merritt,25,0,0,2026-09-14 00:45:32
2026-09-14 00:29:31,PLCY640,0201,Thomas Spreen,30,5,0,2026-09-14 00:45:32
2026-09-14 00:29:31,PLCY641,0101,Tyler Kustra,30,2,0,2026-09-14 00:45:33
2026-09-14 00:29:31,PLCY641,0201,Tyler Kustra,30,10,0,2026-09-14 00:45:33
2026-09-14 00:29:31,PLCY670,0101,Philip Joyce,30,0,0,2026-09-14 00:45:33
2026-09-14 00:29:31,PLCY680,0101,Claire Dunning,25,0,0,2026-09-14 00:45:33
2026-09-14 00:29:31,PLCY680,0201,Michael Woldemariam,25,5,0,2026-09-14 00:45:33
2026-09-14 00:29:31,PLCY688C,0101,Charles Harry,20,10,0,2026-09-14 00:45:34
2026-09-14 00:29:31,PLCY688F,PWL1,Nekeya O'Connor,20,0,0,2026-09-14 00:45:34
2026-09-14 00:29:31,PLCY688P,0101,Steve Fetter,10,1,0,2026-09-14 00:45:35
2026-09-14 00:29:31,PLCY688Z,0101,Brandi Onowu,20,5,0,2026-09-14 00:45:35
2026-09-14 00:29:31,PLCY689E,0101,Susan Parker,20,0,0,2026-09-14 00:45:36
2026-09-14 00:29:31,PLCY690,0110,David Mussington,15,3,0,2026-09-14 00:45:36
2026-09-14 00:29:31,PLCY690,0120,Margaret Brindle,15,2,0,2026-09-14 00:45:36
2026-09-14 00:29:31,PLCY690,0130,Douglas Call,15,0,0,2026-09-14 00:45:36
2026-09-14 00:29:31,PLCY690,0150,Paul Brown,15,0,0,2026-09-14 00:45:36
2026-09-14 00:29:31,PLCY690,0170,James Stillwell,15,0,0,2026-09-14 00:45:36
2026-09-14 00:29:31,PLCY698T,0101,Elizabeth Duke,20,7,0,2026-09-14 00:45:36
2026-09-14 00:29:31,PLCY699L,0101,Michael Woldemariam,10,1,0,2026-09-14 00:45:37
2026-09-14 00:29:31,PLCY720,0101,Nancy Gallagher,20,2,0,2026-09-14 00:45:38
2026-09-14 00:29:31,PLCY734,0101,Niambi Carter,20,0,0,2026-09-14 00:45:38
2026-09-14 00:29:31,PLCY735,0101,Robert Sprinkle,20,7,0,2026-09-14 00:45:38
2026-09-14 00:29:31,PLCY741,0101,Anand Patwardhan,20,7,0,2026-09-14 00:45:39
2026-09-14 00:29:31,PLCY742,0101,Thomas Hilde,20,8,0,2026-09-14 00:45:39
2026-09-14 00:29:31,PLCY780,0101,Robert Orr,20,0,0,2026-09-14 00:45:39
2026-09-14 00:29:31,PLCY781,0101,Julio Guzman,20,2,0,2026-09-14 00:45:40
2026-09-14 00:29:31,PLCY783,0101,Margaret Brindle,20,7,0,2026-09-14 00:45:40
2026-09-14 00:29:31,PLCY798F,PWL1,William Nolte,25,18,0,2026-09-14 00:45:41
2026-09-14 00:29:31,PLCY798V,0101,Shanna Pearson-Merkowitz,12,0,0,2026-09-14 00:45:42
2026-09-14 00:29:31,PLCY798W,0101,Martin Sanders,10,9,0,2026-09-14 00:45:42
2026-09-14 00:29:31,PLCY798Y,PWL1,Jeffrey Franco,25,0,0,2026-09-14 00:45:43
2026-09-14 00:29:31,PLCY798Z,0101,Peter Reuter,12,0,0,2026-09-14 00:45:43
2026-09-14 00:29:31,PLSC112,0101,Samuel Daramola,100,10,0,2026-09-14 00:45:45
2026-09-14 00:29:31,PLSC113,0101,Samuel Daramola,24,2,0,2026-09-14 00:45:46
2026-09-14 00:29:31,PLSC113,0102,Samuel Daramola,24,5,0,2026-09-14 00:45:46
2026-09-14 00:29:31,PLSC113,0103,Samuel Daramola,24,12,0,2026-09-14 00:45:46
2026-09-14 00:29:31,PLSC113,0104,Samuel Daramola,24,9,0,2026-09-14 00:45:46
2026-09-14 00:29:31,PLSC115,0101,Shirley Micallef,24,1,0,2026-09-14 00:45:46
2026-09-14 00:29:31,PLSC201,0101,Pierre Jacob,42,15,0,2026-09-14 00:45:46
2026-09-14 00:29:31,PLSC203,0101,Vijay Tiwari,23,17,0,2026-09-14 00:45:47
2026-09-14 00:29:31,PLSC205,0101,Mark Carroll,22,1,0,2026-09-14 00:45:47
2026-09-14 00:29:31,PLSC206,0101,Pierre Jacob,21,8,0,2026-09-14 00:45:47
2026-09-14 00:29:31,PLSC206,0102,Pierre Jacob,21,7,0,2026-09-14 00:45:47
2026-09-14 00:29:31,PLSC253,0101,Karen Petroff,24,1,0,2026-09-14 00:45:48
2026-09-14 00:29:31,PLSC253,0102,Karen Petroff,24,5,0,2026-09-14 00:45:48
2026-09-14 00:29:31,PLSC389,0101,Craig Beyrouty,17,17,0,2026-09-14 00:45:50
2026-09-14 00:29:31,PLSC402,0101,Geoffrey Rinehart,10,3,0,2026-09-14 00:45:51
2026-09-14 00:29:31,PLSC404,0101,Yiping Qi,20,11,0,2026-09-14 00:45:51
2026-09-14 00:29:31,PLSC420,0101,Nidhi Rawat,18,5,0,2026-09-14 00:45:51
2026-09-14 00:29:31,PLSC420,0102,Nidhi Rawat,18,12,0,2026-09-14 00:45:51
2026-09-14 00:29:31,PLSC433,0101,Diana Cochran,10,2,0,2026-09-14 00:45:52
2026-09-14 00:29:31,PLSC453,0101,Samuel Daramola,24,1,0,2026-09-14 00:45:52
2026-09-14 00:29:31,PLSC471,0101,Juanita Choo,20,0,0,2026-09-14 00:45:52
2026-09-14 00:29:31,PLSC476,0101,Maile Neel,23,19,0,2026-09-14 00:45:53
2026-09-14 00:29:31,PLSC608,0101,Shunyuan Xiao,20,13,0,2026-09-14 00:45:53
2026-09-14 00:29:31,PORT103,0101,Parker Brookie,15,6,0,2026-09-14 00:45:57
2026-09-14 00:29:31,PORT205,0101,Parker Brookie,15,4,0,2026-09-14 00:45:57
2026-09-14 00:29:31,PORT332,0101,Parker Brookie,25,0,0,2026-09-14 00:45:57
2026-09-14 00:29:31,RELS120,0101,Antoine Borrut,40,8,0,2026-09-14 00:46:37
2026-09-14 00:29:31,RELS170,0101,Chiara Graf,21,1,0,2026-09-14 00:46:37
2026-09-14 00:29:31,RELS170,0102,Chiara Graf,21,0,0,2026-09-14 00:46:37
2026-09-14 00:29:31,RELS170,0103,Chiara Graf,21,0,0,2026-09-14 00:46:37
2026-09-14 00:29:31,RELS170,0104,Chiara Graf,21,0,0,2026-09-14 00:46:37
2026-09-14 00:29:31,RELS170,0105,Chiara Graf,21,0,0,2026-09-14 00:46:37
2026-09-14 00:29:31,RELS170,0106,Chiara Graf,21,2,0,2026-09-14 00:46:37
2026-09-14 00:29:31,RELS170,0107,Chiara Graf,21,0,0,2026-09-14 00:46:37
2026-09-14 00:29:31,RELS170,0108,Chiara Graf,21,1,0,2026-09-14 00:46:37
2026-09-14 00:29:31,RELS170,0109,Chiara Graf,22,0,0,2026-09-14 00:46:37
2026-09-14 00:29:31,RELS171,0101,Maxine Grossman,40,8,0,2026-09-14 00:46:38
2026-09-14 00:29:31,RELS219K,0101,Shay Hazkani,40,33,0,2026-09-14 00:46:38
2026-09-14 00:29:31,RELS225,0101,Stephanie Cooper,25,3,0,2026-09-14 00:46:38
2026-09-14 00:29:31,RELS273,0101,Hayim Lapin,23,0,0,2026-09-14 00:46:39
2026-09-14 00:29:31,RELS273,0102,Hayim Lapin,23,3,0,2026-09-14 00:46:39
2026-09-14 00:29:31,RELS273,0103,Hayim Lapin,23,1,0,2026-09-14 00:46:39
2026-09-14 00:29:31,RELS274,0101,Matthew Suriano,20,0,0,2026-09-14 00:46:39
2026-09-14 00:29:31,RELS274,0102,Matthew Suriano,20,0,1,2026-09-14 00:46:39
2026-09-14 00:29:31,RELS274,0103,Matthew Suriano,20,0,0,2026-09-14 00:46:39
2026-09-14 00:29:31,RELS274,0104,Matthew Suriano,20,0,0,2026-09-14 00:46:39
2026-09-14 00:29:31,RELS319D,0101,Nathan Levine,35,26,0,2026-09-14 00:46:39
2026-09-14 00:29:31,RELS319Z,0101,Regev Ben-David,30,26,0,2026-09-14 00:46:40
2026-09-14 00:29:31,RELS341,0101,Janna Bianchini,30,0,0,2026-09-14 00:46:40
2026-09-14 00:29:31,RUSS101,0101,Inna Hardman,15,6,0,2026-09-14 00:46:42
2026-09-14 00:29:31,RUSS101,0201,Inna Hardman,15,6,0,2026-09-14 00:46:42
2026-09-14 00:29:31,RUSS201,0101,Zhanna Gerus-Vernola,15,8,0,2026-09-14 00:46:42
2026-09-14 00:29:31,RUSS301,0101,Izolda Savenkova,15,5,0,2026-09-14 00:46:43
2026-09-14 00:29:31,RUSS321,0101,Elizabeth Papazian,15,5,0,2026-09-14 00:46:43
2026-09-14 00:29:31,RUSS334,0101,Elizabeth Papazian,25,0,0,2026-09-14 00:46:43
2026-09-14 00:29:31,RUSS404,0101,Izolda Savenkova,15,1,0,2026-09-14 00:46:44
2026-09-14 00:29:31,SDSB123,0101,Brian Kim,40,7,0,2026-09-14 00:46:46
2026-09-14 00:29:31,SDSB180,0101,Brian Kim,180,125,0,2026-09-14 00:46:46
2026-09-14 00:29:31,SDSB233,0101,Jacob Coutts,25,1,0,2026-09-14 00:46:47
2026-09-14 00:29:31,SDSB233,0102,Jacob Coutts,25,10,0,2026-09-14 00:46:47
2026-09-14 00:29:31,SDSB233,0103,Jacob Coutts,25,9,0,2026-09-14 00:46:47
2026-09-14 00:29:31,SDSB326,0101,Jacob Coutts,50,31,0,2026-09-14 00:46:47
2026-09-14 00:29:31,SDSB340,0101,Neil Lund,40,0,0,2026-09-14 00:46:48
2026-09-14 00:29:31,SDSI414,0201,Maria Krupenkin,34,15,0,2026-09-14 00:46:49
2026-09-14 00:29:31,SDSI414,0202,Maria Krupenkin,34,0,0,2026-09-14 00:46:49
2026-09-14 00:29:31,SDSI492,0101,TJ Rainsford,50,8,0,2026-09-14 00:46:49
2026-09-14 00:29:31,SDSI492,0103,Mary Ann Francis,40,0,2,2026-09-14 00:46:49
2026-09-14 00:29:31,SDSI492,0104,TJ Rainsford,50,0,0,2026-09-14 00:46:49
2026-09-14 00:29:31,SDSI492,0106,Jesse Klein,50,0,5,2026-09-14 00:46:49
2026-09-14 00:29:31,SDSI492,0107,Connie Siebold,40,0,3,2026-09-14 00:46:49
2026-09-14 00:29:31,SDSI492,0110,Patrick Thornton,50,29,0,2026-09-14 00:46:49
2026-09-14 00:29:31,SLLC108I,0101,Instructor: TBA,5,4,0,2026-09-14 00:46:53
2026-09-14 00:29:31,SLLC108J,0101,Instructor: TBA,5,5,0,2026-09-14 00:46:53
2026-09-14 00:29:31,SLLC108W,0101,Instructor: TBA,5,4,0,2026-09-14 00:46:53
2026-09-14 00:29:31,SLLC118A,0101,Sean Pue,10,4,0,2026-09-14 00:46:54
2026-09-14 00:29:31,SLLC200,0101,Chris Lewis,30,4,0,2026-09-14 00:46:54
2026-09-14 00:29:31,SLLC286,0101,Andrew Schonebaum,60,5,0,2026-09-14 00:46:54
2026-09-14 00:29:31,SLLC309,0101,Ahmed Hanafy,10,10,0,2026-09-14 00:46:55
2026-09-14 00:29:31,SLLC309,0102,Ahmed Hanafy,10,8,0,2026-09-14 00:46:55
2026-09-14 00:29:31,SLLC309,0103,Ahmed Hanafy,10,7,0,2026-09-14 00:46:55
2026-09-14 00:29:31,SLLC309,0104,Ahmed Hanafy,10,5,0,2026-09-14 00:46:55
2026-09-14 00:29:31,SLLC309,0105,Ahmed Hanafy,10,6,0,2026-09-14 00:46:55
2026-09-14 00:29:31,SLLC309,0106,Ahmed Hanafy,10,6,0,2026-09-14 00:46:55
2026-09-14 00:29:31,SLLC309,0107,Ahmed Hanafy,10,8,0,2026-09-14 00:46:55
2026-09-14 00:29:31,SLLC309,0108,Ahmed Hanafy,10,9,0,2026-09-14 00:46:55
2026-09-14 00:29:31,SLLC309,0109,Ahmed Hanafy,10,7,0,2026-09-14 00:46:55
2026-09-14 00:29:31,SLLC309,0110,Ahmed Hanafy,10,3,0,2026-09-14 00:46:55
2026-09-14 00:29:31,SLLC309,0111,Ahmed Hanafy,10,10,0,2026-09-14 00:46:55
2026-09-14 00:29:31,SLLC329,0101,Marilyn Matar,13,0,0,2026-09-14 00:46:55
2026-09-14 00:29:31,SLLC329,0102,Marilyn Matar,10,0,0,2026-09-14 00:46:55
2026-09-14 00:29:31,SLLC329,0103,Marilyn Matar,21,2,0,2026-09-14 00:46:55
2026-09-14 00:29:31,SLLC329,0104,Marilyn Matar,10,4,0,2026-09-14 00:46:55
2026-09-14 00:29:31,SLLC329,0105,Marilyn Matar,10,9,0,2026-09-14 00:46:55
2026-09-14 00:29:31,SLLC329,0106,Marilyn Matar,10,1,0,2026-09-14 00:46:55
2026-09-14 00:29:31,SLLC329,0107,Marilyn Matar,10,7,0,2026-09-14 00:46:55
2026-09-14 00:29:31,SLLC329,0108,Marilyn Matar,10,7,0,2026-09-14 00:46:55
2026-09-14 00:29:31,SLLC329,0109,Marilyn Matar,10,4,0,2026-09-14 00:46:55
2026-09-14 00:29:31,SLLC329,0110,Marilyn Matar,20,3,0,2026-09-14 00:46:55
2026-09-14 00:29:31,SLLC350,0101,Michele Mason,30,27,0,2026-09-14 00:46:55
2026-09-14 00:29:31,SMLP470,0101,Brooke Smith,45,13,0,2026-09-14 00:46:57
2026-09-14 00:29:31,SMLP472,0101,Sara Herald,60,19,0,2026-09-14 00:46:57
2026-09-14 00:29:31,TLTC310,0101,Sarah Kistner,0,0,0,2026-09-14 00:50:40
2026-09-14 00:29:31,TLTC310,0201,Yanira Ortiz,20,11,0,2026-09-14 00:50:40
2026-09-14 00:29:31,TLTC333,0101,Mona Thompson,63,0,0,2026-09-14 00:50:40
2026-09-14 00:29:31,TLTC333,0102,Mona Thompson,63,0,0,2026-09-14 00:50:40
2026-09-14 00:29:31,TLTC333,0105,Mona Thompson,63,0,0,2026-09-14 00:50:40
2026-09-14 00:29:31,UMEI005,0101,Charles Duquette,15,2,0,2026-09-14 00:50:43
2026-09-14 00:29:31,UMEI005,0201,Heather Mehrtens,15,9,0,2026-09-14 00:50:43
2026-09-14 00:29:31,UMEI005,0301,Marilena Draganescu,15,11,0,2026-09-14 00:50:43
2026-09-14 00:29:31,UMEI012,0101,Louise Godley,10,10,0,2026-09-14 00:50:43
2026-09-14 00:29:31,UMEI013,0101,Louise Godley,10,7,0,2026-09-14 00:50:43
2026-09-14 00:29:31,UMEI028A,0101,Raymond Smith,16,14,0,2026-09-14 00:50:44
2026-09-14 00:29:31,UMEI506,0101,Heather Mehrtens,16,0,0,2026-09-14 00:50:44
2026-09-14 00:29:31,UMEI506,0201,Heather Mehrtens,16,6,0,2026-09-14 00:50:44
2026-09-14 00:29:31,UMEI507,0101,Marilena Draganescu,15,4,0,2026-09-14 00:50:44
2026-09-14 00:29:31,USLT201,0101,Robert Chester,25,1,0,2026-09-14 00:50:52
2026-09-14 00:29:31,USLT398C,0101,Angela Pico Pinto,25,18,0,2026-09-14 00:50:52
2026-09-14 00:29:31,USLT450,0101,Robert Chester,20,0,0,2026-09-14 00:50:52
2026-09-14 00:29:31,USLT498C,0101,Ana Rodriguez,20,14,0,2026-09-14 00:50:53
2026-09-14 00:29:31,VIPS099,0115,Veronica Kang,5,3,0,2026-09-14 00:50:54
2026-09-14 00:29:31,VIPS208,0101,Mary Bowden,10,10,0,2026-09-14 00:50:55
2026-09-14 00:29:31,VIPS208,0102,Ken Kiger,10,2,0,2026-09-14 00:50:55
2026-09-14 00:29:31,VIPS208,0103,Bryan Quinn,10,9,0,2026-09-14 00:50:55
2026-09-14 00:29:31,VIPS208,0104,Abdil Chowdhury,10,1,0,2026-09-14 00:50:55
2026-09-14 00:29:31,VIPS208,0105,Molly Carton,10,7,0,2026-09-14 00:50:55
2026-09-14 00:29:31,VIPS208,0106,James Baeder,14,2,0,2026-09-14 00:50:55
2026-09-14 00:29:31,VIPS208,0107,Catherine Spirito,10,6,0,2026-09-14 00:50:55
2026-09-14 00:29:31,VIPS208,0108,Ronald Yaros,10,4,0,2026-09-14 00:50:55
2026-09-14 00:29:31,VIPS208,0109,Carinna Ferguson,10,7,0,2026-09-14 00:50:55
2026-09-14 00:29:31,VIPS208,0110,Tracy Riggins,15,0,0,2026-09-14 00:50:55
2026-09-14 00:29:31,VIPS208,0111,Kevin Calabro,13,2,0,2026-09-14 00:50:55
2026-09-14 00:29:31,VIPS208,0112,Raffaele Viglianti,10,5,0,2026-09-14 00:50:55
2026-09-14 00:29:31,VIPS208,0113,Shabnam Jabeen,10,5,0,2026-09-14 00:50:55
2026-09-14 00:29:31,VIPS208,0114,Ning Zeng,15,7,0,2026-09-14 00:50:55
2026-09-14 00:29:31,VIPS208,0115,Veronica Kang,10,5,0,2026-09-14 00:50:55
2026-09-14 00:29:31,VIPS208,0116,David Stewart,10,1,0,2026-09-14 00:50:55
2026-09-14 00:29:31,VIPS208,0117,Meredith Epstein,10,8,0,2026-09-14 00:50:55
2026-09-14 00:29:31,VIPS208,0118,Magaly Toro Ibaceta,10,3,0,2026-09-14 00:50:55
2026-09-14 00:29:31,VIPS208,0120,Marisa Parham,10,6,0,2026-09-14 00:50:55
2026-09-14 00:29:31,VIPS208,0121,Becky Epanchin-Niell,10,1,0,2026-09-14 00:50:55
2026-09-14 00:29:31,VIPS208,0122,Timothy Reedy,10,2,0,2026-09-14 00:50:55
2026-09-14 00:29:31,VIPS208,0123,Lingnan Lin,13,4,0,2026-09-14 00:50:55
2026-09-14 00:29:31,VIPS208,0124,Jeffrey Moro,10,4,0,2026-09-14 00:50:55
2026-09-14 00:29:31,VIPS208,0125,Peter Sunderland,12,4,0,2026-09-14 00:50:55
2026-09-14 00:29:31,VIPS208,0126,Brienna Anderson,10,4,0,2026-09-14 00:50:55
2026-09-14 00:29:31,VIPS308,0101,Mary Bowden,10,9,0,2026-09-14 00:50:55
2026-09-14 00:29:31,VIPS308,0102,Ken Kiger,10,3,0,2026-09-14 00:50:55
2026-09-14 00:29:31,VIPS308,0103,Bryan Quinn,10,2,0,2026-09-14 00:50:55
2026-09-14 00:29:31,VIPS308,0104,Abdil Chowdhury,10,3,0,2026-09-14 00:50:55
2026-09-14 00:29:31,VIPS308,0105,Molly Carton,10,3,0,2026-09-14 00:50:55
2026-09-14 00:29:31,VIPS308,0106,James Baeder,10,4,0,2026-09-14 00:50:55
2026-09-14 00:29:31,VIPS308,0107,Catherine Spirito,10,8,0,2026-09-14 00:50:55
2026-09-14 00:29:31,VIPS308,0108,Ronald Yaros,10,9,0,2026-09-14 00:50:55
2026-09-14 00:29:31,VIPS308,0109,Carinna Ferguson,10,6,0,2026-09-14 00:50:55
2026-09-14 00:29:31,VIPS308,0110,Tracy Riggins,10,0,0,2026-09-14 00:50:55
2026-09-14 00:29:31,VIPS308,0111,Kevin Calabro,10,6,0,2026-09-14 00:50:55
2026-09-14 00:29:31,VIPS308,0112,Raffaele Viglianti,10,10,0,2026-09-14 00:50:55
2026-09-14 00:29:31,VIPS308,0113,Shabnam Jabeen,10,8,0,2026-09-14 00:50:55
2026-09-14 00:29:31,VIPS308,0114,Ning Zeng,10,9,0,2026-09-14 00:50:55
2026-09-14 00:29:31,VIPS308,0115,Veronica Kang,10,10,0,2026-09-14 00:50:55
2026-09-14 00:29:31,VIPS308,0116,David Stewart,10,10,0,2026-09-14 00:50:55
2026-09-14 00:29:31,VIPS308,0117,Meredith Epstein,10,8,0,2026-09-14 00:50:55
2026-09-14 00:29:31,VIPS308,0118,Magaly Toro Ibaceta,10,10,0,2026-09-14 00:50:55
2026-09-14 00:29:31,VIPS308,0120,Marisa Parham,10,9,0,2026-09-14 00:50:55
2026-09-14 00:29:31,VIPS308,0121,Becky Epanchin-Niell,10,10,0,2026-09-14 00:50:55
2026-09-14 00:29:31,VIPS308,0122,Timothy Reedy,10,10,0,2026-09-14 00:50:55
2026-09-14 00:29:31,VIPS308,0123,Lingnan Lin,10,10,0,2026-09-14 00:50:55
2026-09-14 00:29:31,VIPS308,0124,Jeffrey Moro,10,10,0,2026-09-14 00:50:55
2026-09-14 00:29:31,VIPS308,0125,Peter Sunderland,10,10,0,2026-09-14 00:50:55
2026-09-14 00:29:31,VIPS308,0126,Brienna Anderson,10,10,0,2026-09-14 00:50:55
2026-09-14 00:29:31,VIPS408,0101,Mary Bowden,10,4,0,2026-09-14 00:50:55
2026-09-14 00:29:31,VIPS408,0102,Ken Kiger,10,8,0,2026-09-14 00:50:55
2026-09-14 00:29:31,VIPS408,0103,Bryan Quinn,10,3,0,2026-09-14 00:50:55
2026-09-14 00:29:31,VIPS408,0104,Abdil Chowdhury,10,8,0,2026-09-14 00:50:55
2026-09-14 00:29:31,VIPS408,0105,Molly Carton,10,8,0,2026-09-14 00:50:55
2026-09-14 00:29:31,VIPS408,0106,James Baeder,10,7,0,2026-09-14 00:50:55
2026-09-14 00:29:31,VIPS408,0107,Catherine Spirito,10,10,0,2026-09-14 00:50:55
2026-09-14 00:29:31,VIPS408,0108,Ronald Yaros,10,8,0,2026-09-14 00:50:55
2026-09-14 00:29:31,VIPS408,0109,Carinna Ferguson,10,8,0,2026-09-14 00:50:55
2026-09-14 00:29:31,VIPS408,0110,Tracy Riggins,10,10,0,2026-09-14 00:50:55
2026-09-14 00:29:31,VIPS408,0111,Kevin Calabro,10,7,0,2026-09-14 00:50:55
2026-09-14 00:29:31,VIPS408,0112,Raffaele Viglianti,10,9,0,2026-09-14 00:50:55
2026-09-14 00:29:31,VIPS408,0113,Shabnam Jabeen,10,10,0,2026-09-14 00:50:55
2026-09-14 00:29:31,VIPS408,0114,Ning Zeng,10,10,0,2026-09-14 00:50:55
2026-09-14 00:29:31,VIPS408,0115,Veronica Kang,10,10,0,2026-09-14 00:50:55
2026-09-14 00:29:31,VIPS408,0116,David Stewart,10,10,0,2026-09-14 00:50:55
2026-09-14 00:29:31,VIPS408,0117,Meredith Epstein,10,10,0,2026-09-14 00:50:55
2026-09-14 00:29:31,VIPS408,0118,Magaly Toro Ibaceta,10,9,0,2026-09-14 00:50:55
2026-09-14 00:29:31,VIPS408,0120,Marisa Parham,10,10,0,2026-09-14 00:50:55
2026-09-14 00:29:31,VIPS408,0121,Becky Epanchin-Niell,10,10,0,2026-09-14 00:50:55
2026-09-14 00:29:31,VIPS408,0122,Timothy Reedy,10,10,0,2026-09-14 00:50:55
2026-09-14 00:29:31,VIPS408,0123,Lingnan Lin,10,10,0,2026-09-14 00:50:55
2026-09-14 00:29:31,VIPS408,0124,Jeffrey Moro,10,10,0,2026-09-14 00:50:55
2026-09-14 00:29:31,VIPS408,0125,Peter Sunderland,10,10,0,2026-09-14 00:50:55
2026-09-14 00:29:31,VIPS408,0126,Brienna Anderson,10,10,0,2026-09-14 00:50:55
2026-09-14 00:29:31,WEID139B,0101,Denise Joseph,48,7,0,2026-09-14 00:50:58
2026-09-14 00:29:31,WEID139L,0201,Taylor Togafau-Lewis,48,17,0,2026-09-14 00:50:59
2026-09-14 05:30:15,AAAS100,0101,Shane Walsh,35,0,0,2026-09-14 05:30:16
2026-09-14 05:30:15,AAAS100,0201,Shane Walsh,35,0,0,2026-09-14 05:30:16
2026-09-14 05:30:15,AAAS100,0301,George Kintiba,70,36,0,2026-09-14 05:30:16
2026-09-14 05:30:15,AAAS100,0401,Jason Nichols,30,0,0,2026-09-14 05:30:16
2026-09-14 05:30:15,AAAS100,0501,Jason Nichols,35,0,0,2026-09-14 05:30:16
2026-09-14 05:30:15,AAAS101,0101,Chinyere Osuji,40,0,0,2026-09-14 05:30:16
2026-09-14 05:30:15,AAAS187,0101,Robert Choflet,30,0,0,2026-09-14 05:30:16
2026-09-14 05:30:15,AAAS187,0201,Joseph Richardson,30,0,0,2026-09-14 05:30:16
2026-09-14 05:30:15,AAAS200,0101,George Kintiba,40,5,0,2026-09-14 05:30:17
2026-09-14 05:30:15,AAAS202,0101,Robert Choflet,35,7,0,2026-09-14 05:30:17
2026-09-14 05:30:15,AAAS202,0201,Robert Choflet,35,5,0,2026-09-14 05:30:17
2026-09-14 05:30:15,AAAS202,0301,Angelica Dunbar,35,4,0,2026-09-14 05:30:17
2026-09-14 05:30:15,AAAS202,0401,Ashley Everson,35,0,0,2026-09-14 05:30:17
2026-09-14 05:30:15,AAAS202,0501,Ashley Everson,20,3,0,2026-09-14 05:30:17
2026-09-14 05:30:15,AAAS210,0101,Angelica Dunbar,20,16,0,2026-09-14 05:30:17
2026-09-14 05:30:15,AAAS211,0101,Shane Walsh,30,0,0,2026-09-14 05:30:17
2026-09-14 05:30:15,AAAS230,0101,Ashley Newby,30,0,0,2026-09-14 05:30:17
2026-09-14 05:30:15,AAAS230,0201,Ashley Newby,30,0,0,2026-09-14 05:30:17
2026-09-14 05:30:15,AAAS234,0201,Mike Kolakoski,30,3,0,2026-09-14 05:30:18
2026-09-14 05:30:15,AAAS254,0101,Christopher Bonner,40,2,0,2026-09-14 05:30:18
2026-09-14 05:30:15,AAAS271,0101,Sydney Lewis,30,0,0,2026-09-14 05:30:18
2026-09-14 05:30:15,AAAS310,0101,George Kintiba,25,22,0,2026-09-14 05:30:18
2026-09-14 05:30:15,AAAS320,0101,Cecily Jackson,25,0,0,2026-09-14 05:30:18
2026-09-14 05:30:15,AAAS320,0201,Cecily Jackson,25,0,0,2026-09-14 05:30:18
2026-09-14 05:30:15,AAAS325,0101,Traci Dula,20,4,0,2026-09-14 05:30:19
2026-09-14 05:30:15,AAAS350,0101,John Drabinski,20,0,0,2026-09-14 05:30:19
2026-09-14 05:30:15,AAAS361,0101,Michelle Rowley,35,26,0,2026-09-14 05:30:19
2026-09-14 05:30:15,AAAS386,0101,Marshal Washington,10,10,0,2026-09-14 05:30:19
2026-09-14 05:30:15,AAAS397,0101,John Drabinski,2,2,0,2026-09-14 05:30:19
2026-09-14 05:30:15,AAAS397,0201,Angelica Dunbar,2,2,0,2026-09-14 05:30:19
2026-09-14 05:30:15,AAAS397,0301,Sharon Harley,2,2,0,2026-09-14 05:30:19
2026-09-14 05:30:15,AAAS397,0401,Cecily Jackson,2,2,0,2026-09-14 05:30:19
2026-09-14 05:30:15,AAAS397,0501,Sangeetha Madhavan,2,2,0,2026-09-14 05:30:19
2026-09-14 05:30:15,AAAS397,0601,Ashley Newby,1,1,0,2026-09-14 05:30:19
2026-09-14 05:30:15,AAAS397,0701,Chinyere Osuji,2,2,0,2026-09-14 05:30:19
2026-09-14 05:30:15,AAAS397,0801,Periloux Peay,2,2,0,2026-09-14 05:30:19
2026-09-14 05:30:15,AAAS397,0901,Joseph Richardson,2,2,0,2026-09-14 05:30:19
2026-09-14 05:30:15,AAAS398B,0101,Beka Guluma,20,13,0,2026-09-14 05:30:20
2026-09-14 05:30:15,AAAS398W,0101,Jason Nichols,25,11,0,2026-09-14 05:30:20
2026-09-14 05:30:15,AAAS400,0101,Periloux Peay,25,22,0,2026-09-14 05:30:20
2026-09-14 05:30:15,AAAS415,0101,Periloux Peay,30,0,0,2026-09-14 05:30:20
2026-09-14 05:30:15,AAAS499N,0101,Anne Rosen,25,0,0,2026-09-14 05:30:20
2026-09-14 05:30:15,AAST200,0101,Jennifer Cho,30,0,0,2026-09-14 05:30:22
2026-09-14 05:30:15,AAST200,0102,Binod Paudyal,30,0,0,2026-09-14 05:30:22
2026-09-14 05:30:15,AAST322,0101,Julie Park,30,3,0,2026-09-14 05:30:22
2026-09-14 05:30:15,AAST351,0101,Binod Paudyal,35,0,0,2026-09-14 05:30:22
2026-09-14 05:30:15,AAST355,0101,Jennifer Cho,35,0,1,2026-09-14 05:30:22
2026-09-14 05:30:15,AAST378,0101,Janelle Wong,2,2,0,2026-09-14 05:30:23
2026-09-14 05:30:15,AAST394,0101,Wenxi Yang,30,1,0,2026-09-14 05:30:23
2026-09-14 05:30:15,AAST398I,0101,Michelle Magalong,24,1,0,2026-09-14 05:30:23
2026-09-14 05:30:15,AAST398W,0101,Chris Eng,25,14,0,2026-09-14 05:30:23
2026-09-14 05:30:15,AAST421,0101,Tuyet Duong,20,3,0,2026-09-14 05:30:24
2026-09-14 05:30:15,AAST422,0101,Jennifer Cho,25,7,0,2026-09-14 05:30:24
2026-09-14 05:30:15,AAST424,0101,Dawn Dow,29,10,0,2026-09-14 05:30:24
2026-09-14 05:30:15,AAST440,0101,Binod Paudyal,25,1,0,2026-09-14 05:30:24
2026-09-14 05:30:15,AAST443,0101,Janelle Wong,30,1,0,2026-09-14 05:30:24
2026-09-14 05:30:15,ABRM330,0101,Rashawn Ray,40,0,0,2026-09-14 05:30:26
2026-09-14 05:30:15,ARAB101,0101,Samah Al-salami,15,1,0,2026-09-14 05:30:57
2026-09-14 05:30:15,ARAB101,0201,Ahmed Hanafy,15,5,0,2026-09-14 05:30:57
2026-09-14 05:30:15,ARAB102,0101,Samah Al-salami,15,2,0,2026-09-14 05:30:57
2026-09-14 05:30:15,ARAB102,0201,Lutf Alkebsi,15,12,0,2026-09-14 05:30:57
2026-09-14 05:30:15,ARAB201,0101,Lutf Alkebsi,15,0,0,2026-09-14 05:30:58
2026-09-14 05:30:15,ARAB201,0201,Lutf Alkebsi,15,11,0,2026-09-14 05:30:58
2026-09-14 05:30:15,ARAB208L,0101,Samah Al-salami,15,3,0,2026-09-14 05:30:58
2026-09-14 05:30:15,ARAB225,0101,Ahmed Hanafy,15,3,0,2026-09-14 05:30:58
2026-09-14 05:30:15,ARAB301,0101,Ahmed Hanafy,15,7,0,2026-09-14 05:30:58
2026-09-14 05:30:15,ARAB321,0101,Ahmed Hanafy,15,8,0,2026-09-14 05:30:58
2026-09-14 05:30:15,ARAB322,0101,Samah Al-salami,15,9,0,2026-09-14 05:30:58
2026-09-14 05:30:15,ARAB398A,0101,Lutf Alkebsi,15,6,0,2026-09-14 05:30:59
2026-09-14 05:30:15,ARAB499E,0101,Brendan Kibbee,20,2,0,2026-09-14 05:30:59
2026-09-14 05:30:15,ARMY106,0101,Thomas Battinieri,31,25,0,2026-09-14 05:31:17
2026-09-14 05:30:15,ARMY106,0102,Thomas Battinieri,40,30,0,2026-09-14 05:31:17
2026-09-14 05:30:15,ARMY106,FC01,Andrew Bischoff,15,11,0,2026-09-14 05:31:17
2026-09-14 05:30:15,ARMY106,FC02,Thomas Battinieri,9,8,0,2026-09-14 05:31:17
2026-09-14 05:30:15,ARMY110,0101,Andrew Bischoff,15,15,0,2026-09-14 05:31:18
2026-09-14 05:30:15,ARMY201,0102,Thomas Battinieri,35,14,0,2026-09-14 05:31:18
2026-09-14 05:30:15,ARMY301,0101,Joshua Guiod,40,20,0,2026-09-14 05:31:18
2026-09-14 05:30:15,ARMY401,0102,Andrew Bischoff,50,13,0,2026-09-14 05:31:18
2026-09-14 05:30:15,ARSC059,0101,Kathleen West,220,53,0,2026-09-14 05:31:19
2026-09-14 05:30:15,ARSC059,FC01,Jens Lyndrup,10,5,0,2026-09-14 05:31:19
2026-09-14 05:30:15,ARSC100,0101,Jens Lyndrup,50,33,0,2026-09-14 05:31:19
2026-09-14 05:30:15,ARSC100,0102,Jens Lyndrup,75,16,0,2026-09-14 05:31:19
2026-09-14 05:30:15,ARSC100,0103,Jens Lyndrup,40,31,0,2026-09-14 05:31:19
2026-09-14 05:30:15,ARSC100,FC01,Jens Lyndrup,5,3,0,2026-09-14 05:31:19
2026-09-14 05:30:15,ARSC100,FC02,Jens Lyndrup,10,7,0,2026-09-14 05:31:19
2026-09-14 05:30:15,ARSC200,0101,Alan Snyder,50,14,0,2026-09-14 05:31:20
2026-09-14 05:30:15,ARSC200,0102,Alan Snyder,35,21,0,2026-09-14 05:31:20
2026-09-14 05:30:15,ARSC200,0103,Alan Snyder,40,32,0,2026-09-14 05:31:20
2026-09-14 05:30:15,ARSC300,0101,Kathleen West,30,5,0,2026-09-14 05:31:20
2026-09-14 05:30:15,ARSC300,0102,Kathleen West,20,13,0,2026-09-14 05:31:20
2026-09-14 05:30:15,ARSC400,0101,Walter Mitchell,30,11,0,2026-09-14 05:31:20
2026-09-14 05:30:15,ARSC400,0102,Walter Mitchell,20,18,0,2026-09-14 05:31:20
2026-09-14 05:30:15,ARSC400,0201,Walter Mitchell,10,10,0,2026-09-14 05:31:20
2026-09-14 05:30:15,BMIN210,0101,Darlene Dennison,180,1,0,2026-09-14 05:31:58
2026-09-14 05:30:15,BMIN210,0201,Darlene Dennison,180,96,0,2026-09-14 05:31:58
2026-09-14 05:30:15,BMIN305,0101,Tejwansh Anand,180,14,0,2026-09-14 05:31:58
2026-09-14 05:30:15,BMIN345,0101,Michael Padhi,275,35,0,2026-09-14 05:31:59
2026-09-14 05:30:15,BMIN355,0101,Idil Yaveroglu,180,0,0,2026-09-14 05:31:59
2026-09-14 05:30:15,BMIN355,0201,Idil Yaveroglu,180,26,0,2026-09-14 05:31:59
2026-09-14 05:30:15,BMIN375,0101,Leland Gardner,185,4,0,2026-09-14 05:31:59
2026-09-14 05:30:15,BMIN395,0101,Nima Farshchi,200,2,0,2026-09-14 05:31:59
2026-09-14 05:30:15,BMIN395,0201,Nima Farshchi,200,105,0,2026-09-14 05:31:59
2026-09-14 05:30:15,BOIS602,WI01,Woei-jyh Lee,40,6,0,2026-09-14 05:32:02
2026-09-14 05:30:15,BOIS604,WI01,Manmohan Aseri,40,5,0,2026-09-14 05:32:02
2026-09-14 05:30:15,BOIS631,WI01,Sujin Kim,40,8,0,2026-09-14 05:32:02
2026-09-14 05:30:15,BSOS355,0101,Liza Lebrun,30,30,0,2026-09-14 05:32:09
2026-09-14 05:30:15,BSOS361,0101,TC Lloyd,30,2,0,2026-09-14 05:32:09
2026-09-14 05:30:15,BSOS361,0103,Keia Brown,30,2,0,2026-09-14 05:32:09
2026-09-14 05:30:15,BSOS361,0104,David Tana,30,2,0,2026-09-14 05:32:09
2026-09-14 05:30:15,BSOS361,0105,TC Lloyd,30,2,0,2026-09-14 05:32:09
2026-09-14 05:30:15,BSOS388C,0101,Nikita Kimani,20,0,0,2026-09-14 05:32:09
2026-09-14 05:30:15,BSOS388C,0201,Nikita Kimani,20,0,0,2026-09-14 05:32:09
2026-09-14 05:30:15,BSOS388E,0101,Liza Lebrun,30,30,0,2026-09-14 05:32:09
2026-09-14 05:30:15,BUSO600,SO11,Neta Moye,42,5,0,2026-09-14 05:32:23
2026-09-14 05:30:15,BUSO600,SO12,Neta Moye,42,9,0,2026-09-14 05:32:23
2026-09-14 05:30:15,BUSO603,SO11,Ilya Ryzhov,42,5,0,2026-09-14 05:32:23
2026-09-14 05:30:15,BUSO603,SO12,Ilya Ryzhov,42,4,0,2026-09-14 05:32:23
2026-09-14 05:30:15,BUSO604,SO11,Bennet Zelner,42,6,0,2026-09-14 05:32:23
2026-09-14 05:30:15,BUSO604,SO12,Bennet Zelner,42,6,0,2026-09-14 05:32:23
2026-09-14 05:30:15,BUSO612,SO11,Henry Boyd,42,3,0,2026-09-14 05:32:23
2026-09-14 05:30:15,BUSO612,SO12,Henry Boyd,42,5,0,2026-09-14 05:32:23
2026-09-14 05:30:15,BUSO616,SO31,Brent Solomon,38,2,0,2026-09-14 05:32:23
2026-09-14 05:30:15,BUSO616,SO32,Brent Solomon,38,0,0,2026-09-14 05:32:23
2026-09-14 05:30:15,BUSO624,SO31,Yi Xu,38,2,0,2026-09-14 05:32:23
2026-09-14 05:30:15,BUSO624,SO32,Yi Xu,38,0,0,2026-09-14 05:32:23
2026-09-14 05:30:15,BUSO700,SO91,Paulo Prochno,0,0,0,2026-09-14 05:32:23
2026-09-14 05:30:15,BUSO711,SO31,Gosia Langa Basit,28,0,0,2026-09-14 05:32:24
2026-09-14 05:30:15,BUSO711,SO32,Gosia Langa Basit,28,3,0,2026-09-14 05:32:24
2026-09-14 05:30:15,BUSO711,SO33,Gosia Langa Basit,28,1,0,2026-09-14 05:32:24
2026-09-14 05:30:15,BUSO731,SO51,Tejwansh Anand,49,0,1,2026-09-14 05:32:24
2026-09-14 05:30:15,BUSO752,SO51,Leland Gardner,35,13,0,2026-09-14 05:32:24
2026-09-14 05:30:15,BUSO758G,SO51,James Seward,35,11,0,2026-09-14 05:32:24
2026-09-14 05:30:15,BUSO758M,SO51,Paulo Prochno,49,2,0,2026-09-14 05:32:24
2026-09-14 05:30:15,BUSO758M,SO52,Paulo Prochno,49,3,0,2026-09-14 05:32:24
2026-09-14 05:30:15,BUSO758T,SO51,Michael Cichello,35,18,0,2026-09-14 05:32:24
2026-09-14 05:30:15,BUSO758W,SO51,Yogesh Joshi,33,2,0,2026-09-14 05:32:25
2026-09-14 05:30:15,BUSO758W,SO52,Yogesh Joshi,33,2,0,2026-09-14 05:32:25
2026-09-14 05:30:15,BUSO758X,SO51,Pallassana Kannan,49,3,0,2026-09-14 05:32:25
2026-09-14 05:30:15,BUSO788F,GX01,Judy Frels,25,6,0,2026-09-14 05:32:25
2026-09-14 05:30:15,BUSO788W,GX01,Zhi-Long Chen,30,5,0,2026-09-14 05:32:25
2026-09-14 05:30:15,CHSE200,0101,Betsy Tornquist,10,1,0,2026-09-14 05:32:42
2026-09-14 05:30:15,CHSE205,0101,Yewon Lee,60,0,1,2026-09-14 05:32:42
2026-09-14 05:30:15,CHSE205,0201,Yewon Lee,60,0,1,2026-09-14 05:32:42
2026-09-14 05:30:15,CHSE228C,0101,Nikita Kimani,20,0,0,2026-09-14 05:32:42
2026-09-14 05:30:15,CHSE228C,0201,Nikita Kimani,20,0,0,2026-09-14 05:32:42
2026-09-14 05:30:15,CHSE228C,0301,Nikita Kimani,20,0,0,2026-09-14 05:32:42
2026-09-14 05:30:15,CHSE230,0101,Isabelle Grable,25,16,0,2026-09-14 05:32:43
2026-09-14 05:30:15,CHSE376,0101,Michael Dunham,22,0,3,2026-09-14 05:32:43
2026-09-14 05:30:15,CHSE376,0201,Colleen McGilpin,20,0,4,2026-09-14 05:32:43
2026-09-14 05:30:15,CHSE376,0301,Elizabeth Martinez,20,0,0,2026-09-14 05:32:43
2026-09-14 05:30:15,CHSE376,0401,Chanai Brewster,20,3,0,2026-09-14 05:32:43
2026-09-14 05:30:15,CHSE476,0101,Michael Dunham,20,6,0,2026-09-14 05:32:43
2026-09-14 05:30:15,CHSE477,0101,Michael Dunham,15,4,0,2026-09-14 05:32:43
2026-09-14 05:30:15,CHSE489,1901,Amy D'Agati,15,10,0,2026-09-14 05:32:43
2026-09-14 05:30:15,CINE245,0101,Eric Zakim,22,0,2,2026-09-14 05:32:45
2026-09-14 05:30:15,CINE245,0102,Eric Zakim,22,0,3,2026-09-14 05:32:45
2026-09-14 05:30:15,CINE245,0103,Eric Zakim,22,0,3,2026-09-14 05:32:45
2026-09-14 05:30:15,CINE245,0104,Eric Zakim,22,0,1,2026-09-14 05:32:45
2026-09-14 05:30:15,CINE280,0101,Porter Olsen,30,0,0,2026-09-14 05:32:45
2026-09-14 05:30:15,CINE280,0201,John Tobin,30,0,0,2026-09-14 05:32:45
2026-09-14 05:30:15,CINE298A,0101,Caroline Eades,20,0,0,2026-09-14 05:32:45
2026-09-14 05:30:15,CINE301,0101,Eric Zakim,30,0,0,2026-09-14 05:32:45
2026-09-14 05:30:15,CINE310,0101,Nathaniel Stevens,15,2,0,2026-09-14 05:32:45
2026-09-14 05:30:15,CINE315,0101,Yael Inbar,15,0,0,2026-09-14 05:32:46
2026-09-14 05:30:15,CINE319G,0101,Oliver Gaycken,25,15,0,2026-09-14 05:32:46
2026-09-14 05:30:15,CINE319P,5501,Samuel Crawford,11,0,1,2026-09-14 05:32:46
2026-09-14 05:30:15,CINE319Z,0101,Paul Cote,25,7,0,2026-09-14 05:32:46
2026-09-14 05:30:15,CINE329T,0101,Daniel Richter,25,0,4,2026-09-14 05:32:46
2026-09-14 05:30:15,CINE332,0101,Parker Brookie,25,0,0,2026-09-14 05:32:46
2026-09-14 05:30:15,CINE334,0101,Elizabeth Papazian,25,0,0,2026-09-14 05:32:47
2026-09-14 05:30:15,CINE337,0101,Jason Kuo,25,0,1,2026-09-14 05:32:47
2026-09-14 05:30:15,CINE342,0101,Luka Arsenjuk,20,0,1,2026-09-14 05:32:49
2026-09-14 05:30:15,CINE350,0101,John Drabinski,20,0,0,2026-09-14 05:32:49
2026-09-14 05:30:15,CINE359C,0101,Daniel Richter,25,0,2,2026-09-14 05:32:49
2026-09-14 05:30:15,CINE369B,0101,Eva Hageman,30,1,0,2026-09-14 05:32:49
2026-09-14 05:30:15,CINE369K,0101,Paul Cote,20,0,1,2026-09-14 05:32:49
2026-09-14 05:30:15,CINE376,0101,Ross Angelella,15,3,0,2026-09-14 05:32:50
2026-09-14 05:30:15,CINE376,0102,Ross Angelella,5,2,0,2026-09-14 05:32:50
2026-09-14 05:30:15,CINE415,0101,Mathew Bainbridge,15,0,0,2026-09-14 05:32:50
2026-09-14 05:30:15,CINE419P,0101,Oliver Gaycken,20,14,0,2026-09-14 05:32:50
2026-09-14 05:30:15,CINE459P,0101,Luka Arsenjuk,20,0,2,2026-09-14 05:32:50
2026-09-14 05:30:15,CLAS170,0101,Chiara Graf,21,1,0,2026-09-14 05:32:52
2026-09-14 05:30:15,CLAS170,0102,Chiara Graf,21,0,0,2026-09-14 05:32:52
2026-09-14 05:30:15,CLAS170,0103,Chiara Graf,21,0,0,2026-09-14 05:32:52
2026-09-14 05:30:15,CLAS170,0104,Chiara Graf,21,0,0,2026-09-14 05:32:52
2026-09-14 05:30:15,CLAS170,0105,Chiara Graf,21,0,0,2026-09-14 05:32:52
2026-09-14 05:30:15,CLAS170,0106,Chiara Graf,21,2,0,2026-09-14 05:32:52
2026-09-14 05:30:15,CLAS170,0107,Chiara Graf,21,0,0,2026-09-14 05:32:52
2026-09-14 05:30:15,CLAS170,0108,Chiara Graf,21,1,0,2026-09-14 05:32:52
2026-09-14 05:30:15,CLAS170,0109,Chiara Graf,22,0,0,2026-09-14 05:32:52
2026-09-14 05:30:15,CLAS170,FC01,Chelsea Stolt,28,4,0,2026-09-14 05:32:52
2026-09-14 05:30:15,CLAS170,FC02,Chelsea Stolt,28,0,0,2026-09-14 05:32:52
2026-09-14 05:30:15,CLAS170,FC03,Eugenia Lao,28,8,0,2026-09-14 05:32:52
2026-09-14 05:30:15,CLAS170,FC05,Charis Addai,28,6,0,2026-09-14 05:32:52
2026-09-14 05:30:15,CLAS277,0101,Chiara Graf,25,0,0,2026-09-14 05:32:52
2026-09-14 05:30:15,CLAS277,0102,Chiara Graf,25,1,0,2026-09-14 05:32:52
2026-09-14 05:30:15,CLAS277,0103,Chiara Graf,25,4,0,2026-09-14 05:32:52
2026-09-14 05:30:15,CLAS277,0104,Chiara Graf,25,1,0,2026-09-14 05:32:52
2026-09-14 05:30:15,CLAS277,0105,Chiara Graf,25,0,0,2026-09-14 05:32:52
2026-09-14 05:30:15,CLAS277,0106,Chiara Graf,25,1,0,2026-09-14 05:32:52
2026-09-14 05:30:15,CLAS305,0101,Jorge Bravo,35,1,0,2026-09-14 05:32:52
2026-09-14 05:30:15,CLAS309N,0101,Nathan Levine,35,26,0,2026-09-14 05:32:52
2026-09-14 05:30:15,CLAS310,0101,Rachel Singpurwalla,20,0,1,2026-09-14 05:32:52
2026-09-14 05:30:15,CLAS310,0102,Rachel Singpurwalla,20,0,2,2026-09-14 05:32:52
2026-09-14 05:30:15,CLAS310,0103,Rachel Singpurwalla,20,0,3,2026-09-14 05:32:52
2026-09-14 05:30:15,CLAS312,0101,Polyvia Parara,35,6,0,2026-09-14 05:32:52
2026-09-14 05:30:15,CMLT235,0101,Brielle Gorrell,30,1,0,2026-09-14 05:32:55
2026-09-14 05:30:15,CMLT270,0101,Hannah (Toyin) Adeyemi,30,0,0,2026-09-14 05:32:55
2026-09-14 05:30:15,CMLT270,0201,Shakiba Sharifpour,30,1,0,2026-09-14 05:32:55
2026-09-14 05:30:15,CMLT275,0201,Abhinav Bhardwaj,30,0,1,2026-09-14 05:32:55
2026-09-14 05:30:15,CMLT277,0101,Nahid Ahmadian,30,2,0,2026-09-14 05:32:55
2026-09-14 05:30:15,CMLT280,0101,Porter Olsen,30,0,0,2026-09-14 05:32:56
2026-09-14 05:30:15,CMLT280,0201,John Tobin,30,0,0,2026-09-14 05:32:56
2026-09-14 05:30:15,CPBE100,0101,Oliver Schlake,95,25,0,2026-09-14 05:33:16
2026-09-14 05:30:15,CPBE200,0101,Oliver Schlake,75,33,0,2026-09-14 05:33:16
2026-09-14 05:30:15,CPBE225,0101,Ira Koretsky,38,13,0,2026-09-14 05:33:16
2026-09-14 05:30:15,CPBE225,0102,Ira Koretsky,38,22,0,2026-09-14 05:33:16
2026-09-14 05:30:15,CPCV100,0101,Julie Randolph,40,1,0,2026-09-14 05:33:17
2026-09-14 05:30:15,CPCV100,0201,Julie Randolph,40,8,0,2026-09-14 05:33:17
2026-09-14 05:30:15,CPCV200,0101,Julie Randolph,35,1,0,2026-09-14 05:33:17
2026-09-14 05:30:15,CPCV200,0201,Julie Randolph,35,16,0,2026-09-14 05:33:17
2026-09-14 05:30:15,CPCV225,0101,Korey Rothman,75,4,0,2026-09-14 05:33:18
2026-09-14 05:30:15,CPDJ100,0101,Jess Feltner,75,2,0,2026-09-14 05:33:19
2026-09-14 05:30:15,CPDJ200,0101,Andrew Fellows,75,37,0,2026-09-14 05:33:19
2026-09-14 05:30:15,CPET100,0101,Tim Knight,75,4,0,2026-09-14 05:33:20
2026-09-14 05:30:15,CPET200,0101,Tim Knight,75,7,0,2026-09-14 05:33:20
2026-09-14 05:30:15,CPGH100,0101,John Wiggins,85,7,0,2026-09-14 05:33:22
2026-09-14 05:30:15,CPGH200,0101,John Wiggins,75,18,0,2026-09-14 05:33:22
2026-09-14 05:30:15,CPJT100,0101,Justine DeCamillis,75,7,0,2026-09-14 05:33:23
2026-09-14 05:30:15,CPJT200,0101,Justine DeCamillis,75,21,0,2026-09-14 05:33:23
2026-09-14 05:30:15,CPMS100,0101,Alison Burns,75,0,0,2026-09-14 05:33:24
2026-09-14 05:30:15,CPMS200,0101,Alison Burns,75,11,0,2026-09-14 05:33:25
2026-09-14 05:30:15,CPMS225,0101,Alison Burns,75,0,0,2026-09-14 05:33:25
2026-09-14 05:30:15,CPMS230,0101,Alison Burns,30,11,0,2026-09-14 05:33:25
2026-09-14 05:30:15,CPMS240,0101,Carole Lee,20,17,0,2026-09-14 05:33:25
2026-09-14 05:30:15,CPPL100,0101,Kelly Brower,78,2,0,2026-09-14 05:33:26
2026-09-14 05:30:15,CPPL200,0101,Susannah Washburn,75,15,0,2026-09-14 05:33:26
2026-09-14 05:30:15,CPSA100,0101,Andrea Cesar,75,13,0,2026-09-14 05:33:28
2026-09-14 05:30:15,CPSA200,0101,Andrea Cesar,75,34,0,2026-09-14 05:33:28
2026-09-14 05:30:15,CPSF100,0101,Nicholas Fletcher,85,1,0,2026-09-14 05:33:29
2026-09-14 05:30:15,CPSF200,0101,Nicholas Fletcher,75,5,0,2026-09-14 05:33:29
2026-09-14 05:30:15,CPSG100,0101,Thomas Holtz,85,11,0,2026-09-14 05:33:31
2026-09-14 05:30:15,CPSG200,0101,Thomas Holtz,75,29,0,2026-09-14 05:33:31
2026-09-14 05:30:15,CPSN100,0101,Hansol Kwak,85,5,0,2026-09-14 05:33:32
2026-09-14 05:30:15,CPSN200,0101,Stacy Kosko,75,42,0,2026-09-14 05:33:32
2026-09-14 05:30:15,CPSN230,0101,Sarah Kilmer,20,18,0,2026-09-14 05:33:32
2026-09-14 05:30:15,CPSN240,0101,Sarah Kilmer,10,7,0,2026-09-14 05:33:33
2026-09-14 05:30:15,CPSN250,0101,Sarah Kilmer,5,5,0,2026-09-14 05:33:33
2026-09-14 05:30:15,CPSP110,0101,Markell Saunders,18,8,0,2026-09-14 05:33:34
2026-09-14 05:30:15,CPSP110,0201,Patrice Greene,18,13,0,2026-09-14 05:33:34
2026-09-14 05:30:15,CPSP220,0101,Tiara Thomas,20,1,0,2026-09-14 05:33:34
2026-09-14 05:30:15,CPSP239A,0101,Heather-Erin Bremenstuhl,10,5,0,2026-09-14 05:33:34
2026-09-14 05:30:15,CPSP269C,0101,Korey Rothman,5,5,0,2026-09-14 05:33:34
2026-09-14 05:30:15,CPSP339P,0101,Susannah Washburn,10,7,0,2026-09-14 05:33:35
2026-09-14 05:30:15,CPSS100,0101,Nicole Mogul,85,6,0,2026-09-14 05:33:36
2026-09-14 05:30:15,CPSS220,0101,Nicole Mogul,20,2,0,2026-09-14 05:33:36
2026-09-14 05:30:15,CPSS225,0101,Roan Parrish,20,14,0,2026-09-14 05:33:36
2026-09-14 05:30:15,CPSS340,0101,David Tomblin,20,5,0,2026-09-14 05:33:36
2026-09-14 05:30:15,CRLN101,0103,Myles Alexander,25,1,0,2026-09-14 05:33:38
2026-09-14 05:30:15,CRLN101,0104,Tami Smith,26,0,0,2026-09-14 05:33:38
2026-09-14 05:30:15,CRLN101,0105,Denis Garcia Reyes,25,0,0,2026-09-14 05:33:38
2026-09-14 05:30:15,CRLN101,0106,Mitch Woolley,25,4,0,2026-09-14 05:33:38
2026-09-14 05:30:15,CRLN101,0107,Esohe Owie,25,0,0,2026-09-14 05:33:38
2026-09-14 05:30:15,DATA100,0111,Matthew Griffin,33,4,0,2026-09-14 05:33:43
2026-09-14 05:30:15,DATA100,0112,Matthew Griffin,35,1,0,2026-09-14 05:33:43
2026-09-14 05:30:15,DATA100,0121,Matthew Griffin,35,2,0,2026-09-14 05:33:43
2026-09-14 05:30:15,DATA100,0122,Matthew Griffin,33,0,0,2026-09-14 05:33:43
2026-09-14 05:30:15,DATA100,0123,Matthew Griffin,33,1,0,2026-09-14 05:33:43
2026-09-14 05:30:15,DATA100,0124,Matthew Griffin,33,0,0,2026-09-14 05:33:43
2026-09-14 05:30:15,DATA100,0131,Matthew Griffin,33,1,0,2026-09-14 05:33:43
2026-09-14 05:30:15,DATA100,0141,Matthew Griffin,35,0,0,2026-09-14 05:33:43
2026-09-14 05:30:15,DATA100,0142,Matthew Griffin,33,0,0,2026-09-14 05:33:43
2026-09-14 05:30:15,DATA100,0211,Matthew Griffin,33,1,0,2026-09-14 05:33:43
2026-09-14 05:30:15,DATA100,0212,Matthew Griffin,35,0,0,2026-09-14 05:33:43
2026-09-14 05:30:15,DATA100,0221,Matthew Griffin,30,0,0,2026-09-14 05:33:43
2026-09-14 05:30:15,DATA100,0223,Matthew Griffin,32,0,0,2026-09-14 05:33:43
2026-09-14 05:30:15,DATA100,0224,Matthew Griffin,30,1,0,2026-09-14 05:33:43
2026-09-14 05:30:15,DATA100,0231,Matthew Griffin,33,3,0,2026-09-14 05:33:43
2026-09-14 05:30:15,DATA100,0311,Archana Khurana,35,6,0,2026-09-14 05:33:43
2026-09-14 05:30:15,DATA100,0312,Archana Khurana,35,1,0,2026-09-14 05:33:43
2026-09-14 05:30:15,DATA100,0321,Archana Khurana,35,0,0,2026-09-14 05:33:43
2026-09-14 05:30:15,DATA100,0322,Archana Khurana,35,1,0,2026-09-14 05:33:43
2026-09-14 05:30:15,DATA100,0323,Archana Khurana,35,0,0,2026-09-14 05:33:43
2026-09-14 05:30:15,DATA100,0341,Archana Khurana,35,5,0,2026-09-14 05:33:43
2026-09-14 05:30:15,DATA110,0101,Susan Mazzullo,250,24,0,2026-09-14 05:33:44
2026-09-14 05:30:15,DATA120,0101,Fardina Alam,200,0,3,2026-09-14 05:33:44
2026-09-14 05:30:15,DATA200,0101,Fardina Alam,90,32,0,2026-09-14 05:33:44
2026-09-14 05:30:15,DATA250,0101,Todd Rowland,43,7,0,2026-09-14 05:33:44
2026-09-14 05:30:15,DATA320,0101,Maksym Morawski,15,10,0,2026-09-14 05:33:44
2026-09-14 05:30:15,DATA320,0201,Maksym Morawski,20,10,0,2026-09-14 05:33:44
2026-09-14 05:30:15,DATA320,0301,Fardina Alam,20,1,0,2026-09-14 05:33:44
2026-09-14 05:30:15,DATA350,0101,Raluca Rosca,30,11,0,2026-09-14 05:33:44
2026-09-14 05:30:15,DATA350,0201,Jonathan Fernandes,34,5,0,2026-09-14 05:33:44
2026-09-14 05:30:15,DATA400,0111,Salman Safdar,27,1,0,2026-09-14 05:33:44
2026-09-14 05:30:15,DATA400,0112,Salman Safdar,30,1,0,2026-09-14 05:33:44
2026-09-14 05:30:15,DATA400,0121,Salman Safdar,27,2,0,2026-09-14 05:33:44
2026-09-14 05:30:15,DATA400,0122,Salman Safdar,27,4,0,2026-09-14 05:33:44
2026-09-14 05:30:15,DATA400,0131,Salman Safdar,27,3,0,2026-09-14 05:33:44
2026-09-14 05:30:15,DATA400,0132,Salman Safdar,27,8,0,2026-09-14 05:33:44
2026-09-14 05:30:15,DATA400,0211,Timothy Pilachowski,30,3,0,2026-09-14 05:33:44
2026-09-14 05:30:15,DATA400,0212,Timothy Pilachowski,30,4,0,2026-09-14 05:33:44
2026-09-14 05:30:15,DATA400,0221,Timothy Pilachowski,30,3,0,2026-09-14 05:33:44
2026-09-14 05:30:15,DATA400,0222,Timothy Pilachowski,30,1,0,2026-09-14 05:33:44
2026-09-14 05:30:15,DATA400,0231,Timothy Pilachowski,30,0,0,2026-09-14 05:33:44
2026-09-14 05:30:15,DATA400,0232,Timothy Pilachowski,30,2,0,2026-09-14 05:33:44
2026-09-14 05:30:15,DATA400,0311,Mestiyage Gunatilleka,32,0,1,2026-09-14 05:33:44
2026-09-14 05:30:15,DATA400,0312,Mestiyage Gunatilleka,30,0,2,2026-09-14 05:33:44
2026-09-14 05:30:15,DATA400,0321,Mestiyage Gunatilleka,32,0,1,2026-09-14 05:33:44
2026-09-14 05:30:15,DATA400,0322,Mestiyage Gunatilleka,30,0,1,2026-09-14 05:33:44
2026-09-14 05:30:15,DATA400,0331,Mestiyage Gunatilleka,32,0,1,2026-09-14 05:33:44
2026-09-14 05:30:15,DATA400,0332,Mestiyage Gunatilleka,30,0,1,2026-09-14 05:33:44
2026-09-14 05:30:15,DATA400,0511,Shixin Zheng,35,0,0,2026-09-14 05:33:44
2026-09-14 05:30:15,DATA400,0521,Shixin Zheng,35,0,0,2026-09-14 05:33:44
2026-09-14 05:30:15,DATA400,0531,Shixin Zheng,35,0,0,2026-09-14 05:33:44
2026-09-14 05:30:15,DATA601,PCS1,Sandra Cerrai,50,6,0,2026-09-14 05:33:45
2026-09-14 05:30:15,DATA601,PCS2,Jonathan Fernandes,60,20,0,2026-09-14 05:33:45
2026-09-14 05:30:15,DATA601,PWS1,Leonid Koralov,60,3,0,2026-09-14 05:33:45
2026-09-14 05:30:15,DATA602,PCS1,Sujeong Kim,44,5,0,2026-09-14 05:33:45
2026-09-14 05:30:15,DATA602,PCS2,Sujeong Kim,44,9,0,2026-09-14 05:33:45
2026-09-14 05:30:15,DATA602,PWS1,Fardina Alam,44,3,0,2026-09-14 05:33:45
2026-09-14 05:30:15,DATA603,PCS1,Babak Azimi-Sadjadi,55,15,0,2026-09-14 05:33:45
2026-09-14 05:30:15,DATA603,PWS1,Kemal Davaslioglu,55,19,0,2026-09-14 05:33:45
2026-09-14 05:30:15,DATA605,PCS1,Tammy Perrin,44,30,0,2026-09-14 05:33:45
2026-09-14 05:30:15,DATA605,PCS2,Tammy Perrin,44,21,0,2026-09-14 05:33:45
2026-09-14 05:30:15,DATA605,PWS1,Giacinto Paolo Saggese,44,35,0,2026-09-14 05:33:45
2026-09-14 05:30:15,DATA607,PCS1,Mestiyage Gunatilleka,44,29,0,2026-09-14 05:33:45
2026-09-14 05:30:15,DATA607,PCS2,Kendall Williams,55,0,0,2026-09-14 05:33:45
2026-09-14 05:30:15,DATA607,PCS3,Vincent Lyzinski,44,3,0,2026-09-14 05:33:45
2026-09-14 05:30:15,DATA612,PCS1,Samet Ayhan,50,23,0,2026-09-14 05:33:45
2026-09-14 05:30:15,DATA612,PWS1,Samet Ayhan,44,14,0,2026-09-14 05:33:45
2026-09-14 05:30:15,DATA641,PCS1,Toki Inan,50,19,0,2026-09-14 05:33:46
2026-09-14 05:30:15,DATA641,PWS1,Armin Mehrabian,50,0,0,2026-09-14 05:33:46
2026-09-14 05:30:15,DATA643,PCS1,Charles Forgy,50,30,0,2026-09-14 05:33:46
2026-09-14 05:30:15,DATA650,PCS1,Emre Gunduzhan,54,8,0,2026-09-14 05:33:46
2026-09-14 05:30:15,DATA650,PCS2,Emre Gunduzhan,54,10,0,2026-09-14 05:33:46
2026-09-14 05:30:15,ENAI600,0101,C Ravishankar,35,21,0,2026-09-14 05:34:06
2026-09-14 05:30:15,ENAI600,AEC1,C Ravishankar,20,5,0,2026-09-14 05:34:06
2026-09-14 05:30:15,ENAI601,0101,Richard La,35,22,0,2026-09-14 05:34:06
2026-09-14 05:30:15,ENAI601,AEC1,Richard La,20,8,0,2026-09-14 05:34:06
2026-09-14 05:30:15,ENAI607,0101,Zoltan Safar,29,24,0,2026-09-14 05:34:06
2026-09-14 05:30:15,ENAI607,AEC1,Zoltan Safar,20,9,0,2026-09-14 05:34:06
2026-09-14 05:30:15,ENBC301,ESG1,Sivan Saravanapavan,20,9,0,2026-09-14 05:34:08
2026-09-14 05:30:15,ENBC311,ESG1,Bahaa Ghammraoui,20,11,0,2026-09-14 05:34:08
2026-09-14 05:30:15,ENBC322,ESG1,Kyunghun Lee,20,11,0,2026-09-14 05:34:08
2026-09-14 05:30:15,ENBC331,ESG1,Lan Ma,20,10,0,2026-09-14 05:34:08
2026-09-14 05:30:15,ENBC332,ESG1,Jamasp Azarnoosh,20,11,0,2026-09-14 05:34:08
2026-09-14 05:30:15,ENBC341,ESG1,Jarred Callura,20,12,0,2026-09-14 05:34:08
2026-09-14 05:30:15,ENBC353,ESG1,Jarred Callura,20,15,0,2026-09-14 05:34:09
2026-09-14 05:30:15,ENBC423,ESG1,Jian Su,20,13,0,2026-09-14 05:34:09
2026-09-14 05:30:15,ENBC425,ESG1,Jamasp Azarnoosh,20,13,0,2026-09-14 05:34:09
2026-09-14 05:30:15,ENBC431,ESG1,Lan Ma,20,13,0,2026-09-14 05:34:09
2026-09-14 05:30:15,ENEB302,ESG1,Wesley Lawson,20,3,0,2026-09-14 05:34:18
2026-09-14 05:30:15,ENEB340,ESG1,Nestor Michael Tiglao,20,3,0,2026-09-14 05:34:18
2026-09-14 05:30:15,ENEB341,ESG1,Nestor Michael Tiglao,20,3,0,2026-09-14 05:34:18
2026-09-14 05:30:15,ENEB344,ESG1,Jerry Wu,20,3,0,2026-09-14 05:34:18
2026-09-14 05:30:15,ENEB346,ESG1,Nestor Michael Tiglao,20,13,0,2026-09-14 05:34:18
2026-09-14 05:30:15,ENEB354,ESG1,Yavuz Oruc,20,2,0,2026-09-14 05:34:19
2026-09-14 05:30:15,ENEB408A,ESG1,Nestor Michael Tiglao,20,13,0,2026-09-14 05:34:19
2026-09-14 05:30:15,ENEB444,ESG1,Manoj Franklin,20,13,0,2026-09-14 05:34:19
2026-09-14 05:30:15,ENEB454,ESG1,Jerry Wu,20,13,0,2026-09-14 05:34:19
2026-09-14 05:30:15,ENED101,0101,Shannon Bate,20,0,0,2026-09-14 05:35:17
2026-09-14 05:30:15,ENED115,0101,Friedrich Alvarez,100,6,0,2026-09-14 05:35:17
2026-09-14 05:30:15,ENED215,0101,Tyler Huddleston,30,1,0,2026-09-14 05:35:17
2026-09-14 05:30:15,ENED215,0102,Samantha Sabihi,40,25,0,2026-09-14 05:35:17
2026-09-14 05:30:15,ENED215,0103,Paige Smith,6,0,0,2026-09-14 05:35:17
2026-09-14 05:30:15,ENED290H,0101,Christopher Troilo,46,1,0,2026-09-14 05:35:19
2026-09-14 05:30:15,ENED390H,0101,Tony Barber,50,13,0,2026-09-14 05:35:19
2026-09-14 05:30:15,ENED394H,0101,Manmohan Aseri,65,14,0,2026-09-14 05:35:19
2026-09-14 05:30:15,ENED397,0101,Emily Marks,9,0,0,2026-09-14 05:35:19
2026-09-14 05:30:15,ENED490H,0101,Maria Bardossy,45,1,0,2026-09-14 05:35:20
2026-09-14 05:30:15,ENED491,0101,Jessica Roffe,10,1,0,2026-09-14 05:35:20
2026-09-14 05:30:15,ENMT301,ESG1,Colleen Murray,15,8,0,2026-09-14 05:35:56
2026-09-14 05:30:15,ENMT322,ESG1,Norman Wereley,15,9,0,2026-09-14 05:35:56
2026-09-14 05:30:15,ENMT361,ESG1,Young Choi,15,8,0,2026-09-14 05:35:56
2026-09-14 05:30:15,ENMT380,ESG1,Gurtajbir Herr,15,8,0,2026-09-14 05:35:56
2026-09-14 05:30:15,ENMT450,ESG1,Nicholas Limparis,7,5,0,2026-09-14 05:35:56
2026-09-14 05:30:15,ENMT471,ESG1,Colleen Murray,7,5,0,2026-09-14 05:35:56
2026-09-14 05:30:15,ENMT473,ESG1,Gurtajbir Herr,7,4,0,2026-09-14 05:35:57
2026-09-14 05:30:15,ENMT483,ESG1,Nicholas Limparis,7,5,0,2026-09-14 05:35:57
2026-09-14 05:30:15,ENMT499,ESG4,Nicholas Limparis,2,1,0,2026-09-14 05:35:57
2026-09-14 05:30:15,ENSE621,0101,Tony Barber,22,16,0,2026-09-14 05:36:02
2026-09-14 05:30:15,ENSE621,SY01,Tony Barber,15,0,0,2026-09-14 05:36:02
2026-09-14 05:30:15,ENSE623,0101,Steven Biemer,17,14,0,2026-09-14 05:36:02
2026-09-14 05:30:15,ENSE623,SY01,Steven Biemer,15,11,0,2026-09-14 05:36:02
2026-09-14 05:30:15,ENSE626,0101,Dane Cooper,20,16,0,2026-09-14 05:36:02
2026-09-14 05:30:15,ENSE626,SY01,Dane Cooper,15,9,0,2026-09-14 05:36:02
2026-09-14 05:30:15,ENSP101,0101,Annette Spivy,25,0,0,2026-09-14 05:36:04
2026-09-14 05:30:15,ENSP101,0102,Annette Spivy,24,0,0,2026-09-14 05:36:04
2026-09-14 05:30:15,ENSP101,0103,Annette Spivy,24,2,0,2026-09-14 05:36:04
2026-09-14 05:30:15,ENSP101,0104,Annette Spivy,24,1,0,2026-09-14 05:36:04
2026-09-14 05:30:15,ENSP101,0105,Annette Spivy,25,1,0,2026-09-14 05:36:04
2026-09-14 05:30:15,ENSP101,0106,Annette Spivy,24,0,0,2026-09-14 05:36:04
2026-09-14 05:30:15,ENSP101,0107,Annette Spivy,24,0,0,2026-09-14 05:36:04
2026-09-14 05:30:15,ENSP101,FC01,Annette Spivy,32,1,0,2026-09-14 05:36:04
2026-09-14 05:30:15,ENSP305,0101,Annette Spivy,23,0,1,2026-09-14 05:36:04
2026-09-14 05:30:15,ENSP330,0101,Joanna Goger,35,0,0,2026-09-14 05:36:04
2026-09-14 05:30:15,ENSP340,0101,Caroline Boules,25,0,0,2026-09-14 05:36:05
2026-09-14 05:30:15,ENSP360,0101,Leena Malayil,25,0,4,2026-09-14 05:36:05
2026-09-14 05:30:15,ENSP399R,0601,Annette Spivy,10,10,0,2026-09-14 05:36:06
2026-09-14 05:30:15,ENSP399R,1001,Jennifer Mullinax,10,10,0,2026-09-14 05:36:06
2026-09-14 05:30:15,ENSP400,0101,Joanna Goger,35,13,0,2026-09-14 05:36:06
2026-09-14 05:30:15,ENSP400,0102,Joanna Goger,35,11,0,2026-09-14 05:36:06
2026-09-14 05:30:15,ENVH121,FC01,Brienna Anderson,20,12,0,2026-09-14 05:36:16
2026-09-14 05:30:15,ENVH381,0101,Donald Milton,30,10,0,2026-09-14 05:36:16
2026-09-14 05:30:15,FGSM310,0101,Peter Owen,24,1,0,2026-09-14 05:36:19
2026-09-14 05:30:15,FGSM315,0101,Emily Shetty,22,0,0,2026-09-14 05:36:19
2026-09-14 05:30:15,FGSM320,0101,Woodie Kessel,24,2,0,2026-09-14 05:36:20
2026-09-14 05:30:15,FGSM325,0101,Rob Long,20,1,0,2026-09-14 05:36:20
2026-09-14 05:30:15,FGSM330,0101,Andrew Fausett,22,2,0,2026-09-14 05:36:20
2026-09-14 05:30:15,FGSM340,0101,Ed Fendley,22,1,0,2026-09-14 05:36:20
2026-09-14 05:30:15,FGSM350,0101,Sean Misko,22,1,0,2026-09-14 05:36:20
2026-09-14 05:30:15,FGSM355,0101,Amanda Schoch,20,0,0,2026-09-14 05:36:20
2026-09-14 05:30:15,FGSM360,0101,Nadia Farra,21,0,0,2026-09-14 05:36:21
2026-09-14 05:30:15,FGSM365,0101,Andrew Nissen,20,2,0,2026-09-14 05:36:21
2026-09-14 05:30:15,FGSM370,0101,Joshua Glasser,20,0,0,2026-09-14 05:36:21
2026-09-14 05:30:15,FGSM390,0101,Sasha Koo-Oshima,20,3,0,2026-09-14 05:36:21
2026-09-14 05:30:15,FGSM398,0101,Jayakumar Arasan,25,21,0,2026-09-14 05:36:21
2026-09-14 05:30:15,FGSM398,0201,Jayakumar Arasan,5,2,0,2026-09-14 05:36:21
2026-09-14 05:30:15,FIRE120,0101,Jessica O'Hara,36,0,0,2026-09-14 05:36:22
2026-09-14 05:30:15,FIRE120,0102,Shannon Hilton,36,7,0,2026-09-14 05:36:22
2026-09-14 05:30:15,FIRE120,0103,Jaclyn Bruner,36,2,0,2026-09-14 05:36:22
2026-09-14 05:30:15,FIRE120,0104,Danielle Niu,36,0,0,2026-09-14 05:36:22
2026-09-14 05:30:15,FIRE120,0105,Cherisse Hall,36,0,0,2026-09-14 05:36:22
2026-09-14 05:30:15,FIRE120,0106,Sara Strey,36,0,0,2026-09-14 05:36:22
2026-09-14 05:30:15,FIRE120,0107,Helene Nguemgaing,36,1,0,2026-09-14 05:36:22
2026-09-14 05:30:15,FIRE120,0108,Mary Chey,36,0,0,2026-09-14 05:36:22
2026-09-14 05:30:15,FIRE120,0109,Shannon Hilton,36,0,0,2026-09-14 05:36:22
2026-09-14 05:30:15,FIRE120,0110,Lena Johnson,36,0,0,2026-09-14 05:36:22
2026-09-14 05:30:15,FIRE120,0111,Benjamin Huffman,36,0,0,2026-09-14 05:36:22
2026-09-14 05:30:15,FIRE120,0112,Mary Chey,36,1,0,2026-09-14 05:36:22
2026-09-14 05:30:15,FIRE120,0113,Elizabeth Massey,36,8,0,2026-09-14 05:36:22
2026-09-14 05:30:15,FIRE120,0114,Benjamin Huffman,36,0,0,2026-09-14 05:36:22
2026-09-14 05:30:15,FIRE120,FC01,Danielle Niu,40,0,7,2026-09-14 05:36:22
2026-09-14 05:30:15,FIRE298,0101,Catherine Spirito,28,3,0,2026-09-14 05:36:23
2026-09-14 05:30:15,FIRE298,0103,Cherisse Hall,36,7,0,2026-09-14 05:36:23
2026-09-14 05:30:15,FIRE298,0104,Jessica O'Hara,36,4,0,2026-09-14 05:36:23
2026-09-14 05:30:15,FIRE298,0105,Kaylee Bloom,36,7,0,2026-09-14 05:36:23
2026-09-14 05:30:15,FIRE298,0106,Danielle Niu,36,16,0,2026-09-14 05:36:23
2026-09-14 05:30:15,FIRE298,0107,Benjamin Huffman,40,1,0,2026-09-14 05:36:23
2026-09-14 05:30:15,FIRE298,0108,Elizabeth Massey,40,14,0,2026-09-14 05:36:23
2026-09-14 05:30:15,FIRE298,0109,Shannon Hilton,40,6,0,2026-09-14 05:36:23
2026-09-14 05:30:15,FIRE298,0110,Jaclyn Bruner,40,19,0,2026-09-14 05:36:23
2026-09-14 05:30:15,FIRE298,0111,Mary Chey,36,4,0,2026-09-14 05:36:23
2026-09-14 05:30:15,FIRE298,0112,Helene Nguemgaing,40,16,0,2026-09-14 05:36:23
2026-09-14 05:30:15,FIRE298,0113,Kristina Kramarczuk,40,11,0,2026-09-14 05:36:23
2026-09-14 05:30:15,FIRE298,0114,Shabnam Jabeen,40,22,0,2026-09-14 05:36:23
2026-09-14 05:30:15,FIRE298,0115,Sara Strey,40,14,0,2026-09-14 05:36:23
2026-09-14 05:30:15,FIRE298,0116,Lena Johnson,40,5,0,2026-09-14 05:36:23
2026-09-14 05:30:15,FIRE398,0101,Catherine Spirito,15,2,0,2026-09-14 05:36:23
2026-09-14 05:30:15,FIRE398,0103,Cherisse Hall,15,5,0,2026-09-14 05:36:23
2026-09-14 05:30:15,FIRE398,0104,Jessica O'Hara,15,1,0,2026-09-14 05:36:23
2026-09-14 05:30:15,FIRE398,0105,Kaylee Bloom,15,2,0,2026-09-14 05:36:23
2026-09-14 05:30:15,FIRE398,0106,Danielle Niu,15,10,0,2026-09-14 05:36:23
2026-09-14 05:30:15,FIRE398,0107,Benjamin Huffman,15,3,0,2026-09-14 05:36:23
2026-09-14 05:30:15,FIRE398,0108,Elizabeth Massey,15,6,0,2026-09-14 05:36:23
2026-09-14 05:30:15,FIRE398,0109,Shannon Hilton,15,6,0,2026-09-14 05:36:23
2026-09-14 05:30:15,FIRE398,0110,Jaclyn Bruner,15,9,0,2026-09-14 05:36:23
2026-09-14 05:30:15,FIRE398,0111,Mary Chey,15,3,0,2026-09-14 05:36:23
2026-09-14 05:30:15,FIRE398,0112,Helene Nguemgaing,15,15,0,2026-09-14 05:36:23
2026-09-14 05:30:15,FIRE398,0113,Kristina Kramarczuk,15,8,0,2026-09-14 05:36:23
2026-09-14 05:30:15,FIRE398,0114,Shabnam Jabeen,15,15,0,2026-09-14 05:36:23
2026-09-14 05:30:15,FIRE398,0115,Sara Strey,15,14,0,2026-09-14 05:36:23
2026-09-14 05:30:15,FIRE398,0116,Lena Johnson,15,11,0,2026-09-14 05:36:23
2026-09-14 05:30:15,GBHL200,0101,Hassanatu Blake,30,0,1,2026-09-14 05:36:33
2026-09-14 05:30:15,GBHL200,FC01,Zandra Andre,25,3,0,2026-09-14 05:36:33
2026-09-14 05:30:15,GBHL210,0101,Leena Malayil,25,8,0,2026-09-14 05:36:33
2026-09-14 05:30:15,GEMS101,0101,Allison Lansverk,10,1,0,2026-09-14 05:36:35
2026-09-14 05:30:15,GEMS101,0103,Allison Lansverk,10,0,0,2026-09-14 05:36:35
2026-09-14 05:30:15,GEMS101,0104,Allison Lansverk,10,0,0,2026-09-14 05:36:35
2026-09-14 05:30:15,GEMS101,0105,Allison Lansverk,10,0,0,2026-09-14 05:36:35
2026-09-14 05:30:15,GEMS101,0106,Allison Lansverk,10,0,0,2026-09-14 05:36:35
2026-09-14 05:30:15,GEMS101,0107,Allison Lansverk,10,0,0,2026-09-14 05:36:35
2026-09-14 05:30:15,GEMS101,0109,Allison Lansverk,10,0,0,2026-09-14 05:36:35
2026-09-14 05:30:15,GEMS101,0111,Allison Lansverk,10,0,0,2026-09-14 05:36:35
2026-09-14 05:30:15,GEMS101,0113,Allison Lansverk,10,0,0,2026-09-14 05:36:35
2026-09-14 05:30:15,GEMS101,0114,Allison Lansverk,10,0,0,2026-09-14 05:36:35
2026-09-14 05:30:15,GEMS202,0101,Allison Lansverk,168,43,0,2026-09-14 05:36:35
2026-09-14 05:30:15,GEMS208A,0101,Allison Lansverk,14,14,0,2026-09-14 05:36:35
2026-09-14 05:30:15,GEMS208B,0101,Allison Lansverk,14,14,0,2026-09-14 05:36:35
2026-09-14 05:30:15,GEMS208C,0101,Allison Lansverk,23,10,0,2026-09-14 05:36:36
2026-09-14 05:30:15,GEMS208D,0101,Allison Lansverk,10,9,0,2026-09-14 05:36:36
2026-09-14 05:30:15,GEMS208P,0101,Allison Lansverk,20,4,0,2026-09-14 05:36:36
2026-09-14 05:30:15,GEMS296,0101,Sehrish Shikarpurya,14,6,0,2026-09-14 05:36:36
2026-09-14 05:30:15,GEMS296,0102,David Lovell,14,1,0,2026-09-14 05:36:36
2026-09-14 05:30:15,GEMS296,0103,Myles Poulin,14,1,0,2026-09-14 05:36:36
2026-09-14 05:30:15,GEMS296,0104,Raymond Adomaitis,14,3,0,2026-09-14 05:36:36
2026-09-14 05:30:15,GEMS296,0105,Rodolphe Gentili,14,4,0,2026-09-14 05:36:36
2026-09-14 05:30:15,GEMS296,0106,Jared Grauer,14,6,0,2026-09-14 05:36:36
2026-09-14 05:30:15,GEMS296,0107,Fengfeng Ke,14,4,0,2026-09-14 05:36:36
2026-09-14 05:30:15,GEMS296,0108,Eric Silk,14,4,0,2026-09-14 05:36:36
2026-09-14 05:30:15,GEMS296,0109,Huang Chiao Huang,14,1,0,2026-09-14 05:36:36
2026-09-14 05:30:15,GEMS296,0110,Mengqiang Zhu,14,6,0,2026-09-14 05:36:36
2026-09-14 05:30:15,GEMS296,0111,Maria Molina,14,6,0,2026-09-14 05:36:36
2026-09-14 05:30:15,GEMS296,0112,Erin Tran,14,1,0,2026-09-14 05:36:36
2026-09-14 05:30:15,GEMS296,0113,Instructor: TBA,5,5,0,2026-09-14 05:36:36
2026-09-14 05:30:15,GEMS296,0114,Instructor: TBA,14,14,0,2026-09-14 05:36:36
2026-09-14 05:30:15,GEMS296,0115,David Lovell,5,5,0,2026-09-14 05:36:36
2026-09-14 05:30:15,GEMS297,0113,Instructor: TBA,5,5,0,2026-09-14 05:36:36
2026-09-14 05:30:15,GEMS396,0101,Michael Humber,14,7,0,2026-09-14 05:36:36
2026-09-14 05:30:15,GEMS396,0102,Seth Dickey,14,2,0,2026-09-14 05:36:36
2026-09-14 05:30:15,GEMS396,0103,Cecilia Huertas Cerdeira,14,7,0,2026-09-14 05:36:36
2026-09-14 05:30:15,GEMS396,0104,Rodolphe Gentili,14,2,0,2026-09-14 05:36:36
2026-09-14 05:30:15,GEMS396,0105,Allison Reilly,14,5,0,2026-09-14 05:36:36
2026-09-14 05:30:15,GEMS396,0106,Peter Sunderland,14,5,0,2026-09-14 05:36:36
2026-09-14 05:30:15,GEMS396,0107,Brett Lacey,14,8,0,2026-09-14 05:36:36
2026-09-14 05:30:15,GEMS396,0108,Natalia Buzulukova,14,4,0,2026-09-14 05:36:36
2026-09-14 05:30:15,GEMS396,0109,Anil Deane,14,4,0,2026-09-14 05:36:36
2026-09-14 05:30:15,GEMS396,0110,Colenso Speer,14,3,0,2026-09-14 05:36:36
2026-09-14 05:30:15,GEMS396,0111,Instructor: TBA,14,14,0,2026-09-14 05:36:36
2026-09-14 05:30:15,GEMS396,0112,Instructor: TBA,14,14,0,2026-09-14 05:36:36
2026-09-14 05:30:15,GEMS396,0113,David Lovell,5,5,0,2026-09-14 05:36:36
2026-09-14 05:30:15,GEMS396,0114,David Lovell,5,5,0,2026-09-14 05:36:36
2026-09-14 05:30:15,GEMS397,0113,David Lovell,5,4,0,2026-09-14 05:36:37
2026-09-14 05:30:15,GEMS496,0101,Eric Haag,14,8,0,2026-09-14 05:36:37
2026-09-14 05:30:15,GEMS496,0102,Mohammad Nayeem Teli,14,10,0,2026-09-14 05:36:37
2026-09-14 05:30:15,GEMS496,0103,Norberto Gonzalez- Juarbe,14,4,0,2026-09-14 05:36:37
2026-09-14 05:30:15,GEMS496,0104,Abhinav Shrivastava,14,6,0,2026-09-14 05:36:37
2026-09-14 05:30:15,GEMS496,0105,Hector Alcala,14,4,0,2026-09-14 05:36:37
2026-09-14 05:30:15,GEMS496,0106,Massimo Ricotti,14,4,0,2026-09-14 05:36:37
2026-09-14 05:30:15,GEMS496,0107,Reza Ghodssi,14,7,0,2026-09-14 05:36:37
2026-09-14 05:30:15,GEMS496,0108,Nikhil Chopra,14,8,0,2026-09-14 05:36:37
2026-09-14 05:30:15,GEMS496,0109,Kimberly Stroka,14,4,0,2026-09-14 05:36:37
2026-09-14 05:30:15,GEMS496,0110,Gorjan Alagic,14,13,0,2026-09-14 05:36:37
2026-09-14 05:30:15,GEMS496,0111,Alisa Clyne,14,6,0,2026-09-14 05:36:37
2026-09-14 05:30:15,GEMS496,0112,Xin Zan,14,10,0,2026-09-14 05:36:37
2026-09-14 05:30:15,GEMS496,0113,Erin Tran,14,14,0,2026-09-14 05:36:37
2026-09-14 05:30:15,GEMS496,0114,David Lovell,5,5,0,2026-09-14 05:36:37
2026-09-14 05:30:15,GEMS497,0107,Instructor: TBA,14,14,0,2026-09-14 05:36:37
2026-09-14 05:30:15,GEMS497,0110,Instructor: TBA,5,5,0,2026-09-14 05:36:37
2026-09-14 05:30:15,GEMS497,0113,David Lovell,5,5,0,2026-09-14 05:36:37
2026-09-14 05:30:15,GFPL100,0101,Joshua Itzkowitz Shifrinson,20,0,0,2026-09-14 05:36:50
2026-09-14 05:30:15,GFPL100,0102,Joshua Itzkowitz Shifrinson,20,0,0,2026-09-14 05:36:50
2026-09-14 05:30:15,GFPL100,0103,Joshua Itzkowitz Shifrinson,20,1,0,2026-09-14 05:36:50
2026-09-14 05:30:15,GFPL100,0104,Joshua Itzkowitz Shifrinson,20,0,0,2026-09-14 05:36:50
2026-09-14 05:30:15,GFPL100,0105,Joshua Itzkowitz Shifrinson,20,1,0,2026-09-14 05:36:50
2026-09-14 05:30:15,GFPL100,0106,Joshua Itzkowitz Shifrinson,25,2,0,2026-09-14 05:36:50
2026-09-14 05:30:15,GFPL100,FC01,Devin Entrikin,30,0,0,2026-09-14 05:36:50
2026-09-14 05:30:15,GFPL102,0101,Caroline Ritter,95,33,0,2026-09-14 05:36:50
2026-09-14 05:30:15,GFPL371,0101,Joshua Itzkowitz Shifrinson,35,0,0,2026-09-14 05:36:50
2026-09-14 05:30:15,GFPL388A,0101,Shannon Carcelli,5,5,0,2026-09-14 05:36:50
2026-09-14 05:30:15,GFPL388B,0101,Hyunki Kim,5,5,0,2026-09-14 05:36:51
2026-09-14 05:30:15,GFPL388C,0101,Scott Kastner,5,0,0,2026-09-14 05:36:51
2026-09-14 05:30:15,GFPL390,0101,Lena Andrews,20,0,0,2026-09-14 05:36:51
2026-09-14 05:30:15,GFPL490,0101,Michael Woldemariam,15,2,0,2026-09-14 05:36:51
2026-09-14 05:30:15,GFPL492,0101,Steve Fetter,20,1,0,2026-09-14 05:36:51
2026-09-14 05:30:15,GLBC200,0101,Chris Lewis,30,4,0,2026-09-14 05:36:52
2026-09-14 05:30:15,GLBC350,0101,Michele Mason,30,27,0,2026-09-14 05:36:53
2026-09-14 05:30:15,HACS100,0101,Cassie Harrington,40,1,0,2026-09-14 05:37:02
2026-09-14 05:30:15,HACS100,0201,Cassie Harrington,40,15,0,2026-09-14 05:37:02
2026-09-14 05:30:15,HACS200,0101,Michel Cukier,34,10,0,2026-09-14 05:37:02
2026-09-14 05:30:15,HACS200,0201,Michel Cukier,34,1,0,2026-09-14 05:37:02
2026-09-14 05:30:15,HACS202,0101,Bertrand Sobesto,52,19,0,2026-09-14 05:37:03
2026-09-14 05:30:15,HACS208A,0101,Lawrence Gordon,20,0,2,2026-09-14 05:37:03
2026-09-14 05:30:15,HACS208C,0101,Lamia Zia,26,9,0,2026-09-14 05:37:03
2026-09-14 05:30:15,HACS208P,0101,Charles Harry,26,0,0,2026-09-14 05:37:03
2026-09-14 05:30:15,HACS297,0101,Sarah Herberger,25,5,0,2026-09-14 05:37:04
2026-09-14 05:30:15,HACS408E,0101,Luke Mains,30,10,0,2026-09-14 05:37:04
2026-09-14 05:30:15,HACS408L,0101,Ian Serbin,30,2,0,2026-09-14 05:37:04
2026-09-14 05:30:15,HACS408M,0101,John McGahagan,30,0,0,2026-09-14 05:37:04
2026-09-14 05:30:15,HACS498,0101,Thomas Woods,7,1,0,2026-09-14 05:37:05
2026-09-14 05:30:15,HACS498,0201,David Trott,9,0,0,2026-09-14 05:37:05
2026-09-14 05:30:15,HACS498,0301,Michel Cukier,8,0,0,2026-09-14 05:37:05
2026-09-14 05:30:15,HBUS100,0101,Jui Ramaprasad,72,4,0,2026-09-14 05:37:06
2026-09-14 05:30:15,HBUS200,0101,Nicole Coomber,60,1,0,2026-09-14 05:37:06
2026-09-14 05:30:15,HDCC105,0101,Antwon Key,70,7,0,2026-09-14 05:37:07
2026-09-14 05:30:15,HDCC201,0101,Jessica Lu,22,0,0,2026-09-14 05:37:07
2026-09-14 05:30:15,HDCC201,0201,Jessica Lu,22,0,0,2026-09-14 05:37:07
2026-09-14 05:30:15,HDCC201,0301,Jessica Lu,22,3,0,2026-09-14 05:37:07
2026-09-14 05:30:15,HDCC208A,0101,William Evans,14,0,0,2026-09-14 05:37:07
2026-09-14 05:30:15,HDCC208J,0101,Grant Bollmer,14,0,0,2026-09-14 05:37:08
2026-09-14 05:30:15,HDCC208P,0101,Cliff Bakalian,14,1,0,2026-09-14 05:37:08
2026-09-14 05:30:15,HDCC208T,0101,Jonathan Reyes,14,0,0,2026-09-14 05:37:08
2026-09-14 05:30:15,HDCC208Z,0101,M Sauter,14,7,0,2026-09-14 05:37:08
2026-09-14 05:30:15,HEBR106,0101,Avital Karpman,15,2,0,2026-09-14 05:37:10
2026-09-14 05:30:15,HEBR106,0201,Avital Karpman,15,5,0,2026-09-14 05:37:10
2026-09-14 05:30:15,HEBR206,0101,Avital Karpman,15,5,0,2026-09-14 05:37:10
2026-09-14 05:30:15,HEBR249C,0101,Aliza Sandalon,15,0,1,2026-09-14 05:37:10
2026-09-14 05:30:15,HEBR298B,0101,Matthew Suriano,25,1,0,2026-09-14 05:37:10
2026-09-14 05:30:15,HEBR313,0101,Aliza Sandalon,20,0,2,2026-09-14 05:37:10
2026-09-14 05:30:15,HGLO100,0101,Alfredo Oliveira,22,7,0,2026-09-14 05:37:19
2026-09-14 05:30:15,HGLO100,0102,Natalie Vinski Ibrahim,22,9,0,2026-09-14 05:37:19
2026-09-14 05:30:15,HGLO100,0103,Natalie Vinski Ibrahim,22,1,0,2026-09-14 05:37:19
2026-09-14 05:30:15,HGLO100,0104,Alfredo Oliveira,22,11,0,2026-09-14 05:37:19
2026-09-14 05:30:15,HGLO101,0101,Sarah Croco,23,3,0,2026-09-14 05:37:19
2026-09-14 05:30:15,HGLO101,0102,Sarah Croco,22,9,0,2026-09-14 05:37:19
2026-09-14 05:30:15,HGLO101,0103,Sarah Croco,22,5,0,2026-09-14 05:37:19
2026-09-14 05:30:15,HGLO101,0104,Sarah Croco,22,13,0,2026-09-14 05:37:19
2026-09-14 05:30:15,HGLO207,0101,Natalie Vinski Ibrahim,25,12,0,2026-09-14 05:37:20
2026-09-14 05:30:15,HGLO208,0101,Alfredo Oliveira,45,25,0,2026-09-14 05:37:20
2026-09-14 05:30:15,HGLO298,0101,Jordan Gouws-Dewar,30,25,0,2026-09-14 05:37:20
2026-09-14 05:30:15,HLSC100,0101,Jalah Townsend,24,3,0,2026-09-14 05:37:43
2026-09-14 05:30:15,HLSC100,0102,Jalah Townsend,24,2,0,2026-09-14 05:37:43
2026-09-14 05:30:15,HLSC100,0103,Jalah Townsend,24,4,0,2026-09-14 05:37:43
2026-09-14 05:30:15,HLSC100,0104,Jalah Townsend,24,7,0,2026-09-14 05:37:43
2026-09-14 05:30:15,HLSC280,0101,Najib El-Sayed,25,3,0,2026-09-14 05:37:43
2026-09-14 05:30:15,HLSC280,0102,Najib El-Sayed,25,4,0,2026-09-14 05:37:43
2026-09-14 05:30:15,HLSC280,0103,Najib El-Sayed,25,4,0,2026-09-14 05:37:43
2026-09-14 05:30:15,HLSC280,0104,Najib El-Sayed,25,9,0,2026-09-14 05:37:43
2026-09-14 05:30:15,HLSC329,0101,Sabrina Kramer,12,4,0,2026-09-14 05:37:44
2026-09-14 05:30:15,HNUH100,0101,Robert Graham,20,3,0,2026-09-14 05:37:52
2026-09-14 05:30:15,HNUH100,0102,Robert Graham,20,0,0,2026-09-14 05:37:52
2026-09-14 05:30:15,HNUH100,0103,Brittany Proudfoot Ginder,20,1,0,2026-09-14 05:37:52
2026-09-14 05:30:15,HNUH100,0104,Max Barnewitz,20,1,0,2026-09-14 05:37:52
2026-09-14 05:30:15,HNUH100,0105,Vasfiye Toprak,20,0,0,2026-09-14 05:37:52
2026-09-14 05:30:15,HNUH100,0106,Vasfiye Toprak,20,2,0,2026-09-14 05:37:52
2026-09-14 05:30:15,HNUH100,0201,Max Barnewitz,20,1,0,2026-09-14 05:37:52
2026-09-14 05:30:15,HNUH100,0202,Max Barnewitz,20,0,0,2026-09-14 05:37:52
2026-09-14 05:30:15,HNUH100,0203,Vasfiye Toprak,20,2,0,2026-09-14 05:37:52
2026-09-14 05:30:15,HNUH100,0204,Vasfiye Toprak,20,0,0,2026-09-14 05:37:52
2026-09-14 05:30:15,HNUH100,0205,Ayondela McDole,20,4,0,2026-09-14 05:37:52
2026-09-14 05:30:15,HNUH100,0206,Ayondela McDole,20,0,0,2026-09-14 05:37:52
2026-09-14 05:30:15,HNUH100,0301,Robert Graham,20,0,0,2026-09-14 05:37:52
2026-09-14 05:30:15,HNUH100,0302,Shauna Rigaud,20,8,0,2026-09-14 05:37:52
2026-09-14 05:30:15,HNUH100,0303,Shauna Rigaud,20,0,0,2026-09-14 05:37:52
2026-09-14 05:30:15,HNUH100,0304,Max Barnewitz,20,3,0,2026-09-14 05:37:52
2026-09-14 05:30:15,HNUH100,0305,Vasfiye Toprak,20,0,0,2026-09-14 05:37:52
2026-09-14 05:30:15,HNUH100,0306,Vasfiye Toprak,20,1,0,2026-09-14 05:37:52
2026-09-14 05:30:15,HNUH100,0401,Gretchen Bella,20,0,0,2026-09-14 05:37:52
2026-09-14 05:30:15,HNUH100,0402,Gretchen Bella,20,6,0,2026-09-14 05:37:52
2026-09-14 05:30:15,HNUH100,0403,Max Barnewitz,20,1,0,2026-09-14 05:37:52
2026-09-14 05:30:15,HNUH100,0404,Ayondela McDole,20,6,0,2026-09-14 05:37:52
2026-09-14 05:30:15,HNUH100,0405,Ayondela McDole,20,0,0,2026-09-14 05:37:52
2026-09-14 05:30:15,HNUH100,0406,Ayondela McDole,20,4,0,2026-09-14 05:37:52
2026-09-14 05:30:15,HNUH100,0501,Leigha McReynolds,10,4,0,2026-09-14 05:37:52
2026-09-14 05:30:15,HNUH100,0601,Brittany Proudfoot Ginder,20,0,0,2026-09-14 05:37:52
2026-09-14 05:30:15,HNUH218D,0101,Brian Gilmore,48,0,2,2026-09-14 05:37:52
2026-09-14 05:30:15,HNUH218L,0101,Shauna Rigaud,20,0,0,2026-09-14 05:37:52
2026-09-14 05:30:15,HNUH218L,0201,Shauna Rigaud,20,0,0,2026-09-14 05:37:52
2026-09-14 05:30:15,HNUH228D,0101,Matthew McLaughlin,60,2,0,2026-09-14 05:37:52
2026-09-14 05:30:15,HNUH228L,0101,Alena Wigodner,20,0,0,2026-09-14 05:37:53
2026-09-14 05:30:15,HNUH228L,0201,Alena Wigodner,20,0,0,2026-09-14 05:37:53
2026-09-14 05:30:15,HNUH228N,0101,Peter Grybauskas,20,0,0,2026-09-14 05:37:53
2026-09-14 05:30:15,HNUH229I,0101,Gretchen Bella,23,3,0,2026-09-14 05:37:53
2026-09-14 05:30:15,HNUH238D,0101,Susan Moeller,60,3,0,2026-09-14 05:37:53
2026-09-14 05:30:15,HNUH238L,0101,Kimberly Johnson,20,2,0,2026-09-14 05:37:53
2026-09-14 05:30:15,HNUH238L,0201,Kimberly Johnson,20,0,0,2026-09-14 05:37:53
2026-09-14 05:30:15,HNUH238N,0101,Hannah Wegmann,20,6,0,2026-09-14 05:37:53
2026-09-14 05:30:15,HNUH239T,0101,Gerald Suarez,20,0,0,2026-09-14 05:37:54
2026-09-14 05:30:15,HNUH248D,0101,Juan Uriagereka,45,3,0,2026-09-14 05:37:54
2026-09-14 05:30:15,HNUH248L,0201,Robert Graham,20,5,0,2026-09-14 05:37:54
2026-09-14 05:30:15,HNUH248M,0101,Hassanatu Blake,20,13,0,2026-09-14 05:37:54
2026-09-14 05:30:15,HNUH248N,0101,Siv Lie,20,0,1,2026-09-14 05:37:54
2026-09-14 05:30:15,HNUH249P,0101,Temim Nusraty,20,2,0,2026-09-14 05:37:54
2026-09-14 05:30:15,HNUH258C,0101,Bill Fagan,55,26,0,2026-09-14 05:37:55
2026-09-14 05:30:15,HNUH258Q,0101,Tiara Thomas,20,1,0,2026-09-14 05:37:55
2026-09-14 05:30:15,HNUH259P,0101,Hooman Koliji,20,2,0,2026-09-14 05:37:55
2026-09-14 05:30:15,HNUH268C,0101,Perla Guerrero,60,35,0,2026-09-14 05:37:55
2026-09-14 05:30:15,HNUH269P,0101,Marisa Franco,20,0,1,2026-09-14 05:37:55
2026-09-14 05:30:15,HNUH278C,0101,Chinyere Osuji,60,37,0,2026-09-14 05:37:55
2026-09-14 05:30:15,HNUH278I,0101,Marisa Franco,20,5,0,2026-09-14 05:37:55
2026-09-14 05:30:15,HNUH278I,0102,Marisa Franco,20,1,0,2026-09-14 05:37:55
2026-09-14 05:30:15,HNUH278R,0101,Max Barnewitz,20,4,0,2026-09-14 05:37:56
2026-09-14 05:30:15,HNUH288C,0101,Julia Steinberg,30,3,0,2026-09-14 05:37:56
2026-09-14 05:30:15,HNUH288C,0103,Julia Steinberg,30,9,0,2026-09-14 05:37:56
2026-09-14 05:30:15,HNUH288O,0101,Ariana Nash,20,1,0,2026-09-14 05:37:56
2026-09-14 05:30:15,HNUH300,0301,Vasfiye Toprak,20,0,0,2026-09-14 05:37:56
2026-09-14 05:30:15,HNUH300,0401,Robert Graham,20,0,0,2026-09-14 05:37:56
2026-09-14 05:30:15,HNUH300,0601,Alena Wigodner,20,0,0,2026-09-14 05:37:56
2026-09-14 05:30:15,HNUH300,0701,Ingrid Satelmajer,20,14,0,2026-09-14 05:37:56
2026-09-14 05:30:15,HNUH300,0801,Shauna Rigaud,20,0,0,2026-09-14 05:37:56
2026-09-14 05:30:15,HNUH300,0901,Kimberly Johnson,20,4,0,2026-09-14 05:37:56
2026-09-14 05:30:15,HNUH300,1001,Ingrid Satelmajer,20,13,0,2026-09-14 05:37:56
2026-09-14 05:30:15,HNUH318T,0101,Peter Owen,24,1,0,2026-09-14 05:37:56
2026-09-14 05:30:15,HNUH319T,0101,Emily Shetty,22,0,0,2026-09-14 05:37:56
2026-09-14 05:30:15,HNUH328T,0101,Woodie Kessel,24,2,0,2026-09-14 05:37:57
2026-09-14 05:30:15,HNUH329T,0101,Rob Long,20,1,0,2026-09-14 05:37:57
2026-09-14 05:30:15,HNUH338T,0101,Andrew Fausett,22,2,0,2026-09-14 05:37:57
2026-09-14 05:30:15,HNUH348T,0101,Ed Fendley,22,1,0,2026-09-14 05:37:57
2026-09-14 05:30:15,HNUH358T,0101,Sean Misko,22,1,0,2026-09-14 05:37:57
2026-09-14 05:30:15,HNUH359T,0101,Amanda Schoch,20,0,0,2026-09-14 05:37:57
2026-09-14 05:30:15,HNUH368T,0101,Nadia Farra,21,0,0,2026-09-14 05:37:57
2026-09-14 05:30:15,HNUH369T,0101,Andrew Nissen,20,2,0,2026-09-14 05:37:58
2026-09-14 05:30:15,HNUH378T,0101,Joshua Glasser,20,0,0,2026-09-14 05:37:58
2026-09-14 05:30:15,HNUH398P,0101,Jayakumar Arasan,25,21,0,2026-09-14 05:37:58
2026-09-14 05:30:15,HNUH398P,0201,Jayakumar Arasan,5,2,0,2026-09-14 05:37:58
2026-09-14 05:30:15,HNUH398T,0101,Sasha Koo-Oshima,20,3,0,2026-09-14 05:37:58
2026-09-14 05:30:15,HONR368A,0101,Blake Wilder,22,1,0,2026-09-14 05:37:59
2026-09-14 05:30:15,IMDM101,0101,Mollye Bendell,30,16,0,2026-09-14 05:38:03
2026-09-14 05:30:15,IMDM101,0201,Myungin Lee,30,17,0,2026-09-14 05:38:03
2026-09-14 05:30:15,IMDM101,0301,Myungin Lee,30,23,0,2026-09-14 05:38:03
2026-09-14 05:30:15,IMDM127,0101,Roger Eastman,36,20,0,2026-09-14 05:38:03
2026-09-14 05:30:15,IMDM150,0101,Stefano Passeri,30,15,0,2026-09-14 05:38:03
2026-09-14 05:30:15,IMDM227,0101,Stevens Miller,30,2,0,2026-09-14 05:38:04
2026-09-14 05:30:15,IMDM227,0201,Stevens Miller,30,17,0,2026-09-14 05:38:04
2026-09-14 05:30:15,IMDM327,0101,Myungin Lee,25,0,0,2026-09-14 05:38:04
2026-09-14 05:30:15,IMDM350,0101,Jason Farman,29,12,0,2026-09-14 05:38:04
2026-09-14 05:30:15,IMDM490,0101,Matthew Nolan,30,0,0,2026-09-14 05:38:04
2026-09-14 05:30:15,IMDM490,0201,Matthew Nolan,30,16,0,2026-09-14 05:38:04
2026-09-14 05:30:15,IMDM498K,0101,Matthew Nolan,15,1,0,2026-09-14 05:38:04
2026-09-14 05:30:15,IMMR319D,0101,Beka Guluma,20,13,0,2026-09-14 05:38:06
2026-09-14 05:30:15,IMMR394,0101,Wenxi Yang,30,1,0,2026-09-14 05:38:06
2026-09-14 05:30:15,IMMR399,0101,Instructor: TBA,2,2,0,2026-09-14 05:38:06
2026-09-14 05:30:15,IMMR400,0101,Gerson Rosales,20,3,0,2026-09-14 05:38:06
2026-09-14 05:30:15,ISRL249J,0101,Aner Tal,30,24,0,2026-09-14 05:38:15
2026-09-14 05:30:15,ISRL249M,0101,Aliza Sandalon,15,0,1,2026-09-14 05:38:15
2026-09-14 05:30:15,ISRL283,0101,Shay Hazkani,35,6,0,2026-09-14 05:38:15
2026-09-14 05:30:15,ISRL349G,0101,Marwa Maziad,30,1,0,2026-09-14 05:38:16
2026-09-14 05:30:15,ISRL349K,0101,Regev Ben-David,30,24,0,2026-09-14 05:38:16
2026-09-14 05:30:15,ISRL349T,0101,Elli Lieberman,35,23,0,2026-09-14 05:38:16
2026-09-14 05:30:15,ISRL349Y,0101,Adina Friedman,35,27,0,2026-09-14 05:38:16
2026-09-14 05:30:15,ISRL382,0101,Ilai Saltzman,35,1,0,2026-09-14 05:38:16
2026-09-14 05:30:15,ISRL448R,0101,Morad Elsana,25,10,0,2026-09-14 05:38:16
2026-09-14 05:30:15,ITAL103,0101,Antonella D'Amario,18,14,0,2026-09-14 05:38:18
2026-09-14 05:30:15,ITAL103,0201,Antonella D'Amario,18,6,0,2026-09-14 05:38:18
2026-09-14 05:30:15,ITAL103,0301,Joseph Falvo,18,6,0,2026-09-14 05:38:18
2026-09-14 05:30:15,ITAL203,0101,Antonella D'Amario,18,9,0,2026-09-14 05:38:18
2026-09-14 05:30:15,ITAL203,0201,Antonella D'Amario,18,13,0,2026-09-14 05:38:18
2026-09-14 05:30:15,ITAL204,0101,Federica Soddu,18,14,0,2026-09-14 05:38:18
2026-09-14 05:30:15,ITAL207,0101,Mirella Vaglio,18,17,0,2026-09-14 05:38:18
2026-09-14 05:30:15,ITAL301,0101,Federica Soddu,20,11,0,2026-09-14 05:38:19
2026-09-14 05:30:15,ITAL362,0101,Federica Soddu,20,12,0,2026-09-14 05:38:19
2026-09-14 05:30:15,ITAL401,0101,Mirella Vaglio,15,12,0,2026-09-14 05:38:19
2026-09-14 05:30:15,ITAL421,0101,Joseph Falvo,25,14,0,2026-09-14 05:38:23
2026-09-14 05:30:15,ITAL478R,0101,Joseph Falvo,5,3,0,2026-09-14 05:38:23
2026-09-14 05:30:15,JAPN101,0101,Kumiko Akikawa,15,4,0,2026-09-14 05:38:25
2026-09-14 05:30:15,JAPN101,0201,Kumiko Akikawa,15,6,0,2026-09-14 05:38:25
2026-09-14 05:30:15,JAPN101,0301,Kumiko Akikawa,15,5,0,2026-09-14 05:38:25
2026-09-14 05:30:15,JAPN201,0101,Makiko Inoue,15,5,0,2026-09-14 05:38:25
2026-09-14 05:30:15,JAPN201,0201,Makiko Inoue,15,8,0,2026-09-14 05:38:25
2026-09-14 05:30:15,JAPN301,0101,Mari Hamada,15,9,0,2026-09-14 05:38:25
2026-09-14 05:30:15,JAPN311,0101,Jyana Browne,15,11,0,2026-09-14 05:38:25
2026-09-14 05:30:15,JAPN315,0101,Michele Mason,20,6,0,2026-09-14 05:38:25
2026-09-14 05:30:15,JAPN320,0101,Lindsay Yotsukura,15,8,0,2026-09-14 05:38:25
2026-09-14 05:30:15,JAPN498B,0101,Jyana Browne,20,3,0,2026-09-14 05:38:26
2026-09-14 05:30:15,KORA101,0101,Saerom Kwak,15,0,1,2026-09-14 05:39:56
2026-09-14 05:30:15,KORA101,0201,Saerom Kwak,15,1,0,2026-09-14 05:39:56
2026-09-14 05:30:15,KORA101,0301,Saerom Kwak,15,5,0,2026-09-14 05:39:56
2026-09-14 05:30:15,KORA101,0401,Saerom Kwak,15,5,0,2026-09-14 05:39:56
2026-09-14 05:30:15,KORA201,0101,Seong Minne Koh,15,4,0,2026-09-14 05:39:56
2026-09-14 05:30:15,KORA201,0201,Seong Minne Koh,15,5,0,2026-09-14 05:39:56
2026-09-14 05:30:15,KORA201,0301,Seong Minne Koh,15,8,0,2026-09-14 05:39:56
2026-09-14 05:30:15,KORA398G,0101,Instructor: TBA,10,7,0,2026-09-14 05:39:56
2026-09-14 05:30:15,KORA398W,0101,Seong Minne Koh,10,3,0,2026-09-14 05:40:09
2026-09-14 05:30:15,LEAD217,0101,Festus Ainoo,25,0,0,2026-09-14 05:40:19
2026-09-14 05:30:15,LEAD217,0201,Adrian Bitton,25,1,0,2026-09-14 05:40:19
2026-09-14 05:30:15,LEAD217,FC01,Festus Ainoo,22,0,1,2026-09-14 05:40:19
2026-09-14 05:30:15,LEAD305,0101,Anastasia Lavrenyuk,20,4,0,2026-09-14 05:40:19
2026-09-14 05:30:15,LEAD315,0101,Anastasia Lavrenyuk,25,11,0,2026-09-14 05:40:20
2026-09-14 05:30:15,LEAD320,0101,Courtney Holder,10,8,0,2026-09-14 05:40:20
2026-09-14 05:30:15,LGBT200,0201,Basanth Babu,25,0,1,2026-09-14 05:40:21
2026-09-14 05:30:15,LGBT265,0101,Tyra Griffin,30,0,0,2026-09-14 05:40:21
2026-09-14 05:30:15,LGBT265,0201,Declan Langton,30,0,0,2026-09-14 05:40:21
2026-09-14 05:30:15,LGBT359J,0101,Chris Eng,25,14,0,2026-09-14 05:40:21
2026-09-14 05:30:15,MLAW100,0101,Christine White,83,15,0,2026-09-14 05:40:43
2026-09-14 05:30:15,MLAW304,0201,Christine White,65,16,0,2026-09-14 05:40:44
2026-09-14 05:30:15,MLAW305,0101,Brian Gilmore,40,2,0,2026-09-14 05:40:44
2026-09-14 05:30:15,MLAW315,0101,Grace Benton,13,3,0,2026-09-14 05:40:44
2026-09-14 05:30:15,MLAW358Q,0101,David Cunningham,0,0,0,2026-09-14 05:40:44
2026-09-14 05:30:15,MLAW358T,0101,Christine White,25,6,0,2026-09-14 05:40:44
2026-09-14 05:30:15,MLAW358X,0101,Martin Kobren,5,0,0,2026-09-14 05:40:44
2026-09-14 05:30:15,MLAW359,0101,Brandee Pettus,10,4,0,2026-09-14 05:40:44
2026-09-14 05:30:15,MLAW378E,0101,Brandee Pettus,5,5,0,2026-09-14 05:40:45
2026-09-14 05:30:15,MLAW378K,0101,Brian Gilmore,20,1,0,2026-09-14 05:40:45
2026-09-14 05:30:15,MLAW378Q,0101,Paul Huth,2,0,0,2026-09-14 05:40:45
2026-09-14 05:30:15,MLAW378R,0101,Nancy Schertzing,13,2,0,2026-09-14 05:40:45
2026-09-14 05:30:15,MLAW388,0101,Brandee Pettus,40,20,0,2026-09-14 05:40:45
2026-09-14 05:30:15,MLSC250,FC01,William Simpson,24,5,0,2026-09-14 05:40:46
2026-09-14 05:30:15,NEUR200,0101,Ana Navarro Cebrian,80,4,0,2026-09-14 05:41:01
2026-09-14 05:30:15,NEUR200,0201,Ana Navarro Cebrian,80,0,2,2026-09-14 05:41:01
2026-09-14 05:30:15,NEUR200,0301,Evan Hart,80,0,1,2026-09-14 05:41:01
2026-09-14 05:30:15,NEUR305,0101,Amanda Chicoli,100,10,0,2026-09-14 05:41:01
2026-09-14 05:30:15,NEUR306,0101,Chan Lin,200,6,0,2026-09-14 05:41:02
2026-09-14 05:30:15,NEUR398H,0101,Nikolas Francis,20,1,0,2026-09-14 05:41:02
2026-09-14 05:30:15,NEUR405,0101,Hilary Bierman,20,1,0,2026-09-14 05:41:02
2026-09-14 05:30:15,NEUR405,0102,Hilary Bierman,20,0,0,2026-09-14 05:41:02
2026-09-14 05:30:15,NEUR405,0103,Hilary Bierman,20,0,0,2026-09-14 05:41:02
2026-09-14 05:30:15,PEER312,0101,Aleia Gardner,15,8,0,2026-09-14 05:41:11
2026-09-14 05:30:15,PEER318,0101,Christina Jay,15,11,0,2026-09-14 05:41:11
2026-09-14 05:30:15,PEER319,0101,Grace Boudreau,15,7,0,2026-09-14 05:41:12
2026-09-14 05:30:15,PHPE308D,0101,Xinzhi Zhao,30,8,0,2026-09-14 05:41:21
2026-09-14 05:30:15,PHPE308F,0101,Regev Ben-David,30,24,0,2026-09-14 05:41:21
2026-09-14 05:30:15,PHPE308O,0101,Jackson Iszler,30,0,0,2026-09-14 05:41:21
2026-09-14 05:30:15,PHPE308T,0101,Hallie Liberto,30,17,0,2026-09-14 05:41:21
2026-09-14 05:30:15,PHPE308Y,0101,Rachel Singpurwalla,20,0,1,2026-09-14 05:41:21
2026-09-14 05:30:15,PHPE308Y,0102,Rachel Singpurwalla,20,0,2,2026-09-14 05:41:21
2026-09-14 05:30:15,PHPE308Y,0103,Rachel Singpurwalla,20,0,3,2026-09-14 05:41:21
2026-09-14 05:30:15,PHPE400,0101,Justin Helms,18,0,0,2026-09-14 05:41:21
2026-09-14 05:30:15,PHPE400,0102,Justin Helms,18,0,0,2026-09-14 05:41:21
2026-09-14 05:30:15,PHPE400,0103,Justin Helms,20,1,0,2026-09-14 05:41:21
2026-09-14 05:30:15,PHPE401,0101,Xinzhi Zhao,25,0,3,2026-09-14 05:41:22
2026-09-14 05:30:15,PHPE402,0101,Dan Moller,30,2,0,2026-09-14 05:41:22
2026-09-14 05:30:15,PHPE408J,0101,Lixing Miao,25,1,0,2026-09-14 05:41:22
2026-09-14 05:30:15,PHPE408R,0101,Xinzhi Zhao,25,9,0,2026-09-14 05:41:22
2026-09-14 05:30:15,PHSC388J,0101,Kendall Bustad,20,6,0,2026-09-14 05:41:23
2026-09-14 05:30:15,PHSC399,0101,Shannon Edward,30,8,0,2026-09-14 05:41:24
2026-09-14 05:30:15,PHSC415,0101,Jessica O'Hara,31,0,1,2026-09-14 05:41:24
2026-09-14 05:30:15,PHSC415,0102,Jessica O'Hara,31,0,1,2026-09-14 05:41:24
2026-09-14 05:30:15,PHSC415,0103,Jessica O'Hara,31,0,1,2026-09-14 05:41:24
2026-09-14 05:30:15,PHSC415,0104,Jessica O'Hara,31,2,0,2026-09-14 05:41:24
2026-09-14 05:30:15,PHSC415,0105,Jessica O'Hara,31,2,0,2026-09-14 05:41:24
2026-09-14 05:30:15,PHSC420,0101,Jennifer German,35,4,0,2026-09-14 05:41:24
2026-09-14 05:30:15,PHSC450,0101,Kendall Bustad,20,1,0,2026-09-14 05:41:24
2026-09-14 05:30:15,PHSC450,0102,Kendall Bustad,20,0,0,2026-09-14 05:41:24
2026-09-14 05:30:15,PHSC450,0103,Kendall Bustad,20,0,0,2026-09-14 05:41:24
2026-09-14 05:30:15,PHSC450,0104,Kendall Bustad,20,0,0,2026-09-14 05:41:24
2026-09-14 05:30:15,PHSC450,0105,Kendall Bustad,20,0,0,2026-09-14 05:41:24
2026-09-14 05:30:15,PHSC450,0106,Kendall Bustad,20,0,0,2026-09-14 05:41:24
2026-09-14 05:30:15,PHSC450,0107,Kendall Bustad,20,0,0,2026-09-14 05:41:24
2026-09-14 05:30:15,PHSC450,0108,Kendall Bustad,20,0,0,2026-09-14 05:41:24
2026-09-14 05:30:15,PHSC497,0101,Kendall Bustad,20,2,0,2026-09-14 05:41:24
2026-09-14 05:30:15,PHSC497,0301,Shannon Edward,20,4,0,2026-09-14 05:41:24
2026-09-14 05:30:15,PHSC497,0601,Jennifer German,20,3,0,2026-09-14 05:41:24
2026-09-14 05:30:15,PLCY100,0101,Toby Egan,25,0,1,2026-09-14 05:41:37
2026-09-14 05:30:15,PLCY100,0102,Toby Egan,25,0,0,2026-09-14 05:41:37
2026-09-14 05:30:15,PLCY100,0103,Toby Egan,25,0,0,2026-09-14 05:41:37
2026-09-14 05:30:15,PLCY100,0104,Toby Egan,25,1,0,2026-09-14 05:41:37
2026-09-14 05:30:15,PLCY100,0201,Namrta Sharma,25,12,0,2026-09-14 05:41:37
2026-09-14 05:30:15,PLCY100,0202,Namrta Sharma,25,15,0,2026-09-14 05:41:37
2026-09-14 05:30:15,PLCY100,0203,Namrta Sharma,25,1,0,2026-09-14 05:41:37
2026-09-14 05:30:15,PLCY100,0204,Namrta Sharma,25,9,0,2026-09-14 05:41:37
2026-09-14 05:30:15,PLCY101,0101,Robert Sprinkle,75,0,0,2026-09-14 05:41:37
2026-09-14 05:30:15,PLCY170,0101,Joshua Itzkowitz Shifrinson,20,0,0,2026-09-14 05:41:37
2026-09-14 05:30:15,PLCY170,0102,Joshua Itzkowitz Shifrinson,20,0,0,2026-09-14 05:41:37
2026-09-14 05:30:15,PLCY170,0103,Joshua Itzkowitz Shifrinson,20,1,0,2026-09-14 05:41:37
2026-09-14 05:30:15,PLCY170,0104,Joshua Itzkowitz Shifrinson,20,0,0,2026-09-14 05:41:37
2026-09-14 05:30:15,PLCY170,0105,Joshua Itzkowitz Shifrinson,20,1,0,2026-09-14 05:41:37
2026-09-14 05:30:15,PLCY170,0106,Joshua Itzkowitz Shifrinson,25,2,0,2026-09-14 05:41:37
2026-09-14 05:30:15,PLCY172,0101,Caroline Ritter,95,33,0,2026-09-14 05:41:37
2026-09-14 05:30:15,PLCY200,0101,Shanna Pearson-Merkowitz,35,0,0,2026-09-14 05:41:37
2026-09-14 05:30:15,PLCY200,0201,Shanna Pearson-Merkowitz,35,1,0,2026-09-14 05:41:37
2026-09-14 05:30:15,PLCY200,0301,Namrta Sharma,35,0,2,2026-09-14 05:41:37
2026-09-14 05:30:15,PLCY201,0101,Julio Guzman,70,0,0,2026-09-14 05:41:38
2026-09-14 05:30:15,PLCY201,0201,Gregory Ramsay,60,0,0,2026-09-14 05:41:38
2026-09-14 05:30:15,PLCY201,FC01,Anne Kaiser,32,0,0,2026-09-14 05:41:38
2026-09-14 05:30:15,PLCY201,FC02,Anne Kaiser,32,6,0,2026-09-14 05:41:38
2026-09-14 05:30:15,PLCY201S,0101,Susannah Washburn,80,4,0,2026-09-14 05:41:38
2026-09-14 05:30:15,PLCY203,0101,Thomas Hilde,60,9,0,2026-09-14 05:41:38
2026-09-14 05:30:15,PLCY203,0201,Anne Kaiser,60,38,0,2026-09-14 05:41:38
2026-09-14 05:30:15,PLCY213,0201,Claire Dunning,40,3,0,2026-09-14 05:41:38
2026-09-14 05:30:15,PLCY214,0101,Patricia Bory,65,20,0,2026-09-14 05:41:39
2026-09-14 05:30:15,PLCY240,0101,Timothy Reedy,30,0,0,2026-09-14 05:41:39
2026-09-14 05:30:15,PLCY288K,0101,CHRISTIAN OSTERMANN,25,1,0,2026-09-14 05:41:39
2026-09-14 05:30:15,PLCY300,0101,Alana Hackshaw,45,0,1,2026-09-14 05:41:39
2026-09-14 05:30:15,PLCY300,0201,Namrta Sharma,45,28,0,2026-09-14 05:41:39
2026-09-14 05:30:15,PLCY301,0101,Caroline Boules,165,3,0,2026-09-14 05:41:39
2026-09-14 05:30:15,PLCY302,0101,Niambi Carter,40,2,0,2026-09-14 05:41:39
2026-09-14 05:30:15,PLCY302,0201,Ebonie Johnson Cooper,40,0,0,2026-09-14 05:41:39
2026-09-14 05:30:15,PLCY302,0301,Lindsay Dieudonne,40,0,1,2026-09-14 05:41:39
2026-09-14 05:30:15,PLCY303,0101,Juan Martinez Guzman,40,3,0,2026-09-14 05:41:40
2026-09-14 05:30:15,PLCY304,0101,Michael Busse,40,11,0,2026-09-14 05:41:40
2026-09-14 05:30:15,PLCY304,0201,Michael Busse,40,12,0,2026-09-14 05:41:40
2026-09-14 05:30:15,PLCY309,0101,Martin Sanders,30,16,0,2026-09-14 05:41:40
2026-09-14 05:30:15,PLCY310,0101,Selvon Waldron,35,16,0,2026-09-14 05:41:40
2026-09-14 05:30:15,PLCY313,0101,Gerard Evans,100,3,0,2026-09-14 05:41:40
2026-09-14 05:30:15,PLCY371,0101,Joshua Itzkowitz Shifrinson,35,0,0,2026-09-14 05:41:40
2026-09-14 05:30:15,PLCY380,0101,Isabel O'Malley,40,8,0,2026-09-14 05:41:40
2026-09-14 05:30:15,PLCY380,ESG1,Kisha McNeill,30,0,1,2026-09-14 05:41:40
2026-09-14 05:30:15,PLCY388A,0101,Brandi Onowu,40,8,0,2026-09-14 05:41:41
2026-09-14 05:30:15,PLCY388N,0101,Nina Harris,25,2,0,2026-09-14 05:41:41
2026-09-14 05:30:15,PLCY390,0101,Lena Andrews,20,0,0,2026-09-14 05:41:41
2026-09-14 05:30:15,PLCY399B,0101,Beatrice DeBelen,30,19,0,2026-09-14 05:41:41
2026-09-14 05:30:15,PLCY400,0101,Patricia Bory,25,1,0,2026-09-14 05:41:42
2026-09-14 05:30:15,PLCY401,0101,Anand Patwardhan,20,5,0,2026-09-14 05:41:42
2026-09-14 05:30:15,PLCY401,0201,Tracy Thompson,20,0,0,2026-09-14 05:41:42
2026-09-14 05:30:15,PLCY401,0301,David Mussington,20,9,0,2026-09-14 05:41:42
2026-09-14 05:30:15,PLCY490,0101,Michael Woldemariam,15,2,0,2026-09-14 05:41:42
2026-09-14 05:30:15,PLCY492,0101,Steve Fetter,20,1,0,2026-09-14 05:41:42
2026-09-14 05:30:15,PLCY610,0201,Alec Worsnop,40,9,0,2026-09-14 05:41:42
2026-09-14 05:30:15,PLCY630,0101,Catherine Worsnop,25,2,0,2026-09-14 05:41:42
2026-09-14 05:30:15,PLCY630,0201,Catherine Worsnop,25,3,0,2026-09-14 05:41:42
2026-09-14 05:30:15,PLCY631,0101,Cullen Merritt,25,0,0,2026-09-14 05:41:42
2026-09-14 05:30:15,PLCY640,0201,Thomas Spreen,30,5,0,2026-09-14 05:41:43
2026-09-14 05:30:15,PLCY641,0101,Tyler Kustra,30,2,0,2026-09-14 05:41:43
2026-09-14 05:30:15,PLCY641,0201,Tyler Kustra,30,10,0,2026-09-14 05:41:43
2026-09-14 05:30:15,PLCY670,0101,Philip Joyce,30,0,0,2026-09-14 05:41:43
2026-09-14 05:30:15,PLCY680,0101,Claire Dunning,25,0,0,2026-09-14 05:41:43
2026-09-14 05:30:15,PLCY680,0201,Michael Woldemariam,25,5,0,2026-09-14 05:41:43
2026-09-14 05:30:15,PLCY688C,0101,Charles Harry,20,10,0,2026-09-14 05:41:43
2026-09-14 05:30:15,PLCY688F,PWL1,Nekeya O'Connor,20,0,0,2026-09-14 05:41:43
2026-09-14 05:30:15,PLCY688P,0101,Steve Fetter,10,1,0,2026-09-14 05:41:44
2026-09-14 05:30:15,PLCY688Z,0101,Brandi Onowu,20,5,0,2026-09-14 05:41:44
2026-09-14 05:30:15,PLCY689E,0101,Susan Parker,20,0,0,2026-09-14 05:41:44
2026-09-14 05:30:15,PLCY690,0110,David Mussington,15,3,0,2026-09-14 05:41:44
2026-09-14 05:30:15,PLCY690,0120,Margaret Brindle,15,2,0,2026-09-14 05:41:44
2026-09-14 05:30:15,PLCY690,0130,Douglas Call,15,0,0,2026-09-14 05:41:44
2026-09-14 05:30:15,PLCY690,0150,Paul Brown,15,0,0,2026-09-14 05:41:44
2026-09-14 05:30:15,PLCY690,0170,James Stillwell,15,0,0,2026-09-14 05:41:44
2026-09-14 05:30:15,PLCY698T,0101,Elizabeth Duke,20,7,0,2026-09-14 05:41:44
2026-09-14 05:30:15,PLCY699L,0101,Michael Woldemariam,10,1,0,2026-09-14 05:41:44
2026-09-14 05:30:15,PLCY720,0101,Nancy Gallagher,20,2,0,2026-09-14 05:41:44
2026-09-14 05:30:15,PLCY734,0101,Niambi Carter,20,0,0,2026-09-14 05:41:45
2026-09-14 05:30:15,PLCY735,0101,Robert Sprinkle,20,7,0,2026-09-14 05:41:45
2026-09-14 05:30:15,PLCY741,0101,Anand Patwardhan,20,7,0,2026-09-14 05:41:45
2026-09-14 05:30:15,PLCY742,0101,Thomas Hilde,20,8,0,2026-09-14 05:41:45
2026-09-14 05:30:15,PLCY780,0101,Robert Orr,20,0,0,2026-09-14 05:41:45
2026-09-14 05:30:15,PLCY781,0101,Julio Guzman,20,2,0,2026-09-14 05:41:45
2026-09-14 05:30:15,PLCY783,0101,Margaret Brindle,20,7,0,2026-09-14 05:41:46
2026-09-14 05:30:15,PLCY798F,PWL1,William Nolte,25,18,0,2026-09-14 05:41:46
2026-09-14 05:30:15,PLCY798V,0101,Shanna Pearson-Merkowitz,12,0,0,2026-09-14 05:41:47
2026-09-14 05:30:15,PLCY798W,0101,Martin Sanders,10,9,0,2026-09-14 05:41:47
2026-09-14 05:30:15,PLCY798Y,PWL1,Jeffrey Franco,25,0,0,2026-09-14 05:41:47
2026-09-14 05:30:15,PLCY798Z,0101,Peter Reuter,12,0,0,2026-09-14 05:41:47
2026-09-14 05:30:15,PLSC112,0101,Samuel Daramola,100,11,0,2026-09-14 05:41:49
2026-09-14 05:30:15,PLSC113,0101,Samuel Daramola,24,3,0,2026-09-14 05:41:49
2026-09-14 05:30:15,PLSC113,0102,Samuel Daramola,24,5,0,2026-09-14 05:41:49
2026-09-14 05:30:15,PLSC113,0103,Samuel Daramola,24,12,0,2026-09-14 05:41:49
2026-09-14 05:30:15,PLSC113,0104,Samuel Daramola,24,9,0,2026-09-14 05:41:49
2026-09-14 05:30:15,PLSC115,0101,Shirley Micallef,24,1,0,2026-09-14 05:41:49
2026-09-14 05:30:15,PLSC201,0101,Pierre Jacob,42,15,0,2026-09-14 05:41:49
2026-09-14 05:30:15,PLSC203,0101,Vijay Tiwari,23,17,0,2026-09-14 05:41:50
2026-09-14 05:30:15,PLSC205,0101,Mark Carroll,22,1,0,2026-09-14 05:41:50
2026-09-14 05:30:15,PLSC206,0101,Pierre Jacob,21,8,0,2026-09-14 05:41:50
2026-09-14 05:30:15,PLSC206,0102,Pierre Jacob,21,7,0,2026-09-14 05:41:50
2026-09-14 05:30:15,PLSC253,0101,Karen Petroff,24,1,0,2026-09-14 05:41:50
2026-09-14 05:30:15,PLSC253,0102,Karen Petroff,24,5,0,2026-09-14 05:41:50
2026-09-14 05:30:15,PLSC389,0101,Craig Beyrouty,17,17,0,2026-09-14 05:41:50
2026-09-14 05:30:15,PLSC402,0101,Geoffrey Rinehart,10,3,0,2026-09-14 05:41:50
2026-09-14 05:30:15,PLSC404,0101,Yiping Qi,20,11,0,2026-09-14 05:41:51
2026-09-14 05:30:15,PLSC420,0101,Nidhi Rawat,18,5,0,2026-09-14 05:41:51
2026-09-14 05:30:15,PLSC420,0102,Nidhi Rawat,18,12,0,2026-09-14 05:41:51
2026-09-14 05:30:15,PLSC433,0101,Diana Cochran,10,2,0,2026-09-14 05:41:51
2026-09-14 05:30:15,PLSC453,0101,Samuel Daramola,24,1,0,2026-09-14 05:41:51
2026-09-14 05:30:15,PLSC471,0101,Juanita Choo,20,0,0,2026-09-14 05:41:51
2026-09-14 05:30:15,PLSC476,0101,Maile Neel,23,19,0,2026-09-14 05:41:51
2026-09-14 05:30:15,PLSC608,0101,Shunyuan Xiao,20,13,0,2026-09-14 05:41:52
2026-09-14 05:30:15,PORT103,0101,Parker Brookie,15,6,0,2026-09-14 05:41:53
2026-09-14 05:30:15,PORT205,0101,Parker Brookie,15,4,0,2026-09-14 05:41:53
2026-09-14 05:30:15,PORT332,0101,Parker Brookie,25,0,0,2026-09-14 05:41:54
2026-09-14 05:30:15,RELS120,0101,Antoine Borrut,40,8,0,2026-09-14 05:42:10
2026-09-14 05:30:15,RELS170,0101,Chiara Graf,21,1,0,2026-09-14 05:42:11
2026-09-14 05:30:15,RELS170,0102,Chiara Graf,21,0,0,2026-09-14 05:42:11
2026-09-14 05:30:15,RELS170,0103,Chiara Graf,21,0,0,2026-09-14 05:42:11
2026-09-14 05:30:15,RELS170,0104,Chiara Graf,21,0,0,2026-09-14 05:42:11
2026-09-14 05:30:15,RELS170,0105,Chiara Graf,21,0,0,2026-09-14 05:42:11
2026-09-14 05:30:15,RELS170,0106,Chiara Graf,21,2,0,2026-09-14 05:42:11
2026-09-14 05:30:15,RELS170,0107,Chiara Graf,21,0,0,2026-09-14 05:42:11
2026-09-14 05:30:15,RELS170,0108,Chiara Graf,21,1,0,2026-09-14 05:42:11
2026-09-14 05:30:15,RELS170,0109,Chiara Graf,22,0,0,2026-09-14 05:42:11
2026-09-14 05:30:15,RELS171,0101,Maxine Grossman,40,6,0,2026-09-14 05:42:15
2026-09-14 05:30:15,RELS219K,0101,Shay Hazkani,40,33,0,2026-09-14 05:42:15
2026-09-14 05:30:15,RELS225,0101,Stephanie Cooper,25,3,0,2026-09-14 05:42:15
2026-09-14 05:30:15,RELS273,0101,Hayim Lapin,23,0,0,2026-09-14 05:42:15
2026-09-14 05:30:15,RELS273,0102,Hayim Lapin,23,3,0,2026-09-14 05:42:15
2026-09-14 05:30:15,RELS273,0103,Hayim Lapin,23,1,0,2026-09-14 05:42:15
2026-09-14 05:30:15,RELS274,0101,Matthew Suriano,20,0,0,2026-09-14 05:42:15
2026-09-14 05:30:15,RELS274,0102,Matthew Suriano,20,0,1,2026-09-14 05:42:15
2026-09-14 05:30:15,RELS274,0103,Matthew Suriano,20,0,0,2026-09-14 05:42:15
2026-09-14 05:30:15,RELS274,0104,Matthew Suriano,20,0,0,2026-09-14 05:42:15
2026-09-14 05:30:15,RELS319D,0101,Nathan Levine,35,26,0,2026-09-14 05:42:15
2026-09-14 05:30:15,RELS319Z,0101,Regev Ben-David,30,26,0,2026-09-14 05:42:15
2026-09-14 05:30:15,RELS341,0101,Janna Bianchini,30,0,0,2026-09-14 05:42:16
2026-09-14 05:30:15,RUSS101,0101,Inna Hardman,15,6,0,2026-09-14 05:42:17
2026-09-14 05:30:15,RUSS101,0201,Inna Hardman,15,6,0,2026-09-14 05:42:17
2026-09-14 05:30:15,RUSS201,0101,Zhanna Gerus-Vernola,15,8,0,2026-09-14 05:42:17
2026-09-14 05:30:15,RUSS301,0101,Izolda Savenkova,15,5,0,2026-09-14 05:42:18
2026-09-14 05:30:15,RUSS321,0101,Elizabeth Papazian,15,5,0,2026-09-14 05:42:18
2026-09-14 05:30:15,RUSS334,0101,Elizabeth Papazian,25,0,0,2026-09-14 05:42:18
2026-09-14 05:30:15,RUSS404,0101,Izolda Savenkova,15,1,0,2026-09-14 05:42:19
2026-09-14 05:30:15,SDSB123,0101,Brian Kim,40,7,0,2026-09-14 05:42:20
2026-09-14 05:30:15,SDSB180,0101,Brian Kim,180,125,0,2026-09-14 05:42:20
2026-09-14 05:30:15,SDSB233,0101,Jacob Coutts,25,1,0,2026-09-14 05:42:21
2026-09-14 05:30:15,SDSB233,0102,Jacob Coutts,25,10,0,2026-09-14 05:42:21
2026-09-14 05:30:15,SDSB233,0103,Jacob Coutts,25,9,0,2026-09-14 05:42:21
2026-09-14 05:30:15,SDSB326,0101,Jacob Coutts,50,31,0,2026-09-14 05:42:21
2026-09-14 05:30:15,SDSB340,0101,Neil Lund,40,0,0,2026-09-14 05:42:21
2026-09-14 05:30:15,SDSI414,0201,Maria Krupenkin,34,15,0,2026-09-14 05:42:22
2026-09-14 05:30:15,SDSI414,0202,Maria Krupenkin,34,0,0,2026-09-14 05:42:22
2026-09-14 05:30:15,SDSI492,0101,TJ Rainsford,50,8,0,2026-09-14 05:42:22
2026-09-14 05:30:15,SDSI492,0103,Mary Ann Francis,40,0,2,2026-09-14 05:42:22
2026-09-14 05:30:15,SDSI492,0104,TJ Rainsford,50,0,0,2026-09-14 05:42:22
2026-09-14 05:30:15,SDSI492,0106,Jesse Klein,50,0,5,2026-09-14 05:42:22
2026-09-14 05:30:15,SDSI492,0107,Connie Siebold,40,0,3,2026-09-14 05:42:22
2026-09-14 05:30:15,SDSI492,0110,Patrick Thornton,50,29,0,2026-09-14 05:42:22
2026-09-14 05:30:15,SLLC108I,0101,Instructor: TBA,5,4,0,2026-09-14 05:42:25
2026-09-14 05:30:15,SLLC108J,0101,Instructor: TBA,5,5,0,2026-09-14 05:42:25
2026-09-14 05:30:15,SLLC108W,0101,Instructor: TBA,5,4,0,2026-09-14 05:42:25
2026-09-14 05:30:15,SLLC118A,0101,Sean Pue,10,4,0,2026-09-14 05:42:26
2026-09-14 05:30:15,SLLC200,0101,Chris Lewis,30,4,0,2026-09-14 05:42:26
2026-09-14 05:30:15,SLLC286,0101,Andrew Schonebaum,60,5,0,2026-09-14 05:42:26
2026-09-14 05:30:15,SLLC309,0101,Ahmed Hanafy,10,10,0,2026-09-14 05:42:26
2026-09-14 05:30:15,SLLC309,0102,Ahmed Hanafy,10,8,0,2026-09-14 05:42:26
2026-09-14 05:30:15,SLLC309,0103,Ahmed Hanafy,10,7,0,2026-09-14 05:42:26
2026-09-14 05:30:15,SLLC309,0104,Ahmed Hanafy,10,5,0,2026-09-14 05:42:26
2026-09-14 05:30:15,SLLC309,0105,Ahmed Hanafy,10,6,0,2026-09-14 05:42:26
2026-09-14 05:30:15,SLLC309,0106,Ahmed Hanafy,10,6,0,2026-09-14 05:42:26
2026-09-14 05:30:15,SLLC309,0107,Ahmed Hanafy,10,8,0,2026-09-14 05:42:26
2026-09-14 05:30:15,SLLC309,0108,Ahmed Hanafy,10,9,0,2026-09-14 05:42:26
2026-09-14 05:30:15,SLLC309,0109,Ahmed Hanafy,10,7,0,2026-09-14 05:42:26
2026-09-14 05:30:15,SLLC309,0110,Ahmed Hanafy,10,3,0,2026-09-14 05:42:26
2026-09-14 05:30:15,SLLC309,0111,Ahmed Hanafy,10,10,0,2026-09-14 05:42:26
2026-09-14 05:30:15,SLLC329,0101,Marilyn Matar,13,0,0,2026-09-14 05:42:26
2026-09-14 05:30:15,SLLC329,0102,Marilyn Matar,10,0,0,2026-09-14 05:42:26
2026-09-14 05:30:15,SLLC329,0103,Marilyn Matar,21,2,0,2026-09-14 05:42:26
2026-09-14 05:30:15,SLLC329,0104,Marilyn Matar,10,4,0,2026-09-14 05:42:26
2026-09-14 05:30:15,SLLC329,0105,Marilyn Matar,10,9,0,2026-09-14 05:42:26
2026-09-14 05:30:15,SLLC329,0106,Marilyn Matar,10,1,0,2026-09-14 05:42:26
2026-09-14 05:30:15,SLLC329,0107,Marilyn Matar,10,7,0,2026-09-14 05:42:26
2026-09-14 05:30:15,SLLC329,0108,Marilyn Matar,10,7,0,2026-09-14 05:42:26
2026-09-14 05:30:15,SLLC329,0109,Marilyn Matar,10,4,0,2026-09-14 05:42:26
2026-09-14 05:30:15,SLLC329,0110,Marilyn Matar,20,3,0,2026-09-14 05:42:26
2026-09-14 05:30:15,SLLC350,0101,Michele Mason,30,27,0,2026-09-14 05:42:27
2026-09-14 05:30:15,SMLP470,0101,Brooke Smith,45,13,0,2026-09-14 05:42:28
2026-09-14 05:30:15,SMLP472,0101,Sara Herald,60,19,0,2026-09-14 05:42:28
2026-09-14 05:30:15,TLTC310,0101,Sarah Kistner,0,0,0,2026-09-14 05:42:57
2026-09-14 05:30:15,TLTC310,0201,Yanira Ortiz,20,11,0,2026-09-14 05:42:57
2026-09-14 05:30:15,TLTC333,0101,Mona Thompson,63,0,0,2026-09-14 05:42:57
2026-09-14 05:30:15,TLTC333,0102,Mona Thompson,63,0,0,2026-09-14 05:42:57
2026-09-14 05:30:15,TLTC333,0105,Mona Thompson,63,0,0,2026-09-14 05:42:57
2026-09-14 05:30:15,UMEI005,0101,Charles Duquette,15,2,0,2026-09-14 05:42:58
2026-09-14 05:30:15,UMEI005,0201,Heather Mehrtens,15,9,0,2026-09-14 05:42:58
2026-09-14 05:30:15,UMEI005,0301,Marilena Draganescu,15,11,0,2026-09-14 05:42:58
2026-09-14 05:30:15,UMEI012,0101,Louise Godley,10,10,0,2026-09-14 05:42:58
2026-09-14 05:30:15,UMEI013,0101,Louise Godley,10,7,0,2026-09-14 05:42:59
2026-09-14 05:30:15,UMEI028A,0101,Raymond Smith,16,14,0,2026-09-14 05:42:59
2026-09-14 05:30:15,UMEI506,0101,Heather Mehrtens,16,0,0,2026-09-14 05:42:59
2026-09-14 05:30:15,UMEI506,0201,Heather Mehrtens,16,6,0,2026-09-14 05:42:59
2026-09-14 05:30:15,UMEI507,0101,Marilena Draganescu,15,4,0,2026-09-14 05:42:59
2026-09-14 05:30:15,USLT201,0101,Robert Chester,25,1,0,2026-09-14 05:43:04
2026-09-14 05:30:15,USLT398C,0101,Angela Pico Pinto,25,18,0,2026-09-14 05:43:04
2026-09-14 05:30:15,USLT450,0101,Robert Chester,20,0,0,2026-09-14 05:43:04
2026-09-14 05:30:15,USLT498C,0101,Ana Rodriguez,20,14,0,2026-09-14 05:43:05
2026-09-14 05:30:15,VIPS099,0115,Veronica Kang,5,3,0,2026-09-14 05:43:06
2026-09-14 05:30:15,VIPS208,0101,Mary Bowden,10,10,0,2026-09-14 05:43:06
2026-09-14 05:30:15,VIPS208,0102,Ken Kiger,10,2,0,2026-09-14 05:43:06
2026-09-14 05:30:15,VIPS208,0103,Bryan Quinn,10,9,0,2026-09-14 05:43:06
2026-09-14 05:30:15,VIPS208,0104,Abdil Chowdhury,10,1,0,2026-09-14 05:43:06
2026-09-14 05:30:15,VIPS208,0105,Molly Carton,10,7,0,2026-09-14 05:43:06
2026-09-14 05:30:15,VIPS208,0106,James Baeder,14,2,0,2026-09-14 05:43:06
2026-09-14 05:30:15,VIPS208,0107,Catherine Spirito,10,6,0,2026-09-14 05:43:06
2026-09-14 05:30:15,VIPS208,0108,Ronald Yaros,10,4,0,2026-09-14 05:43:06
2026-09-14 05:30:15,VIPS208,0109,Carinna Ferguson,10,7,0,2026-09-14 05:43:06
2026-09-14 05:30:15,VIPS208,0110,Tracy Riggins,15,0,0,2026-09-14 05:43:06
2026-09-14 05:30:15,VIPS208,0111,Kevin Calabro,13,2,0,2026-09-14 05:43:06
2026-09-14 05:30:15,VIPS208,0112,Raffaele Viglianti,10,5,0,2026-09-14 05:43:06
2026-09-14 05:30:15,VIPS208,0113,Shabnam Jabeen,10,5,0,2026-09-14 05:43:06
2026-09-14 05:30:15,VIPS208,0114,Ning Zeng,15,7,0,2026-09-14 05:43:06
2026-09-14 05:30:15,VIPS208,0115,Veronica Kang,10,5,0,2026-09-14 05:43:06
2026-09-14 05:30:15,VIPS208,0116,David Stewart,10,1,0,2026-09-14 05:43:06
2026-09-14 05:30:15,VIPS208,0117,Meredith Epstein,10,8,0,2026-09-14 05:43:06
2026-09-14 05:30:15,VIPS208,0118,Magaly Toro Ibaceta,10,3,0,2026-09-14 05:43:06
2026-09-14 05:30:15,VIPS208,0120,Marisa Parham,10,6,0,2026-09-14 05:43:06
2026-09-14 05:30:15,VIPS208,0121,Becky Epanchin-Niell,10,1,0,2026-09-14 05:43:06
2026-09-14 05:30:15,VIPS208,0122,Timothy Reedy,10,2,0,2026-09-14 05:43:06
2026-09-14 05:30:15,VIPS208,0123,Lingnan Lin,13,4,0,2026-09-14 05:43:06
2026-09-14 05:30:15,VIPS208,0124,Jeffrey Moro,10,4,0,2026-09-14 05:43:06
2026-09-14 05:30:15,VIPS208,0125,Peter Sunderland,12,4,0,2026-09-14 05:43:06
2026-09-14 05:30:15,VIPS208,0126,Brienna Anderson,10,4,0,2026-09-14 05:43:06
2026-09-14 05:30:15,VIPS308,0101,Mary Bowden,10,9,0,2026-09-14 05:43:06
2026-09-14 05:30:15,VIPS308,0102,Ken Kiger,10,3,0,2026-09-14 05:43:06
2026-09-14 05:30:15,VIPS308,0103,Bryan Quinn,10,2,0,2026-09-14 05:43:06
2026-09-14 05:30:15,VIPS308,0104,Abdil Chowdhury,10,3,0,2026-09-14 05:43:06
2026-09-14 05:30:15,VIPS308,0105,Molly Carton,10,3,0,2026-09-14 05:43:06
2026-09-14 05:30:15,VIPS308,0106,James Baeder,10,4,0,2026-09-14 05:43:06
2026-09-14 05:30:15,VIPS308,0107,Catherine Spirito,10,8,0,2026-09-14 05:43:06
2026-09-14 05:30:15,VIPS308,0108,Ronald Yaros,10,9,0,2026-09-14 05:43:06
2026-09-14 05:30:15,VIPS308,0109,Carinna Ferguson,10,6,0,2026-09-14 05:43:06
2026-09-14 05:30:15,VIPS308,0110,Tracy Riggins,10,0,0,2026-09-14 05:43:06
2026-09-14 05:30:15,VIPS308,0111,Kevin Calabro,10,6,0,2026-09-14 05:43:06
2026-09-14 05:30:15,VIPS308,0112,Raffaele Viglianti,10,10,0,2026-09-14 05:43:06
2026-09-14 05:30:15,VIPS308,0113,Shabnam Jabeen,10,8,0,2026-09-14 05:43:06
2026-09-14 05:30:15,VIPS308,0114,Ning Zeng,10,9,0,2026-09-14 05:43:06
2026-09-14 05:30:15,VIPS308,0115,Veronica Kang,10,10,0,2026-09-14 05:43:06
2026-09-14 05:30:15,VIPS308,0116,David Stewart,10,10,0,2026-09-14 05:43:06
2026-09-14 05:30:15,VIPS308,0117,Meredith Epstein,10,8,0,2026-09-14 05:43:06
2026-09-14 05:30:15,VIPS308,0118,Magaly Toro Ibaceta,10,10,0,2026-09-14 05:43:06
2026-09-14 05:30:15,VIPS308,0120,Marisa Parham,10,9,0,2026-09-14 05:43:06
2026-09-14 05:30:15,VIPS308,0121,Becky Epanchin-Niell,10,10,0,2026-09-14 05:43:06
2026-09-14 05:30:15,VIPS308,0122,Timothy Reedy,10,10,0,2026-09-14 05:43:06
2026-09-14 05:30:15,VIPS308,0123,Lingnan Lin,10,10,0,2026-09-14 05:43:06
2026-09-14 05:30:15,VIPS308,0124,Jeffrey Moro,10,10,0,2026-09-14 05:43:06
2026-09-14 05:30:15,VIPS308,0125,Peter Sunderland,10,10,0,2026-09-14 05:43:06
2026-09-14 05:30:15,VIPS308,0126,Brienna Anderson,10,10,0,2026-09-14 05:43:06
2026-09-14 05:30:15,VIPS408,0101,Mary Bowden,10,4,0,2026-09-14 05:43:06
2026-09-14 05:30:15,VIPS408,0102,Ken Kiger,10,8,0,2026-09-14 05:43:06
2026-09-14 05:30:15,VIPS408,0103,Bryan Quinn,10,3,0,2026-09-14 05:43:06
2026-09-14 05:30:15,VIPS408,0104,Abdil Chowdhury,10,8,0,2026-09-14 05:43:06
2026-09-14 05:30:15,VIPS408,0105,Molly Carton,10,8,0,2026-09-14 05:43:06
2026-09-14 05:30:15,VIPS408,0106,James Baeder,10,7,0,2026-09-14 05:43:06
2026-09-14 05:30:15,VIPS408,0107,Catherine Spirito,10,10,0,2026-09-14 05:43:06
2026-09-14 05:30:15,VIPS408,0108,Ronald Yaros,10,8,0,2026-09-14 05:43:06
2026-09-14 05:30:15,VIPS408,0109,Carinna Ferguson,10,8,0,2026-09-14 05:43:06
2026-09-14 05:30:15,VIPS408,0110,Tracy Riggins,10,10,0,2026-09-14 05:43:06
2026-09-14 05:30:15,VIPS408,0111,Kevin Calabro,10,7,0,2026-09-14 05:43:06
2026-09-14 05:30:15,VIPS408,0112,Raffaele Viglianti,10,9,0,2026-09-14 05:43:06
2026-09-14 05:30:15,VIPS408,0113,Shabnam Jabeen,10,10,0,2026-09-14 05:43:06
2026-09-14 05:30:15,VIPS408,0114,Ning Zeng,10,10,0,2026-09-14 05:43:06
2026-09-14 05:30:15,VIPS408,0115,Veronica Kang,10,10,0,2026-09-14 05:43:06
2026-09-14 05:30:15,VIPS408,0116,David Stewart,10,10,0,2026-09-14 05:43:06
2026-09-14 05:30:15,VIPS408,0117,Meredith Epstein,10,10,0,2026-09-14 05:43:06
2026-09-14 05:30:15,VIPS408,0118,Magaly Toro Ibaceta,10,9,0,2026-09-14 05:43:06
2026-09-14 05:30:15,VIPS408,0120,Marisa Parham,10,10,0,2026-09-14 05:43:06
2026-09-14 05:30:15,VIPS408,0121,Becky Epanchin-Niell,10,10,0,2026-09-14 05:43:06
2026-09-14 05:30:15,VIPS408,0122,Timothy Reedy,10,10,0,2026-09-14 05:43:06
2026-09-14 05:30:15,VIPS408,0123,Lingnan Lin,10,10,0,2026-09-14 05:43:06
2026-09-14 05:30:15,VIPS408,0124,Jeffrey Moro,10,10,0,2026-09-14 05:43:06
2026-09-14 05:30:15,VIPS408,0125,Peter Sunderland,10,10,0,2026-09-14 05:43:06
2026-09-14 05:30:15,VIPS408,0126,Brienna Anderson,10,10,0,2026-09-14 05:43:06
2026-09-14 05:30:15,WEID139B,0101,Denise Joseph,48,7,0,2026-09-14 05:43:09
2026-09-14 05:30:15,WEID139L,0201,Taylor Togafau-Lewis,48,17,0,2026-09-14 05:43:09
2026-09-14 11:00:57,AAAS100,0101,Shane Walsh,35,0,0,2026-09-14 11:00:59
2026-09-14 11:00:57,AAAS100,0201,Shane Walsh,35,0,0,2026-09-14 11:00:59
2026-09-14 11:00:57,AAAS100,0301,George Kintiba,70,36,0,2026-09-14 11:00:59
2026-09-14 11:00:57,AAAS100,0401,Jason Nichols,30,0,0,2026-09-14 11:00:59
2026-09-14 11:00:57,AAAS100,0501,Jason Nichols,35,0,0,2026-09-14 11:00:59
2026-09-14 11:00:57,AAAS101,0101,Chinyere Osuji,40,0,0,2026-09-14 11:01:00
2026-09-14 11:00:57,AAAS187,0101,Robert Choflet,30,0,0,2026-09-14 11:01:01
2026-09-14 11:00:57,AAAS187,0201,Joseph Richardson,30,0,0,2026-09-14 11:01:01
2026-09-14 11:00:57,AAAS200,0101,George Kintiba,40,5,0,2026-09-14 11:01:01
2026-09-14 11:00:57,AAAS202,0101,Robert Choflet,35,7,0,2026-09-14 11:01:02
2026-09-14 11:00:57,AAAS202,0201,Robert Choflet,35,5,0,2026-09-14 11:01:02
2026-09-14 11:00:57,AAAS202,0301,Angelica Dunbar,35,4,0,2026-09-14 11:01:02
2026-09-14 11:00:57,AAAS202,0401,Ashley Everson,35,0,0,2026-09-14 11:01:02
2026-09-14 11:00:57,AAAS202,0501,Ashley Everson,20,3,0,2026-09-14 11:01:02
2026-09-14 11:00:57,AAAS210,0101,Angelica Dunbar,20,16,0,2026-09-14 11:01:03
2026-09-14 11:00:57,AAAS211,0101,Shane Walsh,30,0,0,2026-09-14 11:01:03
2026-09-14 11:00:57,AAAS230,0101,Ashley Newby,30,0,0,2026-09-14 11:01:04
2026-09-14 11:00:57,AAAS230,0201,Ashley Newby,30,0,0,2026-09-14 11:01:04
2026-09-14 11:00:57,AAAS234,0201,Mike Kolakoski,30,3,0,2026-09-14 11:01:04
2026-09-14 11:00:57,AAAS254,0101,Christopher Bonner,40,2,0,2026-09-14 11:01:05
2026-09-14 11:00:57,AAAS271,0101,Sydney Lewis,30,0,0,2026-09-14 11:01:05
2026-09-14 11:00:57,AAAS310,0101,George Kintiba,25,22,0,2026-09-14 11:01:06
2026-09-14 11:00:57,AAAS320,0101,Cecily Jackson,25,0,0,2026-09-14 11:01:06
2026-09-14 11:00:57,AAAS320,0201,Cecily Jackson,25,0,0,2026-09-14 11:01:06
2026-09-14 11:00:57,AAAS325,0101,Traci Dula,20,4,0,2026-09-14 11:01:07
2026-09-14 11:00:57,AAAS350,0101,John Drabinski,20,0,0,2026-09-14 11:01:07
2026-09-14 11:00:57,AAAS361,0101,Michelle Rowley,35,26,0,2026-09-14 11:01:08
2026-09-14 11:00:57,AAAS386,0101,Marshal Washington,10,10,0,2026-09-14 11:01:08
2026-09-14 11:00:57,AAAS397,0101,John Drabinski,2,2,0,2026-09-14 11:01:09
2026-09-14 11:00:57,AAAS397,0201,Angelica Dunbar,2,2,0,2026-09-14 11:01:09
2026-09-14 11:00:57,AAAS397,0301,Sharon Harley,2,2,0,2026-09-14 11:01:09
2026-09-14 11:00:57,AAAS397,0401,Cecily Jackson,2,2,0,2026-09-14 11:01:09
2026-09-14 11:00:57,AAAS397,0501,Sangeetha Madhavan,2,2,0,2026-09-14 11:01:09
2026-09-14 11:00:57,AAAS397,0601,Ashley Newby,1,1,0,2026-09-14 11:01:09
2026-09-14 11:00:57,AAAS397,0701,Chinyere Osuji,2,2,0,2026-09-14 11:01:09
2026-09-14 11:00:57,AAAS397,0801,Periloux Peay,2,2,0,2026-09-14 11:01:09
2026-09-14 11:00:57,AAAS397,0901,Joseph Richardson,2,2,0,2026-09-14 11:01:09
2026-09-14 11:00:57,AAAS398B,0101,Beka Guluma,20,13,0,2026-09-14 11:01:09
2026-09-14 11:00:57,AAAS398W,0101,Jason Nichols,25,11,0,2026-09-14 11:01:10
2026-09-14 11:00:57,AAAS400,0101,Periloux Peay,25,22,0,2026-09-14 11:01:10
2026-09-14 11:00:57,AAAS415,0101,Periloux Peay,30,0,0,2026-09-14 11:01:11
2026-09-14 11:00:57,AAAS499N,0101,Anne Rosen,25,0,0,2026-09-14 11:01:11
2026-09-14 11:00:57,AAST200,0101,Jennifer Cho,30,0,0,2026-09-14 11:01:14
2026-09-14 11:00:57,AAST200,0102,Binod Paudyal,30,0,0,2026-09-14 11:01:14
2026-09-14 11:00:57,AAST322,0101,Julie Park,30,3,0,2026-09-14 11:01:14
2026-09-14 11:00:57,AAST351,0101,Binod Paudyal,35,0,0,2026-09-14 11:01:15
2026-09-14 11:00:57,AAST355,0101,Jennifer Cho,35,0,1,2026-09-14 11:01:16
2026-09-14 11:00:57,AAST378,0101,Janelle Wong,2,2,0,2026-09-14 11:01:16
2026-09-14 11:00:57,AAST394,0101,Wenxi Yang,30,1,0,2026-09-14 11:01:17
2026-09-14 11:00:57,AAST398I,0101,Michelle Magalong,24,1,0,2026-09-14 11:01:18
2026-09-14 11:00:57,AAST398W,0101,Chris Eng,25,14,0,2026-09-14 11:01:18
2026-09-14 11:00:57,AAST421,0101,Tuyet Duong,20,3,0,2026-09-14 11:01:19
2026-09-14 11:00:57,AAST422,0101,Jennifer Cho,25,7,0,2026-09-14 11:01:19
2026-09-14 11:00:57,AAST424,0101,Dawn Dow,29,10,0,2026-09-14 11:01:20
2026-09-14 11:00:57,AAST440,0101,Binod Paudyal,25,1,0,2026-09-14 11:01:20
2026-09-14 11:00:57,AAST443,0101,Janelle Wong,30,1,0,2026-09-14 11:01:21
2026-09-14 11:00:57,ABRM330,0101,Rashawn Ray,40,0,0,2026-09-14 11:01:23
2026-09-14 11:00:57,ARAB101,0101,Samah Al-salami,15,1,0,2026-09-14 11:02:17
2026-09-14 11:00:57,ARAB101,0201,Ahmed Hanafy,15,5,0,2026-09-14 11:02:17
2026-09-14 11:00:57,ARAB102,0101,Samah Al-salami,15,2,0,2026-09-14 11:02:18
2026-09-14 11:00:57,ARAB102,0201,Lutf Alkebsi,15,12,0,2026-09-14 11:02:18
2026-09-14 11:00:57,ARAB201,0101,Lutf Alkebsi,15,0,0,2026-09-14 11:02:18
2026-09-14 11:00:57,ARAB201,0201,Lutf Alkebsi,15,11,0,2026-09-14 11:02:18
2026-09-14 11:00:57,ARAB208L,0101,Samah Al-salami,15,3,0,2026-09-14 11:02:19
2026-09-14 11:00:57,ARAB225,0101,Ahmed Hanafy,15,3,0,2026-09-14 11:02:19
2026-09-14 11:00:57,ARAB301,0101,Ahmed Hanafy,15,7,0,2026-09-14 11:02:20
2026-09-14 11:00:57,ARAB321,0101,Ahmed Hanafy,15,8,0,2026-09-14 11:02:20
2026-09-14 11:00:57,ARAB322,0101,Samah Al-salami,15,9,0,2026-09-14 11:02:20
2026-09-14 11:00:57,ARAB398A,0101,Lutf Alkebsi,15,6,0,2026-09-14 11:02:21
2026-09-14 11:00:57,ARAB499E,0101,Brendan Kibbee,20,2,0,2026-09-14 11:02:22
2026-09-14 11:00:57,ARMY106,0101,Thomas Battinieri,31,25,0,2026-09-14 11:03:03
2026-09-14 11:00:57,ARMY106,0102,Thomas Battinieri,40,30,0,2026-09-14 11:03:03
2026-09-14 11:00:57,ARMY106,FC01,Andrew Bischoff,15,11,0,2026-09-14 11:03:03
2026-09-14 11:00:57,ARMY106,FC02,Thomas Battinieri,9,8,0,2026-09-14 11:03:03
2026-09-14 11:00:57,ARMY110,0101,Andrew Bischoff,15,15,0,2026-09-14 11:03:03
2026-09-14 11:00:57,ARMY201,0102,Thomas Battinieri,35,14,0,2026-09-14 11:03:04
2026-09-14 11:00:57,ARMY301,0101,Joshua Guiod,40,20,0,2026-09-14 11:03:04
2026-09-14 11:00:57,ARMY401,0102,Andrew Bischoff,50,13,0,2026-09-14 11:03:05
2026-09-14 11:00:57,ARSC059,0101,Kathleen West,220,53,0,2026-09-14 11:03:06
2026-09-14 11:00:57,ARSC059,FC01,Jens Lyndrup,10,5,0,2026-09-14 11:03:06
2026-09-14 11:00:57,ARSC100,0101,Jens Lyndrup,50,33,0,2026-09-14 11:03:07
2026-09-14 11:00:57,ARSC100,0102,Jens Lyndrup,75,16,0,2026-09-14 11:03:07
2026-09-14 11:00:57,ARSC100,0103,Jens Lyndrup,40,31,0,2026-09-14 11:03:07
2026-09-14 11:00:57,ARSC100,FC01,Jens Lyndrup,5,3,0,2026-09-14 11:03:07
2026-09-14 11:00:57,ARSC100,FC02,Jens Lyndrup,10,7,0,2026-09-14 11:03:07
2026-09-14 11:00:57,ARSC200,0101,Alan Snyder,50,14,0,2026-09-14 11:03:07
2026-09-14 11:00:57,ARSC200,0102,Alan Snyder,35,21,0,2026-09-14 11:03:07
2026-09-14 11:00:57,ARSC200,0103,Alan Snyder,40,32,0,2026-09-14 11:03:07
2026-09-14 11:00:57,ARSC300,0101,Kathleen West,30,5,0,2026-09-14 11:03:08
2026-09-14 11:00:57,ARSC300,0102,Kathleen West,20,13,0,2026-09-14 11:03:08
2026-09-14 11:00:57,ARSC400,0101,Walter Mitchell,30,11,0,2026-09-14 11:03:08
2026-09-14 11:00:57,ARSC400,0102,Walter Mitchell,20,18,0,2026-09-14 11:03:08
2026-09-14 11:00:57,ARSC400,0201,Walter Mitchell,10,10,0,2026-09-14 11:03:08
2026-09-14 11:00:57,BMIN210,0101,Darlene Dennison,180,1,0,2026-09-14 11:04:29
2026-09-14 11:00:57,BMIN210,0201,Darlene Dennison,180,96,0,2026-09-14 11:04:29
2026-09-14 11:00:57,BMIN305,0101,Tejwansh Anand,180,14,0,2026-09-14 11:04:29
2026-09-14 11:00:57,BMIN345,0101,Michael Padhi,275,35,0,2026-09-14 11:04:29
2026-09-14 11:00:57,BMIN355,0101,Idil Yaveroglu,180,0,0,2026-09-14 11:04:30
2026-09-14 11:00:57,BMIN355,0201,Idil Yaveroglu,180,26,0,2026-09-14 11:04:30
2026-09-14 11:00:57,BMIN375,0101,Leland Gardner,185,4,0,2026-09-14 11:04:30
2026-09-14 11:00:57,BMIN395,0101,Nima Farshchi,200,2,0,2026-09-14 11:04:31
2026-09-14 11:00:57,BMIN395,0201,Nima Farshchi,200,105,0,2026-09-14 11:04:31
2026-09-14 11:00:57,BOIS602,WI01,Woei-jyh Lee,40,6,0,2026-09-14 11:04:34
2026-09-14 11:00:57,BOIS604,WI01,Manmohan Aseri,40,5,0,2026-09-14 11:04:35
2026-09-14 11:00:57,BOIS631,WI01,Sujin Kim,40,8,0,2026-09-14 11:04:35
2026-09-14 11:00:57,BSOS355,0101,Liza Lebrun,30,30,0,2026-09-14 11:04:49
2026-09-14 11:00:57,BSOS361,0101,TC Lloyd,30,2,0,2026-09-14 11:04:49
2026-09-14 11:00:57,BSOS361,0103,Keia Brown,30,2,0,2026-09-14 11:04:49
2026-09-14 11:00:57,BSOS361,0104,David Tana,30,2,0,2026-09-14 11:04:49
2026-09-14 11:00:57,BSOS361,0105,TC Lloyd,30,2,0,2026-09-14 11:04:49
2026-09-14 11:00:57,BSOS388C,0101,Nikita Kimani,20,0,0,2026-09-14 11:04:50
2026-09-14 11:00:57,BSOS388C,0201,Nikita Kimani,20,0,0,2026-09-14 11:04:50
2026-09-14 11:00:57,BSOS388E,0101,Liza Lebrun,30,30,0,2026-09-14 11:04:50
2026-09-14 11:00:57,BUSO600,SO11,Neta Moye,42,5,0,2026-09-14 11:05:11
2026-09-14 11:00:57,BUSO600,SO12,Neta Moye,42,9,0,2026-09-14 11:05:11
2026-09-14 11:00:57,BUSO603,SO11,Ilya Ryzhov,42,5,0,2026-09-14 11:05:11
2026-09-14 11:00:57,BUSO603,SO12,Ilya Ryzhov,42,4,0,2026-09-14 11:05:11
2026-09-14 11:00:57,BUSO604,SO11,Bennet Zelner,42,6,0,2026-09-14 11:05:12
2026-09-14 11:00:57,BUSO604,SO12,Bennet Zelner,42,6,0,2026-09-14 11:05:12
2026-09-14 11:00:57,BUSO612,SO11,Henry Boyd,42,3,0,2026-09-14 11:05:12
2026-09-14 11:00:57,BUSO612,SO12,Henry Boyd,42,5,0,2026-09-14 11:05:12
2026-09-14 11:00:57,BUSO616,SO31,Brent Solomon,38,2,0,2026-09-14 11:05:13
2026-09-14 11:00:57,BUSO616,SO32,Brent Solomon,38,0,0,2026-09-14 11:05:13
2026-09-14 11:00:57,BUSO624,SO31,Yi Xu,38,2,0,2026-09-14 11:05:13
2026-09-14 11:00:57,BUSO624,SO32,Yi Xu,38,0,0,2026-09-14 11:05:13
2026-09-14 11:00:57,BUSO700,SO91,Paulo Prochno,0,0,0,2026-09-14 11:05:14
2026-09-14 11:00:57,BUSO711,SO31,Gosia Langa Basit,28,0,0,2026-09-14 11:05:14
2026-09-14 11:00:57,BUSO711,SO32,Gosia Langa Basit,28,3,0,2026-09-14 11:05:14
2026-09-14 11:00:57,BUSO711,SO33,Gosia Langa Basit,28,1,0,2026-09-14 11:05:14
2026-09-14 11:00:57,BUSO731,SO51,Tejwansh Anand,49,0,1,2026-09-14 11:05:15
2026-09-14 11:00:57,BUSO752,SO51,Leland Gardner,35,13,0,2026-09-14 11:05:16
2026-09-14 11:00:57,BUSO758G,SO51,James Seward,35,11,0,2026-09-14 11:05:16
2026-09-14 11:00:57,BUSO758M,SO51,Paulo Prochno,49,2,0,2026-09-14 11:05:17
2026-09-14 11:00:57,BUSO758M,SO52,Paulo Prochno,49,3,0,2026-09-14 11:05:17
2026-09-14 11:00:57,BUSO758T,SO51,Michael Cichello,35,18,0,2026-09-14 11:05:17
2026-09-14 11:00:57,BUSO758W,SO51,Yogesh Joshi,33,2,0,2026-09-14 11:05:18
2026-09-14 11:00:57,BUSO758W,SO52,Yogesh Joshi,33,2,0,2026-09-14 11:05:18
2026-09-14 11:00:57,BUSO758X,SO51,Pallassana Kannan,49,3,0,2026-09-14 11:05:19
2026-09-14 11:00:57,BUSO788F,GX01,Judy Frels,25,6,0,2026-09-14 11:05:19
2026-09-14 11:00:57,BUSO788W,GX01,Zhi-Long Chen,30,5,0,2026-09-14 11:05:20
2026-09-14 11:00:57,CHSE200,0101,Betsy Tornquist,10,1,0,2026-09-14 11:05:57
2026-09-14 11:00:57,CHSE205,0101,Yewon Lee,60,0,1,2026-09-14 11:05:58
2026-09-14 11:00:57,CHSE205,0201,Yewon Lee,60,0,1,2026-09-14 11:05:58
2026-09-14 11:00:57,CHSE228C,0101,Nikita Kimani,20,0,0,2026-09-14 11:05:58
2026-09-14 11:00:57,CHSE228C,0201,Nikita Kimani,20,0,0,2026-09-14 11:05:58
2026-09-14 11:00:57,CHSE228C,0301,Nikita Kimani,20,0,0,2026-09-14 11:05:58
2026-09-14 11:00:57,CHSE230,0101,Isabelle Grable,25,16,0,2026-09-14 11:05:58
2026-09-14 11:00:57,CHSE376,0101,Michael Dunham,22,0,3,2026-09-14 11:05:59
2026-09-14 11:00:57,CHSE376,0201,Colleen McGilpin,20,0,4,2026-09-14 11:05:59
2026-09-14 11:00:57,CHSE376,0301,Elizabeth Martinez,20,0,0,2026-09-14 11:05:59
2026-09-14 11:00:57,CHSE376,0401,Chanai Brewster,20,3,0,2026-09-14 11:05:59
2026-09-14 11:00:57,CHSE476,0101,Michael Dunham,20,6,0,2026-09-14 11:06:00
2026-09-14 11:00:57,CHSE477,0101,Michael Dunham,15,4,0,2026-09-14 11:06:00
2026-09-14 11:00:57,CHSE489,1901,Amy D'Agati,15,10,0,2026-09-14 11:06:01
2026-09-14 11:00:57,CINE245,0101,Eric Zakim,22,0,2,2026-09-14 11:06:03
2026-09-14 11:00:57,CINE245,0102,Eric Zakim,22,0,3,2026-09-14 11:06:03
2026-09-14 11:00:57,CINE245,0103,Eric Zakim,22,0,3,2026-09-14 11:06:03
2026-09-14 11:00:57,CINE245,0104,Eric Zakim,22,0,1,2026-09-14 11:06:03
2026-09-14 11:00:57,CINE280,0101,Porter Olsen,30,0,0,2026-09-14 11:06:04
2026-09-14 11:00:57,CINE280,0201,John Tobin,30,0,0,2026-09-14 11:06:04
2026-09-14 11:00:57,CINE298A,0101,Caroline Eades,20,0,0,2026-09-14 11:06:04
2026-09-14 11:00:57,CINE301,0101,Eric Zakim,30,0,0,2026-09-14 11:06:04
2026-09-14 11:00:57,CINE310,0101,Nathaniel Stevens,15,2,0,2026-09-14 11:06:05
2026-09-14 11:00:57,CINE315,0101,Yael Inbar,15,0,0,2026-09-14 11:06:05
2026-09-14 11:00:57,CINE319G,0101,Oliver Gaycken,25,15,0,2026-09-14 11:06:06
2026-09-14 11:00:57,CINE319P,5501,Samuel Crawford,11,0,1,2026-09-14 11:06:06
2026-09-14 11:00:57,CINE319Z,0101,Paul Cote,25,7,0,2026-09-14 11:06:07
2026-09-14 11:00:57,CINE329T,0101,Daniel Richter,25,0,4,2026-09-14 11:06:07
2026-09-14 11:00:57,CINE332,0101,Parker Brookie,25,0,0,2026-09-14 11:06:07
2026-09-14 11:00:57,CINE334,0101,Elizabeth Papazian,25,0,0,2026-09-14 11:06:08
2026-09-14 11:00:57,CINE337,0101,Jason Kuo,25,0,1,2026-09-14 11:06:08
2026-09-14 11:00:57,CINE342,0101,Luka Arsenjuk,20,0,1,2026-09-14 11:06:09
2026-09-14 11:00:57,CINE350,0101,John Drabinski,20,0,0,2026-09-14 11:06:09
2026-09-14 11:00:57,CINE359C,0101,Daniel Richter,25,0,2,2026-09-14 11:06:09
2026-09-14 11:00:57,CINE369B,0101,Eva Hageman,30,1,0,2026-09-14 11:06:10
2026-09-14 11:00:57,CINE369K,0101,Paul Cote,20,0,1,2026-09-14 11:06:10
2026-09-14 11:00:57,CINE376,0101,Ross Angelella,15,3,0,2026-09-14 11:06:11
2026-09-14 11:00:57,CINE376,0102,Ross Angelella,5,2,0,2026-09-14 11:06:11
2026-09-14 11:00:57,CINE415,0101,Mathew Bainbridge,15,0,0,2026-09-14 11:06:12
2026-09-14 11:00:57,CINE419P,0101,Oliver Gaycken,20,14,0,2026-09-14 11:06:12
2026-09-14 11:00:57,CINE459P,0101,Luka Arsenjuk,20,0,2,2026-09-14 11:06:12
2026-09-14 11:00:57,CLAS170,0101,Chiara Graf,21,1,0,2026-09-14 11:06:15
2026-09-14 11:00:57,CLAS170,0102,Chiara Graf,21,0,0,2026-09-14 11:06:15
2026-09-14 11:00:57,CLAS170,0103,Chiara Graf,21,0,0,2026-09-14 11:06:15
2026-09-14 11:00:57,CLAS170,0104,Chiara Graf,21,0,0,2026-09-14 11:06:15
2026-09-14 11:00:57,CLAS170,0105,Chiara Graf,21,0,0,2026-09-14 11:06:15
2026-09-14 11:00:57,CLAS170,0106,Chiara Graf,21,2,0,2026-09-14 11:06:15
2026-09-14 11:00:57,CLAS170,0107,Chiara Graf,21,0,0,2026-09-14 11:06:15
2026-09-14 11:00:57,CLAS170,0108,Chiara Graf,21,1,0,2026-09-14 11:06:15
2026-09-14 11:00:57,CLAS170,0109,Chiara Graf,22,0,0,2026-09-14 11:06:15
2026-09-14 11:00:57,CLAS170,FC01,Chelsea Stolt,28,4,0,2026-09-14 11:06:15
2026-09-14 11:00:57,CLAS170,FC02,Chelsea Stolt,28,0,0,2026-09-14 11:06:15
2026-09-14 11:00:57,CLAS170,FC03,Eugenia Lao,28,8,0,2026-09-14 11:06:15
2026-09-14 11:00:57,CLAS170,FC05,Charis Addai,28,6,0,2026-09-14 11:06:15
2026-09-14 11:00:57,CLAS277,0101,Chiara Graf,25,0,0,2026-09-14 11:06:15
2026-09-14 11:00:57,CLAS277,0102,Chiara Graf,25,1,0,2026-09-14 11:06:15
2026-09-14 11:00:57,CLAS277,0103,Chiara Graf,25,4,0,2026-09-14 11:06:15
2026-09-14 11:00:57,CLAS277,0104,Chiara Graf,25,1,0,2026-09-14 11:06:15
2026-09-14 11:00:57,CLAS277,0105,Chiara Graf,25,0,0,2026-09-14 11:06:15
2026-09-14 11:00:57,CLAS277,0106,Chiara Graf,25,1,0,2026-09-14 11:06:15
2026-09-14 11:00:57,CLAS305,0101,Jorge Bravo,35,1,0,2026-09-14 11:06:15
2026-09-14 11:00:57,CLAS309N,0101,Nathan Levine,35,26,0,2026-09-14 11:06:16
2026-09-14 11:00:57,CLAS310,0101,Rachel Singpurwalla,20,0,1,2026-09-14 11:06:16
2026-09-14 11:00:57,CLAS310,0102,Rachel Singpurwalla,20,0,2,2026-09-14 11:06:16
2026-09-14 11:00:57,CLAS310,0103,Rachel Singpurwalla,20,0,3,2026-09-14 11:06:16
2026-09-14 11:00:57,CLAS312,0101,Polyvia Parara,35,6,0,2026-09-14 11:06:17
2026-09-14 11:00:57,CMLT235,0101,Brielle Gorrell,30,1,0,2026-09-14 11:06:21
2026-09-14 11:00:57,CMLT270,0101,Hannah (Toyin) Adeyemi,30,0,0,2026-09-14 11:06:21
2026-09-14 11:00:57,CMLT270,0201,Shakiba Sharifpour,30,1,0,2026-09-14 11:06:21
2026-09-14 11:00:57,CMLT275,0201,Abhinav Bhardwaj,30,0,1,2026-09-14 11:06:21
2026-09-14 11:00:57,CMLT277,0101,Nahid Ahmadian,30,2,0,2026-09-14 11:06:22
2026-09-14 11:00:57,CMLT280,0101,Porter Olsen,30,0,0,2026-09-14 11:06:22
2026-09-14 11:00:57,CMLT280,0201,John Tobin,30,0,0,2026-09-14 11:06:22
2026-09-14 11:00:57,CPBE100,0101,Oliver Schlake,95,25,0,2026-09-14 11:07:08
2026-09-14 11:00:57,CPBE200,0101,Oliver Schlake,75,33,0,2026-09-14 11:07:08
2026-09-14 11:00:57,CPBE225,0101,Ira Koretsky,38,13,0,2026-09-14 11:07:09
2026-09-14 11:00:57,CPBE225,0102,Ira Koretsky,38,22,0,2026-09-14 11:07:09
2026-09-14 11:00:57,CPCV100,0101,Julie Randolph,40,1,0,2026-09-14 11:07:11
2026-09-14 11:00:57,CPCV100,0201,Julie Randolph,40,8,0,2026-09-14 11:07:11
2026-09-14 11:00:57,CPCV200,0101,Julie Randolph,35,1,0,2026-09-14 11:07:11
2026-09-14 11:00:57,CPCV200,0201,Julie Randolph,35,16,0,2026-09-14 11:07:11
2026-09-14 11:00:57,CPCV225,0101,Korey Rothman,75,4,0,2026-09-14 11:07:11
2026-09-14 11:00:57,CPDJ100,0101,Jess Feltner,75,2,0,2026-09-14 11:07:13
2026-09-14 11:00:57,CPDJ200,0101,Andrew Fellows,75,37,0,2026-09-14 11:07:14
2026-09-14 11:00:57,CPET100,0101,Tim Knight,75,4,0,2026-09-14 11:07:15
2026-09-14 11:00:57,CPET200,0101,Tim Knight,75,7,0,2026-09-14 11:07:16
2026-09-14 11:00:57,CPGH100,0101,John Wiggins,85,7,0,2026-09-14 11:07:18
2026-09-14 11:00:57,CPGH200,0101,John Wiggins,75,18,0,2026-09-14 11:07:18
2026-09-14 11:00:57,CPJT100,0101,Justine DeCamillis,75,7,0,2026-09-14 11:07:20
2026-09-14 11:00:57,CPJT200,0101,Justine DeCamillis,75,21,0,2026-09-14 11:07:20
2026-09-14 11:00:57,CPMS100,0101,Alison Burns,75,0,0,2026-09-14 11:07:22
2026-09-14 11:00:57,CPMS200,0101,Alison Burns,75,11,0,2026-09-14 11:07:22
2026-09-14 11:00:57,CPMS225,0101,Alison Burns,75,0,0,2026-09-14 11:07:23
2026-09-14 11:00:57,CPMS230,0101,Alison Burns,30,11,0,2026-09-14 11:07:23
2026-09-14 11:00:57,CPMS240,0101,Carole Lee,20,17,0,2026-09-14 11:07:24
2026-09-14 11:00:57,CPPL100,0101,Kelly Brower,78,2,0,2026-09-14 11:07:26
2026-09-14 11:00:57,CPPL200,0101,Susannah Washburn,75,15,0,2026-09-14 11:07:26
2026-09-14 11:00:57,CPSA100,0101,Andrea Cesar,75,13,0,2026-09-14 11:07:28
2026-09-14 11:00:57,CPSA200,0101,Andrea Cesar,75,34,0,2026-09-14 11:07:28
2026-09-14 11:00:57,CPSF100,0101,Nicholas Fletcher,85,1,0,2026-09-14 11:07:30
2026-09-14 11:00:57,CPSF200,0101,Nicholas Fletcher,75,5,0,2026-09-14 11:07:30
2026-09-14 11:00:57,CPSG100,0101,Thomas Holtz,85,11,0,2026-09-14 11:07:32
2026-09-14 11:00:57,CPSG200,0101,Thomas Holtz,75,29,0,2026-09-14 11:07:32
2026-09-14 11:00:57,CPSN100,0101,Hansol Kwak,85,5,0,2026-09-14 11:07:34
2026-09-14 11:00:57,CPSN200,0101,Stacy Kosko,75,42,0,2026-09-14 11:07:35
2026-09-14 11:00:57,CPSN230,0101,Sarah Kilmer,20,18,0,2026-09-14 11:07:35
2026-09-14 11:00:57,CPSN240,0101,Sarah Kilmer,10,7,0,2026-09-14 11:07:35
2026-09-14 11:00:57,CPSN250,0101,Sarah Kilmer,5,5,0,2026-09-14 11:07:36
2026-09-14 11:00:57,CPSP110,0101,Markell Saunders,18,8,0,2026-09-14 11:07:38
2026-09-14 11:00:57,CPSP110,0201,Patrice Greene,18,13,0,2026-09-14 11:07:38
2026-09-14 11:00:57,CPSP220,0101,Tiara Thomas,20,1,0,2026-09-14 11:07:38
2026-09-14 11:00:57,CPSP239A,0101,Heather-Erin Bremenstuhl,10,5,0,2026-09-14 11:07:39
2026-09-14 11:00:57,CPSP269C,0101,Korey Rothman,5,5,0,2026-09-14 11:07:39
2026-09-14 11:00:57,CPSP339P,0101,Susannah Washburn,10,7,0,2026-09-14 11:07:39
2026-09-14 11:00:57,CPSS100,0101,Nicole Mogul,85,6,0,2026-09-14 11:07:41
2026-09-14 11:00:57,CPSS220,0101,Nicole Mogul,20,2,0,2026-09-14 11:07:42
2026-09-14 11:00:57,CPSS225,0101,Roan Parrish,20,14,0,2026-09-14 11:07:42
2026-09-14 11:00:57,CPSS340,0101,David Tomblin,20,5,0,2026-09-14 11:07:42
2026-09-14 11:00:57,CRLN101,0103,Myles Alexander,25,1,0,2026-09-14 11:07:44
2026-09-14 11:00:57,CRLN101,0104,Tami Smith,26,0,0,2026-09-14 11:07:44
2026-09-14 11:00:57,CRLN101,0105,Denis Garcia Reyes,25,0,0,2026-09-14 11:07:44
2026-09-14 11:00:57,CRLN101,0106,Mitch Woolley,25,4,0,2026-09-14 11:07:44
2026-09-14 11:00:57,CRLN101,0107,Esohe Owie,25,0,0,2026-09-14 11:07:44
2026-09-14 11:00:57,DATA100,0111,Matthew Griffin,33,4,0,2026-09-14 11:07:56
2026-09-14 11:00:57,DATA100,0112,Matthew Griffin,35,1,0,2026-09-14 11:07:56
2026-09-14 11:00:57,DATA100,0121,Matthew Griffin,35,2,0,2026-09-14 11:07:56
2026-09-14 11:00:57,DATA100,0122,Matthew Griffin,33,0,0,2026-09-14 11:07:56
2026-09-14 11:00:57,DATA100,0123,Matthew Griffin,33,1,0,2026-09-14 11:07:56
2026-09-14 11:00:57,DATA100,0124,Matthew Griffin,33,0,0,2026-09-14 11:07:56
2026-09-14 11:00:57,DATA100,0131,Matthew Griffin,33,1,0,2026-09-14 11:07:56
2026-09-14 11:00:57,DATA100,0141,Matthew Griffin,35,0,0,2026-09-14 11:07:56
2026-09-14 11:00:57,DATA100,0142,Matthew Griffin,33,0,0,2026-09-14 11:07:56
2026-09-14 11:00:57,DATA100,0211,Matthew Griffin,33,1,0,2026-09-14 11:07:56
2026-09-14 11:00:57,DATA100,0212,Matthew Griffin,35,0,0,2026-09-14 11:07:56
2026-09-14 11:00:57,DATA100,0221,Matthew Griffin,30,0,0,2026-09-14 11:07:56
2026-09-14 11:00:57,DATA100,0223,Matthew Griffin,32,0,0,2026-09-14 11:07:56
2026-09-14 11:00:57,DATA100,0224,Matthew Griffin,30,1,0,2026-09-14 11:07:56
2026-09-14 11:00:57,DATA100,0231,Matthew Griffin,33,3,0,2026-09-14 11:07:56
2026-09-14 11:00:57,DATA100,0311,Archana Khurana,35,6,0,2026-09-14 11:07:56
2026-09-14 11:00:57,DATA100,0312,Archana Khurana,35,1,0,2026-09-14 11:07:56
2026-09-14 11:00:57,DATA100,0321,Archana Khurana,35,0,0,2026-09-14 11:07:56
2026-09-14 11:00:57,DATA100,0322,Archana Khurana,35,1,0,2026-09-14 11:07:56
2026-09-14 11:00:57,DATA100,0323,Archana Khurana,35,0,0,2026-09-14 11:07:56
2026-09-14 11:00:57,DATA100,0341,Archana Khurana,35,5,0,2026-09-14 11:07:56
2026-09-14 11:00:57,DATA110,0101,Susan Mazzullo,250,24,0,2026-09-14 11:07:57
2026-09-14 11:00:57,DATA120,0101,Fardina Alam,200,0,3,2026-09-14 11:07:57
2026-09-14 11:00:57,DATA200,0101,Fardina Alam,90,32,0,2026-09-14 11:07:57
2026-09-14 11:00:57,DATA250,0101,Todd Rowland,43,7,0,2026-09-14 11:07:58
2026-09-14 11:00:57,DATA320,0101,Maksym Morawski,15,10,0,2026-09-14 11:07:58
2026-09-14 11:00:57,DATA320,0201,Maksym Morawski,20,10,0,2026-09-14 11:07:58
2026-09-14 11:00:57,DATA320,0301,Fardina Alam,20,1,0,2026-09-14 11:07:58
2026-09-14 11:00:57,DATA350,0101,Raluca Rosca,30,11,0,2026-09-14 11:07:59
2026-09-14 11:00:57,DATA350,0201,Jonathan Fernandes,34,5,0,2026-09-14 11:07:59
2026-09-14 11:00:57,DATA400,0111,Salman Safdar,27,1,0,2026-09-14 11:07:59
2026-09-14 11:00:57,DATA400,0112,Salman Safdar,30,1,0,2026-09-14 11:07:59
2026-09-14 11:00:57,DATA400,0121,Salman Safdar,27,2,0,2026-09-14 11:07:59
2026-09-14 11:00:57,DATA400,0122,Salman Safdar,27,4,0,2026-09-14 11:07:59
2026-09-14 11:00:57,DATA400,0131,Salman Safdar,27,3,0,2026-09-14 11:07:59
2026-09-14 11:00:57,DATA400,0132,Salman Safdar,27,8,0,2026-09-14 11:07:59
2026-09-14 11:00:57,DATA400,0211,Timothy Pilachowski,30,3,0,2026-09-14 11:07:59
2026-09-14 11:00:57,DATA400,0212,Timothy Pilachowski,30,4,0,2026-09-14 11:07:59
2026-09-14 11:00:57,DATA400,0221,Timothy Pilachowski,30,3,0,2026-09-14 11:07:59
2026-09-14 11:00:57,DATA400,0222,Timothy Pilachowski,30,1,0,2026-09-14 11:07:59
2026-09-14 11:00:57,DATA400,0231,Timothy Pilachowski,30,0,0,2026-09-14 11:07:59
2026-09-14 11:00:57,DATA400,0232,Timothy Pilachowski,30,2,0,2026-09-14 11:07:59
2026-09-14 11:00:57,DATA400,0311,Mestiyage Gunatilleka,32,0,1,2026-09-14 11:07:59
2026-09-14 11:00:57,DATA400,0312,Mestiyage Gunatilleka,30,0,2,2026-09-14 11:07:59
2026-09-14 11:00:57,DATA400,0321,Mestiyage Gunatilleka,32,0,1,2026-09-14 11:07:59
2026-09-14 11:00:57,DATA400,0322,Mestiyage Gunatilleka,30,0,1,2026-09-14 11:07:59
2026-09-14 11:00:57,DATA400,0331,Mestiyage Gunatilleka,32,0,1,2026-09-14 11:07:59
2026-09-14 11:00:57,DATA400,0332,Mestiyage Gunatilleka,30,0,1,2026-09-14 11:07:59
2026-09-14 11:00:57,DATA400,0511,Shixin Zheng,35,0,0,2026-09-14 11:07:59
2026-09-14 11:00:57,DATA400,0521,Shixin Zheng,35,0,0,2026-09-14 11:07:59
2026-09-14 11:00:57,DATA400,0531,Shixin Zheng,35,0,0,2026-09-14 11:07:59
2026-09-14 11:00:57,DATA601,PCS1,Sandra Cerrai,50,6,0,2026-09-14 11:08:00
2026-09-14 11:00:57,DATA601,PCS2,Jonathan Fernandes,60,20,0,2026-09-14 11:08:00
2026-09-14 11:00:57,DATA601,PWS1,Leonid Koralov,60,3,0,2026-09-14 11:08:00
2026-09-14 11:00:57,DATA602,PCS1,Sujeong Kim,44,5,0,2026-09-14 11:08:00
2026-09-14 11:00:57,DATA602,PCS2,Sujeong Kim,44,9,0,2026-09-14 11:08:00
2026-09-14 11:00:57,DATA602,PWS1,Fardina Alam,44,3,0,2026-09-14 11:08:00
2026-09-14 11:00:57,DATA603,PCS1,Babak Azimi-Sadjadi,55,15,0,2026-09-14 11:08:01
2026-09-14 11:00:57,DATA603,PWS1,Kemal Davaslioglu,55,19,0,2026-09-14 11:08:01
2026-09-14 11:00:57,DATA605,PCS1,Tammy Perrin,44,30,0,2026-09-14 11:08:01
2026-09-14 11:00:57,DATA605,PCS2,Tammy Perrin,44,21,0,2026-09-14 11:08:01
2026-09-14 11:00:57,DATA605,PWS1,Giacinto Paolo Saggese,44,35,0,2026-09-14 11:08:01
2026-09-14 11:00:57,DATA607,PCS1,Mestiyage Gunatilleka,44,29,0,2026-09-14 11:08:02
2026-09-14 11:00:57,DATA607,PCS2,Kendall Williams,55,0,0,2026-09-14 11:08:02
2026-09-14 11:00:57,DATA607,PCS3,Vincent Lyzinski,44,3,0,2026-09-14 11:08:02
2026-09-14 11:00:57,DATA612,PCS1,Samet Ayhan,50,23,0,2026-09-14 11:08:02
2026-09-14 11:00:57,DATA612,PWS1,Samet Ayhan,44,14,0,2026-09-14 11:08:02
2026-09-14 11:00:57,DATA641,PCS1,Toki Inan,50,19,0,2026-09-14 11:08:02
2026-09-14 11:00:57,DATA641,PWS1,Armin Mehrabian,50,0,0,2026-09-14 11:08:02
2026-09-14 11:00:57,DATA643,PCS1,Charles Forgy,50,30,0,2026-09-14 11:08:03
2026-09-14 11:00:57,DATA650,PCS1,Emre Gunduzhan,54,8,0,2026-09-14 11:08:03
2026-09-14 11:00:57,DATA650,PCS2,Emre Gunduzhan,54,10,0,2026-09-14 11:08:03
2026-09-14 11:00:57,ENAI600,0101,C Ravishankar,35,21,0,2026-09-14 11:08:43
2026-09-14 11:00:57,ENAI600,AEC1,C Ravishankar,20,5,0,2026-09-14 11:08:43
2026-09-14 11:00:57,ENAI601,0101,Richard La,35,22,0,2026-09-14 11:08:43
2026-09-14 11:00:57,ENAI601,AEC1,Richard La,20,8,0,2026-09-14 11:08:43
2026-09-14 11:00:57,ENAI607,0101,Zoltan Safar,29,24,0,2026-09-14 11:08:44
2026-09-14 11:00:57,ENAI607,AEC1,Zoltan Safar,20,9,0,2026-09-14 11:08:44
2026-09-14 11:00:57,ENBC301,ESG1,Sivan Saravanapavan,20,9,0,2026-09-14 11:08:45
2026-09-14 11:00:57,ENBC311,ESG1,Bahaa Ghammraoui,20,11,0,2026-09-14 11:08:46
2026-09-14 11:00:57,ENBC322,ESG1,Kyunghun Lee,20,11,0,2026-09-14 11:08:46
2026-09-14 11:00:57,ENBC331,ESG1,Lan Ma,20,10,0,2026-09-14 11:08:47
2026-09-14 11:00:57,ENBC332,ESG1,Jamasp Azarnoosh,20,11,0,2026-09-14 11:08:47
2026-09-14 11:00:57,ENBC341,ESG1,Jarred Callura,20,12,0,2026-09-14 11:08:48
2026-09-14 11:00:57,ENBC353,ESG1,Jarred Callura,20,15,0,2026-09-14 11:08:48
2026-09-14 11:00:57,ENBC423,ESG1,Jian Su,20,13,0,2026-09-14 11:08:49
2026-09-14 11:00:57,ENBC425,ESG1,Jamasp Azarnoosh,20,13,0,2026-09-14 11:08:49
2026-09-14 11:00:57,ENBC431,ESG1,Lan Ma,20,13,0,2026-09-14 11:08:50
2026-09-14 11:00:57,ENEB302,ESG1,Wesley Lawson,20,3,0,2026-09-14 11:09:06
2026-09-14 11:00:57,ENEB340,ESG1,Nestor Michael Tiglao,20,3,0,2026-09-14 11:09:06
2026-09-14 11:00:57,ENEB341,ESG1,Nestor Michael Tiglao,20,3,0,2026-09-14 11:09:07
2026-09-14 11:00:57,ENEB344,ESG1,Jerry Wu,20,3,0,2026-09-14 11:09:07
2026-09-14 11:00:57,ENEB346,ESG1,Nestor Michael Tiglao,20,13,0,2026-09-14 11:09:07
2026-09-14 11:00:57,ENEB354,ESG1,Yavuz Oruc,20,2,0,2026-09-14 11:09:08
2026-09-14 11:00:57,ENEB408A,ESG1,Nestor Michael Tiglao,20,13,0,2026-09-14 11:09:08
2026-09-14 11:00:57,ENEB444,ESG1,Manoj Franklin,20,13,0,2026-09-14 11:09:09
2026-09-14 11:00:57,ENEB454,ESG1,Jerry Wu,20,13,0,2026-09-14 11:09:09
2026-09-14 11:00:57,ENED036,0101,Hillary Owusu,20,5,0,2026-09-14 11:09:11
2026-09-14 11:00:57,ENED101,0101,Shannon Bate,20,0,0,2026-09-14 11:09:11
2026-09-14 11:00:57,ENED115,0101,Friedrich Alvarez,100,6,0,2026-09-14 11:09:12
2026-09-14 11:00:57,ENED215,0101,Tyler Huddleston,30,1,0,2026-09-14 11:09:12
2026-09-14 11:00:57,ENED215,0102,Samantha Sabihi,40,25,0,2026-09-14 11:09:12
2026-09-14 11:00:57,ENED215,0103,Paige Smith,6,0,0,2026-09-14 11:09:12
2026-09-14 11:00:57,ENED290H,0101,Christopher Troilo,46,1,0,2026-09-14 11:09:13
2026-09-14 11:00:57,ENED390H,0101,Tony Barber,50,13,0,2026-09-14 11:09:13
2026-09-14 11:00:57,ENED394H,0101,Manmohan Aseri,65,14,0,2026-09-14 11:09:13
2026-09-14 11:00:57,ENED397,0101,Emily Marks,9,0,0,2026-09-14 11:09:14
2026-09-14 11:00:57,ENED490H,0101,Maria Bardossy,45,1,0,2026-09-14 11:09:14
2026-09-14 11:00:57,ENED491,0101,Jessica Roffe,10,1,0,2026-09-14 11:09:15
2026-09-14 11:00:57,ENMT301,ESG1,Colleen Murray,15,8,0,2026-09-14 11:10:38
2026-09-14 11:00:57,ENMT322,ESG1,Norman Wereley,15,9,0,2026-09-14 11:10:38
2026-09-14 11:00:57,ENMT361,ESG1,Young Choi,15,8,0,2026-09-14 11:10:39
2026-09-14 11:00:57,ENMT380,ESG1,Gurtajbir Herr,15,8,0,2026-09-14 11:10:39
2026-09-14 11:00:57,ENMT450,ESG1,Nicholas Limparis,7,5,0,2026-09-14 11:10:40
2026-09-14 11:00:57,ENMT471,ESG1,Colleen Murray,7,5,0,2026-09-14 11:10:40
2026-09-14 11:00:57,ENMT473,ESG1,Gurtajbir Herr,7,4,0,2026-09-14 11:10:40
2026-09-14 11:00:57,ENMT483,ESG1,Nicholas Limparis,7,5,0,2026-09-14 11:10:41
2026-09-14 11:00:57,ENMT499,ESG4,Nicholas Limparis,2,1,0,2026-09-14 11:10:41
2026-09-14 11:00:57,ENSE621,0101,Tony Barber,22,16,0,2026-09-14 11:10:50
2026-09-14 11:00:57,ENSE621,SY01,Tony Barber,15,0,0,2026-09-14 11:10:50
2026-09-14 11:00:57,ENSE623,0101,Steven Biemer,17,14,0,2026-09-14 11:10:50
2026-09-14 11:00:57,ENSE623,SY01,Steven Biemer,15,11,0,2026-09-14 11:10:50
2026-09-14 11:00:57,ENSE626,0101,Dane Cooper,20,16,0,2026-09-14 11:10:51
2026-09-14 11:00:57,ENSE626,SY01,Dane Cooper,15,9,0,2026-09-14 11:10:51
2026-09-14 11:00:57,ENSP101,0101,Annette Spivy,25,0,0,2026-09-14 11:10:53
2026-09-14 11:00:57,ENSP101,0102,Annette Spivy,24,0,0,2026-09-14 11:10:53
2026-09-14 11:00:57,ENSP101,0103,Annette Spivy,24,2,0,2026-09-14 11:10:53
2026-09-14 11:00:57,ENSP101,0104,Annette Spivy,24,1,0,2026-09-14 11:10:53
2026-09-14 11:00:57,ENSP101,0105,Annette Spivy,25,1,0,2026-09-14 11:10:53
2026-09-14 11:00:57,ENSP101,0106,Annette Spivy,24,0,0,2026-09-14 11:10:53
2026-09-14 11:00:57,ENSP101,0107,Annette Spivy,24,0,0,2026-09-14 11:10:53
2026-09-14 11:00:57,ENSP101,FC01,Annette Spivy,32,1,0,2026-09-14 11:10:53
2026-09-14 11:00:57,ENSP305,0101,Annette Spivy,23,0,1,2026-09-14 11:10:54
2026-09-14 11:00:57,ENSP330,0101,Joanna Goger,35,0,0,2026-09-14 11:10:54
2026-09-14 11:00:57,ENSP340,0101,Caroline Boules,25,0,0,2026-09-14 11:10:55
2026-09-14 11:00:57,ENSP360,0101,Leena Malayil,25,0,4,2026-09-14 11:10:55
2026-09-14 11:00:57,ENSP399R,0601,Annette Spivy,10,10,0,2026-09-14 11:10:56
2026-09-14 11:00:57,ENSP399R,1001,Jennifer Mullinax,10,10,0,2026-09-14 11:10:56
2026-09-14 11:00:57,ENSP400,0101,Joanna Goger,35,13,0,2026-09-14 11:10:57
2026-09-14 11:00:57,ENSP400,0102,Joanna Goger,35,11,0,2026-09-14 11:10:57
2026-09-14 11:00:57,ENVH121,FC01,Brienna Anderson,20,12,0,2026-09-14 11:11:16
2026-09-14 11:00:57,ENVH381,0101,Donald Milton,30,10,0,2026-09-14 11:11:16
2026-09-14 11:00:57,FGSM310,0101,Peter Owen,24,1,0,2026-09-14 11:11:22
2026-09-14 11:00:57,FGSM315,0101,Emily Shetty,22,0,0,2026-09-14 11:11:22
2026-09-14 11:00:57,FGSM320,0101,Woodie Kessel,24,2,0,2026-09-14 11:11:23
2026-09-14 11:00:57,FGSM325,0101,Rob Long,20,1,0,2026-09-14 11:11:23
2026-09-14 11:00:57,FGSM330,0101,Andrew Fausett,22,2,0,2026-09-14 11:11:23
2026-09-14 11:00:57,FGSM340,0101,Ed Fendley,22,1,0,2026-09-14 11:11:24
2026-09-14 11:00:57,FGSM350,0101,Sean Misko,22,1,0,2026-09-14 11:11:24
2026-09-14 11:00:57,FGSM355,0101,Amanda Schoch,20,0,0,2026-09-14 11:11:25
2026-09-14 11:00:57,FGSM360,0101,Nadia Farra,21,0,0,2026-09-14 11:11:25
2026-09-14 11:00:57,FGSM365,0101,Andrew Nissen,20,2,0,2026-09-14 11:11:25
2026-09-14 11:00:57,FGSM370,0101,Joshua Glasser,20,0,0,2026-09-14 11:11:26
2026-09-14 11:00:57,FGSM390,0101,Sasha Koo-Oshima,20,3,0,2026-09-14 11:11:26
2026-09-14 11:00:57,FGSM398,0101,Jayakumar Arasan,25,21,0,2026-09-14 11:11:27
2026-09-14 11:00:57,FGSM398,0201,Jayakumar Arasan,5,2,0,2026-09-14 11:11:27
2026-09-14 11:00:57,FIRE120,0101,Jessica O'Hara,36,0,0,2026-09-14 11:11:28
2026-09-14 11:00:57,FIRE120,0102,Shannon Hilton,36,7,0,2026-09-14 11:11:28
2026-09-14 11:00:57,FIRE120,0103,Jaclyn Bruner,36,2,0,2026-09-14 11:11:28
2026-09-14 11:00:57,FIRE120,0104,Danielle Niu,36,0,0,2026-09-14 11:11:28
2026-09-14 11:00:57,FIRE120,0105,Cherisse Hall,36,0,0,2026-09-14 11:11:28
2026-09-14 11:00:57,FIRE120,0106,Sara Strey,36,0,0,2026-09-14 11:11:28
2026-09-14 11:00:57,FIRE120,0107,Helene Nguemgaing,36,1,0,2026-09-14 11:11:28
2026-09-14 11:00:57,FIRE120,0108,Mary Chey,36,0,0,2026-09-14 11:11:28
2026-09-14 11:00:57,FIRE120,0109,Shannon Hilton,36,0,0,2026-09-14 11:11:28
2026-09-14 11:00:57,FIRE120,0110,Lena Johnson,36,0,0,2026-09-14 11:11:28
2026-09-14 11:00:57,FIRE120,0111,Benjamin Huffman,36,0,0,2026-09-14 11:11:28
2026-09-14 11:00:57,FIRE120,0112,Mary Chey,36,1,0,2026-09-14 11:11:28
2026-09-14 11:00:57,FIRE120,0113,Elizabeth Massey,36,8,0,2026-09-14 11:11:28
2026-09-14 11:00:57,FIRE120,0114,Benjamin Huffman,36,0,0,2026-09-14 11:11:28
2026-09-14 11:00:57,FIRE120,FC01,Danielle Niu,40,0,7,2026-09-14 11:11:28
2026-09-14 11:00:57,FIRE298,0101,Catherine Spirito,28,3,0,2026-09-14 11:11:29
2026-09-14 11:00:57,FIRE298,0103,Cherisse Hall,36,7,0,2026-09-14 11:11:29
2026-09-14 11:00:57,FIRE298,0104,Jessica O'Hara,36,4,0,2026-09-14 11:11:29
2026-09-14 11:00:57,FIRE298,0105,Kaylee Bloom,36,7,0,2026-09-14 11:11:29
2026-09-14 11:00:57,FIRE298,0106,Danielle Niu,36,16,0,2026-09-14 11:11:29
2026-09-14 11:00:57,FIRE298,0107,Benjamin Huffman,40,1,0,2026-09-14 11:11:29
2026-09-14 11:00:57,FIRE298,0108,Elizabeth Massey,40,14,0,2026-09-14 11:11:29
2026-09-14 11:00:57,FIRE298,0109,Shannon Hilton,40,6,0,2026-09-14 11:11:29
2026-09-14 11:00:57,FIRE298,0110,Jaclyn Bruner,40,19,0,2026-09-14 11:11:29
2026-09-14 11:00:57,FIRE298,0111,Mary Chey,36,4,0,2026-09-14 11:11:29
2026-09-14 11:00:57,FIRE298,0112,Helene Nguemgaing,40,16,0,2026-09-14 11:11:29
2026-09-14 11:00:57,FIRE298,0113,Kristina Kramarczuk,40,11,0,2026-09-14 11:11:29
2026-09-14 11:00:57,FIRE298,0114,Shabnam Jabeen,40,22,0,2026-09-14 11:11:29
2026-09-14 11:00:57,FIRE298,0115,Sara Strey,40,14,0,2026-09-14 11:11:29
2026-09-14 11:00:57,FIRE298,0116,Lena Johnson,40,5,0,2026-09-14 11:11:29
2026-09-14 11:00:57,FIRE398,0101,Catherine Spirito,15,2,0,2026-09-14 11:11:29
2026-09-14 11:00:57,FIRE398,0103,Cherisse Hall,15,5,0,2026-09-14 11:11:29
2026-09-14 11:00:57,FIRE398,0104,Jessica O'Hara,15,1,0,2026-09-14 11:11:29
2026-09-14 11:00:57,FIRE398,0105,Kaylee Bloom,15,2,0,2026-09-14 11:11:29
2026-09-14 11:00:57,FIRE398,0106,Danielle Niu,15,10,0,2026-09-14 11:11:29
2026-09-14 11:00:57,FIRE398,0107,Benjamin Huffman,15,3,0,2026-09-14 11:11:29
2026-09-14 11:00:57,FIRE398,0108,Elizabeth Massey,15,6,0,2026-09-14 11:11:29
2026-09-14 11:00:57,FIRE398,0109,Shannon Hilton,15,6,0,2026-09-14 11:11:29
2026-09-14 11:00:57,FIRE398,0110,Jaclyn Bruner,15,9,0,2026-09-14 11:11:29
2026-09-14 11:00:57,FIRE398,0111,Mary Chey,15,3,0,2026-09-14 11:11:29
2026-09-14 11:00:57,FIRE398,0112,Helene Nguemgaing,15,15,0,2026-09-14 11:11:29
2026-09-14 11:00:57,FIRE398,0113,Kristina Kramarczuk,15,8,0,2026-09-14 11:11:29
2026-09-14 11:00:57,FIRE398,0114,Shabnam Jabeen,15,15,0,2026-09-14 11:11:29
2026-09-14 11:00:57,FIRE398,0115,Sara Strey,15,14,0,2026-09-14 11:11:29
2026-09-14 11:00:57,FIRE398,0116,Lena Johnson,15,11,0,2026-09-14 11:11:29
2026-09-14 11:00:57,GBHL200,0101,Hassanatu Blake,30,0,1,2026-09-14 11:11:52
2026-09-14 11:00:57,GBHL200,FC01,Zandra Andre,25,3,0,2026-09-14 11:11:52
2026-09-14 11:00:57,GBHL210,0101,Leena Malayil,25,8,0,2026-09-14 11:11:53
2026-09-14 11:00:57,GEMS101,0101,Allison Lansverk,10,1,0,2026-09-14 11:11:56
2026-09-14 11:00:57,GEMS101,0103,Allison Lansverk,10,0,0,2026-09-14 11:11:56
2026-09-14 11:00:57,GEMS101,0104,Allison Lansverk,10,0,0,2026-09-14 11:11:56
2026-09-14 11:00:57,GEMS101,0105,Allison Lansverk,10,0,0,2026-09-14 11:11:56
2026-09-14 11:00:57,GEMS101,0106,Allison Lansverk,10,0,0,2026-09-14 11:11:56
2026-09-14 11:00:57,GEMS101,0107,Allison Lansverk,10,0,0,2026-09-14 11:11:56
2026-09-14 11:00:57,GEMS101,0109,Allison Lansverk,10,0,0,2026-09-14 11:11:56
2026-09-14 11:00:57,GEMS101,0111,Allison Lansverk,10,0,0,2026-09-14 11:11:56
2026-09-14 11:00:57,GEMS101,0113,Allison Lansverk,10,0,0,2026-09-14 11:11:56
2026-09-14 11:00:57,GEMS101,0114,Allison Lansverk,10,0,0,2026-09-14 11:11:56
2026-09-14 11:00:57,GEMS202,0101,Allison Lansverk,168,43,0,2026-09-14 11:11:56
2026-09-14 11:00:57,GEMS208A,0101,Allison Lansverk,14,14,0,2026-09-14 11:11:57
2026-09-14 11:00:57,GEMS208B,0101,Allison Lansverk,14,14,0,2026-09-14 11:11:57
2026-09-14 11:00:57,GEMS208C,0101,Allison Lansverk,23,10,0,2026-09-14 11:11:58
2026-09-14 11:00:57,GEMS208D,0101,Allison Lansverk,10,9,0,2026-09-14 11:11:58
2026-09-14 11:00:57,GEMS208P,0101,Allison Lansverk,20,4,0,2026-09-14 11:11:58
2026-09-14 11:00:57,GEMS296,0101,Sehrish Shikarpurya,14,6,0,2026-09-14 11:11:59
2026-09-14 11:00:57,GEMS296,0102,David Lovell,14,1,0,2026-09-14 11:11:59
2026-09-14 11:00:57,GEMS296,0103,Myles Poulin,14,1,0,2026-09-14 11:11:59
2026-09-14 11:00:57,GEMS296,0104,Raymond Adomaitis,14,3,0,2026-09-14 11:11:59
2026-09-14 11:00:57,GEMS296,0105,Rodolphe Gentili,14,4,0,2026-09-14 11:11:59
2026-09-14 11:00:57,GEMS296,0106,Jared Grauer,14,6,0,2026-09-14 11:11:59
2026-09-14 11:00:57,GEMS296,0107,Fengfeng Ke,14,4,0,2026-09-14 11:11:59
2026-09-14 11:00:57,GEMS296,0108,Eric Silk,14,4,0,2026-09-14 11:11:59
2026-09-14 11:00:57,GEMS296,0109,Huang Chiao Huang,14,1,0,2026-09-14 11:11:59
2026-09-14 11:00:57,GEMS296,0110,Mengqiang Zhu,14,6,0,2026-09-14 11:11:59
2026-09-14 11:00:57,GEMS296,0111,Maria Molina,14,6,0,2026-09-14 11:11:59
2026-09-14 11:00:57,GEMS296,0112,Erin Tran,14,1,0,2026-09-14 11:11:59
2026-09-14 11:00:57,GEMS296,0113,Instructor: TBA,5,5,0,2026-09-14 11:11:59
2026-09-14 11:00:57,GEMS296,0114,Instructor: TBA,14,14,0,2026-09-14 11:11:59
2026-09-14 11:00:57,GEMS296,0115,David Lovell,5,5,0,2026-09-14 11:11:59
2026-09-14 11:00:57,GEMS297,0113,Instructor: TBA,5,5,0,2026-09-14 11:11:59
2026-09-14 11:00:57,GEMS396,0101,Michael Humber,14,7,0,2026-09-14 11:12:00
2026-09-14 11:00:57,GEMS396,0102,Seth Dickey,14,2,0,2026-09-14 11:12:00
2026-09-14 11:00:57,GEMS396,0103,Cecilia Huertas Cerdeira,14,7,0,2026-09-14 11:12:00
2026-09-14 11:00:57,GEMS396,0104,Rodolphe Gentili,14,2,0,2026-09-14 11:12:00
2026-09-14 11:00:57,GEMS396,0105,Allison Reilly,14,5,0,2026-09-14 11:12:00
2026-09-14 11:00:57,GEMS396,0106,Peter Sunderland,14,5,0,2026-09-14 11:12:00
2026-09-14 11:00:57,GEMS396,0107,Brett Lacey,14,8,0,2026-09-14 11:12:00
2026-09-14 11:00:57,GEMS396,0108,Natalia Buzulukova,14,4,0,2026-09-14 11:12:00
2026-09-14 11:00:57,GEMS396,0109,Anil Deane,14,4,0,2026-09-14 11:12:00
2026-09-14 11:00:57,GEMS396,0110,Colenso Speer,14,3,0,2026-09-14 11:12:00
2026-09-14 11:00:57,GEMS396,0111,Instructor: TBA,14,14,0,2026-09-14 11:12:00
2026-09-14 11:00:57,GEMS396,0112,Instructor: TBA,14,14,0,2026-09-14 11:12:00
2026-09-14 11:00:57,GEMS396,0113,David Lovell,5,5,0,2026-09-14 11:12:00
2026-09-14 11:00:57,GEMS396,0114,David Lovell,5,5,0,2026-09-14 11:12:00
2026-09-14 11:00:57,GEMS397,0113,David Lovell,5,4,0,2026-09-14 11:12:00
2026-09-14 11:00:57,GEMS496,0101,Eric Haag,14,8,0,2026-09-14 11:12:01
2026-09-14 11:00:57,GEMS496,0102,Mohammad Nayeem Teli,14,10,0,2026-09-14 11:12:01
2026-09-14 11:00:57,GEMS496,0103,Norberto Gonzalez- Juarbe,14,4,0,2026-09-14 11:12:01
2026-09-14 11:00:57,GEMS496,0104,Abhinav Shrivastava,14,6,0,2026-09-14 11:12:01
2026-09-14 11:00:57,GEMS496,0105,Hector Alcala,14,4,0,2026-09-14 11:12:01
2026-09-14 11:00:57,GEMS496,0106,Massimo Ricotti,14,4,0,2026-09-14 11:12:01
2026-09-14 11:00:57,GEMS496,0107,Reza Ghodssi,14,7,0,2026-09-14 11:12:01
2026-09-14 11:00:57,GEMS496,0108,Nikhil Chopra,14,8,0,2026-09-14 11:12:01
2026-09-14 11:00:57,GEMS496,0109,Kimberly Stroka,14,4,0,2026-09-14 11:12:01
2026-09-14 11:00:57,GEMS496,0110,Gorjan Alagic,14,13,0,2026-09-14 11:12:01
2026-09-14 11:00:57,GEMS496,0111,Alisa Clyne,14,6,0,2026-09-14 11:12:01
2026-09-14 11:00:57,GEMS496,0112,Xin Zan,14,10,0,2026-09-14 11:12:01
2026-09-14 11:00:57,GEMS496,0113,Erin Tran,14,14,0,2026-09-14 11:12:01
2026-09-14 11:00:57,GEMS496,0114,David Lovell,5,5,0,2026-09-14 11:12:01
2026-09-14 11:00:57,GEMS497,0107,Instructor: TBA,14,14,0,2026-09-14 11:12:01
2026-09-14 11:00:57,GEMS497,0110,Instructor: TBA,5,5,0,2026-09-14 11:12:01
2026-09-14 11:00:57,GEMS497,0113,David Lovell,5,5,0,2026-09-14 11:12:01
2026-09-14 11:00:57,GFPL100,0101,Joshua Itzkowitz Shifrinson,20,0,0,2026-09-14 11:12:30
2026-09-14 11:00:57,GFPL100,0102,Joshua Itzkowitz Shifrinson,20,0,0,2026-09-14 11:12:30
2026-09-14 11:00:57,GFPL100,0103,Joshua Itzkowitz Shifrinson,20,1,0,2026-09-14 11:12:30
2026-09-14 11:00:57,GFPL100,0104,Joshua Itzkowitz Shifrinson,20,0,0,2026-09-14 11:12:30
2026-09-14 11:00:57,GFPL100,0105,Joshua Itzkowitz Shifrinson,20,1,0,2026-09-14 11:12:30
2026-09-14 11:00:57,GFPL100,0106,Joshua Itzkowitz Shifrinson,25,2,0,2026-09-14 11:12:30
2026-09-14 11:00:57,GFPL100,FC01,Devin Entrikin,30,0,0,2026-09-14 11:12:30
2026-09-14 11:00:57,GFPL102,0101,Caroline Ritter,95,33,0,2026-09-14 11:12:30
2026-09-14 11:00:57,GFPL371,0101,Joshua Itzkowitz Shifrinson,35,0,0,2026-09-14 11:12:30
2026-09-14 11:00:57,GFPL388A,0101,Shannon Carcelli,5,5,0,2026-09-14 11:12:31
2026-09-14 11:00:57,GFPL388B,0101,Hyunki Kim,5,5,0,2026-09-14 11:12:31
2026-09-14 11:00:57,GFPL388C,0101,Scott Kastner,5,0,0,2026-09-14 11:12:32
2026-09-14 11:00:57,GFPL390,0101,Lena Andrews,20,0,0,2026-09-14 11:12:32
2026-09-14 11:00:57,GFPL490,0101,Michael Woldemariam,15,2,0,2026-09-14 11:12:33
2026-09-14 11:00:57,GFPL492,0101,Steve Fetter,20,1,0,2026-09-14 11:12:33
2026-09-14 11:00:57,GLBC200,0101,Chris Lewis,30,4,0,2026-09-14 11:12:35
2026-09-14 11:00:57,GLBC350,0101,Michele Mason,30,27,0,2026-09-14 11:12:35
2026-09-14 11:00:57,HACS100,0101,Cassie Harrington,40,1,0,2026-09-14 11:12:52
2026-09-14 11:00:57,HACS100,0201,Cassie Harrington,40,15,0,2026-09-14 11:12:52
2026-09-14 11:00:57,HACS200,0101,Michel Cukier,34,10,0,2026-09-14 11:12:53
2026-09-14 11:00:57,HACS200,0201,Michel Cukier,34,1,0,2026-09-14 11:12:53
2026-09-14 11:00:57,HACS202,0101,Bertrand Sobesto,52,19,0,2026-09-14 11:12:53
2026-09-14 11:00:57,HACS208A,0101,Lawrence Gordon,20,0,2,2026-09-14 11:12:54
2026-09-14 11:00:57,HACS208C,0101,Lamia Zia,26,9,0,2026-09-14 11:12:54
2026-09-14 11:00:57,HACS208P,0101,Charles Harry,26,0,0,2026-09-14 11:12:55
2026-09-14 11:00:57,HACS297,0101,Sarah Herberger,25,5,0,2026-09-14 11:12:56
2026-09-14 11:00:57,HACS408E,0101,Luke Mains,30,10,0,2026-09-14 11:12:56
2026-09-14 11:00:57,HACS408L,0101,Ian Serbin,30,2,0,2026-09-14 11:12:57
2026-09-14 11:00:57,HACS408M,0101,John McGahagan,30,0,0,2026-09-14 11:12:57
2026-09-14 11:00:57,HACS498,0101,Thomas Woods,7,1,0,2026-09-14 11:12:58
2026-09-14 11:00:57,HACS498,0201,David Trott,9,0,0,2026-09-14 11:12:58
2026-09-14 11:00:57,HACS498,0301,Michel Cukier,8,0,0,2026-09-14 11:12:58
2026-09-14 11:00:57,HBUS100,0101,Jui Ramaprasad,72,4,0,2026-09-14 11:13:00
2026-09-14 11:00:57,HBUS200,0101,Nicole Coomber,60,1,0,2026-09-14 11:13:00
2026-09-14 11:00:57,HDCC105,0101,Antwon Key,70,7,0,2026-09-14 11:13:02
2026-09-14 11:00:57,HDCC201,0101,Jessica Lu,22,0,0,2026-09-14 11:13:03
2026-09-14 11:00:57,HDCC201,0201,Jessica Lu,22,0,0,2026-09-14 11:13:03
2026-09-14 11:00:57,HDCC201,0301,Jessica Lu,22,3,0,2026-09-14 11:13:03
2026-09-14 11:00:57,HDCC208A,0101,William Evans,14,0,0,2026-09-14 11:13:03
2026-09-14 11:00:57,HDCC208J,0101,Grant Bollmer,14,0,0,2026-09-14 11:13:03
2026-09-14 11:00:57,HDCC208P,0101,Cliff Bakalian,14,1,0,2026-09-14 11:13:04
2026-09-14 11:00:57,HDCC208T,0101,Jonathan Reyes,14,0,0,2026-09-14 11:13:04
2026-09-14 11:00:57,HDCC208Z,0101,M Sauter,14,7,0,2026-09-14 11:13:05
2026-09-14 11:00:57,HEBR106,0101,Avital Karpman,15,2,0,2026-09-14 11:13:07
2026-09-14 11:00:57,HEBR106,0201,Avital Karpman,15,5,0,2026-09-14 11:13:07
2026-09-14 11:00:57,HEBR206,0101,Avital Karpman,15,5,0,2026-09-14 11:13:07
2026-09-14 11:00:57,HEBR249C,0101,Aliza Sandalon,15,0,1,2026-09-14 11:13:08
2026-09-14 11:00:57,HEBR298B,0101,Matthew Suriano,25,1,0,2026-09-14 11:13:08
2026-09-14 11:00:57,HEBR313,0101,Aliza Sandalon,20,0,2,2026-09-14 11:13:08
2026-09-14 11:00:57,HGLO100,0101,Alfredo Oliveira,22,7,0,2026-09-14 11:13:28
2026-09-14 11:00:57,HGLO100,0102,Natalie Vinski Ibrahim,22,9,0,2026-09-14 11:13:28
2026-09-14 11:00:57,HGLO100,0103,Natalie Vinski Ibrahim,22,1,0,2026-09-14 11:13:28
2026-09-14 11:00:57,HGLO100,0104,Alfredo Oliveira,22,11,0,2026-09-14 11:13:28
2026-09-14 11:00:57,HGLO101,0101,Sarah Croco,23,3,0,2026-09-14 11:13:29
2026-09-14 11:00:57,HGLO101,0102,Sarah Croco,22,9,0,2026-09-14 11:13:29
2026-09-14 11:00:57,HGLO101,0103,Sarah Croco,22,5,0,2026-09-14 11:13:29
2026-09-14 11:00:57,HGLO101,0104,Sarah Croco,22,13,0,2026-09-14 11:13:29
2026-09-14 11:00:57,HGLO207,0101,Natalie Vinski Ibrahim,25,12,0,2026-09-14 11:13:29
2026-09-14 11:00:57,HGLO208,0101,Alfredo Oliveira,45,25,0,2026-09-14 11:13:29
2026-09-14 11:00:57,HGLO298,0101,Jordan Gouws-Dewar,30,25,0,2026-09-14 11:13:30
2026-09-14 11:00:57,HLSC100,0101,Jalah Townsend,24,3,0,2026-09-14 11:14:15
2026-09-14 11:00:57,HLSC100,0102,Jalah Townsend,24,2,0,2026-09-14 11:14:15
2026-09-14 11:00:57,HLSC100,0103,Jalah Townsend,24,4,0,2026-09-14 11:14:15
2026-09-14 11:00:57,HLSC100,0104,Jalah Townsend,24,7,0,2026-09-14 11:14:15
2026-09-14 11:00:57,HLSC280,0101,Najib El-Sayed,25,3,0,2026-09-14 11:14:15
2026-09-14 11:00:57,HLSC280,0102,Najib El-Sayed,25,4,0,2026-09-14 11:14:15
2026-09-14 11:00:57,HLSC280,0103,Najib El-Sayed,25,4,0,2026-09-14 11:14:15
2026-09-14 11:00:57,HLSC280,0104,Najib El-Sayed,25,9,0,2026-09-14 11:14:15
2026-09-14 11:00:57,HLSC329,0101,Sabrina Kramer,12,4,0,2026-09-14 11:14:15
2026-09-14 11:00:57,HNUH100,0101,Robert Graham,20,3,0,2026-09-14 11:14:35
2026-09-14 11:00:57,HNUH100,0102,Robert Graham,20,0,0,2026-09-14 11:14:35
2026-09-14 11:00:57,HNUH100,0103,Brittany Proudfoot Ginder,20,1,0,2026-09-14 11:14:35
2026-09-14 11:00:57,HNUH100,0104,Max Barnewitz,20,1,0,2026-09-14 11:14:35
2026-09-14 11:00:57,HNUH100,0105,Vasfiye Toprak,20,0,0,2026-09-14 11:14:35
2026-09-14 11:00:57,HNUH100,0106,Vasfiye Toprak,20,2,0,2026-09-14 11:14:35
2026-09-14 11:00:57,HNUH100,0201,Max Barnewitz,20,1,0,2026-09-14 11:14:35
2026-09-14 11:00:57,HNUH100,0202,Max Barnewitz,20,0,0,2026-09-14 11:14:35
2026-09-14 11:00:57,HNUH100,0203,Vasfiye Toprak,20,2,0,2026-09-14 11:14:35
2026-09-14 11:00:57,HNUH100,0204,Vasfiye Toprak,20,0,0,2026-09-14 11:14:35
2026-09-14 11:00:57,HNUH100,0205,Ayondela McDole,20,4,0,2026-09-14 11:14:35
2026-09-14 11:00:57,HNUH100,0206,Ayondela McDole,20,0,0,2026-09-14 11:14:35
2026-09-14 11:00:57,HNUH100,0301,Robert Graham,20,0,0,2026-09-14 11:14:35
2026-09-14 11:00:57,HNUH100,0302,Shauna Rigaud,20,8,0,2026-09-14 11:14:35
2026-09-14 11:00:57,HNUH100,0303,Shauna Rigaud,20,0,0,2026-09-14 11:14:35
2026-09-14 11:00:57,HNUH100,0304,Max Barnewitz,20,3,0,2026-09-14 11:14:35
2026-09-14 11:00:57,HNUH100,0305,Vasfiye Toprak,20,0,0,2026-09-14 11:14:35
2026-09-14 11:00:57,HNUH100,0306,Vasfiye Toprak,20,1,0,2026-09-14 11:14:35
2026-09-14 11:00:57,HNUH100,0401,Gretchen Bella,20,0,0,2026-09-14 11:14:35
2026-09-14 11:00:57,HNUH100,0402,Gretchen Bella,20,6,0,2026-09-14 11:14:35
2026-09-14 11:00:57,HNUH100,0403,Max Barnewitz,20,1,0,2026-09-14 11:14:35
2026-09-14 11:00:57,HNUH100,0404,Ayondela McDole,20,6,0,2026-09-14 11:14:35
2026-09-14 11:00:57,HNUH100,0405,Ayondela McDole,20,0,0,2026-09-14 11:14:35
2026-09-14 11:00:57,HNUH100,0406,Ayondela McDole,20,4,0,2026-09-14 11:14:35
2026-09-14 11:00:57,HNUH100,0501,Leigha McReynolds,10,4,0,2026-09-14 11:14:35
2026-09-14 11:00:57,HNUH100,0601,Brittany Proudfoot Ginder,20,0,0,2026-09-14 11:14:35
2026-09-14 11:00:57,HNUH218D,0101,Brian Gilmore,48,0,2,2026-09-14 11:14:35
2026-09-14 11:00:57,HNUH218L,0101,Shauna Rigaud,20,0,0,2026-09-14 11:14:36
2026-09-14 11:00:57,HNUH218L,0201,Shauna Rigaud,20,0,0,2026-09-14 11:14:36
2026-09-14 11:00:57,HNUH228D,0101,Matthew McLaughlin,60,2,0,2026-09-14 11:14:36
2026-09-14 11:00:57,HNUH228L,0101,Alena Wigodner,20,0,0,2026-09-14 11:14:36
2026-09-14 11:00:57,HNUH228L,0201,Alena Wigodner,20,0,0,2026-09-14 11:14:36
2026-09-14 11:00:57,HNUH228N,0101,Peter Grybauskas,20,0,0,2026-09-14 11:14:37
2026-09-14 11:00:57,HNUH229I,0101,Gretchen Bella,23,3,0,2026-09-14 11:14:37
2026-09-14 11:00:57,HNUH238D,0101,Susan Moeller,60,3,0,2026-09-14 11:14:38
2026-09-14 11:00:57,HNUH238L,0101,Kimberly Johnson,20,2,0,2026-09-14 11:14:38
2026-09-14 11:00:57,HNUH238L,0201,Kimberly Johnson,20,0,0,2026-09-14 11:14:38
2026-09-14 11:00:57,HNUH238N,0101,Hannah Wegmann,20,6,0,2026-09-14 11:14:38
2026-09-14 11:00:57,HNUH239T,0101,Gerald Suarez,20,0,0,2026-09-14 11:14:39
2026-09-14 11:00:57,HNUH248D,0101,Juan Uriagereka,45,3,0,2026-09-14 11:14:39
2026-09-14 11:00:57,HNUH248L,0201,Robert Graham,20,5,0,2026-09-14 11:14:40
2026-09-14 11:00:57,HNUH248M,0101,Hassanatu Blake,20,13,0,2026-09-14 11:14:40
2026-09-14 11:00:57,HNUH248N,0101,Siv Lie,20,0,1,2026-09-14 11:14:41
2026-09-14 11:00:57,HNUH249P,0101,Temim Nusraty,20,2,0,2026-09-14 11:14:41
2026-09-14 11:00:57,HNUH258C,0101,Bill Fagan,55,26,0,2026-09-14 11:14:41
2026-09-14 11:00:57,HNUH258Q,0101,Tiara Thomas,20,1,0,2026-09-14 11:14:42
2026-09-14 11:00:57,HNUH259P,0101,Hooman Koliji,20,2,0,2026-09-14 11:14:42
2026-09-14 11:00:57,HNUH268C,0101,Perla Guerrero,60,35,0,2026-09-14 11:14:43
2026-09-14 11:00:57,HNUH269P,0101,Marisa Franco,20,0,1,2026-09-14 11:14:43
2026-09-14 11:00:57,HNUH278C,0101,Chinyere Osuji,60,37,0,2026-09-14 11:14:43
2026-09-14 11:00:57,HNUH278I,0101,Marisa Franco,20,5,0,2026-09-14 11:14:44
2026-09-14 11:00:57,HNUH278I,0102,Marisa Franco,20,1,0,2026-09-14 11:14:44
2026-09-14 11:00:57,HNUH278R,0101,Max Barnewitz,20,4,0,2026-09-14 11:14:44
2026-09-14 11:00:57,HNUH288C,0101,Julia Steinberg,30,3,0,2026-09-14 11:14:45
2026-09-14 11:00:57,HNUH288C,0103,Julia Steinberg,30,9,0,2026-09-14 11:14:45
2026-09-14 11:00:57,HNUH288O,0101,Ariana Nash,20,1,0,2026-09-14 11:14:45
2026-09-14 11:00:57,HNUH300,0301,Vasfiye Toprak,20,0,0,2026-09-14 11:14:46
2026-09-14 11:00:57,HNUH300,0401,Robert Graham,20,0,0,2026-09-14 11:14:46
2026-09-14 11:00:57,HNUH300,0601,Alena Wigodner,20,0,0,2026-09-14 11:14:46
2026-09-14 11:00:57,HNUH300,0701,Ingrid Satelmajer,20,14,0,2026-09-14 11:14:46
2026-09-14 11:00:57,HNUH300,0801,Shauna Rigaud,20,0,0,2026-09-14 11:14:46
2026-09-14 11:00:57,HNUH300,0901,Kimberly Johnson,20,4,0,2026-09-14 11:14:46
2026-09-14 11:00:57,HNUH300,1001,Ingrid Satelmajer,20,13,0,2026-09-14 11:14:46
2026-09-14 11:00:57,HNUH318T,0101,Peter Owen,24,1,0,2026-09-14 11:14:46
2026-09-14 11:00:57,HNUH319T,0101,Emily Shetty,22,0,0,2026-09-14 11:14:46
2026-09-14 11:00:57,HNUH328T,0101,Woodie Kessel,24,2,0,2026-09-14 11:14:47
2026-09-14 11:00:57,HNUH329T,0101,Rob Long,20,1,0,2026-09-14 11:14:47
2026-09-14 11:00:57,HNUH338T,0101,Andrew Fausett,22,2,0,2026-09-14 11:14:48
2026-09-14 11:00:57,HNUH348T,0101,Ed Fendley,22,1,0,2026-09-14 11:14:48
2026-09-14 11:00:57,HNUH358T,0101,Sean Misko,22,1,0,2026-09-14 11:14:48
2026-09-14 11:00:57,HNUH359T,0101,Amanda Schoch,20,0,0,2026-09-14 11:14:49
2026-09-14 11:00:57,HNUH368T,0101,Nadia Farra,21,0,0,2026-09-14 11:14:49
2026-09-14 11:00:57,HNUH369T,0101,Andrew Nissen,20,2,0,2026-09-14 11:14:50
2026-09-14 11:00:57,HNUH378T,0101,Joshua Glasser,20,0,0,2026-09-14 11:14:50
2026-09-14 11:00:57,HNUH398P,0101,Jayakumar Arasan,25,21,0,2026-09-14 11:14:51
2026-09-14 11:00:57,HNUH398P,0201,Jayakumar Arasan,5,2,0,2026-09-14 11:14:51
2026-09-14 11:00:57,HNUH398T,0101,Sasha Koo-Oshima,20,3,0,2026-09-14 11:14:51
2026-09-14 11:00:57,HONR368A,0101,Blake Wilder,22,1,0,2026-09-14 11:14:53
2026-09-14 11:00:57,IMDM101,0101,Mollye Bendell,30,16,0,2026-09-14 11:16:35
2026-09-14 11:00:57,IMDM101,0201,Myungin Lee,30,17,0,2026-09-14 11:16:35
2026-09-14 11:00:57,IMDM101,0301,Myungin Lee,30,23,0,2026-09-14 11:16:35
2026-09-14 11:00:57,IMDM127,0101,Roger Eastman,36,20,0,2026-09-14 11:16:36
2026-09-14 11:00:57,IMDM150,0101,Stefano Passeri,30,15,0,2026-09-14 11:16:36
2026-09-14 11:00:57,IMDM227,0101,Stevens Miller,30,2,0,2026-09-14 11:16:37
2026-09-14 11:00:57,IMDM227,0201,Stevens Miller,30,17,0,2026-09-14 11:16:37
2026-09-14 11:00:57,IMDM327,0101,Myungin Lee,25,0,0,2026-09-14 11:16:37
2026-09-14 11:00:57,IMDM350,0101,Jason Farman,29,12,0,2026-09-14 11:16:37
2026-09-14 11:00:57,IMDM490,0101,Matthew Nolan,30,0,0,2026-09-14 11:16:38
2026-09-14 11:00:57,IMDM490,0201,Matthew Nolan,30,16,0,2026-09-14 11:16:38
2026-09-14 11:00:57,IMDM498K,0101,Matthew Nolan,15,1,0,2026-09-14 11:16:39
2026-09-14 11:00:57,IMMR319D,0101,Beka Guluma,20,13,0,2026-09-14 11:16:41
2026-09-14 11:00:57,IMMR394,0101,Wenxi Yang,30,1,0,2026-09-14 11:16:41
2026-09-14 11:00:57,IMMR399,0101,Instructor: TBA,2,2,0,2026-09-14 11:16:42
2026-09-14 11:00:57,IMMR400,0101,Gerson Rosales,20,3,0,2026-09-14 11:16:42
2026-09-14 11:00:57,ISRL249J,0101,Aner Tal,30,24,0,2026-09-14 11:16:57
2026-09-14 11:00:57,ISRL249M,0101,Aliza Sandalon,15,0,1,2026-09-14 11:16:58
2026-09-14 11:00:57,ISRL283,0101,Shay Hazkani,35,6,0,2026-09-14 11:16:58
2026-09-14 11:00:57,ISRL349G,0101,Marwa Maziad,30,1,0,2026-09-14 11:16:58
2026-09-14 11:00:57,ISRL349K,0101,Regev Ben-David,30,24,0,2026-09-14 11:16:59
2026-09-14 11:00:57,ISRL349T,0101,Elli Lieberman,35,23,0,2026-09-14 11:16:59
2026-09-14 11:00:57,ISRL349Y,0101,Adina Friedman,35,27,0,2026-09-14 11:17:00
2026-09-14 11:00:57,ISRL382,0101,Ilai Saltzman,35,1,0,2026-09-14 11:17:00
2026-09-14 11:00:57,ISRL448R,0101,Morad Elsana,25,10,0,2026-09-14 11:17:01
2026-09-14 11:00:57,ITAL103,0101,Antonella D'Amario,18,14,0,2026-09-14 11:17:03
2026-09-14 11:00:57,ITAL103,0201,Antonella D'Amario,18,6,0,2026-09-14 11:17:03
2026-09-14 11:00:57,ITAL103,0301,Joseph Falvo,18,6,0,2026-09-14 11:17:03
2026-09-14 11:00:57,ITAL203,0101,Antonella D'Amario,18,9,0,2026-09-14 11:17:03
2026-09-14 11:00:57,ITAL203,0201,Antonella D'Amario,18,13,0,2026-09-14 11:17:03
2026-09-14 11:00:57,ITAL204,0101,Federica Soddu,18,14,0,2026-09-14 11:17:03
2026-09-14 11:00:57,ITAL207,0101,Mirella Vaglio,18,17,0,2026-09-14 11:17:04
2026-09-14 11:00:57,ITAL301,0101,Federica Soddu,20,11,0,2026-09-14 11:17:04
2026-09-14 11:00:57,ITAL362,0101,Federica Soddu,20,12,0,2026-09-14 11:17:05
2026-09-14 11:00:57,ITAL401,0101,Mirella Vaglio,15,12,0,2026-09-14 11:17:06
2026-09-14 11:00:57,ITAL421,0101,Joseph Falvo,25,14,0,2026-09-14 11:17:06
2026-09-14 11:00:57,ITAL478R,0101,Joseph Falvo,5,3,0,2026-09-14 11:17:07
2026-09-14 11:00:57,JAPN101,0101,Kumiko Akikawa,15,4,0,2026-09-14 11:17:09
2026-09-14 11:00:57,JAPN101,0201,Kumiko Akikawa,15,6,0,2026-09-14 11:17:09
2026-09-14 11:00:57,JAPN101,0301,Kumiko Akikawa,15,5,0,2026-09-14 11:17:09
2026-09-14 11:00:57,JAPN201,0101,Makiko Inoue,15,5,0,2026-09-14 11:17:09
2026-09-14 11:00:57,JAPN201,0201,Makiko Inoue,15,8,0,2026-09-14 11:17:09
2026-09-14 11:00:57,JAPN301,0101,Mari Hamada,15,9,0,2026-09-14 11:17:10
2026-09-14 11:00:57,JAPN311,0101,Jyana Browne,15,11,0,2026-09-14 11:17:10
2026-09-14 11:00:57,JAPN315,0101,Michele Mason,20,6,0,2026-09-14 11:17:11
2026-09-14 11:00:57,JAPN320,0101,Lindsay Yotsukura,15,8,0,2026-09-14 11:17:11
2026-09-14 11:00:57,JAPN498B,0101,Jyana Browne,20,3,0,2026-09-14 11:17:12
2026-09-14 11:00:57,KORA101,0101,Saerom Kwak,15,0,1,2026-09-14 11:18:29
2026-09-14 11:00:57,KORA101,0201,Saerom Kwak,15,1,0,2026-09-14 11:18:29
2026-09-14 11:00:57,KORA101,0301,Saerom Kwak,15,5,0,2026-09-14 11:18:29
2026-09-14 11:00:57,KORA101,0401,Saerom Kwak,15,5,0,2026-09-14 11:18:29
2026-09-14 11:00:57,KORA201,0101,Seong Minne Koh,15,4,0,2026-09-14 11:18:29
2026-09-14 11:00:57,KORA201,0201,Seong Minne Koh,15,5,0,2026-09-14 11:18:29
2026-09-14 11:00:57,KORA201,0301,Seong Minne Koh,15,8,0,2026-09-14 11:18:29
2026-09-14 11:00:57,KORA398G,0101,Instructor: TBA,10,7,0,2026-09-14 11:18:30
2026-09-14 11:00:57,KORA398W,0101,Seong Minne Koh,10,3,0,2026-09-14 11:18:30
2026-09-14 11:00:57,LEAD217,0101,Festus Ainoo,25,0,0,2026-09-14 11:18:51
2026-09-14 11:00:57,LEAD217,0201,Adrian Bitton,25,1,0,2026-09-14 11:18:51
2026-09-14 11:00:57,LEAD217,FC01,Festus Ainoo,22,0,1,2026-09-14 11:18:51
2026-09-14 11:00:57,LEAD305,0101,Anastasia Lavrenyuk,20,4,0,2026-09-14 11:18:51
2026-09-14 11:00:57,LEAD315,0101,Anastasia Lavrenyuk,25,11,0,2026-09-14 11:18:52
2026-09-14 11:00:57,LEAD320,0101,Courtney Holder,10,8,0,2026-09-14 11:18:52
2026-09-14 11:00:57,LGBT200,0201,Basanth Babu,25,0,1,2026-09-14 11:18:54
2026-09-14 11:00:57,LGBT265,0101,Tyra Griffin,30,0,0,2026-09-14 11:18:54
2026-09-14 11:00:57,LGBT265,0201,Declan Langton,30,0,0,2026-09-14 11:18:54
2026-09-14 11:00:57,LGBT359J,0101,Chris Eng,25,14,0,2026-09-14 11:18:55
2026-09-14 11:00:57,MLAW100,0101,Christine White,83,15,0,2026-09-14 11:19:43
2026-09-14 11:00:57,MLAW304,0201,Christine White,65,16,0,2026-09-14 11:19:44
2026-09-14 11:00:57,MLAW305,0101,Brian Gilmore,40,2,0,2026-09-14 11:19:44
2026-09-14 11:00:57,MLAW315,0101,Grace Benton,13,3,0,2026-09-14 11:19:44
2026-09-14 11:00:57,MLAW358Q,0101,David Cunningham,0,0,0,2026-09-14 11:19:45
2026-09-14 11:00:57,MLAW358T,0101,Christine White,25,6,0,2026-09-14 11:19:45
2026-09-14 11:00:57,MLAW358X,0101,Martin Kobren,5,0,0,2026-09-14 11:19:46
2026-09-14 11:00:57,MLAW359,0101,Brandee Pettus,10,4,0,2026-09-14 11:19:46
2026-09-14 11:00:57,MLAW378E,0101,Brandee Pettus,5,5,0,2026-09-14 11:19:47
2026-09-14 11:00:57,MLAW378K,0101,Brian Gilmore,20,1,0,2026-09-14 11:19:47
2026-09-14 11:00:57,MLAW378Q,0101,Paul Huth,2,0,0,2026-09-14 11:19:47
2026-09-14 11:00:57,MLAW378R,0101,Nancy Schertzing,13,2,0,2026-09-14 11:19:48
2026-09-14 11:00:57,MLAW388,0101,Brandee Pettus,40,20,0,2026-09-14 11:19:48
2026-09-14 11:00:57,MLSC250,FC01,William Simpson,24,5,0,2026-09-14 11:19:50
2026-09-14 11:00:57,NEUR200,0101,Ana Navarro Cebrian,80,4,0,2026-09-14 11:20:17
2026-09-14 11:00:57,NEUR200,0201,Ana Navarro Cebrian,80,0,2,2026-09-14 11:20:17
2026-09-14 11:00:57,NEUR200,0301,Evan Hart,80,0,1,2026-09-14 11:20:17
2026-09-14 11:00:57,NEUR305,0101,Amanda Chicoli,100,10,0,2026-09-14 11:20:17
2026-09-14 11:00:57,NEUR306,0101,Chan Lin,200,6,0,2026-09-14 11:20:17
2026-09-14 11:00:57,NEUR398H,0101,Nikolas Francis,20,1,0,2026-09-14 11:20:19
2026-09-14 11:00:57,NEUR405,0101,Hilary Bierman,20,1,0,2026-09-14 11:20:20
2026-09-14 11:00:57,NEUR405,0102,Hilary Bierman,20,0,0,2026-09-14 11:20:20
2026-09-14 11:00:57,NEUR405,0103,Hilary Bierman,20,0,0,2026-09-14 11:20:20
2026-09-14 11:00:57,PEER312,0101,Aleia Gardner,15,8,0,2026-09-14 11:20:38
2026-09-14 11:00:57,PEER318,0101,Christina Jay,15,11,0,2026-09-14 11:20:38
2026-09-14 11:00:57,PEER319,0101,Grace Boudreau,15,7,0,2026-09-14 11:20:39
2026-09-14 11:00:57,PHPE308D,0101,Xinzhi Zhao,30,8,0,2026-09-14 11:20:59
2026-09-14 11:00:57,PHPE308F,0101,Regev Ben-David,30,24,0,2026-09-14 11:21:00
2026-09-14 11:00:57,PHPE308O,0101,Jackson Iszler,30,0,0,2026-09-14 11:21:00
2026-09-14 11:00:57,PHPE308T,0101,Hallie Liberto,30,17,0,2026-09-14 11:21:01
2026-09-14 11:00:57,PHPE308Y,0101,Rachel Singpurwalla,20,0,1,2026-09-14 11:21:01
2026-09-14 11:00:57,PHPE308Y,0102,Rachel Singpurwalla,20,0,2,2026-09-14 11:21:01
2026-09-14 11:00:57,PHPE308Y,0103,Rachel Singpurwalla,20,0,3,2026-09-14 11:21:01
2026-09-14 11:00:57,PHPE400,0101,Justin Helms,18,0,0,2026-09-14 11:21:02
2026-09-14 11:00:57,PHPE400,0102,Justin Helms,18,0,0,2026-09-14 11:21:02
2026-09-14 11:00:57,PHPE400,0103,Justin Helms,20,1,0,2026-09-14 11:21:02
2026-09-14 11:00:57,PHPE401,0101,Xinzhi Zhao,25,0,3,2026-09-14 11:21:03
2026-09-14 11:00:57,PHPE402,0101,Dan Moller,30,2,0,2026-09-14 11:21:03
2026-09-14 11:00:57,PHPE408J,0101,Lixing Miao,25,1,0,2026-09-14 11:21:03
2026-09-14 11:00:57,PHPE408R,0101,Xinzhi Zhao,25,9,0,2026-09-14 11:21:04
2026-09-14 11:00:57,PHSC388J,0101,Kendall Bustad,20,6,0,2026-09-14 11:21:06
2026-09-14 11:00:57,PHSC399,0101,Shannon Edward,30,8,0,2026-09-14 11:21:06
2026-09-14 11:00:57,PHSC415,0101,Jessica O'Hara,31,0,1,2026-09-14 11:21:07
2026-09-14 11:00:57,PHSC415,0102,Jessica O'Hara,31,0,1,2026-09-14 11:21:07
2026-09-14 11:00:57,PHSC415,0103,Jessica O'Hara,31,0,1,2026-09-14 11:21:07
2026-09-14 11:00:57,PHSC415,0104,Jessica O'Hara,31,2,0,2026-09-14 11:21:07
2026-09-14 11:00:57,PHSC415,0105,Jessica O'Hara,31,2,0,2026-09-14 11:21:07
2026-09-14 11:00:57,PHSC420,0101,Jennifer German,35,4,0,2026-09-14 11:21:07
2026-09-14 11:00:57,PHSC450,0101,Kendall Bustad,20,1,0,2026-09-14 11:21:08
2026-09-14 11:00:57,PHSC450,0102,Kendall Bustad,20,0,0,2026-09-14 11:21:08
2026-09-14 11:00:57,PHSC450,0103,Kendall Bustad,20,0,0,2026-09-14 11:21:08
2026-09-14 11:00:57,PHSC450,0104,Kendall Bustad,20,0,0,2026-09-14 11:21:08
2026-09-14 11:00:57,PHSC450,0105,Kendall Bustad,20,0,0,2026-09-14 11:21:08
2026-09-14 11:00:57,PHSC450,0106,Kendall Bustad,20,0,0,2026-09-14 11:21:08
2026-09-14 11:00:57,PHSC450,0107,Kendall Bustad,20,0,0,2026-09-14 11:21:08
2026-09-14 11:00:57,PHSC450,0108,Kendall Bustad,20,0,0,2026-09-14 11:21:08
2026-09-14 11:00:57,PHSC497,0101,Kendall Bustad,20,2,0,2026-09-14 11:21:08
2026-09-14 11:00:57,PHSC497,0301,Shannon Edward,20,4,0,2026-09-14 11:21:08
2026-09-14 11:00:57,PHSC497,0601,Jennifer German,20,3,0,2026-09-14 11:21:08
2026-09-14 11:00:57,PLCY100,0101,Toby Egan,25,0,1,2026-09-14 11:21:45
2026-09-14 11:00:57,PLCY100,0102,Toby Egan,25,0,0,2026-09-14 11:21:45
2026-09-14 11:00:57,PLCY100,0103,Toby Egan,25,0,0,2026-09-14 11:21:45
2026-09-14 11:00:57,PLCY100,0104,Toby Egan,25,1,0,2026-09-14 11:21:45
2026-09-14 11:00:57,PLCY100,0201,Namrta Sharma,25,12,0,2026-09-14 11:21:45
2026-09-14 11:00:57,PLCY100,0202,Namrta Sharma,25,15,0,2026-09-14 11:21:45
2026-09-14 11:00:57,PLCY100,0203,Namrta Sharma,25,1,0,2026-09-14 11:21:45
2026-09-14 11:00:57,PLCY100,0204,Namrta Sharma,25,9,0,2026-09-14 11:21:45
2026-09-14 11:00:57,PLCY101,0101,Robert Sprinkle,75,0,0,2026-09-14 11:21:46
2026-09-14 11:00:57,PLCY170,0101,Joshua Itzkowitz Shifrinson,20,0,0,2026-09-14 11:21:46
2026-09-14 11:00:57,PLCY170,0102,Joshua Itzkowitz Shifrinson,20,0,0,2026-09-14 11:21:46
2026-09-14 11:00:57,PLCY170,0103,Joshua Itzkowitz Shifrinson,20,1,0,2026-09-14 11:21:46
2026-09-14 11:00:57,PLCY170,0104,Joshua Itzkowitz Shifrinson,20,0,0,2026-09-14 11:21:46
2026-09-14 11:00:57,PLCY170,0105,Joshua Itzkowitz Shifrinson,20,1,0,2026-09-14 11:21:46
2026-09-14 11:00:57,PLCY170,0106,Joshua Itzkowitz Shifrinson,25,2,0,2026-09-14 11:21:46
2026-09-14 11:00:57,PLCY172,0101,Caroline Ritter,95,33,0,2026-09-14 11:21:47
2026-09-14 11:00:57,PLCY200,0101,Shanna Pearson-Merkowitz,35,0,0,2026-09-14 11:21:47
2026-09-14 11:00:57,PLCY200,0201,Shanna Pearson-Merkowitz,35,1,0,2026-09-14 11:21:47
2026-09-14 11:00:57,PLCY200,0301,Namrta Sharma,35,0,2,2026-09-14 11:21:47
2026-09-14 11:00:57,PLCY201,0101,Julio Guzman,70,0,0,2026-09-14 11:21:47
2026-09-14 11:00:57,PLCY201,0201,Gregory Ramsay,60,0,0,2026-09-14 11:21:47
2026-09-14 11:00:57,PLCY201,FC01,Anne Kaiser,32,0,0,2026-09-14 11:21:47
2026-09-14 11:00:57,PLCY201,FC02,Anne Kaiser,32,6,0,2026-09-14 11:21:47
2026-09-14 11:00:57,PLCY201S,0101,Susannah Washburn,80,4,0,2026-09-14 11:21:48
2026-09-14 11:00:57,PLCY203,0101,Thomas Hilde,60,9,0,2026-09-14 11:21:48
2026-09-14 11:00:57,PLCY203,0201,Anne Kaiser,60,38,0,2026-09-14 11:21:48
2026-09-14 11:00:57,PLCY213,0201,Claire Dunning,40,3,0,2026-09-14 11:21:49
2026-09-14 11:00:57,PLCY214,0101,Patricia Bory,65,20,0,2026-09-14 11:21:49
2026-09-14 11:00:57,PLCY240,0101,Timothy Reedy,30,0,0,2026-09-14 11:21:49
2026-09-14 11:00:57,PLCY288K,0101,CHRISTIAN OSTERMANN,25,1,0,2026-09-14 11:21:50
2026-09-14 11:00:57,PLCY300,0101,Alana Hackshaw,45,0,1,2026-09-14 11:21:50
2026-09-14 11:00:57,PLCY300,0201,Namrta Sharma,45,28,0,2026-09-14 11:21:50
2026-09-14 11:00:57,PLCY301,0101,Caroline Boules,165,3,0,2026-09-14 11:21:51
2026-09-14 11:00:57,PLCY302,0101,Niambi Carter,40,2,0,2026-09-14 11:21:51
2026-09-14 11:00:57,PLCY302,0201,Ebonie Johnson Cooper,40,0,0,2026-09-14 11:21:51
2026-09-14 11:00:57,PLCY302,0301,Lindsay Dieudonne,40,0,1,2026-09-14 11:21:51
2026-09-14 11:00:57,PLCY303,0101,Juan Martinez Guzman,40,3,0,2026-09-14 11:21:52
2026-09-14 11:00:57,PLCY304,0101,Michael Busse,40,11,0,2026-09-14 11:21:52
2026-09-14 11:00:57,PLCY304,0201,Michael Busse,40,12,0,2026-09-14 11:21:52
2026-09-14 11:00:57,PLCY309,0101,Martin Sanders,30,16,0,2026-09-14 11:21:52
2026-09-14 11:00:57,PLCY310,0101,Selvon Waldron,35,16,0,2026-09-14 11:21:53
2026-09-14 11:00:57,PLCY313,0101,Gerard Evans,100,3,0,2026-09-14 11:21:53
2026-09-14 11:00:57,PLCY371,0101,Joshua Itzkowitz Shifrinson,35,0,0,2026-09-14 11:21:54
2026-09-14 11:00:57,PLCY380,0101,Isabel O'Malley,40,8,0,2026-09-14 11:21:54
2026-09-14 11:00:57,PLCY380,ESG1,Kisha McNeill,30,0,1,2026-09-14 11:21:54
2026-09-14 11:00:57,PLCY388A,0101,Brandi Onowu,40,8,0,2026-09-14 11:21:55
2026-09-14 11:00:57,PLCY388N,0101,Nina Harris,25,2,0,2026-09-14 11:21:55
2026-09-14 11:00:57,PLCY390,0101,Lena Andrews,20,0,0,2026-09-14 11:21:55
2026-09-14 11:00:57,PLCY399B,0101,Beatrice DeBelen,30,19,0,2026-09-14 11:21:56
2026-09-14 11:00:57,PLCY400,0101,Patricia Bory,25,1,0,2026-09-14 11:21:57
2026-09-14 11:00:57,PLCY401,0101,Anand Patwardhan,20,5,0,2026-09-14 11:21:57
2026-09-14 11:00:57,PLCY401,0201,Tracy Thompson,20,0,0,2026-09-14 11:21:57
2026-09-14 11:00:57,PLCY401,0301,David Mussington,20,9,0,2026-09-14 11:21:57
2026-09-14 11:00:57,PLCY490,0101,Michael Woldemariam,15,2,0,2026-09-14 11:21:58
2026-09-14 11:00:57,PLCY492,0101,Steve Fetter,20,1,0,2026-09-14 11:21:58
2026-09-14 11:00:57,PLCY610,0201,Alec Worsnop,40,9,0,2026-09-14 11:21:59
2026-09-14 11:00:57,PLCY630,0101,Catherine Worsnop,25,2,0,2026-09-14 11:21:59
2026-09-14 11:00:57,PLCY630,0201,Catherine Worsnop,25,3,0,2026-09-14 11:21:59
2026-09-14 11:00:57,PLCY631,0101,Cullen Merritt,25,0,0,2026-09-14 11:22:00
2026-09-14 11:00:57,PLCY640,0201,Thomas Spreen,30,5,0,2026-09-14 11:22:00
2026-09-14 11:00:57,PLCY641,0101,Tyler Kustra,30,2,0,2026-09-14 11:22:01
2026-09-14 11:00:57,PLCY641,0201,Tyler Kustra,30,10,0,2026-09-14 11:22:01
2026-09-14 11:00:57,PLCY670,0101,Philip Joyce,30,0,0,2026-09-14 11:22:01
2026-09-14 11:00:57,PLCY680,0101,Claire Dunning,25,0,0,2026-09-14 11:22:02
2026-09-14 11:00:57,PLCY680,0201,Michael Woldemariam,25,5,0,2026-09-14 11:22:02
2026-09-14 11:00:57,PLCY688C,0101,Charles Harry,20,10,0,2026-09-14 11:22:02
2026-09-14 11:00:57,PLCY688F,PWL1,Nekeya O'Connor,20,0,0,2026-09-14 11:22:03
2026-09-14 11:00:57,PLCY688P,0101,Steve Fetter,10,1,0,2026-09-14 11:22:03
2026-09-14 11:00:57,PLCY688Z,0101,Brandi Onowu,20,5,0,2026-09-14 11:22:03
2026-09-14 11:00:57,PLCY689E,0101,Susan Parker,20,0,0,2026-09-14 11:22:04
2026-09-14 11:00:57,PLCY690,0110,David Mussington,15,3,0,2026-09-14 11:22:04
2026-09-14 11:00:57,PLCY690,0120,Margaret Brindle,15,2,0,2026-09-14 11:22:04
2026-09-14 11:00:57,PLCY690,0130,Douglas Call,15,0,0,2026-09-14 11:22:04
2026-09-14 11:00:57,PLCY690,0150,Paul Brown,15,0,0,2026-09-14 11:22:04
2026-09-14 11:00:57,PLCY690,0170,James Stillwell,15,0,0,2026-09-14 11:22:04
2026-09-14 11:00:57,PLCY698T,0101,Elizabeth Duke,20,7,0,2026-09-14 11:22:05
2026-09-14 11:00:57,PLCY699L,0101,Michael Woldemariam,10,1,0,2026-09-14 11:22:05
2026-09-14 11:00:57,PLCY720,0101,Nancy Gallagher,20,2,0,2026-09-14 11:22:06
2026-09-14 11:00:57,PLCY734,0101,Niambi Carter,20,0,0,2026-09-14 11:22:06
2026-09-14 11:00:57,PLCY735,0101,Robert Sprinkle,20,7,0,2026-09-14 11:22:06
2026-09-14 11:00:57,PLCY741,0101,Anand Patwardhan,20,7,0,2026-09-14 11:22:07
2026-09-14 11:00:57,PLCY742,0101,Thomas Hilde,20,8,0,2026-09-14 11:22:07
2026-09-14 11:00:57,PLCY780,0101,Robert Orr,20,0,0,2026-09-14 11:22:08
2026-09-14 11:00:57,PLCY781,0101,Julio Guzman,20,2,0,2026-09-14 11:22:08
2026-09-14 11:00:57,PLCY783,0101,Margaret Brindle,20,7,0,2026-09-14 11:22:08
2026-09-14 11:00:57,PLCY798F,PWL1,William Nolte,25,18,0,2026-09-14 11:22:10
2026-09-14 11:00:57,PLCY798V,0101,Shanna Pearson-Merkowitz,12,0,0,2026-09-14 11:22:11
2026-09-14 11:00:57,PLCY798W,0101,Martin Sanders,10,9,0,2026-09-14 11:22:11
2026-09-14 11:00:57,PLCY798Y,PWL1,Jeffrey Franco,25,0,0,2026-09-14 11:22:11
2026-09-14 11:00:57,PLCY798Z,0101,Peter Reuter,12,0,0,2026-09-14 11:22:12
2026-09-14 11:00:57,PLSC112,0101,Samuel Daramola,100,11,0,2026-09-14 11:22:14
2026-09-14 11:00:57,PLSC113,0101,Samuel Daramola,24,3,0,2026-09-14 11:22:15
2026-09-14 11:00:57,PLSC113,0102,Samuel Daramola,24,5,0,2026-09-14 11:22:15
2026-09-14 11:00:57,PLSC113,0103,Samuel Daramola,24,12,0,2026-09-14 11:22:15
2026-09-14 11:00:57,PLSC113,0104,Samuel Daramola,24,9,0,2026-09-14 11:22:15
2026-09-14 11:00:57,PLSC115,0101,Shirley Micallef,24,1,0,2026-09-14 11:22:15
2026-09-14 11:00:57,PLSC201,0101,Pierre Jacob,42,15,0,2026-09-14 11:22:16
2026-09-14 11:00:57,PLSC203,0101,Vijay Tiwari,23,17,0,2026-09-14 11:22:16
2026-09-14 11:00:57,PLSC205,0101,Mark Carroll,22,1,0,2026-09-14 11:22:17
2026-09-14 11:00:57,PLSC206,0101,Pierre Jacob,21,8,0,2026-09-14 11:22:17
2026-09-14 11:00:57,PLSC206,0102,Pierre Jacob,21,7,0,2026-09-14 11:22:17
2026-09-14 11:00:57,PLSC253,0101,Karen Petroff,24,1,0,2026-09-14 11:22:17
2026-09-14 11:00:57,PLSC253,0102,Karen Petroff,24,5,0,2026-09-14 11:22:17
2026-09-14 11:00:57,PLSC389,0101,Craig Beyrouty,17,17,0,2026-09-14 11:22:18
2026-09-14 11:00:57,PLSC402,0101,Geoffrey Rinehart,10,3,0,2026-09-14 11:22:19
2026-09-14 11:00:57,PLSC404,0101,Yiping Qi,20,11,0,2026-09-14 11:22:19
2026-09-14 11:00:57,PLSC420,0101,Nidhi Rawat,18,5,0,2026-09-14 11:22:19
2026-09-14 11:00:57,PLSC420,0102,Nidhi Rawat,18,12,0,2026-09-14 11:22:19
2026-09-14 11:00:57,PLSC433,0101,Diana Cochran,10,2,0,2026-09-14 11:22:20
2026-09-14 11:00:57,PLSC453,0101,Samuel Daramola,24,1,0,2026-09-14 11:22:20
2026-09-14 11:00:57,PLSC471,0101,Juanita Choo,20,0,0,2026-09-14 11:22:21
2026-09-14 11:00:57,PLSC476,0101,Maile Neel,23,19,0,2026-09-14 11:22:21
2026-09-14 11:00:57,PLSC608,0101,Shunyuan Xiao,20,13,0,2026-09-14 11:22:22
2026-09-14 11:00:57,PORT103,0101,Parker Brookie,15,6,0,2026-09-14 11:22:25
2026-09-14 11:00:57,PORT205,0101,Parker Brookie,15,4,0,2026-09-14 11:22:25
2026-09-14 11:00:57,PORT332,0101,Parker Brookie,25,0,0,2026-09-14 11:22:25
2026-09-14 11:00:57,RELS120,0101,Antoine Borrut,40,8,0,2026-09-14 11:23:05
2026-09-14 11:00:57,RELS170,0101,Chiara Graf,21,1,0,2026-09-14 11:23:05
2026-09-14 11:00:57,RELS170,0102,Chiara Graf,21,0,0,2026-09-14 11:23:05
2026-09-14 11:00:57,RELS170,0103,Chiara Graf,21,0,0,2026-09-14 11:23:05
2026-09-14 11:00:57,RELS170,0104,Chiara Graf,21,0,0,2026-09-14 11:23:05
2026-09-14 11:00:57,RELS170,0105,Chiara Graf,21,0,0,2026-09-14 11:23:05
2026-09-14 11:00:57,RELS170,0106,Chiara Graf,21,2,0,2026-09-14 11:23:05
2026-09-14 11:00:57,RELS170,0107,Chiara Graf,21,0,0,2026-09-14 11:23:05
2026-09-14 11:00:57,RELS170,0108,Chiara Graf,21,1,0,2026-09-14 11:23:05
2026-09-14 11:00:57,RELS170,0109,Chiara Graf,22,0,0,2026-09-14 11:23:05
2026-09-14 11:00:57,RELS171,0101,Maxine Grossman,40,6,0,2026-09-14 11:23:06
2026-09-14 11:00:57,RELS219K,0101,Shay Hazkani,40,33,0,2026-09-14 11:23:06
2026-09-14 11:00:57,RELS225,0101,Stephanie Cooper,25,3,0,2026-09-14 11:23:07
2026-09-14 11:00:57,RELS273,0101,Hayim Lapin,23,0,0,2026-09-14 11:23:07
2026-09-14 11:00:57,RELS273,0102,Hayim Lapin,23,3,0,2026-09-14 11:23:07
2026-09-14 11:00:57,RELS273,0103,Hayim Lapin,23,1,0,2026-09-14 11:23:07
2026-09-14 11:00:57,RELS274,0101,Matthew Suriano,20,0,0,2026-09-14 11:23:08
2026-09-14 11:00:57,RELS274,0102,Matthew Suriano,20,0,1,2026-09-14 11:23:08
2026-09-14 11:00:57,RELS274,0103,Matthew Suriano,20,0,0,2026-09-14 11:23:08
2026-09-14 11:00:57,RELS274,0104,Matthew Suriano,20,0,0,2026-09-14 11:23:08
2026-09-14 11:00:57,RELS319D,0101,Nathan Levine,35,26,0,2026-09-14 11:23:08
2026-09-14 11:00:57,RELS319Z,0101,Regev Ben-David,30,26,0,2026-09-14 11:23:08
2026-09-14 11:00:57,RELS341,0101,Janna Bianchini,30,0,0,2026-09-14 11:23:09
2026-09-14 11:00:57,RUSS101,0101,Inna Hardman,15,6,0,2026-09-14 11:23:11
2026-09-14 11:00:57,RUSS101,0201,Inna Hardman,15,6,0,2026-09-14 11:23:11
2026-09-14 11:00:57,RUSS201,0101,Zhanna Gerus-Vernola,15,8,0,2026-09-14 11:23:11
2026-09-14 11:00:57,RUSS301,0101,Izolda Savenkova,15,5,0,2026-09-14 11:23:12
2026-09-14 11:00:57,RUSS321,0101,Elizabeth Papazian,15,5,0,2026-09-14 11:23:12
2026-09-14 11:00:57,RUSS334,0101,Elizabeth Papazian,25,0,0,2026-09-14 11:23:13
2026-09-14 11:00:57,RUSS404,0101,Izolda Savenkova,15,1,0,2026-09-14 11:23:14
2026-09-14 11:00:57,SDSB123,0101,Brian Kim,40,7,0,2026-09-14 11:23:16
2026-09-14 11:00:57,SDSB180,0101,Brian Kim,180,125,0,2026-09-14 11:23:17
2026-09-14 11:00:57,SDSB233,0101,Jacob Coutts,25,1,0,2026-09-14 11:23:17
2026-09-14 11:00:57,SDSB233,0102,Jacob Coutts,25,10,0,2026-09-14 11:23:17
2026-09-14 11:00:57,SDSB233,0103,Jacob Coutts,25,9,0,2026-09-14 11:23:17
2026-09-14 11:00:57,SDSB326,0101,Jacob Coutts,50,31,0,2026-09-14 11:23:17
2026-09-14 11:00:57,SDSB340,0101,Neil Lund,40,0,0,2026-09-14 11:23:18
2026-09-14 11:00:57,SDSI414,0201,Maria Krupenkin,34,15,0,2026-09-14 11:23:20
2026-09-14 11:00:57,SDSI414,0202,Maria Krupenkin,34,0,0,2026-09-14 11:23:20
2026-09-14 11:00:57,SDSI492,0101,TJ Rainsford,50,8,0,2026-09-14 11:23:20
2026-09-14 11:00:57,SDSI492,0103,Mary Ann Francis,40,0,2,2026-09-14 11:23:20
2026-09-14 11:00:57,SDSI492,0104,TJ Rainsford,50,0,0,2026-09-14 11:23:20
2026-09-14 11:00:57,SDSI492,0106,Jesse Klein,50,0,5,2026-09-14 11:23:20
2026-09-14 11:00:57,SDSI492,0107,Connie Siebold,40,0,3,2026-09-14 11:23:20
2026-09-14 11:00:57,SDSI492,0110,Patrick Thornton,50,29,0,2026-09-14 11:23:20
2026-09-14 11:00:57,SLLC108I,0101,Instructor: TBA,5,4,0,2026-09-14 11:23:24
2026-09-14 11:00:57,SLLC108J,0101,Instructor: TBA,5,5,0,2026-09-14 11:23:24
2026-09-14 11:00:57,SLLC108W,0101,Instructor: TBA,5,4,0,2026-09-14 11:23:24
2026-09-14 11:00:57,SLLC118A,0101,Sean Pue,10,4,0,2026-09-14 11:23:25
2026-09-14 11:00:57,SLLC200,0101,Chris Lewis,30,4,0,2026-09-14 11:23:25
2026-09-14 11:00:57,SLLC286,0101,Andrew Schonebaum,60,5,0,2026-09-14 11:23:26
2026-09-14 11:00:57,SLLC309,0101,Ahmed Hanafy,10,10,0,2026-09-14 11:23:26
2026-09-14 11:00:57,SLLC309,0102,Ahmed Hanafy,10,8,0,2026-09-14 11:23:26
2026-09-14 11:00:57,SLLC309,0103,Ahmed Hanafy,10,7,0,2026-09-14 11:23:26
2026-09-14 11:00:57,SLLC309,0104,Ahmed Hanafy,10,5,0,2026-09-14 11:23:26
2026-09-14 11:00:57,SLLC309,0105,Ahmed Hanafy,10,6,0,2026-09-14 11:23:26
2026-09-14 11:00:57,SLLC309,0106,Ahmed Hanafy,10,6,0,2026-09-14 11:23:26
2026-09-14 11:00:57,SLLC309,0107,Ahmed Hanafy,10,8,0,2026-09-14 11:23:26
2026-09-14 11:00:57,SLLC309,0108,Ahmed Hanafy,10,9,0,2026-09-14 11:23:26
2026-09-14 11:00:57,SLLC309,0109,Ahmed Hanafy,10,7,0,2026-09-14 11:23:26
2026-09-14 11:00:57,SLLC309,0110,Ahmed Hanafy,10,3,0,2026-09-14 11:23:26
2026-09-14 11:00:57,SLLC309,0111,Ahmed Hanafy,10,10,0,2026-09-14 11:23:26
2026-09-14 11:00:57,SLLC329,0101,Marilyn Matar,13,0,0,2026-09-14 11:23:27
2026-09-14 11:00:57,SLLC329,0102,Marilyn Matar,10,0,0,2026-09-14 11:23:27
2026-09-14 11:00:57,SLLC329,0103,Marilyn Matar,21,2,0,2026-09-14 11:23:27
2026-09-14 11:00:57,SLLC329,0104,Marilyn Matar,10,4,0,2026-09-14 11:23:27
2026-09-14 11:00:57,SLLC329,0105,Marilyn Matar,10,9,0,2026-09-14 11:23:27
2026-09-14 11:00:57,SLLC329,0106,Marilyn Matar,10,1,0,2026-09-14 11:23:27
2026-09-14 11:00:57,SLLC329,0107,Marilyn Matar,10,7,0,2026-09-14 11:23:27
2026-09-14 11:00:57,SLLC329,0108,Marilyn Matar,10,7,0,2026-09-14 11:23:27
2026-09-14 11:00:57,SLLC329,0109,Marilyn Matar,10,4,0,2026-09-14 11:23:27
2026-09-14 11:00:57,SLLC329,0110,Marilyn Matar,20,3,0,2026-09-14 11:23:27
2026-09-14 11:00:57,SLLC350,0101,Michele Mason,30,27,0,2026-09-14 11:23:27
2026-09-14 11:00:57,SMLP470,0101,Brooke Smith,45,13,0,2026-09-14 11:23:29
2026-09-14 11:00:57,SMLP472,0101,Sara Herald,60,19,0,2026-09-14 11:23:29
2026-09-14 11:00:57,TLTC310,0101,Sarah Kistner,0,0,0,2026-09-14 11:24:29
2026-09-14 11:00:57,TLTC310,0201,Yanira Ortiz,20,11,0,2026-09-14 11:24:29
2026-09-14 11:00:57,TLTC333,0101,Mona Thompson,63,0,0,2026-09-14 11:24:30
2026-09-14 11:00:57,TLTC333,0102,Mona Thompson,63,0,0,2026-09-14 11:24:30
2026-09-14 11:00:57,TLTC333,0105,Mona Thompson,63,0,0,2026-09-14 11:24:30
2026-09-14 11:00:57,UMEI005,0101,Charles Duquette,15,2,0,2026-09-14 11:24:32
2026-09-14 11:00:57,UMEI005,0201,Heather Mehrtens,15,9,0,2026-09-14 11:24:32
2026-09-14 11:00:57,UMEI005,0301,Marilena Draganescu,15,11,0,2026-09-14 11:24:32
2026-09-14 11:00:57,UMEI012,0101,Louise Godley,10,10,0,2026-09-14 11:24:33
2026-09-14 11:00:57,UMEI013,0101,Louise Godley,10,7,0,2026-09-14 11:24:33
2026-09-14 11:00:57,UMEI028A,0101,Raymond Smith,16,14,0,2026-09-14 11:24:33
2026-09-14 11:00:57,UMEI506,0101,Heather Mehrtens,16,0,0,2026-09-14 11:24:34
2026-09-14 11:00:57,UMEI506,0201,Heather Mehrtens,16,6,0,2026-09-14 11:24:34
2026-09-14 11:00:57,UMEI507,0101,Marilena Draganescu,15,4,0,2026-09-14 11:24:34
2026-09-14 11:00:57,USLT201,0101,Robert Chester,25,1,0,2026-09-14 11:24:43
2026-09-14 11:00:57,USLT398C,0101,Angela Pico Pinto,25,18,0,2026-09-14 11:24:43
2026-09-14 11:00:57,USLT450,0101,Robert Chester,20,0,0,2026-09-14 11:24:44
2026-09-14 11:00:57,USLT498C,0101,Ana Rodriguez,20,14,0,2026-09-14 11:24:44
2026-09-14 11:00:57,VIPS099,0115,Veronica Kang,5,3,0,2026-09-14 11:24:46
2026-09-14 11:00:57,VIPS208,0101,Mary Bowden,10,10,0,2026-09-14 11:24:47
2026-09-14 11:00:57,VIPS208,0102,Ken Kiger,10,2,0,2026-09-14 11:24:47
2026-09-14 11:00:57,VIPS208,0103,Bryan Quinn,10,9,0,2026-09-14 11:24:47
2026-09-14 11:00:57,VIPS208,0104,Abdil Chowdhury,10,1,0,2026-09-14 11:24:47
2026-09-14 11:00:57,VIPS208,0105,Molly Carton,10,7,0,2026-09-14 11:24:47
2026-09-14 11:00:57,VIPS208,0106,James Baeder,14,2,0,2026-09-14 11:24:47
2026-09-14 11:00:57,VIPS208,0107,Catherine Spirito,10,6,0,2026-09-14 11:24:47
2026-09-14 11:00:57,VIPS208,0108,Ronald Yaros,10,4,0,2026-09-14 11:24:47
2026-09-14 11:00:57,VIPS208,0109,Carinna Ferguson,10,7,0,2026-09-14 11:24:47
2026-09-14 11:00:57,VIPS208,0110,Tracy Riggins,15,0,0,2026-09-14 11:24:47
2026-09-14 11:00:57,VIPS208,0111,Kevin Calabro,13,2,0,2026-09-14 11:24:47
2026-09-14 11:00:57,VIPS208,0112,Raffaele Viglianti,10,5,0,2026-09-14 11:24:47
2026-09-14 11:00:57,VIPS208,0113,Shabnam Jabeen,10,5,0,2026-09-14 11:24:47
2026-09-14 11:00:57,VIPS208,0114,Ning Zeng,15,7,0,2026-09-14 11:24:47
2026-09-14 11:00:57,VIPS208,0115,Veronica Kang,10,5,0,2026-09-14 11:24:47
2026-09-14 11:00:57,VIPS208,0116,David Stewart,10,1,0,2026-09-14 11:24:47
2026-09-14 11:00:57,VIPS208,0117,Meredith Epstein,10,8,0,2026-09-14 11:24:47
2026-09-14 11:00:57,VIPS208,0118,Magaly Toro Ibaceta,10,3,0,2026-09-14 11:24:47
2026-09-14 11:00:57,VIPS208,0120,Marisa Parham,10,6,0,2026-09-14 11:24:47
2026-09-14 11:00:57,VIPS208,0121,Becky Epanchin-Niell,10,1,0,2026-09-14 11:24:47
2026-09-14 11:00:57,VIPS208,0122,Timothy Reedy,10,2,0,2026-09-14 11:24:47
2026-09-14 11:00:57,VIPS208,0123,Lingnan Lin,13,4,0,2026-09-14 11:24:47
2026-09-14 11:00:57,VIPS208,0124,Jeffrey Moro,10,4,0,2026-09-14 11:24:47
2026-09-14 11:00:57,VIPS208,0125,Peter Sunderland,12,4,0,2026-09-14 11:24:47
2026-09-14 11:00:57,VIPS208,0126,Brienna Anderson,10,4,0,2026-09-14 11:24:47
2026-09-14 11:00:57,VIPS308,0101,Mary Bowden,10,9,0,2026-09-14 11:24:47
2026-09-14 11:00:57,VIPS308,0102,Ken Kiger,10,3,0,2026-09-14 11:24:47
2026-09-14 11:00:57,VIPS308,0103,Bryan Quinn,10,2,0,2026-09-14 11:24:47
2026-09-14 11:00:57,VIPS308,0104,Abdil Chowdhury,10,3,0,2026-09-14 11:24:47
2026-09-14 11:00:57,VIPS308,0105,Molly Carton,10,3,0,2026-09-14 11:24:47
2026-09-14 11:00:57,VIPS308,0106,James Baeder,10,4,0,2026-09-14 11:24:47
2026-09-14 11:00:57,VIPS308,0107,Catherine Spirito,10,8,0,2026-09-14 11:24:47
2026-09-14 11:00:57,VIPS308,0108,Ronald Yaros,10,9,0,2026-09-14 11:24:47
2026-09-14 11:00:57,VIPS308,0109,Carinna Ferguson,10,6,0,2026-09-14 11:24:47
2026-09-14 11:00:57,VIPS308,0110,Tracy Riggins,10,0,0,2026-09-14 11:24:47
2026-09-14 11:00:57,VIPS308,0111,Kevin Calabro,10,6,0,2026-09-14 11:24:47
2026-09-14 11:00:57,VIPS308,0112,Raffaele Viglianti,10,10,0,2026-09-14 11:24:47
2026-09-14 11:00:57,VIPS308,0113,Shabnam Jabeen,10,8,0,2026-09-14 11:24:47
2026-09-14 11:00:57,VIPS308,0114,Ning Zeng,10,9,0,2026-09-14 11:24:47
2026-09-14 11:00:57,VIPS308,0115,Veronica Kang,10,10,0,2026-09-14 11:24:47
2026-09-14 11:00:57,VIPS308,0116,David Stewart,10,10,0,2026-09-14 11:24:47
2026-09-14 11:00:57,VIPS308,0117,Meredith Epstein,10,8,0,2026-09-14 11:24:47
2026-09-14 11:00:57,VIPS308,0118,Magaly Toro Ibaceta,10,10,0,2026-09-14 11:24:47
2026-09-14 11:00:57,VIPS308,0120,Marisa Parham,10,9,0,2026-09-14 11:24:47
2026-09-14 11:00:57,VIPS308,0121,Becky Epanchin-Niell,10,10,0,2026-09-14 11:24:47
2026-09-14 11:00:57,VIPS308,0122,Timothy Reedy,10,10,0,2026-09-14 11:24:47
2026-09-14 11:00:57,VIPS308,0123,Lingnan Lin,10,10,0,2026-09-14 11:24:47
2026-09-14 11:00:57,VIPS308,0124,Jeffrey Moro,10,10,0,2026-09-14 11:24:47
2026-09-14 11:00:57,VIPS308,0125,Peter Sunderland,10,10,0,2026-09-14 11:24:47
2026-09-14 11:00:57,VIPS308,0126,Brienna Anderson,10,10,0,2026-09-14 11:24:47
2026-09-14 11:00:57,VIPS408,0101,Mary Bowden,10,4,0,2026-09-14 11:24:48
2026-09-14 11:00:57,VIPS408,0102,Ken Kiger,10,8,0,2026-09-14 11:24:48
2026-09-14 11:00:57,VIPS408,0103,Bryan Quinn,10,3,0,2026-09-14 11:24:48
2026-09-14 11:00:57,VIPS408,0104,Abdil Chowdhury,10,8,0,2026-09-14 11:24:48
2026-09-14 11:00:57,VIPS408,0105,Molly Carton,10,8,0,2026-09-14 11:24:48
2026-09-14 11:00:57,VIPS408,0106,James Baeder,10,7,0,2026-09-14 11:24:48
2026-09-14 11:00:57,VIPS408,0107,Catherine Spirito,10,10,0,2026-09-14 11:24:48
2026-09-14 11:00:57,VIPS408,0108,Ronald Yaros,10,8,0,2026-09-14 11:24:48
2026-09-14 11:00:57,VIPS408,0109,Carinna Ferguson,10,8,0,2026-09-14 11:24:48
2026-09-14 11:00:57,VIPS408,0110,Tracy Riggins,10,10,0,2026-09-14 11:24:48
2026-09-14 11:00:57,VIPS408,0111,Kevin Calabro,10,7,0,2026-09-14 11:24:48
2026-09-14 11:00:57,VIPS408,0112,Raffaele Viglianti,10,9,0,2026-09-14 11:24:48
2026-09-14 11:00:57,VIPS408,0113,Shabnam Jabeen,10,10,0,2026-09-14 11:24:48
2026-09-14 11:00:57,VIPS408,0114,Ning Zeng,10,10,0,2026-09-14 11:24:48
2026-09-14 11:00:57,VIPS408,0115,Veronica Kang,10,10,0,2026-09-14 11:24:48
2026-09-14 11:00:57,VIPS408,0116,David Stewart,10,10,0,2026-09-14 11:24:48
2026-09-14 11:00:57,VIPS408,0117,Meredith Epstein,10,10,0,2026-09-14 11:24:48
2026-09-14 11:00:57,VIPS408,0118,Magaly Toro Ibaceta,10,9,0,2026-09-14 11:24:48
2026-09-14 11:00:57,VIPS408,0120,Marisa Parham,10,10,0,2026-09-14 11:24:48
2026-09-14 11:00:57,VIPS408,0121,Becky Epanchin-Niell,10,10,0,2026-09-14 11:24:48
2026-09-14 11:00:57,VIPS408,0122,Timothy Reedy,10,10,0,2026-09-14 11:24:48
2026-09-14 11:00:57,VIPS408,0123,Lingnan Lin,10,10,0,2026-09-14 11:24:48
2026-09-14 11:00:57,VIPS408,0124,Jeffrey Moro,10,10,0,2026-09-14 11:24:48
2026-09-14 11:00:57,VIPS408,0125,Peter Sunderland,10,10,0,2026-09-14 11:24:48
2026-09-14 11:00:57,VIPS408,0126,Brienna Anderson,10,10,0,2026-09-14 11:24:48
2026-09-14 11:00:57,WEID139B,0101,Denise Joseph,48,7,0,2026-09-14 11:24:51
2026-09-14 11:00:57,WEID139L,0201,Taylor Togafau-Lewis,48,17,0,2026-09-14 11:24:51
2026-09-14 17:05:24,AAAS100,0101,Shane Walsh,35,0,0,2026-09-14 17:05:26
2026-09-14 17:05:24,AAAS100,0201,Shane Walsh,35,0,0,2026-09-14 17:05:26
2026-09-14 17:05:24,AAAS100,0301,George Kintiba,70,36,0,2026-09-14 17:05:26
2026-09-14 17:05:24,AAAS100,0401,Jason Nichols,30,0,0,2026-09-14 17:05:26
2026-09-14 17:05:24,AAAS100,0501,Jason Nichols,35,0,0,2026-09-14 17:05:26
2026-09-14 17:05:24,AAAS101,0101,Chinyere Osuji,40,0,0,2026-09-14 17:05:26
2026-09-14 17:05:24,AAAS187,0101,Robert Choflet,30,0,0,2026-09-14 17:05:27
2026-09-14 17:05:24,AAAS187,0201,Joseph Richardson,30,0,0,2026-09-14 17:05:27
2026-09-14 17:05:24,AAAS200,0101,George Kintiba,40,5,0,2026-09-14 17:05:27
2026-09-14 17:05:24,AAAS202,0101,Robert Choflet,35,7,0,2026-09-14 17:05:27
2026-09-14 17:05:24,AAAS202,0201,Robert Choflet,35,5,0,2026-09-14 17:05:27
2026-09-14 17:05:24,AAAS202,0301,Angelica Dunbar,35,5,0,2026-09-14 17:05:27
2026-09-14 17:05:24,AAAS202,0401,Ashley Everson,35,0,0,2026-09-14 17:05:27
2026-09-14 17:05:24,AAAS202,0501,Ashley Everson,20,2,0,2026-09-14 17:05:27
2026-09-14 17:05:24,AAAS210,0101,Angelica Dunbar,20,16,0,2026-09-14 17:05:28
2026-09-14 17:05:24,AAAS211,0101,Shane Walsh,30,0,0,2026-09-14 17:05:28
2026-09-14 17:05:24,AAAS230,0101,Ashley Newby,30,0,0,2026-09-14 17:05:29
2026-09-14 17:05:24,AAAS230,0201,Ashley Newby,30,0,0,2026-09-14 17:05:29
2026-09-14 17:05:24,AAAS234,0201,Mike Kolakoski,30,2,0,2026-09-14 17:05:29
2026-09-14 17:05:24,AAAS254,0101,Christopher Bonner,40,2,0,2026-09-14 17:05:29
2026-09-14 17:05:24,AAAS271,0101,Sydney Lewis,30,0,0,2026-09-14 17:05:30
2026-09-14 17:05:24,AAAS310,0101,George Kintiba,25,22,0,2026-09-14 17:05:30
2026-09-14 17:05:24,AAAS320,0101,Cecily Jackson,25,0,0,2026-09-14 17:05:30
2026-09-14 17:05:24,AAAS320,0201,Cecily Jackson,25,0,0,2026-09-14 17:05:30
2026-09-14 17:05:24,AAAS325,0101,Traci Dula,20,4,0,2026-09-14 17:05:31
2026-09-14 17:05:24,AAAS350,0101,John Drabinski,20,0,0,2026-09-14 17:05:31
2026-09-14 17:05:24,AAAS361,0101,Michelle Rowley,35,26,0,2026-09-14 17:05:31
2026-09-14 17:05:24,AAAS386,0101,Marshal Washington,10,10,0,2026-09-14 17:05:32
2026-09-14 17:05:24,AAAS397,0101,John Drabinski,2,2,0,2026-09-14 17:05:32
2026-09-14 17:05:24,AAAS397,0201,Angelica Dunbar,2,2,0,2026-09-14 17:05:32
2026-09-14 17:05:24,AAAS397,0301,Sharon Harley,2,2,0,2026-09-14 17:05:32
2026-09-14 17:05:24,AAAS397,0401,Cecily Jackson,2,2,0,2026-09-14 17:05:32
2026-09-14 17:05:24,AAAS397,0501,Sangeetha Madhavan,2,2,0,2026-09-14 17:05:32
2026-09-14 17:05:24,AAAS397,0601,Ashley Newby,1,1,0,2026-09-14 17:05:32
2026-09-14 17:05:24,AAAS397,0701,Chinyere Osuji,2,2,0,2026-09-14 17:05:32
2026-09-14 17:05:24,AAAS397,0801,Periloux Peay,2,2,0,2026-09-14 17:05:32
2026-09-14 17:05:24,AAAS397,0901,Joseph Richardson,2,2,0,2026-09-14 17:05:32
2026-09-14 17:05:24,AAAS398B,0101,Beka Guluma,20,13,0,2026-09-14 17:05:32
2026-09-14 17:05:24,AAAS398W,0101,Jason Nichols,25,11,0,2026-09-14 17:05:33
2026-09-14 17:05:24,AAAS400,0101,Periloux Peay,25,22,0,2026-09-14 17:05:33
2026-09-14 17:05:24,AAAS415,0101,Periloux Peay,30,1,0,2026-09-14 17:05:34
2026-09-14 17:05:24,AAAS499N,0101,Anne Rosen,25,0,0,2026-09-14 17:05:34
2026-09-14 17:05:24,AAST200,0101,Jennifer Cho,30,0,0,2026-09-14 17:05:35
2026-09-14 17:05:24,AAST200,0102,Binod Paudyal,30,0,0,2026-09-14 17:05:35
2026-09-14 17:05:24,AAST322,0101,Julie Park,30,3,0,2026-09-14 17:05:36
2026-09-14 17:05:24,AAST351,0101,Binod Paudyal,35,0,0,2026-09-14 17:05:36
2026-09-14 17:05:24,AAST355,0101,Jennifer Cho,35,0,1,2026-09-14 17:05:36
2026-09-14 17:05:24,AAST378,0101,Janelle Wong,2,2,0,2026-09-14 17:05:37
2026-09-14 17:05:24,AAST394,0101,Wenxi Yang,30,1,0,2026-09-14 17:05:38
2026-09-14 17:05:24,AAST398I,0101,Michelle Magalong,24,0,0,2026-09-14 17:05:38
2026-09-14 17:05:24,AAST398W,0101,Chris Eng,25,14,0,2026-09-14 17:05:38
2026-09-14 17:05:24,AAST421,0101,Tuyet Duong,20,3,0,2026-09-14 17:05:39
2026-09-14 17:05:24,AAST422,0101,Jennifer Cho,25,7,0,2026-09-14 17:05:39
2026-09-14 17:05:24,AAST424,0101,Dawn Dow,29,10,0,2026-09-14 17:05:39
2026-09-14 17:05:24,AAST440,0101,Binod Paudyal,25,1,0,2026-09-14 17:05:40
2026-09-14 17:05:24,AAST443,0101,Janelle Wong,30,0,0,2026-09-14 17:05:40
2026-09-14 17:05:24,ABRM330,0101,Rashawn Ray,40,0,0,2026-09-14 17:05:41
2026-09-14 17:05:24,ARAB101,0101,Samah Al-salami,15,0,0,2026-09-14 17:06:20
2026-09-14 17:05:24,ARAB101,0201,Ahmed Hanafy,15,5,0,2026-09-14 17:06:20
2026-09-14 17:05:24,ARAB102,0101,Samah Al-salami,15,3,0,2026-09-14 17:06:21
2026-09-14 17:05:24,ARAB102,0201,Lutf Alkebsi,15,12,0,2026-09-14 17:06:21
2026-09-14 17:05:24,ARAB201,0101,Lutf Alkebsi,15,0,0,2026-09-14 17:06:21
2026-09-14 17:05:24,ARAB201,0201,Lutf Alkebsi,15,11,0,2026-09-14 17:06:21
2026-09-14 17:05:24,ARAB208L,0101,Samah Al-salami,15,3,0,2026-09-14 17:06:21
2026-09-14 17:05:24,ARAB225,0101,Ahmed Hanafy,15,3,0,2026-09-14 17:06:22
2026-09-14 17:05:24,ARAB301,0101,Ahmed Hanafy,15,7,0,2026-09-14 17:06:22
2026-09-14 17:05:24,ARAB321,0101,Ahmed Hanafy,15,8,0,2026-09-14 17:06:22
2026-09-14 17:05:24,ARAB322,0101,Samah Al-salami,15,9,0,2026-09-14 17:06:23
2026-09-14 17:05:24,ARAB398A,0101,Lutf Alkebsi,15,7,0,2026-09-14 17:06:23
2026-09-14 17:05:24,ARAB499E,0101,Brendan Kibbee,20,2,0,2026-09-14 17:06:24
2026-09-14 17:05:24,ARMY106,0101,Thomas Battinieri,31,25,0,2026-09-14 17:07:12
2026-09-14 17:05:24,ARMY106,0102,Thomas Battinieri,40,30,0,2026-09-14 17:07:12
2026-09-14 17:05:24,ARMY106,FC01,Andrew Bischoff,15,11,0,2026-09-14 17:07:12
2026-09-14 17:05:24,ARMY106,FC02,Thomas Battinieri,9,8,0,2026-09-14 17:07:12
2026-09-14 17:05:24,ARMY110,0101,Andrew Bischoff,15,15,0,2026-09-14 17:07:12
2026-09-14 17:05:24,ARMY201,0102,Thomas Battinieri,35,14,0,2026-09-14 17:07:13
2026-09-14 17:05:24,ARMY301,0101,Joshua Guiod,40,20,0,2026-09-14 17:07:13
2026-09-14 17:05:24,ARMY401,0102,Andrew Bischoff,50,13,0,2026-09-14 17:07:13
2026-09-14 17:05:24,ARSC059,0101,Kathleen West,220,53,0,2026-09-14 17:07:15
2026-09-14 17:05:24,ARSC059,FC01,Jens Lyndrup,10,5,0,2026-09-14 17:07:15
2026-09-14 17:05:24,ARSC100,0101,Jens Lyndrup,50,33,0,2026-09-14 17:07:15
2026-09-14 17:05:24,ARSC100,0102,Jens Lyndrup,75,16,0,2026-09-14 17:07:15
2026-09-14 17:05:24,ARSC100,0103,Jens Lyndrup,40,31,0,2026-09-14 17:07:15
2026-09-14 17:05:24,ARSC100,FC01,Jens Lyndrup,5,3,0,2026-09-14 17:07:15
2026-09-14 17:05:24,ARSC100,FC02,Jens Lyndrup,10,7,0,2026-09-14 17:07:15
2026-09-14 17:05:24,ARSC200,0101,Alan Snyder,50,14,0,2026-09-14 17:07:15
2026-09-14 17:05:24,ARSC200,0102,Alan Snyder,35,21,0,2026-09-14 17:07:15
2026-09-14 17:05:24,ARSC200,0103,Alan Snyder,40,32,0,2026-09-14 17:07:15
2026-09-14 17:05:24,ARSC300,0101,Kathleen West,30,5,0,2026-09-14 17:07:16
2026-09-14 17:05:24,ARSC300,0102,Kathleen West,20,13,0,2026-09-14 17:07:16
2026-09-14 17:05:24,ARSC400,0101,Walter Mitchell,30,11,0,2026-09-14 17:07:16
2026-09-14 17:05:24,ARSC400,0102,Walter Mitchell,20,18,0,2026-09-14 17:07:16
2026-09-14 17:05:24,ARSC400,0201,Walter Mitchell,10,10,0,2026-09-14 17:07:16
2026-09-14 17:05:24,BMIN210,0101,Darlene Dennison,180,0,0,2026-09-14 17:08:14
2026-09-14 17:05:24,BMIN210,0201,Darlene Dennison,180,96,0,2026-09-14 17:08:14
2026-09-14 17:05:24,BMIN305,0101,Tejwansh Anand,180,10,0,2026-09-14 17:08:15
2026-09-14 17:05:24,BMIN345,0101,Michael Padhi,275,33,0,2026-09-14 17:08:15
2026-09-14 17:05:24,BMIN355,0101,Idil Yaveroglu,180,0,0,2026-09-14 17:08:15
2026-09-14 17:05:24,BMIN355,0201,Idil Yaveroglu,180,25,0,2026-09-14 17:08:15
2026-09-14 17:05:24,BMIN375,0101,Leland Gardner,185,3,0,2026-09-14 17:08:16
2026-09-14 17:05:24,BMIN395,0101,Nima Farshchi,200,1,0,2026-09-14 17:08:16
2026-09-14 17:05:24,BMIN395,0201,Nima Farshchi,200,106,0,2026-09-14 17:08:16
2026-09-14 17:05:24,BOIS602,WI01,Woei-jyh Lee,40,6,0,2026-09-14 17:08:19
2026-09-14 17:05:24,BOIS604,WI01,Manmohan Aseri,40,5,0,2026-09-14 17:08:19
2026-09-14 17:05:24,BOIS631,WI01,Sujin Kim,40,8,0,2026-09-14 17:08:19
2026-09-14 17:05:24,BSOS355,0101,Liza Lebrun,30,30,0,2026-09-14 17:08:29
2026-09-14 17:05:24,BSOS361,0101,TC Lloyd,30,2,0,2026-09-14 17:08:30
2026-09-14 17:05:24,BSOS361,0103,Keia Brown,30,2,0,2026-09-14 17:08:30
2026-09-14 17:05:24,BSOS361,0104,David Tana,30,2,0,2026-09-14 17:08:30
2026-09-14 17:05:24,BSOS361,0105,TC Lloyd,30,2,0,2026-09-14 17:08:30
2026-09-14 17:05:24,BSOS388C,0101,Nikita Kimani,20,0,0,2026-09-14 17:08:30
2026-09-14 17:05:24,BSOS388C,0201,Nikita Kimani,20,0,0,2026-09-14 17:08:30
2026-09-14 17:05:24,BSOS388E,0101,Liza Lebrun,30,30,0,2026-09-14 17:08:30
2026-09-14 17:05:24,BUSO600,SO11,Neta Moye,42,5,0,2026-09-14 17:08:47
2026-09-14 17:05:24,BUSO600,SO12,Neta Moye,42,9,0,2026-09-14 17:08:47
2026-09-14 17:05:24,BUSO603,SO11,Ilya Ryzhov,42,5,0,2026-09-14 17:08:47
2026-09-14 17:05:24,BUSO603,SO12,Ilya Ryzhov,42,4,0,2026-09-14 17:08:47
2026-09-14 17:05:24,BUSO604,SO11,Bennet Zelner,42,6,0,2026-09-14 17:08:48
2026-09-14 17:05:24,BUSO604,SO12,Bennet Zelner,42,6,0,2026-09-14 17:08:48
2026-09-14 17:05:24,BUSO612,SO11,Henry Boyd,42,3,0,2026-09-14 17:08:48
2026-09-14 17:05:24,BUSO612,SO12,Henry Boyd,42,5,0,2026-09-14 17:08:48
2026-09-14 17:05:24,BUSO616,SO31,Brent Solomon,38,2,0,2026-09-14 17:08:48
2026-09-14 17:05:24,BUSO616,SO32,Brent Solomon,38,0,0,2026-09-14 17:08:48
2026-09-14 17:05:24,BUSO624,SO31,Yi Xu,38,1,0,2026-09-14 17:08:48
2026-09-14 17:05:24,BUSO624,SO32,Yi Xu,38,0,0,2026-09-14 17:08:48
2026-09-14 17:05:24,BUSO700,SO91,Paulo Prochno,0,0,0,2026-09-14 17:08:49
2026-09-14 17:05:24,BUSO711,SO31,Gosia Langa Basit,28,0,0,2026-09-14 17:08:49
2026-09-14 17:05:24,BUSO711,SO32,Gosia Langa Basit,28,3,0,2026-09-14 17:08:49
2026-09-14 17:05:24,BUSO711,SO33,Gosia Langa Basit,28,0,0,2026-09-14 17:08:49
2026-09-14 17:05:24,BUSO731,SO51,Tejwansh Anand,49,0,1,2026-09-14 17:08:49
2026-09-14 17:05:24,BUSO752,SO51,Leland Gardner,35,12,0,2026-09-14 17:08:50
2026-09-14 17:05:24,BUSO758G,SO51,James Seward,35,10,0,2026-09-14 17:08:50
2026-09-14 17:05:24,BUSO758M,SO51,Paulo Prochno,49,2,0,2026-09-14 17:08:50
2026-09-14 17:05:24,BUSO758M,SO52,Paulo Prochno,49,3,0,2026-09-14 17:08:50
2026-09-14 17:05:24,BUSO758T,SO51,Michael Cichello,35,18,0,2026-09-14 17:08:50
2026-09-14 17:05:24,BUSO758W,SO51,Yogesh Joshi,33,2,0,2026-09-14 17:08:51
2026-09-14 17:05:24,BUSO758W,SO52,Yogesh Joshi,33,2,0,2026-09-14 17:08:51
2026-09-14 17:05:24,BUSO758X,SO51,Pallassana Kannan,49,3,0,2026-09-14 17:08:51
2026-09-14 17:05:24,BUSO788F,GX01,Judy Frels,25,6,0,2026-09-14 17:08:51
2026-09-14 17:05:24,BUSO788W,GX01,Zhi-Long Chen,30,5,0,2026-09-14 17:08:52
2026-09-14 17:05:24,CHSE200,0101,Betsy Tornquist,10,1,0,2026-09-14 17:09:20
2026-09-14 17:05:24,CHSE205,0101,Yewon Lee,60,0,0,2026-09-14 17:09:21
2026-09-14 17:05:24,CHSE205,0201,Yewon Lee,60,0,1,2026-09-14 17:09:21
2026-09-14 17:05:24,CHSE228C,0101,Nikita Kimani,20,0,0,2026-09-14 17:09:21
2026-09-14 17:05:24,CHSE228C,0201,Nikita Kimani,20,0,0,2026-09-14 17:09:21
2026-09-14 17:05:24,CHSE228C,0301,Nikita Kimani,20,1,0,2026-09-14 17:09:21
2026-09-14 17:05:24,CHSE230,0101,Isabelle Grable,25,16,0,2026-09-14 17:09:22
2026-09-14 17:05:24,CHSE376,0101,Michael Dunham,22,0,4,2026-09-14 17:09:23
2026-09-14 17:05:24,CHSE376,0201,Colleen McGilpin,20,0,5,2026-09-14 17:09:23
2026-09-14 17:05:24,CHSE376,0301,Elizabeth Martinez,20,0,0,2026-09-14 17:09:23
2026-09-14 17:05:24,CHSE376,0401,Chanai Brewster,20,1,0,2026-09-14 17:09:23
2026-09-14 17:05:24,CHSE476,0101,Michael Dunham,20,6,0,2026-09-14 17:09:24
2026-09-14 17:05:24,CHSE477,0101,Michael Dunham,15,4,0,2026-09-14 17:09:24
2026-09-14 17:05:24,CHSE489,1901,Amy D'Agati,15,10,0,2026-09-14 17:09:24
2026-09-14 17:05:24,CINE245,0101,Eric Zakim,22,0,2,2026-09-14 17:09:26
2026-09-14 17:05:24,CINE245,0102,Eric Zakim,22,0,3,2026-09-14 17:09:26
2026-09-14 17:05:24,CINE245,0103,Eric Zakim,22,0,3,2026-09-14 17:09:26
2026-09-14 17:05:24,CINE245,0104,Eric Zakim,22,0,1,2026-09-14 17:09:26
2026-09-14 17:05:24,CINE280,0101,Porter Olsen,30,0,0,2026-09-14 17:09:27
2026-09-14 17:05:24,CINE280,0201,John Tobin,30,0,0,2026-09-14 17:09:27
2026-09-14 17:05:24,CINE298A,0101,Caroline Eades,20,0,0,2026-09-14 17:09:27
2026-09-14 17:05:24,CINE301,0101,Eric Zakim,30,0,0,2026-09-14 17:09:28
2026-09-14 17:05:24,CINE310,0101,Nathaniel Stevens,15,2,0,2026-09-14 17:09:28
2026-09-14 17:05:24,CINE315,0101,Yael Inbar,15,0,0,2026-09-14 17:09:28
2026-09-14 17:05:24,CINE319G,0101,Oliver Gaycken,25,15,0,2026-09-14 17:09:29
2026-09-14 17:05:24,CINE319P,5501,Samuel Crawford,11,0,1,2026-09-14 17:09:29
2026-09-14 17:05:24,CINE319Z,0101,Paul Cote,25,7,0,2026-09-14 17:09:29
2026-09-14 17:05:24,CINE329T,0101,Daniel Richter,25,0,4,2026-09-14 17:09:30
2026-09-14 17:05:24,CINE332,0101,Parker Brookie,25,0,0,2026-09-14 17:09:30
2026-09-14 17:05:24,CINE334,0101,Elizabeth Papazian,25,0,0,2026-09-14 17:09:30
2026-09-14 17:05:24,CINE337,0101,Jason Kuo,25,0,0,2026-09-14 17:09:31
2026-09-14 17:05:24,CINE342,0101,Luka Arsenjuk,20,0,1,2026-09-14 17:09:31
2026-09-14 17:05:24,CINE350,0101,John Drabinski,20,0,0,2026-09-14 17:09:31
2026-09-14 17:05:24,CINE359C,0101,Daniel Richter,25,0,2,2026-09-14 17:09:31
2026-09-14 17:05:24,CINE369B,0101,Eva Hageman,30,1,0,2026-09-14 17:09:32
2026-09-14 17:05:24,CINE369K,0101,Paul Cote,20,0,1,2026-09-14 17:09:32
2026-09-14 17:05:24,CINE376,0101,Ross Angelella,15,3,0,2026-09-14 17:09:32
2026-09-14 17:05:24,CINE376,0102,Ross Angelella,5,2,0,2026-09-14 17:09:32
2026-09-14 17:05:24,CINE415,0101,Mathew Bainbridge,15,0,0,2026-09-14 17:09:33
2026-09-14 17:05:24,CINE419P,0101,Oliver Gaycken,20,14,0,2026-09-14 17:09:33
2026-09-14 17:05:24,CINE459P,0101,Luka Arsenjuk,20,0,2,2026-09-14 17:09:34
2026-09-14 17:05:24,CLAS170,0101,Chiara Graf,21,1,0,2026-09-14 17:09:36
2026-09-14 17:05:24,CLAS170,0102,Chiara Graf,21,0,0,2026-09-14 17:09:36
2026-09-14 17:05:24,CLAS170,0103,Chiara Graf,21,0,0,2026-09-14 17:09:36
2026-09-14 17:05:24,CLAS170,0104,Chiara Graf,21,0,0,2026-09-14 17:09:36
2026-09-14 17:05:24,CLAS170,0105,Chiara Graf,21,0,0,2026-09-14 17:09:36
2026-09-14 17:05:24,CLAS170,0106,Chiara Graf,21,1,0,2026-09-14 17:09:36
2026-09-14 17:05:24,CLAS170,0107,Chiara Graf,21,0,0,2026-09-14 17:09:36
2026-09-14 17:05:24,CLAS170,0108,Chiara Graf,21,2,0,2026-09-14 17:09:36
2026-09-14 17:05:24,CLAS170,0109,Chiara Graf,22,0,0,2026-09-14 17:09:36
2026-09-14 17:05:24,CLAS170,FC01,Chelsea Stolt,28,4,0,2026-09-14 17:09:36
2026-09-14 17:05:24,CLAS170,FC02,Chelsea Stolt,28,0,0,2026-09-14 17:09:36
2026-09-14 17:05:24,CLAS170,FC03,Eugenia Lao,28,9,0,2026-09-14 17:09:36
2026-09-14 17:05:24,CLAS170,FC05,Charis Addai,28,6,0,2026-09-14 17:09:36
2026-09-14 17:05:24,CLAS277,0101,Chiara Graf,25,0,0,2026-09-14 17:09:36
2026-09-14 17:05:24,CLAS277,0102,Chiara Graf,25,1,0,2026-09-14 17:09:36
2026-09-14 17:05:24,CLAS277,0103,Chiara Graf,25,4,0,2026-09-14 17:09:36
2026-09-14 17:05:24,CLAS277,0104,Chiara Graf,25,1,0,2026-09-14 17:09:36
2026-09-14 17:05:24,CLAS277,0105,Chiara Graf,25,0,0,2026-09-14 17:09:36
2026-09-14 17:05:24,CLAS277,0106,Chiara Graf,25,1,0,2026-09-14 17:09:36
2026-09-14 17:05:24,CLAS305,0101,Jorge Bravo,35,1,0,2026-09-14 17:09:36
2026-09-14 17:05:24,CLAS309N,0101,Nathan Levine,35,26,0,2026-09-14 17:09:36
2026-09-14 17:05:24,CLAS310,0101,Rachel Singpurwalla,20,0,1,2026-09-14 17:09:37
2026-09-14 17:05:24,CLAS310,0102,Rachel Singpurwalla,20,0,1,2026-09-14 17:09:37
2026-09-14 17:05:24,CLAS310,0103,Rachel Singpurwalla,20,0,2,2026-09-14 17:09:37
2026-09-14 17:05:24,CLAS312,0101,Polyvia Parara,35,6,0,2026-09-14 17:09:37
2026-09-14 17:05:24,CMLT235,0101,Brielle Gorrell,30,1,0,2026-09-14 17:09:40
2026-09-14 17:05:24,CMLT270,0101,Hannah (Toyin) Adeyemi,30,0,0,2026-09-14 17:09:40
2026-09-14 17:05:24,CMLT270,0201,Shakiba Sharifpour,30,0,0,2026-09-14 17:09:40
2026-09-14 17:05:24,CMLT275,0201,Abhinav Bhardwaj,30,1,0,2026-09-14 17:09:41
2026-09-14 17:05:24,CMLT277,0101,Nahid Ahmadian,30,2,0,2026-09-14 17:09:41
2026-09-14 17:05:24,CMLT280,0101,Porter Olsen,30,0,0,2026-09-14 17:09:41
2026-09-14 17:05:24,CMLT280,0201,John Tobin,30,0,0,2026-09-14 17:09:41
2026-09-14 17:05:24,CPBE100,0101,Oliver Schlake,95,25,0,2026-09-14 17:10:12
2026-09-14 17:05:24,CPBE200,0101,Oliver Schlake,75,33,0,2026-09-14 17:10:12
2026-09-14 17:05:24,CPBE225,0101,Ira Koretsky,38,13,0,2026-09-14 17:10:13
2026-09-14 17:05:24,CPBE225,0102,Ira Koretsky,38,22,0,2026-09-14 17:10:13
2026-09-14 17:05:24,CPCV100,0101,Julie Randolph,40,1,0,2026-09-14 17:10:14
2026-09-14 17:05:24,CPCV100,0201,Julie Randolph,40,8,0,2026-09-14 17:10:14
2026-09-14 17:05:24,CPCV200,0101,Julie Randolph,35,2,0,2026-09-14 17:10:15
2026-09-14 17:05:24,CPCV200,0201,Julie Randolph,35,16,0,2026-09-14 17:10:15
2026-09-14 17:05:24,CPCV225,0101,Korey Rothman,75,4,0,2026-09-14 17:10:15
2026-09-14 17:05:24,CPDJ100,0101,Jess Feltner,75,2,0,2026-09-14 17:10:16
2026-09-14 17:05:24,CPDJ200,0101,Andrew Fellows,75,37,0,2026-09-14 17:10:17
2026-09-14 17:05:24,CPET100,0101,Tim Knight,75,4,0,2026-09-14 17:10:18
2026-09-14 17:05:24,CPET200,0101,Tim Knight,75,7,0,2026-09-14 17:10:18
2026-09-14 17:05:24,CPGH100,0101,John Wiggins,85,7,0,2026-09-14 17:10:20
2026-09-14 17:05:24,CPGH200,0101,John Wiggins,75,18,0,2026-09-14 17:10:20
2026-09-14 17:05:24,CPJT100,0101,Justine DeCamillis,75,7,0,2026-09-14 17:10:22
2026-09-14 17:05:24,CPJT200,0101,Justine DeCamillis,75,21,0,2026-09-14 17:10:22
2026-09-14 17:05:24,CPMS100,0101,Alison Burns,75,0,0,2026-09-14 17:10:23
2026-09-14 17:05:24,CPMS200,0101,Alison Burns,75,11,0,2026-09-14 17:10:24
2026-09-14 17:05:24,CPMS225,0101,Alison Burns,75,0,0,2026-09-14 17:10:24
2026-09-14 17:05:24,CPMS230,0101,Alison Burns,30,11,0,2026-09-14 17:10:24
2026-09-14 17:05:24,CPMS240,0101,Carole Lee,20,17,0,2026-09-14 17:10:25
2026-09-14 17:05:24,CPPL100,0101,Kelly Brower,78,2,0,2026-09-14 17:10:26
2026-09-14 17:05:24,CPPL200,0101,Susannah Washburn,75,15,0,2026-09-14 17:10:26
2026-09-14 17:05:24,CPSA100,0101,Andrea Cesar,75,13,0,2026-09-14 17:10:28
2026-09-14 17:05:24,CPSA200,0101,Andrea Cesar,75,35,0,2026-09-14 17:10:28
2026-09-14 17:05:24,CPSF100,0101,Nicholas Fletcher,85,1,0,2026-09-14 17:10:30
2026-09-14 17:05:24,CPSF200,0101,Nicholas Fletcher,75,5,0,2026-09-14 17:10:30
2026-09-14 17:05:24,CPSG100,0101,Thomas Holtz,85,11,0,2026-09-14 17:10:31
2026-09-14 17:05:24,CPSG200,0101,Thomas Holtz,75,29,0,2026-09-14 17:10:32
2026-09-14 17:05:24,CPSN100,0101,Hansol Kwak,85,5,0,2026-09-14 17:10:33
2026-09-14 17:05:24,CPSN200,0101,Stacy Kosko,75,42,0,2026-09-14 17:10:33
2026-09-14 17:05:24,CPSN230,0101,Sarah Kilmer,20,18,0,2026-09-14 17:10:34
2026-09-14 17:05:24,CPSN240,0101,Sarah Kilmer,10,7,0,2026-09-14 17:10:34
2026-09-14 17:05:24,CPSN250,0101,Sarah Kilmer,5,5,0,2026-09-14 17:10:34
2026-09-14 17:05:24,CPSP110,0101,Markell Saunders,18,8,0,2026-09-14 17:10:36
2026-09-14 17:05:24,CPSP110,0201,Patrice Greene,18,13,0,2026-09-14 17:10:36
2026-09-14 17:05:24,CPSP220,0101,Tiara Thomas,20,1,0,2026-09-14 17:10:36
2026-09-14 17:05:24,CPSP239A,0101,Heather-Erin Bremenstuhl,10,5,0,2026-09-14 17:10:36
2026-09-14 17:05:24,CPSP269C,0101,Korey Rothman,5,5,0,2026-09-14 17:10:37
2026-09-14 17:05:24,CPSP339P,0101,Susannah Washburn,10,7,0,2026-09-14 17:10:37
2026-09-14 17:05:24,CPSS100,0101,Nicole Mogul,85,6,0,2026-09-14 17:10:38
2026-09-14 17:05:24,CPSS220,0101,Nicole Mogul,20,2,0,2026-09-14 17:10:39
2026-09-14 17:05:24,CPSS225,0101,Roan Parrish,20,14,0,2026-09-14 17:10:39
2026-09-14 17:05:24,CPSS340,0101,David Tomblin,20,5,0,2026-09-14 17:10:39
2026-09-14 17:05:24,CRLN101,0103,Myles Alexander,25,1,0,2026-09-14 17:10:41
2026-09-14 17:05:24,CRLN101,0104,Tami Smith,26,0,0,2026-09-14 17:10:41
2026-09-14 17:05:24,CRLN101,0105,Denis Garcia Reyes,25,0,0,2026-09-14 17:10:41
2026-09-14 17:05:24,CRLN101,0106,Mitch Woolley,25,4,0,2026-09-14 17:10:41
2026-09-14 17:05:24,CRLN101,0107,Esohe Owie,25,0,0,2026-09-14 17:10:41
2026-09-14 17:05:24,DATA100,0111,Matthew Griffin,33,4,0,2026-09-14 17:10:50
2026-09-14 17:05:24,DATA100,0112,Matthew Griffin,35,1,0,2026-09-14 17:10:50
2026-09-14 17:05:24,DATA100,0121,Matthew Griffin,35,2,0,2026-09-14 17:10:50
2026-09-14 17:05:24,DATA100,0122,Matthew Griffin,33,0,0,2026-09-14 17:10:50
2026-09-14 17:05:24,DATA100,0123,Matthew Griffin,33,1,0,2026-09-14 17:10:50
2026-09-14 17:05:24,DATA100,0124,Matthew Griffin,33,0,0,2026-09-14 17:10:50
2026-09-14 17:05:24,DATA100,0131,Matthew Griffin,33,1,0,2026-09-14 17:10:50
2026-09-14 17:05:24,DATA100,0141,Matthew Griffin,35,0,0,2026-09-14 17:10:50
2026-09-14 17:05:24,DATA100,0142,Matthew Griffin,33,0,0,2026-09-14 17:10:50
2026-09-14 17:05:24,DATA100,0211,Matthew Griffin,33,1,0,2026-09-14 17:10:50
2026-09-14 17:05:24,DATA100,0212,Matthew Griffin,35,0,0,2026-09-14 17:10:50
2026-09-14 17:05:24,DATA100,0221,Matthew Griffin,30,1,0,2026-09-14 17:10:50
2026-09-14 17:05:24,DATA100,0223,Matthew Griffin,32,0,0,2026-09-14 17:10:50
2026-09-14 17:05:24,DATA100,0224,Matthew Griffin,30,1,0,2026-09-14 17:10:50
2026-09-14 17:05:24,DATA100,0231,Matthew Griffin,33,3,0,2026-09-14 17:10:50
2026-09-14 17:05:24,DATA100,0311,Archana Khurana,35,6,0,2026-09-14 17:10:50
2026-09-14 17:05:24,DATA100,0312,Archana Khurana,35,1,0,2026-09-14 17:10:50
2026-09-14 17:05:24,DATA100,0321,Archana Khurana,35,0,0,2026-09-14 17:10:50
2026-09-14 17:05:24,DATA100,0322,Archana Khurana,35,1,0,2026-09-14 17:10:50
2026-09-14 17:05:24,DATA100,0323,Archana Khurana,35,1,0,2026-09-14 17:10:50
2026-09-14 17:05:24,DATA100,0341,Archana Khurana,35,5,0,2026-09-14 17:10:50
2026-09-14 17:05:24,DATA110,0101,Susan Mazzullo,250,24,0,2026-09-14 17:10:50
2026-09-14 17:05:24,DATA120,0101,Fardina Alam,200,0,4,2026-09-14 17:10:50
2026-09-14 17:05:24,DATA200,0101,Fardina Alam,90,32,0,2026-09-14 17:10:50
2026-09-14 17:05:24,DATA250,0101,Todd Rowland,43,7,0,2026-09-14 17:10:51
2026-09-14 17:05:24,DATA320,0101,Maksym Morawski,15,10,0,2026-09-14 17:10:51
2026-09-14 17:05:24,DATA320,0201,Maksym Morawski,20,10,0,2026-09-14 17:10:51
2026-09-14 17:05:24,DATA320,0301,Fardina Alam,20,1,0,2026-09-14 17:10:51
2026-09-14 17:05:24,DATA350,0101,Raluca Rosca,30,11,0,2026-09-14 17:10:51
2026-09-14 17:05:24,DATA350,0201,Jonathan Fernandes,34,5,0,2026-09-14 17:10:51
2026-09-14 17:05:24,DATA400,0111,Salman Safdar,27,1,0,2026-09-14 17:10:52
2026-09-14 17:05:24,DATA400,0112,Salman Safdar,30,1,0,2026-09-14 17:10:52
2026-09-14 17:05:24,DATA400,0121,Salman Safdar,27,2,0,2026-09-14 17:10:52
2026-09-14 17:05:24,DATA400,0122,Salman Safdar,27,4,0,2026-09-14 17:10:52
2026-09-14 17:05:24,DATA400,0131,Salman Safdar,27,3,0,2026-09-14 17:10:52
2026-09-14 17:05:24,DATA400,0132,Salman Safdar,27,8,0,2026-09-14 17:10:52
2026-09-14 17:05:24,DATA400,0211,Timothy Pilachowski,30,3,0,2026-09-14 17:10:52
2026-09-14 17:05:24,DATA400,0212,Timothy Pilachowski,30,4,0,2026-09-14 17:10:52
2026-09-14 17:05:24,DATA400,0221,Timothy Pilachowski,30,3,0,2026-09-14 17:10:52
2026-09-14 17:05:24,DATA400,0222,Timothy Pilachowski,30,2,0,2026-09-14 17:10:52
2026-09-14 17:05:24,DATA400,0231,Timothy Pilachowski,30,0,0,2026-09-14 17:10:52
2026-09-14 17:05:24,DATA400,0232,Timothy Pilachowski,30,3,0,2026-09-14 17:10:52
2026-09-14 17:05:24,DATA400,0311,Mestiyage Gunatilleka,32,0,0,2026-09-14 17:10:52
2026-09-14 17:05:24,DATA400,0312,Mestiyage Gunatilleka,30,0,1,2026-09-14 17:10:52
2026-09-14 17:05:24,DATA400,0321,Mestiyage Gunatilleka,32,0,0,2026-09-14 17:10:52
2026-09-14 17:05:24,DATA400,0322,Mestiyage Gunatilleka,30,0,0,2026-09-14 17:10:52
2026-09-14 17:05:24,DATA400,0331,Mestiyage Gunatilleka,32,0,0,2026-09-14 17:10:52
2026-09-14 17:05:24,DATA400,0332,Mestiyage Gunatilleka,30,0,0,2026-09-14 17:10:52
2026-09-14 17:05:24,DATA400,0511,Shixin Zheng,35,0,0,2026-09-14 17:10:52
2026-09-14 17:05:24,DATA400,0521,Shixin Zheng,35,0,0,2026-09-14 17:10:52
2026-09-14 17:05:24,DATA400,0531,Shixin Zheng,35,0,0,2026-09-14 17:10:52
2026-09-14 17:05:24,DATA601,PCS1,Sandra Cerrai,50,6,0,2026-09-14 17:10:52
2026-09-14 17:05:24,DATA601,PCS2,Jonathan Fernandes,60,20,0,2026-09-14 17:10:52
2026-09-14 17:05:24,DATA601,PWS1,Leonid Koralov,60,4,0,2026-09-14 17:10:52
2026-09-14 17:05:24,DATA602,PCS1,Sujeong Kim,44,5,0,2026-09-14 17:10:52
2026-09-14 17:05:24,DATA602,PCS2,Sujeong Kim,44,9,0,2026-09-14 17:10:52
2026-09-14 17:05:24,DATA602,PWS1,Fardina Alam,44,3,0,2026-09-14 17:10:52
2026-09-14 17:05:24,DATA603,PCS1,Babak Azimi-Sadjadi,55,15,0,2026-09-14 17:10:52
2026-09-14 17:05:24,DATA603,PWS1,Kemal Davaslioglu,55,19,0,2026-09-14 17:10:52
2026-09-14 17:05:24,DATA605,PCS1,Tammy Perrin,44,30,0,2026-09-14 17:10:53
2026-09-14 17:05:24,DATA605,PCS2,Tammy Perrin,44,21,0,2026-09-14 17:10:53
2026-09-14 17:05:24,DATA605,PWS1,Giacinto Paolo Saggese,44,35,0,2026-09-14 17:10:53
2026-09-14 17:05:24,DATA607,PCS1,Mestiyage Gunatilleka,44,29,0,2026-09-14 17:10:53
2026-09-14 17:05:24,DATA607,PCS2,Kendall Williams,55,0,0,2026-09-14 17:10:53
2026-09-14 17:05:24,DATA607,PCS3,Vincent Lyzinski,44,3,0,2026-09-14 17:10:53
2026-09-14 17:05:24,DATA612,PCS1,Samet Ayhan,50,23,0,2026-09-14 17:10:53
2026-09-14 17:05:24,DATA612,PWS1,Samet Ayhan,44,14,0,2026-09-14 17:10:53
2026-09-14 17:05:24,DATA641,PCS1,Toki Inan,50,19,0,2026-09-14 17:10:54
2026-09-14 17:05:24,DATA641,PWS1,Armin Mehrabian,50,0,0,2026-09-14 17:10:54
2026-09-14 17:05:24,DATA643,PCS1,Charles Forgy,50,30,0,2026-09-14 17:10:54
2026-09-14 17:05:24,DATA650,PCS1,Emre Gunduzhan,54,8,0,2026-09-14 17:10:54
2026-09-14 17:05:24,DATA650,PCS2,Emre Gunduzhan,54,10,0,2026-09-14 17:10:54
2026-09-14 17:05:24,ENAI600,0101,C Ravishankar,35,21,0,2026-09-14 17:11:23
2026-09-14 17:05:24,ENAI600,AEC1,C Ravishankar,20,5,0,2026-09-14 17:11:23
2026-09-14 17:05:24,ENAI601,0101,Richard La,35,22,0,2026-09-14 17:11:23
2026-09-14 17:05:24,ENAI601,AEC1,Richard La,20,8,0,2026-09-14 17:11:23
2026-09-14 17:05:24,ENAI607,0101,Zoltan Safar,29,24,0,2026-09-14 17:11:24
2026-09-14 17:05:24,ENAI607,AEC1,Zoltan Safar,20,9,0,2026-09-14 17:11:24
2026-09-14 17:05:24,ENBC301,ESG1,Sivan Saravanapavan,20,9,0,2026-09-14 17:11:25
2026-09-14 17:05:24,ENBC311,ESG1,Bahaa Ghammraoui,20,11,0,2026-09-14 17:11:25
2026-09-14 17:05:24,ENBC322,ESG1,Kyunghun Lee,20,11,0,2026-09-14 17:11:26
2026-09-14 17:05:24,ENBC331,ESG1,Lan Ma,20,10,0,2026-09-14 17:11:26
2026-09-14 17:05:24,ENBC332,ESG1,Jamasp Azarnoosh,20,11,0,2026-09-14 17:11:26
2026-09-14 17:05:24,ENBC341,ESG1,Jarred Callura,20,12,0,2026-09-14 17:11:26
2026-09-14 17:05:24,ENBC353,ESG1,Jarred Callura,20,15,0,2026-09-14 17:11:27
2026-09-14 17:05:24,ENBC423,ESG1,Jian Su,20,13,0,2026-09-14 17:11:27
2026-09-14 17:05:24,ENBC425,ESG1,Jamasp Azarnoosh,20,13,0,2026-09-14 17:11:28
2026-09-14 17:05:24,ENBC431,ESG1,Lan Ma,20,13,0,2026-09-14 17:11:28
2026-09-14 17:05:24,ENEB302,ESG1,Wesley Lawson,20,3,0,2026-09-14 17:11:39
2026-09-14 17:05:24,ENEB340,ESG1,Nestor Michael Tiglao,20,3,0,2026-09-14 17:11:40
2026-09-14 17:05:24,ENEB341,ESG1,Nestor Michael Tiglao,20,3,0,2026-09-14 17:11:40
2026-09-14 17:05:24,ENEB344,ESG1,Jerry Wu,20,3,0,2026-09-14 17:11:40
2026-09-14 17:05:24,ENEB346,ESG1,Nestor Michael Tiglao,20,13,0,2026-09-14 17:11:40
2026-09-14 17:05:24,ENEB354,ESG1,Yavuz Oruc,20,2,0,2026-09-14 17:11:41
2026-09-14 17:05:24,ENEB408A,ESG1,Nestor Michael Tiglao,20,13,0,2026-09-14 17:11:41
2026-09-14 17:05:24,ENEB444,ESG1,Manoj Franklin,20,13,0,2026-09-14 17:11:41
2026-09-14 17:05:24,ENEB454,ESG1,Jerry Wu,20,13,0,2026-09-14 17:11:41
2026-09-14 17:05:24,ENED036,0101,Hillary Owusu,20,5,0,2026-09-14 17:11:43
2026-09-14 17:05:24,ENED101,0101,Shannon Bate,20,0,0,2026-09-14 17:11:43
2026-09-14 17:05:24,ENED115,0101,Friedrich Alvarez,100,6,0,2026-09-14 17:11:44
2026-09-14 17:05:24,ENED215,0101,Tyler Huddleston,30,1,0,2026-09-14 17:11:44
2026-09-14 17:05:24,ENED215,0102,Samantha Sabihi,40,25,0,2026-09-14 17:11:44
2026-09-14 17:05:24,ENED215,0103,Paige Smith,6,0,0,2026-09-14 17:11:44
2026-09-14 17:05:24,ENED290H,0101,Christopher Troilo,46,1,0,2026-09-14 17:11:44
2026-09-14 17:05:24,ENED390H,0101,Tony Barber,50,13,0,2026-09-14 17:11:44
2026-09-14 17:05:24,ENED394H,0101,Manmohan Aseri,65,14,0,2026-09-14 17:11:45
2026-09-14 17:05:24,ENED397,0101,Emily Marks,9,0,0,2026-09-14 17:11:45
2026-09-14 17:05:24,ENED490H,0101,Maria Bardossy,45,1,0,2026-09-14 17:11:45
2026-09-14 17:05:24,ENED491,0101,Jessica Roffe,10,1,0,2026-09-14 17:11:46
2026-09-14 17:05:24,ENMT301,ESG1,Colleen Murray,15,8,0,2026-09-14 17:12:42
2026-09-14 17:05:24,ENMT322,ESG1,Norman Wereley,15,9,0,2026-09-14 17:12:43
2026-09-14 17:05:24,ENMT361,ESG1,Young Choi,15,8,0,2026-09-14 17:12:43
2026-09-14 17:05:24,ENMT380,ESG1,Gurtajbir Herr,15,8,0,2026-09-14 17:12:43
2026-09-14 17:05:24,ENMT450,ESG1,Nicholas Limparis,7,4,0,2026-09-14 17:12:43
2026-09-14 17:05:24,ENMT471,ESG1,Colleen Murray,7,4,0,2026-09-14 17:12:44
2026-09-14 17:05:24,ENMT473,ESG1,Gurtajbir Herr,7,3,0,2026-09-14 17:12:44
2026-09-14 17:05:24,ENMT483,ESG1,Nicholas Limparis,7,4,0,2026-09-14 17:12:44
2026-09-14 17:05:24,ENMT499,ESG4,Nicholas Limparis,2,1,0,2026-09-14 17:12:44
2026-09-14 17:05:24,ENSE621,0101,Tony Barber,22,16,0,2026-09-14 17:12:51
2026-09-14 17:05:24,ENSE621,SY01,Tony Barber,15,0,0,2026-09-14 17:12:51
2026-09-14 17:05:24,ENSE623,0101,Steven Biemer,17,14,0,2026-09-14 17:12:51
2026-09-14 17:05:24,ENSE623,SY01,Steven Biemer,15,11,0,2026-09-14 17:12:51
2026-09-14 17:05:24,ENSE626,0101,Dane Cooper,20,16,0,2026-09-14 17:12:52
2026-09-14 17:05:24,ENSE626,SY01,Dane Cooper,15,9,0,2026-09-14 17:12:52
2026-09-14 17:05:24,ENSP101,0101,Annette Spivy,25,0,0,2026-09-14 17:12:54
2026-09-14 17:05:24,ENSP101,0102,Annette Spivy,24,0,0,2026-09-14 17:12:54
2026-09-14 17:05:24,ENSP101,0103,Annette Spivy,24,2,0,2026-09-14 17:12:54
2026-09-14 17:05:24,ENSP101,0104,Annette Spivy,24,0,0,2026-09-14 17:12:54
2026-09-14 17:05:24,ENSP101,0105,Annette Spivy,25,1,0,2026-09-14 17:12:54
2026-09-14 17:05:24,ENSP101,0106,Annette Spivy,24,0,0,2026-09-14 17:12:54
2026-09-14 17:05:24,ENSP101,0107,Annette Spivy,24,0,0,2026-09-14 17:12:54
2026-09-14 17:05:24,ENSP101,FC01,Annette Spivy,32,2,0,2026-09-14 17:12:54
2026-09-14 17:05:24,ENSP305,0101,Annette Spivy,23,0,1,2026-09-14 17:12:54
2026-09-14 17:05:24,ENSP330,0101,Joanna Goger,35,0,0,2026-09-14 17:12:54
2026-09-14 17:05:24,ENSP340,0101,Caroline Boules,25,0,0,2026-09-14 17:12:55
2026-09-14 17:05:24,ENSP360,0101,Leena Malayil,25,0,4,2026-09-14 17:12:55
2026-09-14 17:05:24,ENSP399R,0601,Annette Spivy,10,10,0,2026-09-14 17:12:56
2026-09-14 17:05:24,ENSP399R,1001,Jennifer Mullinax,10,10,0,2026-09-14 17:12:56
2026-09-14 17:05:24,ENSP400,0101,Joanna Goger,35,13,0,2026-09-14 17:12:56
2026-09-14 17:05:24,ENSP400,0102,Joanna Goger,35,11,0,2026-09-14 17:12:56
2026-09-14 17:05:24,ENVH121,FC01,Brienna Anderson,20,12,0,2026-09-14 17:13:10
2026-09-14 17:05:24,ENVH381,0101,Donald Milton,30,10,0,2026-09-14 17:13:11
2026-09-14 17:05:24,FGSM310,0101,Peter Owen,24,1,0,2026-09-14 17:13:15
2026-09-14 17:05:24,FGSM315,0101,Emily Shetty,22,0,0,2026-09-14 17:13:15
2026-09-14 17:05:24,FGSM320,0101,Woodie Kessel,24,2,0,2026-09-14 17:13:16
2026-09-14 17:05:24,FGSM325,0101,Rob Long,20,1,0,2026-09-14 17:13:16
2026-09-14 17:05:24,FGSM330,0101,Andrew Fausett,22,2,0,2026-09-14 17:13:16
2026-09-14 17:05:24,FGSM340,0101,Ed Fendley,22,1,0,2026-09-14 17:13:16
2026-09-14 17:05:24,FGSM350,0101,Sean Misko,22,1,0,2026-09-14 17:13:17
2026-09-14 17:05:24,FGSM355,0101,Amanda Schoch,20,0,0,2026-09-14 17:13:17
2026-09-14 17:05:24,FGSM360,0101,Nadia Farra,21,0,0,2026-09-14 17:13:17
2026-09-14 17:05:24,FGSM365,0101,Andrew Nissen,20,2,0,2026-09-14 17:13:17
2026-09-14 17:05:24,FGSM370,0101,Joshua Glasser,20,0,0,2026-09-14 17:13:18
2026-09-14 17:05:24,FGSM390,0101,Sasha Koo-Oshima,20,3,0,2026-09-14 17:13:18
2026-09-14 17:05:24,FGSM398,0101,Jayakumar Arasan,25,21,0,2026-09-14 17:13:18
2026-09-14 17:05:24,FGSM398,0201,Jayakumar Arasan,5,2,0,2026-09-14 17:13:18
2026-09-14 17:05:24,FIRE120,0101,Jessica O'Hara,36,0,0,2026-09-14 17:13:20
2026-09-14 17:05:24,FIRE120,0102,Shannon Hilton,36,7,0,2026-09-14 17:13:20
2026-09-14 17:05:24,FIRE120,0103,Jaclyn Bruner,36,2,0,2026-09-14 17:13:20
2026-09-14 17:05:24,FIRE120,0104,Danielle Niu,36,0,0,2026-09-14 17:13:20
2026-09-14 17:05:24,FIRE120,0105,Cherisse Hall,36,0,0,2026-09-14 17:13:20
2026-09-14 17:05:24,FIRE120,0106,Sara Strey,36,0,0,2026-09-14 17:13:20
2026-09-14 17:05:24,FIRE120,0107,Helene Nguemgaing,36,1,0,2026-09-14 17:13:20
2026-09-14 17:05:24,FIRE120,0108,Mary Chey,36,0,0,2026-09-14 17:13:20
2026-09-14 17:05:24,FIRE120,0109,Shannon Hilton,36,0,0,2026-09-14 17:13:20
2026-09-14 17:05:24,FIRE120,0110,Lena Johnson,36,0,0,2026-09-14 17:13:20
2026-09-14 17:05:24,FIRE120,0111,Benjamin Huffman,36,0,0,2026-09-14 17:13:20
2026-09-14 17:05:24,FIRE120,0112,Mary Chey,36,1,0,2026-09-14 17:13:20
2026-09-14 17:05:24,FIRE120,0113,Elizabeth Massey,36,8,0,2026-09-14 17:13:20
2026-09-14 17:05:24,FIRE120,0114,Benjamin Huffman,36,0,0,2026-09-14 17:13:20
2026-09-14 17:05:24,FIRE120,FC01,Danielle Niu,40,0,6,2026-09-14 17:13:20
2026-09-14 17:05:24,FIRE298,0101,Catherine Spirito,28,3,0,2026-09-14 17:13:21
2026-09-14 17:05:24,FIRE298,0103,Cherisse Hall,36,7,0,2026-09-14 17:13:21
2026-09-14 17:05:24,FIRE298,0104,Jessica O'Hara,36,4,0,2026-09-14 17:13:21
2026-09-14 17:05:24,FIRE298,0105,Kaylee Bloom,36,7,0,2026-09-14 17:13:21
2026-09-14 17:05:24,FIRE298,0106,Danielle Niu,36,16,0,2026-09-14 17:13:21
2026-09-14 17:05:24,FIRE298,0107,Benjamin Huffman,40,1,0,2026-09-14 17:13:21
2026-09-14 17:05:24,FIRE298,0108,Elizabeth Massey,40,14,0,2026-09-14 17:13:21
2026-09-14 17:05:24,FIRE298,0109,Shannon Hilton,40,6,0,2026-09-14 17:13:21
2026-09-14 17:05:24,FIRE298,0110,Jaclyn Bruner,40,19,0,2026-09-14 17:13:21
2026-09-14 17:05:24,FIRE298,0111,Mary Chey,36,4,0,2026-09-14 17:13:21
2026-09-14 17:05:24,FIRE298,0112,Helene Nguemgaing,40,17,0,2026-09-14 17:13:21
2026-09-14 17:05:24,FIRE298,0113,Kristina Kramarczuk,40,11,0,2026-09-14 17:13:21
2026-09-14 17:05:24,FIRE298,0114,Shabnam Jabeen,40,22,0,2026-09-14 17:13:21
2026-09-14 17:05:24,FIRE298,0115,Sara Strey,40,14,0,2026-09-14 17:13:21
2026-09-14 17:05:24,FIRE298,0116,Lena Johnson,40,5,0,2026-09-14 17:13:21
2026-09-14 17:05:24,FIRE398,0101,Catherine Spirito,15,2,0,2026-09-14 17:13:22
2026-09-14 17:05:24,FIRE398,0103,Cherisse Hall,15,5,0,2026-09-14 17:13:22
2026-09-14 17:05:24,FIRE398,0104,Jessica O'Hara,15,1,0,2026-09-14 17:13:22
2026-09-14 17:05:24,FIRE398,0105,Kaylee Bloom,15,2,0,2026-09-14 17:13:22
2026-09-14 17:05:24,FIRE398,0106,Danielle Niu,15,10,0,2026-09-14 17:13:22
2026-09-14 17:05:24,FIRE398,0107,Benjamin Huffman,15,3,0,2026-09-14 17:13:22
2026-09-14 17:05:24,FIRE398,0108,Elizabeth Massey,15,6,0,2026-09-14 17:13:22
2026-09-14 17:05:24,FIRE398,0109,Shannon Hilton,15,6,0,2026-09-14 17:13:22
2026-09-14 17:05:24,FIRE398,0110,Jaclyn Bruner,15,9,0,2026-09-14 17:13:22
2026-09-14 17:05:24,FIRE398,0111,Mary Chey,15,3,0,2026-09-14 17:13:22
2026-09-14 17:05:24,FIRE398,0112,Helene Nguemgaing,15,15,0,2026-09-14 17:13:22
2026-09-14 17:05:24,FIRE398,0113,Kristina Kramarczuk,15,8,0,2026-09-14 17:13:22
2026-09-14 17:05:24,FIRE398,0114,Shabnam Jabeen,15,15,0,2026-09-14 17:13:22
2026-09-14 17:05:24,FIRE398,0115,Sara Strey,15,14,0,2026-09-14 17:13:22
2026-09-14 17:05:24,FIRE398,0116,Lena Johnson,15,11,0,2026-09-14 17:13:22
2026-09-14 17:05:24,GBHL200,0101,Hassanatu Blake,30,0,1,2026-09-14 17:13:40
2026-09-14 17:05:24,GBHL200,FC01,Zandra Andre,25,3,0,2026-09-14 17:13:40
2026-09-14 17:05:24,GBHL210,0101,Leena Malayil,25,8,0,2026-09-14 17:13:40
2026-09-14 17:05:24,GEMS101,0101,Allison Lansverk,10,1,0,2026-09-14 17:13:42
2026-09-14 17:05:24,GEMS101,0103,Allison Lansverk,10,0,0,2026-09-14 17:13:42
2026-09-14 17:05:24,GEMS101,0104,Allison Lansverk,10,0,0,2026-09-14 17:13:42
2026-09-14 17:05:24,GEMS101,0105,Allison Lansverk,10,0,0,2026-09-14 17:13:42
2026-09-14 17:05:24,GEMS101,0106,Allison Lansverk,10,0,0,2026-09-14 17:13:42
2026-09-14 17:05:24,GEMS101,0107,Allison Lansverk,10,0,0,2026-09-14 17:13:42
2026-09-14 17:05:24,GEMS101,0109,Allison Lansverk,10,0,0,2026-09-14 17:13:42
2026-09-14 17:05:24,GEMS101,0111,Allison Lansverk,10,0,0,2026-09-14 17:13:42
2026-09-14 17:05:24,GEMS101,0113,Allison Lansverk,10,0,0,2026-09-14 17:13:42
2026-09-14 17:05:24,GEMS101,0114,Allison Lansverk,10,0,0,2026-09-14 17:13:42
2026-09-14 17:05:24,GEMS202,0101,Allison Lansverk,168,43,0,2026-09-14 17:13:43
2026-09-14 17:05:24,GEMS208A,0101,Allison Lansverk,14,14,0,2026-09-14 17:13:43
2026-09-14 17:05:24,GEMS208B,0101,Allison Lansverk,14,14,0,2026-09-14 17:13:43
2026-09-14 17:05:24,GEMS208C,0101,Allison Lansverk,23,9,0,2026-09-14 17:13:44
2026-09-14 17:05:24,GEMS208D,0101,Allison Lansverk,10,9,0,2026-09-14 17:13:44
2026-09-14 17:05:24,GEMS208P,0101,Allison Lansverk,20,2,0,2026-09-14 17:13:44
2026-09-14 17:05:24,GEMS296,0101,Sehrish Shikarpurya,14,6,0,2026-09-14 17:13:44
2026-09-14 17:05:24,GEMS296,0102,David Lovell,14,1,0,2026-09-14 17:13:44
2026-09-14 17:05:24,GEMS296,0103,Myles Poulin,14,1,0,2026-09-14 17:13:44
2026-09-14 17:05:24,GEMS296,0104,Raymond Adomaitis,14,3,0,2026-09-14 17:13:44
2026-09-14 17:05:24,GEMS296,0105,Rodolphe Gentili,14,4,0,2026-09-14 17:13:44
2026-09-14 17:05:24,GEMS296,0106,Jared Grauer,14,6,0,2026-09-14 17:13:44
2026-09-14 17:05:24,GEMS296,0107,Fengfeng Ke,14,4,0,2026-09-14 17:13:44
2026-09-14 17:05:24,GEMS296,0108,Eric Silk,14,5,0,2026-09-14 17:13:44
2026-09-14 17:05:24,GEMS296,0109,Huang Chiao Huang,14,0,0,2026-09-14 17:13:44
2026-09-14 17:05:24,GEMS296,0110,Mengqiang Zhu,14,6,0,2026-09-14 17:13:44
2026-09-14 17:05:24,GEMS296,0111,Maria Molina,14,6,0,2026-09-14 17:13:44
2026-09-14 17:05:24,GEMS296,0112,Erin Tran,14,1,0,2026-09-14 17:13:44
2026-09-14 17:05:24,GEMS296,0113,Instructor: TBA,5,5,0,2026-09-14 17:13:44
2026-09-14 17:05:24,GEMS296,0114,Instructor: TBA,14,14,0,2026-09-14 17:13:44
2026-09-14 17:05:24,GEMS296,0115,David Lovell,5,5,0,2026-09-14 17:13:44
2026-09-14 17:05:24,GEMS297,0113,Instructor: TBA,5,5,0,2026-09-14 17:13:45
2026-09-14 17:05:24,GEMS396,0101,Michael Humber,14,7,0,2026-09-14 17:13:45
2026-09-14 17:05:24,GEMS396,0102,Seth Dickey,14,2,0,2026-09-14 17:13:45
2026-09-14 17:05:24,GEMS396,0103,Cecilia Huertas Cerdeira,14,7,0,2026-09-14 17:13:45
2026-09-14 17:05:24,GEMS396,0104,Rodolphe Gentili,14,2,0,2026-09-14 17:13:45
2026-09-14 17:05:24,GEMS396,0105,Allison Reilly,14,5,0,2026-09-14 17:13:45
2026-09-14 17:05:24,GEMS396,0106,Peter Sunderland,14,5,0,2026-09-14 17:13:45
2026-09-14 17:05:24,GEMS396,0107,Brett Lacey,14,8,0,2026-09-14 17:13:45
2026-09-14 17:05:24,GEMS396,0108,Natalia Buzulukova,14,4,0,2026-09-14 17:13:45
2026-09-14 17:05:24,GEMS396,0109,Anil Deane,14,4,0,2026-09-14 17:13:45
2026-09-14 17:05:24,GEMS396,0110,Colenso Speer,14,3,0,2026-09-14 17:13:45
2026-09-14 17:05:24,GEMS396,0111,Instructor: TBA,14,14,0,2026-09-14 17:13:45
2026-09-14 17:05:24,GEMS396,0112,Instructor: TBA,14,14,0,2026-09-14 17:13:45
2026-09-14 17:05:24,GEMS396,0113,David Lovell,5,5,0,2026-09-14 17:13:45
2026-09-14 17:05:24,GEMS396,0114,David Lovell,5,5,0,2026-09-14 17:13:45
2026-09-14 17:05:24,GEMS397,0113,David Lovell,5,4,0,2026-09-14 17:13:45
2026-09-14 17:05:24,GEMS496,0101,Eric Haag,14,8,0,2026-09-14 17:13:46
2026-09-14 17:05:24,GEMS496,0102,Mohammad Nayeem Teli,14,10,0,2026-09-14 17:13:46
2026-09-14 17:05:24,GEMS496,0103,Norberto Gonzalez- Juarbe,14,4,0,2026-09-14 17:13:46
2026-09-14 17:05:24,GEMS496,0104,Abhinav Shrivastava,14,6,0,2026-09-14 17:13:46
2026-09-14 17:05:24,GEMS496,0105,Hector Alcala,14,4,0,2026-09-14 17:13:46
2026-09-14 17:05:24,GEMS496,0106,Massimo Ricotti,14,4,0,2026-09-14 17:13:46
2026-09-14 17:05:24,GEMS496,0107,Reza Ghodssi,14,7,0,2026-09-14 17:13:46
2026-09-14 17:05:24,GEMS496,0108,Nikhil Chopra,14,8,0,2026-09-14 17:13:46
2026-09-14 17:05:24,GEMS496,0109,Kimberly Stroka,14,4,0,2026-09-14 17:13:46
2026-09-14 17:05:24,GEMS496,0110,Gorjan Alagic,14,13,0,2026-09-14 17:13:46
2026-09-14 17:05:24,GEMS496,0111,Alisa Clyne,14,6,0,2026-09-14 17:13:46
2026-09-14 17:05:24,GEMS496,0112,Xin Zan,14,10,0,2026-09-14 17:13:46
2026-09-14 17:05:24,GEMS496,0113,Erin Tran,14,14,0,2026-09-14 17:13:46
2026-09-14 17:05:24,GEMS496,0114,David Lovell,5,5,0,2026-09-14 17:13:46
2026-09-14 17:05:24,GEMS497,0107,Instructor: TBA,14,14,0,2026-09-14 17:13:46
2026-09-14 17:05:24,GEMS497,0110,Instructor: TBA,5,5,0,2026-09-14 17:13:46
2026-09-14 17:05:24,GEMS497,0113,David Lovell,5,5,0,2026-09-14 17:13:46
2026-09-14 17:05:24,GFPL100,0101,Joshua Itzkowitz Shifrinson,20,0,0,2026-09-14 17:14:07
2026-09-14 17:05:24,GFPL100,0102,Joshua Itzkowitz Shifrinson,20,0,0,2026-09-14 17:14:07
2026-09-14 17:05:24,GFPL100,0103,Joshua Itzkowitz Shifrinson,20,0,0,2026-09-14 17:14:07
2026-09-14 17:05:24,GFPL100,0104,Joshua Itzkowitz Shifrinson,20,0,0,2026-09-14 17:14:07
2026-09-14 17:05:24,GFPL100,0105,Joshua Itzkowitz Shifrinson,20,1,0,2026-09-14 17:14:07
2026-09-14 17:05:24,GFPL100,0106,Joshua Itzkowitz Shifrinson,25,2,0,2026-09-14 17:14:07
2026-09-14 17:05:24,GFPL100,FC01,Devin Entrikin,30,0,0,2026-09-14 17:14:07
2026-09-14 17:05:24,GFPL102,0101,Caroline Ritter,95,33,0,2026-09-14 17:14:07
2026-09-14 17:05:24,GFPL371,0101,Joshua Itzkowitz Shifrinson,35,0,0,2026-09-14 17:14:07
2026-09-14 17:05:24,GFPL388A,0101,Shannon Carcelli,5,5,0,2026-09-14 17:14:08
2026-09-14 17:05:24,GFPL388B,0101,Hyunki Kim,5,5,0,2026-09-14 17:14:08
2026-09-14 17:05:24,GFPL388C,0101,Scott Kastner,5,0,0,2026-09-14 17:14:08
2026-09-14 17:05:24,GFPL390,0101,Lena Andrews,20,0,0,2026-09-14 17:14:09
2026-09-14 17:05:24,GFPL490,0101,Michael Woldemariam,15,2,0,2026-09-14 17:14:09
2026-09-14 17:05:24,GFPL492,0101,Steve Fetter,20,1,0,2026-09-14 17:14:09
2026-09-14 17:05:24,GLBC200,0101,Chris Lewis,30,4,0,2026-09-14 17:14:11
2026-09-14 17:05:24,GLBC350,0101,Michele Mason,30,27,0,2026-09-14 17:14:11
2026-09-14 17:05:24,HACS100,0101,Cassie Harrington,40,1,0,2026-09-14 17:14:24
2026-09-14 17:05:24,HACS100,0201,Cassie Harrington,40,15,0,2026-09-14 17:14:24
2026-09-14 17:05:24,HACS200,0101,Michel Cukier,34,10,0,2026-09-14 17:14:24
2026-09-14 17:05:24,HACS200,0201,Michel Cukier,34,1,0,2026-09-14 17:14:24
2026-09-14 17:05:24,HACS202,0101,Bertrand Sobesto,52,19,0,2026-09-14 17:14:25
2026-09-14 17:05:24,HACS208A,0101,Lawrence Gordon,20,0,2,2026-09-14 17:14:25
2026-09-14 17:05:24,HACS208C,0101,Lamia Zia,26,9,0,2026-09-14 17:14:25
2026-09-14 17:05:24,HACS208P,0101,Charles Harry,26,0,0,2026-09-14 17:14:26
2026-09-14 17:05:24,HACS297,0101,Sarah Herberger,25,5,0,2026-09-14 17:14:26
2026-09-14 17:05:24,HACS408E,0101,Luke Mains,30,10,0,2026-09-14 17:14:27
2026-09-14 17:05:24,HACS408L,0101,Ian Serbin,30,2,0,2026-09-14 17:14:27
2026-09-14 17:05:24,HACS408M,0101,John McGahagan,30,0,0,2026-09-14 17:14:27
2026-09-14 17:05:24,HACS498,0101,Thomas Woods,7,1,0,2026-09-14 17:14:28
2026-09-14 17:05:24,HACS498,0201,David Trott,9,0,0,2026-09-14 17:14:28
2026-09-14 17:05:24,HACS498,0301,Michel Cukier,8,0,0,2026-09-14 17:14:28
2026-09-14 17:05:24,HBUS100,0101,Jui Ramaprasad,72,4,0,2026-09-14 17:14:29
2026-09-14 17:05:24,HBUS200,0101,Nicole Coomber,60,1,0,2026-09-14 17:14:30
2026-09-14 17:05:24,HDCC105,0101,Antwon Key,70,7,0,2026-09-14 17:14:31
2026-09-14 17:05:24,HDCC201,0101,Jessica Lu,22,0,0,2026-09-14 17:14:31
2026-09-14 17:05:24,HDCC201,0201,Jessica Lu,22,0,0,2026-09-14 17:14:31
2026-09-14 17:05:24,HDCC201,0301,Jessica Lu,22,3,0,2026-09-14 17:14:31
2026-09-14 17:05:24,HDCC208A,0101,William Evans,14,0,0,2026-09-14 17:14:32
2026-09-14 17:05:24,HDCC208J,0101,Grant Bollmer,14,0,0,2026-09-14 17:14:32
2026-09-14 17:05:24,HDCC208P,0101,Cliff Bakalian,14,1,0,2026-09-14 17:14:32
2026-09-14 17:05:24,HDCC208T,0101,Jonathan Reyes,14,0,0,2026-09-14 17:14:32
2026-09-14 17:05:24,HEBR106,0101,Avital Karpman,15,2,0,2026-09-14 17:15:35
2026-09-14 17:05:24,HEBR106,0201,Avital Karpman,15,5,0,2026-09-14 17:15:35
2026-09-14 17:05:24,HEBR206,0101,Avital Karpman,15,5,0,2026-09-14 17:15:48
2026-09-14 17:05:24,HEBR249C,0101,Aliza Sandalon,15,0,1,2026-09-14 17:15:48
2026-09-14 17:05:24,HEBR298B,0101,Matthew Suriano,25,1,0,2026-09-14 17:15:48
2026-09-14 17:05:24,HEBR313,0101,Aliza Sandalon,20,0,2,2026-09-14 17:15:48
2026-09-14 17:05:24,HGLO100,0101,Alfredo Oliveira,22,8,0,2026-09-14 17:16:12
2026-09-14 17:05:24,HGLO100,0102,Natalie Vinski Ibrahim,22,9,0,2026-09-14 17:16:12
2026-09-14 17:05:24,HGLO100,0103,Natalie Vinski Ibrahim,22,1,0,2026-09-14 17:16:12
2026-09-14 17:05:24,HGLO100,0104,Alfredo Oliveira,22,11,0,2026-09-14 17:16:12
2026-09-14 17:05:24,HGLO101,0101,Sarah Croco,23,3,0,2026-09-14 17:16:12
2026-09-14 17:05:24,HGLO101,0102,Sarah Croco,22,9,0,2026-09-14 17:16:12
2026-09-14 17:05:24,HGLO101,0103,Sarah Croco,22,6,0,2026-09-14 17:16:12
2026-09-14 17:05:24,HGLO101,0104,Sarah Croco,22,13,0,2026-09-14 17:16:12
2026-09-14 17:05:24,HGLO207,0101,Natalie Vinski Ibrahim,25,12,0,2026-09-14 17:16:12
2026-09-14 17:05:24,HGLO208,0101,Alfredo Oliveira,45,25,0,2026-09-14 17:16:13
2026-09-14 17:05:24,HGLO298,0101,Jordan Gouws-Dewar,30,25,0,2026-09-14 17:16:13
2026-09-14 17:05:24,HLSC100,0101,Jalah Townsend,24,3,0,2026-09-14 17:16:45
2026-09-14 17:05:24,HLSC100,0102,Jalah Townsend,24,2,0,2026-09-14 17:16:45
2026-09-14 17:05:24,HLSC100,0103,Jalah Townsend,24,4,0,2026-09-14 17:16:45
2026-09-14 17:05:24,HLSC100,0104,Jalah Townsend,24,7,0,2026-09-14 17:16:45
2026-09-14 17:05:24,HLSC280,0101,Najib El-Sayed,25,3,0,2026-09-14 17:16:45
2026-09-14 17:05:24,HLSC280,0102,Najib El-Sayed,25,4,0,2026-09-14 17:16:45
2026-09-14 17:05:24,HLSC280,0103,Najib El-Sayed,25,4,0,2026-09-14 17:16:45
2026-09-14 17:05:24,HLSC280,0104,Najib El-Sayed,25,9,0,2026-09-14 17:16:45
2026-09-14 17:05:24,HLSC329,0101,Sabrina Kramer,12,4,0,2026-09-14 17:16:45
2026-09-14 17:05:24,HNUH100,0101,Robert Graham,20,3,0,2026-09-14 17:16:59
2026-09-14 17:05:24,HNUH100,0102,Robert Graham,20,0,0,2026-09-14 17:16:59
2026-09-14 17:05:24,HNUH100,0103,Brittany Proudfoot Ginder,20,1,0,2026-09-14 17:16:59
2026-09-14 17:05:24,HNUH100,0104,Max Barnewitz,20,1,0,2026-09-14 17:16:59
2026-09-14 17:05:24,HNUH100,0105,Vasfiye Toprak,20,0,0,2026-09-14 17:16:59
2026-09-14 17:05:24,HNUH100,0106,Vasfiye Toprak,20,2,0,2026-09-14 17:16:59
2026-09-14 17:05:24,HNUH100,0201,Max Barnewitz,20,1,0,2026-09-14 17:16:59
2026-09-14 17:05:24,HNUH100,0202,Max Barnewitz,20,0,0,2026-09-14 17:16:59
2026-09-14 17:05:24,HNUH100,0203,Vasfiye Toprak,20,2,0,2026-09-14 17:16:59
2026-09-14 17:05:24,HNUH100,0204,Vasfiye Toprak,20,0,0,2026-09-14 17:16:59
2026-09-14 17:05:24,HNUH100,0205,Ayondela McDole,20,4,0,2026-09-14 17:16:59
2026-09-14 17:05:24,HNUH100,0206,Ayondela McDole,20,0,0,2026-09-14 17:16:59
2026-09-14 17:05:24,HNUH100,0301,Robert Graham,20,0,0,2026-09-14 17:16:59
2026-09-14 17:05:24,HNUH100,0302,Shauna Rigaud,20,8,0,2026-09-14 17:16:59
2026-09-14 17:05:24,HNUH100,0303,Shauna Rigaud,20,0,0,2026-09-14 17:16:59
2026-09-14 17:05:24,HNUH100,0304,Max Barnewitz,20,3,0,2026-09-14 17:16:59
2026-09-14 17:05:24,HNUH100,0305,Vasfiye Toprak,20,0,0,2026-09-14 17:16:59
2026-09-14 17:05:24,HNUH100,0306,Vasfiye Toprak,20,1,0,2026-09-14 17:16:59
2026-09-14 17:05:24,HNUH100,0401,Gretchen Bella,20,0,0,2026-09-14 17:16:59
2026-09-14 17:05:24,HNUH100,0402,Gretchen Bella,20,6,0,2026-09-14 17:16:59
2026-09-14 17:05:24,HNUH100,0403,Max Barnewitz,20,1,0,2026-09-14 17:16:59
2026-09-14 17:05:24,HNUH100,0404,Ayondela McDole,20,6,0,2026-09-14 17:16:59
2026-09-14 17:05:24,HNUH100,0405,Ayondela McDole,20,0,0,2026-09-14 17:16:59
2026-09-14 17:05:24,HNUH100,0406,Ayondela McDole,20,4,0,2026-09-14 17:16:59
2026-09-14 17:05:24,HNUH100,0501,Leigha McReynolds,10,4,0,2026-09-14 17:16:59
2026-09-14 17:05:24,HNUH100,0601,Brittany Proudfoot Ginder,20,0,0,2026-09-14 17:16:59
2026-09-14 17:05:24,HNUH218D,0101,Brian Gilmore,48,0,2,2026-09-14 17:16:59
2026-09-14 17:05:24,HNUH218L,0101,Shauna Rigaud,20,0,0,2026-09-14 17:16:59
2026-09-14 17:05:24,HNUH218L,0201,Shauna Rigaud,20,0,0,2026-09-14 17:16:59
2026-09-14 17:05:24,HNUH228D,0101,Matthew McLaughlin,60,2,0,2026-09-14 17:17:00
2026-09-14 17:05:24,HNUH228L,0101,Alena Wigodner,20,0,0,2026-09-14 17:17:00
2026-09-14 17:05:24,HNUH228L,0201,Alena Wigodner,20,0,0,2026-09-14 17:17:00
2026-09-14 17:05:24,HNUH228N,0101,Peter Grybauskas,20,0,0,2026-09-14 17:17:00
2026-09-14 17:05:24,HNUH229I,0101,Gretchen Bella,23,3,0,2026-09-14 17:17:01
2026-09-14 17:05:24,HNUH238D,0101,Susan Moeller,60,3,0,2026-09-14 17:17:01
2026-09-14 17:05:24,HNUH238L,0101,Kimberly Johnson,20,2,0,2026-09-14 17:17:01
2026-09-14 17:05:24,HNUH238L,0201,Kimberly Johnson,20,0,0,2026-09-14 17:17:01
2026-09-14 17:05:24,HNUH238N,0101,Hannah Wegmann,20,6,0,2026-09-14 17:17:01
2026-09-14 17:05:24,HNUH239T,0101,Gerald Suarez,20,0,0,2026-09-14 17:17:02
2026-09-14 17:05:24,HNUH248D,0101,Juan Uriagereka,45,3,0,2026-09-14 17:17:02
2026-09-14 17:05:24,HNUH248L,0201,Robert Graham,20,5,0,2026-09-14 17:17:02
2026-09-14 17:05:24,HNUH248M,0101,Hassanatu Blake,20,13,0,2026-09-14 17:17:03
2026-09-14 17:05:24,HNUH248N,0101,Siv Lie,20,0,1,2026-09-14 17:17:03
2026-09-14 17:05:24,HNUH249P,0101,Temim Nusraty,20,2,0,2026-09-14 17:17:03
2026-09-14 17:05:24,HNUH258C,0101,Bill Fagan,55,26,0,2026-09-14 17:17:04
2026-09-14 17:05:24,HNUH258Q,0101,Tiara Thomas,20,1,0,2026-09-14 17:17:04
2026-09-14 17:05:24,HNUH259P,0101,Hooman Koliji,20,2,0,2026-09-14 17:17:04
2026-09-14 17:05:24,HNUH268C,0101,Perla Guerrero,60,35,0,2026-09-14 17:17:04
2026-09-14 17:05:24,HNUH269P,0101,Marisa Franco,20,0,1,2026-09-14 17:17:05
2026-09-14 17:05:24,HNUH278C,0101,Chinyere Osuji,60,37,0,2026-09-14 17:17:05
2026-09-14 17:05:24,HNUH278I,0101,Marisa Franco,20,5,0,2026-09-14 17:17:05
2026-09-14 17:05:24,HNUH278I,0102,Marisa Franco,20,1,0,2026-09-14 17:17:05
2026-09-14 17:05:24,HNUH278R,0101,Max Barnewitz,20,4,0,2026-09-14 17:17:06
2026-09-14 17:05:24,HNUH288C,0101,Julia Steinberg,30,3,0,2026-09-14 17:17:06
2026-09-14 17:05:24,HNUH288C,0103,Julia Steinberg,30,9,0,2026-09-14 17:17:06
2026-09-14 17:05:24,HNUH288O,0101,Ariana Nash,20,1,0,2026-09-14 17:17:06
2026-09-14 17:05:24,HNUH300,0301,Vasfiye Toprak,20,0,0,2026-09-14 17:17:06
2026-09-14 17:05:24,HNUH300,0401,Robert Graham,20,0,0,2026-09-14 17:17:06
2026-09-14 17:05:24,HNUH300,0601,Alena Wigodner,20,0,0,2026-09-14 17:17:06
2026-09-14 17:05:24,HNUH300,0701,Ingrid Satelmajer,20,14,0,2026-09-14 17:17:06
2026-09-14 17:05:24,HNUH300,0801,Shauna Rigaud,20,0,0,2026-09-14 17:17:06
2026-09-14 17:05:24,HNUH300,0901,Kimberly Johnson,20,4,0,2026-09-14 17:17:06
2026-09-14 17:05:24,HNUH300,1001,Ingrid Satelmajer,20,13,0,2026-09-14 17:17:06
2026-09-14 17:05:24,HNUH318T,0101,Peter Owen,24,1,0,2026-09-14 17:17:07
2026-09-14 17:05:24,HNUH319T,0101,Emily Shetty,22,0,0,2026-09-14 17:17:07
2026-09-14 17:05:24,HNUH328T,0101,Woodie Kessel,24,2,0,2026-09-14 17:17:07
2026-09-14 17:05:24,HNUH329T,0101,Rob Long,20,1,0,2026-09-14 17:17:08
2026-09-14 17:05:24,HNUH338T,0101,Andrew Fausett,22,2,0,2026-09-14 17:17:08
2026-09-14 17:05:24,HNUH348T,0101,Ed Fendley,22,1,0,2026-09-14 17:17:08
2026-09-14 17:05:24,HNUH358T,0101,Sean Misko,22,1,0,2026-09-14 17:17:08
2026-09-14 17:05:24,HNUH359T,0101,Amanda Schoch,20,0,0,2026-09-14 17:17:09
2026-09-14 17:05:24,HNUH368T,0101,Nadia Farra,21,0,0,2026-09-14 17:17:09
2026-09-14 17:05:24,HNUH369T,0101,Andrew Nissen,20,2,0,2026-09-14 17:17:09
2026-09-14 17:05:24,HNUH378T,0101,Joshua Glasser,20,0,0,2026-09-14 17:17:10
2026-09-14 17:05:24,HNUH398P,0101,Jayakumar Arasan,25,21,0,2026-09-14 17:17:10
2026-09-14 17:05:24,HNUH398P,0201,Jayakumar Arasan,5,2,0,2026-09-14 17:17:10
2026-09-14 17:05:24,HNUH398T,0101,Sasha Koo-Oshima,20,3,0,2026-09-14 17:17:10
2026-09-14 17:05:24,HONR368A,0101,Blake Wilder,22,1,0,2026-09-14 17:17:12
2026-09-14 17:05:24,IMDM101,0101,Mollye Bendell,30,16,0,2026-09-14 17:17:16
2026-09-14 17:05:24,IMDM101,0201,Myungin Lee,30,17,0,2026-09-14 17:17:16
2026-09-14 17:05:24,IMDM101,0301,Myungin Lee,30,23,0,2026-09-14 17:17:16
2026-09-14 17:05:24,IMDM127,0101,Roger Eastman,36,20,0,2026-09-14 17:17:16
2026-09-14 17:05:24,IMDM150,0101,Stefano Passeri,30,15,0,2026-09-14 17:17:17
2026-09-14 17:05:24,IMDM227,0101,Stevens Miller,30,2,0,2026-09-14 17:17:17
2026-09-14 17:05:24,IMDM227,0201,Stevens Miller,30,17,0,2026-09-14 17:17:17
2026-09-14 17:05:24,IMDM327,0101,Myungin Lee,25,0,0,2026-09-14 17:17:17
2026-09-14 17:05:24,IMDM350,0101,Jason Farman,29,12,0,2026-09-14 17:17:17
2026-09-14 17:05:24,IMDM490,0101,Matthew Nolan,30,0,0,2026-09-14 17:17:18
2026-09-14 17:05:24,IMDM490,0201,Matthew Nolan,30,16,0,2026-09-14 17:17:18
2026-09-14 17:05:24,IMDM498K,0101,Matthew Nolan,15,1,0,2026-09-14 17:17:18
2026-09-14 17:05:24,IMMR319D,0101,Beka Guluma,20,13,0,2026-09-14 17:17:20
2026-09-14 17:05:24,IMMR394,0101,Wenxi Yang,30,1,0,2026-09-14 17:17:20
2026-09-14 17:05:24,IMMR399,0101,Instructor: TBA,2,2,0,2026-09-14 17:17:21
2026-09-14 17:05:24,IMMR400,0101,Gerson Rosales,20,3,0,2026-09-14 17:17:21
2026-09-14 17:05:24,ISRL249J,0101,Aner Tal,30,24,0,2026-09-14 17:17:34
2026-09-14 17:05:24,ISRL249M,0101,Aliza Sandalon,15,0,1,2026-09-14 17:17:35
2026-09-14 17:05:24,ISRL283,0101,Shay Hazkani,35,6,0,2026-09-14 17:17:35
2026-09-14 17:05:24,ISRL349G,0101,Marwa Maziad,30,1,0,2026-09-14 17:17:35
2026-09-14 17:05:24,ISRL349K,0101,Regev Ben-David,30,23,0,2026-09-14 17:17:36
2026-09-14 17:05:24,ISRL349T,0101,Elli Lieberman,35,22,0,2026-09-14 17:17:36
2026-09-14 17:05:24,ISRL349Y,0101,Adina Friedman,35,27,0,2026-09-14 17:17:36
2026-09-14 17:05:24,ISRL382,0101,Ilai Saltzman,35,1,0,2026-09-14 17:17:37
2026-09-14 17:05:24,ISRL448R,0101,Morad Elsana,25,10,0,2026-09-14 17:17:37
2026-09-14 17:05:24,ITAL103,0101,Antonella D'Amario,18,14,0,2026-09-14 17:17:38
2026-09-14 17:05:24,ITAL103,0201,Antonella D'Amario,18,6,0,2026-09-14 17:17:39
2026-09-14 17:05:24,ITAL103,0301,Joseph Falvo,18,6,0,2026-09-14 17:17:39
2026-09-14 17:05:24,ITAL203,0101,Antonella D'Amario,18,9,0,2026-09-14 17:17:39
2026-09-14 17:05:24,ITAL203,0201,Antonella D'Amario,18,13,0,2026-09-14 17:17:39
2026-09-14 17:05:24,ITAL204,0101,Federica Soddu,18,13,0,2026-09-14 17:17:39
2026-09-14 17:05:24,ITAL207,0101,Mirella Vaglio,18,17,0,2026-09-14 17:17:39
2026-09-14 17:05:24,ITAL301,0101,Federica Soddu,20,11,0,2026-09-14 17:17:40
2026-09-14 17:05:24,ITAL362,0101,Federica Soddu,20,12,0,2026-09-14 17:17:40
2026-09-14 17:05:24,ITAL401,0101,Mirella Vaglio,15,12,0,2026-09-14 17:17:41
2026-09-14 17:05:24,ITAL421,0101,Joseph Falvo,25,14,0,2026-09-14 17:17:41
2026-09-14 17:05:24,ITAL478R,0101,Joseph Falvo,5,3,0,2026-09-14 17:17:41
2026-09-14 17:05:24,JAPN101,0101,Kumiko Akikawa,15,4,0,2026-09-14 17:17:43
2026-09-14 17:05:24,JAPN101,0201,Kumiko Akikawa,15,6,0,2026-09-14 17:17:43
2026-09-14 17:05:24,JAPN101,0301,Kumiko Akikawa,15,5,0,2026-09-14 17:17:43
2026-09-14 17:05:24,JAPN201,0101,Makiko Inoue,15,5,0,2026-09-14 17:17:43
2026-09-14 17:05:24,JAPN201,0201,Makiko Inoue,15,8,0,2026-09-14 17:17:43
2026-09-14 17:05:24,JAPN301,0101,Mari Hamada,15,9,0,2026-09-14 17:17:44
2026-09-14 17:05:24,JAPN311,0101,Jyana Browne,15,11,0,2026-09-14 17:17:44
2026-09-14 17:05:24,JAPN315,0101,Michele Mason,20,6,0,2026-09-14 17:17:44
2026-09-14 17:05:24,JAPN320,0101,Lindsay Yotsukura,15,8,0,2026-09-14 17:17:45
2026-09-14 17:05:24,JAPN498B,0101,Jyana Browne,20,3,0,2026-09-14 17:17:45
2026-09-14 17:05:24,KORA101,0101,Saerom Kwak,15,0,1,2026-09-14 17:18:27
2026-09-14 17:05:24,KORA101,0201,Saerom Kwak,15,1,0,2026-09-14 17:18:27
2026-09-14 17:05:24,KORA101,0301,Saerom Kwak,15,5,0,2026-09-14 17:18:27
2026-09-14 17:05:24,KORA101,0401,Saerom Kwak,15,5,0,2026-09-14 17:18:27
2026-09-14 17:05:24,KORA201,0101,Seong Minne Koh,15,4,0,2026-09-14 17:18:27
2026-09-14 17:05:24,KORA201,0201,Seong Minne Koh,15,5,0,2026-09-14 17:18:27
2026-09-14 17:05:24,KORA201,0301,Seong Minne Koh,15,8,0,2026-09-14 17:18:27
2026-09-14 17:05:24,KORA398G,0101,Instructor: TBA,10,7,0,2026-09-14 17:18:27
2026-09-14 17:05:24,KORA398W,0101,Seong Minne Koh,10,3,0,2026-09-14 17:18:28
2026-09-14 17:05:24,LEAD217,0101,Festus Ainoo,25,0,0,2026-09-14 17:18:43
2026-09-14 17:05:24,LEAD217,0201,Adrian Bitton,25,1,0,2026-09-14 17:18:43
2026-09-14 17:05:24,LEAD217,FC01,Festus Ainoo,22,0,1,2026-09-14 17:18:43
2026-09-14 17:05:24,LEAD305,0101,Anastasia Lavrenyuk,20,4,0,2026-09-14 17:18:44
2026-09-14 17:05:24,LEAD315,0101,Anastasia Lavrenyuk,25,11,0,2026-09-14 17:18:44
2026-09-14 17:05:24,LEAD320,0101,Courtney Holder,10,8,0,2026-09-14 17:18:44
2026-09-14 17:05:24,LGBT200,0201,Basanth Babu,25,0,1,2026-09-14 17:18:46
2026-09-14 17:05:24,LGBT265,0101,Tyra Griffin,30,0,0,2026-09-14 17:18:46
2026-09-14 17:05:24,LGBT265,0201,Declan Langton,30,0,0,2026-09-14 17:18:46
2026-09-14 17:05:24,LGBT359J,0101,Chris Eng,25,14,0,2026-09-14 17:18:46
2026-09-14 17:05:24,MLAW100,0101,Christine White,83,15,0,2026-09-14 17:19:23
2026-09-14 17:05:24,MLAW304,0201,Christine White,65,16,0,2026-09-14 17:19:23
2026-09-14 17:05:24,MLAW305,0101,Brian Gilmore,40,2,0,2026-09-14 17:19:24
2026-09-14 17:05:24,MLAW315,0101,Grace Benton,13,3,0,2026-09-14 17:19:24
2026-09-14 17:05:24,MLAW358Q,0101,David Cunningham,0,0,0,2026-09-14 17:19:24
2026-09-14 17:05:24,MLAW358T,0101,Christine White,25,6,0,2026-09-14 17:19:25
2026-09-14 17:05:24,MLAW358X,0101,Martin Kobren,5,0,0,2026-09-14 17:19:25
2026-09-14 17:05:24,MLAW359,0101,Brandee Pettus,10,4,0,2026-09-14 17:19:25
2026-09-14 17:05:24,MLAW378E,0101,Brandee Pettus,5,5,0,2026-09-14 17:19:25
2026-09-14 17:05:24,MLAW378K,0101,Brian Gilmore,20,0,0,2026-09-14 17:19:26
2026-09-14 17:05:24,MLAW378Q,0101,Paul Huth,2,0,0,2026-09-14 17:19:26
2026-09-14 17:05:24,MLAW378R,0101,Nancy Schertzing,13,2,0,2026-09-14 17:19:26
2026-09-14 17:05:24,MLAW388,0101,Brandee Pettus,40,21,0,2026-09-14 17:19:27
2026-09-14 17:05:24,MLSC250,FC01,William Simpson,24,4,0,2026-09-14 17:19:28
2026-09-14 17:05:24,NEUR200,0101,Ana Navarro Cebrian,80,4,0,2026-09-14 17:19:47
2026-09-14 17:05:24,NEUR200,0201,Ana Navarro Cebrian,80,0,2,2026-09-14 17:19:47
2026-09-14 17:05:24,NEUR200,0301,Evan Hart,80,0,1,2026-09-14 17:19:47
2026-09-14 17:05:24,NEUR305,0101,Amanda Chicoli,100,10,0,2026-09-14 17:19:47
2026-09-14 17:05:24,NEUR306,0101,Chan Lin,200,7,0,2026-09-14 17:19:48
2026-09-14 17:05:24,NEUR398H,0101,Nikolas Francis,20,1,0,2026-09-14 17:19:49
2026-09-14 17:05:24,NEUR405,0101,Hilary Bierman,20,0,0,2026-09-14 17:19:49
2026-09-14 17:05:24,NEUR405,0102,Hilary Bierman,20,0,0,2026-09-14 17:19:49
2026-09-14 17:05:24,NEUR405,0103,Hilary Bierman,20,0,0,2026-09-14 17:19:49
2026-09-14 17:05:24,PEER312,0101,Aleia Gardner,15,8,0,2026-09-14 17:20:03
2026-09-14 17:05:24,PEER318,0101,Christina Jay,15,11,0,2026-09-14 17:20:03
2026-09-14 17:05:24,PEER319,0101,Grace Boudreau,15,7,0,2026-09-14 17:20:04
2026-09-14 17:05:24,PHPE308D,0101,Xinzhi Zhao,30,8,0,2026-09-14 17:20:18
2026-09-14 17:05:24,PHPE308F,0101,Regev Ben-David,30,23,0,2026-09-14 17:20:18
2026-09-14 17:05:24,PHPE308O,0101,Jackson Iszler,30,0,0,2026-09-14 17:20:18
2026-09-14 17:05:24,PHPE308T,0101,Hallie Liberto,30,17,0,2026-09-14 17:20:19
2026-09-14 17:05:24,PHPE308Y,0101,Rachel Singpurwalla,20,0,1,2026-09-14 17:20:19
2026-09-14 17:05:24,PHPE308Y,0102,Rachel Singpurwalla,20,0,1,2026-09-14 17:20:19
2026-09-14 17:05:24,PHPE308Y,0103,Rachel Singpurwalla,20,0,2,2026-09-14 17:20:19
2026-09-14 17:05:24,PHPE400,0101,Justin Helms,18,0,0,2026-09-14 17:20:19
2026-09-14 17:05:24,PHPE400,0102,Justin Helms,18,0,0,2026-09-14 17:20:19
2026-09-14 17:05:24,PHPE400,0103,Justin Helms,20,1,0,2026-09-14 17:20:19
2026-09-14 17:05:24,PHPE401,0101,Xinzhi Zhao,25,0,3,2026-09-14 17:20:20
2026-09-14 17:05:24,PHPE402,0101,Dan Moller,30,2,0,2026-09-14 17:20:20
2026-09-14 17:05:24,PHPE408J,0101,Lixing Miao,25,0,0,2026-09-14 17:20:20
2026-09-14 17:05:24,PHPE408R,0101,Xinzhi Zhao,25,9,0,2026-09-14 17:20:21
2026-09-14 17:05:24,PHSC388J,0101,Kendall Bustad,20,6,0,2026-09-14 17:20:22
2026-09-14 17:05:24,PHSC399,0101,Shannon Edward,30,8,0,2026-09-14 17:20:23
2026-09-14 17:05:24,PHSC415,0101,Jessica O'Hara,31,0,0,2026-09-14 17:20:23
2026-09-14 17:05:24,PHSC415,0102,Jessica O'Hara,31,0,0,2026-09-14 17:20:23
2026-09-14 17:05:24,PHSC415,0103,Jessica O'Hara,31,0,0,2026-09-14 17:20:23
2026-09-14 17:05:24,PHSC415,0104,Jessica O'Hara,31,2,0,2026-09-14 17:20:23
2026-09-14 17:05:24,PHSC415,0105,Jessica O'Hara,31,2,0,2026-09-14 17:20:23
2026-09-14 17:05:24,PHSC420,0101,Jennifer German,35,5,0,2026-09-14 17:20:23
2026-09-14 17:05:24,PHSC450,0101,Kendall Bustad,20,1,0,2026-09-14 17:20:24
2026-09-14 17:05:24,PHSC450,0102,Kendall Bustad,20,0,0,2026-09-14 17:20:24
2026-09-14 17:05:24,PHSC450,0103,Kendall Bustad,20,0,0,2026-09-14 17:20:24
2026-09-14 17:05:24,PHSC450,0104,Kendall Bustad,20,0,0,2026-09-14 17:20:24
2026-09-14 17:05:24,PHSC450,0105,Kendall Bustad,20,0,0,2026-09-14 17:20:24
2026-09-14 17:05:24,PHSC450,0106,Kendall Bustad,20,0,0,2026-09-14 17:20:24
2026-09-14 17:05:24,PHSC450,0107,Kendall Bustad,20,0,0,2026-09-14 17:20:24
2026-09-14 17:05:24,PHSC450,0108,Kendall Bustad,20,0,0,2026-09-14 17:20:24
2026-09-14 17:05:24,PHSC497,0101,Kendall Bustad,20,2,0,2026-09-14 17:20:24
2026-09-14 17:05:24,PHSC497,0301,Shannon Edward,20,4,0,2026-09-14 17:20:24
2026-09-14 17:05:24,PHSC497,0601,Jennifer German,20,3,0,2026-09-14 17:20:24
2026-09-14 17:05:24,PLCY100,0101,Toby Egan,25,0,1,2026-09-14 17:20:44
2026-09-14 17:05:24,PLCY100,0102,Toby Egan,25,0,0,2026-09-14 17:20:44
2026-09-14 17:05:24,PLCY100,0103,Toby Egan,25,1,0,2026-09-14 17:20:44
2026-09-14 17:05:24,PLCY100,0104,Toby Egan,25,0,0,2026-09-14 17:20:44
2026-09-14 17:05:24,PLCY100,0201,Namrta Sharma,25,12,0,2026-09-14 17:20:44
2026-09-14 17:05:24,PLCY100,0202,Namrta Sharma,25,15,0,2026-09-14 17:20:44
2026-09-14 17:05:24,PLCY100,0203,Namrta Sharma,25,1,0,2026-09-14 17:20:44
2026-09-14 17:05:24,PLCY100,0204,Namrta Sharma,25,9,0,2026-09-14 17:20:44
2026-09-14 17:05:24,PLCY101,0101,Robert Sprinkle,75,0,0,2026-09-14 17:20:45
2026-09-14 17:05:24,PLCY170,0101,Joshua Itzkowitz Shifrinson,20,0,0,2026-09-14 17:20:45
2026-09-14 17:05:24,PLCY170,0102,Joshua Itzkowitz Shifrinson,20,0,0,2026-09-14 17:20:45
2026-09-14 17:05:24,PLCY170,0103,Joshua Itzkowitz Shifrinson,20,0,0,2026-09-14 17:20:45
2026-09-14 17:05:24,PLCY170,0104,Joshua Itzkowitz Shifrinson,20,0,0,2026-09-14 17:20:45
2026-09-14 17:05:24,PLCY170,0105,Joshua Itzkowitz Shifrinson,20,1,0,2026-09-14 17:20:45
2026-09-14 17:05:24,PLCY170,0106,Joshua Itzkowitz Shifrinson,25,2,0,2026-09-14 17:20:45
2026-09-14 17:05:24,PLCY172,0101,Caroline Ritter,95,33,0,2026-09-14 17:20:45
2026-09-14 17:05:24,PLCY200,0101,Shanna Pearson-Merkowitz,35,0,0,2026-09-14 17:20:46
2026-09-14 17:05:24,PLCY200,0201,Shanna Pearson-Merkowitz,35,1,0,2026-09-14 17:20:46
2026-09-14 17:05:24,PLCY200,0301,Namrta Sharma,35,0,2,2026-09-14 17:20:46
2026-09-14 17:05:24,PLCY201,0101,Julio Guzman,70,0,0,2026-09-14 17:20:46
2026-09-14 17:05:24,PLCY201,0201,Gregory Ramsay,60,0,0,2026-09-14 17:20:46
2026-09-14 17:05:24,PLCY201,FC01,Anne Kaiser,32,0,0,2026-09-14 17:20:46
2026-09-14 17:05:24,PLCY201,FC02,Anne Kaiser,32,6,0,2026-09-14 17:20:46
2026-09-14 17:05:24,PLCY201S,0101,Susannah Washburn,80,4,0,2026-09-14 17:20:46
2026-09-14 17:05:24,PLCY203,0101,Thomas Hilde,60,10,0,2026-09-14 17:20:46
2026-09-14 17:05:24,PLCY203,0201,Anne Kaiser,60,38,0,2026-09-14 17:20:46
2026-09-14 17:05:24,PLCY213,0201,Claire Dunning,40,3,0,2026-09-14 17:20:47
2026-09-14 17:05:24,PLCY214,0101,Patricia Bory,65,20,0,2026-09-14 17:20:47
2026-09-14 17:05:24,PLCY240,0101,Timothy Reedy,30,0,0,2026-09-14 17:20:47
2026-09-14 17:05:24,PLCY288K,0101,CHRISTIAN OSTERMANN,25,1,0,2026-09-14 17:20:48
2026-09-14 17:05:24,PLCY300,0101,Alana Hackshaw,45,0,1,2026-09-14 17:20:48
2026-09-14 17:05:24,PLCY300,0201,Namrta Sharma,45,28,0,2026-09-14 17:20:48
2026-09-14 17:05:24,PLCY301,0101,Caroline Boules,165,3,0,2026-09-14 17:20:48
2026-09-14 17:05:24,PLCY302,0101,Niambi Carter,40,2,0,2026-09-14 17:20:48
2026-09-14 17:05:24,PLCY302,0201,Ebonie Johnson Cooper,40,0,0,2026-09-14 17:20:48
2026-09-14 17:05:24,PLCY302,0301,Lindsay Dieudonne,40,0,1,2026-09-14 17:20:48
2026-09-14 17:05:24,PLCY303,0101,Juan Martinez Guzman,40,3,0,2026-09-14 17:20:49
2026-09-14 17:05:24,PLCY304,0101,Michael Busse,40,11,0,2026-09-14 17:20:49
2026-09-14 17:05:24,PLCY304,0201,Michael Busse,40,12,0,2026-09-14 17:20:49
2026-09-14 17:05:24,PLCY309,0101,Martin Sanders,30,16,0,2026-09-14 17:20:49
2026-09-14 17:05:24,PLCY310,0101,Selvon Waldron,35,16,0,2026-09-14 17:20:49
2026-09-14 17:05:24,PLCY313,0101,Gerard Evans,100,3,0,2026-09-14 17:20:50
2026-09-14 17:05:24,PLCY371,0101,Joshua Itzkowitz Shifrinson,35,0,0,2026-09-14 17:20:50
2026-09-14 17:05:24,PLCY380,0101,Isabel O'Malley,40,8,0,2026-09-14 17:20:50
2026-09-14 17:05:24,PLCY380,ESG1,Kisha McNeill,30,0,1,2026-09-14 17:20:50
2026-09-14 17:05:24,PLCY388A,0101,Brandi Onowu,40,8,0,2026-09-14 17:20:51
2026-09-14 17:05:24,PLCY388N,0101,Nina Harris,25,2,0,2026-09-14 17:20:51
2026-09-14 17:05:24,PLCY390,0101,Lena Andrews,20,0,0,2026-09-14 17:20:51
2026-09-14 17:05:24,PLCY399B,0101,Beatrice DeBelen,30,19,0,2026-09-14 17:20:52
2026-09-14 17:05:24,PLCY400,0101,Patricia Bory,25,1,0,2026-09-14 17:20:52
2026-09-14 17:05:24,PLCY401,0101,Anand Patwardhan,20,5,0,2026-09-14 17:20:53
2026-09-14 17:05:24,PLCY401,0201,Tracy Thompson,20,0,0,2026-09-14 17:20:53
2026-09-14 17:05:24,PLCY401,0301,David Mussington,20,9,0,2026-09-14 17:20:53
2026-09-14 17:05:24,PLCY490,0101,Michael Woldemariam,15,2,0,2026-09-14 17:20:53
2026-09-14 17:05:24,PLCY492,0101,Steve Fetter,20,1,0,2026-09-14 17:20:53
2026-09-14 17:05:24,PLCY610,0201,Alec Worsnop,40,9,0,2026-09-14 17:20:54
2026-09-14 17:05:24,PLCY630,0101,Catherine Worsnop,25,2,0,2026-09-14 17:20:54
2026-09-14 17:05:24,PLCY630,0201,Catherine Worsnop,25,3,0,2026-09-14 17:20:54
2026-09-14 17:05:24,PLCY631,0101,Cullen Merritt,25,0,0,2026-09-14 17:20:54
2026-09-14 17:05:24,PLCY640,0201,Thomas Spreen,30,4,0,2026-09-14 17:20:54
2026-09-14 17:05:24,PLCY641,0101,Tyler Kustra,30,2,0,2026-09-14 17:20:55
2026-09-14 17:05:24,PLCY641,0201,Tyler Kustra,30,11,0,2026-09-14 17:20:55
2026-09-14 17:05:24,PLCY670,0101,Philip Joyce,30,0,0,2026-09-14 17:20:55
2026-09-14 17:05:24,PLCY680,0101,Claire Dunning,25,0,0,2026-09-14 17:20:55
2026-09-14 17:05:24,PLCY680,0201,Michael Woldemariam,25,5,0,2026-09-14 17:20:55
2026-09-14 17:05:24,PLCY688C,0101,Charles Harry,20,10,0,2026-09-14 17:20:56
2026-09-14 17:05:24,PLCY688F,PWL1,Nekeya O'Connor,20,0,0,2026-09-14 17:20:56
2026-09-14 17:05:24,PLCY688P,0101,Steve Fetter,10,1,0,2026-09-14 17:20:56
2026-09-14 17:05:24,PLCY688Z,0101,Brandi Onowu,20,5,0,2026-09-14 17:20:56
2026-09-14 17:05:24,PLCY689E,0101,Susan Parker,20,0,0,2026-09-14 17:20:57
2026-09-14 17:05:24,PLCY690,0110,David Mussington,15,3,0,2026-09-14 17:20:57
2026-09-14 17:05:24,PLCY690,0120,Margaret Brindle,15,2,0,2026-09-14 17:20:57
2026-09-14 17:05:24,PLCY690,0130,Douglas Call,15,0,0,2026-09-14 17:20:57
2026-09-14 17:05:24,PLCY690,0150,Paul Brown,15,0,0,2026-09-14 17:20:57
2026-09-14 17:05:24,PLCY690,0170,James Stillwell,15,0,0,2026-09-14 17:20:57
2026-09-14 17:05:24,PLCY698T,0101,Elizabeth Duke,20,7,0,2026-09-14 17:20:57
2026-09-14 17:05:24,PLCY699L,0101,Michael Woldemariam,10,1,0,2026-09-14 17:20:58
2026-09-14 17:05:24,PLCY720,0101,Nancy Gallagher,20,2,0,2026-09-14 17:20:58
2026-09-14 17:05:24,PLCY734,0101,Niambi Carter,20,0,0,2026-09-14 17:20:58
2026-09-14 17:05:24,PLCY735,0101,Robert Sprinkle,20,7,0,2026-09-14 17:20:58
2026-09-14 17:05:24,PLCY741,0101,Anand Patwardhan,20,7,0,2026-09-14 17:20:59
2026-09-14 17:05:24,PLCY742,0101,Thomas Hilde,20,8,0,2026-09-14 17:20:59
2026-09-14 17:05:24,PLCY780,0101,Robert Orr,20,0,0,2026-09-14 17:20:59
2026-09-14 17:05:24,PLCY781,0101,Julio Guzman,20,2,0,2026-09-14 17:21:00
2026-09-14 17:05:24,PLCY783,0101,Margaret Brindle,20,7,0,2026-09-14 17:21:00
2026-09-14 17:05:24,PLCY798F,PWL1,William Nolte,25,18,0,2026-09-14 17:21:01
2026-09-14 17:05:24,PLCY798V,0101,Shanna Pearson-Merkowitz,12,0,0,2026-09-14 17:21:01
2026-09-14 17:05:24,PLCY798W,0101,Martin Sanders,10,9,0,2026-09-14 17:21:02
2026-09-14 17:05:24,PLCY798Y,PWL1,Jeffrey Franco,25,0,0,2026-09-14 17:21:02
2026-09-14 17:05:24,PLCY798Z,0101,Peter Reuter,12,0,0,2026-09-14 17:21:02
2026-09-14 17:05:24,PLSC112,0101,Samuel Daramola,100,11,0,2026-09-14 17:21:05
2026-09-14 17:05:24,PLSC113,0101,Samuel Daramola,24,3,0,2026-09-14 17:21:05
2026-09-14 17:05:24,PLSC113,0102,Samuel Daramola,24,5,0,2026-09-14 17:21:05
2026-09-14 17:05:24,PLSC113,0103,Samuel Daramola,24,12,0,2026-09-14 17:21:05
2026-09-14 17:05:24,PLSC113,0104,Samuel Daramola,24,9,0,2026-09-14 17:21:05
2026-09-14 17:05:24,PLSC115,0101,Shirley Micallef,24,1,0,2026-09-14 17:21:05
2026-09-14 17:05:24,PLSC201,0101,Pierre Jacob,42,15,0,2026-09-14 17:21:05
2026-09-14 17:05:24,PLSC203,0101,Vijay Tiwari,23,17,0,2026-09-14 17:21:06
2026-09-14 17:05:24,PLSC205,0101,Mark Carroll,22,1,0,2026-09-14 17:21:06
2026-09-14 17:05:24,PLSC206,0101,Pierre Jacob,21,8,0,2026-09-14 17:21:06
2026-09-14 17:05:24,PLSC206,0102,Pierre Jacob,21,7,0,2026-09-14 17:21:06
2026-09-14 17:05:24,PLSC253,0101,Karen Petroff,24,1,0,2026-09-14 17:21:07
2026-09-14 17:05:24,PLSC253,0102,Karen Petroff,24,5,0,2026-09-14 17:21:07
2026-09-14 17:05:24,PLSC389,0101,Craig Beyrouty,17,16,0,2026-09-14 17:21:07
2026-09-14 17:05:24,PLSC402,0101,Geoffrey Rinehart,10,3,0,2026-09-14 17:21:07
2026-09-14 17:05:24,PLSC404,0101,Yiping Qi,20,11,0,2026-09-14 17:21:08
2026-09-14 17:05:24,PLSC420,0101,Nidhi Rawat,18,5,0,2026-09-14 17:21:08
2026-09-14 17:05:24,PLSC420,0102,Nidhi Rawat,18,12,0,2026-09-14 17:21:08
2026-09-14 17:05:24,PLSC433,0101,Diana Cochran,10,2,0,2026-09-14 17:21:08
2026-09-14 17:05:24,PLSC453,0101,Samuel Daramola,24,1,0,2026-09-14 17:21:09
2026-09-14 17:05:24,PLSC471,0101,Juanita Choo,20,0,0,2026-09-14 17:21:09
2026-09-14 17:05:24,PLSC476,0101,Maile Neel,23,19,0,2026-09-14 17:21:09
2026-09-14 17:05:24,PLSC608,0101,Shunyuan Xiao,20,13,0,2026-09-14 17:21:10
2026-09-14 17:05:24,PORT103,0101,Parker Brookie,15,6,0,2026-09-14 17:21:12
2026-09-14 17:05:24,PORT205,0101,Parker Brookie,15,4,0,2026-09-14 17:21:12
2026-09-14 17:05:24,PORT332,0101,Parker Brookie,25,0,0,2026-09-14 17:21:12
2026-09-14 17:05:24,RELS120,0101,Antoine Borrut,40,9,0,2026-09-14 17:21:40
2026-09-14 17:05:24,RELS170,0101,Chiara Graf,21,1,0,2026-09-14 17:21:40
2026-09-14 17:05:24,RELS170,0102,Chiara Graf,21,0,0,2026-09-14 17:21:40
2026-09-14 17:05:24,RELS170,0103,Chiara Graf,21,0,0,2026-09-14 17:21:40
2026-09-14 17:05:24,RELS170,0104,Chiara Graf,21,0,0,2026-09-14 17:21:40
2026-09-14 17:05:24,RELS170,0105,Chiara Graf,21,0,0,2026-09-14 17:21:40
2026-09-14 17:05:24,RELS170,0106,Chiara Graf,21,1,0,2026-09-14 17:21:40
2026-09-14 17:05:24,RELS170,0107,Chiara Graf,21,0,0,2026-09-14 17:21:40
2026-09-14 17:05:24,RELS170,0108,Chiara Graf,21,2,0,2026-09-14 17:21:40
2026-09-14 17:05:24,RELS170,0109,Chiara Graf,22,0,0,2026-09-14 17:21:40
2026-09-14 17:05:24,RELS171,0101,Maxine Grossman,40,5,0,2026-09-14 17:21:41
2026-09-14 17:05:24,RELS219K,0101,Shay Hazkani,40,33,0,2026-09-14 17:21:41
2026-09-14 17:05:24,RELS225,0101,Stephanie Cooper,25,3,0,2026-09-14 17:21:41
2026-09-14 17:05:24,RELS273,0101,Hayim Lapin,23,1,0,2026-09-14 17:21:41
2026-09-14 17:05:24,RELS273,0102,Hayim Lapin,23,2,0,2026-09-14 17:21:41
2026-09-14 17:05:24,RELS273,0103,Hayim Lapin,23,1,0,2026-09-14 17:21:41
2026-09-14 17:05:24,RELS274,0101,Matthew Suriano,20,0,0,2026-09-14 17:21:42
2026-09-14 17:05:24,RELS274,0102,Matthew Suriano,20,0,1,2026-09-14 17:21:42
2026-09-14 17:05:24,RELS274,0103,Matthew Suriano,20,0,0,2026-09-14 17:21:42
2026-09-14 17:05:24,RELS274,0104,Matthew Suriano,20,0,0,2026-09-14 17:21:42
2026-09-14 17:05:24,RELS319D,0101,Nathan Levine,35,26,0,2026-09-14 17:21:42
2026-09-14 17:05:24,RELS319Z,0101,Regev Ben-David,30,26,0,2026-09-14 17:21:42
2026-09-14 17:05:24,RELS341,0101,Janna Bianchini,30,0,0,2026-09-14 17:21:43
2026-09-14 17:05:24,RUSS101,0101,Inna Hardman,15,6,0,2026-09-14 17:21:45
2026-09-14 17:05:24,RUSS101,0201,Inna Hardman,15,6,0,2026-09-14 17:21:45
2026-09-14 17:05:24,RUSS201,0101,Zhanna Gerus-Vernola,15,8,0,2026-09-14 17:21:45
2026-09-14 17:05:24,RUSS301,0101,Izolda Savenkova,15,5,0,2026-09-14 17:21:45
2026-09-14 17:05:24,RUSS321,0101,Elizabeth Papazian,15,5,0,2026-09-14 17:21:46
2026-09-14 17:05:24,RUSS334,0101,Elizabeth Papazian,25,0,0,2026-09-14 17:21:46
2026-09-14 17:05:24,RUSS404,0101,Izolda Savenkova,15,1,0,2026-09-14 17:21:47
2026-09-14 17:05:24,SDSB123,0101,Brian Kim,40,7,0,2026-09-14 17:21:49
2026-09-14 17:05:24,SDSB180,0101,Brian Kim,180,125,0,2026-09-14 17:21:49
2026-09-14 17:05:24,SDSB233,0101,Jacob Coutts,25,1,0,2026-09-14 17:21:49
2026-09-14 17:05:24,SDSB233,0102,Jacob Coutts,25,10,0,2026-09-14 17:21:49
2026-09-14 17:05:24,SDSB233,0103,Jacob Coutts,25,8,0,2026-09-14 17:21:49
2026-09-14 17:05:24,SDSB326,0101,Jacob Coutts,50,31,0,2026-09-14 17:21:49
2026-09-14 17:05:24,SDSB340,0101,Neil Lund,40,0,0,2026-09-14 17:21:50
2026-09-14 17:05:24,SDSI414,0201,Maria Krupenkin,34,15,0,2026-09-14 17:21:56
2026-09-14 17:05:24,SDSI414,0202,Maria Krupenkin,34,1,0,2026-09-14 17:21:56
2026-09-14 17:05:24,SDSI492,0101,TJ Rainsford,50,8,0,2026-09-14 17:21:56
2026-09-14 17:05:24,SDSI492,0103,Mary Ann Francis,40,0,1,2026-09-14 17:21:56
2026-09-14 17:05:24,SDSI492,0104,TJ Rainsford,50,0,0,2026-09-14 17:21:56
2026-09-14 17:05:24,SDSI492,0106,Jesse Klein,50,0,5,2026-09-14 17:21:56
2026-09-14 17:05:24,SDSI492,0107,Connie Siebold,40,0,2,2026-09-14 17:21:56
2026-09-14 17:05:24,SDSI492,0110,Patrick Thornton,50,29,0,2026-09-14 17:21:56
2026-09-14 17:05:24,SLLC108I,0101,Instructor: TBA,5,4,0,2026-09-14 17:21:59
2026-09-14 17:05:24,SLLC108J,0101,Instructor: TBA,5,5,0,2026-09-14 17:22:00
2026-09-14 17:05:24,SLLC108W,0101,Instructor: TBA,5,4,0,2026-09-14 17:22:00
2026-09-14 17:05:24,SLLC118A,0101,Sean Pue,10,4,0,2026-09-14 17:22:00
2026-09-14 17:05:24,SLLC200,0101,Chris Lewis,30,4,0,2026-09-14 17:22:01
2026-09-14 17:05:24,SLLC286,0101,Andrew Schonebaum,60,5,0,2026-09-14 17:22:01
2026-09-14 17:05:24,SLLC309,0101,Ahmed Hanafy,10,10,0,2026-09-14 17:22:01
2026-09-14 17:05:24,SLLC309,0102,Ahmed Hanafy,10,8,0,2026-09-14 17:22:01
2026-09-14 17:05:24,SLLC309,0103,Ahmed Hanafy,10,7,0,2026-09-14 17:22:01
2026-09-14 17:05:24,SLLC309,0104,Ahmed Hanafy,10,5,0,2026-09-14 17:22:01
2026-09-14 17:05:24,SLLC309,0105,Ahmed Hanafy,10,6,0,2026-09-14 17:22:01
2026-09-14 17:05:24,SLLC309,0106,Ahmed Hanafy,10,6,0,2026-09-14 17:22:01
2026-09-14 17:05:24,SLLC309,0107,Ahmed Hanafy,10,8,0,2026-09-14 17:22:01
2026-09-14 17:05:24,SLLC309,0108,Ahmed Hanafy,10,9,0,2026-09-14 17:22:01
2026-09-14 17:05:24,SLLC309,0109,Ahmed Hanafy,10,7,0,2026-09-14 17:22:01
2026-09-14 17:05:24,SLLC309,0110,Ahmed Hanafy,10,3,0,2026-09-14 17:22:01
2026-09-14 17:05:24,SLLC309,0111,Ahmed Hanafy,10,10,0,2026-09-14 17:22:01
2026-09-14 17:05:24,SLLC329,0101,Marilyn Matar,13,0,0,2026-09-14 17:22:02
2026-09-14 17:05:24,SLLC329,0102,Marilyn Matar,10,0,0,2026-09-14 17:22:02
2026-09-14 17:05:24,SLLC329,0103,Marilyn Matar,21,2,0,2026-09-14 17:22:02
2026-09-14 17:05:24,SLLC329,0104,Marilyn Matar,10,4,0,2026-09-14 17:22:02
2026-09-14 17:05:24,SLLC329,0105,Marilyn Matar,10,9,0,2026-09-14 17:22:02
2026-09-14 17:05:24,SLLC329,0106,Marilyn Matar,10,1,0,2026-09-14 17:22:02
2026-09-14 17:05:24,SLLC329,0107,Marilyn Matar,10,7,0,2026-09-14 17:22:02
2026-09-14 17:05:24,SLLC329,0108,Marilyn Matar,10,7,0,2026-09-14 17:22:02
2026-09-14 17:05:24,SLLC329,0109,Marilyn Matar,10,4,0,2026-09-14 17:22:02
2026-09-14 17:05:24,SLLC329,0110,Marilyn Matar,20,3,0,2026-09-14 17:22:02
2026-09-14 17:05:24,SLLC350,0101,Michele Mason,30,27,0,2026-09-14 17:22:02
2026-09-14 17:05:24,SMLP470,0101,Brooke Smith,45,13,0,2026-09-14 17:22:04
2026-09-14 17:05:24,SMLP472,0101,Sara Herald,60,20,0,2026-09-14 17:22:04
2026-09-14 17:05:24,TLTC310,0101,Sarah Kistner,0,0,0,2026-09-14 17:22:47
2026-09-14 17:05:24,TLTC310,0201,Yanira Ortiz,20,11,0,2026-09-14 17:22:47
2026-09-14 17:05:24,TLTC333,0101,Mona Thompson,63,0,0,2026-09-14 17:22:48
2026-09-14 17:05:24,TLTC333,0102,Mona Thompson,63,0,0,2026-09-14 17:22:48
2026-09-14 17:05:24,TLTC333,0105,Mona Thompson,63,0,0,2026-09-14 17:22:48
2026-09-14 17:05:24,UMEI005,0101,Charles Duquette,15,2,0,2026-09-14 17:22:50
2026-09-14 17:05:24,UMEI005,0201,Heather Mehrtens,15,9,0,2026-09-14 17:22:50
2026-09-14 17:05:24,UMEI005,0301,Marilena Draganescu,15,11,0,2026-09-14 17:22:50
2026-09-14 17:05:24,UMEI012,0101,Louise Godley,10,10,0,2026-09-14 17:22:50
2026-09-14 17:05:24,UMEI013,0101,Louise Godley,10,7,0,2026-09-14 17:22:50
2026-09-14 17:05:24,UMEI028A,0101,Raymond Smith,16,14,0,2026-09-14 17:22:50
2026-09-14 17:05:24,UMEI506,0101,Heather Mehrtens,16,0,0,2026-09-14 17:22:51
2026-09-14 17:05:24,UMEI506,0201,Heather Mehrtens,16,6,0,2026-09-14 17:22:51
2026-09-14 17:05:24,UMEI507,0101,Marilena Draganescu,15,4,0,2026-09-14 17:22:51
2026-09-14 17:05:24,USLT201,0101,Robert Chester,25,1,0,2026-09-14 17:22:58
2026-09-14 17:05:24,USLT398C,0101,Angela Pico Pinto,25,18,0,2026-09-14 17:22:58
2026-09-14 17:05:24,USLT450,0101,Robert Chester,20,0,1,2026-09-14 17:22:58
2026-09-14 17:05:24,USLT498C,0101,Ana Rodriguez,20,14,0,2026-09-14 17:22:59
2026-09-14 17:05:24,VIPS099,0115,Veronica Kang,5,3,0,2026-09-14 17:23:00
2026-09-14 17:05:24,VIPS208,0101,Mary Bowden,10,10,0,2026-09-14 17:23:00
2026-09-14 17:05:24,VIPS208,0102,Ken Kiger,10,2,0,2026-09-14 17:23:00
2026-09-14 17:05:24,VIPS208,0103,Bryan Quinn,10,9,0,2026-09-14 17:23:00
2026-09-14 17:05:24,VIPS208,0104,Abdil Chowdhury,10,1,0,2026-09-14 17:23:00
2026-09-14 17:05:24,VIPS208,0105,Molly Carton,10,7,0,2026-09-14 17:23:00
2026-09-14 17:05:24,VIPS208,0106,James Baeder,14,2,0,2026-09-14 17:23:00
2026-09-14 17:05:24,VIPS208,0107,Catherine Spirito,10,6,0,2026-09-14 17:23:00
2026-09-14 17:05:24,VIPS208,0108,Ronald Yaros,10,4,0,2026-09-14 17:23:00
2026-09-14 17:05:24,VIPS208,0109,Carinna Ferguson,10,7,0,2026-09-14 17:23:00
2026-09-14 17:05:24,VIPS208,0110,Tracy Riggins,15,0,0,2026-09-14 17:23:00
2026-09-14 17:05:24,VIPS208,0111,Kevin Calabro,13,2,0,2026-09-14 17:23:00
2026-09-14 17:05:24,VIPS208,0112,Raffaele Viglianti,10,5,0,2026-09-14 17:23:00
2026-09-14 17:05:24,VIPS208,0113,Shabnam Jabeen,10,5,0,2026-09-14 17:23:00
2026-09-14 17:05:24,VIPS208,0114,Ning Zeng,15,7,0,2026-09-14 17:23:00
2026-09-14 17:05:24,VIPS208,0115,Veronica Kang,10,5,0,2026-09-14 17:23:00
2026-09-14 17:05:24,VIPS208,0116,David Stewart,10,1,0,2026-09-14 17:23:00
2026-09-14 17:05:24,VIPS208,0117,Meredith Epstein,10,8,0,2026-09-14 17:23:00
2026-09-14 17:05:24,VIPS208,0118,Magaly Toro Ibaceta,10,3,0,2026-09-14 17:23:00
2026-09-14 17:05:24,VIPS208,0120,Marisa Parham,10,6,0,2026-09-14 17:23:00
2026-09-14 17:05:24,VIPS208,0121,Becky Epanchin-Niell,10,1,0,2026-09-14 17:23:00
2026-09-14 17:05:24,VIPS208,0122,Timothy Reedy,10,2,0,2026-09-14 17:23:00
2026-09-14 17:05:24,VIPS208,0123,Lingnan Lin,13,4,0,2026-09-14 17:23:00
2026-09-14 17:05:24,VIPS208,0124,Jeffrey Moro,10,4,0,2026-09-14 17:23:00
2026-09-14 17:05:24,VIPS208,0125,Peter Sunderland,12,4,0,2026-09-14 17:23:00
2026-09-14 17:05:24,VIPS208,0126,Brienna Anderson,10,4,0,2026-09-14 17:23:00
2026-09-14 17:05:24,VIPS308,0101,Mary Bowden,10,9,0,2026-09-14 17:23:01
2026-09-14 17:05:24,VIPS308,0102,Ken Kiger,10,3,0,2026-09-14 17:23:01
2026-09-14 17:05:24,VIPS308,0103,Bryan Quinn,10,2,0,2026-09-14 17:23:01
2026-09-14 17:05:24,VIPS308,0104,Abdil Chowdhury,10,3,0,2026-09-14 17:23:01
2026-09-14 17:05:24,VIPS308,0105,Molly Carton,10,3,0,2026-09-14 17:23:01
2026-09-14 17:05:24,VIPS308,0106,James Baeder,10,4,0,2026-09-14 17:23:01
2026-09-14 17:05:24,VIPS308,0107,Catherine Spirito,10,8,0,2026-09-14 17:23:01
2026-09-14 17:05:24,VIPS308,0108,Ronald Yaros,10,9,0,2026-09-14 17:23:01
2026-09-14 17:05:24,VIPS308,0109,Carinna Ferguson,10,6,0,2026-09-14 17:23:01
2026-09-14 17:05:24,VIPS308,0110,Tracy Riggins,10,0,0,2026-09-14 17:23:01
2026-09-14 17:05:24,VIPS308,0111,Kevin Calabro,10,6,0,2026-09-14 17:23:01
2026-09-14 17:05:24,VIPS308,0112,Raffaele Viglianti,10,10,0,2026-09-14 17:23:01
2026-09-14 17:05:24,VIPS308,0113,Shabnam Jabeen,10,8,0,2026-09-14 17:23:01
2026-09-14 17:05:24,VIPS308,0114,Ning Zeng,10,9,0,2026-09-14 17:23:01
2026-09-14 17:05:24,VIPS308,0115,Veronica Kang,10,10,0,2026-09-14 17:23:01
2026-09-14 17:05:24,VIPS308,0116,David Stewart,10,10,0,2026-09-14 17:23:01
2026-09-14 17:05:24,VIPS308,0117,Meredith Epstein,10,8,0,2026-09-14 17:23:01
2026-09-14 17:05:24,VIPS308,0118,Magaly Toro Ibaceta,10,10,0,2026-09-14 17:23:01
2026-09-14 17:05:24,VIPS308,0120,Marisa Parham,10,9,0,2026-09-14 17:23:01
2026-09-14 17:05:24,VIPS308,0121,Becky Epanchin-Niell,10,10,0,2026-09-14 17:23:01
2026-09-14 17:05:24,VIPS308,0122,Timothy Reedy,10,10,0,2026-09-14 17:23:01
2026-09-14 17:05:24,VIPS308,0123,Lingnan Lin,10,10,0,2026-09-14 17:23:01
2026-09-14 17:05:24,VIPS308,0124,Jeffrey Moro,10,10,0,2026-09-14 17:23:01
2026-09-14 17:05:24,VIPS308,0125,Peter Sunderland,10,10,0,2026-09-14 17:23:01
2026-09-14 17:05:24,VIPS308,0126,Brienna Anderson,10,10,0,2026-09-14 17:23:01
2026-09-14 17:05:24,VIPS408,0101,Mary Bowden,10,4,0,2026-09-14 17:23:01
2026-09-14 17:05:24,VIPS408,0102,Ken Kiger,10,8,0,2026-09-14 17:23:01
2026-09-14 17:05:24,VIPS408,0103,Bryan Quinn,10,3,0,2026-09-14 17:23:01
2026-09-14 17:05:24,VIPS408,0104,Abdil Chowdhury,10,8,0,2026-09-14 17:23:01
2026-09-14 17:05:24,VIPS408,0105,Molly Carton,10,8,0,2026-09-14 17:23:01
2026-09-14 17:05:24,VIPS408,0106,James Baeder,10,7,0,2026-09-14 17:23:01
2026-09-14 17:05:24,VIPS408,0107,Catherine Spirito,10,10,0,2026-09-14 17:23:01
2026-09-14 17:05:24,VIPS408,0108,Ronald Yaros,10,8,0,2026-09-14 17:23:01
2026-09-14 17:05:24,VIPS408,0109,Carinna Ferguson,10,8,0,2026-09-14 17:23:01
2026-09-14 17:05:24,VIPS408,0110,Tracy Riggins,10,10,0,2026-09-14 17:23:01
2026-09-14 17:05:24,VIPS408,0111,Kevin Calabro,10,7,0,2026-09-14 17:23:01
2026-09-14 17:05:24,VIPS408,0112,Raffaele Viglianti,10,9,0,2026-09-14 17:23:01
2026-09-14 17:05:24,VIPS408,0113,Shabnam Jabeen,10,10,0,2026-09-14 17:23:01
2026-09-14 17:05:24,VIPS408,0114,Ning Zeng,10,10,0,2026-09-14 17:23:01
2026-09-14 17:05:24,VIPS408,0115,Veronica Kang,10,10,0,2026-09-14 17:23:01
2026-09-14 17:05:24,VIPS408,0116,David Stewart,10,10,0,2026-09-14 17:23:01
2026-09-14 17:05:24,VIPS408,0117,Meredith Epstein,10,10,0,2026-09-14 17:23:01
2026-09-14 17:05:24,VIPS408,0118,Magaly Toro Ibaceta,10,9,0,2026-09-14 17:23:01
2026-09-14 17:05:24,VIPS408,0120,Marisa Parham,10,10,0,2026-09-14 17:23:01
2026-09-14 17:05:24,VIPS408,0121,Becky Epanchin-Niell,10,10,0,2026-09-14 17:23:01
2026-09-14 17:05:24,VIPS408,0122,Timothy Reedy,10,10,0,2026-09-14 17:23:01
2026-09-14 17:05:24,VIPS408,0123,Lingnan Lin,10,10,0,2026-09-14 17:23:01
2026-09-14 17:05:24,VIPS408,0124,Jeffrey Moro,10,10,0,2026-09-14 17:23:01
2026-09-14 17:05:24,VIPS408,0125,Peter Sunderland,10,10,0,2026-09-14 17:23:01
2026-09-14 17:05:24,VIPS408,0126,Brienna Anderson,10,10,0,2026-09-14 17:23:01
2026-09-14 17:05:24,WEID139B,0101,Denise Joseph,48,7,0,2026-09-14 17:23:04
2026-09-14 17:05:24,WEID139L,0201,Taylor Togafau-Lewis,48,17,0,2026-09-14 17:23:05
2026-09-14 21:05:32,AAAS100,0101,Shane Walsh,35,0,0,2026-09-14 21:05:34
2026-09-14 21:05:32,AAAS100,0201,Shane Walsh,35,0,0,2026-09-14 21:05:34
2026-09-14 21:05:32,AAAS100,0301,George Kintiba,70,36,0,2026-09-14 21:05:34
2026-09-14 21:05:32,AAAS100,0401,Jason Nichols,30,0,0,2026-09-14 21:05:34
2026-09-14 21:05:32,AAAS100,0501,Jason Nichols,35,0,0,2026-09-14 21:05:34
2026-09-14 21:05:32,AAAS101,0101,Chinyere Osuji,40,0,0,2026-09-14 21:05:34
2026-09-14 21:05:32,AAAS187,0101,Robert Choflet,30,0,0,2026-09-14 21:05:34
2026-09-14 21:05:32,AAAS187,0201,Joseph Richardson,30,0,0,2026-09-14 21:05:34
2026-09-14 21:05:32,AAAS200,0101,George Kintiba,40,5,0,2026-09-14 21:05:35
2026-09-14 21:05:32,AAAS202,0101,Robert Choflet,35,6,0,2026-09-14 21:05:35
2026-09-14 21:05:32,AAAS202,0201,Robert Choflet,35,5,0,2026-09-14 21:05:35
2026-09-14 21:05:32,AAAS202,0301,Angelica Dunbar,35,3,0,2026-09-14 21:05:35
2026-09-14 21:05:32,AAAS202,0401,Ashley Everson,35,0,0,2026-09-14 21:05:35
2026-09-14 21:05:32,AAAS202,0501,Ashley Everson,20,1,0,2026-09-14 21:05:35
2026-09-14 21:05:32,AAAS210,0101,Angelica Dunbar,20,16,0,2026-09-14 21:05:36
2026-09-14 21:05:32,AAAS211,0101,Shane Walsh,30,0,0,2026-09-14 21:05:36
2026-09-14 21:05:32,AAAS230,0101,Ashley Newby,30,0,0,2026-09-14 21:05:36
2026-09-14 21:05:32,AAAS230,0201,Ashley Newby,30,0,0,2026-09-14 21:05:36
2026-09-14 21:05:32,AAAS234,0201,Mike Kolakoski,30,2,0,2026-09-14 21:05:37
2026-09-14 21:05:32,AAAS254,0101,Christopher Bonner,40,2,0,2026-09-14 21:05:37
2026-09-14 21:05:32,AAAS271,0101,Sydney Lewis,30,0,0,2026-09-14 21:05:37
2026-09-14 21:05:32,AAAS310,0101,George Kintiba,25,22,0,2026-09-14 21:05:38
2026-09-14 21:05:32,AAAS320,0101,Cecily Jackson,25,0,0,2026-09-14 21:05:38
2026-09-14 21:05:32,AAAS320,0201,Cecily Jackson,25,0,0,2026-09-14 21:05:38
2026-09-14 21:05:32,AAAS325,0101,Traci Dula,20,4,0,2026-09-14 21:05:38
2026-09-14 21:05:32,AAAS350,0101,John Drabinski,20,0,0,2026-09-14 21:05:39
2026-09-14 21:05:32,AAAS361,0101,Michelle Rowley,35,26,0,2026-09-14 21:05:39
2026-09-14 21:05:32,AAAS386,0101,Marshal Washington,10,10,0,2026-09-14 21:05:39
2026-09-14 21:05:32,AAAS397,0101,John Drabinski,2,2,0,2026-09-14 21:05:40
2026-09-14 21:05:32,AAAS397,0201,Angelica Dunbar,2,2,0,2026-09-14 21:05:40
2026-09-14 21:05:32,AAAS397,0301,Sharon Harley,2,2,0,2026-09-14 21:05:40
2026-09-14 21:05:32,AAAS397,0401,Cecily Jackson,2,2,0,2026-09-14 21:05:40
2026-09-14 21:05:32,AAAS397,0501,Sangeetha Madhavan,2,2,0,2026-09-14 21:05:40
2026-09-14 21:05:32,AAAS397,0601,Ashley Newby,1,1,0,2026-09-14 21:05:40
2026-09-14 21:05:32,AAAS397,0701,Chinyere Osuji,2,2,0,2026-09-14 21:05:40
2026-09-14 21:05:32,AAAS397,0801,Periloux Peay,2,2,0,2026-09-14 21:05:40
2026-09-14 21:05:32,AAAS397,0901,Joseph Richardson,2,2,0,2026-09-14 21:05:40
2026-09-14 21:05:32,AAAS398B,0101,Beka Guluma,20,13,0,2026-09-14 21:05:40
2026-09-14 21:05:32,AAAS398W,0101,Jason Nichols,25,11,0,2026-09-14 21:05:40
2026-09-14 21:05:32,AAAS400,0101,Periloux Peay,25,22,0,2026-09-14 21:05:41
2026-09-14 21:05:32,AAAS415,0101,Periloux Peay,30,0,0,2026-09-14 21:05:41
2026-09-14 21:05:32,AAAS499N,0101,Anne Rosen,25,0,0,2026-09-14 21:05:41
2026-09-14 21:05:32,AAST200,0101,Jennifer Cho,30,0,0,2026-09-14 21:05:44
2026-09-14 21:05:32,AAST200,0102,Binod Paudyal,30,1,0,2026-09-14 21:05:44
2026-09-14 21:05:32,AAST322,0101,Julie Park,30,2,0,2026-09-14 21:05:44
2026-09-14 21:05:32,AAST351,0101,Binod Paudyal,35,0,0,2026-09-14 21:05:45
2026-09-14 21:05:32,AAST355,0101,Jennifer Cho,35,0,1,2026-09-14 21:05:45
2026-09-14 21:05:32,AAST378,0101,Janelle Wong,2,2,0,2026-09-14 21:05:45
2026-09-14 21:05:32,AAST394,0101,Wenxi Yang,30,1,0,2026-09-14 21:05:46
2026-09-14 21:05:32,AAST398I,0101,Michelle Magalong,24,0,0,2026-09-14 21:05:46
2026-09-14 21:05:32,AAST398W,0101,Chris Eng,25,14,0,2026-09-14 21:05:46
2026-09-14 21:05:32,AAST421,0101,Tuyet Duong,20,3,0,2026-09-14 21:05:47
2026-09-14 21:05:32,AAST422,0101,Jennifer Cho,25,7,0,2026-09-14 21:05:47
2026-09-14 21:05:32,AAST424,0101,Dawn Dow,29,10,0,2026-09-14 21:05:47
2026-09-14 21:05:32,AAST440,0101,Binod Paudyal,25,1,0,2026-09-14 21:05:47
2026-09-14 21:05:32,AAST443,0101,Janelle Wong,30,0,0,2026-09-14 21:05:48
2026-09-14 21:05:32,ABRM330,0101,Rashawn Ray,40,0,0,2026-09-14 21:05:49
2026-09-14 21:05:32,ARAB101,0101,Samah Al-salami,15,0,0,2026-09-14 21:06:27
2026-09-14 21:05:32,ARAB101,0201,Ahmed Hanafy,15,5,0,2026-09-14 21:06:27
2026-09-14 21:05:32,ARAB102,0101,Samah Al-salami,15,3,0,2026-09-14 21:06:27
2026-09-14 21:05:32,ARAB102,0201,Lutf Alkebsi,15,11,0,2026-09-14 21:06:27
2026-09-14 21:05:32,ARAB201,0101,Lutf Alkebsi,15,0,0,2026-09-14 21:06:28
2026-09-14 21:05:32,ARAB201,0201,Lutf Alkebsi,15,11,0,2026-09-14 21:06:28
2026-09-14 21:05:32,ARAB208L,0101,Samah Al-salami,15,3,0,2026-09-14 21:06:28
2026-09-14 21:05:32,ARAB225,0101,Ahmed Hanafy,15,3,0,2026-09-14 21:06:28
2026-09-14 21:05:32,ARAB301,0101,Ahmed Hanafy,15,7,0,2026-09-14 21:06:29
2026-09-14 21:05:32,ARAB321,0101,Ahmed Hanafy,15,8,0,2026-09-14 21:06:29
2026-09-14 21:05:32,ARAB322,0101,Samah Al-salami,15,9,0,2026-09-14 21:06:29
2026-09-14 21:05:32,ARAB398A,0101,Lutf Alkebsi,15,7,0,2026-09-14 21:06:30
2026-09-14 21:05:32,ARAB499E,0101,Brendan Kibbee,20,3,0,2026-09-14 21:06:30
2026-09-14 21:05:32,ARMY106,0101,Thomas Battinieri,31,25,0,2026-09-14 21:06:59
2026-09-14 21:05:32,ARMY106,0102,Thomas Battinieri,40,30,0,2026-09-14 21:06:59
2026-09-14 21:05:32,ARMY106,FC01,Andrew Bischoff,15,12,0,2026-09-14 21:06:59
2026-09-14 21:05:32,ARMY106,FC02,Thomas Battinieri,9,7,0,2026-09-14 21:06:59
2026-09-14 21:05:32,ARMY110,0101,Andrew Bischoff,15,15,0,2026-09-14 21:06:59
2026-09-14 21:05:32,ARMY201,0102,Thomas Battinieri,35,14,0,2026-09-14 21:07:00
2026-09-14 21:05:32,ARMY301,0101,Joshua Guiod,40,20,0,2026-09-14 21:07:00
2026-09-14 21:05:32,ARMY401,0102,Andrew Bischoff,50,12,0,2026-09-14 21:07:00
2026-09-14 21:05:32,ARSC059,0101,Kathleen West,220,53,0,2026-09-14 21:07:02
2026-09-14 21:05:32,ARSC059,FC01,Jens Lyndrup,10,5,0,2026-09-14 21:07:02
2026-09-14 21:05:32,ARSC100,0101,Jens Lyndrup,50,34,0,2026-09-14 21:07:03
2026-09-14 21:05:32,ARSC100,0102,Jens Lyndrup,75,15,0,2026-09-14 21:07:03
2026-09-14 21:05:32,ARSC100,0103,Jens Lyndrup,40,31,0,2026-09-14 21:07:03
2026-09-14 21:05:32,ARSC100,FC01,Jens Lyndrup,5,3,0,2026-09-14 21:07:03
2026-09-14 21:05:32,ARSC100,FC02,Jens Lyndrup,10,7,0,2026-09-14 21:07:03
2026-09-14 21:05:32,ARSC200,0101,Alan Snyder,50,14,0,2026-09-14 21:07:03
2026-09-14 21:05:32,ARSC200,0102,Alan Snyder,35,21,0,2026-09-14 21:07:03
2026-09-14 21:05:32,ARSC200,0103,Alan Snyder,40,32,0,2026-09-14 21:07:03
2026-09-14 21:05:32,ARSC300,0101,Kathleen West,30,5,0,2026-09-14 21:07:03
2026-09-14 21:05:32,ARSC300,0102,Kathleen West,20,13,0,2026-09-14 21:07:03
2026-09-14 21:05:32,ARSC400,0101,Walter Mitchell,30,11,0,2026-09-14 21:07:03
2026-09-14 21:05:32,ARSC400,0102,Walter Mitchell,20,18,0,2026-09-14 21:07:03
2026-09-14 21:05:32,ARSC400,0201,Walter Mitchell,10,10,0,2026-09-14 21:07:03
2026-09-14 21:05:32,BMIN210,0101,Darlene Dennison,180,0,0,2026-09-14 21:08:04
2026-09-14 21:05:32,BMIN210,0201,Darlene Dennison,180,94,0,2026-09-14 21:08:04
2026-09-14 21:05:32,BMIN305,0101,Tejwansh Anand,180,9,0,2026-09-14 21:08:05
2026-09-14 21:05:32,BMIN345,0101,Michael Padhi,275,33,0,2026-09-14 21:08:05
2026-09-14 21:05:32,BMIN355,0101,Idil Yaveroglu,180,0,0,2026-09-14 21:08:05
2026-09-14 21:05:32,BMIN355,0201,Idil Yaveroglu,180,24,0,2026-09-14 21:08:05
2026-09-14 21:05:32,BMIN375,0101,Leland Gardner,185,3,0,2026-09-14 21:08:05
2026-09-14 21:05:32,BMIN395,0101,Nima Farshchi,200,0,0,2026-09-14 21:08:06
2026-09-14 21:05:32,BMIN395,0201,Nima Farshchi,200,104,0,2026-09-14 21:08:06
2026-09-14 21:05:32,BOIS602,WI01,Woei-jyh Lee,40,6,0,2026-09-14 21:08:09
2026-09-14 21:05:32,BOIS604,WI01,Manmohan Aseri,40,5,0,2026-09-14 21:08:09
2026-09-14 21:05:32,BOIS631,WI01,Sujin Kim,40,8,0,2026-09-14 21:08:09
2026-09-14 21:05:32,BSOS355,0101,Liza Lebrun,30,30,0,2026-09-14 21:08:19
2026-09-14 21:05:32,BSOS361,0101,TC Lloyd,30,2,0,2026-09-14 21:08:19
2026-09-14 21:05:32,BSOS361,0103,Keia Brown,30,2,0,2026-09-14 21:08:19
2026-09-14 21:05:32,BSOS361,0104,David Tana,30,2,0,2026-09-14 21:08:19
2026-09-14 21:05:32,BSOS361,0105,TC Lloyd,30,2,0,2026-09-14 21:08:19
2026-09-14 21:05:32,BSOS388C,0101,Nikita Kimani,20,0,0,2026-09-14 21:08:19
2026-09-14 21:05:32,BSOS388C,0201,Nikita Kimani,20,0,0,2026-09-14 21:08:19
2026-09-14 21:05:32,BSOS388E,0101,Liza Lebrun,30,30,0,2026-09-14 21:08:20
2026-09-14 21:05:32,BUSO600,SO11,Neta Moye,42,5,0,2026-09-14 21:08:38
2026-09-14 21:05:32,BUSO600,SO12,Neta Moye,42,9,0,2026-09-14 21:08:38
2026-09-14 21:05:32,BUSO603,SO11,Ilya Ryzhov,42,5,0,2026-09-14 21:08:38
2026-09-14 21:05:32,BUSO603,SO12,Ilya Ryzhov,42,4,0,2026-09-14 21:08:38
2026-09-14 21:05:32,BUSO604,SO11,Bennet Zelner,42,6,0,2026-09-14 21:08:38
2026-09-14 21:05:32,BUSO604,SO12,Bennet Zelner,42,6,0,2026-09-14 21:08:38
2026-09-14 21:05:32,BUSO612,SO11,Henry Boyd,42,3,0,2026-09-14 21:08:39
2026-09-14 21:05:32,BUSO612,SO12,Henry Boyd,42,5,0,2026-09-14 21:08:39
2026-09-14 21:05:32,BUSO616,SO31,Brent Solomon,38,2,0,2026-09-14 21:08:39
2026-09-14 21:05:32,BUSO616,SO32,Brent Solomon,38,0,0,2026-09-14 21:08:39
2026-09-14 21:05:32,BUSO624,SO31,Yi Xu,38,1,0,2026-09-14 21:08:39
2026-09-14 21:05:32,BUSO624,SO32,Yi Xu,38,0,0,2026-09-14 21:08:39
2026-09-14 21:05:32,BUSO700,SO91,Paulo Prochno,0,0,0,2026-09-14 21:08:39
2026-09-14 21:05:32,BUSO711,SO31,Gosia Langa Basit,28,0,1,2026-09-14 21:08:40
2026-09-14 21:05:32,BUSO711,SO32,Gosia Langa Basit,28,2,0,2026-09-14 21:08:40
2026-09-14 21:05:32,BUSO711,SO33,Gosia Langa Basit,28,0,0,2026-09-14 21:08:40
2026-09-14 21:05:32,BUSO731,SO51,Tejwansh Anand,49,0,1,2026-09-14 21:08:40
2026-09-14 21:05:32,BUSO752,SO51,Leland Gardner,35,12,0,2026-09-14 21:08:40
2026-09-14 21:05:32,BUSO758G,SO51,James Seward,35,10,0,2026-09-14 21:08:40
2026-09-14 21:05:32,BUSO758M,SO51,Paulo Prochno,49,2,0,2026-09-14 21:08:41
2026-09-14 21:05:32,BUSO758M,SO52,Paulo Prochno,49,3,0,2026-09-14 21:08:41
2026-09-14 21:05:32,BUSO758T,SO51,Michael Cichello,35,18,0,2026-09-14 21:08:41
2026-09-14 21:05:32,BUSO758W,SO51,Yogesh Joshi,33,2,0,2026-09-14 21:08:41
2026-09-14 21:05:32,BUSO758W,SO52,Yogesh Joshi,33,2,0,2026-09-14 21:08:41
2026-09-14 21:05:32,BUSO758X,SO51,Pallassana Kannan,49,3,0,2026-09-14 21:08:42
2026-09-14 21:05:32,BUSO788F,GX01,Judy Frels,25,6,0,2026-09-14 21:08:42
2026-09-14 21:05:32,BUSO788W,GX01,Zhi-Long Chen,30,5,0,2026-09-14 21:08:42
2026-09-14 21:05:32,CHSE200,0101,Betsy Tornquist,10,1,0,2026-09-14 21:09:06
2026-09-14 21:05:32,CHSE205,0101,Yewon Lee,60,0,0,2026-09-14 21:09:07
2026-09-14 21:05:32,CHSE205,0201,Yewon Lee,60,0,1,2026-09-14 21:09:07
2026-09-14 21:05:32,CHSE228C,0101,Nikita Kimani,20,0,0,2026-09-14 21:09:07
2026-09-14 21:05:32,CHSE228C,0201,Nikita Kimani,20,0,0,2026-09-14 21:09:07
2026-09-14 21:05:32,CHSE228C,0301,Nikita Kimani,20,1,0,2026-09-14 21:09:07
2026-09-14 21:05:32,CHSE230,0101,Isabelle Grable,25,16,0,2026-09-14 21:09:07
2026-09-14 21:05:32,CHSE376,0101,Michael Dunham,22,0,3,2026-09-14 21:09:07
2026-09-14 21:05:32,CHSE376,0201,Colleen McGilpin,20,0,5,2026-09-14 21:09:07
2026-09-14 21:05:32,CHSE376,0301,Elizabeth Martinez,20,0,0,2026-09-14 21:09:07
2026-09-14 21:05:32,CHSE376,0401,Chanai Brewster,20,1,0,2026-09-14 21:09:07
2026-09-14 21:05:32,CHSE476,0101,Michael Dunham,20,6,0,2026-09-14 21:09:08
2026-09-14 21:05:32,CHSE477,0101,Michael Dunham,15,4,0,2026-09-14 21:09:08
2026-09-14 21:05:32,CHSE489,1901,Amy D'Agati,15,10,0,2026-09-14 21:09:08
2026-09-14 21:05:32,CINE245,0101,Eric Zakim,22,0,1,2026-09-14 21:09:10
2026-09-14 21:05:32,CINE245,0102,Eric Zakim,22,0,2,2026-09-14 21:09:10
2026-09-14 21:05:32,CINE245,0103,Eric Zakim,22,0,2,2026-09-14 21:09:10
2026-09-14 21:05:32,CINE245,0104,Eric Zakim,22,0,1,2026-09-14 21:09:10
2026-09-14 21:05:32,CINE280,0101,Porter Olsen,30,0,0,2026-09-14 21:09:11
2026-09-14 21:05:32,CINE280,0201,John Tobin,30,0,0,2026-09-14 21:09:11
2026-09-14 21:05:32,CINE298A,0101,Caroline Eades,20,0,0,2026-09-14 21:09:11
2026-09-14 21:05:32,CINE301,0101,Eric Zakim,30,0,0,2026-09-14 21:09:11
2026-09-14 21:05:32,CINE310,0101,Nathaniel Stevens,15,2,0,2026-09-14 21:09:11
2026-09-14 21:05:32,CINE315,0101,Yael Inbar,15,0,0,2026-09-14 21:09:12
2026-09-14 21:05:32,CINE319G,0101,Oliver Gaycken,25,15,0,2026-09-14 21:09:12
2026-09-14 21:05:32,CINE319P,5501,Samuel Crawford,11,0,1,2026-09-14 21:09:12
2026-09-14 21:05:32,CINE319Z,0101,Paul Cote,25,7,0,2026-09-14 21:09:13
2026-09-14 21:05:32,CINE329T,0101,Daniel Richter,25,0,4,2026-09-14 21:09:13
2026-09-14 21:05:32,CINE332,0101,Parker Brookie,25,0,0,2026-09-14 21:09:13
2026-09-14 21:05:32,CINE334,0101,Elizabeth Papazian,25,0,0,2026-09-14 21:09:13
2026-09-14 21:05:32,CINE337,0101,Jason Kuo,25,0,0,2026-09-14 21:09:14
2026-09-14 21:05:32,CINE342,0101,Luka Arsenjuk,20,0,1,2026-09-14 21:09:14
2026-09-14 21:05:32,CINE350,0101,John Drabinski,20,0,0,2026-09-14 21:09:14
2026-09-14 21:05:32,CINE359C,0101,Daniel Richter,25,0,2,2026-09-14 21:09:14
2026-09-14 21:05:32,CINE369B,0101,Eva Hageman,30,2,0,2026-09-14 21:09:15
2026-09-14 21:05:32,CINE369K,0101,Paul Cote,20,0,1,2026-09-14 21:09:15
2026-09-14 21:05:32,CINE376,0101,Ross Angelella,15,3,0,2026-09-14 21:09:15
2026-09-14 21:05:32,CINE376,0102,Ross Angelella,5,2,0,2026-09-14 21:09:15
2026-09-14 21:05:32,CINE415,0101,Mathew Bainbridge,15,0,0,2026-09-14 21:09:16
2026-09-14 21:05:32,CINE419P,0101,Oliver Gaycken,20,13,0,2026-09-14 21:09:16
2026-09-14 21:05:32,CINE459P,0101,Luka Arsenjuk,20,0,2,2026-09-14 21:09:16
2026-09-14 21:05:32,CLAS170,0101,Chiara Graf,21,1,0,2026-09-14 21:09:18
2026-09-14 21:05:32,CLAS170,0102,Chiara Graf,21,0,0,2026-09-14 21:09:18
2026-09-14 21:05:32,CLAS170,0103,Chiara Graf,21,0,0,2026-09-14 21:09:18
2026-09-14 21:05:32,CLAS170,0104,Chiara Graf,21,0,0,2026-09-14 21:09:18
2026-09-14 21:05:32,CLAS170,0105,Chiara Graf,21,0,0,2026-09-14 21:09:18
2026-09-14 21:05:32,CLAS170,0106,Chiara Graf,21,1,0,2026-09-14 21:09:18
2026-09-14 21:05:32,CLAS170,0107,Chiara Graf,21,0,0,2026-09-14 21:09:18
2026-09-14 21:05:32,CLAS170,0108,Chiara Graf,21,2,0,2026-09-14 21:09:18
2026-09-14 21:05:32,CLAS170,0109,Chiara Graf,22,0,0,2026-09-14 21:09:18
2026-09-14 21:05:32,CLAS170,FC01,Chelsea Stolt,28,4,0,2026-09-14 21:09:18
2026-09-14 21:05:32,CLAS170,FC02,Chelsea Stolt,28,0,0,2026-09-14 21:09:18
2026-09-14 21:05:32,CLAS170,FC03,Eugenia Lao,28,9,0,2026-09-14 21:09:18
2026-09-14 21:05:32,CLAS170,FC05,Charis Addai,28,6,0,2026-09-14 21:09:18
2026-09-14 21:05:32,CLAS277,0101,Chiara Graf,25,0,0,2026-09-14 21:09:18
2026-09-14 21:05:32,CLAS277,0102,Chiara Graf,25,1,0,2026-09-14 21:09:18
2026-09-14 21:05:32,CLAS277,0103,Chiara Graf,25,4,0,2026-09-14 21:09:18
2026-09-14 21:05:32,CLAS277,0104,Chiara Graf,25,1,0,2026-09-14 21:09:18
2026-09-14 21:05:32,CLAS277,0105,Chiara Graf,25,0,0,2026-09-14 21:09:18
2026-09-14 21:05:32,CLAS277,0106,Chiara Graf,25,1,0,2026-09-14 21:09:18
2026-09-14 21:05:32,CLAS305,0101,Jorge Bravo,35,0,0,2026-09-14 21:09:19
2026-09-14 21:05:32,CLAS309N,0101,Nathan Levine,35,26,0,2026-09-14 21:09:19
2026-09-14 21:05:32,CLAS310,0101,Rachel Singpurwalla,20,0,1,2026-09-14 21:09:19
2026-09-14 21:05:32,CLAS310,0102,Rachel Singpurwalla,20,0,1,2026-09-14 21:09:19
2026-09-14 21:05:32,CLAS310,0103,Rachel Singpurwalla,20,0,2,2026-09-14 21:09:19
2026-09-14 21:05:32,CLAS312,0101,Polyvia Parara,35,6,0,2026-09-14 21:09:20
2026-09-14 21:05:32,CMLT235,0101,Brielle Gorrell,30,1,0,2026-09-14 21:09:23
2026-09-14 21:05:32,CMLT270,0101,Hannah (Toyin) Adeyemi,30,0,0,2026-09-14 21:09:23
2026-09-14 21:05:32,CMLT270,0201,Shakiba Sharifpour,30,1,0,2026-09-14 21:09:23
2026-09-14 21:05:32,CMLT275,0201,Abhinav Bhardwaj,30,1,0,2026-09-14 21:09:23
2026-09-14 21:05:32,CMLT277,0101,Nahid Ahmadian,30,2,0,2026-09-14 21:09:23
2026-09-14 21:05:32,CMLT280,0101,Porter Olsen,30,0,0,2026-09-14 21:09:24
2026-09-14 21:05:32,CMLT280,0201,John Tobin,30,0,0,2026-09-14 21:09:24
2026-09-14 21:05:32,CPBE100,0101,Oliver Schlake,95,25,0,2026-09-14 21:09:54
2026-09-14 21:05:32,CPBE200,0101,Oliver Schlake,75,33,0,2026-09-14 21:09:54
2026-09-14 21:05:32,CPBE225,0101,Ira Koretsky,38,13,0,2026-09-14 21:09:54
2026-09-14 21:05:32,CPBE225,0102,Ira Koretsky,38,22,0,2026-09-14 21:09:54
2026-09-14 21:05:32,CPCV100,0101,Julie Randolph,40,1,0,2026-09-14 21:09:56
2026-09-14 21:05:32,CPCV100,0201,Julie Randolph,40,8,0,2026-09-14 21:09:56
2026-09-14 21:05:32,CPCV200,0101,Julie Randolph,35,2,0,2026-09-14 21:09:56
2026-09-14 21:05:32,CPCV200,0201,Julie Randolph,35,16,0,2026-09-14 21:09:56
2026-09-14 21:05:32,CPCV225,0101,Korey Rothman,75,4,0,2026-09-14 21:09:56
2026-09-14 21:05:32,CPDJ100,0101,Jess Feltner,75,2,0,2026-09-14 21:09:58
2026-09-14 21:05:32,CPDJ200,0101,Andrew Fellows,75,37,0,2026-09-14 21:09:58
2026-09-14 21:05:32,CPET100,0101,Tim Knight,75,4,0,2026-09-14 21:10:00
2026-09-14 21:05:32,CPET200,0101,Tim Knight,75,7,0,2026-09-14 21:10:00
2026-09-14 21:05:32,CPGH100,0101,John Wiggins,85,7,0,2026-09-14 21:10:02
2026-09-14 21:05:32,CPGH200,0101,John Wiggins,75,18,0,2026-09-14 21:10:02
2026-09-14 21:05:32,CPJT100,0101,Justine DeCamillis,75,7,0,2026-09-14 21:10:04
2026-09-14 21:05:32,CPJT200,0101,Justine DeCamillis,75,21,0,2026-09-14 21:10:04
2026-09-14 21:05:32,CPMS100,0101,Alison Burns,75,0,0,2026-09-14 21:10:05
2026-09-14 21:05:32,CPMS200,0101,Alison Burns,75,10,0,2026-09-14 21:10:06
2026-09-14 21:05:32,CPMS225,0101,Alison Burns,75,0,0,2026-09-14 21:10:06
2026-09-14 21:05:32,CPMS230,0101,Alison Burns,30,11,0,2026-09-14 21:10:06
2026-09-14 21:05:32,CPMS240,0101,Carole Lee,20,17,0,2026-09-14 21:10:06
2026-09-14 21:05:32,CPPL100,0101,Kelly Brower,78,2,0,2026-09-14 21:10:08
2026-09-14 21:05:32,CPPL200,0101,Susannah Washburn,75,15,0,2026-09-14 21:10:08
2026-09-14 21:05:32,CPSA100,0101,Andrea Cesar,75,13,0,2026-09-14 21:10:10
2026-09-14 21:05:32,CPSA200,0101,Andrea Cesar,75,35,0,2026-09-14 21:10:10
2026-09-14 21:05:32,CPSF100,0101,Nicholas Fletcher,85,1,0,2026-09-14 21:10:11
2026-09-14 21:05:32,CPSF200,0101,Nicholas Fletcher,75,5,0,2026-09-14 21:10:12
2026-09-14 21:05:32,CPSG100,0101,Thomas Holtz,85,11,0,2026-09-14 21:10:13
2026-09-14 21:05:32,CPSG200,0101,Thomas Holtz,75,29,0,2026-09-14 21:10:13
2026-09-14 21:05:32,CPSN100,0101,Hansol Kwak,85,5,0,2026-09-14 21:10:15
2026-09-14 21:05:32,CPSN200,0101,Stacy Kosko,75,42,0,2026-09-14 21:10:15
2026-09-14 21:05:32,CPSN230,0101,Sarah Kilmer,20,18,0,2026-09-14 21:10:15
2026-09-14 21:05:32,CPSN240,0101,Sarah Kilmer,10,7,0,2026-09-14 21:10:16
2026-09-14 21:05:32,CPSN250,0101,Sarah Kilmer,5,5,0,2026-09-14 21:10:16
2026-09-14 21:05:32,CPSP110,0101,Markell Saunders,18,8,0,2026-09-14 21:10:17
2026-09-14 21:05:32,CPSP110,0201,Patrice Greene,18,13,0,2026-09-14 21:10:17
2026-09-14 21:05:32,CPSP220,0101,Tiara Thomas,20,1,0,2026-09-14 21:10:18
2026-09-14 21:05:32,CPSP239A,0101,Heather-Erin Bremenstuhl,10,5,0,2026-09-14 21:10:18
2026-09-14 21:05:32,CPSP269C,0101,Korey Rothman,5,5,0,2026-09-14 21:10:18
2026-09-14 21:05:32,CPSP339P,0101,Susannah Washburn,10,7,0,2026-09-14 21:10:19
2026-09-14 21:05:32,CPSS100,0101,Nicole Mogul,85,6,0,2026-09-14 21:10:20
2026-09-14 21:05:32,CPSS220,0101,Nicole Mogul,20,2,0,2026-09-14 21:10:20
2026-09-14 21:05:32,CPSS225,0101,Roan Parrish,20,14,0,2026-09-14 21:10:21
2026-09-14 21:05:32,CPSS340,0101,David Tomblin,20,5,0,2026-09-14 21:10:21
2026-09-14 21:05:32,CRLN101,0103,Myles Alexander,25,1,0,2026-09-14 21:10:23
2026-09-14 21:05:32,CRLN101,0104,Tami Smith,26,0,0,2026-09-14 21:10:23
2026-09-14 21:05:32,CRLN101,0105,Denis Garcia Reyes,25,0,0,2026-09-14 21:10:23
2026-09-14 21:05:32,CRLN101,0106,Mitch Woolley,25,4,0,2026-09-14 21:10:23
2026-09-14 21:05:32,CRLN101,0107,Esohe Owie,25,0,0,2026-09-14 21:10:23
2026-09-14 21:05:32,DATA100,0111,Matthew Griffin,33,4,0,2026-09-14 21:10:31
2026-09-14 21:05:32,DATA100,0112,Matthew Griffin,35,0,0,2026-09-14 21:10:31
2026-09-14 21:05:32,DATA100,0121,Matthew Griffin,35,2,0,2026-09-14 21:10:31
2026-09-14 21:05:32,DATA100,0122,Matthew Griffin,33,0,0,2026-09-14 21:10:31
2026-09-14 21:05:32,DATA100,0123,Matthew Griffin,33,1,0,2026-09-14 21:10:31
2026-09-14 21:05:32,DATA100,0124,Matthew Griffin,33,0,0,2026-09-14 21:10:31
2026-09-14 21:05:32,DATA100,0131,Matthew Griffin,33,1,0,2026-09-14 21:10:31
2026-09-14 21:05:32,DATA100,0141,Matthew Griffin,35,1,0,2026-09-14 21:10:31
2026-09-14 21:05:32,DATA100,0142,Matthew Griffin,33,0,0,2026-09-14 21:10:31
2026-09-14 21:05:32,DATA100,0211,Matthew Griffin,33,3,0,2026-09-14 21:10:31
2026-09-14 21:05:32,DATA100,0212,Matthew Griffin,35,0,0,2026-09-14 21:10:31
2026-09-14 21:05:32,DATA100,0221,Matthew Griffin,30,1,0,2026-09-14 21:10:31
2026-09-14 21:05:32,DATA100,0223,Matthew Griffin,32,0,0,2026-09-14 21:10:31
2026-09-14 21:05:32,DATA100,0224,Matthew Griffin,30,1,0,2026-09-14 21:10:31
2026-09-14 21:05:32,DATA100,0231,Matthew Griffin,33,2,0,2026-09-14 21:10:31
2026-09-14 21:05:32,DATA100,0311,Archana Khurana,35,6,0,2026-09-14 21:10:31
2026-09-14 21:05:32,DATA100,0312,Archana Khurana,35,1,0,2026-09-14 21:10:31
2026-09-14 21:05:32,DATA100,0321,Archana Khurana,35,0,0,2026-09-14 21:10:31
2026-09-14 21:05:32,DATA100,0322,Archana Khurana,35,0,0,2026-09-14 21:10:31
2026-09-14 21:05:32,DATA100,0323,Archana Khurana,35,1,0,2026-09-14 21:10:31
2026-09-14 21:05:32,DATA100,0341,Archana Khurana,35,5,0,2026-09-14 21:10:31
2026-09-14 21:05:32,DATA110,0101,Susan Mazzullo,250,24,0,2026-09-14 21:10:31
2026-09-14 21:05:32,DATA120,0101,Fardina Alam,200,0,1,2026-09-14 21:10:32
2026-09-14 21:05:32,DATA200,0101,Fardina Alam,90,31,0,2026-09-14 21:10:32
2026-09-14 21:05:32,DATA250,0101,Todd Rowland,43,8,0,2026-09-14 21:10:32
2026-09-14 21:05:32,DATA320,0101,Maksym Morawski,15,11,0,2026-09-14 21:10:32
2026-09-14 21:05:32,DATA320,0201,Maksym Morawski,20,12,0,2026-09-14 21:10:32
2026-09-14 21:05:32,DATA320,0301,Fardina Alam,20,2,0,2026-09-14 21:10:32
2026-09-14 21:05:32,DATA350,0101,Raluca Rosca,30,12,0,2026-09-14 21:10:33
2026-09-14 21:05:32,DATA350,0201,Jonathan Fernandes,34,5,0,2026-09-14 21:10:33
2026-09-14 21:05:32,DATA400,0111,Salman Safdar,27,1,0,2026-09-14 21:10:33
2026-09-14 21:05:32,DATA400,0112,Salman Safdar,30,0,0,2026-09-14 21:10:33
2026-09-14 21:05:32,DATA400,0121,Salman Safdar,27,2,0,2026-09-14 21:10:33
2026-09-14 21:05:32,DATA400,0122,Salman Safdar,27,4,0,2026-09-14 21:10:33
2026-09-14 21:05:32,DATA400,0131,Salman Safdar,27,3,0,2026-09-14 21:10:33
2026-09-14 21:05:32,DATA400,0132,Salman Safdar,27,8,0,2026-09-14 21:10:33
2026-09-14 21:05:32,DATA400,0211,Timothy Pilachowski,30,3,0,2026-09-14 21:10:33
2026-09-14 21:05:32,DATA400,0212,Timothy Pilachowski,30,4,0,2026-09-14 21:10:33
2026-09-14 21:05:32,DATA400,0221,Timothy Pilachowski,30,3,0,2026-09-14 21:10:33
2026-09-14 21:05:32,DATA400,0222,Timothy Pilachowski,30,3,0,2026-09-14 21:10:33
2026-09-14 21:05:32,DATA400,0231,Timothy Pilachowski,30,0,0,2026-09-14 21:10:33
2026-09-14 21:05:32,DATA400,0232,Timothy Pilachowski,30,3,0,2026-09-14 21:10:33
2026-09-14 21:05:32,DATA400,0311,Mestiyage Gunatilleka,32,0,0,2026-09-14 21:10:33
2026-09-14 21:05:32,DATA400,0312,Mestiyage Gunatilleka,30,0,1,2026-09-14 21:10:33
2026-09-14 21:05:32,DATA400,0321,Mestiyage Gunatilleka,32,0,0,2026-09-14 21:10:33
2026-09-14 21:05:32,DATA400,0322,Mestiyage Gunatilleka,30,0,0,2026-09-14 21:10:33
2026-09-14 21:05:32,DATA400,0331,Mestiyage Gunatilleka,32,0,0,2026-09-14 21:10:33
2026-09-14 21:05:32,DATA400,0332,Mestiyage Gunatilleka,30,0,0,2026-09-14 21:10:33
2026-09-14 21:05:32,DATA400,0511,Shixin Zheng,35,0,0,2026-09-14 21:10:33
2026-09-14 21:05:32,DATA400,0521,Shixin Zheng,35,0,0,2026-09-14 21:10:33
2026-09-14 21:05:32,DATA400,0531,Shixin Zheng,35,0,0,2026-09-14 21:10:33
2026-09-14 21:05:32,DATA601,PCS1,Sandra Cerrai,50,6,0,2026-09-14 21:10:33
2026-09-14 21:05:32,DATA601,PCS2,Jonathan Fernandes,60,20,0,2026-09-14 21:10:33
2026-09-14 21:05:32,DATA601,PWS1,Leonid Koralov,60,4,0,2026-09-14 21:10:33
2026-09-14 21:05:32,DATA602,PCS1,Sujeong Kim,44,5,0,2026-09-14 21:10:33
2026-09-14 21:05:32,DATA602,PCS2,Sujeong Kim,44,9,0,2026-09-14 21:10:33
2026-09-14 21:05:32,DATA602,PWS1,Fardina Alam,44,3,0,2026-09-14 21:10:33
2026-09-14 21:05:32,DATA603,PCS1,Babak Azimi-Sadjadi,55,15,0,2026-09-14 21:10:34
2026-09-14 21:05:32,DATA603,PWS1,Kemal Davaslioglu,55,19,0,2026-09-14 21:10:34
2026-09-14 21:05:32,DATA605,PCS1,Tammy Perrin,44,30,0,2026-09-14 21:10:34
2026-09-14 21:05:32,DATA605,PCS2,Tammy Perrin,44,21,0,2026-09-14 21:10:34
2026-09-14 21:05:32,DATA605,PWS1,Giacinto Paolo Saggese,44,35,0,2026-09-14 21:10:34
2026-09-14 21:05:32,DATA607,PCS1,Mestiyage Gunatilleka,44,29,0,2026-09-14 21:10:34
2026-09-14 21:05:32,DATA607,PCS2,Kendall Williams,55,0,0,2026-09-14 21:10:34
2026-09-14 21:05:32,DATA607,PCS3,Vincent Lyzinski,44,4,0,2026-09-14 21:10:34
2026-09-14 21:05:32,DATA612,PCS1,Samet Ayhan,50,23,0,2026-09-14 21:10:35
2026-09-14 21:05:32,DATA612,PWS1,Samet Ayhan,44,14,0,2026-09-14 21:10:35
2026-09-14 21:05:32,DATA641,PCS1,Toki Inan,50,20,0,2026-09-14 21:10:35
2026-09-14 21:05:32,DATA641,PWS1,Armin Mehrabian,50,0,0,2026-09-14 21:10:35
2026-09-14 21:05:32,DATA643,PCS1,Charles Forgy,50,30,0,2026-09-14 21:10:35
2026-09-14 21:05:32,DATA650,PCS1,Emre Gunduzhan,54,7,0,2026-09-14 21:10:35
2026-09-14 21:05:32,DATA650,PCS2,Emre Gunduzhan,54,9,0,2026-09-14 21:10:35
2026-09-14 21:05:32,ENAI600,0101,C Ravishankar,35,21,0,2026-09-14 21:11:05
2026-09-14 21:05:32,ENAI600,AEC1,C Ravishankar,20,5,0,2026-09-14 21:11:05
2026-09-14 21:05:32,ENAI601,0101,Richard La,35,22,0,2026-09-14 21:11:06
2026-09-14 21:05:32,ENAI601,AEC1,Richard La,20,8,0,2026-09-14 21:11:06
2026-09-14 21:05:32,ENAI607,0101,Zoltan Safar,29,24,0,2026-09-14 21:11:06
2026-09-14 21:05:32,ENAI607,AEC1,Zoltan Safar,20,9,0,2026-09-14 21:11:06
2026-09-14 21:05:32,ENBC301,ESG1,Sivan Saravanapavan,20,9,0,2026-09-14 21:11:07
2026-09-14 21:05:32,ENBC311,ESG1,Bahaa Ghammraoui,20,11,0,2026-09-14 21:11:08
2026-09-14 21:05:32,ENBC322,ESG1,Kyunghun Lee,20,11,0,2026-09-14 21:11:08
2026-09-14 21:05:32,ENBC331,ESG1,Lan Ma,20,10,0,2026-09-14 21:11:08
2026-09-14 21:05:32,ENBC332,ESG1,Jamasp Azarnoosh,20,11,0,2026-09-14 21:11:09
2026-09-14 21:05:32,ENBC341,ESG1,Jarred Callura,20,12,0,2026-09-14 21:11:09
2026-09-14 21:05:32,ENBC353,ESG1,Jarred Callura,20,15,0,2026-09-14 21:11:10
2026-09-14 21:05:32,ENBC423,ESG1,Jian Su,20,13,0,2026-09-14 21:11:11
2026-09-14 21:05:32,ENBC425,ESG1,Jamasp Azarnoosh,20,13,0,2026-09-14 21:11:11
2026-09-14 21:05:32,ENBC431,ESG1,Lan Ma,20,13,0,2026-09-14 21:11:11
2026-09-14 21:05:32,ENEB302,ESG1,Wesley Lawson,20,3,0,2026-09-14 21:11:23
2026-09-14 21:05:32,ENEB340,ESG1,Nestor Michael Tiglao,20,3,0,2026-09-14 21:11:23
2026-09-14 21:05:32,ENEB341,ESG1,Nestor Michael Tiglao,20,3,0,2026-09-14 21:11:24
2026-09-14 21:05:32,ENEB344,ESG1,Jerry Wu,20,3,0,2026-09-14 21:11:24
2026-09-14 21:05:32,ENEB346,ESG1,Nestor Michael Tiglao,20,12,0,2026-09-14 21:11:24
2026-09-14 21:05:32,ENEB354,ESG1,Yavuz Oruc,20,3,0,2026-09-14 21:11:24
2026-09-14 21:05:32,ENEB408A,ESG1,Nestor Michael Tiglao,20,13,0,2026-09-14 21:11:25
2026-09-14 21:05:32,ENEB444,ESG1,Manoj Franklin,20,13,0,2026-09-14 21:11:25
2026-09-14 21:05:32,ENEB454,ESG1,Jerry Wu,20,13,0,2026-09-14 21:11:25
2026-09-14 21:05:32,ENED036,0101,Hillary Owusu,20,5,0,2026-09-14 21:11:27
2026-09-14 21:05:32,ENED101,0101,Shannon Bate,20,0,0,2026-09-14 21:11:27
2026-09-14 21:05:32,ENED115,0101,Friedrich Alvarez,100,6,0,2026-09-14 21:11:27
2026-09-14 21:05:32,ENED215,0101,Tyler Huddleston,30,1,0,2026-09-14 21:11:28
2026-09-14 21:05:32,ENED215,0102,Samantha Sabihi,40,25,0,2026-09-14 21:11:28
2026-09-14 21:05:32,ENED215,0103,Paige Smith,6,0,0,2026-09-14 21:11:28
2026-09-14 21:05:32,ENED290H,0101,Christopher Troilo,46,1,0,2026-09-14 21:11:28
2026-09-14 21:05:32,ENED390H,0101,Tony Barber,50,13,0,2026-09-14 21:11:28
2026-09-14 21:05:32,ENED394H,0101,Manmohan Aseri,65,14,0,2026-09-14 21:11:29
2026-09-14 21:05:32,ENED397,0101,Emily Marks,9,0,0,2026-09-14 21:11:29
2026-09-14 21:05:32,ENED490H,0101,Maria Bardossy,45,1,0,2026-09-14 21:11:29
2026-09-14 21:05:32,ENED491,0101,Jessica Roffe,10,1,0,2026-09-14 21:11:29
2026-09-14 21:05:32,ENMT301,ESG1,Colleen Murray,15,8,0,2026-09-14 21:12:23
2026-09-14 21:05:32,ENMT322,ESG1,Norman Wereley,15,9,0,2026-09-14 21:12:24
2026-09-14 21:05:32,ENMT361,ESG1,Young Choi,15,8,0,2026-09-14 21:12:24
2026-09-14 21:05:32,ENMT380,ESG1,Gurtajbir Herr,15,8,0,2026-09-14 21:12:24
2026-09-14 21:05:32,ENMT450,ESG1,Nicholas Limparis,7,4,0,2026-09-14 21:12:25
2026-09-14 21:05:32,ENMT471,ESG1,Colleen Murray,7,4,0,2026-09-14 21:12:25
2026-09-14 21:05:32,ENMT473,ESG1,Gurtajbir Herr,7,3,0,2026-09-14 21:12:25
2026-09-14 21:05:32,ENMT483,ESG1,Nicholas Limparis,7,4,0,2026-09-14 21:12:25
2026-09-14 21:05:32,ENMT499,ESG4,Nicholas Limparis,2,1,0,2026-09-14 21:12:26
2026-09-14 21:05:32,ENSE621,0101,Tony Barber,22,17,0,2026-09-14 21:12:32
2026-09-14 21:05:32,ENSE621,SY01,Tony Barber,15,0,0,2026-09-14 21:12:32
2026-09-14 21:05:32,ENSE623,0101,Steven Biemer,17,14,0,2026-09-14 21:12:32
2026-09-14 21:05:32,ENSE623,SY01,Steven Biemer,15,11,0,2026-09-14 21:12:32
2026-09-14 21:05:32,ENSE626,0101,Dane Cooper,20,16,0,2026-09-14 21:12:33
2026-09-14 21:05:32,ENSE626,SY01,Dane Cooper,15,9,0,2026-09-14 21:12:33
2026-09-14 21:05:32,ENSP101,0101,Annette Spivy,25,0,0,2026-09-14 21:12:35
2026-09-14 21:05:32,ENSP101,0102,Annette Spivy,24,0,0,2026-09-14 21:12:35
2026-09-14 21:05:32,ENSP101,0103,Annette Spivy,24,2,0,2026-09-14 21:12:35
2026-09-14 21:05:32,ENSP101,0104,Annette Spivy,24,0,0,2026-09-14 21:12:35
2026-09-14 21:05:32,ENSP101,0105,Annette Spivy,25,1,0,2026-09-14 21:12:35
2026-09-14 21:05:32,ENSP101,0106,Annette Spivy,24,0,0,2026-09-14 21:12:35
2026-09-14 21:05:32,ENSP101,0107,Annette Spivy,24,0,0,2026-09-14 21:12:35
2026-09-14 21:05:32,ENSP101,FC01,Annette Spivy,32,1,0,2026-09-14 21:12:35
2026-09-14 21:05:32,ENSP305,0101,Annette Spivy,23,0,1,2026-09-14 21:12:35
2026-09-14 21:05:32,ENSP330,0101,Joanna Goger,35,0,0,2026-09-14 21:12:35
2026-09-14 21:05:32,ENSP340,0101,Caroline Boules,25,0,0,2026-09-14 21:12:36
2026-09-14 21:05:32,ENSP360,0101,Leena Malayil,25,0,4,2026-09-14 21:12:36
2026-09-14 21:05:32,ENSP399R,0601,Annette Spivy,10,10,0,2026-09-14 21:12:37
2026-09-14 21:05:32,ENSP399R,1001,Jennifer Mullinax,10,10,0,2026-09-14 21:12:37
2026-09-14 21:05:32,ENSP400,0101,Joanna Goger,35,13,0,2026-09-14 21:12:37
2026-09-14 21:05:32,ENSP400,0102,Joanna Goger,35,11,0,2026-09-14 21:12:37
2026-09-14 21:05:32,ENVH121,FC01,Brienna Anderson,20,12,0,2026-09-14 21:12:50
2026-09-14 21:05:32,ENVH381,0101,Donald Milton,30,10,0,2026-09-14 21:12:51
2026-09-14 21:05:32,FGSM310,0101,Peter Owen,24,1,0,2026-09-14 21:12:55
2026-09-14 21:05:32,FGSM315,0101,Emily Shetty,22,0,0,2026-09-14 21:12:55
2026-09-14 21:05:32,FGSM320,0101,Woodie Kessel,24,2,0,2026-09-14 21:12:55
2026-09-14 21:05:32,FGSM325,0101,Rob Long,20,1,0,2026-09-14 21:12:56
2026-09-14 21:05:32,FGSM330,0101,Andrew Fausett,22,2,0,2026-09-14 21:12:56
2026-09-14 21:05:32,FGSM340,0101,Ed Fendley,22,1,0,2026-09-14 21:12:56
2026-09-14 21:05:32,FGSM350,0101,Sean Misko,22,1,0,2026-09-14 21:12:56
2026-09-14 21:05:32,FGSM355,0101,Amanda Schoch,20,0,0,2026-09-14 21:12:57
2026-09-14 21:05:32,FGSM360,0101,Nadia Farra,21,0,0,2026-09-14 21:12:57
2026-09-14 21:05:32,FGSM365,0101,Andrew Nissen,20,2,0,2026-09-14 21:12:57
2026-09-14 21:05:32,FGSM370,0101,Joshua Glasser,20,0,0,2026-09-14 21:12:58
2026-09-14 21:05:32,FGSM390,0101,Sasha Koo-Oshima,20,3,0,2026-09-14 21:12:58
2026-09-14 21:05:32,FGSM398,0101,Jayakumar Arasan,25,22,0,2026-09-14 21:12:58
2026-09-14 21:05:32,FGSM398,0201,Jayakumar Arasan,5,2,0,2026-09-14 21:12:58
2026-09-14 21:05:32,FIRE120,0101,Jessica O'Hara,36,0,0,2026-09-14 21:13:00
2026-09-14 21:05:32,FIRE120,0102,Shannon Hilton,36,7,0,2026-09-14 21:13:00
2026-09-14 21:05:32,FIRE120,0103,Jaclyn Bruner,36,2,0,2026-09-14 21:13:00
2026-09-14 21:05:32,FIRE120,0104,Danielle Niu,36,0,0,2026-09-14 21:13:00
2026-09-14 21:05:32,FIRE120,0105,Cherisse Hall,36,0,0,2026-09-14 21:13:00
2026-09-14 21:05:32,FIRE120,0106,Sara Strey,36,0,0,2026-09-14 21:13:00
2026-09-14 21:05:32,FIRE120,0107,Helene Nguemgaing,36,1,0,2026-09-14 21:13:00
2026-09-14 21:05:32,FIRE120,0108,Mary Chey,36,0,0,2026-09-14 21:13:00
2026-09-14 21:05:32,FIRE120,0109,Shannon Hilton,36,0,0,2026-09-14 21:13:00
2026-09-14 21:05:32,FIRE120,0110,Lena Johnson,36,0,0,2026-09-14 21:13:00
2026-09-14 21:05:32,FIRE120,0111,Benjamin Huffman,36,0,0,2026-09-14 21:13:00
2026-09-14 21:05:32,FIRE120,0112,Mary Chey,36,1,0,2026-09-14 21:13:00
2026-09-14 21:05:32,FIRE120,0113,Elizabeth Massey,36,8,0,2026-09-14 21:13:00
2026-09-14 21:05:32,FIRE120,0114,Benjamin Huffman,36,0,0,2026-09-14 21:13:00
2026-09-14 21:05:32,FIRE120,FC01,Danielle Niu,40,0,6,2026-09-14 21:13:00
2026-09-14 21:05:32,FIRE298,0101,Catherine Spirito,28,3,0,2026-09-14 21:13:00
2026-09-14 21:05:32,FIRE298,0103,Cherisse Hall,36,6,0,2026-09-14 21:13:00
2026-09-14 21:05:32,FIRE298,0104,Jessica O'Hara,36,4,0,2026-09-14 21:13:00
2026-09-14 21:05:32,FIRE298,0105,Kaylee Bloom,36,7,0,2026-09-14 21:13:00
2026-09-14 21:05:32,FIRE298,0106,Danielle Niu,36,16,0,2026-09-14 21:13:00
2026-09-14 21:05:32,FIRE298,0107,Benjamin Huffman,40,1,0,2026-09-14 21:13:00
2026-09-14 21:05:32,FIRE298,0108,Elizabeth Massey,40,14,0,2026-09-14 21:13:00
2026-09-14 21:05:32,FIRE298,0109,Shannon Hilton,40,6,0,2026-09-14 21:13:00
2026-09-14 21:05:32,FIRE298,0110,Jaclyn Bruner,40,19,0,2026-09-14 21:13:00
2026-09-14 21:05:32,FIRE298,0111,Mary Chey,36,4,0,2026-09-14 21:13:00
2026-09-14 21:05:32,FIRE298,0112,Helene Nguemgaing,40,17,0,2026-09-14 21:13:00
2026-09-14 21:05:32,FIRE298,0113,Kristina Kramarczuk,40,11,0,2026-09-14 21:13:00
2026-09-14 21:05:32,FIRE298,0114,Shabnam Jabeen,40,22,0,2026-09-14 21:13:00
2026-09-14 21:05:32,FIRE298,0115,Sara Strey,40,14,0,2026-09-14 21:13:00
2026-09-14 21:05:32,FIRE298,0116,Lena Johnson,40,5,0,2026-09-14 21:13:00
2026-09-14 21:05:32,FIRE398,0101,Catherine Spirito,15,2,0,2026-09-14 21:13:00
2026-09-14 21:05:32,FIRE398,0103,Cherisse Hall,15,5,0,2026-09-14 21:13:00
2026-09-14 21:05:32,FIRE398,0104,Jessica O'Hara,15,2,0,2026-09-14 21:13:00
2026-09-14 21:05:32,FIRE398,0105,Kaylee Bloom,15,2,0,2026-09-14 21:13:00
2026-09-14 21:05:32,FIRE398,0106,Danielle Niu,15,10,0,2026-09-14 21:13:00
2026-09-14 21:05:32,FIRE398,0107,Benjamin Huffman,15,3,0,2026-09-14 21:13:00
2026-09-14 21:05:32,FIRE398,0108,Elizabeth Massey,15,6,0,2026-09-14 21:13:00
2026-09-14 21:05:32,FIRE398,0109,Shannon Hilton,15,6,0,2026-09-14 21:13:00
2026-09-14 21:05:32,FIRE398,0110,Jaclyn Bruner,15,9,0,2026-09-14 21:13:00
2026-09-14 21:05:32,FIRE398,0111,Mary Chey,15,3,0,2026-09-14 21:13:00
2026-09-14 21:05:32,FIRE398,0112,Helene Nguemgaing,15,15,0,2026-09-14 21:13:00
2026-09-14 21:05:32,FIRE398,0113,Kristina Kramarczuk,15,8,0,2026-09-14 21:13:00
2026-09-14 21:05:32,FIRE398,0114,Shabnam Jabeen,15,15,0,2026-09-14 21:13:00
2026-09-14 21:05:32,FIRE398,0115,Sara Strey,15,14,0,2026-09-14 21:13:00
2026-09-14 21:05:32,FIRE398,0116,Lena Johnson,15,11,0,2026-09-14 21:13:00
2026-09-14 21:05:32,GBHL200,0101,Hassanatu Blake,30,0,1,2026-09-14 21:13:16
2026-09-14 21:05:32,GBHL200,FC01,Zandra Andre,25,3,0,2026-09-14 21:13:16
2026-09-14 21:05:32,GBHL210,0101,Leena Malayil,25,8,0,2026-09-14 21:13:16
2026-09-14 21:05:32,GEMS101,0101,Allison Lansverk,10,1,0,2026-09-14 21:13:19
2026-09-14 21:05:32,GEMS101,0103,Allison Lansverk,10,0,0,2026-09-14 21:13:19
2026-09-14 21:05:32,GEMS101,0104,Allison Lansverk,10,0,0,2026-09-14 21:13:19
2026-09-14 21:05:32,GEMS101,0105,Allison Lansverk,10,0,0,2026-09-14 21:13:19
2026-09-14 21:05:32,GEMS101,0106,Allison Lansverk,10,0,0,2026-09-14 21:13:19
2026-09-14 21:05:32,GEMS101,0107,Allison Lansverk,10,0,0,2026-09-14 21:13:19
2026-09-14 21:05:32,GEMS101,0109,Allison Lansverk,10,0,0,2026-09-14 21:13:19
2026-09-14 21:05:32,GEMS101,0111,Allison Lansverk,10,0,0,2026-09-14 21:13:19
2026-09-14 21:05:32,GEMS101,0113,Allison Lansverk,10,0,0,2026-09-14 21:13:19
2026-09-14 21:05:32,GEMS101,0114,Allison Lansverk,10,0,0,2026-09-14 21:13:19
2026-09-14 21:05:32,GEMS202,0101,Allison Lansverk,168,43,0,2026-09-14 21:13:19
2026-09-14 21:05:32,GEMS208A,0101,Allison Lansverk,14,14,0,2026-09-14 21:13:19
2026-09-14 21:05:32,GEMS208B,0101,Allison Lansverk,14,14,0,2026-09-14 21:13:20
2026-09-14 21:05:32,GEMS208C,0101,Allison Lansverk,23,9,0,2026-09-14 21:13:20
2026-09-14 21:05:32,GEMS208D,0101,Allison Lansverk,10,8,0,2026-09-14 21:13:20
2026-09-14 21:05:32,GEMS208P,0101,Allison Lansverk,20,0,1,2026-09-14 21:13:20
2026-09-14 21:05:32,GEMS296,0101,Sehrish Shikarpurya,14,6,0,2026-09-14 21:13:21
2026-09-14 21:05:32,GEMS296,0102,David Lovell,14,1,0,2026-09-14 21:13:21
2026-09-14 21:05:32,GEMS296,0103,Myles Poulin,14,1,0,2026-09-14 21:13:21
2026-09-14 21:05:32,GEMS296,0104,Raymond Adomaitis,14,3,0,2026-09-14 21:13:21
2026-09-14 21:05:32,GEMS296,0105,Rodolphe Gentili,14,4,0,2026-09-14 21:13:21
2026-09-14 21:05:32,GEMS296,0106,Jared Grauer,14,6,0,2026-09-14 21:13:21
2026-09-14 21:05:32,GEMS296,0107,Fengfeng Ke,14,4,0,2026-09-14 21:13:21
2026-09-14 21:05:32,GEMS296,0108,Eric Silk,14,4,0,2026-09-14 21:13:21
2026-09-14 21:05:32,GEMS296,0109,Huang Chiao Huang,14,1,0,2026-09-14 21:13:21
2026-09-14 21:05:32,GEMS296,0110,Mengqiang Zhu,14,6,0,2026-09-14 21:13:21
2026-09-14 21:05:32,GEMS296,0111,Maria Molina,14,6,0,2026-09-14 21:13:21
2026-09-14 21:05:32,GEMS296,0112,Erin Tran,14,1,0,2026-09-14 21:13:21
2026-09-14 21:05:32,GEMS296,0113,Instructor: TBA,5,5,0,2026-09-14 21:13:21
2026-09-14 21:05:32,GEMS296,0114,Instructor: TBA,14,14,0,2026-09-14 21:13:21
2026-09-14 21:05:32,GEMS296,0115,David Lovell,5,5,0,2026-09-14 21:13:21
2026-09-14 21:05:32,GEMS297,0113,Instructor: TBA,5,5,0,2026-09-14 21:13:21
2026-09-14 21:05:32,GEMS396,0101,Michael Humber,14,7,0,2026-09-14 21:13:21
2026-09-14 21:05:32,GEMS396,0102,Seth Dickey,14,2,0,2026-09-14 21:13:21
2026-09-14 21:05:32,GEMS396,0103,Cecilia Huertas Cerdeira,14,7,0,2026-09-14 21:13:21
2026-09-14 21:05:32,GEMS396,0104,Rodolphe Gentili,14,2,0,2026-09-14 21:13:21
2026-09-14 21:05:32,GEMS396,0105,Allison Reilly,14,5,0,2026-09-14 21:13:21
2026-09-14 21:05:32,GEMS396,0106,Peter Sunderland,14,5,0,2026-09-14 21:13:21
2026-09-14 21:05:32,GEMS396,0107,Brett Lacey,14,8,0,2026-09-14 21:13:21
2026-09-14 21:05:32,GEMS396,0108,Natalia Buzulukova,14,4,0,2026-09-14 21:13:21
2026-09-14 21:05:32,GEMS396,0109,Anil Deane,14,4,0,2026-09-14 21:13:21
2026-09-14 21:05:32,GEMS396,0110,Colenso Speer,14,3,0,2026-09-14 21:13:21
2026-09-14 21:05:32,GEMS396,0111,Instructor: TBA,14,14,0,2026-09-14 21:13:21
2026-09-14 21:05:32,GEMS396,0112,Instructor: TBA,14,14,0,2026-09-14 21:13:21
2026-09-14 21:05:32,GEMS396,0113,David Lovell,5,5,0,2026-09-14 21:13:21
2026-09-14 21:05:32,GEMS396,0114,David Lovell,5,5,0,2026-09-14 21:13:21
2026-09-14 21:05:32,GEMS397,0113,David Lovell,5,4,0,2026-09-14 21:13:21
2026-09-14 21:05:32,GEMS496,0101,Eric Haag,14,8,0,2026-09-14 21:13:22
2026-09-14 21:05:32,GEMS496,0102,Mohammad Nayeem Teli,14,10,0,2026-09-14 21:13:22
2026-09-14 21:05:32,GEMS496,0103,Norberto Gonzalez- Juarbe,14,4,0,2026-09-14 21:13:22
2026-09-14 21:05:32,GEMS496,0104,Abhinav Shrivastava,14,6,0,2026-09-14 21:13:22
2026-09-14 21:05:32,GEMS496,0105,Hector Alcala,14,4,0,2026-09-14 21:13:22
2026-09-14 21:05:32,GEMS496,0106,Massimo Ricotti,14,4,0,2026-09-14 21:13:22
2026-09-14 21:05:32,GEMS496,0107,Reza Ghodssi,14,7,0,2026-09-14 21:13:22
2026-09-14 21:05:32,GEMS496,0108,Nikhil Chopra,14,8,0,2026-09-14 21:13:22
2026-09-14 21:05:32,GEMS496,0109,Kimberly Stroka,14,4,0,2026-09-14 21:13:22
2026-09-14 21:05:32,GEMS496,0110,Gorjan Alagic,14,13,0,2026-09-14 21:13:22
2026-09-14 21:05:32,GEMS496,0111,Alisa Clyne,14,6,0,2026-09-14 21:13:22
2026-09-14 21:05:32,GEMS496,0112,Xin Zan,14,10,0,2026-09-14 21:13:22
2026-09-14 21:05:32,GEMS496,0113,Erin Tran,14,14,0,2026-09-14 21:13:22
2026-09-14 21:05:32,GEMS496,0114,David Lovell,5,5,0,2026-09-14 21:13:22
2026-09-14 21:05:32,GEMS497,0107,Instructor: TBA,14,14,0,2026-09-14 21:13:22
2026-09-14 21:05:32,GEMS497,0110,Instructor: TBA,5,5,0,2026-09-14 21:13:22
2026-09-14 21:05:32,GEMS497,0113,David Lovell,5,5,0,2026-09-14 21:13:22
2026-09-14 21:05:32,GFPL100,0101,Joshua Itzkowitz Shifrinson,20,0,0,2026-09-14 21:13:42
2026-09-14 21:05:32,GFPL100,0102,Joshua Itzkowitz Shifrinson,20,0,0,2026-09-14 21:13:42
2026-09-14 21:05:32,GFPL100,0103,Joshua Itzkowitz Shifrinson,20,0,0,2026-09-14 21:13:42
2026-09-14 21:05:32,GFPL100,0104,Joshua Itzkowitz Shifrinson,20,0,0,2026-09-14 21:13:42
2026-09-14 21:05:32,GFPL100,0105,Joshua Itzkowitz Shifrinson,20,1,0,2026-09-14 21:13:42
2026-09-14 21:05:32,GFPL100,0106,Joshua Itzkowitz Shifrinson,25,2,0,2026-09-14 21:13:42
2026-09-14 21:05:32,GFPL100,FC01,Devin Entrikin,30,0,0,2026-09-14 21:13:42
2026-09-14 21:05:32,GFPL102,0101,Caroline Ritter,95,33,0,2026-09-14 21:13:42
2026-09-14 21:05:32,GFPL371,0101,Joshua Itzkowitz Shifrinson,35,0,0,2026-09-14 21:13:42
2026-09-14 21:05:32,GFPL388A,0101,Shannon Carcelli,5,5,0,2026-09-14 21:13:43
2026-09-14 21:05:32,GFPL388B,0101,Hyunki Kim,5,5,0,2026-09-14 21:13:43
2026-09-14 21:05:32,GFPL388C,0101,Scott Kastner,5,0,0,2026-09-14 21:13:43
2026-09-14 21:05:32,GFPL390,0101,Lena Andrews,20,0,0,2026-09-14 21:13:43
2026-09-14 21:05:32,GFPL490,0101,Michael Woldemariam,15,2,0,2026-09-14 21:13:44
2026-09-14 21:05:32,GFPL492,0101,Steve Fetter,20,2,0,2026-09-14 21:13:44
2026-09-14 21:05:32,GLBC200,0101,Chris Lewis,30,4,0,2026-09-14 21:13:45
2026-09-14 21:05:32,GLBC350,0101,Michele Mason,30,27,0,2026-09-14 21:13:46
2026-09-14 21:05:32,HACS100,0101,Cassie Harrington,40,1,0,2026-09-14 21:13:58
2026-09-14 21:05:32,HACS100,0201,Cassie Harrington,40,15,0,2026-09-14 21:13:58
2026-09-14 21:05:32,HACS200,0101,Michel Cukier,34,10,0,2026-09-14 21:13:58
2026-09-14 21:05:32,HACS200,0201,Michel Cukier,34,1,0,2026-09-14 21:13:58
2026-09-14 21:05:32,HACS202,0101,Bertrand Sobesto,52,19,0,2026-09-14 21:13:59
2026-09-14 21:05:32,HACS208A,0101,Lawrence Gordon,20,0,2,2026-09-14 21:13:59
2026-09-14 21:05:32,HACS208C,0101,Lamia Zia,26,9,0,2026-09-14 21:14:00
2026-09-14 21:05:32,HACS208P,0101,Charles Harry,26,0,0,2026-09-14 21:14:00
2026-09-14 21:05:32,HACS297,0101,Sarah Herberger,25,5,0,2026-09-14 21:14:01
2026-09-14 21:05:32,HACS408E,0101,Luke Mains,30,10,0,2026-09-14 21:14:01
2026-09-14 21:05:32,HACS408L,0101,Ian Serbin,30,2,0,2026-09-14 21:14:01
2026-09-14 21:05:32,HACS408M,0101,John McGahagan,30,0,0,2026-09-14 21:14:02
2026-09-14 21:05:32,HACS498,0101,Thomas Woods,7,1,0,2026-09-14 21:14:02
2026-09-14 21:05:32,HACS498,0201,David Trott,9,0,0,2026-09-14 21:14:02
2026-09-14 21:05:32,HACS498,0301,Michel Cukier,8,0,0,2026-09-14 21:14:02
2026-09-14 21:05:32,HBUS100,0101,Jui Ramaprasad,72,4,0,2026-09-14 21:14:04
2026-09-14 21:05:32,HBUS200,0101,Nicole Coomber,60,1,0,2026-09-14 21:14:04
2026-09-14 21:05:32,HDCC105,0101,Antwon Key,70,7,0,2026-09-14 21:14:05
2026-09-14 21:05:32,HDCC201,0101,Jessica Lu,22,0,0,2026-09-14 21:14:06
2026-09-14 21:05:32,HDCC201,0201,Jessica Lu,22,0,0,2026-09-14 21:14:06
2026-09-14 21:05:32,HDCC201,0301,Jessica Lu,22,4,0,2026-09-14 21:14:06
2026-09-14 21:05:32,HDCC208A,0101,William Evans,14,0,0,2026-09-14 21:14:06
2026-09-14 21:05:32,HDCC208J,0101,Grant Bollmer,14,0,0,2026-09-14 21:14:06
2026-09-14 21:05:32,HDCC208P,0101,Cliff Bakalian,14,1,0,2026-09-14 21:14:06
2026-09-14 21:05:32,HDCC208T,0101,Jonathan Reyes,14,0,0,2026-09-14 21:14:07
2026-09-14 21:05:32,HDCC208Z,0101,M Sauter,14,7,0,2026-09-14 21:14:07
2026-09-14 21:05:32,HEBR106,0101,Avital Karpman,15,2,0,2026-09-14 21:14:09
2026-09-14 21:05:32,HEBR106,0201,Avital Karpman,15,5,0,2026-09-14 21:14:09
2026-09-14 21:05:32,HEBR206,0101,Avital Karpman,15,5,0,2026-09-14 21:14:09
2026-09-14 21:05:32,HEBR249C,0101,Aliza Sandalon,15,0,1,2026-09-14 21:14:09
2026-09-14 21:05:32,HEBR298B,0101,Matthew Suriano,25,1,0,2026-09-14 21:14:10
2026-09-14 21:05:32,HEBR313,0101,Aliza Sandalon,20,0,2,2026-09-14 21:14:10
2026-09-14 21:05:32,HGLO100,0101,Alfredo Oliveira,22,8,0,2026-09-14 21:14:23
2026-09-14 21:05:32,HGLO100,0102,Natalie Vinski Ibrahim,22,9,0,2026-09-14 21:14:23
2026-09-14 21:05:32,HGLO100,0103,Natalie Vinski Ibrahim,22,1,0,2026-09-14 21:14:23
2026-09-14 21:05:32,HGLO100,0104,Alfredo Oliveira,22,11,0,2026-09-14 21:14:23
2026-09-14 21:05:32,HGLO101,0101,Sarah Croco,23,3,0,2026-09-14 21:14:24
2026-09-14 21:05:32,HGLO101,0102,Sarah Croco,22,9,0,2026-09-14 21:14:24
2026-09-14 21:05:32,HGLO101,0103,Sarah Croco,22,6,0,2026-09-14 21:14:24
2026-09-14 21:05:32,HGLO101,0104,Sarah Croco,22,13,0,2026-09-14 21:14:24
2026-09-14 21:05:32,HGLO207,0101,Natalie Vinski Ibrahim,25,12,0,2026-09-14 21:14:24
2026-09-14 21:05:32,HGLO208,0101,Alfredo Oliveira,45,25,0,2026-09-14 21:14:24
2026-09-14 21:05:32,HGLO298,0101,Jordan Gouws-Dewar,30,25,0,2026-09-14 21:14:24
2026-09-14 21:05:32,HLSC100,0101,Jalah Townsend,24,3,0,2026-09-14 21:14:55
2026-09-14 21:05:32,HLSC100,0102,Jalah Townsend,24,2,0,2026-09-14 21:14:55
2026-09-14 21:05:32,HLSC100,0103,Jalah Townsend,24,4,0,2026-09-14 21:14:55
2026-09-14 21:05:32,HLSC100,0104,Jalah Townsend,24,7,0,2026-09-14 21:14:55
2026-09-14 21:05:32,HLSC280,0101,Najib El-Sayed,25,3,0,2026-09-14 21:14:55
2026-09-14 21:05:32,HLSC280,0102,Najib El-Sayed,25,4,0,2026-09-14 21:14:55
2026-09-14 21:05:32,HLSC280,0103,Najib El-Sayed,25,4,0,2026-09-14 21:14:55
2026-09-14 21:05:32,HLSC280,0104,Najib El-Sayed,25,9,0,2026-09-14 21:14:55
2026-09-14 21:05:32,HLSC329,0101,Sabrina Kramer,12,4,0,2026-09-14 21:14:56
2026-09-14 21:05:32,HNUH100,0101,Robert Graham,20,3,0,2026-09-14 21:15:12
2026-09-14 21:05:32,HNUH100,0102,Robert Graham,20,0,0,2026-09-14 21:15:12
2026-09-14 21:05:32,HNUH100,0103,Brittany Proudfoot Ginder,20,1,0,2026-09-14 21:15:12
2026-09-14 21:05:32,HNUH100,0104,Max Barnewitz,20,1,0,2026-09-14 21:15:12
2026-09-14 21:05:32,HNUH100,0105,Vasfiye Toprak,20,0,0,2026-09-14 21:15:12
2026-09-14 21:05:32,HNUH100,0106,Vasfiye Toprak,20,2,0,2026-09-14 21:15:12
2026-09-14 21:05:32,HNUH100,0201,Max Barnewitz,20,1,0,2026-09-14 21:15:12
2026-09-14 21:05:32,HNUH100,0202,Max Barnewitz,20,0,0,2026-09-14 21:15:12
2026-09-14 21:05:32,HNUH100,0203,Vasfiye Toprak,20,2,0,2026-09-14 21:15:12
2026-09-14 21:05:32,HNUH100,0204,Vasfiye Toprak,20,0,0,2026-09-14 21:15:12
2026-09-14 21:05:32,HNUH100,0205,Ayondela McDole,20,4,0,2026-09-14 21:15:12
2026-09-14 21:05:32,HNUH100,0206,Ayondela McDole,20,0,0,2026-09-14 21:15:12
2026-09-14 21:05:32,HNUH100,0301,Robert Graham,20,0,0,2026-09-14 21:15:12
2026-09-14 21:05:32,HNUH100,0302,Shauna Rigaud,20,8,0,2026-09-14 21:15:12
2026-09-14 21:05:32,HNUH100,0303,Shauna Rigaud,20,0,0,2026-09-14 21:15:12
2026-09-14 21:05:32,HNUH100,0304,Max Barnewitz,20,3,0,2026-09-14 21:15:12
2026-09-14 21:05:32,HNUH100,0305,Vasfiye Toprak,20,0,0,2026-09-14 21:15:12
2026-09-14 21:05:32,HNUH100,0306,Vasfiye Toprak,20,1,0,2026-09-14 21:15:12
2026-09-14 21:05:32,HNUH100,0401,Gretchen Bella,20,0,0,2026-09-14 21:15:12
2026-09-14 21:05:32,HNUH100,0402,Gretchen Bella,20,6,0,2026-09-14 21:15:12
2026-09-14 21:05:32,HNUH100,0403,Max Barnewitz,20,1,0,2026-09-14 21:15:12
2026-09-14 21:05:32,HNUH100,0404,Ayondela McDole,20,6,0,2026-09-14 21:15:12
2026-09-14 21:05:32,HNUH100,0405,Ayondela McDole,20,0,0,2026-09-14 21:15:12
2026-09-14 21:05:32,HNUH100,0406,Ayondela McDole,20,4,0,2026-09-14 21:15:12
2026-09-14 21:05:32,HNUH100,0501,Leigha McReynolds,10,4,0,2026-09-14 21:15:12
2026-09-14 21:05:32,HNUH100,0601,Brittany Proudfoot Ginder,20,0,0,2026-09-14 21:15:12
2026-09-14 21:05:32,HNUH218D,0101,Brian Gilmore,48,0,1,2026-09-14 21:15:13
2026-09-14 21:05:32,HNUH218L,0101,Shauna Rigaud,20,0,0,2026-09-14 21:15:13
2026-09-14 21:05:32,HNUH218L,0201,Shauna Rigaud,20,0,0,2026-09-14 21:15:13
2026-09-14 21:05:32,HNUH228D,0101,Matthew McLaughlin,60,2,0,2026-09-14 21:15:13
2026-09-14 21:05:32,HNUH228L,0101,Alena Wigodner,20,0,0,2026-09-14 21:15:13
2026-09-14 21:05:32,HNUH228L,0201,Alena Wigodner,20,0,0,2026-09-14 21:15:13
2026-09-14 21:05:32,HNUH228N,0101,Peter Grybauskas,20,0,0,2026-09-14 21:15:14
2026-09-14 21:05:32,HNUH229I,0101,Gretchen Bella,23,3,0,2026-09-14 21:15:14
2026-09-14 21:05:32,HNUH238D,0101,Susan Moeller,60,3,0,2026-09-14 21:15:14
2026-09-14 21:05:32,HNUH238L,0101,Kimberly Johnson,20,2,0,2026-09-14 21:15:15
2026-09-14 21:05:32,HNUH238L,0201,Kimberly Johnson,20,0,0,2026-09-14 21:15:15
2026-09-14 21:05:32,HNUH238N,0101,Hannah Wegmann,20,6,0,2026-09-14 21:15:15
2026-09-14 21:05:32,HNUH239T,0101,Gerald Suarez,20,0,0,2026-09-14 21:15:15
2026-09-14 21:05:32,HNUH248D,0101,Juan Uriagereka,45,3,0,2026-09-14 21:15:15
2026-09-14 21:05:32,HNUH248L,0201,Robert Graham,20,4,0,2026-09-14 21:15:16
2026-09-14 21:05:32,HNUH248M,0101,Hassanatu Blake,20,13,0,2026-09-14 21:15:16
2026-09-14 21:05:32,HNUH248N,0101,Siv Lie,20,0,1,2026-09-14 21:15:16
2026-09-14 21:05:32,HNUH249P,0101,Temim Nusraty,20,2,0,2026-09-14 21:15:17
2026-09-14 21:05:32,HNUH258C,0101,Bill Fagan,55,26,0,2026-09-14 21:15:17
2026-09-14 21:05:32,HNUH258Q,0101,Tiara Thomas,20,1,0,2026-09-14 21:15:17
2026-09-14 21:05:32,HNUH259P,0101,Hooman Koliji,20,2,0,2026-09-14 21:15:17
2026-09-14 21:05:32,HNUH268C,0101,Perla Guerrero,60,36,0,2026-09-14 21:15:18
2026-09-14 21:05:32,HNUH269P,0101,Marisa Franco,20,0,1,2026-09-14 21:15:18
2026-09-14 21:05:32,HNUH278C,0101,Chinyere Osuji,60,37,0,2026-09-14 21:15:18
2026-09-14 21:05:32,HNUH278I,0101,Marisa Franco,20,5,0,2026-09-14 21:15:18
2026-09-14 21:05:32,HNUH278I,0102,Marisa Franco,20,1,0,2026-09-14 21:15:18
2026-09-14 21:05:32,HNUH278R,0101,Max Barnewitz,20,4,0,2026-09-14 21:15:19
2026-09-14 21:05:32,HNUH288C,0101,Julia Steinberg,30,3,0,2026-09-14 21:15:19
2026-09-14 21:05:32,HNUH288C,0103,Julia Steinberg,30,9,0,2026-09-14 21:15:19
2026-09-14 21:05:32,HNUH288O,0101,Ariana Nash,20,1,0,2026-09-14 21:15:19
2026-09-14 21:05:32,HNUH300,0301,Vasfiye Toprak,20,0,0,2026-09-14 21:15:20
2026-09-14 21:05:32,HNUH300,0401,Robert Graham,20,0,0,2026-09-14 21:15:20
2026-09-14 21:05:32,HNUH300,0601,Alena Wigodner,20,0,0,2026-09-14 21:15:20
2026-09-14 21:05:32,HNUH300,0701,Ingrid Satelmajer,20,14,0,2026-09-14 21:15:20
2026-09-14 21:05:32,HNUH300,0801,Shauna Rigaud,20,1,0,2026-09-14 21:15:20
2026-09-14 21:05:32,HNUH300,0901,Kimberly Johnson,20,4,0,2026-09-14 21:15:20
2026-09-14 21:05:32,HNUH300,1001,Ingrid Satelmajer,20,13,0,2026-09-14 21:15:20
2026-09-14 21:05:32,HNUH318T,0101,Peter Owen,24,1,0,2026-09-14 21:15:20
2026-09-14 21:05:32,HNUH319T,0101,Emily Shetty,22,0,0,2026-09-14 21:15:20
2026-09-14 21:05:32,HNUH328T,0101,Woodie Kessel,24,2,0,2026-09-14 21:15:20
2026-09-14 21:05:32,HNUH329T,0101,Rob Long,20,1,0,2026-09-14 21:15:21
2026-09-14 21:05:32,HNUH338T,0101,Andrew Fausett,22,2,0,2026-09-14 21:15:21
2026-09-14 21:05:32,HNUH348T,0101,Ed Fendley,22,1,0,2026-09-14 21:15:21
2026-09-14 21:05:32,HNUH358T,0101,Sean Misko,22,1,0,2026-09-14 21:15:22
2026-09-14 21:05:32,HNUH359T,0101,Amanda Schoch,20,0,0,2026-09-14 21:15:22
2026-09-14 21:05:32,HNUH368T,0101,Nadia Farra,21,0,0,2026-09-14 21:15:22
2026-09-14 21:05:32,HNUH369T,0101,Andrew Nissen,20,2,0,2026-09-14 21:15:22
2026-09-14 21:05:32,HNUH378T,0101,Joshua Glasser,20,0,0,2026-09-14 21:15:23
2026-09-14 21:05:32,HNUH398P,0101,Jayakumar Arasan,25,22,0,2026-09-14 21:15:23
2026-09-14 21:05:32,HNUH398P,0201,Jayakumar Arasan,5,2,0,2026-09-14 21:15:23
2026-09-14 21:05:32,HNUH398T,0101,Sasha Koo-Oshima,20,3,0,2026-09-14 21:15:23
2026-09-14 21:05:32,HONR368A,0101,Blake Wilder,22,1,0,2026-09-14 21:15:25
2026-09-14 21:05:32,IMDM101,0101,Mollye Bendell,30,16,0,2026-09-14 21:15:29
2026-09-14 21:05:32,IMDM101,0201,Myungin Lee,30,17,0,2026-09-14 21:15:29
2026-09-14 21:05:32,IMDM101,0301,Myungin Lee,30,23,0,2026-09-14 21:15:29
2026-09-14 21:05:32,IMDM127,0101,Roger Eastman,36,21,0,2026-09-14 21:15:29
2026-09-14 21:05:32,IMDM150,0101,Stefano Passeri,30,15,0,2026-09-14 21:15:29
2026-09-14 21:05:32,IMDM227,0101,Stevens Miller,30,2,0,2026-09-14 21:15:30
2026-09-14 21:05:32,IMDM227,0201,Stevens Miller,30,17,0,2026-09-14 21:15:30
2026-09-14 21:05:32,IMDM327,0101,Myungin Lee,25,0,0,2026-09-14 21:15:30
2026-09-14 21:05:32,IMDM350,0101,Jason Farman,29,12,0,2026-09-14 21:15:30
2026-09-14 21:05:32,IMDM490,0101,Matthew Nolan,30,0,0,2026-09-14 21:15:31
2026-09-14 21:05:32,IMDM490,0201,Matthew Nolan,30,16,0,2026-09-14 21:15:31
2026-09-14 21:05:32,IMDM498K,0101,Matthew Nolan,15,1,0,2026-09-14 21:15:31
2026-09-14 21:05:32,IMMR319D,0101,Beka Guluma,20,13,0,2026-09-14 21:15:33
2026-09-14 21:05:32,IMMR394,0101,Wenxi Yang,30,1,0,2026-09-14 21:15:33
2026-09-14 21:05:32,IMMR399,0101,Instructor: TBA,2,2,0,2026-09-14 21:15:33
2026-09-14 21:05:32,IMMR400,0101,Gerson Rosales,20,4,0,2026-09-14 21:15:34
2026-09-14 21:05:32,ISRL249J,0101,Aner Tal,30,24,0,2026-09-14 21:15:45
2026-09-14 21:05:32,ISRL249M,0101,Aliza Sandalon,15,0,1,2026-09-14 21:15:45
2026-09-14 21:05:32,ISRL283,0101,Shay Hazkani,35,6,0,2026-09-14 21:15:45
2026-09-14 21:05:32,ISRL349G,0101,Marwa Maziad,30,1,0,2026-09-14 21:15:46
2026-09-14 21:05:32,ISRL349K,0101,Regev Ben-David,30,23,0,2026-09-14 21:15:46
2026-09-14 21:05:32,ISRL349T,0101,Elli Lieberman,35,22,0,2026-09-14 21:15:46
2026-09-14 21:05:32,ISRL349Y,0101,Adina Friedman,35,28,0,2026-09-14 21:15:46
2026-09-14 21:05:32,ISRL382,0101,Ilai Saltzman,35,1,0,2026-09-14 21:15:47
2026-09-14 21:05:32,ISRL448R,0101,Morad Elsana,25,10,0,2026-09-14 21:15:47
2026-09-14 21:05:32,ITAL103,0101,Antonella D'Amario,18,14,0,2026-09-14 21:15:48
2026-09-14 21:05:32,ITAL103,0201,Antonella D'Amario,18,6,0,2026-09-14 21:15:48
2026-09-14 21:05:32,ITAL103,0301,Joseph Falvo,18,6,0,2026-09-14 21:15:48
2026-09-14 21:05:32,ITAL203,0101,Antonella D'Amario,18,9,0,2026-09-14 21:15:49
2026-09-14 21:05:32,ITAL203,0201,Antonella D'Amario,18,13,0,2026-09-14 21:15:49
2026-09-14 21:05:32,ITAL204,0101,Federica Soddu,18,13,0,2026-09-14 21:15:49
2026-09-14 21:05:32,ITAL207,0101,Mirella Vaglio,18,17,0,2026-09-14 21:15:49
2026-09-14 21:05:32,ITAL301,0101,Federica Soddu,20,11,0,2026-09-14 21:15:49
2026-09-14 21:05:32,ITAL362,0101,Federica Soddu,20,12,0,2026-09-14 21:15:50
2026-09-14 21:05:32,ITAL401,0101,Mirella Vaglio,15,12,0,2026-09-14 21:15:51
2026-09-14 21:05:32,ITAL421,0101,Joseph Falvo,25,14,0,2026-09-14 21:15:51
2026-09-14 21:05:32,ITAL478R,0101,Joseph Falvo,5,3,0,2026-09-14 21:15:51
2026-09-14 21:05:32,JAPN101,0101,Kumiko Akikawa,15,4,0,2026-09-14 21:15:53
2026-09-14 21:05:32,JAPN101,0201,Kumiko Akikawa,15,6,0,2026-09-14 21:15:53
2026-09-14 21:05:32,JAPN101,0301,Kumiko Akikawa,15,5,0,2026-09-14 21:15:53
2026-09-14 21:05:32,JAPN201,0101,Makiko Inoue,15,5,0,2026-09-14 21:15:53
2026-09-14 21:05:32,JAPN201,0201,Makiko Inoue,15,8,0,2026-09-14 21:15:53
2026-09-14 21:05:32,JAPN301,0101,Mari Hamada,15,9,0,2026-09-14 21:15:53
2026-09-14 21:05:32,JAPN311,0101,Jyana Browne,15,11,0,2026-09-14 21:15:54
2026-09-14 21:05:32,JAPN315,0101,Michele Mason,20,6,0,2026-09-14 21:15:54
2026-09-14 21:05:32,JAPN320,0101,Lindsay Yotsukura,15,8,0,2026-09-14 21:15:54
2026-09-14 21:05:32,JAPN498B,0101,Jyana Browne,20,3,0,2026-09-14 21:15:55
2026-09-14 21:05:32,KORA101,0101,Saerom Kwak,15,0,1,2026-09-14 21:16:34
2026-09-14 21:05:32,KORA101,0201,Saerom Kwak,15,1,0,2026-09-14 21:16:34
2026-09-14 21:05:32,KORA101,0301,Saerom Kwak,15,5,0,2026-09-14 21:16:34
2026-09-14 21:05:32,KORA101,0401,Saerom Kwak,15,5,0,2026-09-14 21:16:34
2026-09-14 21:05:32,KORA201,0101,Seong Minne Koh,15,4,0,2026-09-14 21:16:34
2026-09-14 21:05:32,KORA201,0201,Seong Minne Koh,15,5,0,2026-09-14 21:16:34
2026-09-14 21:05:32,KORA201,0301,Seong Minne Koh,15,8,0,2026-09-14 21:16:34
2026-09-14 21:05:32,KORA398G,0101,Instructor: TBA,10,7,0,2026-09-14 21:16:35
2026-09-14 21:05:32,KORA398W,0101,Seong Minne Koh,10,3,0,2026-09-14 21:16:35
2026-09-14 21:05:32,LEAD217,0101,Festus Ainoo,25,0,0,2026-09-14 21:16:50
2026-09-14 21:05:32,LEAD217,0201,Adrian Bitton,25,1,0,2026-09-14 21:16:50
2026-09-14 21:05:32,LEAD217,FC01,Festus Ainoo,22,0,1,2026-09-14 21:16:50
2026-09-14 21:05:32,LEAD305,0101,Anastasia Lavrenyuk,20,4,0,2026-09-14 21:16:50
2026-09-14 21:05:32,LEAD315,0101,Anastasia Lavrenyuk,25,11,0,2026-09-14 21:16:50
2026-09-14 21:05:32,LEAD320,0101,Courtney Holder,10,8,0,2026-09-14 21:16:51
2026-09-14 21:05:32,LGBT200,0201,Basanth Babu,25,0,0,2026-09-14 21:16:52
2026-09-14 21:05:32,LGBT265,0101,Tyra Griffin,30,0,0,2026-09-14 21:16:52
2026-09-14 21:05:32,LGBT265,0201,Declan Langton,30,0,0,2026-09-14 21:16:52
2026-09-14 21:05:32,LGBT359J,0101,Chris Eng,25,14,0,2026-09-14 21:16:53
2026-09-14 21:05:32,MLAW100,0101,Christine White,83,15,0,2026-09-14 21:17:26
2026-09-14 21:05:32,MLAW304,0201,Christine White,65,16,0,2026-09-14 21:17:26
2026-09-14 21:05:32,MLAW305,0101,Brian Gilmore,40,2,0,2026-09-14 21:17:27
2026-09-14 21:05:32,MLAW315,0101,Grace Benton,13,3,0,2026-09-14 21:17:27
2026-09-14 21:05:32,MLAW358Q,0101,David Cunningham,0,0,0,2026-09-14 21:17:27
2026-09-14 21:05:32,MLAW358T,0101,Christine White,25,6,0,2026-09-14 21:17:27
2026-09-14 21:05:32,MLAW358X,0101,Martin Kobren,5,0,0,2026-09-14 21:17:28
2026-09-14 21:05:32,MLAW359,0101,Brandee Pettus,10,4,0,2026-09-14 21:17:28
2026-09-14 21:05:32,MLAW378E,0101,Brandee Pettus,5,5,0,2026-09-14 21:17:28
2026-09-14 21:05:32,MLAW378K,0101,Brian Gilmore,20,1,0,2026-09-14 21:17:29
2026-09-14 21:05:32,MLAW378Q,0101,Paul Huth,2,0,0,2026-09-14 21:17:29
2026-09-14 21:05:32,MLAW378R,0101,Nancy Schertzing,13,2,0,2026-09-14 21:17:29
2026-09-14 21:05:32,MLAW388,0101,Brandee Pettus,40,21,0,2026-09-14 21:17:29
2026-09-14 21:05:32,MLSC250,FC01,William Simpson,24,4,0,2026-09-14 21:17:31
2026-09-14 21:05:32,NEUR200,0101,Ana Navarro Cebrian,80,4,0,2026-09-14 21:17:50
2026-09-14 21:05:32,NEUR200,0201,Ana Navarro Cebrian,80,0,2,2026-09-14 21:17:50
2026-09-14 21:05:32,NEUR200,0301,Evan Hart,80,0,1,2026-09-14 21:17:50
2026-09-14 21:05:32,NEUR305,0101,Amanda Chicoli,100,10,0,2026-09-14 21:17:50
2026-09-14 21:05:32,NEUR306,0101,Chan Lin,200,6,0,2026-09-14 21:17:50
2026-09-14 21:05:32,NEUR398H,0101,Nikolas Francis,20,1,0,2026-09-14 21:17:51
2026-09-14 21:05:32,NEUR405,0101,Hilary Bierman,20,0,0,2026-09-14 21:17:52
2026-09-14 21:05:32,NEUR405,0102,Hilary Bierman,20,0,0,2026-09-14 21:17:52
2026-09-14 21:05:32,NEUR405,0103,Hilary Bierman,20,0,0,2026-09-14 21:17:52
2026-09-14 21:05:32,PEER312,0101,Aleia Gardner,15,8,0,2026-09-14 21:18:05
2026-09-14 21:05:32,PEER318,0101,Christina Jay,15,11,0,2026-09-14 21:18:06
2026-09-14 21:05:32,PEER319,0101,Grace Boudreau,15,7,0,2026-09-14 21:18:06
2026-09-14 21:05:32,PHPE308D,0101,Xinzhi Zhao,30,8,0,2026-09-14 21:18:19
2026-09-14 21:05:32,PHPE308F,0101,Regev Ben-David,30,23,0,2026-09-14 21:18:20
2026-09-14 21:05:32,PHPE308O,0101,Jackson Iszler,30,0,0,2026-09-14 21:18:20
2026-09-14 21:05:32,PHPE308T,0101,Hallie Liberto,30,17,0,2026-09-14 21:18:20
2026-09-14 21:05:32,PHPE308Y,0101,Rachel Singpurwalla,20,0,1,2026-09-14 21:18:20
2026-09-14 21:05:32,PHPE308Y,0102,Rachel Singpurwalla,20,0,1,2026-09-14 21:18:20
2026-09-14 21:05:32,PHPE308Y,0103,Rachel Singpurwalla,20,0,2,2026-09-14 21:18:20
2026-09-14 21:05:32,PHPE400,0101,Justin Helms,18,0,0,2026-09-14 21:18:21
2026-09-14 21:05:32,PHPE400,0102,Justin Helms,18,0,0,2026-09-14 21:18:21
2026-09-14 21:05:32,PHPE400,0103,Justin Helms,20,1,0,2026-09-14 21:18:21
2026-09-14 21:05:32,PHPE401,0101,Xinzhi Zhao,25,0,3,2026-09-14 21:18:21
2026-09-14 21:05:32,PHPE402,0101,Dan Moller,30,2,0,2026-09-14 21:18:21
2026-09-14 21:05:32,PHPE408J,0101,Lixing Miao,25,0,0,2026-09-14 21:18:22
2026-09-14 21:05:32,PHPE408R,0101,Xinzhi Zhao,25,9,0,2026-09-14 21:18:22
2026-09-14 21:05:32,PHSC388J,0101,Kendall Bustad,20,6,0,2026-09-14 21:18:23
2026-09-14 21:05:32,PHSC399,0101,Shannon Edward,30,7,0,2026-09-14 21:18:24
2026-09-14 21:05:32,PHSC415,0101,Jessica O'Hara,31,0,0,2026-09-14 21:18:24
2026-09-14 21:05:32,PHSC415,0102,Jessica O'Hara,31,0,0,2026-09-14 21:18:24
2026-09-14 21:05:32,PHSC415,0103,Jessica O'Hara,31,0,0,2026-09-14 21:18:24
2026-09-14 21:05:32,PHSC415,0104,Jessica O'Hara,31,2,0,2026-09-14 21:18:24
2026-09-14 21:05:32,PHSC415,0105,Jessica O'Hara,31,2,0,2026-09-14 21:18:24
2026-09-14 21:05:32,PHSC420,0101,Jennifer German,35,5,0,2026-09-14 21:18:25
2026-09-14 21:05:32,PHSC450,0101,Kendall Bustad,20,1,0,2026-09-14 21:18:25
2026-09-14 21:05:32,PHSC450,0102,Kendall Bustad,20,1,0,2026-09-14 21:18:25
2026-09-14 21:05:32,PHSC450,0103,Kendall Bustad,20,0,0,2026-09-14 21:18:25
2026-09-14 21:05:32,PHSC450,0104,Kendall Bustad,20,0,0,2026-09-14 21:18:25
2026-09-14 21:05:32,PHSC450,0105,Kendall Bustad,20,0,0,2026-09-14 21:18:25
2026-09-14 21:05:32,PHSC450,0106,Kendall Bustad,20,0,0,2026-09-14 21:18:25
2026-09-14 21:05:32,PHSC450,0107,Kendall Bustad,20,0,0,2026-09-14 21:18:25
2026-09-14 21:05:32,PHSC450,0108,Kendall Bustad,20,0,0,2026-09-14 21:18:25
2026-09-14 21:05:32,PHSC497,0101,Kendall Bustad,20,2,0,2026-09-14 21:18:25
2026-09-14 21:05:32,PHSC497,0301,Shannon Edward,20,4,0,2026-09-14 21:18:25
2026-09-14 21:05:32,PHSC497,0601,Jennifer German,20,4,0,2026-09-14 21:18:25
2026-09-14 21:05:32,PLCY100,0101,Toby Egan,25,0,1,2026-09-14 21:18:44
2026-09-14 21:05:32,PLCY100,0102,Toby Egan,25,0,0,2026-09-14 21:18:44
2026-09-14 21:05:32,PLCY100,0103,Toby Egan,25,1,0,2026-09-14 21:18:44
2026-09-14 21:05:32,PLCY100,0104,Toby Egan,25,0,0,2026-09-14 21:18:44
2026-09-14 21:05:32,PLCY100,0201,Namrta Sharma,25,12,0,2026-09-14 21:18:44
2026-09-14 21:05:32,PLCY100,0202,Namrta Sharma,25,15,0,2026-09-14 21:18:44
2026-09-14 21:05:32,PLCY100,0203,Namrta Sharma,25,1,0,2026-09-14 21:18:44
2026-09-14 21:05:32,PLCY100,0204,Namrta Sharma,25,9,0,2026-09-14 21:18:44
2026-09-14 21:05:32,PLCY101,0101,Robert Sprinkle,75,0,0,2026-09-14 21:18:44
2026-09-14 21:05:32,PLCY170,0101,Joshua Itzkowitz Shifrinson,20,0,0,2026-09-14 21:18:45
2026-09-14 21:05:32,PLCY170,0102,Joshua Itzkowitz Shifrinson,20,0,0,2026-09-14 21:18:45
2026-09-14 21:05:32,PLCY170,0103,Joshua Itzkowitz Shifrinson,20,0,0,2026-09-14 21:18:45
2026-09-14 21:05:32,PLCY170,0104,Joshua Itzkowitz Shifrinson,20,0,0,2026-09-14 21:18:45
2026-09-14 21:05:32,PLCY170,0105,Joshua Itzkowitz Shifrinson,20,1,0,2026-09-14 21:18:45
2026-09-14 21:05:32,PLCY170,0106,Joshua Itzkowitz Shifrinson,25,2,0,2026-09-14 21:18:45
2026-09-14 21:05:32,PLCY172,0101,Caroline Ritter,95,33,0,2026-09-14 21:18:45
2026-09-14 21:05:32,PLCY200,0101,Shanna Pearson-Merkowitz,35,0,0,2026-09-14 21:18:45
2026-09-14 21:05:32,PLCY200,0201,Shanna Pearson-Merkowitz,35,1,0,2026-09-14 21:18:45
2026-09-14 21:05:32,PLCY200,0301,Namrta Sharma,35,0,2,2026-09-14 21:18:45
2026-09-14 21:05:32,PLCY201,0101,Julio Guzman,70,0,0,2026-09-14 21:18:45
2026-09-14 21:05:32,PLCY201,0201,Gregory Ramsay,60,0,0,2026-09-14 21:18:45
2026-09-14 21:05:32,PLCY201,FC01,Anne Kaiser,32,0,0,2026-09-14 21:18:45
2026-09-14 21:05:32,PLCY201,FC02,Anne Kaiser,32,6,0,2026-09-14 21:18:45
2026-09-14 21:05:32,PLCY201S,0101,Susannah Washburn,80,4,0,2026-09-14 21:18:46
2026-09-14 21:05:32,PLCY203,0101,Thomas Hilde,60,10,0,2026-09-14 21:18:46
2026-09-14 21:05:32,PLCY203,0201,Anne Kaiser,60,38,0,2026-09-14 21:18:46
2026-09-14 21:05:32,PLCY213,0201,Claire Dunning,40,3,0,2026-09-14 21:18:46
2026-09-14 21:05:32,PLCY214,0101,Patricia Bory,65,20,0,2026-09-14 21:18:47
2026-09-14 21:05:32,PLCY240,0101,Timothy Reedy,30,1,0,2026-09-14 21:18:47
2026-09-14 21:05:32,PLCY288K,0101,CHRISTIAN OSTERMANN,25,1,0,2026-09-14 21:18:47
2026-09-14 21:05:32,PLCY300,0101,Alana Hackshaw,45,0,1,2026-09-14 21:18:47
2026-09-14 21:05:32,PLCY300,0201,Namrta Sharma,45,28,0,2026-09-14 21:18:47
2026-09-14 21:05:32,PLCY301,0101,Caroline Boules,165,2,0,2026-09-14 21:18:48
2026-09-14 21:05:32,PLCY302,0101,Niambi Carter,40,1,0,2026-09-14 21:18:48
2026-09-14 21:05:32,PLCY302,0201,Ebonie Johnson Cooper,40,0,0,2026-09-14 21:18:48
2026-09-14 21:05:32,PLCY302,0301,Lindsay Dieudonne,40,0,1,2026-09-14 21:18:48
2026-09-14 21:05:32,PLCY303,0101,Juan Martinez Guzman,40,3,0,2026-09-14 21:18:48
2026-09-14 21:05:32,PLCY304,0101,Michael Busse,40,11,0,2026-09-14 21:18:48
2026-09-14 21:05:32,PLCY304,0201,Michael Busse,40,12,0,2026-09-14 21:18:48
2026-09-14 21:05:32,PLCY309,0101,Martin Sanders,30,15,0,2026-09-14 21:18:49
2026-09-14 21:05:32,PLCY310,0101,Selvon Waldron,35,16,0,2026-09-14 21:18:49
2026-09-14 21:05:32,PLCY313,0101,Gerard Evans,100,4,0,2026-09-14 21:18:49
2026-09-14 21:05:32,PLCY371,0101,Joshua Itzkowitz Shifrinson,35,0,0,2026-09-14 21:18:49
2026-09-14 21:05:32,PLCY380,0101,Isabel O'Malley,40,8,0,2026-09-14 21:18:50
2026-09-14 21:05:32,PLCY380,ESG1,Kisha McNeill,30,0,1,2026-09-14 21:18:50
2026-09-14 21:05:32,PLCY388A,0101,Brandi Onowu,40,6,0,2026-09-14 21:18:50
2026-09-14 21:05:32,PLCY388N,0101,Nina Harris,25,2,0,2026-09-14 21:18:50
2026-09-14 21:05:32,PLCY390,0101,Lena Andrews,20,0,0,2026-09-14 21:18:51
2026-09-14 21:05:32,PLCY399B,0101,Beatrice DeBelen,30,19,0,2026-09-14 21:18:51
2026-09-14 21:05:32,PLCY400,0101,Patricia Bory,25,1,0,2026-09-14 21:18:52
2026-09-14 21:05:32,PLCY401,0101,Anand Patwardhan,20,5,0,2026-09-14 21:18:52
2026-09-14 21:05:32,PLCY401,0201,Tracy Thompson,20,0,0,2026-09-14 21:18:52
2026-09-14 21:05:32,PLCY401,0301,David Mussington,20,9,0,2026-09-14 21:18:52
2026-09-14 21:05:32,PLCY490,0101,Michael Woldemariam,15,2,0,2026-09-14 21:18:52
2026-09-14 21:05:32,PLCY492,0101,Steve Fetter,20,2,0,2026-09-14 21:18:52
2026-09-14 21:05:32,PLCY610,0201,Alec Worsnop,40,9,0,2026-09-14 21:18:53
2026-09-14 21:05:32,PLCY630,0101,Catherine Worsnop,25,2,0,2026-09-14 21:18:53
2026-09-14 21:05:32,PLCY630,0201,Catherine Worsnop,25,3,0,2026-09-14 21:18:53
2026-09-14 21:05:32,PLCY631,0101,Cullen Merritt,25,0,0,2026-09-14 21:18:53
2026-09-14 21:05:32,PLCY640,0201,Thomas Spreen,30,4,0,2026-09-14 21:18:54
2026-09-14 21:05:32,PLCY641,0101,Tyler Kustra,30,3,0,2026-09-14 21:18:54
2026-09-14 21:05:32,PLCY641,0201,Tyler Kustra,30,11,0,2026-09-14 21:18:54
2026-09-14 21:05:32,PLCY670,0101,Philip Joyce,30,0,0,2026-09-14 21:18:54
2026-09-14 21:05:32,PLCY680,0101,Claire Dunning,25,0,0,2026-09-14 21:18:54
2026-09-14 21:05:32,PLCY680,0201,Michael Woldemariam,25,5,0,2026-09-14 21:18:54
2026-09-14 21:05:32,PLCY688C,0101,Charles Harry,20,10,0,2026-09-14 21:18:55
2026-09-14 21:05:32,PLCY688F,PWL1,Nekeya O'Connor,20,0,0,2026-09-14 21:18:55
2026-09-14 21:05:32,PLCY688P,0101,Steve Fetter,10,1,0,2026-09-14 21:18:55
2026-09-14 21:05:32,PLCY688Z,0101,Brandi Onowu,20,5,0,2026-09-14 21:18:55
2026-09-14 21:05:32,PLCY689E,0101,Susan Parker,20,0,0,2026-09-14 21:18:56
2026-09-14 21:05:32,PLCY690,0110,David Mussington,15,3,0,2026-09-14 21:18:56
2026-09-14 21:05:32,PLCY690,0120,Margaret Brindle,15,3,0,2026-09-14 21:18:56
2026-09-14 21:05:32,PLCY690,0130,Douglas Call,15,0,0,2026-09-14 21:18:56
2026-09-14 21:05:32,PLCY690,0150,Paul Brown,15,0,0,2026-09-14 21:18:56
2026-09-14 21:05:32,PLCY690,0170,James Stillwell,15,0,0,2026-09-14 21:18:56
2026-09-14 21:05:32,PLCY698T,0101,Elizabeth Duke,20,7,0,2026-09-14 21:18:56
2026-09-14 21:05:32,PLCY699L,0101,Michael Woldemariam,10,1,0,2026-09-14 21:18:57
2026-09-14 21:05:32,PLCY720,0101,Nancy Gallagher,20,2,0,2026-09-14 21:18:57
2026-09-14 21:05:32,PLCY734,0101,Niambi Carter,20,0,0,2026-09-14 21:18:57
2026-09-14 21:05:32,PLCY735,0101,Robert Sprinkle,20,7,0,2026-09-14 21:18:57
2026-09-14 21:05:32,PLCY741,0101,Anand Patwardhan,20,7,0,2026-09-14 21:18:58
2026-09-14 21:05:32,PLCY742,0101,Thomas Hilde,20,8,0,2026-09-14 21:18:58
2026-09-14 21:05:32,PLCY780,0101,Robert Orr,20,0,0,2026-09-14 21:18:58
2026-09-14 21:05:32,PLCY781,0101,Julio Guzman,20,2,0,2026-09-14 21:18:58
2026-09-14 21:05:32,PLCY783,0101,Margaret Brindle,20,7,0,2026-09-14 21:18:59
2026-09-14 21:05:32,PLCY798F,PWL1,William Nolte,25,18,0,2026-09-14 21:19:00
2026-09-14 21:05:32,PLCY798V,0101,Shanna Pearson-Merkowitz,12,0,0,2026-09-14 21:19:00
2026-09-14 21:05:32,PLCY798W,0101,Martin Sanders,10,9,0,2026-09-14 21:19:01
2026-09-14 21:05:32,PLCY798Y,PWL1,Jeffrey Franco,25,0,0,2026-09-14 21:19:01
2026-09-14 21:05:32,PLCY798Z,0101,Peter Reuter,12,0,0,2026-09-14 21:19:02
2026-09-14 21:05:32,PLSC112,0101,Samuel Daramola,100,12,0,2026-09-14 21:19:04
2026-09-14 21:05:32,PLSC113,0101,Samuel Daramola,24,3,0,2026-09-14 21:19:05
2026-09-14 21:05:32,PLSC113,0102,Samuel Daramola,24,5,0,2026-09-14 21:19:05
2026-09-14 21:05:32,PLSC113,0103,Samuel Daramola,24,12,0,2026-09-14 21:19:05
2026-09-14 21:05:32,PLSC113,0104,Samuel Daramola,24,10,0,2026-09-14 21:19:05
2026-09-14 21:05:32,PLSC115,0101,Shirley Micallef,24,1,0,2026-09-14 21:19:05
2026-09-14 21:05:32,PLSC201,0101,Pierre Jacob,42,15,0,2026-09-14 21:19:05
2026-09-14 21:05:32,PLSC203,0101,Vijay Tiwari,23,17,0,2026-09-14 21:19:06
2026-09-14 21:05:32,PLSC205,0101,Mark Carroll,22,1,0,2026-09-14 21:19:06
2026-09-14 21:05:32,PLSC206,0101,Pierre Jacob,21,8,0,2026-09-14 21:19:06
2026-09-14 21:05:32,PLSC206,0102,Pierre Jacob,21,7,0,2026-09-14 21:19:06
2026-09-14 21:05:32,PLSC253,0101,Karen Petroff,24,1,0,2026-09-14 21:19:07
2026-09-14 21:05:32,PLSC253,0102,Karen Petroff,24,5,0,2026-09-14 21:19:07
2026-09-14 21:05:32,PLSC389,0101,Craig Beyrouty,17,16,0,2026-09-14 21:19:07
2026-09-14 21:05:32,PLSC402,0101,Geoffrey Rinehart,10,3,0,2026-09-14 21:19:08
2026-09-14 21:05:32,PLSC404,0101,Yiping Qi,20,11,0,2026-09-14 21:19:08
2026-09-14 21:05:32,PLSC420,0101,Nidhi Rawat,18,5,0,2026-09-14 21:19:08
2026-09-14 21:05:32,PLSC420,0102,Nidhi Rawat,18,12,0,2026-09-14 21:19:08
2026-09-14 21:05:32,PLSC433,0101,Diana Cochran,10,2,0,2026-09-14 21:19:08
2026-09-14 21:05:32,PLSC453,0101,Samuel Daramola,24,1,0,2026-09-14 21:19:09
2026-09-14 21:05:32,PLSC471,0101,Juanita Choo,20,0,0,2026-09-14 21:19:09
2026-09-14 21:05:32,PLSC476,0101,Maile Neel,23,19,0,2026-09-14 21:19:09
2026-09-14 21:05:32,PLSC608,0101,Shunyuan Xiao,20,13,0,2026-09-14 21:19:10
2026-09-14 21:05:32,PORT103,0101,Parker Brookie,15,6,0,2026-09-14 21:19:12
2026-09-14 21:05:32,PORT205,0101,Parker Brookie,15,4,0,2026-09-14 21:19:13
2026-09-14 21:05:32,PORT332,0101,Parker Brookie,25,0,0,2026-09-14 21:19:13
2026-09-14 21:05:32,RELS120,0101,Antoine Borrut,40,9,0,2026-09-14 21:19:38
2026-09-14 21:05:32,RELS170,0101,Chiara Graf,21,1,0,2026-09-14 21:19:39
2026-09-14 21:05:32,RELS170,0102,Chiara Graf,21,0,0,2026-09-14 21:19:39
2026-09-14 21:05:32,RELS170,0103,Chiara Graf,21,0,0,2026-09-14 21:19:39
2026-09-14 21:05:32,RELS170,0104,Chiara Graf,21,0,0,2026-09-14 21:19:39
2026-09-14 21:05:32,RELS170,0105,Chiara Graf,21,0,0,2026-09-14 21:19:39
2026-09-14 21:05:32,RELS170,0106,Chiara Graf,21,1,0,2026-09-14 21:19:39
2026-09-14 21:05:32,RELS170,0107,Chiara Graf,21,0,0,2026-09-14 21:19:39
2026-09-14 21:05:32,RELS170,0108,Chiara Graf,21,2,0,2026-09-14 21:19:39
2026-09-14 21:05:32,RELS170,0109,Chiara Graf,22,0,0,2026-09-14 21:19:39
2026-09-14 21:05:32,RELS171,0101,Maxine Grossman,40,6,0,2026-09-14 21:19:39
2026-09-14 21:05:32,RELS219K,0101,Shay Hazkani,40,33,0,2026-09-14 21:19:39
2026-09-14 21:05:32,RELS225,0101,Stephanie Cooper,25,3,0,2026-09-14 21:19:39
2026-09-14 21:05:32,RELS273,0101,Hayim Lapin,23,1,0,2026-09-14 21:19:40
2026-09-14 21:05:32,RELS273,0102,Hayim Lapin,23,2,0,2026-09-14 21:19:40
2026-09-14 21:05:32,RELS273,0103,Hayim Lapin,23,1,0,2026-09-14 21:19:40
2026-09-14 21:05:32,RELS274,0101,Matthew Suriano,20,0,0,2026-09-14 21:19:40
2026-09-14 21:05:32,RELS274,0102,Matthew Suriano,20,0,1,2026-09-14 21:19:40
2026-09-14 21:05:32,RELS274,0103,Matthew Suriano,20,0,0,2026-09-14 21:19:40
2026-09-14 21:05:32,RELS274,0104,Matthew Suriano,20,0,0,2026-09-14 21:19:40
2026-09-14 21:05:32,RELS319D,0101,Nathan Levine,35,26,0,2026-09-14 21:19:40
2026-09-14 21:05:32,RELS319Z,0101,Regev Ben-David,30,26,0,2026-09-14 21:19:41
2026-09-14 21:05:32,RELS341,0101,Janna Bianchini,30,0,0,2026-09-14 21:19:41
2026-09-14 21:05:32,RUSS101,0101,Inna Hardman,15,6,0,2026-09-14 21:19:43
2026-09-14 21:05:32,RUSS101,0201,Inna Hardman,15,6,0,2026-09-14 21:19:43
2026-09-14 21:05:32,RUSS201,0101,Zhanna Gerus-Vernola,15,8,0,2026-09-14 21:19:43
2026-09-14 21:05:32,RUSS301,0101,Izolda Savenkova,15,5,0,2026-09-14 21:19:43
2026-09-14 21:05:32,RUSS321,0101,Elizabeth Papazian,15,5,0,2026-09-14 21:19:43
2026-09-14 21:05:32,RUSS334,0101,Elizabeth Papazian,25,0,0,2026-09-14 21:19:44
2026-09-14 21:05:32,RUSS404,0101,Izolda Savenkova,15,1,0,2026-09-14 21:19:45
2026-09-14 21:05:32,SDSB123,0101,Brian Kim,40,7,0,2026-09-14 21:19:46
2026-09-14 21:05:32,SDSB180,0101,Brian Kim,180,124,0,2026-09-14 21:19:47
2026-09-14 21:05:32,SDSB233,0101,Jacob Coutts,25,1,0,2026-09-14 21:19:47
2026-09-14 21:05:32,SDSB233,0102,Jacob Coutts,25,10,0,2026-09-14 21:19:47
2026-09-14 21:05:32,SDSB233,0103,Jacob Coutts,25,8,0,2026-09-14 21:19:47
2026-09-14 21:05:32,SDSB326,0101,Jacob Coutts,50,31,0,2026-09-14 21:19:47
2026-09-14 21:05:32,SDSB340,0101,Neil Lund,40,0,0,2026-09-14 21:19:47
2026-09-14 21:05:32,SDSI414,0201,Maria Krupenkin,34,14,0,2026-09-14 21:19:49
2026-09-14 21:05:32,SDSI414,0202,Maria Krupenkin,34,1,0,2026-09-14 21:19:49
2026-09-14 21:05:32,SDSI492,0101,TJ Rainsford,50,8,0,2026-09-14 21:19:49
2026-09-14 21:05:32,SDSI492,0103,Mary Ann Francis,40,0,1,2026-09-14 21:19:49
2026-09-14 21:05:32,SDSI492,0104,TJ Rainsford,50,0,0,2026-09-14 21:19:49
2026-09-14 21:05:32,SDSI492,0106,Jesse Klein,50,0,5,2026-09-14 21:19:49
2026-09-14 21:05:32,SDSI492,0107,Connie Siebold,40,0,2,2026-09-14 21:19:49
2026-09-14 21:05:32,SDSI492,0110,Patrick Thornton,50,28,0,2026-09-14 21:19:49
2026-09-14 21:05:32,SLLC108I,0101,Instructor: TBA,5,4,0,2026-09-14 21:19:52
2026-09-14 21:05:32,SLLC108J,0101,Instructor: TBA,5,5,0,2026-09-14 21:19:52
2026-09-14 21:05:32,SLLC108W,0101,Instructor: TBA,5,4,0,2026-09-14 21:19:53
2026-09-14 21:05:32,SLLC118A,0101,Sean Pue,10,4,0,2026-09-14 21:19:53
2026-09-14 21:05:32,SLLC200,0101,Chris Lewis,30,4,0,2026-09-14 21:19:53
2026-09-14 21:05:32,SLLC286,0101,Andrew Schonebaum,60,5,0,2026-09-14 21:19:53
2026-09-14 21:05:32,SLLC309,0101,Ahmed Hanafy,10,10,0,2026-09-14 21:19:54
2026-09-14 21:05:32,SLLC309,0102,Ahmed Hanafy,10,8,0,2026-09-14 21:19:54
2026-09-14 21:05:32,SLLC309,0103,Ahmed Hanafy,10,7,0,2026-09-14 21:19:54
2026-09-14 21:05:32,SLLC309,0104,Ahmed Hanafy,10,5,0,2026-09-14 21:19:54
2026-09-14 21:05:32,SLLC309,0105,Ahmed Hanafy,10,6,0,2026-09-14 21:19:54
2026-09-14 21:05:32,SLLC309,0106,Ahmed Hanafy,10,6,0,2026-09-14 21:19:54
2026-09-14 21:05:32,SLLC309,0107,Ahmed Hanafy,10,8,0,2026-09-14 21:19:54
2026-09-14 21:05:32,SLLC309,0108,Ahmed Hanafy,10,9,0,2026-09-14 21:19:54
2026-09-14 21:05:32,SLLC309,0109,Ahmed Hanafy,10,7,0,2026-09-14 21:19:54
2026-09-14 21:05:32,SLLC309,0110,Ahmed Hanafy,10,3,0,2026-09-14 21:19:54
2026-09-14 21:05:32,SLLC309,0111,Ahmed Hanafy,10,10,0,2026-09-14 21:19:54
2026-09-14 21:05:32,SLLC329,0101,Marilyn Matar,13,0,0,2026-09-14 21:19:54
2026-09-14 21:05:32,SLLC329,0102,Marilyn Matar,10,0,0,2026-09-14 21:19:54
2026-09-14 21:05:32,SLLC329,0103,Marilyn Matar,21,2,0,2026-09-14 21:19:54
2026-09-14 21:05:32,SLLC329,0104,Marilyn Matar,10,4,0,2026-09-14 21:19:54
2026-09-14 21:05:32,SLLC329,0105,Marilyn Matar,10,9,0,2026-09-14 21:19:54
2026-09-14 21:05:32,SLLC329,0106,Marilyn Matar,10,1,0,2026-09-14 21:19:54
2026-09-14 21:05:32,SLLC329,0107,Marilyn Matar,10,7,0,2026-09-14 21:19:54
2026-09-14 21:05:32,SLLC329,0108,Marilyn Matar,10,7,0,2026-09-14 21:19:54
2026-09-14 21:05:32,SLLC329,0109,Marilyn Matar,10,4,0,2026-09-14 21:19:54
2026-09-14 21:05:32,SLLC329,0110,Marilyn Matar,20,3,0,2026-09-14 21:19:54
2026-09-14 21:05:32,SLLC350,0101,Michele Mason,30,27,0,2026-09-14 21:19:54
2026-09-14 21:05:32,SMLP470,0101,Brooke Smith,45,13,0,2026-09-14 21:19:56
2026-09-14 21:05:32,SMLP472,0101,Sara Herald,60,20,0,2026-09-14 21:19:56
2026-09-14 21:05:32,TLTC310,0101,Sarah Kistner,0,0,0,2026-09-14 21:20:39
2026-09-14 21:05:32,TLTC310,0201,Yanira Ortiz,20,11,0,2026-09-14 21:20:39
2026-09-14 21:05:32,TLTC333,0101,Mona Thompson,64,1,0,2026-09-14 21:20:39
2026-09-14 21:05:32,TLTC333,0102,Mona Thompson,64,1,0,2026-09-14 21:20:39
2026-09-14 21:05:32,TLTC333,0105,Mona Thompson,64,1,0,2026-09-14 21:20:39
2026-09-14 21:05:32,UMEI005,0101,Charles Duquette,15,2,0,2026-09-14 21:20:41
2026-09-14 21:05:32,UMEI005,0201,Heather Mehrtens,15,9,0,2026-09-14 21:20:41
2026-09-14 21:05:32,UMEI005,0301,Marilena Draganescu,15,11,0,2026-09-14 21:20:41
2026-09-14 21:05:32,UMEI012,0101,Louise Godley,10,10,0,2026-09-14 21:20:41
2026-09-14 21:05:32,UMEI013,0101,Louise Godley,10,7,0,2026-09-14 21:20:41
2026-09-14 21:05:32,UMEI028A,0101,Raymond Smith,16,14,0,2026-09-14 21:20:42
2026-09-14 21:05:32,UMEI506,0101,Heather Mehrtens,16,0,0,2026-09-14 21:20:42
2026-09-14 21:05:32,UMEI506,0201,Heather Mehrtens,16,6,0,2026-09-14 21:20:42
2026-09-14 21:05:32,UMEI507,0101,Marilena Draganescu,15,4,0,2026-09-14 21:20:42
2026-09-14 21:05:32,USLT201,0101,Robert Chester,25,1,0,2026-09-14 21:20:49
2026-09-14 21:05:32,USLT398C,0101,Angela Pico Pinto,25,17,0,2026-09-14 21:20:49
2026-09-14 21:05:32,USLT450,0101,Robert Chester,20,0,1,2026-09-14 21:20:49
2026-09-14 21:05:32,USLT498C,0101,Ana Rodriguez,20,14,0,2026-09-14 21:20:50
2026-09-14 21:05:32,VIPS099,0115,Veronica Kang,5,3,0,2026-09-14 21:20:51
2026-09-14 21:05:32,VIPS208,0101,Mary Bowden,10,10,0,2026-09-14 21:20:51
2026-09-14 21:05:32,VIPS208,0102,Ken Kiger,10,2,0,2026-09-14 21:20:51
2026-09-14 21:05:32,VIPS208,0103,Bryan Quinn,10,9,0,2026-09-14 21:20:51
2026-09-14 21:05:32,VIPS208,0104,Abdil Chowdhury,10,1,0,2026-09-14 21:20:51
2026-09-14 21:05:32,VIPS208,0105,Molly Carton,10,7,0,2026-09-14 21:20:51
2026-09-14 21:05:32,VIPS208,0106,James Baeder,14,2,0,2026-09-14 21:20:51
2026-09-14 21:05:32,VIPS208,0107,Catherine Spirito,10,6,0,2026-09-14 21:20:51
2026-09-14 21:05:32,VIPS208,0108,Ronald Yaros,10,4,0,2026-09-14 21:20:51
2026-09-14 21:05:32,VIPS208,0109,Carinna Ferguson,10,7,0,2026-09-14 21:20:51
2026-09-14 21:05:32,VIPS208,0110,Tracy Riggins,15,0,0,2026-09-14 21:20:51
2026-09-14 21:05:32,VIPS208,0111,Kevin Calabro,13,2,0,2026-09-14 21:20:51
2026-09-14 21:05:32,VIPS208,0112,Raffaele Viglianti,10,5,0,2026-09-14 21:20:51
2026-09-14 21:05:32,VIPS208,0113,Shabnam Jabeen,10,5,0,2026-09-14 21:20:51
2026-09-14 21:05:32,VIPS208,0114,Ning Zeng,15,7,0,2026-09-14 21:20:51
2026-09-14 21:05:32,VIPS208,0115,Veronica Kang,10,5,0,2026-09-14 21:20:51
2026-09-14 21:05:32,VIPS208,0116,David Stewart,10,1,0,2026-09-14 21:20:51
2026-09-14 21:05:32,VIPS208,0117,Meredith Epstein,10,8,0,2026-09-14 21:20:51
2026-09-14 21:05:32,VIPS208,0118,Magaly Toro Ibaceta,10,3,0,2026-09-14 21:20:51
2026-09-14 21:05:32,VIPS208,0120,Marisa Parham,10,6,0,2026-09-14 21:20:51
2026-09-14 21:05:32,VIPS208,0121,Becky Epanchin-Niell,10,1,0,2026-09-14 21:20:51
2026-09-14 21:05:32,VIPS208,0122,Timothy Reedy,10,2,0,2026-09-14 21:20:51
2026-09-14 21:05:32,VIPS208,0123,Lingnan Lin,13,4,0,2026-09-14 21:20:51
2026-09-14 21:05:32,VIPS208,0124,Jeffrey Moro,10,4,0,2026-09-14 21:20:51
2026-09-14 21:05:32,VIPS208,0125,Peter Sunderland,12,4,0,2026-09-14 21:20:51
2026-09-14 21:05:32,VIPS208,0126,Brienna Anderson,10,4,0,2026-09-14 21:20:51
2026-09-14 21:05:32,VIPS308,0101,Mary Bowden,10,9,0,2026-09-14 21:20:52
2026-09-14 21:05:32,VIPS308,0102,Ken Kiger,10,3,0,2026-09-14 21:20:52
2026-09-14 21:05:32,VIPS308,0103,Bryan Quinn,10,2,0,2026-09-14 21:20:52
2026-09-14 21:05:32,VIPS308,0104,Abdil Chowdhury,10,3,0,2026-09-14 21:20:52
2026-09-14 21:05:32,VIPS308,0105,Molly Carton,10,3,0,2026-09-14 21:20:52
2026-09-14 21:05:32,VIPS308,0106,James Baeder,10,4,0,2026-09-14 21:20:52
2026-09-14 21:05:32,VIPS308,0107,Catherine Spirito,10,8,0,2026-09-14 21:20:52
2026-09-14 21:05:32,VIPS308,0108,Ronald Yaros,10,9,0,2026-09-14 21:20:52
2026-09-14 21:05:32,VIPS308,0109,Carinna Ferguson,10,6,0,2026-09-14 21:20:52
2026-09-14 21:05:32,VIPS308,0110,Tracy Riggins,10,0,0,2026-09-14 21:20:52
2026-09-14 21:05:32,VIPS308,0111,Kevin Calabro,10,6,0,2026-09-14 21:20:52
2026-09-14 21:05:32,VIPS308,0112,Raffaele Viglianti,10,10,0,2026-09-14 21:20:52
2026-09-14 21:05:32,VIPS308,0113,Shabnam Jabeen,10,8,0,2026-09-14 21:20:52
2026-09-14 21:05:32,VIPS308,0114,Ning Zeng,10,9,0,2026-09-14 21:20:52
2026-09-14 21:05:32,VIPS308,0115,Veronica Kang,10,10,0,2026-09-14 21:20:52
2026-09-14 21:05:32,VIPS308,0116,David Stewart,10,10,0,2026-09-14 21:20:52
2026-09-14 21:05:32,VIPS308,0117,Meredith Epstein,10,8,0,2026-09-14 21:20:52
2026-09-14 21:05:32,VIPS308,0118,Magaly Toro Ibaceta,10,10,0,2026-09-14 21:20:52
2026-09-14 21:05:32,VIPS308,0120,Marisa Parham,10,9,0,2026-09-14 21:20:52
2026-09-14 21:05:32,VIPS308,0121,Becky Epanchin-Niell,10,10,0,2026-09-14 21:20:52
2026-09-14 21:05:32,VIPS308,0122,Timothy Reedy,10,10,0,2026-09-14 21:20:52
2026-09-14 21:05:32,VIPS308,0123,Lingnan Lin,10,10,0,2026-09-14 21:20:52
2026-09-14 21:05:32,VIPS308,0124,Jeffrey Moro,10,10,0,2026-09-14 21:20:52
2026-09-14 21:05:32,VIPS308,0125,Peter Sunderland,10,10,0,2026-09-14 21:20:52
2026-09-14 21:05:32,VIPS308,0126,Brienna Anderson,10,10,0,2026-09-14 21:20:52
2026-09-14 21:05:32,VIPS408,0101,Mary Bowden,10,4,0,2026-09-14 21:20:52
2026-09-14 21:05:32,VIPS408,0102,Ken Kiger,10,8,0,2026-09-14 21:20:52
2026-09-14 21:05:32,VIPS408,0103,Bryan Quinn,10,3,0,2026-09-14 21:20:52
2026-09-14 21:05:32,VIPS408,0104,Abdil Chowdhury,10,8,0,2026-09-14 21:20:52
2026-09-14 21:05:32,VIPS408,0105,Molly Carton,10,8,0,2026-09-14 21:20:52
2026-09-14 21:05:32,VIPS408,0106,James Baeder,10,7,0,2026-09-14 21:20:52
2026-09-14 21:05:32,VIPS408,0107,Catherine Spirito,10,10,0,2026-09-14 21:20:52
2026-09-14 21:05:32,VIPS408,0108,Ronald Yaros,10,8,0,2026-09-14 21:20:52
2026-09-14 21:05:32,VIPS408,0109,Carinna Ferguson,10,8,0,2026-09-14 21:20:52
2026-09-14 21:05:32,VIPS408,0110,Tracy Riggins,10,10,0,2026-09-14 21:20:52
2026-09-14 21:05:32,VIPS408,0111,Kevin Calabro,10,7,0,2026-09-14 21:20:52
2026-09-14 21:05:32,VIPS408,0112,Raffaele Viglianti,10,9,0,2026-09-14 21:20:52
2026-09-14 21:05:32,VIPS408,0113,Shabnam Jabeen,10,10,0,2026-09-14 21:20:52
2026-09-14 21:05:32,VIPS408,0114,Ning Zeng,10,10,0,2026-09-14 21:20:52
2026-09-14 21:05:32,VIPS408,0115,Veronica Kang,10,10,0,2026-09-14 21:20:52
2026-09-14 21:05:32,VIPS408,0116,David Stewart,10,10,0,2026-09-14 21:20:52
2026-09-14 21:05:32,VIPS408,0117,Meredith Epstein,10,10,0,2026-09-14 21:20:52
2026-09-14 21:05:32,VIPS408,0118,Magaly Toro Ibaceta,10,9,0,2026-09-14 21:20:52
2026-09-14 21:05:32,VIPS408,0120,Marisa Parham,10,10,0,2026-09-14 21:20:52
2026-09-14 21:05:32,VIPS408,0121,Becky Epanchin-Niell,10,10,0,2026-09-14 21:20:52
2026-09-14 21:05:32,VIPS408,0122,Timothy Reedy,10,10,0,2026-09-14 21:20:52
2026-09-14 21:05:32,VIPS408,0123,Lingnan Lin,10,10,0,2026-09-14 21:20:52
2026-09-14 21:05:32,VIPS408,0124,Jeffrey Moro,10,10,0,2026-09-14 21:20:52
2026-09-14 21:05:32,VIPS408,0125,Peter Sunderland,10,10,0,2026-09-14 21:20:52
2026-09-14 21:05:32,VIPS408,0126,Brienna Anderson,10,10,0,2026-09-14 21:20:52
2026-09-14 21:05:32,WEID139B,0101,Denise Joseph,48,7,0,2026-09-14 21:20:55
2026-09-14 21:05:32,WEID139L,0201,Taylor Togafau-Lewis,48,18,0,2026-09-14 21:20:55
