Timestamp,Course,Section,Instructor,Total_Seats,Open_Seats,Waitlist,Fetch_Time
2026-09-04 00:28:42,AAAS100,0101,Shane Walsh,35,0,0,2026-09-04 00:28:45
2026-09-04 00:28:42,AAAS100,0201,Shane Walsh,35,0,0,2026-09-04 00:28:45
2026-09-04 00:28:42,AAAS100,0301,George Kintiba,70,37,0,2026-09-04 00:28:45
2026-09-04 00:28:42,AAAS100,0401,Jason Nichols,30,0,0,2026-09-04 00:28:45
2026-09-04 00:28:42,AAAS100,0501,Jason Nichols,35,0,0,2026-09-04 00:28:45
2026-09-04 00:28:42,AAAS101,0101,Chinyere Osuji,40,2,0,2026-09-04 00:28:45
2026-09-04 00:28:42,AAAS187,0101,Robert Choflet,30,0,0,2026-09-04 00:28:45
2026-09-04 00:28:42,AAAS187,0201,Joseph Richardson,30,1,0,2026-09-04 00:28:45
2026-09-04 00:28:42,AAAS200,0101,George Kintiba,40,3,0,2026-09-04 00:28:46
2026-09-04 00:28:42,AAAS202,0101,Robert Choflet,35,4,0,2026-09-04 00:28:47
2026-09-04 00:28:42,AAAS202,0201,Robert Choflet,35,4,0,2026-09-04 00:28:47
2026-09-04 00:28:42,AAAS202,0301,Angelica Dunbar,35,2,0,2026-09-04 00:28:47
2026-09-04 00:28:42,AAAS202,0401,Ashley Everson,35,0,0,2026-09-04 00:28:47
2026-09-04 00:28:42,AAAS202,0501,Ashley Everson,20,1,0,2026-09-04 00:28:47
2026-09-04 00:28:42,AAAS210,0101,Angelica Dunbar,20,16,0,2026-09-04 00:28:47
2026-09-04 00:28:42,AAAS211,0101,Shane Walsh,30,0,0,2026-09-04 00:28:48
2026-09-04 00:28:42,AAAS230,0101,Ashley Newby,30,0,0,2026-09-04 00:28:49
2026-09-04 00:28:42,AAAS230,0201,Ashley Newby,30,0,0,2026-09-04 00:28:49
2026-09-04 00:28:42,AAAS234,0201,Mike Kolakoski,30,2,0,2026-09-04 00:28:50
2026-09-04 00:28:42,AAAS254,0101,Christopher Bonner,40,2,0,2026-09-04 00:28:50
2026-09-04 00:28:42,AAAS271,0101,Sydney Lewis,30,0,0,2026-09-04 00:28:51
2026-09-04 00:28:42,AAAS310,0101,George Kintiba,25,20,0,2026-09-04 00:28:52
2026-09-04 00:28:42,AAAS320,0101,Cecily Jackson,25,0,0,2026-09-04 00:28:52
2026-09-04 00:28:42,AAAS320,0201,Cecily Jackson,25,0,0,2026-09-04 00:28:52
2026-09-04 00:28:42,AAAS325,0101,Traci Dula,20,3,0,2026-09-04 00:28:52
2026-09-04 00:28:42,AAAS350,0101,John Drabinski,20,0,0,2026-09-04 00:28:53
2026-09-04 00:28:42,AAAS361,0101,Michelle Rowley,35,24,0,2026-09-04 00:28:53
2026-09-04 00:28:42,AAAS386,0101,Marshal Washington,10,10,0,2026-09-04 00:28:54
2026-09-04 00:28:42,AAAS397,0101,John Drabinski,2,2,0,2026-09-04 00:28:54
2026-09-04 00:28:42,AAAS397,0201,Angelica Dunbar,2,2,0,2026-09-04 00:28:54
2026-09-04 00:28:42,AAAS397,0301,Sharon Harley,2,2,0,2026-09-04 00:28:54
2026-09-04 00:28:42,AAAS397,0401,Cecily Jackson,2,2,0,2026-09-04 00:28:54
2026-09-04 00:28:42,AAAS397,0501,Sangeetha Madhavan,2,2,0,2026-09-04 00:28:54
2026-09-04 00:28:42,AAAS397,0601,Ashley Newby,1,1,0,2026-09-04 00:28:54
2026-09-04 00:28:42,AAAS397,0701,Chinyere Osuji,2,2,0,2026-09-04 00:28:54
2026-09-04 00:28:42,AAAS397,0801,Periloux Peay,2,2,0,2026-09-04 00:28:54
2026-09-04 00:28:42,AAAS397,0901,Joseph Richardson,2,2,0,2026-09-04 00:28:54
2026-09-04 00:28:42,AAAS398B,0101,Beka Guluma,20,12,0,2026-09-04 00:28:54
2026-09-04 00:28:42,AAAS398W,0101,Jason Nichols,25,9,0,2026-09-04 00:28:55
2026-09-04 00:28:42,AAAS399,0101,Robert Choflet,4,4,0,2026-09-04 00:28:55
2026-09-04 00:28:42,AAAS399,0201,John Drabinski,4,4,0,2026-09-04 00:28:55
2026-09-04 00:28:42,AAAS399,0301,Angelica Dunbar,4,3,0,2026-09-04 00:28:55
2026-09-04 00:28:42,AAAS399,0401,Sharon Harley,4,4,0,2026-09-04 00:28:55
2026-09-04 00:28:42,AAAS399,0501,Cecily Jackson,4,4,0,2026-09-04 00:28:55
2026-09-04 00:28:42,AAAS399,0601,Cecily Jackson,4,4,0,2026-09-04 00:28:55
2026-09-04 00:28:42,AAAS399,0701,Sharon Harley,4,4,0,2026-09-04 00:28:55
2026-09-04 00:28:42,AAAS399,0801,George Kintiba,4,4,0,2026-09-04 00:28:55
2026-09-04 00:28:42,AAAS399,0901,Jason Nichols,4,4,0,2026-09-04 00:28:55
2026-09-04 00:28:42,AAAS399,1001,Ashley Newby,4,3,0,2026-09-04 00:28:55
2026-09-04 00:28:42,AAAS399,1101,Jason Nichols,4,4,0,2026-09-04 00:28:55
2026-09-04 00:28:42,AAAS399,1201,Joseph Richardson,4,4,0,2026-09-04 00:28:55
2026-09-04 00:28:42,AAAS399,1301,Shane Walsh,4,4,0,2026-09-04 00:28:55
2026-09-04 00:28:42,AAAS399,1401,Joseph Richardson,4,4,0,2026-09-04 00:28:55
2026-09-04 00:28:42,AAAS399,1501,Shane Walsh,4,4,0,2026-09-04 00:28:55
2026-09-04 00:28:42,AAAS400,0101,Periloux Peay,25,22,0,2026-09-04 00:28:56
2026-09-04 00:28:42,AAAS415,0101,Periloux Peay,30,1,0,2026-09-04 00:28:56
2026-09-04 00:28:42,AAAS499N,0101,Anne Rosen,25,1,0,2026-09-04 00:28:56
2026-09-04 00:28:42,AAST200,0101,Jennifer Cho,30,0,0,2026-09-04 00:28:58
2026-09-04 00:28:42,AAST200,0102,Binod Paudyal,30,0,0,2026-09-04 00:28:58
2026-09-04 00:28:42,AAST322,0101,Julie Park,30,3,0,2026-09-04 00:28:58
2026-09-04 00:28:42,AAST351,0101,Binod Paudyal,35,0,1,2026-09-04 00:28:59
2026-09-04 00:28:42,AAST355,0101,Jennifer Cho,35,0,9,2026-09-04 00:28:59
2026-09-04 00:28:42,AAST378,0101,Janelle Wong,2,2,0,2026-09-04 00:29:00
2026-09-04 00:28:42,AAST394,0101,Wenxi Yang,30,3,0,2026-09-04 00:29:00
2026-09-04 00:28:42,AAST398I,0101,Michelle Magalong,24,1,0,2026-09-04 00:29:01
2026-09-04 00:28:42,AAST398W,0101,Chris Eng,25,13,0,2026-09-04 00:29:01
2026-09-04 00:28:42,AAST421,0101,Tuyet Duong,20,1,0,2026-09-04 00:29:02
2026-09-04 00:28:42,AAST422,0101,Jennifer Cho,25,4,0,2026-09-04 00:29:02
2026-09-04 00:28:42,AAST424,0101,Dawn Dow,29,9,0,2026-09-04 00:29:03
2026-09-04 00:28:42,AAST440,0101,Binod Paudyal,25,0,3,2026-09-04 00:29:03
2026-09-04 00:28:42,AAST443,0101,Janelle Wong,30,0,1,2026-09-04 00:29:03
2026-09-04 00:28:42,ABRM330,0101,Rashawn Ray,40,0,0,2026-09-04 00:29:05
2026-09-04 00:28:42,ARAB101,0101,Samah Al-salami,15,1,0,2026-09-04 00:29:57
2026-09-04 00:28:42,ARAB101,0201,Ahmed Hanafy,15,4,0,2026-09-04 00:29:57
2026-09-04 00:28:42,ARAB102,0101,Samah Al-salami,15,0,0,2026-09-04 00:29:58
2026-09-04 00:28:42,ARAB102,0201,Lutf Alkebsi,15,12,0,2026-09-04 00:29:58
2026-09-04 00:28:42,ARAB201,0101,Lutf Alkebsi,15,1,0,2026-09-04 00:29:58
2026-09-04 00:28:42,ARAB201,0201,Lutf Alkebsi,15,11,0,2026-09-04 00:29:58
2026-09-04 00:28:42,ARAB208L,0101,Samah Al-salami,15,4,0,2026-09-04 00:29:59
2026-09-04 00:28:42,ARAB225,0101,Ahmed Hanafy,15,1,0,2026-09-04 00:29:59
2026-09-04 00:28:42,ARAB301,0101,Ahmed Hanafy,15,6,0,2026-09-04 00:29:59
2026-09-04 00:28:42,ARAB321,0101,Ahmed Hanafy,15,9,0,2026-09-04 00:30:00
2026-09-04 00:28:42,ARAB322,0101,Samah Al-salami,15,8,0,2026-09-04 00:30:00
2026-09-04 00:28:42,ARAB398A,0101,Lutf Alkebsi,15,5,0,2026-09-04 00:30:01
2026-09-04 00:28:42,ARAB499E,0101,Brendan Kibbee,20,0,1,2026-09-04 00:30:02
2026-09-04 00:28:42,ARMY106,0101,Thomas Battinieri,31,26,0,2026-09-04 00:30:43
2026-09-04 00:28:42,ARMY106,0102,Thomas Battinieri,40,30,0,2026-09-04 00:30:43
2026-09-04 00:28:42,ARMY106,FC01,Andrew Bischoff,15,11,0,2026-09-04 00:30:43
2026-09-04 00:28:42,ARMY106,FC02,Thomas Battinieri,9,8,0,2026-09-04 00:30:43
2026-09-04 00:28:42,ARMY110,0101,Andrew Bischoff,15,15,0,2026-09-04 00:30:43
2026-09-04 00:28:42,ARMY201,0102,Thomas Battinieri,35,14,0,2026-09-04 00:30:44
2026-09-04 00:28:42,ARMY301,0101,Joshua Guiod,40,21,0,2026-09-04 00:30:44
2026-09-04 00:28:42,ARMY401,0102,Andrew Bischoff,50,13,0,2026-09-04 00:30:44
2026-09-04 00:28:42,ARSC059,0101,Kathleen West,220,65,0,2026-09-04 00:30:46
2026-09-04 00:28:42,ARSC059,FC01,Jens Lyndrup,10,4,0,2026-09-04 00:30:46
2026-09-04 00:28:42,ARSC100,0101,Jens Lyndrup,50,33,0,2026-09-04 00:30:46
2026-09-04 00:28:42,ARSC100,0102,Jens Lyndrup,75,22,0,2026-09-04 00:30:46
2026-09-04 00:28:42,ARSC100,0103,Jens Lyndrup,40,32,0,2026-09-04 00:30:46
2026-09-04 00:28:42,ARSC100,FC01,Jens Lyndrup,5,2,0,2026-09-04 00:30:46
2026-09-04 00:28:42,ARSC100,FC02,Jens Lyndrup,10,6,0,2026-09-04 00:30:46
2026-09-04 00:28:42,ARSC200,0101,Alan Snyder,50,15,0,2026-09-04 00:30:47
2026-09-04 00:28:42,ARSC200,0102,Alan Snyder,35,22,0,2026-09-04 00:30:47
2026-09-04 00:28:42,ARSC200,0103,Alan Snyder,40,31,0,2026-09-04 00:30:47
2026-09-04 00:28:42,ARSC300,0101,Kathleen West,30,5,0,2026-09-04 00:30:47
2026-09-04 00:28:42,ARSC300,0102,Kathleen West,20,13,0,2026-09-04 00:30:47
2026-09-04 00:28:42,ARSC400,0101,Walter Mitchell,30,16,0,2026-09-04 00:30:48
2026-09-04 00:28:42,ARSC400,0102,Walter Mitchell,20,18,0,2026-09-04 00:30:48
2026-09-04 00:28:42,ARSC400,0201,Walter Mitchell,10,10,0,2026-09-04 00:30:48
2026-09-04 00:28:42,BMIN210,0101,Darlene Dennison,180,4,0,2026-09-04 00:32:06
2026-09-04 00:28:42,BMIN210,0201,Darlene Dennison,180,85,0,2026-09-04 00:32:06
2026-09-04 00:28:42,BMIN305,0101,Tejwansh Anand,180,22,0,2026-09-04 00:32:07
2026-09-04 00:28:42,BMIN345,0101,Michael Padhi,275,34,0,2026-09-04 00:32:07
2026-09-04 00:28:42,BMIN355,0101,Idil Yaveroglu,180,2,0,2026-09-04 00:32:08
2026-09-04 00:28:42,BMIN355,0201,Idil Yaveroglu,180,25,0,2026-09-04 00:32:08
2026-09-04 00:28:42,BMIN375,0101,Leland Gardner,185,0,2,2026-09-04 00:32:08
2026-09-04 00:28:42,BMIN395,0101,Nima Farshchi,200,3,0,2026-09-04 00:32:08
2026-09-04 00:28:42,BMIN395,0201,Nima Farshchi,200,108,0,2026-09-04 00:32:08
2026-09-04 00:28:42,BOIS602,WI01,Woei-jyh Lee,40,5,0,2026-09-04 00:32:12
2026-09-04 00:28:42,BOIS604,WI01,Manmohan Aseri,40,4,0,2026-09-04 00:32:12
2026-09-04 00:28:42,BOIS631,WI01,Sujin Kim,40,6,0,2026-09-04 00:32:12
2026-09-04 00:28:42,BSOS355,0101,Liza Lebrun,30,30,0,2026-09-04 00:32:25
2026-09-04 00:28:42,BSOS361,0101,TC Lloyd,30,2,0,2026-09-04 00:32:25
2026-09-04 00:28:42,BSOS361,0103,Keia Brown,30,1,0,2026-09-04 00:32:25
2026-09-04 00:28:42,BSOS361,0104,David Tana,30,1,0,2026-09-04 00:32:25
2026-09-04 00:28:42,BSOS361,0105,TC Lloyd,30,1,0,2026-09-04 00:32:25
2026-09-04 00:28:42,BSOS388C,0101,Nikita Kimani,20,0,1,2026-09-04 00:32:25
2026-09-04 00:28:42,BSOS388C,0201,Nikita Kimani,20,2,0,2026-09-04 00:32:25
2026-09-04 00:28:42,BSOS388E,0101,Liza Lebrun,30,30,0,2026-09-04 00:32:26
2026-09-04 00:28:42,BUSO600,SO11,Neta Moye,42,4,0,2026-09-04 00:32:45
2026-09-04 00:28:42,BUSO600,SO12,Neta Moye,42,7,0,2026-09-04 00:32:45
2026-09-04 00:28:42,BUSO603,SO11,Ilya Ryzhov,42,4,0,2026-09-04 00:32:45
2026-09-04 00:28:42,BUSO603,SO12,Ilya Ryzhov,42,4,0,2026-09-04 00:32:45
2026-09-04 00:28:42,BUSO604,SO11,Bennet Zelner,42,5,0,2026-09-04 00:32:46
2026-09-04 00:28:42,BUSO604,SO12,Bennet Zelner,42,4,0,2026-09-04 00:32:46
2026-09-04 00:28:42,BUSO612,SO11,Henry Boyd,42,4,0,2026-09-04 00:32:46
2026-09-04 00:28:42,BUSO612,SO12,Henry Boyd,42,2,0,2026-09-04 00:32:46
2026-09-04 00:28:42,BUSO616,SO31,Brent Solomon,38,2,0,2026-09-04 00:32:47
2026-09-04 00:28:42,BUSO616,SO32,Brent Solomon,38,0,0,2026-09-04 00:32:47
2026-09-04 00:28:42,BUSO624,SO31,Yi Xu,38,3,0,2026-09-04 00:32:47
2026-09-04 00:28:42,BUSO624,SO32,Yi Xu,38,0,0,2026-09-04 00:32:47
2026-09-04 00:28:42,BUSO700,SO91,Paulo Prochno,0,0,0,2026-09-04 00:32:47
2026-09-04 00:28:42,BUSO711,SO31,Gosia Langa Basit,28,1,0,2026-09-04 00:32:48
2026-09-04 00:28:42,BUSO711,SO32,Gosia Langa Basit,28,4,0,2026-09-04 00:32:48
2026-09-04 00:28:42,BUSO711,SO33,Gosia Langa Basit,28,3,0,2026-09-04 00:32:48
2026-09-04 00:28:42,BUSO731,SO51,Tejwansh Anand,49,0,0,2026-09-04 00:32:48
2026-09-04 00:28:42,BUSO752,SO51,Leland Gardner,35,13,0,2026-09-04 00:32:48
2026-09-04 00:28:42,BUSO758G,SO51,James Seward,35,13,0,2026-09-04 00:32:49
2026-09-04 00:28:42,BUSO758M,SO51,Paulo Prochno,49,2,0,2026-09-04 00:32:49
2026-09-04 00:28:42,BUSO758M,SO52,Paulo Prochno,49,2,0,2026-09-04 00:32:49
2026-09-04 00:28:42,BUSO758T,SO51,Michael Cichello,35,18,0,2026-09-04 00:32:49
2026-09-04 00:28:42,BUSO758W,SO51,Yogesh Joshi,33,1,0,2026-09-04 00:32:50
2026-09-04 00:28:42,BUSO758W,SO52,Yogesh Joshi,33,3,0,2026-09-04 00:32:50
2026-09-04 00:28:42,BUSO758X,SO51,Pallassana Kannan,49,3,0,2026-09-04 00:32:50
2026-09-04 00:28:42,BUSO788F,GX01,Judy Frels,25,5,0,2026-09-04 00:32:51
2026-09-04 00:28:42,BUSO788W,GX01,Zhi-Long Chen,30,5,0,2026-09-04 00:32:51
2026-09-04 00:28:42,CHSE200,0101,Betsy Tornquist,10,1,0,2026-09-04 00:33:24
2026-09-04 00:28:42,CHSE205,0101,Yewon Lee,60,0,8,2026-09-04 00:33:24
2026-09-04 00:28:42,CHSE205,0201,Yewon Lee,60,0,1,2026-09-04 00:33:24
2026-09-04 00:28:42,CHSE228C,0101,Nikita Kimani,20,0,1,2026-09-04 00:33:25
2026-09-04 00:28:42,CHSE228C,0201,Nikita Kimani,20,2,0,2026-09-04 00:33:25
2026-09-04 00:28:42,CHSE228C,0301,Nikita Kimani,20,1,0,2026-09-04 00:33:25
2026-09-04 00:28:42,CHSE230,0101,Isabelle Grable,25,16,0,2026-09-04 00:33:25
2026-09-04 00:28:42,CHSE376,0101,Michael Dunham,22,0,7,2026-09-04 00:33:25
2026-09-04 00:28:42,CHSE376,0201,Colleen McGilpin,20,0,13,2026-09-04 00:33:25
2026-09-04 00:28:42,CHSE376,0301,Elizabeth Martinez,20,0,7,2026-09-04 00:33:25
2026-09-04 00:28:42,CHSE376,0401,Chanai Brewster,20,0,7,2026-09-04 00:33:25
2026-09-04 00:28:42,CHSE476,0101,Michael Dunham,20,6,0,2026-09-04 00:33:26
2026-09-04 00:28:42,CHSE477,0101,Michael Dunham,15,4,0,2026-09-04 00:33:27
2026-09-04 00:28:42,CHSE489,1901,Amy D'Agati,15,10,0,2026-09-04 00:33:27
2026-09-04 00:28:42,CHSE498,2401,Meredith Gramlich,10,1,0,2026-09-04 00:33:27
2026-09-04 00:28:42,CHSE498,3701,Michael Dunham,2,1,0,2026-09-04 00:33:27
2026-09-04 00:28:42,CINE245,0101,Eric Zakim,22,0,2,2026-09-04 00:33:29
2026-09-04 00:28:42,CINE245,0102,Eric Zakim,22,0,2,2026-09-04 00:33:29
2026-09-04 00:28:42,CINE245,0103,Eric Zakim,22,0,4,2026-09-04 00:33:29
2026-09-04 00:28:42,CINE245,0104,Eric Zakim,22,0,1,2026-09-04 00:33:29
2026-09-04 00:28:42,CINE280,0101,Porter Olsen,30,0,3,2026-09-04 00:33:29
2026-09-04 00:28:42,CINE280,0201,John Tobin,30,0,1,2026-09-04 00:33:29
2026-09-04 00:28:42,CINE298A,0101,Caroline Eades,20,0,0,2026-09-04 00:33:30
2026-09-04 00:28:42,CINE301,0101,Eric Zakim,30,0,0,2026-09-04 00:33:30
2026-09-04 00:28:42,CINE310,0101,Nathaniel Stevens,15,0,0,2026-09-04 00:33:31
2026-09-04 00:28:42,CINE315,0101,Yael Inbar,15,0,2,2026-09-04 00:33:31
2026-09-04 00:28:42,CINE319G,0101,Oliver Gaycken,25,16,0,2026-09-04 00:33:31
2026-09-04 00:28:42,CINE319P,5501,Samuel Crawford,10,0,2,2026-09-04 00:33:32
2026-09-04 00:28:42,CINE319Z,0101,Paul Cote,25,7,0,2026-09-04 00:33:32
2026-09-04 00:28:42,CINE329T,0101,Daniel Richter,25,0,15,2026-09-04 00:33:32
2026-09-04 00:28:42,CINE332,0101,Parker Brookie,25,0,0,2026-09-04 00:33:33
2026-09-04 00:28:42,CINE334,0101,Elizabeth Papazian,25,0,0,2026-09-04 00:33:33
2026-09-04 00:28:42,CINE337,0101,Jason Kuo,25,0,1,2026-09-04 00:33:34
2026-09-04 00:28:42,CINE342,0101,Luka Arsenjuk,20,0,4,2026-09-04 00:33:34
2026-09-04 00:28:42,CINE350,0101,John Drabinski,20,0,0,2026-09-04 00:33:34
2026-09-04 00:28:42,CINE359C,0101,Daniel Richter,25,0,6,2026-09-04 00:33:35
2026-09-04 00:28:42,CINE369B,0101,Eva Hageman,30,0,0,2026-09-04 00:33:35
2026-09-04 00:28:42,CINE369K,0101,Paul Cote,20,1,0,2026-09-04 00:33:36
2026-09-04 00:28:42,CINE376,0101,Ross Angelella,15,4,0,2026-09-04 00:33:36
2026-09-04 00:28:42,CINE376,0102,Ross Angelella,5,2,0,2026-09-04 00:33:36
2026-09-04 00:28:42,CINE415,0101,Mathew Bainbridge,15,0,0,2026-09-04 00:33:37
2026-09-04 00:28:42,CINE419P,0101,Oliver Gaycken,20,14,0,2026-09-04 00:33:37
2026-09-04 00:28:42,CINE459P,0101,Luka Arsenjuk,20,0,2,2026-09-04 00:33:37
2026-09-04 00:28:42,CLAS170,0101,Chiara Graf,21,2,0,2026-09-04 00:33:39
2026-09-04 00:28:42,CLAS170,0102,Chiara Graf,21,0,0,2026-09-04 00:33:39
2026-09-04 00:28:42,CLAS170,0103,Chiara Graf,21,1,0,2026-09-04 00:33:39
2026-09-04 00:28:42,CLAS170,0104,Chiara Graf,21,0,0,2026-09-04 00:33:39
2026-09-04 00:28:42,CLAS170,0105,Chiara Graf,21,0,0,2026-09-04 00:33:39
2026-09-04 00:28:42,CLAS170,0106,Chiara Graf,21,0,0,2026-09-04 00:33:39
2026-09-04 00:28:42,CLAS170,0107,Chiara Graf,21,0,0,2026-09-04 00:33:39
2026-09-04 00:28:42,CLAS170,0108,Chiara Graf,21,0,0,2026-09-04 00:33:39
2026-09-04 00:28:42,CLAS170,0109,Chiara Graf,22,0,0,2026-09-04 00:33:39
2026-09-04 00:28:42,CLAS170,FC01,Chelsea Stolt,28,4,0,2026-09-04 00:33:39
2026-09-04 00:28:42,CLAS170,FC02,Chelsea Stolt,28,0,0,2026-09-04 00:33:39
2026-09-04 00:28:42,CLAS170,FC03,Eugenia Lao,28,8,0,2026-09-04 00:33:39
2026-09-04 00:28:42,CLAS170,FC05,Charis Addai,28,5,0,2026-09-04 00:33:39
2026-09-04 00:28:42,CLAS277,0101,Chiara Graf,25,0,0,2026-09-04 00:33:40
2026-09-04 00:28:42,CLAS277,0102,Chiara Graf,25,1,0,2026-09-04 00:33:40
2026-09-04 00:28:42,CLAS277,0103,Chiara Graf,25,3,0,2026-09-04 00:33:40
2026-09-04 00:28:42,CLAS277,0104,Chiara Graf,25,3,0,2026-09-04 00:33:40
2026-09-04 00:28:42,CLAS277,0105,Chiara Graf,25,1,0,2026-09-04 00:33:40
2026-09-04 00:28:42,CLAS277,0106,Chiara Graf,25,2,0,2026-09-04 00:33:40
2026-09-04 00:28:42,CLAS305,0101,Jorge Bravo,35,3,0,2026-09-04 00:33:40
2026-09-04 00:28:42,CLAS309N,0101,Nathan Levine,35,25,0,2026-09-04 00:33:41
2026-09-04 00:28:42,CLAS310,0101,Rachel Singpurwalla,20,0,1,2026-09-04 00:33:41
2026-09-04 00:28:42,CLAS310,0102,Rachel Singpurwalla,20,0,3,2026-09-04 00:33:41
2026-09-04 00:28:42,CLAS310,0103,Rachel Singpurwalla,20,0,2,2026-09-04 00:33:41
2026-09-04 00:28:42,CLAS312,0101,Polyvia Parara,35,6,0,2026-09-04 00:33:41
2026-09-04 00:28:42,CMLT235,0101,Brielle Gorrell,30,0,0,2026-09-04 00:33:45
2026-09-04 00:28:42,CMLT270,0101,Hannah (Toyin) Adeyemi,30,0,0,2026-09-04 00:33:46
2026-09-04 00:28:42,CMLT270,0201,Shakiba Sharifpour,30,2,0,2026-09-04 00:33:46
2026-09-04 00:28:42,CMLT275,0201,Abhinav Bhardwaj,30,0,2,2026-09-04 00:33:46
2026-09-04 00:28:42,CMLT277,0101,Nahid Ahmadian,30,0,1,2026-09-04 00:33:46
2026-09-04 00:28:42,CMLT280,0101,Porter Olsen,30,0,3,2026-09-04 00:33:47
2026-09-04 00:28:42,CMLT280,0201,John Tobin,30,0,1,2026-09-04 00:33:47
2026-09-04 00:28:42,CPBE100,0101,Oliver Schlake,95,25,0,2026-09-04 00:34:27
2026-09-04 00:28:42,CPBE200,0101,Oliver Schlake,75,33,0,2026-09-04 00:34:27
2026-09-04 00:28:42,CPBE225,0101,Ira Koretsky,38,13,0,2026-09-04 00:34:28
2026-09-04 00:28:42,CPBE225,0102,Ira Koretsky,38,23,0,2026-09-04 00:34:28
2026-09-04 00:28:42,CPCV100,0101,Julie Randolph,40,1,0,2026-09-04 00:34:29
2026-09-04 00:28:42,CPCV100,0201,Julie Randolph,40,8,0,2026-09-04 00:34:29
2026-09-04 00:28:42,CPCV200,0101,Julie Randolph,35,0,0,2026-09-04 00:34:30
2026-09-04 00:28:42,CPCV200,0201,Julie Randolph,35,16,0,2026-09-04 00:34:30
2026-09-04 00:28:42,CPCV225,0101,Korey Rothman,75,4,0,2026-09-04 00:34:30
2026-09-04 00:28:42,CPDJ100,0101,Jess Feltner,75,1,0,2026-09-04 00:34:32
2026-09-04 00:28:42,CPDJ200,0101,Andrew Fellows,75,36,0,2026-09-04 00:34:32
2026-09-04 00:28:42,CPET100,0101,Tim Knight,75,2,0,2026-09-04 00:34:34
2026-09-04 00:28:42,CPET200,0101,Tim Knight,75,7,0,2026-09-04 00:34:34
2026-09-04 00:28:42,CPGH100,0101,John Wiggins,85,7,0,2026-09-04 00:34:36
2026-09-04 00:28:42,CPGH200,0101,John Wiggins,75,17,0,2026-09-04 00:34:36
2026-09-04 00:28:42,CPJT100,0101,Justine DeCamillis,75,6,0,2026-09-04 00:34:38
2026-09-04 00:28:42,CPJT200,0101,Justine DeCamillis,75,20,0,2026-09-04 00:34:39
2026-09-04 00:28:42,CPMS100,0101,Carole Lee,75,0,0,2026-09-04 00:34:41
2026-09-04 00:28:42,CPMS200,0101,Alison Burns,75,11,0,2026-09-04 00:34:41
2026-09-04 00:28:42,CPMS225,0101,Alison Burns,75,0,0,2026-09-04 00:34:41
2026-09-04 00:28:42,CPMS230,0101,Alison Burns,30,12,0,2026-09-04 00:34:42
2026-09-04 00:28:42,CPMS240,0101,Carole Lee,20,18,0,2026-09-04 00:34:42
2026-09-04 00:28:42,CPPL100,0101,Kelly Brower,78,2,0,2026-09-04 00:34:44
2026-09-04 00:28:42,CPPL200,0101,Kelly Brower,75,16,0,2026-09-04 00:34:44
2026-09-04 00:28:42,CPSA100,0101,Andrea Cesar,75,11,0,2026-09-04 00:34:46
2026-09-04 00:28:42,CPSA200,0101,Andrea Cesar,75,33,0,2026-09-04 00:34:46
2026-09-04 00:28:42,CPSF100,0101,Nicholas Fletcher,85,1,0,2026-09-04 00:34:48
2026-09-04 00:28:42,CPSF200,0101,Nicholas Fletcher,75,5,0,2026-09-04 00:34:48
2026-09-04 00:28:42,CPSG100,0101,Thomas Holtz,85,7,0,2026-09-04 00:34:50
2026-09-04 00:28:42,CPSG200,0101,Thomas Holtz,75,28,0,2026-09-04 00:34:50
2026-09-04 00:28:42,CPSN100,0101,Hansol Kwak,85,5,0,2026-09-04 00:34:52
2026-09-04 00:28:42,CPSN200,0101,Stacy Kosko,75,41,0,2026-09-04 00:34:53
2026-09-04 00:28:42,CPSN230,0101,Sarah Kilmer,20,18,0,2026-09-04 00:34:53
2026-09-04 00:28:42,CPSN240,0101,Sarah Kilmer,10,7,0,2026-09-04 00:34:53
2026-09-04 00:28:42,CPSN250,0101,Sarah Kilmer,5,5,0,2026-09-04 00:34:54
2026-09-04 00:28:42,CPSP110,0101,Markell Saunders,18,11,0,2026-09-04 00:34:56
2026-09-04 00:28:42,CPSP110,0201,Patrice Greene,18,14,0,2026-09-04 00:34:56
2026-09-04 00:28:42,CPSP220,0101,Tiara Thomas,20,1,0,2026-09-04 00:34:56
2026-09-04 00:28:42,CPSP239A,0101,Heather-Erin Bremenstuhl,10,6,0,2026-09-04 00:34:56
2026-09-04 00:28:42,CPSP269C,0101,Korey Rothman,5,5,0,2026-09-04 00:34:57
2026-09-04 00:28:42,CPSP339P,0101,Susannah Washburn,10,7,0,2026-09-04 00:34:57
2026-09-04 00:28:42,CPSS100,0101,David Tomblin,85,6,0,2026-09-04 00:34:59
2026-09-04 00:28:42,CPSS220,0101,Nicole Mogul,20,2,0,2026-09-04 00:35:00
2026-09-04 00:28:42,CPSS225,0101,Roan Parrish,20,14,0,2026-09-04 00:35:00
2026-09-04 00:28:42,CPSS340,0101,David Tomblin,20,4,0,2026-09-04 00:35:00
2026-09-04 00:28:42,CRLN101,0103,Myles Alexander,25,1,0,2026-09-04 00:35:02
2026-09-04 00:28:42,CRLN101,0104,Tami Smith,26,0,0,2026-09-04 00:35:02
2026-09-04 00:28:42,CRLN101,0105,Denis Garcia Reyes,25,0,0,2026-09-04 00:35:02
2026-09-04 00:28:42,CRLN101,0106,Mitch Woolley,25,4,0,2026-09-04 00:35:02
2026-09-04 00:28:42,CRLN101,0107,Esohe Owie,25,0,0,2026-09-04 00:35:02
2026-09-04 00:28:42,DATA100,0111,Matthew Griffin,33,3,0,2026-09-04 00:35:14
2026-09-04 00:28:42,DATA100,0112,Matthew Griffin,35,1,0,2026-09-04 00:35:14
2026-09-04 00:28:42,DATA100,0121,Matthew Griffin,35,1,0,2026-09-04 00:35:14
2026-09-04 00:28:42,DATA100,0122,Matthew Griffin,33,0,0,2026-09-04 00:35:14
2026-09-04 00:28:42,DATA100,0123,Matthew Griffin,33,0,0,2026-09-04 00:35:14
2026-09-04 00:28:42,DATA100,0124,Matthew Griffin,33,2,0,2026-09-04 00:35:14
2026-09-04 00:28:42,DATA100,0131,Matthew Griffin,33,0,0,2026-09-04 00:35:14
2026-09-04 00:28:42,DATA100,0141,Matthew Griffin,35,0,0,2026-09-04 00:35:14
2026-09-04 00:28:42,DATA100,0142,Matthew Griffin,33,0,0,2026-09-04 00:35:14
2026-09-04 00:28:42,DATA100,0211,Matthew Griffin,33,1,0,2026-09-04 00:35:14
2026-09-04 00:28:42,DATA100,0212,Matthew Griffin,35,1,0,2026-09-04 00:35:14
2026-09-04 00:28:42,DATA100,0221,Matthew Griffin,30,0,0,2026-09-04 00:35:14
2026-09-04 00:28:42,DATA100,0223,Matthew Griffin,32,0,0,2026-09-04 00:35:14
2026-09-04 00:28:42,DATA100,0224,Matthew Griffin,30,0,0,2026-09-04 00:35:14
2026-09-04 00:28:42,DATA100,0231,Matthew Griffin,33,2,0,2026-09-04 00:35:14
2026-09-04 00:28:42,DATA100,0311,Archana Khurana,35,7,0,2026-09-04 00:35:14
2026-09-04 00:28:42,DATA100,0312,Archana Khurana,35,1,0,2026-09-04 00:35:14
2026-09-04 00:28:42,DATA100,0321,Archana Khurana,35,2,0,2026-09-04 00:35:14
2026-09-04 00:28:42,DATA100,0322,Archana Khurana,35,0,0,2026-09-04 00:35:14
2026-09-04 00:28:42,DATA100,0323,Archana Khurana,35,2,0,2026-09-04 00:35:14
2026-09-04 00:28:42,DATA100,0341,Archana Khurana,35,8,0,2026-09-04 00:35:14
2026-09-04 00:28:42,DATA110,0101,Susan Mazzullo,250,13,0,2026-09-04 00:35:14
2026-09-04 00:28:42,DATA120,0101,Fardina Alam,200,0,1,2026-09-04 00:35:15
2026-09-04 00:28:42,DATA200,0101,Fardina Alam,90,32,0,2026-09-04 00:35:15
2026-09-04 00:28:42,DATA250,0101,Todd Rowland,43,7,0,2026-09-04 00:35:15
2026-09-04 00:28:42,DATA320,0101,Maksym Morawski,15,12,0,2026-09-04 00:35:16
2026-09-04 00:28:42,DATA320,0201,Maksym Morawski,20,8,0,2026-09-04 00:35:16
2026-09-04 00:28:42,DATA320,0301,Fardina Alam,20,0,0,2026-09-04 00:35:16
2026-09-04 00:28:42,DATA350,0101,Raluca Rosca,30,10,0,2026-09-04 00:35:16
2026-09-04 00:28:42,DATA350,0201,Jonathan Fernandes,34,2,0,2026-09-04 00:35:16
2026-09-04 00:28:42,DATA400,0111,Salman Safdar,27,1,0,2026-09-04 00:35:17
2026-09-04 00:28:42,DATA400,0112,Salman Safdar,30,2,0,2026-09-04 00:35:17
2026-09-04 00:28:42,DATA400,0121,Salman Safdar,27,1,0,2026-09-04 00:35:17
2026-09-04 00:28:42,DATA400,0122,Salman Safdar,27,4,0,2026-09-04 00:35:17
2026-09-04 00:28:42,DATA400,0131,Salman Safdar,27,1,0,2026-09-04 00:35:17
2026-09-04 00:28:42,DATA400,0132,Salman Safdar,27,9,0,2026-09-04 00:35:17
2026-09-04 00:28:42,DATA400,0211,Timothy Pilachowski,30,3,0,2026-09-04 00:35:17
2026-09-04 00:28:42,DATA400,0212,Timothy Pilachowski,30,4,0,2026-09-04 00:35:17
2026-09-04 00:28:42,DATA400,0221,Timothy Pilachowski,30,2,0,2026-09-04 00:35:17
2026-09-04 00:28:42,DATA400,0222,Timothy Pilachowski,30,1,0,2026-09-04 00:35:17
2026-09-04 00:28:42,DATA400,0231,Timothy Pilachowski,30,1,0,2026-09-04 00:35:17
2026-09-04 00:28:42,DATA400,0232,Timothy Pilachowski,30,0,0,2026-09-04 00:35:17
2026-09-04 00:28:42,DATA400,0311,Mestiyage Gunatilleka,32,0,0,2026-09-04 00:35:17
2026-09-04 00:28:42,DATA400,0312,Mestiyage Gunatilleka,30,0,0,2026-09-04 00:35:17
2026-09-04 00:28:42,DATA400,0321,Mestiyage Gunatilleka,32,0,1,2026-09-04 00:35:17
2026-09-04 00:28:42,DATA400,0322,Mestiyage Gunatilleka,30,0,0,2026-09-04 00:35:17
2026-09-04 00:28:42,DATA400,0331,Mestiyage Gunatilleka,32,0,0,2026-09-04 00:35:17
2026-09-04 00:28:42,DATA400,0332,Mestiyage Gunatilleka,30,0,0,2026-09-04 00:35:17
2026-09-04 00:28:42,DATA400,0511,Shixin Zheng,35,0,1,2026-09-04 00:35:17
2026-09-04 00:28:42,DATA400,0521,Shixin Zheng,35,0,0,2026-09-04 00:35:17
2026-09-04 00:28:42,DATA400,0531,Shixin Zheng,35,0,1,2026-09-04 00:35:17
2026-09-04 00:28:42,DATA601,PCS1,Sandra Cerrai,50,6,0,2026-09-04 00:35:17
2026-09-04 00:28:42,DATA601,PCS2,Jonathan Fernandes,60,19,0,2026-09-04 00:35:17
2026-09-04 00:28:42,DATA601,PWS1,Leonid Koralov,60,2,0,2026-09-04 00:35:17
2026-09-04 00:28:42,DATA602,PCS1,Sujeong Kim,44,4,0,2026-09-04 00:35:17
2026-09-04 00:28:42,DATA602,PCS2,Sujeong Kim,44,9,0,2026-09-04 00:35:17
2026-09-04 00:28:42,DATA602,PWS1,Fardina Alam,44,2,0,2026-09-04 00:35:17
2026-09-04 00:28:42,DATA603,PCS1,Babak Azimi-Sadjadi,55,12,0,2026-09-04 00:35:18
2026-09-04 00:28:42,DATA603,PWS1,Kemal Davaslioglu,55,17,0,2026-09-04 00:35:18
2026-09-04 00:28:42,DATA605,PCS1,Tammy Perrin,44,30,0,2026-09-04 00:35:18
2026-09-04 00:28:42,DATA605,PCS2,Tammy Perrin,44,20,0,2026-09-04 00:35:18
2026-09-04 00:28:42,DATA605,PWS1,Giacinto Paolo Saggese,44,35,0,2026-09-04 00:35:18
2026-09-04 00:28:42,DATA607,PCS1,Mestiyage Gunatilleka,44,29,0,2026-09-04 00:35:18
2026-09-04 00:28:42,DATA607,PCS2,Kendall Williams,55,0,0,2026-09-04 00:35:18
2026-09-04 00:28:42,DATA607,PCS3,Vincent Lyzinski,44,1,0,2026-09-04 00:35:18
2026-09-04 00:28:42,DATA612,PCS1,Samet Ayhan,50,19,0,2026-09-04 00:35:19
2026-09-04 00:28:42,DATA612,PWS1,Samet Ayhan,44,16,0,2026-09-04 00:35:19
2026-09-04 00:28:42,DATA641,PCS1,Toki Inan,50,13,0,2026-09-04 00:35:19
2026-09-04 00:28:42,DATA641,PWS1,Armin Mehrabian,50,0,1,2026-09-04 00:35:19
2026-09-04 00:28:42,DATA643,PCS1,Charles Forgy,50,26,0,2026-09-04 00:35:20
2026-09-04 00:28:42,DATA650,PCS1,Emre Gunduzhan,54,5,0,2026-09-04 00:35:20
2026-09-04 00:28:42,DATA650,PCS2,Emre Gunduzhan,54,7,0,2026-09-04 00:35:20
2026-09-04 00:28:42,ENAI600,0101,C Ravishankar,35,21,0,2026-09-04 00:35:55
2026-09-04 00:28:42,ENAI600,AEC1,C Ravishankar,20,4,0,2026-09-04 00:35:55
2026-09-04 00:28:42,ENAI601,0101,Richard La,35,23,0,2026-09-04 00:35:55
2026-09-04 00:28:42,ENAI601,AEC1,Richard La,20,6,0,2026-09-04 00:35:55
2026-09-04 00:28:42,ENAI607,0101,Zoltan Safar,29,24,0,2026-09-04 00:35:56
2026-09-04 00:28:42,ENAI607,AEC1,Zoltan Safar,20,9,0,2026-09-04 00:35:56
2026-09-04 00:28:42,ENBC301,ESG1,Sivan Saravanapavan,20,9,0,2026-09-04 00:35:57
2026-09-04 00:28:42,ENBC311,ESG1,Bahaa Ghammraoui,20,11,0,2026-09-04 00:35:58
2026-09-04 00:28:42,ENBC322,ESG1,Kyunghun Lee,20,11,0,2026-09-04 00:35:58
2026-09-04 00:28:42,ENBC331,ESG1,Lan Ma,20,10,0,2026-09-04 00:35:58
2026-09-04 00:28:42,ENBC332,ESG1,Jamasp Azarnoosh,20,11,0,2026-09-04 00:35:59
2026-09-04 00:28:42,ENBC341,ESG1,Jarred Callura,20,12,0,2026-09-04 00:35:59
2026-09-04 00:28:42,ENBC353,ESG1,Jarred Callura,20,15,0,2026-09-04 00:36:00
2026-09-04 00:28:42,ENBC399,ESG1,Nan Xu,1,1,0,2026-09-04 00:36:00
2026-09-04 00:28:42,ENBC399,ESG2,Lan Ma,1,0,0,2026-09-04 00:36:00
2026-09-04 00:28:42,ENBC399,ESG3,Jamasp Azarnoosh,1,0,0,2026-09-04 00:36:00
2026-09-04 00:28:42,ENBC399,ESG4,Lan Ma,1,0,0,2026-09-04 00:36:00
2026-09-04 00:28:42,ENBC399,ESG5,Jamasp Azarnoosh,1,0,0,2026-09-04 00:36:00
2026-09-04 00:28:42,ENBC399,ESG6,Jamasp Azarnoosh,1,0,0,2026-09-04 00:36:00
2026-09-04 00:28:42,ENBC399,ESG7,Jamasp Azarnoosh,1,1,0,2026-09-04 00:36:00
2026-09-04 00:28:42,ENBC423,ESG1,Jian Su,20,13,0,2026-09-04 00:36:00
2026-09-04 00:28:42,ENBC425,ESG1,Jamasp Azarnoosh,20,13,0,2026-09-04 00:36:01
2026-09-04 00:28:42,ENBC431,ESG1,Lan Ma,20,13,0,2026-09-04 00:36:01
2026-09-04 00:28:42,ENEB302,ESG1,Wesley Lawson,20,5,0,2026-09-04 00:36:16
2026-09-04 00:28:42,ENEB340,ESG1,Nestor Michael Tiglao,20,5,0,2026-09-04 00:36:16
2026-09-04 00:28:42,ENEB341,ESG1,Nestor Michael Tiglao,20,5,0,2026-09-04 00:36:17
2026-09-04 00:28:42,ENEB344,ESG1,Jerry Wu,20,5,0,2026-09-04 00:36:17
2026-09-04 00:28:42,ENEB346,ESG1,Nestor Michael Tiglao,20,13,0,2026-09-04 00:36:17
2026-09-04 00:28:42,ENEB354,ESG1,Yavuz Oruc,20,5,0,2026-09-04 00:36:18
2026-09-04 00:28:42,ENEB408A,ESG1,Nestor Michael Tiglao,20,13,0,2026-09-04 00:36:18
2026-09-04 00:28:42,ENEB444,ESG1,Manoj Franklin,20,13,0,2026-09-04 00:36:19
2026-09-04 00:28:42,ENEB454,ESG1,Jerry Wu,20,13,0,2026-09-04 00:36:19
2026-09-04 00:28:42,ENED036,0101,Hillary Owusu,20,8,0,2026-09-04 00:36:21
2026-09-04 00:28:42,ENED101,0101,Shannon Bate,20,1,0,2026-09-04 00:36:21
2026-09-04 00:28:42,ENED115,0101,Friedrich Alvarez,100,5,0,2026-09-04 00:36:21
2026-09-04 00:28:42,ENED215,0101,Tyler Huddleston,30,0,0,2026-09-04 00:36:22
2026-09-04 00:28:42,ENED215,0102,Samantha Sabihi,40,24,0,2026-09-04 00:36:22
2026-09-04 00:28:42,ENED215,0103,Paige Smith,6,0,0,2026-09-04 00:36:22
2026-09-04 00:28:42,ENED290H,0101,Christopher Troilo,46,1,0,2026-09-04 00:36:22
2026-09-04 00:28:42,ENED390H,0101,Tony Barber,50,12,0,2026-09-04 00:36:22
2026-09-04 00:28:42,ENED394H,0101,Manmohan Aseri,65,14,0,2026-09-04 00:36:23
2026-09-04 00:28:42,ENED397,0101,Emily Marks,9,0,0,2026-09-04 00:36:23
2026-09-04 00:28:42,ENED490H,0101,Maria Bardossy,45,1,0,2026-09-04 00:36:24
2026-09-04 00:28:42,ENED491,0101,Jessica Roffe,10,1,0,2026-09-04 00:36:24
2026-09-04 00:28:42,ENMT301,ESG1,Colleen Murray,15,8,0,2026-09-04 00:37:37
2026-09-04 00:28:42,ENMT322,ESG1,Norman Wereley,15,8,0,2026-09-04 00:37:37
2026-09-04 00:28:42,ENMT361,ESG1,Young Choi,15,8,0,2026-09-04 00:37:37
2026-09-04 00:28:42,ENMT380,ESG1,Gurtajbir Herr,15,8,0,2026-09-04 00:37:38
2026-09-04 00:28:42,ENMT450,ESG1,Nicholas Limparis,7,5,0,2026-09-04 00:37:38
2026-09-04 00:28:42,ENMT471,ESG1,Colleen Murray,7,5,0,2026-09-04 00:37:39
2026-09-04 00:28:42,ENMT473,ESG1,Gurtajbir Herr,7,4,0,2026-09-04 00:37:39
2026-09-04 00:28:42,ENMT483,ESG1,Nicholas Limparis,7,5,0,2026-09-04 00:37:39
2026-09-04 00:28:42,ENMT499,ESG4,Nicholas Limparis,2,0,0,2026-09-04 00:37:40
2026-09-04 00:28:42,ENSE621,0101,Tony Barber,22,16,0,2026-09-04 00:37:48
2026-09-04 00:28:42,ENSE621,SY01,Tony Barber,15,0,0,2026-09-04 00:37:48
2026-09-04 00:28:42,ENSE623,0101,Steven Biemer,17,14,0,2026-09-04 00:37:48
2026-09-04 00:28:42,ENSE623,SY01,Steven Biemer,15,11,0,2026-09-04 00:37:48
2026-09-04 00:28:42,ENSE626,0101,Dane Cooper,20,16,0,2026-09-04 00:37:49
2026-09-04 00:28:42,ENSE626,SY01,Dane Cooper,15,9,0,2026-09-04 00:37:49
2026-09-04 00:28:42,ENSP101,0101,Annette Spivy,25,0,0,2026-09-04 00:37:51
2026-09-04 00:28:42,ENSP101,0102,Annette Spivy,24,0,0,2026-09-04 00:37:51
2026-09-04 00:28:42,ENSP101,0103,Annette Spivy,24,0,0,2026-09-04 00:37:51
2026-09-04 00:28:42,ENSP101,0104,Annette Spivy,24,0,0,2026-09-04 00:37:51
2026-09-04 00:28:42,ENSP101,0105,Annette Spivy,25,0,0,2026-09-04 00:37:51
2026-09-04 00:28:42,ENSP101,0106,Annette Spivy,24,0,0,2026-09-04 00:37:51
2026-09-04 00:28:42,ENSP101,0107,Annette Spivy,24,0,1,2026-09-04 00:37:51
2026-09-04 00:28:42,ENSP101,FC01,Annette Spivy,32,4,0,2026-09-04 00:37:51
2026-09-04 00:28:42,ENSP305,0101,Annette Spivy,23,0,2,2026-09-04 00:37:52
2026-09-04 00:28:42,ENSP330,0101,Joanna Goger,35,0,0,2026-09-04 00:37:52
2026-09-04 00:28:42,ENSP340,0101,Caroline Boules,25,0,0,2026-09-04 00:37:53
2026-09-04 00:28:42,ENSP360,0101,Leena Malayil,25,0,7,2026-09-04 00:37:53
2026-09-04 00:28:42,ENSP399R,0601,Annette Spivy,10,10,0,2026-09-04 00:37:54
2026-09-04 00:28:42,ENSP399R,1001,Jennifer Mullinax,10,10,0,2026-09-04 00:37:54
2026-09-04 00:28:42,ENSP400,0101,Joanna Goger,35,13,0,2026-09-04 00:37:54
2026-09-04 00:28:42,ENSP400,0102,Joanna Goger,35,11,0,2026-09-04 00:37:54
2026-09-04 00:28:42,ENVH121,FC01,Brienna Anderson,20,12,0,2026-09-04 00:38:14
2026-09-04 00:28:42,ENVH381,0101,Donald Milton,30,10,0,2026-09-04 00:38:14
2026-09-04 00:28:42,FGSM310,0101,Peter Owen,24,0,0,2026-09-04 00:38:19
2026-09-04 00:28:42,FGSM315,0101,Emily Shetty,22,0,0,2026-09-04 00:38:20
2026-09-04 00:28:42,FGSM320,0101,Woodie Kessel,24,1,0,2026-09-04 00:38:20
2026-09-04 00:28:42,FGSM325,0101,Rob Long,20,1,0,2026-09-04 00:38:20
2026-09-04 00:28:42,FGSM330,0101,Andrew Fausett,22,1,0,2026-09-04 00:38:21
2026-09-04 00:28:42,FGSM340,0101,Ed Fendley,22,1,0,2026-09-04 00:38:21
2026-09-04 00:28:42,FGSM350,0101,Sean Misko,22,1,0,2026-09-04 00:38:22
2026-09-04 00:28:42,FGSM355,0101,Amanda Schoch,20,0,0,2026-09-04 00:38:22
2026-09-04 00:28:42,FGSM360,0101,Nadia Farra,21,0,0,2026-09-04 00:38:22
2026-09-04 00:28:42,FGSM365,0101,Andrew Nissen,20,2,0,2026-09-04 00:38:23
2026-09-04 00:28:42,FGSM370,0101,Joshua Glasser,20,0,0,2026-09-04 00:38:23
2026-09-04 00:28:42,FGSM390,0101,Sasha Koo-Oshima,20,3,0,2026-09-04 00:38:23
2026-09-04 00:28:42,FGSM398,0101,Jayakumar Arasan,25,22,0,2026-09-04 00:38:24
2026-09-04 00:28:42,FGSM398,0201,Jayakumar Arasan,5,1,0,2026-09-04 00:38:24
2026-09-04 00:28:42,FIRE120,0101,Jessica O'Hara,36,0,0,2026-09-04 00:38:26
2026-09-04 00:28:42,FIRE120,0102,Shannon Hilton,36,7,0,2026-09-04 00:38:26
2026-09-04 00:28:42,FIRE120,0103,Jaclyn Bruner,36,0,0,2026-09-04 00:38:26
2026-09-04 00:28:42,FIRE120,0104,Danielle Niu,36,0,0,2026-09-04 00:38:26
2026-09-04 00:28:42,FIRE120,0105,Cherisse Hall,36,0,0,2026-09-04 00:38:26
2026-09-04 00:28:42,FIRE120,0106,Sara Strey,36,0,0,2026-09-04 00:38:26
2026-09-04 00:28:42,FIRE120,0107,Helene Nguemgaing,36,1,0,2026-09-04 00:38:26
2026-09-04 00:28:42,FIRE120,0108,Mary Chey,36,1,0,2026-09-04 00:38:26
2026-09-04 00:28:42,FIRE120,0109,Shannon Hilton,36,0,0,2026-09-04 00:38:26
2026-09-04 00:28:42,FIRE120,0110,Lena Johnson,36,0,0,2026-09-04 00:38:26
2026-09-04 00:28:42,FIRE120,0111,Benjamin Huffman,36,0,0,2026-09-04 00:38:26
2026-09-04 00:28:42,FIRE120,0112,Mary Chey,36,0,0,2026-09-04 00:38:26
2026-09-04 00:28:42,FIRE120,0113,Elizabeth Massey,36,7,0,2026-09-04 00:38:26
2026-09-04 00:28:42,FIRE120,0114,Benjamin Huffman,36,0,0,2026-09-04 00:38:26
2026-09-04 00:28:42,FIRE120,FC01,Danielle Niu,40,0,16,2026-09-04 00:38:26
2026-09-04 00:28:42,FIRE298,0101,Catherine Spirito,28,3,0,2026-09-04 00:38:26
2026-09-04 00:28:42,FIRE298,0103,Cherisse Hall,36,8,0,2026-09-04 00:38:26
2026-09-04 00:28:42,FIRE298,0104,Jessica O'Hara,36,4,0,2026-09-04 00:38:26
2026-09-04 00:28:42,FIRE298,0105,Kaylee Bloom,36,7,0,2026-09-04 00:38:26
2026-09-04 00:28:42,FIRE298,0106,Danielle Niu,36,17,0,2026-09-04 00:38:26
2026-09-04 00:28:42,FIRE298,0107,Benjamin Huffman,40,0,0,2026-09-04 00:38:26
2026-09-04 00:28:42,FIRE298,0108,Elizabeth Massey,40,14,0,2026-09-04 00:38:26
2026-09-04 00:28:42,FIRE298,0109,Shannon Hilton,40,6,0,2026-09-04 00:38:26
2026-09-04 00:28:42,FIRE298,0110,Jaclyn Bruner,40,19,0,2026-09-04 00:38:26
2026-09-04 00:28:42,FIRE298,0111,Mary Chey,36,5,0,2026-09-04 00:38:26
2026-09-04 00:28:42,FIRE298,0112,Helene Nguemgaing,40,15,0,2026-09-04 00:38:26
2026-09-04 00:28:42,FIRE298,0113,Kristina Kramarczuk,40,10,0,2026-09-04 00:38:26
2026-09-04 00:28:42,FIRE298,0114,Shabnam Jabeen,40,22,0,2026-09-04 00:38:26
2026-09-04 00:28:42,FIRE298,0115,Sara Strey,40,14,0,2026-09-04 00:38:26
2026-09-04 00:28:42,FIRE298,0116,Lena Johnson,40,4,0,2026-09-04 00:38:26
2026-09-04 00:28:42,FIRE398,0101,Catherine Spirito,15,2,0,2026-09-04 00:38:27
2026-09-04 00:28:42,FIRE398,0103,Cherisse Hall,15,4,0,2026-09-04 00:38:27
2026-09-04 00:28:42,FIRE398,0104,Jessica O'Hara,15,1,0,2026-09-04 00:38:27
2026-09-04 00:28:42,FIRE398,0105,Kaylee Bloom,15,2,0,2026-09-04 00:38:27
2026-09-04 00:28:42,FIRE398,0106,Danielle Niu,15,10,0,2026-09-04 00:38:27
2026-09-04 00:28:42,FIRE398,0107,Benjamin Huffman,15,3,0,2026-09-04 00:38:27
2026-09-04 00:28:42,FIRE398,0108,Elizabeth Massey,15,6,0,2026-09-04 00:38:27
2026-09-04 00:28:42,FIRE398,0109,Shannon Hilton,15,7,0,2026-09-04 00:38:27
2026-09-04 00:28:42,FIRE398,0110,Jaclyn Bruner,15,9,0,2026-09-04 00:38:27
2026-09-04 00:28:42,FIRE398,0111,Mary Chey,15,3,0,2026-09-04 00:38:27
2026-09-04 00:28:42,FIRE398,0112,Helene Nguemgaing,15,15,0,2026-09-04 00:38:27
2026-09-04 00:28:42,FIRE398,0113,Kristina Kramarczuk,15,7,0,2026-09-04 00:38:27
2026-09-04 00:28:42,FIRE398,0114,Shabnam Jabeen,15,15,0,2026-09-04 00:38:27
2026-09-04 00:28:42,FIRE398,0115,Sara Strey,15,14,0,2026-09-04 00:38:27
2026-09-04 00:28:42,FIRE398,0116,Lena Johnson,15,11,0,2026-09-04 00:38:27
2026-09-04 00:28:42,GBHL200,0101,Hassanatu Blake,30,0,0,2026-09-04 00:38:48
2026-09-04 00:28:42,GBHL200,FC01,Zandra Andre,25,3,0,2026-09-04 00:38:48
2026-09-04 00:28:42,GBHL210,0101,Leena Malayil,25,9,0,2026-09-04 00:38:48
2026-09-04 00:28:42,GBHL399,0101,Hassanatu Blake,3,3,0,2026-09-04 00:38:49
2026-09-04 00:28:42,GBHL399,0111,Dina Borzekowski,5,5,0,2026-09-04 00:38:49
2026-09-04 00:28:42,GEMS101,0101,Allison Lansverk,10,1,0,2026-09-04 00:38:51
2026-09-04 00:28:42,GEMS101,0103,Allison Lansverk,10,0,0,2026-09-04 00:38:51
2026-09-04 00:28:42,GEMS101,0104,Allison Lansverk,10,0,0,2026-09-04 00:38:51
2026-09-04 00:28:42,GEMS101,0105,Allison Lansverk,10,0,0,2026-09-04 00:38:51
2026-09-04 00:28:42,GEMS101,0106,Allison Lansverk,10,0,0,2026-09-04 00:38:51
2026-09-04 00:28:42,GEMS101,0107,Allison Lansverk,10,0,0,2026-09-04 00:38:51
2026-09-04 00:28:42,GEMS101,0109,Allison Lansverk,10,0,0,2026-09-04 00:38:51
2026-09-04 00:28:42,GEMS101,0111,Allison Lansverk,10,0,0,2026-09-04 00:38:51
2026-09-04 00:28:42,GEMS101,0113,Allison Lansverk,10,0,0,2026-09-04 00:38:51
2026-09-04 00:28:42,GEMS101,0114,Allison Lansverk,10,0,0,2026-09-04 00:38:51
2026-09-04 00:28:42,GEMS202,0101,Allison Lansverk,168,43,0,2026-09-04 00:38:51
2026-09-04 00:28:42,GEMS208A,0101,Allison Lansverk,14,14,0,2026-09-04 00:38:52
2026-09-04 00:28:42,GEMS208B,0101,Allison Lansverk,14,14,0,2026-09-04 00:38:52
2026-09-04 00:28:42,GEMS208C,0101,Allison Lansverk,23,12,0,2026-09-04 00:38:53
2026-09-04 00:28:42,GEMS208D,0101,Allison Lansverk,10,10,0,2026-09-04 00:38:53
2026-09-04 00:28:42,GEMS208P,0101,Allison Lansverk,20,8,0,2026-09-04 00:38:53
2026-09-04 00:28:42,GEMS296,0101,Sehrish Shikarpurya,14,5,0,2026-09-04 00:38:54
2026-09-04 00:28:42,GEMS296,0102,David Lovell,14,1,0,2026-09-04 00:38:54
2026-09-04 00:28:42,GEMS296,0103,Myles Poulin,14,1,0,2026-09-04 00:38:54
2026-09-04 00:28:42,GEMS296,0104,Raymond Adomaitis,14,3,0,2026-09-04 00:38:54
2026-09-04 00:28:42,GEMS296,0105,Rodolphe Gentili,14,4,0,2026-09-04 00:38:54
2026-09-04 00:28:42,GEMS296,0106,Jared Grauer,14,6,0,2026-09-04 00:38:54
2026-09-04 00:28:42,GEMS296,0107,Fengfeng Ke,14,4,0,2026-09-04 00:38:54
2026-09-04 00:28:42,GEMS296,0108,Instructor: TBA,14,4,0,2026-09-04 00:38:54
2026-09-04 00:28:42,GEMS296,0109,Huang Chiao Huang,14,1,0,2026-09-04 00:38:54
2026-09-04 00:28:42,GEMS296,0110,Mengqiang Zhu,14,6,0,2026-09-04 00:38:54
2026-09-04 00:28:42,GEMS296,0111,Maria Molina,14,6,0,2026-09-04 00:38:54
2026-09-04 00:28:42,GEMS296,0112,Youssef Kousa,14,2,0,2026-09-04 00:38:54
2026-09-04 00:28:42,GEMS296,0113,Instructor: TBA,5,5,0,2026-09-04 00:38:54
2026-09-04 00:28:42,GEMS296,0114,Instructor: TBA,14,14,0,2026-09-04 00:38:54
2026-09-04 00:28:42,GEMS296,0115,David Lovell,5,5,0,2026-09-04 00:38:54
2026-09-04 00:28:42,GEMS297,0113,Instructor: TBA,5,5,0,2026-09-04 00:38:54
2026-09-04 00:28:42,GEMS396,0101,Michael Humber,14,7,0,2026-09-04 00:38:55
2026-09-04 00:28:42,GEMS396,0102,Seth Dickey,14,2,0,2026-09-04 00:38:55
2026-09-04 00:28:42,GEMS396,0103,Cecilia Huertas Cerdeira,14,8,0,2026-09-04 00:38:55
2026-09-04 00:28:42,GEMS396,0104,Rodolphe Gentili,14,4,0,2026-09-04 00:38:55
2026-09-04 00:28:42,GEMS396,0105,Allison Reilly,14,5,0,2026-09-04 00:38:55
2026-09-04 00:28:42,GEMS396,0106,Peter Sunderland,14,5,0,2026-09-04 00:38:55
2026-09-04 00:28:42,GEMS396,0107,Brett Lacey,14,8,0,2026-09-04 00:38:55
2026-09-04 00:28:42,GEMS396,0108,Natalia Buzulukova,14,4,0,2026-09-04 00:38:55
2026-09-04 00:28:42,GEMS396,0109,Anil Deane,14,4,0,2026-09-04 00:38:55
2026-09-04 00:28:42,GEMS396,0110,Colenso Speer,14,3,0,2026-09-04 00:38:55
2026-09-04 00:28:42,GEMS396,0111,Instructor: TBA,14,14,0,2026-09-04 00:38:55
2026-09-04 00:28:42,GEMS396,0112,Instructor: TBA,14,14,0,2026-09-04 00:38:55
2026-09-04 00:28:42,GEMS396,0113,David Lovell,5,5,0,2026-09-04 00:38:55
2026-09-04 00:28:42,GEMS396,0114,David Lovell,5,5,0,2026-09-04 00:38:55
2026-09-04 00:28:42,GEMS397,0113,David Lovell,5,4,0,2026-09-04 00:38:55
2026-09-04 00:28:42,GEMS496,0101,Eric Haag,14,7,0,2026-09-04 00:38:55
2026-09-04 00:28:42,GEMS496,0102,Mohammad Nayeem Teli,14,11,0,2026-09-04 00:38:55
2026-09-04 00:28:42,GEMS496,0103,Norberto Gonzalez- Juarbe,14,4,0,2026-09-04 00:38:55
2026-09-04 00:28:42,GEMS496,0104,Abhinav Shrivastava,14,6,0,2026-09-04 00:38:55
2026-09-04 00:28:42,GEMS496,0105,Hector Alcala,14,4,0,2026-09-04 00:38:55
2026-09-04 00:28:42,GEMS496,0106,Massimo Ricotti,14,5,0,2026-09-04 00:38:55
2026-09-04 00:28:42,GEMS496,0107,Reza Ghodssi,14,7,0,2026-09-04 00:38:55
2026-09-04 00:28:42,GEMS496,0108,Nikhil Chopra,14,8,0,2026-09-04 00:38:55
2026-09-04 00:28:42,GEMS496,0109,Kimberly Stroka,14,5,0,2026-09-04 00:38:55
2026-09-04 00:28:42,GEMS496,0110,Gorjan Alagic,14,13,0,2026-09-04 00:38:55
2026-09-04 00:28:42,GEMS496,0111,Alisa Clyne,14,6,0,2026-09-04 00:38:55
2026-09-04 00:28:42,GEMS496,0112,Xin Zan,14,10,0,2026-09-04 00:38:55
2026-09-04 00:28:42,GEMS496,0113,Erin Tran,14,14,0,2026-09-04 00:38:55
2026-09-04 00:28:42,GEMS496,0114,David Lovell,5,5,0,2026-09-04 00:38:55
2026-09-04 00:28:42,GEMS497,0107,Instructor: TBA,14,14,0,2026-09-04 00:38:56
2026-09-04 00:28:42,GEMS497,0110,Instructor: TBA,5,5,0,2026-09-04 00:38:56
2026-09-04 00:28:42,GEMS497,0113,David Lovell,5,5,0,2026-09-04 00:38:56
2026-09-04 00:28:42,GFPL100,0101,Joshua Itzkowitz Shifrinson,20,0,0,2026-09-04 00:39:22
2026-09-04 00:28:42,GFPL100,0102,Joshua Itzkowitz Shifrinson,20,0,0,2026-09-04 00:39:22
2026-09-04 00:28:42,GFPL100,0103,Joshua Itzkowitz Shifrinson,20,0,0,2026-09-04 00:39:22
2026-09-04 00:28:42,GFPL100,0104,Joshua Itzkowitz Shifrinson,20,0,0,2026-09-04 00:39:22
2026-09-04 00:28:42,GFPL100,0105,Joshua Itzkowitz Shifrinson,20,0,0,2026-09-04 00:39:22
2026-09-04 00:28:42,GFPL100,0106,Joshua Itzkowitz Shifrinson,25,0,0,2026-09-04 00:39:22
2026-09-04 00:28:42,GFPL100,FC01,Devin Entrikin,30,0,1,2026-09-04 00:39:22
2026-09-04 00:28:42,GFPL102,0101,Caroline Ritter,95,25,0,2026-09-04 00:39:22
2026-09-04 00:28:42,GFPL371,0101,Joshua Itzkowitz Shifrinson,35,0,1,2026-09-04 00:39:22
2026-09-04 00:28:42,GFPL388A,0101,Shannon Carcelli,5,5,0,2026-09-04 00:39:23
2026-09-04 00:28:42,GFPL388B,0101,Hyunki Kim,5,5,0,2026-09-04 00:39:23
2026-09-04 00:28:42,GFPL388C,0101,Scott Kastner,5,0,0,2026-09-04 00:39:23
2026-09-04 00:28:42,GFPL390,0101,Lena Andrews,20,0,2,2026-09-04 00:39:24
2026-09-04 00:28:42,GFPL490,0101,Michael Woldemariam,15,0,0,2026-09-04 00:39:24
2026-09-04 00:28:42,GFPL492,0101,Steve Fetter,20,0,1,2026-09-04 00:39:25
2026-09-04 00:28:42,GLBC200,0101,Chris Lewis,30,0,0,2026-09-04 00:39:26
2026-09-04 00:28:42,GLBC350,0101,Michele Mason,30,27,0,2026-09-04 00:39:27
2026-09-04 00:28:42,HACS100,0101,Cassie Harrington,40,2,0,2026-09-04 00:39:42
2026-09-04 00:28:42,HACS100,0201,Cassie Harrington,40,14,0,2026-09-04 00:39:42
2026-09-04 00:28:42,HACS200,0101,Michel Cukier,34,10,0,2026-09-04 00:39:42
2026-09-04 00:28:42,HACS200,0201,Michel Cukier,34,0,0,2026-09-04 00:39:42
2026-09-04 00:28:42,HACS202,0101,Bertrand Sobesto,52,19,0,2026-09-04 00:39:43
2026-09-04 00:28:42,HACS208A,0101,Lawrence Gordon,20,0,3,2026-09-04 00:39:43
2026-09-04 00:28:42,HACS208C,0101,Lamia Zia,26,9,0,2026-09-04 00:39:43
2026-09-04 00:28:42,HACS208P,0101,Charles Harry,26,0,1,2026-09-04 00:39:44
2026-09-04 00:28:42,HACS297,0101,Sarah Herberger,25,5,0,2026-09-04 00:39:45
2026-09-04 00:28:42,HACS408E,0101,Luke Mains,30,11,0,2026-09-04 00:39:45
2026-09-04 00:28:42,HACS408L,0101,Ian Serbin,30,3,0,2026-09-04 00:39:46
2026-09-04 00:28:42,HACS408M,0101,John McGahagan,30,1,0,2026-09-04 00:39:46
2026-09-04 00:28:42,HACS498,0101,Thomas Woods,7,1,0,2026-09-04 00:39:47
2026-09-04 00:28:42,HACS498,0201,David Trott,9,0,0,2026-09-04 00:39:47
2026-09-04 00:28:42,HACS498,0301,Michel Cukier,8,0,0,2026-09-04 00:39:47
2026-09-04 00:28:42,HBUS100,0101,Jui Ramaprasad,72,4,0,2026-09-04 00:39:48
2026-09-04 00:28:42,HBUS200,0101,Nicole Coomber,60,1,0,2026-09-04 00:39:49
2026-09-04 00:28:42,HDCC105,0101,Antwon Key,70,7,0,2026-09-04 00:39:50
2026-09-04 00:28:42,HDCC201,0101,Jessica Lu,22,0,0,2026-09-04 00:39:51
2026-09-04 00:28:42,HDCC201,0201,Jessica Lu,22,0,0,2026-09-04 00:39:51
2026-09-04 00:28:42,HDCC201,0301,Jessica Lu,22,3,0,2026-09-04 00:39:51
2026-09-04 00:28:42,HDCC208A,0101,William Evans,14,0,0,2026-09-04 00:39:51
2026-09-04 00:28:42,HDCC208J,0101,Grant Bollmer,14,0,0,2026-09-04 00:39:52
2026-09-04 00:28:42,HDCC208P,0101,Cliff Bakalian,14,0,0,2026-09-04 00:39:52
2026-09-04 00:28:42,HDCC208T,0101,Jonathan Reyes,14,0,0,2026-09-04 00:39:52
2026-09-04 00:28:42,HDCC208Z,0101,M Sauter,14,7,0,2026-09-04 00:39:53
2026-09-04 00:28:42,HDCC379,0101,Antwon Key,5,4,0,2026-09-04 00:39:53
2026-09-04 00:28:42,HEBR106,0101,Avital Karpman,15,3,0,2026-09-04 00:39:55
2026-09-04 00:28:42,HEBR106,0201,Avital Karpman,15,6,0,2026-09-04 00:39:55
2026-09-04 00:28:42,HEBR206,0101,Avital Karpman,15,7,0,2026-09-04 00:39:55
2026-09-04 00:28:42,HEBR249C,0101,Aliza Sandalon,15,0,0,2026-09-04 00:39:55
2026-09-04 00:28:42,HEBR298B,0101,Matthew Suriano,25,0,0,2026-09-04 00:39:56
2026-09-04 00:28:42,HEBR313,0101,Aliza Sandalon,20,0,6,2026-09-04 00:39:56
2026-09-04 00:28:42,HGLO100,0101,Alfredo Oliveira,22,7,0,2026-09-04 00:40:14
2026-09-04 00:28:42,HGLO100,0102,Natalie Vinski Ibrahim,22,8,0,2026-09-04 00:40:14
2026-09-04 00:28:42,HGLO100,0103,Natalie Vinski Ibrahim,22,1,0,2026-09-04 00:40:14
2026-09-04 00:28:42,HGLO100,0104,Alfredo Oliveira,22,11,0,2026-09-04 00:40:14
2026-09-04 00:28:42,HGLO101,0101,Sarah Croco,23,2,0,2026-09-04 00:40:15
2026-09-04 00:28:42,HGLO101,0102,Sarah Croco,22,9,0,2026-09-04 00:40:15
2026-09-04 00:28:42,HGLO101,0103,Sarah Croco,22,5,0,2026-09-04 00:40:15
2026-09-04 00:28:42,HGLO101,0104,Sarah Croco,22,13,0,2026-09-04 00:40:15
2026-09-04 00:28:42,HGLO207,0101,Natalie Vinski Ibrahim,25,12,0,2026-09-04 00:40:15
2026-09-04 00:28:42,HGLO208,0101,Alfredo Oliveira,45,25,0,2026-09-04 00:40:15
2026-09-04 00:28:42,HGLO298,0101,Jordan Gouws-Dewar,30,25,0,2026-09-04 00:40:16
2026-09-04 00:28:42,HLSC100,0101,Jalah Townsend,24,3,0,2026-09-04 00:40:57
2026-09-04 00:28:42,HLSC100,0102,Jalah Townsend,24,2,0,2026-09-04 00:40:57
2026-09-04 00:28:42,HLSC100,0103,Jalah Townsend,24,3,0,2026-09-04 00:40:57
2026-09-04 00:28:42,HLSC100,0104,Jalah Townsend,24,8,0,2026-09-04 00:40:57
2026-09-04 00:28:42,HLSC280,0101,Najib El-Sayed,25,3,0,2026-09-04 00:40:58
2026-09-04 00:28:42,HLSC280,0102,Najib El-Sayed,25,4,0,2026-09-04 00:40:58
2026-09-04 00:28:42,HLSC280,0103,Najib El-Sayed,25,4,0,2026-09-04 00:40:58
2026-09-04 00:28:42,HLSC280,0104,Najib El-Sayed,25,9,0,2026-09-04 00:40:58
2026-09-04 00:28:42,HLSC329,0101,Sabrina Kramer,12,4,0,2026-09-04 00:40:58
2026-09-04 00:28:42,HNUH100,0101,Robert Graham,20,3,0,2026-09-04 00:41:18
2026-09-04 00:28:42,HNUH100,0102,Robert Graham,20,0,0,2026-09-04 00:41:18
2026-09-04 00:28:42,HNUH100,0103,Brittany Proudfoot Ginder,20,1,0,2026-09-04 00:41:18
2026-09-04 00:28:42,HNUH100,0104,Max Barnewitz,20,0,0,2026-09-04 00:41:18
2026-09-04 00:28:42,HNUH100,0105,Vasfiye Toprak,20,0,0,2026-09-04 00:41:18
2026-09-04 00:28:42,HNUH100,0106,Vasfiye Toprak,20,1,0,2026-09-04 00:41:18
2026-09-04 00:28:42,HNUH100,0201,Max Barnewitz,20,0,0,2026-09-04 00:41:18
2026-09-04 00:28:42,HNUH100,0202,Max Barnewitz,20,0,0,2026-09-04 00:41:18
2026-09-04 00:28:42,HNUH100,0203,Vasfiye Toprak,20,1,0,2026-09-04 00:41:18
2026-09-04 00:28:42,HNUH100,0204,Vasfiye Toprak,20,0,0,2026-09-04 00:41:18
2026-09-04 00:28:42,HNUH100,0205,Ayondela McDole,20,3,0,2026-09-04 00:41:18
2026-09-04 00:28:42,HNUH100,0206,Ayondela McDole,20,0,0,2026-09-04 00:41:18
2026-09-04 00:28:42,HNUH100,0301,Robert Graham,20,1,0,2026-09-04 00:41:18
2026-09-04 00:28:42,HNUH100,0302,Shauna Rigaud,20,8,0,2026-09-04 00:41:18
2026-09-04 00:28:42,HNUH100,0303,Shauna Rigaud,20,1,0,2026-09-04 00:41:18
2026-09-04 00:28:42,HNUH100,0304,Max Barnewitz,20,3,0,2026-09-04 00:41:18
2026-09-04 00:28:42,HNUH100,0305,Vasfiye Toprak,20,0,0,2026-09-04 00:41:18
2026-09-04 00:28:42,HNUH100,0306,Vasfiye Toprak,20,2,0,2026-09-04 00:41:18
2026-09-04 00:28:42,HNUH100,0401,Gretchen Bella,20,0,0,2026-09-04 00:41:18
2026-09-04 00:28:42,HNUH100,0402,Gretchen Bella,20,6,0,2026-09-04 00:41:18
2026-09-04 00:28:42,HNUH100,0403,Max Barnewitz,20,1,0,2026-09-04 00:41:18
2026-09-04 00:28:42,HNUH100,0404,Ayondela McDole,20,6,0,2026-09-04 00:41:18
2026-09-04 00:28:42,HNUH100,0405,Ayondela McDole,20,0,0,2026-09-04 00:41:18
2026-09-04 00:28:42,HNUH100,0406,Ayondela McDole,20,4,0,2026-09-04 00:41:18
2026-09-04 00:28:42,HNUH100,0501,Leigha McReynolds,10,3,0,2026-09-04 00:41:18
2026-09-04 00:28:42,HNUH100,0601,Brittany Proudfoot Ginder,20,0,0,2026-09-04 00:41:18
2026-09-04 00:28:42,HNUH218D,0101,Brian Gilmore,48,0,2,2026-09-04 00:41:18
2026-09-04 00:28:42,HNUH218L,0101,Shauna Rigaud,20,0,0,2026-09-04 00:41:18
2026-09-04 00:28:42,HNUH218L,0201,Shauna Rigaud,20,0,1,2026-09-04 00:41:18
2026-09-04 00:28:42,HNUH228D,0101,Matthew McLaughlin,60,0,2,2026-09-04 00:41:19
2026-09-04 00:28:42,HNUH228L,0101,Alena Wigodner,20,0,1,2026-09-04 00:41:19
2026-09-04 00:28:42,HNUH228L,0201,Alena Wigodner,20,0,1,2026-09-04 00:41:19
2026-09-04 00:28:42,HNUH228N,0101,Peter Grybauskas,20,0,0,2026-09-04 00:41:20
2026-09-04 00:28:42,HNUH229I,0101,Gretchen Bella,20,0,1,2026-09-04 00:41:20
2026-09-04 00:28:42,HNUH238D,0101,Susan Moeller,60,0,0,2026-09-04 00:41:20
2026-09-04 00:28:42,HNUH238L,0101,Kimberly Johnson,20,2,0,2026-09-04 00:41:21
2026-09-04 00:28:42,HNUH238L,0201,Kimberly Johnson,20,0,0,2026-09-04 00:41:21
2026-09-04 00:28:42,HNUH238N,0101,Hannah Wegmann,20,6,0,2026-09-04 00:41:21
2026-09-04 00:28:42,HNUH239T,0101,Gerald Suarez,20,0,0,2026-09-04 00:41:21
2026-09-04 00:28:42,HNUH248D,0101,Juan Uriagereka,45,0,0,2026-09-04 00:41:22
2026-09-04 00:28:42,HNUH248L,0201,Robert Graham,20,6,0,2026-09-04 00:41:22
2026-09-04 00:28:42,HNUH248M,0101,Hassanatu Blake,20,13,0,2026-09-04 00:41:23
2026-09-04 00:28:42,HNUH248N,0101,Siv Lie,20,0,4,2026-09-04 00:41:23
2026-09-04 00:28:42,HNUH249P,0101,Temim Nusraty,20,2,0,2026-09-04 00:41:23
2026-09-04 00:28:42,HNUH258C,0101,Bill Fagan,55,27,0,2026-09-04 00:41:24
2026-09-04 00:28:42,HNUH258Q,0101,Tiara Thomas,20,1,0,2026-09-04 00:41:24
2026-09-04 00:28:42,HNUH259P,0101,Hooman Koliji,20,2,0,2026-09-04 00:41:25
2026-09-04 00:28:42,HNUH268C,0101,Perla Guerrero,60,34,0,2026-09-04 00:41:25
2026-09-04 00:28:42,HNUH269P,0101,Marisa Franco,20,0,5,2026-09-04 00:41:25
2026-09-04 00:28:42,HNUH278C,0101,Chinyere Osuji,60,38,0,2026-09-04 00:41:26
2026-09-04 00:28:42,HNUH278I,0101,Marisa Franco,20,4,0,2026-09-04 00:41:26
2026-09-04 00:28:42,HNUH278I,0102,Marisa Franco,20,1,0,2026-09-04 00:41:26
2026-09-04 00:28:42,HNUH278R,0101,Max Barnewitz,20,3,0,2026-09-04 00:41:26
2026-09-04 00:28:42,HNUH288C,0101,Julia Steinberg,30,3,0,2026-09-04 00:41:27
2026-09-04 00:28:42,HNUH288C,0103,Julia Steinberg,30,9,0,2026-09-04 00:41:27
2026-09-04 00:28:42,HNUH288O,0101,Ariana Nash,20,1,0,2026-09-04 00:41:27
2026-09-04 00:28:42,HNUH300,0301,Vasfiye Toprak,20,0,0,2026-09-04 00:41:28
2026-09-04 00:28:42,HNUH300,0401,Robert Graham,20,0,0,2026-09-04 00:41:28
2026-09-04 00:28:42,HNUH300,0601,Alena Wigodner,20,0,0,2026-09-04 00:41:28
2026-09-04 00:28:42,HNUH300,0701,Ingrid Satelmajer,20,13,0,2026-09-04 00:41:28
2026-09-04 00:28:42,HNUH300,0801,Shauna Rigaud,20,0,0,2026-09-04 00:41:28
2026-09-04 00:28:42,HNUH300,0901,Kimberly Johnson,20,5,0,2026-09-04 00:41:28
2026-09-04 00:28:42,HNUH300,1001,Ingrid Satelmajer,20,14,0,2026-09-04 00:41:28
2026-09-04 00:28:42,HNUH318T,0101,Peter Owen,24,0,0,2026-09-04 00:41:28
2026-09-04 00:28:42,HNUH319T,0101,Emily Shetty,22,0,0,2026-09-04 00:41:28
2026-09-04 00:28:42,HNUH328T,0101,Woodie Kessel,24,1,0,2026-09-04 00:41:29
2026-09-04 00:28:42,HNUH329T,0101,Rob Long,20,1,0,2026-09-04 00:41:29
2026-09-04 00:28:42,HNUH338T,0101,Andrew Fausett,22,1,0,2026-09-04 00:41:29
2026-09-04 00:28:42,HNUH348T,0101,Ed Fendley,22,1,0,2026-09-04 00:41:30
2026-09-04 00:28:42,HNUH358T,0101,Sean Misko,22,1,0,2026-09-04 00:41:30
2026-09-04 00:28:42,HNUH359T,0101,Amanda Schoch,20,0,0,2026-09-04 00:41:30
2026-09-04 00:28:42,HNUH368T,0101,Nadia Farra,21,0,0,2026-09-04 00:41:31
2026-09-04 00:28:42,HNUH369T,0101,Andrew Nissen,20,2,0,2026-09-04 00:41:31
2026-09-04 00:28:42,HNUH378T,0101,Joshua Glasser,20,0,0,2026-09-04 00:41:32
2026-09-04 00:28:42,HNUH398P,0101,Jayakumar Arasan,25,22,0,2026-09-04 00:41:32
2026-09-04 00:28:42,HNUH398P,0201,Jayakumar Arasan,5,1,0,2026-09-04 00:41:32
2026-09-04 00:28:42,HNUH398T,0101,Sasha Koo-Oshima,20,3,0,2026-09-04 00:41:32
2026-09-04 00:28:42,HONR368A,0101,Blake Wilder,22,1,0,2026-09-04 00:41:34
2026-09-04 00:28:42,IMDM101,0101,Mollye Bendell,30,15,0,2026-09-04 00:41:39
2026-09-04 00:28:42,IMDM101,0201,Myungin Lee,30,18,0,2026-09-04 00:41:39
2026-09-04 00:28:42,IMDM101,0301,Myungin Lee,30,23,0,2026-09-04 00:41:39
2026-09-04 00:28:42,IMDM127,0101,Roger Eastman,36,19,0,2026-09-04 00:41:40
2026-09-04 00:28:42,IMDM150,0101,Stefano Passeri,30,17,0,2026-09-04 00:41:40
2026-09-04 00:28:42,IMDM227,0101,Stevens Miller,30,1,0,2026-09-04 00:41:41
2026-09-04 00:28:42,IMDM227,0201,Stevens Miller,30,19,0,2026-09-04 00:41:41
2026-09-04 00:28:42,IMDM327,0101,Myungin Lee,25,0,0,2026-09-04 00:41:41
2026-09-04 00:28:42,IMDM350,0101,Jason Farman,29,12,0,2026-09-04 00:41:41
2026-09-04 00:28:42,IMDM490,0101,Matthew Nolan,30,0,0,2026-09-04 00:41:42
2026-09-04 00:28:42,IMDM490,0201,Matthew Nolan,30,16,0,2026-09-04 00:41:42
2026-09-04 00:28:42,IMDM498K,0101,Matthew Nolan,15,0,0,2026-09-04 00:41:42
2026-09-04 00:28:42,IMMR319D,0101,Beka Guluma,20,12,0,2026-09-04 00:41:44
2026-09-04 00:28:42,IMMR394,0101,Wenxi Yang,30,3,0,2026-09-04 00:41:45
2026-09-04 00:28:42,IMMR399,0101,Instructor: TBA,2,2,0,2026-09-04 00:41:45
2026-09-04 00:28:42,IMMR400,0101,Gerson Rosales,20,2,0,2026-09-04 00:41:46
2026-09-04 00:28:42,ISRL249J,0101,Aner Tal,30,24,0,2026-09-04 00:42:00
2026-09-04 00:28:42,ISRL249M,0101,Aliza Sandalon,15,0,0,2026-09-04 00:42:00
2026-09-04 00:28:42,ISRL283,0101,Shay Hazkani,35,2,0,2026-09-04 00:42:00
2026-09-04 00:28:42,ISRL349G,0101,Marwa Maziad,30,0,0,2026-09-04 00:42:01
2026-09-04 00:28:42,ISRL349K,0101,Regev Ben-David,30,24,0,2026-09-04 00:42:01
2026-09-04 00:28:42,ISRL349T,0101,Elli Lieberman,35,20,0,2026-09-04 00:42:02
2026-09-04 00:28:42,ISRL349Y,0101,Adina Friedman,35,26,0,2026-09-04 00:42:02
2026-09-04 00:28:42,ISRL382,0101,Ilai Saltzman,35,0,0,2026-09-04 00:42:03
2026-09-04 00:28:42,ISRL448R,0101,Morad Elsana,25,9,0,2026-09-04 00:42:03
2026-09-04 00:28:42,ITAL103,0101,Antonella D'Amario,18,14,0,2026-09-04 00:42:05
2026-09-04 00:28:42,ITAL103,0201,Antonella D'Amario,18,5,0,2026-09-04 00:42:05
2026-09-04 00:28:42,ITAL103,0301,Joseph Falvo,18,7,0,2026-09-04 00:42:05
2026-09-04 00:28:42,ITAL203,0101,Antonella D'Amario,18,9,0,2026-09-04 00:42:05
2026-09-04 00:28:42,ITAL203,0201,Antonella D'Amario,18,13,0,2026-09-04 00:42:05
2026-09-04 00:28:42,ITAL204,0101,Federica Soddu,18,14,0,2026-09-04 00:42:05
2026-09-04 00:28:42,ITAL207,0101,Mirella Vaglio,18,17,0,2026-09-04 00:42:06
2026-09-04 00:28:42,ITAL301,0101,Federica Soddu,20,12,0,2026-09-04 00:42:06
2026-09-04 00:28:42,ITAL362,0101,Federica Soddu,20,10,0,2026-09-04 00:42:07
2026-09-04 00:28:42,ITAL401,0101,Mirella Vaglio,15,12,0,2026-09-04 00:42:08
2026-09-04 00:28:42,ITAL421,0101,Joseph Falvo,25,14,0,2026-09-04 00:42:08
2026-09-04 00:28:42,ITAL478R,0101,Joseph Falvo,5,3,0,2026-09-04 00:42:08
2026-09-04 00:28:42,JAPN101,0101,Kumiko Akikawa,15,3,0,2026-09-04 00:42:10
2026-09-04 00:28:42,JAPN101,0201,Kumiko Akikawa,15,6,0,2026-09-04 00:42:10
2026-09-04 00:28:42,JAPN101,0301,Kumiko Akikawa,15,5,0,2026-09-04 00:42:10
2026-09-04 00:28:42,JAPN201,0101,Makiko Inoue,15,5,0,2026-09-04 00:42:11
2026-09-04 00:28:42,JAPN201,0201,Makiko Inoue,15,8,0,2026-09-04 00:42:11
2026-09-04 00:28:42,JAPN301,0101,Mari Hamada,15,9,0,2026-09-04 00:42:11
2026-09-04 00:28:42,JAPN311,0101,Jyana Browne,15,11,0,2026-09-04 00:42:12
2026-09-04 00:28:42,JAPN315,0101,Michele Mason,20,3,0,2026-09-04 00:42:12
2026-09-04 00:28:42,JAPN320,0101,Lindsay Yotsukura,15,9,0,2026-09-04 00:42:12
2026-09-04 00:28:42,JAPN498B,0101,Jyana Browne,20,1,0,2026-09-04 00:42:13
2026-09-04 00:28:42,KORA101,0101,Saerom Kwak,15,0,0,2026-09-04 00:43:07
2026-09-04 00:28:42,KORA101,0201,Saerom Kwak,15,2,0,2026-09-04 00:43:07
2026-09-04 00:28:42,KORA101,0301,Saerom Kwak,15,6,0,2026-09-04 00:43:07
2026-09-04 00:28:42,KORA101,0401,Saerom Kwak,15,5,0,2026-09-04 00:43:07
2026-09-04 00:28:42,KORA201,0101,Seong Minne Koh,15,4,0,2026-09-04 00:43:08
2026-09-04 00:28:42,KORA201,0201,Seong Minne Koh,15,5,0,2026-09-04 00:43:08
2026-09-04 00:28:42,KORA201,0301,Seong Minne Koh,15,8,0,2026-09-04 00:43:08
2026-09-04 00:28:42,KORA398G,0101,Instructor: TBA,10,7,0,2026-09-04 00:43:08
2026-09-04 00:28:42,KORA398W,0101,Seong Minne Koh,10,4,0,2026-09-04 00:43:08
2026-09-04 00:28:42,LEAD217,0101,Festus Ainoo,25,0,0,2026-09-04 00:43:28
2026-09-04 00:28:42,LEAD217,0201,Adrian Bitton,25,2,0,2026-09-04 00:43:28
2026-09-04 00:28:42,LEAD217,FC01,Festus Ainoo,22,0,0,2026-09-04 00:43:28
2026-09-04 00:28:42,LEAD305,0101,Anastasia Lavrenyuk,20,4,0,2026-09-04 00:43:28
2026-09-04 00:28:42,LEAD315,0101,Anastasia Lavrenyuk,25,11,0,2026-09-04 00:43:29
2026-09-04 00:28:42,LEAD320,0101,Courtney Holder,10,9,0,2026-09-04 00:43:29
2026-09-04 00:28:42,LGBT200,0201,Basanth Babu,25,0,5,2026-09-04 00:43:31
2026-09-04 00:28:42,LGBT265,0101,Tyra Griffin,30,2,0,2026-09-04 00:43:31
2026-09-04 00:28:42,LGBT265,0201,Declan Langton,30,3,0,2026-09-04 00:43:31
2026-09-04 00:28:42,LGBT359J,0101,Chris Eng,25,13,0,2026-09-04 00:43:31
2026-09-04 00:28:42,MLAW100,0101,Christine White,83,14,0,2026-09-04 00:44:15
2026-09-04 00:28:42,MLAW304,0201,Christine White,65,16,0,2026-09-04 00:44:15
2026-09-04 00:28:42,MLAW305,0101,Brian Gilmore,40,2,0,2026-09-04 00:44:16
2026-09-04 00:28:42,MLAW315,0101,Grace Benton,13,3,0,2026-09-04 00:44:16
2026-09-04 00:28:42,MLAW358Q,0101,David Cunningham,0,0,0,2026-09-04 00:44:16
2026-09-04 00:28:42,MLAW358T,0101,Christine White,25,5,0,2026-09-04 00:44:17
2026-09-04 00:28:42,MLAW358X,0101,Martin Kobren,5,0,0,2026-09-04 00:44:17
2026-09-04 00:28:42,MLAW359,0101,Brandee Pettus,10,4,0,2026-09-04 00:44:18
2026-09-04 00:28:42,MLAW378E,0101,Brandee Pettus,5,5,0,2026-09-04 00:44:18
2026-09-04 00:28:42,MLAW378K,0101,Brian Gilmore,20,0,0,2026-09-04 00:44:18
2026-09-04 00:28:42,MLAW378Q,0101,Paul Huth,2,0,1,2026-09-04 00:44:19
2026-09-04 00:28:42,MLAW378R,0101,Nancy Schertzing,13,2,0,2026-09-04 00:44:19
2026-09-04 00:28:42,MLAW388,0101,Brandee Pettus,40,21,0,2026-09-04 00:44:19
2026-09-04 00:28:42,MLSC250,FC01,William Simpson,24,5,0,2026-09-04 00:44:21
2026-09-04 00:28:42,NEUR200,0101,Ana Navarro Cebrian,80,5,0,2026-09-04 00:44:44
2026-09-04 00:28:42,NEUR200,0201,Ana Navarro Cebrian,80,0,1,2026-09-04 00:44:44
2026-09-04 00:28:42,NEUR200,0301,Evan Hart,80,1,0,2026-09-04 00:44:44
2026-09-04 00:28:42,NEUR305,0101,Amanda Chicoli,100,12,0,2026-09-04 00:44:44
2026-09-04 00:28:42,NEUR306,0101,Chan Lin,200,5,0,2026-09-04 00:44:45
2026-09-04 00:28:42,NEUR398H,0101,Nikolas Francis,20,2,0,2026-09-04 00:44:46
2026-09-04 00:28:42,NEUR405,0101,Hilary Bierman,20,0,0,2026-09-04 00:44:47
2026-09-04 00:28:42,NEUR405,0102,Hilary Bierman,20,1,0,2026-09-04 00:44:47
2026-09-04 00:28:42,NEUR405,0103,Hilary Bierman,20,0,0,2026-09-04 00:44:47
2026-09-04 00:28:42,PEER312,0101,Aleia Gardner,15,8,0,2026-09-04 00:45:04
2026-09-04 00:28:42,PEER318,0101,Christina Jay,15,11,0,2026-09-04 00:45:04
2026-09-04 00:28:42,PEER319,0101,Grace Boudreau,15,7,0,2026-09-04 00:45:05
2026-09-04 00:28:42,PHPE308D,0101,Xinzhi Zhao,30,7,0,2026-09-04 00:45:22
2026-09-04 00:28:42,PHPE308F,0101,Regev Ben-David,30,24,0,2026-09-04 00:45:22
2026-09-04 00:28:42,PHPE308M,0101,Hallie Liberto,30,18,0,2026-09-04 00:45:23
2026-09-04 00:28:42,PHPE308O,0101,Jackson Iszler,30,0,0,2026-09-04 00:45:23
2026-09-04 00:28:42,PHPE308Y,0101,Rachel Singpurwalla,20,0,1,2026-09-04 00:45:23
2026-09-04 00:28:42,PHPE308Y,0102,Rachel Singpurwalla,20,0,3,2026-09-04 00:45:23
2026-09-04 00:28:42,PHPE308Y,0103,Rachel Singpurwalla,20,0,2,2026-09-04 00:45:23
2026-09-04 00:28:42,PHPE400,0101,Justin Helms,18,1,0,2026-09-04 00:45:24
2026-09-04 00:28:42,PHPE400,0102,Justin Helms,18,1,0,2026-09-04 00:45:24
2026-09-04 00:28:42,PHPE400,0103,Justin Helms,20,1,0,2026-09-04 00:45:24
2026-09-04 00:28:42,PHPE401,0101,Xinzhi Zhao,25,0,9,2026-09-04 00:45:25
2026-09-04 00:28:42,PHPE402,0101,Dan Moller,30,0,0,2026-09-04 00:45:25
2026-09-04 00:28:42,PHPE408J,0101,Lixing Miao,25,2,0,2026-09-04 00:45:25
2026-09-04 00:28:42,PHPE408R,0101,Xinzhi Zhao,25,9,0,2026-09-04 00:45:26
2026-09-04 00:28:42,PHSC388J,0101,Kendall Bustad,20,6,0,2026-09-04 00:45:27
2026-09-04 00:28:42,PHSC389,0101,Shannon Edward,30,14,0,2026-09-04 00:45:28
2026-09-04 00:28:42,PHSC399,0101,Shannon Edward,30,10,0,2026-09-04 00:45:28
2026-09-04 00:28:42,PHSC415,0101,Jessica O'Hara,31,0,1,2026-09-04 00:45:29
2026-09-04 00:28:42,PHSC415,0102,Jessica O'Hara,31,0,1,2026-09-04 00:45:29
2026-09-04 00:28:42,PHSC415,0103,Jessica O'Hara,31,0,1,2026-09-04 00:45:29
2026-09-04 00:28:42,PHSC415,0104,Jessica O'Hara,31,0,1,2026-09-04 00:45:29
2026-09-04 00:28:42,PHSC415,0105,Jessica O'Hara,31,0,1,2026-09-04 00:45:29
2026-09-04 00:28:42,PHSC420,0101,Jennifer German,35,4,0,2026-09-04 00:45:29
2026-09-04 00:28:42,PHSC450,0101,Kendall Bustad,20,0,3,2026-09-04 00:45:29
2026-09-04 00:28:42,PHSC450,0102,Kendall Bustad,20,0,2,2026-09-04 00:45:29
2026-09-04 00:28:42,PHSC450,0103,Kendall Bustad,20,0,1,2026-09-04 00:45:29
2026-09-04 00:28:42,PHSC450,0104,Kendall Bustad,20,0,3,2026-09-04 00:45:29
2026-09-04 00:28:42,PHSC450,0105,Kendall Bustad,20,0,1,2026-09-04 00:45:29
2026-09-04 00:28:42,PHSC450,0106,Kendall Bustad,20,0,0,2026-09-04 00:45:29
2026-09-04 00:28:42,PHSC450,0107,Kendall Bustad,20,0,2,2026-09-04 00:45:29
2026-09-04 00:28:42,PHSC450,0108,Kendall Bustad,20,0,2,2026-09-04 00:45:29
2026-09-04 00:28:42,PHSC497,0101,Kendall Bustad,20,2,0,2026-09-04 00:45:30
2026-09-04 00:28:42,PHSC497,0301,Shannon Edward,20,3,0,2026-09-04 00:45:30
2026-09-04 00:28:42,PHSC497,0601,Jennifer German,20,2,0,2026-09-04 00:45:30
2026-09-04 00:28:42,PLCY100,0101,Toby Egan,25,0,1,2026-09-04 00:45:55
2026-09-04 00:28:42,PLCY100,0102,Toby Egan,25,0,0,2026-09-04 00:45:55
2026-09-04 00:28:42,PLCY100,0103,Toby Egan,25,0,0,2026-09-04 00:45:55
2026-09-04 00:28:42,PLCY100,0104,Toby Egan,25,0,0,2026-09-04 00:45:55
2026-09-04 00:28:42,PLCY100,0201,Namrta Sharma,25,12,0,2026-09-04 00:45:55
2026-09-04 00:28:42,PLCY100,0202,Namrta Sharma,25,15,0,2026-09-04 00:45:55
2026-09-04 00:28:42,PLCY100,0203,Namrta Sharma,25,1,0,2026-09-04 00:45:55
2026-09-04 00:28:42,PLCY100,0204,Namrta Sharma,25,10,0,2026-09-04 00:45:55
2026-09-04 00:28:42,PLCY101,0101,Robert Sprinkle,75,0,0,2026-09-04 00:45:56
2026-09-04 00:28:42,PLCY170,0101,Joshua Itzkowitz Shifrinson,20,0,0,2026-09-04 00:45:56
2026-09-04 00:28:42,PLCY170,0102,Joshua Itzkowitz Shifrinson,20,0,0,2026-09-04 00:45:56
2026-09-04 00:28:42,PLCY170,0103,Joshua Itzkowitz Shifrinson,20,0,0,2026-09-04 00:45:56
2026-09-04 00:28:42,PLCY170,0104,Joshua Itzkowitz Shifrinson,20,0,0,2026-09-04 00:45:56
2026-09-04 00:28:42,PLCY170,0105,Joshua Itzkowitz Shifrinson,20,0,0,2026-09-04 00:45:56
2026-09-04 00:28:42,PLCY170,0106,Joshua Itzkowitz Shifrinson,25,0,0,2026-09-04 00:45:56
2026-09-04 00:28:42,PLCY172,0101,Caroline Ritter,95,25,0,2026-09-04 00:45:56
2026-09-04 00:28:42,PLCY200,0101,Shanna Pearson-Merkowitz,35,0,3,2026-09-04 00:45:57
2026-09-04 00:28:42,PLCY200,0201,Shanna Pearson-Merkowitz,35,0,2,2026-09-04 00:45:57
2026-09-04 00:28:42,PLCY200,0301,Namrta Sharma,35,0,3,2026-09-04 00:45:57
2026-09-04 00:28:42,PLCY201,0101,Julio Guzman,70,0,0,2026-09-04 00:45:57
2026-09-04 00:28:42,PLCY201,0201,Gregory Ramsay,60,0,0,2026-09-04 00:45:57
2026-09-04 00:28:42,PLCY201,FC01,Anne Kaiser,32,1,0,2026-09-04 00:45:57
2026-09-04 00:28:42,PLCY201,FC02,Anne Kaiser,32,6,0,2026-09-04 00:45:57
2026-09-04 00:28:42,PLCY201S,0101,Susannah Washburn,80,4,0,2026-09-04 00:45:58
2026-09-04 00:28:42,PLCY203,0101,Thomas Hilde,60,7,0,2026-09-04 00:45:58
2026-09-04 00:28:42,PLCY203,0201,Anne Kaiser,60,39,0,2026-09-04 00:45:58
2026-09-04 00:28:42,PLCY213,0201,Claire Dunning,40,5,0,2026-09-04 00:45:58
2026-09-04 00:28:42,PLCY214,0101,Patricia Bory,65,20,0,2026-09-04 00:45:59
2026-09-04 00:28:42,PLCY240,0101,Timothy Reedy,30,1,0,2026-09-04 00:45:59
2026-09-04 00:28:42,PLCY288K,0101,CHRISTIAN OSTERMANN,25,2,0,2026-09-04 00:45:59
2026-09-04 00:28:42,PLCY300,0101,Alana Hackshaw,45,0,7,2026-09-04 00:46:00
2026-09-04 00:28:42,PLCY300,0201,Namrta Sharma,45,30,0,2026-09-04 00:46:00
2026-09-04 00:28:42,PLCY301,0101,Caroline Boules,165,7,0,2026-09-04 00:46:00
2026-09-04 00:28:42,PLCY302,0101,Niambi Carter,40,2,0,2026-09-04 00:46:00
2026-09-04 00:28:42,PLCY302,0201,Ebonie Johnson Cooper,40,2,0,2026-09-04 00:46:00
2026-09-04 00:28:42,PLCY302,0301,Lindsay Dieudonne,40,0,2,2026-09-04 00:46:00
2026-09-04 00:28:42,PLCY303,0101,Juan Martinez Guzman,40,4,0,2026-09-04 00:46:01
2026-09-04 00:28:42,PLCY304,0101,Michael Busse,40,11,0,2026-09-04 00:46:01
2026-09-04 00:28:42,PLCY304,0201,Michael Busse,40,12,0,2026-09-04 00:46:01
2026-09-04 00:28:42,PLCY309,0101,Martin Sanders,30,26,0,2026-09-04 00:46:02
2026-09-04 00:28:42,PLCY310,0101,Selvon Waldron,35,15,0,2026-09-04 00:46:02
2026-09-04 00:28:42,PLCY313,0101,Gerard Evans,100,1,0,2026-09-04 00:46:03
2026-09-04 00:28:42,PLCY371,0101,Joshua Itzkowitz Shifrinson,35,0,1,2026-09-04 00:46:03
2026-09-04 00:28:42,PLCY380,0101,Isabel O'Malley,40,0,0,2026-09-04 00:46:03
2026-09-04 00:28:42,PLCY380,ESG1,Kisha McNeill,30,1,0,2026-09-04 00:46:03
2026-09-04 00:28:42,PLCY388A,0101,Brandi Onowu,40,7,0,2026-09-04 00:46:04
2026-09-04 00:28:42,PLCY388N,0101,Nina Harris,25,2,0,2026-09-04 00:46:04
2026-09-04 00:28:42,PLCY390,0101,Lena Andrews,20,0,2,2026-09-04 00:46:04
2026-09-04 00:28:42,PLCY399B,0101,Beatrice DeBelen,30,19,0,2026-09-04 00:46:05
2026-09-04 00:28:42,PLCY400,0101,Patricia Bory,25,2,0,2026-09-04 00:46:06
2026-09-04 00:28:42,PLCY401,0101,Anand Patwardhan,20,5,0,2026-09-04 00:46:06
2026-09-04 00:28:42,PLCY401,0201,Tracy Thompson,20,0,2,2026-09-04 00:46:06
2026-09-04 00:28:42,PLCY401,0301,David Mussington,20,9,0,2026-09-04 00:46:06
2026-09-04 00:28:42,PLCY490,0101,Michael Woldemariam,15,0,0,2026-09-04 00:46:07
2026-09-04 00:28:42,PLCY492,0101,Steve Fetter,20,0,1,2026-09-04 00:46:07
2026-09-04 00:28:42,PLCY610,0201,Alec Worsnop,40,6,0,2026-09-04 00:46:07
2026-09-04 00:28:42,PLCY630,0101,Catherine Worsnop,25,3,0,2026-09-04 00:46:08
2026-09-04 00:28:42,PLCY630,0201,Catherine Worsnop,25,3,0,2026-09-04 00:46:08
2026-09-04 00:28:42,PLCY631,0101,Cullen Merritt,25,0,0,2026-09-04 00:46:08
2026-09-04 00:28:42,PLCY640,0201,Thomas Spreen,30,6,0,2026-09-04 00:46:09
2026-09-04 00:28:42,PLCY641,0101,Tyler Kustra,30,0,0,2026-09-04 00:46:09
2026-09-04 00:28:42,PLCY641,0201,Tyler Kustra,30,9,0,2026-09-04 00:46:09
2026-09-04 00:28:42,PLCY670,0101,Philip Joyce,30,0,0,2026-09-04 00:46:09
2026-09-04 00:28:42,PLCY680,0101,Claire Dunning,25,0,0,2026-09-04 00:46:10
2026-09-04 00:28:42,PLCY680,0201,Michael Woldemariam,25,6,0,2026-09-04 00:46:10
2026-09-04 00:28:42,PLCY688C,0101,Charles Harry,20,10,0,2026-09-04 00:46:10
2026-09-04 00:28:42,PLCY688F,PWL1,Nekeya O'Connor,20,1,0,2026-09-04 00:46:11
2026-09-04 00:28:42,PLCY688P,0101,Steve Fetter,10,1,0,2026-09-04 00:46:11
2026-09-04 00:28:42,PLCY688Z,0101,Brandi Onowu,20,6,0,2026-09-04 00:46:11
2026-09-04 00:28:42,PLCY689E,0101,Susan Parker,20,0,0,2026-09-04 00:46:12
2026-09-04 00:28:42,PLCY690,0110,David Mussington,15,3,0,2026-09-04 00:46:12
2026-09-04 00:28:42,PLCY690,0120,Margaret Brindle,15,2,0,2026-09-04 00:46:12
2026-09-04 00:28:42,PLCY690,0130,Douglas Call,15,0,1,2026-09-04 00:46:12
2026-09-04 00:28:42,PLCY690,0150,Paul Brown,15,1,0,2026-09-04 00:46:12
2026-09-04 00:28:42,PLCY690,0170,James Stillwell,15,0,0,2026-09-04 00:46:12
2026-09-04 00:28:42,PLCY698T,0101,Elizabeth Duke,20,6,0,2026-09-04 00:46:13
2026-09-04 00:28:42,PLCY699L,0101,Michael Woldemariam,10,2,0,2026-09-04 00:46:13
2026-09-04 00:28:42,PLCY720,0101,Nancy Gallagher,20,2,0,2026-09-04 00:46:13
2026-09-04 00:28:42,PLCY734,0101,Niambi Carter,20,0,0,2026-09-04 00:46:14
2026-09-04 00:28:42,PLCY735,0101,Robert Sprinkle,20,8,0,2026-09-04 00:46:14
2026-09-04 00:28:42,PLCY741,0101,Anand Patwardhan,20,7,0,2026-09-04 00:46:15
2026-09-04 00:28:42,PLCY742,0101,Thomas Hilde,20,9,0,2026-09-04 00:46:15
2026-09-04 00:28:42,PLCY780,0101,Robert Orr,20,0,1,2026-09-04 00:46:15
2026-09-04 00:28:42,PLCY781,0101,Julio Guzman,20,2,0,2026-09-04 00:46:16
2026-09-04 00:28:42,PLCY783,0101,Margaret Brindle,20,7,0,2026-09-04 00:46:16
2026-09-04 00:28:42,PLCY798F,PWL1,William Nolte,25,18,0,2026-09-04 00:46:17
2026-09-04 00:28:42,PLCY798V,0101,Shanna Pearson-Merkowitz,12,0,0,2026-09-04 00:46:18
2026-09-04 00:28:42,PLCY798W,0101,Martin Sanders,10,10,0,2026-09-04 00:46:18
2026-09-04 00:28:42,PLCY798Y,PWL1,Jeffrey Franco,25,0,0,2026-09-04 00:46:19
2026-09-04 00:28:42,PLCY798Z,0101,Peter Reuter,12,0,0,2026-09-04 00:46:19
2026-09-04 00:28:42,PLSC112,0101,Samuel Daramola,100,16,0,2026-09-04 00:46:22
2026-09-04 00:28:42,PLSC113,0101,Samuel Daramola,24,3,0,2026-09-04 00:46:22
2026-09-04 00:28:42,PLSC113,0102,Samuel Daramola,24,5,0,2026-09-04 00:46:22
2026-09-04 00:28:42,PLSC113,0103,Samuel Daramola,24,13,0,2026-09-04 00:46:22
2026-09-04 00:28:42,PLSC113,0104,Samuel Daramola,24,9,0,2026-09-04 00:46:22
2026-09-04 00:28:42,PLSC115,0101,Shirley Micallef,24,0,3,2026-09-04 00:46:22
2026-09-04 00:28:42,PLSC201,0101,Pierre Jacob,42,15,0,2026-09-04 00:46:23
2026-09-04 00:28:42,PLSC203,0101,Vijay Tiwari,23,17,0,2026-09-04 00:46:23
2026-09-04 00:28:42,PLSC205,0101,Mark Carroll,22,0,0,2026-09-04 00:46:24
2026-09-04 00:28:42,PLSC206,0101,Pierre Jacob,21,8,0,2026-09-04 00:46:24
2026-09-04 00:28:42,PLSC206,0102,Pierre Jacob,21,7,0,2026-09-04 00:46:24
2026-09-04 00:28:42,PLSC253,0101,Karen Petroff,24,0,0,2026-09-04 00:46:24
2026-09-04 00:28:42,PLSC253,0102,Karen Petroff,24,5,0,2026-09-04 00:46:24
2026-09-04 00:28:42,PLSC389,0101,Craig Beyrouty,17,17,0,2026-09-04 00:46:25
2026-09-04 00:28:42,PLSC402,0101,Geoffrey Rinehart,10,3,0,2026-09-04 00:46:26
2026-09-04 00:28:42,PLSC404,0101,Yiping Qi,20,9,0,2026-09-04 00:46:26
2026-09-04 00:28:42,PLSC420,0101,Nidhi Rawat,18,3,0,2026-09-04 00:46:26
2026-09-04 00:28:42,PLSC420,0102,Nidhi Rawat,18,13,0,2026-09-04 00:46:26
2026-09-04 00:28:42,PLSC433,0101,Diana Cochran,10,2,0,2026-09-04 00:46:27
2026-09-04 00:28:42,PLSC453,0101,Samuel Daramola,24,1,0,2026-09-04 00:46:27
2026-09-04 00:28:42,PLSC471,0101,Juanita Choo,20,0,0,2026-09-04 00:46:28
2026-09-04 00:28:42,PLSC476,0101,Maile Neel,23,19,0,2026-09-04 00:46:28
2026-09-04 00:28:42,PLSC608,0101,Shunyuan Xiao,20,13,0,2026-09-04 00:46:28
2026-09-04 00:28:42,PORT103,0101,Parker Brookie,15,8,0,2026-09-04 00:46:31
2026-09-04 00:28:42,PORT205,0101,Parker Brookie,15,4,0,2026-09-04 00:46:32
2026-09-04 00:28:42,PORT332,0101,Parker Brookie,25,0,0,2026-09-04 00:46:32
2026-09-04 00:28:42,RELS120,0101,Antoine Borrut,40,8,0,2026-09-04 00:47:07
2026-09-04 00:28:42,RELS170,0101,Chiara Graf,21,2,0,2026-09-04 00:47:07
2026-09-04 00:28:42,RELS170,0102,Chiara Graf,21,0,0,2026-09-04 00:47:07
2026-09-04 00:28:42,RELS170,0103,Chiara Graf,21,1,0,2026-09-04 00:47:07
2026-09-04 00:28:42,RELS170,0104,Chiara Graf,21,0,0,2026-09-04 00:47:07
2026-09-04 00:28:42,RELS170,0105,Chiara Graf,21,0,0,2026-09-04 00:47:07
2026-09-04 00:28:42,RELS170,0106,Chiara Graf,21,0,0,2026-09-04 00:47:07
2026-09-04 00:28:42,RELS170,0107,Chiara Graf,21,0,0,2026-09-04 00:47:07
2026-09-04 00:28:42,RELS170,0108,Chiara Graf,21,0,0,2026-09-04 00:47:07
2026-09-04 00:28:42,RELS170,0109,Chiara Graf,22,0,0,2026-09-04 00:47:07
2026-09-04 00:28:42,RELS171,0101,Maxine Grossman,40,1,0,2026-09-04 00:47:08
2026-09-04 00:28:42,RELS219K,0101,Shay Hazkani,40,33,0,2026-09-04 00:47:08
2026-09-04 00:28:42,RELS225,0101,Stephanie Cooper,25,0,0,2026-09-04 00:47:08
2026-09-04 00:28:42,RELS273,0101,Hayim Lapin,23,0,0,2026-09-04 00:47:09
2026-09-04 00:28:42,RELS273,0102,Hayim Lapin,23,0,0,2026-09-04 00:47:09
2026-09-04 00:28:42,RELS273,0103,Hayim Lapin,23,1,0,2026-09-04 00:47:09
2026-09-04 00:28:42,RELS274,0101,Matthew Suriano,20,0,6,2026-09-04 00:47:09
2026-09-04 00:28:42,RELS274,0102,Matthew Suriano,20,0,5,2026-09-04 00:47:09
2026-09-04 00:28:42,RELS274,0103,Matthew Suriano,20,0,5,2026-09-04 00:47:09
2026-09-04 00:28:42,RELS274,0104,Matthew Suriano,20,0,3,2026-09-04 00:47:09
2026-09-04 00:28:42,RELS319D,0101,Nathan Levine,35,25,0,2026-09-04 00:47:10
2026-09-04 00:28:42,RELS319Z,0101,Regev Ben-David,30,27,0,2026-09-04 00:47:10
2026-09-04 00:28:42,RELS341,0101,Janna Bianchini,30,0,0,2026-09-04 00:47:10
2026-09-04 00:28:42,RUSS101,0101,Inna Hardman,15,6,0,2026-09-04 00:47:12
2026-09-04 00:28:42,RUSS101,0201,Inna Hardman,15,4,0,2026-09-04 00:47:12
2026-09-04 00:28:42,RUSS201,0101,Zhanna Gerus-Vernola,15,8,0,2026-09-04 00:47:13
2026-09-04 00:28:42,RUSS301,0101,Izolda Savenkova,15,5,0,2026-09-04 00:47:13
2026-09-04 00:28:42,RUSS321,0101,Elizabeth Papazian,15,5,0,2026-09-04 00:47:13
2026-09-04 00:28:42,RUSS334,0101,Elizabeth Papazian,25,0,0,2026-09-04 00:47:14
2026-09-04 00:28:42,RUSS404,0101,Izolda Savenkova,15,1,0,2026-09-04 00:47:15
2026-09-04 00:28:42,SDSB123,0101,Brian Kim,40,7,0,2026-09-04 00:47:17
2026-09-04 00:28:42,SDSB180,0101,Brian Kim,180,143,0,2026-09-04 00:47:17
2026-09-04 00:28:42,SDSB233,0101,Jacob Coutts,25,1,0,2026-09-04 00:47:18
2026-09-04 00:28:42,SDSB233,0102,Jacob Coutts,25,10,0,2026-09-04 00:47:18
2026-09-04 00:28:42,SDSB233,0103,Jacob Coutts,25,8,0,2026-09-04 00:47:18
2026-09-04 00:28:42,SDSB326,0101,Jacob Coutts,50,31,0,2026-09-04 00:47:18
2026-09-04 00:28:42,SDSB340,0101,Neil Lund,40,0,0,2026-09-04 00:47:18
2026-09-04 00:28:42,SDSI414,0201,Maria Krupenkin,34,12,0,2026-09-04 00:47:20
2026-09-04 00:28:42,SDSI414,0202,Maria Krupenkin,34,0,0,2026-09-04 00:47:20
2026-09-04 00:28:42,SDSI492,0101,TJ Rainsford,50,11,0,2026-09-04 00:47:20
2026-09-04 00:28:42,SDSI492,0103,Mary Ann Francis,40,0,4,2026-09-04 00:47:20
2026-09-04 00:28:42,SDSI492,0104,TJ Rainsford,50,2,0,2026-09-04 00:47:20
2026-09-04 00:28:42,SDSI492,0106,Jesse Klein,50,0,10,2026-09-04 00:47:20
2026-09-04 00:28:42,SDSI492,0107,Connie Siebold,40,0,5,2026-09-04 00:47:20
2026-09-04 00:28:42,SDSI492,0110,Patrick Thornton,50,27,0,2026-09-04 00:47:20
2026-09-04 00:28:42,SLLC108I,0101,Instructor: TBA,5,4,0,2026-09-04 00:47:24
2026-09-04 00:28:42,SLLC108J,0101,Instructor: TBA,5,5,0,2026-09-04 00:47:24
2026-09-04 00:28:42,SLLC108W,0101,Instructor: TBA,5,4,0,2026-09-04 00:47:25
2026-09-04 00:28:42,SLLC118A,0101,Sean Pue,10,3,0,2026-09-04 00:47:25
2026-09-04 00:28:42,SLLC200,0101,Chris Lewis,30,0,0,2026-09-04 00:47:25
2026-09-04 00:28:42,SLLC286,0101,Andrew Schonebaum,60,6,0,2026-09-04 00:47:26
2026-09-04 00:28:42,SLLC309,0101,Ahmed Hanafy,10,10,0,2026-09-04 00:47:26
2026-09-04 00:28:42,SLLC309,0102,Ahmed Hanafy,10,8,0,2026-09-04 00:47:26
2026-09-04 00:28:42,SLLC309,0103,Ahmed Hanafy,10,8,0,2026-09-04 00:47:26
2026-09-04 00:28:42,SLLC309,0104,Ahmed Hanafy,10,6,0,2026-09-04 00:47:26
2026-09-04 00:28:42,SLLC309,0105,Ahmed Hanafy,10,6,0,2026-09-04 00:47:26
2026-09-04 00:28:42,SLLC309,0106,Ahmed Hanafy,10,7,0,2026-09-04 00:47:26
2026-09-04 00:28:42,SLLC309,0107,Ahmed Hanafy,10,8,0,2026-09-04 00:47:26
2026-09-04 00:28:42,SLLC309,0108,Ahmed Hanafy,10,9,0,2026-09-04 00:47:26
2026-09-04 00:28:42,SLLC309,0109,Ahmed Hanafy,10,7,0,2026-09-04 00:47:26
2026-09-04 00:28:42,SLLC309,0110,Ahmed Hanafy,10,4,0,2026-09-04 00:47:26
2026-09-04 00:28:42,SLLC309,0111,Ahmed Hanafy,10,10,0,2026-09-04 00:47:26
2026-09-04 00:28:42,SLLC329,0101,Marilyn Matar,12,0,0,2026-09-04 00:47:27
2026-09-04 00:28:42,SLLC329,0102,Marilyn Matar,10,1,0,2026-09-04 00:47:27
2026-09-04 00:28:42,SLLC329,0103,Marilyn Matar,21,3,0,2026-09-04 00:47:27
2026-09-04 00:28:42,SLLC329,0104,Marilyn Matar,10,4,0,2026-09-04 00:47:27
2026-09-04 00:28:42,SLLC329,0105,Marilyn Matar,10,9,0,2026-09-04 00:47:27
2026-09-04 00:28:42,SLLC329,0106,Marilyn Matar,10,1,0,2026-09-04 00:47:27
2026-09-04 00:28:42,SLLC329,0107,Marilyn Matar,10,7,0,2026-09-04 00:47:27
2026-09-04 00:28:42,SLLC329,0108,Marilyn Matar,10,7,0,2026-09-04 00:47:27
2026-09-04 00:28:42,SLLC329,0109,Marilyn Matar,10,4,0,2026-09-04 00:47:27
2026-09-04 00:28:42,SLLC329,0110,Marilyn Matar,20,4,0,2026-09-04 00:47:27
2026-09-04 00:28:42,SLLC350,0101,Michele Mason,30,27,0,2026-09-04 00:47:27
2026-09-04 00:28:42,SMLP470,0101,Brooke Smith,45,13,0,2026-09-04 00:47:29
2026-09-04 00:28:42,SMLP472,0101,Sara Herald,60,20,0,2026-09-04 00:47:29
2026-09-04 00:28:42,TLTC310,0101,Sarah Kistner,0,0,0,2026-09-04 00:48:25
2026-09-04 00:28:42,TLTC310,0201,Yanira Ortiz,20,11,0,2026-09-04 00:48:25
2026-09-04 00:28:42,TLTC333,0101,Mona Thompson,60,0,0,2026-09-04 00:48:25
2026-09-04 00:28:42,TLTC333,0102,Mona Thompson,60,0,1,2026-09-04 00:48:25
2026-09-04 00:28:42,TLTC333,0105,Mona Thompson,60,5,0,2026-09-04 00:48:25
2026-09-04 00:28:42,TLTC499A,0101,Mona Thompson,10,7,0,2026-09-04 00:48:26
2026-09-04 00:28:42,TLTC499A,0102,Danielle Pafe,10,6,0,2026-09-04 00:48:26
2026-09-04 00:28:42,UMEI005,0101,Charles Duquette,15,2,0,2026-09-04 00:48:28
2026-09-04 00:28:42,UMEI005,0201,Heather Mehrtens,15,9,0,2026-09-04 00:48:28
2026-09-04 00:28:42,UMEI005,0301,Marilena Draganescu,15,11,0,2026-09-04 00:48:28
2026-09-04 00:28:42,UMEI012,0101,Louise Godley,10,9,0,2026-09-04 00:48:28
2026-09-04 00:28:42,UMEI013,0101,Louise Godley,10,9,0,2026-09-04 00:48:28
2026-09-04 00:28:42,UMEI028A,0101,Raymond Smith,16,14,0,2026-09-04 00:48:29
2026-09-04 00:28:42,UMEI506,0101,Heather Mehrtens,16,0,0,2026-09-04 00:48:29
2026-09-04 00:28:42,UMEI506,0201,Heather Mehrtens,16,6,0,2026-09-04 00:48:29
2026-09-04 00:28:42,UMEI507,0101,Marilena Draganescu,15,4,0,2026-09-04 00:48:29
2026-09-04 00:28:42,USLT201,0101,Robert Chester,25,1,0,2026-09-04 00:48:37
2026-09-04 00:28:42,USLT398C,0101,Angela Pico Pinto,25,17,0,2026-09-04 00:48:38
2026-09-04 00:28:42,USLT450,0101,Robert Chester,20,0,2,2026-09-04 00:48:38
2026-09-04 00:28:42,USLT498C,0101,Ana Rodriguez,20,14,0,2026-09-04 00:48:38
2026-09-04 00:28:42,VIPS099,0115,Veronica Kang,5,3,0,2026-09-04 00:48:40
2026-09-04 00:28:42,VIPS208,0101,Mary Bowden,10,10,0,2026-09-04 00:48:41
2026-09-04 00:28:42,VIPS208,0102,Ken Kiger,10,2,0,2026-09-04 00:48:41
2026-09-04 00:28:42,VIPS208,0103,Bryan Quinn,10,7,0,2026-09-04 00:48:41
2026-09-04 00:28:42,VIPS208,0104,Abdil Chowdhury,10,1,0,2026-09-04 00:48:41
2026-09-04 00:28:42,VIPS208,0105,Molly Carton,10,7,0,2026-09-04 00:48:41
2026-09-04 00:28:42,VIPS208,0106,James Baeder,14,2,0,2026-09-04 00:48:41
2026-09-04 00:28:42,VIPS208,0107,Catherine Spirito,10,6,0,2026-09-04 00:48:41
2026-09-04 00:28:42,VIPS208,0108,Ronald Yaros,10,4,0,2026-09-04 00:48:41
2026-09-04 00:28:42,VIPS208,0109,Carinna Ferguson,10,6,0,2026-09-04 00:48:41
2026-09-04 00:28:42,VIPS208,0110,Tracy Riggins,15,0,0,2026-09-04 00:48:41
2026-09-04 00:28:42,VIPS208,0111,Kevin Calabro,13,2,0,2026-09-04 00:48:41
2026-09-04 00:28:42,VIPS208,0112,Raffaele Viglianti,10,5,0,2026-09-04 00:48:41
2026-09-04 00:28:42,VIPS208,0113,Shabnam Jabeen,10,3,0,2026-09-04 00:48:41
2026-09-04 00:28:42,VIPS208,0114,Ning Zeng,15,6,0,2026-09-04 00:48:41
2026-09-04 00:28:42,VIPS208,0115,Veronica Kang,10,5,0,2026-09-04 00:48:41
2026-09-04 00:28:42,VIPS208,0116,David Stewart,10,0,0,2026-09-04 00:48:41
2026-09-04 00:28:42,VIPS208,0117,Meredith Epstein,10,8,0,2026-09-04 00:48:41
2026-09-04 00:28:42,VIPS208,0118,Magaly Toro Ibaceta,10,3,0,2026-09-04 00:48:41
2026-09-04 00:28:42,VIPS208,0120,Marisa Parham,10,5,0,2026-09-04 00:48:41
2026-09-04 00:28:42,VIPS208,0121,Becky Epanchin-Niell,10,1,0,2026-09-04 00:48:41
2026-09-04 00:28:42,VIPS208,0122,Timothy Reedy,10,2,0,2026-09-04 00:48:41
2026-09-04 00:28:42,VIPS208,0123,Lingnan Lin,13,4,0,2026-09-04 00:48:41
2026-09-04 00:28:42,VIPS208,0124,Jeffrey Moro,10,4,0,2026-09-04 00:48:41
2026-09-04 00:28:42,VIPS208,0125,Peter Sunderland,12,4,0,2026-09-04 00:48:41
2026-09-04 00:28:42,VIPS208,0126,Brienna Anderson,10,3,0,2026-09-04 00:48:41
2026-09-04 00:28:42,VIPS308,0101,Mary Bowden,10,9,0,2026-09-04 00:48:41
2026-09-04 00:28:42,VIPS308,0102,Ken Kiger,10,3,0,2026-09-04 00:48:41
2026-09-04 00:28:42,VIPS308,0103,Bryan Quinn,10,2,0,2026-09-04 00:48:41
2026-09-04 00:28:42,VIPS308,0104,Abdil Chowdhury,10,3,0,2026-09-04 00:48:41
2026-09-04 00:28:42,VIPS308,0105,Molly Carton,10,3,0,2026-09-04 00:48:41
2026-09-04 00:28:42,VIPS308,0106,James Baeder,10,4,0,2026-09-04 00:48:41
2026-09-04 00:28:42,VIPS308,0107,Catherine Spirito,10,7,0,2026-09-04 00:48:41
2026-09-04 00:28:42,VIPS308,0108,Ronald Yaros,10,9,0,2026-09-04 00:48:41
2026-09-04 00:28:42,VIPS308,0109,Carinna Ferguson,10,6,0,2026-09-04 00:48:41
2026-09-04 00:28:42,VIPS308,0110,Tracy Riggins,10,0,0,2026-09-04 00:48:41
2026-09-04 00:28:42,VIPS308,0111,Kevin Calabro,10,6,0,2026-09-04 00:48:41
2026-09-04 00:28:42,VIPS308,0112,Raffaele Viglianti,10,10,0,2026-09-04 00:48:41
2026-09-04 00:28:42,VIPS308,0113,Shabnam Jabeen,10,8,0,2026-09-04 00:48:41
2026-09-04 00:28:42,VIPS308,0114,Ning Zeng,10,9,0,2026-09-04 00:48:41
2026-09-04 00:28:42,VIPS308,0115,Veronica Kang,10,10,0,2026-09-04 00:48:41
2026-09-04 00:28:42,VIPS308,0116,David Stewart,10,10,0,2026-09-04 00:48:41
2026-09-04 00:28:42,VIPS308,0117,Meredith Epstein,10,8,0,2026-09-04 00:48:41
2026-09-04 00:28:42,VIPS308,0118,Magaly Toro Ibaceta,10,10,0,2026-09-04 00:48:41
2026-09-04 00:28:42,VIPS308,0120,Marisa Parham,10,9,0,2026-09-04 00:48:41
2026-09-04 00:28:42,VIPS308,0121,Becky Epanchin-Niell,10,10,0,2026-09-04 00:48:41
2026-09-04 00:28:42,VIPS308,0122,Timothy Reedy,10,10,0,2026-09-04 00:48:41
2026-09-04 00:28:42,VIPS308,0123,Lingnan Lin,10,10,0,2026-09-04 00:48:41
2026-09-04 00:28:42,VIPS308,0124,Jeffrey Moro,10,10,0,2026-09-04 00:48:41
2026-09-04 00:28:42,VIPS308,0125,Peter Sunderland,10,10,0,2026-09-04 00:48:41
2026-09-04 00:28:42,VIPS308,0126,Brienna Anderson,10,10,0,2026-09-04 00:48:41
2026-09-04 00:28:42,VIPS408,0101,Mary Bowden,10,4,0,2026-09-04 00:48:42
2026-09-04 00:28:42,VIPS408,0102,Ken Kiger,10,8,0,2026-09-04 00:48:42
2026-09-04 00:28:42,VIPS408,0103,Bryan Quinn,10,3,0,2026-09-04 00:48:42
2026-09-04 00:28:42,VIPS408,0104,Abdil Chowdhury,10,8,0,2026-09-04 00:48:42
2026-09-04 00:28:42,VIPS408,0105,Molly Carton,10,8,0,2026-09-04 00:48:42
2026-09-04 00:28:42,VIPS408,0106,James Baeder,10,7,0,2026-09-04 00:48:42
2026-09-04 00:28:42,VIPS408,0107,Catherine Spirito,10,10,0,2026-09-04 00:48:42
2026-09-04 00:28:42,VIPS408,0108,Ronald Yaros,10,8,0,2026-09-04 00:48:42
2026-09-04 00:28:42,VIPS408,0109,Carinna Ferguson,10,8,0,2026-09-04 00:48:42
2026-09-04 00:28:42,VIPS408,0110,Tracy Riggins,10,10,0,2026-09-04 00:48:42
2026-09-04 00:28:42,VIPS408,0111,Kevin Calabro,10,7,0,2026-09-04 00:48:42
2026-09-04 00:28:42,VIPS408,0112,Raffaele Viglianti,10,9,0,2026-09-04 00:48:42
2026-09-04 00:28:42,VIPS408,0113,Shabnam Jabeen,10,10,0,2026-09-04 00:48:42
2026-09-04 00:28:42,VIPS408,0114,Ning Zeng,10,10,0,2026-09-04 00:48:42
2026-09-04 00:28:42,VIPS408,0115,Veronica Kang,10,10,0,2026-09-04 00:48:42
2026-09-04 00:28:42,VIPS408,0116,David Stewart,10,10,0,2026-09-04 00:48:42
2026-09-04 00:28:42,VIPS408,0117,Meredith Epstein,10,10,0,2026-09-04 00:48:42
2026-09-04 00:28:42,VIPS408,0118,Magaly Toro Ibaceta,10,9,0,2026-09-04 00:48:42
2026-09-04 00:28:42,VIPS408,0120,Marisa Parham,10,10,0,2026-09-04 00:48:42
2026-09-04 00:28:42,VIPS408,0121,Becky Epanchin-Niell,10,10,0,2026-09-04 00:48:42
2026-09-04 00:28:42,VIPS408,0122,Timothy Reedy,10,10,0,2026-09-04 00:48:42
2026-09-04 00:28:42,VIPS408,0123,Lingnan Lin,10,10,0,2026-09-04 00:48:42
2026-09-04 00:28:42,VIPS408,0124,Jeffrey Moro,10,10,0,2026-09-04 00:48:42
2026-09-04 00:28:42,VIPS408,0125,Peter Sunderland,10,10,0,2026-09-04 00:48:42
2026-09-04 00:28:42,VIPS408,0126,Brienna Anderson,10,10,0,2026-09-04 00:48:42
2026-09-04 00:28:42,WEID139B,0101,Denise Joseph,48,12,0,2026-09-04 00:48:45
2026-09-04 00:28:42,WEID139L,0201,Taylor Togafau-Lewis,48,17,0,2026-09-04 00:48:45
2026-09-04 05:09:14,AAAS100,0101,Shane Walsh,35,0,0,2026-09-04 05:09:16
2026-09-04 05:09:14,AAAS100,0201,Shane Walsh,35,0,0,2026-09-04 05:09:16
2026-09-04 05:09:14,AAAS100,0301,George Kintiba,70,37,0,2026-09-04 05:09:16
2026-09-04 05:09:14,AAAS100,0401,Jason Nichols,30,0,0,2026-09-04 05:09:16
2026-09-04 05:09:14,AAAS100,0501,Jason Nichols,35,0,0,2026-09-04 05:09:16
2026-09-04 05:09:14,AAAS101,0101,Chinyere Osuji,40,3,0,2026-09-04 05:09:16
2026-09-04 05:09:14,AAAS187,0101,Robert Choflet,30,0,0,2026-09-04 05:09:17
2026-09-04 05:09:14,AAAS187,0201,Joseph Richardson,30,1,0,2026-09-04 05:09:17
2026-09-04 05:09:14,AAAS200,0101,George Kintiba,40,3,0,2026-09-04 05:09:17
2026-09-04 05:09:14,AAAS202,0101,Robert Choflet,35,4,0,2026-09-04 05:09:18
2026-09-04 05:09:14,AAAS202,0201,Robert Choflet,35,5,0,2026-09-04 05:09:18
2026-09-04 05:09:14,AAAS202,0301,Angelica Dunbar,35,2,0,2026-09-04 05:09:18
2026-09-04 05:09:14,AAAS202,0401,Ashley Everson,35,0,0,2026-09-04 05:09:18
2026-09-04 05:09:14,AAAS202,0501,Ashley Everson,20,0,0,2026-09-04 05:09:18
2026-09-04 05:09:14,AAAS210,0101,Angelica Dunbar,20,16,0,2026-09-04 05:09:19
2026-09-04 05:09:14,AAAS211,0101,Shane Walsh,30,0,0,2026-09-04 05:09:19
2026-09-04 05:09:14,AAAS230,0101,Ashley Newby,30,0,0,2026-09-04 05:09:20
2026-09-04 05:09:14,AAAS230,0201,Ashley Newby,30,0,0,2026-09-04 05:09:20
2026-09-04 05:09:14,AAAS234,0201,Mike Kolakoski,30,2,0,2026-09-04 05:09:20
2026-09-04 05:09:14,AAAS254,0101,Christopher Bonner,40,1,0,2026-09-04 05:09:21
2026-09-04 05:09:14,AAAS271,0101,Sydney Lewis,30,0,0,2026-09-04 05:09:21
2026-09-04 05:09:14,AAAS310,0101,George Kintiba,25,20,0,2026-09-04 05:09:22
2026-09-04 05:09:14,AAAS320,0101,Cecily Jackson,25,0,0,2026-09-04 05:09:22
2026-09-04 05:09:14,AAAS320,0201,Cecily Jackson,25,0,0,2026-09-04 05:09:22
2026-09-04 05:09:14,AAAS325,0101,Traci Dula,20,3,0,2026-09-04 05:09:22
2026-09-04 05:09:14,AAAS350,0101,John Drabinski,20,0,0,2026-09-04 05:09:23
2026-09-04 05:09:14,AAAS361,0101,Michelle Rowley,35,24,0,2026-09-04 05:09:24
2026-09-04 05:09:14,AAAS386,0101,Marshal Washington,10,10,0,2026-09-04 05:09:24
2026-09-04 05:09:14,AAAS397,0101,John Drabinski,2,2,0,2026-09-04 05:09:25
2026-09-04 05:09:14,AAAS397,0201,Angelica Dunbar,2,2,0,2026-09-04 05:09:25
2026-09-04 05:09:14,AAAS397,0301,Sharon Harley,2,2,0,2026-09-04 05:09:25
2026-09-04 05:09:14,AAAS397,0401,Cecily Jackson,2,2,0,2026-09-04 05:09:25
2026-09-04 05:09:14,AAAS397,0501,Sangeetha Madhavan,2,2,0,2026-09-04 05:09:25
2026-09-04 05:09:14,AAAS397,0601,Ashley Newby,1,1,0,2026-09-04 05:09:25
2026-09-04 05:09:14,AAAS397,0701,Chinyere Osuji,2,2,0,2026-09-04 05:09:25
2026-09-04 05:09:14,AAAS397,0801,Periloux Peay,2,2,0,2026-09-04 05:09:25
2026-09-04 05:09:14,AAAS397,0901,Joseph Richardson,2,2,0,2026-09-04 05:09:25
2026-09-04 05:09:14,AAAS398B,0101,Beka Guluma,20,12,0,2026-09-04 05:09:25
2026-09-04 05:09:14,AAAS398W,0101,Jason Nichols,25,9,0,2026-09-04 05:09:26
2026-09-04 05:09:14,AAAS399,0101,Robert Choflet,4,4,0,2026-09-04 05:09:26
2026-09-04 05:09:14,AAAS399,0201,John Drabinski,4,4,0,2026-09-04 05:09:26
2026-09-04 05:09:14,AAAS399,0301,Angelica Dunbar,4,3,0,2026-09-04 05:09:26
2026-09-04 05:09:14,AAAS399,0401,Sharon Harley,4,4,0,2026-09-04 05:09:26
2026-09-04 05:09:14,AAAS399,0501,Cecily Jackson,4,4,0,2026-09-04 05:09:26
2026-09-04 05:09:14,AAAS399,0601,Cecily Jackson,4,4,0,2026-09-04 05:09:26
2026-09-04 05:09:14,AAAS399,0701,Sharon Harley,4,4,0,2026-09-04 05:09:26
2026-09-04 05:09:14,AAAS399,0801,George Kintiba,4,4,0,2026-09-04 05:09:26
2026-09-04 05:09:14,AAAS399,0901,Jason Nichols,4,4,0,2026-09-04 05:09:26
2026-09-04 05:09:14,AAAS399,1001,Ashley Newby,4,3,0,2026-09-04 05:09:26
2026-09-04 05:09:14,AAAS399,1101,Jason Nichols,4,4,0,2026-09-04 05:09:26
2026-09-04 05:09:14,AAAS399,1201,Joseph Richardson,4,4,0,2026-09-04 05:09:26
2026-09-04 05:09:14,AAAS399,1301,Shane Walsh,4,4,0,2026-09-04 05:09:26
2026-09-04 05:09:14,AAAS399,1401,Joseph Richardson,4,4,0,2026-09-04 05:09:26
2026-09-04 05:09:14,AAAS399,1501,Shane Walsh,4,4,0,2026-09-04 05:09:26
2026-09-04 05:09:14,AAAS400,0101,Periloux Peay,25,22,0,2026-09-04 05:09:27
2026-09-04 05:09:14,AAAS415,0101,Periloux Peay,30,1,0,2026-09-04 05:09:27
2026-09-04 05:09:14,AAAS499N,0101,Anne Rosen,25,1,0,2026-09-04 05:09:28
2026-09-04 05:09:14,AAST200,0101,Jennifer Cho,30,0,0,2026-09-04 05:09:29
2026-09-04 05:09:14,AAST200,0102,Binod Paudyal,30,0,0,2026-09-04 05:09:29
2026-09-04 05:09:14,AAST322,0101,Julie Park,30,3,0,2026-09-04 05:09:30
2026-09-04 05:09:14,AAST351,0101,Binod Paudyal,35,0,0,2026-09-04 05:09:30
2026-09-04 05:09:14,AAST355,0101,Jennifer Cho,35,0,9,2026-09-04 05:09:31
2026-09-04 05:09:14,AAST378,0101,Janelle Wong,2,2,0,2026-09-04 05:09:31
2026-09-04 05:09:14,AAST394,0101,Wenxi Yang,30,3,0,2026-09-04 05:09:32
2026-09-04 05:09:14,AAST398I,0101,Michelle Magalong,24,1,0,2026-09-04 05:09:33
2026-09-04 05:09:14,AAST398W,0101,Chris Eng,25,13,0,2026-09-04 05:09:33
2026-09-04 05:09:14,AAST421,0101,Tuyet Duong,20,1,0,2026-09-04 05:09:33
2026-09-04 05:09:14,AAST422,0101,Jennifer Cho,25,4,0,2026-09-04 05:09:34
2026-09-04 05:09:14,AAST424,0101,Dawn Dow,29,9,0,2026-09-04 05:09:34
2026-09-04 05:09:14,AAST440,0101,Binod Paudyal,25,0,3,2026-09-04 05:09:35
2026-09-04 05:09:14,AAST443,0101,Janelle Wong,30,0,1,2026-09-04 05:09:35
2026-09-04 05:09:14,ABRM330,0101,Rashawn Ray,40,0,0,2026-09-04 05:09:37
2026-09-04 05:09:14,ARAB101,0101,Samah Al-salami,15,1,0,2026-09-04 05:10:29
2026-09-04 05:09:14,ARAB101,0201,Ahmed Hanafy,15,4,0,2026-09-04 05:10:29
2026-09-04 05:09:14,ARAB102,0101,Samah Al-salami,15,0,0,2026-09-04 05:10:30
2026-09-04 05:09:14,ARAB102,0201,Lutf Alkebsi,15,12,0,2026-09-04 05:10:30
2026-09-04 05:09:14,ARAB201,0101,Lutf Alkebsi,15,1,0,2026-09-04 05:10:30
2026-09-04 05:09:14,ARAB201,0201,Lutf Alkebsi,15,11,0,2026-09-04 05:10:30
2026-09-04 05:09:14,ARAB208L,0101,Samah Al-salami,15,4,0,2026-09-04 05:10:30
2026-09-04 05:09:14,ARAB225,0101,Ahmed Hanafy,15,1,0,2026-09-04 05:10:31
2026-09-04 05:09:14,ARAB301,0101,Ahmed Hanafy,15,6,0,2026-09-04 05:10:31
2026-09-04 05:09:14,ARAB321,0101,Ahmed Hanafy,15,9,0,2026-09-04 05:10:32
2026-09-04 05:09:14,ARAB322,0101,Samah Al-salami,15,8,0,2026-09-04 05:10:32
2026-09-04 05:09:14,ARAB398A,0101,Lutf Alkebsi,15,5,0,2026-09-04 05:10:33
2026-09-04 05:09:14,ARAB499E,0101,Brendan Kibbee,20,0,1,2026-09-04 05:10:34
2026-09-04 05:09:14,ARMY106,0101,Thomas Battinieri,31,26,0,2026-09-04 05:11:15
2026-09-04 05:09:14,ARMY106,0102,Thomas Battinieri,40,30,0,2026-09-04 05:11:15
2026-09-04 05:09:14,ARMY106,FC01,Andrew Bischoff,15,11,0,2026-09-04 05:11:15
2026-09-04 05:09:14,ARMY106,FC02,Thomas Battinieri,9,8,0,2026-09-04 05:11:15
2026-09-04 05:09:14,ARMY110,0101,Andrew Bischoff,15,15,0,2026-09-04 05:11:16
2026-09-04 05:09:14,ARMY201,0102,Thomas Battinieri,35,14,0,2026-09-04 05:11:16
2026-09-04 05:09:14,ARMY301,0101,Joshua Guiod,40,21,0,2026-09-04 05:11:17
2026-09-04 05:09:14,ARMY401,0102,Andrew Bischoff,50,13,0,2026-09-04 05:11:17
2026-09-04 05:09:14,ARSC059,0101,Kathleen West,220,65,0,2026-09-04 05:11:19
2026-09-04 05:09:14,ARSC059,FC01,Jens Lyndrup,10,4,0,2026-09-04 05:11:19
2026-09-04 05:09:14,ARSC100,0101,Jens Lyndrup,50,33,0,2026-09-04 05:11:19
2026-09-04 05:09:14,ARSC100,0102,Jens Lyndrup,75,22,0,2026-09-04 05:11:19
2026-09-04 05:09:14,ARSC100,0103,Jens Lyndrup,40,32,0,2026-09-04 05:11:19
2026-09-04 05:09:14,ARSC100,FC01,Jens Lyndrup,5,2,0,2026-09-04 05:11:19
2026-09-04 05:09:14,ARSC100,FC02,Jens Lyndrup,10,6,0,2026-09-04 05:11:19
2026-09-04 05:09:14,ARSC200,0101,Alan Snyder,50,15,0,2026-09-04 05:11:20
2026-09-04 05:09:14,ARSC200,0102,Alan Snyder,35,22,0,2026-09-04 05:11:20
2026-09-04 05:09:14,ARSC200,0103,Alan Snyder,40,31,0,2026-09-04 05:11:20
2026-09-04 05:09:14,ARSC300,0101,Kathleen West,30,5,0,2026-09-04 05:11:20
2026-09-04 05:09:14,ARSC300,0102,Kathleen West,20,13,0,2026-09-04 05:11:20
2026-09-04 05:09:14,ARSC400,0101,Walter Mitchell,30,16,0,2026-09-04 05:11:21
2026-09-04 05:09:14,ARSC400,0102,Walter Mitchell,20,18,0,2026-09-04 05:11:21
2026-09-04 05:09:14,ARSC400,0201,Walter Mitchell,10,10,0,2026-09-04 05:11:21
2026-09-04 05:09:14,BMIN210,0101,Darlene Dennison,180,4,0,2026-09-04 05:12:45
2026-09-04 05:09:14,BMIN210,0201,Darlene Dennison,180,86,0,2026-09-04 05:12:45
2026-09-04 05:09:14,BMIN305,0101,Tejwansh Anand,180,22,0,2026-09-04 05:12:46
2026-09-04 05:09:14,BMIN345,0101,Michael Padhi,275,33,0,2026-09-04 05:12:46
2026-09-04 05:09:14,BMIN355,0101,Idil Yaveroglu,180,3,0,2026-09-04 05:12:46
2026-09-04 05:09:14,BMIN355,0201,Idil Yaveroglu,180,25,0,2026-09-04 05:12:46
2026-09-04 05:09:14,BMIN375,0101,Leland Gardner,185,0,2,2026-09-04 05:12:47
2026-09-04 05:09:14,BMIN395,0101,Nima Farshchi,200,3,0,2026-09-04 05:12:47
2026-09-04 05:09:14,BMIN395,0201,Nima Farshchi,200,108,0,2026-09-04 05:12:47
2026-09-04 05:09:14,BOIS602,WI01,Woei-jyh Lee,40,5,0,2026-09-04 05:12:51
2026-09-04 05:09:14,BOIS604,WI01,Manmohan Aseri,40,4,0,2026-09-04 05:12:51
2026-09-04 05:09:14,BOIS631,WI01,Sujin Kim,40,6,0,2026-09-04 05:12:52
2026-09-04 05:09:14,BSOS355,0101,Liza Lebrun,30,30,0,2026-09-04 05:13:06
2026-09-04 05:09:14,BSOS361,0101,TC Lloyd,30,2,0,2026-09-04 05:13:06
2026-09-04 05:09:14,BSOS361,0103,Keia Brown,30,1,0,2026-09-04 05:13:06
2026-09-04 05:09:14,BSOS361,0104,David Tana,30,1,0,2026-09-04 05:13:06
2026-09-04 05:09:14,BSOS361,0105,TC Lloyd,30,1,0,2026-09-04 05:13:06
2026-09-04 05:09:14,BSOS388C,0101,Nikita Kimani,20,0,1,2026-09-04 05:13:07
2026-09-04 05:09:14,BSOS388C,0201,Nikita Kimani,20,2,0,2026-09-04 05:13:07
2026-09-04 05:09:14,BSOS388E,0101,Liza Lebrun,30,30,0,2026-09-04 05:13:07
2026-09-04 05:09:14,BUSO600,SO11,Neta Moye,42,4,0,2026-09-04 05:13:28
2026-09-04 05:09:14,BUSO600,SO12,Neta Moye,42,7,0,2026-09-04 05:13:28
2026-09-04 05:09:14,BUSO603,SO11,Ilya Ryzhov,42,4,0,2026-09-04 05:13:28
2026-09-04 05:09:14,BUSO603,SO12,Ilya Ryzhov,42,4,0,2026-09-04 05:13:28
2026-09-04 05:09:14,BUSO604,SO11,Bennet Zelner,42,5,0,2026-09-04 05:13:29
2026-09-04 05:09:14,BUSO604,SO12,Bennet Zelner,42,4,0,2026-09-04 05:13:29
2026-09-04 05:09:14,BUSO612,SO11,Henry Boyd,42,4,0,2026-09-04 05:13:29
2026-09-04 05:09:14,BUSO612,SO12,Henry Boyd,42,2,0,2026-09-04 05:13:29
2026-09-04 05:09:14,BUSO616,SO31,Brent Solomon,38,2,0,2026-09-04 05:13:29
2026-09-04 05:09:14,BUSO616,SO32,Brent Solomon,38,0,0,2026-09-04 05:13:29
2026-09-04 05:09:14,BUSO624,SO31,Yi Xu,38,3,0,2026-09-04 05:13:30
2026-09-04 05:09:14,BUSO624,SO32,Yi Xu,38,0,0,2026-09-04 05:13:30
2026-09-04 05:09:14,BUSO700,SO91,Paulo Prochno,0,0,0,2026-09-04 05:13:30
2026-09-04 05:09:14,BUSO711,SO31,Gosia Langa Basit,28,1,0,2026-09-04 05:13:31
2026-09-04 05:09:14,BUSO711,SO32,Gosia Langa Basit,28,4,0,2026-09-04 05:13:31
2026-09-04 05:09:14,BUSO711,SO33,Gosia Langa Basit,28,3,0,2026-09-04 05:13:31
2026-09-04 05:09:14,BUSO731,SO51,Tejwansh Anand,49,0,0,2026-09-04 05:13:31
2026-09-04 05:09:14,BUSO752,SO51,Leland Gardner,35,13,0,2026-09-04 05:13:31
2026-09-04 05:09:14,BUSO758G,SO51,James Seward,35,13,0,2026-09-04 05:13:32
2026-09-04 05:09:14,BUSO758M,SO51,Paulo Prochno,49,2,0,2026-09-04 05:13:32
2026-09-04 05:09:14,BUSO758M,SO52,Paulo Prochno,49,2,0,2026-09-04 05:13:32
2026-09-04 05:09:14,BUSO758T,SO51,Michael Cichello,35,18,0,2026-09-04 05:13:33
2026-09-04 05:09:14,BUSO758W,SO51,Yogesh Joshi,33,1,0,2026-09-04 05:13:33
2026-09-04 05:09:14,BUSO758W,SO52,Yogesh Joshi,33,3,0,2026-09-04 05:13:33
2026-09-04 05:09:14,BUSO758X,SO51,Pallassana Kannan,49,3,0,2026-09-04 05:13:34
2026-09-04 05:09:14,BUSO788F,GX01,Judy Frels,25,5,0,2026-09-04 05:13:34
2026-09-04 05:09:14,BUSO788W,GX01,Zhi-Long Chen,30,5,0,2026-09-04 05:13:34
2026-09-04 05:09:14,CHSE200,0101,Betsy Tornquist,10,1,0,2026-09-04 05:14:09
2026-09-04 05:09:14,CHSE205,0101,Yewon Lee,60,0,7,2026-09-04 05:14:10
2026-09-04 05:09:14,CHSE205,0201,Yewon Lee,60,0,1,2026-09-04 05:14:10
2026-09-04 05:09:14,CHSE228C,0101,Nikita Kimani,20,0,1,2026-09-04 05:14:10
2026-09-04 05:09:14,CHSE228C,0201,Nikita Kimani,20,2,0,2026-09-04 05:14:10
2026-09-04 05:09:14,CHSE228C,0301,Nikita Kimani,20,1,0,2026-09-04 05:14:10
2026-09-04 05:09:14,CHSE230,0101,Isabelle Grable,25,16,0,2026-09-04 05:14:10
2026-09-04 05:09:14,CHSE376,0101,Michael Dunham,22,0,7,2026-09-04 05:14:11
2026-09-04 05:09:14,CHSE376,0201,Colleen McGilpin,20,0,13,2026-09-04 05:14:11
2026-09-04 05:09:14,CHSE376,0301,Elizabeth Martinez,20,0,6,2026-09-04 05:14:11
2026-09-04 05:09:14,CHSE376,0401,Chanai Brewster,20,0,7,2026-09-04 05:14:11
2026-09-04 05:09:14,CHSE476,0101,Michael Dunham,20,6,0,2026-09-04 05:14:12
2026-09-04 05:09:14,CHSE477,0101,Michael Dunham,15,4,0,2026-09-04 05:14:12
2026-09-04 05:09:14,CHSE489,1901,Amy D'Agati,15,10,0,2026-09-04 05:14:13
2026-09-04 05:09:14,CHSE498,2401,Meredith Gramlich,10,1,0,2026-09-04 05:14:13
2026-09-04 05:09:14,CHSE498,3701,Michael Dunham,2,1,0,2026-09-04 05:14:13
2026-09-04 05:09:14,CINE245,0101,Eric Zakim,22,0,2,2026-09-04 05:14:15
2026-09-04 05:09:14,CINE245,0102,Eric Zakim,22,0,2,2026-09-04 05:14:15
2026-09-04 05:09:14,CINE245,0103,Eric Zakim,22,0,4,2026-09-04 05:14:15
2026-09-04 05:09:14,CINE245,0104,Eric Zakim,22,0,1,2026-09-04 05:14:15
2026-09-04 05:09:14,CINE280,0101,Porter Olsen,30,0,1,2026-09-04 05:14:15
2026-09-04 05:09:14,CINE280,0201,John Tobin,30,0,1,2026-09-04 05:14:15
2026-09-04 05:09:14,CINE298A,0101,Caroline Eades,20,0,0,2026-09-04 05:14:16
2026-09-04 05:09:14,CINE301,0101,Eric Zakim,30,0,0,2026-09-04 05:14:16
2026-09-04 05:09:14,CINE310,0101,Nathaniel Stevens,15,0,0,2026-09-04 05:14:17
2026-09-04 05:09:14,CINE315,0101,Yael Inbar,15,0,2,2026-09-04 05:14:17
2026-09-04 05:09:14,CINE319G,0101,Oliver Gaycken,25,16,0,2026-09-04 05:14:17
2026-09-04 05:09:14,CINE319P,5501,Samuel Crawford,10,0,2,2026-09-04 05:14:18
2026-09-04 05:09:14,CINE319Z,0101,Paul Cote,25,7,0,2026-09-04 05:14:18
2026-09-04 05:09:14,CINE329T,0101,Daniel Richter,25,0,15,2026-09-04 05:14:19
2026-09-04 05:09:14,CINE332,0101,Parker Brookie,25,0,0,2026-09-04 05:14:19
2026-09-04 05:09:14,CINE334,0101,Elizabeth Papazian,25,0,0,2026-09-04 05:14:19
2026-09-04 05:09:14,CINE337,0101,Jason Kuo,25,0,1,2026-09-04 05:14:20
2026-09-04 05:09:14,CINE342,0101,Luka Arsenjuk,20,0,4,2026-09-04 05:14:20
2026-09-04 05:09:14,CINE350,0101,John Drabinski,20,0,0,2026-09-04 05:14:21
2026-09-04 05:09:14,CINE359C,0101,Daniel Richter,25,0,6,2026-09-04 05:14:21
2026-09-04 05:09:14,CINE369B,0101,Eva Hageman,30,0,0,2026-09-04 05:14:22
2026-09-04 05:09:14,CINE369K,0101,Paul Cote,20,1,0,2026-09-04 05:14:22
2026-09-04 05:09:14,CINE376,0101,Ross Angelella,15,4,0,2026-09-04 05:14:23
2026-09-04 05:09:14,CINE376,0102,Ross Angelella,5,2,0,2026-09-04 05:14:23
2026-09-04 05:09:14,CINE415,0101,Mathew Bainbridge,15,0,0,2026-09-04 05:14:24
2026-09-04 05:09:14,CINE419P,0101,Oliver Gaycken,20,14,0,2026-09-04 05:14:24
2026-09-04 05:09:14,CINE459P,0101,Luka Arsenjuk,20,0,2,2026-09-04 05:14:25
2026-09-04 05:09:14,CLAS170,0101,Chiara Graf,21,2,0,2026-09-04 05:14:27
2026-09-04 05:09:14,CLAS170,0102,Chiara Graf,21,0,0,2026-09-04 05:14:27
2026-09-04 05:09:14,CLAS170,0103,Chiara Graf,21,1,0,2026-09-04 05:14:27
2026-09-04 05:09:14,CLAS170,0104,Chiara Graf,21,0,0,2026-09-04 05:14:27
2026-09-04 05:09:14,CLAS170,0105,Chiara Graf,21,0,0,2026-09-04 05:14:27
2026-09-04 05:09:14,CLAS170,0106,Chiara Graf,21,0,0,2026-09-04 05:14:27
2026-09-04 05:09:14,CLAS170,0107,Chiara Graf,21,0,0,2026-09-04 05:14:27
2026-09-04 05:09:14,CLAS170,0108,Chiara Graf,21,0,0,2026-09-04 05:14:27
2026-09-04 05:09:14,CLAS170,0109,Chiara Graf,22,0,0,2026-09-04 05:14:27
2026-09-04 05:09:14,CLAS170,FC01,Chelsea Stolt,28,4,0,2026-09-04 05:14:27
2026-09-04 05:09:14,CLAS170,FC02,Chelsea Stolt,28,0,0,2026-09-04 05:14:27
2026-09-04 05:09:14,CLAS170,FC03,Eugenia Lao,28,8,0,2026-09-04 05:14:27
2026-09-04 05:09:14,CLAS170,FC05,Charis Addai,28,5,0,2026-09-04 05:14:27
2026-09-04 05:09:14,CLAS277,0101,Chiara Graf,25,0,0,2026-09-04 05:14:27
2026-09-04 05:09:14,CLAS277,0102,Chiara Graf,25,1,0,2026-09-04 05:14:27
2026-09-04 05:09:14,CLAS277,0103,Chiara Graf,25,3,0,2026-09-04 05:14:27
2026-09-04 05:09:14,CLAS277,0104,Chiara Graf,25,3,0,2026-09-04 05:14:27
2026-09-04 05:09:14,CLAS277,0105,Chiara Graf,25,1,0,2026-09-04 05:14:27
2026-09-04 05:09:14,CLAS277,0106,Chiara Graf,25,2,0,2026-09-04 05:14:27
2026-09-04 05:09:14,CLAS305,0101,Jorge Bravo,35,3,0,2026-09-04 05:14:28
2026-09-04 05:09:14,CLAS309N,0101,Nathan Levine,35,25,0,2026-09-04 05:14:28
2026-09-04 05:09:14,CLAS310,0101,Rachel Singpurwalla,20,0,1,2026-09-04 05:14:29
2026-09-04 05:09:14,CLAS310,0102,Rachel Singpurwalla,20,0,3,2026-09-04 05:14:29
2026-09-04 05:09:14,CLAS310,0103,Rachel Singpurwalla,20,0,2,2026-09-04 05:14:29
2026-09-04 05:09:14,CLAS312,0101,Polyvia Parara,35,6,0,2026-09-04 05:14:29
2026-09-04 05:09:14,CMLT235,0101,Brielle Gorrell,30,1,0,2026-09-04 05:14:33
2026-09-04 05:09:14,CMLT270,0101,Hannah (Toyin) Adeyemi,30,0,0,2026-09-04 05:14:33
2026-09-04 05:09:14,CMLT270,0201,Shakiba Sharifpour,30,1,0,2026-09-04 05:14:33
2026-09-04 05:09:14,CMLT275,0201,Abhinav Bhardwaj,30,0,2,2026-09-04 05:14:34
2026-09-04 05:09:14,CMLT277,0101,Nahid Ahmadian,30,0,1,2026-09-04 05:14:34
2026-09-04 05:09:14,CMLT280,0101,Porter Olsen,30,0,1,2026-09-04 05:14:35
2026-09-04 05:09:14,CMLT280,0201,John Tobin,30,0,1,2026-09-04 05:14:35
2026-09-04 05:09:14,CPBE100,0101,Oliver Schlake,95,25,0,2026-09-04 05:15:19
2026-09-04 05:09:14,CPBE200,0101,Oliver Schlake,75,33,0,2026-09-04 05:15:19
2026-09-04 05:09:14,CPBE225,0101,Ira Koretsky,38,13,0,2026-09-04 05:15:19
2026-09-04 05:09:14,CPBE225,0102,Ira Koretsky,38,23,0,2026-09-04 05:15:19
2026-09-04 05:09:14,CPCV100,0101,Julie Randolph,40,1,0,2026-09-04 05:15:21
2026-09-04 05:09:14,CPCV100,0201,Julie Randolph,40,8,0,2026-09-04 05:15:21
2026-09-04 05:09:14,CPCV200,0101,Julie Randolph,35,0,0,2026-09-04 05:15:22
2026-09-04 05:09:14,CPCV200,0201,Julie Randolph,35,16,0,2026-09-04 05:15:22
2026-09-04 05:09:14,CPCV225,0101,Korey Rothman,75,4,0,2026-09-04 05:15:22
2026-09-04 05:09:14,CPDJ100,0101,Jess Feltner,75,1,0,2026-09-04 05:15:24
2026-09-04 05:09:14,CPDJ200,0101,Andrew Fellows,75,36,0,2026-09-04 05:15:24
2026-09-04 05:09:14,CPET100,0101,Tim Knight,75,2,0,2026-09-04 05:15:26
2026-09-04 05:09:14,CPET200,0101,Tim Knight,75,7,0,2026-09-04 05:15:27
2026-09-04 05:09:14,CPGH100,0101,John Wiggins,85,7,0,2026-09-04 05:15:28
2026-09-04 05:09:14,CPGH200,0101,John Wiggins,75,17,0,2026-09-04 05:15:29
2026-09-04 05:09:14,CPJT100,0101,Justine DeCamillis,75,6,0,2026-09-04 05:15:30
2026-09-04 05:09:14,CPJT200,0101,Justine DeCamillis,75,20,0,2026-09-04 05:15:31
2026-09-04 05:09:14,CPMS100,0101,Carole Lee,75,0,0,2026-09-04 05:15:33
2026-09-04 05:09:14,CPMS200,0101,Alison Burns,75,11,0,2026-09-04 05:15:33
2026-09-04 05:09:14,CPMS225,0101,Alison Burns,75,0,0,2026-09-04 05:15:33
2026-09-04 05:09:14,CPMS230,0101,Alison Burns,30,12,0,2026-09-04 05:15:34
2026-09-04 05:09:14,CPMS240,0101,Carole Lee,20,18,0,2026-09-04 05:15:34
2026-09-04 05:09:14,CPPL100,0101,Kelly Brower,78,2,0,2026-09-04 05:15:36
2026-09-04 05:09:14,CPPL200,0101,Kelly Brower,75,16,0,2026-09-04 05:15:36
2026-09-04 05:09:14,CPSA100,0101,Andrea Cesar,75,11,0,2026-09-04 05:15:38
2026-09-04 05:09:14,CPSA200,0101,Andrea Cesar,75,33,0,2026-09-04 05:15:39
2026-09-04 05:09:14,CPSF100,0101,Nicholas Fletcher,85,1,0,2026-09-04 05:15:40
2026-09-04 05:09:14,CPSF200,0101,Nicholas Fletcher,75,5,0,2026-09-04 05:15:41
2026-09-04 05:09:14,CPSG100,0101,Thomas Holtz,85,7,0,2026-09-04 05:15:43
2026-09-04 05:09:14,CPSG200,0101,Thomas Holtz,75,28,0,2026-09-04 05:15:43
2026-09-04 05:09:14,CPSN100,0101,Hansol Kwak,85,5,0,2026-09-04 05:15:45
2026-09-04 05:09:14,CPSN200,0101,Stacy Kosko,75,41,0,2026-09-04 05:15:45
2026-09-04 05:09:14,CPSN230,0101,Sarah Kilmer,20,18,0,2026-09-04 05:15:46
2026-09-04 05:09:14,CPSN240,0101,Sarah Kilmer,10,7,0,2026-09-04 05:15:46
2026-09-04 05:09:14,CPSN250,0101,Sarah Kilmer,5,5,0,2026-09-04 05:15:46
2026-09-04 05:09:14,CPSP110,0101,Markell Saunders,18,11,0,2026-09-04 05:15:48
2026-09-04 05:09:14,CPSP110,0201,Patrice Greene,18,14,0,2026-09-04 05:15:48
2026-09-04 05:09:14,CPSP220,0101,Tiara Thomas,20,1,0,2026-09-04 05:15:49
2026-09-04 05:09:14,CPSP239A,0101,Heather-Erin Bremenstuhl,10,6,0,2026-09-04 05:15:49
2026-09-04 05:09:14,CPSP269C,0101,Korey Rothman,5,5,0,2026-09-04 05:15:49
2026-09-04 05:09:14,CPSP339P,0101,Susannah Washburn,10,7,0,2026-09-04 05:15:50
2026-09-04 05:09:14,CPSS100,0101,David Tomblin,85,6,0,2026-09-04 05:15:52
2026-09-04 05:09:14,CPSS220,0101,Nicole Mogul,20,2,0,2026-09-04 05:15:52
2026-09-04 05:09:14,CPSS225,0101,Roan Parrish,20,14,0,2026-09-04 05:15:52
2026-09-04 05:09:14,CPSS340,0101,David Tomblin,20,4,0,2026-09-04 05:15:53
2026-09-04 05:09:14,CRLN101,0103,Myles Alexander,25,1,0,2026-09-04 05:15:55
2026-09-04 05:09:14,CRLN101,0104,Tami Smith,26,0,0,2026-09-04 05:15:55
2026-09-04 05:09:14,CRLN101,0105,Denis Garcia Reyes,25,0,0,2026-09-04 05:15:55
2026-09-04 05:09:14,CRLN101,0106,Mitch Woolley,25,4,0,2026-09-04 05:15:55
2026-09-04 05:09:14,CRLN101,0107,Esohe Owie,25,0,0,2026-09-04 05:15:55
2026-09-04 05:09:14,DATA100,0111,Matthew Griffin,33,3,0,2026-09-04 05:16:07
2026-09-04 05:09:14,DATA100,0112,Matthew Griffin,35,1,0,2026-09-04 05:16:07
2026-09-04 05:09:14,DATA100,0121,Matthew Griffin,35,1,0,2026-09-04 05:16:07
2026-09-04 05:09:14,DATA100,0122,Matthew Griffin,33,0,0,2026-09-04 05:16:07
2026-09-04 05:09:14,DATA100,0123,Matthew Griffin,33,0,0,2026-09-04 05:16:07
2026-09-04 05:09:14,DATA100,0124,Matthew Griffin,33,2,0,2026-09-04 05:16:07
2026-09-04 05:09:14,DATA100,0131,Matthew Griffin,33,0,0,2026-09-04 05:16:07
2026-09-04 05:09:14,DATA100,0141,Matthew Griffin,35,0,0,2026-09-04 05:16:07
2026-09-04 05:09:14,DATA100,0142,Matthew Griffin,33,0,0,2026-09-04 05:16:07
2026-09-04 05:09:14,DATA100,0211,Matthew Griffin,33,1,0,2026-09-04 05:16:07
2026-09-04 05:09:14,DATA100,0212,Matthew Griffin,35,1,0,2026-09-04 05:16:07
2026-09-04 05:09:14,DATA100,0221,Matthew Griffin,30,0,0,2026-09-04 05:16:07
2026-09-04 05:09:14,DATA100,0223,Matthew Griffin,32,0,0,2026-09-04 05:16:07
2026-09-04 05:09:14,DATA100,0224,Matthew Griffin,30,0,0,2026-09-04 05:16:07
2026-09-04 05:09:14,DATA100,0231,Matthew Griffin,33,2,0,2026-09-04 05:16:07
2026-09-04 05:09:14,DATA100,0311,Archana Khurana,35,7,0,2026-09-04 05:16:07
2026-09-04 05:09:14,DATA100,0312,Archana Khurana,35,1,0,2026-09-04 05:16:07
2026-09-04 05:09:14,DATA100,0321,Archana Khurana,35,2,0,2026-09-04 05:16:07
2026-09-04 05:09:14,DATA100,0322,Archana Khurana,35,0,0,2026-09-04 05:16:07
2026-09-04 05:09:14,DATA100,0323,Archana Khurana,35,2,0,2026-09-04 05:16:07
2026-09-04 05:09:14,DATA100,0341,Archana Khurana,35,8,0,2026-09-04 05:16:07
2026-09-04 05:09:14,DATA110,0101,Susan Mazzullo,250,14,0,2026-09-04 05:16:07
2026-09-04 05:09:14,DATA120,0101,Fardina Alam,200,0,0,2026-09-04 05:16:08
2026-09-04 05:09:14,DATA200,0101,Fardina Alam,90,32,0,2026-09-04 05:16:08
2026-09-04 05:09:14,DATA250,0101,Todd Rowland,43,7,0,2026-09-04 05:16:09
2026-09-04 05:09:14,DATA320,0101,Maksym Morawski,15,12,0,2026-09-04 05:16:10
2026-09-04 05:09:14,DATA320,0201,Maksym Morawski,20,8,0,2026-09-04 05:16:10
2026-09-04 05:09:14,DATA320,0301,Fardina Alam,20,0,0,2026-09-04 05:16:10
2026-09-04 05:09:14,DATA350,0101,Raluca Rosca,30,10,0,2026-09-04 05:16:11
2026-09-04 05:09:14,DATA350,0201,Jonathan Fernandes,34,2,0,2026-09-04 05:16:11
2026-09-04 05:09:14,DATA400,0111,Salman Safdar,27,1,0,2026-09-04 05:16:11
2026-09-04 05:09:14,DATA400,0112,Salman Safdar,30,2,0,2026-09-04 05:16:11
2026-09-04 05:09:14,DATA400,0121,Salman Safdar,27,1,0,2026-09-04 05:16:11
2026-09-04 05:09:14,DATA400,0122,Salman Safdar,27,4,0,2026-09-04 05:16:11
2026-09-04 05:09:14,DATA400,0131,Salman Safdar,27,1,0,2026-09-04 05:16:11
2026-09-04 05:09:14,DATA400,0132,Salman Safdar,27,9,0,2026-09-04 05:16:11
2026-09-04 05:09:14,DATA400,0211,Timothy Pilachowski,30,3,0,2026-09-04 05:16:11
2026-09-04 05:09:14,DATA400,0212,Timothy Pilachowski,30,4,0,2026-09-04 05:16:11
2026-09-04 05:09:14,DATA400,0221,Timothy Pilachowski,30,2,0,2026-09-04 05:16:11
2026-09-04 05:09:14,DATA400,0222,Timothy Pilachowski,30,1,0,2026-09-04 05:16:11
2026-09-04 05:09:14,DATA400,0231,Timothy Pilachowski,30,1,0,2026-09-04 05:16:11
2026-09-04 05:09:14,DATA400,0232,Timothy Pilachowski,30,0,0,2026-09-04 05:16:11
2026-09-04 05:09:14,DATA400,0311,Mestiyage Gunatilleka,32,0,0,2026-09-04 05:16:11
2026-09-04 05:09:14,DATA400,0312,Mestiyage Gunatilleka,30,0,0,2026-09-04 05:16:11
2026-09-04 05:09:14,DATA400,0321,Mestiyage Gunatilleka,32,0,1,2026-09-04 05:16:11
2026-09-04 05:09:14,DATA400,0322,Mestiyage Gunatilleka,30,0,0,2026-09-04 05:16:11
2026-09-04 05:09:14,DATA400,0331,Mestiyage Gunatilleka,32,1,0,2026-09-04 05:16:11
2026-09-04 05:09:14,DATA400,0332,Mestiyage Gunatilleka,30,0,0,2026-09-04 05:16:11
2026-09-04 05:09:14,DATA400,0511,Shixin Zheng,35,0,1,2026-09-04 05:16:11
2026-09-04 05:09:14,DATA400,0521,Shixin Zheng,35,0,0,2026-09-04 05:16:11
2026-09-04 05:09:14,DATA400,0531,Shixin Zheng,35,0,2,2026-09-04 05:16:11
2026-09-04 05:09:14,DATA601,PCS1,Sandra Cerrai,50,6,0,2026-09-04 05:16:11
2026-09-04 05:09:14,DATA601,PCS2,Jonathan Fernandes,60,19,0,2026-09-04 05:16:11
2026-09-04 05:09:14,DATA601,PWS1,Leonid Koralov,60,2,0,2026-09-04 05:16:11
2026-09-04 05:09:14,DATA602,PCS1,Sujeong Kim,44,4,0,2026-09-04 05:16:12
2026-09-04 05:09:14,DATA602,PCS2,Sujeong Kim,44,9,0,2026-09-04 05:16:12
2026-09-04 05:09:14,DATA602,PWS1,Fardina Alam,44,2,0,2026-09-04 05:16:12
2026-09-04 05:09:14,DATA603,PCS1,Babak Azimi-Sadjadi,55,12,0,2026-09-04 05:16:12
2026-09-04 05:09:14,DATA603,PWS1,Kemal Davaslioglu,55,17,0,2026-09-04 05:16:12
2026-09-04 05:09:14,DATA605,PCS1,Tammy Perrin,44,30,0,2026-09-04 05:16:13
2026-09-04 05:09:14,DATA605,PCS2,Tammy Perrin,44,20,0,2026-09-04 05:16:13
2026-09-04 05:09:14,DATA605,PWS1,Giacinto Paolo Saggese,44,35,0,2026-09-04 05:16:13
2026-09-04 05:09:14,DATA607,PCS1,Mestiyage Gunatilleka,44,29,0,2026-09-04 05:16:14
2026-09-04 05:09:14,DATA607,PCS2,Kendall Williams,55,0,0,2026-09-04 05:16:14
2026-09-04 05:09:14,DATA607,PCS3,Vincent Lyzinski,44,1,0,2026-09-04 05:16:14
2026-09-04 05:09:14,DATA612,PCS1,Samet Ayhan,50,19,0,2026-09-04 05:16:14
2026-09-04 05:09:14,DATA612,PWS1,Samet Ayhan,44,16,0,2026-09-04 05:16:14
2026-09-04 05:09:14,DATA641,PCS1,Toki Inan,50,13,0,2026-09-04 05:16:15
2026-09-04 05:09:14,DATA641,PWS1,Armin Mehrabian,50,0,1,2026-09-04 05:16:15
2026-09-04 05:09:14,DATA643,PCS1,Charles Forgy,50,27,0,2026-09-04 05:16:16
2026-09-04 05:09:14,DATA650,PCS1,Emre Gunduzhan,54,5,0,2026-09-04 05:16:16
2026-09-04 05:09:14,DATA650,PCS2,Emre Gunduzhan,54,7,0,2026-09-04 05:16:16
2026-09-04 05:09:14,ENAI600,0101,C Ravishankar,35,21,0,2026-09-04 05:16:56
2026-09-04 05:09:14,ENAI600,AEC1,C Ravishankar,20,4,0,2026-09-04 05:16:56
2026-09-04 05:09:14,ENAI601,0101,Richard La,35,23,0,2026-09-04 05:16:57
2026-09-04 05:09:14,ENAI601,AEC1,Richard La,20,6,0,2026-09-04 05:16:57
2026-09-04 05:09:14,ENAI607,0101,Zoltan Safar,29,24,0,2026-09-04 05:16:57
2026-09-04 05:09:14,ENAI607,AEC1,Zoltan Safar,20,10,0,2026-09-04 05:16:57
2026-09-04 05:09:14,ENBC301,ESG1,Sivan Saravanapavan,20,9,0,2026-09-04 05:16:59
2026-09-04 05:09:14,ENBC311,ESG1,Bahaa Ghammraoui,20,11,0,2026-09-04 05:16:59
2026-09-04 05:09:14,ENBC322,ESG1,Kyunghun Lee,20,11,0,2026-09-04 05:17:00
2026-09-04 05:09:14,ENBC331,ESG1,Lan Ma,20,10,0,2026-09-04 05:17:00
2026-09-04 05:09:14,ENBC332,ESG1,Jamasp Azarnoosh,20,11,0,2026-09-04 05:17:01
2026-09-04 05:09:14,ENBC341,ESG1,Jarred Callura,20,12,0,2026-09-04 05:17:01
2026-09-04 05:09:14,ENBC353,ESG1,Jarred Callura,20,15,0,2026-09-04 05:17:02
2026-09-04 05:09:14,ENBC399,ESG1,Nan Xu,1,1,0,2026-09-04 05:17:02
2026-09-04 05:09:14,ENBC399,ESG2,Lan Ma,1,0,0,2026-09-04 05:17:02
2026-09-04 05:09:14,ENBC399,ESG3,Jamasp Azarnoosh,1,0,0,2026-09-04 05:17:02
2026-09-04 05:09:14,ENBC399,ESG4,Lan Ma,1,0,0,2026-09-04 05:17:02
2026-09-04 05:09:14,ENBC399,ESG5,Jamasp Azarnoosh,1,0,0,2026-09-04 05:17:02
2026-09-04 05:09:14,ENBC399,ESG6,Jamasp Azarnoosh,1,0,0,2026-09-04 05:17:02
2026-09-04 05:09:14,ENBC399,ESG7,Jamasp Azarnoosh,1,1,0,2026-09-04 05:17:02
2026-09-04 05:09:14,ENBC423,ESG1,Jian Su,20,13,0,2026-09-04 05:17:02
2026-09-04 05:09:14,ENBC425,ESG1,Jamasp Azarnoosh,20,13,0,2026-09-04 05:17:03
2026-09-04 05:09:14,ENBC431,ESG1,Lan Ma,20,13,0,2026-09-04 05:17:03
2026-09-04 05:09:14,ENEB302,ESG1,Wesley Lawson,20,5,0,2026-09-04 05:17:19
2026-09-04 05:09:14,ENEB340,ESG1,Nestor Michael Tiglao,20,5,0,2026-09-04 05:17:20
2026-09-04 05:09:14,ENEB341,ESG1,Nestor Michael Tiglao,20,5,0,2026-09-04 05:17:20
2026-09-04 05:09:14,ENEB344,ESG1,Jerry Wu,20,5,0,2026-09-04 05:17:21
2026-09-04 05:09:14,ENEB346,ESG1,Nestor Michael Tiglao,20,13,0,2026-09-04 05:17:21
2026-09-04 05:09:14,ENEB354,ESG1,Yavuz Oruc,20,5,0,2026-09-04 05:17:21
2026-09-04 05:09:14,ENEB408A,ESG1,Nestor Michael Tiglao,20,13,0,2026-09-04 05:17:22
2026-09-04 05:09:14,ENEB444,ESG1,Manoj Franklin,20,13,0,2026-09-04 05:17:22
2026-09-04 05:09:14,ENEB454,ESG1,Jerry Wu,20,13,0,2026-09-04 05:17:23
2026-09-04 05:09:14,ENED036,0101,Hillary Owusu,20,8,0,2026-09-04 05:17:24
2026-09-04 05:09:14,ENED101,0101,Shannon Bate,20,1,0,2026-09-04 05:17:25
2026-09-04 05:09:14,ENED115,0101,Friedrich Alvarez,100,5,0,2026-09-04 05:17:25
2026-09-04 05:09:14,ENED215,0101,Tyler Huddleston,30,0,0,2026-09-04 05:17:26
2026-09-04 05:09:14,ENED215,0102,Samantha Sabihi,40,24,0,2026-09-04 05:17:26
2026-09-04 05:09:14,ENED215,0103,Paige Smith,6,0,0,2026-09-04 05:17:26
2026-09-04 05:09:14,ENED290H,0101,Christopher Troilo,46,1,0,2026-09-04 05:17:26
2026-09-04 05:09:14,ENED390H,0101,Tony Barber,50,12,0,2026-09-04 05:17:26
2026-09-04 05:09:14,ENED394H,0101,Manmohan Aseri,65,14,0,2026-09-04 05:17:27
2026-09-04 05:09:14,ENED397,0101,Emily Marks,9,0,0,2026-09-04 05:17:27
2026-09-04 05:09:14,ENED490H,0101,Maria Bardossy,45,1,0,2026-09-04 05:17:28
2026-09-04 05:09:14,ENED491,0101,Jessica Roffe,10,1,0,2026-09-04 05:17:28
2026-09-04 05:09:14,ENMT301,ESG1,Colleen Murray,15,8,0,2026-09-04 05:18:48
2026-09-04 05:09:14,ENMT322,ESG1,Norman Wereley,15,8,0,2026-09-04 05:18:48
2026-09-04 05:09:14,ENMT361,ESG1,Young Choi,15,8,0,2026-09-04 05:18:49
2026-09-04 05:09:14,ENMT380,ESG1,Gurtajbir Herr,15,8,0,2026-09-04 05:18:49
2026-09-04 05:09:14,ENMT450,ESG1,Nicholas Limparis,7,5,0,2026-09-04 05:18:50
2026-09-04 05:09:14,ENMT471,ESG1,Colleen Murray,7,5,0,2026-09-04 05:18:50
2026-09-04 05:09:14,ENMT473,ESG1,Gurtajbir Herr,7,4,0,2026-09-04 05:18:50
2026-09-04 05:09:14,ENMT483,ESG1,Nicholas Limparis,7,5,0,2026-09-04 05:18:51
2026-09-04 05:09:14,ENMT499,ESG4,Nicholas Limparis,2,0,0,2026-09-04 05:18:51
2026-09-04 05:09:14,ENSE621,0101,Tony Barber,22,16,0,2026-09-04 05:19:00
2026-09-04 05:09:14,ENSE621,SY01,Tony Barber,15,0,0,2026-09-04 05:19:00
2026-09-04 05:09:14,ENSE623,0101,Steven Biemer,17,14,0,2026-09-04 05:19:00
2026-09-04 05:09:14,ENSE623,SY01,Steven Biemer,15,11,0,2026-09-04 05:19:00
2026-09-04 05:09:14,ENSE626,0101,Dane Cooper,20,16,0,2026-09-04 05:19:01
2026-09-04 05:09:14,ENSE626,SY01,Dane Cooper,15,9,0,2026-09-04 05:19:01
2026-09-04 05:09:14,ENSP101,0101,Annette Spivy,25,0,0,2026-09-04 05:19:04
2026-09-04 05:09:14,ENSP101,0102,Annette Spivy,24,0,0,2026-09-04 05:19:04
2026-09-04 05:09:14,ENSP101,0103,Annette Spivy,24,0,0,2026-09-04 05:19:04
2026-09-04 05:09:14,ENSP101,0104,Annette Spivy,24,0,0,2026-09-04 05:19:04
2026-09-04 05:09:14,ENSP101,0105,Annette Spivy,25,0,0,2026-09-04 05:19:04
2026-09-04 05:09:14,ENSP101,0106,Annette Spivy,24,0,0,2026-09-04 05:19:04
2026-09-04 05:09:14,ENSP101,0107,Annette Spivy,24,0,1,2026-09-04 05:19:04
2026-09-04 05:09:14,ENSP101,FC01,Annette Spivy,32,4,0,2026-09-04 05:19:04
2026-09-04 05:09:14,ENSP305,0101,Annette Spivy,23,0,2,2026-09-04 05:19:04
2026-09-04 05:09:14,ENSP330,0101,Joanna Goger,35,0,0,2026-09-04 05:19:04
2026-09-04 05:09:14,ENSP340,0101,Caroline Boules,25,0,0,2026-09-04 05:19:05
2026-09-04 05:09:14,ENSP360,0101,Leena Malayil,25,0,7,2026-09-04 05:19:05
2026-09-04 05:09:14,ENSP399R,0601,Annette Spivy,10,10,0,2026-09-04 05:19:07
2026-09-04 05:09:14,ENSP399R,1001,Jennifer Mullinax,10,10,0,2026-09-04 05:19:07
2026-09-04 05:09:14,ENSP400,0101,Joanna Goger,35,13,0,2026-09-04 05:19:07
2026-09-04 05:09:14,ENSP400,0102,Joanna Goger,35,11,0,2026-09-04 05:19:07
2026-09-04 05:09:14,ENVH121,FC01,Brienna Anderson,20,12,0,2026-09-04 05:19:25
2026-09-04 05:09:14,ENVH381,0101,Donald Milton,30,10,0,2026-09-04 05:19:26
2026-09-04 05:09:14,FGSM310,0101,Peter Owen,24,0,0,2026-09-04 05:19:31
2026-09-04 05:09:14,FGSM315,0101,Emily Shetty,22,0,0,2026-09-04 05:19:31
2026-09-04 05:09:14,FGSM320,0101,Woodie Kessel,24,1,0,2026-09-04 05:19:32
2026-09-04 05:09:14,FGSM325,0101,Rob Long,20,1,0,2026-09-04 05:19:32
2026-09-04 05:09:14,FGSM330,0101,Andrew Fausett,22,1,0,2026-09-04 05:19:33
2026-09-04 05:09:14,FGSM340,0101,Ed Fendley,22,1,0,2026-09-04 05:19:33
2026-09-04 05:09:14,FGSM350,0101,Sean Misko,22,1,0,2026-09-04 05:19:33
2026-09-04 05:09:14,FGSM355,0101,Amanda Schoch,20,0,0,2026-09-04 05:19:34
2026-09-04 05:09:14,FGSM360,0101,Nadia Farra,21,0,0,2026-09-04 05:19:34
2026-09-04 05:09:14,FGSM365,0101,Andrew Nissen,20,2,0,2026-09-04 05:19:35
2026-09-04 05:09:14,FGSM370,0101,Joshua Glasser,20,0,0,2026-09-04 05:19:35
2026-09-04 05:09:14,FGSM390,0101,Sasha Koo-Oshima,20,3,0,2026-09-04 05:19:35
2026-09-04 05:09:14,FGSM398,0101,Jayakumar Arasan,25,22,0,2026-09-04 05:19:36
2026-09-04 05:09:14,FGSM398,0201,Jayakumar Arasan,5,1,0,2026-09-04 05:19:36
2026-09-04 05:09:14,FIRE120,0101,Jessica O'Hara,36,0,0,2026-09-04 05:19:38
2026-09-04 05:09:14,FIRE120,0102,Shannon Hilton,36,7,0,2026-09-04 05:19:38
2026-09-04 05:09:14,FIRE120,0103,Jaclyn Bruner,36,0,0,2026-09-04 05:19:38
2026-09-04 05:09:14,FIRE120,0104,Danielle Niu,36,0,0,2026-09-04 05:19:38
2026-09-04 05:09:14,FIRE120,0105,Cherisse Hall,36,0,0,2026-09-04 05:19:38
2026-09-04 05:09:14,FIRE120,0106,Sara Strey,36,0,0,2026-09-04 05:19:38
2026-09-04 05:09:14,FIRE120,0107,Helene Nguemgaing,36,1,0,2026-09-04 05:19:38
2026-09-04 05:09:14,FIRE120,0108,Mary Chey,36,1,0,2026-09-04 05:19:38
2026-09-04 05:09:14,FIRE120,0109,Shannon Hilton,36,0,0,2026-09-04 05:19:38
2026-09-04 05:09:14,FIRE120,0110,Lena Johnson,36,0,0,2026-09-04 05:19:38
2026-09-04 05:09:14,FIRE120,0111,Benjamin Huffman,36,0,0,2026-09-04 05:19:38
2026-09-04 05:09:14,FIRE120,0112,Mary Chey,36,0,0,2026-09-04 05:19:38
2026-09-04 05:09:14,FIRE120,0113,Elizabeth Massey,36,7,0,2026-09-04 05:19:38
2026-09-04 05:09:14,FIRE120,0114,Benjamin Huffman,36,0,0,2026-09-04 05:19:38
2026-09-04 05:09:14,FIRE120,FC01,Danielle Niu,40,0,16,2026-09-04 05:19:38
2026-09-04 05:09:14,FIRE298,0101,Catherine Spirito,28,3,0,2026-09-04 05:19:38
2026-09-04 05:09:14,FIRE298,0103,Cherisse Hall,36,8,0,2026-09-04 05:19:38
2026-09-04 05:09:14,FIRE298,0104,Jessica O'Hara,36,4,0,2026-09-04 05:19:38
2026-09-04 05:09:14,FIRE298,0105,Kaylee Bloom,36,7,0,2026-09-04 05:19:38
2026-09-04 05:09:14,FIRE298,0106,Danielle Niu,36,17,0,2026-09-04 05:19:38
2026-09-04 05:09:14,FIRE298,0107,Benjamin Huffman,40,0,0,2026-09-04 05:19:38
2026-09-04 05:09:14,FIRE298,0108,Elizabeth Massey,40,14,0,2026-09-04 05:19:38
2026-09-04 05:09:14,FIRE298,0109,Shannon Hilton,40,6,0,2026-09-04 05:19:38
2026-09-04 05:09:14,FIRE298,0110,Jaclyn Bruner,40,19,0,2026-09-04 05:19:38
2026-09-04 05:09:14,FIRE298,0111,Mary Chey,36,5,0,2026-09-04 05:19:38
2026-09-04 05:09:14,FIRE298,0112,Helene Nguemgaing,40,15,0,2026-09-04 05:19:38
2026-09-04 05:09:14,FIRE298,0113,Kristina Kramarczuk,40,10,0,2026-09-04 05:19:38
2026-09-04 05:09:14,FIRE298,0114,Shabnam Jabeen,40,22,0,2026-09-04 05:19:38
2026-09-04 05:09:14,FIRE298,0115,Sara Strey,40,14,0,2026-09-04 05:19:38
2026-09-04 05:09:14,FIRE298,0116,Lena Johnson,40,4,0,2026-09-04 05:19:38
2026-09-04 05:09:14,FIRE398,0101,Catherine Spirito,15,2,0,2026-09-04 05:19:39
2026-09-04 05:09:14,FIRE398,0103,Cherisse Hall,15,4,0,2026-09-04 05:19:39
2026-09-04 05:09:14,FIRE398,0104,Jessica O'Hara,15,1,0,2026-09-04 05:19:39
2026-09-04 05:09:14,FIRE398,0105,Kaylee Bloom,15,2,0,2026-09-04 05:19:39
2026-09-04 05:09:14,FIRE398,0106,Danielle Niu,15,10,0,2026-09-04 05:19:39
2026-09-04 05:09:14,FIRE398,0107,Benjamin Huffman,15,3,0,2026-09-04 05:19:39
2026-09-04 05:09:14,FIRE398,0108,Elizabeth Massey,15,6,0,2026-09-04 05:19:39
2026-09-04 05:09:14,FIRE398,0109,Shannon Hilton,15,7,0,2026-09-04 05:19:39
2026-09-04 05:09:14,FIRE398,0110,Jaclyn Bruner,15,9,0,2026-09-04 05:19:39
2026-09-04 05:09:14,FIRE398,0111,Mary Chey,15,3,0,2026-09-04 05:19:39
2026-09-04 05:09:14,FIRE398,0112,Helene Nguemgaing,15,15,0,2026-09-04 05:19:39
2026-09-04 05:09:14,FIRE398,0113,Kristina Kramarczuk,15,7,0,2026-09-04 05:19:39
2026-09-04 05:09:14,FIRE398,0114,Shabnam Jabeen,15,15,0,2026-09-04 05:19:39
2026-09-04 05:09:14,FIRE398,0115,Sara Strey,15,14,0,2026-09-04 05:19:39
2026-09-04 05:09:14,FIRE398,0116,Lena Johnson,15,11,0,2026-09-04 05:19:39
2026-09-04 05:09:14,GBHL200,0101,Hassanatu Blake,30,0,0,2026-09-04 05:20:01
2026-09-04 05:09:14,GBHL200,FC01,Zandra Andre,25,3,0,2026-09-04 05:20:01
2026-09-04 05:09:14,GBHL210,0101,Leena Malayil,25,9,0,2026-09-04 05:20:01
2026-09-04 05:09:14,GBHL399,0101,Hassanatu Blake,3,3,0,2026-09-04 05:20:03
2026-09-04 05:09:14,GBHL399,0111,Dina Borzekowski,5,5,0,2026-09-04 05:20:03
2026-09-04 05:09:14,GEMS101,0101,Allison Lansverk,10,1,0,2026-09-04 05:20:04
2026-09-04 05:09:14,GEMS101,0103,Allison Lansverk,10,0,0,2026-09-04 05:20:04
2026-09-04 05:09:14,GEMS101,0104,Allison Lansverk,10,0,0,2026-09-04 05:20:04
2026-09-04 05:09:14,GEMS101,0105,Allison Lansverk,10,0,0,2026-09-04 05:20:04
2026-09-04 05:09:14,GEMS101,0106,Allison Lansverk,10,0,0,2026-09-04 05:20:04
2026-09-04 05:09:14,GEMS101,0107,Allison Lansverk,10,0,0,2026-09-04 05:20:04
2026-09-04 05:09:14,GEMS101,0109,Allison Lansverk,10,0,0,2026-09-04 05:20:04
2026-09-04 05:09:14,GEMS101,0111,Allison Lansverk,10,0,0,2026-09-04 05:20:04
2026-09-04 05:09:14,GEMS101,0113,Allison Lansverk,10,0,0,2026-09-04 05:20:04
2026-09-04 05:09:14,GEMS101,0114,Allison Lansverk,10,0,0,2026-09-04 05:20:04
2026-09-04 05:09:14,GEMS202,0101,Allison Lansverk,168,43,0,2026-09-04 05:20:05
2026-09-04 05:09:14,GEMS208A,0101,Allison Lansverk,14,14,0,2026-09-04 05:20:05
2026-09-04 05:09:14,GEMS208B,0101,Allison Lansverk,14,14,0,2026-09-04 05:20:06
2026-09-04 05:09:14,GEMS208C,0101,Allison Lansverk,23,12,0,2026-09-04 05:20:06
2026-09-04 05:09:14,GEMS208D,0101,Allison Lansverk,10,10,0,2026-09-04 05:20:07
2026-09-04 05:09:14,GEMS208P,0101,Allison Lansverk,20,8,0,2026-09-04 05:20:07
2026-09-04 05:09:14,GEMS296,0101,Sehrish Shikarpurya,14,5,0,2026-09-04 05:20:07
2026-09-04 05:09:14,GEMS296,0102,David Lovell,14,1,0,2026-09-04 05:20:07
2026-09-04 05:09:14,GEMS296,0103,Myles Poulin,14,1,0,2026-09-04 05:20:07
2026-09-04 05:09:14,GEMS296,0104,Raymond Adomaitis,14,3,0,2026-09-04 05:20:07
2026-09-04 05:09:14,GEMS296,0105,Rodolphe Gentili,14,4,0,2026-09-04 05:20:07
2026-09-04 05:09:14,GEMS296,0106,Jared Grauer,14,6,0,2026-09-04 05:20:07
2026-09-04 05:09:14,GEMS296,0107,Fengfeng Ke,14,4,0,2026-09-04 05:20:07
2026-09-04 05:09:14,GEMS296,0108,Instructor: TBA,14,4,0,2026-09-04 05:20:07
2026-09-04 05:09:14,GEMS296,0109,Huang Chiao Huang,14,1,0,2026-09-04 05:20:07
2026-09-04 05:09:14,GEMS296,0110,Mengqiang Zhu,14,6,0,2026-09-04 05:20:07
2026-09-04 05:09:14,GEMS296,0111,Maria Molina,14,6,0,2026-09-04 05:20:07
2026-09-04 05:09:14,GEMS296,0112,Youssef Kousa,14,2,0,2026-09-04 05:20:07
2026-09-04 05:09:14,GEMS296,0113,Instructor: TBA,5,5,0,2026-09-04 05:20:07
2026-09-04 05:09:14,GEMS296,0114,Instructor: TBA,14,14,0,2026-09-04 05:20:07
2026-09-04 05:09:14,GEMS296,0115,David Lovell,5,5,0,2026-09-04 05:20:07
2026-09-04 05:09:14,GEMS297,0113,Instructor: TBA,5,5,0,2026-09-04 05:20:08
2026-09-04 05:09:14,GEMS396,0101,Michael Humber,14,7,0,2026-09-04 05:20:08
2026-09-04 05:09:14,GEMS396,0102,Seth Dickey,14,2,0,2026-09-04 05:20:08
2026-09-04 05:09:14,GEMS396,0103,Cecilia Huertas Cerdeira,14,8,0,2026-09-04 05:20:08
2026-09-04 05:09:14,GEMS396,0104,Rodolphe Gentili,14,3,0,2026-09-04 05:20:08
2026-09-04 05:09:14,GEMS396,0105,Allison Reilly,14,5,0,2026-09-04 05:20:08
2026-09-04 05:09:14,GEMS396,0106,Peter Sunderland,14,5,0,2026-09-04 05:20:08
2026-09-04 05:09:14,GEMS396,0107,Brett Lacey,14,8,0,2026-09-04 05:20:08
2026-09-04 05:09:14,GEMS396,0108,Natalia Buzulukova,14,4,0,2026-09-04 05:20:08
2026-09-04 05:09:14,GEMS396,0109,Anil Deane,14,4,0,2026-09-04 05:20:08
2026-09-04 05:09:14,GEMS396,0110,Colenso Speer,14,3,0,2026-09-04 05:20:08
2026-09-04 05:09:14,GEMS396,0111,Instructor: TBA,14,14,0,2026-09-04 05:20:08
2026-09-04 05:09:14,GEMS396,0112,Instructor: TBA,14,14,0,2026-09-04 05:20:08
2026-09-04 05:09:14,GEMS396,0113,David Lovell,5,5,0,2026-09-04 05:20:08
2026-09-04 05:09:14,GEMS396,0114,David Lovell,5,5,0,2026-09-04 05:20:08
2026-09-04 05:09:14,GEMS397,0113,David Lovell,5,4,0,2026-09-04 05:20:09
2026-09-04 05:09:14,GEMS496,0101,Eric Haag,14,7,0,2026-09-04 05:20:09
2026-09-04 05:09:14,GEMS496,0102,Mohammad Nayeem Teli,14,11,0,2026-09-04 05:20:09
2026-09-04 05:09:14,GEMS496,0103,Norberto Gonzalez- Juarbe,14,4,0,2026-09-04 05:20:09
2026-09-04 05:09:14,GEMS496,0104,Abhinav Shrivastava,14,6,0,2026-09-04 05:20:09
2026-09-04 05:09:14,GEMS496,0105,Hector Alcala,14,4,0,2026-09-04 05:20:09
2026-09-04 05:09:14,GEMS496,0106,Massimo Ricotti,14,5,0,2026-09-04 05:20:09
2026-09-04 05:09:14,GEMS496,0107,Reza Ghodssi,14,7,0,2026-09-04 05:20:09
2026-09-04 05:09:14,GEMS496,0108,Nikhil Chopra,14,8,0,2026-09-04 05:20:09
2026-09-04 05:09:14,GEMS496,0109,Kimberly Stroka,14,5,0,2026-09-04 05:20:09
2026-09-04 05:09:14,GEMS496,0110,Gorjan Alagic,14,13,0,2026-09-04 05:20:09
2026-09-04 05:09:14,GEMS496,0111,Alisa Clyne,14,6,0,2026-09-04 05:20:09
2026-09-04 05:09:14,GEMS496,0112,Xin Zan,14,10,0,2026-09-04 05:20:09
2026-09-04 05:09:14,GEMS496,0113,Erin Tran,14,14,0,2026-09-04 05:20:09
2026-09-04 05:09:14,GEMS496,0114,David Lovell,5,5,0,2026-09-04 05:20:09
2026-09-04 05:09:14,GEMS497,0107,Instructor: TBA,14,14,0,2026-09-04 05:20:10
2026-09-04 05:09:14,GEMS497,0110,Instructor: TBA,5,5,0,2026-09-04 05:20:10
2026-09-04 05:09:14,GEMS497,0113,David Lovell,5,5,0,2026-09-04 05:20:10
2026-09-04 05:09:14,GFPL100,0101,Joshua Itzkowitz Shifrinson,20,0,0,2026-09-04 05:20:42
2026-09-04 05:09:14,GFPL100,0102,Joshua Itzkowitz Shifrinson,20,0,0,2026-09-04 05:20:42
2026-09-04 05:09:14,GFPL100,0103,Joshua Itzkowitz Shifrinson,20,0,0,2026-09-04 05:20:42
2026-09-04 05:09:14,GFPL100,0104,Joshua Itzkowitz Shifrinson,20,0,0,2026-09-04 05:20:42
2026-09-04 05:09:14,GFPL100,0105,Joshua Itzkowitz Shifrinson,20,0,0,2026-09-04 05:20:42
2026-09-04 05:09:14,GFPL100,0106,Joshua Itzkowitz Shifrinson,25,0,0,2026-09-04 05:20:42
2026-09-04 05:09:14,GFPL100,FC01,Devin Entrikin,30,0,1,2026-09-04 05:20:42
2026-09-04 05:09:14,GFPL102,0101,Caroline Ritter,95,25,0,2026-09-04 05:20:42
2026-09-04 05:09:14,GFPL371,0101,Joshua Itzkowitz Shifrinson,35,0,1,2026-09-04 05:20:43
2026-09-04 05:09:14,GFPL388A,0101,Shannon Carcelli,5,5,0,2026-09-04 05:20:43
2026-09-04 05:09:14,GFPL388B,0101,Hyunki Kim,5,5,0,2026-09-04 05:20:43
2026-09-04 05:09:14,GFPL388C,0101,Scott Kastner,5,0,0,2026-09-04 05:20:44
2026-09-04 05:09:14,GFPL390,0101,Lena Andrews,20,0,2,2026-09-04 05:20:44
2026-09-04 05:09:14,GFPL490,0101,Michael Woldemariam,15,0,0,2026-09-04 05:20:45
2026-09-04 05:09:14,GFPL492,0101,Steve Fetter,20,0,1,2026-09-04 05:20:45
2026-09-04 05:09:14,GLBC200,0101,Chris Lewis,30,0,0,2026-09-04 05:20:47
2026-09-04 05:09:14,GLBC350,0101,Michele Mason,30,27,0,2026-09-04 05:20:47
2026-09-04 05:09:14,HACS100,0101,Cassie Harrington,40,2,0,2026-09-04 05:21:04
2026-09-04 05:09:14,HACS100,0201,Cassie Harrington,40,14,0,2026-09-04 05:21:04
2026-09-04 05:09:14,HACS200,0101,Michel Cukier,34,10,0,2026-09-04 05:21:05
2026-09-04 05:09:14,HACS200,0201,Michel Cukier,34,0,0,2026-09-04 05:21:05
2026-09-04 05:09:14,HACS202,0101,Bertrand Sobesto,52,19,0,2026-09-04 05:21:05
2026-09-04 05:09:14,HACS208A,0101,Lawrence Gordon,20,0,3,2026-09-04 05:21:06
2026-09-04 05:09:14,HACS208C,0101,Lamia Zia,26,9,0,2026-09-04 05:21:06
2026-09-04 05:09:14,HACS208P,0101,Charles Harry,26,0,1,2026-09-04 05:21:07
2026-09-04 05:09:14,HACS297,0101,Sarah Herberger,25,5,0,2026-09-04 05:21:08
2026-09-04 05:09:14,HACS408E,0101,Luke Mains,30,11,0,2026-09-04 05:21:08
2026-09-04 05:09:14,HACS408L,0101,Ian Serbin,30,3,0,2026-09-04 05:21:09
2026-09-04 05:09:14,HACS408M,0101,John McGahagan,30,1,0,2026-09-04 05:21:09
2026-09-04 05:09:14,HACS498,0101,Thomas Woods,7,1,0,2026-09-04 05:21:10
2026-09-04 05:09:14,HACS498,0201,David Trott,9,0,0,2026-09-04 05:21:10
2026-09-04 05:09:14,HACS498,0301,Michel Cukier,8,0,0,2026-09-04 05:21:10
2026-09-04 05:09:14,HBUS100,0101,Jui Ramaprasad,72,4,0,2026-09-04 05:21:12
2026-09-04 05:09:14,HBUS200,0101,Nicole Coomber,60,1,0,2026-09-04 05:21:12
2026-09-04 05:09:14,HDCC105,0101,Antwon Key,70,7,0,2026-09-04 05:21:14
2026-09-04 05:09:14,HDCC201,0101,Jessica Lu,22,0,0,2026-09-04 05:21:15
2026-09-04 05:09:14,HDCC201,0201,Jessica Lu,22,0,0,2026-09-04 05:21:15
2026-09-04 05:09:14,HDCC201,0301,Jessica Lu,22,3,0,2026-09-04 05:21:15
2026-09-04 05:09:14,HDCC208A,0101,William Evans,14,0,0,2026-09-04 05:21:15
2026-09-04 05:09:14,HDCC208J,0101,Grant Bollmer,14,0,0,2026-09-04 05:21:15
2026-09-04 05:09:14,HDCC208P,0101,Cliff Bakalian,14,0,0,2026-09-04 05:21:16
2026-09-04 05:09:14,HDCC208T,0101,Jonathan Reyes,14,0,0,2026-09-04 05:21:16
2026-09-04 05:09:14,HDCC208Z,0101,M Sauter,14,7,0,2026-09-04 05:21:17
2026-09-04 05:09:14,HDCC379,0101,Antwon Key,5,4,0,2026-09-04 05:21:17
2026-09-04 05:09:14,HEBR106,0101,Avital Karpman,15,3,0,2026-09-04 05:21:19
2026-09-04 05:09:14,HEBR106,0201,Avital Karpman,15,6,0,2026-09-04 05:21:19
2026-09-04 05:09:14,HEBR206,0101,Avital Karpman,15,7,0,2026-09-04 05:21:20
2026-09-04 05:09:14,HEBR249C,0101,Aliza Sandalon,15,0,0,2026-09-04 05:21:20
2026-09-04 05:09:14,HEBR298B,0101,Matthew Suriano,25,0,0,2026-09-04 05:21:20
2026-09-04 05:09:14,HEBR313,0101,Aliza Sandalon,20,0,6,2026-09-04 05:21:21
2026-09-04 05:09:14,HGLO100,0101,Alfredo Oliveira,22,7,0,2026-09-04 05:21:41
2026-09-04 05:09:14,HGLO100,0102,Natalie Vinski Ibrahim,22,8,0,2026-09-04 05:21:41
2026-09-04 05:09:14,HGLO100,0103,Natalie Vinski Ibrahim,22,1,0,2026-09-04 05:21:41
2026-09-04 05:09:14,HGLO100,0104,Alfredo Oliveira,22,11,0,2026-09-04 05:21:41
2026-09-04 05:09:14,HGLO101,0101,Sarah Croco,23,2,0,2026-09-04 05:21:41
2026-09-04 05:09:14,HGLO101,0102,Sarah Croco,22,9,0,2026-09-04 05:21:41
2026-09-04 05:09:14,HGLO101,0103,Sarah Croco,22,5,0,2026-09-04 05:21:41
2026-09-04 05:09:14,HGLO101,0104,Sarah Croco,22,13,0,2026-09-04 05:21:41
2026-09-04 05:09:14,HGLO207,0101,Natalie Vinski Ibrahim,25,12,0,2026-09-04 05:21:41
2026-09-04 05:09:14,HGLO208,0101,Alfredo Oliveira,45,25,0,2026-09-04 05:21:42
2026-09-04 05:09:14,HGLO298,0101,Jordan Gouws-Dewar,30,25,0,2026-09-04 05:21:42
2026-09-04 05:09:14,HLSC100,0101,Jalah Townsend,24,3,0,2026-09-04 05:22:28
2026-09-04 05:09:14,HLSC100,0102,Jalah Townsend,24,2,0,2026-09-04 05:22:28
2026-09-04 05:09:14,HLSC100,0103,Jalah Townsend,24,3,0,2026-09-04 05:22:28
2026-09-04 05:09:14,HLSC100,0104,Jalah Townsend,24,8,0,2026-09-04 05:22:28
2026-09-04 05:09:14,HLSC280,0101,Najib El-Sayed,25,3,0,2026-09-04 05:22:28
2026-09-04 05:09:14,HLSC280,0102,Najib El-Sayed,25,4,0,2026-09-04 05:22:28
2026-09-04 05:09:14,HLSC280,0103,Najib El-Sayed,25,4,0,2026-09-04 05:22:28
2026-09-04 05:09:14,HLSC280,0104,Najib El-Sayed,25,9,0,2026-09-04 05:22:28
2026-09-04 05:09:14,HLSC329,0101,Sabrina Kramer,12,4,0,2026-09-04 05:22:28
2026-09-04 05:09:14,HNUH100,0101,Robert Graham,20,3,0,2026-09-04 05:22:47
2026-09-04 05:09:14,HNUH100,0102,Robert Graham,20,0,0,2026-09-04 05:22:47
2026-09-04 05:09:14,HNUH100,0103,Brittany Proudfoot Ginder,20,1,0,2026-09-04 05:22:47
2026-09-04 05:09:14,HNUH100,0104,Max Barnewitz,20,0,0,2026-09-04 05:22:47
2026-09-04 05:09:14,HNUH100,0105,Vasfiye Toprak,20,0,0,2026-09-04 05:22:47
2026-09-04 05:09:14,HNUH100,0106,Vasfiye Toprak,20,1,0,2026-09-04 05:22:47
2026-09-04 05:09:14,HNUH100,0201,Max Barnewitz,20,0,0,2026-09-04 05:22:47
2026-09-04 05:09:14,HNUH100,0202,Max Barnewitz,20,0,0,2026-09-04 05:22:47
2026-09-04 05:09:14,HNUH100,0203,Vasfiye Toprak,20,1,0,2026-09-04 05:22:47
2026-09-04 05:09:14,HNUH100,0204,Vasfiye Toprak,20,0,0,2026-09-04 05:22:47
2026-09-04 05:09:14,HNUH100,0205,Ayondela McDole,20,3,0,2026-09-04 05:22:47
2026-09-04 05:09:14,HNUH100,0206,Ayondela McDole,20,0,0,2026-09-04 05:22:47
2026-09-04 05:09:14,HNUH100,0301,Robert Graham,20,1,0,2026-09-04 05:22:47
2026-09-04 05:09:14,HNUH100,0302,Shauna Rigaud,20,8,0,2026-09-04 05:22:47
2026-09-04 05:09:14,HNUH100,0303,Shauna Rigaud,20,1,0,2026-09-04 05:22:47
2026-09-04 05:09:14,HNUH100,0304,Max Barnewitz,20,3,0,2026-09-04 05:22:47
2026-09-04 05:09:14,HNUH100,0305,Vasfiye Toprak,20,0,0,2026-09-04 05:22:47
2026-09-04 05:09:14,HNUH100,0306,Vasfiye Toprak,20,2,0,2026-09-04 05:22:47
2026-09-04 05:09:14,HNUH100,0401,Gretchen Bella,20,0,0,2026-09-04 05:22:47
2026-09-04 05:09:14,HNUH100,0402,Gretchen Bella,20,6,0,2026-09-04 05:22:47
2026-09-04 05:09:14,HNUH100,0403,Max Barnewitz,20,1,0,2026-09-04 05:22:47
2026-09-04 05:09:14,HNUH100,0404,Ayondela McDole,20,6,0,2026-09-04 05:22:47
2026-09-04 05:09:14,HNUH100,0405,Ayondela McDole,20,0,0,2026-09-04 05:22:47
2026-09-04 05:09:14,HNUH100,0406,Ayondela McDole,20,4,0,2026-09-04 05:22:47
2026-09-04 05:09:14,HNUH100,0501,Leigha McReynolds,10,3,0,2026-09-04 05:22:47
2026-09-04 05:09:14,HNUH100,0601,Brittany Proudfoot Ginder,20,0,0,2026-09-04 05:22:47
2026-09-04 05:09:14,HNUH218D,0101,Brian Gilmore,48,0,2,2026-09-04 05:22:48
2026-09-04 05:09:14,HNUH218L,0101,Shauna Rigaud,20,0,0,2026-09-04 05:22:48
2026-09-04 05:09:14,HNUH218L,0201,Shauna Rigaud,20,0,1,2026-09-04 05:22:48
2026-09-04 05:09:14,HNUH228D,0101,Matthew McLaughlin,60,0,2,2026-09-04 05:22:49
2026-09-04 05:09:14,HNUH228L,0101,Alena Wigodner,20,0,1,2026-09-04 05:22:49
2026-09-04 05:09:14,HNUH228L,0201,Alena Wigodner,20,0,1,2026-09-04 05:22:49
2026-09-04 05:09:14,HNUH228N,0101,Peter Grybauskas,20,0,0,2026-09-04 05:22:49
2026-09-04 05:09:14,HNUH229I,0101,Gretchen Bella,20,0,1,2026-09-04 05:22:50
2026-09-04 05:09:14,HNUH238D,0101,Susan Moeller,60,0,0,2026-09-04 05:22:50
2026-09-04 05:09:14,HNUH238L,0101,Kimberly Johnson,20,2,0,2026-09-04 05:22:51
2026-09-04 05:09:14,HNUH238L,0201,Kimberly Johnson,20,0,0,2026-09-04 05:22:51
2026-09-04 05:09:14,HNUH238N,0101,Hannah Wegmann,20,6,0,2026-09-04 05:22:51
2026-09-04 05:09:14,HNUH239T,0101,Gerald Suarez,20,0,0,2026-09-04 05:22:52
2026-09-04 05:09:14,HNUH248D,0101,Juan Uriagereka,45,0,0,2026-09-04 05:22:52
2026-09-04 05:09:14,HNUH248L,0201,Robert Graham,20,6,0,2026-09-04 05:22:52
2026-09-04 05:09:14,HNUH248M,0101,Hassanatu Blake,20,13,0,2026-09-04 05:22:53
2026-09-04 05:09:14,HNUH248N,0101,Siv Lie,20,0,4,2026-09-04 05:22:53
2026-09-04 05:09:14,HNUH249P,0101,Temim Nusraty,20,2,0,2026-09-04 05:22:54
2026-09-04 05:09:14,HNUH258C,0101,Bill Fagan,55,27,0,2026-09-04 05:22:54
2026-09-04 05:09:14,HNUH258Q,0101,Tiara Thomas,20,1,0,2026-09-04 05:22:54
2026-09-04 05:09:14,HNUH259P,0101,Hooman Koliji,20,2,0,2026-09-04 05:22:55
2026-09-04 05:09:14,HNUH268C,0101,Perla Guerrero,60,34,0,2026-09-04 05:22:55
2026-09-04 05:09:14,HNUH269P,0101,Marisa Franco,20,0,5,2026-09-04 05:22:56
2026-09-04 05:09:14,HNUH278C,0101,Chinyere Osuji,60,38,0,2026-09-04 05:22:56
2026-09-04 05:09:14,HNUH278I,0101,Marisa Franco,20,4,0,2026-09-04 05:22:57
2026-09-04 05:09:14,HNUH278I,0102,Marisa Franco,20,1,0,2026-09-04 05:22:57
2026-09-04 05:09:14,HNUH278R,0101,Max Barnewitz,20,3,0,2026-09-04 05:22:57
2026-09-04 05:09:14,HNUH288C,0101,Julia Steinberg,30,3,0,2026-09-04 05:22:57
2026-09-04 05:09:14,HNUH288C,0103,Julia Steinberg,30,9,0,2026-09-04 05:22:57
2026-09-04 05:09:14,HNUH288O,0101,Ariana Nash,20,1,0,2026-09-04 05:22:58
2026-09-04 05:09:14,HNUH300,0301,Vasfiye Toprak,20,0,0,2026-09-04 05:22:58
2026-09-04 05:09:14,HNUH300,0401,Robert Graham,20,0,0,2026-09-04 05:22:58
2026-09-04 05:09:14,HNUH300,0601,Alena Wigodner,20,0,0,2026-09-04 05:22:58
2026-09-04 05:09:14,HNUH300,0701,Ingrid Satelmajer,20,13,0,2026-09-04 05:22:58
2026-09-04 05:09:14,HNUH300,0801,Shauna Rigaud,20,0,0,2026-09-04 05:22:58
2026-09-04 05:09:14,HNUH300,0901,Kimberly Johnson,20,5,0,2026-09-04 05:22:58
2026-09-04 05:09:14,HNUH300,1001,Ingrid Satelmajer,20,14,0,2026-09-04 05:22:58
2026-09-04 05:09:14,HNUH318T,0101,Peter Owen,24,0,0,2026-09-04 05:22:59
2026-09-04 05:09:14,HNUH319T,0101,Emily Shetty,22,0,0,2026-09-04 05:22:59
2026-09-04 05:09:14,HNUH328T,0101,Woodie Kessel,24,1,0,2026-09-04 05:23:00
2026-09-04 05:09:14,HNUH329T,0101,Rob Long,20,1,0,2026-09-04 05:23:00
2026-09-04 05:09:14,HNUH338T,0101,Andrew Fausett,22,1,0,2026-09-04 05:23:00
2026-09-04 05:09:14,HNUH348T,0101,Ed Fendley,22,1,0,2026-09-04 05:23:01
2026-09-04 05:09:14,HNUH358T,0101,Sean Misko,22,1,0,2026-09-04 05:23:01
2026-09-04 05:09:14,HNUH359T,0101,Amanda Schoch,20,0,0,2026-09-04 05:23:03
2026-09-04 05:09:14,HNUH368T,0101,Nadia Farra,21,0,0,2026-09-04 05:23:03
2026-09-04 05:09:14,HNUH369T,0101,Andrew Nissen,20,2,0,2026-09-04 05:23:04
2026-09-04 05:09:14,HNUH378T,0101,Joshua Glasser,20,0,0,2026-09-04 05:23:04
2026-09-04 05:09:14,HNUH398P,0101,Jayakumar Arasan,25,22,0,2026-09-04 05:23:04
2026-09-04 05:09:14,HNUH398P,0201,Jayakumar Arasan,5,1,0,2026-09-04 05:23:04
2026-09-04 05:09:14,HNUH398T,0101,Sasha Koo-Oshima,20,3,0,2026-09-04 05:23:05
2026-09-04 05:09:14,HONR368A,0101,Blake Wilder,22,1,0,2026-09-04 05:23:07
2026-09-04 05:09:14,IMDM101,0101,Mollye Bendell,30,16,0,2026-09-04 05:23:12
2026-09-04 05:09:14,IMDM101,0201,Myungin Lee,30,18,0,2026-09-04 05:23:12
2026-09-04 05:09:14,IMDM101,0301,Myungin Lee,30,23,0,2026-09-04 05:23:12
2026-09-04 05:09:14,IMDM127,0101,Roger Eastman,36,19,0,2026-09-04 05:23:13
2026-09-04 05:09:14,IMDM150,0101,Stefano Passeri,30,17,0,2026-09-04 05:23:13
2026-09-04 05:09:14,IMDM227,0101,Stevens Miller,30,1,0,2026-09-04 05:23:13
2026-09-04 05:09:14,IMDM227,0201,Stevens Miller,30,19,0,2026-09-04 05:23:13
2026-09-04 05:09:14,IMDM327,0101,Myungin Lee,25,0,0,2026-09-04 05:23:14
2026-09-04 05:09:14,IMDM350,0101,Jason Farman,29,12,0,2026-09-04 05:23:14
2026-09-04 05:09:14,IMDM490,0101,Matthew Nolan,30,0,0,2026-09-04 05:23:15
2026-09-04 05:09:14,IMDM490,0201,Matthew Nolan,30,16,0,2026-09-04 05:23:15
2026-09-04 05:09:14,IMDM498K,0101,Matthew Nolan,15,0,0,2026-09-04 05:23:16
2026-09-04 05:09:14,IMMR319D,0101,Beka Guluma,20,12,0,2026-09-04 05:23:18
2026-09-04 05:09:14,IMMR394,0101,Wenxi Yang,30,3,0,2026-09-04 05:23:18
2026-09-04 05:09:14,IMMR399,0101,Instructor: TBA,2,2,0,2026-09-04 05:23:19
2026-09-04 05:09:14,IMMR400,0101,Gerson Rosales,20,2,0,2026-09-04 05:23:19
2026-09-04 05:09:14,ISRL249J,0101,Aner Tal,30,24,0,2026-09-04 05:23:34
2026-09-04 05:09:14,ISRL249M,0101,Aliza Sandalon,15,0,0,2026-09-04 05:23:35
2026-09-04 05:09:14,ISRL283,0101,Shay Hazkani,35,2,0,2026-09-04 05:23:35
2026-09-04 05:09:14,ISRL349G,0101,Marwa Maziad,30,0,0,2026-09-04 05:23:36
2026-09-04 05:09:14,ISRL349K,0101,Regev Ben-David,30,24,0,2026-09-04 05:23:36
2026-09-04 05:09:14,ISRL349T,0101,Elli Lieberman,35,20,0,2026-09-04 05:23:36
2026-09-04 05:09:14,ISRL349Y,0101,Adina Friedman,35,26,0,2026-09-04 05:23:37
2026-09-04 05:09:14,ISRL382,0101,Ilai Saltzman,35,0,0,2026-09-04 05:23:37
2026-09-04 05:09:14,ISRL448R,0101,Morad Elsana,25,9,0,2026-09-04 05:23:38
2026-09-04 05:09:14,ITAL103,0101,Antonella D'Amario,18,14,0,2026-09-04 05:23:39
2026-09-04 05:09:14,ITAL103,0201,Antonella D'Amario,18,5,0,2026-09-04 05:23:39
2026-09-04 05:09:14,ITAL103,0301,Joseph Falvo,18,7,0,2026-09-04 05:23:39
2026-09-04 05:09:14,ITAL203,0101,Antonella D'Amario,18,9,0,2026-09-04 05:23:40
2026-09-04 05:09:14,ITAL203,0201,Antonella D'Amario,18,13,0,2026-09-04 05:23:40
2026-09-04 05:09:14,ITAL204,0101,Federica Soddu,18,14,0,2026-09-04 05:23:40
2026-09-04 05:09:14,ITAL207,0101,Mirella Vaglio,18,17,0,2026-09-04 05:23:41
2026-09-04 05:09:14,ITAL301,0101,Federica Soddu,20,12,0,2026-09-04 05:23:41
2026-09-04 05:09:14,ITAL362,0101,Federica Soddu,20,10,0,2026-09-04 05:23:42
2026-09-04 05:09:14,ITAL401,0101,Mirella Vaglio,15,12,0,2026-09-04 05:23:43
2026-09-04 05:09:14,ITAL421,0101,Joseph Falvo,25,14,0,2026-09-04 05:23:43
2026-09-04 05:09:14,ITAL478R,0101,Joseph Falvo,5,3,0,2026-09-04 05:23:44
2026-09-04 05:09:14,JAPN101,0101,Kumiko Akikawa,15,3,0,2026-09-04 05:23:46
2026-09-04 05:09:14,JAPN101,0201,Kumiko Akikawa,15,6,0,2026-09-04 05:23:46
2026-09-04 05:09:14,JAPN101,0301,Kumiko Akikawa,15,5,0,2026-09-04 05:23:46
2026-09-04 05:09:14,JAPN201,0101,Makiko Inoue,15,5,0,2026-09-04 05:23:46
2026-09-04 05:09:14,JAPN201,0201,Makiko Inoue,15,8,0,2026-09-04 05:23:46
2026-09-04 05:09:14,JAPN301,0101,Mari Hamada,15,9,0,2026-09-04 05:23:47
2026-09-04 05:09:14,JAPN311,0101,Jyana Browne,15,11,0,2026-09-04 05:23:47
2026-09-04 05:09:14,JAPN315,0101,Michele Mason,20,3,0,2026-09-04 05:23:47
2026-09-04 05:09:14,JAPN320,0101,Lindsay Yotsukura,15,9,0,2026-09-04 05:23:48
2026-09-04 05:09:14,JAPN498B,0101,Jyana Browne,20,1,0,2026-09-04 05:23:49
2026-09-04 05:09:14,KORA101,0101,Saerom Kwak,15,0,0,2026-09-04 05:24:54
2026-09-04 05:09:14,KORA101,0201,Saerom Kwak,15,2,0,2026-09-04 05:24:54
2026-09-04 05:09:14,KORA101,0301,Saerom Kwak,15,6,0,2026-09-04 05:24:54
2026-09-04 05:09:14,KORA101,0401,Saerom Kwak,15,5,0,2026-09-04 05:24:54
2026-09-04 05:09:14,KORA201,0101,Seong Minne Koh,15,4,0,2026-09-04 05:24:54
2026-09-04 05:09:14,KORA201,0201,Seong Minne Koh,15,5,0,2026-09-04 05:24:54
2026-09-04 05:09:14,KORA201,0301,Seong Minne Koh,15,8,0,2026-09-04 05:24:54
2026-09-04 05:09:14,KORA398G,0101,Instructor: TBA,10,7,0,2026-09-04 05:24:55
2026-09-04 05:09:14,KORA398W,0101,Seong Minne Koh,10,4,0,2026-09-04 05:24:55
2026-09-04 05:09:14,LEAD217,0101,Festus Ainoo,25,0,0,2026-09-04 05:25:16
2026-09-04 05:09:14,LEAD217,0201,Adrian Bitton,25,2,0,2026-09-04 05:25:16
2026-09-04 05:09:14,LEAD217,FC01,Festus Ainoo,22,0,0,2026-09-04 05:25:16
2026-09-04 05:09:14,LEAD305,0101,Anastasia Lavrenyuk,20,4,0,2026-09-04 05:25:17
2026-09-04 05:09:14,LEAD315,0101,Anastasia Lavrenyuk,25,11,0,2026-09-04 05:25:17
2026-09-04 05:09:14,LEAD320,0101,Courtney Holder,10,9,0,2026-09-04 05:25:17
2026-09-04 05:09:14,LGBT200,0201,Basanth Babu,25,0,5,2026-09-04 05:25:21
2026-09-04 05:09:14,LGBT265,0101,Tyra Griffin,30,3,0,2026-09-04 05:25:21
2026-09-04 05:09:14,LGBT265,0201,Declan Langton,30,3,0,2026-09-04 05:25:21
2026-09-04 05:09:14,LGBT359J,0101,Chris Eng,25,13,0,2026-09-04 05:25:22
2026-09-04 05:09:14,MLAW100,0101,Christine White,83,14,0,2026-09-04 05:26:14
2026-09-04 05:09:14,MLAW304,0201,Christine White,65,16,0,2026-09-04 05:26:14
2026-09-04 05:09:14,MLAW305,0101,Brian Gilmore,40,2,0,2026-09-04 05:26:15
2026-09-04 05:09:14,MLAW315,0101,Grace Benton,13,3,0,2026-09-04 05:26:15
2026-09-04 05:09:14,MLAW358Q,0101,David Cunningham,0,0,0,2026-09-04 05:26:16
2026-09-04 05:09:14,MLAW358T,0101,Christine White,25,5,0,2026-09-04 05:26:16
2026-09-04 05:09:14,MLAW358X,0101,Martin Kobren,5,0,0,2026-09-04 05:26:16
2026-09-04 05:09:14,MLAW359,0101,Brandee Pettus,10,4,0,2026-09-04 05:26:17
2026-09-04 05:09:14,MLAW378E,0101,Brandee Pettus,5,5,0,2026-09-04 05:26:17
2026-09-04 05:09:14,MLAW378K,0101,Brian Gilmore,20,0,0,2026-09-04 05:26:18
2026-09-04 05:09:14,MLAW378Q,0101,Paul Huth,2,0,1,2026-09-04 05:26:18
2026-09-04 05:09:14,MLAW378R,0101,Nancy Schertzing,13,2,0,2026-09-04 05:26:18
2026-09-04 05:09:14,MLAW388,0101,Brandee Pettus,40,21,0,2026-09-04 05:26:19
2026-09-04 05:09:14,MLSC250,FC01,William Simpson,24,5,0,2026-09-04 05:26:21
2026-09-04 05:09:14,NEUR200,0101,Ana Navarro Cebrian,80,6,0,2026-09-04 05:26:48
2026-09-04 05:09:14,NEUR200,0201,Ana Navarro Cebrian,80,0,1,2026-09-04 05:26:48
2026-09-04 05:09:14,NEUR200,0301,Evan Hart,80,1,0,2026-09-04 05:26:48
2026-09-04 05:09:14,NEUR305,0101,Amanda Chicoli,100,12,0,2026-09-04 05:26:48
2026-09-04 05:09:14,NEUR306,0101,Chan Lin,200,5,0,2026-09-04 05:26:49
2026-09-04 05:09:14,NEUR398H,0101,Nikolas Francis,20,2,0,2026-09-04 05:26:50
2026-09-04 05:09:14,NEUR405,0101,Hilary Bierman,20,0,0,2026-09-04 05:26:51
2026-09-04 05:09:14,NEUR405,0102,Hilary Bierman,20,1,0,2026-09-04 05:26:51
2026-09-04 05:09:14,NEUR405,0103,Hilary Bierman,20,0,0,2026-09-04 05:26:51
2026-09-04 05:09:14,PEER312,0101,Aleia Gardner,15,8,0,2026-09-04 05:27:11
2026-09-04 05:09:14,PEER318,0101,Christina Jay,15,11,0,2026-09-04 05:27:12
2026-09-04 05:09:14,PEER319,0101,Grace Boudreau,15,7,0,2026-09-04 05:27:12
2026-09-04 05:09:14,PHPE308D,0101,Xinzhi Zhao,30,7,0,2026-09-04 05:27:32
2026-09-04 05:09:14,PHPE308F,0101,Regev Ben-David,30,24,0,2026-09-04 05:27:32
2026-09-04 05:09:14,PHPE308M,0101,Hallie Liberto,30,18,0,2026-09-04 05:27:33
2026-09-04 05:09:14,PHPE308O,0101,Jackson Iszler,30,0,0,2026-09-04 05:27:33
2026-09-04 05:09:14,PHPE308Y,0101,Rachel Singpurwalla,20,0,1,2026-09-04 05:27:34
2026-09-04 05:09:14,PHPE308Y,0102,Rachel Singpurwalla,20,0,3,2026-09-04 05:27:34
2026-09-04 05:09:14,PHPE308Y,0103,Rachel Singpurwalla,20,0,2,2026-09-04 05:27:34
2026-09-04 05:09:14,PHPE400,0101,Justin Helms,18,1,0,2026-09-04 05:27:35
2026-09-04 05:09:14,PHPE400,0102,Justin Helms,18,1,0,2026-09-04 05:27:35
2026-09-04 05:09:14,PHPE400,0103,Justin Helms,20,1,0,2026-09-04 05:27:35
2026-09-04 05:09:14,PHPE401,0101,Xinzhi Zhao,25,0,9,2026-09-04 05:27:35
2026-09-04 05:09:14,PHPE402,0101,Dan Moller,30,0,0,2026-09-04 05:27:35
2026-09-04 05:09:14,PHPE408J,0101,Lixing Miao,25,2,0,2026-09-04 05:27:36
2026-09-04 05:09:14,PHPE408R,0101,Xinzhi Zhao,25,9,0,2026-09-04 05:27:36
2026-09-04 05:09:14,PHSC388J,0101,Kendall Bustad,20,6,0,2026-09-04 05:27:38
2026-09-04 05:09:14,PHSC389,0101,Shannon Edward,30,14,0,2026-09-04 05:27:38
2026-09-04 05:09:14,PHSC399,0101,Shannon Edward,30,10,0,2026-09-04 05:27:39
2026-09-04 05:09:14,PHSC415,0101,Jessica O'Hara,31,0,1,2026-09-04 05:27:39
2026-09-04 05:09:14,PHSC415,0102,Jessica O'Hara,31,0,1,2026-09-04 05:27:39
2026-09-04 05:09:14,PHSC415,0103,Jessica O'Hara,31,0,1,2026-09-04 05:27:39
2026-09-04 05:09:14,PHSC415,0104,Jessica O'Hara,31,0,1,2026-09-04 05:27:39
2026-09-04 05:09:14,PHSC415,0105,Jessica O'Hara,31,0,1,2026-09-04 05:27:39
2026-09-04 05:09:14,PHSC420,0101,Jennifer German,35,4,0,2026-09-04 05:27:40
2026-09-04 05:09:14,PHSC450,0101,Kendall Bustad,20,0,3,2026-09-04 05:27:40
2026-09-04 05:09:14,PHSC450,0102,Kendall Bustad,20,0,2,2026-09-04 05:27:40
2026-09-04 05:09:14,PHSC450,0103,Kendall Bustad,20,0,1,2026-09-04 05:27:40
2026-09-04 05:09:14,PHSC450,0104,Kendall Bustad,20,0,3,2026-09-04 05:27:40
2026-09-04 05:09:14,PHSC450,0105,Kendall Bustad,20,0,1,2026-09-04 05:27:40
2026-09-04 05:09:14,PHSC450,0106,Kendall Bustad,20,0,0,2026-09-04 05:27:40
2026-09-04 05:09:14,PHSC450,0107,Kendall Bustad,20,0,2,2026-09-04 05:27:40
2026-09-04 05:09:14,PHSC450,0108,Kendall Bustad,20,0,2,2026-09-04 05:27:40
2026-09-04 05:09:14,PHSC497,0101,Kendall Bustad,20,2,0,2026-09-04 05:27:40
2026-09-04 05:09:14,PHSC497,0301,Shannon Edward,20,3,0,2026-09-04 05:27:40
2026-09-04 05:09:14,PHSC497,0601,Jennifer German,20,2,0,2026-09-04 05:27:40
2026-09-04 05:09:14,PLCY100,0101,Toby Egan,25,0,1,2026-09-04 05:28:09
2026-09-04 05:09:14,PLCY100,0102,Toby Egan,25,0,0,2026-09-04 05:28:09
2026-09-04 05:09:14,PLCY100,0103,Toby Egan,25,0,0,2026-09-04 05:28:09
2026-09-04 05:09:14,PLCY100,0104,Toby Egan,25,0,0,2026-09-04 05:28:09
2026-09-04 05:09:14,PLCY100,0201,Namrta Sharma,25,12,0,2026-09-04 05:28:09
2026-09-04 05:09:14,PLCY100,0202,Namrta Sharma,25,15,0,2026-09-04 05:28:09
2026-09-04 05:09:14,PLCY100,0203,Namrta Sharma,25,1,0,2026-09-04 05:28:09
2026-09-04 05:09:14,PLCY100,0204,Namrta Sharma,25,10,0,2026-09-04 05:28:09
2026-09-04 05:09:14,PLCY101,0101,Robert Sprinkle,75,0,0,2026-09-04 05:28:09
2026-09-04 05:09:14,PLCY170,0101,Joshua Itzkowitz Shifrinson,20,0,0,2026-09-04 05:28:10
2026-09-04 05:09:14,PLCY170,0102,Joshua Itzkowitz Shifrinson,20,0,0,2026-09-04 05:28:10
2026-09-04 05:09:14,PLCY170,0103,Joshua Itzkowitz Shifrinson,20,0,0,2026-09-04 05:28:10
2026-09-04 05:09:14,PLCY170,0104,Joshua Itzkowitz Shifrinson,20,0,0,2026-09-04 05:28:10
2026-09-04 05:09:14,PLCY170,0105,Joshua Itzkowitz Shifrinson,20,0,0,2026-09-04 05:28:10
2026-09-04 05:09:14,PLCY170,0106,Joshua Itzkowitz Shifrinson,25,0,0,2026-09-04 05:28:10
2026-09-04 05:09:14,PLCY172,0101,Caroline Ritter,95,25,0,2026-09-04 05:28:10
2026-09-04 05:09:14,PLCY200,0101,Shanna Pearson-Merkowitz,35,0,3,2026-09-04 05:28:11
2026-09-04 05:09:14,PLCY200,0201,Shanna Pearson-Merkowitz,35,0,2,2026-09-04 05:28:11
2026-09-04 05:09:14,PLCY200,0301,Namrta Sharma,35,0,3,2026-09-04 05:28:11
2026-09-04 05:09:14,PLCY201,0101,Julio Guzman,70,0,0,2026-09-04 05:28:11
2026-09-04 05:09:14,PLCY201,0201,Gregory Ramsay,60,0,0,2026-09-04 05:28:11
2026-09-04 05:09:14,PLCY201,FC01,Anne Kaiser,32,1,0,2026-09-04 05:28:11
2026-09-04 05:09:14,PLCY201,FC02,Anne Kaiser,32,6,0,2026-09-04 05:28:11
2026-09-04 05:09:14,PLCY201S,0101,Susannah Washburn,80,4,0,2026-09-04 05:28:12
2026-09-04 05:09:14,PLCY203,0101,Thomas Hilde,60,7,0,2026-09-04 05:28:12
2026-09-04 05:09:14,PLCY203,0201,Anne Kaiser,60,39,0,2026-09-04 05:28:12
2026-09-04 05:09:14,PLCY213,0201,Claire Dunning,40,5,0,2026-09-04 05:28:13
2026-09-04 05:09:14,PLCY214,0101,Patricia Bory,65,20,0,2026-09-04 05:28:14
2026-09-04 05:09:14,PLCY240,0101,Timothy Reedy,30,1,0,2026-09-04 05:28:14
2026-09-04 05:09:14,PLCY288K,0101,CHRISTIAN OSTERMANN,25,2,0,2026-09-04 05:28:15
2026-09-04 05:09:14,PLCY300,0101,Alana Hackshaw,45,0,7,2026-09-04 05:28:16
2026-09-04 05:09:14,PLCY300,0201,Namrta Sharma,45,30,0,2026-09-04 05:28:16
2026-09-04 05:09:14,PLCY301,0101,Caroline Boules,165,7,0,2026-09-04 05:28:16
2026-09-04 05:09:14,PLCY302,0101,Niambi Carter,40,2,0,2026-09-04 05:28:17
2026-09-04 05:09:14,PLCY302,0201,Ebonie Johnson Cooper,40,2,0,2026-09-04 05:28:17
2026-09-04 05:09:14,PLCY302,0301,Lindsay Dieudonne,40,0,2,2026-09-04 05:28:17
2026-09-04 05:09:14,PLCY303,0101,Juan Martinez Guzman,40,4,0,2026-09-04 05:28:18
2026-09-04 05:09:14,PLCY304,0101,Michael Busse,40,11,0,2026-09-04 05:28:18
2026-09-04 05:09:14,PLCY304,0201,Michael Busse,40,12,0,2026-09-04 05:28:18
2026-09-04 05:09:14,PLCY309,0101,Martin Sanders,30,26,0,2026-09-04 05:28:19
2026-09-04 05:09:14,PLCY310,0101,Selvon Waldron,35,15,0,2026-09-04 05:28:19
2026-09-04 05:09:14,PLCY313,0101,Gerard Evans,100,1,0,2026-09-04 05:28:20
2026-09-04 05:09:14,PLCY371,0101,Joshua Itzkowitz Shifrinson,35,0,1,2026-09-04 05:28:20
2026-09-04 05:09:14,PLCY380,0101,Isabel O'Malley,40,0,1,2026-09-04 05:28:20
2026-09-04 05:09:14,PLCY380,ESG1,Kisha McNeill,30,1,0,2026-09-04 05:28:20
2026-09-04 05:09:14,PLCY388A,0101,Brandi Onowu,40,8,0,2026-09-04 05:28:21
2026-09-04 05:09:14,PLCY388N,0101,Nina Harris,25,2,0,2026-09-04 05:28:21
2026-09-04 05:09:14,PLCY390,0101,Lena Andrews,20,0,2,2026-09-04 05:28:22
2026-09-04 05:09:14,PLCY399B,0101,Beatrice DeBelen,30,19,0,2026-09-04 05:28:22
2026-09-04 05:09:14,PLCY400,0101,Patricia Bory,25,2,0,2026-09-04 05:28:23
2026-09-04 05:09:14,PLCY401,0101,Anand Patwardhan,20,5,0,2026-09-04 05:28:24
2026-09-04 05:09:14,PLCY401,0201,Tracy Thompson,20,0,2,2026-09-04 05:28:24
2026-09-04 05:09:14,PLCY401,0301,David Mussington,20,9,0,2026-09-04 05:28:24
2026-09-04 05:09:14,PLCY490,0101,Michael Woldemariam,15,0,0,2026-09-04 05:28:24
2026-09-04 05:09:14,PLCY492,0101,Steve Fetter,20,0,1,2026-09-04 05:28:25
2026-09-04 05:09:14,PLCY610,0201,Alec Worsnop,40,7,0,2026-09-04 05:28:25
2026-09-04 05:09:14,PLCY630,0101,Catherine Worsnop,25,2,0,2026-09-04 05:28:26
2026-09-04 05:09:14,PLCY630,0201,Catherine Worsnop,25,3,0,2026-09-04 05:28:26
2026-09-04 05:09:14,PLCY631,0101,Cullen Merritt,25,0,1,2026-09-04 05:28:26
2026-09-04 05:09:14,PLCY640,0201,Thomas Spreen,30,6,0,2026-09-04 05:28:27
2026-09-04 05:09:14,PLCY641,0101,Tyler Kustra,30,0,0,2026-09-04 05:28:27
2026-09-04 05:09:14,PLCY641,0201,Tyler Kustra,30,9,0,2026-09-04 05:28:27
2026-09-04 05:09:14,PLCY670,0101,Philip Joyce,30,0,0,2026-09-04 05:28:28
2026-09-04 05:09:14,PLCY680,0101,Claire Dunning,25,0,0,2026-09-04 05:28:28
2026-09-04 05:09:14,PLCY680,0201,Michael Woldemariam,25,6,0,2026-09-04 05:28:28
2026-09-04 05:09:14,PLCY688C,0101,Charles Harry,20,10,0,2026-09-04 05:28:29
2026-09-04 05:09:14,PLCY688F,PWL1,Nekeya O'Connor,20,1,0,2026-09-04 05:28:29
2026-09-04 05:09:14,PLCY688P,0101,Steve Fetter,10,1,0,2026-09-04 05:28:30
2026-09-04 05:09:14,PLCY688Z,0101,Brandi Onowu,20,6,0,2026-09-04 05:28:30
2026-09-04 05:09:14,PLCY689E,0101,Susan Parker,20,0,0,2026-09-04 05:28:30
2026-09-04 05:09:14,PLCY690,0110,David Mussington,15,3,0,2026-09-04 05:28:31
2026-09-04 05:09:14,PLCY690,0120,Margaret Brindle,15,2,0,2026-09-04 05:28:31
2026-09-04 05:09:14,PLCY690,0130,Douglas Call,15,0,1,2026-09-04 05:28:31
2026-09-04 05:09:14,PLCY690,0150,Paul Brown,15,1,0,2026-09-04 05:28:31
2026-09-04 05:09:14,PLCY690,0170,James Stillwell,15,0,0,2026-09-04 05:28:31
2026-09-04 05:09:14,PLCY698T,0101,Elizabeth Duke,20,6,0,2026-09-04 05:28:31
2026-09-04 05:09:14,PLCY699L,0101,Michael Woldemariam,10,2,0,2026-09-04 05:28:32
2026-09-04 05:09:14,PLCY720,0101,Nancy Gallagher,20,3,0,2026-09-04 05:28:32
2026-09-04 05:09:14,PLCY734,0101,Niambi Carter,20,0,0,2026-09-04 05:28:33
2026-09-04 05:09:14,PLCY735,0101,Robert Sprinkle,20,7,0,2026-09-04 05:28:33
2026-09-04 05:09:14,PLCY741,0101,Anand Patwardhan,20,7,0,2026-09-04 05:28:33
2026-09-04 05:09:14,PLCY742,0101,Thomas Hilde,20,9,0,2026-09-04 05:28:34
2026-09-04 05:09:14,PLCY780,0101,Robert Orr,20,0,1,2026-09-04 05:28:34
2026-09-04 05:09:14,PLCY781,0101,Julio Guzman,20,2,0,2026-09-04 05:28:35
2026-09-04 05:09:14,PLCY783,0101,Margaret Brindle,20,7,0,2026-09-04 05:28:35
2026-09-04 05:09:14,PLCY798F,PWL1,William Nolte,25,18,0,2026-09-04 05:28:36
2026-09-04 05:09:14,PLCY798V,0101,Shanna Pearson-Merkowitz,12,0,0,2026-09-04 05:28:37
2026-09-04 05:09:14,PLCY798W,0101,Martin Sanders,10,10,0,2026-09-04 05:28:37
2026-09-04 05:09:14,PLCY798Y,PWL1,Jeffrey Franco,25,0,0,2026-09-04 05:28:38
2026-09-04 05:09:14,PLCY798Z,0101,Peter Reuter,12,0,0,2026-09-04 05:28:38
2026-09-04 05:09:14,PLSC112,0101,Samuel Daramola,100,16,0,2026-09-04 05:28:41
2026-09-04 05:09:14,PLSC113,0101,Samuel Daramola,24,3,0,2026-09-04 05:28:42
2026-09-04 05:09:14,PLSC113,0102,Samuel Daramola,24,5,0,2026-09-04 05:28:42
2026-09-04 05:09:14,PLSC113,0103,Samuel Daramola,24,13,0,2026-09-04 05:28:42
2026-09-04 05:09:14,PLSC113,0104,Samuel Daramola,24,9,0,2026-09-04 05:28:42
2026-09-04 05:09:14,PLSC115,0101,Shirley Micallef,24,0,3,2026-09-04 05:28:42
2026-09-04 05:09:14,PLSC201,0101,Pierre Jacob,42,15,0,2026-09-04 05:28:42
2026-09-04 05:09:14,PLSC203,0101,Vijay Tiwari,23,17,0,2026-09-04 05:28:43
2026-09-04 05:09:14,PLSC205,0101,Mark Carroll,22,0,0,2026-09-04 05:28:43
2026-09-04 05:09:14,PLSC206,0101,Pierre Jacob,21,8,0,2026-09-04 05:28:44
2026-09-04 05:09:14,PLSC206,0102,Pierre Jacob,21,7,0,2026-09-04 05:28:44
2026-09-04 05:09:14,PLSC253,0101,Karen Petroff,24,0,0,2026-09-04 05:28:44
2026-09-04 05:09:14,PLSC253,0102,Karen Petroff,24,5,0,2026-09-04 05:28:44
2026-09-04 05:09:14,PLSC389,0101,Craig Beyrouty,17,17,0,2026-09-04 05:28:44
2026-09-04 05:09:14,PLSC402,0101,Geoffrey Rinehart,10,3,0,2026-09-04 05:28:45
2026-09-04 05:09:14,PLSC404,0101,Yiping Qi,20,9,0,2026-09-04 05:28:46
2026-09-04 05:09:14,PLSC420,0101,Nidhi Rawat,18,3,0,2026-09-04 05:28:46
2026-09-04 05:09:14,PLSC420,0102,Nidhi Rawat,18,13,0,2026-09-04 05:28:46
2026-09-04 05:09:14,PLSC433,0101,Diana Cochran,10,2,0,2026-09-04 05:28:47
2026-09-04 05:09:14,PLSC453,0101,Samuel Daramola,24,1,0,2026-09-04 05:28:47
2026-09-04 05:09:14,PLSC471,0101,Juanita Choo,20,0,0,2026-09-04 05:28:47
2026-09-04 05:09:14,PLSC476,0101,Maile Neel,23,19,0,2026-09-04 05:28:48
2026-09-04 05:09:14,PLSC608,0101,Shunyuan Xiao,20,13,0,2026-09-04 05:28:48
2026-09-04 05:09:14,PORT103,0101,Parker Brookie,15,8,0,2026-09-04 05:28:51
2026-09-04 05:09:14,PORT205,0101,Parker Brookie,15,4,0,2026-09-04 05:28:52
2026-09-04 05:09:14,PORT332,0101,Parker Brookie,25,0,0,2026-09-04 05:28:52
2026-09-04 05:09:14,RELS120,0101,Antoine Borrut,40,7,0,2026-09-04 05:29:32
2026-09-04 05:09:14,RELS170,0101,Chiara Graf,21,2,0,2026-09-04 05:29:33
2026-09-04 05:09:14,RELS170,0102,Chiara Graf,21,0,0,2026-09-04 05:29:33
2026-09-04 05:09:14,RELS170,0103,Chiara Graf,21,1,0,2026-09-04 05:29:33
2026-09-04 05:09:14,RELS170,0104,Chiara Graf,21,0,0,2026-09-04 05:29:33
2026-09-04 05:09:14,RELS170,0105,Chiara Graf,21,0,0,2026-09-04 05:29:33
2026-09-04 05:09:14,RELS170,0106,Chiara Graf,21,0,0,2026-09-04 05:29:33
2026-09-04 05:09:14,RELS170,0107,Chiara Graf,21,0,0,2026-09-04 05:29:33
2026-09-04 05:09:14,RELS170,0108,Chiara Graf,21,0,0,2026-09-04 05:29:33
2026-09-04 05:09:14,RELS170,0109,Chiara Graf,22,0,0,2026-09-04 05:29:33
2026-09-04 05:09:14,RELS171,0101,Maxine Grossman,40,1,0,2026-09-04 05:29:33
2026-09-04 05:09:14,RELS219K,0101,Shay Hazkani,40,33,0,2026-09-04 05:29:33
2026-09-04 05:09:14,RELS225,0101,Stephanie Cooper,25,0,0,2026-09-04 05:29:34
2026-09-04 05:09:14,RELS273,0101,Hayim Lapin,23,0,0,2026-09-04 05:29:34
2026-09-04 05:09:14,RELS273,0102,Hayim Lapin,23,0,0,2026-09-04 05:29:34
2026-09-04 05:09:14,RELS273,0103,Hayim Lapin,23,1,0,2026-09-04 05:29:34
2026-09-04 05:09:14,RELS274,0101,Matthew Suriano,20,0,6,2026-09-04 05:29:35
2026-09-04 05:09:14,RELS274,0102,Matthew Suriano,20,0,5,2026-09-04 05:29:35
2026-09-04 05:09:14,RELS274,0103,Matthew Suriano,20,0,5,2026-09-04 05:29:35
2026-09-04 05:09:14,RELS274,0104,Matthew Suriano,20,0,3,2026-09-04 05:29:35
2026-09-04 05:09:14,RELS319D,0101,Nathan Levine,35,25,0,2026-09-04 05:29:35
2026-09-04 05:09:14,RELS319Z,0101,Regev Ben-David,30,27,0,2026-09-04 05:29:35
2026-09-04 05:09:14,RELS341,0101,Janna Bianchini,30,0,0,2026-09-04 05:29:36
2026-09-04 05:09:14,RUSS101,0101,Inna Hardman,15,6,0,2026-09-04 05:29:38
2026-09-04 05:09:14,RUSS101,0201,Inna Hardman,15,4,0,2026-09-04 05:29:38
2026-09-04 05:09:14,RUSS201,0101,Zhanna Gerus-Vernola,15,8,0,2026-09-04 05:29:38
2026-09-04 05:09:14,RUSS301,0101,Izolda Savenkova,15,5,0,2026-09-04 05:29:39
2026-09-04 05:09:14,RUSS321,0101,Elizabeth Papazian,15,5,0,2026-09-04 05:29:39
2026-09-04 05:09:14,RUSS334,0101,Elizabeth Papazian,25,0,0,2026-09-04 05:29:40
2026-09-04 05:09:14,RUSS404,0101,Izolda Savenkova,15,1,0,2026-09-04 05:29:41
2026-09-04 05:09:14,SDSB123,0101,Brian Kim,40,7,0,2026-09-04 05:29:43
2026-09-04 05:09:14,SDSB180,0101,Brian Kim,180,143,0,2026-09-04 05:29:44
2026-09-04 05:09:14,SDSB233,0101,Jacob Coutts,25,1,0,2026-09-04 05:29:44
2026-09-04 05:09:14,SDSB233,0102,Jacob Coutts,25,10,0,2026-09-04 05:29:44
2026-09-04 05:09:14,SDSB233,0103,Jacob Coutts,25,8,0,2026-09-04 05:29:44
2026-09-04 05:09:14,SDSB326,0101,Jacob Coutts,50,31,0,2026-09-04 05:29:44
2026-09-04 05:09:14,SDSB340,0101,Neil Lund,40,0,0,2026-09-04 05:29:45
2026-09-04 05:09:14,SDSI414,0201,Maria Krupenkin,34,12,0,2026-09-04 05:29:47
2026-09-04 05:09:14,SDSI414,0202,Maria Krupenkin,34,0,0,2026-09-04 05:29:47
2026-09-04 05:09:14,SDSI492,0101,TJ Rainsford,50,11,0,2026-09-04 05:29:47
2026-09-04 05:09:14,SDSI492,0103,Mary Ann Francis,40,0,4,2026-09-04 05:29:47
2026-09-04 05:09:14,SDSI492,0104,TJ Rainsford,50,2,0,2026-09-04 05:29:47
2026-09-04 05:09:14,SDSI492,0106,Jesse Klein,50,0,10,2026-09-04 05:29:47
2026-09-04 05:09:14,SDSI492,0107,Connie Siebold,40,0,5,2026-09-04 05:29:47
2026-09-04 05:09:14,SDSI492,0110,Patrick Thornton,50,27,0,2026-09-04 05:29:47
2026-09-04 05:09:14,SLLC108I,0101,Instructor: TBA,5,4,0,2026-09-04 05:29:51
2026-09-04 05:09:14,SLLC108J,0101,Instructor: TBA,5,5,0,2026-09-04 05:29:51
2026-09-04 05:09:14,SLLC108W,0101,Instructor: TBA,5,4,0,2026-09-04 05:29:52
2026-09-04 05:09:14,SLLC118A,0101,Sean Pue,10,3,0,2026-09-04 05:29:52
2026-09-04 05:09:14,SLLC200,0101,Chris Lewis,30,0,0,2026-09-04 05:29:52
2026-09-04 05:09:14,SLLC286,0101,Andrew Schonebaum,60,6,0,2026-09-04 05:29:53
2026-09-04 05:09:14,SLLC309,0101,Ahmed Hanafy,10,10,0,2026-09-04 05:29:53
2026-09-04 05:09:14,SLLC309,0102,Ahmed Hanafy,10,8,0,2026-09-04 05:29:53
2026-09-04 05:09:14,SLLC309,0103,Ahmed Hanafy,10,8,0,2026-09-04 05:29:53
2026-09-04 05:09:14,SLLC309,0104,Ahmed Hanafy,10,6,0,2026-09-04 05:29:53
2026-09-04 05:09:14,SLLC309,0105,Ahmed Hanafy,10,6,0,2026-09-04 05:29:53
2026-09-04 05:09:14,SLLC309,0106,Ahmed Hanafy,10,7,0,2026-09-04 05:29:53
2026-09-04 05:09:14,SLLC309,0107,Ahmed Hanafy,10,8,0,2026-09-04 05:29:53
2026-09-04 05:09:14,SLLC309,0108,Ahmed Hanafy,10,9,0,2026-09-04 05:29:53
2026-09-04 05:09:14,SLLC309,0109,Ahmed Hanafy,10,7,0,2026-09-04 05:29:53
2026-09-04 05:09:14,SLLC309,0110,Ahmed Hanafy,10,4,0,2026-09-04 05:29:53
2026-09-04 05:09:14,SLLC309,0111,Ahmed Hanafy,10,10,0,2026-09-04 05:29:53
2026-09-04 05:09:14,SLLC329,0101,Marilyn Matar,12,0,0,2026-09-04 05:29:54
2026-09-04 05:09:14,SLLC329,0102,Marilyn Matar,10,1,0,2026-09-04 05:29:54
2026-09-04 05:09:14,SLLC329,0103,Marilyn Matar,21,3,0,2026-09-04 05:29:54
2026-09-04 05:09:14,SLLC329,0104,Marilyn Matar,10,4,0,2026-09-04 05:29:54
2026-09-04 05:09:14,SLLC329,0105,Marilyn Matar,10,9,0,2026-09-04 05:29:54
2026-09-04 05:09:14,SLLC329,0106,Marilyn Matar,10,1,0,2026-09-04 05:29:54
2026-09-04 05:09:14,SLLC329,0107,Marilyn Matar,10,7,0,2026-09-04 05:29:54
2026-09-04 05:09:14,SLLC329,0108,Marilyn Matar,10,7,0,2026-09-04 05:29:54
2026-09-04 05:09:14,SLLC329,0109,Marilyn Matar,10,4,0,2026-09-04 05:29:54
2026-09-04 05:09:14,SLLC329,0110,Marilyn Matar,20,4,0,2026-09-04 05:29:54
2026-09-04 05:09:14,SLLC350,0101,Michele Mason,30,27,0,2026-09-04 05:29:54
2026-09-04 05:09:14,SMLP470,0101,Brooke Smith,45,13,0,2026-09-04 05:29:56
2026-09-04 05:09:14,SMLP472,0101,Sara Herald,60,20,0,2026-09-04 05:29:56
2026-09-04 05:09:14,TLTC310,0101,Sarah Kistner,0,0,0,2026-09-04 05:30:57
2026-09-04 05:09:14,TLTC310,0201,Yanira Ortiz,20,11,0,2026-09-04 05:30:57
2026-09-04 05:09:14,TLTC333,0101,Mona Thompson,60,0,0,2026-09-04 05:30:57
2026-09-04 05:09:14,TLTC333,0102,Mona Thompson,60,0,1,2026-09-04 05:30:57
2026-09-04 05:09:14,TLTC333,0105,Mona Thompson,60,5,0,2026-09-04 05:30:57
2026-09-04 05:09:14,TLTC499A,0101,Mona Thompson,10,7,0,2026-09-04 05:30:58
2026-09-04 05:09:14,TLTC499A,0102,Danielle Pafe,10,6,0,2026-09-04 05:30:58
2026-09-04 05:09:14,UMEI005,0101,Charles Duquette,15,2,0,2026-09-04 05:31:00
2026-09-04 05:09:14,UMEI005,0201,Heather Mehrtens,15,9,0,2026-09-04 05:31:00
2026-09-04 05:09:14,UMEI005,0301,Marilena Draganescu,15,11,0,2026-09-04 05:31:00
2026-09-04 05:09:14,UMEI012,0101,Louise Godley,10,9,0,2026-09-04 05:31:00
2026-09-04 05:09:14,UMEI013,0101,Louise Godley,10,9,0,2026-09-04 05:31:01
2026-09-04 05:09:14,UMEI028A,0101,Raymond Smith,16,14,0,2026-09-04 05:31:01
2026-09-04 05:09:14,UMEI506,0101,Heather Mehrtens,16,0,0,2026-09-04 05:31:02
2026-09-04 05:09:14,UMEI506,0201,Heather Mehrtens,16,6,0,2026-09-04 05:31:02
2026-09-04 05:09:14,UMEI507,0101,Marilena Draganescu,15,4,0,2026-09-04 05:31:02
2026-09-04 05:09:14,USLT201,0101,Robert Chester,25,1,0,2026-09-04 05:31:11
2026-09-04 05:09:14,USLT398C,0101,Angela Pico Pinto,25,17,0,2026-09-04 05:31:11
2026-09-04 05:09:14,USLT450,0101,Robert Chester,20,0,2,2026-09-04 05:31:12
2026-09-04 05:09:14,USLT498C,0101,Ana Rodriguez,20,14,0,2026-09-04 05:31:12
2026-09-04 05:09:14,VIPS099,0115,Veronica Kang,5,3,0,2026-09-04 05:31:14
2026-09-04 05:09:14,VIPS208,0101,Mary Bowden,10,10,0,2026-09-04 05:31:15
2026-09-04 05:09:14,VIPS208,0102,Ken Kiger,10,2,0,2026-09-04 05:31:15
2026-09-04 05:09:14,VIPS208,0103,Bryan Quinn,10,7,0,2026-09-04 05:31:15
2026-09-04 05:09:14,VIPS208,0104,Abdil Chowdhury,10,1,0,2026-09-04 05:31:15
2026-09-04 05:09:14,VIPS208,0105,Molly Carton,10,7,0,2026-09-04 05:31:15
2026-09-04 05:09:14,VIPS208,0106,James Baeder,14,2,0,2026-09-04 05:31:15
2026-09-04 05:09:14,VIPS208,0107,Catherine Spirito,10,6,0,2026-09-04 05:31:15
2026-09-04 05:09:14,VIPS208,0108,Ronald Yaros,10,4,0,2026-09-04 05:31:15
2026-09-04 05:09:14,VIPS208,0109,Carinna Ferguson,10,6,0,2026-09-04 05:31:15
2026-09-04 05:09:14,VIPS208,0110,Tracy Riggins,15,0,0,2026-09-04 05:31:15
2026-09-04 05:09:14,VIPS208,0111,Kevin Calabro,13,2,0,2026-09-04 05:31:15
2026-09-04 05:09:14,VIPS208,0112,Raffaele Viglianti,10,5,0,2026-09-04 05:31:15
2026-09-04 05:09:14,VIPS208,0113,Shabnam Jabeen,10,3,0,2026-09-04 05:31:15
2026-09-04 05:09:14,VIPS208,0114,Ning Zeng,15,6,0,2026-09-04 05:31:15
2026-09-04 05:09:14,VIPS208,0115,Veronica Kang,10,5,0,2026-09-04 05:31:15
2026-09-04 05:09:14,VIPS208,0116,David Stewart,10,0,0,2026-09-04 05:31:15
2026-09-04 05:09:14,VIPS208,0117,Meredith Epstein,10,8,0,2026-09-04 05:31:15
2026-09-04 05:09:14,VIPS208,0118,Magaly Toro Ibaceta,10,3,0,2026-09-04 05:31:15
2026-09-04 05:09:14,VIPS208,0120,Marisa Parham,10,5,0,2026-09-04 05:31:15
2026-09-04 05:09:14,VIPS208,0121,Becky Epanchin-Niell,10,1,0,2026-09-04 05:31:15
2026-09-04 05:09:14,VIPS208,0122,Timothy Reedy,10,2,0,2026-09-04 05:31:15
2026-09-04 05:09:14,VIPS208,0123,Lingnan Lin,13,4,0,2026-09-04 05:31:15
2026-09-04 05:09:14,VIPS208,0124,Jeffrey Moro,10,4,0,2026-09-04 05:31:15
2026-09-04 05:09:14,VIPS208,0125,Peter Sunderland,12,4,0,2026-09-04 05:31:15
2026-09-04 05:09:14,VIPS208,0126,Brienna Anderson,10,3,0,2026-09-04 05:31:15
2026-09-04 05:09:14,VIPS308,0101,Mary Bowden,10,9,0,2026-09-04 05:31:15
2026-09-04 05:09:14,VIPS308,0102,Ken Kiger,10,3,0,2026-09-04 05:31:15
2026-09-04 05:09:14,VIPS308,0103,Bryan Quinn,10,2,0,2026-09-04 05:31:15
2026-09-04 05:09:14,VIPS308,0104,Abdil Chowdhury,10,3,0,2026-09-04 05:31:15
2026-09-04 05:09:14,VIPS308,0105,Molly Carton,10,3,0,2026-09-04 05:31:15
2026-09-04 05:09:14,VIPS308,0106,James Baeder,10,4,0,2026-09-04 05:31:15
2026-09-04 05:09:14,VIPS308,0107,Catherine Spirito,10,7,0,2026-09-04 05:31:15
2026-09-04 05:09:14,VIPS308,0108,Ronald Yaros,10,9,0,2026-09-04 05:31:15
2026-09-04 05:09:14,VIPS308,0109,Carinna Ferguson,10,6,0,2026-09-04 05:31:15
2026-09-04 05:09:14,VIPS308,0110,Tracy Riggins,10,0,0,2026-09-04 05:31:15
2026-09-04 05:09:14,VIPS308,0111,Kevin Calabro,10,6,0,2026-09-04 05:31:15
2026-09-04 05:09:14,VIPS308,0112,Raffaele Viglianti,10,10,0,2026-09-04 05:31:15
2026-09-04 05:09:14,VIPS308,0113,Shabnam Jabeen,10,8,0,2026-09-04 05:31:15
2026-09-04 05:09:14,VIPS308,0114,Ning Zeng,10,9,0,2026-09-04 05:31:15
2026-09-04 05:09:14,VIPS308,0115,Veronica Kang,10,10,0,2026-09-04 05:31:15
2026-09-04 05:09:14,VIPS308,0116,David Stewart,10,10,0,2026-09-04 05:31:15
2026-09-04 05:09:14,VIPS308,0117,Meredith Epstein,10,8,0,2026-09-04 05:31:15
2026-09-04 05:09:14,VIPS308,0118,Magaly Toro Ibaceta,10,10,0,2026-09-04 05:31:15
2026-09-04 05:09:14,VIPS308,0120,Marisa Parham,10,9,0,2026-09-04 05:31:15
2026-09-04 05:09:14,VIPS308,0121,Becky Epanchin-Niell,10,10,0,2026-09-04 05:31:15
2026-09-04 05:09:14,VIPS308,0122,Timothy Reedy,10,10,0,2026-09-04 05:31:15
2026-09-04 05:09:14,VIPS308,0123,Lingnan Lin,10,10,0,2026-09-04 05:31:15
2026-09-04 05:09:14,VIPS308,0124,Jeffrey Moro,10,10,0,2026-09-04 05:31:15
2026-09-04 05:09:14,VIPS308,0125,Peter Sunderland,10,10,0,2026-09-04 05:31:15
2026-09-04 05:09:14,VIPS308,0126,Brienna Anderson,10,10,0,2026-09-04 05:31:15
2026-09-04 05:09:14,VIPS408,0101,Mary Bowden,10,4,0,2026-09-04 05:31:16
2026-09-04 05:09:14,VIPS408,0102,Ken Kiger,10,8,0,2026-09-04 05:31:16
2026-09-04 05:09:14,VIPS408,0103,Bryan Quinn,10,3,0,2026-09-04 05:31:16
2026-09-04 05:09:14,VIPS408,0104,Abdil Chowdhury,10,8,0,2026-09-04 05:31:16
2026-09-04 05:09:14,VIPS408,0105,Molly Carton,10,8,0,2026-09-04 05:31:16
2026-09-04 05:09:14,VIPS408,0106,James Baeder,10,7,0,2026-09-04 05:31:16
2026-09-04 05:09:14,VIPS408,0107,Catherine Spirito,10,10,0,2026-09-04 05:31:16
2026-09-04 05:09:14,VIPS408,0108,Ronald Yaros,10,8,0,2026-09-04 05:31:16
2026-09-04 05:09:14,VIPS408,0109,Carinna Ferguson,10,8,0,2026-09-04 05:31:16
2026-09-04 05:09:14,VIPS408,0110,Tracy Riggins,10,10,0,2026-09-04 05:31:16
2026-09-04 05:09:14,VIPS408,0111,Kevin Calabro,10,7,0,2026-09-04 05:31:16
2026-09-04 05:09:14,VIPS408,0112,Raffaele Viglianti,10,9,0,2026-09-04 05:31:16
2026-09-04 05:09:14,VIPS408,0113,Shabnam Jabeen,10,10,0,2026-09-04 05:31:16
2026-09-04 05:09:14,VIPS408,0114,Ning Zeng,10,10,0,2026-09-04 05:31:16
2026-09-04 05:09:14,VIPS408,0115,Veronica Kang,10,10,0,2026-09-04 05:31:16
2026-09-04 05:09:14,VIPS408,0116,David Stewart,10,10,0,2026-09-04 05:31:16
2026-09-04 05:09:14,VIPS408,0117,Meredith Epstein,10,10,0,2026-09-04 05:31:16
2026-09-04 05:09:14,VIPS408,0118,Magaly Toro Ibaceta,10,9,0,2026-09-04 05:31:16
2026-09-04 05:09:14,VIPS408,0120,Marisa Parham,10,10,0,2026-09-04 05:31:16
2026-09-04 05:09:14,VIPS408,0121,Becky Epanchin-Niell,10,10,0,2026-09-04 05:31:16
2026-09-04 05:09:14,VIPS408,0122,Timothy Reedy,10,10,0,2026-09-04 05:31:16
2026-09-04 05:09:14,VIPS408,0123,Lingnan Lin,10,10,0,2026-09-04 05:31:16
2026-09-04 05:09:14,VIPS408,0124,Jeffrey Moro,10,10,0,2026-09-04 05:31:16
2026-09-04 05:09:14,VIPS408,0125,Peter Sunderland,10,10,0,2026-09-04 05:31:16
2026-09-04 05:09:14,VIPS408,0126,Brienna Anderson,10,10,0,2026-09-04 05:31:16
2026-09-04 05:09:14,WEID139B,0101,Denise Joseph,48,12,0,2026-09-04 05:31:19
2026-09-04 05:09:14,WEID139L,0201,Taylor Togafau-Lewis,48,17,0,2026-09-04 05:31:19
2026-09-04 09:58:35,AAAS100,0101,Shane Walsh,35,0,0,2026-09-04 09:58:38
2026-09-04 09:58:35,AAAS100,0201,Shane Walsh,35,0,0,2026-09-04 09:58:38
2026-09-04 09:58:35,AAAS100,0301,George Kintiba,70,37,0,2026-09-04 09:58:38
2026-09-04 09:58:35,AAAS100,0401,Jason Nichols,30,0,0,2026-09-04 09:58:38
2026-09-04 09:58:35,AAAS100,0501,Jason Nichols,35,0,0,2026-09-04 09:58:38
2026-09-04 09:58:35,AAAS101,0101,Chinyere Osuji,40,3,0,2026-09-04 09:58:38
2026-09-04 09:58:35,AAAS187,0101,Robert Choflet,30,0,0,2026-09-04 09:58:38
2026-09-04 09:58:35,AAAS187,0201,Joseph Richardson,30,1,0,2026-09-04 09:58:38
2026-09-04 09:58:35,AAAS200,0101,George Kintiba,40,3,0,2026-09-04 09:58:39
2026-09-04 09:58:35,AAAS202,0101,Robert Choflet,35,4,0,2026-09-04 09:58:39
2026-09-04 09:58:35,AAAS202,0201,Robert Choflet,35,5,0,2026-09-04 09:58:39
2026-09-04 09:58:35,AAAS202,0301,Angelica Dunbar,35,2,0,2026-09-04 09:58:39
2026-09-04 09:58:35,AAAS202,0401,Ashley Everson,35,0,0,2026-09-04 09:58:39
2026-09-04 09:58:35,AAAS202,0501,Ashley Everson,20,0,0,2026-09-04 09:58:39
2026-09-04 09:58:35,AAAS210,0101,Angelica Dunbar,20,16,0,2026-09-04 09:58:40
2026-09-04 09:58:35,AAAS211,0101,Shane Walsh,30,0,0,2026-09-04 09:58:40
2026-09-04 09:58:35,AAAS230,0101,Ashley Newby,30,0,0,2026-09-04 09:58:40
2026-09-04 09:58:35,AAAS230,0201,Ashley Newby,30,0,0,2026-09-04 09:58:40
2026-09-04 09:58:35,AAAS234,0201,Mike Kolakoski,30,2,0,2026-09-04 09:58:41
2026-09-04 09:58:35,AAAS254,0101,Christopher Bonner,40,1,0,2026-09-04 09:58:41
2026-09-04 09:58:35,AAAS271,0101,Sydney Lewis,30,0,0,2026-09-04 09:58:42
2026-09-04 09:58:35,AAAS310,0101,George Kintiba,25,20,0,2026-09-04 09:58:43
2026-09-04 09:58:35,AAAS320,0101,Cecily Jackson,25,0,0,2026-09-04 09:58:43
2026-09-04 09:58:35,AAAS320,0201,Cecily Jackson,25,0,0,2026-09-04 09:58:43
2026-09-04 09:58:35,AAAS325,0101,Traci Dula,20,3,0,2026-09-04 09:58:44
2026-09-04 09:58:35,AAAS350,0101,John Drabinski,20,0,0,2026-09-04 09:58:44
2026-09-04 09:58:35,AAAS361,0101,Michelle Rowley,35,24,0,2026-09-04 09:58:45
2026-09-04 09:58:35,AAAS386,0101,Marshal Washington,10,10,0,2026-09-04 09:58:45
2026-09-04 09:58:35,AAAS397,0101,John Drabinski,2,2,0,2026-09-04 09:58:45
2026-09-04 09:58:35,AAAS397,0201,Angelica Dunbar,2,2,0,2026-09-04 09:58:45
2026-09-04 09:58:35,AAAS397,0301,Sharon Harley,2,2,0,2026-09-04 09:58:45
2026-09-04 09:58:35,AAAS397,0401,Cecily Jackson,2,2,0,2026-09-04 09:58:45
2026-09-04 09:58:35,AAAS397,0501,Sangeetha Madhavan,2,2,0,2026-09-04 09:58:45
2026-09-04 09:58:35,AAAS397,0601,Ashley Newby,1,1,0,2026-09-04 09:58:45
2026-09-04 09:58:35,AAAS397,0701,Chinyere Osuji,2,2,0,2026-09-04 09:58:45
2026-09-04 09:58:35,AAAS397,0801,Periloux Peay,2,2,0,2026-09-04 09:58:45
2026-09-04 09:58:35,AAAS397,0901,Joseph Richardson,2,2,0,2026-09-04 09:58:45
2026-09-04 09:58:35,AAAS398B,0101,Beka Guluma,20,12,0,2026-09-04 09:58:46
2026-09-04 09:58:35,AAAS398W,0101,Jason Nichols,25,9,0,2026-09-04 09:58:46
2026-09-04 09:58:35,AAAS399,0101,Robert Choflet,4,4,0,2026-09-04 09:58:46
2026-09-04 09:58:35,AAAS399,0201,John Drabinski,4,4,0,2026-09-04 09:58:46
2026-09-04 09:58:35,AAAS399,0301,Angelica Dunbar,4,3,0,2026-09-04 09:58:46
2026-09-04 09:58:35,AAAS399,0401,Sharon Harley,4,4,0,2026-09-04 09:58:46
2026-09-04 09:58:35,AAAS399,0501,Cecily Jackson,4,4,0,2026-09-04 09:58:46
2026-09-04 09:58:35,AAAS399,0601,Cecily Jackson,4,4,0,2026-09-04 09:58:46
2026-09-04 09:58:35,AAAS399,0701,Sharon Harley,4,4,0,2026-09-04 09:58:46
2026-09-04 09:58:35,AAAS399,0801,George Kintiba,4,4,0,2026-09-04 09:58:46
2026-09-04 09:58:35,AAAS399,0901,Jason Nichols,4,4,0,2026-09-04 09:58:46
2026-09-04 09:58:35,AAAS399,1001,Ashley Newby,4,3,0,2026-09-04 09:58:46
2026-09-04 09:58:35,AAAS399,1101,Jason Nichols,4,4,0,2026-09-04 09:58:46
2026-09-04 09:58:35,AAAS399,1201,Joseph Richardson,4,4,0,2026-09-04 09:58:46
2026-09-04 09:58:35,AAAS399,1301,Shane Walsh,4,4,0,2026-09-04 09:58:46
2026-09-04 09:58:35,AAAS399,1401,Joseph Richardson,4,4,0,2026-09-04 09:58:46
2026-09-04 09:58:35,AAAS399,1501,Shane Walsh,4,4,0,2026-09-04 09:58:46
2026-09-04 09:58:35,AAAS400,0101,Periloux Peay,25,22,0,2026-09-04 09:58:47
2026-09-04 09:58:35,AAAS415,0101,Periloux Peay,30,1,0,2026-09-04 09:58:47
2026-09-04 09:58:35,AAAS499N,0101,Anne Rosen,25,1,0,2026-09-04 09:58:47
2026-09-04 09:58:35,AAST200,0101,Jennifer Cho,30,0,0,2026-09-04 09:58:49
2026-09-04 09:58:35,AAST200,0102,Binod Paudyal,30,0,0,2026-09-04 09:58:49
2026-09-04 09:58:35,AAST322,0101,Julie Park,30,3,0,2026-09-04 09:58:49
2026-09-04 09:58:35,AAST351,0101,Binod Paudyal,35,0,0,2026-09-04 09:58:49
2026-09-04 09:58:35,AAST355,0101,Jennifer Cho,35,0,9,2026-09-04 09:58:50
2026-09-04 09:58:35,AAST378,0101,Janelle Wong,2,2,0,2026-09-04 09:58:50
2026-09-04 09:58:35,AAST394,0101,Wenxi Yang,30,3,0,2026-09-04 09:58:50
2026-09-04 09:58:35,AAST398I,0101,Michelle Magalong,24,1,0,2026-09-04 09:58:51
2026-09-04 09:58:35,AAST398W,0101,Chris Eng,25,13,0,2026-09-04 09:58:51
2026-09-04 09:58:35,AAST421,0101,Tuyet Duong,20,1,0,2026-09-04 09:58:51
2026-09-04 09:58:35,AAST422,0101,Jennifer Cho,25,4,0,2026-09-04 09:58:52
2026-09-04 09:58:35,AAST424,0101,Dawn Dow,29,9,0,2026-09-04 09:58:52
2026-09-04 09:58:35,AAST440,0101,Binod Paudyal,25,0,3,2026-09-04 09:58:52
2026-09-04 09:58:35,AAST443,0101,Janelle Wong,30,0,1,2026-09-04 09:58:53
2026-09-04 09:58:35,ABRM330,0101,Rashawn Ray,40,0,0,2026-09-04 09:58:55
2026-09-04 09:58:35,ARAB101,0101,Samah Al-salami,15,1,0,2026-09-04 09:59:36
2026-09-04 09:58:35,ARAB101,0201,Ahmed Hanafy,15,4,0,2026-09-04 09:59:36
2026-09-04 09:58:35,ARAB102,0101,Samah Al-salami,15,0,0,2026-09-04 09:59:36
2026-09-04 09:58:35,ARAB102,0201,Lutf Alkebsi,15,12,0,2026-09-04 09:59:36
2026-09-04 09:58:35,ARAB201,0101,Lutf Alkebsi,15,1,0,2026-09-04 09:59:37
2026-09-04 09:58:35,ARAB201,0201,Lutf Alkebsi,15,11,0,2026-09-04 09:59:37
2026-09-04 09:58:35,ARAB208L,0101,Samah Al-salami,15,4,0,2026-09-04 09:59:37
2026-09-04 09:58:35,ARAB225,0101,Ahmed Hanafy,15,1,0,2026-09-04 09:59:40
2026-09-04 09:58:35,ARAB301,0101,Ahmed Hanafy,15,6,0,2026-09-04 09:59:41
2026-09-04 09:58:35,ARAB321,0101,Ahmed Hanafy,15,9,0,2026-09-04 09:59:42
2026-09-04 09:58:35,ARAB322,0101,Samah Al-salami,15,8,0,2026-09-04 09:59:43
2026-09-04 09:58:35,ARAB398A,0101,Lutf Alkebsi,15,5,0,2026-09-04 09:59:44
2026-09-04 09:58:35,ARAB499E,0101,Brendan Kibbee,20,0,1,2026-09-04 09:59:45
2026-09-04 09:58:35,ARMY106,0101,Thomas Battinieri,31,26,0,2026-09-04 10:00:17
2026-09-04 09:58:35,ARMY106,0102,Thomas Battinieri,40,30,0,2026-09-04 10:00:17
2026-09-04 09:58:35,ARMY106,FC01,Andrew Bischoff,15,11,0,2026-09-04 10:00:17
2026-09-04 09:58:35,ARMY106,FC02,Thomas Battinieri,9,8,0,2026-09-04 10:00:17
2026-09-04 09:58:35,ARMY110,0101,Andrew Bischoff,15,15,0,2026-09-04 10:00:17
2026-09-04 09:58:35,ARMY201,0102,Thomas Battinieri,35,14,0,2026-09-04 10:00:18
2026-09-04 09:58:35,ARMY301,0101,Joshua Guiod,40,21,0,2026-09-04 10:00:18
2026-09-04 09:58:35,ARMY401,0102,Andrew Bischoff,50,13,0,2026-09-04 10:00:18
2026-09-04 09:58:35,ARSC059,0101,Kathleen West,220,65,0,2026-09-04 10:00:20
2026-09-04 09:58:35,ARSC059,FC01,Jens Lyndrup,10,4,0,2026-09-04 10:00:20
2026-09-04 09:58:35,ARSC100,0101,Jens Lyndrup,50,33,0,2026-09-04 10:00:20
2026-09-04 09:58:35,ARSC100,0102,Jens Lyndrup,75,22,0,2026-09-04 10:00:20
2026-09-04 09:58:35,ARSC100,0103,Jens Lyndrup,40,32,0,2026-09-04 10:00:20
2026-09-04 09:58:35,ARSC100,FC01,Jens Lyndrup,5,2,0,2026-09-04 10:00:20
2026-09-04 09:58:35,ARSC100,FC02,Jens Lyndrup,10,6,0,2026-09-04 10:00:20
2026-09-04 09:58:35,ARSC200,0101,Alan Snyder,50,15,0,2026-09-04 10:00:20
2026-09-04 09:58:35,ARSC200,0102,Alan Snyder,35,22,0,2026-09-04 10:00:20
2026-09-04 09:58:35,ARSC200,0103,Alan Snyder,40,31,0,2026-09-04 10:00:20
2026-09-04 09:58:35,ARSC300,0101,Kathleen West,30,5,0,2026-09-04 10:00:20
2026-09-04 09:58:35,ARSC300,0102,Kathleen West,20,13,0,2026-09-04 10:00:20
2026-09-04 09:58:35,ARSC400,0101,Walter Mitchell,30,16,0,2026-09-04 10:00:21
2026-09-04 09:58:35,ARSC400,0102,Walter Mitchell,20,18,0,2026-09-04 10:00:21
2026-09-04 09:58:35,ARSC400,0201,Walter Mitchell,10,10,0,2026-09-04 10:00:21
2026-09-04 09:58:35,BMIN210,0101,Darlene Dennison,180,4,0,2026-09-04 10:01:21
2026-09-04 09:58:35,BMIN210,0201,Darlene Dennison,180,86,0,2026-09-04 10:01:21
2026-09-04 09:58:35,BMIN305,0101,Tejwansh Anand,180,22,0,2026-09-04 10:01:21
2026-09-04 09:58:35,BMIN345,0101,Michael Padhi,275,33,0,2026-09-04 10:01:22
2026-09-04 09:58:35,BMIN355,0101,Idil Yaveroglu,180,3,0,2026-09-04 10:01:22
2026-09-04 09:58:35,BMIN355,0201,Idil Yaveroglu,180,25,0,2026-09-04 10:01:22
2026-09-04 09:58:35,BMIN375,0101,Leland Gardner,185,0,2,2026-09-04 10:01:22
2026-09-04 09:58:35,BMIN395,0101,Nima Farshchi,200,3,0,2026-09-04 10:01:23
2026-09-04 09:58:35,BMIN395,0201,Nima Farshchi,200,108,0,2026-09-04 10:01:23
2026-09-04 09:58:35,BOIS602,WI01,Woei-jyh Lee,40,5,0,2026-09-04 10:01:26
2026-09-04 09:58:35,BOIS604,WI01,Manmohan Aseri,40,4,0,2026-09-04 10:01:26
2026-09-04 09:58:35,BOIS631,WI01,Sujin Kim,40,6,0,2026-09-04 10:01:26
2026-09-04 09:58:35,BSOS355,0101,Liza Lebrun,30,30,0,2026-09-04 10:01:36
2026-09-04 09:58:35,BSOS361,0101,TC Lloyd,30,2,0,2026-09-04 10:01:37
2026-09-04 09:58:35,BSOS361,0103,Keia Brown,30,1,0,2026-09-04 10:01:37
2026-09-04 09:58:35,BSOS361,0104,David Tana,30,1,0,2026-09-04 10:01:37
2026-09-04 09:58:35,BSOS361,0105,TC Lloyd,30,1,0,2026-09-04 10:01:37
2026-09-04 09:58:35,BSOS388C,0101,Nikita Kimani,20,0,1,2026-09-04 10:01:37
2026-09-04 09:58:35,BSOS388C,0201,Nikita Kimani,20,2,0,2026-09-04 10:01:37
2026-09-04 09:58:35,BSOS388E,0101,Liza Lebrun,30,30,0,2026-09-04 10:01:37
2026-09-04 09:58:35,BUSO600,SO11,Neta Moye,42,4,0,2026-09-04 10:01:54
2026-09-04 09:58:35,BUSO600,SO12,Neta Moye,42,7,0,2026-09-04 10:01:54
2026-09-04 09:58:35,BUSO603,SO11,Ilya Ryzhov,42,4,0,2026-09-04 10:01:54
2026-09-04 09:58:35,BUSO603,SO12,Ilya Ryzhov,42,4,0,2026-09-04 10:01:54
2026-09-04 09:58:35,BUSO604,SO11,Bennet Zelner,42,5,0,2026-09-04 10:01:55
2026-09-04 09:58:35,BUSO604,SO12,Bennet Zelner,42,4,0,2026-09-04 10:01:55
2026-09-04 09:58:35,BUSO612,SO11,Henry Boyd,42,4,0,2026-09-04 10:01:55
2026-09-04 09:58:35,BUSO612,SO12,Henry Boyd,42,2,0,2026-09-04 10:01:55
2026-09-04 09:58:35,BUSO616,SO31,Brent Solomon,38,2,0,2026-09-04 10:01:55
2026-09-04 09:58:35,BUSO616,SO32,Brent Solomon,38,0,0,2026-09-04 10:01:55
2026-09-04 09:58:35,BUSO624,SO31,Yi Xu,38,3,0,2026-09-04 10:01:56
2026-09-04 09:58:35,BUSO624,SO32,Yi Xu,38,0,0,2026-09-04 10:01:56
2026-09-04 09:58:35,BUSO700,SO91,Paulo Prochno,0,0,0,2026-09-04 10:01:56
2026-09-04 09:58:35,BUSO711,SO31,Gosia Langa Basit,28,1,0,2026-09-04 10:01:56
2026-09-04 09:58:35,BUSO711,SO32,Gosia Langa Basit,28,4,0,2026-09-04 10:01:56
2026-09-04 09:58:35,BUSO711,SO33,Gosia Langa Basit,28,3,0,2026-09-04 10:01:56
2026-09-04 09:58:35,BUSO731,SO51,Tejwansh Anand,49,0,0,2026-09-04 10:01:57
2026-09-04 09:58:35,BUSO752,SO51,Leland Gardner,35,13,0,2026-09-04 10:01:57
2026-09-04 09:58:35,BUSO758G,SO51,James Seward,35,13,0,2026-09-04 10:01:57
2026-09-04 09:58:35,BUSO758M,SO51,Paulo Prochno,49,2,0,2026-09-04 10:01:57
2026-09-04 09:58:35,BUSO758M,SO52,Paulo Prochno,49,2,0,2026-09-04 10:01:57
2026-09-04 09:58:35,BUSO758T,SO51,Michael Cichello,35,18,0,2026-09-04 10:01:58
2026-09-04 09:58:35,BUSO758W,SO51,Yogesh Joshi,33,1,0,2026-09-04 10:01:58
2026-09-04 09:58:35,BUSO758W,SO52,Yogesh Joshi,33,3,0,2026-09-04 10:01:58
2026-09-04 09:58:35,BUSO758X,SO51,Pallassana Kannan,49,3,0,2026-09-04 10:01:58
2026-09-04 09:58:35,BUSO788F,GX01,Judy Frels,25,5,0,2026-09-04 10:01:59
2026-09-04 09:58:35,BUSO788W,GX01,Zhi-Long Chen,30,5,0,2026-09-04 10:01:59
2026-09-04 09:58:35,CHSE200,0101,Betsy Tornquist,10,1,0,2026-09-04 10:02:25
2026-09-04 09:58:35,CHSE205,0101,Yewon Lee,60,0,7,2026-09-04 10:02:26
2026-09-04 09:58:35,CHSE205,0201,Yewon Lee,60,0,1,2026-09-04 10:02:26
2026-09-04 09:58:35,CHSE228C,0101,Nikita Kimani,20,0,1,2026-09-04 10:02:26
2026-09-04 09:58:35,CHSE228C,0201,Nikita Kimani,20,2,0,2026-09-04 10:02:26
2026-09-04 09:58:35,CHSE228C,0301,Nikita Kimani,20,1,0,2026-09-04 10:02:26
2026-09-04 09:58:35,CHSE230,0101,Isabelle Grable,25,16,0,2026-09-04 10:02:26
2026-09-04 09:58:35,CHSE376,0101,Michael Dunham,22,0,7,2026-09-04 10:02:27
2026-09-04 09:58:35,CHSE376,0201,Colleen McGilpin,20,0,13,2026-09-04 10:02:27
2026-09-04 09:58:35,CHSE376,0301,Elizabeth Martinez,20,0,6,2026-09-04 10:02:27
2026-09-04 09:58:35,CHSE376,0401,Chanai Brewster,20,0,7,2026-09-04 10:02:27
2026-09-04 09:58:35,CHSE476,0101,Michael Dunham,20,6,0,2026-09-04 10:02:27
2026-09-04 09:58:35,CHSE477,0101,Michael Dunham,15,4,0,2026-09-04 10:02:27
2026-09-04 09:58:35,CHSE489,1901,Amy D'Agati,15,10,0,2026-09-04 10:02:28
2026-09-04 09:58:35,CHSE498,2401,Meredith Gramlich,10,1,0,2026-09-04 10:02:28
2026-09-04 09:58:35,CHSE498,3701,Michael Dunham,2,1,0,2026-09-04 10:02:28
2026-09-04 09:58:35,CINE245,0101,Eric Zakim,22,0,2,2026-09-04 10:02:30
2026-09-04 09:58:35,CINE245,0102,Eric Zakim,22,0,2,2026-09-04 10:02:30
2026-09-04 09:58:35,CINE245,0103,Eric Zakim,22,0,4,2026-09-04 10:02:30
2026-09-04 09:58:35,CINE245,0104,Eric Zakim,22,0,1,2026-09-04 10:02:30
2026-09-04 09:58:35,CINE280,0101,Porter Olsen,30,0,1,2026-09-04 10:02:30
2026-09-04 09:58:35,CINE280,0201,John Tobin,30,0,1,2026-09-04 10:02:30
2026-09-04 09:58:35,CINE298A,0101,Caroline Eades,20,0,0,2026-09-04 10:02:31
2026-09-04 09:58:35,CINE301,0101,Eric Zakim,30,0,0,2026-09-04 10:02:31
2026-09-04 09:58:35,CINE310,0101,Nathaniel Stevens,15,0,0,2026-09-04 10:02:31
2026-09-04 09:58:35,CINE315,0101,Yael Inbar,15,0,2,2026-09-04 10:02:31
2026-09-04 09:58:35,CINE319G,0101,Oliver Gaycken,25,16,0,2026-09-04 10:02:32
2026-09-04 09:58:35,CINE319P,5501,Samuel Crawford,10,0,2,2026-09-04 10:02:32
2026-09-04 09:58:35,CINE319Z,0101,Paul Cote,25,7,0,2026-09-04 10:02:32
2026-09-04 09:58:35,CINE329T,0101,Daniel Richter,25,0,15,2026-09-04 10:02:33
2026-09-04 09:58:35,CINE332,0101,Parker Brookie,25,0,0,2026-09-04 10:02:33
2026-09-04 09:58:35,CINE334,0101,Elizabeth Papazian,25,0,0,2026-09-04 10:02:33
2026-09-04 09:58:35,CINE337,0101,Jason Kuo,25,0,1,2026-09-04 10:02:33
2026-09-04 09:58:35,CINE342,0101,Luka Arsenjuk,20,0,4,2026-09-04 10:02:34
2026-09-04 09:58:35,CINE350,0101,John Drabinski,20,0,0,2026-09-04 10:02:34
2026-09-04 09:58:35,CINE359C,0101,Daniel Richter,25,0,6,2026-09-04 10:02:34
2026-09-04 09:58:35,CINE369B,0101,Eva Hageman,30,0,0,2026-09-04 10:02:35
2026-09-04 09:58:35,CINE369K,0101,Paul Cote,20,1,0,2026-09-04 10:02:35
2026-09-04 09:58:35,CINE376,0101,Ross Angelella,15,4,0,2026-09-04 10:02:35
2026-09-04 09:58:35,CINE376,0102,Ross Angelella,5,2,0,2026-09-04 10:02:35
2026-09-04 09:58:35,CINE415,0101,Mathew Bainbridge,15,0,0,2026-09-04 10:02:36
2026-09-04 09:58:35,CINE419P,0101,Oliver Gaycken,20,14,0,2026-09-04 10:02:36
2026-09-04 09:58:35,CINE459P,0101,Luka Arsenjuk,20,0,2,2026-09-04 10:02:36
2026-09-04 09:58:35,CLAS170,0101,Chiara Graf,21,2,0,2026-09-04 10:02:38
2026-09-04 09:58:35,CLAS170,0102,Chiara Graf,21,0,0,2026-09-04 10:02:38
2026-09-04 09:58:35,CLAS170,0103,Chiara Graf,21,1,0,2026-09-04 10:02:38
2026-09-04 09:58:35,CLAS170,0104,Chiara Graf,21,0,0,2026-09-04 10:02:38
2026-09-04 09:58:35,CLAS170,0105,Chiara Graf,21,0,0,2026-09-04 10:02:38
2026-09-04 09:58:35,CLAS170,0106,Chiara Graf,21,0,0,2026-09-04 10:02:38
2026-09-04 09:58:35,CLAS170,0107,Chiara Graf,21,0,0,2026-09-04 10:02:38
2026-09-04 09:58:35,CLAS170,0108,Chiara Graf,21,0,0,2026-09-04 10:02:38
2026-09-04 09:58:35,CLAS170,0109,Chiara Graf,22,0,0,2026-09-04 10:02:38
2026-09-04 09:58:35,CLAS170,FC01,Chelsea Stolt,28,4,0,2026-09-04 10:02:38
2026-09-04 09:58:35,CLAS170,FC02,Chelsea Stolt,28,0,0,2026-09-04 10:02:38
2026-09-04 09:58:35,CLAS170,FC03,Eugenia Lao,28,8,0,2026-09-04 10:02:38
2026-09-04 09:58:35,CLAS170,FC05,Charis Addai,28,5,0,2026-09-04 10:02:38
2026-09-04 09:58:35,CLAS277,0101,Chiara Graf,25,0,0,2026-09-04 10:02:38
2026-09-04 09:58:35,CLAS277,0102,Chiara Graf,25,1,0,2026-09-04 10:02:38
2026-09-04 09:58:35,CLAS277,0103,Chiara Graf,25,3,0,2026-09-04 10:02:38
2026-09-04 09:58:35,CLAS277,0104,Chiara Graf,25,3,0,2026-09-04 10:02:38
2026-09-04 09:58:35,CLAS277,0105,Chiara Graf,25,1,0,2026-09-04 10:02:38
2026-09-04 09:58:35,CLAS277,0106,Chiara Graf,25,2,0,2026-09-04 10:02:38
2026-09-04 09:58:35,CLAS305,0101,Jorge Bravo,35,3,0,2026-09-04 10:02:39
2026-09-04 09:58:35,CLAS309N,0101,Nathan Levine,35,25,0,2026-09-04 10:02:39
2026-09-04 09:58:35,CLAS310,0101,Rachel Singpurwalla,20,0,1,2026-09-04 10:02:39
2026-09-04 09:58:35,CLAS310,0102,Rachel Singpurwalla,20,0,3,2026-09-04 10:02:39
2026-09-04 09:58:35,CLAS310,0103,Rachel Singpurwalla,20,0,2,2026-09-04 10:02:39
2026-09-04 09:58:35,CLAS312,0101,Polyvia Parara,35,6,0,2026-09-04 10:02:40
2026-09-04 09:58:35,CMLT235,0101,Brielle Gorrell,30,1,0,2026-09-04 10:02:43
2026-09-04 09:58:35,CMLT270,0101,Hannah (Toyin) Adeyemi,30,0,0,2026-09-04 10:02:43
2026-09-04 09:58:35,CMLT270,0201,Shakiba Sharifpour,30,1,0,2026-09-04 10:02:43
2026-09-04 09:58:35,CMLT275,0201,Abhinav Bhardwaj,30,0,2,2026-09-04 10:02:43
2026-09-04 09:58:35,CMLT277,0101,Nahid Ahmadian,30,0,1,2026-09-04 10:02:44
2026-09-04 09:58:35,CMLT280,0101,Porter Olsen,30,0,1,2026-09-04 10:02:44
2026-09-04 09:58:35,CMLT280,0201,John Tobin,30,0,1,2026-09-04 10:02:44
2026-09-04 09:58:35,CPBE100,0101,Oliver Schlake,95,25,0,2026-09-04 10:03:15
2026-09-04 09:58:35,CPBE200,0101,Oliver Schlake,75,33,0,2026-09-04 10:03:16
2026-09-04 09:58:35,CPBE225,0101,Ira Koretsky,38,13,0,2026-09-04 10:03:16
2026-09-04 09:58:35,CPBE225,0102,Ira Koretsky,38,23,0,2026-09-04 10:03:16
2026-09-04 09:58:35,CPCV100,0101,Julie Randolph,40,1,0,2026-09-04 10:03:17
2026-09-04 09:58:35,CPCV100,0201,Julie Randolph,40,8,0,2026-09-04 10:03:17
2026-09-04 09:58:35,CPCV200,0101,Julie Randolph,35,0,0,2026-09-04 10:03:18
2026-09-04 09:58:35,CPCV200,0201,Julie Randolph,35,16,0,2026-09-04 10:03:18
2026-09-04 09:58:35,CPCV225,0101,Korey Rothman,75,4,0,2026-09-04 10:03:18
2026-09-04 09:58:35,CPDJ100,0101,Jess Feltner,75,1,0,2026-09-04 10:03:19
2026-09-04 09:58:35,CPDJ200,0101,Andrew Fellows,75,36,0,2026-09-04 10:03:20
2026-09-04 09:58:35,CPET100,0101,Tim Knight,75,2,0,2026-09-04 10:03:21
2026-09-04 09:58:35,CPET200,0101,Tim Knight,75,7,0,2026-09-04 10:03:22
2026-09-04 09:58:35,CPGH100,0101,John Wiggins,85,7,0,2026-09-04 10:03:23
2026-09-04 09:58:35,CPGH200,0101,John Wiggins,75,17,0,2026-09-04 10:03:23
2026-09-04 09:58:35,CPJT100,0101,Justine DeCamillis,75,6,0,2026-09-04 10:03:25
2026-09-04 09:58:35,CPJT200,0101,Justine DeCamillis,75,20,0,2026-09-04 10:03:25
2026-09-04 09:58:35,CPMS100,0101,Carole Lee,75,0,0,2026-09-04 10:03:27
2026-09-04 09:58:35,CPMS200,0101,Alison Burns,75,11,0,2026-09-04 10:03:27
2026-09-04 09:58:35,CPMS225,0101,Alison Burns,75,0,0,2026-09-04 10:03:27
2026-09-04 09:58:35,CPMS230,0101,Alison Burns,30,12,0,2026-09-04 10:03:28
2026-09-04 09:58:35,CPMS240,0101,Carole Lee,20,18,0,2026-09-04 10:03:28
2026-09-04 09:58:35,CPPL100,0101,Kelly Brower,78,2,0,2026-09-04 10:03:29
2026-09-04 09:58:35,CPPL200,0101,Kelly Brower,75,16,0,2026-09-04 10:03:30
2026-09-04 09:58:35,CPSA100,0101,Andrea Cesar,75,11,0,2026-09-04 10:03:32
2026-09-04 09:58:35,CPSA200,0101,Andrea Cesar,75,33,0,2026-09-04 10:03:32
2026-09-04 09:58:35,CPSF100,0101,Nicholas Fletcher,85,1,0,2026-09-04 10:03:34
2026-09-04 09:58:35,CPSF200,0101,Nicholas Fletcher,75,5,0,2026-09-04 10:03:34
2026-09-04 09:58:35,CPSG100,0101,Thomas Holtz,85,7,0,2026-09-04 10:03:36
2026-09-04 09:58:35,CPSG200,0101,Thomas Holtz,75,28,0,2026-09-04 10:03:37
2026-09-04 09:58:35,CPSN100,0101,Hansol Kwak,85,5,0,2026-09-04 10:03:39
2026-09-04 09:58:35,CPSN200,0101,Stacy Kosko,75,41,0,2026-09-04 10:03:39
2026-09-04 09:58:35,CPSN230,0101,Sarah Kilmer,20,18,0,2026-09-04 10:03:40
2026-09-04 09:58:35,CPSN240,0101,Sarah Kilmer,10,7,0,2026-09-04 10:03:40
2026-09-04 09:58:35,CPSN250,0101,Sarah Kilmer,5,5,0,2026-09-04 10:03:40
2026-09-04 09:58:35,CPSP110,0101,Markell Saunders,18,11,0,2026-09-04 10:03:42
2026-09-04 09:58:35,CPSP110,0201,Patrice Greene,18,14,0,2026-09-04 10:03:42
2026-09-04 09:58:35,CPSP220,0101,Tiara Thomas,20,1,0,2026-09-04 10:03:42
2026-09-04 09:58:35,CPSP239A,0101,Heather-Erin Bremenstuhl,10,6,0,2026-09-04 10:03:43
2026-09-04 09:58:35,CPSP269C,0101,Korey Rothman,5,5,0,2026-09-04 10:03:43
2026-09-04 09:58:35,CPSP339P,0101,Susannah Washburn,10,7,0,2026-09-04 10:03:44
2026-09-04 09:58:35,CPSS100,0101,David Tomblin,85,6,0,2026-09-04 10:03:46
2026-09-04 09:58:35,CPSS220,0101,Nicole Mogul,20,2,0,2026-09-04 10:03:46
2026-09-04 09:58:35,CPSS225,0101,Roan Parrish,20,14,0,2026-09-04 10:03:47
2026-09-04 09:58:35,CPSS340,0101,David Tomblin,20,4,0,2026-09-04 10:03:47
2026-09-04 09:58:35,CRLN101,0103,Myles Alexander,25,1,0,2026-09-04 10:03:49
2026-09-04 09:58:35,CRLN101,0104,Tami Smith,26,0,0,2026-09-04 10:03:49
2026-09-04 09:58:35,CRLN101,0105,Denis Garcia Reyes,25,0,0,2026-09-04 10:03:49
2026-09-04 09:58:35,CRLN101,0106,Mitch Woolley,25,4,0,2026-09-04 10:03:49
2026-09-04 09:58:35,CRLN101,0107,Esohe Owie,25,0,0,2026-09-04 10:03:49
2026-09-04 09:58:35,DATA100,0111,Matthew Griffin,33,3,0,2026-09-04 10:03:59
2026-09-04 09:58:35,DATA100,0112,Matthew Griffin,35,1,0,2026-09-04 10:03:59
2026-09-04 09:58:35,DATA100,0121,Matthew Griffin,35,1,0,2026-09-04 10:03:59
2026-09-04 09:58:35,DATA100,0122,Matthew Griffin,33,0,0,2026-09-04 10:03:59
2026-09-04 09:58:35,DATA100,0123,Matthew Griffin,33,0,0,2026-09-04 10:03:59
2026-09-04 09:58:35,DATA100,0124,Matthew Griffin,33,2,0,2026-09-04 10:03:59
2026-09-04 09:58:35,DATA100,0131,Matthew Griffin,33,0,0,2026-09-04 10:03:59
2026-09-04 09:58:35,DATA100,0141,Matthew Griffin,35,0,0,2026-09-04 10:03:59
2026-09-04 09:58:35,DATA100,0142,Matthew Griffin,33,0,0,2026-09-04 10:03:59
2026-09-04 09:58:35,DATA100,0211,Matthew Griffin,33,1,0,2026-09-04 10:03:59
2026-09-04 09:58:35,DATA100,0212,Matthew Griffin,35,1,0,2026-09-04 10:03:59
2026-09-04 09:58:35,DATA100,0221,Matthew Griffin,30,0,0,2026-09-04 10:03:59
2026-09-04 09:58:35,DATA100,0223,Matthew Griffin,32,0,0,2026-09-04 10:03:59
2026-09-04 09:58:35,DATA100,0224,Matthew Griffin,30,0,0,2026-09-04 10:03:59
2026-09-04 09:58:35,DATA100,0231,Matthew Griffin,33,2,0,2026-09-04 10:03:59
2026-09-04 09:58:35,DATA100,0311,Archana Khurana,35,7,0,2026-09-04 10:03:59
2026-09-04 09:58:35,DATA100,0312,Archana Khurana,35,1,0,2026-09-04 10:03:59
2026-09-04 09:58:35,DATA100,0321,Archana Khurana,35,2,0,2026-09-04 10:03:59
2026-09-04 09:58:35,DATA100,0322,Archana Khurana,35,0,0,2026-09-04 10:03:59
2026-09-04 09:58:35,DATA100,0323,Archana Khurana,35,2,0,2026-09-04 10:03:59
2026-09-04 09:58:35,DATA100,0341,Archana Khurana,35,8,0,2026-09-04 10:03:59
2026-09-04 09:58:35,DATA110,0101,Susan Mazzullo,250,14,0,2026-09-04 10:03:59
2026-09-04 09:58:35,DATA120,0101,Fardina Alam,200,0,0,2026-09-04 10:03:59
2026-09-04 09:58:35,DATA200,0101,Fardina Alam,90,32,0,2026-09-04 10:03:59
2026-09-04 09:58:35,DATA250,0101,Todd Rowland,43,7,0,2026-09-04 10:04:00
2026-09-04 09:58:35,DATA320,0101,Maksym Morawski,15,12,0,2026-09-04 10:04:00
2026-09-04 09:58:35,DATA320,0201,Maksym Morawski,20,8,0,2026-09-04 10:04:00
2026-09-04 09:58:35,DATA320,0301,Fardina Alam,20,0,0,2026-09-04 10:04:00
2026-09-04 09:58:35,DATA350,0101,Raluca Rosca,30,10,0,2026-09-04 10:04:00
2026-09-04 09:58:35,DATA350,0201,Jonathan Fernandes,34,2,0,2026-09-04 10:04:00
2026-09-04 09:58:35,DATA400,0111,Salman Safdar,27,1,0,2026-09-04 10:04:01
2026-09-04 09:58:35,DATA400,0112,Salman Safdar,30,2,0,2026-09-04 10:04:01
2026-09-04 09:58:35,DATA400,0121,Salman Safdar,27,1,0,2026-09-04 10:04:01
2026-09-04 09:58:35,DATA400,0122,Salman Safdar,27,4,0,2026-09-04 10:04:01
2026-09-04 09:58:35,DATA400,0131,Salman Safdar,27,1,0,2026-09-04 10:04:01
2026-09-04 09:58:35,DATA400,0132,Salman Safdar,27,9,0,2026-09-04 10:04:01
2026-09-04 09:58:35,DATA400,0211,Timothy Pilachowski,30,3,0,2026-09-04 10:04:01
2026-09-04 09:58:35,DATA400,0212,Timothy Pilachowski,30,4,0,2026-09-04 10:04:01
2026-09-04 09:58:35,DATA400,0221,Timothy Pilachowski,30,2,0,2026-09-04 10:04:01
2026-09-04 09:58:35,DATA400,0222,Timothy Pilachowski,30,1,0,2026-09-04 10:04:01
2026-09-04 09:58:35,DATA400,0231,Timothy Pilachowski,30,1,0,2026-09-04 10:04:01
2026-09-04 09:58:35,DATA400,0232,Timothy Pilachowski,30,0,0,2026-09-04 10:04:01
2026-09-04 09:58:35,DATA400,0311,Mestiyage Gunatilleka,32,0,0,2026-09-04 10:04:01
2026-09-04 09:58:35,DATA400,0312,Mestiyage Gunatilleka,30,0,0,2026-09-04 10:04:01
2026-09-04 09:58:35,DATA400,0321,Mestiyage Gunatilleka,32,0,1,2026-09-04 10:04:01
2026-09-04 09:58:35,DATA400,0322,Mestiyage Gunatilleka,30,0,0,2026-09-04 10:04:01
2026-09-04 09:58:35,DATA400,0331,Mestiyage Gunatilleka,32,1,0,2026-09-04 10:04:01
2026-09-04 09:58:35,DATA400,0332,Mestiyage Gunatilleka,30,0,0,2026-09-04 10:04:01
2026-09-04 09:58:35,DATA400,0511,Shixin Zheng,35,0,1,2026-09-04 10:04:01
2026-09-04 09:58:35,DATA400,0521,Shixin Zheng,35,0,0,2026-09-04 10:04:01
2026-09-04 09:58:35,DATA400,0531,Shixin Zheng,35,0,2,2026-09-04 10:04:01
2026-09-04 09:58:35,DATA601,PCS1,Sandra Cerrai,50,6,0,2026-09-04 10:04:01
2026-09-04 09:58:35,DATA601,PCS2,Jonathan Fernandes,60,19,0,2026-09-04 10:04:01
2026-09-04 09:58:35,DATA601,PWS1,Leonid Koralov,60,2,0,2026-09-04 10:04:01
2026-09-04 09:58:35,DATA602,PCS1,Sujeong Kim,44,4,0,2026-09-04 10:04:01
2026-09-04 09:58:35,DATA602,PCS2,Sujeong Kim,44,9,0,2026-09-04 10:04:01
2026-09-04 09:58:35,DATA602,PWS1,Fardina Alam,44,2,0,2026-09-04 10:04:01
2026-09-04 09:58:35,DATA603,PCS1,Babak Azimi-Sadjadi,55,12,0,2026-09-04 10:04:02
2026-09-04 09:58:35,DATA603,PWS1,Kemal Davaslioglu,55,17,0,2026-09-04 10:04:02
2026-09-04 09:58:35,DATA605,PCS1,Tammy Perrin,44,30,0,2026-09-04 10:04:02
2026-09-04 09:58:35,DATA605,PCS2,Tammy Perrin,44,20,0,2026-09-04 10:04:02
2026-09-04 09:58:35,DATA605,PWS1,Giacinto Paolo Saggese,44,35,0,2026-09-04 10:04:02
2026-09-04 09:58:35,DATA607,PCS1,Mestiyage Gunatilleka,44,29,0,2026-09-04 10:04:02
2026-09-04 09:58:35,DATA607,PCS2,Kendall Williams,55,0,0,2026-09-04 10:04:02
2026-09-04 09:58:35,DATA607,PCS3,Vincent Lyzinski,44,1,0,2026-09-04 10:04:02
2026-09-04 09:58:35,DATA612,PCS1,Samet Ayhan,50,19,0,2026-09-04 10:04:03
2026-09-04 09:58:35,DATA612,PWS1,Samet Ayhan,44,16,0,2026-09-04 10:04:03
2026-09-04 09:58:35,DATA641,PCS1,Toki Inan,50,13,0,2026-09-04 10:04:03
2026-09-04 09:58:35,DATA641,PWS1,Armin Mehrabian,50,0,1,2026-09-04 10:04:03
2026-09-04 09:58:35,DATA643,PCS1,Charles Forgy,50,27,0,2026-09-04 10:04:03
2026-09-04 09:58:35,DATA650,PCS1,Emre Gunduzhan,54,5,0,2026-09-04 10:04:03
2026-09-04 09:58:35,DATA650,PCS2,Emre Gunduzhan,54,7,0,2026-09-04 10:04:03
2026-09-04 09:58:35,ENAI600,0101,C Ravishankar,35,21,0,2026-09-04 10:04:32
2026-09-04 09:58:35,ENAI600,AEC1,C Ravishankar,20,4,0,2026-09-04 10:04:32
2026-09-04 09:58:35,ENAI601,0101,Richard La,35,23,0,2026-09-04 10:04:32
2026-09-04 09:58:35,ENAI601,AEC1,Richard La,20,6,0,2026-09-04 10:04:32
2026-09-04 09:58:35,ENAI607,0101,Zoltan Safar,29,24,0,2026-09-04 10:04:32
2026-09-04 09:58:35,ENAI607,AEC1,Zoltan Safar,20,10,0,2026-09-04 10:04:32
2026-09-04 09:58:35,ENBC301,ESG1,Sivan Saravanapavan,20,9,0,2026-09-04 10:04:34
2026-09-04 09:58:35,ENBC311,ESG1,Bahaa Ghammraoui,20,11,0,2026-09-04 10:04:34
2026-09-04 09:58:35,ENBC322,ESG1,Kyunghun Lee,20,11,0,2026-09-04 10:04:35
2026-09-04 09:58:35,ENBC331,ESG1,Lan Ma,20,10,0,2026-09-04 10:04:35
2026-09-04 09:58:35,ENBC332,ESG1,Jamasp Azarnoosh,20,11,0,2026-09-04 10:04:35
2026-09-04 09:58:35,ENBC341,ESG1,Jarred Callura,20,12,0,2026-09-04 10:04:35
2026-09-04 09:58:35,ENBC353,ESG1,Jarred Callura,20,15,0,2026-09-04 10:04:36
2026-09-04 09:58:35,ENBC399,ESG1,Nan Xu,1,1,0,2026-09-04 10:04:36
2026-09-04 09:58:35,ENBC399,ESG2,Lan Ma,1,0,0,2026-09-04 10:04:36
2026-09-04 09:58:35,ENBC399,ESG3,Jamasp Azarnoosh,1,0,0,2026-09-04 10:04:36
2026-09-04 09:58:35,ENBC399,ESG4,Lan Ma,1,0,0,2026-09-04 10:04:36
2026-09-04 09:58:35,ENBC399,ESG5,Jamasp Azarnoosh,1,0,0,2026-09-04 10:04:36
2026-09-04 09:58:35,ENBC399,ESG6,Jamasp Azarnoosh,1,0,0,2026-09-04 10:04:36
2026-09-04 09:58:35,ENBC399,ESG7,Jamasp Azarnoosh,1,1,0,2026-09-04 10:04:36
2026-09-04 09:58:35,ENBC423,ESG1,Jian Su,20,13,0,2026-09-04 10:04:36
2026-09-04 09:58:35,ENBC425,ESG1,Jamasp Azarnoosh,20,13,0,2026-09-04 10:04:37
2026-09-04 09:58:35,ENBC431,ESG1,Lan Ma,20,13,0,2026-09-04 10:04:37
2026-09-04 09:58:35,ENEB302,ESG1,Wesley Lawson,20,5,0,2026-09-04 10:04:49
2026-09-04 09:58:35,ENEB340,ESG1,Nestor Michael Tiglao,20,5,0,2026-09-04 10:04:49
2026-09-04 09:58:35,ENEB341,ESG1,Nestor Michael Tiglao,20,5,0,2026-09-04 10:04:49
2026-09-04 09:58:35,ENEB344,ESG1,Jerry Wu,20,5,0,2026-09-04 10:04:50
2026-09-04 09:58:35,ENEB346,ESG1,Nestor Michael Tiglao,20,13,0,2026-09-04 10:04:50
2026-09-04 09:58:35,ENEB354,ESG1,Yavuz Oruc,20,5,0,2026-09-04 10:04:50
2026-09-04 09:58:35,ENEB408A,ESG1,Nestor Michael Tiglao,20,13,0,2026-09-04 10:04:51
2026-09-04 09:58:35,ENEB444,ESG1,Manoj Franklin,20,13,0,2026-09-04 10:04:51
2026-09-04 09:58:35,ENEB454,ESG1,Jerry Wu,20,13,0,2026-09-04 10:04:51
2026-09-04 09:58:35,ENED036,0101,Hillary Owusu,20,8,0,2026-09-04 10:04:53
2026-09-04 09:58:35,ENED101,0101,Shannon Bate,20,1,0,2026-09-04 10:04:53
2026-09-04 09:58:35,ENED115,0101,Friedrich Alvarez,100,5,0,2026-09-04 10:04:53
2026-09-04 09:58:35,ENED215,0101,Tyler Huddleston,30,0,0,2026-09-04 10:04:54
2026-09-04 09:58:35,ENED215,0102,Samantha Sabihi,40,24,0,2026-09-04 10:04:54
2026-09-04 09:58:35,ENED215,0103,Paige Smith,6,0,0,2026-09-04 10:04:54
2026-09-04 09:58:35,ENED290H,0101,Christopher Troilo,46,1,0,2026-09-04 10:04:54
2026-09-04 09:58:35,ENED390H,0101,Tony Barber,50,12,0,2026-09-04 10:04:54
2026-09-04 09:58:35,ENED394H,0101,Manmohan Aseri,65,14,0,2026-09-04 10:04:54
2026-09-04 09:58:35,ENED397,0101,Emily Marks,9,0,0,2026-09-04 10:04:55
2026-09-04 09:58:35,ENED490H,0101,Maria Bardossy,45,1,0,2026-09-04 10:04:55
2026-09-04 09:58:35,ENED491,0101,Jessica Roffe,10,1,0,2026-09-04 10:04:55
2026-09-04 09:58:35,ENMT301,ESG1,Colleen Murray,15,8,0,2026-09-04 10:05:53
2026-09-04 09:58:35,ENMT322,ESG1,Norman Wereley,15,8,0,2026-09-04 10:05:53
2026-09-04 09:58:35,ENMT361,ESG1,Young Choi,15,8,0,2026-09-04 10:05:54
2026-09-04 09:58:35,ENMT380,ESG1,Gurtajbir Herr,15,8,0,2026-09-04 10:05:54
2026-09-04 09:58:35,ENMT450,ESG1,Nicholas Limparis,7,5,0,2026-09-04 10:05:54
2026-09-04 09:58:35,ENMT471,ESG1,Colleen Murray,7,5,0,2026-09-04 10:05:55
2026-09-04 09:58:35,ENMT473,ESG1,Gurtajbir Herr,7,4,0,2026-09-04 10:05:55
2026-09-04 09:58:35,ENMT483,ESG1,Nicholas Limparis,7,5,0,2026-09-04 10:05:55
2026-09-04 09:58:35,ENMT499,ESG4,Nicholas Limparis,2,0,0,2026-09-04 10:05:55
2026-09-04 09:58:35,ENSE621,0101,Tony Barber,22,16,0,2026-09-04 10:06:03
2026-09-04 09:58:35,ENSE621,SY01,Tony Barber,15,0,0,2026-09-04 10:06:03
2026-09-04 09:58:35,ENSE623,0101,Steven Biemer,17,14,0,2026-09-04 10:06:04
2026-09-04 09:58:35,ENSE623,SY01,Steven Biemer,15,11,0,2026-09-04 10:06:04
2026-09-04 09:58:35,ENSE626,0101,Dane Cooper,20,16,0,2026-09-04 10:06:04
2026-09-04 09:58:35,ENSE626,SY01,Dane Cooper,15,9,0,2026-09-04 10:06:04
2026-09-04 09:58:35,ENSP101,0101,Annette Spivy,25,0,0,2026-09-04 10:06:06
2026-09-04 09:58:35,ENSP101,0102,Annette Spivy,24,0,0,2026-09-04 10:06:06
2026-09-04 09:58:35,ENSP101,0103,Annette Spivy,24,0,0,2026-09-04 10:06:06
2026-09-04 09:58:35,ENSP101,0104,Annette Spivy,24,0,0,2026-09-04 10:06:06
2026-09-04 09:58:35,ENSP101,0105,Annette Spivy,25,0,0,2026-09-04 10:06:06
2026-09-04 09:58:35,ENSP101,0106,Annette Spivy,24,0,0,2026-09-04 10:06:06
2026-09-04 09:58:35,ENSP101,0107,Annette Spivy,24,0,1,2026-09-04 10:06:06
2026-09-04 09:58:35,ENSP101,FC01,Annette Spivy,32,4,0,2026-09-04 10:06:06
2026-09-04 09:58:35,ENSP305,0101,Annette Spivy,23,0,2,2026-09-04 10:06:07
2026-09-04 09:58:35,ENSP330,0101,Joanna Goger,35,0,0,2026-09-04 10:06:07
2026-09-04 09:58:35,ENSP340,0101,Caroline Boules,25,0,0,2026-09-04 10:06:07
2026-09-04 09:58:35,ENSP360,0101,Leena Malayil,25,0,7,2026-09-04 10:06:07
2026-09-04 09:58:35,ENSP399R,0601,Annette Spivy,10,10,0,2026-09-04 10:06:08
2026-09-04 09:58:35,ENSP399R,1001,Jennifer Mullinax,10,10,0,2026-09-04 10:06:08
2026-09-04 09:58:35,ENSP400,0101,Joanna Goger,35,13,0,2026-09-04 10:06:09
2026-09-04 09:58:35,ENSP400,0102,Joanna Goger,35,11,0,2026-09-04 10:06:09
2026-09-04 09:58:35,ENVH121,FC01,Brienna Anderson,20,12,0,2026-09-04 10:06:23
2026-09-04 09:58:35,ENVH381,0101,Donald Milton,30,10,0,2026-09-04 10:06:24
2026-09-04 09:58:35,FGSM310,0101,Peter Owen,24,0,0,2026-09-04 10:06:28
2026-09-04 09:58:35,FGSM315,0101,Emily Shetty,22,0,0,2026-09-04 10:06:28
2026-09-04 09:58:35,FGSM320,0101,Woodie Kessel,24,1,0,2026-09-04 10:06:28
2026-09-04 09:58:35,FGSM325,0101,Rob Long,20,1,0,2026-09-04 10:06:29
2026-09-04 09:58:35,FGSM330,0101,Andrew Fausett,22,1,0,2026-09-04 10:06:29
2026-09-04 09:58:35,FGSM340,0101,Ed Fendley,22,1,0,2026-09-04 10:06:29
2026-09-04 09:58:35,FGSM350,0101,Sean Misko,22,1,0,2026-09-04 10:06:29
2026-09-04 09:58:35,FGSM355,0101,Amanda Schoch,20,0,0,2026-09-04 10:06:30
2026-09-04 09:58:35,FGSM360,0101,Nadia Farra,21,0,0,2026-09-04 10:06:30
2026-09-04 09:58:35,FGSM365,0101,Andrew Nissen,20,2,0,2026-09-04 10:06:30
2026-09-04 09:58:35,FGSM370,0101,Joshua Glasser,20,0,0,2026-09-04 10:06:31
2026-09-04 09:58:35,FGSM390,0101,Sasha Koo-Oshima,20,3,0,2026-09-04 10:06:31
2026-09-04 09:58:35,FGSM398,0101,Jayakumar Arasan,25,22,0,2026-09-04 10:06:31
2026-09-04 09:58:35,FGSM398,0201,Jayakumar Arasan,5,1,0,2026-09-04 10:06:31
2026-09-04 09:58:35,FIRE120,0101,Jessica O'Hara,36,0,0,2026-09-04 10:06:33
2026-09-04 09:58:35,FIRE120,0102,Shannon Hilton,36,7,0,2026-09-04 10:06:33
2026-09-04 09:58:35,FIRE120,0103,Jaclyn Bruner,36,0,0,2026-09-04 10:06:33
2026-09-04 09:58:35,FIRE120,0104,Danielle Niu,36,0,0,2026-09-04 10:06:33
2026-09-04 09:58:35,FIRE120,0105,Cherisse Hall,36,0,0,2026-09-04 10:06:33
2026-09-04 09:58:35,FIRE120,0106,Sara Strey,36,0,0,2026-09-04 10:06:33
2026-09-04 09:58:35,FIRE120,0107,Helene Nguemgaing,36,1,0,2026-09-04 10:06:33
2026-09-04 09:58:35,FIRE120,0108,Mary Chey,36,1,0,2026-09-04 10:06:33
2026-09-04 09:58:35,FIRE120,0109,Shannon Hilton,36,0,0,2026-09-04 10:06:33
2026-09-04 09:58:35,FIRE120,0110,Lena Johnson,36,0,0,2026-09-04 10:06:33
2026-09-04 09:58:35,FIRE120,0111,Benjamin Huffman,36,0,0,2026-09-04 10:06:33
2026-09-04 09:58:35,FIRE120,0112,Mary Chey,36,0,0,2026-09-04 10:06:33
2026-09-04 09:58:35,FIRE120,0113,Elizabeth Massey,36,7,0,2026-09-04 10:06:33
2026-09-04 09:58:35,FIRE120,0114,Benjamin Huffman,36,0,0,2026-09-04 10:06:33
2026-09-04 09:58:35,FIRE120,FC01,Danielle Niu,40,0,16,2026-09-04 10:06:33
2026-09-04 09:58:35,FIRE298,0101,Catherine Spirito,28,3,0,2026-09-04 10:06:33
2026-09-04 09:58:35,FIRE298,0103,Cherisse Hall,36,8,0,2026-09-04 10:06:33
2026-09-04 09:58:35,FIRE298,0104,Jessica O'Hara,36,4,0,2026-09-04 10:06:33
2026-09-04 09:58:35,FIRE298,0105,Kaylee Bloom,36,7,0,2026-09-04 10:06:33
2026-09-04 09:58:35,FIRE298,0106,Danielle Niu,36,17,0,2026-09-04 10:06:33
2026-09-04 09:58:35,FIRE298,0107,Benjamin Huffman,40,0,0,2026-09-04 10:06:33
2026-09-04 09:58:35,FIRE298,0108,Elizabeth Massey,40,14,0,2026-09-04 10:06:33
2026-09-04 09:58:35,FIRE298,0109,Shannon Hilton,40,6,0,2026-09-04 10:06:33
2026-09-04 09:58:35,FIRE298,0110,Jaclyn Bruner,40,19,0,2026-09-04 10:06:33
2026-09-04 09:58:35,FIRE298,0111,Mary Chey,36,5,0,2026-09-04 10:06:33
2026-09-04 09:58:35,FIRE298,0112,Helene Nguemgaing,40,15,0,2026-09-04 10:06:33
2026-09-04 09:58:35,FIRE298,0113,Kristina Kramarczuk,40,10,0,2026-09-04 10:06:33
2026-09-04 09:58:35,FIRE298,0114,Shabnam Jabeen,40,22,0,2026-09-04 10:06:33
2026-09-04 09:58:35,FIRE298,0115,Sara Strey,40,14,0,2026-09-04 10:06:33
2026-09-04 09:58:35,FIRE298,0116,Lena Johnson,40,4,0,2026-09-04 10:06:33
2026-09-04 09:58:35,FIRE398,0101,Catherine Spirito,15,2,0,2026-09-04 10:06:33
2026-09-04 09:58:35,FIRE398,0103,Cherisse Hall,15,4,0,2026-09-04 10:06:33
2026-09-04 09:58:35,FIRE398,0104,Jessica O'Hara,15,1,0,2026-09-04 10:06:33
2026-09-04 09:58:35,FIRE398,0105,Kaylee Bloom,15,2,0,2026-09-04 10:06:33
2026-09-04 09:58:35,FIRE398,0106,Danielle Niu,15,10,0,2026-09-04 10:06:33
2026-09-04 09:58:35,FIRE398,0107,Benjamin Huffman,15,3,0,2026-09-04 10:06:33
2026-09-04 09:58:35,FIRE398,0108,Elizabeth Massey,15,6,0,2026-09-04 10:06:33
2026-09-04 09:58:35,FIRE398,0109,Shannon Hilton,15,7,0,2026-09-04 10:06:33
2026-09-04 09:58:35,FIRE398,0110,Jaclyn Bruner,15,9,0,2026-09-04 10:06:33
2026-09-04 09:58:35,FIRE398,0111,Mary Chey,15,3,0,2026-09-04 10:06:33
2026-09-04 09:58:35,FIRE398,0112,Helene Nguemgaing,15,15,0,2026-09-04 10:06:33
2026-09-04 09:58:35,FIRE398,0113,Kristina Kramarczuk,15,7,0,2026-09-04 10:06:33
2026-09-04 09:58:35,FIRE398,0114,Shabnam Jabeen,15,15,0,2026-09-04 10:06:33
2026-09-04 09:58:35,FIRE398,0115,Sara Strey,15,14,0,2026-09-04 10:06:33
2026-09-04 09:58:35,FIRE398,0116,Lena Johnson,15,11,0,2026-09-04 10:06:33
2026-09-04 09:58:35,GBHL200,0101,Hassanatu Blake,30,0,0,2026-09-04 10:06:50
2026-09-04 09:58:35,GBHL200,FC01,Zandra Andre,25,3,0,2026-09-04 10:06:50
2026-09-04 09:58:35,GBHL210,0101,Leena Malayil,25,9,0,2026-09-04 10:06:50
2026-09-04 09:58:35,GBHL399,0101,Hassanatu Blake,3,3,0,2026-09-04 10:06:51
2026-09-04 09:58:35,GBHL399,0111,Dina Borzekowski,5,5,0,2026-09-04 10:06:51
2026-09-04 09:58:35,GEMS101,0101,Allison Lansverk,10,1,0,2026-09-04 10:06:53
2026-09-04 09:58:35,GEMS101,0103,Allison Lansverk,10,0,0,2026-09-04 10:06:53
2026-09-04 09:58:35,GEMS101,0104,Allison Lansverk,10,0,0,2026-09-04 10:06:53
2026-09-04 09:58:35,GEMS101,0105,Allison Lansverk,10,0,0,2026-09-04 10:06:53
2026-09-04 09:58:35,GEMS101,0106,Allison Lansverk,10,0,0,2026-09-04 10:06:53
2026-09-04 09:58:35,GEMS101,0107,Allison Lansverk,10,0,0,2026-09-04 10:06:53
2026-09-04 09:58:35,GEMS101,0109,Allison Lansverk,10,0,0,2026-09-04 10:06:53
2026-09-04 09:58:35,GEMS101,0111,Allison Lansverk,10,0,0,2026-09-04 10:06:53
2026-09-04 09:58:35,GEMS101,0113,Allison Lansverk,10,0,0,2026-09-04 10:06:53
2026-09-04 09:58:35,GEMS101,0114,Allison Lansverk,10,0,0,2026-09-04 10:06:53
2026-09-04 09:58:35,GEMS202,0101,Allison Lansverk,168,43,0,2026-09-04 10:06:53
2026-09-04 09:58:35,GEMS208A,0101,Allison Lansverk,14,14,0,2026-09-04 10:06:53
2026-09-04 09:58:35,GEMS208B,0101,Allison Lansverk,14,14,0,2026-09-04 10:06:54
2026-09-04 09:58:35,GEMS208C,0101,Allison Lansverk,23,12,0,2026-09-04 10:06:54
2026-09-04 09:58:35,GEMS208D,0101,Allison Lansverk,10,10,0,2026-09-04 10:06:54
2026-09-04 09:58:35,GEMS208P,0101,Allison Lansverk,20,8,0,2026-09-04 10:06:55
2026-09-04 09:58:35,GEMS296,0101,Sehrish Shikarpurya,14,5,0,2026-09-04 10:06:55
2026-09-04 09:58:35,GEMS296,0102,David Lovell,14,1,0,2026-09-04 10:06:55
2026-09-04 09:58:35,GEMS296,0103,Myles Poulin,14,1,0,2026-09-04 10:06:55
2026-09-04 09:58:35,GEMS296,0104,Raymond Adomaitis,14,3,0,2026-09-04 10:06:55
2026-09-04 09:58:35,GEMS296,0105,Rodolphe Gentili,14,4,0,2026-09-04 10:06:55
2026-09-04 09:58:35,GEMS296,0106,Jared Grauer,14,6,0,2026-09-04 10:06:55
2026-09-04 09:58:35,GEMS296,0107,Fengfeng Ke,14,4,0,2026-09-04 10:06:55
2026-09-04 09:58:35,GEMS296,0108,Eric Silk,14,4,0,2026-09-04 10:06:55
2026-09-04 09:58:35,GEMS296,0109,Huang Chiao Huang,14,1,0,2026-09-04 10:06:55
2026-09-04 09:58:35,GEMS296,0110,Mengqiang Zhu,14,6,0,2026-09-04 10:06:55
2026-09-04 09:58:35,GEMS296,0111,Maria Molina,14,6,0,2026-09-04 10:06:55
2026-09-04 09:58:35,GEMS296,0112,Youssef Kousa,14,2,0,2026-09-04 10:06:55
2026-09-04 09:58:35,GEMS296,0113,Instructor: TBA,5,5,0,2026-09-04 10:06:55
2026-09-04 09:58:35,GEMS296,0114,Instructor: TBA,14,14,0,2026-09-04 10:06:55
2026-09-04 09:58:35,GEMS296,0115,David Lovell,5,5,0,2026-09-04 10:06:55
2026-09-04 09:58:35,GEMS297,0113,Instructor: TBA,5,5,0,2026-09-04 10:06:55
2026-09-04 09:58:35,GEMS396,0101,Michael Humber,14,7,0,2026-09-04 10:06:55
2026-09-04 09:58:35,GEMS396,0102,Seth Dickey,14,2,0,2026-09-04 10:06:55
2026-09-04 09:58:35,GEMS396,0103,Cecilia Huertas Cerdeira,14,8,0,2026-09-04 10:06:55
2026-09-04 09:58:35,GEMS396,0104,Rodolphe Gentili,14,3,0,2026-09-04 10:06:55
2026-09-04 09:58:35,GEMS396,0105,Allison Reilly,14,5,0,2026-09-04 10:06:55
2026-09-04 09:58:35,GEMS396,0106,Peter Sunderland,14,5,0,2026-09-04 10:06:55
2026-09-04 09:58:35,GEMS396,0107,Brett Lacey,14,8,0,2026-09-04 10:06:55
2026-09-04 09:58:35,GEMS396,0108,Natalia Buzulukova,14,4,0,2026-09-04 10:06:55
2026-09-04 09:58:35,GEMS396,0109,Anil Deane,14,4,0,2026-09-04 10:06:55
2026-09-04 09:58:35,GEMS396,0110,Colenso Speer,14,3,0,2026-09-04 10:06:55
2026-09-04 09:58:35,GEMS396,0111,Instructor: TBA,14,14,0,2026-09-04 10:06:55
2026-09-04 09:58:35,GEMS396,0112,Instructor: TBA,14,14,0,2026-09-04 10:06:55
2026-09-04 09:58:35,GEMS396,0113,David Lovell,5,5,0,2026-09-04 10:06:55
2026-09-04 09:58:35,GEMS396,0114,David Lovell,5,5,0,2026-09-04 10:06:55
2026-09-04 09:58:35,GEMS397,0113,David Lovell,5,4,0,2026-09-04 10:06:56
2026-09-04 09:58:35,GEMS496,0101,Eric Haag,14,7,0,2026-09-04 10:06:56
2026-09-04 09:58:35,GEMS496,0102,Mohammad Nayeem Teli,14,11,0,2026-09-04 10:06:56
2026-09-04 09:58:35,GEMS496,0103,Norberto Gonzalez- Juarbe,14,4,0,2026-09-04 10:06:56
2026-09-04 09:58:35,GEMS496,0104,Abhinav Shrivastava,14,6,0,2026-09-04 10:06:56
2026-09-04 09:58:35,GEMS496,0105,Hector Alcala,14,4,0,2026-09-04 10:06:56
2026-09-04 09:58:35,GEMS496,0106,Massimo Ricotti,14,5,0,2026-09-04 10:06:56
2026-09-04 09:58:35,GEMS496,0107,Reza Ghodssi,14,7,0,2026-09-04 10:06:56
2026-09-04 09:58:35,GEMS496,0108,Nikhil Chopra,14,8,0,2026-09-04 10:06:56
2026-09-04 09:58:35,GEMS496,0109,Kimberly Stroka,14,5,0,2026-09-04 10:06:56
2026-09-04 09:58:35,GEMS496,0110,Gorjan Alagic,14,13,0,2026-09-04 10:06:56
2026-09-04 09:58:35,GEMS496,0111,Alisa Clyne,14,6,0,2026-09-04 10:06:56
2026-09-04 09:58:35,GEMS496,0112,Xin Zan,14,10,0,2026-09-04 10:06:56
2026-09-04 09:58:35,GEMS496,0113,Erin Tran,14,14,0,2026-09-04 10:06:56
2026-09-04 09:58:35,GEMS496,0114,David Lovell,5,5,0,2026-09-04 10:06:56
2026-09-04 09:58:35,GEMS497,0107,Instructor: TBA,14,14,0,2026-09-04 10:06:56
2026-09-04 09:58:35,GEMS497,0110,Instructor: TBA,5,5,0,2026-09-04 10:06:56
2026-09-04 09:58:35,GEMS497,0113,David Lovell,5,5,0,2026-09-04 10:06:56
2026-09-04 09:58:35,GFPL100,0101,Joshua Itzkowitz Shifrinson,20,0,0,2026-09-04 10:07:18
2026-09-04 09:58:35,GFPL100,0102,Joshua Itzkowitz Shifrinson,20,0,0,2026-09-04 10:07:18
2026-09-04 09:58:35,GFPL100,0103,Joshua Itzkowitz Shifrinson,20,0,0,2026-09-04 10:07:18
2026-09-04 09:58:35,GFPL100,0104,Joshua Itzkowitz Shifrinson,20,0,0,2026-09-04 10:07:18
2026-09-04 09:58:35,GFPL100,0105,Joshua Itzkowitz Shifrinson,20,0,0,2026-09-04 10:07:18
2026-09-04 09:58:35,GFPL100,0106,Joshua Itzkowitz Shifrinson,25,0,0,2026-09-04 10:07:18
2026-09-04 09:58:35,GFPL100,FC01,Devin Entrikin,30,0,1,2026-09-04 10:07:18
2026-09-04 09:58:35,GFPL102,0101,Caroline Ritter,95,25,0,2026-09-04 10:07:18
2026-09-04 09:58:35,GFPL371,0101,Joshua Itzkowitz Shifrinson,35,0,1,2026-09-04 10:07:18
2026-09-04 09:58:35,GFPL388A,0101,Shannon Carcelli,5,5,0,2026-09-04 10:07:19
2026-09-04 09:58:35,GFPL388B,0101,Hyunki Kim,5,5,0,2026-09-04 10:07:19
2026-09-04 09:58:35,GFPL388C,0101,Scott Kastner,5,0,0,2026-09-04 10:07:19
2026-09-04 09:58:35,GFPL390,0101,Lena Andrews,20,0,2,2026-09-04 10:07:20
2026-09-04 09:58:35,GFPL490,0101,Michael Woldemariam,15,0,0,2026-09-04 10:07:20
2026-09-04 09:58:35,GFPL492,0101,Steve Fetter,20,0,1,2026-09-04 10:07:20
2026-09-04 09:58:35,GLBC200,0101,Chris Lewis,30,0,0,2026-09-04 10:07:22
2026-09-04 09:58:35,GLBC350,0101,Michele Mason,30,27,0,2026-09-04 10:07:22
2026-09-04 09:58:35,HACS100,0101,Cassie Harrington,40,2,0,2026-09-04 10:07:39
2026-09-04 09:58:35,HACS100,0201,Cassie Harrington,40,14,0,2026-09-04 10:07:39
2026-09-04 09:58:35,HACS200,0101,Michel Cukier,34,10,0,2026-09-04 10:07:39
2026-09-04 09:58:35,HACS200,0201,Michel Cukier,34,0,0,2026-09-04 10:07:39
2026-09-04 09:58:35,HACS202,0101,Bertrand Sobesto,52,19,0,2026-09-04 10:07:39
2026-09-04 09:58:35,HACS208A,0101,Lawrence Gordon,20,0,3,2026-09-04 10:07:40
2026-09-04 09:58:35,HACS208C,0101,Lamia Zia,26,9,0,2026-09-04 10:07:40
2026-09-04 09:58:35,HACS208P,0101,Charles Harry,26,0,1,2026-09-04 10:07:40
2026-09-04 09:58:35,HACS297,0101,Sarah Herberger,25,5,0,2026-09-04 10:07:42
2026-09-04 09:58:35,HACS408E,0101,Luke Mains,30,11,0,2026-09-04 10:07:42
2026-09-04 09:58:35,HACS408L,0101,Ian Serbin,30,3,0,2026-09-04 10:07:43
2026-09-04 09:58:35,HACS408M,0101,John McGahagan,30,1,0,2026-09-04 10:07:43
2026-09-04 09:58:35,HACS498,0101,Thomas Woods,7,1,0,2026-09-04 10:07:44
2026-09-04 09:58:35,HACS498,0201,David Trott,9,0,0,2026-09-04 10:07:44
2026-09-04 09:58:35,HACS498,0301,Michel Cukier,8,0,0,2026-09-04 10:07:44
2026-09-04 09:58:35,HBUS100,0101,Jui Ramaprasad,72,4,0,2026-09-04 10:07:45
2026-09-04 09:58:35,HBUS200,0101,Nicole Coomber,60,1,0,2026-09-04 10:07:45
2026-09-04 09:58:35,HDCC105,0101,Antwon Key,70,7,0,2026-09-04 10:07:47
2026-09-04 09:58:35,HDCC201,0101,Jessica Lu,22,0,0,2026-09-04 10:07:47
2026-09-04 09:58:35,HDCC201,0201,Jessica Lu,22,0,0,2026-09-04 10:07:47
2026-09-04 09:58:35,HDCC201,0301,Jessica Lu,22,3,0,2026-09-04 10:07:47
2026-09-04 09:58:35,HDCC208A,0101,William Evans,14,0,0,2026-09-04 10:07:48
2026-09-04 09:58:35,HDCC208J,0101,Grant Bollmer,14,0,0,2026-09-04 10:07:48
2026-09-04 09:58:35,HDCC208P,0101,Cliff Bakalian,14,0,0,2026-09-04 10:07:48
2026-09-04 09:58:35,HDCC208T,0101,Jonathan Reyes,14,0,0,2026-09-04 10:07:49
2026-09-04 09:58:35,HDCC208Z,0101,M Sauter,14,7,0,2026-09-04 10:07:49
2026-09-04 09:58:35,HDCC379,0101,Antwon Key,5,4,0,2026-09-04 10:07:49
2026-09-04 09:58:35,HEBR106,0101,Avital Karpman,15,3,0,2026-09-04 10:07:51
2026-09-04 09:58:35,HEBR106,0201,Avital Karpman,15,6,0,2026-09-04 10:07:51
2026-09-04 09:58:35,HEBR206,0101,Avital Karpman,15,7,0,2026-09-04 10:07:51
2026-09-04 09:58:35,HEBR249C,0101,Aliza Sandalon,15,0,0,2026-09-04 10:07:52
2026-09-04 09:58:35,HEBR298B,0101,Matthew Suriano,25,0,0,2026-09-04 10:07:52
2026-09-04 09:58:35,HEBR313,0101,Aliza Sandalon,20,0,6,2026-09-04 10:07:52
2026-09-04 09:58:35,HGLO100,0101,Alfredo Oliveira,22,7,0,2026-09-04 10:08:08
2026-09-04 09:58:35,HGLO100,0102,Natalie Vinski Ibrahim,22,8,0,2026-09-04 10:08:08
2026-09-04 09:58:35,HGLO100,0103,Natalie Vinski Ibrahim,22,1,0,2026-09-04 10:08:08
2026-09-04 09:58:35,HGLO100,0104,Alfredo Oliveira,22,11,0,2026-09-04 10:08:08
2026-09-04 09:58:35,HGLO101,0101,Sarah Croco,23,2,0,2026-09-04 10:08:08
2026-09-04 09:58:35,HGLO101,0102,Sarah Croco,22,9,0,2026-09-04 10:08:08
2026-09-04 09:58:35,HGLO101,0103,Sarah Croco,22,5,0,2026-09-04 10:08:08
2026-09-04 09:58:35,HGLO101,0104,Sarah Croco,22,13,0,2026-09-04 10:08:08
2026-09-04 09:58:35,HGLO207,0101,Natalie Vinski Ibrahim,25,12,0,2026-09-04 10:08:09
2026-09-04 09:58:35,HGLO208,0101,Alfredo Oliveira,45,25,0,2026-09-04 10:08:09
2026-09-04 09:58:35,HGLO298,0101,Jordan Gouws-Dewar,30,25,0,2026-09-04 10:08:09
2026-09-04 09:58:35,HLSC100,0101,Jalah Townsend,24,3,0,2026-09-04 10:08:43
2026-09-04 09:58:35,HLSC100,0102,Jalah Townsend,24,2,0,2026-09-04 10:08:43
2026-09-04 09:58:35,HLSC100,0103,Jalah Townsend,24,3,0,2026-09-04 10:08:43
2026-09-04 09:58:35,HLSC100,0104,Jalah Townsend,24,8,0,2026-09-04 10:08:43
2026-09-04 09:58:35,HLSC280,0101,Najib El-Sayed,25,3,0,2026-09-04 10:08:43
2026-09-04 09:58:35,HLSC280,0102,Najib El-Sayed,25,4,0,2026-09-04 10:08:43
2026-09-04 09:58:35,HLSC280,0103,Najib El-Sayed,25,4,0,2026-09-04 10:08:43
2026-09-04 09:58:35,HLSC280,0104,Najib El-Sayed,25,9,0,2026-09-04 10:08:43
2026-09-04 09:58:35,HLSC329,0101,Sabrina Kramer,12,4,0,2026-09-04 10:08:44
2026-09-04 09:58:35,HNUH100,0101,Robert Graham,20,3,0,2026-09-04 10:08:57
2026-09-04 09:58:35,HNUH100,0102,Robert Graham,20,0,0,2026-09-04 10:08:57
2026-09-04 09:58:35,HNUH100,0103,Brittany Proudfoot Ginder,20,1,0,2026-09-04 10:08:57
2026-09-04 09:58:35,HNUH100,0104,Max Barnewitz,20,0,0,2026-09-04 10:08:57
2026-09-04 09:58:35,HNUH100,0105,Vasfiye Toprak,20,0,0,2026-09-04 10:08:57
2026-09-04 09:58:35,HNUH100,0106,Vasfiye Toprak,20,1,0,2026-09-04 10:08:57
2026-09-04 09:58:35,HNUH100,0201,Max Barnewitz,20,0,0,2026-09-04 10:08:57
2026-09-04 09:58:35,HNUH100,0202,Max Barnewitz,20,0,0,2026-09-04 10:08:57
2026-09-04 09:58:35,HNUH100,0203,Vasfiye Toprak,20,1,0,2026-09-04 10:08:57
2026-09-04 09:58:35,HNUH100,0204,Vasfiye Toprak,20,0,0,2026-09-04 10:08:57
2026-09-04 09:58:35,HNUH100,0205,Ayondela McDole,20,3,0,2026-09-04 10:08:57
2026-09-04 09:58:35,HNUH100,0206,Ayondela McDole,20,0,0,2026-09-04 10:08:57
2026-09-04 09:58:35,HNUH100,0301,Robert Graham,20,1,0,2026-09-04 10:08:57
2026-09-04 09:58:35,HNUH100,0302,Shauna Rigaud,20,8,0,2026-09-04 10:08:57
2026-09-04 09:58:35,HNUH100,0303,Shauna Rigaud,20,1,0,2026-09-04 10:08:57
2026-09-04 09:58:35,HNUH100,0304,Max Barnewitz,20,3,0,2026-09-04 10:08:57
2026-09-04 09:58:35,HNUH100,0305,Vasfiye Toprak,20,0,0,2026-09-04 10:08:57
2026-09-04 09:58:35,HNUH100,0306,Vasfiye Toprak,20,2,0,2026-09-04 10:08:57
2026-09-04 09:58:35,HNUH100,0401,Gretchen Bella,20,0,0,2026-09-04 10:08:57
2026-09-04 09:58:35,HNUH100,0402,Gretchen Bella,20,6,0,2026-09-04 10:08:57
2026-09-04 09:58:35,HNUH100,0403,Max Barnewitz,20,1,0,2026-09-04 10:08:57
2026-09-04 09:58:35,HNUH100,0404,Ayondela McDole,20,6,0,2026-09-04 10:08:57
2026-09-04 09:58:35,HNUH100,0405,Ayondela McDole,20,0,0,2026-09-04 10:08:57
2026-09-04 09:58:35,HNUH100,0406,Ayondela McDole,20,4,0,2026-09-04 10:08:57
2026-09-04 09:58:35,HNUH100,0501,Leigha McReynolds,10,3,0,2026-09-04 10:08:57
2026-09-04 09:58:35,HNUH100,0601,Brittany Proudfoot Ginder,20,0,0,2026-09-04 10:08:57
2026-09-04 09:58:35,HNUH218D,0101,Brian Gilmore,48,0,2,2026-09-04 10:08:58
2026-09-04 09:58:35,HNUH218L,0101,Shauna Rigaud,20,0,0,2026-09-04 10:08:58
2026-09-04 09:58:35,HNUH218L,0201,Shauna Rigaud,20,0,1,2026-09-04 10:08:58
2026-09-04 09:58:35,HNUH228D,0101,Matthew McLaughlin,60,0,2,2026-09-04 10:08:58
2026-09-04 09:58:35,HNUH228L,0101,Alena Wigodner,20,0,1,2026-09-04 10:08:58
2026-09-04 09:58:35,HNUH228L,0201,Alena Wigodner,20,0,1,2026-09-04 10:08:58
2026-09-04 09:58:35,HNUH228N,0101,Peter Grybauskas,20,0,0,2026-09-04 10:08:59
2026-09-04 09:58:35,HNUH229I,0101,Gretchen Bella,20,0,1,2026-09-04 10:08:59
2026-09-04 09:58:35,HNUH238D,0101,Susan Moeller,60,0,0,2026-09-04 10:08:59
2026-09-04 09:58:35,HNUH238L,0101,Kimberly Johnson,20,2,0,2026-09-04 10:09:00
2026-09-04 09:58:35,HNUH238L,0201,Kimberly Johnson,20,0,0,2026-09-04 10:09:00
2026-09-04 09:58:35,HNUH238N,0101,Hannah Wegmann,20,6,0,2026-09-04 10:09:00
2026-09-04 09:58:35,HNUH239T,0101,Gerald Suarez,20,0,0,2026-09-04 10:09:00
2026-09-04 09:58:35,HNUH248D,0101,Juan Uriagereka,45,0,0,2026-09-04 10:09:01
2026-09-04 09:58:35,HNUH248L,0201,Robert Graham,20,6,0,2026-09-04 10:09:01
2026-09-04 09:58:35,HNUH248M,0101,Hassanatu Blake,20,13,0,2026-09-04 10:09:01
2026-09-04 09:58:35,HNUH248N,0101,Siv Lie,20,0,4,2026-09-04 10:09:02
2026-09-04 09:58:35,HNUH249P,0101,Temim Nusraty,20,2,0,2026-09-04 10:09:02
2026-09-04 09:58:35,HNUH258C,0101,Bill Fagan,55,27,0,2026-09-04 10:09:02
2026-09-04 09:58:35,HNUH258Q,0101,Tiara Thomas,20,1,0,2026-09-04 10:09:02
2026-09-04 09:58:35,HNUH259P,0101,Hooman Koliji,20,2,0,2026-09-04 10:09:03
2026-09-04 09:58:35,HNUH268C,0101,Perla Guerrero,60,34,0,2026-09-04 10:09:03
2026-09-04 09:58:35,HNUH269P,0101,Marisa Franco,20,0,5,2026-09-04 10:09:03
2026-09-04 09:58:35,HNUH278C,0101,Chinyere Osuji,60,38,0,2026-09-04 10:09:04
2026-09-04 09:58:35,HNUH278I,0101,Marisa Franco,20,4,0,2026-09-04 10:09:04
2026-09-04 09:58:35,HNUH278I,0102,Marisa Franco,20,1,0,2026-09-04 10:09:04
2026-09-04 09:58:35,HNUH278R,0101,Max Barnewitz,20,3,0,2026-09-04 10:09:04
2026-09-04 09:58:35,HNUH288C,0101,Julia Steinberg,30,3,0,2026-09-04 10:09:05
2026-09-04 09:58:35,HNUH288C,0103,Julia Steinberg,30,9,0,2026-09-04 10:09:05
2026-09-04 09:58:35,HNUH288O,0101,Ariana Nash,20,1,0,2026-09-04 10:09:05
2026-09-04 09:58:35,HNUH300,0301,Vasfiye Toprak,20,0,0,2026-09-04 10:09:05
2026-09-04 09:58:35,HNUH300,0401,Robert Graham,20,0,0,2026-09-04 10:09:05
2026-09-04 09:58:35,HNUH300,0601,Alena Wigodner,20,0,0,2026-09-04 10:09:05
2026-09-04 09:58:35,HNUH300,0701,Ingrid Satelmajer,20,13,0,2026-09-04 10:09:05
2026-09-04 09:58:35,HNUH300,0801,Shauna Rigaud,20,0,0,2026-09-04 10:09:05
2026-09-04 09:58:35,HNUH300,0901,Kimberly Johnson,20,5,0,2026-09-04 10:09:05
2026-09-04 09:58:35,HNUH300,1001,Ingrid Satelmajer,20,14,0,2026-09-04 10:09:05
2026-09-04 09:58:35,HNUH318T,0101,Peter Owen,24,0,0,2026-09-04 10:09:05
2026-09-04 09:58:35,HNUH319T,0101,Emily Shetty,22,0,0,2026-09-04 10:09:06
2026-09-04 09:58:35,HNUH328T,0101,Woodie Kessel,24,1,0,2026-09-04 10:09:06
2026-09-04 09:58:35,HNUH329T,0101,Rob Long,20,1,0,2026-09-04 10:09:06
2026-09-04 09:58:35,HNUH338T,0101,Andrew Fausett,22,1,0,2026-09-04 10:09:07
2026-09-04 09:58:35,HNUH348T,0101,Ed Fendley,22,1,0,2026-09-04 10:09:07
2026-09-04 09:58:35,HNUH358T,0101,Sean Misko,22,1,0,2026-09-04 10:09:07
2026-09-04 09:58:35,HNUH359T,0101,Amanda Schoch,20,0,0,2026-09-04 10:09:07
2026-09-04 09:58:35,HNUH368T,0101,Nadia Farra,21,0,0,2026-09-04 10:09:08
2026-09-04 09:58:35,HNUH369T,0101,Andrew Nissen,20,2,0,2026-09-04 10:09:08
2026-09-04 09:58:35,HNUH378T,0101,Joshua Glasser,20,0,0,2026-09-04 10:09:08
2026-09-04 09:58:35,HNUH398P,0101,Jayakumar Arasan,25,22,0,2026-09-04 10:09:09
2026-09-04 09:58:35,HNUH398P,0201,Jayakumar Arasan,5,1,0,2026-09-04 10:09:09
2026-09-04 09:58:35,HNUH398T,0101,Sasha Koo-Oshima,20,3,0,2026-09-04 10:09:09
2026-09-04 09:58:35,HONR368A,0101,Blake Wilder,22,1,0,2026-09-04 10:09:10
2026-09-04 09:58:35,IMDM101,0101,Mollye Bendell,30,16,0,2026-09-04 10:09:15
2026-09-04 09:58:35,IMDM101,0201,Myungin Lee,30,18,0,2026-09-04 10:09:15
2026-09-04 09:58:35,IMDM101,0301,Myungin Lee,30,23,0,2026-09-04 10:09:15
2026-09-04 09:58:35,IMDM127,0101,Roger Eastman,36,19,0,2026-09-04 10:09:15
2026-09-04 09:58:35,IMDM150,0101,Stefano Passeri,30,17,0,2026-09-04 10:09:15
2026-09-04 09:58:35,IMDM227,0101,Stevens Miller,30,1,0,2026-09-04 10:09:16
2026-09-04 09:58:35,IMDM227,0201,Stevens Miller,30,19,0,2026-09-04 10:09:16
2026-09-04 09:58:35,IMDM327,0101,Myungin Lee,25,0,0,2026-09-04 10:09:16
2026-09-04 09:58:35,IMDM350,0101,Jason Farman,29,12,0,2026-09-04 10:09:16
2026-09-04 09:58:35,IMDM490,0101,Matthew Nolan,30,0,0,2026-09-04 10:09:17
2026-09-04 09:58:35,IMDM490,0201,Matthew Nolan,30,16,0,2026-09-04 10:09:17
2026-09-04 09:58:35,IMDM498K,0101,Matthew Nolan,15,0,0,2026-09-04 10:09:17
2026-09-04 09:58:35,IMMR319D,0101,Beka Guluma,20,12,0,2026-09-04 10:09:19
2026-09-04 09:58:35,IMMR394,0101,Wenxi Yang,30,3,0,2026-09-04 10:09:19
2026-09-04 09:58:35,IMMR399,0101,Instructor: TBA,2,2,0,2026-09-04 10:09:19
2026-09-04 09:58:35,IMMR400,0101,Gerson Rosales,20,2,0,2026-09-04 10:09:20
2026-09-04 09:58:35,ISRL249J,0101,Aner Tal,30,24,0,2026-09-04 10:09:31
2026-09-04 09:58:35,ISRL249M,0101,Aliza Sandalon,15,0,0,2026-09-04 10:09:32
2026-09-04 09:58:35,ISRL283,0101,Shay Hazkani,35,2,0,2026-09-04 10:09:32
2026-09-04 09:58:35,ISRL349G,0101,Marwa Maziad,30,0,0,2026-09-04 10:09:32
2026-09-04 09:58:35,ISRL349K,0101,Regev Ben-David,30,24,0,2026-09-04 10:09:32
2026-09-04 09:58:35,ISRL349T,0101,Elli Lieberman,35,20,0,2026-09-04 10:09:33
2026-09-04 09:58:35,ISRL349Y,0101,Adina Friedman,35,26,0,2026-09-04 10:09:33
2026-09-04 09:58:35,ISRL382,0101,Ilai Saltzman,35,0,0,2026-09-04 10:09:33
2026-09-04 09:58:35,ISRL448R,0101,Morad Elsana,25,9,0,2026-09-04 10:09:34
2026-09-04 09:58:35,ITAL103,0101,Antonella D'Amario,18,14,0,2026-09-04 10:09:35
2026-09-04 09:58:35,ITAL103,0201,Antonella D'Amario,18,5,0,2026-09-04 10:09:35
2026-09-04 09:58:35,ITAL103,0301,Joseph Falvo,18,7,0,2026-09-04 10:09:35
2026-09-04 09:58:35,ITAL203,0101,Antonella D'Amario,18,9,0,2026-09-04 10:09:36
2026-09-04 09:58:35,ITAL203,0201,Antonella D'Amario,18,13,0,2026-09-04 10:09:36
2026-09-04 09:58:35,ITAL204,0101,Federica Soddu,18,14,0,2026-09-04 10:09:36
2026-09-04 09:58:35,ITAL207,0101,Mirella Vaglio,18,17,0,2026-09-04 10:09:36
2026-09-04 09:58:35,ITAL301,0101,Federica Soddu,20,12,0,2026-09-04 10:09:36
2026-09-04 09:58:35,ITAL362,0101,Federica Soddu,20,10,0,2026-09-04 10:09:37
2026-09-04 09:58:35,ITAL401,0101,Mirella Vaglio,15,12,0,2026-09-04 10:09:38
2026-09-04 09:58:35,ITAL421,0101,Joseph Falvo,25,14,0,2026-09-04 10:09:38
2026-09-04 09:58:35,ITAL478R,0101,Joseph Falvo,5,3,0,2026-09-04 10:09:38
2026-09-04 09:58:35,JAPN101,0101,Kumiko Akikawa,15,3,0,2026-09-04 10:09:40
2026-09-04 09:58:35,JAPN101,0201,Kumiko Akikawa,15,6,0,2026-09-04 10:09:40
2026-09-04 09:58:35,JAPN101,0301,Kumiko Akikawa,15,5,0,2026-09-04 10:09:40
2026-09-04 09:58:35,JAPN201,0101,Makiko Inoue,15,5,0,2026-09-04 10:09:40
2026-09-04 09:58:35,JAPN201,0201,Makiko Inoue,15,8,0,2026-09-04 10:09:40
2026-09-04 09:58:35,JAPN301,0101,Mari Hamada,15,9,0,2026-09-04 10:09:41
2026-09-04 09:58:35,JAPN311,0101,Jyana Browne,15,11,0,2026-09-04 10:09:41
2026-09-04 09:58:35,JAPN315,0101,Michele Mason,20,3,0,2026-09-04 10:09:41
2026-09-04 09:58:35,JAPN320,0101,Lindsay Yotsukura,15,9,0,2026-09-04 10:09:41
2026-09-04 09:58:35,JAPN498B,0101,Jyana Browne,20,1,0,2026-09-04 10:09:42
2026-09-04 09:58:35,KORA101,0101,Saerom Kwak,15,0,0,2026-09-04 10:10:34
2026-09-04 09:58:35,KORA101,0201,Saerom Kwak,15,2,0,2026-09-04 10:10:34
2026-09-04 09:58:35,KORA101,0301,Saerom Kwak,15,6,0,2026-09-04 10:10:34
2026-09-04 09:58:35,KORA101,0401,Saerom Kwak,15,5,0,2026-09-04 10:10:34
2026-09-04 09:58:35,KORA201,0101,Seong Minne Koh,15,4,0,2026-09-04 10:10:34
2026-09-04 09:58:35,KORA201,0201,Seong Minne Koh,15,5,0,2026-09-04 10:10:34
2026-09-04 09:58:35,KORA201,0301,Seong Minne Koh,15,8,0,2026-09-04 10:10:34
2026-09-04 09:58:35,KORA398G,0101,Instructor: TBA,10,7,0,2026-09-04 10:10:35
2026-09-04 09:58:35,KORA398W,0101,Seong Minne Koh,10,4,0,2026-09-04 10:10:35
2026-09-04 09:58:35,LEAD217,0101,Festus Ainoo,25,0,0,2026-09-04 10:10:51
2026-09-04 09:58:35,LEAD217,0201,Adrian Bitton,25,2,0,2026-09-04 10:10:51
2026-09-04 09:58:35,LEAD217,FC01,Festus Ainoo,22,0,0,2026-09-04 10:10:51
2026-09-04 09:58:35,LEAD305,0101,Anastasia Lavrenyuk,20,4,0,2026-09-04 10:10:51
2026-09-04 09:58:35,LEAD315,0101,Anastasia Lavrenyuk,25,11,0,2026-09-04 10:10:51
2026-09-04 09:58:35,LEAD320,0101,Courtney Holder,10,9,0,2026-09-04 10:10:52
2026-09-04 09:58:35,LGBT200,0201,Basanth Babu,25,0,5,2026-09-04 10:10:53
2026-09-04 09:58:35,LGBT265,0101,Tyra Griffin,30,3,0,2026-09-04 10:10:53
2026-09-04 09:58:35,LGBT265,0201,Declan Langton,30,3,0,2026-09-04 10:10:53
2026-09-04 09:58:35,LGBT359J,0101,Chris Eng,25,13,0,2026-09-04 10:10:54
2026-09-04 09:58:35,MLAW100,0101,Christine White,83,14,0,2026-09-04 10:11:28
2026-09-04 09:58:35,MLAW304,0201,Christine White,65,16,0,2026-09-04 10:11:29
2026-09-04 09:58:35,MLAW305,0101,Brian Gilmore,40,2,0,2026-09-04 10:11:29
2026-09-04 09:58:35,MLAW315,0101,Grace Benton,13,3,0,2026-09-04 10:11:29
2026-09-04 09:58:35,MLAW358Q,0101,David Cunningham,0,0,0,2026-09-04 10:11:30
2026-09-04 09:58:35,MLAW358T,0101,Christine White,25,5,0,2026-09-04 10:11:30
2026-09-04 09:58:35,MLAW358X,0101,Martin Kobren,5,0,0,2026-09-04 10:11:30
2026-09-04 09:58:35,MLAW359,0101,Brandee Pettus,10,4,0,2026-09-04 10:11:30
2026-09-04 09:58:35,MLAW378E,0101,Brandee Pettus,5,5,0,2026-09-04 10:11:31
2026-09-04 09:58:35,MLAW378K,0101,Brian Gilmore,20,0,0,2026-09-04 10:11:31
2026-09-04 09:58:35,MLAW378Q,0101,Paul Huth,2,0,1,2026-09-04 10:11:31
2026-09-04 09:58:35,MLAW378R,0101,Nancy Schertzing,13,2,0,2026-09-04 10:11:32
2026-09-04 09:58:35,MLAW388,0101,Brandee Pettus,40,21,0,2026-09-04 10:11:32
2026-09-04 09:58:35,MLSC250,FC01,William Simpson,24,5,0,2026-09-04 10:11:34
2026-09-04 09:58:35,NEUR200,0101,Ana Navarro Cebrian,80,6,0,2026-09-04 10:11:54
2026-09-04 09:58:35,NEUR200,0201,Ana Navarro Cebrian,80,0,1,2026-09-04 10:11:54
2026-09-04 09:58:35,NEUR200,0301,Evan Hart,80,1,0,2026-09-04 10:11:54
2026-09-04 09:58:35,NEUR305,0101,Amanda Chicoli,100,12,0,2026-09-04 10:11:55
2026-09-04 09:58:35,NEUR306,0101,Chan Lin,200,5,0,2026-09-04 10:11:55
2026-09-04 09:58:35,NEUR398H,0101,Nikolas Francis,20,2,0,2026-09-04 10:11:56
2026-09-04 09:58:35,NEUR405,0101,Hilary Bierman,20,0,0,2026-09-04 10:11:56
2026-09-04 09:58:35,NEUR405,0102,Hilary Bierman,20,1,0,2026-09-04 10:11:56
2026-09-04 09:58:35,NEUR405,0103,Hilary Bierman,20,0,0,2026-09-04 10:11:56
2026-09-04 09:58:35,PEER312,0101,Aleia Gardner,15,8,0,2026-09-04 10:12:11
2026-09-04 09:58:35,PEER318,0101,Christina Jay,15,11,0,2026-09-04 10:12:11
2026-09-04 09:58:35,PEER319,0101,Grace Boudreau,15,7,0,2026-09-04 10:12:11
2026-09-04 09:58:35,PHPE308D,0101,Xinzhi Zhao,30,7,0,2026-09-04 10:12:26
2026-09-04 09:58:35,PHPE308F,0101,Regev Ben-David,30,24,0,2026-09-04 10:12:26
2026-09-04 09:58:35,PHPE308M,0101,Hallie Liberto,30,18,0,2026-09-04 10:12:27
2026-09-04 09:58:35,PHPE308O,0101,Jackson Iszler,30,0,0,2026-09-04 10:12:27
2026-09-04 09:58:35,PHPE308Y,0101,Rachel Singpurwalla,20,0,1,2026-09-04 10:12:27
2026-09-04 09:58:35,PHPE308Y,0102,Rachel Singpurwalla,20,0,3,2026-09-04 10:12:27
2026-09-04 09:58:35,PHPE308Y,0103,Rachel Singpurwalla,20,0,2,2026-09-04 10:12:27
2026-09-04 09:58:35,PHPE400,0101,Justin Helms,18,1,0,2026-09-04 10:12:28
2026-09-04 09:58:35,PHPE400,0102,Justin Helms,18,1,0,2026-09-04 10:12:28
2026-09-04 09:58:35,PHPE400,0103,Justin Helms,20,1,0,2026-09-04 10:12:28
2026-09-04 09:58:35,PHPE401,0101,Xinzhi Zhao,25,0,9,2026-09-04 10:12:28
2026-09-04 09:58:35,PHPE402,0101,Dan Moller,30,0,0,2026-09-04 10:12:28
2026-09-04 09:58:35,PHPE408J,0101,Lixing Miao,25,2,0,2026-09-04 10:12:29
2026-09-04 09:58:35,PHPE408R,0101,Xinzhi Zhao,25,9,0,2026-09-04 10:12:29
2026-09-04 09:58:35,PHSC388J,0101,Kendall Bustad,20,6,0,2026-09-04 10:12:30
2026-09-04 09:58:35,PHSC389,0101,Shannon Edward,30,14,0,2026-09-04 10:12:31
2026-09-04 09:58:35,PHSC399,0101,Shannon Edward,30,10,0,2026-09-04 10:12:31
2026-09-04 09:58:35,PHSC415,0101,Jessica O'Hara,31,0,1,2026-09-04 10:12:31
2026-09-04 09:58:35,PHSC415,0102,Jessica O'Hara,31,0,1,2026-09-04 10:12:31
2026-09-04 09:58:35,PHSC415,0103,Jessica O'Hara,31,0,1,2026-09-04 10:12:31
2026-09-04 09:58:35,PHSC415,0104,Jessica O'Hara,31,0,1,2026-09-04 10:12:31
2026-09-04 09:58:35,PHSC415,0105,Jessica O'Hara,31,0,1,2026-09-04 10:12:31
2026-09-04 09:58:35,PHSC420,0101,Jennifer German,35,4,0,2026-09-04 10:12:32
2026-09-04 09:58:35,PHSC450,0101,Kendall Bustad,20,0,3,2026-09-04 10:12:32
2026-09-04 09:58:35,PHSC450,0102,Kendall Bustad,20,0,2,2026-09-04 10:12:32
2026-09-04 09:58:35,PHSC450,0103,Kendall Bustad,20,0,1,2026-09-04 10:12:32
2026-09-04 09:58:35,PHSC450,0104,Kendall Bustad,20,0,3,2026-09-04 10:12:32
2026-09-04 09:58:35,PHSC450,0105,Kendall Bustad,20,0,1,2026-09-04 10:12:32
2026-09-04 09:58:35,PHSC450,0106,Kendall Bustad,20,0,0,2026-09-04 10:12:32
2026-09-04 09:58:35,PHSC450,0107,Kendall Bustad,20,0,2,2026-09-04 10:12:32
2026-09-04 09:58:35,PHSC450,0108,Kendall Bustad,20,0,2,2026-09-04 10:12:32
2026-09-04 09:58:35,PHSC497,0101,Kendall Bustad,20,2,0,2026-09-04 10:12:32
2026-09-04 09:58:35,PHSC497,0301,Shannon Edward,20,3,0,2026-09-04 10:12:32
2026-09-04 09:58:35,PHSC497,0601,Jennifer German,20,2,0,2026-09-04 10:12:32
2026-09-04 09:58:35,PLCY100,0101,Toby Egan,25,0,1,2026-09-04 10:13:02
2026-09-04 09:58:35,PLCY100,0102,Toby Egan,25,0,0,2026-09-04 10:13:02
2026-09-04 09:58:35,PLCY100,0103,Toby Egan,25,0,0,2026-09-04 10:13:02
2026-09-04 09:58:35,PLCY100,0104,Toby Egan,25,0,0,2026-09-04 10:13:02
2026-09-04 09:58:35,PLCY100,0201,Namrta Sharma,25,12,0,2026-09-04 10:13:02
2026-09-04 09:58:35,PLCY100,0202,Namrta Sharma,25,15,0,2026-09-04 10:13:02
2026-09-04 09:58:35,PLCY100,0203,Namrta Sharma,25,1,0,2026-09-04 10:13:02
2026-09-04 09:58:35,PLCY100,0204,Namrta Sharma,25,10,0,2026-09-04 10:13:02
2026-09-04 09:58:35,PLCY101,0101,Robert Sprinkle,75,0,0,2026-09-04 10:13:02
2026-09-04 09:58:35,PLCY170,0101,Joshua Itzkowitz Shifrinson,20,0,0,2026-09-04 10:13:03
2026-09-04 09:58:35,PLCY170,0102,Joshua Itzkowitz Shifrinson,20,0,0,2026-09-04 10:13:03
2026-09-04 09:58:35,PLCY170,0103,Joshua Itzkowitz Shifrinson,20,0,0,2026-09-04 10:13:03
2026-09-04 09:58:35,PLCY170,0104,Joshua Itzkowitz Shifrinson,20,0,0,2026-09-04 10:13:03
2026-09-04 09:58:35,PLCY170,0105,Joshua Itzkowitz Shifrinson,20,0,0,2026-09-04 10:13:03
2026-09-04 09:58:35,PLCY170,0106,Joshua Itzkowitz Shifrinson,25,0,0,2026-09-04 10:13:03
2026-09-04 09:58:35,PLCY172,0101,Caroline Ritter,95,25,0,2026-09-04 10:13:03
2026-09-04 09:58:35,PLCY200,0101,Shanna Pearson-Merkowitz,35,0,3,2026-09-04 10:13:03
2026-09-04 09:58:35,PLCY200,0201,Shanna Pearson-Merkowitz,35,0,2,2026-09-04 10:13:03
2026-09-04 09:58:35,PLCY200,0301,Namrta Sharma,35,0,3,2026-09-04 10:13:03
2026-09-04 09:58:35,PLCY201,0101,Julio Guzman,70,0,0,2026-09-04 10:13:04
2026-09-04 09:58:35,PLCY201,0201,Gregory Ramsay,60,0,0,2026-09-04 10:13:04
2026-09-04 09:58:35,PLCY201,FC01,Anne Kaiser,32,1,0,2026-09-04 10:13:04
2026-09-04 09:58:35,PLCY201,FC02,Anne Kaiser,32,6,0,2026-09-04 10:13:04
2026-09-04 09:58:35,PLCY201S,0101,Susannah Washburn,80,4,0,2026-09-04 10:13:04
2026-09-04 09:58:35,PLCY203,0101,Thomas Hilde,60,7,0,2026-09-04 10:13:04
2026-09-04 09:58:35,PLCY203,0201,Anne Kaiser,60,39,0,2026-09-04 10:13:04
2026-09-04 09:58:35,PLCY213,0201,Claire Dunning,40,5,0,2026-09-04 10:13:05
2026-09-04 09:58:35,PLCY214,0101,Patricia Bory,65,20,0,2026-09-04 10:13:05
2026-09-04 09:58:35,PLCY240,0101,Timothy Reedy,30,1,0,2026-09-04 10:13:05
2026-09-04 09:58:35,PLCY288K,0101,CHRISTIAN OSTERMANN,25,2,0,2026-09-04 10:13:05
2026-09-04 09:58:35,PLCY300,0101,Alana Hackshaw,45,0,7,2026-09-04 10:13:06
2026-09-04 09:58:35,PLCY300,0201,Namrta Sharma,45,30,0,2026-09-04 10:13:06
2026-09-04 09:58:35,PLCY301,0101,Caroline Boules,165,7,0,2026-09-04 10:13:06
2026-09-04 09:58:35,PLCY302,0101,Niambi Carter,40,2,0,2026-09-04 10:13:06
2026-09-04 09:58:35,PLCY302,0201,Ebonie Johnson Cooper,40,2,0,2026-09-04 10:13:06
2026-09-04 09:58:35,PLCY302,0301,Lindsay Dieudonne,40,0,2,2026-09-04 10:13:06
2026-09-04 09:58:35,PLCY303,0101,Juan Martinez Guzman,40,4,0,2026-09-04 10:13:07
2026-09-04 09:58:35,PLCY304,0101,Michael Busse,40,11,0,2026-09-04 10:13:07
2026-09-04 09:58:35,PLCY304,0201,Michael Busse,40,12,0,2026-09-04 10:13:07
2026-09-04 09:58:35,PLCY309,0101,Martin Sanders,30,26,0,2026-09-04 10:13:07
2026-09-04 09:58:35,PLCY310,0101,Selvon Waldron,35,15,0,2026-09-04 10:13:07
2026-09-04 09:58:35,PLCY313,0101,Gerard Evans,100,1,0,2026-09-04 10:13:08
2026-09-04 09:58:35,PLCY371,0101,Joshua Itzkowitz Shifrinson,35,0,1,2026-09-04 10:13:08
2026-09-04 09:58:35,PLCY380,0101,Isabel O'Malley,40,0,1,2026-09-04 10:13:08
2026-09-04 09:58:35,PLCY380,ESG1,Kisha McNeill,30,1,0,2026-09-04 10:13:08
2026-09-04 09:58:35,PLCY388A,0101,Brandi Onowu,40,8,0,2026-09-04 10:13:09
2026-09-04 09:58:35,PLCY388N,0101,Nina Harris,25,2,0,2026-09-04 10:13:09
2026-09-04 09:58:35,PLCY390,0101,Lena Andrews,20,0,2,2026-09-04 10:13:09
2026-09-04 09:58:35,PLCY399B,0101,Beatrice DeBelen,30,19,0,2026-09-04 10:13:10
2026-09-04 09:58:35,PLCY400,0101,Patricia Bory,25,2,0,2026-09-04 10:13:10
2026-09-04 09:58:35,PLCY401,0101,Anand Patwardhan,20,5,0,2026-09-04 10:13:11
2026-09-04 09:58:35,PLCY401,0201,Tracy Thompson,20,0,2,2026-09-04 10:13:11
2026-09-04 09:58:35,PLCY401,0301,David Mussington,20,9,0,2026-09-04 10:13:11
2026-09-04 09:58:35,PLCY490,0101,Michael Woldemariam,15,0,0,2026-09-04 10:13:11
2026-09-04 09:58:35,PLCY492,0101,Steve Fetter,20,0,1,2026-09-04 10:13:11
2026-09-04 09:58:35,PLCY610,0201,Alec Worsnop,40,7,0,2026-09-04 10:13:11
2026-09-04 09:58:35,PLCY630,0101,Catherine Worsnop,25,2,0,2026-09-04 10:13:12
2026-09-04 09:58:35,PLCY630,0201,Catherine Worsnop,25,3,0,2026-09-04 10:13:12
2026-09-04 09:58:35,PLCY631,0101,Cullen Merritt,25,0,1,2026-09-04 10:13:12
2026-09-04 09:58:35,PLCY640,0201,Thomas Spreen,30,6,0,2026-09-04 10:13:12
2026-09-04 09:58:35,PLCY641,0101,Tyler Kustra,30,0,0,2026-09-04 10:13:13
2026-09-04 09:58:35,PLCY641,0201,Tyler Kustra,30,9,0,2026-09-04 10:13:13
2026-09-04 09:58:35,PLCY670,0101,Philip Joyce,30,0,0,2026-09-04 10:13:13
2026-09-04 09:58:35,PLCY680,0101,Claire Dunning,25,0,0,2026-09-04 10:13:13
2026-09-04 09:58:35,PLCY680,0201,Michael Woldemariam,25,6,0,2026-09-04 10:13:13
2026-09-04 09:58:35,PLCY688C,0101,Charles Harry,20,10,0,2026-09-04 10:13:14
2026-09-04 09:58:35,PLCY688F,PWL1,Nekeya O'Connor,20,1,0,2026-09-04 10:13:14
2026-09-04 09:58:35,PLCY688P,0101,Steve Fetter,10,1,0,2026-09-04 10:13:14
2026-09-04 09:58:35,PLCY688Z,0101,Brandi Onowu,20,6,0,2026-09-04 10:13:14
2026-09-04 09:58:35,PLCY689E,0101,Susan Parker,20,0,0,2026-09-04 10:13:15
2026-09-04 09:58:35,PLCY690,0110,David Mussington,15,3,0,2026-09-04 10:13:15
2026-09-04 09:58:35,PLCY690,0120,Margaret Brindle,15,2,0,2026-09-04 10:13:15
2026-09-04 09:58:35,PLCY690,0130,Douglas Call,15,0,1,2026-09-04 10:13:15
2026-09-04 09:58:35,PLCY690,0150,Paul Brown,15,1,0,2026-09-04 10:13:15
2026-09-04 09:58:35,PLCY690,0170,James Stillwell,15,0,0,2026-09-04 10:13:15
2026-09-04 09:58:35,PLCY698T,0101,Elizabeth Duke,20,6,0,2026-09-04 10:13:15
2026-09-04 09:58:35,PLCY699L,0101,Michael Woldemariam,10,2,0,2026-09-04 10:13:16
2026-09-04 09:58:35,PLCY720,0101,Nancy Gallagher,20,3,0,2026-09-04 10:13:16
2026-09-04 09:58:35,PLCY734,0101,Niambi Carter,20,0,0,2026-09-04 10:13:16
2026-09-04 09:58:35,PLCY735,0101,Robert Sprinkle,20,7,0,2026-09-04 10:13:16
2026-09-04 09:58:35,PLCY741,0101,Anand Patwardhan,20,7,0,2026-09-04 10:13:17
2026-09-04 09:58:35,PLCY742,0101,Thomas Hilde,20,9,0,2026-09-04 10:13:17
2026-09-04 09:58:35,PLCY780,0101,Robert Orr,20,0,1,2026-09-04 10:13:17
2026-09-04 09:58:35,PLCY781,0101,Julio Guzman,20,2,0,2026-09-04 10:13:18
2026-09-04 09:58:35,PLCY783,0101,Margaret Brindle,20,7,0,2026-09-04 10:13:18
2026-09-04 09:58:35,PLCY798F,PWL1,William Nolte,25,18,0,2026-09-04 10:13:19
2026-09-04 09:58:35,PLCY798V,0101,Shanna Pearson-Merkowitz,12,0,0,2026-09-04 10:13:19
2026-09-04 09:58:35,PLCY798W,0101,Martin Sanders,10,10,0,2026-09-04 10:13:20
2026-09-04 09:58:35,PLCY798Y,PWL1,Jeffrey Franco,25,0,0,2026-09-04 10:13:20
2026-09-04 09:58:35,PLCY798Z,0101,Peter Reuter,12,0,0,2026-09-04 10:13:20
2026-09-04 09:58:35,PLSC112,0101,Samuel Daramola,100,16,0,2026-09-04 10:13:22
2026-09-04 09:58:35,PLSC113,0101,Samuel Daramola,24,3,0,2026-09-04 10:13:23
2026-09-04 09:58:35,PLSC113,0102,Samuel Daramola,24,5,0,2026-09-04 10:13:23
2026-09-04 09:58:35,PLSC113,0103,Samuel Daramola,24,13,0,2026-09-04 10:13:23
2026-09-04 09:58:35,PLSC113,0104,Samuel Daramola,24,9,0,2026-09-04 10:13:23
2026-09-04 09:58:35,PLSC115,0101,Shirley Micallef,24,0,3,2026-09-04 10:13:23
2026-09-04 09:58:35,PLSC201,0101,Pierre Jacob,42,15,0,2026-09-04 10:13:23
2026-09-04 09:58:35,PLSC203,0101,Vijay Tiwari,23,17,0,2026-09-04 10:13:24
2026-09-04 09:58:35,PLSC205,0101,Mark Carroll,22,0,0,2026-09-04 10:13:24
2026-09-04 09:58:35,PLSC206,0101,Pierre Jacob,21,8,0,2026-09-04 10:13:24
2026-09-04 09:58:35,PLSC206,0102,Pierre Jacob,21,7,0,2026-09-04 10:13:24
2026-09-04 09:58:35,PLSC253,0101,Karen Petroff,24,0,0,2026-09-04 10:13:24
2026-09-04 09:58:35,PLSC253,0102,Karen Petroff,24,5,0,2026-09-04 10:13:24
2026-09-04 09:58:35,PLSC389,0101,Craig Beyrouty,17,17,0,2026-09-04 10:13:25
2026-09-04 09:58:35,PLSC402,0101,Geoffrey Rinehart,10,3,0,2026-09-04 10:13:25
2026-09-04 09:58:35,PLSC404,0101,Yiping Qi,20,9,0,2026-09-04 10:13:26
2026-09-04 09:58:35,PLSC420,0101,Nidhi Rawat,18,3,0,2026-09-04 10:13:26
2026-09-04 09:58:35,PLSC420,0102,Nidhi Rawat,18,13,0,2026-09-04 10:13:26
2026-09-04 09:58:35,PLSC433,0101,Diana Cochran,10,2,0,2026-09-04 10:13:26
2026-09-04 09:58:35,PLSC453,0101,Samuel Daramola,24,1,0,2026-09-04 10:13:27
2026-09-04 09:58:35,PLSC471,0101,Juanita Choo,20,0,0,2026-09-04 10:13:27
2026-09-04 09:58:35,PLSC476,0101,Maile Neel,23,19,0,2026-09-04 10:13:27
2026-09-04 09:58:35,PLSC608,0101,Shunyuan Xiao,20,13,0,2026-09-04 10:13:27
2026-09-04 09:58:35,PORT103,0101,Parker Brookie,15,8,0,2026-09-04 10:13:30
2026-09-04 09:58:35,PORT205,0101,Parker Brookie,15,4,0,2026-09-04 10:13:30
2026-09-04 09:58:35,PORT332,0101,Parker Brookie,25,0,0,2026-09-04 10:13:31
2026-09-04 09:58:35,RELS120,0101,Antoine Borrut,40,7,0,2026-09-04 10:13:56
2026-09-04 09:58:35,RELS170,0101,Chiara Graf,21,2,0,2026-09-04 10:13:57
2026-09-04 09:58:35,RELS170,0102,Chiara Graf,21,0,0,2026-09-04 10:13:57
2026-09-04 09:58:35,RELS170,0103,Chiara Graf,21,1,0,2026-09-04 10:13:57
2026-09-04 09:58:35,RELS170,0104,Chiara Graf,21,0,0,2026-09-04 10:13:57
2026-09-04 09:58:35,RELS170,0105,Chiara Graf,21,0,0,2026-09-04 10:13:57
2026-09-04 09:58:35,RELS170,0106,Chiara Graf,21,0,0,2026-09-04 10:13:57
2026-09-04 09:58:35,RELS170,0107,Chiara Graf,21,0,0,2026-09-04 10:13:57
2026-09-04 09:58:35,RELS170,0108,Chiara Graf,21,0,0,2026-09-04 10:13:57
2026-09-04 09:58:35,RELS170,0109,Chiara Graf,22,0,0,2026-09-04 10:13:57
2026-09-04 09:58:35,RELS171,0101,Maxine Grossman,40,1,0,2026-09-04 10:13:57
2026-09-04 09:58:35,RELS219K,0101,Shay Hazkani,40,33,0,2026-09-04 10:13:57
2026-09-04 09:58:35,RELS225,0101,Stephanie Cooper,25,0,0,2026-09-04 10:13:57
2026-09-04 09:58:35,RELS273,0101,Hayim Lapin,23,0,0,2026-09-04 10:13:58
2026-09-04 09:58:35,RELS273,0102,Hayim Lapin,23,0,0,2026-09-04 10:13:58
2026-09-04 09:58:35,RELS273,0103,Hayim Lapin,23,1,0,2026-09-04 10:13:58
2026-09-04 09:58:35,RELS274,0101,Matthew Suriano,20,0,6,2026-09-04 10:13:58
2026-09-04 09:58:35,RELS274,0102,Matthew Suriano,20,0,5,2026-09-04 10:13:58
2026-09-04 09:58:35,RELS274,0103,Matthew Suriano,20,0,5,2026-09-04 10:13:58
2026-09-04 09:58:35,RELS274,0104,Matthew Suriano,20,0,3,2026-09-04 10:13:58
2026-09-04 09:58:35,RELS319D,0101,Nathan Levine,35,25,0,2026-09-04 10:13:58
2026-09-04 09:58:35,RELS319Z,0101,Regev Ben-David,30,27,0,2026-09-04 10:13:59
2026-09-04 09:58:35,RELS341,0101,Janna Bianchini,30,0,0,2026-09-04 10:13:59
2026-09-04 09:58:35,RUSS101,0101,Inna Hardman,15,6,0,2026-09-04 10:14:01
2026-09-04 09:58:35,RUSS101,0201,Inna Hardman,15,4,0,2026-09-04 10:14:01
2026-09-04 09:58:35,RUSS201,0101,Zhanna Gerus-Vernola,15,8,0,2026-09-04 10:14:01
2026-09-04 09:58:35,RUSS301,0101,Izolda Savenkova,15,5,0,2026-09-04 10:14:02
2026-09-04 09:58:35,RUSS321,0101,Elizabeth Papazian,15,5,0,2026-09-04 10:14:02
2026-09-04 09:58:35,RUSS334,0101,Elizabeth Papazian,25,0,0,2026-09-04 10:14:02
2026-09-04 09:58:35,RUSS404,0101,Izolda Savenkova,15,1,0,2026-09-04 10:14:03
2026-09-04 09:58:35,SDSB123,0101,Brian Kim,40,7,0,2026-09-04 10:14:05
2026-09-04 09:58:35,SDSB180,0101,Brian Kim,180,143,0,2026-09-04 10:14:05
2026-09-04 09:58:35,SDSB233,0101,Jacob Coutts,25,1,0,2026-09-04 10:14:06
2026-09-04 09:58:35,SDSB233,0102,Jacob Coutts,25,10,0,2026-09-04 10:14:06
2026-09-04 09:58:35,SDSB233,0103,Jacob Coutts,25,8,0,2026-09-04 10:14:06
2026-09-04 09:58:35,SDSB326,0101,Jacob Coutts,50,31,0,2026-09-04 10:14:06
2026-09-04 09:58:35,SDSB340,0101,Neil Lund,40,0,0,2026-09-04 10:14:06
2026-09-04 09:58:35,SDSI414,0201,Maria Krupenkin,34,12,0,2026-09-04 10:14:08
2026-09-04 09:58:35,SDSI414,0202,Maria Krupenkin,34,0,0,2026-09-04 10:14:08
2026-09-04 09:58:35,SDSI492,0101,TJ Rainsford,50,11,0,2026-09-04 10:14:08
2026-09-04 09:58:35,SDSI492,0103,Mary Ann Francis,40,0,4,2026-09-04 10:14:08
2026-09-04 09:58:35,SDSI492,0104,TJ Rainsford,50,2,0,2026-09-04 10:14:08
2026-09-04 09:58:35,SDSI492,0106,Jesse Klein,50,0,10,2026-09-04 10:14:08
2026-09-04 09:58:35,SDSI492,0107,Connie Siebold,40,0,5,2026-09-04 10:14:08
2026-09-04 09:58:35,SDSI492,0110,Patrick Thornton,50,27,0,2026-09-04 10:14:08
2026-09-04 09:58:35,SLLC108I,0101,Instructor: TBA,5,4,0,2026-09-04 10:14:11
2026-09-04 09:58:35,SLLC108J,0101,Instructor: TBA,5,5,0,2026-09-04 10:14:11
2026-09-04 09:58:35,SLLC108W,0101,Instructor: TBA,5,4,0,2026-09-04 10:14:11
2026-09-04 09:58:35,SLLC118A,0101,Sean Pue,10,3,0,2026-09-04 10:14:12
2026-09-04 09:58:35,SLLC200,0101,Chris Lewis,30,0,0,2026-09-04 10:14:12
2026-09-04 09:58:35,SLLC286,0101,Andrew Schonebaum,60,6,0,2026-09-04 10:14:12
2026-09-04 09:58:35,SLLC309,0101,Ahmed Hanafy,10,10,0,2026-09-04 10:14:13
2026-09-04 09:58:35,SLLC309,0102,Ahmed Hanafy,10,8,0,2026-09-04 10:14:13
2026-09-04 09:58:35,SLLC309,0103,Ahmed Hanafy,10,8,0,2026-09-04 10:14:13
2026-09-04 09:58:35,SLLC309,0104,Ahmed Hanafy,10,6,0,2026-09-04 10:14:13
2026-09-04 09:58:35,SLLC309,0105,Ahmed Hanafy,10,6,0,2026-09-04 10:14:13
2026-09-04 09:58:35,SLLC309,0106,Ahmed Hanafy,10,7,0,2026-09-04 10:14:13
2026-09-04 09:58:35,SLLC309,0107,Ahmed Hanafy,10,8,0,2026-09-04 10:14:13
2026-09-04 09:58:35,SLLC309,0108,Ahmed Hanafy,10,9,0,2026-09-04 10:14:13
2026-09-04 09:58:35,SLLC309,0109,Ahmed Hanafy,10,7,0,2026-09-04 10:14:13
2026-09-04 09:58:35,SLLC309,0110,Ahmed Hanafy,10,4,0,2026-09-04 10:14:13
2026-09-04 09:58:35,SLLC309,0111,Ahmed Hanafy,10,10,0,2026-09-04 10:14:13
2026-09-04 09:58:35,SLLC329,0101,Marilyn Matar,12,0,0,2026-09-04 10:14:13
2026-09-04 09:58:35,SLLC329,0102,Marilyn Matar,10,1,0,2026-09-04 10:14:13
2026-09-04 09:58:35,SLLC329,0103,Marilyn Matar,21,3,0,2026-09-04 10:14:13
2026-09-04 09:58:35,SLLC329,0104,Marilyn Matar,10,4,0,2026-09-04 10:14:13
2026-09-04 09:58:35,SLLC329,0105,Marilyn Matar,10,9,0,2026-09-04 10:14:13
2026-09-04 09:58:35,SLLC329,0106,Marilyn Matar,10,1,0,2026-09-04 10:14:13
2026-09-04 09:58:35,SLLC329,0107,Marilyn Matar,10,7,0,2026-09-04 10:14:13
2026-09-04 09:58:35,SLLC329,0108,Marilyn Matar,10,7,0,2026-09-04 10:14:13
2026-09-04 09:58:35,SLLC329,0109,Marilyn Matar,10,4,0,2026-09-04 10:14:13
2026-09-04 09:58:35,SLLC329,0110,Marilyn Matar,20,4,0,2026-09-04 10:14:13
2026-09-04 09:58:35,SLLC350,0101,Michele Mason,30,27,0,2026-09-04 10:14:13
2026-09-04 09:58:35,SMLP470,0101,Brooke Smith,45,13,0,2026-09-04 10:14:15
2026-09-04 09:58:35,SMLP472,0101,Sara Herald,60,20,0,2026-09-04 10:14:15
2026-09-04 09:58:35,TLTC310,0101,Sarah Kistner,0,0,0,2026-09-04 10:14:59
2026-09-04 09:58:35,TLTC310,0201,Yanira Ortiz,20,11,0,2026-09-04 10:14:59
2026-09-04 09:58:35,TLTC333,0101,Mona Thompson,60,0,0,2026-09-04 10:14:59
2026-09-04 09:58:35,TLTC333,0102,Mona Thompson,60,0,1,2026-09-04 10:14:59
2026-09-04 09:58:35,TLTC333,0105,Mona Thompson,60,5,0,2026-09-04 10:14:59
2026-09-04 09:58:35,TLTC499A,0101,Mona Thompson,10,7,0,2026-09-04 10:14:59
2026-09-04 09:58:35,TLTC499A,0102,Danielle Pafe,10,6,0,2026-09-04 10:14:59
2026-09-04 09:58:35,UMEI005,0101,Charles Duquette,15,2,0,2026-09-04 10:15:01
2026-09-04 09:58:35,UMEI005,0201,Heather Mehrtens,15,9,0,2026-09-04 10:15:01
2026-09-04 09:58:35,UMEI005,0301,Marilena Draganescu,15,11,0,2026-09-04 10:15:01
2026-09-04 09:58:35,UMEI012,0101,Louise Godley,10,9,0,2026-09-04 10:15:02
2026-09-04 09:58:35,UMEI013,0101,Louise Godley,10,9,0,2026-09-04 10:15:02
2026-09-04 09:58:35,UMEI028A,0101,Raymond Smith,16,14,0,2026-09-04 10:15:02
2026-09-04 09:58:35,UMEI506,0101,Heather Mehrtens,16,0,0,2026-09-04 10:15:03
2026-09-04 09:58:35,UMEI506,0201,Heather Mehrtens,16,6,0,2026-09-04 10:15:03
2026-09-04 09:58:35,UMEI507,0101,Marilena Draganescu,15,4,0,2026-09-04 10:15:03
2026-09-04 09:58:35,USLT201,0101,Robert Chester,25,1,0,2026-09-04 10:15:10
2026-09-04 09:58:35,USLT398C,0101,Angela Pico Pinto,25,17,0,2026-09-04 10:15:10
2026-09-04 09:58:35,USLT450,0101,Robert Chester,20,0,2,2026-09-04 10:15:10
2026-09-04 09:58:35,USLT498C,0101,Ana Rodriguez,20,14,0,2026-09-04 10:15:10
2026-09-04 09:58:35,VIPS099,0115,Veronica Kang,5,3,0,2026-09-04 10:15:12
2026-09-04 09:58:35,VIPS208,0101,Mary Bowden,10,10,0,2026-09-04 10:15:12
2026-09-04 09:58:35,VIPS208,0102,Ken Kiger,10,2,0,2026-09-04 10:15:12
2026-09-04 09:58:35,VIPS208,0103,Bryan Quinn,10,7,0,2026-09-04 10:15:12
2026-09-04 09:58:35,VIPS208,0104,Abdil Chowdhury,10,1,0,2026-09-04 10:15:12
2026-09-04 09:58:35,VIPS208,0105,Molly Carton,10,7,0,2026-09-04 10:15:12
2026-09-04 09:58:35,VIPS208,0106,James Baeder,14,2,0,2026-09-04 10:15:12
2026-09-04 09:58:35,VIPS208,0107,Catherine Spirito,10,6,0,2026-09-04 10:15:12
2026-09-04 09:58:35,VIPS208,0108,Ronald Yaros,10,4,0,2026-09-04 10:15:12
2026-09-04 09:58:35,VIPS208,0109,Carinna Ferguson,10,6,0,2026-09-04 10:15:12
2026-09-04 09:58:35,VIPS208,0110,Tracy Riggins,15,0,0,2026-09-04 10:15:12
2026-09-04 09:58:35,VIPS208,0111,Kevin Calabro,13,2,0,2026-09-04 10:15:12
2026-09-04 09:58:35,VIPS208,0112,Raffaele Viglianti,10,5,0,2026-09-04 10:15:12
2026-09-04 09:58:35,VIPS208,0113,Shabnam Jabeen,10,3,0,2026-09-04 10:15:12
2026-09-04 09:58:35,VIPS208,0114,Ning Zeng,15,6,0,2026-09-04 10:15:12
2026-09-04 09:58:35,VIPS208,0115,Veronica Kang,10,5,0,2026-09-04 10:15:12
2026-09-04 09:58:35,VIPS208,0116,David Stewart,10,0,0,2026-09-04 10:15:12
2026-09-04 09:58:35,VIPS208,0117,Meredith Epstein,10,8,0,2026-09-04 10:15:12
2026-09-04 09:58:35,VIPS208,0118,Magaly Toro Ibaceta,10,3,0,2026-09-04 10:15:12
2026-09-04 09:58:35,VIPS208,0120,Marisa Parham,10,5,0,2026-09-04 10:15:12
2026-09-04 09:58:35,VIPS208,0121,Becky Epanchin-Niell,10,1,0,2026-09-04 10:15:12
2026-09-04 09:58:35,VIPS208,0122,Timothy Reedy,10,2,0,2026-09-04 10:15:12
2026-09-04 09:58:35,VIPS208,0123,Lingnan Lin,13,4,0,2026-09-04 10:15:12
2026-09-04 09:58:35,VIPS208,0124,Jeffrey Moro,10,4,0,2026-09-04 10:15:12
2026-09-04 09:58:35,VIPS208,0125,Peter Sunderland,12,4,0,2026-09-04 10:15:12
2026-09-04 09:58:35,VIPS208,0126,Brienna Anderson,10,3,0,2026-09-04 10:15:12
2026-09-04 09:58:35,VIPS308,0101,Mary Bowden,10,9,0,2026-09-04 10:15:13
2026-09-04 09:58:35,VIPS308,0102,Ken Kiger,10,3,0,2026-09-04 10:15:13
2026-09-04 09:58:35,VIPS308,0103,Bryan Quinn,10,2,0,2026-09-04 10:15:13
2026-09-04 09:58:35,VIPS308,0104,Abdil Chowdhury,10,3,0,2026-09-04 10:15:13
2026-09-04 09:58:35,VIPS308,0105,Molly Carton,10,3,0,2026-09-04 10:15:13
2026-09-04 09:58:35,VIPS308,0106,James Baeder,10,4,0,2026-09-04 10:15:13
2026-09-04 09:58:35,VIPS308,0107,Catherine Spirito,10,7,0,2026-09-04 10:15:13
2026-09-04 09:58:35,VIPS308,0108,Ronald Yaros,10,9,0,2026-09-04 10:15:13
2026-09-04 09:58:35,VIPS308,0109,Carinna Ferguson,10,6,0,2026-09-04 10:15:13
2026-09-04 09:58:35,VIPS308,0110,Tracy Riggins,10,0,0,2026-09-04 10:15:13
2026-09-04 09:58:35,VIPS308,0111,Kevin Calabro,10,6,0,2026-09-04 10:15:13
2026-09-04 09:58:35,VIPS308,0112,Raffaele Viglianti,10,10,0,2026-09-04 10:15:13
2026-09-04 09:58:35,VIPS308,0113,Shabnam Jabeen,10,8,0,2026-09-04 10:15:13
2026-09-04 09:58:35,VIPS308,0114,Ning Zeng,10,9,0,2026-09-04 10:15:13
2026-09-04 09:58:35,VIPS308,0115,Veronica Kang,10,10,0,2026-09-04 10:15:13
2026-09-04 09:58:35,VIPS308,0116,David Stewart,10,10,0,2026-09-04 10:15:13
2026-09-04 09:58:35,VIPS308,0117,Meredith Epstein,10,8,0,2026-09-04 10:15:13
2026-09-04 09:58:35,VIPS308,0118,Magaly Toro Ibaceta,10,10,0,2026-09-04 10:15:13
2026-09-04 09:58:35,VIPS308,0120,Marisa Parham,10,9,0,2026-09-04 10:15:13
2026-09-04 09:58:35,VIPS308,0121,Becky Epanchin-Niell,10,10,0,2026-09-04 10:15:13
2026-09-04 09:58:35,VIPS308,0122,Timothy Reedy,10,10,0,2026-09-04 10:15:13
2026-09-04 09:58:35,VIPS308,0123,Lingnan Lin,10,10,0,2026-09-04 10:15:13
2026-09-04 09:58:35,VIPS308,0124,Jeffrey Moro,10,10,0,2026-09-04 10:15:13
2026-09-04 09:58:35,VIPS308,0125,Peter Sunderland,10,10,0,2026-09-04 10:15:13
2026-09-04 09:58:35,VIPS308,0126,Brienna Anderson,10,10,0,2026-09-04 10:15:13
2026-09-04 09:58:35,VIPS408,0101,Mary Bowden,10,4,0,2026-09-04 10:15:13
2026-09-04 09:58:35,VIPS408,0102,Ken Kiger,10,8,0,2026-09-04 10:15:13
2026-09-04 09:58:35,VIPS408,0103,Bryan Quinn,10,3,0,2026-09-04 10:15:13
2026-09-04 09:58:35,VIPS408,0104,Abdil Chowdhury,10,8,0,2026-09-04 10:15:13
2026-09-04 09:58:35,VIPS408,0105,Molly Carton,10,8,0,2026-09-04 10:15:13
2026-09-04 09:58:35,VIPS408,0106,James Baeder,10,7,0,2026-09-04 10:15:13
2026-09-04 09:58:35,VIPS408,0107,Catherine Spirito,10,10,0,2026-09-04 10:15:13
2026-09-04 09:58:35,VIPS408,0108,Ronald Yaros,10,8,0,2026-09-04 10:15:13
2026-09-04 09:58:35,VIPS408,0109,Carinna Ferguson,10,8,0,2026-09-04 10:15:13
2026-09-04 09:58:35,VIPS408,0110,Tracy Riggins,10,10,0,2026-09-04 10:15:13
2026-09-04 09:58:35,VIPS408,0111,Kevin Calabro,10,7,0,2026-09-04 10:15:13
2026-09-04 09:58:35,VIPS408,0112,Raffaele Viglianti,10,9,0,2026-09-04 10:15:13
2026-09-04 09:58:35,VIPS408,0113,Shabnam Jabeen,10,10,0,2026-09-04 10:15:13
2026-09-04 09:58:35,VIPS408,0114,Ning Zeng,10,10,0,2026-09-04 10:15:13
2026-09-04 09:58:35,VIPS408,0115,Veronica Kang,10,10,0,2026-09-04 10:15:13
2026-09-04 09:58:35,VIPS408,0116,David Stewart,10,10,0,2026-09-04 10:15:13
2026-09-04 09:58:35,VIPS408,0117,Meredith Epstein,10,10,0,2026-09-04 10:15:13
2026-09-04 09:58:35,VIPS408,0118,Magaly Toro Ibaceta,10,9,0,2026-09-04 10:15:13
2026-09-04 09:58:35,VIPS408,0120,Marisa Parham,10,10,0,2026-09-04 10:15:13
2026-09-04 09:58:35,VIPS408,0121,Becky Epanchin-Niell,10,10,0,2026-09-04 10:15:13
2026-09-04 09:58:35,VIPS408,0122,Timothy Reedy,10,10,0,2026-09-04 10:15:13
2026-09-04 09:58:35,VIPS408,0123,Lingnan Lin,10,10,0,2026-09-04 10:15:13
2026-09-04 09:58:35,VIPS408,0124,Jeffrey Moro,10,10,0,2026-09-04 10:15:13
2026-09-04 09:58:35,VIPS408,0125,Peter Sunderland,10,10,0,2026-09-04 10:15:13
2026-09-04 09:58:35,VIPS408,0126,Brienna Anderson,10,10,0,2026-09-04 10:15:13
2026-09-04 09:58:35,WEID139B,0101,Denise Joseph,48,12,0,2026-09-04 10:15:16
2026-09-04 09:58:35,WEID139L,0201,Taylor Togafau-Lewis,48,17,0,2026-09-04 10:15:16
2026-09-04 14:35:19,AAAS100,0101,Shane Walsh,35,1,0,2026-09-04 14:35:20
2026-09-04 14:35:19,AAAS100,0201,Shane Walsh,35,0,0,2026-09-04 14:35:20
2026-09-04 14:35:19,AAAS100,0301,George Kintiba,70,37,0,2026-09-04 14:35:20
2026-09-04 14:35:19,AAAS100,0401,Jason Nichols,30,0,0,2026-09-04 14:35:20
2026-09-04 14:35:19,AAAS100,0501,Jason Nichols,35,0,0,2026-09-04 14:35:20
2026-09-04 14:35:19,AAAS101,0101,Chinyere Osuji,40,1,0,2026-09-04 14:35:21
2026-09-04 14:35:19,AAAS187,0101,Robert Choflet,30,0,0,2026-09-04 14:35:21
2026-09-04 14:35:19,AAAS187,0201,Joseph Richardson,30,0,0,2026-09-04 14:35:21
2026-09-04 14:35:19,AAAS200,0101,George Kintiba,40,3,0,2026-09-04 14:35:21
2026-09-04 14:35:19,AAAS202,0101,Robert Choflet,35,4,0,2026-09-04 14:35:22
2026-09-04 14:35:19,AAAS202,0201,Robert Choflet,35,5,0,2026-09-04 14:35:22
2026-09-04 14:35:19,AAAS202,0301,Angelica Dunbar,35,2,0,2026-09-04 14:35:22
2026-09-04 14:35:19,AAAS202,0401,Ashley Everson,35,0,0,2026-09-04 14:35:22
2026-09-04 14:35:19,AAAS202,0501,Ashley Everson,20,0,0,2026-09-04 14:35:22
2026-09-04 14:35:19,AAAS210,0101,Angelica Dunbar,20,16,0,2026-09-04 14:35:22
2026-09-04 14:35:19,AAAS211,0101,Shane Walsh,30,0,0,2026-09-04 14:35:22
2026-09-04 14:35:19,AAAS230,0101,Ashley Newby,30,0,0,2026-09-04 14:35:22
2026-09-04 14:35:19,AAAS230,0201,Ashley Newby,30,0,0,2026-09-04 14:35:22
2026-09-04 14:35:19,AAAS234,0201,Mike Kolakoski,30,2,0,2026-09-04 14:35:22
2026-09-04 14:35:19,AAAS254,0101,Christopher Bonner,40,1,0,2026-09-04 14:35:23
2026-09-04 14:35:19,AAAS271,0101,Sydney Lewis,30,0,0,2026-09-04 14:35:23
2026-09-04 14:35:19,AAAS310,0101,George Kintiba,25,20,0,2026-09-04 14:35:23
2026-09-04 14:35:19,AAAS320,0101,Cecily Jackson,25,0,0,2026-09-04 14:35:23
2026-09-04 14:35:19,AAAS320,0201,Cecily Jackson,25,0,0,2026-09-04 14:35:23
2026-09-04 14:35:19,AAAS325,0101,Traci Dula,20,3,0,2026-09-04 14:35:23
2026-09-04 14:35:19,AAAS350,0101,John Drabinski,20,0,0,2026-09-04 14:35:23
2026-09-04 14:35:19,AAAS361,0101,Michelle Rowley,35,24,0,2026-09-04 14:35:24
2026-09-04 14:35:19,AAAS386,0101,Marshal Washington,10,10,0,2026-09-04 14:35:24
2026-09-04 14:35:19,AAAS397,0101,John Drabinski,2,2,0,2026-09-04 14:35:24
2026-09-04 14:35:19,AAAS397,0201,Angelica Dunbar,2,2,0,2026-09-04 14:35:24
2026-09-04 14:35:19,AAAS397,0301,Sharon Harley,2,2,0,2026-09-04 14:35:24
2026-09-04 14:35:19,AAAS397,0401,Cecily Jackson,2,2,0,2026-09-04 14:35:24
2026-09-04 14:35:19,AAAS397,0501,Sangeetha Madhavan,2,2,0,2026-09-04 14:35:24
2026-09-04 14:35:19,AAAS397,0601,Ashley Newby,1,1,0,2026-09-04 14:35:24
2026-09-04 14:35:19,AAAS397,0701,Chinyere Osuji,2,2,0,2026-09-04 14:35:24
2026-09-04 14:35:19,AAAS397,0801,Periloux Peay,2,2,0,2026-09-04 14:35:24
2026-09-04 14:35:19,AAAS397,0901,Joseph Richardson,2,2,0,2026-09-04 14:35:24
2026-09-04 14:35:19,AAAS398B,0101,Beka Guluma,20,12,0,2026-09-04 14:35:24
2026-09-04 14:35:19,AAAS398W,0101,Jason Nichols,25,9,0,2026-09-04 14:35:24
2026-09-04 14:35:19,AAAS399,0101,Robert Choflet,4,4,0,2026-09-04 14:35:25
2026-09-04 14:35:19,AAAS399,0201,John Drabinski,4,4,0,2026-09-04 14:35:25
2026-09-04 14:35:19,AAAS399,0301,Angelica Dunbar,4,3,0,2026-09-04 14:35:25
2026-09-04 14:35:19,AAAS399,0401,Sharon Harley,4,4,0,2026-09-04 14:35:25
2026-09-04 14:35:19,AAAS399,0501,Cecily Jackson,4,4,0,2026-09-04 14:35:25
2026-09-04 14:35:19,AAAS399,0601,Cecily Jackson,4,4,0,2026-09-04 14:35:25
2026-09-04 14:35:19,AAAS399,0701,Sharon Harley,4,4,0,2026-09-04 14:35:25
2026-09-04 14:35:19,AAAS399,0801,George Kintiba,4,4,0,2026-09-04 14:35:25
2026-09-04 14:35:19,AAAS399,0901,Jason Nichols,4,4,0,2026-09-04 14:35:25
2026-09-04 14:35:19,AAAS399,1001,Ashley Newby,4,3,0,2026-09-04 14:35:25
2026-09-04 14:35:19,AAAS399,1101,Jason Nichols,4,4,0,2026-09-04 14:35:25
2026-09-04 14:35:19,AAAS399,1201,Joseph Richardson,4,4,0,2026-09-04 14:35:25
2026-09-04 14:35:19,AAAS399,1301,Shane Walsh,4,4,0,2026-09-04 14:35:25
2026-09-04 14:35:19,AAAS399,1401,Joseph Richardson,4,4,0,2026-09-04 14:35:25
2026-09-04 14:35:19,AAAS399,1501,Shane Walsh,4,4,0,2026-09-04 14:35:25
2026-09-04 14:35:19,AAAS400,0101,Periloux Peay,25,22,0,2026-09-04 14:35:25
2026-09-04 14:35:19,AAAS415,0101,Periloux Peay,30,1,0,2026-09-04 14:35:25
2026-09-04 14:35:19,AAAS499N,0101,Anne Rosen,25,1,0,2026-09-04 14:35:25
2026-09-04 14:35:19,AAST200,0101,Jennifer Cho,30,0,0,2026-09-04 14:35:27
2026-09-04 14:35:19,AAST200,0102,Binod Paudyal,30,0,0,2026-09-04 14:35:27
2026-09-04 14:35:19,AAST322,0101,Julie Park,30,3,0,2026-09-04 14:35:27
2026-09-04 14:35:19,AAST351,0101,Binod Paudyal,35,1,0,2026-09-04 14:35:27
2026-09-04 14:35:19,AAST355,0101,Jennifer Cho,35,0,8,2026-09-04 14:35:27
2026-09-04 14:35:19,AAST378,0101,Janelle Wong,2,2,0,2026-09-04 14:35:27
2026-09-04 14:35:19,AAST394,0101,Wenxi Yang,30,3,0,2026-09-04 14:35:28
2026-09-04 14:35:19,AAST398I,0101,Michelle Magalong,24,1,0,2026-09-04 14:35:30
2026-09-04 14:35:19,AAST398W,0101,Chris Eng,25,13,0,2026-09-04 14:35:30
2026-09-04 14:35:19,AAST421,0101,Tuyet Duong,20,0,0,2026-09-04 14:35:30
2026-09-04 14:35:19,AAST422,0101,Jennifer Cho,25,4,0,2026-09-04 14:35:30
2026-09-04 14:35:19,AAST424,0101,Dawn Dow,29,10,0,2026-09-04 14:35:30
2026-09-04 14:35:19,AAST440,0101,Binod Paudyal,25,0,3,2026-09-04 14:35:30
2026-09-04 14:35:19,AAST443,0101,Janelle Wong,30,0,1,2026-09-04 14:35:31
2026-09-04 14:35:19,ABRM330,0101,Rashawn Ray,40,0,0,2026-09-04 14:35:32
2026-09-04 14:35:19,ARAB101,0101,Samah Al-salami,15,1,0,2026-09-04 14:36:02
2026-09-04 14:35:19,ARAB101,0201,Ahmed Hanafy,15,4,0,2026-09-04 14:36:02
2026-09-04 14:35:19,ARAB102,0101,Samah Al-salami,15,0,0,2026-09-04 14:36:02
2026-09-04 14:35:19,ARAB102,0201,Lutf Alkebsi,15,12,0,2026-09-04 14:36:02
2026-09-04 14:35:19,ARAB201,0101,Lutf Alkebsi,15,1,0,2026-09-04 14:36:03
2026-09-04 14:35:19,ARAB201,0201,Lutf Alkebsi,15,11,0,2026-09-04 14:36:03
2026-09-04 14:35:19,ARAB208L,0101,Samah Al-salami,15,4,0,2026-09-04 14:36:03
2026-09-04 14:35:19,ARAB225,0101,Ahmed Hanafy,15,1,0,2026-09-04 14:36:03
2026-09-04 14:35:19,ARAB301,0101,Ahmed Hanafy,15,6,0,2026-09-04 14:36:03
2026-09-04 14:35:19,ARAB321,0101,Ahmed Hanafy,15,9,0,2026-09-04 14:36:03
2026-09-04 14:35:19,ARAB322,0101,Samah Al-salami,15,8,0,2026-09-04 14:36:04
2026-09-04 14:35:19,ARAB398A,0101,Lutf Alkebsi,15,5,0,2026-09-04 14:36:04
2026-09-04 14:35:19,ARAB499E,0101,Brendan Kibbee,20,0,1,2026-09-04 14:36:04
2026-09-04 14:35:19,ARMY106,0101,Thomas Battinieri,31,26,0,2026-09-04 14:36:24
2026-09-04 14:35:19,ARMY106,0102,Thomas Battinieri,40,30,0,2026-09-04 14:36:24
2026-09-04 14:35:19,ARMY106,FC01,Andrew Bischoff,15,11,0,2026-09-04 14:36:24
2026-09-04 14:35:19,ARMY106,FC02,Thomas Battinieri,9,8,0,2026-09-04 14:36:24
2026-09-04 14:35:19,ARMY110,0101,Andrew Bischoff,15,15,0,2026-09-04 14:36:25
2026-09-04 14:35:19,ARMY201,0102,Thomas Battinieri,35,14,0,2026-09-04 14:36:25
2026-09-04 14:35:19,ARMY301,0101,Joshua Guiod,40,21,0,2026-09-04 14:36:25
2026-09-04 14:35:19,ARMY401,0102,Andrew Bischoff,50,13,0,2026-09-04 14:36:25
2026-09-04 14:35:19,ARSC059,0101,Kathleen West,220,65,0,2026-09-04 14:36:26
2026-09-04 14:35:19,ARSC059,FC01,Jens Lyndrup,10,4,0,2026-09-04 14:36:26
2026-09-04 14:35:19,ARSC100,0101,Jens Lyndrup,50,33,0,2026-09-04 14:36:27
2026-09-04 14:35:19,ARSC100,0102,Jens Lyndrup,75,22,0,2026-09-04 14:36:27
2026-09-04 14:35:19,ARSC100,0103,Jens Lyndrup,40,32,0,2026-09-04 14:36:27
2026-09-04 14:35:19,ARSC100,FC01,Jens Lyndrup,5,2,0,2026-09-04 14:36:27
2026-09-04 14:35:19,ARSC100,FC02,Jens Lyndrup,10,6,0,2026-09-04 14:36:27
2026-09-04 14:35:19,ARSC200,0101,Alan Snyder,50,16,0,2026-09-04 14:36:27
2026-09-04 14:35:19,ARSC200,0102,Alan Snyder,35,22,0,2026-09-04 14:36:27
2026-09-04 14:35:19,ARSC200,0103,Alan Snyder,40,31,0,2026-09-04 14:36:27
2026-09-04 14:35:19,ARSC300,0101,Kathleen West,30,5,0,2026-09-04 14:36:27
2026-09-04 14:35:19,ARSC300,0102,Kathleen West,20,13,0,2026-09-04 14:36:27
2026-09-04 14:35:19,ARSC400,0101,Walter Mitchell,30,16,0,2026-09-04 14:36:27
2026-09-04 14:35:19,ARSC400,0102,Walter Mitchell,20,18,0,2026-09-04 14:36:27
2026-09-04 14:35:19,ARSC400,0201,Walter Mitchell,10,10,0,2026-09-04 14:36:27
2026-09-04 14:35:19,BMIN210,0101,Darlene Dennison,180,4,0,2026-09-04 14:37:10
2026-09-04 14:35:19,BMIN210,0201,Darlene Dennison,180,86,0,2026-09-04 14:37:10
2026-09-04 14:35:19,BMIN305,0101,Tejwansh Anand,180,22,0,2026-09-04 14:37:10
2026-09-04 14:35:19,BMIN345,0101,Michael Padhi,275,32,0,2026-09-04 14:37:10
2026-09-04 14:35:19,BMIN355,0101,Idil Yaveroglu,180,3,0,2026-09-04 14:37:11
2026-09-04 14:35:19,BMIN355,0201,Idil Yaveroglu,180,25,0,2026-09-04 14:37:11
2026-09-04 14:35:19,BMIN375,0101,Leland Gardner,185,0,1,2026-09-04 14:37:11
2026-09-04 14:35:19,BMIN395,0101,Nima Farshchi,200,2,0,2026-09-04 14:37:11
2026-09-04 14:35:19,BMIN395,0201,Nima Farshchi,200,108,0,2026-09-04 14:37:11
2026-09-04 14:35:19,BOIS602,WI01,Woei-jyh Lee,40,5,0,2026-09-04 14:37:14
2026-09-04 14:35:19,BOIS604,WI01,Manmohan Aseri,40,4,0,2026-09-04 14:37:14
2026-09-04 14:35:19,BOIS631,WI01,Sujin Kim,40,6,0,2026-09-04 14:37:14
2026-09-04 14:35:19,BSOS355,0101,Liza Lebrun,30,30,0,2026-09-04 14:37:21
2026-09-04 14:35:19,BSOS361,0101,TC Lloyd,30,2,0,2026-09-04 14:37:21
2026-09-04 14:35:19,BSOS361,0103,Keia Brown,30,2,0,2026-09-04 14:37:21
2026-09-04 14:35:19,BSOS361,0104,David Tana,30,1,0,2026-09-04 14:37:21
2026-09-04 14:35:19,BSOS361,0105,TC Lloyd,30,1,0,2026-09-04 14:37:21
2026-09-04 14:35:19,BSOS388C,0101,Nikita Kimani,20,0,0,2026-09-04 14:37:21
2026-09-04 14:35:19,BSOS388C,0201,Nikita Kimani,20,2,0,2026-09-04 14:37:21
2026-09-04 14:35:19,BSOS388E,0101,Liza Lebrun,30,30,0,2026-09-04 14:37:22
2026-09-04 14:35:19,BUSO600,SO11,Neta Moye,42,4,0,2026-09-04 14:37:35
2026-09-04 14:35:19,BUSO600,SO12,Neta Moye,42,7,0,2026-09-04 14:37:35
2026-09-04 14:35:19,BUSO603,SO11,Ilya Ryzhov,42,4,0,2026-09-04 14:37:35
2026-09-04 14:35:19,BUSO603,SO12,Ilya Ryzhov,42,4,0,2026-09-04 14:37:35
2026-09-04 14:35:19,BUSO604,SO11,Bennet Zelner,42,5,0,2026-09-04 14:37:35
2026-09-04 14:35:19,BUSO604,SO12,Bennet Zelner,42,5,0,2026-09-04 14:37:35
2026-09-04 14:35:19,BUSO612,SO11,Henry Boyd,42,4,0,2026-09-04 14:37:36
2026-09-04 14:35:19,BUSO612,SO12,Henry Boyd,42,2,0,2026-09-04 14:37:36
2026-09-04 14:35:19,BUSO616,SO31,Brent Solomon,38,2,0,2026-09-04 14:37:36
2026-09-04 14:35:19,BUSO616,SO32,Brent Solomon,38,0,0,2026-09-04 14:37:36
2026-09-04 14:35:19,BUSO624,SO31,Yi Xu,38,3,0,2026-09-04 14:37:36
2026-09-04 14:35:19,BUSO624,SO32,Yi Xu,38,0,0,2026-09-04 14:37:36
2026-09-04 14:35:19,BUSO700,SO91,Paulo Prochno,0,0,0,2026-09-04 14:37:36
2026-09-04 14:35:19,BUSO711,SO31,Gosia Langa Basit,28,1,0,2026-09-04 14:37:36
2026-09-04 14:35:19,BUSO711,SO32,Gosia Langa Basit,28,4,0,2026-09-04 14:37:36
2026-09-04 14:35:19,BUSO711,SO33,Gosia Langa Basit,28,3,0,2026-09-04 14:37:36
2026-09-04 14:35:19,BUSO731,SO51,Tejwansh Anand,49,0,0,2026-09-04 14:37:36
2026-09-04 14:35:19,BUSO752,SO51,Leland Gardner,35,13,0,2026-09-04 14:37:37
2026-09-04 14:35:19,BUSO758G,SO51,James Seward,35,13,0,2026-09-04 14:37:37
2026-09-04 14:35:19,BUSO758M,SO51,Paulo Prochno,49,2,0,2026-09-04 14:37:37
2026-09-04 14:35:19,BUSO758M,SO52,Paulo Prochno,49,2,0,2026-09-04 14:37:37
2026-09-04 14:35:19,BUSO758T,SO51,Michael Cichello,35,18,0,2026-09-04 14:37:37
2026-09-04 14:35:19,BUSO758W,SO51,Yogesh Joshi,33,1,0,2026-09-04 14:37:37
2026-09-04 14:35:19,BUSO758W,SO52,Yogesh Joshi,33,3,0,2026-09-04 14:37:37
2026-09-04 14:35:19,BUSO758X,SO51,Pallassana Kannan,49,3,0,2026-09-04 14:37:37
2026-09-04 14:35:19,BUSO788F,GX01,Judy Frels,25,5,0,2026-09-04 14:37:38
2026-09-04 14:35:19,BUSO788W,GX01,Zhi-Long Chen,30,5,0,2026-09-04 14:37:38
2026-09-04 14:35:19,CHSE200,0101,Betsy Tornquist,10,1,0,2026-09-04 14:37:56
2026-09-04 14:35:19,CHSE205,0101,Yewon Lee,60,0,7,2026-09-04 14:37:56
2026-09-04 14:35:19,CHSE205,0201,Yewon Lee,60,0,0,2026-09-04 14:37:56
2026-09-04 14:35:19,CHSE228C,0101,Nikita Kimani,20,0,0,2026-09-04 14:37:56
2026-09-04 14:35:19,CHSE228C,0201,Nikita Kimani,20,2,0,2026-09-04 14:37:56
2026-09-04 14:35:19,CHSE228C,0301,Nikita Kimani,20,1,0,2026-09-04 14:37:56
2026-09-04 14:35:19,CHSE230,0101,Isabelle Grable,25,16,0,2026-09-04 14:37:56
2026-09-04 14:35:19,CHSE376,0101,Michael Dunham,22,0,6,2026-09-04 14:37:57
2026-09-04 14:35:19,CHSE376,0201,Colleen McGilpin,20,0,8,2026-09-04 14:37:57
2026-09-04 14:35:19,CHSE376,0301,Elizabeth Martinez,20,0,4,2026-09-04 14:37:57
2026-09-04 14:35:19,CHSE376,0401,Chanai Brewster,20,0,4,2026-09-04 14:37:57
2026-09-04 14:35:19,CHSE476,0101,Michael Dunham,20,6,0,2026-09-04 14:37:57
2026-09-04 14:35:19,CHSE477,0101,Michael Dunham,15,4,0,2026-09-04 14:37:57
2026-09-04 14:35:19,CHSE489,1901,Amy D'Agati,15,10,0,2026-09-04 14:37:57
2026-09-04 14:35:19,CHSE498,2401,Meredith Gramlich,10,1,0,2026-09-04 14:37:57
2026-09-04 14:35:19,CHSE498,3701,Michael Dunham,2,1,0,2026-09-04 14:37:57
2026-09-04 14:35:19,CINE245,0101,Eric Zakim,22,0,2,2026-09-04 14:37:59
2026-09-04 14:35:19,CINE245,0102,Eric Zakim,22,0,1,2026-09-04 14:37:59
2026-09-04 14:35:19,CINE245,0103,Eric Zakim,22,0,4,2026-09-04 14:37:59
2026-09-04 14:35:19,CINE245,0104,Eric Zakim,22,0,1,2026-09-04 14:37:59
2026-09-04 14:35:19,CINE280,0101,Porter Olsen,30,0,0,2026-09-04 14:37:59
2026-09-04 14:35:19,CINE280,0201,John Tobin,30,0,0,2026-09-04 14:37:59
2026-09-04 14:35:19,CINE298A,0101,Caroline Eades,20,0,0,2026-09-04 14:37:59
2026-09-04 14:35:19,CINE301,0101,Eric Zakim,30,0,0,2026-09-04 14:37:59
2026-09-04 14:35:19,CINE310,0101,Nathaniel Stevens,15,0,0,2026-09-04 14:38:00
2026-09-04 14:35:19,CINE315,0101,Yael Inbar,15,0,1,2026-09-04 14:38:00
2026-09-04 14:35:19,CINE319G,0101,Oliver Gaycken,25,16,0,2026-09-04 14:38:00
2026-09-04 14:35:19,CINE319P,5501,Samuel Crawford,10,0,2,2026-09-04 14:38:00
2026-09-04 14:35:19,CINE319Z,0101,Paul Cote,25,7,0,2026-09-04 14:38:00
2026-09-04 14:35:19,CINE329T,0101,Daniel Richter,25,0,14,2026-09-04 14:38:01
2026-09-04 14:35:19,CINE332,0101,Parker Brookie,25,1,0,2026-09-04 14:38:01
2026-09-04 14:35:19,CINE334,0101,Elizabeth Papazian,25,0,0,2026-09-04 14:38:12
2026-09-04 14:35:19,CINE337,0101,Jason Kuo,25,0,1,2026-09-04 14:38:12
2026-09-04 14:35:19,CINE342,0101,Luka Arsenjuk,20,0,2,2026-09-04 14:38:13
2026-09-04 14:35:19,CINE350,0101,John Drabinski,20,0,0,2026-09-04 14:38:13
2026-09-04 14:35:19,CINE359C,0101,Daniel Richter,25,0,6,2026-09-04 14:38:13
2026-09-04 14:35:19,CINE369B,0101,Eva Hageman,30,0,0,2026-09-04 14:38:13
2026-09-04 14:35:19,CINE369K,0101,Paul Cote,20,1,0,2026-09-04 14:38:13
2026-09-04 14:35:19,CINE376,0101,Ross Angelella,15,4,0,2026-09-04 14:38:14
2026-09-04 14:35:19,CINE376,0102,Ross Angelella,5,2,0,2026-09-04 14:38:14
2026-09-04 14:35:19,CINE415,0101,Mathew Bainbridge,15,0,0,2026-09-04 14:38:14
2026-09-04 14:35:19,CINE419P,0101,Oliver Gaycken,20,14,0,2026-09-04 14:38:15
2026-09-04 14:35:19,CINE459P,0101,Luka Arsenjuk,20,0,2,2026-09-04 14:38:15
2026-09-04 14:35:19,CLAS170,0101,Chiara Graf,21,4,0,2026-09-04 14:38:18
2026-09-04 14:35:19,CLAS170,0102,Chiara Graf,21,0,0,2026-09-04 14:38:18
2026-09-04 14:35:19,CLAS170,0103,Chiara Graf,21,0,0,2026-09-04 14:38:18
2026-09-04 14:35:19,CLAS170,0104,Chiara Graf,21,0,0,2026-09-04 14:38:18
2026-09-04 14:35:19,CLAS170,0105,Chiara Graf,21,0,0,2026-09-04 14:38:18
2026-09-04 14:35:19,CLAS170,0106,Chiara Graf,21,0,0,2026-09-04 14:38:18
2026-09-04 14:35:19,CLAS170,0107,Chiara Graf,21,0,0,2026-09-04 14:38:18
2026-09-04 14:35:19,CLAS170,0108,Chiara Graf,21,0,0,2026-09-04 14:38:18
2026-09-04 14:35:19,CLAS170,0109,Chiara Graf,22,0,0,2026-09-04 14:38:18
2026-09-04 14:35:19,CLAS170,FC01,Chelsea Stolt,28,4,0,2026-09-04 14:38:18
2026-09-04 14:35:19,CLAS170,FC02,Chelsea Stolt,28,0,0,2026-09-04 14:38:18
2026-09-04 14:35:19,CLAS170,FC03,Eugenia Lao,28,8,0,2026-09-04 14:38:18
2026-09-04 14:35:19,CLAS170,FC05,Charis Addai,28,5,0,2026-09-04 14:38:18
2026-09-04 14:35:19,CLAS277,0101,Chiara Graf,25,0,0,2026-09-04 14:38:19
2026-09-04 14:35:19,CLAS277,0102,Chiara Graf,25,1,0,2026-09-04 14:38:19
2026-09-04 14:35:19,CLAS277,0103,Chiara Graf,25,4,0,2026-09-04 14:38:19
2026-09-04 14:35:19,CLAS277,0104,Chiara Graf,25,3,0,2026-09-04 14:38:19
2026-09-04 14:35:19,CLAS277,0105,Chiara Graf,25,1,0,2026-09-04 14:38:19
2026-09-04 14:35:19,CLAS277,0106,Chiara Graf,25,2,0,2026-09-04 14:38:19
2026-09-04 14:35:19,CLAS305,0101,Jorge Bravo,35,3,0,2026-09-04 14:38:19
2026-09-04 14:35:19,CLAS309N,0101,Nathan Levine,35,25,0,2026-09-04 14:38:19
2026-09-04 14:35:19,CLAS310,0101,Rachel Singpurwalla,20,1,0,2026-09-04 14:38:19
2026-09-04 14:35:19,CLAS310,0102,Rachel Singpurwalla,20,0,2,2026-09-04 14:38:19
2026-09-04 14:35:19,CLAS310,0103,Rachel Singpurwalla,20,0,1,2026-09-04 14:38:19
2026-09-04 14:35:19,CLAS312,0101,Polyvia Parara,35,6,0,2026-09-04 14:38:19
2026-09-04 14:35:19,CMLT235,0101,Brielle Gorrell,30,1,0,2026-09-04 14:38:23
2026-09-04 14:35:19,CMLT270,0101,Hannah (Toyin) Adeyemi,30,0,0,2026-09-04 14:38:24
2026-09-04 14:35:19,CMLT270,0201,Shakiba Sharifpour,30,1,0,2026-09-04 14:38:24
2026-09-04 14:35:19,CMLT275,0201,Abhinav Bhardwaj,30,0,2,2026-09-04 14:38:25
2026-09-04 14:35:19,CMLT277,0101,Nahid Ahmadian,30,0,1,2026-09-04 14:38:25
2026-09-04 14:35:19,CMLT280,0101,Porter Olsen,30,0,0,2026-09-04 14:38:25
2026-09-04 14:35:19,CMLT280,0201,John Tobin,30,0,0,2026-09-04 14:38:25
2026-09-04 14:35:19,CPBE100,0101,Oliver Schlake,95,25,0,2026-09-04 14:38:45
2026-09-04 14:35:19,CPBE200,0101,Oliver Schlake,75,33,0,2026-09-04 14:38:46
2026-09-04 14:35:19,CPBE225,0101,Ira Koretsky,38,13,0,2026-09-04 14:38:46
2026-09-04 14:35:19,CPBE225,0102,Ira Koretsky,38,23,0,2026-09-04 14:38:46
2026-09-04 14:35:19,CPCV100,0101,Julie Randolph,40,1,0,2026-09-04 14:38:47
2026-09-04 14:35:19,CPCV100,0201,Julie Randolph,40,8,0,2026-09-04 14:38:47
2026-09-04 14:35:19,CPCV200,0101,Julie Randolph,35,0,0,2026-09-04 14:38:47
2026-09-04 14:35:19,CPCV200,0201,Julie Randolph,35,16,0,2026-09-04 14:38:47
2026-09-04 14:35:19,CPCV225,0101,Korey Rothman,75,4,0,2026-09-04 14:38:47
2026-09-04 14:35:19,CPDJ100,0101,Jess Feltner,75,1,0,2026-09-04 14:38:49
2026-09-04 14:35:19,CPDJ200,0101,Andrew Fellows,75,36,0,2026-09-04 14:38:49
2026-09-04 14:35:19,CPET100,0101,Tim Knight,75,2,0,2026-09-04 14:38:50
2026-09-04 14:35:19,CPET200,0101,Tim Knight,75,7,0,2026-09-04 14:38:50
2026-09-04 14:35:19,CPGH100,0101,John Wiggins,85,7,0,2026-09-04 14:38:52
2026-09-04 14:35:19,CPGH200,0101,John Wiggins,75,17,0,2026-09-04 14:38:52
2026-09-04 14:35:19,CPJT100,0101,Justine DeCamillis,75,6,0,2026-09-04 14:38:53
2026-09-04 14:35:19,CPJT200,0101,Justine DeCamillis,75,20,0,2026-09-04 14:38:53
2026-09-04 14:35:19,CPMS100,0101,Carole Lee,75,0,0,2026-09-04 14:38:54
2026-09-04 14:35:19,CPMS200,0101,Alison Burns,75,11,0,2026-09-04 14:38:55
2026-09-04 14:35:19,CPMS225,0101,Alison Burns,75,0,0,2026-09-04 14:38:55
2026-09-04 14:35:19,CPMS230,0101,Alison Burns,30,12,0,2026-09-04 14:38:55
2026-09-04 14:35:19,CPMS240,0101,Carole Lee,20,18,0,2026-09-04 14:38:55
2026-09-04 14:35:19,CPPL100,0101,Kelly Brower,78,2,0,2026-09-04 14:38:56
2026-09-04 14:35:19,CPPL200,0101,Kelly Brower,75,16,0,2026-09-04 14:38:56
2026-09-04 14:35:19,CPSA100,0101,Andrea Cesar,75,11,0,2026-09-04 14:38:58
2026-09-04 14:35:19,CPSA200,0101,Andrea Cesar,75,33,0,2026-09-04 14:38:58
2026-09-04 14:35:19,CPSF100,0101,Nicholas Fletcher,85,1,0,2026-09-04 14:38:59
2026-09-04 14:35:19,CPSF200,0101,Nicholas Fletcher,75,5,0,2026-09-04 14:38:59
2026-09-04 14:35:19,CPSG100,0101,Thomas Holtz,85,7,0,2026-09-04 14:39:01
2026-09-04 14:35:19,CPSG200,0101,Thomas Holtz,75,28,0,2026-09-04 14:39:01
2026-09-04 14:35:19,CPSN100,0101,Hansol Kwak,85,5,0,2026-09-04 14:39:02
2026-09-04 14:35:19,CPSN200,0101,Stacy Kosko,75,41,0,2026-09-04 14:39:02
2026-09-04 14:35:19,CPSN230,0101,Sarah Kilmer,20,18,0,2026-09-04 14:39:02
2026-09-04 14:35:19,CPSN240,0101,Sarah Kilmer,10,7,0,2026-09-04 14:39:02
2026-09-04 14:35:19,CPSN250,0101,Sarah Kilmer,5,5,0,2026-09-04 14:39:03
2026-09-04 14:35:19,CPSP110,0101,Markell Saunders,18,10,0,2026-09-04 14:39:04
2026-09-04 14:35:19,CPSP110,0201,Patrice Greene,18,14,0,2026-09-04 14:39:04
2026-09-04 14:35:19,CPSP220,0101,Tiara Thomas,20,1,0,2026-09-04 14:39:04
2026-09-04 14:35:19,CPSP239A,0101,Heather-Erin Bremenstuhl,10,6,0,2026-09-04 14:39:04
2026-09-04 14:35:19,CPSP269C,0101,Korey Rothman,5,5,0,2026-09-04 14:39:04
2026-09-04 14:35:19,CPSP339P,0101,Susannah Washburn,10,7,0,2026-09-04 14:39:05
2026-09-04 14:35:19,CPSS100,0101,David Tomblin,85,6,0,2026-09-04 14:39:06
2026-09-04 14:35:19,CPSS220,0101,Nicole Mogul,20,2,0,2026-09-04 14:39:06
2026-09-04 14:35:19,CPSS225,0101,Roan Parrish,20,14,0,2026-09-04 14:39:06
2026-09-04 14:35:19,CPSS340,0101,David Tomblin,20,4,0,2026-09-04 14:39:06
2026-09-04 14:35:19,CRLN101,0103,Myles Alexander,25,1,0,2026-09-04 14:39:08
2026-09-04 14:35:19,CRLN101,0104,Tami Smith,26,0,0,2026-09-04 14:39:08
2026-09-04 14:35:19,CRLN101,0105,Denis Garcia Reyes,25,0,0,2026-09-04 14:39:08
2026-09-04 14:35:19,CRLN101,0106,Mitch Woolley,25,4,0,2026-09-04 14:39:08
2026-09-04 14:35:19,CRLN101,0107,Esohe Owie,25,0,0,2026-09-04 14:39:08
2026-09-04 14:35:19,DATA100,0111,Matthew Griffin,33,3,0,2026-09-04 14:39:14
2026-09-04 14:35:19,DATA100,0112,Matthew Griffin,35,1,0,2026-09-04 14:39:14
2026-09-04 14:35:19,DATA100,0121,Matthew Griffin,35,1,0,2026-09-04 14:39:14
2026-09-04 14:35:19,DATA100,0122,Matthew Griffin,33,0,0,2026-09-04 14:39:14
2026-09-04 14:35:19,DATA100,0123,Matthew Griffin,33,0,0,2026-09-04 14:39:14
2026-09-04 14:35:19,DATA100,0124,Matthew Griffin,33,2,0,2026-09-04 14:39:14
2026-09-04 14:35:19,DATA100,0131,Matthew Griffin,33,0,0,2026-09-04 14:39:14
2026-09-04 14:35:19,DATA100,0141,Matthew Griffin,35,0,0,2026-09-04 14:39:14
2026-09-04 14:35:19,DATA100,0142,Matthew Griffin,33,0,0,2026-09-04 14:39:14
2026-09-04 14:35:19,DATA100,0211,Matthew Griffin,33,1,0,2026-09-04 14:39:14
2026-09-04 14:35:19,DATA100,0212,Matthew Griffin,35,1,0,2026-09-04 14:39:14
2026-09-04 14:35:19,DATA100,0221,Matthew Griffin,30,0,0,2026-09-04 14:39:14
2026-09-04 14:35:19,DATA100,0223,Matthew Griffin,32,0,0,2026-09-04 14:39:14
2026-09-04 14:35:19,DATA100,0224,Matthew Griffin,30,0,0,2026-09-04 14:39:14
2026-09-04 14:35:19,DATA100,0231,Matthew Griffin,33,3,0,2026-09-04 14:39:14
2026-09-04 14:35:19,DATA100,0311,Archana Khurana,35,7,0,2026-09-04 14:39:14
2026-09-04 14:35:19,DATA100,0312,Archana Khurana,35,1,0,2026-09-04 14:39:14
2026-09-04 14:35:19,DATA100,0321,Archana Khurana,35,2,0,2026-09-04 14:39:14
2026-09-04 14:35:19,DATA100,0322,Archana Khurana,35,0,0,2026-09-04 14:39:14
2026-09-04 14:35:19,DATA100,0323,Archana Khurana,35,2,0,2026-09-04 14:39:14
2026-09-04 14:35:19,DATA100,0341,Archana Khurana,35,8,0,2026-09-04 14:39:14
2026-09-04 14:35:19,DATA110,0101,Susan Mazzullo,250,15,0,2026-09-04 14:39:14
2026-09-04 14:35:19,DATA120,0101,Fardina Alam,200,2,0,2026-09-04 14:39:14
2026-09-04 14:35:19,DATA200,0101,Fardina Alam,90,32,0,2026-09-04 14:39:14
2026-09-04 14:35:19,DATA250,0101,Todd Rowland,43,7,0,2026-09-04 14:39:14
2026-09-04 14:35:19,DATA320,0101,Maksym Morawski,15,11,0,2026-09-04 14:39:15
2026-09-04 14:35:19,DATA320,0201,Maksym Morawski,20,8,0,2026-09-04 14:39:15
2026-09-04 14:35:19,DATA320,0301,Fardina Alam,20,0,0,2026-09-04 14:39:15
2026-09-04 14:35:19,DATA350,0101,Raluca Rosca,30,10,0,2026-09-04 14:39:15
2026-09-04 14:35:19,DATA350,0201,Jonathan Fernandes,34,2,0,2026-09-04 14:39:15
2026-09-04 14:35:19,DATA400,0111,Salman Safdar,27,1,0,2026-09-04 14:39:15
2026-09-04 14:35:19,DATA400,0112,Salman Safdar,30,2,0,2026-09-04 14:39:15
2026-09-04 14:35:19,DATA400,0121,Salman Safdar,27,1,0,2026-09-04 14:39:15
2026-09-04 14:35:19,DATA400,0122,Salman Safdar,27,4,0,2026-09-04 14:39:15
2026-09-04 14:35:19,DATA400,0131,Salman Safdar,27,1,0,2026-09-04 14:39:15
2026-09-04 14:35:19,DATA400,0132,Salman Safdar,27,8,0,2026-09-04 14:39:15
2026-09-04 14:35:19,DATA400,0211,Timothy Pilachowski,30,3,0,2026-09-04 14:39:15
2026-09-04 14:35:19,DATA400,0212,Timothy Pilachowski,30,4,0,2026-09-04 14:39:15
2026-09-04 14:35:19,DATA400,0221,Timothy Pilachowski,30,2,0,2026-09-04 14:39:15
2026-09-04 14:35:19,DATA400,0222,Timothy Pilachowski,30,1,0,2026-09-04 14:39:15
2026-09-04 14:35:19,DATA400,0231,Timothy Pilachowski,30,1,0,2026-09-04 14:39:15
2026-09-04 14:35:19,DATA400,0232,Timothy Pilachowski,30,0,0,2026-09-04 14:39:15
2026-09-04 14:35:19,DATA400,0311,Mestiyage Gunatilleka,32,0,0,2026-09-04 14:39:15
2026-09-04 14:35:19,DATA400,0312,Mestiyage Gunatilleka,30,0,0,2026-09-04 14:39:15
2026-09-04 14:35:19,DATA400,0321,Mestiyage Gunatilleka,32,0,1,2026-09-04 14:39:15
2026-09-04 14:35:19,DATA400,0322,Mestiyage Gunatilleka,30,0,0,2026-09-04 14:39:15
2026-09-04 14:35:19,DATA400,0331,Mestiyage Gunatilleka,32,0,0,2026-09-04 14:39:15
2026-09-04 14:35:19,DATA400,0332,Mestiyage Gunatilleka,30,0,0,2026-09-04 14:39:15
2026-09-04 14:35:19,DATA400,0511,Shixin Zheng,35,0,1,2026-09-04 14:39:15
2026-09-04 14:35:19,DATA400,0521,Shixin Zheng,35,0,0,2026-09-04 14:39:15
2026-09-04 14:35:19,DATA400,0531,Shixin Zheng,35,0,2,2026-09-04 14:39:15
2026-09-04 14:35:19,DATA601,PCS1,Sandra Cerrai,50,6,0,2026-09-04 14:39:15
2026-09-04 14:35:19,DATA601,PCS2,Jonathan Fernandes,60,19,0,2026-09-04 14:39:15
2026-09-04 14:35:19,DATA601,PWS1,Leonid Koralov,60,2,0,2026-09-04 14:39:15
2026-09-04 14:35:19,DATA602,PCS1,Sujeong Kim,44,4,0,2026-09-04 14:39:15
2026-09-04 14:35:19,DATA602,PCS2,Sujeong Kim,44,9,0,2026-09-04 14:39:15
2026-09-04 14:35:19,DATA602,PWS1,Fardina Alam,44,2,0,2026-09-04 14:39:15
2026-09-04 14:35:19,DATA603,PCS1,Babak Azimi-Sadjadi,55,12,0,2026-09-04 14:39:16
2026-09-04 14:35:19,DATA603,PWS1,Kemal Davaslioglu,55,17,0,2026-09-04 14:39:16
2026-09-04 14:35:19,DATA605,PCS1,Tammy Perrin,44,30,0,2026-09-04 14:39:16
2026-09-04 14:35:19,DATA605,PCS2,Tammy Perrin,44,20,0,2026-09-04 14:39:16
2026-09-04 14:35:19,DATA605,PWS1,Giacinto Paolo Saggese,44,35,0,2026-09-04 14:39:16
2026-09-04 14:35:19,DATA607,PCS1,Mestiyage Gunatilleka,44,29,0,2026-09-04 14:39:16
2026-09-04 14:35:19,DATA607,PCS2,Kendall Williams,55,0,0,2026-09-04 14:39:16
2026-09-04 14:35:19,DATA607,PCS3,Vincent Lyzinski,44,1,0,2026-09-04 14:39:16
2026-09-04 14:35:19,DATA612,PCS1,Samet Ayhan,50,19,0,2026-09-04 14:39:16
2026-09-04 14:35:19,DATA612,PWS1,Samet Ayhan,44,16,0,2026-09-04 14:39:16
2026-09-04 14:35:19,DATA641,PCS1,Toki Inan,50,14,0,2026-09-04 14:39:16
2026-09-04 14:35:19,DATA641,PWS1,Armin Mehrabian,50,0,0,2026-09-04 14:39:16
2026-09-04 14:35:19,DATA643,PCS1,Charles Forgy,50,27,0,2026-09-04 14:39:16
2026-09-04 14:35:19,DATA650,PCS1,Emre Gunduzhan,54,5,0,2026-09-04 14:39:16
2026-09-04 14:35:19,DATA650,PCS2,Emre Gunduzhan,54,7,0,2026-09-04 14:39:16
2026-09-04 14:35:19,ENAI600,0101,C Ravishankar,35,21,0,2026-09-04 14:39:38
2026-09-04 14:35:19,ENAI600,AEC1,C Ravishankar,20,4,0,2026-09-04 14:39:38
2026-09-04 14:35:19,ENAI601,0101,Richard La,35,23,0,2026-09-04 14:39:38
2026-09-04 14:35:19,ENAI601,AEC1,Richard La,20,6,0,2026-09-04 14:39:38
2026-09-04 14:35:19,ENAI607,0101,Zoltan Safar,29,24,0,2026-09-04 14:39:39
2026-09-04 14:35:19,ENAI607,AEC1,Zoltan Safar,20,9,0,2026-09-04 14:39:39
2026-09-04 14:35:19,ENBC301,ESG1,Sivan Saravanapavan,20,9,0,2026-09-04 14:39:40
2026-09-04 14:35:19,ENBC311,ESG1,Bahaa Ghammraoui,20,11,0,2026-09-04 14:39:40
2026-09-04 14:35:19,ENBC322,ESG1,Kyunghun Lee,20,11,0,2026-09-04 14:39:40
2026-09-04 14:35:19,ENBC331,ESG1,Lan Ma,20,10,0,2026-09-04 14:39:40
2026-09-04 14:35:19,ENBC332,ESG1,Jamasp Azarnoosh,20,11,0,2026-09-04 14:39:41
2026-09-04 14:35:19,ENBC341,ESG1,Jarred Callura,20,12,0,2026-09-04 14:39:41
2026-09-04 14:35:19,ENBC353,ESG1,Jarred Callura,20,15,0,2026-09-04 14:39:41
2026-09-04 14:35:19,ENBC399,ESG1,Nan Xu,1,1,0,2026-09-04 14:39:41
2026-09-04 14:35:19,ENBC399,ESG2,Lan Ma,1,0,0,2026-09-04 14:39:41
2026-09-04 14:35:19,ENBC399,ESG3,Jamasp Azarnoosh,1,0,0,2026-09-04 14:39:41
2026-09-04 14:35:19,ENBC399,ESG4,Lan Ma,1,0,0,2026-09-04 14:39:41
2026-09-04 14:35:19,ENBC399,ESG5,Jamasp Azarnoosh,1,0,0,2026-09-04 14:39:41
2026-09-04 14:35:19,ENBC399,ESG6,Jamasp Azarnoosh,1,0,0,2026-09-04 14:39:41
2026-09-04 14:35:19,ENBC399,ESG7,Jamasp Azarnoosh,1,1,0,2026-09-04 14:39:41
2026-09-04 14:35:19,ENBC423,ESG1,Jian Su,20,13,0,2026-09-04 14:39:41
2026-09-04 14:35:19,ENBC425,ESG1,Jamasp Azarnoosh,20,13,0,2026-09-04 14:39:41
2026-09-04 14:35:19,ENBC431,ESG1,Lan Ma,20,13,0,2026-09-04 14:39:42
2026-09-04 14:35:19,ENEB302,ESG1,Wesley Lawson,20,5,0,2026-09-04 14:39:49
2026-09-04 14:35:19,ENEB340,ESG1,Nestor Michael Tiglao,20,5,0,2026-09-04 14:39:50
2026-09-04 14:35:19,ENEB341,ESG1,Nestor Michael Tiglao,20,5,0,2026-09-04 14:39:50
2026-09-04 14:35:19,ENEB344,ESG1,Jerry Wu,20,5,0,2026-09-04 14:39:50
2026-09-04 14:35:19,ENEB346,ESG1,Nestor Michael Tiglao,20,13,0,2026-09-04 14:39:50
2026-09-04 14:35:19,ENEB354,ESG1,Yavuz Oruc,20,5,0,2026-09-04 14:39:50
2026-09-04 14:35:19,ENEB408A,ESG1,Nestor Michael Tiglao,20,13,0,2026-09-04 14:39:50
2026-09-04 14:35:19,ENEB444,ESG1,Manoj Franklin,20,13,0,2026-09-04 14:39:51
2026-09-04 14:35:19,ENEB454,ESG1,Jerry Wu,20,13,0,2026-09-04 14:39:51
2026-09-04 14:35:19,ENED036,0101,Hillary Owusu,20,8,0,2026-09-04 14:39:52
2026-09-04 14:35:19,ENED101,0101,Shannon Bate,20,1,0,2026-09-04 14:39:52
2026-09-04 14:35:19,ENED115,0101,Friedrich Alvarez,100,5,0,2026-09-04 14:39:52
2026-09-04 14:35:19,ENED215,0101,Tyler Huddleston,30,0,0,2026-09-04 14:39:53
2026-09-04 14:35:19,ENED215,0102,Samantha Sabihi,40,24,0,2026-09-04 14:39:53
2026-09-04 14:35:19,ENED215,0103,Paige Smith,6,0,0,2026-09-04 14:39:53
2026-09-04 14:35:19,ENED290H,0101,Christopher Troilo,46,1,0,2026-09-04 14:39:53
2026-09-04 14:35:19,ENED390H,0101,Tony Barber,50,12,0,2026-09-04 14:39:53
2026-09-04 14:35:19,ENED394H,0101,Manmohan Aseri,65,14,0,2026-09-04 14:39:53
2026-09-04 14:35:19,ENED397,0101,Emily Marks,9,0,0,2026-09-04 14:39:53
2026-09-04 14:35:19,ENED490H,0101,Maria Bardossy,45,1,0,2026-09-04 14:39:53
2026-09-04 14:35:19,ENED491,0101,Jessica Roffe,10,1,0,2026-09-04 14:39:53
2026-09-04 14:35:19,ENMT301,ESG1,Colleen Murray,15,8,0,2026-09-04 14:40:32
2026-09-04 14:35:19,ENMT322,ESG1,Norman Wereley,15,8,0,2026-09-04 14:40:32
2026-09-04 14:35:19,ENMT361,ESG1,Young Choi,15,8,0,2026-09-04 14:40:32
2026-09-04 14:35:19,ENMT380,ESG1,Gurtajbir Herr,15,8,0,2026-09-04 14:40:33
2026-09-04 14:35:19,ENMT450,ESG1,Nicholas Limparis,7,5,0,2026-09-04 14:40:33
2026-09-04 14:35:19,ENMT471,ESG1,Colleen Murray,7,5,0,2026-09-04 14:40:33
2026-09-04 14:35:19,ENMT473,ESG1,Gurtajbir Herr,7,4,0,2026-09-04 14:40:33
2026-09-04 14:35:19,ENMT483,ESG1,Nicholas Limparis,7,5,0,2026-09-04 14:40:33
2026-09-04 14:35:19,ENMT499,ESG4,Nicholas Limparis,2,0,0,2026-09-04 14:40:33
2026-09-04 14:35:19,ENSE621,0101,Tony Barber,22,16,0,2026-09-04 14:40:39
2026-09-04 14:35:19,ENSE621,SY01,Tony Barber,15,0,0,2026-09-04 14:40:39
2026-09-04 14:35:19,ENSE623,0101,Steven Biemer,17,14,0,2026-09-04 14:40:39
2026-09-04 14:35:19,ENSE623,SY01,Steven Biemer,15,11,0,2026-09-04 14:40:39
2026-09-04 14:35:19,ENSE626,0101,Dane Cooper,20,16,0,2026-09-04 14:40:39
2026-09-04 14:35:19,ENSE626,SY01,Dane Cooper,15,9,0,2026-09-04 14:40:39
2026-09-04 14:35:19,ENSP101,0101,Annette Spivy,25,0,0,2026-09-04 14:40:41
2026-09-04 14:35:19,ENSP101,0102,Annette Spivy,24,0,0,2026-09-04 14:40:41
2026-09-04 14:35:19,ENSP101,0103,Annette Spivy,24,1,0,2026-09-04 14:40:41
2026-09-04 14:35:19,ENSP101,0104,Annette Spivy,24,0,0,2026-09-04 14:40:41
2026-09-04 14:35:19,ENSP101,0105,Annette Spivy,25,0,0,2026-09-04 14:40:41
2026-09-04 14:35:19,ENSP101,0106,Annette Spivy,24,0,0,2026-09-04 14:40:41
2026-09-04 14:35:19,ENSP101,0107,Annette Spivy,24,0,1,2026-09-04 14:40:41
2026-09-04 14:35:19,ENSP101,FC01,Annette Spivy,32,4,0,2026-09-04 14:40:41
2026-09-04 14:35:19,ENSP305,0101,Annette Spivy,23,0,2,2026-09-04 14:40:41
2026-09-04 14:35:19,ENSP330,0101,Joanna Goger,35,0,0,2026-09-04 14:40:41
2026-09-04 14:35:19,ENSP340,0101,Caroline Boules,25,0,0,2026-09-04 14:40:41
2026-09-04 14:35:19,ENSP360,0101,Leena Malayil,25,0,5,2026-09-04 14:40:41
2026-09-04 14:35:19,ENSP399R,0601,Annette Spivy,10,10,0,2026-09-04 14:40:42
2026-09-04 14:35:19,ENSP399R,1001,Jennifer Mullinax,10,10,0,2026-09-04 14:40:42
2026-09-04 14:35:19,ENSP400,0101,Joanna Goger,35,13,0,2026-09-04 14:40:42
2026-09-04 14:35:19,ENSP400,0102,Joanna Goger,35,10,0,2026-09-04 14:40:42
2026-09-04 14:35:19,ENVH121,FC01,Brienna Anderson,20,12,0,2026-09-04 14:41:00
2026-09-04 14:35:19,ENVH381,0101,Donald Milton,30,10,0,2026-09-04 14:41:00
2026-09-04 14:35:19,FGSM310,0101,Peter Owen,24,0,0,2026-09-04 14:41:04
2026-09-04 14:35:19,FGSM315,0101,Emily Shetty,22,0,0,2026-09-04 14:41:04
2026-09-04 14:35:19,FGSM320,0101,Woodie Kessel,24,1,0,2026-09-04 14:41:04
2026-09-04 14:35:19,FGSM325,0101,Rob Long,20,1,0,2026-09-04 14:41:04
2026-09-04 14:35:19,FGSM330,0101,Andrew Fausett,22,1,0,2026-09-04 14:41:05
2026-09-04 14:35:19,FGSM340,0101,Ed Fendley,22,1,0,2026-09-04 14:41:05
2026-09-04 14:35:19,FGSM350,0101,Sean Misko,22,1,0,2026-09-04 14:41:05
2026-09-04 14:35:19,FGSM355,0101,Amanda Schoch,20,0,0,2026-09-04 14:41:05
2026-09-04 14:35:19,FGSM360,0101,Nadia Farra,21,0,0,2026-09-04 14:41:05
2026-09-04 14:35:19,FGSM365,0101,Andrew Nissen,20,2,0,2026-09-04 14:41:05
2026-09-04 14:35:19,FGSM370,0101,Joshua Glasser,20,0,0,2026-09-04 14:41:05
2026-09-04 14:35:19,FGSM390,0101,Sasha Koo-Oshima,20,3,0,2026-09-04 14:41:06
2026-09-04 14:35:19,FGSM398,0101,Jayakumar Arasan,25,22,0,2026-09-04 14:41:06
2026-09-04 14:35:19,FGSM398,0201,Jayakumar Arasan,5,1,0,2026-09-04 14:41:06
2026-09-04 14:35:19,FIRE120,0101,Jessica O'Hara,36,0,0,2026-09-04 14:41:07
2026-09-04 14:35:19,FIRE120,0102,Shannon Hilton,36,7,0,2026-09-04 14:41:07
2026-09-04 14:35:19,FIRE120,0103,Jaclyn Bruner,36,0,0,2026-09-04 14:41:07
2026-09-04 14:35:19,FIRE120,0104,Danielle Niu,36,0,0,2026-09-04 14:41:07
2026-09-04 14:35:19,FIRE120,0105,Cherisse Hall,36,0,0,2026-09-04 14:41:07
2026-09-04 14:35:19,FIRE120,0106,Sara Strey,36,0,0,2026-09-04 14:41:07
2026-09-04 14:35:19,FIRE120,0107,Helene Nguemgaing,36,1,0,2026-09-04 14:41:07
2026-09-04 14:35:19,FIRE120,0108,Mary Chey,36,1,0,2026-09-04 14:41:07
2026-09-04 14:35:19,FIRE120,0109,Shannon Hilton,36,0,0,2026-09-04 14:41:07
2026-09-04 14:35:19,FIRE120,0110,Lena Johnson,36,0,0,2026-09-04 14:41:07
2026-09-04 14:35:19,FIRE120,0111,Benjamin Huffman,36,0,0,2026-09-04 14:41:07
2026-09-04 14:35:19,FIRE120,0112,Mary Chey,36,0,0,2026-09-04 14:41:07
2026-09-04 14:35:19,FIRE120,0113,Elizabeth Massey,36,7,0,2026-09-04 14:41:07
2026-09-04 14:35:19,FIRE120,0114,Benjamin Huffman,36,0,0,2026-09-04 14:41:07
2026-09-04 14:35:19,FIRE120,FC01,Danielle Niu,40,0,12,2026-09-04 14:41:07
2026-09-04 14:35:19,FIRE298,0101,Catherine Spirito,28,3,0,2026-09-04 14:41:07
2026-09-04 14:35:19,FIRE298,0103,Cherisse Hall,36,8,0,2026-09-04 14:41:07
2026-09-04 14:35:19,FIRE298,0104,Jessica O'Hara,36,4,0,2026-09-04 14:41:07
2026-09-04 14:35:19,FIRE298,0105,Kaylee Bloom,36,7,0,2026-09-04 14:41:07
2026-09-04 14:35:19,FIRE298,0106,Danielle Niu,36,17,0,2026-09-04 14:41:07
2026-09-04 14:35:19,FIRE298,0107,Benjamin Huffman,40,0,0,2026-09-04 14:41:07
2026-09-04 14:35:19,FIRE298,0108,Elizabeth Massey,40,14,0,2026-09-04 14:41:07
2026-09-04 14:35:19,FIRE298,0109,Shannon Hilton,40,6,0,2026-09-04 14:41:07
2026-09-04 14:35:19,FIRE298,0110,Jaclyn Bruner,40,19,0,2026-09-04 14:41:07
2026-09-04 14:35:19,FIRE298,0111,Mary Chey,36,5,0,2026-09-04 14:41:07
2026-09-04 14:35:19,FIRE298,0112,Helene Nguemgaing,40,15,0,2026-09-04 14:41:07
2026-09-04 14:35:19,FIRE298,0113,Kristina Kramarczuk,40,10,0,2026-09-04 14:41:07
2026-09-04 14:35:19,FIRE298,0114,Shabnam Jabeen,40,22,0,2026-09-04 14:41:07
2026-09-04 14:35:19,FIRE298,0115,Sara Strey,40,14,0,2026-09-04 14:41:07
2026-09-04 14:35:19,FIRE298,0116,Lena Johnson,40,4,0,2026-09-04 14:41:07
2026-09-04 14:35:19,FIRE398,0101,Catherine Spirito,15,2,0,2026-09-04 14:41:08
2026-09-04 14:35:19,FIRE398,0103,Cherisse Hall,15,4,0,2026-09-04 14:41:08
2026-09-04 14:35:19,FIRE398,0104,Jessica O'Hara,15,1,0,2026-09-04 14:41:08
2026-09-04 14:35:19,FIRE398,0105,Kaylee Bloom,15,2,0,2026-09-04 14:41:08
2026-09-04 14:35:19,FIRE398,0106,Danielle Niu,15,10,0,2026-09-04 14:41:08
2026-09-04 14:35:19,FIRE398,0107,Benjamin Huffman,15,3,0,2026-09-04 14:41:08
2026-09-04 14:35:19,FIRE398,0108,Elizabeth Massey,15,6,0,2026-09-04 14:41:08
2026-09-04 14:35:19,FIRE398,0109,Shannon Hilton,15,6,0,2026-09-04 14:41:08
2026-09-04 14:35:19,FIRE398,0110,Jaclyn Bruner,15,9,0,2026-09-04 14:41:08
2026-09-04 14:35:19,FIRE398,0111,Mary Chey,15,3,0,2026-09-04 14:41:08
2026-09-04 14:35:19,FIRE398,0112,Helene Nguemgaing,15,15,0,2026-09-04 14:41:08
2026-09-04 14:35:19,FIRE398,0113,Kristina Kramarczuk,15,7,0,2026-09-04 14:41:08
2026-09-04 14:35:19,FIRE398,0114,Shabnam Jabeen,15,15,0,2026-09-04 14:41:08
2026-09-04 14:35:19,FIRE398,0115,Sara Strey,15,14,0,2026-09-04 14:41:08
2026-09-04 14:35:19,FIRE398,0116,Lena Johnson,15,11,0,2026-09-04 14:41:08
2026-09-04 14:35:19,GBHL200,0101,Hassanatu Blake,30,0,0,2026-09-04 14:41:19
2026-09-04 14:35:19,GBHL200,FC01,Zandra Andre,25,3,0,2026-09-04 14:41:19
2026-09-04 14:35:19,GBHL210,0101,Leena Malayil,25,9,0,2026-09-04 14:41:20
2026-09-04 14:35:19,GBHL399,0101,Hassanatu Blake,3,3,0,2026-09-04 14:41:20
2026-09-04 14:35:19,GBHL399,0111,Dina Borzekowski,5,5,0,2026-09-04 14:41:20
2026-09-04 14:35:19,GEMS101,0101,Allison Lansverk,10,1,0,2026-09-04 14:41:21
2026-09-04 14:35:19,GEMS101,0103,Allison Lansverk,10,0,0,2026-09-04 14:41:21
2026-09-04 14:35:19,GEMS101,0104,Allison Lansverk,10,0,0,2026-09-04 14:41:21
2026-09-04 14:35:19,GEMS101,0105,Allison Lansverk,10,0,0,2026-09-04 14:41:21
2026-09-04 14:35:19,GEMS101,0106,Allison Lansverk,10,0,0,2026-09-04 14:41:21
2026-09-04 14:35:19,GEMS101,0107,Allison Lansverk,10,0,0,2026-09-04 14:41:21
2026-09-04 14:35:19,GEMS101,0109,Allison Lansverk,10,0,0,2026-09-04 14:41:21
2026-09-04 14:35:19,GEMS101,0111,Allison Lansverk,10,0,0,2026-09-04 14:41:21
2026-09-04 14:35:19,GEMS101,0113,Allison Lansverk,10,0,0,2026-09-04 14:41:21
2026-09-04 14:35:19,GEMS101,0114,Allison Lansverk,10,0,0,2026-09-04 14:41:21
2026-09-04 14:35:19,GEMS202,0101,Allison Lansverk,168,43,0,2026-09-04 14:41:22
2026-09-04 14:35:19,GEMS208A,0101,Allison Lansverk,14,14,0,2026-09-04 14:41:22
2026-09-04 14:35:19,GEMS208B,0101,Allison Lansverk,14,14,0,2026-09-04 14:41:22
2026-09-04 14:35:19,GEMS208C,0101,Allison Lansverk,23,12,0,2026-09-04 14:41:22
2026-09-04 14:35:19,GEMS208D,0101,Allison Lansverk,10,10,0,2026-09-04 14:41:22
2026-09-04 14:35:19,GEMS208P,0101,Allison Lansverk,20,8,0,2026-09-04 14:41:22
2026-09-04 14:35:19,GEMS296,0101,Sehrish Shikarpurya,14,5,0,2026-09-04 14:41:23
2026-09-04 14:35:19,GEMS296,0102,David Lovell,14,1,0,2026-09-04 14:41:23
2026-09-04 14:35:19,GEMS296,0103,Myles Poulin,14,1,0,2026-09-04 14:41:23
2026-09-04 14:35:19,GEMS296,0104,Raymond Adomaitis,14,3,0,2026-09-04 14:41:23
2026-09-04 14:35:19,GEMS296,0105,Rodolphe Gentili,14,4,0,2026-09-04 14:41:23
2026-09-04 14:35:19,GEMS296,0106,Jared Grauer,14,6,0,2026-09-04 14:41:23
2026-09-04 14:35:19,GEMS296,0107,Fengfeng Ke,14,4,0,2026-09-04 14:41:23
2026-09-04 14:35:19,GEMS296,0108,Eric Silk,14,4,0,2026-09-04 14:41:23
2026-09-04 14:35:19,GEMS296,0109,Huang Chiao Huang,14,1,0,2026-09-04 14:41:23
2026-09-04 14:35:19,GEMS296,0110,Mengqiang Zhu,14,6,0,2026-09-04 14:41:23
2026-09-04 14:35:19,GEMS296,0111,Maria Molina,14,6,0,2026-09-04 14:41:23
2026-09-04 14:35:19,GEMS296,0112,Youssef Kousa,14,2,0,2026-09-04 14:41:23
2026-09-04 14:35:19,GEMS296,0113,Instructor: TBA,5,5,0,2026-09-04 14:41:23
2026-09-04 14:35:19,GEMS296,0114,Instructor: TBA,14,14,0,2026-09-04 14:41:23
2026-09-04 14:35:19,GEMS296,0115,David Lovell,5,5,0,2026-09-04 14:41:23
2026-09-04 14:35:19,GEMS297,0113,Instructor: TBA,5,5,0,2026-09-04 14:41:23
2026-09-04 14:35:19,GEMS396,0101,Michael Humber,14,7,0,2026-09-04 14:41:23
2026-09-04 14:35:19,GEMS396,0102,Seth Dickey,14,2,0,2026-09-04 14:41:23
2026-09-04 14:35:19,GEMS396,0103,Cecilia Huertas Cerdeira,14,8,0,2026-09-04 14:41:23
2026-09-04 14:35:19,GEMS396,0104,Rodolphe Gentili,14,3,0,2026-09-04 14:41:23
2026-09-04 14:35:19,GEMS396,0105,Allison Reilly,14,5,0,2026-09-04 14:41:23
2026-09-04 14:35:19,GEMS396,0106,Peter Sunderland,14,5,0,2026-09-04 14:41:23
2026-09-04 14:35:19,GEMS396,0107,Brett Lacey,14,8,0,2026-09-04 14:41:23
2026-09-04 14:35:19,GEMS396,0108,Natalia Buzulukova,14,4,0,2026-09-04 14:41:23
2026-09-04 14:35:19,GEMS396,0109,Anil Deane,14,4,0,2026-09-04 14:41:23
2026-09-04 14:35:19,GEMS396,0110,Colenso Speer,14,3,0,2026-09-04 14:41:23
2026-09-04 14:35:19,GEMS396,0111,Instructor: TBA,14,14,0,2026-09-04 14:41:23
2026-09-04 14:35:19,GEMS396,0112,Instructor: TBA,14,14,0,2026-09-04 14:41:23
2026-09-04 14:35:19,GEMS396,0113,David Lovell,5,5,0,2026-09-04 14:41:23
2026-09-04 14:35:19,GEMS396,0114,David Lovell,5,5,0,2026-09-04 14:41:23
2026-09-04 14:35:19,GEMS397,0113,David Lovell,5,4,0,2026-09-04 14:41:23
2026-09-04 14:35:19,GEMS496,0101,Eric Haag,14,7,0,2026-09-04 14:41:23
2026-09-04 14:35:19,GEMS496,0102,Mohammad Nayeem Teli,14,11,0,2026-09-04 14:41:23
2026-09-04 14:35:19,GEMS496,0103,Norberto Gonzalez- Juarbe,14,4,0,2026-09-04 14:41:23
2026-09-04 14:35:19,GEMS496,0104,Abhinav Shrivastava,14,6,0,2026-09-04 14:41:23
2026-09-04 14:35:19,GEMS496,0105,Hector Alcala,14,4,0,2026-09-04 14:41:23
2026-09-04 14:35:19,GEMS496,0106,Massimo Ricotti,14,5,0,2026-09-04 14:41:23
2026-09-04 14:35:19,GEMS496,0107,Reza Ghodssi,14,7,0,2026-09-04 14:41:23
2026-09-04 14:35:19,GEMS496,0108,Nikhil Chopra,14,8,0,2026-09-04 14:41:23
2026-09-04 14:35:19,GEMS496,0109,Kimberly Stroka,14,5,0,2026-09-04 14:41:23
2026-09-04 14:35:19,GEMS496,0110,Gorjan Alagic,14,13,0,2026-09-04 14:41:23
2026-09-04 14:35:19,GEMS496,0111,Alisa Clyne,14,6,0,2026-09-04 14:41:23
2026-09-04 14:35:19,GEMS496,0112,Xin Zan,14,10,0,2026-09-04 14:41:23
2026-09-04 14:35:19,GEMS496,0113,Erin Tran,14,14,0,2026-09-04 14:41:23
2026-09-04 14:35:19,GEMS496,0114,David Lovell,5,5,0,2026-09-04 14:41:23
2026-09-04 14:35:19,GEMS497,0107,Instructor: TBA,14,14,0,2026-09-04 14:41:23
2026-09-04 14:35:19,GEMS497,0110,Instructor: TBA,5,5,0,2026-09-04 14:41:23
2026-09-04 14:35:19,GEMS497,0113,David Lovell,5,5,0,2026-09-04 14:41:23
2026-09-04 14:35:19,GFPL100,0101,Joshua Itzkowitz Shifrinson,20,0,0,2026-09-04 14:41:37
2026-09-04 14:35:19,GFPL100,0102,Joshua Itzkowitz Shifrinson,20,0,0,2026-09-04 14:41:37
2026-09-04 14:35:19,GFPL100,0103,Joshua Itzkowitz Shifrinson,20,0,0,2026-09-04 14:41:37
2026-09-04 14:35:19,GFPL100,0104,Joshua Itzkowitz Shifrinson,20,0,0,2026-09-04 14:41:37
2026-09-04 14:35:19,GFPL100,0105,Joshua Itzkowitz Shifrinson,20,0,0,2026-09-04 14:41:37
2026-09-04 14:35:19,GFPL100,0106,Joshua Itzkowitz Shifrinson,25,0,0,2026-09-04 14:41:37
2026-09-04 14:35:19,GFPL100,FC01,Devin Entrikin,30,0,1,2026-09-04 14:41:37
2026-09-04 14:35:19,GFPL102,0101,Caroline Ritter,95,25,0,2026-09-04 14:41:37
2026-09-04 14:35:19,GFPL371,0101,Joshua Itzkowitz Shifrinson,35,0,1,2026-09-04 14:41:37
2026-09-04 14:35:19,GFPL388A,0101,Shannon Carcelli,5,5,0,2026-09-04 14:41:37
2026-09-04 14:35:19,GFPL388B,0101,Hyunki Kim,5,5,0,2026-09-04 14:41:37
2026-09-04 14:35:19,GFPL388C,0101,Scott Kastner,5,0,0,2026-09-04 14:41:38
2026-09-04 14:35:19,GFPL390,0101,Lena Andrews,20,0,1,2026-09-04 14:41:38
2026-09-04 14:35:19,GFPL490,0101,Michael Woldemariam,15,1,0,2026-09-04 14:41:38
2026-09-04 14:35:19,GFPL492,0101,Steve Fetter,20,0,1,2026-09-04 14:41:38
2026-09-04 14:35:19,GLBC200,0101,Chris Lewis,30,0,0,2026-09-04 14:41:39
2026-09-04 14:35:19,GLBC350,0101,Michele Mason,30,27,0,2026-09-04 14:41:40
2026-09-04 14:35:19,HACS100,0101,Cassie Harrington,40,2,0,2026-09-04 14:41:49
2026-09-04 14:35:19,HACS100,0201,Cassie Harrington,40,14,0,2026-09-04 14:41:49
2026-09-04 14:35:19,HACS200,0101,Michel Cukier,34,10,0,2026-09-04 14:41:49
2026-09-04 14:35:19,HACS200,0201,Michel Cukier,34,1,0,2026-09-04 14:41:49
2026-09-04 14:35:19,HACS202,0101,Bertrand Sobesto,52,19,0,2026-09-04 14:41:49
2026-09-04 14:35:19,HACS208A,0101,Lawrence Gordon,20,0,2,2026-09-04 14:41:50
2026-09-04 14:35:19,HACS208C,0101,Lamia Zia,26,9,0,2026-09-04 14:41:50
2026-09-04 14:35:19,HACS208P,0101,Charles Harry,26,0,0,2026-09-04 14:41:50
2026-09-04 14:35:19,HACS297,0101,Sarah Herberger,25,5,0,2026-09-04 14:41:50
2026-09-04 14:35:19,HACS408E,0101,Luke Mains,30,11,0,2026-09-04 14:41:51
2026-09-04 14:35:19,HACS408L,0101,Ian Serbin,30,3,0,2026-09-04 14:41:51
2026-09-04 14:35:19,HACS408M,0101,John McGahagan,30,1,0,2026-09-04 14:41:51
2026-09-04 14:35:19,HACS498,0101,Thomas Woods,7,1,0,2026-09-04 14:41:51
2026-09-04 14:35:19,HACS498,0201,David Trott,9,0,0,2026-09-04 14:41:51
2026-09-04 14:35:19,HACS498,0301,Michel Cukier,8,0,0,2026-09-04 14:41:51
2026-09-04 14:35:19,HBUS100,0101,Jui Ramaprasad,72,4,0,2026-09-04 14:41:53
2026-09-04 14:35:19,HBUS200,0101,Nicole Coomber,60,1,0,2026-09-04 14:41:53
2026-09-04 14:35:19,HDCC105,0101,Antwon Key,70,7,0,2026-09-04 14:41:54
2026-09-04 14:35:19,HDCC201,0101,Jessica Lu,22,0,0,2026-09-04 14:41:54
2026-09-04 14:35:19,HDCC201,0201,Jessica Lu,22,0,0,2026-09-04 14:41:54
2026-09-04 14:35:19,HDCC201,0301,Jessica Lu,22,3,0,2026-09-04 14:41:54
2026-09-04 14:35:19,HDCC208A,0101,William Evans,14,0,0,2026-09-04 14:41:55
2026-09-04 14:35:19,HDCC208J,0101,Grant Bollmer,14,0,0,2026-09-04 14:41:55
2026-09-04 14:35:19,HDCC208P,0101,Cliff Bakalian,14,0,0,2026-09-04 14:41:55
2026-09-04 14:35:19,HDCC208T,0101,Jonathan Reyes,14,0,0,2026-09-04 14:41:55
2026-09-04 14:35:19,HDCC208Z,0101,M Sauter,14,7,0,2026-09-04 14:41:55
2026-09-04 14:35:19,HDCC379,0101,Antwon Key,5,4,0,2026-09-04 14:41:56
2026-09-04 14:35:19,HEBR106,0101,Avital Karpman,15,2,0,2026-09-04 14:41:57
2026-09-04 14:35:19,HEBR106,0201,Avital Karpman,15,6,0,2026-09-04 14:41:57
2026-09-04 14:35:19,HEBR206,0101,Avital Karpman,15,7,0,2026-09-04 14:41:57
2026-09-04 14:35:19,HEBR249C,0101,Aliza Sandalon,15,0,0,2026-09-04 14:41:57
2026-09-04 14:35:19,HEBR298B,0101,Matthew Suriano,25,0,0,2026-09-04 14:41:57
2026-09-04 14:35:19,HEBR313,0101,Aliza Sandalon,20,0,6,2026-09-04 14:41:58
2026-09-04 14:35:19,HGLO100,0101,Alfredo Oliveira,22,7,0,2026-09-04 14:42:10
2026-09-04 14:35:19,HGLO100,0102,Natalie Vinski Ibrahim,22,8,0,2026-09-04 14:42:10
2026-09-04 14:35:19,HGLO100,0103,Natalie Vinski Ibrahim,22,1,0,2026-09-04 14:42:10
2026-09-04 14:35:19,HGLO100,0104,Alfredo Oliveira,22,11,0,2026-09-04 14:42:10
2026-09-04 14:35:19,HGLO101,0101,Sarah Croco,23,2,0,2026-09-04 14:42:10
2026-09-04 14:35:19,HGLO101,0102,Sarah Croco,22,9,0,2026-09-04 14:42:10
2026-09-04 14:35:19,HGLO101,0103,Sarah Croco,22,5,0,2026-09-04 14:42:10
2026-09-04 14:35:19,HGLO101,0104,Sarah Croco,22,13,0,2026-09-04 14:42:10
2026-09-04 14:35:19,HGLO207,0101,Natalie Vinski Ibrahim,25,12,0,2026-09-04 14:42:10
2026-09-04 14:35:19,HGLO208,0101,Alfredo Oliveira,45,25,0,2026-09-04 14:42:10
2026-09-04 14:35:19,HGLO298,0101,Jordan Gouws-Dewar,30,25,0,2026-09-04 14:42:10
2026-09-04 14:35:19,HLSC100,0101,Jalah Townsend,24,3,0,2026-09-04 14:42:37
2026-09-04 14:35:19,HLSC100,0102,Jalah Townsend,24,2,0,2026-09-04 14:42:37
2026-09-04 14:35:19,HLSC100,0103,Jalah Townsend,24,3,0,2026-09-04 14:42:37
2026-09-04 14:35:19,HLSC100,0104,Jalah Townsend,24,8,0,2026-09-04 14:42:37
2026-09-04 14:35:19,HLSC280,0101,Najib El-Sayed,25,3,0,2026-09-04 14:42:37
2026-09-04 14:35:19,HLSC280,0102,Najib El-Sayed,25,4,0,2026-09-04 14:42:37
2026-09-04 14:35:19,HLSC280,0103,Najib El-Sayed,25,4,0,2026-09-04 14:42:37
2026-09-04 14:35:19,HLSC280,0104,Najib El-Sayed,25,9,0,2026-09-04 14:42:37
2026-09-04 14:35:19,HLSC329,0101,Sabrina Kramer,12,4,0,2026-09-04 14:42:37
2026-09-04 14:35:19,HNUH100,0101,Robert Graham,20,3,0,2026-09-04 14:42:46
2026-09-04 14:35:19,HNUH100,0102,Robert Graham,20,0,0,2026-09-04 14:42:46
2026-09-04 14:35:19,HNUH100,0103,Brittany Proudfoot Ginder,20,1,0,2026-09-04 14:42:46
2026-09-04 14:35:19,HNUH100,0104,Max Barnewitz,20,0,0,2026-09-04 14:42:46
2026-09-04 14:35:19,HNUH100,0105,Vasfiye Toprak,20,0,0,2026-09-04 14:42:46
2026-09-04 14:35:19,HNUH100,0106,Vasfiye Toprak,20,1,0,2026-09-04 14:42:46
2026-09-04 14:35:19,HNUH100,0201,Max Barnewitz,20,0,0,2026-09-04 14:42:46
2026-09-04 14:35:19,HNUH100,0202,Max Barnewitz,20,0,0,2026-09-04 14:42:46
2026-09-04 14:35:19,HNUH100,0203,Vasfiye Toprak,20,1,0,2026-09-04 14:42:46
2026-09-04 14:35:19,HNUH100,0204,Vasfiye Toprak,20,0,0,2026-09-04 14:42:46
2026-09-04 14:35:19,HNUH100,0205,Ayondela McDole,20,3,0,2026-09-04 14:42:46
2026-09-04 14:35:19,HNUH100,0206,Ayondela McDole,20,0,0,2026-09-04 14:42:46
2026-09-04 14:35:19,HNUH100,0301,Robert Graham,20,1,0,2026-09-04 14:42:46
2026-09-04 14:35:19,HNUH100,0302,Shauna Rigaud,20,8,0,2026-09-04 14:42:46
2026-09-04 14:35:19,HNUH100,0303,Shauna Rigaud,20,1,0,2026-09-04 14:42:46
2026-09-04 14:35:19,HNUH100,0304,Max Barnewitz,20,3,0,2026-09-04 14:42:46
2026-09-04 14:35:19,HNUH100,0305,Vasfiye Toprak,20,0,0,2026-09-04 14:42:46
2026-09-04 14:35:19,HNUH100,0306,Vasfiye Toprak,20,2,0,2026-09-04 14:42:46
2026-09-04 14:35:19,HNUH100,0401,Gretchen Bella,20,0,0,2026-09-04 14:42:46
2026-09-04 14:35:19,HNUH100,0402,Gretchen Bella,20,6,0,2026-09-04 14:42:46
2026-09-04 14:35:19,HNUH100,0403,Max Barnewitz,20,1,0,2026-09-04 14:42:46
2026-09-04 14:35:19,HNUH100,0404,Ayondela McDole,20,6,0,2026-09-04 14:42:46
2026-09-04 14:35:19,HNUH100,0405,Ayondela McDole,20,0,0,2026-09-04 14:42:46
2026-09-04 14:35:19,HNUH100,0406,Ayondela McDole,20,4,0,2026-09-04 14:42:46
2026-09-04 14:35:19,HNUH100,0501,Leigha McReynolds,10,3,0,2026-09-04 14:42:46
2026-09-04 14:35:19,HNUH100,0601,Brittany Proudfoot Ginder,20,0,0,2026-09-04 14:42:46
2026-09-04 14:35:19,HNUH218D,0101,Brian Gilmore,48,0,2,2026-09-04 14:42:46
2026-09-04 14:35:19,HNUH218L,0101,Shauna Rigaud,20,0,0,2026-09-04 14:42:46
2026-09-04 14:35:19,HNUH218L,0201,Shauna Rigaud,20,0,1,2026-09-04 14:42:46
2026-09-04 14:35:19,HNUH228D,0101,Matthew McLaughlin,60,0,2,2026-09-04 14:42:47
2026-09-04 14:35:19,HNUH228L,0101,Alena Wigodner,20,0,1,2026-09-04 14:42:47
2026-09-04 14:35:19,HNUH228L,0201,Alena Wigodner,20,0,1,2026-09-04 14:42:47
2026-09-04 14:35:19,HNUH228N,0101,Peter Grybauskas,20,0,0,2026-09-04 14:42:47
2026-09-04 14:35:19,HNUH229I,0101,Gretchen Bella,20,0,1,2026-09-04 14:42:47
2026-09-04 14:35:19,HNUH238D,0101,Susan Moeller,60,0,0,2026-09-04 14:42:47
2026-09-04 14:35:19,HNUH238L,0101,Kimberly Johnson,20,2,0,2026-09-04 14:42:47
2026-09-04 14:35:19,HNUH238L,0201,Kimberly Johnson,20,0,0,2026-09-04 14:42:47
2026-09-04 14:35:19,HNUH238N,0101,Hannah Wegmann,20,6,0,2026-09-04 14:42:48
2026-09-04 14:35:19,HNUH239T,0101,Gerald Suarez,20,0,0,2026-09-04 14:42:48
2026-09-04 14:35:19,HNUH248D,0101,Juan Uriagereka,45,0,0,2026-09-04 14:42:48
2026-09-04 14:35:19,HNUH248L,0201,Robert Graham,20,6,0,2026-09-04 14:42:48
2026-09-04 14:35:19,HNUH248M,0101,Hassanatu Blake,20,13,0,2026-09-04 14:42:48
2026-09-04 14:35:19,HNUH248N,0101,Siv Lie,20,0,2,2026-09-04 14:42:48
2026-09-04 14:35:19,HNUH249P,0101,Temim Nusraty,20,2,0,2026-09-04 14:42:49
2026-09-04 14:35:19,HNUH258C,0101,Bill Fagan,55,27,0,2026-09-04 14:42:49
2026-09-04 14:35:19,HNUH258Q,0101,Tiara Thomas,20,1,0,2026-09-04 14:42:49
2026-09-04 14:35:19,HNUH259P,0101,Hooman Koliji,20,2,0,2026-09-04 14:42:49
2026-09-04 14:35:19,HNUH268C,0101,Perla Guerrero,60,34,0,2026-09-04 14:42:49
2026-09-04 14:35:19,HNUH269P,0101,Marisa Franco,20,0,4,2026-09-04 14:42:49
2026-09-04 14:35:19,HNUH278C,0101,Chinyere Osuji,60,38,0,2026-09-04 14:42:50
2026-09-04 14:35:19,HNUH278I,0101,Marisa Franco,20,4,0,2026-09-04 14:42:50
2026-09-04 14:35:19,HNUH278I,0102,Marisa Franco,20,1,0,2026-09-04 14:42:50
2026-09-04 14:35:19,HNUH278R,0101,Max Barnewitz,20,3,0,2026-09-04 14:42:50
2026-09-04 14:35:19,HNUH288C,0101,Julia Steinberg,30,3,0,2026-09-04 14:42:50
2026-09-04 14:35:19,HNUH288C,0103,Julia Steinberg,30,9,0,2026-09-04 14:42:50
2026-09-04 14:35:19,HNUH288O,0101,Ariana Nash,20,1,0,2026-09-04 14:42:50
2026-09-04 14:35:19,HNUH300,0301,Vasfiye Toprak,20,0,0,2026-09-04 14:42:50
2026-09-04 14:35:19,HNUH300,0401,Robert Graham,20,0,0,2026-09-04 14:42:50
2026-09-04 14:35:19,HNUH300,0601,Alena Wigodner,20,0,0,2026-09-04 14:42:50
2026-09-04 14:35:19,HNUH300,0701,Ingrid Satelmajer,20,13,0,2026-09-04 14:42:50
2026-09-04 14:35:19,HNUH300,0801,Shauna Rigaud,20,0,0,2026-09-04 14:42:50
2026-09-04 14:35:19,HNUH300,0901,Kimberly Johnson,20,5,0,2026-09-04 14:42:50
2026-09-04 14:35:19,HNUH300,1001,Ingrid Satelmajer,20,14,0,2026-09-04 14:42:50
2026-09-04 14:35:19,HNUH318T,0101,Peter Owen,24,0,0,2026-09-04 14:42:50
2026-09-04 14:35:19,HNUH319T,0101,Emily Shetty,22,0,0,2026-09-04 14:42:51
2026-09-04 14:35:19,HNUH328T,0101,Woodie Kessel,24,1,0,2026-09-04 14:42:51
2026-09-04 14:35:19,HNUH329T,0101,Rob Long,20,1,0,2026-09-04 14:42:51
2026-09-04 14:35:19,HNUH338T,0101,Andrew Fausett,22,1,0,2026-09-04 14:42:51
2026-09-04 14:35:19,HNUH348T,0101,Ed Fendley,22,1,0,2026-09-04 14:42:51
2026-09-04 14:35:19,HNUH358T,0101,Sean Misko,22,1,0,2026-09-04 14:42:51
2026-09-04 14:35:19,HNUH359T,0101,Amanda Schoch,20,0,0,2026-09-04 14:42:52
2026-09-04 14:35:19,HNUH368T,0101,Nadia Farra,21,0,0,2026-09-04 14:42:52
2026-09-04 14:35:19,HNUH369T,0101,Andrew Nissen,20,2,0,2026-09-04 14:42:52
2026-09-04 14:35:19,HNUH378T,0101,Joshua Glasser,20,0,0,2026-09-04 14:42:52
2026-09-04 14:35:19,HNUH398P,0101,Jayakumar Arasan,25,22,0,2026-09-04 14:42:52
2026-09-04 14:35:19,HNUH398P,0201,Jayakumar Arasan,5,1,0,2026-09-04 14:42:52
2026-09-04 14:35:19,HNUH398T,0101,Sasha Koo-Oshima,20,3,0,2026-09-04 14:42:52
2026-09-04 14:35:19,HONR368A,0101,Blake Wilder,22,1,0,2026-09-04 14:42:54
2026-09-04 14:35:19,IMDM101,0101,Mollye Bendell,30,16,0,2026-09-04 14:42:57
2026-09-04 14:35:19,IMDM101,0201,Myungin Lee,30,18,0,2026-09-04 14:42:57
2026-09-04 14:35:19,IMDM101,0301,Myungin Lee,30,23,0,2026-09-04 14:42:57
2026-09-04 14:35:19,IMDM127,0101,Roger Eastman,36,19,0,2026-09-04 14:42:57
2026-09-04 14:35:19,IMDM150,0101,Stefano Passeri,30,17,0,2026-09-04 14:42:57
2026-09-04 14:35:19,IMDM227,0101,Stevens Miller,30,1,0,2026-09-04 14:42:57
2026-09-04 14:35:19,IMDM227,0201,Stevens Miller,30,19,0,2026-09-04 14:42:57
2026-09-04 14:35:19,IMDM327,0101,Myungin Lee,25,0,0,2026-09-04 14:42:58
2026-09-04 14:35:19,IMDM350,0101,Jason Farman,29,12,0,2026-09-04 14:42:58
2026-09-04 14:35:19,IMDM490,0101,Matthew Nolan,30,0,0,2026-09-04 14:42:58
2026-09-04 14:35:19,IMDM490,0201,Matthew Nolan,30,16,0,2026-09-04 14:42:58
2026-09-04 14:35:19,IMDM498K,0101,Matthew Nolan,15,0,0,2026-09-04 14:42:58
2026-09-04 14:35:19,IMMR319D,0101,Beka Guluma,20,12,0,2026-09-04 14:43:00
2026-09-04 14:35:19,IMMR394,0101,Wenxi Yang,30,3,0,2026-09-04 14:43:00
2026-09-04 14:35:19,IMMR399,0101,Instructor: TBA,2,2,0,2026-09-04 14:43:00
2026-09-04 14:35:19,IMMR400,0101,Gerson Rosales,20,2,0,2026-09-04 14:43:00
2026-09-04 14:35:19,ISRL249J,0101,Aner Tal,30,24,0,2026-09-04 14:43:09
2026-09-04 14:35:19,ISRL249M,0101,Aliza Sandalon,15,0,0,2026-09-04 14:43:09
2026-09-04 14:35:19,ISRL283,0101,Shay Hazkani,35,1,0,2026-09-04 14:43:10
2026-09-04 14:35:19,ISRL349G,0101,Marwa Maziad,30,0,0,2026-09-04 14:43:10
2026-09-04 14:35:19,ISRL349K,0101,Regev Ben-David,30,24,0,2026-09-04 14:43:10
2026-09-04 14:35:19,ISRL349T,0101,Elli Lieberman,35,20,0,2026-09-04 14:43:10
2026-09-04 14:35:19,ISRL349Y,0101,Adina Friedman,35,26,0,2026-09-04 14:43:10
2026-09-04 14:35:19,ISRL382,0101,Ilai Saltzman,35,0,0,2026-09-04 14:43:10
2026-09-04 14:35:19,ISRL448R,0101,Morad Elsana,25,9,0,2026-09-04 14:43:10
2026-09-04 14:35:19,ITAL103,0101,Antonella D'Amario,18,14,0,2026-09-04 14:43:12
2026-09-04 14:35:19,ITAL103,0201,Antonella D'Amario,18,5,0,2026-09-04 14:43:12
2026-09-04 14:35:19,ITAL103,0301,Joseph Falvo,18,6,0,2026-09-04 14:43:12
2026-09-04 14:35:19,ITAL203,0101,Antonella D'Amario,18,9,0,2026-09-04 14:43:12
2026-09-04 14:35:19,ITAL203,0201,Antonella D'Amario,18,13,0,2026-09-04 14:43:12
2026-09-04 14:35:19,ITAL204,0101,Federica Soddu,18,14,0,2026-09-04 14:43:12
2026-09-04 14:35:19,ITAL207,0101,Mirella Vaglio,18,17,0,2026-09-04 14:43:12
2026-09-04 14:35:19,ITAL301,0101,Federica Soddu,20,12,0,2026-09-04 14:43:13
2026-09-04 14:35:19,ITAL362,0101,Federica Soddu,20,10,0,2026-09-04 14:43:13
2026-09-04 14:35:19,ITAL401,0101,Mirella Vaglio,15,12,0,2026-09-04 14:43:13
2026-09-04 14:35:19,ITAL421,0101,Joseph Falvo,25,14,0,2026-09-04 14:43:13
2026-09-04 14:35:19,ITAL478R,0101,Joseph Falvo,5,3,0,2026-09-04 14:43:14
2026-09-04 14:35:19,JAPN101,0101,Kumiko Akikawa,15,3,0,2026-09-04 14:43:15
2026-09-04 14:35:19,JAPN101,0201,Kumiko Akikawa,15,6,0,2026-09-04 14:43:15
2026-09-04 14:35:19,JAPN101,0301,Kumiko Akikawa,15,5,0,2026-09-04 14:43:15
2026-09-04 14:35:19,JAPN201,0101,Makiko Inoue,15,5,0,2026-09-04 14:43:15
2026-09-04 14:35:19,JAPN201,0201,Makiko Inoue,15,8,0,2026-09-04 14:43:15
2026-09-04 14:35:19,JAPN301,0101,Mari Hamada,15,9,0,2026-09-04 14:43:15
2026-09-04 14:35:19,JAPN311,0101,Jyana Browne,15,11,0,2026-09-04 14:43:15
2026-09-04 14:35:19,JAPN315,0101,Michele Mason,20,3,0,2026-09-04 14:43:16
2026-09-04 14:35:19,JAPN320,0101,Lindsay Yotsukura,15,9,0,2026-09-04 14:43:16
2026-09-04 14:35:19,JAPN498B,0101,Jyana Browne,20,1,0,2026-09-04 14:43:16
2026-09-04 14:35:19,KORA101,0101,Saerom Kwak,15,0,1,2026-09-04 14:43:42
2026-09-04 14:35:19,KORA101,0201,Saerom Kwak,15,2,0,2026-09-04 14:43:42
2026-09-04 14:35:19,KORA101,0301,Saerom Kwak,15,6,0,2026-09-04 14:43:42
2026-09-04 14:35:19,KORA101,0401,Saerom Kwak,15,5,0,2026-09-04 14:43:42
2026-09-04 14:35:19,KORA201,0101,Seong Minne Koh,15,4,0,2026-09-04 14:43:42
2026-09-04 14:35:19,KORA201,0201,Seong Minne Koh,15,5,0,2026-09-04 14:43:42
2026-09-04 14:35:19,KORA201,0301,Seong Minne Koh,15,8,0,2026-09-04 14:43:42
2026-09-04 14:35:19,KORA398G,0101,Instructor: TBA,10,7,0,2026-09-04 14:43:42
2026-09-04 14:35:19,KORA398W,0101,Seong Minne Koh,10,4,0,2026-09-04 14:43:43
2026-09-04 14:35:19,LEAD217,0101,Festus Ainoo,25,0,0,2026-09-04 14:43:54
2026-09-04 14:35:19,LEAD217,0201,Adrian Bitton,25,2,0,2026-09-04 14:43:54
2026-09-04 14:35:19,LEAD217,FC01,Festus Ainoo,22,0,0,2026-09-04 14:43:54
2026-09-04 14:35:19,LEAD305,0101,Anastasia Lavrenyuk,20,4,0,2026-09-04 14:43:54
2026-09-04 14:35:19,LEAD315,0101,Anastasia Lavrenyuk,25,11,0,2026-09-04 14:43:55
2026-09-04 14:35:19,LEAD320,0101,Courtney Holder,10,9,0,2026-09-04 14:43:55
2026-09-04 14:35:19,LGBT200,0201,Basanth Babu,25,0,5,2026-09-04 14:43:56
2026-09-04 14:35:19,LGBT265,0101,Tyra Griffin,30,3,0,2026-09-04 14:43:56
2026-09-04 14:35:19,LGBT265,0201,Declan Langton,30,3,0,2026-09-04 14:43:56
2026-09-04 14:35:19,LGBT359J,0101,Chris Eng,25,13,0,2026-09-04 14:43:56
2026-09-04 14:35:19,MLAW100,0101,Christine White,83,14,0,2026-09-04 14:44:19
2026-09-04 14:35:19,MLAW304,0201,Christine White,65,16,0,2026-09-04 14:44:20
2026-09-04 14:35:19,MLAW305,0101,Brian Gilmore,40,2,0,2026-09-04 14:44:20
2026-09-04 14:35:19,MLAW315,0101,Grace Benton,13,3,0,2026-09-04 14:44:20
2026-09-04 14:35:19,MLAW358Q,0101,David Cunningham,0,0,0,2026-09-04 14:44:20
2026-09-04 14:35:19,MLAW358T,0101,Christine White,25,5,0,2026-09-04 14:44:20
2026-09-04 14:35:19,MLAW358X,0101,Martin Kobren,5,0,0,2026-09-04 14:44:20
2026-09-04 14:35:19,MLAW359,0101,Brandee Pettus,10,4,0,2026-09-04 14:44:21
2026-09-04 14:35:19,MLAW378E,0101,Brandee Pettus,5,5,0,2026-09-04 14:44:21
2026-09-04 14:35:19,MLAW378K,0101,Brian Gilmore,20,0,0,2026-09-04 14:44:21
2026-09-04 14:35:19,MLAW378Q,0101,Paul Huth,2,0,0,2026-09-04 14:44:23
2026-09-04 14:35:19,MLAW378R,0101,Nancy Schertzing,13,2,0,2026-09-04 14:44:23
2026-09-04 14:35:19,MLAW388,0101,Brandee Pettus,40,21,0,2026-09-04 14:44:23
2026-09-04 14:35:19,MLSC250,FC01,William Simpson,24,5,0,2026-09-04 14:44:24
2026-09-04 14:35:19,NEUR200,0101,Ana Navarro Cebrian,80,6,0,2026-09-04 14:44:39
2026-09-04 14:35:19,NEUR200,0201,Ana Navarro Cebrian,80,0,1,2026-09-04 14:44:39
2026-09-04 14:35:19,NEUR200,0301,Evan Hart,80,1,0,2026-09-04 14:44:39
2026-09-04 14:35:19,NEUR305,0101,Amanda Chicoli,100,12,0,2026-09-04 14:44:39
2026-09-04 14:35:19,NEUR306,0101,Chan Lin,200,6,0,2026-09-04 14:44:39
2026-09-04 14:35:19,NEUR398H,0101,Nikolas Francis,20,2,0,2026-09-04 14:44:40
2026-09-04 14:35:19,NEUR405,0101,Hilary Bierman,20,0,0,2026-09-04 14:44:40
2026-09-04 14:35:19,NEUR405,0102,Hilary Bierman,20,1,0,2026-09-04 14:44:40
2026-09-04 14:35:19,NEUR405,0103,Hilary Bierman,20,0,0,2026-09-04 14:44:40
2026-09-04 14:35:19,PEER312,0101,Aleia Gardner,15,8,0,2026-09-04 14:44:50
2026-09-04 14:35:19,PEER318,0101,Christina Jay,15,11,0,2026-09-04 14:44:50
2026-09-04 14:35:19,PEER319,0101,Grace Boudreau,15,7,0,2026-09-04 14:44:50
2026-09-04 14:35:19,PHPE308D,0101,Xinzhi Zhao,30,7,0,2026-09-04 14:44:59
2026-09-04 14:35:19,PHPE308F,0101,Regev Ben-David,30,24,0,2026-09-04 14:44:59
2026-09-04 14:35:19,PHPE308M,0101,Hallie Liberto,30,18,0,2026-09-04 14:45:00
2026-09-04 14:35:19,PHPE308O,0101,Jackson Iszler,30,0,0,2026-09-04 14:45:00
2026-09-04 14:35:19,PHPE308Y,0101,Rachel Singpurwalla,20,1,0,2026-09-04 14:45:00
2026-09-04 14:35:19,PHPE308Y,0102,Rachel Singpurwalla,20,0,2,2026-09-04 14:45:00
2026-09-04 14:35:19,PHPE308Y,0103,Rachel Singpurwalla,20,0,1,2026-09-04 14:45:00
2026-09-04 14:35:19,PHPE400,0101,Justin Helms,18,1,0,2026-09-04 14:45:00
2026-09-04 14:35:19,PHPE400,0102,Justin Helms,18,1,0,2026-09-04 14:45:00
2026-09-04 14:35:19,PHPE400,0103,Justin Helms,20,1,0,2026-09-04 14:45:00
2026-09-04 14:35:19,PHPE401,0101,Xinzhi Zhao,25,0,9,2026-09-04 14:45:01
2026-09-04 14:35:19,PHPE402,0101,Dan Moller,30,0,0,2026-09-04 14:45:01
2026-09-04 14:35:19,PHPE408J,0101,Lixing Miao,25,1,0,2026-09-04 14:45:01
2026-09-04 14:35:19,PHPE408R,0101,Xinzhi Zhao,25,9,0,2026-09-04 14:45:01
2026-09-04 14:35:19,PHSC388J,0101,Kendall Bustad,20,6,0,2026-09-04 14:45:03
2026-09-04 14:35:19,PHSC389,0101,Shannon Edward,30,14,0,2026-09-04 14:45:03
2026-09-04 14:35:19,PHSC399,0101,Shannon Edward,30,10,0,2026-09-04 14:45:03
2026-09-04 14:35:19,PHSC415,0101,Jessica O'Hara,31,0,1,2026-09-04 14:45:03
2026-09-04 14:35:19,PHSC415,0102,Jessica O'Hara,31,0,1,2026-09-04 14:45:03
2026-09-04 14:35:19,PHSC415,0103,Jessica O'Hara,31,0,1,2026-09-04 14:45:03
2026-09-04 14:35:19,PHSC415,0104,Jessica O'Hara,31,0,1,2026-09-04 14:45:03
2026-09-04 14:35:19,PHSC415,0105,Jessica O'Hara,31,0,1,2026-09-04 14:45:03
2026-09-04 14:35:19,PHSC420,0101,Jennifer German,35,4,0,2026-09-04 14:45:03
2026-09-04 14:35:19,PHSC450,0101,Kendall Bustad,20,0,2,2026-09-04 14:45:03
2026-09-04 14:35:19,PHSC450,0102,Kendall Bustad,20,0,2,2026-09-04 14:45:03
2026-09-04 14:35:19,PHSC450,0103,Kendall Bustad,20,0,1,2026-09-04 14:45:03
2026-09-04 14:35:19,PHSC450,0104,Kendall Bustad,20,0,2,2026-09-04 14:45:03
2026-09-04 14:35:19,PHSC450,0105,Kendall Bustad,20,0,1,2026-09-04 14:45:03
2026-09-04 14:35:19,PHSC450,0106,Kendall Bustad,20,0,0,2026-09-04 14:45:03
2026-09-04 14:35:19,PHSC450,0107,Kendall Bustad,20,0,2,2026-09-04 14:45:03
2026-09-04 14:35:19,PHSC450,0108,Kendall Bustad,20,0,2,2026-09-04 14:45:03
2026-09-04 14:35:19,PHSC497,0101,Kendall Bustad,20,2,0,2026-09-04 14:45:04
2026-09-04 14:35:19,PHSC497,0301,Shannon Edward,20,3,0,2026-09-04 14:45:04
2026-09-04 14:35:19,PHSC497,0601,Jennifer German,20,2,0,2026-09-04 14:45:04
2026-09-04 14:35:19,PLCY100,0101,Toby Egan,25,0,1,2026-09-04 14:45:17
2026-09-04 14:35:19,PLCY100,0102,Toby Egan,25,0,0,2026-09-04 14:45:17
2026-09-04 14:35:19,PLCY100,0103,Toby Egan,25,0,0,2026-09-04 14:45:17
2026-09-04 14:35:19,PLCY100,0104,Toby Egan,25,0,0,2026-09-04 14:45:17
2026-09-04 14:35:19,PLCY100,0201,Namrta Sharma,25,12,0,2026-09-04 14:45:17
2026-09-04 14:35:19,PLCY100,0202,Namrta Sharma,25,16,0,2026-09-04 14:45:17
2026-09-04 14:35:19,PLCY100,0203,Namrta Sharma,25,0,0,2026-09-04 14:45:17
2026-09-04 14:35:19,PLCY100,0204,Namrta Sharma,25,10,0,2026-09-04 14:45:17
2026-09-04 14:35:19,PLCY101,0101,Robert Sprinkle,75,0,0,2026-09-04 14:45:17
2026-09-04 14:35:19,PLCY170,0101,Joshua Itzkowitz Shifrinson,20,0,0,2026-09-04 14:45:17
2026-09-04 14:35:19,PLCY170,0102,Joshua Itzkowitz Shifrinson,20,0,0,2026-09-04 14:45:17
2026-09-04 14:35:19,PLCY170,0103,Joshua Itzkowitz Shifrinson,20,0,0,2026-09-04 14:45:17
2026-09-04 14:35:19,PLCY170,0104,Joshua Itzkowitz Shifrinson,20,0,0,2026-09-04 14:45:17
2026-09-04 14:35:19,PLCY170,0105,Joshua Itzkowitz Shifrinson,20,0,0,2026-09-04 14:45:17
2026-09-04 14:35:19,PLCY170,0106,Joshua Itzkowitz Shifrinson,25,0,0,2026-09-04 14:45:17
2026-09-04 14:35:19,PLCY172,0101,Caroline Ritter,95,25,0,2026-09-04 14:45:17
2026-09-04 14:35:19,PLCY200,0101,Shanna Pearson-Merkowitz,35,0,3,2026-09-04 14:45:17
2026-09-04 14:35:19,PLCY200,0201,Shanna Pearson-Merkowitz,35,0,2,2026-09-04 14:45:17
2026-09-04 14:35:19,PLCY200,0301,Namrta Sharma,35,0,3,2026-09-04 14:45:17
2026-09-04 14:35:19,PLCY201,0101,Julio Guzman,70,0,0,2026-09-04 14:45:17
2026-09-04 14:35:19,PLCY201,0201,Gregory Ramsay,60,0,0,2026-09-04 14:45:17
2026-09-04 14:35:19,PLCY201,FC01,Anne Kaiser,32,1,0,2026-09-04 14:45:17
2026-09-04 14:35:19,PLCY201,FC02,Anne Kaiser,32,6,0,2026-09-04 14:45:17
2026-09-04 14:35:19,PLCY201S,0101,Susannah Washburn,80,4,0,2026-09-04 14:45:18
2026-09-04 14:35:19,PLCY203,0101,Thomas Hilde,60,7,0,2026-09-04 14:45:18
2026-09-04 14:35:19,PLCY203,0201,Anne Kaiser,60,39,0,2026-09-04 14:45:18
2026-09-04 14:35:19,PLCY213,0201,Claire Dunning,40,5,0,2026-09-04 14:45:18
2026-09-04 14:35:19,PLCY214,0101,Patricia Bory,65,20,0,2026-09-04 14:45:18
2026-09-04 14:35:19,PLCY240,0101,Timothy Reedy,30,1,0,2026-09-04 14:45:18
2026-09-04 14:35:19,PLCY288K,0101,CHRISTIAN OSTERMANN,25,3,0,2026-09-04 14:45:18
2026-09-04 14:35:19,PLCY300,0101,Alana Hackshaw,45,0,7,2026-09-04 14:45:19
2026-09-04 14:35:19,PLCY300,0201,Namrta Sharma,45,30,0,2026-09-04 14:45:19
2026-09-04 14:35:19,PLCY301,0101,Caroline Boules,165,7,0,2026-09-04 14:45:19
2026-09-04 14:35:19,PLCY302,0101,Niambi Carter,40,2,0,2026-09-04 14:45:19
2026-09-04 14:35:19,PLCY302,0201,Ebonie Johnson Cooper,40,2,0,2026-09-04 14:45:19
2026-09-04 14:35:19,PLCY302,0301,Lindsay Dieudonne,40,0,1,2026-09-04 14:45:19
2026-09-04 14:35:19,PLCY303,0101,Juan Martinez Guzman,40,4,0,2026-09-04 14:45:19
2026-09-04 14:35:19,PLCY304,0101,Michael Busse,40,11,0,2026-09-04 14:45:19
2026-09-04 14:35:19,PLCY304,0201,Michael Busse,40,12,0,2026-09-04 14:45:19
2026-09-04 14:35:19,PLCY309,0101,Martin Sanders,30,26,0,2026-09-04 14:45:19
2026-09-04 14:35:19,PLCY310,0101,Selvon Waldron,35,15,0,2026-09-04 14:45:20
2026-09-04 14:35:19,PLCY313,0101,Gerard Evans,100,1,0,2026-09-04 14:45:20
2026-09-04 14:35:19,PLCY371,0101,Joshua Itzkowitz Shifrinson,35,0,1,2026-09-04 14:45:20
2026-09-04 14:35:19,PLCY380,0101,Isabel O'Malley,40,0,1,2026-09-04 14:45:20
2026-09-04 14:35:19,PLCY380,ESG1,Kisha McNeill,30,1,0,2026-09-04 14:45:20
2026-09-04 14:35:19,PLCY388A,0101,Brandi Onowu,40,8,0,2026-09-04 14:45:20
2026-09-04 14:35:19,PLCY388N,0101,Nina Harris,25,2,0,2026-09-04 14:45:20
2026-09-04 14:35:19,PLCY390,0101,Lena Andrews,20,0,1,2026-09-04 14:45:21
2026-09-04 14:35:19,PLCY399B,0101,Beatrice DeBelen,30,19,0,2026-09-04 14:45:21
2026-09-04 14:35:19,PLCY400,0101,Patricia Bory,25,2,0,2026-09-04 14:45:21
2026-09-04 14:35:19,PLCY401,0101,Anand Patwardhan,20,5,0,2026-09-04 14:45:21
2026-09-04 14:35:19,PLCY401,0201,Tracy Thompson,20,0,1,2026-09-04 14:45:21
2026-09-04 14:35:19,PLCY401,0301,David Mussington,20,9,0,2026-09-04 14:45:21
2026-09-04 14:35:19,PLCY490,0101,Michael Woldemariam,15,1,0,2026-09-04 14:45:21
2026-09-04 14:35:19,PLCY492,0101,Steve Fetter,20,0,1,2026-09-04 14:45:22
2026-09-04 14:35:19,PLCY610,0201,Alec Worsnop,40,7,0,2026-09-04 14:45:22
2026-09-04 14:35:19,PLCY630,0101,Catherine Worsnop,25,2,0,2026-09-04 14:45:22
2026-09-04 14:35:19,PLCY630,0201,Catherine Worsnop,25,3,0,2026-09-04 14:45:22
2026-09-04 14:35:19,PLCY631,0101,Cullen Merritt,25,0,1,2026-09-04 14:45:22
2026-09-04 14:35:19,PLCY640,0201,Thomas Spreen,30,6,0,2026-09-04 14:45:22
2026-09-04 14:35:19,PLCY641,0101,Tyler Kustra,30,0,0,2026-09-04 14:45:23
2026-09-04 14:35:19,PLCY641,0201,Tyler Kustra,30,9,0,2026-09-04 14:45:23
2026-09-04 14:35:19,PLCY670,0101,Philip Joyce,30,0,0,2026-09-04 14:45:23
2026-09-04 14:35:19,PLCY680,0101,Claire Dunning,25,0,0,2026-09-04 14:45:23
2026-09-04 14:35:19,PLCY680,0201,Michael Woldemariam,25,6,0,2026-09-04 14:45:23
2026-09-04 14:35:19,PLCY688C,0101,Charles Harry,20,10,0,2026-09-04 14:45:23
2026-09-04 14:35:19,PLCY688F,PWL1,Nekeya O'Connor,20,1,0,2026-09-04 14:45:23
2026-09-04 14:35:19,PLCY688P,0101,Steve Fetter,10,1,0,2026-09-04 14:45:23
2026-09-04 14:35:19,PLCY688Z,0101,Brandi Onowu,20,6,0,2026-09-04 14:45:24
2026-09-04 14:35:19,PLCY689E,0101,Susan Parker,20,0,0,2026-09-04 14:45:24
2026-09-04 14:35:19,PLCY690,0110,David Mussington,15,3,0,2026-09-04 14:45:24
2026-09-04 14:35:19,PLCY690,0120,Margaret Brindle,15,2,0,2026-09-04 14:45:24
2026-09-04 14:35:19,PLCY690,0130,Douglas Call,15,0,0,2026-09-04 14:45:24
2026-09-04 14:35:19,PLCY690,0150,Paul Brown,15,1,0,2026-09-04 14:45:24
2026-09-04 14:35:19,PLCY690,0170,James Stillwell,15,0,0,2026-09-04 14:45:24
2026-09-04 14:35:19,PLCY698T,0101,Elizabeth Duke,20,6,0,2026-09-04 14:45:24
2026-09-04 14:35:19,PLCY699L,0101,Michael Woldemariam,10,2,0,2026-09-04 14:45:24
2026-09-04 14:35:19,PLCY720,0101,Nancy Gallagher,20,3,0,2026-09-04 14:45:24
2026-09-04 14:35:19,PLCY734,0101,Niambi Carter,20,0,0,2026-09-04 14:45:25
2026-09-04 14:35:19,PLCY735,0101,Robert Sprinkle,20,7,0,2026-09-04 14:45:25
2026-09-04 14:35:19,PLCY741,0101,Anand Patwardhan,20,7,0,2026-09-04 14:45:25
2026-09-04 14:35:19,PLCY742,0101,Thomas Hilde,20,9,0,2026-09-04 14:45:25
2026-09-04 14:35:19,PLCY780,0101,Robert Orr,20,0,0,2026-09-04 14:45:25
2026-09-04 14:35:19,PLCY781,0101,Julio Guzman,20,2,0,2026-09-04 14:45:25
2026-09-04 14:35:19,PLCY783,0101,Margaret Brindle,20,7,0,2026-09-04 14:45:26
2026-09-04 14:35:19,PLCY798F,PWL1,William Nolte,25,18,0,2026-09-04 14:45:26
2026-09-04 14:35:19,PLCY798V,0101,Shanna Pearson-Merkowitz,12,0,0,2026-09-04 14:45:26
2026-09-04 14:35:19,PLCY798W,0101,Martin Sanders,10,10,0,2026-09-04 14:45:26
2026-09-04 14:35:19,PLCY798Y,PWL1,Jeffrey Franco,25,0,0,2026-09-04 14:45:27
2026-09-04 14:35:19,PLCY798Z,0101,Peter Reuter,12,0,0,2026-09-04 14:45:27
2026-09-04 14:35:19,PLSC112,0101,Samuel Daramola,100,16,0,2026-09-04 14:45:28
2026-09-04 14:35:19,PLSC113,0101,Samuel Daramola,24,3,0,2026-09-04 14:45:29
2026-09-04 14:35:19,PLSC113,0102,Samuel Daramola,24,5,0,2026-09-04 14:45:29
2026-09-04 14:35:19,PLSC113,0103,Samuel Daramola,24,13,0,2026-09-04 14:45:29
2026-09-04 14:35:19,PLSC113,0104,Samuel Daramola,24,11,0,2026-09-04 14:45:29
2026-09-04 14:35:19,PLSC115,0101,Shirley Micallef,24,0,1,2026-09-04 14:45:29
2026-09-04 14:35:19,PLSC201,0101,Pierre Jacob,42,15,0,2026-09-04 14:45:29
2026-09-04 14:35:19,PLSC203,0101,Vijay Tiwari,23,17,0,2026-09-04 14:45:29
2026-09-04 14:35:19,PLSC205,0101,Mark Carroll,22,0,0,2026-09-04 14:45:29
2026-09-04 14:35:19,PLSC206,0101,Pierre Jacob,21,8,0,2026-09-04 14:45:30
2026-09-04 14:35:19,PLSC206,0102,Pierre Jacob,21,7,0,2026-09-04 14:45:30
2026-09-04 14:35:19,PLSC253,0101,Karen Petroff,24,0,0,2026-09-04 14:45:30
2026-09-04 14:35:19,PLSC253,0102,Karen Petroff,24,5,0,2026-09-04 14:45:30
2026-09-04 14:35:19,PLSC389,0101,Craig Beyrouty,17,17,0,2026-09-04 14:45:30
2026-09-04 14:35:19,PLSC402,0101,Geoffrey Rinehart,10,3,0,2026-09-04 14:45:30
2026-09-04 14:35:19,PLSC404,0101,Yiping Qi,20,9,0,2026-09-04 14:45:30
2026-09-04 14:35:19,PLSC420,0101,Nidhi Rawat,18,3,0,2026-09-04 14:45:31
2026-09-04 14:35:19,PLSC420,0102,Nidhi Rawat,18,13,0,2026-09-04 14:45:31
2026-09-04 14:35:19,PLSC433,0101,Diana Cochran,10,2,0,2026-09-04 14:45:31
2026-09-04 14:35:19,PLSC453,0101,Samuel Daramola,24,1,0,2026-09-04 14:45:31
2026-09-04 14:35:19,PLSC471,0101,Juanita Choo,20,0,0,2026-09-04 14:45:31
2026-09-04 14:35:19,PLSC476,0101,Maile Neel,23,19,0,2026-09-04 14:45:31
2026-09-04 14:35:19,PLSC608,0101,Shunyuan Xiao,20,13,0,2026-09-04 14:45:31
2026-09-04 14:35:19,PORT103,0101,Parker Brookie,15,8,0,2026-09-04 14:45:33
2026-09-04 14:35:19,PORT205,0101,Parker Brookie,15,4,0,2026-09-04 14:45:33
2026-09-04 14:35:19,PORT332,0101,Parker Brookie,25,1,0,2026-09-04 14:45:33
2026-09-04 14:35:19,RELS120,0101,Antoine Borrut,40,7,0,2026-09-04 14:45:50
2026-09-04 14:35:19,RELS170,0101,Chiara Graf,21,4,0,2026-09-04 14:45:50
2026-09-04 14:35:19,RELS170,0102,Chiara Graf,21,0,0,2026-09-04 14:45:50
2026-09-04 14:35:19,RELS170,0103,Chiara Graf,21,0,0,2026-09-04 14:45:50
2026-09-04 14:35:19,RELS170,0104,Chiara Graf,21,0,0,2026-09-04 14:45:50
2026-09-04 14:35:19,RELS170,0105,Chiara Graf,21,0,0,2026-09-04 14:45:50
2026-09-04 14:35:19,RELS170,0106,Chiara Graf,21,0,0,2026-09-04 14:45:50
2026-09-04 14:35:19,RELS170,0107,Chiara Graf,21,0,0,2026-09-04 14:45:50
2026-09-04 14:35:19,RELS170,0108,Chiara Graf,21,0,0,2026-09-04 14:45:50
2026-09-04 14:35:19,RELS170,0109,Chiara Graf,22,0,0,2026-09-04 14:45:50
2026-09-04 14:35:19,RELS171,0101,Maxine Grossman,40,1,0,2026-09-04 14:45:50
2026-09-04 14:35:19,RELS219K,0101,Shay Hazkani,40,33,0,2026-09-04 14:45:50
2026-09-04 14:35:19,RELS225,0101,Stephanie Cooper,25,0,0,2026-09-04 14:45:50
2026-09-04 14:35:19,RELS273,0101,Hayim Lapin,23,1,0,2026-09-04 14:45:50
2026-09-04 14:35:19,RELS273,0102,Hayim Lapin,23,0,0,2026-09-04 14:45:50
2026-09-04 14:35:19,RELS273,0103,Hayim Lapin,23,1,0,2026-09-04 14:45:50
2026-09-04 14:35:19,RELS274,0101,Matthew Suriano,20,0,3,2026-09-04 14:45:51
2026-09-04 14:35:19,RELS274,0102,Matthew Suriano,20,0,2,2026-09-04 14:45:51
2026-09-04 14:35:19,RELS274,0103,Matthew Suriano,20,0,3,2026-09-04 14:45:51
2026-09-04 14:35:19,RELS274,0104,Matthew Suriano,20,0,1,2026-09-04 14:45:51
2026-09-04 14:35:19,RELS319D,0101,Nathan Levine,35,25,0,2026-09-04 14:45:51
2026-09-04 14:35:19,RELS319Z,0101,Regev Ben-David,30,27,0,2026-09-04 14:45:51
2026-09-04 14:35:19,RELS341,0101,Janna Bianchini,30,0,0,2026-09-04 14:45:51
2026-09-04 14:35:19,RUSS101,0101,Inna Hardman,15,6,0,2026-09-04 14:45:53
2026-09-04 14:35:19,RUSS101,0201,Inna Hardman,15,4,0,2026-09-04 14:45:53
2026-09-04 14:35:19,RUSS201,0101,Zhanna Gerus-Vernola,15,8,0,2026-09-04 14:45:53
2026-09-04 14:35:19,RUSS301,0101,Izolda Savenkova,15,5,0,2026-09-04 14:45:53
2026-09-04 14:35:19,RUSS321,0101,Elizabeth Papazian,15,5,0,2026-09-04 14:45:53
2026-09-04 14:35:19,RUSS334,0101,Elizabeth Papazian,25,0,0,2026-09-04 14:45:54
2026-09-04 14:35:19,RUSS404,0101,Izolda Savenkova,15,1,0,2026-09-04 14:45:54
2026-09-04 14:35:19,SDSB123,0101,Brian Kim,40,7,0,2026-09-04 14:45:56
2026-09-04 14:35:19,SDSB180,0101,Brian Kim,180,141,0,2026-09-04 14:45:56
2026-09-04 14:35:19,SDSB233,0101,Jacob Coutts,25,1,0,2026-09-04 14:45:56
2026-09-04 14:35:19,SDSB233,0102,Jacob Coutts,25,10,0,2026-09-04 14:45:56
2026-09-04 14:35:19,SDSB233,0103,Jacob Coutts,25,8,0,2026-09-04 14:45:56
2026-09-04 14:35:19,SDSB326,0101,Jacob Coutts,50,31,0,2026-09-04 14:45:56
2026-09-04 14:35:19,SDSB340,0101,Neil Lund,40,0,0,2026-09-04 14:45:57
2026-09-04 14:35:19,SDSI414,0201,Maria Krupenkin,34,12,0,2026-09-04 14:45:58
2026-09-04 14:35:19,SDSI414,0202,Maria Krupenkin,34,0,0,2026-09-04 14:45:58
2026-09-04 14:35:19,SDSI492,0101,TJ Rainsford,50,11,0,2026-09-04 14:45:58
2026-09-04 14:35:19,SDSI492,0103,Mary Ann Francis,40,0,4,2026-09-04 14:45:58
2026-09-04 14:35:19,SDSI492,0104,TJ Rainsford,50,3,0,2026-09-04 14:45:58
2026-09-04 14:35:19,SDSI492,0106,Jesse Klein,50,0,11,2026-09-04 14:45:58
2026-09-04 14:35:19,SDSI492,0107,Connie Siebold,40,0,5,2026-09-04 14:45:58
2026-09-04 14:35:19,SDSI492,0110,Patrick Thornton,50,27,0,2026-09-04 14:45:58
2026-09-04 14:35:19,SLLC108I,0101,Instructor: TBA,5,4,0,2026-09-04 14:46:01
2026-09-04 14:35:19,SLLC108J,0101,Instructor: TBA,5,5,0,2026-09-04 14:46:01
2026-09-04 14:35:19,SLLC108W,0101,Instructor: TBA,5,4,0,2026-09-04 14:46:01
2026-09-04 14:35:19,SLLC118A,0101,Sean Pue,10,3,0,2026-09-04 14:46:01
2026-09-04 14:35:19,SLLC200,0101,Chris Lewis,30,0,0,2026-09-04 14:46:01
2026-09-04 14:35:19,SLLC286,0101,Andrew Schonebaum,60,6,0,2026-09-04 14:46:02
2026-09-04 14:35:19,SLLC309,0101,Ahmed Hanafy,10,10,0,2026-09-04 14:46:02
2026-09-04 14:35:19,SLLC309,0102,Ahmed Hanafy,10,8,0,2026-09-04 14:46:02
2026-09-04 14:35:19,SLLC309,0103,Ahmed Hanafy,10,8,0,2026-09-04 14:46:02
2026-09-04 14:35:19,SLLC309,0104,Ahmed Hanafy,10,6,0,2026-09-04 14:46:02
2026-09-04 14:35:19,SLLC309,0105,Ahmed Hanafy,10,6,0,2026-09-04 14:46:02
2026-09-04 14:35:19,SLLC309,0106,Ahmed Hanafy,10,7,0,2026-09-04 14:46:02
2026-09-04 14:35:19,SLLC309,0107,Ahmed Hanafy,10,8,0,2026-09-04 14:46:02
2026-09-04 14:35:19,SLLC309,0108,Ahmed Hanafy,10,9,0,2026-09-04 14:46:02
2026-09-04 14:35:19,SLLC309,0109,Ahmed Hanafy,10,7,0,2026-09-04 14:46:02
2026-09-04 14:35:19,SLLC309,0110,Ahmed Hanafy,10,4,0,2026-09-04 14:46:02
2026-09-04 14:35:19,SLLC309,0111,Ahmed Hanafy,10,10,0,2026-09-04 14:46:02
2026-09-04 14:35:19,SLLC329,0101,Marilyn Matar,12,0,0,2026-09-04 14:46:02
2026-09-04 14:35:19,SLLC329,0102,Marilyn Matar,10,1,0,2026-09-04 14:46:02
2026-09-04 14:35:19,SLLC329,0103,Marilyn Matar,21,2,0,2026-09-04 14:46:02
2026-09-04 14:35:19,SLLC329,0104,Marilyn Matar,10,4,0,2026-09-04 14:46:02
2026-09-04 14:35:19,SLLC329,0105,Marilyn Matar,10,9,0,2026-09-04 14:46:02
2026-09-04 14:35:19,SLLC329,0106,Marilyn Matar,10,1,0,2026-09-04 14:46:02
2026-09-04 14:35:19,SLLC329,0107,Marilyn Matar,10,7,0,2026-09-04 14:46:02
2026-09-04 14:35:19,SLLC329,0108,Marilyn Matar,10,7,0,2026-09-04 14:46:02
2026-09-04 14:35:19,SLLC329,0109,Marilyn Matar,10,4,0,2026-09-04 14:46:02
2026-09-04 14:35:19,SLLC329,0110,Marilyn Matar,20,4,0,2026-09-04 14:46:02
2026-09-04 14:35:19,SLLC350,0101,Michele Mason,30,27,0,2026-09-04 14:46:02
2026-09-04 14:35:19,SMLP470,0101,Brooke Smith,45,13,0,2026-09-04 14:46:04
2026-09-04 14:35:19,SMLP472,0101,Sara Herald,60,20,0,2026-09-04 14:46:04
2026-09-04 14:35:19,TLTC310,0101,Sarah Kistner,0,0,0,2026-09-04 14:46:33
2026-09-04 14:35:19,TLTC310,0201,Yanira Ortiz,20,11,0,2026-09-04 14:46:33
2026-09-04 14:35:19,TLTC333,0101,Mona Thompson,60,0,0,2026-09-04 14:46:34
2026-09-04 14:35:19,TLTC333,0102,Mona Thompson,60,0,0,2026-09-04 14:46:34
2026-09-04 14:35:19,TLTC333,0105,Mona Thompson,60,3,0,2026-09-04 14:46:34
2026-09-04 14:35:19,TLTC499A,0101,Mona Thompson,10,7,0,2026-09-04 14:46:34
2026-09-04 14:35:19,TLTC499A,0102,Danielle Pafe,10,6,0,2026-09-04 14:46:34
2026-09-04 14:35:19,UMEI005,0101,Charles Duquette,15,2,0,2026-09-04 14:46:35
2026-09-04 14:35:19,UMEI005,0201,Heather Mehrtens,15,9,0,2026-09-04 14:46:35
2026-09-04 14:35:19,UMEI005,0301,Marilena Draganescu,15,11,0,2026-09-04 14:46:35
2026-09-04 14:35:19,UMEI012,0101,Louise Godley,10,9,0,2026-09-04 14:46:35
2026-09-04 14:35:19,UMEI013,0101,Louise Godley,10,9,0,2026-09-04 14:46:35
2026-09-04 14:35:19,UMEI028A,0101,Raymond Smith,16,14,0,2026-09-04 14:46:36
2026-09-04 14:35:19,UMEI506,0101,Heather Mehrtens,16,0,0,2026-09-04 14:46:36
2026-09-04 14:35:19,UMEI506,0201,Heather Mehrtens,16,6,0,2026-09-04 14:46:36
2026-09-04 14:35:19,UMEI507,0101,Marilena Draganescu,15,4,0,2026-09-04 14:46:36
2026-09-04 14:35:19,USLT201,0101,Robert Chester,25,1,0,2026-09-04 14:46:41
2026-09-04 14:35:19,USLT398C,0101,Angela Pico Pinto,25,17,0,2026-09-04 14:46:41
2026-09-04 14:35:19,USLT450,0101,Robert Chester,20,0,2,2026-09-04 14:46:41
2026-09-04 14:35:19,USLT498C,0101,Ana Rodriguez,20,14,0,2026-09-04 14:46:41
2026-09-04 14:35:19,VIPS099,0115,Veronica Kang,5,3,0,2026-09-04 14:46:43
2026-09-04 14:35:19,VIPS208,0101,Mary Bowden,10,10,0,2026-09-04 14:46:43
2026-09-04 14:35:19,VIPS208,0102,Ken Kiger,10,2,0,2026-09-04 14:46:43
2026-09-04 14:35:19,VIPS208,0103,Bryan Quinn,10,7,0,2026-09-04 14:46:43
2026-09-04 14:35:19,VIPS208,0104,Abdil Chowdhury,10,1,0,2026-09-04 14:46:43
2026-09-04 14:35:19,VIPS208,0105,Molly Carton,10,7,0,2026-09-04 14:46:43
2026-09-04 14:35:19,VIPS208,0106,James Baeder,14,2,0,2026-09-04 14:46:43
2026-09-04 14:35:19,VIPS208,0107,Catherine Spirito,10,6,0,2026-09-04 14:46:43
2026-09-04 14:35:19,VIPS208,0108,Ronald Yaros,10,4,0,2026-09-04 14:46:43
2026-09-04 14:35:19,VIPS208,0109,Carinna Ferguson,10,6,0,2026-09-04 14:46:43
2026-09-04 14:35:19,VIPS208,0110,Tracy Riggins,15,0,0,2026-09-04 14:46:43
2026-09-04 14:35:19,VIPS208,0111,Kevin Calabro,13,2,0,2026-09-04 14:46:43
2026-09-04 14:35:19,VIPS208,0112,Raffaele Viglianti,10,5,0,2026-09-04 14:46:43
2026-09-04 14:35:19,VIPS208,0113,Shabnam Jabeen,10,4,0,2026-09-04 14:46:43
2026-09-04 14:35:19,VIPS208,0114,Ning Zeng,15,6,0,2026-09-04 14:46:43
2026-09-04 14:35:19,VIPS208,0115,Veronica Kang,10,5,0,2026-09-04 14:46:43
2026-09-04 14:35:19,VIPS208,0116,David Stewart,10,0,0,2026-09-04 14:46:43
2026-09-04 14:35:19,VIPS208,0117,Meredith Epstein,10,8,0,2026-09-04 14:46:43
2026-09-04 14:35:19,VIPS208,0118,Magaly Toro Ibaceta,10,3,0,2026-09-04 14:46:43
2026-09-04 14:35:19,VIPS208,0120,Marisa Parham,10,5,0,2026-09-04 14:46:43
2026-09-04 14:35:19,VIPS208,0121,Becky Epanchin-Niell,10,1,0,2026-09-04 14:46:43
2026-09-04 14:35:19,VIPS208,0122,Timothy Reedy,10,2,0,2026-09-04 14:46:43
2026-09-04 14:35:19,VIPS208,0123,Lingnan Lin,13,4,0,2026-09-04 14:46:43
2026-09-04 14:35:19,VIPS208,0124,Jeffrey Moro,10,4,0,2026-09-04 14:46:43
2026-09-04 14:35:19,VIPS208,0125,Peter Sunderland,12,4,0,2026-09-04 14:46:43
2026-09-04 14:35:19,VIPS208,0126,Brienna Anderson,10,3,0,2026-09-04 14:46:43
2026-09-04 14:35:19,VIPS308,0101,Mary Bowden,10,9,0,2026-09-04 14:46:43
2026-09-04 14:35:19,VIPS308,0102,Ken Kiger,10,3,0,2026-09-04 14:46:43
2026-09-04 14:35:19,VIPS308,0103,Bryan Quinn,10,2,0,2026-09-04 14:46:43
2026-09-04 14:35:19,VIPS308,0104,Abdil Chowdhury,10,3,0,2026-09-04 14:46:43
2026-09-04 14:35:19,VIPS308,0105,Molly Carton,10,3,0,2026-09-04 14:46:43
2026-09-04 14:35:19,VIPS308,0106,James Baeder,10,4,0,2026-09-04 14:46:43
2026-09-04 14:35:19,VIPS308,0107,Catherine Spirito,10,7,0,2026-09-04 14:46:43
2026-09-04 14:35:19,VIPS308,0108,Ronald Yaros,10,9,0,2026-09-04 14:46:43
2026-09-04 14:35:19,VIPS308,0109,Carinna Ferguson,10,6,0,2026-09-04 14:46:43
2026-09-04 14:35:19,VIPS308,0110,Tracy Riggins,10,0,0,2026-09-04 14:46:43
2026-09-04 14:35:19,VIPS308,0111,Kevin Calabro,10,6,0,2026-09-04 14:46:43
2026-09-04 14:35:19,VIPS308,0112,Raffaele Viglianti,10,10,0,2026-09-04 14:46:43
2026-09-04 14:35:19,VIPS308,0113,Shabnam Jabeen,10,8,0,2026-09-04 14:46:43
2026-09-04 14:35:19,VIPS308,0114,Ning Zeng,10,9,0,2026-09-04 14:46:43
2026-09-04 14:35:19,VIPS308,0115,Veronica Kang,10,10,0,2026-09-04 14:46:43
2026-09-04 14:35:19,VIPS308,0116,David Stewart,10,10,0,2026-09-04 14:46:43
2026-09-04 14:35:19,VIPS308,0117,Meredith Epstein,10,8,0,2026-09-04 14:46:43
2026-09-04 14:35:19,VIPS308,0118,Magaly Toro Ibaceta,10,10,0,2026-09-04 14:46:43
2026-09-04 14:35:19,VIPS308,0120,Marisa Parham,10,9,0,2026-09-04 14:46:43
2026-09-04 14:35:19,VIPS308,0121,Becky Epanchin-Niell,10,10,0,2026-09-04 14:46:43
2026-09-04 14:35:19,VIPS308,0122,Timothy Reedy,10,10,0,2026-09-04 14:46:43
2026-09-04 14:35:19,VIPS308,0123,Lingnan Lin,10,10,0,2026-09-04 14:46:43
2026-09-04 14:35:19,VIPS308,0124,Jeffrey Moro,10,10,0,2026-09-04 14:46:43
2026-09-04 14:35:19,VIPS308,0125,Peter Sunderland,10,10,0,2026-09-04 14:46:43
2026-09-04 14:35:19,VIPS308,0126,Brienna Anderson,10,10,0,2026-09-04 14:46:43
2026-09-04 14:35:19,VIPS408,0101,Mary Bowden,10,4,0,2026-09-04 14:46:43
2026-09-04 14:35:19,VIPS408,0102,Ken Kiger,10,8,0,2026-09-04 14:46:43
2026-09-04 14:35:19,VIPS408,0103,Bryan Quinn,10,3,0,2026-09-04 14:46:43
2026-09-04 14:35:19,VIPS408,0104,Abdil Chowdhury,10,8,0,2026-09-04 14:46:43
2026-09-04 14:35:19,VIPS408,0105,Molly Carton,10,8,0,2026-09-04 14:46:43
2026-09-04 14:35:19,VIPS408,0106,James Baeder,10,7,0,2026-09-04 14:46:43
2026-09-04 14:35:19,VIPS408,0107,Catherine Spirito,10,10,0,2026-09-04 14:46:43
2026-09-04 14:35:19,VIPS408,0108,Ronald Yaros,10,8,0,2026-09-04 14:46:43
2026-09-04 14:35:19,VIPS408,0109,Carinna Ferguson,10,8,0,2026-09-04 14:46:43
2026-09-04 14:35:19,VIPS408,0110,Tracy Riggins,10,10,0,2026-09-04 14:46:43
2026-09-04 14:35:19,VIPS408,0111,Kevin Calabro,10,7,0,2026-09-04 14:46:43
2026-09-04 14:35:19,VIPS408,0112,Raffaele Viglianti,10,9,0,2026-09-04 14:46:43
2026-09-04 14:35:19,VIPS408,0113,Shabnam Jabeen,10,10,0,2026-09-04 14:46:43
2026-09-04 14:35:19,VIPS408,0114,Ning Zeng,10,10,0,2026-09-04 14:46:43
2026-09-04 14:35:19,VIPS408,0115,Veronica Kang,10,10,0,2026-09-04 14:46:43
2026-09-04 14:35:19,VIPS408,0116,David Stewart,10,10,0,2026-09-04 14:46:43
2026-09-04 14:35:19,VIPS408,0117,Meredith Epstein,10,10,0,2026-09-04 14:46:43
2026-09-04 14:35:19,VIPS408,0118,Magaly Toro Ibaceta,10,9,0,2026-09-04 14:46:43
2026-09-04 14:35:19,VIPS408,0120,Marisa Parham,10,10,0,2026-09-04 14:46:43
2026-09-04 14:35:19,VIPS408,0121,Becky Epanchin-Niell,10,10,0,2026-09-04 14:46:43
2026-09-04 14:35:19,VIPS408,0122,Timothy Reedy,10,10,0,2026-09-04 14:46:43
2026-09-04 14:35:19,VIPS408,0123,Lingnan Lin,10,10,0,2026-09-04 14:46:43
2026-09-04 14:35:19,VIPS408,0124,Jeffrey Moro,10,10,0,2026-09-04 14:46:43
2026-09-04 14:35:19,VIPS408,0125,Peter Sunderland,10,10,0,2026-09-04 14:46:43
2026-09-04 14:35:19,VIPS408,0126,Brienna Anderson,10,10,0,2026-09-04 14:46:43
2026-09-04 14:35:19,WEID139B,0101,Denise Joseph,48,12,0,2026-09-04 14:46:46
2026-09-04 14:35:19,WEID139L,0201,Taylor Togafau-Lewis,48,18,0,2026-09-04 14:46:46
2026-09-04 17:51:52,AAAS100,0101,Shane Walsh,35,0,0,2026-09-04 17:51:53
2026-09-04 17:51:52,AAAS100,0201,Shane Walsh,35,0,0,2026-09-04 17:51:53
2026-09-04 17:51:52,AAAS100,0301,George Kintiba,70,37,0,2026-09-04 17:51:53
2026-09-04 17:51:52,AAAS100,0401,Jason Nichols,30,0,0,2026-09-04 17:51:53
2026-09-04 17:51:52,AAAS100,0501,Jason Nichols,35,0,0,2026-09-04 17:51:53
2026-09-04 17:51:52,AAAS101,0101,Chinyere Osuji,40,0,0,2026-09-04 17:51:53
2026-09-04 17:51:52,AAAS187,0101,Robert Choflet,30,0,0,2026-09-04 17:51:54
2026-09-04 17:51:52,AAAS187,0201,Joseph Richardson,30,0,0,2026-09-04 17:51:54
2026-09-04 17:51:52,AAAS200,0101,George Kintiba,40,4,0,2026-09-04 17:51:54
2026-09-04 17:51:52,AAAS202,0101,Robert Choflet,35,4,0,2026-09-04 17:51:54
2026-09-04 17:51:52,AAAS202,0201,Robert Choflet,35,5,0,2026-09-04 17:51:54
2026-09-04 17:51:52,AAAS202,0301,Angelica Dunbar,35,2,0,2026-09-04 17:51:54
2026-09-04 17:51:52,AAAS202,0401,Ashley Everson,35,0,0,2026-09-04 17:51:54
2026-09-04 17:51:52,AAAS202,0501,Ashley Everson,20,1,0,2026-09-04 17:51:54
2026-09-04 17:51:52,AAAS210,0101,Angelica Dunbar,20,16,0,2026-09-04 17:51:54
2026-09-04 17:51:52,AAAS211,0101,Shane Walsh,30,0,0,2026-09-04 17:51:55
2026-09-04 17:51:52,AAAS230,0101,Ashley Newby,30,0,0,2026-09-04 17:51:55
2026-09-04 17:51:52,AAAS230,0201,Ashley Newby,30,0,0,2026-09-04 17:51:55
2026-09-04 17:51:52,AAAS234,0201,Mike Kolakoski,30,2,0,2026-09-04 17:51:55
2026-09-04 17:51:52,AAAS254,0101,Christopher Bonner,40,1,0,2026-09-04 17:51:55
2026-09-04 17:51:52,AAAS271,0101,Sydney Lewis,30,0,0,2026-09-04 17:51:55
2026-09-04 17:51:52,AAAS310,0101,George Kintiba,25,20,0,2026-09-04 17:51:55
2026-09-04 17:51:52,AAAS320,0101,Cecily Jackson,25,0,0,2026-09-04 17:51:56
2026-09-04 17:51:52,AAAS320,0201,Cecily Jackson,25,0,0,2026-09-04 17:51:56
2026-09-04 17:51:52,AAAS325,0101,Traci Dula,20,3,0,2026-09-04 17:51:56
2026-09-04 17:51:52,AAAS350,0101,John Drabinski,20,0,0,2026-09-04 17:51:56
2026-09-04 17:51:52,AAAS361,0101,Michelle Rowley,35,25,0,2026-09-04 17:51:56
2026-09-04 17:51:52,AAAS386,0101,Marshal Washington,10,10,0,2026-09-04 17:51:56
2026-09-04 17:51:52,AAAS397,0101,John Drabinski,2,2,0,2026-09-04 17:51:57
2026-09-04 17:51:52,AAAS397,0201,Angelica Dunbar,2,2,0,2026-09-04 17:51:57
2026-09-04 17:51:52,AAAS397,0301,Sharon Harley,2,2,0,2026-09-04 17:51:57
2026-09-04 17:51:52,AAAS397,0401,Cecily Jackson,2,2,0,2026-09-04 17:51:57
2026-09-04 17:51:52,AAAS397,0501,Sangeetha Madhavan,2,2,0,2026-09-04 17:51:57
2026-09-04 17:51:52,AAAS397,0601,Ashley Newby,1,1,0,2026-09-04 17:51:57
2026-09-04 17:51:52,AAAS397,0701,Chinyere Osuji,2,2,0,2026-09-04 17:51:57
2026-09-04 17:51:52,AAAS397,0801,Periloux Peay,2,2,0,2026-09-04 17:51:57
2026-09-04 17:51:52,AAAS397,0901,Joseph Richardson,2,2,0,2026-09-04 17:51:57
2026-09-04 17:51:52,AAAS398B,0101,Beka Guluma,20,12,0,2026-09-04 17:51:57
2026-09-04 17:51:52,AAAS398W,0101,Jason Nichols,25,10,0,2026-09-04 17:51:57
2026-09-04 17:51:52,AAAS399,0101,Robert Choflet,4,4,0,2026-09-04 17:51:57
2026-09-04 17:51:52,AAAS399,0201,John Drabinski,4,4,0,2026-09-04 17:51:57
2026-09-04 17:51:52,AAAS399,0301,Angelica Dunbar,4,3,0,2026-09-04 17:51:57
2026-09-04 17:51:52,AAAS399,0401,Sharon Harley,4,4,0,2026-09-04 17:51:57
2026-09-04 17:51:52,AAAS399,0501,Cecily Jackson,4,4,0,2026-09-04 17:51:57
2026-09-04 17:51:52,AAAS399,0601,Cecily Jackson,4,4,0,2026-09-04 17:51:57
2026-09-04 17:51:52,AAAS399,0701,Sharon Harley,4,4,0,2026-09-04 17:51:57
2026-09-04 17:51:52,AAAS399,0801,George Kintiba,4,4,0,2026-09-04 17:51:57
2026-09-04 17:51:52,AAAS399,0901,Jason Nichols,4,4,0,2026-09-04 17:51:57
2026-09-04 17:51:52,AAAS399,1001,Ashley Newby,4,3,0,2026-09-04 17:51:57
2026-09-04 17:51:52,AAAS399,1101,Jason Nichols,4,4,0,2026-09-04 17:51:57
2026-09-04 17:51:52,AAAS399,1201,Joseph Richardson,4,4,0,2026-09-04 17:51:57
2026-09-04 17:51:52,AAAS399,1301,Shane Walsh,4,4,0,2026-09-04 17:51:57
2026-09-04 17:51:52,AAAS399,1401,Joseph Richardson,4,4,0,2026-09-04 17:51:57
2026-09-04 17:51:52,AAAS399,1501,Shane Walsh,4,4,0,2026-09-04 17:51:57
2026-09-04 17:51:52,AAAS400,0101,Periloux Peay,25,22,0,2026-09-04 17:51:58
2026-09-04 17:51:52,AAAS415,0101,Periloux Peay,30,1,0,2026-09-04 17:51:58
2026-09-04 17:51:52,AAAS499N,0101,Anne Rosen,25,1,0,2026-09-04 17:51:58
2026-09-04 17:51:52,AAST200,0101,Jennifer Cho,30,0,0,2026-09-04 17:51:59
2026-09-04 17:51:52,AAST200,0102,Binod Paudyal,30,0,0,2026-09-04 17:51:59
2026-09-04 17:51:52,AAST322,0101,Julie Park,30,2,0,2026-09-04 17:51:59
2026-09-04 17:51:52,AAST351,0101,Binod Paudyal,35,0,0,2026-09-04 17:52:00
2026-09-04 17:51:52,AAST355,0101,Jennifer Cho,35,0,7,2026-09-04 17:52:00
2026-09-04 17:51:52,AAST378,0101,Janelle Wong,2,2,0,2026-09-04 17:52:00
2026-09-04 17:51:52,AAST394,0101,Wenxi Yang,30,3,0,2026-09-04 17:52:00
2026-09-04 17:51:52,AAST398I,0101,Michelle Magalong,24,1,0,2026-09-04 17:52:01
2026-09-04 17:51:52,AAST398W,0101,Chris Eng,25,13,0,2026-09-04 17:52:01
2026-09-04 17:51:52,AAST421,0101,Tuyet Duong,20,0,0,2026-09-04 17:52:01
2026-09-04 17:51:52,AAST422,0101,Jennifer Cho,25,4,0,2026-09-04 17:52:01
2026-09-04 17:51:52,AAST424,0101,Dawn Dow,29,10,0,2026-09-04 17:52:02
2026-09-04 17:51:52,AAST440,0101,Binod Paudyal,25,0,3,2026-09-04 17:52:02
2026-09-04 17:51:52,AAST443,0101,Janelle Wong,30,0,1,2026-09-04 17:52:02
2026-09-04 17:51:52,ABRM330,0101,Rashawn Ray,40,0,0,2026-09-04 17:52:03
2026-09-04 17:51:52,ARAB101,0101,Samah Al-salami,15,1,0,2026-09-04 17:52:28
2026-09-04 17:51:52,ARAB101,0201,Ahmed Hanafy,15,3,0,2026-09-04 17:52:28
2026-09-04 17:51:52,ARAB102,0101,Samah Al-salami,15,0,0,2026-09-04 17:52:28
2026-09-04 17:51:52,ARAB102,0201,Lutf Alkebsi,15,12,0,2026-09-04 17:52:28
2026-09-04 17:51:52,ARAB201,0101,Lutf Alkebsi,15,1,0,2026-09-04 17:52:28
2026-09-04 17:51:52,ARAB201,0201,Lutf Alkebsi,15,11,0,2026-09-04 17:52:28
2026-09-04 17:51:52,ARAB208L,0101,Samah Al-salami,15,4,0,2026-09-04 17:52:33
2026-09-04 17:51:52,ARAB225,0101,Ahmed Hanafy,15,1,0,2026-09-04 17:52:33
2026-09-04 17:51:52,ARAB301,0101,Ahmed Hanafy,15,6,0,2026-09-04 17:52:34
2026-09-04 17:51:52,ARAB321,0101,Ahmed Hanafy,15,9,0,2026-09-04 17:52:34
2026-09-04 17:51:52,ARAB322,0101,Samah Al-salami,15,9,0,2026-09-04 17:52:34
2026-09-04 17:51:52,ARAB398A,0101,Lutf Alkebsi,15,5,0,2026-09-04 17:52:34
2026-09-04 17:51:52,ARAB499E,0101,Brendan Kibbee,20,0,1,2026-09-04 17:52:34
2026-09-04 17:51:52,ARMY106,0101,Thomas Battinieri,31,26,0,2026-09-04 17:52:54
2026-09-04 17:51:52,ARMY106,0102,Thomas Battinieri,40,30,0,2026-09-04 17:52:54
2026-09-04 17:51:52,ARMY106,FC01,Andrew Bischoff,15,11,0,2026-09-04 17:52:54
2026-09-04 17:51:52,ARMY106,FC02,Thomas Battinieri,9,8,0,2026-09-04 17:52:54
2026-09-04 17:51:52,ARMY110,0101,Andrew Bischoff,15,15,0,2026-09-04 17:52:54
2026-09-04 17:51:52,ARMY201,0102,Thomas Battinieri,35,14,0,2026-09-04 17:52:54
2026-09-04 17:51:52,ARMY301,0101,Joshua Guiod,40,20,0,2026-09-04 17:52:54
2026-09-04 17:51:52,ARMY401,0102,Andrew Bischoff,50,13,0,2026-09-04 17:52:54
2026-09-04 17:51:52,ARSC059,0101,Kathleen West,220,65,0,2026-09-04 17:52:55
2026-09-04 17:51:52,ARSC059,FC01,Jens Lyndrup,10,4,0,2026-09-04 17:52:55
2026-09-04 17:51:52,ARSC100,0101,Jens Lyndrup,50,34,0,2026-09-04 17:52:56
2026-09-04 17:51:52,ARSC100,0102,Jens Lyndrup,75,21,0,2026-09-04 17:52:56
2026-09-04 17:51:52,ARSC100,0103,Jens Lyndrup,40,32,0,2026-09-04 17:52:56
2026-09-04 17:51:52,ARSC100,FC01,Jens Lyndrup,5,2,0,2026-09-04 17:52:56
2026-09-04 17:51:52,ARSC100,FC02,Jens Lyndrup,10,6,0,2026-09-04 17:52:56
2026-09-04 17:51:52,ARSC200,0101,Alan Snyder,50,15,0,2026-09-04 17:52:56
2026-09-04 17:51:52,ARSC200,0102,Alan Snyder,35,22,0,2026-09-04 17:52:56
2026-09-04 17:51:52,ARSC200,0103,Alan Snyder,40,32,0,2026-09-04 17:52:56
2026-09-04 17:51:52,ARSC300,0101,Kathleen West,30,5,0,2026-09-04 17:52:56
2026-09-04 17:51:52,ARSC300,0102,Kathleen West,20,13,0,2026-09-04 17:52:56
2026-09-04 17:51:52,ARSC400,0101,Walter Mitchell,30,16,0,2026-09-04 17:52:56
2026-09-04 17:51:52,ARSC400,0102,Walter Mitchell,20,18,0,2026-09-04 17:52:56
2026-09-04 17:51:52,ARSC400,0201,Walter Mitchell,10,10,0,2026-09-04 17:52:56
2026-09-04 17:51:52,BMIN210,0101,Darlene Dennison,180,4,0,2026-09-04 17:53:40
2026-09-04 17:51:52,BMIN210,0201,Darlene Dennison,180,86,0,2026-09-04 17:53:40
2026-09-04 17:51:52,BMIN305,0101,Tejwansh Anand,180,22,0,2026-09-04 17:53:41
2026-09-04 17:51:52,BMIN345,0101,Michael Padhi,275,32,0,2026-09-04 17:53:41
2026-09-04 17:51:52,BMIN355,0101,Idil Yaveroglu,180,2,0,2026-09-04 17:53:41
2026-09-04 17:51:52,BMIN355,0201,Idil Yaveroglu,180,25,0,2026-09-04 17:53:41
2026-09-04 17:51:52,BMIN375,0101,Leland Gardner,185,0,1,2026-09-04 17:53:41
2026-09-04 17:51:52,BMIN395,0101,Nima Farshchi,200,0,0,2026-09-04 17:53:41
2026-09-04 17:51:52,BMIN395,0201,Nima Farshchi,200,108,0,2026-09-04 17:53:41
2026-09-04 17:51:52,BOIS602,WI01,Woei-jyh Lee,40,5,0,2026-09-04 17:53:44
2026-09-04 17:51:52,BOIS604,WI01,Manmohan Aseri,40,4,0,2026-09-04 17:53:44
2026-09-04 17:51:52,BOIS631,WI01,Sujin Kim,40,6,0,2026-09-04 17:53:44
2026-09-04 17:51:52,BSOS355,0101,Liza Lebrun,30,30,0,2026-09-04 17:53:52
2026-09-04 17:51:52,BSOS361,0101,TC Lloyd,30,2,0,2026-09-04 17:53:52
2026-09-04 17:51:52,BSOS361,0103,Keia Brown,30,2,0,2026-09-04 17:53:52
2026-09-04 17:51:52,BSOS361,0104,David Tana,30,1,0,2026-09-04 17:53:52
2026-09-04 17:51:52,BSOS361,0105,TC Lloyd,30,1,0,2026-09-04 17:53:52
2026-09-04 17:51:52,BSOS388C,0101,Nikita Kimani,20,0,0,2026-09-04 17:53:52
2026-09-04 17:51:52,BSOS388C,0201,Nikita Kimani,20,3,0,2026-09-04 17:53:52
2026-09-04 17:51:52,BSOS388E,0101,Liza Lebrun,30,30,0,2026-09-04 17:53:52
2026-09-04 17:51:52,BUSO600,SO11,Neta Moye,42,4,0,2026-09-04 17:54:07
2026-09-04 17:51:52,BUSO600,SO12,Neta Moye,42,7,0,2026-09-04 17:54:07
2026-09-04 17:51:52,BUSO603,SO11,Ilya Ryzhov,42,4,0,2026-09-04 17:54:07
2026-09-04 17:51:52,BUSO603,SO12,Ilya Ryzhov,42,4,0,2026-09-04 17:54:07
2026-09-04 17:51:52,BUSO604,SO11,Bennet Zelner,42,5,0,2026-09-04 17:54:07
2026-09-04 17:51:52,BUSO604,SO12,Bennet Zelner,42,5,0,2026-09-04 17:54:07
2026-09-04 17:51:52,BUSO612,SO11,Henry Boyd,42,4,0,2026-09-04 17:54:07
2026-09-04 17:51:52,BUSO612,SO12,Henry Boyd,42,2,0,2026-09-04 17:54:07
2026-09-04 17:51:52,BUSO616,SO31,Brent Solomon,38,2,0,2026-09-04 17:54:07
2026-09-04 17:51:52,BUSO616,SO32,Brent Solomon,38,0,0,2026-09-04 17:54:07
2026-09-04 17:51:52,BUSO624,SO31,Yi Xu,38,3,0,2026-09-04 17:54:07
2026-09-04 17:51:52,BUSO624,SO32,Yi Xu,38,0,0,2026-09-04 17:54:07
2026-09-04 17:51:52,BUSO700,SO91,Paulo Prochno,0,0,0,2026-09-04 17:54:08
2026-09-04 17:51:52,BUSO711,SO31,Gosia Langa Basit,28,1,0,2026-09-04 17:54:08
2026-09-04 17:51:52,BUSO711,SO32,Gosia Langa Basit,28,4,0,2026-09-04 17:54:08
2026-09-04 17:51:52,BUSO711,SO33,Gosia Langa Basit,28,3,0,2026-09-04 17:54:08
2026-09-04 17:51:52,BUSO731,SO51,Tejwansh Anand,49,0,0,2026-09-04 17:54:08
2026-09-04 17:51:52,BUSO752,SO51,Leland Gardner,35,13,0,2026-09-04 17:54:08
2026-09-04 17:51:52,BUSO758G,SO51,James Seward,35,13,0,2026-09-04 17:54:08
2026-09-04 17:51:52,BUSO758M,SO51,Paulo Prochno,49,2,0,2026-09-04 17:54:08
2026-09-04 17:51:52,BUSO758M,SO52,Paulo Prochno,49,2,0,2026-09-04 17:54:08
2026-09-04 17:51:52,BUSO758T,SO51,Michael Cichello,35,18,0,2026-09-04 17:54:08
2026-09-04 17:51:52,BUSO758W,SO51,Yogesh Joshi,33,1,0,2026-09-04 17:54:09
2026-09-04 17:51:52,BUSO758W,SO52,Yogesh Joshi,33,3,0,2026-09-04 17:54:09
2026-09-04 17:51:52,BUSO758X,SO51,Pallassana Kannan,49,3,0,2026-09-04 17:54:09
2026-09-04 17:51:52,BUSO788F,GX01,Judy Frels,25,5,0,2026-09-04 17:54:09
2026-09-04 17:51:52,BUSO788W,GX01,Zhi-Long Chen,30,5,0,2026-09-04 17:54:09
2026-09-04 17:51:52,CHSE200,0101,Betsy Tornquist,10,1,0,2026-09-04 17:54:29
2026-09-04 17:51:52,CHSE205,0101,Yewon Lee,60,0,7,2026-09-04 17:54:30
2026-09-04 17:51:52,CHSE205,0201,Yewon Lee,60,0,0,2026-09-04 17:54:30
2026-09-04 17:51:52,CHSE228C,0101,Nikita Kimani,20,0,0,2026-09-04 17:54:30
2026-09-04 17:51:52,CHSE228C,0201,Nikita Kimani,20,3,0,2026-09-04 17:54:30
2026-09-04 17:51:52,CHSE228C,0301,Nikita Kimani,20,0,0,2026-09-04 17:54:30
2026-09-04 17:51:52,CHSE230,0101,Isabelle Grable,25,16,0,2026-09-04 17:54:30
2026-09-04 17:51:52,CHSE376,0101,Michael Dunham,22,0,6,2026-09-04 17:54:30
2026-09-04 17:51:52,CHSE376,0201,Colleen McGilpin,20,0,8,2026-09-04 17:54:30
2026-09-04 17:51:52,CHSE376,0301,Elizabeth Martinez,20,0,3,2026-09-04 17:54:30
2026-09-04 17:51:52,CHSE376,0401,Chanai Brewster,20,0,4,2026-09-04 17:54:30
2026-09-04 17:51:52,CHSE476,0101,Michael Dunham,20,6,0,2026-09-04 17:54:30
2026-09-04 17:51:52,CHSE477,0101,Michael Dunham,15,4,0,2026-09-04 17:54:30
2026-09-04 17:51:52,CHSE489,1901,Amy D'Agati,15,10,0,2026-09-04 17:54:31
2026-09-04 17:51:52,CHSE498,2401,Meredith Gramlich,10,1,0,2026-09-04 17:54:31
2026-09-04 17:51:52,CHSE498,3701,Michael Dunham,2,1,0,2026-09-04 17:54:31
2026-09-04 17:51:52,CINE245,0101,Eric Zakim,22,0,2,2026-09-04 17:54:32
2026-09-04 17:51:52,CINE245,0102,Eric Zakim,22,0,1,2026-09-04 17:54:32
2026-09-04 17:51:52,CINE245,0103,Eric Zakim,22,0,4,2026-09-04 17:54:32
2026-09-04 17:51:52,CINE245,0104,Eric Zakim,22,0,1,2026-09-04 17:54:32
2026-09-04 17:51:52,CINE280,0101,Porter Olsen,30,0,0,2026-09-04 17:54:32
2026-09-04 17:51:52,CINE280,0201,John Tobin,30,0,0,2026-09-04 17:54:32
2026-09-04 17:51:52,CINE298A,0101,Caroline Eades,20,0,0,2026-09-04 17:54:33
2026-09-04 17:51:52,CINE301,0101,Eric Zakim,30,0,0,2026-09-04 17:54:33
2026-09-04 17:51:52,CINE310,0101,Nathaniel Stevens,15,0,0,2026-09-04 17:54:33
2026-09-04 17:51:52,CINE315,0101,Yael Inbar,15,0,1,2026-09-04 17:54:33
2026-09-04 17:51:52,CINE319G,0101,Oliver Gaycken,25,15,0,2026-09-04 17:54:33
2026-09-04 17:51:52,CINE319P,5501,Samuel Crawford,11,0,1,2026-09-04 17:54:33
2026-09-04 17:51:52,CINE319Z,0101,Paul Cote,25,7,0,2026-09-04 17:54:33
2026-09-04 17:51:52,CINE329T,0101,Daniel Richter,25,0,14,2026-09-04 17:54:34
2026-09-04 17:51:52,CINE332,0101,Parker Brookie,25,1,0,2026-09-04 17:54:34
2026-09-04 17:51:52,CINE334,0101,Elizabeth Papazian,25,0,0,2026-09-04 17:54:34
2026-09-04 17:51:52,CINE337,0101,Jason Kuo,25,0,1,2026-09-04 17:54:34
2026-09-04 17:51:52,CINE342,0101,Luka Arsenjuk,20,0,3,2026-09-04 17:54:34
2026-09-04 17:51:52,CINE350,0101,John Drabinski,20,0,0,2026-09-04 17:54:34
2026-09-04 17:51:52,CINE359C,0101,Daniel Richter,25,0,6,2026-09-04 17:54:35
2026-09-04 17:51:52,CINE369B,0101,Eva Hageman,30,1,0,2026-09-04 17:54:35
2026-09-04 17:51:52,CINE369K,0101,Paul Cote,20,0,0,2026-09-04 17:54:35
2026-09-04 17:51:52,CINE376,0101,Ross Angelella,15,4,0,2026-09-04 17:54:35
2026-09-04 17:51:52,CINE376,0102,Ross Angelella,5,2,0,2026-09-04 17:54:35
2026-09-04 17:51:52,CINE415,0101,Mathew Bainbridge,15,0,0,2026-09-04 17:54:35
2026-09-04 17:51:52,CINE419P,0101,Oliver Gaycken,20,14,0,2026-09-04 17:54:36
2026-09-04 17:51:52,CINE459P,0101,Luka Arsenjuk,20,0,2,2026-09-04 17:54:36
2026-09-04 17:51:52,CLAS170,0101,Chiara Graf,21,4,0,2026-09-04 17:54:37
2026-09-04 17:51:52,CLAS170,0102,Chiara Graf,21,0,0,2026-09-04 17:54:37
2026-09-04 17:51:52,CLAS170,0103,Chiara Graf,21,1,0,2026-09-04 17:54:37
2026-09-04 17:51:52,CLAS170,0104,Chiara Graf,21,0,0,2026-09-04 17:54:37
2026-09-04 17:51:52,CLAS170,0105,Chiara Graf,21,0,0,2026-09-04 17:54:37
2026-09-04 17:51:52,CLAS170,0106,Chiara Graf,21,0,0,2026-09-04 17:54:37
2026-09-04 17:51:52,CLAS170,0107,Chiara Graf,21,0,0,2026-09-04 17:54:37
2026-09-04 17:51:52,CLAS170,0108,Chiara Graf,21,0,0,2026-09-04 17:54:37
2026-09-04 17:51:52,CLAS170,0109,Chiara Graf,22,0,0,2026-09-04 17:54:37
2026-09-04 17:51:52,CLAS170,FC01,Chelsea Stolt,28,4,0,2026-09-04 17:54:37
2026-09-04 17:51:52,CLAS170,FC02,Chelsea Stolt,28,0,0,2026-09-04 17:54:37
2026-09-04 17:51:52,CLAS170,FC03,Eugenia Lao,28,9,0,2026-09-04 17:54:37
2026-09-04 17:51:52,CLAS170,FC05,Charis Addai,28,5,0,2026-09-04 17:54:37
2026-09-04 17:51:52,CLAS277,0101,Chiara Graf,25,0,0,2026-09-04 17:54:37
2026-09-04 17:51:52,CLAS277,0102,Chiara Graf,25,2,0,2026-09-04 17:54:37
2026-09-04 17:51:52,CLAS277,0103,Chiara Graf,25,4,0,2026-09-04 17:54:37
2026-09-04 17:51:52,CLAS277,0104,Chiara Graf,25,3,0,2026-09-04 17:54:37
2026-09-04 17:51:52,CLAS277,0105,Chiara Graf,25,1,0,2026-09-04 17:54:37
2026-09-04 17:51:52,CLAS277,0106,Chiara Graf,25,2,0,2026-09-04 17:54:37
2026-09-04 17:51:52,CLAS305,0101,Jorge Bravo,35,3,0,2026-09-04 17:54:37
2026-09-04 17:51:52,CLAS309N,0101,Nathan Levine,35,25,0,2026-09-04 17:54:38
2026-09-04 17:51:52,CLAS310,0101,Rachel Singpurwalla,20,1,0,2026-09-04 17:54:38
2026-09-04 17:51:52,CLAS310,0102,Rachel Singpurwalla,20,0,2,2026-09-04 17:54:38
2026-09-04 17:51:52,CLAS310,0103,Rachel Singpurwalla,20,0,1,2026-09-04 17:54:38
2026-09-04 17:51:52,CLAS312,0101,Polyvia Parara,35,6,0,2026-09-04 17:54:38
2026-09-04 17:51:52,CMLT235,0101,Brielle Gorrell,30,2,0,2026-09-04 17:54:41
2026-09-04 17:51:52,CMLT270,0101,Hannah (Toyin) Adeyemi,30,0,0,2026-09-04 17:54:41
2026-09-04 17:51:52,CMLT270,0201,Shakiba Sharifpour,30,1,0,2026-09-04 17:54:41
2026-09-04 17:51:52,CMLT275,0201,Abhinav Bhardwaj,30,0,2,2026-09-04 17:54:41
2026-09-04 17:51:52,CMLT277,0101,Nahid Ahmadian,30,0,1,2026-09-04 17:54:41
2026-09-04 17:51:52,CMLT280,0101,Porter Olsen,30,0,0,2026-09-04 17:54:41
2026-09-04 17:51:52,CMLT280,0201,John Tobin,30,0,0,2026-09-04 17:54:41
2026-09-04 17:51:52,CPBE100,0101,Oliver Schlake,95,25,0,2026-09-04 17:55:02
2026-09-04 17:51:52,CPBE200,0101,Oliver Schlake,75,33,0,2026-09-04 17:55:02
2026-09-04 17:51:52,CPBE225,0101,Ira Koretsky,38,13,0,2026-09-04 17:55:02
2026-09-04 17:51:52,CPBE225,0102,Ira Koretsky,38,23,0,2026-09-04 17:55:02
2026-09-04 17:51:52,CPCV100,0101,Julie Randolph,40,1,0,2026-09-04 17:55:03
2026-09-04 17:51:52,CPCV100,0201,Julie Randolph,40,8,0,2026-09-04 17:55:03
2026-09-04 17:51:52,CPCV200,0101,Julie Randolph,35,0,0,2026-09-04 17:55:04
2026-09-04 17:51:52,CPCV200,0201,Julie Randolph,35,16,0,2026-09-04 17:55:04
2026-09-04 17:51:52,CPCV225,0101,Korey Rothman,75,4,0,2026-09-04 17:55:04
2026-09-04 17:51:52,CPDJ100,0101,Jess Feltner,75,1,0,2026-09-04 17:55:08
2026-09-04 17:51:52,CPDJ200,0101,Andrew Fellows,75,36,0,2026-09-04 17:55:08
2026-09-04 17:51:52,CPET100,0101,Tim Knight,75,2,0,2026-09-04 17:55:09
2026-09-04 17:51:52,CPET200,0101,Tim Knight,75,7,0,2026-09-04 17:55:09
2026-09-04 17:51:52,CPGH100,0101,John Wiggins,85,7,0,2026-09-04 17:55:11
2026-09-04 17:51:52,CPGH200,0101,John Wiggins,75,17,0,2026-09-04 17:55:11
2026-09-04 17:51:52,CPJT100,0101,Justine DeCamillis,75,6,0,2026-09-04 17:55:12
2026-09-04 17:51:52,CPJT200,0101,Justine DeCamillis,75,20,0,2026-09-04 17:55:12
2026-09-04 17:51:52,CPMS100,0101,Carole Lee,75,0,0,2026-09-04 17:55:13
2026-09-04 17:51:52,CPMS200,0101,Alison Burns,75,11,0,2026-09-04 17:55:14
2026-09-04 17:51:52,CPMS225,0101,Alison Burns,75,0,0,2026-09-04 17:55:14
2026-09-04 17:51:52,CPMS230,0101,Alison Burns,30,12,0,2026-09-04 17:55:14
2026-09-04 17:51:52,CPMS240,0101,Carole Lee,20,18,0,2026-09-04 17:55:14
2026-09-04 17:51:52,CPPL100,0101,Kelly Brower,78,2,0,2026-09-04 17:55:15
2026-09-04 17:51:52,CPPL200,0101,Kelly Brower,75,16,0,2026-09-04 17:55:15
2026-09-04 17:51:52,CPSA100,0101,Andrea Cesar,75,11,0,2026-09-04 17:55:17
2026-09-04 17:51:52,CPSA200,0101,Andrea Cesar,75,33,0,2026-09-04 17:55:17
2026-09-04 17:51:52,CPSF100,0101,Nicholas Fletcher,85,1,0,2026-09-04 17:55:19
2026-09-04 17:51:52,CPSF200,0101,Nicholas Fletcher,75,5,0,2026-09-04 17:55:19
2026-09-04 17:51:52,CPSG100,0101,Thomas Holtz,85,7,0,2026-09-04 17:55:20
2026-09-04 17:51:52,CPSG200,0101,Thomas Holtz,75,28,0,2026-09-04 17:55:20
2026-09-04 17:51:52,CPSN100,0101,Hansol Kwak,85,5,0,2026-09-04 17:55:21
2026-09-04 17:51:52,CPSN200,0101,Stacy Kosko,75,41,0,2026-09-04 17:55:22
2026-09-04 17:51:52,CPSN230,0101,Sarah Kilmer,20,18,0,2026-09-04 17:55:22
2026-09-04 17:51:52,CPSN240,0101,Sarah Kilmer,10,7,0,2026-09-04 17:55:22
2026-09-04 17:51:52,CPSN250,0101,Sarah Kilmer,5,5,0,2026-09-04 17:55:22
2026-09-04 17:51:52,CPSP110,0101,Markell Saunders,18,10,0,2026-09-04 17:55:24
2026-09-04 17:51:52,CPSP110,0201,Patrice Greene,18,14,0,2026-09-04 17:55:24
2026-09-04 17:51:52,CPSP220,0101,Tiara Thomas,20,1,0,2026-09-04 17:55:24
2026-09-04 17:51:52,CPSP239A,0101,Heather-Erin Bremenstuhl,10,6,0,2026-09-04 17:55:24
2026-09-04 17:51:52,CPSP269C,0101,Korey Rothman,5,5,0,2026-09-04 17:55:24
2026-09-04 17:51:52,CPSP339P,0101,Susannah Washburn,10,7,0,2026-09-04 17:55:24
2026-09-04 17:51:52,CPSS100,0101,David Tomblin,85,6,0,2026-09-04 17:55:26
2026-09-04 17:51:52,CPSS220,0101,Nicole Mogul,20,2,0,2026-09-04 17:55:26
2026-09-04 17:51:52,CPSS225,0101,Roan Parrish,20,14,0,2026-09-04 17:55:26
2026-09-04 17:51:52,CPSS340,0101,David Tomblin,20,4,0,2026-09-04 17:55:27
2026-09-04 17:51:52,CRLN101,0103,Myles Alexander,25,1,0,2026-09-04 17:55:30
2026-09-04 17:51:52,CRLN101,0104,Tami Smith,26,0,0,2026-09-04 17:55:30
2026-09-04 17:51:52,CRLN101,0105,Denis Garcia Reyes,25,0,0,2026-09-04 17:55:30
2026-09-04 17:51:52,CRLN101,0106,Mitch Woolley,25,4,0,2026-09-04 17:55:30
2026-09-04 17:51:52,CRLN101,0107,Esohe Owie,25,0,0,2026-09-04 17:55:30
2026-09-04 17:51:52,DATA100,0111,Matthew Griffin,33,3,0,2026-09-04 17:55:37
2026-09-04 17:51:52,DATA100,0112,Matthew Griffin,35,1,0,2026-09-04 17:55:37
2026-09-04 17:51:52,DATA100,0121,Matthew Griffin,35,1,0,2026-09-04 17:55:37
2026-09-04 17:51:52,DATA100,0122,Matthew Griffin,33,0,0,2026-09-04 17:55:37
2026-09-04 17:51:52,DATA100,0123,Matthew Griffin,33,0,0,2026-09-04 17:55:37
2026-09-04 17:51:52,DATA100,0124,Matthew Griffin,33,3,0,2026-09-04 17:55:37
2026-09-04 17:51:52,DATA100,0131,Matthew Griffin,33,0,0,2026-09-04 17:55:37
2026-09-04 17:51:52,DATA100,0141,Matthew Griffin,35,0,0,2026-09-04 17:55:37
2026-09-04 17:51:52,DATA100,0142,Matthew Griffin,33,0,0,2026-09-04 17:55:37
2026-09-04 17:51:52,DATA100,0211,Matthew Griffin,33,1,0,2026-09-04 17:55:37
2026-09-04 17:51:52,DATA100,0212,Matthew Griffin,35,0,0,2026-09-04 17:55:37
2026-09-04 17:51:52,DATA100,0221,Matthew Griffin,30,0,0,2026-09-04 17:55:37
2026-09-04 17:51:52,DATA100,0223,Matthew Griffin,32,0,0,2026-09-04 17:55:37
2026-09-04 17:51:52,DATA100,0224,Matthew Griffin,30,0,0,2026-09-04 17:55:37
2026-09-04 17:51:52,DATA100,0231,Matthew Griffin,33,3,0,2026-09-04 17:55:37
2026-09-04 17:51:52,DATA100,0311,Archana Khurana,35,7,0,2026-09-04 17:55:37
2026-09-04 17:51:52,DATA100,0312,Archana Khurana,35,1,0,2026-09-04 17:55:37
2026-09-04 17:51:52,DATA100,0321,Archana Khurana,35,2,0,2026-09-04 17:55:37
2026-09-04 17:51:52,DATA100,0322,Archana Khurana,35,0,0,2026-09-04 17:55:37
2026-09-04 17:51:52,DATA100,0323,Archana Khurana,35,1,0,2026-09-04 17:55:37
2026-09-04 17:51:52,DATA100,0341,Archana Khurana,35,8,0,2026-09-04 17:55:37
2026-09-04 17:51:52,DATA110,0101,Susan Mazzullo,250,13,0,2026-09-04 17:55:38
2026-09-04 17:51:52,DATA120,0101,Fardina Alam,200,2,0,2026-09-04 17:55:38
2026-09-04 17:51:52,DATA200,0101,Fardina Alam,90,32,0,2026-09-04 17:55:38
2026-09-04 17:51:52,DATA250,0101,Todd Rowland,43,7,0,2026-09-04 17:55:38
2026-09-04 17:51:52,DATA320,0101,Maksym Morawski,15,10,0,2026-09-04 17:55:38
2026-09-04 17:51:52,DATA320,0201,Maksym Morawski,20,8,0,2026-09-04 17:55:38
2026-09-04 17:51:52,DATA320,0301,Fardina Alam,20,0,0,2026-09-04 17:55:38
2026-09-04 17:51:52,DATA350,0101,Raluca Rosca,30,10,0,2026-09-04 17:55:38
2026-09-04 17:51:52,DATA350,0201,Jonathan Fernandes,34,2,0,2026-09-04 17:55:38
2026-09-04 17:51:52,DATA400,0111,Salman Safdar,27,1,0,2026-09-04 17:55:39
2026-09-04 17:51:52,DATA400,0112,Salman Safdar,30,2,0,2026-09-04 17:55:39
2026-09-04 17:51:52,DATA400,0121,Salman Safdar,27,1,0,2026-09-04 17:55:39
2026-09-04 17:51:52,DATA400,0122,Salman Safdar,27,4,0,2026-09-04 17:55:39
2026-09-04 17:51:52,DATA400,0131,Salman Safdar,27,1,0,2026-09-04 17:55:39
2026-09-04 17:51:52,DATA400,0132,Salman Safdar,27,8,0,2026-09-04 17:55:39
2026-09-04 17:51:52,DATA400,0211,Timothy Pilachowski,30,3,0,2026-09-04 17:55:39
2026-09-04 17:51:52,DATA400,0212,Timothy Pilachowski,30,4,0,2026-09-04 17:55:39
2026-09-04 17:51:52,DATA400,0221,Timothy Pilachowski,30,2,0,2026-09-04 17:55:39
2026-09-04 17:51:52,DATA400,0222,Timothy Pilachowski,30,1,0,2026-09-04 17:55:39
2026-09-04 17:51:52,DATA400,0231,Timothy Pilachowski,30,1,0,2026-09-04 17:55:39
2026-09-04 17:51:52,DATA400,0232,Timothy Pilachowski,30,0,0,2026-09-04 17:55:39
2026-09-04 17:51:52,DATA400,0311,Mestiyage Gunatilleka,32,0,0,2026-09-04 17:55:39
2026-09-04 17:51:52,DATA400,0312,Mestiyage Gunatilleka,30,0,0,2026-09-04 17:55:39
2026-09-04 17:51:52,DATA400,0321,Mestiyage Gunatilleka,32,0,1,2026-09-04 17:55:39
2026-09-04 17:51:52,DATA400,0322,Mestiyage Gunatilleka,30,0,0,2026-09-04 17:55:39
2026-09-04 17:51:52,DATA400,0331,Mestiyage Gunatilleka,32,0,0,2026-09-04 17:55:39
2026-09-04 17:51:52,DATA400,0332,Mestiyage Gunatilleka,30,0,0,2026-09-04 17:55:39
2026-09-04 17:51:52,DATA400,0511,Shixin Zheng,35,0,1,2026-09-04 17:55:39
2026-09-04 17:51:52,DATA400,0521,Shixin Zheng,35,0,0,2026-09-04 17:55:39
2026-09-04 17:51:52,DATA400,0531,Shixin Zheng,35,0,2,2026-09-04 17:55:39
2026-09-04 17:51:52,DATA601,PCS1,Sandra Cerrai,50,6,0,2026-09-04 17:55:39
2026-09-04 17:51:52,DATA601,PCS2,Jonathan Fernandes,60,19,0,2026-09-04 17:55:39
2026-09-04 17:51:52,DATA601,PWS1,Leonid Koralov,60,2,0,2026-09-04 17:55:39
2026-09-04 17:51:52,DATA602,PCS1,Sujeong Kim,44,4,0,2026-09-04 17:55:39
2026-09-04 17:51:52,DATA602,PCS2,Sujeong Kim,44,8,0,2026-09-04 17:55:39
2026-09-04 17:51:52,DATA602,PWS1,Fardina Alam,44,2,0,2026-09-04 17:55:39
2026-09-04 17:51:52,DATA603,PCS1,Babak Azimi-Sadjadi,55,12,0,2026-09-04 17:55:39
2026-09-04 17:51:52,DATA603,PWS1,Kemal Davaslioglu,55,17,0,2026-09-04 17:55:39
2026-09-04 17:51:52,DATA605,PCS1,Tammy Perrin,44,30,0,2026-09-04 17:55:39
2026-09-04 17:51:52,DATA605,PCS2,Tammy Perrin,44,20,0,2026-09-04 17:55:39
2026-09-04 17:51:52,DATA605,PWS1,Giacinto Paolo Saggese,44,35,0,2026-09-04 17:55:39
2026-09-04 17:51:52,DATA607,PCS1,Mestiyage Gunatilleka,44,27,0,2026-09-04 17:55:39
2026-09-04 17:51:52,DATA607,PCS2,Kendall Williams,55,0,0,2026-09-04 17:55:39
2026-09-04 17:51:52,DATA607,PCS3,Vincent Lyzinski,44,3,0,2026-09-04 17:55:39
2026-09-04 17:51:52,DATA612,PCS1,Samet Ayhan,50,19,0,2026-09-04 17:55:40
2026-09-04 17:51:52,DATA612,PWS1,Samet Ayhan,44,16,0,2026-09-04 17:55:40
2026-09-04 17:51:52,DATA641,PCS1,Toki Inan,50,14,0,2026-09-04 17:55:40
2026-09-04 17:51:52,DATA641,PWS1,Armin Mehrabian,50,0,0,2026-09-04 17:55:40
2026-09-04 17:51:52,DATA643,PCS1,Charles Forgy,50,27,0,2026-09-04 17:55:40
2026-09-04 17:51:52,DATA650,PCS1,Emre Gunduzhan,54,5,0,2026-09-04 17:55:40
2026-09-04 17:51:52,DATA650,PCS2,Emre Gunduzhan,54,7,0,2026-09-04 17:55:40
2026-09-04 17:51:52,ENAI600,0101,C Ravishankar,35,21,0,2026-09-04 17:56:11
2026-09-04 17:51:52,ENAI600,AEC1,C Ravishankar,20,4,0,2026-09-04 17:56:11
2026-09-04 17:51:52,ENAI601,0101,Richard La,35,23,0,2026-09-04 17:56:11
2026-09-04 17:51:52,ENAI601,AEC1,Richard La,20,6,0,2026-09-04 17:56:11
2026-09-04 17:51:52,ENAI607,0101,Zoltan Safar,29,24,0,2026-09-04 17:56:12
2026-09-04 17:51:52,ENAI607,AEC1,Zoltan Safar,20,9,0,2026-09-04 17:56:12
2026-09-04 17:51:52,ENBC301,ESG1,Sivan Saravanapavan,20,9,0,2026-09-04 17:56:13
2026-09-04 17:51:52,ENBC311,ESG1,Bahaa Ghammraoui,20,11,0,2026-09-04 17:56:13
2026-09-04 17:51:52,ENBC322,ESG1,Kyunghun Lee,20,11,0,2026-09-04 17:56:13
2026-09-04 17:51:52,ENBC331,ESG1,Lan Ma,20,10,0,2026-09-04 17:56:13
2026-09-04 17:51:52,ENBC332,ESG1,Jamasp Azarnoosh,20,11,0,2026-09-04 17:56:14
2026-09-04 17:51:52,ENBC341,ESG1,Jarred Callura,20,12,0,2026-09-04 17:56:14
2026-09-04 17:51:52,ENBC353,ESG1,Jarred Callura,20,15,0,2026-09-04 17:56:14
2026-09-04 17:51:52,ENBC399,ESG1,Nan Xu,1,1,0,2026-09-04 17:56:14
2026-09-04 17:51:52,ENBC399,ESG2,Lan Ma,1,0,0,2026-09-04 17:56:14
2026-09-04 17:51:52,ENBC399,ESG3,Jamasp Azarnoosh,1,0,0,2026-09-04 17:56:14
2026-09-04 17:51:52,ENBC399,ESG4,Lan Ma,1,0,0,2026-09-04 17:56:14
2026-09-04 17:51:52,ENBC399,ESG5,Jamasp Azarnoosh,1,0,0,2026-09-04 17:56:14
2026-09-04 17:51:52,ENBC399,ESG6,Jamasp Azarnoosh,1,0,0,2026-09-04 17:56:14
2026-09-04 17:51:52,ENBC399,ESG7,Jamasp Azarnoosh,1,1,0,2026-09-04 17:56:14
2026-09-04 17:51:52,ENBC423,ESG1,Jian Su,20,13,0,2026-09-04 17:56:14
2026-09-04 17:51:52,ENBC425,ESG1,Jamasp Azarnoosh,20,13,0,2026-09-04 17:56:14
2026-09-04 17:51:52,ENBC431,ESG1,Lan Ma,20,13,0,2026-09-04 17:56:15
2026-09-04 17:51:52,ENEB302,ESG1,Wesley Lawson,20,5,0,2026-09-04 17:56:23
2026-09-04 17:51:52,ENEB340,ESG1,Nestor Michael Tiglao,20,5,0,2026-09-04 17:56:23
2026-09-04 17:51:52,ENEB341,ESG1,Nestor Michael Tiglao,20,5,0,2026-09-04 17:56:23
2026-09-04 17:51:52,ENEB344,ESG1,Jerry Wu,20,5,0,2026-09-04 17:56:23
2026-09-04 17:51:52,ENEB346,ESG1,Nestor Michael Tiglao,20,13,0,2026-09-04 17:56:23
2026-09-04 17:51:52,ENEB354,ESG1,Yavuz Oruc,20,5,0,2026-09-04 17:56:23
2026-09-04 17:51:52,ENEB408A,ESG1,Nestor Michael Tiglao,20,13,0,2026-09-04 17:56:23
2026-09-04 17:51:52,ENEB444,ESG1,Manoj Franklin,20,13,0,2026-09-04 17:56:24
2026-09-04 17:51:52,ENEB454,ESG1,Jerry Wu,20,13,0,2026-09-04 17:56:24
2026-09-04 17:51:52,ENED036,0101,Hillary Owusu,20,8,0,2026-09-04 17:56:25
2026-09-04 17:51:52,ENED101,0101,Shannon Bate,20,1,0,2026-09-04 17:56:25
2026-09-04 17:51:52,ENED115,0101,Friedrich Alvarez,100,5,0,2026-09-04 17:56:25
2026-09-04 17:51:52,ENED215,0101,Tyler Huddleston,30,0,0,2026-09-04 17:56:26
2026-09-04 17:51:52,ENED215,0102,Samantha Sabihi,40,24,0,2026-09-04 17:56:26
2026-09-04 17:51:52,ENED215,0103,Paige Smith,6,0,0,2026-09-04 17:56:26
2026-09-04 17:51:52,ENED290H,0101,Christopher Troilo,46,1,0,2026-09-04 17:56:26
2026-09-04 17:51:52,ENED390H,0101,Tony Barber,50,12,0,2026-09-04 17:56:26
2026-09-04 17:51:52,ENED394H,0101,Manmohan Aseri,65,14,0,2026-09-04 17:56:26
2026-09-04 17:51:52,ENED397,0101,Emily Marks,9,0,0,2026-09-04 17:56:26
2026-09-04 17:51:52,ENED490H,0101,Maria Bardossy,45,1,0,2026-09-04 17:56:26
2026-09-04 17:51:52,ENED491,0101,Jessica Roffe,10,1,0,2026-09-04 17:56:27
2026-09-04 17:51:52,ENMT301,ESG1,Colleen Murray,15,8,0,2026-09-04 17:57:06
2026-09-04 17:51:52,ENMT322,ESG1,Norman Wereley,15,8,0,2026-09-04 17:57:06
2026-09-04 17:51:52,ENMT361,ESG1,Young Choi,15,8,0,2026-09-04 17:57:06
2026-09-04 17:51:52,ENMT380,ESG1,Gurtajbir Herr,15,8,0,2026-09-04 17:57:06
2026-09-04 17:51:52,ENMT450,ESG1,Nicholas Limparis,7,5,0,2026-09-04 17:57:07
2026-09-04 17:51:52,ENMT471,ESG1,Colleen Murray,7,5,0,2026-09-04 17:57:07
2026-09-04 17:51:52,ENMT473,ESG1,Gurtajbir Herr,7,4,0,2026-09-04 17:57:07
2026-09-04 17:51:52,ENMT483,ESG1,Nicholas Limparis,7,5,0,2026-09-04 17:57:07
2026-09-04 17:51:52,ENMT499,ESG4,Nicholas Limparis,2,0,0,2026-09-04 17:57:07
2026-09-04 17:51:52,ENSE621,0101,Tony Barber,22,16,0,2026-09-04 17:57:12
2026-09-04 17:51:52,ENSE621,SY01,Tony Barber,15,0,0,2026-09-04 17:57:12
2026-09-04 17:51:52,ENSE623,0101,Steven Biemer,17,14,0,2026-09-04 17:57:13
2026-09-04 17:51:52,ENSE623,SY01,Steven Biemer,15,11,0,2026-09-04 17:57:13
2026-09-04 17:51:52,ENSE626,0101,Dane Cooper,20,16,0,2026-09-04 17:57:13
2026-09-04 17:51:52,ENSE626,SY01,Dane Cooper,15,9,0,2026-09-04 17:57:13
2026-09-04 17:51:52,ENSP101,0101,Annette Spivy,25,0,0,2026-09-04 17:57:14
2026-09-04 17:51:52,ENSP101,0102,Annette Spivy,24,0,0,2026-09-04 17:57:14
2026-09-04 17:51:52,ENSP101,0103,Annette Spivy,24,1,0,2026-09-04 17:57:14
2026-09-04 17:51:52,ENSP101,0104,Annette Spivy,24,0,0,2026-09-04 17:57:14
2026-09-04 17:51:52,ENSP101,0105,Annette Spivy,25,0,0,2026-09-04 17:57:14
2026-09-04 17:51:52,ENSP101,0106,Annette Spivy,24,0,0,2026-09-04 17:57:14
2026-09-04 17:51:52,ENSP101,0107,Annette Spivy,24,0,1,2026-09-04 17:57:14
2026-09-04 17:51:52,ENSP101,FC01,Annette Spivy,32,4,0,2026-09-04 17:57:14
2026-09-04 17:51:52,ENSP305,0101,Annette Spivy,23,0,2,2026-09-04 17:57:14
2026-09-04 17:51:52,ENSP330,0101,Joanna Goger,35,0,0,2026-09-04 17:57:15
2026-09-04 17:51:52,ENSP340,0101,Caroline Boules,25,0,0,2026-09-04 17:57:15
2026-09-04 17:51:52,ENSP360,0101,Leena Malayil,25,0,5,2026-09-04 17:57:15
2026-09-04 17:51:52,ENSP399R,0601,Annette Spivy,10,10,0,2026-09-04 17:57:15
2026-09-04 17:51:52,ENSP399R,1001,Jennifer Mullinax,10,10,0,2026-09-04 17:57:15
2026-09-04 17:51:52,ENSP400,0101,Joanna Goger,35,13,0,2026-09-04 17:57:16
2026-09-04 17:51:52,ENSP400,0102,Joanna Goger,35,10,0,2026-09-04 17:57:16
2026-09-04 17:51:52,ENVH121,FC01,Brienna Anderson,20,12,0,2026-09-04 17:57:26
2026-09-04 17:51:52,ENVH381,0101,Donald Milton,30,10,0,2026-09-04 17:57:26
2026-09-04 17:51:52,FGSM310,0101,Peter Owen,24,0,0,2026-09-04 17:57:29
2026-09-04 17:51:52,FGSM315,0101,Emily Shetty,22,0,0,2026-09-04 17:57:30
2026-09-04 17:51:52,FGSM320,0101,Woodie Kessel,24,1,0,2026-09-04 17:57:30
2026-09-04 17:51:52,FGSM325,0101,Rob Long,20,1,0,2026-09-04 17:57:30
2026-09-04 17:51:52,FGSM330,0101,Andrew Fausett,22,1,0,2026-09-04 17:57:30
2026-09-04 17:51:52,FGSM340,0101,Ed Fendley,22,1,0,2026-09-04 17:57:30
2026-09-04 17:51:52,FGSM350,0101,Sean Misko,22,1,0,2026-09-04 17:57:30
2026-09-04 17:51:52,FGSM355,0101,Amanda Schoch,20,0,0,2026-09-04 17:57:31
2026-09-04 17:51:52,FGSM360,0101,Nadia Farra,21,0,0,2026-09-04 17:57:31
2026-09-04 17:51:52,FGSM365,0101,Andrew Nissen,20,2,0,2026-09-04 17:57:31
2026-09-04 17:51:52,FGSM370,0101,Joshua Glasser,20,0,0,2026-09-04 17:57:31
2026-09-04 17:51:52,FGSM390,0101,Sasha Koo-Oshima,20,3,0,2026-09-04 17:57:31
2026-09-04 17:51:52,FGSM398,0101,Jayakumar Arasan,25,22,0,2026-09-04 17:57:31
2026-09-04 17:51:52,FGSM398,0201,Jayakumar Arasan,5,1,0,2026-09-04 17:57:31
2026-09-04 17:51:52,FIRE120,0101,Jessica O'Hara,36,0,0,2026-09-04 17:57:33
2026-09-04 17:51:52,FIRE120,0102,Shannon Hilton,36,7,0,2026-09-04 17:57:33
2026-09-04 17:51:52,FIRE120,0103,Jaclyn Bruner,36,0,0,2026-09-04 17:57:33
2026-09-04 17:51:52,FIRE120,0104,Danielle Niu,36,0,0,2026-09-04 17:57:33
2026-09-04 17:51:52,FIRE120,0105,Cherisse Hall,36,0,0,2026-09-04 17:57:33
2026-09-04 17:51:52,FIRE120,0106,Sara Strey,36,0,0,2026-09-04 17:57:33
2026-09-04 17:51:52,FIRE120,0107,Helene Nguemgaing,36,1,0,2026-09-04 17:57:33
2026-09-04 17:51:52,FIRE120,0108,Mary Chey,36,1,0,2026-09-04 17:57:33
2026-09-04 17:51:52,FIRE120,0109,Shannon Hilton,36,0,0,2026-09-04 17:57:33
2026-09-04 17:51:52,FIRE120,0110,Lena Johnson,36,0,0,2026-09-04 17:57:33
2026-09-04 17:51:52,FIRE120,0111,Benjamin Huffman,36,0,0,2026-09-04 17:57:33
2026-09-04 17:51:52,FIRE120,0112,Mary Chey,36,0,0,2026-09-04 17:57:33
2026-09-04 17:51:52,FIRE120,0113,Elizabeth Massey,36,7,0,2026-09-04 17:57:33
2026-09-04 17:51:52,FIRE120,0114,Benjamin Huffman,36,0,0,2026-09-04 17:57:33
2026-09-04 17:51:52,FIRE120,FC01,Danielle Niu,40,0,12,2026-09-04 17:57:33
2026-09-04 17:51:52,FIRE298,0101,Catherine Spirito,28,3,0,2026-09-04 17:57:33
2026-09-04 17:51:52,FIRE298,0103,Cherisse Hall,36,8,0,2026-09-04 17:57:33
2026-09-04 17:51:52,FIRE298,0104,Jessica O'Hara,36,4,0,2026-09-04 17:57:33
2026-09-04 17:51:52,FIRE298,0105,Kaylee Bloom,36,7,0,2026-09-04 17:57:33
2026-09-04 17:51:52,FIRE298,0106,Danielle Niu,36,17,0,2026-09-04 17:57:33
2026-09-04 17:51:52,FIRE298,0107,Benjamin Huffman,40,0,0,2026-09-04 17:57:33
2026-09-04 17:51:52,FIRE298,0108,Elizabeth Massey,40,14,0,2026-09-04 17:57:33
2026-09-04 17:51:52,FIRE298,0109,Shannon Hilton,40,6,0,2026-09-04 17:57:33
2026-09-04 17:51:52,FIRE298,0110,Jaclyn Bruner,40,19,0,2026-09-04 17:57:33
2026-09-04 17:51:52,FIRE298,0111,Mary Chey,36,5,0,2026-09-04 17:57:33
2026-09-04 17:51:52,FIRE298,0112,Helene Nguemgaing,40,15,0,2026-09-04 17:57:33
2026-09-04 17:51:52,FIRE298,0113,Kristina Kramarczuk,40,10,0,2026-09-04 17:57:33
2026-09-04 17:51:52,FIRE298,0114,Shabnam Jabeen,40,22,0,2026-09-04 17:57:33
2026-09-04 17:51:52,FIRE298,0115,Sara Strey,40,14,0,2026-09-04 17:57:33
2026-09-04 17:51:52,FIRE298,0116,Lena Johnson,40,4,0,2026-09-04 17:57:33
2026-09-04 17:51:52,FIRE398,0101,Catherine Spirito,15,2,0,2026-09-04 17:57:33
2026-09-04 17:51:52,FIRE398,0103,Cherisse Hall,15,4,0,2026-09-04 17:57:33
2026-09-04 17:51:52,FIRE398,0104,Jessica O'Hara,15,1,0,2026-09-04 17:57:33
2026-09-04 17:51:52,FIRE398,0105,Kaylee Bloom,15,2,0,2026-09-04 17:57:33
2026-09-04 17:51:52,FIRE398,0106,Danielle Niu,15,10,0,2026-09-04 17:57:33
2026-09-04 17:51:52,FIRE398,0107,Benjamin Huffman,15,3,0,2026-09-04 17:57:33
2026-09-04 17:51:52,FIRE398,0108,Elizabeth Massey,15,6,0,2026-09-04 17:57:33
2026-09-04 17:51:52,FIRE398,0109,Shannon Hilton,15,6,0,2026-09-04 17:57:33
2026-09-04 17:51:52,FIRE398,0110,Jaclyn Bruner,15,9,0,2026-09-04 17:57:33
2026-09-04 17:51:52,FIRE398,0111,Mary Chey,15,3,0,2026-09-04 17:57:33
2026-09-04 17:51:52,FIRE398,0112,Helene Nguemgaing,15,15,0,2026-09-04 17:57:33
2026-09-04 17:51:52,FIRE398,0113,Kristina Kramarczuk,15,7,0,2026-09-04 17:57:33
2026-09-04 17:51:52,FIRE398,0114,Shabnam Jabeen,15,15,0,2026-09-04 17:57:33
2026-09-04 17:51:52,FIRE398,0115,Sara Strey,15,14,0,2026-09-04 17:57:33
2026-09-04 17:51:52,FIRE398,0116,Lena Johnson,15,11,0,2026-09-04 17:57:33
2026-09-04 17:51:52,GBHL200,0101,Hassanatu Blake,30,0,0,2026-09-04 17:57:44
2026-09-04 17:51:52,GBHL200,FC01,Zandra Andre,25,3,0,2026-09-04 17:57:44
2026-09-04 17:51:52,GBHL210,0101,Leena Malayil,25,9,0,2026-09-04 17:57:44
2026-09-04 17:51:52,GBHL399,0101,Hassanatu Blake,3,3,0,2026-09-04 17:57:45
2026-09-04 17:51:52,GBHL399,0111,Dina Borzekowski,5,5,0,2026-09-04 17:57:45
2026-09-04 17:51:52,GEMS101,0101,Allison Lansverk,10,1,0,2026-09-04 17:57:46
2026-09-04 17:51:52,GEMS101,0103,Allison Lansverk,10,0,0,2026-09-04 17:57:46
2026-09-04 17:51:52,GEMS101,0104,Allison Lansverk,10,0,0,2026-09-04 17:57:46
2026-09-04 17:51:52,GEMS101,0105,Allison Lansverk,10,0,0,2026-09-04 17:57:46
2026-09-04 17:51:52,GEMS101,0106,Allison Lansverk,10,0,0,2026-09-04 17:57:46
2026-09-04 17:51:52,GEMS101,0107,Allison Lansverk,10,0,0,2026-09-04 17:57:46
2026-09-04 17:51:52,GEMS101,0109,Allison Lansverk,10,0,0,2026-09-04 17:57:46
2026-09-04 17:51:52,GEMS101,0111,Allison Lansverk,10,0,0,2026-09-04 17:57:46
2026-09-04 17:51:52,GEMS101,0113,Allison Lansverk,10,0,0,2026-09-04 17:57:46
2026-09-04 17:51:52,GEMS101,0114,Allison Lansverk,10,0,0,2026-09-04 17:57:46
2026-09-04 17:51:52,GEMS202,0101,Allison Lansverk,168,43,0,2026-09-04 17:57:46
2026-09-04 17:51:52,GEMS208A,0101,Allison Lansverk,14,14,0,2026-09-04 17:57:46
2026-09-04 17:51:52,GEMS208B,0101,Allison Lansverk,14,14,0,2026-09-04 17:57:47
2026-09-04 17:51:52,GEMS208C,0101,Allison Lansverk,23,12,0,2026-09-04 17:57:47
2026-09-04 17:51:52,GEMS208D,0101,Allison Lansverk,10,10,0,2026-09-04 17:57:47
2026-09-04 17:51:52,GEMS208P,0101,Allison Lansverk,20,8,0,2026-09-04 17:57:47
2026-09-04 17:51:52,GEMS296,0101,Sehrish Shikarpurya,14,5,0,2026-09-04 17:57:47
2026-09-04 17:51:52,GEMS296,0102,David Lovell,14,1,0,2026-09-04 17:57:47
2026-09-04 17:51:52,GEMS296,0103,Myles Poulin,14,1,0,2026-09-04 17:57:47
2026-09-04 17:51:52,GEMS296,0104,Raymond Adomaitis,14,3,0,2026-09-04 17:57:47
2026-09-04 17:51:52,GEMS296,0105,Rodolphe Gentili,14,4,0,2026-09-04 17:57:47
2026-09-04 17:51:52,GEMS296,0106,Jared Grauer,14,6,0,2026-09-04 17:57:47
2026-09-04 17:51:52,GEMS296,0107,Fengfeng Ke,14,4,0,2026-09-04 17:57:47
2026-09-04 17:51:52,GEMS296,0108,Eric Silk,14,4,0,2026-09-04 17:57:47
2026-09-04 17:51:52,GEMS296,0109,Huang Chiao Huang,14,1,0,2026-09-04 17:57:47
2026-09-04 17:51:52,GEMS296,0110,Mengqiang Zhu,14,6,0,2026-09-04 17:57:47
2026-09-04 17:51:52,GEMS296,0111,Maria Molina,14,6,0,2026-09-04 17:57:47
2026-09-04 17:51:52,GEMS296,0112,Youssef Kousa,14,2,0,2026-09-04 17:57:47
2026-09-04 17:51:52,GEMS296,0113,Instructor: TBA,5,5,0,2026-09-04 17:57:47
2026-09-04 17:51:52,GEMS296,0114,Instructor: TBA,14,14,0,2026-09-04 17:57:47
2026-09-04 17:51:52,GEMS296,0115,David Lovell,5,5,0,2026-09-04 17:57:47
2026-09-04 17:51:52,GEMS297,0113,Instructor: TBA,5,5,0,2026-09-04 17:57:48
2026-09-04 17:51:52,GEMS396,0101,Michael Humber,14,7,0,2026-09-04 17:57:48
2026-09-04 17:51:52,GEMS396,0102,Seth Dickey,14,2,0,2026-09-04 17:57:48
2026-09-04 17:51:52,GEMS396,0103,Cecilia Huertas Cerdeira,14,8,0,2026-09-04 17:57:48
2026-09-04 17:51:52,GEMS396,0104,Rodolphe Gentili,14,3,0,2026-09-04 17:57:48
2026-09-04 17:51:52,GEMS396,0105,Allison Reilly,14,5,0,2026-09-04 17:57:48
2026-09-04 17:51:52,GEMS396,0106,Peter Sunderland,14,5,0,2026-09-04 17:57:48
2026-09-04 17:51:52,GEMS396,0107,Brett Lacey,14,8,0,2026-09-04 17:57:48
2026-09-04 17:51:52,GEMS396,0108,Natalia Buzulukova,14,4,0,2026-09-04 17:57:48
2026-09-04 17:51:52,GEMS396,0109,Anil Deane,14,4,0,2026-09-04 17:57:48
2026-09-04 17:51:52,GEMS396,0110,Colenso Speer,14,3,0,2026-09-04 17:57:48
2026-09-04 17:51:52,GEMS396,0111,Instructor: TBA,14,14,0,2026-09-04 17:57:48
2026-09-04 17:51:52,GEMS396,0112,Instructor: TBA,14,14,0,2026-09-04 17:57:48
2026-09-04 17:51:52,GEMS396,0113,David Lovell,5,5,0,2026-09-04 17:57:48
2026-09-04 17:51:52,GEMS396,0114,David Lovell,5,5,0,2026-09-04 17:57:48
2026-09-04 17:51:52,GEMS397,0113,David Lovell,5,4,0,2026-09-04 17:57:48
2026-09-04 17:51:52,GEMS496,0101,Eric Haag,14,7,0,2026-09-04 17:57:48
2026-09-04 17:51:52,GEMS496,0102,Mohammad Nayeem Teli,14,11,0,2026-09-04 17:57:48
2026-09-04 17:51:52,GEMS496,0103,Norberto Gonzalez- Juarbe,14,4,0,2026-09-04 17:57:48
2026-09-04 17:51:52,GEMS496,0104,Abhinav Shrivastava,14,6,0,2026-09-04 17:57:48
2026-09-04 17:51:52,GEMS496,0105,Hector Alcala,14,4,0,2026-09-04 17:57:48
2026-09-04 17:51:52,GEMS496,0106,Massimo Ricotti,14,5,0,2026-09-04 17:57:48
2026-09-04 17:51:52,GEMS496,0107,Reza Ghodssi,14,7,0,2026-09-04 17:57:48
2026-09-04 17:51:52,GEMS496,0108,Nikhil Chopra,14,8,0,2026-09-04 17:57:48
2026-09-04 17:51:52,GEMS496,0109,Kimberly Stroka,14,5,0,2026-09-04 17:57:48
2026-09-04 17:51:52,GEMS496,0110,Gorjan Alagic,14,13,0,2026-09-04 17:57:48
2026-09-04 17:51:52,GEMS496,0111,Alisa Clyne,14,6,0,2026-09-04 17:57:48
2026-09-04 17:51:52,GEMS496,0112,Xin Zan,14,10,0,2026-09-04 17:57:48
2026-09-04 17:51:52,GEMS496,0113,Erin Tran,14,14,0,2026-09-04 17:57:48
2026-09-04 17:51:52,GEMS496,0114,David Lovell,5,5,0,2026-09-04 17:57:48
2026-09-04 17:51:52,GEMS497,0107,Instructor: TBA,14,14,0,2026-09-04 17:57:48
2026-09-04 17:51:52,GEMS497,0110,Instructor: TBA,5,5,0,2026-09-04 17:57:48
2026-09-04 17:51:52,GEMS497,0113,David Lovell,5,5,0,2026-09-04 17:57:48
2026-09-04 17:51:52,GFPL100,0101,Joshua Itzkowitz Shifrinson,20,0,0,2026-09-04 17:58:02
2026-09-04 17:51:52,GFPL100,0102,Joshua Itzkowitz Shifrinson,20,0,0,2026-09-04 17:58:02
2026-09-04 17:51:52,GFPL100,0103,Joshua Itzkowitz Shifrinson,20,0,0,2026-09-04 17:58:02
2026-09-04 17:51:52,GFPL100,0104,Joshua Itzkowitz Shifrinson,20,0,0,2026-09-04 17:58:02
2026-09-04 17:51:52,GFPL100,0105,Joshua Itzkowitz Shifrinson,20,2,0,2026-09-04 17:58:02
2026-09-04 17:51:52,GFPL100,0106,Joshua Itzkowitz Shifrinson,25,0,0,2026-09-04 17:58:02
2026-09-04 17:51:52,GFPL100,FC01,Devin Entrikin,30,0,1,2026-09-04 17:58:02
2026-09-04 17:51:52,GFPL102,0101,Caroline Ritter,95,25,0,2026-09-04 17:58:02
2026-09-04 17:51:52,GFPL371,0101,Joshua Itzkowitz Shifrinson,35,0,1,2026-09-04 17:58:03
2026-09-04 17:51:52,GFPL388A,0101,Shannon Carcelli,5,5,0,2026-09-04 17:58:03
2026-09-04 17:51:52,GFPL388B,0101,Hyunki Kim,5,5,0,2026-09-04 17:58:03
2026-09-04 17:51:52,GFPL388C,0101,Scott Kastner,5,0,0,2026-09-04 17:58:03
2026-09-04 17:51:52,GFPL390,0101,Lena Andrews,20,0,1,2026-09-04 17:58:03
2026-09-04 17:51:52,GFPL490,0101,Michael Woldemariam,15,1,0,2026-09-04 17:58:03
2026-09-04 17:51:52,GFPL492,0101,Steve Fetter,20,0,1,2026-09-04 17:58:04
2026-09-04 17:51:52,GLBC200,0101,Chris Lewis,30,0,0,2026-09-04 17:58:05
2026-09-04 17:51:52,GLBC350,0101,Michele Mason,30,27,0,2026-09-04 17:58:05
2026-09-04 17:51:52,HACS100,0101,Cassie Harrington,40,2,0,2026-09-04 17:59:46
2026-09-04 17:51:52,HACS100,0201,Cassie Harrington,40,14,0,2026-09-04 17:59:46
2026-09-04 17:51:52,HACS200,0101,Michel Cukier,34,10,0,2026-09-04 17:59:46
2026-09-04 17:51:52,HACS200,0201,Michel Cukier,34,1,0,2026-09-04 17:59:46
2026-09-04 17:51:52,HACS202,0101,Bertrand Sobesto,52,19,0,2026-09-04 17:59:47
2026-09-04 17:51:52,HACS208A,0101,Lawrence Gordon,20,0,2,2026-09-04 17:59:47
2026-09-04 17:51:52,HACS208C,0101,Lamia Zia,26,9,0,2026-09-04 17:59:47
2026-09-04 17:51:52,HACS208P,0101,Charles Harry,26,0,0,2026-09-04 17:59:47
2026-09-04 17:51:52,HACS297,0101,Sarah Herberger,25,5,0,2026-09-04 17:59:48
2026-09-04 17:51:52,HACS408E,0101,Luke Mains,30,11,0,2026-09-04 17:59:48
2026-09-04 17:51:52,HACS408L,0101,Ian Serbin,30,3,0,2026-09-04 18:00:05
2026-09-04 17:51:52,HACS408M,0101,John McGahagan,30,1,0,2026-09-04 18:00:05
2026-09-04 17:51:52,HACS498,0101,Thomas Woods,7,1,0,2026-09-04 18:00:06
2026-09-04 17:51:52,HACS498,0201,David Trott,9,0,0,2026-09-04 18:00:06
2026-09-04 17:51:52,HACS498,0301,Michel Cukier,8,0,0,2026-09-04 18:00:06
2026-09-04 17:51:52,HBUS100,0101,Jui Ramaprasad,72,4,0,2026-09-04 18:00:07
2026-09-04 17:51:52,HBUS200,0101,Nicole Coomber,60,1,0,2026-09-04 18:00:07
2026-09-04 17:51:52,HDCC105,0101,Antwon Key,70,7,0,2026-09-04 18:00:09
2026-09-04 17:51:52,HDCC201,0101,Jessica Lu,22,0,0,2026-09-04 18:00:09
2026-09-04 17:51:52,HDCC201,0201,Jessica Lu,22,0,0,2026-09-04 18:00:09
2026-09-04 17:51:52,HDCC201,0301,Jessica Lu,22,3,0,2026-09-04 18:00:09
2026-09-04 17:51:52,HDCC208A,0101,William Evans,14,0,0,2026-09-04 18:00:09
2026-09-04 17:51:52,HDCC208J,0101,Grant Bollmer,14,0,0,2026-09-04 18:00:09
2026-09-04 17:51:52,HDCC208P,0101,Cliff Bakalian,14,0,0,2026-09-04 18:00:09
2026-09-04 17:51:52,HDCC208T,0101,Jonathan Reyes,14,0,0,2026-09-04 18:00:10
2026-09-04 17:51:52,HDCC208Z,0101,M Sauter,14,7,0,2026-09-04 18:00:10
2026-09-04 17:51:52,HDCC379,0101,Antwon Key,5,4,0,2026-09-04 18:00:10
2026-09-04 17:51:52,HEBR106,0101,Avital Karpman,15,2,0,2026-09-04 18:00:12
2026-09-04 17:51:52,HEBR106,0201,Avital Karpman,15,6,0,2026-09-04 18:00:12
2026-09-04 17:51:52,HEBR206,0101,Avital Karpman,15,7,0,2026-09-04 18:00:12
2026-09-04 17:51:52,HEBR249C,0101,Aliza Sandalon,15,0,0,2026-09-04 18:00:12
2026-09-04 17:51:52,HEBR298B,0101,Matthew Suriano,25,0,0,2026-09-04 18:00:12
2026-09-04 17:51:52,HEBR313,0101,Aliza Sandalon,20,0,6,2026-09-04 18:00:13
2026-09-04 17:51:52,HGLO100,0101,Alfredo Oliveira,22,7,0,2026-09-04 18:01:29
2026-09-04 17:51:52,HGLO100,0102,Natalie Vinski Ibrahim,22,8,0,2026-09-04 18:01:29
2026-09-04 17:51:52,HGLO100,0103,Natalie Vinski Ibrahim,22,1,0,2026-09-04 18:01:29
2026-09-04 17:51:52,HGLO100,0104,Alfredo Oliveira,22,11,0,2026-09-04 18:01:29
2026-09-04 17:51:52,HGLO101,0101,Sarah Croco,23,2,0,2026-09-04 18:01:29
2026-09-04 17:51:52,HGLO101,0102,Sarah Croco,22,9,0,2026-09-04 18:01:29
2026-09-04 17:51:52,HGLO101,0103,Sarah Croco,22,5,0,2026-09-04 18:01:29
2026-09-04 17:51:52,HGLO101,0104,Sarah Croco,22,13,0,2026-09-04 18:01:29
2026-09-04 17:51:52,HGLO207,0101,Natalie Vinski Ibrahim,25,12,0,2026-09-04 18:01:29
2026-09-04 17:51:52,HGLO208,0101,Alfredo Oliveira,45,25,0,2026-09-04 18:01:29
2026-09-04 17:51:52,HGLO298,0101,Jordan Gouws-Dewar,30,25,0,2026-09-04 18:01:29
2026-09-04 17:51:52,HLSC100,0101,Jalah Townsend,24,3,0,2026-09-04 18:02:07
2026-09-04 17:51:52,HLSC100,0102,Jalah Townsend,24,2,0,2026-09-04 18:02:07
2026-09-04 17:51:52,HLSC100,0103,Jalah Townsend,24,4,0,2026-09-04 18:02:07
2026-09-04 17:51:52,HLSC100,0104,Jalah Townsend,24,7,0,2026-09-04 18:02:07
2026-09-04 17:51:52,HLSC280,0101,Najib El-Sayed,25,3,0,2026-09-04 18:02:08
2026-09-04 17:51:52,HLSC280,0102,Najib El-Sayed,25,4,0,2026-09-04 18:02:08
2026-09-04 17:51:52,HLSC280,0103,Najib El-Sayed,25,4,0,2026-09-04 18:02:08
2026-09-04 17:51:52,HLSC280,0104,Najib El-Sayed,25,9,0,2026-09-04 18:02:08
2026-09-04 17:51:52,HLSC329,0101,Sabrina Kramer,12,4,0,2026-09-04 18:02:08
2026-09-04 17:51:52,HNUH100,0101,Robert Graham,20,3,0,2026-09-04 18:02:17
2026-09-04 17:51:52,HNUH100,0102,Robert Graham,20,0,0,2026-09-04 18:02:17
2026-09-04 17:51:52,HNUH100,0103,Brittany Proudfoot Ginder,20,1,0,2026-09-04 18:02:17
2026-09-04 17:51:52,HNUH100,0104,Max Barnewitz,20,0,0,2026-09-04 18:02:17
2026-09-04 17:51:52,HNUH100,0105,Vasfiye Toprak,20,0,0,2026-09-04 18:02:17
2026-09-04 17:51:52,HNUH100,0106,Vasfiye Toprak,20,1,0,2026-09-04 18:02:17
2026-09-04 17:51:52,HNUH100,0201,Max Barnewitz,20,0,0,2026-09-04 18:02:17
2026-09-04 17:51:52,HNUH100,0202,Max Barnewitz,20,0,0,2026-09-04 18:02:17
2026-09-04 17:51:52,HNUH100,0203,Vasfiye Toprak,20,1,0,2026-09-04 18:02:17
2026-09-04 17:51:52,HNUH100,0204,Vasfiye Toprak,20,0,0,2026-09-04 18:02:17
2026-09-04 17:51:52,HNUH100,0205,Ayondela McDole,20,3,0,2026-09-04 18:02:17
2026-09-04 17:51:52,HNUH100,0206,Ayondela McDole,20,0,0,2026-09-04 18:02:17
2026-09-04 17:51:52,HNUH100,0301,Robert Graham,20,1,0,2026-09-04 18:02:17
2026-09-04 17:51:52,HNUH100,0302,Shauna Rigaud,20,8,0,2026-09-04 18:02:17
2026-09-04 17:51:52,HNUH100,0303,Shauna Rigaud,20,1,0,2026-09-04 18:02:17
2026-09-04 17:51:52,HNUH100,0304,Max Barnewitz,20,3,0,2026-09-04 18:02:17
2026-09-04 17:51:52,HNUH100,0305,Vasfiye Toprak,20,0,0,2026-09-04 18:02:17
2026-09-04 17:51:52,HNUH100,0306,Vasfiye Toprak,20,2,0,2026-09-04 18:02:17
2026-09-04 17:51:52,HNUH100,0401,Gretchen Bella,20,0,0,2026-09-04 18:02:17
2026-09-04 17:51:52,HNUH100,0402,Gretchen Bella,20,6,0,2026-09-04 18:02:17
2026-09-04 17:51:52,HNUH100,0403,Max Barnewitz,20,1,0,2026-09-04 18:02:17
2026-09-04 17:51:52,HNUH100,0404,Ayondela McDole,20,6,0,2026-09-04 18:02:17
2026-09-04 17:51:52,HNUH100,0405,Ayondela McDole,20,0,0,2026-09-04 18:02:17
2026-09-04 17:51:52,HNUH100,0406,Ayondela McDole,20,4,0,2026-09-04 18:02:17
2026-09-04 17:51:52,HNUH100,0501,Leigha McReynolds,10,3,0,2026-09-04 18:02:17
2026-09-04 17:51:52,HNUH100,0601,Brittany Proudfoot Ginder,20,0,0,2026-09-04 18:02:17
2026-09-04 17:51:52,HNUH218D,0101,Brian Gilmore,48,0,2,2026-09-04 18:02:17
2026-09-04 17:51:52,HNUH218L,0101,Shauna Rigaud,20,0,0,2026-09-04 18:02:17
2026-09-04 17:51:52,HNUH218L,0201,Shauna Rigaud,20,0,1,2026-09-04 18:02:17
2026-09-04 17:51:52,HNUH228D,0101,Matthew McLaughlin,60,0,2,2026-09-04 18:02:17
2026-09-04 17:51:52,HNUH228L,0101,Alena Wigodner,20,0,1,2026-09-04 18:02:18
2026-09-04 17:51:52,HNUH228L,0201,Alena Wigodner,20,0,1,2026-09-04 18:02:18
2026-09-04 17:51:52,HNUH228N,0101,Peter Grybauskas,20,0,0,2026-09-04 18:02:18
2026-09-04 17:51:52,HNUH229I,0101,Gretchen Bella,20,0,1,2026-09-04 18:02:18
2026-09-04 17:51:52,HNUH238D,0101,Susan Moeller,60,0,0,2026-09-04 18:02:18
2026-09-04 17:51:52,HNUH238L,0101,Kimberly Johnson,20,2,0,2026-09-04 18:02:18
2026-09-04 17:51:52,HNUH238L,0201,Kimberly Johnson,20,0,0,2026-09-04 18:02:18
2026-09-04 17:51:52,HNUH238N,0101,Hannah Wegmann,20,6,0,2026-09-04 18:02:18
2026-09-04 17:51:52,HNUH239T,0101,Gerald Suarez,20,0,0,2026-09-04 18:02:19
2026-09-04 17:51:52,HNUH248D,0101,Juan Uriagereka,45,0,0,2026-09-04 18:02:19
2026-09-04 17:51:52,HNUH248L,0201,Robert Graham,20,6,0,2026-09-04 18:02:19
2026-09-04 17:51:52,HNUH248M,0101,Hassanatu Blake,20,13,0,2026-09-04 18:02:19
2026-09-04 17:51:52,HNUH248N,0101,Siv Lie,20,0,2,2026-09-04 18:02:19
2026-09-04 17:51:52,HNUH249P,0101,Temim Nusraty,20,2,0,2026-09-04 18:02:19
2026-09-04 17:51:52,HNUH258C,0101,Bill Fagan,55,27,0,2026-09-04 18:02:20
2026-09-04 17:51:52,HNUH258Q,0101,Tiara Thomas,20,1,0,2026-09-04 18:02:20
2026-09-04 17:51:52,HNUH259P,0101,Hooman Koliji,20,2,0,2026-09-04 18:02:20
2026-09-04 17:51:52,HNUH268C,0101,Perla Guerrero,60,34,0,2026-09-04 18:02:20
2026-09-04 17:51:52,HNUH269P,0101,Marisa Franco,20,0,4,2026-09-04 18:02:20
2026-09-04 17:51:52,HNUH278C,0101,Chinyere Osuji,60,38,0,2026-09-04 18:02:20
2026-09-04 17:51:52,HNUH278I,0101,Marisa Franco,20,4,0,2026-09-04 18:02:21
2026-09-04 17:51:52,HNUH278I,0102,Marisa Franco,20,1,0,2026-09-04 18:02:21
2026-09-04 17:51:52,HNUH278R,0101,Max Barnewitz,20,3,0,2026-09-04 18:02:21
2026-09-04 17:51:52,HNUH288C,0101,Julia Steinberg,30,3,0,2026-09-04 18:02:21
2026-09-04 17:51:52,HNUH288C,0103,Julia Steinberg,30,9,0,2026-09-04 18:02:21
2026-09-04 17:51:52,HNUH288O,0101,Ariana Nash,20,1,0,2026-09-04 18:02:21
2026-09-04 17:51:52,HNUH300,0301,Vasfiye Toprak,20,0,0,2026-09-04 18:02:21
2026-09-04 17:51:52,HNUH300,0401,Robert Graham,20,0,0,2026-09-04 18:02:21
2026-09-04 17:51:52,HNUH300,0601,Alena Wigodner,20,0,0,2026-09-04 18:02:21
2026-09-04 17:51:52,HNUH300,0701,Ingrid Satelmajer,20,13,0,2026-09-04 18:02:21
2026-09-04 17:51:52,HNUH300,0801,Shauna Rigaud,20,0,0,2026-09-04 18:02:21
2026-09-04 17:51:52,HNUH300,0901,Kimberly Johnson,20,5,0,2026-09-04 18:02:21
2026-09-04 17:51:52,HNUH300,1001,Ingrid Satelmajer,20,14,0,2026-09-04 18:02:21
2026-09-04 17:51:52,HNUH318T,0101,Peter Owen,24,0,0,2026-09-04 18:02:21
2026-09-04 17:51:52,HNUH319T,0101,Emily Shetty,22,0,0,2026-09-04 18:02:22
2026-09-04 17:51:52,HNUH328T,0101,Woodie Kessel,24,1,0,2026-09-04 18:02:22
2026-09-04 17:51:52,HNUH329T,0101,Rob Long,20,1,0,2026-09-04 18:02:22
2026-09-04 17:51:52,HNUH338T,0101,Andrew Fausett,22,1,0,2026-09-04 18:02:22
2026-09-04 17:51:52,HNUH348T,0101,Ed Fendley,22,1,0,2026-09-04 18:02:22
2026-09-04 17:51:52,HNUH358T,0101,Sean Misko,22,1,0,2026-09-04 18:02:22
2026-09-04 17:51:52,HNUH359T,0101,Amanda Schoch,20,0,0,2026-09-04 18:02:23
2026-09-04 17:51:52,HNUH368T,0101,Nadia Farra,21,0,0,2026-09-04 18:02:23
2026-09-04 17:51:52,HNUH369T,0101,Andrew Nissen,20,2,0,2026-09-04 18:02:23
2026-09-04 17:51:52,HNUH378T,0101,Joshua Glasser,20,0,0,2026-09-04 18:02:23
2026-09-04 17:51:52,HNUH398P,0101,Jayakumar Arasan,25,22,0,2026-09-04 18:02:23
2026-09-04 17:51:52,HNUH398P,0201,Jayakumar Arasan,5,1,0,2026-09-04 18:02:23
2026-09-04 17:51:52,HNUH398T,0101,Sasha Koo-Oshima,20,3,0,2026-09-04 18:02:23
2026-09-04 17:51:52,HONR368A,0101,Blake Wilder,22,1,0,2026-09-04 18:02:25
2026-09-04 17:51:52,IMDM101,0101,Mollye Bendell,30,15,0,2026-09-04 18:02:28
2026-09-04 17:51:52,IMDM101,0201,Myungin Lee,30,18,0,2026-09-04 18:02:28
2026-09-04 17:51:52,IMDM101,0301,Myungin Lee,30,23,0,2026-09-04 18:02:28
2026-09-04 17:51:52,IMDM127,0101,Roger Eastman,36,19,0,2026-09-04 18:02:28
2026-09-04 17:51:52,IMDM150,0101,Stefano Passeri,30,17,0,2026-09-04 18:02:28
2026-09-04 17:51:52,IMDM227,0101,Stevens Miller,30,1,0,2026-09-04 18:02:28
2026-09-04 17:51:52,IMDM227,0201,Stevens Miller,30,19,0,2026-09-04 18:02:28
2026-09-04 17:51:52,IMDM327,0101,Myungin Lee,25,0,0,2026-09-04 18:02:28
2026-09-04 17:51:52,IMDM350,0101,Jason Farman,29,12,0,2026-09-04 18:02:29
2026-09-04 17:51:52,IMDM490,0101,Matthew Nolan,30,0,0,2026-09-04 18:02:29
2026-09-04 17:51:52,IMDM490,0201,Matthew Nolan,30,16,0,2026-09-04 18:02:29
2026-09-04 17:51:52,IMDM498K,0101,Matthew Nolan,15,0,0,2026-09-04 18:02:29
2026-09-04 17:51:52,IMMR319D,0101,Beka Guluma,20,12,0,2026-09-04 18:02:31
2026-09-04 17:51:52,IMMR394,0101,Wenxi Yang,30,3,0,2026-09-04 18:02:31
2026-09-04 17:51:52,IMMR399,0101,Instructor: TBA,2,2,0,2026-09-04 18:02:31
2026-09-04 17:51:52,IMMR400,0101,Gerson Rosales,20,2,0,2026-09-04 18:02:35
2026-09-04 17:51:52,ISRL249J,0101,Aner Tal,30,24,0,2026-09-04 18:02:43
2026-09-04 17:51:52,ISRL249M,0101,Aliza Sandalon,15,0,0,2026-09-04 18:02:44
2026-09-04 17:51:52,ISRL283,0101,Shay Hazkani,35,2,0,2026-09-04 18:02:44
2026-09-04 17:51:52,ISRL349G,0101,Marwa Maziad,30,0,0,2026-09-04 18:02:44
2026-09-04 17:51:52,ISRL349K,0101,Regev Ben-David,30,24,0,2026-09-04 18:02:44
2026-09-04 17:51:52,ISRL349T,0101,Elli Lieberman,35,20,0,2026-09-04 18:02:44
2026-09-04 17:51:52,ISRL349Y,0101,Adina Friedman,35,26,0,2026-09-04 18:02:44
2026-09-04 17:51:52,ISRL382,0101,Ilai Saltzman,35,0,0,2026-09-04 18:02:44
2026-09-04 17:51:52,ISRL448R,0101,Morad Elsana,25,9,0,2026-09-04 18:02:45
2026-09-04 17:51:52,ITAL103,0101,Antonella D'Amario,18,14,0,2026-09-04 18:02:46
2026-09-04 17:51:52,ITAL103,0201,Antonella D'Amario,18,5,0,2026-09-04 18:02:46
2026-09-04 17:51:52,ITAL103,0301,Joseph Falvo,18,6,0,2026-09-04 18:02:46
2026-09-04 17:51:52,ITAL203,0101,Antonella D'Amario,18,9,0,2026-09-04 18:02:46
2026-09-04 17:51:52,ITAL203,0201,Antonella D'Amario,18,13,0,2026-09-04 18:02:46
2026-09-04 17:51:52,ITAL204,0101,Federica Soddu,18,14,0,2026-09-04 18:02:46
2026-09-04 17:51:52,ITAL207,0101,Mirella Vaglio,18,17,0,2026-09-04 18:02:46
2026-09-04 17:51:52,ITAL301,0101,Federica Soddu,20,12,0,2026-09-04 18:02:47
2026-09-04 17:51:52,ITAL362,0101,Federica Soddu,20,10,0,2026-09-04 18:02:47
2026-09-04 17:51:52,ITAL401,0101,Mirella Vaglio,15,12,0,2026-09-04 18:02:47
2026-09-04 17:51:52,ITAL421,0101,Joseph Falvo,25,14,0,2026-09-04 18:02:47
2026-09-04 17:51:52,ITAL478R,0101,Joseph Falvo,5,3,0,2026-09-04 18:02:48
2026-09-04 17:51:52,JAPN101,0101,Kumiko Akikawa,15,3,0,2026-09-04 18:02:49
2026-09-04 17:51:52,JAPN101,0201,Kumiko Akikawa,15,6,0,2026-09-04 18:02:49
2026-09-04 17:51:52,JAPN101,0301,Kumiko Akikawa,15,5,0,2026-09-04 18:02:49
2026-09-04 17:51:52,JAPN201,0101,Makiko Inoue,15,5,0,2026-09-04 18:02:49
2026-09-04 17:51:52,JAPN201,0201,Makiko Inoue,15,8,0,2026-09-04 18:02:49
2026-09-04 17:51:52,JAPN301,0101,Mari Hamada,15,9,0,2026-09-04 18:02:49
2026-09-04 17:51:52,JAPN311,0101,Jyana Browne,15,11,0,2026-09-04 18:02:49
2026-09-04 17:51:52,JAPN315,0101,Michele Mason,20,3,0,2026-09-04 18:02:50
2026-09-04 17:51:52,JAPN320,0101,Lindsay Yotsukura,15,9,0,2026-09-04 18:02:50
2026-09-04 17:51:52,JAPN498B,0101,Jyana Browne,20,2,0,2026-09-04 18:02:50
2026-09-04 17:51:52,KORA101,0101,Saerom Kwak,15,0,1,2026-09-04 18:03:16
2026-09-04 17:51:52,KORA101,0201,Saerom Kwak,15,2,0,2026-09-04 18:03:16
2026-09-04 17:51:52,KORA101,0301,Saerom Kwak,15,6,0,2026-09-04 18:03:16
2026-09-04 17:51:52,KORA101,0401,Saerom Kwak,15,5,0,2026-09-04 18:03:16
2026-09-04 17:51:52,KORA201,0101,Seong Minne Koh,15,4,0,2026-09-04 18:03:16
2026-09-04 17:51:52,KORA201,0201,Seong Minne Koh,15,5,0,2026-09-04 18:03:16
2026-09-04 17:51:52,KORA201,0301,Seong Minne Koh,15,8,0,2026-09-04 18:03:16
2026-09-04 17:51:52,KORA398G,0101,Instructor: TBA,10,7,0,2026-09-04 18:03:16
2026-09-04 17:51:52,KORA398W,0101,Seong Minne Koh,10,4,0,2026-09-04 18:03:16
2026-09-04 17:51:52,LEAD217,0101,Festus Ainoo,25,0,0,2026-09-04 18:03:27
2026-09-04 17:51:52,LEAD217,0201,Adrian Bitton,25,0,0,2026-09-04 18:03:27
2026-09-04 17:51:52,LEAD217,FC01,Festus Ainoo,22,0,0,2026-09-04 18:03:27
2026-09-04 17:51:52,LEAD305,0101,Anastasia Lavrenyuk,20,4,0,2026-09-04 18:03:27
2026-09-04 17:51:52,LEAD315,0101,Anastasia Lavrenyuk,25,11,0,2026-09-04 18:03:27
2026-09-04 17:51:52,LEAD320,0101,Courtney Holder,10,9,0,2026-09-04 18:03:27
2026-09-04 17:51:52,LGBT200,0201,Basanth Babu,25,0,5,2026-09-04 18:03:29
2026-09-04 17:51:52,LGBT265,0101,Tyra Griffin,30,4,0,2026-09-04 18:03:29
2026-09-04 17:51:52,LGBT265,0201,Declan Langton,30,3,0,2026-09-04 18:03:29
2026-09-04 17:51:52,LGBT359J,0101,Chris Eng,25,13,0,2026-09-04 18:03:29
2026-09-04 17:51:52,MLAW100,0101,Christine White,83,14,0,2026-09-04 18:03:51
2026-09-04 17:51:52,MLAW304,0201,Christine White,65,16,0,2026-09-04 18:03:51
2026-09-04 17:51:52,MLAW305,0101,Brian Gilmore,40,2,0,2026-09-04 18:03:52
2026-09-04 17:51:52,MLAW315,0101,Grace Benton,13,3,0,2026-09-04 18:03:52
2026-09-04 17:51:52,MLAW358Q,0101,David Cunningham,0,0,0,2026-09-04 18:03:52
2026-09-04 17:51:52,MLAW358T,0101,Christine White,25,5,0,2026-09-04 18:03:52
2026-09-04 17:51:52,MLAW358X,0101,Martin Kobren,5,0,0,2026-09-04 18:03:52
2026-09-04 17:51:52,MLAW359,0101,Brandee Pettus,10,4,0,2026-09-04 18:03:52
2026-09-04 17:51:52,MLAW378E,0101,Brandee Pettus,5,5,0,2026-09-04 18:03:52
2026-09-04 17:51:52,MLAW378K,0101,Brian Gilmore,20,0,0,2026-09-04 18:03:53
2026-09-04 17:51:52,MLAW378Q,0101,Paul Huth,2,0,1,2026-09-04 18:03:53
2026-09-04 17:51:52,MLAW378R,0101,Nancy Schertzing,13,2,0,2026-09-04 18:03:53
2026-09-04 17:51:52,MLAW388,0101,Brandee Pettus,40,21,0,2026-09-04 18:03:53
2026-09-04 17:51:52,MLSC250,FC01,William Simpson,24,5,0,2026-09-04 18:03:54
2026-09-04 17:51:52,NEUR200,0101,Ana Navarro Cebrian,80,7,0,2026-09-04 18:04:09
2026-09-04 17:51:52,NEUR200,0201,Ana Navarro Cebrian,80,0,1,2026-09-04 18:04:09
2026-09-04 17:51:52,NEUR200,0301,Evan Hart,80,0,0,2026-09-04 18:04:09
2026-09-04 17:51:52,NEUR305,0101,Amanda Chicoli,100,12,0,2026-09-04 18:04:09
2026-09-04 17:51:52,NEUR306,0101,Chan Lin,200,6,0,2026-09-04 18:04:10
2026-09-04 17:51:52,NEUR398H,0101,Nikolas Francis,20,2,0,2026-09-04 18:04:10
2026-09-04 17:51:52,NEUR405,0101,Hilary Bierman,20,0,0,2026-09-04 18:04:10
2026-09-04 17:51:52,NEUR405,0102,Hilary Bierman,20,1,0,2026-09-04 18:04:10
2026-09-04 17:51:52,NEUR405,0103,Hilary Bierman,20,0,0,2026-09-04 18:04:10
2026-09-04 17:51:52,PEER312,0101,Aleia Gardner,15,8,0,2026-09-04 18:04:20
2026-09-04 17:51:52,PEER318,0101,Christina Jay,15,11,0,2026-09-04 18:04:20
2026-09-04 17:51:52,PEER319,0101,Grace Boudreau,15,7,0,2026-09-04 18:04:20
2026-09-04 17:51:52,PHPE308D,0101,Xinzhi Zhao,30,7,0,2026-09-04 18:04:29
2026-09-04 17:51:52,PHPE308F,0101,Regev Ben-David,30,24,0,2026-09-04 18:04:29
2026-09-04 17:51:52,PHPE308M,0101,Hallie Liberto,30,18,0,2026-09-04 18:04:30
2026-09-04 17:51:52,PHPE308O,0101,Jackson Iszler,30,0,0,2026-09-04 18:04:30
2026-09-04 17:51:52,PHPE308Y,0101,Rachel Singpurwalla,20,1,0,2026-09-04 18:04:30
2026-09-04 17:51:52,PHPE308Y,0102,Rachel Singpurwalla,20,0,2,2026-09-04 18:04:30
2026-09-04 17:51:52,PHPE308Y,0103,Rachel Singpurwalla,20,0,1,2026-09-04 18:04:30
2026-09-04 17:51:52,PHPE400,0101,Justin Helms,18,1,0,2026-09-04 18:04:30
2026-09-04 17:51:52,PHPE400,0102,Justin Helms,18,1,0,2026-09-04 18:04:30
2026-09-04 17:51:52,PHPE400,0103,Justin Helms,20,1,0,2026-09-04 18:04:30
2026-09-04 17:51:52,PHPE401,0101,Xinzhi Zhao,25,0,9,2026-09-04 18:04:30
2026-09-04 17:51:52,PHPE402,0101,Dan Moller,30,0,0,2026-09-04 18:04:31
2026-09-04 17:51:52,PHPE408J,0101,Lixing Miao,25,0,0,2026-09-04 18:04:31
2026-09-04 17:51:52,PHPE408R,0101,Xinzhi Zhao,25,9,0,2026-09-04 18:04:31
2026-09-04 17:51:52,PHSC388J,0101,Kendall Bustad,20,6,0,2026-09-04 18:04:32
2026-09-04 17:51:52,PHSC389,0101,Shannon Edward,30,14,0,2026-09-04 18:04:32
2026-09-04 17:51:52,PHSC399,0101,Shannon Edward,30,10,0,2026-09-04 18:04:32
2026-09-04 17:51:52,PHSC415,0101,Jessica O'Hara,31,0,1,2026-09-04 18:04:33
2026-09-04 17:51:52,PHSC415,0102,Jessica O'Hara,31,0,1,2026-09-04 18:04:33
2026-09-04 17:51:52,PHSC415,0103,Jessica O'Hara,31,0,1,2026-09-04 18:04:33
2026-09-04 17:51:52,PHSC415,0104,Jessica O'Hara,31,0,1,2026-09-04 18:04:33
2026-09-04 17:51:52,PHSC415,0105,Jessica O'Hara,31,0,1,2026-09-04 18:04:33
2026-09-04 17:51:52,PHSC420,0101,Jennifer German,35,3,0,2026-09-04 18:04:33
2026-09-04 17:51:52,PHSC450,0101,Kendall Bustad,20,0,2,2026-09-04 18:04:33
2026-09-04 17:51:52,PHSC450,0102,Kendall Bustad,20,0,2,2026-09-04 18:04:33
2026-09-04 17:51:52,PHSC450,0103,Kendall Bustad,20,0,1,2026-09-04 18:04:33
2026-09-04 17:51:52,PHSC450,0104,Kendall Bustad,20,0,2,2026-09-04 18:04:33
2026-09-04 17:51:52,PHSC450,0105,Kendall Bustad,20,0,1,2026-09-04 18:04:33
2026-09-04 17:51:52,PHSC450,0106,Kendall Bustad,20,0,0,2026-09-04 18:04:33
2026-09-04 17:51:52,PHSC450,0107,Kendall Bustad,20,0,2,2026-09-04 18:04:33
2026-09-04 17:51:52,PHSC450,0108,Kendall Bustad,20,0,2,2026-09-04 18:04:33
2026-09-04 17:51:52,PHSC497,0101,Kendall Bustad,20,2,0,2026-09-04 18:04:33
2026-09-04 17:51:52,PHSC497,0301,Shannon Edward,20,3,0,2026-09-04 18:04:33
2026-09-04 17:51:52,PHSC497,0601,Jennifer German,20,2,0,2026-09-04 18:04:33
2026-09-04 17:51:52,PLCY100,0101,Toby Egan,25,0,1,2026-09-04 18:04:46
2026-09-04 17:51:52,PLCY100,0102,Toby Egan,25,0,0,2026-09-04 18:04:46
2026-09-04 17:51:52,PLCY100,0103,Toby Egan,25,0,0,2026-09-04 18:04:46
2026-09-04 17:51:52,PLCY100,0104,Toby Egan,25,0,0,2026-09-04 18:04:46
2026-09-04 17:51:52,PLCY100,0201,Namrta Sharma,25,12,0,2026-09-04 18:04:46
2026-09-04 17:51:52,PLCY100,0202,Namrta Sharma,25,16,0,2026-09-04 18:04:46
2026-09-04 17:51:52,PLCY100,0203,Namrta Sharma,25,0,0,2026-09-04 18:04:46
2026-09-04 17:51:52,PLCY100,0204,Namrta Sharma,25,10,0,2026-09-04 18:04:46
2026-09-04 17:51:52,PLCY101,0101,Robert Sprinkle,75,0,0,2026-09-04 18:04:46
2026-09-04 17:51:52,PLCY170,0101,Joshua Itzkowitz Shifrinson,20,0,0,2026-09-04 18:04:46
2026-09-04 17:51:52,PLCY170,0102,Joshua Itzkowitz Shifrinson,20,0,0,2026-09-04 18:04:46
2026-09-04 17:51:52,PLCY170,0103,Joshua Itzkowitz Shifrinson,20,0,0,2026-09-04 18:04:46
2026-09-04 17:51:52,PLCY170,0104,Joshua Itzkowitz Shifrinson,20,0,0,2026-09-04 18:04:46
2026-09-04 17:51:52,PLCY170,0105,Joshua Itzkowitz Shifrinson,20,2,0,2026-09-04 18:04:46
2026-09-04 17:51:52,PLCY170,0106,Joshua Itzkowitz Shifrinson,25,0,0,2026-09-04 18:04:46
2026-09-04 17:51:52,PLCY172,0101,Caroline Ritter,95,25,0,2026-09-04 18:04:47
2026-09-04 17:51:52,PLCY200,0101,Shanna Pearson-Merkowitz,35,0,3,2026-09-04 18:04:47
2026-09-04 17:51:52,PLCY200,0201,Shanna Pearson-Merkowitz,35,0,2,2026-09-04 18:04:47
2026-09-04 17:51:52,PLCY200,0301,Namrta Sharma,35,0,3,2026-09-04 18:04:47
2026-09-04 17:51:52,PLCY201,0101,Julio Guzman,70,0,0,2026-09-04 18:04:47
2026-09-04 17:51:52,PLCY201,0201,Gregory Ramsay,60,0,0,2026-09-04 18:04:47
2026-09-04 17:51:52,PLCY201,FC01,Anne Kaiser,32,1,0,2026-09-04 18:04:47
2026-09-04 17:51:52,PLCY201,FC02,Anne Kaiser,32,6,0,2026-09-04 18:04:47
2026-09-04 17:51:52,PLCY201S,0101,Susannah Washburn,80,4,0,2026-09-04 18:04:47
2026-09-04 17:51:52,PLCY203,0101,Thomas Hilde,60,7,0,2026-09-04 18:04:47
2026-09-04 17:51:52,PLCY203,0201,Anne Kaiser,60,39,0,2026-09-04 18:04:47
2026-09-04 17:51:52,PLCY213,0201,Claire Dunning,40,5,0,2026-09-04 18:04:47
2026-09-04 17:51:52,PLCY214,0101,Patricia Bory,65,20,0,2026-09-04 18:04:47
2026-09-04 17:51:52,PLCY240,0101,Timothy Reedy,30,1,0,2026-09-04 18:04:48
2026-09-04 17:51:52,PLCY288K,0101,CHRISTIAN OSTERMANN,25,3,0,2026-09-04 18:04:48
2026-09-04 17:51:52,PLCY300,0101,Alana Hackshaw,45,0,7,2026-09-04 18:04:48
2026-09-04 17:51:52,PLCY300,0201,Namrta Sharma,45,30,0,2026-09-04 18:04:48
2026-09-04 17:51:52,PLCY301,0101,Caroline Boules,165,7,0,2026-09-04 18:04:49
2026-09-04 17:51:52,PLCY302,0101,Niambi Carter,40,2,0,2026-09-04 18:04:49
2026-09-04 17:51:52,PLCY302,0201,Ebonie Johnson Cooper,40,2,0,2026-09-04 18:04:49
2026-09-04 17:51:52,PLCY302,0301,Lindsay Dieudonne,40,0,1,2026-09-04 18:04:49
2026-09-04 17:51:52,PLCY303,0101,Juan Martinez Guzman,40,4,0,2026-09-04 18:04:49
2026-09-04 17:51:52,PLCY304,0101,Michael Busse,40,11,0,2026-09-04 18:04:49
2026-09-04 17:51:52,PLCY304,0201,Michael Busse,40,12,0,2026-09-04 18:04:49
2026-09-04 17:51:52,PLCY309,0101,Martin Sanders,30,26,0,2026-09-04 18:04:49
2026-09-04 17:51:52,PLCY310,0101,Selvon Waldron,35,15,0,2026-09-04 18:04:49
2026-09-04 17:51:52,PLCY313,0101,Gerard Evans,100,1,0,2026-09-04 18:04:50
2026-09-04 17:51:52,PLCY371,0101,Joshua Itzkowitz Shifrinson,35,0,1,2026-09-04 18:04:50
2026-09-04 17:51:52,PLCY380,0101,Isabel O'Malley,40,0,1,2026-09-04 18:04:50
2026-09-04 17:51:52,PLCY380,ESG1,Kisha McNeill,30,1,0,2026-09-04 18:04:50
2026-09-04 17:51:52,PLCY388A,0101,Brandi Onowu,40,8,0,2026-09-04 18:04:50
2026-09-04 17:51:52,PLCY388N,0101,Nina Harris,25,2,0,2026-09-04 18:04:50
2026-09-04 17:51:52,PLCY390,0101,Lena Andrews,20,0,1,2026-09-04 18:04:50
2026-09-04 17:51:52,PLCY399B,0101,Beatrice DeBelen,30,19,0,2026-09-04 18:04:50
2026-09-04 17:51:52,PLCY400,0101,Patricia Bory,25,2,0,2026-09-04 18:04:51
2026-09-04 17:51:52,PLCY401,0101,Anand Patwardhan,20,5,0,2026-09-04 18:04:51
2026-09-04 17:51:52,PLCY401,0201,Tracy Thompson,20,0,1,2026-09-04 18:04:51
2026-09-04 17:51:52,PLCY401,0301,David Mussington,20,9,0,2026-09-04 18:04:51
2026-09-04 17:51:52,PLCY490,0101,Michael Woldemariam,15,1,0,2026-09-04 18:04:51
2026-09-04 17:51:52,PLCY492,0101,Steve Fetter,20,0,1,2026-09-04 18:04:51
2026-09-04 17:51:52,PLCY610,0201,Alec Worsnop,40,8,0,2026-09-04 18:04:52
2026-09-04 17:51:52,PLCY630,0101,Catherine Worsnop,25,2,0,2026-09-04 18:04:52
2026-09-04 17:51:52,PLCY630,0201,Catherine Worsnop,25,3,0,2026-09-04 18:04:52
2026-09-04 17:51:52,PLCY631,0101,Cullen Merritt,25,0,1,2026-09-04 18:04:52
2026-09-04 17:51:52,PLCY640,0201,Thomas Spreen,30,5,0,2026-09-04 18:04:52
2026-09-04 17:51:52,PLCY641,0101,Tyler Kustra,30,0,0,2026-09-04 18:04:52
2026-09-04 17:51:52,PLCY641,0201,Tyler Kustra,30,10,0,2026-09-04 18:04:52
2026-09-04 17:51:52,PLCY670,0101,Philip Joyce,30,0,0,2026-09-04 18:04:53
2026-09-04 17:51:52,PLCY680,0101,Claire Dunning,25,0,0,2026-09-04 18:04:53
2026-09-04 17:51:52,PLCY680,0201,Michael Woldemariam,25,6,0,2026-09-04 18:04:53
2026-09-04 17:51:52,PLCY688C,0101,Charles Harry,20,10,0,2026-09-04 18:04:53
2026-09-04 17:51:52,PLCY688F,PWL1,Nekeya O'Connor,20,1,0,2026-09-04 18:04:53
2026-09-04 17:51:52,PLCY688P,0101,Steve Fetter,10,2,0,2026-09-04 18:04:53
2026-09-04 17:51:52,PLCY688Z,0101,Brandi Onowu,20,6,0,2026-09-04 18:04:53
2026-09-04 17:51:52,PLCY689E,0101,Susan Parker,20,0,0,2026-09-04 18:04:53
2026-09-04 17:51:52,PLCY690,0110,David Mussington,15,3,0,2026-09-04 18:04:54
2026-09-04 17:51:52,PLCY690,0120,Margaret Brindle,15,2,0,2026-09-04 18:04:54
2026-09-04 17:51:52,PLCY690,0130,Douglas Call,15,0,0,2026-09-04 18:04:54
2026-09-04 17:51:52,PLCY690,0150,Paul Brown,15,1,0,2026-09-04 18:04:54
2026-09-04 17:51:52,PLCY690,0170,James Stillwell,15,0,0,2026-09-04 18:04:54
2026-09-04 17:51:52,PLCY698T,0101,Elizabeth Duke,20,7,0,2026-09-04 18:04:54
2026-09-04 17:51:52,PLCY699L,0101,Michael Woldemariam,10,2,0,2026-09-04 18:04:54
2026-09-04 17:51:52,PLCY720,0101,Nancy Gallagher,20,3,0,2026-09-04 18:04:54
2026-09-04 17:51:52,PLCY734,0101,Niambi Carter,20,1,0,2026-09-04 18:04:54
2026-09-04 17:51:52,PLCY735,0101,Robert Sprinkle,20,7,0,2026-09-04 18:04:54
2026-09-04 17:51:52,PLCY741,0101,Anand Patwardhan,20,7,0,2026-09-04 18:04:55
2026-09-04 17:51:52,PLCY742,0101,Thomas Hilde,20,8,0,2026-09-04 18:04:55
2026-09-04 17:51:52,PLCY780,0101,Robert Orr,20,0,0,2026-09-04 18:04:55
2026-09-04 17:51:52,PLCY781,0101,Julio Guzman,20,2,0,2026-09-04 18:04:55
2026-09-04 17:51:52,PLCY783,0101,Margaret Brindle,20,7,0,2026-09-04 18:04:55
2026-09-04 17:51:52,PLCY798F,PWL1,William Nolte,25,18,0,2026-09-04 18:04:56
2026-09-04 17:51:52,PLCY798V,0101,Shanna Pearson-Merkowitz,12,0,0,2026-09-04 18:04:56
2026-09-04 17:51:52,PLCY798W,0101,Martin Sanders,10,10,0,2026-09-04 18:04:56
2026-09-04 17:51:52,PLCY798Y,PWL1,Jeffrey Franco,25,0,0,2026-09-04 18:04:56
2026-09-04 17:51:52,PLCY798Z,0101,Peter Reuter,12,0,0,2026-09-04 18:04:56
2026-09-04 17:51:52,PLSC112,0101,Samuel Daramola,100,16,0,2026-09-04 18:04:58
2026-09-04 17:51:52,PLSC113,0101,Samuel Daramola,24,3,0,2026-09-04 18:04:58
2026-09-04 17:51:52,PLSC113,0102,Samuel Daramola,24,5,0,2026-09-04 18:04:58
2026-09-04 17:51:52,PLSC113,0103,Samuel Daramola,24,13,0,2026-09-04 18:04:58
2026-09-04 17:51:52,PLSC113,0104,Samuel Daramola,24,10,0,2026-09-04 18:04:58
2026-09-04 17:51:52,PLSC115,0101,Shirley Micallef,24,0,1,2026-09-04 18:04:58
2026-09-04 17:51:52,PLSC201,0101,Pierre Jacob,42,15,0,2026-09-04 18:04:59
2026-09-04 17:51:52,PLSC203,0101,Vijay Tiwari,23,17,0,2026-09-04 18:04:59
2026-09-04 17:51:52,PLSC205,0101,Mark Carroll,22,0,0,2026-09-04 18:04:59
2026-09-04 17:51:52,PLSC206,0101,Pierre Jacob,21,8,0,2026-09-04 18:04:59
2026-09-04 17:51:52,PLSC206,0102,Pierre Jacob,21,7,0,2026-09-04 18:04:59
2026-09-04 17:51:52,PLSC253,0101,Karen Petroff,24,0,0,2026-09-04 18:04:59
2026-09-04 17:51:52,PLSC253,0102,Karen Petroff,24,5,0,2026-09-04 18:04:59
2026-09-04 17:51:52,PLSC389,0101,Craig Beyrouty,17,17,0,2026-09-04 18:04:59
2026-09-04 17:51:52,PLSC402,0101,Geoffrey Rinehart,10,3,0,2026-09-04 18:05:00
2026-09-04 17:51:52,PLSC404,0101,Yiping Qi,20,9,0,2026-09-04 18:05:00
2026-09-04 17:51:52,PLSC420,0101,Nidhi Rawat,18,3,0,2026-09-04 18:05:00
2026-09-04 17:51:52,PLSC420,0102,Nidhi Rawat,18,13,0,2026-09-04 18:05:00
2026-09-04 17:51:52,PLSC433,0101,Diana Cochran,10,2,0,2026-09-04 18:05:00
2026-09-04 17:51:52,PLSC453,0101,Samuel Daramola,24,1,0,2026-09-04 18:05:01
2026-09-04 17:51:52,PLSC471,0101,Juanita Choo,20,0,0,2026-09-04 18:05:01
2026-09-04 17:51:52,PLSC476,0101,Maile Neel,23,19,0,2026-09-04 18:05:01
2026-09-04 17:51:52,PLSC608,0101,Shunyuan Xiao,20,13,0,2026-09-04 18:05:01
2026-09-04 17:51:52,PORT103,0101,Parker Brookie,15,8,0,2026-09-04 18:05:03
2026-09-04 17:51:52,PORT205,0101,Parker Brookie,15,4,0,2026-09-04 18:05:03
2026-09-04 17:51:52,PORT332,0101,Parker Brookie,25,1,0,2026-09-04 18:05:03
2026-09-04 17:51:52,RELS120,0101,Antoine Borrut,40,7,0,2026-09-04 18:05:20
2026-09-04 17:51:52,RELS170,0101,Chiara Graf,21,4,0,2026-09-04 18:05:20
2026-09-04 17:51:52,RELS170,0102,Chiara Graf,21,0,0,2026-09-04 18:05:20
2026-09-04 17:51:52,RELS170,0103,Chiara Graf,21,1,0,2026-09-04 18:05:20
2026-09-04 17:51:52,RELS170,0104,Chiara Graf,21,0,0,2026-09-04 18:05:20
2026-09-04 17:51:52,RELS170,0105,Chiara Graf,21,0,0,2026-09-04 18:05:20
2026-09-04 17:51:52,RELS170,0106,Chiara Graf,21,0,0,2026-09-04 18:05:20
2026-09-04 17:51:52,RELS170,0107,Chiara Graf,21,0,0,2026-09-04 18:05:20
2026-09-04 17:51:52,RELS170,0108,Chiara Graf,21,0,0,2026-09-04 18:05:20
2026-09-04 17:51:52,RELS170,0109,Chiara Graf,22,0,0,2026-09-04 18:05:20
2026-09-04 17:51:52,RELS171,0101,Maxine Grossman,40,1,0,2026-09-04 18:05:20
2026-09-04 17:51:52,RELS219K,0101,Shay Hazkani,40,33,0,2026-09-04 18:05:20
2026-09-04 17:51:52,RELS225,0101,Stephanie Cooper,25,0,0,2026-09-04 18:05:20
2026-09-04 17:51:52,RELS273,0101,Hayim Lapin,23,1,0,2026-09-04 18:05:21
2026-09-04 17:51:52,RELS273,0102,Hayim Lapin,23,1,0,2026-09-04 18:05:21
2026-09-04 17:51:52,RELS273,0103,Hayim Lapin,23,1,0,2026-09-04 18:05:21
2026-09-04 17:51:52,RELS274,0101,Matthew Suriano,20,0,3,2026-09-04 18:05:21
2026-09-04 17:51:52,RELS274,0102,Matthew Suriano,20,0,2,2026-09-04 18:05:21
2026-09-04 17:51:52,RELS274,0103,Matthew Suriano,20,0,3,2026-09-04 18:05:21
2026-09-04 17:51:52,RELS274,0104,Matthew Suriano,20,0,1,2026-09-04 18:05:21
2026-09-04 17:51:52,RELS319D,0101,Nathan Levine,35,25,0,2026-09-04 18:05:21
2026-09-04 17:51:52,RELS319Z,0101,Regev Ben-David,30,27,0,2026-09-04 18:05:21
2026-09-04 17:51:52,RELS341,0101,Janna Bianchini,30,0,0,2026-09-04 18:05:21
2026-09-04 17:51:52,RUSS101,0101,Inna Hardman,15,6,0,2026-09-04 18:05:23
2026-09-04 17:51:52,RUSS101,0201,Inna Hardman,15,4,0,2026-09-04 18:05:23
2026-09-04 17:51:52,RUSS201,0101,Zhanna Gerus-Vernola,15,8,0,2026-09-04 18:05:23
2026-09-04 17:51:52,RUSS301,0101,Izolda Savenkova,15,5,0,2026-09-04 18:05:23
2026-09-04 17:51:52,RUSS321,0101,Elizabeth Papazian,15,5,0,2026-09-04 18:05:23
2026-09-04 17:51:52,RUSS334,0101,Elizabeth Papazian,25,0,0,2026-09-04 18:05:23
2026-09-04 17:51:52,RUSS404,0101,Izolda Savenkova,15,1,0,2026-09-04 18:05:24
2026-09-04 17:51:52,SDSB123,0101,Brian Kim,40,7,0,2026-09-04 18:05:25
2026-09-04 17:51:52,SDSB180,0101,Brian Kim,180,138,0,2026-09-04 18:05:25
2026-09-04 17:51:52,SDSB233,0101,Jacob Coutts,25,1,0,2026-09-04 18:05:26
2026-09-04 17:51:52,SDSB233,0102,Jacob Coutts,25,10,0,2026-09-04 18:05:26
2026-09-04 17:51:52,SDSB233,0103,Jacob Coutts,25,8,0,2026-09-04 18:05:26
2026-09-04 17:51:52,SDSB326,0101,Jacob Coutts,50,31,0,2026-09-04 18:05:26
2026-09-04 17:51:52,SDSB340,0101,Neil Lund,40,0,0,2026-09-04 18:05:26
2026-09-04 17:51:52,SDSI414,0201,Maria Krupenkin,34,12,0,2026-09-04 18:05:27
2026-09-04 17:51:52,SDSI414,0202,Maria Krupenkin,34,0,0,2026-09-04 18:05:27
2026-09-04 17:51:52,SDSI492,0101,TJ Rainsford,50,11,0,2026-09-04 18:05:27
2026-09-04 17:51:52,SDSI492,0103,Mary Ann Francis,40,0,4,2026-09-04 18:05:27
2026-09-04 17:51:52,SDSI492,0104,TJ Rainsford,50,3,0,2026-09-04 18:05:27
2026-09-04 17:51:52,SDSI492,0106,Jesse Klein,50,0,11,2026-09-04 18:05:27
2026-09-04 17:51:52,SDSI492,0107,Connie Siebold,40,0,5,2026-09-04 18:05:27
2026-09-04 17:51:52,SDSI492,0110,Patrick Thornton,50,27,0,2026-09-04 18:05:27
2026-09-04 17:51:52,SLLC108I,0101,Instructor: TBA,5,4,0,2026-09-04 18:05:30
2026-09-04 17:51:52,SLLC108J,0101,Instructor: TBA,5,5,0,2026-09-04 18:05:30
2026-09-04 17:51:52,SLLC108W,0101,Instructor: TBA,5,4,0,2026-09-04 18:05:30
2026-09-04 17:51:52,SLLC118A,0101,Sean Pue,10,3,0,2026-09-04 18:05:30
2026-09-04 17:51:52,SLLC200,0101,Chris Lewis,30,0,0,2026-09-04 18:05:30
2026-09-04 17:51:52,SLLC286,0101,Andrew Schonebaum,60,6,0,2026-09-04 18:05:31
2026-09-04 17:51:52,SLLC309,0101,Ahmed Hanafy,10,10,0,2026-09-04 18:05:31
2026-09-04 17:51:52,SLLC309,0102,Ahmed Hanafy,10,8,0,2026-09-04 18:05:31
2026-09-04 17:51:52,SLLC309,0103,Ahmed Hanafy,10,8,0,2026-09-04 18:05:31
2026-09-04 17:51:52,SLLC309,0104,Ahmed Hanafy,10,6,0,2026-09-04 18:05:31
2026-09-04 17:51:52,SLLC309,0105,Ahmed Hanafy,10,6,0,2026-09-04 18:05:31
2026-09-04 17:51:52,SLLC309,0106,Ahmed Hanafy,10,7,0,2026-09-04 18:05:31
2026-09-04 17:51:52,SLLC309,0107,Ahmed Hanafy,10,8,0,2026-09-04 18:05:31
2026-09-04 17:51:52,SLLC309,0108,Ahmed Hanafy,10,9,0,2026-09-04 18:05:31
2026-09-04 17:51:52,SLLC309,0109,Ahmed Hanafy,10,7,0,2026-09-04 18:05:31
2026-09-04 17:51:52,SLLC309,0110,Ahmed Hanafy,10,4,0,2026-09-04 18:05:31
2026-09-04 17:51:52,SLLC309,0111,Ahmed Hanafy,10,10,0,2026-09-04 18:05:31
2026-09-04 17:51:52,SLLC329,0101,Marilyn Matar,12,0,0,2026-09-04 18:05:31
2026-09-04 17:51:52,SLLC329,0102,Marilyn Matar,10,1,0,2026-09-04 18:05:31
2026-09-04 17:51:52,SLLC329,0103,Marilyn Matar,21,2,0,2026-09-04 18:05:31
2026-09-04 17:51:52,SLLC329,0104,Marilyn Matar,10,4,0,2026-09-04 18:05:31
2026-09-04 17:51:52,SLLC329,0105,Marilyn Matar,10,9,0,2026-09-04 18:05:31
2026-09-04 17:51:52,SLLC329,0106,Marilyn Matar,10,1,0,2026-09-04 18:05:31
2026-09-04 17:51:52,SLLC329,0107,Marilyn Matar,10,7,0,2026-09-04 18:05:31
2026-09-04 17:51:52,SLLC329,0108,Marilyn Matar,10,7,0,2026-09-04 18:05:31
2026-09-04 17:51:52,SLLC329,0109,Marilyn Matar,10,4,0,2026-09-04 18:05:31
2026-09-04 17:51:52,SLLC329,0110,Marilyn Matar,20,4,0,2026-09-04 18:05:31
2026-09-04 17:51:52,SLLC350,0101,Michele Mason,30,27,0,2026-09-04 18:05:31
2026-09-04 17:51:52,SMLP470,0101,Brooke Smith,45,13,0,2026-09-04 18:05:32
2026-09-04 17:51:52,SMLP472,0101,Sara Herald,60,19,0,2026-09-04 18:05:33
2026-09-04 17:51:52,TLTC310,0101,Sarah Kistner,0,0,0,2026-09-04 18:06:03
2026-09-04 17:51:52,TLTC310,0201,Yanira Ortiz,20,11,0,2026-09-04 18:06:03
2026-09-04 17:51:52,TLTC333,0101,Mona Thompson,60,0,0,2026-09-04 18:06:03
2026-09-04 17:51:52,TLTC333,0102,Mona Thompson,60,0,0,2026-09-04 18:06:03
2026-09-04 17:51:52,TLTC333,0105,Mona Thompson,60,2,0,2026-09-04 18:06:03
2026-09-04 17:51:52,TLTC499A,0101,Mona Thompson,10,7,0,2026-09-04 18:06:04
2026-09-04 17:51:52,TLTC499A,0102,Danielle Pafe,10,6,0,2026-09-04 18:06:04
2026-09-04 17:51:52,UMEI005,0101,Charles Duquette,15,2,0,2026-09-04 18:06:05
2026-09-04 17:51:52,UMEI005,0201,Heather Mehrtens,15,9,0,2026-09-04 18:06:05
2026-09-04 17:51:52,UMEI005,0301,Marilena Draganescu,15,11,0,2026-09-04 18:06:05
2026-09-04 17:51:52,UMEI012,0101,Louise Godley,10,9,0,2026-09-04 18:06:05
2026-09-04 17:51:52,UMEI013,0101,Louise Godley,10,8,0,2026-09-04 18:06:05
2026-09-04 17:51:52,UMEI028A,0101,Raymond Smith,16,14,0,2026-09-04 18:06:06
2026-09-04 17:51:52,UMEI506,0101,Heather Mehrtens,16,0,0,2026-09-04 18:06:06
2026-09-04 17:51:52,UMEI506,0201,Heather Mehrtens,16,6,0,2026-09-04 18:06:06
2026-09-04 17:51:52,UMEI507,0101,Marilena Draganescu,15,4,0,2026-09-04 18:06:06
2026-09-04 17:51:52,USLT201,0101,Robert Chester,25,1,0,2026-09-04 18:06:11
2026-09-04 17:51:52,USLT398C,0101,Angela Pico Pinto,25,17,0,2026-09-04 18:06:11
2026-09-04 17:51:52,USLT450,0101,Robert Chester,20,0,2,2026-09-04 18:06:11
2026-09-04 17:51:52,USLT498C,0101,Ana Rodriguez,20,14,0,2026-09-04 18:06:11
2026-09-04 17:51:52,VIPS099,0115,Veronica Kang,5,3,0,2026-09-04 18:06:13
2026-09-04 17:51:52,VIPS208,0101,Mary Bowden,10,10,0,2026-09-04 18:06:13
2026-09-04 17:51:52,VIPS208,0102,Ken Kiger,10,2,0,2026-09-04 18:06:13
2026-09-04 17:51:52,VIPS208,0103,Bryan Quinn,10,7,0,2026-09-04 18:06:13
2026-09-04 17:51:52,VIPS208,0104,Abdil Chowdhury,10,1,0,2026-09-04 18:06:13
2026-09-04 17:51:52,VIPS208,0105,Molly Carton,10,7,0,2026-09-04 18:06:13
2026-09-04 17:51:52,VIPS208,0106,James Baeder,14,2,0,2026-09-04 18:06:13
2026-09-04 17:51:52,VIPS208,0107,Catherine Spirito,10,6,0,2026-09-04 18:06:13
2026-09-04 17:51:52,VIPS208,0108,Ronald Yaros,10,4,0,2026-09-04 18:06:13
2026-09-04 17:51:52,VIPS208,0109,Carinna Ferguson,10,6,0,2026-09-04 18:06:13
2026-09-04 17:51:52,VIPS208,0110,Tracy Riggins,15,0,0,2026-09-04 18:06:13
2026-09-04 17:51:52,VIPS208,0111,Kevin Calabro,13,2,0,2026-09-04 18:06:13
2026-09-04 17:51:52,VIPS208,0112,Raffaele Viglianti,10,5,0,2026-09-04 18:06:13
2026-09-04 17:51:52,VIPS208,0113,Shabnam Jabeen,10,4,0,2026-09-04 18:06:13
2026-09-04 17:51:52,VIPS208,0114,Ning Zeng,15,6,0,2026-09-04 18:06:13
2026-09-04 17:51:52,VIPS208,0115,Veronica Kang,10,5,0,2026-09-04 18:06:13
2026-09-04 17:51:52,VIPS208,0116,David Stewart,10,0,0,2026-09-04 18:06:13
2026-09-04 17:51:52,VIPS208,0117,Meredith Epstein,10,8,0,2026-09-04 18:06:13
2026-09-04 17:51:52,VIPS208,0118,Magaly Toro Ibaceta,10,3,0,2026-09-04 18:06:13
2026-09-04 17:51:52,VIPS208,0120,Marisa Parham,10,5,0,2026-09-04 18:06:13
2026-09-04 17:51:52,VIPS208,0121,Becky Epanchin-Niell,10,1,0,2026-09-04 18:06:13
2026-09-04 17:51:52,VIPS208,0122,Timothy Reedy,10,2,0,2026-09-04 18:06:13
2026-09-04 17:51:52,VIPS208,0123,Lingnan Lin,13,4,0,2026-09-04 18:06:13
2026-09-04 17:51:52,VIPS208,0124,Jeffrey Moro,10,4,0,2026-09-04 18:06:13
2026-09-04 17:51:52,VIPS208,0125,Peter Sunderland,12,4,0,2026-09-04 18:06:13
2026-09-04 17:51:52,VIPS208,0126,Brienna Anderson,10,3,0,2026-09-04 18:06:13
2026-09-04 17:51:52,VIPS308,0101,Mary Bowden,10,9,0,2026-09-04 18:06:13
2026-09-04 17:51:52,VIPS308,0102,Ken Kiger,10,3,0,2026-09-04 18:06:13
2026-09-04 17:51:52,VIPS308,0103,Bryan Quinn,10,2,0,2026-09-04 18:06:13
2026-09-04 17:51:52,VIPS308,0104,Abdil Chowdhury,10,3,0,2026-09-04 18:06:13
2026-09-04 17:51:52,VIPS308,0105,Molly Carton,10,3,0,2026-09-04 18:06:13
2026-09-04 17:51:52,VIPS308,0106,James Baeder,10,4,0,2026-09-04 18:06:13
2026-09-04 17:51:52,VIPS308,0107,Catherine Spirito,10,7,0,2026-09-04 18:06:13
2026-09-04 17:51:52,VIPS308,0108,Ronald Yaros,10,9,0,2026-09-04 18:06:13
2026-09-04 17:51:52,VIPS308,0109,Carinna Ferguson,10,6,0,2026-09-04 18:06:13
2026-09-04 17:51:52,VIPS308,0110,Tracy Riggins,10,0,0,2026-09-04 18:06:13
2026-09-04 17:51:52,VIPS308,0111,Kevin Calabro,10,6,0,2026-09-04 18:06:13
2026-09-04 17:51:52,VIPS308,0112,Raffaele Viglianti,10,10,0,2026-09-04 18:06:13
2026-09-04 17:51:52,VIPS308,0113,Shabnam Jabeen,10,8,0,2026-09-04 18:06:13
2026-09-04 17:51:52,VIPS308,0114,Ning Zeng,10,9,0,2026-09-04 18:06:13
2026-09-04 17:51:52,VIPS308,0115,Veronica Kang,10,10,0,2026-09-04 18:06:13
2026-09-04 17:51:52,VIPS308,0116,David Stewart,10,10,0,2026-09-04 18:06:13
2026-09-04 17:51:52,VIPS308,0117,Meredith Epstein,10,8,0,2026-09-04 18:06:13
2026-09-04 17:51:52,VIPS308,0118,Magaly Toro Ibaceta,10,10,0,2026-09-04 18:06:13
2026-09-04 17:51:52,VIPS308,0120,Marisa Parham,10,9,0,2026-09-04 18:06:13
2026-09-04 17:51:52,VIPS308,0121,Becky Epanchin-Niell,10,10,0,2026-09-04 18:06:13
2026-09-04 17:51:52,VIPS308,0122,Timothy Reedy,10,10,0,2026-09-04 18:06:13
2026-09-04 17:51:52,VIPS308,0123,Lingnan Lin,10,10,0,2026-09-04 18:06:13
2026-09-04 17:51:52,VIPS308,0124,Jeffrey Moro,10,10,0,2026-09-04 18:06:13
2026-09-04 17:51:52,VIPS308,0125,Peter Sunderland,10,10,0,2026-09-04 18:06:13
2026-09-04 17:51:52,VIPS308,0126,Brienna Anderson,10,10,0,2026-09-04 18:06:13
2026-09-04 17:51:52,VIPS408,0101,Mary Bowden,10,4,0,2026-09-04 18:06:13
2026-09-04 17:51:52,VIPS408,0102,Ken Kiger,10,8,0,2026-09-04 18:06:13
2026-09-04 17:51:52,VIPS408,0103,Bryan Quinn,10,3,0,2026-09-04 18:06:13
2026-09-04 17:51:52,VIPS408,0104,Abdil Chowdhury,10,8,0,2026-09-04 18:06:13
2026-09-04 17:51:52,VIPS408,0105,Molly Carton,10,8,0,2026-09-04 18:06:13
2026-09-04 17:51:52,VIPS408,0106,James Baeder,10,7,0,2026-09-04 18:06:13
2026-09-04 17:51:52,VIPS408,0107,Catherine Spirito,10,10,0,2026-09-04 18:06:13
2026-09-04 17:51:52,VIPS408,0108,Ronald Yaros,10,8,0,2026-09-04 18:06:13
2026-09-04 17:51:52,VIPS408,0109,Carinna Ferguson,10,8,0,2026-09-04 18:06:13
2026-09-04 17:51:52,VIPS408,0110,Tracy Riggins,10,10,0,2026-09-04 18:06:13
2026-09-04 17:51:52,VIPS408,0111,Kevin Calabro,10,7,0,2026-09-04 18:06:13
2026-09-04 17:51:52,VIPS408,0112,Raffaele Viglianti,10,9,0,2026-09-04 18:06:13
2026-09-04 17:51:52,VIPS408,0113,Shabnam Jabeen,10,10,0,2026-09-04 18:06:13
2026-09-04 17:51:52,VIPS408,0114,Ning Zeng,10,10,0,2026-09-04 18:06:13
2026-09-04 17:51:52,VIPS408,0115,Veronica Kang,10,10,0,2026-09-04 18:06:13
2026-09-04 17:51:52,VIPS408,0116,David Stewart,10,10,0,2026-09-04 18:06:13
2026-09-04 17:51:52,VIPS408,0117,Meredith Epstein,10,10,0,2026-09-04 18:06:13
2026-09-04 17:51:52,VIPS408,0118,Magaly Toro Ibaceta,10,9,0,2026-09-04 18:06:13
2026-09-04 17:51:52,VIPS408,0120,Marisa Parham,10,10,0,2026-09-04 18:06:13
2026-09-04 17:51:52,VIPS408,0121,Becky Epanchin-Niell,10,10,0,2026-09-04 18:06:13
2026-09-04 17:51:52,VIPS408,0122,Timothy Reedy,10,10,0,2026-09-04 18:06:13
2026-09-04 17:51:52,VIPS408,0123,Lingnan Lin,10,10,0,2026-09-04 18:06:13
2026-09-04 17:51:52,VIPS408,0124,Jeffrey Moro,10,10,0,2026-09-04 18:06:13
2026-09-04 17:51:52,VIPS408,0125,Peter Sunderland,10,10,0,2026-09-04 18:06:13
2026-09-04 17:51:52,VIPS408,0126,Brienna Anderson,10,10,0,2026-09-04 18:06:13
2026-09-04 17:51:52,WEID139B,0101,Denise Joseph,48,12,0,2026-09-04 18:06:16
2026-09-04 17:51:52,WEID139L,0201,Taylor Togafau-Lewis,48,18,0,2026-09-04 18:06:16
2026-09-04 21:05:07,AAAS100,0101,Shane Walsh,35,0,0,2026-09-04 21:05:09
2026-09-04 21:05:07,AAAS100,0201,Shane Walsh,35,0,0,2026-09-04 21:05:09
2026-09-04 21:05:07,AAAS100,0301,George Kintiba,70,37,0,2026-09-04 21:05:09
2026-09-04 21:05:07,AAAS100,0401,Jason Nichols,30,0,0,2026-09-04 21:05:09
2026-09-04 21:05:07,AAAS100,0501,Jason Nichols,35,0,0,2026-09-04 21:05:09
2026-09-04 21:05:07,AAAS101,0101,Chinyere Osuji,40,0,0,2026-09-04 21:05:10
2026-09-04 21:05:07,AAAS187,0101,Robert Choflet,30,0,0,2026-09-04 21:05:10
2026-09-04 21:05:07,AAAS187,0201,Joseph Richardson,30,1,0,2026-09-04 21:05:10
2026-09-04 21:05:07,AAAS200,0101,George Kintiba,40,4,0,2026-09-04 21:05:10
2026-09-04 21:05:07,AAAS202,0101,Robert Choflet,35,5,0,2026-09-04 21:05:11
2026-09-04 21:05:07,AAAS202,0201,Robert Choflet,35,6,0,2026-09-04 21:05:11
2026-09-04 21:05:07,AAAS202,0301,Angelica Dunbar,35,2,0,2026-09-04 21:05:11
2026-09-04 21:05:07,AAAS202,0401,Ashley Everson,35,0,0,2026-09-04 21:05:11
2026-09-04 21:05:07,AAAS202,0501,Ashley Everson,20,1,0,2026-09-04 21:05:11
2026-09-04 21:05:07,AAAS210,0101,Angelica Dunbar,20,16,0,2026-09-04 21:05:12
2026-09-04 21:05:07,AAAS211,0101,Shane Walsh,30,0,0,2026-09-04 21:05:12
2026-09-04 21:05:07,AAAS230,0101,Ashley Newby,30,0,0,2026-09-04 21:05:13
2026-09-04 21:05:07,AAAS230,0201,Ashley Newby,30,0,0,2026-09-04 21:05:13
2026-09-04 21:05:07,AAAS234,0201,Mike Kolakoski,30,2,0,2026-09-04 21:05:13
2026-09-04 21:05:07,AAAS254,0101,Christopher Bonner,40,1,0,2026-09-04 21:05:14
2026-09-04 21:05:07,AAAS271,0101,Sydney Lewis,30,0,0,2026-09-04 21:05:14
2026-09-04 21:05:07,AAAS310,0101,George Kintiba,25,20,0,2026-09-04 21:05:14
2026-09-04 21:05:07,AAAS320,0101,Cecily Jackson,25,0,0,2026-09-04 21:05:15
2026-09-04 21:05:07,AAAS320,0201,Cecily Jackson,25,0,0,2026-09-04 21:05:15
2026-09-04 21:05:07,AAAS325,0101,Traci Dula,20,3,0,2026-09-04 21:05:15
2026-09-04 21:05:07,AAAS350,0101,John Drabinski,20,0,0,2026-09-04 21:05:16
2026-09-04 21:05:07,AAAS361,0101,Michelle Rowley,35,24,0,2026-09-04 21:05:16
2026-09-04 21:05:07,AAAS386,0101,Marshal Washington,10,10,0,2026-09-04 21:05:16
2026-09-04 21:05:07,AAAS397,0101,John Drabinski,2,2,0,2026-09-04 21:05:17
2026-09-04 21:05:07,AAAS397,0201,Angelica Dunbar,2,2,0,2026-09-04 21:05:17
2026-09-04 21:05:07,AAAS397,0301,Sharon Harley,2,2,0,2026-09-04 21:05:17
2026-09-04 21:05:07,AAAS397,0401,Cecily Jackson,2,2,0,2026-09-04 21:05:17
2026-09-04 21:05:07,AAAS397,0501,Sangeetha Madhavan,2,2,0,2026-09-04 21:05:17
2026-09-04 21:05:07,AAAS397,0601,Ashley Newby,1,1,0,2026-09-04 21:05:17
2026-09-04 21:05:07,AAAS397,0701,Chinyere Osuji,2,2,0,2026-09-04 21:05:17
2026-09-04 21:05:07,AAAS397,0801,Periloux Peay,2,2,0,2026-09-04 21:05:17
2026-09-04 21:05:07,AAAS397,0901,Joseph Richardson,2,2,0,2026-09-04 21:05:17
2026-09-04 21:05:07,AAAS398B,0101,Beka Guluma,20,12,0,2026-09-04 21:05:17
2026-09-04 21:05:07,AAAS398W,0101,Jason Nichols,25,10,0,2026-09-04 21:05:17
2026-09-04 21:05:07,AAAS399,0101,Robert Choflet,4,4,0,2026-09-04 21:05:17
2026-09-04 21:05:07,AAAS399,0201,John Drabinski,4,4,0,2026-09-04 21:05:17
2026-09-04 21:05:07,AAAS399,0301,Angelica Dunbar,4,3,0,2026-09-04 21:05:17
2026-09-04 21:05:07,AAAS399,0401,Sharon Harley,4,4,0,2026-09-04 21:05:17
2026-09-04 21:05:07,AAAS399,0501,Cecily Jackson,4,4,0,2026-09-04 21:05:17
2026-09-04 21:05:07,AAAS399,0601,Cecily Jackson,4,4,0,2026-09-04 21:05:17
2026-09-04 21:05:07,AAAS399,0701,Sharon Harley,4,4,0,2026-09-04 21:05:17
2026-09-04 21:05:07,AAAS399,0801,George Kintiba,4,4,0,2026-09-04 21:05:17
2026-09-04 21:05:07,AAAS399,0901,Jason Nichols,4,4,0,2026-09-04 21:05:17
2026-09-04 21:05:07,AAAS399,1001,Ashley Newby,4,3,0,2026-09-04 21:05:17
2026-09-04 21:05:07,AAAS399,1101,Jason Nichols,4,4,0,2026-09-04 21:05:17
2026-09-04 21:05:07,AAAS399,1201,Joseph Richardson,4,4,0,2026-09-04 21:05:17
2026-09-04 21:05:07,AAAS399,1301,Shane Walsh,4,4,0,2026-09-04 21:05:17
2026-09-04 21:05:07,AAAS399,1401,Joseph Richardson,4,4,0,2026-09-04 21:05:17
2026-09-04 21:05:07,AAAS399,1501,Shane Walsh,4,4,0,2026-09-04 21:05:17
2026-09-04 21:05:07,AAAS400,0101,Periloux Peay,25,22,0,2026-09-04 21:05:18
2026-09-04 21:05:07,AAAS415,0101,Periloux Peay,30,0,0,2026-09-04 21:05:19
2026-09-04 21:05:07,AAAS499N,0101,Anne Rosen,25,1,0,2026-09-04 21:05:19
2026-09-04 21:05:07,AAST200,0101,Jennifer Cho,30,0,0,2026-09-04 21:05:21
2026-09-04 21:05:07,AAST200,0102,Binod Paudyal,30,0,1,2026-09-04 21:05:21
2026-09-04 21:05:07,AAST322,0101,Julie Park,30,2,0,2026-09-04 21:05:21
2026-09-04 21:05:07,AAST351,0101,Binod Paudyal,35,0,1,2026-09-04 21:05:21
2026-09-04 21:05:07,AAST355,0101,Jennifer Cho,35,0,6,2026-09-04 21:05:22
2026-09-04 21:05:07,AAST378,0101,Janelle Wong,2,2,0,2026-09-04 21:05:22
2026-09-04 21:05:07,AAST394,0101,Wenxi Yang,30,4,0,2026-09-04 21:05:23
2026-09-04 21:05:07,AAST398I,0101,Michelle Magalong,24,1,0,2026-09-04 21:05:23
2026-09-04 21:05:07,AAST398W,0101,Chris Eng,25,14,0,2026-09-04 21:05:24
2026-09-04 21:05:07,AAST421,0101,Tuyet Duong,20,1,0,2026-09-04 21:05:24
2026-09-04 21:05:07,AAST422,0101,Jennifer Cho,25,4,0,2026-09-04 21:05:24
2026-09-04 21:05:07,AAST424,0101,Dawn Dow,29,10,0,2026-09-04 21:05:24
2026-09-04 21:05:07,AAST440,0101,Binod Paudyal,25,0,3,2026-09-04 21:05:25
2026-09-04 21:05:07,AAST443,0101,Janelle Wong,30,0,1,2026-09-04 21:05:25
2026-09-04 21:05:07,ABRM330,0101,Rashawn Ray,40,0,0,2026-09-04 21:05:27
2026-09-04 21:05:07,ARAB101,0101,Samah Al-salami,15,1,0,2026-09-04 21:06:07
2026-09-04 21:05:07,ARAB101,0201,Ahmed Hanafy,15,3,0,2026-09-04 21:06:07
2026-09-04 21:05:07,ARAB102,0101,Samah Al-salami,15,0,0,2026-09-04 21:06:07
2026-09-04 21:05:07,ARAB102,0201,Lutf Alkebsi,15,12,0,2026-09-04 21:06:07
2026-09-04 21:05:07,ARAB201,0101,Lutf Alkebsi,15,1,0,2026-09-04 21:06:07
2026-09-04 21:05:07,ARAB201,0201,Lutf Alkebsi,15,11,0,2026-09-04 21:06:07
2026-09-04 21:05:07,ARAB208L,0101,Samah Al-salami,15,4,0,2026-09-04 21:06:08
2026-09-04 21:05:07,ARAB225,0101,Ahmed Hanafy,15,1,0,2026-09-04 21:06:08
2026-09-04 21:05:07,ARAB301,0101,Ahmed Hanafy,15,6,0,2026-09-04 21:06:09
2026-09-04 21:05:07,ARAB321,0101,Ahmed Hanafy,15,9,0,2026-09-04 21:06:09
2026-09-04 21:05:07,ARAB322,0101,Samah Al-salami,15,9,0,2026-09-04 21:06:09
2026-09-04 21:05:07,ARAB398A,0101,Lutf Alkebsi,15,5,0,2026-09-04 21:06:10
2026-09-04 21:05:07,ARAB499E,0101,Brendan Kibbee,20,0,0,2026-09-04 21:06:10
2026-09-04 21:05:07,ARMY106,0101,Thomas Battinieri,31,26,0,2026-09-04 21:06:41
2026-09-04 21:05:07,ARMY106,0102,Thomas Battinieri,40,30,0,2026-09-04 21:06:41
2026-09-04 21:05:07,ARMY106,FC01,Andrew Bischoff,15,11,0,2026-09-04 21:06:41
2026-09-04 21:05:07,ARMY106,FC02,Thomas Battinieri,9,8,0,2026-09-04 21:06:41
2026-09-04 21:05:07,ARMY110,0101,Andrew Bischoff,15,15,0,2026-09-04 21:06:41
2026-09-04 21:05:07,ARMY201,0102,Thomas Battinieri,35,14,0,2026-09-04 21:06:41
2026-09-04 21:05:07,ARMY301,0101,Joshua Guiod,40,20,0,2026-09-04 21:06:42
2026-09-04 21:05:07,ARMY401,0102,Andrew Bischoff,50,13,0,2026-09-04 21:06:42
2026-09-04 21:05:07,ARSC059,0101,Kathleen West,220,65,0,2026-09-04 21:06:43
2026-09-04 21:05:07,ARSC059,FC01,Jens Lyndrup,10,4,0,2026-09-04 21:06:43
2026-09-04 21:05:07,ARSC100,0101,Jens Lyndrup,50,34,0,2026-09-04 21:06:44
2026-09-04 21:05:07,ARSC100,0102,Jens Lyndrup,75,21,0,2026-09-04 21:06:44
2026-09-04 21:05:07,ARSC100,0103,Jens Lyndrup,40,32,0,2026-09-04 21:06:44
2026-09-04 21:05:07,ARSC100,FC01,Jens Lyndrup,5,2,0,2026-09-04 21:06:44
2026-09-04 21:05:07,ARSC100,FC02,Jens Lyndrup,10,6,0,2026-09-04 21:06:44
2026-09-04 21:05:07,ARSC200,0101,Alan Snyder,50,15,0,2026-09-04 21:06:44
2026-09-04 21:05:07,ARSC200,0102,Alan Snyder,35,22,0,2026-09-04 21:06:44
2026-09-04 21:05:07,ARSC200,0103,Alan Snyder,40,32,0,2026-09-04 21:06:44
2026-09-04 21:05:07,ARSC300,0101,Kathleen West,30,5,0,2026-09-04 21:06:44
2026-09-04 21:05:07,ARSC300,0102,Kathleen West,20,13,0,2026-09-04 21:06:44
2026-09-04 21:05:07,ARSC400,0101,Walter Mitchell,30,16,0,2026-09-04 21:06:44
2026-09-04 21:05:07,ARSC400,0102,Walter Mitchell,20,18,0,2026-09-04 21:06:44
2026-09-04 21:05:07,ARSC400,0201,Walter Mitchell,10,10,0,2026-09-04 21:06:44
2026-09-04 21:05:07,BMIN210,0101,Darlene Dennison,180,3,0,2026-09-04 21:07:44
2026-09-04 21:05:07,BMIN210,0201,Darlene Dennison,180,86,0,2026-09-04 21:07:44
2026-09-04 21:05:07,BMIN305,0101,Tejwansh Anand,180,22,0,2026-09-04 21:07:44
2026-09-04 21:05:07,BMIN345,0101,Michael Padhi,275,33,0,2026-09-04 21:07:45
2026-09-04 21:05:07,BMIN355,0101,Idil Yaveroglu,180,2,0,2026-09-04 21:07:45
2026-09-04 21:05:07,BMIN355,0201,Idil Yaveroglu,180,27,0,2026-09-04 21:07:45
2026-09-04 21:05:07,BMIN375,0101,Leland Gardner,185,0,1,2026-09-04 21:07:45
2026-09-04 21:05:07,BMIN395,0101,Nima Farshchi,200,1,0,2026-09-04 21:07:45
2026-09-04 21:05:07,BMIN395,0201,Nima Farshchi,200,108,0,2026-09-04 21:07:45
2026-09-04 21:05:07,BOIS602,WI01,Woei-jyh Lee,40,6,0,2026-09-04 21:07:48
2026-09-04 21:05:07,BOIS604,WI01,Manmohan Aseri,40,4,0,2026-09-04 21:07:49
2026-09-04 21:05:07,BOIS631,WI01,Sujin Kim,40,7,0,2026-09-04 21:07:49
2026-09-04 21:05:07,BSOS355,0101,Liza Lebrun,30,30,0,2026-09-04 21:07:59
2026-09-04 21:05:07,BSOS361,0101,TC Lloyd,30,2,0,2026-09-04 21:07:59
2026-09-04 21:05:07,BSOS361,0103,Keia Brown,30,2,0,2026-09-04 21:07:59
2026-09-04 21:05:07,BSOS361,0104,David Tana,30,1,0,2026-09-04 21:07:59
2026-09-04 21:05:07,BSOS361,0105,TC Lloyd,30,1,0,2026-09-04 21:07:59
2026-09-04 21:05:07,BSOS388C,0101,Nikita Kimani,20,0,0,2026-09-04 21:07:59
2026-09-04 21:05:07,BSOS388C,0201,Nikita Kimani,20,3,0,2026-09-04 21:07:59
2026-09-04 21:05:07,BSOS388E,0101,Liza Lebrun,30,30,0,2026-09-04 21:08:00
2026-09-04 21:05:07,BUSO600,SO11,Neta Moye,42,4,0,2026-09-04 21:08:17
2026-09-04 21:05:07,BUSO600,SO12,Neta Moye,42,7,0,2026-09-04 21:08:17
2026-09-04 21:05:07,BUSO603,SO11,Ilya Ryzhov,42,4,0,2026-09-04 21:08:17
2026-09-04 21:05:07,BUSO603,SO12,Ilya Ryzhov,42,4,0,2026-09-04 21:08:17
2026-09-04 21:05:07,BUSO604,SO11,Bennet Zelner,42,5,0,2026-09-04 21:08:17
2026-09-04 21:05:07,BUSO604,SO12,Bennet Zelner,42,5,0,2026-09-04 21:08:17
2026-09-04 21:05:07,BUSO612,SO11,Henry Boyd,42,4,0,2026-09-04 21:08:18
2026-09-04 21:05:07,BUSO612,SO12,Henry Boyd,42,2,0,2026-09-04 21:08:18
2026-09-04 21:05:07,BUSO616,SO31,Brent Solomon,38,2,0,2026-09-04 21:08:18
2026-09-04 21:05:07,BUSO616,SO32,Brent Solomon,38,0,0,2026-09-04 21:08:18
2026-09-04 21:05:07,BUSO624,SO31,Yi Xu,38,3,0,2026-09-04 21:08:18
2026-09-04 21:05:07,BUSO624,SO32,Yi Xu,38,0,0,2026-09-04 21:08:18
2026-09-04 21:05:07,BUSO700,SO91,Paulo Prochno,0,0,0,2026-09-04 21:08:18
2026-09-04 21:05:07,BUSO711,SO31,Gosia Langa Basit,28,1,0,2026-09-04 21:08:19
2026-09-04 21:05:07,BUSO711,SO32,Gosia Langa Basit,28,3,0,2026-09-04 21:08:19
2026-09-04 21:05:07,BUSO711,SO33,Gosia Langa Basit,28,3,0,2026-09-04 21:08:19
2026-09-04 21:05:07,BUSO731,SO51,Tejwansh Anand,49,0,0,2026-09-04 21:08:19
2026-09-04 21:05:07,BUSO752,SO51,Leland Gardner,35,13,0,2026-09-04 21:08:19
2026-09-04 21:05:07,BUSO758G,SO51,James Seward,35,13,0,2026-09-04 21:08:19
2026-09-04 21:05:07,BUSO758M,SO51,Paulo Prochno,49,2,0,2026-09-04 21:08:20
2026-09-04 21:05:07,BUSO758M,SO52,Paulo Prochno,49,2,0,2026-09-04 21:08:20
2026-09-04 21:05:07,BUSO758T,SO51,Michael Cichello,35,18,0,2026-09-04 21:08:20
2026-09-04 21:05:07,BUSO758W,SO51,Yogesh Joshi,33,1,0,2026-09-04 21:08:20
2026-09-04 21:05:07,BUSO758W,SO52,Yogesh Joshi,33,3,0,2026-09-04 21:08:20
2026-09-04 21:05:07,BUSO758X,SO51,Pallassana Kannan,49,3,0,2026-09-04 21:08:21
2026-09-04 21:05:07,BUSO788F,GX01,Judy Frels,25,5,0,2026-09-04 21:08:21
2026-09-04 21:05:07,BUSO788W,GX01,Zhi-Long Chen,30,5,0,2026-09-04 21:08:21
2026-09-04 21:05:07,CHSE200,0101,Betsy Tornquist,10,1,0,2026-09-04 21:08:48
2026-09-04 21:05:07,CHSE205,0101,Yewon Lee,60,0,7,2026-09-04 21:08:48
2026-09-04 21:05:07,CHSE205,0201,Yewon Lee,60,0,1,2026-09-04 21:08:48
2026-09-04 21:05:07,CHSE228C,0101,Nikita Kimani,20,0,0,2026-09-04 21:08:49
2026-09-04 21:05:07,CHSE228C,0201,Nikita Kimani,20,3,0,2026-09-04 21:08:49
2026-09-04 21:05:07,CHSE228C,0301,Nikita Kimani,20,0,0,2026-09-04 21:08:49
2026-09-04 21:05:07,CHSE230,0101,Isabelle Grable,25,16,0,2026-09-04 21:08:49
2026-09-04 21:05:07,CHSE376,0101,Michael Dunham,22,0,6,2026-09-04 21:08:49
2026-09-04 21:05:07,CHSE376,0201,Colleen McGilpin,20,0,9,2026-09-04 21:08:49
2026-09-04 21:05:07,CHSE376,0301,Elizabeth Martinez,20,0,3,2026-09-04 21:08:49
2026-09-04 21:05:07,CHSE376,0401,Chanai Brewster,20,0,4,2026-09-04 21:08:49
2026-09-04 21:05:07,CHSE476,0101,Michael Dunham,20,6,0,2026-09-04 21:08:50
2026-09-04 21:05:07,CHSE477,0101,Michael Dunham,15,4,0,2026-09-04 21:08:50
2026-09-04 21:05:07,CHSE489,1901,Amy D'Agati,15,10,0,2026-09-04 21:08:50
2026-09-04 21:05:07,CHSE498,2401,Meredith Gramlich,10,1,0,2026-09-04 21:08:50
2026-09-04 21:05:07,CHSE498,3701,Michael Dunham,2,1,0,2026-09-04 21:08:50
2026-09-04 21:05:07,CINE245,0101,Eric Zakim,22,0,2,2026-09-04 21:08:52
2026-09-04 21:05:07,CINE245,0102,Eric Zakim,22,0,1,2026-09-04 21:08:52
2026-09-04 21:05:07,CINE245,0103,Eric Zakim,22,0,4,2026-09-04 21:08:52
2026-09-04 21:05:07,CINE245,0104,Eric Zakim,22,0,1,2026-09-04 21:08:52
2026-09-04 21:05:07,CINE280,0101,Porter Olsen,30,0,0,2026-09-04 21:08:52
2026-09-04 21:05:07,CINE280,0201,John Tobin,30,0,1,2026-09-04 21:08:52
2026-09-04 21:05:07,CINE298A,0101,Caroline Eades,20,0,0,2026-09-04 21:08:53
2026-09-04 21:05:07,CINE301,0101,Eric Zakim,30,0,0,2026-09-04 21:08:53
2026-09-04 21:05:07,CINE310,0101,Nathaniel Stevens,15,0,0,2026-09-04 21:08:53
2026-09-04 21:05:07,CINE315,0101,Yael Inbar,15,0,1,2026-09-04 21:08:54
2026-09-04 21:05:07,CINE319G,0101,Oliver Gaycken,25,15,0,2026-09-04 21:08:54
2026-09-04 21:05:07,CINE319P,5501,Samuel Crawford,11,0,1,2026-09-04 21:08:54
2026-09-04 21:05:07,CINE319Z,0101,Paul Cote,25,7,0,2026-09-04 21:08:54
2026-09-04 21:05:07,CINE329T,0101,Daniel Richter,25,0,14,2026-09-04 21:08:55
2026-09-04 21:05:07,CINE332,0101,Parker Brookie,25,0,0,2026-09-04 21:08:55
2026-09-04 21:05:07,CINE334,0101,Elizabeth Papazian,25,0,0,2026-09-04 21:08:55
2026-09-04 21:05:07,CINE337,0101,Jason Kuo,25,0,1,2026-09-04 21:08:55
2026-09-04 21:05:07,CINE342,0101,Luka Arsenjuk,20,0,3,2026-09-04 21:08:56
2026-09-04 21:05:07,CINE350,0101,John Drabinski,20,0,0,2026-09-04 21:08:56
2026-09-04 21:05:07,CINE359C,0101,Daniel Richter,25,0,6,2026-09-04 21:08:56
2026-09-04 21:05:07,CINE369B,0101,Eva Hageman,30,1,0,2026-09-04 21:08:57
2026-09-04 21:05:07,CINE369K,0101,Paul Cote,20,0,0,2026-09-04 21:08:57
2026-09-04 21:05:07,CINE376,0101,Ross Angelella,15,3,0,2026-09-04 21:08:57
2026-09-04 21:05:07,CINE376,0102,Ross Angelella,5,2,0,2026-09-04 21:08:57
2026-09-04 21:05:07,CINE415,0101,Mathew Bainbridge,15,0,0,2026-09-04 21:08:58
2026-09-04 21:05:07,CINE419P,0101,Oliver Gaycken,20,14,0,2026-09-04 21:08:58
2026-09-04 21:05:07,CINE459P,0101,Luka Arsenjuk,20,0,2,2026-09-04 21:08:58
2026-09-04 21:05:07,CLAS170,0101,Chiara Graf,21,4,0,2026-09-04 21:09:00
2026-09-04 21:05:07,CLAS170,0102,Chiara Graf,21,0,0,2026-09-04 21:09:00
2026-09-04 21:05:07,CLAS170,0103,Chiara Graf,21,1,0,2026-09-04 21:09:00
2026-09-04 21:05:07,CLAS170,0104,Chiara Graf,21,0,0,2026-09-04 21:09:00
2026-09-04 21:05:07,CLAS170,0105,Chiara Graf,21,0,0,2026-09-04 21:09:00
2026-09-04 21:05:07,CLAS170,0106,Chiara Graf,21,0,1,2026-09-04 21:09:00
2026-09-04 21:05:07,CLAS170,0107,Chiara Graf,21,0,1,2026-09-04 21:09:00
2026-09-04 21:05:07,CLAS170,0108,Chiara Graf,21,0,0,2026-09-04 21:09:00
2026-09-04 21:05:07,CLAS170,0109,Chiara Graf,22,0,0,2026-09-04 21:09:00
2026-09-04 21:05:07,CLAS170,FC01,Chelsea Stolt,28,4,0,2026-09-04 21:09:00
2026-09-04 21:05:07,CLAS170,FC02,Chelsea Stolt,28,0,0,2026-09-04 21:09:00
2026-09-04 21:05:07,CLAS170,FC03,Eugenia Lao,28,9,0,2026-09-04 21:09:00
2026-09-04 21:05:07,CLAS170,FC05,Charis Addai,28,5,0,2026-09-04 21:09:00
2026-09-04 21:05:07,CLAS277,0101,Chiara Graf,25,0,0,2026-09-04 21:09:00
2026-09-04 21:05:07,CLAS277,0102,Chiara Graf,25,2,0,2026-09-04 21:09:00
2026-09-04 21:05:07,CLAS277,0103,Chiara Graf,25,4,0,2026-09-04 21:09:00
2026-09-04 21:05:07,CLAS277,0104,Chiara Graf,25,3,0,2026-09-04 21:09:00
2026-09-04 21:05:07,CLAS277,0105,Chiara Graf,25,1,0,2026-09-04 21:09:00
2026-09-04 21:05:07,CLAS277,0106,Chiara Graf,25,2,0,2026-09-04 21:09:00
2026-09-04 21:05:07,CLAS305,0101,Jorge Bravo,35,4,0,2026-09-04 21:09:01
2026-09-04 21:05:07,CLAS309N,0101,Nathan Levine,35,25,0,2026-09-04 21:09:01
2026-09-04 21:05:07,CLAS310,0101,Rachel Singpurwalla,20,1,0,2026-09-04 21:09:01
2026-09-04 21:05:07,CLAS310,0102,Rachel Singpurwalla,20,0,2,2026-09-04 21:09:01
2026-09-04 21:05:07,CLAS310,0103,Rachel Singpurwalla,20,0,1,2026-09-04 21:09:01
2026-09-04 21:05:07,CLAS312,0101,Polyvia Parara,35,6,0,2026-09-04 21:09:02
2026-09-04 21:05:07,CMLT235,0101,Brielle Gorrell,30,2,0,2026-09-04 21:09:06
2026-09-04 21:05:07,CMLT270,0101,Hannah (Toyin) Adeyemi,30,0,0,2026-09-04 21:09:06
2026-09-04 21:05:07,CMLT270,0201,Shakiba Sharifpour,30,1,0,2026-09-04 21:09:06
2026-09-04 21:05:07,CMLT275,0201,Abhinav Bhardwaj,30,0,2,2026-09-04 21:09:07
2026-09-04 21:05:07,CMLT277,0101,Nahid Ahmadian,30,0,1,2026-09-04 21:09:07
2026-09-04 21:05:07,CMLT280,0101,Porter Olsen,30,0,0,2026-09-04 21:09:07
2026-09-04 21:05:07,CMLT280,0201,John Tobin,30,0,1,2026-09-04 21:09:07
2026-09-04 21:05:07,CPBE100,0101,Oliver Schlake,95,25,0,2026-09-04 21:09:43
2026-09-04 21:05:07,CPBE200,0101,Oliver Schlake,75,33,0,2026-09-04 21:09:43
2026-09-04 21:05:07,CPBE225,0101,Ira Koretsky,38,13,0,2026-09-04 21:09:43
2026-09-04 21:05:07,CPBE225,0102,Ira Koretsky,38,23,0,2026-09-04 21:09:43
2026-09-04 21:05:07,CPCV100,0101,Julie Randolph,40,1,0,2026-09-04 21:09:45
2026-09-04 21:05:07,CPCV100,0201,Julie Randolph,40,8,0,2026-09-04 21:09:45
2026-09-04 21:05:07,CPCV200,0101,Julie Randolph,35,0,0,2026-09-04 21:09:45
2026-09-04 21:05:07,CPCV200,0201,Julie Randolph,35,16,0,2026-09-04 21:09:45
2026-09-04 21:05:07,CPCV225,0101,Korey Rothman,75,4,0,2026-09-04 21:09:45
2026-09-04 21:05:07,CPDJ100,0101,Jess Feltner,75,1,0,2026-09-04 21:09:47
2026-09-04 21:05:07,CPDJ200,0101,Andrew Fellows,75,36,0,2026-09-04 21:09:47
2026-09-04 21:05:07,CPET100,0101,Tim Knight,75,2,0,2026-09-04 21:09:48
2026-09-04 21:05:07,CPET200,0101,Tim Knight,75,7,0,2026-09-04 21:09:49
2026-09-04 21:05:07,CPGH100,0101,John Wiggins,85,7,0,2026-09-04 21:09:50
2026-09-04 21:05:07,CPGH200,0101,John Wiggins,75,17,0,2026-09-04 21:09:50
2026-09-04 21:05:07,CPJT100,0101,Justine DeCamillis,75,6,0,2026-09-04 21:09:52
2026-09-04 21:05:07,CPJT200,0101,Justine DeCamillis,75,20,0,2026-09-04 21:09:52
2026-09-04 21:05:07,CPMS100,0101,Carole Lee,75,0,0,2026-09-04 21:09:54
2026-09-04 21:05:07,CPMS200,0101,Alison Burns,75,11,0,2026-09-04 21:09:54
2026-09-04 21:05:07,CPMS225,0101,Alison Burns,75,0,0,2026-09-04 21:09:54
2026-09-04 21:05:07,CPMS230,0101,Alison Burns,30,12,0,2026-09-04 21:09:55
2026-09-04 21:05:07,CPMS240,0101,Carole Lee,20,18,0,2026-09-04 21:09:55
2026-09-04 21:05:07,CPPL100,0101,Kelly Brower,78,2,0,2026-09-04 21:09:56
2026-09-04 21:05:07,CPPL200,0101,Kelly Brower,75,16,0,2026-09-04 21:09:57
2026-09-04 21:05:07,CPSA100,0101,Andrea Cesar,75,11,0,2026-09-04 21:09:58
2026-09-04 21:05:07,CPSA200,0101,Andrea Cesar,75,33,0,2026-09-04 21:09:58
2026-09-04 21:05:07,CPSF100,0101,Nicholas Fletcher,85,1,0,2026-09-04 21:10:00
2026-09-04 21:05:07,CPSF200,0101,Nicholas Fletcher,75,5,0,2026-09-04 21:10:00
2026-09-04 21:05:07,CPSG100,0101,Thomas Holtz,85,7,0,2026-09-04 21:10:02
2026-09-04 21:05:07,CPSG200,0101,Thomas Holtz,75,28,0,2026-09-04 21:10:02
2026-09-04 21:05:07,CPSN100,0101,Hansol Kwak,85,5,0,2026-09-04 21:10:04
2026-09-04 21:05:07,CPSN200,0101,Stacy Kosko,75,41,0,2026-09-04 21:10:04
2026-09-04 21:05:07,CPSN230,0101,Sarah Kilmer,20,18,0,2026-09-04 21:10:04
2026-09-04 21:05:07,CPSN240,0101,Sarah Kilmer,10,7,0,2026-09-04 21:10:05
2026-09-04 21:05:07,CPSN250,0101,Sarah Kilmer,5,5,0,2026-09-04 21:10:05
2026-09-04 21:05:07,CPSP110,0101,Markell Saunders,18,10,0,2026-09-04 21:10:07
2026-09-04 21:05:07,CPSP110,0201,Patrice Greene,18,14,0,2026-09-04 21:10:07
2026-09-04 21:05:07,CPSP220,0101,Tiara Thomas,20,1,0,2026-09-04 21:10:07
2026-09-04 21:05:07,CPSP239A,0101,Heather-Erin Bremenstuhl,10,6,0,2026-09-04 21:10:07
2026-09-04 21:05:07,CPSP269C,0101,Korey Rothman,5,5,0,2026-09-04 21:10:07
2026-09-04 21:05:07,CPSP339P,0101,Susannah Washburn,10,7,0,2026-09-04 21:10:08
2026-09-04 21:05:07,CPSS100,0101,David Tomblin,85,6,0,2026-09-04 21:10:09
2026-09-04 21:05:07,CPSS220,0101,Nicole Mogul,20,2,0,2026-09-04 21:10:09
2026-09-04 21:05:07,CPSS225,0101,Roan Parrish,20,14,0,2026-09-04 21:10:10
2026-09-04 21:05:07,CPSS340,0101,David Tomblin,20,4,0,2026-09-04 21:10:10
2026-09-04 21:05:07,CRLN101,0103,Myles Alexander,25,1,0,2026-09-04 21:10:11
2026-09-04 21:05:07,CRLN101,0104,Tami Smith,26,0,0,2026-09-04 21:10:11
2026-09-04 21:05:07,CRLN101,0105,Denis Garcia Reyes,25,0,0,2026-09-04 21:10:11
2026-09-04 21:05:07,CRLN101,0106,Mitch Woolley,25,4,0,2026-09-04 21:10:11
2026-09-04 21:05:07,CRLN101,0107,Esohe Owie,25,0,0,2026-09-04 21:10:11
2026-09-04 21:05:07,DATA100,0111,Matthew Griffin,33,3,0,2026-09-04 21:10:20
2026-09-04 21:05:07,DATA100,0112,Matthew Griffin,35,2,0,2026-09-04 21:10:20
2026-09-04 21:05:07,DATA100,0121,Matthew Griffin,35,1,0,2026-09-04 21:10:20
2026-09-04 21:05:07,DATA100,0122,Matthew Griffin,33,0,0,2026-09-04 21:10:20
2026-09-04 21:05:07,DATA100,0123,Matthew Griffin,33,0,0,2026-09-04 21:10:20
2026-09-04 21:05:07,DATA100,0124,Matthew Griffin,33,3,0,2026-09-04 21:10:20
2026-09-04 21:05:07,DATA100,0131,Matthew Griffin,33,0,0,2026-09-04 21:10:20
2026-09-04 21:05:07,DATA100,0141,Matthew Griffin,35,0,0,2026-09-04 21:10:20
2026-09-04 21:05:07,DATA100,0142,Matthew Griffin,33,0,0,2026-09-04 21:10:20
2026-09-04 21:05:07,DATA100,0211,Matthew Griffin,33,1,0,2026-09-04 21:10:20
2026-09-04 21:05:07,DATA100,0212,Matthew Griffin,35,0,0,2026-09-04 21:10:20
2026-09-04 21:05:07,DATA100,0221,Matthew Griffin,30,0,0,2026-09-04 21:10:20
2026-09-04 21:05:07,DATA100,0223,Matthew Griffin,32,0,0,2026-09-04 21:10:20
2026-09-04 21:05:07,DATA100,0224,Matthew Griffin,30,0,0,2026-09-04 21:10:20
2026-09-04 21:05:07,DATA100,0231,Matthew Griffin,33,1,0,2026-09-04 21:10:20
2026-09-04 21:05:07,DATA100,0311,Archana Khurana,35,7,0,2026-09-04 21:10:20
2026-09-04 21:05:07,DATA100,0312,Archana Khurana,35,1,0,2026-09-04 21:10:20
2026-09-04 21:05:07,DATA100,0321,Archana Khurana,35,2,0,2026-09-04 21:10:20
2026-09-04 21:05:07,DATA100,0322,Archana Khurana,35,0,0,2026-09-04 21:10:20
2026-09-04 21:05:07,DATA100,0323,Archana Khurana,35,2,0,2026-09-04 21:10:20
2026-09-04 21:05:07,DATA100,0341,Archana Khurana,35,8,0,2026-09-04 21:10:20
2026-09-04 21:05:07,DATA110,0101,Susan Mazzullo,250,20,0,2026-09-04 21:10:20
2026-09-04 21:05:07,DATA120,0101,Fardina Alam,200,0,0,2026-09-04 21:10:21
2026-09-04 21:05:07,DATA200,0101,Fardina Alam,90,32,0,2026-09-04 21:10:21
2026-09-04 21:05:07,DATA250,0101,Todd Rowland,43,7,0,2026-09-04 21:10:21
2026-09-04 21:05:07,DATA320,0101,Maksym Morawski,15,10,0,2026-09-04 21:10:22
2026-09-04 21:05:07,DATA320,0201,Maksym Morawski,20,7,0,2026-09-04 21:10:22
2026-09-04 21:05:07,DATA320,0301,Fardina Alam,20,0,0,2026-09-04 21:10:22
2026-09-04 21:05:07,DATA350,0101,Raluca Rosca,30,10,0,2026-09-04 21:10:22
2026-09-04 21:05:07,DATA350,0201,Jonathan Fernandes,34,2,0,2026-09-04 21:10:22
2026-09-04 21:05:07,DATA400,0111,Salman Safdar,27,1,0,2026-09-04 21:10:22
2026-09-04 21:05:07,DATA400,0112,Salman Safdar,30,2,0,2026-09-04 21:10:22
2026-09-04 21:05:07,DATA400,0121,Salman Safdar,27,1,0,2026-09-04 21:10:22
2026-09-04 21:05:07,DATA400,0122,Salman Safdar,27,4,0,2026-09-04 21:10:22
2026-09-04 21:05:07,DATA400,0131,Salman Safdar,27,1,0,2026-09-04 21:10:22
2026-09-04 21:05:07,DATA400,0132,Salman Safdar,27,8,0,2026-09-04 21:10:22
2026-09-04 21:05:07,DATA400,0211,Timothy Pilachowski,30,3,0,2026-09-04 21:10:22
2026-09-04 21:05:07,DATA400,0212,Timothy Pilachowski,30,4,0,2026-09-04 21:10:22
2026-09-04 21:05:07,DATA400,0221,Timothy Pilachowski,30,2,0,2026-09-04 21:10:22
2026-09-04 21:05:07,DATA400,0222,Timothy Pilachowski,30,1,0,2026-09-04 21:10:22
2026-09-04 21:05:07,DATA400,0231,Timothy Pilachowski,30,1,0,2026-09-04 21:10:22
2026-09-04 21:05:07,DATA400,0232,Timothy Pilachowski,30,0,0,2026-09-04 21:10:22
2026-09-04 21:05:07,DATA400,0311,Mestiyage Gunatilleka,32,0,0,2026-09-04 21:10:22
2026-09-04 21:05:07,DATA400,0312,Mestiyage Gunatilleka,30,0,0,2026-09-04 21:10:22
2026-09-04 21:05:07,DATA400,0321,Mestiyage Gunatilleka,32,0,1,2026-09-04 21:10:22
2026-09-04 21:05:07,DATA400,0322,Mestiyage Gunatilleka,30,0,0,2026-09-04 21:10:22
2026-09-04 21:05:07,DATA400,0331,Mestiyage Gunatilleka,32,0,0,2026-09-04 21:10:22
2026-09-04 21:05:07,DATA400,0332,Mestiyage Gunatilleka,30,0,0,2026-09-04 21:10:22
2026-09-04 21:05:07,DATA400,0511,Shixin Zheng,35,0,1,2026-09-04 21:10:22
2026-09-04 21:05:07,DATA400,0521,Shixin Zheng,35,0,0,2026-09-04 21:10:22
2026-09-04 21:05:07,DATA400,0531,Shixin Zheng,35,0,2,2026-09-04 21:10:22
2026-09-04 21:05:07,DATA601,PCS1,Sandra Cerrai,50,5,0,2026-09-04 21:10:23
2026-09-04 21:05:07,DATA601,PCS2,Jonathan Fernandes,60,20,0,2026-09-04 21:10:23
2026-09-04 21:05:07,DATA601,PWS1,Leonid Koralov,60,2,0,2026-09-04 21:10:23
2026-09-04 21:05:07,DATA602,PCS1,Sujeong Kim,44,4,0,2026-09-04 21:10:23
2026-09-04 21:05:07,DATA602,PCS2,Sujeong Kim,44,8,0,2026-09-04 21:10:23
2026-09-04 21:05:07,DATA602,PWS1,Fardina Alam,44,2,0,2026-09-04 21:10:23
2026-09-04 21:05:07,DATA603,PCS1,Babak Azimi-Sadjadi,55,12,0,2026-09-04 21:10:23
2026-09-04 21:05:07,DATA603,PWS1,Kemal Davaslioglu,55,17,0,2026-09-04 21:10:23
2026-09-04 21:05:07,DATA605,PCS1,Tammy Perrin,44,29,0,2026-09-04 21:10:23
2026-09-04 21:05:07,DATA605,PCS2,Tammy Perrin,44,20,0,2026-09-04 21:10:23
2026-09-04 21:05:07,DATA605,PWS1,Giacinto Paolo Saggese,44,35,0,2026-09-04 21:10:23
2026-09-04 21:05:07,DATA607,PCS1,Mestiyage Gunatilleka,44,27,0,2026-09-04 21:10:24
2026-09-04 21:05:07,DATA607,PCS2,Kendall Williams,55,1,0,2026-09-04 21:10:24
2026-09-04 21:05:07,DATA607,PCS3,Vincent Lyzinski,44,3,0,2026-09-04 21:10:24
2026-09-04 21:05:07,DATA612,PCS1,Samet Ayhan,50,19,0,2026-09-04 21:10:24
2026-09-04 21:05:07,DATA612,PWS1,Samet Ayhan,44,16,0,2026-09-04 21:10:24
2026-09-04 21:05:07,DATA641,PCS1,Toki Inan,50,15,0,2026-09-04 21:10:24
2026-09-04 21:05:07,DATA641,PWS1,Armin Mehrabian,50,0,0,2026-09-04 21:10:24
2026-09-04 21:05:07,DATA643,PCS1,Charles Forgy,50,28,0,2026-09-04 21:10:24
2026-09-04 21:05:07,DATA650,PCS1,Emre Gunduzhan,54,5,0,2026-09-04 21:10:25
2026-09-04 21:05:07,DATA650,PCS2,Emre Gunduzhan,54,7,0,2026-09-04 21:10:25
2026-09-04 21:05:07,ENAI600,0101,C Ravishankar,35,21,0,2026-09-04 21:10:53
2026-09-04 21:05:07,ENAI600,AEC1,C Ravishankar,20,4,0,2026-09-04 21:10:53
2026-09-04 21:05:07,ENAI601,0101,Richard La,35,23,0,2026-09-04 21:10:53
2026-09-04 21:05:07,ENAI601,AEC1,Richard La,20,6,0,2026-09-04 21:10:53
2026-09-04 21:05:07,ENAI607,0101,Zoltan Safar,29,24,0,2026-09-04 21:10:54
2026-09-04 21:05:07,ENAI607,AEC1,Zoltan Safar,20,9,0,2026-09-04 21:10:54
2026-09-04 21:05:07,ENBC301,ESG1,Sivan Saravanapavan,20,9,0,2026-09-04 21:10:55
2026-09-04 21:05:07,ENBC311,ESG1,Bahaa Ghammraoui,20,11,0,2026-09-04 21:10:55
2026-09-04 21:05:07,ENBC322,ESG1,Kyunghun Lee,20,11,0,2026-09-04 21:10:56
2026-09-04 21:05:07,ENBC331,ESG1,Lan Ma,20,10,0,2026-09-04 21:10:56
2026-09-04 21:05:07,ENBC332,ESG1,Jamasp Azarnoosh,20,11,0,2026-09-04 21:10:56
2026-09-04 21:05:07,ENBC341,ESG1,Jarred Callura,20,12,0,2026-09-04 21:10:56
2026-09-04 21:05:07,ENBC353,ESG1,Jarred Callura,20,15,0,2026-09-04 21:10:57
2026-09-04 21:05:07,ENBC399,ESG1,Nan Xu,1,1,0,2026-09-04 21:10:57
2026-09-04 21:05:07,ENBC399,ESG2,Lan Ma,1,0,0,2026-09-04 21:10:57
2026-09-04 21:05:07,ENBC399,ESG3,Jamasp Azarnoosh,1,0,0,2026-09-04 21:10:57
2026-09-04 21:05:07,ENBC399,ESG4,Lan Ma,1,0,0,2026-09-04 21:10:57
2026-09-04 21:05:07,ENBC399,ESG5,Jamasp Azarnoosh,1,0,0,2026-09-04 21:10:57
2026-09-04 21:05:07,ENBC399,ESG6,Jamasp Azarnoosh,1,0,0,2026-09-04 21:10:57
2026-09-04 21:05:07,ENBC399,ESG7,Jamasp Azarnoosh,1,1,0,2026-09-04 21:10:57
2026-09-04 21:05:07,ENBC423,ESG1,Jian Su,20,13,0,2026-09-04 21:10:57
2026-09-04 21:05:07,ENBC425,ESG1,Jamasp Azarnoosh,20,13,0,2026-09-04 21:10:58
2026-09-04 21:05:07,ENBC431,ESG1,Lan Ma,20,13,0,2026-09-04 21:10:58
2026-09-04 21:05:07,ENEB302,ESG1,Wesley Lawson,20,5,0,2026-09-04 21:11:10
2026-09-04 21:05:07,ENEB340,ESG1,Nestor Michael Tiglao,20,5,0,2026-09-04 21:11:10
2026-09-04 21:05:07,ENEB341,ESG1,Nestor Michael Tiglao,20,5,0,2026-09-04 21:11:10
2026-09-04 21:05:07,ENEB344,ESG1,Jerry Wu,20,5,0,2026-09-04 21:11:10
2026-09-04 21:05:07,ENEB346,ESG1,Nestor Michael Tiglao,20,13,0,2026-09-04 21:11:11
2026-09-04 21:05:07,ENEB354,ESG1,Yavuz Oruc,20,5,0,2026-09-04 21:11:11
2026-09-04 21:05:07,ENEB408A,ESG1,Nestor Michael Tiglao,20,13,0,2026-09-04 21:11:11
2026-09-04 21:05:07,ENEB444,ESG1,Manoj Franklin,20,13,0,2026-09-04 21:11:12
2026-09-04 21:05:07,ENEB454,ESG1,Jerry Wu,20,13,0,2026-09-04 21:11:12
2026-09-04 21:05:07,ENED036,0101,Hillary Owusu,20,8,0,2026-09-04 21:11:13
2026-09-04 21:05:07,ENED101,0101,Shannon Bate,20,1,0,2026-09-04 21:11:14
2026-09-04 21:05:07,ENED115,0101,Friedrich Alvarez,100,5,0,2026-09-04 21:11:14
2026-09-04 21:05:07,ENED215,0101,Tyler Huddleston,30,0,0,2026-09-04 21:11:14
2026-09-04 21:05:07,ENED215,0102,Samantha Sabihi,40,24,0,2026-09-04 21:11:14
2026-09-04 21:05:07,ENED215,0103,Paige Smith,6,0,0,2026-09-04 21:11:14
2026-09-04 21:05:07,ENED290H,0101,Christopher Troilo,46,1,0,2026-09-04 21:11:15
2026-09-04 21:05:07,ENED390H,0101,Tony Barber,50,12,0,2026-09-04 21:11:15
2026-09-04 21:05:07,ENED394H,0101,Manmohan Aseri,65,14,0,2026-09-04 21:11:15
2026-09-04 21:05:07,ENED397,0101,Emily Marks,9,0,0,2026-09-04 21:11:15
2026-09-04 21:05:07,ENED490H,0101,Maria Bardossy,45,1,0,2026-09-04 21:11:16
2026-09-04 21:05:07,ENED491,0101,Jessica Roffe,10,1,0,2026-09-04 21:11:16
2026-09-04 21:05:07,ENMT301,ESG1,Colleen Murray,15,8,0,2026-09-04 21:12:20
2026-09-04 21:05:07,ENMT322,ESG1,Norman Wereley,15,8,0,2026-09-04 21:12:20
2026-09-04 21:05:07,ENMT361,ESG1,Young Choi,15,8,0,2026-09-04 21:12:20
2026-09-04 21:05:07,ENMT380,ESG1,Gurtajbir Herr,15,8,0,2026-09-04 21:12:20
2026-09-04 21:05:07,ENMT450,ESG1,Nicholas Limparis,7,5,0,2026-09-04 21:12:21
2026-09-04 21:05:07,ENMT471,ESG1,Colleen Murray,7,5,0,2026-09-04 21:12:21
2026-09-04 21:05:07,ENMT473,ESG1,Gurtajbir Herr,7,4,0,2026-09-04 21:12:21
2026-09-04 21:05:07,ENMT483,ESG1,Nicholas Limparis,7,5,0,2026-09-04 21:12:22
2026-09-04 21:05:07,ENMT499,ESG4,Nicholas Limparis,2,0,0,2026-09-04 21:12:22
2026-09-04 21:05:07,ENSE621,0101,Tony Barber,22,17,0,2026-09-04 21:12:29
2026-09-04 21:05:07,ENSE621,SY01,Tony Barber,15,0,0,2026-09-04 21:12:29
2026-09-04 21:05:07,ENSE623,0101,Steven Biemer,17,14,0,2026-09-04 21:12:29
2026-09-04 21:05:07,ENSE623,SY01,Steven Biemer,15,11,0,2026-09-04 21:12:29
2026-09-04 21:05:07,ENSE626,0101,Dane Cooper,20,16,0,2026-09-04 21:12:29
2026-09-04 21:05:07,ENSE626,SY01,Dane Cooper,15,9,0,2026-09-04 21:12:29
2026-09-04 21:05:07,ENSP101,0101,Annette Spivy,25,0,0,2026-09-04 21:12:31
2026-09-04 21:05:07,ENSP101,0102,Annette Spivy,24,0,0,2026-09-04 21:12:31
2026-09-04 21:05:07,ENSP101,0103,Annette Spivy,24,1,0,2026-09-04 21:12:31
2026-09-04 21:05:07,ENSP101,0104,Annette Spivy,24,0,0,2026-09-04 21:12:31
2026-09-04 21:05:07,ENSP101,0105,Annette Spivy,25,0,0,2026-09-04 21:12:31
2026-09-04 21:05:07,ENSP101,0106,Annette Spivy,24,0,0,2026-09-04 21:12:31
2026-09-04 21:05:07,ENSP101,0107,Annette Spivy,24,0,1,2026-09-04 21:12:31
2026-09-04 21:05:07,ENSP101,FC01,Annette Spivy,32,4,0,2026-09-04 21:12:31
2026-09-04 21:05:07,ENSP305,0101,Annette Spivy,23,0,2,2026-09-04 21:12:31
2026-09-04 21:05:07,ENSP330,0101,Joanna Goger,35,0,0,2026-09-04 21:12:32
2026-09-04 21:05:07,ENSP340,0101,Caroline Boules,25,0,0,2026-09-04 21:12:32
2026-09-04 21:05:07,ENSP360,0101,Leena Malayil,25,0,5,2026-09-04 21:12:32
2026-09-04 21:05:07,ENSP399R,0601,Annette Spivy,10,10,0,2026-09-04 21:12:33
2026-09-04 21:05:07,ENSP399R,1001,Jennifer Mullinax,10,10,0,2026-09-04 21:12:33
2026-09-04 21:05:07,ENSP400,0101,Joanna Goger,35,13,0,2026-09-04 21:12:33
2026-09-04 21:05:07,ENSP400,0102,Joanna Goger,35,10,0,2026-09-04 21:12:33
2026-09-04 21:05:07,ENVH121,FC01,Brienna Anderson,20,12,0,2026-09-04 21:12:47
2026-09-04 21:05:07,ENVH381,0101,Donald Milton,30,10,0,2026-09-04 21:12:47
2026-09-04 21:05:07,FGSM310,0101,Peter Owen,24,0,0,2026-09-04 21:12:51
2026-09-04 21:05:07,FGSM315,0101,Emily Shetty,22,0,0,2026-09-04 21:12:52
2026-09-04 21:05:07,FGSM320,0101,Woodie Kessel,24,1,0,2026-09-04 21:12:52
2026-09-04 21:05:07,FGSM325,0101,Rob Long,20,1,0,2026-09-04 21:12:52
2026-09-04 21:05:07,FGSM330,0101,Andrew Fausett,22,1,0,2026-09-04 21:12:53
2026-09-04 21:05:07,FGSM340,0101,Ed Fendley,22,1,0,2026-09-04 21:12:53
2026-09-04 21:05:07,FGSM350,0101,Sean Misko,22,1,0,2026-09-04 21:12:53
2026-09-04 21:05:07,FGSM355,0101,Amanda Schoch,20,0,0,2026-09-04 21:12:53
2026-09-04 21:05:07,FGSM360,0101,Nadia Farra,21,0,0,2026-09-04 21:12:54
2026-09-04 21:05:07,FGSM365,0101,Andrew Nissen,20,2,0,2026-09-04 21:12:54
2026-09-04 21:05:07,FGSM370,0101,Joshua Glasser,20,0,0,2026-09-04 21:12:54
2026-09-04 21:05:07,FGSM390,0101,Sasha Koo-Oshima,20,3,0,2026-09-04 21:12:54
2026-09-04 21:05:07,FGSM398,0101,Jayakumar Arasan,25,22,0,2026-09-04 21:12:55
2026-09-04 21:05:07,FGSM398,0201,Jayakumar Arasan,5,1,0,2026-09-04 21:12:55
2026-09-04 21:05:07,FIRE120,0101,Jessica O'Hara,36,0,0,2026-09-04 21:12:56
2026-09-04 21:05:07,FIRE120,0102,Shannon Hilton,36,6,0,2026-09-04 21:12:56
2026-09-04 21:05:07,FIRE120,0103,Jaclyn Bruner,36,0,0,2026-09-04 21:12:56
2026-09-04 21:05:07,FIRE120,0104,Danielle Niu,36,0,0,2026-09-04 21:12:56
2026-09-04 21:05:07,FIRE120,0105,Cherisse Hall,36,0,0,2026-09-04 21:12:56
2026-09-04 21:05:07,FIRE120,0106,Sara Strey,36,0,0,2026-09-04 21:12:56
2026-09-04 21:05:07,FIRE120,0107,Helene Nguemgaing,36,1,0,2026-09-04 21:12:56
2026-09-04 21:05:07,FIRE120,0108,Mary Chey,36,1,0,2026-09-04 21:12:56
2026-09-04 21:05:07,FIRE120,0109,Shannon Hilton,36,0,0,2026-09-04 21:12:56
2026-09-04 21:05:07,FIRE120,0110,Lena Johnson,36,0,0,2026-09-04 21:12:56
2026-09-04 21:05:07,FIRE120,0111,Benjamin Huffman,36,0,0,2026-09-04 21:12:56
2026-09-04 21:05:07,FIRE120,0112,Mary Chey,36,0,0,2026-09-04 21:12:56
2026-09-04 21:05:07,FIRE120,0113,Elizabeth Massey,36,8,0,2026-09-04 21:12:56
2026-09-04 21:05:07,FIRE120,0114,Benjamin Huffman,36,0,0,2026-09-04 21:12:56
2026-09-04 21:05:07,FIRE120,FC01,Danielle Niu,40,0,12,2026-09-04 21:12:56
2026-09-04 21:05:07,FIRE298,0101,Catherine Spirito,28,3,0,2026-09-04 21:12:57
2026-09-04 21:05:07,FIRE298,0103,Cherisse Hall,36,8,0,2026-09-04 21:12:57
2026-09-04 21:05:07,FIRE298,0104,Jessica O'Hara,36,4,0,2026-09-04 21:12:57
2026-09-04 21:05:07,FIRE298,0105,Kaylee Bloom,36,7,0,2026-09-04 21:12:57
2026-09-04 21:05:07,FIRE298,0106,Danielle Niu,36,17,0,2026-09-04 21:12:57
2026-09-04 21:05:07,FIRE298,0107,Benjamin Huffman,40,0,0,2026-09-04 21:12:57
2026-09-04 21:05:07,FIRE298,0108,Elizabeth Massey,40,14,0,2026-09-04 21:12:57
2026-09-04 21:05:07,FIRE298,0109,Shannon Hilton,40,6,0,2026-09-04 21:12:57
2026-09-04 21:05:07,FIRE298,0110,Jaclyn Bruner,40,19,0,2026-09-04 21:12:57
2026-09-04 21:05:07,FIRE298,0111,Mary Chey,36,5,0,2026-09-04 21:12:57
2026-09-04 21:05:07,FIRE298,0112,Helene Nguemgaing,40,15,0,2026-09-04 21:12:57
2026-09-04 21:05:07,FIRE298,0113,Kristina Kramarczuk,40,10,0,2026-09-04 21:12:57
2026-09-04 21:05:07,FIRE298,0114,Shabnam Jabeen,40,22,0,2026-09-04 21:12:57
2026-09-04 21:05:07,FIRE298,0115,Sara Strey,40,14,0,2026-09-04 21:12:57
2026-09-04 21:05:07,FIRE298,0116,Lena Johnson,40,4,0,2026-09-04 21:12:57
2026-09-04 21:05:07,FIRE398,0101,Catherine Spirito,15,2,0,2026-09-04 21:12:57
2026-09-04 21:05:07,FIRE398,0103,Cherisse Hall,15,4,0,2026-09-04 21:12:57
2026-09-04 21:05:07,FIRE398,0104,Jessica O'Hara,15,1,0,2026-09-04 21:12:57
2026-09-04 21:05:07,FIRE398,0105,Kaylee Bloom,15,2,0,2026-09-04 21:12:57
2026-09-04 21:05:07,FIRE398,0106,Danielle Niu,15,10,0,2026-09-04 21:12:57
2026-09-04 21:05:07,FIRE398,0107,Benjamin Huffman,15,3,0,2026-09-04 21:12:57
2026-09-04 21:05:07,FIRE398,0108,Elizabeth Massey,15,6,0,2026-09-04 21:12:57
2026-09-04 21:05:07,FIRE398,0109,Shannon Hilton,15,6,0,2026-09-04 21:12:57
2026-09-04 21:05:07,FIRE398,0110,Jaclyn Bruner,15,9,0,2026-09-04 21:12:57
2026-09-04 21:05:07,FIRE398,0111,Mary Chey,15,3,0,2026-09-04 21:12:57
2026-09-04 21:05:07,FIRE398,0112,Helene Nguemgaing,15,15,0,2026-09-04 21:12:57
2026-09-04 21:05:07,FIRE398,0113,Kristina Kramarczuk,15,7,0,2026-09-04 21:12:57
2026-09-04 21:05:07,FIRE398,0114,Shabnam Jabeen,15,15,0,2026-09-04 21:12:57
2026-09-04 21:05:07,FIRE398,0115,Sara Strey,15,14,0,2026-09-04 21:12:57
2026-09-04 21:05:07,FIRE398,0116,Lena Johnson,15,11,0,2026-09-04 21:12:57
2026-09-04 21:05:07,GBHL200,0101,Hassanatu Blake,30,0,0,2026-09-04 21:13:15
2026-09-04 21:05:07,GBHL200,FC01,Zandra Andre,25,3,0,2026-09-04 21:13:15
2026-09-04 21:05:07,GBHL210,0101,Leena Malayil,25,9,0,2026-09-04 21:13:16
2026-09-04 21:05:07,GBHL399,0101,Hassanatu Blake,3,3,0,2026-09-04 21:13:16
2026-09-04 21:05:07,GBHL399,0111,Dina Borzekowski,5,5,0,2026-09-04 21:13:16
2026-09-04 21:05:07,GEMS101,0101,Allison Lansverk,10,1,0,2026-09-04 21:13:18
2026-09-04 21:05:07,GEMS101,0103,Allison Lansverk,10,0,0,2026-09-04 21:13:18
2026-09-04 21:05:07,GEMS101,0104,Allison Lansverk,10,0,0,2026-09-04 21:13:18
2026-09-04 21:05:07,GEMS101,0105,Allison Lansverk,10,0,0,2026-09-04 21:13:18
2026-09-04 21:05:07,GEMS101,0106,Allison Lansverk,10,0,0,2026-09-04 21:13:18
2026-09-04 21:05:07,GEMS101,0107,Allison Lansverk,10,0,0,2026-09-04 21:13:18
2026-09-04 21:05:07,GEMS101,0109,Allison Lansverk,10,0,0,2026-09-04 21:13:18
2026-09-04 21:05:07,GEMS101,0111,Allison Lansverk,10,0,0,2026-09-04 21:13:18
2026-09-04 21:05:07,GEMS101,0113,Allison Lansverk,10,0,0,2026-09-04 21:13:18
2026-09-04 21:05:07,GEMS101,0114,Allison Lansverk,10,0,0,2026-09-04 21:13:18
2026-09-04 21:05:07,GEMS202,0101,Allison Lansverk,168,43,0,2026-09-04 21:13:18
2026-09-04 21:05:07,GEMS208A,0101,Allison Lansverk,14,14,0,2026-09-04 21:13:19
2026-09-04 21:05:07,GEMS208B,0101,Allison Lansverk,14,14,0,2026-09-04 21:13:19
2026-09-04 21:05:07,GEMS208C,0101,Allison Lansverk,23,12,0,2026-09-04 21:13:19
2026-09-04 21:05:07,GEMS208D,0101,Allison Lansverk,10,10,0,2026-09-04 21:13:19
2026-09-04 21:05:07,GEMS208P,0101,Allison Lansverk,20,8,0,2026-09-04 21:13:20
2026-09-04 21:05:07,GEMS296,0101,Sehrish Shikarpurya,14,5,0,2026-09-04 21:13:20
2026-09-04 21:05:07,GEMS296,0102,David Lovell,14,1,0,2026-09-04 21:13:20
2026-09-04 21:05:07,GEMS296,0103,Myles Poulin,14,1,0,2026-09-04 21:13:20
2026-09-04 21:05:07,GEMS296,0104,Raymond Adomaitis,14,3,0,2026-09-04 21:13:20
2026-09-04 21:05:07,GEMS296,0105,Rodolphe Gentili,14,4,0,2026-09-04 21:13:20
2026-09-04 21:05:07,GEMS296,0106,Jared Grauer,14,6,0,2026-09-04 21:13:20
2026-09-04 21:05:07,GEMS296,0107,Fengfeng Ke,14,4,0,2026-09-04 21:13:20
2026-09-04 21:05:07,GEMS296,0108,Eric Silk,14,4,0,2026-09-04 21:13:20
2026-09-04 21:05:07,GEMS296,0109,Huang Chiao Huang,14,1,0,2026-09-04 21:13:20
2026-09-04 21:05:07,GEMS296,0110,Mengqiang Zhu,14,6,0,2026-09-04 21:13:20
2026-09-04 21:05:07,GEMS296,0111,Maria Molina,14,6,0,2026-09-04 21:13:20
2026-09-04 21:05:07,GEMS296,0112,Youssef Kousa,14,2,0,2026-09-04 21:13:20
2026-09-04 21:05:07,GEMS296,0113,Instructor: TBA,5,5,0,2026-09-04 21:13:20
2026-09-04 21:05:07,GEMS296,0114,Instructor: TBA,14,14,0,2026-09-04 21:13:20
2026-09-04 21:05:07,GEMS296,0115,David Lovell,5,5,0,2026-09-04 21:13:20
2026-09-04 21:05:07,GEMS297,0113,Instructor: TBA,5,5,0,2026-09-04 21:13:21
2026-09-04 21:05:07,GEMS396,0101,Michael Humber,14,7,0,2026-09-04 21:13:21
2026-09-04 21:05:07,GEMS396,0102,Seth Dickey,14,2,0,2026-09-04 21:13:21
2026-09-04 21:05:07,GEMS396,0103,Cecilia Huertas Cerdeira,14,8,0,2026-09-04 21:13:21
2026-09-04 21:05:07,GEMS396,0104,Rodolphe Gentili,14,3,0,2026-09-04 21:13:21
2026-09-04 21:05:07,GEMS396,0105,Allison Reilly,14,5,0,2026-09-04 21:13:21
2026-09-04 21:05:07,GEMS396,0106,Peter Sunderland,14,5,0,2026-09-04 21:13:21
2026-09-04 21:05:07,GEMS396,0107,Brett Lacey,14,8,0,2026-09-04 21:13:21
2026-09-04 21:05:07,GEMS396,0108,Natalia Buzulukova,14,4,0,2026-09-04 21:13:21
2026-09-04 21:05:07,GEMS396,0109,Anil Deane,14,4,0,2026-09-04 21:13:21
2026-09-04 21:05:07,GEMS396,0110,Colenso Speer,14,3,0,2026-09-04 21:13:21
2026-09-04 21:05:07,GEMS396,0111,Instructor: TBA,14,14,0,2026-09-04 21:13:21
2026-09-04 21:05:07,GEMS396,0112,Instructor: TBA,14,14,0,2026-09-04 21:13:21
2026-09-04 21:05:07,GEMS396,0113,David Lovell,5,5,0,2026-09-04 21:13:21
2026-09-04 21:05:07,GEMS396,0114,David Lovell,5,5,0,2026-09-04 21:13:21
2026-09-04 21:05:07,GEMS397,0113,David Lovell,5,4,0,2026-09-04 21:13:21
2026-09-04 21:05:07,GEMS496,0101,Eric Haag,14,7,0,2026-09-04 21:13:22
2026-09-04 21:05:07,GEMS496,0102,Mohammad Nayeem Teli,14,11,0,2026-09-04 21:13:22
2026-09-04 21:05:07,GEMS496,0103,Norberto Gonzalez- Juarbe,14,4,0,2026-09-04 21:13:22
2026-09-04 21:05:07,GEMS496,0104,Abhinav Shrivastava,14,6,0,2026-09-04 21:13:22
2026-09-04 21:05:07,GEMS496,0105,Hector Alcala,14,4,0,2026-09-04 21:13:22
2026-09-04 21:05:07,GEMS496,0106,Massimo Ricotti,14,5,0,2026-09-04 21:13:22
2026-09-04 21:05:07,GEMS496,0107,Reza Ghodssi,14,7,0,2026-09-04 21:13:22
2026-09-04 21:05:07,GEMS496,0108,Nikhil Chopra,14,8,0,2026-09-04 21:13:22
2026-09-04 21:05:07,GEMS496,0109,Kimberly Stroka,14,5,0,2026-09-04 21:13:22
2026-09-04 21:05:07,GEMS496,0110,Gorjan Alagic,14,13,0,2026-09-04 21:13:22
2026-09-04 21:05:07,GEMS496,0111,Alisa Clyne,14,6,0,2026-09-04 21:13:22
2026-09-04 21:05:07,GEMS496,0112,Xin Zan,14,10,0,2026-09-04 21:13:22
2026-09-04 21:05:07,GEMS496,0113,Erin Tran,14,14,0,2026-09-04 21:13:22
2026-09-04 21:05:07,GEMS496,0114,David Lovell,5,5,0,2026-09-04 21:13:22
2026-09-04 21:05:07,GEMS497,0107,Instructor: TBA,14,14,0,2026-09-04 21:13:22
2026-09-04 21:05:07,GEMS497,0110,Instructor: TBA,5,5,0,2026-09-04 21:13:22
2026-09-04 21:05:07,GEMS497,0113,David Lovell,5,5,0,2026-09-04 21:13:22
2026-09-04 21:05:07,GFPL100,0101,Joshua Itzkowitz Shifrinson,20,0,0,2026-09-04 21:13:51
2026-09-04 21:05:07,GFPL100,0102,Joshua Itzkowitz Shifrinson,20,0,0,2026-09-04 21:13:51
2026-09-04 21:05:07,GFPL100,0103,Joshua Itzkowitz Shifrinson,20,0,0,2026-09-04 21:13:51
2026-09-04 21:05:07,GFPL100,0104,Joshua Itzkowitz Shifrinson,20,0,0,2026-09-04 21:13:51
2026-09-04 21:05:07,GFPL100,0105,Joshua Itzkowitz Shifrinson,20,1,0,2026-09-04 21:13:51
2026-09-04 21:05:07,GFPL100,0106,Joshua Itzkowitz Shifrinson,25,1,0,2026-09-04 21:13:51
2026-09-04 21:05:07,GFPL100,FC01,Devin Entrikin,30,0,1,2026-09-04 21:13:51
2026-09-04 21:05:07,GFPL102,0101,Caroline Ritter,95,25,0,2026-09-04 21:13:52
2026-09-04 21:05:07,GFPL371,0101,Joshua Itzkowitz Shifrinson,35,0,1,2026-09-04 21:13:52
2026-09-04 21:05:07,GFPL388A,0101,Shannon Carcelli,5,5,0,2026-09-04 21:13:52
2026-09-04 21:05:07,GFPL388B,0101,Hyunki Kim,5,5,0,2026-09-04 21:13:53
2026-09-04 21:05:07,GFPL388C,0101,Scott Kastner,5,0,0,2026-09-04 21:13:53
2026-09-04 21:05:07,GFPL390,0101,Lena Andrews,20,0,1,2026-09-04 21:13:53
2026-09-04 21:05:07,GFPL490,0101,Michael Woldemariam,15,1,0,2026-09-04 21:13:53
2026-09-04 21:05:07,GFPL492,0101,Steve Fetter,20,0,1,2026-09-04 21:13:54
2026-09-04 21:05:07,GLBC200,0101,Chris Lewis,30,0,0,2026-09-04 21:13:55
2026-09-04 21:05:07,GLBC350,0101,Michele Mason,30,27,0,2026-09-04 21:13:55
2026-09-04 21:05:07,HACS100,0101,Cassie Harrington,40,2,0,2026-09-04 21:14:09
2026-09-04 21:05:07,HACS100,0201,Cassie Harrington,40,14,0,2026-09-04 21:14:09
2026-09-04 21:05:07,HACS200,0101,Michel Cukier,34,10,0,2026-09-04 21:14:09
2026-09-04 21:05:07,HACS200,0201,Michel Cukier,34,1,0,2026-09-04 21:14:09
2026-09-04 21:05:07,HACS202,0101,Bertrand Sobesto,52,19,0,2026-09-04 21:14:10
2026-09-04 21:05:07,HACS208A,0101,Lawrence Gordon,20,0,2,2026-09-04 21:14:10
2026-09-04 21:05:07,HACS208C,0101,Lamia Zia,26,9,0,2026-09-04 21:14:10
2026-09-04 21:05:07,HACS208P,0101,Charles Harry,26,0,0,2026-09-04 21:14:11
2026-09-04 21:05:07,HACS297,0101,Sarah Herberger,25,5,0,2026-09-04 21:14:11
2026-09-04 21:05:07,HACS408E,0101,Luke Mains,30,11,0,2026-09-04 21:14:12
2026-09-04 21:05:07,HACS408L,0101,Ian Serbin,30,3,0,2026-09-04 21:14:12
2026-09-04 21:05:07,HACS408M,0101,John McGahagan,30,1,0,2026-09-04 21:14:12
2026-09-04 21:05:07,HACS498,0101,Thomas Woods,7,1,0,2026-09-04 21:14:13
2026-09-04 21:05:07,HACS498,0201,David Trott,9,0,0,2026-09-04 21:14:13
2026-09-04 21:05:07,HACS498,0301,Michel Cukier,8,0,0,2026-09-04 21:14:13
2026-09-04 21:05:07,HBUS100,0101,Jui Ramaprasad,72,4,0,2026-09-04 21:14:14
2026-09-04 21:05:07,HBUS200,0101,Nicole Coomber,60,1,0,2026-09-04 21:14:15
2026-09-04 21:05:07,HDCC105,0101,Antwon Key,70,7,0,2026-09-04 21:14:16
2026-09-04 21:05:07,HDCC201,0101,Jessica Lu,22,0,0,2026-09-04 21:14:16
2026-09-04 21:05:07,HDCC201,0201,Jessica Lu,22,0,0,2026-09-04 21:14:16
2026-09-04 21:05:07,HDCC201,0301,Jessica Lu,22,3,0,2026-09-04 21:14:16
2026-09-04 21:05:07,HDCC208A,0101,William Evans,14,0,0,2026-09-04 21:14:17
2026-09-04 21:05:07,HDCC208J,0101,Grant Bollmer,14,0,0,2026-09-04 21:14:17
2026-09-04 21:05:07,HDCC208P,0101,Cliff Bakalian,14,0,0,2026-09-04 21:14:17
2026-09-04 21:05:07,HDCC208T,0101,Jonathan Reyes,14,0,0,2026-09-04 21:14:17
2026-09-04 21:05:07,HDCC208Z,0101,M Sauter,14,7,0,2026-09-04 21:14:18
2026-09-04 21:05:07,HDCC379,0101,Antwon Key,5,4,0,2026-09-04 21:14:18
2026-09-04 21:05:07,HEBR106,0101,Avital Karpman,15,2,0,2026-09-04 21:14:20
2026-09-04 21:05:07,HEBR106,0201,Avital Karpman,15,6,0,2026-09-04 21:14:20
2026-09-04 21:05:07,HEBR206,0101,Avital Karpman,15,7,0,2026-09-04 21:14:20
2026-09-04 21:05:07,HEBR249C,0101,Aliza Sandalon,15,0,0,2026-09-04 21:14:20
2026-09-04 21:05:07,HEBR298B,0101,Matthew Suriano,25,0,0,2026-09-04 21:14:20
2026-09-04 21:05:07,HEBR313,0101,Aliza Sandalon,20,0,5,2026-09-04 21:14:21
2026-09-04 21:05:07,HGLO100,0101,Alfredo Oliveira,22,7,0,2026-09-04 21:14:34
2026-09-04 21:05:07,HGLO100,0102,Natalie Vinski Ibrahim,22,8,0,2026-09-04 21:14:34
2026-09-04 21:05:07,HGLO100,0103,Natalie Vinski Ibrahim,22,1,0,2026-09-04 21:14:34
2026-09-04 21:05:07,HGLO100,0104,Alfredo Oliveira,22,11,0,2026-09-04 21:14:34
2026-09-04 21:05:07,HGLO101,0101,Sarah Croco,23,2,0,2026-09-04 21:14:35
2026-09-04 21:05:07,HGLO101,0102,Sarah Croco,22,9,0,2026-09-04 21:14:35
2026-09-04 21:05:07,HGLO101,0103,Sarah Croco,22,5,0,2026-09-04 21:14:35
2026-09-04 21:05:07,HGLO101,0104,Sarah Croco,22,13,0,2026-09-04 21:14:35
2026-09-04 21:05:07,HGLO207,0101,Natalie Vinski Ibrahim,25,12,0,2026-09-04 21:14:35
2026-09-04 21:05:07,HGLO208,0101,Alfredo Oliveira,45,25,0,2026-09-04 21:14:35
2026-09-04 21:05:07,HGLO298,0101,Jordan Gouws-Dewar,30,25,0,2026-09-04 21:14:36
2026-09-04 21:05:07,HLSC100,0101,Jalah Townsend,24,3,0,2026-09-04 21:15:08
2026-09-04 21:05:07,HLSC100,0102,Jalah Townsend,24,2,0,2026-09-04 21:15:08
2026-09-04 21:05:07,HLSC100,0103,Jalah Townsend,24,4,0,2026-09-04 21:15:08
2026-09-04 21:05:07,HLSC100,0104,Jalah Townsend,24,7,0,2026-09-04 21:15:08
2026-09-04 21:05:07,HLSC280,0101,Najib El-Sayed,25,3,0,2026-09-04 21:15:08
2026-09-04 21:05:07,HLSC280,0102,Najib El-Sayed,25,4,0,2026-09-04 21:15:08
2026-09-04 21:05:07,HLSC280,0103,Najib El-Sayed,25,4,0,2026-09-04 21:15:08
2026-09-04 21:05:07,HLSC280,0104,Najib El-Sayed,25,9,0,2026-09-04 21:15:08
2026-09-04 21:05:07,HLSC329,0101,Sabrina Kramer,12,4,0,2026-09-04 21:15:08
2026-09-04 21:05:07,HNUH100,0101,Robert Graham,20,3,0,2026-09-04 21:15:22
2026-09-04 21:05:07,HNUH100,0102,Robert Graham,20,0,0,2026-09-04 21:15:22
2026-09-04 21:05:07,HNUH100,0103,Brittany Proudfoot Ginder,20,1,0,2026-09-04 21:15:22
2026-09-04 21:05:07,HNUH100,0104,Max Barnewitz,20,0,0,2026-09-04 21:15:22
2026-09-04 21:05:07,HNUH100,0105,Vasfiye Toprak,20,0,0,2026-09-04 21:15:22
2026-09-04 21:05:07,HNUH100,0106,Vasfiye Toprak,20,1,0,2026-09-04 21:15:22
2026-09-04 21:05:07,HNUH100,0201,Max Barnewitz,20,0,0,2026-09-04 21:15:22
2026-09-04 21:05:07,HNUH100,0202,Max Barnewitz,20,0,0,2026-09-04 21:15:22
2026-09-04 21:05:07,HNUH100,0203,Vasfiye Toprak,20,1,0,2026-09-04 21:15:22
2026-09-04 21:05:07,HNUH100,0204,Vasfiye Toprak,20,0,0,2026-09-04 21:15:22
2026-09-04 21:05:07,HNUH100,0205,Ayondela McDole,20,3,0,2026-09-04 21:15:22
2026-09-04 21:05:07,HNUH100,0206,Ayondela McDole,20,0,0,2026-09-04 21:15:22
2026-09-04 21:05:07,HNUH100,0301,Robert Graham,20,1,0,2026-09-04 21:15:22
2026-09-04 21:05:07,HNUH100,0302,Shauna Rigaud,20,8,0,2026-09-04 21:15:22
2026-09-04 21:05:07,HNUH100,0303,Shauna Rigaud,20,1,0,2026-09-04 21:15:22
2026-09-04 21:05:07,HNUH100,0304,Max Barnewitz,20,3,0,2026-09-04 21:15:22
2026-09-04 21:05:07,HNUH100,0305,Vasfiye Toprak,20,0,0,2026-09-04 21:15:22
2026-09-04 21:05:07,HNUH100,0306,Vasfiye Toprak,20,2,0,2026-09-04 21:15:22
2026-09-04 21:05:07,HNUH100,0401,Gretchen Bella,20,0,0,2026-09-04 21:15:22
2026-09-04 21:05:07,HNUH100,0402,Gretchen Bella,20,6,0,2026-09-04 21:15:22
2026-09-04 21:05:07,HNUH100,0403,Max Barnewitz,20,1,0,2026-09-04 21:15:22
2026-09-04 21:05:07,HNUH100,0404,Ayondela McDole,20,6,0,2026-09-04 21:15:22
2026-09-04 21:05:07,HNUH100,0405,Ayondela McDole,20,0,0,2026-09-04 21:15:22
2026-09-04 21:05:07,HNUH100,0406,Ayondela McDole,20,4,0,2026-09-04 21:15:22
2026-09-04 21:05:07,HNUH100,0501,Leigha McReynolds,10,3,0,2026-09-04 21:15:22
2026-09-04 21:05:07,HNUH100,0601,Brittany Proudfoot Ginder,20,0,0,2026-09-04 21:15:22
2026-09-04 21:05:07,HNUH218D,0101,Brian Gilmore,48,0,2,2026-09-04 21:15:22
2026-09-04 21:05:07,HNUH218L,0101,Shauna Rigaud,20,0,0,2026-09-04 21:15:22
2026-09-04 21:05:07,HNUH218L,0201,Shauna Rigaud,20,0,1,2026-09-04 21:15:22
2026-09-04 21:05:07,HNUH228D,0101,Matthew McLaughlin,60,0,2,2026-09-04 21:15:22
2026-09-04 21:05:07,HNUH228L,0101,Alena Wigodner,20,0,0,2026-09-04 21:15:23
2026-09-04 21:05:07,HNUH228L,0201,Alena Wigodner,20,0,0,2026-09-04 21:15:23
2026-09-04 21:05:07,HNUH228N,0101,Peter Grybauskas,20,0,0,2026-09-04 21:15:23
2026-09-04 21:05:07,HNUH229I,0101,Gretchen Bella,20,0,1,2026-09-04 21:15:23
2026-09-04 21:05:07,HNUH238D,0101,Susan Moeller,60,0,0,2026-09-04 21:15:24
2026-09-04 21:05:07,HNUH238L,0101,Kimberly Johnson,20,2,0,2026-09-04 21:15:24
2026-09-04 21:05:07,HNUH238L,0201,Kimberly Johnson,20,0,0,2026-09-04 21:15:24
2026-09-04 21:05:07,HNUH238N,0101,Hannah Wegmann,20,6,0,2026-09-04 21:15:24
2026-09-04 21:05:07,HNUH239T,0101,Gerald Suarez,20,0,0,2026-09-04 21:15:24
2026-09-04 21:05:07,HNUH248D,0101,Juan Uriagereka,45,0,0,2026-09-04 21:15:25
2026-09-04 21:05:07,HNUH248L,0201,Robert Graham,20,6,0,2026-09-04 21:15:25
2026-09-04 21:05:07,HNUH248M,0101,Hassanatu Blake,20,13,0,2026-09-04 21:15:25
2026-09-04 21:05:07,HNUH248N,0101,Siv Lie,20,0,2,2026-09-04 21:15:25
2026-09-04 21:05:07,HNUH249P,0101,Temim Nusraty,20,2,0,2026-09-04 21:15:26
2026-09-04 21:05:07,HNUH258C,0101,Bill Fagan,55,27,0,2026-09-04 21:15:26
2026-09-04 21:05:07,HNUH258Q,0101,Tiara Thomas,20,1,0,2026-09-04 21:15:26
2026-09-04 21:05:07,HNUH259P,0101,Hooman Koliji,20,2,0,2026-09-04 21:15:27
2026-09-04 21:05:07,HNUH268C,0101,Perla Guerrero,60,35,0,2026-09-04 21:15:27
2026-09-04 21:05:07,HNUH269P,0101,Marisa Franco,20,0,4,2026-09-04 21:15:27
2026-09-04 21:05:07,HNUH278C,0101,Chinyere Osuji,60,38,0,2026-09-04 21:15:28
2026-09-04 21:05:07,HNUH278I,0101,Marisa Franco,20,4,0,2026-09-04 21:15:28
2026-09-04 21:05:07,HNUH278I,0102,Marisa Franco,20,1,0,2026-09-04 21:15:28
2026-09-04 21:05:07,HNUH278R,0101,Max Barnewitz,20,3,0,2026-09-04 21:15:28
2026-09-04 21:05:07,HNUH288C,0101,Julia Steinberg,30,3,0,2026-09-04 21:15:28
2026-09-04 21:05:07,HNUH288C,0103,Julia Steinberg,30,9,0,2026-09-04 21:15:28
2026-09-04 21:05:07,HNUH288O,0101,Ariana Nash,20,1,0,2026-09-04 21:15:29
2026-09-04 21:05:07,HNUH300,0301,Vasfiye Toprak,20,0,0,2026-09-04 21:15:29
2026-09-04 21:05:07,HNUH300,0401,Robert Graham,20,0,0,2026-09-04 21:15:29
2026-09-04 21:05:07,HNUH300,0601,Alena Wigodner,20,0,0,2026-09-04 21:15:29
2026-09-04 21:05:07,HNUH300,0701,Ingrid Satelmajer,20,13,0,2026-09-04 21:15:29
2026-09-04 21:05:07,HNUH300,0801,Shauna Rigaud,20,0,0,2026-09-04 21:15:29
2026-09-04 21:05:07,HNUH300,0901,Kimberly Johnson,20,5,0,2026-09-04 21:15:29
2026-09-04 21:05:07,HNUH300,1001,Ingrid Satelmajer,20,14,0,2026-09-04 21:15:29
2026-09-04 21:05:07,HNUH318T,0101,Peter Owen,24,0,0,2026-09-04 21:15:29
2026-09-04 21:05:07,HNUH319T,0101,Emily Shetty,22,0,0,2026-09-04 21:15:29
2026-09-04 21:05:07,HNUH328T,0101,Woodie Kessel,24,1,0,2026-09-04 21:15:30
2026-09-04 21:05:07,HNUH329T,0101,Rob Long,20,1,0,2026-09-04 21:15:30
2026-09-04 21:05:07,HNUH338T,0101,Andrew Fausett,22,1,0,2026-09-04 21:15:30
2026-09-04 21:05:07,HNUH348T,0101,Ed Fendley,22,1,0,2026-09-04 21:15:31
2026-09-04 21:05:07,HNUH358T,0101,Sean Misko,22,1,0,2026-09-04 21:15:31
2026-09-04 21:05:07,HNUH359T,0101,Amanda Schoch,20,0,0,2026-09-04 21:15:31
2026-09-04 21:05:07,HNUH368T,0101,Nadia Farra,21,0,0,2026-09-04 21:15:31
2026-09-04 21:05:07,HNUH369T,0101,Andrew Nissen,20,2,0,2026-09-04 21:15:32
2026-09-04 21:05:07,HNUH378T,0101,Joshua Glasser,20,0,0,2026-09-04 21:15:32
2026-09-04 21:05:07,HNUH398P,0101,Jayakumar Arasan,25,22,0,2026-09-04 21:15:32
2026-09-04 21:05:07,HNUH398P,0201,Jayakumar Arasan,5,1,0,2026-09-04 21:15:32
2026-09-04 21:05:07,HNUH398T,0101,Sasha Koo-Oshima,20,3,0,2026-09-04 21:15:32
2026-09-04 21:05:07,HONR368A,0101,Blake Wilder,22,1,0,2026-09-04 21:15:34
2026-09-04 21:05:07,IMDM101,0101,Mollye Bendell,30,15,0,2026-09-04 21:15:38
2026-09-04 21:05:07,IMDM101,0201,Myungin Lee,30,18,0,2026-09-04 21:15:38
2026-09-04 21:05:07,IMDM101,0301,Myungin Lee,30,23,0,2026-09-04 21:15:38
2026-09-04 21:05:07,IMDM127,0101,Roger Eastman,36,19,0,2026-09-04 21:15:39
2026-09-04 21:05:07,IMDM150,0101,Stefano Passeri,30,16,0,2026-09-04 21:15:39
2026-09-04 21:05:07,IMDM227,0101,Stevens Miller,30,1,0,2026-09-04 21:15:39
2026-09-04 21:05:07,IMDM227,0201,Stevens Miller,30,19,0,2026-09-04 21:15:39
2026-09-04 21:05:07,IMDM327,0101,Myungin Lee,25,0,0,2026-09-04 21:15:40
2026-09-04 21:05:07,IMDM350,0101,Jason Farman,29,12,0,2026-09-04 21:15:40
2026-09-04 21:05:07,IMDM490,0101,Matthew Nolan,30,0,0,2026-09-04 21:15:41
2026-09-04 21:05:07,IMDM490,0201,Matthew Nolan,30,16,0,2026-09-04 21:15:41
2026-09-04 21:05:07,IMDM498K,0101,Matthew Nolan,15,0,0,2026-09-04 21:15:41
2026-09-04 21:05:07,IMMR319D,0101,Beka Guluma,20,12,0,2026-09-04 21:15:43
2026-09-04 21:05:07,IMMR394,0101,Wenxi Yang,30,4,0,2026-09-04 21:15:43
2026-09-04 21:05:07,IMMR399,0101,Instructor: TBA,2,2,0,2026-09-04 21:15:43
2026-09-04 21:05:07,IMMR400,0101,Gerson Rosales,20,2,0,2026-09-04 21:15:44
2026-09-04 21:05:07,ISRL249J,0101,Aner Tal,30,24,0,2026-09-04 21:15:55
2026-09-04 21:05:07,ISRL249M,0101,Aliza Sandalon,15,0,0,2026-09-04 21:15:55
2026-09-04 21:05:07,ISRL283,0101,Shay Hazkani,35,2,0,2026-09-04 21:15:56
2026-09-04 21:05:07,ISRL349G,0101,Marwa Maziad,30,1,0,2026-09-04 21:15:56
2026-09-04 21:05:07,ISRL349K,0101,Regev Ben-David,30,24,0,2026-09-04 21:15:56
2026-09-04 21:05:07,ISRL349T,0101,Elli Lieberman,35,20,0,2026-09-04 21:15:56
2026-09-04 21:05:07,ISRL349Y,0101,Adina Friedman,35,26,0,2026-09-04 21:15:57
2026-09-04 21:05:07,ISRL382,0101,Ilai Saltzman,35,0,0,2026-09-04 21:15:57
2026-09-04 21:05:07,ISRL448R,0101,Morad Elsana,25,9,0,2026-09-04 21:15:57
2026-09-04 21:05:07,ITAL103,0101,Antonella D'Amario,18,14,0,2026-09-04 21:15:59
2026-09-04 21:05:07,ITAL103,0201,Antonella D'Amario,18,5,0,2026-09-04 21:15:59
2026-09-04 21:05:07,ITAL103,0301,Joseph Falvo,18,7,0,2026-09-04 21:15:59
2026-09-04 21:05:07,ITAL203,0101,Antonella D'Amario,18,9,0,2026-09-04 21:15:59
2026-09-04 21:05:07,ITAL203,0201,Antonella D'Amario,18,13,0,2026-09-04 21:15:59
2026-09-04 21:05:07,ITAL204,0101,Federica Soddu,18,14,0,2026-09-04 21:15:59
2026-09-04 21:05:07,ITAL207,0101,Mirella Vaglio,18,17,0,2026-09-04 21:16:00
2026-09-04 21:05:07,ITAL301,0101,Federica Soddu,20,12,0,2026-09-04 21:16:00
2026-09-04 21:05:07,ITAL362,0101,Federica Soddu,20,10,0,2026-09-04 21:16:00
2026-09-04 21:05:07,ITAL401,0101,Mirella Vaglio,15,12,0,2026-09-04 21:16:01
2026-09-04 21:05:07,ITAL421,0101,Joseph Falvo,25,14,0,2026-09-04 21:16:02
2026-09-04 21:05:07,ITAL478R,0101,Joseph Falvo,5,3,0,2026-09-04 21:16:02
2026-09-04 21:05:07,JAPN101,0101,Kumiko Akikawa,15,3,0,2026-09-04 21:16:04
2026-09-04 21:05:07,JAPN101,0201,Kumiko Akikawa,15,6,0,2026-09-04 21:16:04
2026-09-04 21:05:07,JAPN101,0301,Kumiko Akikawa,15,5,0,2026-09-04 21:16:04
2026-09-04 21:05:07,JAPN201,0101,Makiko Inoue,15,5,0,2026-09-04 21:16:04
2026-09-04 21:05:07,JAPN201,0201,Makiko Inoue,15,8,0,2026-09-04 21:16:04
2026-09-04 21:05:07,JAPN301,0101,Mari Hamada,15,9,0,2026-09-04 21:16:04
2026-09-04 21:05:07,JAPN311,0101,Jyana Browne,15,11,0,2026-09-04 21:16:04
2026-09-04 21:05:07,JAPN315,0101,Michele Mason,20,4,0,2026-09-04 21:16:05
2026-09-04 21:05:07,JAPN320,0101,Lindsay Yotsukura,15,9,0,2026-09-04 21:16:05
2026-09-04 21:05:07,JAPN498B,0101,Jyana Browne,20,2,0,2026-09-04 21:16:06
2026-09-04 21:05:07,KORA101,0101,Saerom Kwak,15,0,1,2026-09-04 21:16:59
2026-09-04 21:05:07,KORA101,0201,Saerom Kwak,15,2,0,2026-09-04 21:16:59
2026-09-04 21:05:07,KORA101,0301,Saerom Kwak,15,6,0,2026-09-04 21:16:59
2026-09-04 21:05:07,KORA101,0401,Saerom Kwak,15,5,0,2026-09-04 21:16:59
2026-09-04 21:05:07,KORA201,0101,Seong Minne Koh,15,4,0,2026-09-04 21:17:00
2026-09-04 21:05:07,KORA201,0201,Seong Minne Koh,15,5,0,2026-09-04 21:17:00
2026-09-04 21:05:07,KORA201,0301,Seong Minne Koh,15,8,0,2026-09-04 21:17:00
2026-09-04 21:05:07,KORA398G,0101,Instructor: TBA,10,7,0,2026-09-04 21:17:00
2026-09-04 21:05:07,KORA398W,0101,Seong Minne Koh,10,4,0,2026-09-04 21:17:00
2026-09-04 21:05:07,LEAD217,0101,Festus Ainoo,25,0,0,2026-09-04 21:17:18
2026-09-04 21:05:07,LEAD217,0201,Adrian Bitton,25,0,0,2026-09-04 21:17:18
2026-09-04 21:05:07,LEAD217,FC01,Festus Ainoo,22,0,0,2026-09-04 21:17:18
2026-09-04 21:05:07,LEAD305,0101,Anastasia Lavrenyuk,20,4,0,2026-09-04 21:17:19
2026-09-04 21:05:07,LEAD315,0101,Anastasia Lavrenyuk,25,11,0,2026-09-04 21:17:19
2026-09-04 21:05:07,LEAD320,0101,Courtney Holder,10,9,0,2026-09-04 21:17:19
2026-09-04 21:05:07,LGBT200,0201,Basanth Babu,25,0,5,2026-09-04 21:17:21
2026-09-04 21:05:07,LGBT265,0101,Tyra Griffin,30,4,0,2026-09-04 21:17:21
2026-09-04 21:05:07,LGBT265,0201,Declan Langton,30,3,0,2026-09-04 21:17:21
2026-09-04 21:05:07,LGBT359J,0101,Chris Eng,25,14,0,2026-09-04 21:17:21
2026-09-04 21:05:07,MLAW100,0101,Christine White,83,14,0,2026-09-04 21:17:56
2026-09-04 21:05:07,MLAW304,0201,Christine White,65,16,0,2026-09-04 21:17:56
2026-09-04 21:05:07,MLAW305,0101,Brian Gilmore,40,2,0,2026-09-04 21:17:56
2026-09-04 21:05:07,MLAW315,0101,Grace Benton,13,3,0,2026-09-04 21:17:57
2026-09-04 21:05:07,MLAW358Q,0101,David Cunningham,0,0,0,2026-09-04 21:17:57
2026-09-04 21:05:07,MLAW358T,0101,Christine White,25,5,0,2026-09-04 21:17:57
2026-09-04 21:05:07,MLAW358X,0101,Martin Kobren,5,0,0,2026-09-04 21:17:58
2026-09-04 21:05:07,MLAW359,0101,Brandee Pettus,10,4,0,2026-09-04 21:17:58
2026-09-04 21:05:07,MLAW378E,0101,Brandee Pettus,5,5,0,2026-09-04 21:17:58
2026-09-04 21:05:07,MLAW378K,0101,Brian Gilmore,20,0,0,2026-09-04 21:17:58
2026-09-04 21:05:07,MLAW378Q,0101,Paul Huth,2,0,1,2026-09-04 21:17:59
2026-09-04 21:05:07,MLAW378R,0101,Nancy Schertzing,13,2,0,2026-09-04 21:17:59
2026-09-04 21:05:07,MLAW388,0101,Brandee Pettus,40,21,0,2026-09-04 21:17:59
2026-09-04 21:05:07,MLSC250,FC01,William Simpson,24,5,0,2026-09-04 21:18:01
2026-09-04 21:05:07,NEUR200,0101,Ana Navarro Cebrian,80,7,0,2026-09-04 21:18:24
2026-09-04 21:05:07,NEUR200,0201,Ana Navarro Cebrian,80,0,1,2026-09-04 21:18:24
2026-09-04 21:05:07,NEUR200,0301,Evan Hart,80,0,0,2026-09-04 21:18:24
2026-09-04 21:05:07,NEUR305,0101,Amanda Chicoli,100,12,0,2026-09-04 21:18:25
2026-09-04 21:05:07,NEUR306,0101,Chan Lin,200,7,0,2026-09-04 21:18:25
2026-09-04 21:05:07,NEUR398H,0101,Nikolas Francis,20,2,0,2026-09-04 21:18:26
2026-09-04 21:05:07,NEUR405,0101,Hilary Bierman,20,0,0,2026-09-04 21:18:26
2026-09-04 21:05:07,NEUR405,0102,Hilary Bierman,20,1,0,2026-09-04 21:18:26
2026-09-04 21:05:07,NEUR405,0103,Hilary Bierman,20,0,0,2026-09-04 21:18:26
2026-09-04 21:05:07,PEER312,0101,Aleia Gardner,15,8,0,2026-09-04 21:18:40
2026-09-04 21:05:07,PEER318,0101,Christina Jay,15,11,0,2026-09-04 21:18:40
2026-09-04 21:05:07,PEER319,0101,Grace Boudreau,15,7,0,2026-09-04 21:18:40
2026-09-04 21:05:07,PHPE308D,0101,Xinzhi Zhao,30,7,0,2026-09-04 21:18:54
2026-09-04 21:05:07,PHPE308F,0101,Regev Ben-David,30,24,0,2026-09-04 21:18:54
2026-09-04 21:05:07,PHPE308M,0101,Hallie Liberto,30,18,0,2026-09-04 21:18:55
2026-09-04 21:05:07,PHPE308O,0101,Jackson Iszler,30,0,0,2026-09-04 21:18:55
2026-09-04 21:05:07,PHPE308Y,0101,Rachel Singpurwalla,20,1,0,2026-09-04 21:18:55
2026-09-04 21:05:07,PHPE308Y,0102,Rachel Singpurwalla,20,0,2,2026-09-04 21:18:55
2026-09-04 21:05:07,PHPE308Y,0103,Rachel Singpurwalla,20,0,1,2026-09-04 21:18:55
2026-09-04 21:05:07,PHPE400,0101,Justin Helms,18,1,0,2026-09-04 21:18:56
2026-09-04 21:05:07,PHPE400,0102,Justin Helms,18,1,0,2026-09-04 21:18:56
2026-09-04 21:05:07,PHPE400,0103,Justin Helms,20,1,0,2026-09-04 21:18:56
2026-09-04 21:05:07,PHPE401,0101,Xinzhi Zhao,25,0,9,2026-09-04 21:18:56
2026-09-04 21:05:07,PHPE402,0101,Dan Moller,30,0,0,2026-09-04 21:18:56
2026-09-04 21:05:07,PHPE408J,0101,Lixing Miao,25,0,0,2026-09-04 21:18:57
2026-09-04 21:05:07,PHPE408R,0101,Xinzhi Zhao,25,9,0,2026-09-04 21:18:57
2026-09-04 21:05:07,PHSC388J,0101,Kendall Bustad,20,6,0,2026-09-04 21:18:58
2026-09-04 21:05:07,PHSC389,0101,Shannon Edward,30,14,0,2026-09-04 21:18:59
2026-09-04 21:05:07,PHSC399,0101,Shannon Edward,30,10,0,2026-09-04 21:18:59
2026-09-04 21:05:07,PHSC415,0101,Jessica O'Hara,31,0,1,2026-09-04 21:18:59
2026-09-04 21:05:07,PHSC415,0102,Jessica O'Hara,31,0,1,2026-09-04 21:18:59
2026-09-04 21:05:07,PHSC415,0103,Jessica O'Hara,31,0,1,2026-09-04 21:18:59
2026-09-04 21:05:07,PHSC415,0104,Jessica O'Hara,31,0,1,2026-09-04 21:18:59
2026-09-04 21:05:07,PHSC415,0105,Jessica O'Hara,31,0,1,2026-09-04 21:18:59
2026-09-04 21:05:07,PHSC420,0101,Jennifer German,35,3,0,2026-09-04 21:18:59
2026-09-04 21:05:07,PHSC450,0101,Kendall Bustad,20,0,2,2026-09-04 21:19:00
2026-09-04 21:05:07,PHSC450,0102,Kendall Bustad,20,0,2,2026-09-04 21:19:00
2026-09-04 21:05:07,PHSC450,0103,Kendall Bustad,20,0,1,2026-09-04 21:19:00
2026-09-04 21:05:07,PHSC450,0104,Kendall Bustad,20,0,2,2026-09-04 21:19:00
2026-09-04 21:05:07,PHSC450,0105,Kendall Bustad,20,0,1,2026-09-04 21:19:00
2026-09-04 21:05:07,PHSC450,0106,Kendall Bustad,20,1,0,2026-09-04 21:19:00
2026-09-04 21:05:07,PHSC450,0107,Kendall Bustad,20,0,2,2026-09-04 21:19:00
2026-09-04 21:05:07,PHSC450,0108,Kendall Bustad,20,0,2,2026-09-04 21:19:00
2026-09-04 21:05:07,PHSC497,0101,Kendall Bustad,20,2,0,2026-09-04 21:19:00
2026-09-04 21:05:07,PHSC497,0301,Shannon Edward,20,3,0,2026-09-04 21:19:00
2026-09-04 21:05:07,PHSC497,0601,Jennifer German,20,2,0,2026-09-04 21:19:00
2026-09-04 21:05:07,PLCY100,0101,Toby Egan,25,0,1,2026-09-04 21:19:20
2026-09-04 21:05:07,PLCY100,0102,Toby Egan,25,0,0,2026-09-04 21:19:20
2026-09-04 21:05:07,PLCY100,0103,Toby Egan,25,0,0,2026-09-04 21:19:20
2026-09-04 21:05:07,PLCY100,0104,Toby Egan,25,0,0,2026-09-04 21:19:20
2026-09-04 21:05:07,PLCY100,0201,Namrta Sharma,25,12,0,2026-09-04 21:19:20
2026-09-04 21:05:07,PLCY100,0202,Namrta Sharma,25,15,0,2026-09-04 21:19:20
2026-09-04 21:05:07,PLCY100,0203,Namrta Sharma,25,0,0,2026-09-04 21:19:20
2026-09-04 21:05:07,PLCY100,0204,Namrta Sharma,25,10,0,2026-09-04 21:19:20
2026-09-04 21:05:07,PLCY101,0101,Robert Sprinkle,75,0,1,2026-09-04 21:19:21
2026-09-04 21:05:07,PLCY170,0101,Joshua Itzkowitz Shifrinson,20,0,0,2026-09-04 21:19:21
2026-09-04 21:05:07,PLCY170,0102,Joshua Itzkowitz Shifrinson,20,0,0,2026-09-04 21:19:21
2026-09-04 21:05:07,PLCY170,0103,Joshua Itzkowitz Shifrinson,20,0,0,2026-09-04 21:19:21
2026-09-04 21:05:07,PLCY170,0104,Joshua Itzkowitz Shifrinson,20,0,0,2026-09-04 21:19:21
2026-09-04 21:05:07,PLCY170,0105,Joshua Itzkowitz Shifrinson,20,1,0,2026-09-04 21:19:21
2026-09-04 21:05:07,PLCY170,0106,Joshua Itzkowitz Shifrinson,25,1,0,2026-09-04 21:19:21
2026-09-04 21:05:07,PLCY172,0101,Caroline Ritter,95,25,0,2026-09-04 21:19:21
2026-09-04 21:05:07,PLCY200,0101,Shanna Pearson-Merkowitz,35,0,3,2026-09-04 21:19:21
2026-09-04 21:05:07,PLCY200,0201,Shanna Pearson-Merkowitz,35,0,2,2026-09-04 21:19:21
2026-09-04 21:05:07,PLCY200,0301,Namrta Sharma,35,0,3,2026-09-04 21:19:21
2026-09-04 21:05:07,PLCY201,0101,Julio Guzman,70,0,0,2026-09-04 21:19:22
2026-09-04 21:05:07,PLCY201,0201,Gregory Ramsay,60,0,0,2026-09-04 21:19:22
2026-09-04 21:05:07,PLCY201,FC01,Anne Kaiser,32,1,0,2026-09-04 21:19:22
2026-09-04 21:05:07,PLCY201,FC02,Anne Kaiser,32,6,0,2026-09-04 21:19:22
2026-09-04 21:05:07,PLCY201S,0101,Susannah Washburn,80,4,0,2026-09-04 21:19:22
2026-09-04 21:05:07,PLCY203,0101,Thomas Hilde,60,7,0,2026-09-04 21:19:22
2026-09-04 21:05:07,PLCY203,0201,Anne Kaiser,60,38,0,2026-09-04 21:19:22
2026-09-04 21:05:07,PLCY213,0201,Claire Dunning,40,5,0,2026-09-04 21:19:23
2026-09-04 21:05:07,PLCY214,0101,Patricia Bory,65,20,0,2026-09-04 21:19:23
2026-09-04 21:05:07,PLCY240,0101,Timothy Reedy,30,1,0,2026-09-04 21:19:23
2026-09-04 21:05:07,PLCY288K,0101,CHRISTIAN OSTERMANN,25,3,0,2026-09-04 21:19:23
2026-09-04 21:05:07,PLCY300,0101,Alana Hackshaw,45,0,7,2026-09-04 21:19:24
2026-09-04 21:05:07,PLCY300,0201,Namrta Sharma,45,30,0,2026-09-04 21:19:24
2026-09-04 21:05:07,PLCY301,0101,Caroline Boules,165,7,0,2026-09-04 21:19:24
2026-09-04 21:05:07,PLCY302,0101,Niambi Carter,40,1,0,2026-09-04 21:19:24
2026-09-04 21:05:07,PLCY302,0201,Ebonie Johnson Cooper,40,2,0,2026-09-04 21:19:24
2026-09-04 21:05:07,PLCY302,0301,Lindsay Dieudonne,40,0,1,2026-09-04 21:19:24
2026-09-04 21:05:07,PLCY303,0101,Juan Martinez Guzman,40,4,0,2026-09-04 21:19:24
2026-09-04 21:05:07,PLCY304,0101,Michael Busse,40,11,0,2026-09-04 21:19:25
2026-09-04 21:05:07,PLCY304,0201,Michael Busse,40,12,0,2026-09-04 21:19:25
2026-09-04 21:05:07,PLCY309,0101,Martin Sanders,30,25,0,2026-09-04 21:19:25
2026-09-04 21:05:07,PLCY310,0101,Selvon Waldron,35,15,0,2026-09-04 21:19:25
2026-09-04 21:05:07,PLCY313,0101,Gerard Evans,100,2,0,2026-09-04 21:19:26
2026-09-04 21:05:07,PLCY371,0101,Joshua Itzkowitz Shifrinson,35,0,1,2026-09-04 21:19:26
2026-09-04 21:05:07,PLCY380,0101,Isabel O'Malley,40,0,0,2026-09-04 21:19:26
2026-09-04 21:05:07,PLCY380,ESG1,Kisha McNeill,30,1,0,2026-09-04 21:19:26
2026-09-04 21:05:07,PLCY388A,0101,Brandi Onowu,40,8,0,2026-09-04 21:19:26
2026-09-04 21:05:07,PLCY388N,0101,Nina Harris,25,2,0,2026-09-04 21:19:27
2026-09-04 21:05:07,PLCY390,0101,Lena Andrews,20,0,1,2026-09-04 21:19:27
2026-09-04 21:05:07,PLCY399B,0101,Beatrice DeBelen,30,19,0,2026-09-04 21:19:27
2026-09-04 21:05:07,PLCY400,0101,Patricia Bory,25,2,0,2026-09-04 21:19:28
2026-09-04 21:05:07,PLCY401,0101,Anand Patwardhan,20,5,0,2026-09-04 21:19:28
2026-09-04 21:05:07,PLCY401,0201,Tracy Thompson,20,0,1,2026-09-04 21:19:28
2026-09-04 21:05:07,PLCY401,0301,David Mussington,20,9,0,2026-09-04 21:19:28
2026-09-04 21:05:07,PLCY490,0101,Michael Woldemariam,15,1,0,2026-09-04 21:19:29
2026-09-04 21:05:07,PLCY492,0101,Steve Fetter,20,0,1,2026-09-04 21:19:29
2026-09-04 21:05:07,PLCY610,0201,Alec Worsnop,40,8,0,2026-09-04 21:19:29
2026-09-04 21:05:07,PLCY630,0101,Catherine Worsnop,25,2,0,2026-09-04 21:19:29
2026-09-04 21:05:07,PLCY630,0201,Catherine Worsnop,25,3,0,2026-09-04 21:19:29
2026-09-04 21:05:07,PLCY631,0101,Cullen Merritt,25,0,1,2026-09-04 21:19:30
2026-09-04 21:05:07,PLCY640,0201,Thomas Spreen,30,6,0,2026-09-04 21:19:30
2026-09-04 21:05:07,PLCY641,0101,Tyler Kustra,30,1,0,2026-09-04 21:19:30
2026-09-04 21:05:07,PLCY641,0201,Tyler Kustra,30,10,0,2026-09-04 21:19:30
2026-09-04 21:05:07,PLCY670,0101,Philip Joyce,30,0,0,2026-09-04 21:19:31
2026-09-04 21:05:07,PLCY680,0101,Claire Dunning,25,0,0,2026-09-04 21:19:31
2026-09-04 21:05:07,PLCY680,0201,Michael Woldemariam,25,5,0,2026-09-04 21:19:31
2026-09-04 21:05:07,PLCY688C,0101,Charles Harry,20,10,0,2026-09-04 21:19:31
2026-09-04 21:05:07,PLCY688F,PWL1,Nekeya O'Connor,20,1,0,2026-09-04 21:19:31
2026-09-04 21:05:07,PLCY688P,0101,Steve Fetter,10,1,0,2026-09-04 21:19:32
2026-09-04 21:05:07,PLCY688Z,0101,Brandi Onowu,20,6,0,2026-09-04 21:19:32
2026-09-04 21:05:07,PLCY689E,0101,Susan Parker,20,0,0,2026-09-04 21:19:32
2026-09-04 21:05:07,PLCY690,0110,David Mussington,15,3,0,2026-09-04 21:19:33
2026-09-04 21:05:07,PLCY690,0120,Margaret Brindle,15,2,0,2026-09-04 21:19:33
2026-09-04 21:05:07,PLCY690,0130,Douglas Call,15,0,0,2026-09-04 21:19:33
2026-09-04 21:05:07,PLCY690,0150,Paul Brown,15,1,0,2026-09-04 21:19:33
2026-09-04 21:05:07,PLCY690,0170,James Stillwell,15,0,0,2026-09-04 21:19:33
2026-09-04 21:05:07,PLCY698T,0101,Elizabeth Duke,20,7,0,2026-09-04 21:19:33
2026-09-04 21:05:07,PLCY699L,0101,Michael Woldemariam,10,2,0,2026-09-04 21:19:33
2026-09-04 21:05:07,PLCY720,0101,Nancy Gallagher,20,3,0,2026-09-04 21:19:33
2026-09-04 21:05:07,PLCY734,0101,Niambi Carter,20,1,0,2026-09-04 21:19:34
2026-09-04 21:05:07,PLCY735,0101,Robert Sprinkle,20,7,0,2026-09-04 21:19:34
2026-09-04 21:05:07,PLCY741,0101,Anand Patwardhan,20,7,0,2026-09-04 21:19:34
2026-09-04 21:05:07,PLCY742,0101,Thomas Hilde,20,8,0,2026-09-04 21:19:35
2026-09-04 21:05:07,PLCY780,0101,Robert Orr,20,0,0,2026-09-04 21:19:35
2026-09-04 21:05:07,PLCY781,0101,Julio Guzman,20,2,0,2026-09-04 21:19:35
2026-09-04 21:05:07,PLCY783,0101,Margaret Brindle,20,7,0,2026-09-04 21:19:35
2026-09-04 21:05:07,PLCY798F,PWL1,William Nolte,25,18,0,2026-09-04 21:19:36
2026-09-04 21:05:07,PLCY798V,0101,Shanna Pearson-Merkowitz,12,0,0,2026-09-04 21:19:37
2026-09-04 21:05:07,PLCY798W,0101,Martin Sanders,10,10,0,2026-09-04 21:19:37
2026-09-04 21:05:07,PLCY798Y,PWL1,Jeffrey Franco,25,0,0,2026-09-04 21:19:37
2026-09-04 21:05:07,PLCY798Z,0101,Peter Reuter,12,0,0,2026-09-04 21:19:38
2026-09-04 21:05:07,PLSC112,0101,Samuel Daramola,100,17,0,2026-09-04 21:19:40
2026-09-04 21:05:07,PLSC113,0101,Samuel Daramola,24,4,0,2026-09-04 21:19:40
2026-09-04 21:05:07,PLSC113,0102,Samuel Daramola,24,5,0,2026-09-04 21:19:40
2026-09-04 21:05:07,PLSC113,0103,Samuel Daramola,24,13,0,2026-09-04 21:19:40
2026-09-04 21:05:07,PLSC113,0104,Samuel Daramola,24,10,0,2026-09-04 21:19:40
2026-09-04 21:05:07,PLSC115,0101,Shirley Micallef,24,0,1,2026-09-04 21:19:40
2026-09-04 21:05:07,PLSC201,0101,Pierre Jacob,42,15,0,2026-09-04 21:19:41
2026-09-04 21:05:07,PLSC203,0101,Vijay Tiwari,23,17,0,2026-09-04 21:19:41
2026-09-04 21:05:07,PLSC205,0101,Mark Carroll,22,0,0,2026-09-04 21:19:41
2026-09-04 21:05:07,PLSC206,0101,Pierre Jacob,21,8,0,2026-09-04 21:19:41
2026-09-04 21:05:07,PLSC206,0102,Pierre Jacob,21,7,0,2026-09-04 21:19:41
2026-09-04 21:05:07,PLSC253,0101,Karen Petroff,24,0,0,2026-09-04 21:19:42
2026-09-04 21:05:07,PLSC253,0102,Karen Petroff,24,5,0,2026-09-04 21:19:42
2026-09-04 21:05:07,PLSC389,0101,Craig Beyrouty,17,17,0,2026-09-04 21:19:42
2026-09-04 21:05:07,PLSC402,0101,Geoffrey Rinehart,10,3,0,2026-09-04 21:19:42
2026-09-04 21:05:07,PLSC404,0101,Yiping Qi,20,9,0,2026-09-04 21:19:43
2026-09-04 21:05:07,PLSC420,0101,Nidhi Rawat,18,3,0,2026-09-04 21:19:43
2026-09-04 21:05:07,PLSC420,0102,Nidhi Rawat,18,13,0,2026-09-04 21:19:43
2026-09-04 21:05:07,PLSC433,0101,Diana Cochran,10,2,0,2026-09-04 21:19:43
2026-09-04 21:05:07,PLSC453,0101,Samuel Daramola,24,1,0,2026-09-04 21:19:44
2026-09-04 21:05:07,PLSC471,0101,Juanita Choo,20,0,0,2026-09-04 21:19:44
2026-09-04 21:05:07,PLSC476,0101,Maile Neel,23,19,0,2026-09-04 21:19:44
2026-09-04 21:05:07,PLSC608,0101,Shunyuan Xiao,20,13,0,2026-09-04 21:19:44
2026-09-04 21:05:07,PORT103,0101,Parker Brookie,15,8,0,2026-09-04 21:19:47
2026-09-04 21:05:07,PORT205,0101,Parker Brookie,15,4,0,2026-09-04 21:19:47
2026-09-04 21:05:07,PORT332,0101,Parker Brookie,25,0,0,2026-09-04 21:19:47
2026-09-04 21:05:07,RELS120,0101,Antoine Borrut,40,7,0,2026-09-04 21:20:13
2026-09-04 21:05:07,RELS170,0101,Chiara Graf,21,4,0,2026-09-04 21:20:14
2026-09-04 21:05:07,RELS170,0102,Chiara Graf,21,0,0,2026-09-04 21:20:14
2026-09-04 21:05:07,RELS170,0103,Chiara Graf,21,1,0,2026-09-04 21:20:14
2026-09-04 21:05:07,RELS170,0104,Chiara Graf,21,0,0,2026-09-04 21:20:14
2026-09-04 21:05:07,RELS170,0105,Chiara Graf,21,0,0,2026-09-04 21:20:14
2026-09-04 21:05:07,RELS170,0106,Chiara Graf,21,0,1,2026-09-04 21:20:14
2026-09-04 21:05:07,RELS170,0107,Chiara Graf,21,0,1,2026-09-04 21:20:14
2026-09-04 21:05:07,RELS170,0108,Chiara Graf,21,0,0,2026-09-04 21:20:14
2026-09-04 21:05:07,RELS170,0109,Chiara Graf,22,0,0,2026-09-04 21:20:14
2026-09-04 21:05:07,RELS171,0101,Maxine Grossman,40,0,0,2026-09-04 21:20:14
2026-09-04 21:05:07,RELS219K,0101,Shay Hazkani,40,32,0,2026-09-04 21:20:14
2026-09-04 21:05:07,RELS225,0101,Stephanie Cooper,25,0,0,2026-09-04 21:20:14
2026-09-04 21:05:07,RELS273,0101,Hayim Lapin,23,1,0,2026-09-04 21:20:15
2026-09-04 21:05:07,RELS273,0102,Hayim Lapin,23,1,0,2026-09-04 21:20:15
2026-09-04 21:05:07,RELS273,0103,Hayim Lapin,23,1,0,2026-09-04 21:20:15
2026-09-04 21:05:07,RELS274,0101,Matthew Suriano,20,0,3,2026-09-04 21:20:15
2026-09-04 21:05:07,RELS274,0102,Matthew Suriano,20,0,2,2026-09-04 21:20:15
2026-09-04 21:05:07,RELS274,0103,Matthew Suriano,20,0,3,2026-09-04 21:20:15
2026-09-04 21:05:07,RELS274,0104,Matthew Suriano,20,0,1,2026-09-04 21:20:15
2026-09-04 21:05:07,RELS319D,0101,Nathan Levine,35,25,0,2026-09-04 21:20:15
2026-09-04 21:05:07,RELS319Z,0101,Regev Ben-David,30,27,0,2026-09-04 21:20:16
2026-09-04 21:05:07,RELS341,0101,Janna Bianchini,30,0,0,2026-09-04 21:20:16
2026-09-04 21:05:07,RUSS101,0101,Inna Hardman,15,6,0,2026-09-04 21:20:18
2026-09-04 21:05:07,RUSS101,0201,Inna Hardman,15,4,0,2026-09-04 21:20:18
2026-09-04 21:05:07,RUSS201,0101,Zhanna Gerus-Vernola,15,8,0,2026-09-04 21:20:18
2026-09-04 21:05:07,RUSS301,0101,Izolda Savenkova,15,5,0,2026-09-04 21:20:18
2026-09-04 21:05:07,RUSS321,0101,Elizabeth Papazian,15,5,0,2026-09-04 21:20:18
2026-09-04 21:05:07,RUSS334,0101,Elizabeth Papazian,25,0,0,2026-09-04 21:20:19
2026-09-04 21:05:07,RUSS404,0101,Izolda Savenkova,15,1,0,2026-09-04 21:20:20
2026-09-04 21:05:07,SDSB123,0101,Brian Kim,40,7,0,2026-09-04 21:20:21
2026-09-04 21:05:07,SDSB180,0101,Brian Kim,180,137,0,2026-09-04 21:20:22
2026-09-04 21:05:07,SDSB233,0101,Jacob Coutts,25,1,0,2026-09-04 21:20:22
2026-09-04 21:05:07,SDSB233,0102,Jacob Coutts,25,10,0,2026-09-04 21:20:22
2026-09-04 21:05:07,SDSB233,0103,Jacob Coutts,25,8,0,2026-09-04 21:20:22
2026-09-04 21:05:07,SDSB326,0101,Jacob Coutts,50,31,0,2026-09-04 21:20:22
2026-09-04 21:05:07,SDSB340,0101,Neil Lund,40,0,0,2026-09-04 21:20:22
2026-09-04 21:05:07,SDSI414,0201,Maria Krupenkin,34,12,0,2026-09-04 21:20:24
2026-09-04 21:05:07,SDSI414,0202,Maria Krupenkin,34,0,0,2026-09-04 21:20:24
2026-09-04 21:05:07,SDSI492,0101,TJ Rainsford,50,11,0,2026-09-04 21:20:30
2026-09-04 21:05:07,SDSI492,0103,Mary Ann Francis,40,0,4,2026-09-04 21:20:30
2026-09-04 21:05:07,SDSI492,0104,TJ Rainsford,50,3,0,2026-09-04 21:20:30
2026-09-04 21:05:07,SDSI492,0106,Jesse Klein,50,0,11,2026-09-04 21:20:30
2026-09-04 21:05:07,SDSI492,0107,Connie Siebold,40,0,5,2026-09-04 21:20:30
2026-09-04 21:05:07,SDSI492,0110,Patrick Thornton,50,27,0,2026-09-04 21:20:30
2026-09-04 21:05:07,SLLC108I,0101,Instructor: TBA,5,4,0,2026-09-04 21:20:33
2026-09-04 21:05:07,SLLC108J,0101,Instructor: TBA,5,5,0,2026-09-04 21:20:33
2026-09-04 21:05:07,SLLC108W,0101,Instructor: TBA,5,4,0,2026-09-04 21:20:34
2026-09-04 21:05:07,SLLC118A,0101,Sean Pue,10,3,0,2026-09-04 21:20:34
2026-09-04 21:05:07,SLLC200,0101,Chris Lewis,30,0,0,2026-09-04 21:20:34
2026-09-04 21:05:07,SLLC286,0101,Andrew Schonebaum,60,6,0,2026-09-04 21:20:35
2026-09-04 21:05:07,SLLC309,0101,Ahmed Hanafy,10,10,0,2026-09-04 21:20:35
2026-09-04 21:05:07,SLLC309,0102,Ahmed Hanafy,10,8,0,2026-09-04 21:20:35
2026-09-04 21:05:07,SLLC309,0103,Ahmed Hanafy,10,8,0,2026-09-04 21:20:35
2026-09-04 21:05:07,SLLC309,0104,Ahmed Hanafy,10,6,0,2026-09-04 21:20:35
2026-09-04 21:05:07,SLLC309,0105,Ahmed Hanafy,10,6,0,2026-09-04 21:20:35
2026-09-04 21:05:07,SLLC309,0106,Ahmed Hanafy,10,7,0,2026-09-04 21:20:35
2026-09-04 21:05:07,SLLC309,0107,Ahmed Hanafy,10,8,0,2026-09-04 21:20:35
2026-09-04 21:05:07,SLLC309,0108,Ahmed Hanafy,10,9,0,2026-09-04 21:20:35
2026-09-04 21:05:07,SLLC309,0109,Ahmed Hanafy,10,7,0,2026-09-04 21:20:35
2026-09-04 21:05:07,SLLC309,0110,Ahmed Hanafy,10,4,0,2026-09-04 21:20:35
2026-09-04 21:05:07,SLLC309,0111,Ahmed Hanafy,10,10,0,2026-09-04 21:20:35
2026-09-04 21:05:07,SLLC329,0101,Marilyn Matar,12,0,0,2026-09-04 21:20:36
2026-09-04 21:05:07,SLLC329,0102,Marilyn Matar,10,1,0,2026-09-04 21:20:36
2026-09-04 21:05:07,SLLC329,0103,Marilyn Matar,21,2,0,2026-09-04 21:20:36
2026-09-04 21:05:07,SLLC329,0104,Marilyn Matar,10,4,0,2026-09-04 21:20:36
2026-09-04 21:05:07,SLLC329,0105,Marilyn Matar,10,9,0,2026-09-04 21:20:36
2026-09-04 21:05:07,SLLC329,0106,Marilyn Matar,10,1,0,2026-09-04 21:20:36
2026-09-04 21:05:07,SLLC329,0107,Marilyn Matar,10,7,0,2026-09-04 21:20:36
2026-09-04 21:05:07,SLLC329,0108,Marilyn Matar,10,7,0,2026-09-04 21:20:36
2026-09-04 21:05:07,SLLC329,0109,Marilyn Matar,10,4,0,2026-09-04 21:20:36
2026-09-04 21:05:07,SLLC329,0110,Marilyn Matar,20,4,0,2026-09-04 21:20:36
2026-09-04 21:05:07,SLLC350,0101,Michele Mason,30,27,0,2026-09-04 21:20:36
2026-09-04 21:05:07,SMLP470,0101,Brooke Smith,45,13,0,2026-09-04 21:20:37
2026-09-04 21:05:07,SMLP472,0101,Sara Herald,60,19,0,2026-09-04 21:20:38
2026-09-04 21:05:07,TLTC310,0101,Sarah Kistner,0,0,0,2026-09-04 21:21:26
2026-09-04 21:05:07,TLTC310,0201,Yanira Ortiz,20,11,0,2026-09-04 21:21:26
2026-09-04 21:05:07,TLTC333,0101,Mona Thompson,60,0,0,2026-09-04 21:21:27
2026-09-04 21:05:07,TLTC333,0102,Mona Thompson,60,0,0,2026-09-04 21:21:27
2026-09-04 21:05:07,TLTC333,0105,Mona Thompson,60,2,0,2026-09-04 21:21:27
2026-09-04 21:05:07,TLTC499A,0101,Mona Thompson,10,7,0,2026-09-04 21:21:28
2026-09-04 21:05:07,TLTC499A,0102,Danielle Pafe,10,6,0,2026-09-04 21:21:28
2026-09-04 21:05:07,UMEI005,0101,Charles Duquette,15,2,0,2026-09-04 21:21:29
2026-09-04 21:05:07,UMEI005,0201,Heather Mehrtens,15,9,0,2026-09-04 21:21:29
2026-09-04 21:05:07,UMEI005,0301,Marilena Draganescu,15,11,0,2026-09-04 21:21:29
2026-09-04 21:05:07,UMEI012,0101,Louise Godley,10,10,0,2026-09-04 21:21:30
2026-09-04 21:05:07,UMEI013,0101,Louise Godley,10,7,0,2026-09-04 21:21:30
2026-09-04 21:05:07,UMEI028A,0101,Raymond Smith,16,14,0,2026-09-04 21:21:30
2026-09-04 21:05:07,UMEI506,0101,Heather Mehrtens,16,0,0,2026-09-04 21:21:30
2026-09-04 21:05:07,UMEI506,0201,Heather Mehrtens,16,6,0,2026-09-04 21:21:30
2026-09-04 21:05:07,UMEI507,0101,Marilena Draganescu,15,4,0,2026-09-04 21:21:31
2026-09-04 21:05:07,USLT201,0101,Robert Chester,25,1,0,2026-09-04 21:21:38
2026-09-04 21:05:07,USLT398C,0101,Angela Pico Pinto,25,17,0,2026-09-04 21:21:38
2026-09-04 21:05:07,USLT450,0101,Robert Chester,20,0,2,2026-09-04 21:21:38
2026-09-04 21:05:07,USLT498C,0101,Ana Rodriguez,20,14,0,2026-09-04 21:21:39
2026-09-04 21:05:07,VIPS099,0115,Veronica Kang,5,3,0,2026-09-04 21:21:40
2026-09-04 21:05:07,VIPS208,0101,Mary Bowden,10,10,0,2026-09-04 21:21:40
2026-09-04 21:05:07,VIPS208,0102,Ken Kiger,10,2,0,2026-09-04 21:21:40
2026-09-04 21:05:07,VIPS208,0103,Bryan Quinn,10,7,0,2026-09-04 21:21:40
2026-09-04 21:05:07,VIPS208,0104,Abdil Chowdhury,10,1,0,2026-09-04 21:21:40
2026-09-04 21:05:07,VIPS208,0105,Molly Carton,10,7,0,2026-09-04 21:21:40
2026-09-04 21:05:07,VIPS208,0106,James Baeder,14,2,0,2026-09-04 21:21:40
2026-09-04 21:05:07,VIPS208,0107,Catherine Spirito,10,6,0,2026-09-04 21:21:40
2026-09-04 21:05:07,VIPS208,0108,Ronald Yaros,10,4,0,2026-09-04 21:21:40
2026-09-04 21:05:07,VIPS208,0109,Carinna Ferguson,10,6,0,2026-09-04 21:21:40
2026-09-04 21:05:07,VIPS208,0110,Tracy Riggins,15,0,0,2026-09-04 21:21:40
2026-09-04 21:05:07,VIPS208,0111,Kevin Calabro,13,2,0,2026-09-04 21:21:40
2026-09-04 21:05:07,VIPS208,0112,Raffaele Viglianti,10,5,0,2026-09-04 21:21:40
2026-09-04 21:05:07,VIPS208,0113,Shabnam Jabeen,10,4,0,2026-09-04 21:21:40
2026-09-04 21:05:07,VIPS208,0114,Ning Zeng,15,7,0,2026-09-04 21:21:40
2026-09-04 21:05:07,VIPS208,0115,Veronica Kang,10,5,0,2026-09-04 21:21:40
2026-09-04 21:05:07,VIPS208,0116,David Stewart,10,0,0,2026-09-04 21:21:40
2026-09-04 21:05:07,VIPS208,0117,Meredith Epstein,10,8,0,2026-09-04 21:21:40
2026-09-04 21:05:07,VIPS208,0118,Magaly Toro Ibaceta,10,3,0,2026-09-04 21:21:40
2026-09-04 21:05:07,VIPS208,0120,Marisa Parham,10,5,0,2026-09-04 21:21:40
2026-09-04 21:05:07,VIPS208,0121,Becky Epanchin-Niell,10,1,0,2026-09-04 21:21:40
2026-09-04 21:05:07,VIPS208,0122,Timothy Reedy,10,2,0,2026-09-04 21:21:40
2026-09-04 21:05:07,VIPS208,0123,Lingnan Lin,13,4,0,2026-09-04 21:21:40
2026-09-04 21:05:07,VIPS208,0124,Jeffrey Moro,10,4,0,2026-09-04 21:21:40
2026-09-04 21:05:07,VIPS208,0125,Peter Sunderland,12,4,0,2026-09-04 21:21:40
2026-09-04 21:05:07,VIPS208,0126,Brienna Anderson,10,3,0,2026-09-04 21:21:40
2026-09-04 21:05:07,VIPS308,0101,Mary Bowden,10,9,0,2026-09-04 21:21:41
2026-09-04 21:05:07,VIPS308,0102,Ken Kiger,10,3,0,2026-09-04 21:21:41
2026-09-04 21:05:07,VIPS308,0103,Bryan Quinn,10,2,0,2026-09-04 21:21:41
2026-09-04 21:05:07,VIPS308,0104,Abdil Chowdhury,10,3,0,2026-09-04 21:21:41
2026-09-04 21:05:07,VIPS308,0105,Molly Carton,10,3,0,2026-09-04 21:21:41
2026-09-04 21:05:07,VIPS308,0106,James Baeder,10,4,0,2026-09-04 21:21:41
2026-09-04 21:05:07,VIPS308,0107,Catherine Spirito,10,7,0,2026-09-04 21:21:41
2026-09-04 21:05:07,VIPS308,0108,Ronald Yaros,10,9,0,2026-09-04 21:21:41
2026-09-04 21:05:07,VIPS308,0109,Carinna Ferguson,10,6,0,2026-09-04 21:21:41
2026-09-04 21:05:07,VIPS308,0110,Tracy Riggins,10,0,0,2026-09-04 21:21:41
2026-09-04 21:05:07,VIPS308,0111,Kevin Calabro,10,6,0,2026-09-04 21:21:41
2026-09-04 21:05:07,VIPS308,0112,Raffaele Viglianti,10,10,0,2026-09-04 21:21:41
2026-09-04 21:05:07,VIPS308,0113,Shabnam Jabeen,10,8,0,2026-09-04 21:21:41
2026-09-04 21:05:07,VIPS308,0114,Ning Zeng,10,9,0,2026-09-04 21:21:41
2026-09-04 21:05:07,VIPS308,0115,Veronica Kang,10,10,0,2026-09-04 21:21:41
2026-09-04 21:05:07,VIPS308,0116,David Stewart,10,10,0,2026-09-04 21:21:41
2026-09-04 21:05:07,VIPS308,0117,Meredith Epstein,10,8,0,2026-09-04 21:21:41
2026-09-04 21:05:07,VIPS308,0118,Magaly Toro Ibaceta,10,10,0,2026-09-04 21:21:41
2026-09-04 21:05:07,VIPS308,0120,Marisa Parham,10,9,0,2026-09-04 21:21:41
2026-09-04 21:05:07,VIPS308,0121,Becky Epanchin-Niell,10,10,0,2026-09-04 21:21:41
2026-09-04 21:05:07,VIPS308,0122,Timothy Reedy,10,10,0,2026-09-04 21:21:41
2026-09-04 21:05:07,VIPS308,0123,Lingnan Lin,10,10,0,2026-09-04 21:21:41
2026-09-04 21:05:07,VIPS308,0124,Jeffrey Moro,10,10,0,2026-09-04 21:21:41
2026-09-04 21:05:07,VIPS308,0125,Peter Sunderland,10,10,0,2026-09-04 21:21:41
2026-09-04 21:05:07,VIPS308,0126,Brienna Anderson,10,10,0,2026-09-04 21:21:41
2026-09-04 21:05:07,VIPS408,0101,Mary Bowden,10,4,0,2026-09-04 21:21:41
2026-09-04 21:05:07,VIPS408,0102,Ken Kiger,10,8,0,2026-09-04 21:21:41
2026-09-04 21:05:07,VIPS408,0103,Bryan Quinn,10,3,0,2026-09-04 21:21:41
2026-09-04 21:05:07,VIPS408,0104,Abdil Chowdhury,10,8,0,2026-09-04 21:21:41
2026-09-04 21:05:07,VIPS408,0105,Molly Carton,10,8,0,2026-09-04 21:21:41
2026-09-04 21:05:07,VIPS408,0106,James Baeder,10,7,0,2026-09-04 21:21:41
2026-09-04 21:05:07,VIPS408,0107,Catherine Spirito,10,10,0,2026-09-04 21:21:41
2026-09-04 21:05:07,VIPS408,0108,Ronald Yaros,10,8,0,2026-09-04 21:21:41
2026-09-04 21:05:07,VIPS408,0109,Carinna Ferguson,10,8,0,2026-09-04 21:21:41
2026-09-04 21:05:07,VIPS408,0110,Tracy Riggins,10,10,0,2026-09-04 21:21:41
2026-09-04 21:05:07,VIPS408,0111,Kevin Calabro,10,7,0,2026-09-04 21:21:41
2026-09-04 21:05:07,VIPS408,0112,Raffaele Viglianti,10,9,0,2026-09-04 21:21:41
2026-09-04 21:05:07,VIPS408,0113,Shabnam Jabeen,10,10,0,2026-09-04 21:21:41
2026-09-04 21:05:07,VIPS408,0114,Ning Zeng,10,10,0,2026-09-04 21:21:41
2026-09-04 21:05:07,VIPS408,0115,Veronica Kang,10,10,0,2026-09-04 21:21:41
2026-09-04 21:05:07,VIPS408,0116,David Stewart,10,10,0,2026-09-04 21:21:41
2026-09-04 21:05:07,VIPS408,0117,Meredith Epstein,10,10,0,2026-09-04 21:21:41
2026-09-04 21:05:07,VIPS408,0118,Magaly Toro Ibaceta,10,9,0,2026-09-04 21:21:41
2026-09-04 21:05:07,VIPS408,0120,Marisa Parham,10,10,0,2026-09-04 21:21:41
2026-09-04 21:05:07,VIPS408,0121,Becky Epanchin-Niell,10,10,0,2026-09-04 21:21:41
2026-09-04 21:05:07,VIPS408,0122,Timothy Reedy,10,10,0,2026-09-04 21:21:41
2026-09-04 21:05:07,VIPS408,0123,Lingnan Lin,10,10,0,2026-09-04 21:21:41
2026-09-04 21:05:07,VIPS408,0124,Jeffrey Moro,10,10,0,2026-09-04 21:21:41
2026-09-04 21:05:07,VIPS408,0125,Peter Sunderland,10,10,0,2026-09-04 21:21:41
2026-09-04 21:05:07,VIPS408,0126,Brienna Anderson,10,10,0,2026-09-04 21:21:41
2026-09-04 21:05:07,WEID139B,0101,Denise Joseph,48,12,0,2026-09-04 21:21:44
2026-09-04 21:05:07,WEID139L,0201,Taylor Togafau-Lewis,48,18,0,2026-09-04 21:21:45
