Timestamp,Course,Section,Instructor,Total_Seats,Open_Seats,Waitlist,Fetch_Time
2026-07-08 23:46:32,EDHD200,0101,Lucas Butler,40,17,0,2026-07-08 23:59:52
2026-07-08 23:46:32,EDHD200,0301,Emily Neer,40,0,0,2026-07-08 23:59:52
2026-07-08 23:46:32,EDHD200,0401,Emily Neer,40,0,0,2026-07-08 23:59:52
2026-07-08 23:46:32,EDHD201,0101,Patricia Alexander,54,0,2,2026-07-08 23:59:53
2026-07-08 23:46:32,EDHD201,0201,Muhammad Fusenig,30,0,2,2026-07-08 23:59:53
2026-07-08 23:46:32,EDHD201,0301,Lauren Trakhman,36,0,9,2026-07-08 23:59:53
2026-07-08 23:46:32,EDHD201,FC01,Muhammad Fusenig,20,4,0,2026-07-08 23:59:53
2026-07-08 23:46:32,EDHD210,0101,Jennifer Smallwood-Holmes,25,15,0,2026-07-08 23:59:53
2026-07-08 23:46:32,EDHD220,0101,Instructor: TBA,6,4,0,2026-07-08 23:59:54
2026-07-08 23:46:32,EDHD220,0102,Instructor: TBA,7,6,0,2026-07-08 23:59:54
2026-07-08 23:46:32,EDHD220,0103,Instructor: TBA,6,6,0,2026-07-08 23:59:54
2026-07-08 23:46:32,EDHD220,0104,Instructor: TBA,6,4,0,2026-07-08 23:59:54
2026-07-08 23:46:32,EDHD230,FC01,Alina Maki,20,0,1,2026-07-08 23:59:54
2026-07-08 23:46:32,EDHD241,0101,Min Wang,40,2,0,2026-07-08 23:59:55
2026-07-08 23:46:32,EDHD251,FC01,Natasha Cabrera,20,0,0,2026-07-08 23:59:55
2026-07-08 23:46:32,EDHD306,0101,Joshua Shulkin,40,3,0,2026-07-08 23:59:56
2026-07-08 23:46:32,EDHD306,0201,Richard Prather,40,0,3,2026-07-08 23:59:56
2026-07-08 23:46:32,EDHD306,0401,Richard Prather,40,0,7,2026-07-08 23:59:56
2026-07-08 23:46:32,EDHD314,0101,Donald Bolger,35,12,0,2026-07-08 23:59:56
2026-07-08 23:46:32,EDHD320,0301,Jennie Lee-Kim,32,0,22,2026-07-08 23:59:57
2026-07-08 23:46:32,EDHD320,0501,Xianglin Zhang,32,0,1,2026-07-08 23:59:57
2026-07-08 23:46:32,EDHD320,0601,Olga Walker,30,0,21,2026-07-08 23:59:57
2026-07-08 23:46:32,EDHD320,0701,Emily Neer,32,0,29,2026-07-08 23:59:57
2026-07-08 23:46:32,EDHD320,0801,Emily Neer,40,10,0,2026-07-08 23:59:57
2026-07-08 23:46:32,EDHD320,0901,Megan Hurley,40,0,4,2026-07-08 23:59:57
2026-07-08 23:46:32,EDHD322,0101,Geetha Ramani,35,20,0,2026-07-08 23:59:57
2026-07-08 23:46:32,EDHD323,0101,Amanda Schwartz,35,20,0,2026-07-08 23:59:58
2026-07-08 23:46:32,EDHD390,0101,Olga Walker,30,4,0,2026-07-08 23:59:59
2026-07-08 23:46:32,EDHD400,0101,Olga Walker,38,0,13,2026-07-09 00:00:00
2026-07-08 23:46:32,EDHD402,0101,Stephen Gibson,40,0,5,2026-07-09 00:00:00
2026-07-08 23:46:32,EDHD402,0301,Christina Edmonds,38,0,2,2026-07-09 00:00:00
2026-07-08 23:46:32,EDHD411,0201,Rumeyza Karan,36,0,9,2026-07-09 00:00:01
2026-07-08 23:46:32,EDHD411,0301,Maylee Montagut Ascanio,36,1,0,2026-07-09 00:00:01
2026-07-08 23:46:32,EDHD412,0101,Megan Hurley,40,0,21,2026-07-09 00:00:01
2026-07-08 23:46:32,EDHD413,0101,Christina Edmonds,40,0,3,2026-07-09 00:00:02
2026-07-08 23:46:32,EDHD413,0201,Clara Plutzer,40,0,0,2026-07-09 00:00:02
2026-07-08 23:46:32,EDHD414,0101,Melike Hanedar,40,17,0,2026-07-09 00:00:02
2026-07-08 23:46:32,EDHD420,0101,Donald Bolger,40,26,0,2026-07-09 00:00:03
2026-07-08 23:46:32,EDHD425,0101,Min Wang,35,15,0,2026-07-09 00:00:04
2026-07-08 23:46:32,EDHD425,0301,Rachel Romeo,40,13,0,2026-07-09 00:00:04
2026-07-08 23:46:32,EDHD426,0101,Lauren Trakhman,36,8,0,2026-07-09 00:00:04
2026-07-08 23:46:32,EDHD441,0101,Christy Tirrell-Corbin,35,20,0,2026-07-09 00:00:05
2026-07-08 23:46:32,EDHD442,0101,Christy Tirrell-Corbin,35,20,0,2026-07-09 00:00:05
2026-07-08 23:46:32,EDHD443,0101,Christy Tirrell-Corbin,35,20,0,2026-07-09 00:00:06
2026-07-08 23:46:32,EDHD444,0101,Stephanie Varner,35,20,0,2026-07-09 00:00:07
2026-07-08 23:46:32,EDHD460,0101,Patricia Alexander,40,14,0,2026-07-09 00:00:07
2026-07-08 23:46:32,EDHD474,0101,Melanie Killen,20,16,0,2026-07-09 00:00:08
2026-07-08 23:46:32,EDHD690,0101,Lucas Butler,20,16,0,2026-07-09 00:00:09
2026-07-08 23:46:32,EDHD718,0101,Jennie Lee-Kim,10,6,0,2026-07-09 00:00:09
2026-07-08 23:46:32,EDHD750,0101,Melanie Killen,20,14,0,2026-07-09 00:00:10
2026-07-08 23:46:32,EDHD780,0101,Richard Prather,20,14,0,2026-07-09 00:00:10
2026-07-08 23:46:32,EDHI605,0101,Zeena Zakharia,20,11,0,2026-07-09 00:00:16
2026-07-08 23:46:32,EDHI606,0101,Steven Klees,20,12,0,2026-07-09 00:00:16
2026-07-08 23:46:32,EDHI650,0101,Sharon Fries-Britt,20,16,0,2026-07-09 00:00:17
2026-07-08 23:46:32,EDHI652,0101,Jeongeun Kim,15,12,0,2026-07-09 00:00:17
2026-07-08 23:46:32,EDHI672,0101,Steven Klees,20,13,0,2026-07-09 00:00:17
2026-07-08 23:46:32,EDHI750,0101,Taylor Woodman,20,14,0,2026-07-09 00:00:18
2026-07-08 23:46:32,EDHI788A,0101,Instructor: TBA,15,8,0,2026-07-09 00:00:19
2026-07-08 23:46:32,EDHI788M,0101,Awilda Rodriguez,15,15,0,2026-07-09 00:00:19
2026-07-08 23:46:32,EDHI788W,0101,Zeena Zakharia,12,12,0,2026-07-09 00:00:19
2026-07-08 23:46:32,EDHI888,0101,Sharon Fries-Britt,5,5,0,2026-07-09 00:00:21
2026-07-08 23:46:32,EDHI888,2301,Ashley Ogwo,5,5,0,2026-07-09 00:00:21
2026-07-08 23:46:32,EDHI888,2701,Marvin Titus,5,5,0,2026-07-09 00:00:21
2026-07-08 23:46:32,EDHI888,2801,Jeongeun Kim,5,5,0,2026-07-09 00:00:21
2026-07-08 23:46:32,EDHI888,3201,Awilda Rodriguez,5,3,0,2026-07-09 00:00:21
2026-07-08 23:46:32,EDSP210,0101,Mark Borinsky,20,11,0,2026-07-09 00:00:24
2026-07-08 23:46:32,EDSP210,FC01,Sara Pepkin Dataram,18,13,0,2026-07-09 00:00:24
2026-07-08 23:46:32,EDSP211,0101,Suzanne Muir,22,10,0,2026-07-09 00:00:25
2026-07-08 23:46:32,EDSP220,0101,Katryna Andrusik,16,0,0,2026-07-09 00:00:25
2026-07-08 23:46:32,EDSP311,0101,Meredith Gramlich,80,10,0,2026-07-09 00:00:26
2026-07-08 23:46:32,EDSP321,0101,Daija Waugh,32,17,0,2026-07-09 00:00:27
2026-07-08 23:46:32,EDSP400,0101,Seyma Intepe Tingir,40,24,0,2026-07-09 00:00:27
2026-07-08 23:46:32,EDSP401,0101,Wenxi Wu,30,16,0,2026-07-09 00:00:27
2026-07-08 23:46:32,EDSP401,0102,Jennifer McCatharn,30,4,0,2026-07-09 00:00:27
2026-07-08 23:46:32,EDSP404,0101,Veronica Kang,15,5,0,2026-07-09 00:00:28
2026-07-08 23:46:32,EDSP411,0101,Dawn Martin,20,6,0,2026-07-09 00:00:28
2026-07-08 23:46:32,EDSP413,0101,Kelli Cummings,22,6,0,2026-07-09 00:00:29
2026-07-08 23:46:32,EDSP417,0101,Jamie Smith,32,17,0,2026-07-09 00:00:29
2026-07-08 23:46:32,EDSP420,0101,Alina Maki,36,14,0,2026-07-09 00:00:29
2026-07-08 23:46:32,EDSP425,0101,Katryna Andrusik,30,16,0,2026-07-09 00:00:30
2026-07-08 23:46:32,EDSP443,0101,Anne Karabell,22,5,0,2026-07-09 00:00:30
2026-07-08 23:46:32,EDSP451,0101,Alicia Woolf,40,24,0,2026-07-09 00:00:31
2026-07-08 23:46:32,EDSP452,0101,Stacey Williams,20,10,0,2026-07-09 00:00:31
2026-07-08 23:46:32,EDSP484,0101,Katryna Andrusik,40,30,0,2026-07-09 00:00:32
2026-07-08 23:46:32,EDSP490,0101,Shanna Hirsch,20,10,0,2026-07-09 00:00:32
2026-07-08 23:46:32,EDSP499,0901,Instructor: TBA,5,5,0,2026-07-09 00:00:33
2026-07-08 23:46:32,EDSP602,0101,Seyma Intepe Tingir,40,24,0,2026-07-09 00:00:33
2026-07-08 23:46:32,EDSP602,PUR1,Seyma Intepe Tingir,40,40,0,2026-07-09 00:00:33
2026-07-08 23:46:32,EDSP602,PUR4,Seyma Intepe Tingir,15,13,0,2026-07-09 00:00:33
2026-07-08 23:46:32,EDSP613,0101,Kelli Cummings,22,6,0,2026-07-09 00:00:34
2026-07-08 23:46:32,EDSP625,0101,Seyma Intepe Tingir,20,9,0,2026-07-09 00:00:34
2026-07-08 23:46:32,EDSP652,0101,Alicia Woolf,40,24,0,2026-07-09 00:00:34
2026-07-08 23:46:32,EDSP652,PUA1,Kelly Piantedosi,17,17,0,2026-07-09 00:00:34
2026-07-08 23:46:32,EDSP652,PUA2,Kelly Piantedosi,17,17,0,2026-07-09 00:00:34
2026-07-08 23:46:32,EDSP652,PUA3,Kelly Piantedosi,17,17,0,2026-07-09 00:00:34
2026-07-08 23:46:32,EDSP665,PUR1,Nicole Abera,25,25,0,2026-07-09 00:00:35
2026-07-08 23:46:32,EDSP671,0101,Sehrish Shikarpurya,20,11,0,2026-07-09 00:00:35
2026-07-08 23:46:32,EDSP671,PUR3,Sehrish Shikarpurya,20,16,0,2026-07-09 00:00:35
2026-07-08 23:46:32,EDSP684,0101,Katryna Andrusik,40,30,0,2026-07-09 00:00:36
2026-07-08 23:46:32,EDSP690,0101,Shanna Hirsch,20,10,0,2026-07-09 00:00:36
2026-07-08 23:46:32,EDSP692,0101,Stacey Williams,5,5,0,2026-07-09 00:00:37
2026-07-08 23:46:32,EDSP860,0101,Sehrish Shikarpurya,15,11,0,2026-07-09 00:00:38
2026-07-08 23:46:32,EDSP871,0101,Veronica Kang,10,2,0,2026-07-09 00:00:39
2026-07-08 23:46:32,EDSP875,0101,Philip Burke,15,12,0,2026-07-09 00:00:39
2026-07-08 23:46:32,EDSP875,PUB1,Philip Burke,25,11,0,2026-07-09 00:00:39
2026-07-08 23:46:32,EDUC388,0401,Sharon Vanwright,20,20,0,2026-07-09 00:00:43
2026-07-08 23:46:32,EDUC388T,0101,Taylor Togafau-Lewis,30,24,0,2026-07-09 00:00:43
2026-07-08 23:46:32,EDUC388U,0201,Selah Thom,25,5,0,2026-07-09 00:00:44
2026-07-08 23:46:32,EDUC388U,0501,Evelyn Covington-Moore,20,20,0,2026-07-09 00:00:44
2026-07-08 23:46:32,EDUC498,0101,Taylor Togafau-Lewis,30,24,0,2026-07-09 00:00:44
2026-07-08 23:46:32,EDUC498B,0101,Christie De Leon,15,15,0,2026-07-09 00:00:45
2026-07-08 23:46:32,EDUC498B,0201,Brittani Berry,7,7,0,2026-07-09 00:00:45
2026-07-08 23:46:32,EDUC640,PUM2,Pamela Shetley,15,12,0,2026-07-09 00:00:45
2026-07-08 23:46:32,EDUC646,PUM2,Brian King,15,11,0,2026-07-09 00:00:45
2026-07-08 23:46:32,EDUC701,PXG3,Christine Neumerski,20,16,0,2026-07-09 00:00:46
2026-07-08 23:46:32,EDUC705,PUH3,Drew Fagan,20,20,0,2026-07-09 00:00:46
2026-07-08 23:46:32,EDUC770,PXG3,Cherise Hunter,20,16,0,2026-07-09 00:00:47
2026-07-08 23:46:32,EMBA788F,GX01,Judy Frels,25,8,0,2026-07-09 00:00:49
2026-07-08 23:46:32,EMBA788W,GX01,Zhi-Long Chen,25,7,0,2026-07-09 00:00:49
2026-07-08 23:46:32,EMBA789N,EM26,Rajshree Agarwal,50,50,0,2026-07-09 00:00:50
2026-07-08 23:46:32,EMBA798G,EM26,Jeffrey Mund,50,50,0,2026-07-09 00:00:50
2026-07-08 23:46:32,ENAE100,0101,Robert Sanner,27,20,0,2026-07-09 00:00:52
2026-07-08 23:46:32,ENAE100,0102,Robert Sanner,27,5,0,2026-07-09 00:00:52
2026-07-08 23:46:32,ENAE100,0103,Robert Sanner,27,17,0,2026-07-09 00:00:52
2026-07-08 23:46:32,ENAE100,0104,Robert Sanner,27,19,0,2026-07-09 00:00:52
2026-07-08 23:46:32,ENAE100,0105,Robert Sanner,27,23,0,2026-07-09 00:00:52
2026-07-08 23:46:32,ENAE100,0106,Robert Sanner,27,22,0,2026-07-09 00:00:52
2026-07-08 23:46:32,ENAE202,0104,Alban Sauret,29,23,0,2026-07-09 00:00:53
2026-07-08 23:46:32,ENAE203,0101,Lucas Pratt,27,0,3,2026-07-09 00:00:53
2026-07-08 23:46:32,ENAE203,0102,Lucas Pratt,27,0,5,2026-07-09 00:00:53
2026-07-08 23:46:32,ENAE203,0103,Lucas Pratt,38,0,1,2026-07-09 00:00:53
2026-07-08 23:46:32,ENAE203,0104,Lucas Pratt,38,0,1,2026-07-09 00:00:53
2026-07-08 23:46:32,ENAE203,0105,Lucas Pratt,38,0,2,2026-07-09 00:00:53
2026-07-08 23:46:32,ENAE222,0101,Instructor: TBA,45,0,0,2026-07-09 00:00:53
2026-07-08 23:46:32,ENAE222,0102,Instructor: TBA,45,0,1,2026-07-09 00:00:53
2026-07-08 23:46:32,ENAE222,0103,Instructor: TBA,45,18,0,2026-07-09 00:00:53
2026-07-08 23:46:32,ENAE222,0104,Instructor: TBA,45,0,1,2026-07-09 00:00:53
2026-07-08 23:46:32,ENAE283,0101,Benjamin Silbaugh,150,0,33,2026-07-09 00:00:54
2026-07-08 23:46:32,ENAE283H,0101,Alison Flatau,24,23,0,2026-07-09 00:00:54
2026-07-08 23:46:32,ENAE288B,0101,Caleb Becker-Schwartz,20,10,0,2026-07-09 00:00:55
2026-07-08 23:46:32,ENAE301,0101,Derek Paley,45,0,3,2026-07-09 00:00:55
2026-07-08 23:46:32,ENAE301,0102,Derek Paley,45,1,0,2026-07-09 00:00:55
2026-07-08 23:46:32,ENAE301,0103,Derek Paley,44,0,7,2026-07-09 00:00:55
2026-07-08 23:46:32,ENAE301,0104,Derek Paley,45,28,0,2026-07-09 00:00:55
2026-07-08 23:46:32,ENAE311,0101,Christopher Cadou,60,30,0,2026-07-09 00:00:56
2026-07-08 23:46:32,ENAE311,0102,Christoph Brehm,40,0,10,2026-07-09 00:00:56
2026-07-08 23:46:32,ENAE311H,0101,Stuart Laurence,25,13,0,2026-07-09 00:00:56
2026-07-08 23:46:32,ENAE362,0101,Ulrich Leiste,30,0,9,2026-07-09 00:00:56
2026-07-08 23:46:32,ENAE362,0102,Ulrich Leiste,30,9,0,2026-07-09 00:00:56
2026-07-08 23:46:32,ENAE362,0103,Ulrich Leiste,32,0,7,2026-07-09 00:00:56
2026-07-08 23:46:32,ENAE362,0104,Ulrich Leiste,30,22,0,2026-07-09 00:00:56
2026-07-08 23:46:32,ENAE362,0105,Ulrich Leiste,34,1,0,2026-07-09 00:00:56
2026-07-08 23:46:32,ENAE362,0106,Ulrich Leiste,32,9,0,2026-07-09 00:00:56
2026-07-08 23:46:32,ENAE380,0101,Mumu Xu,36,9,0,2026-07-09 00:00:57
2026-07-08 23:46:32,ENAE380,0102,Mumu Xu,36,4,0,2026-07-09 00:00:57
2026-07-08 23:46:32,ENAE380,0104,Mumu Xu,36,12,0,2026-07-09 00:00:57
2026-07-08 23:46:32,ENAE380,0105,Mumu Xu,36,0,4,2026-07-09 00:00:57
2026-07-08 23:46:32,ENAE380,0106,Mumu Xu,36,0,6,2026-07-09 00:00:57
2026-07-08 23:46:32,ENAE403,0101,Michael Otte,75,8,0,2026-07-09 00:00:58
2026-07-08 23:46:32,ENAE414,0101,Benjamin Silbaugh,75,1,0,2026-07-09 00:00:58
2026-07-08 23:46:32,ENAE423,0101,Sung Lee,150,4,0,2026-07-09 00:00:58
2026-07-08 23:46:32,ENAE423H,0101,Norman Wereley,25,8,0,2026-07-09 00:00:59
2026-07-08 23:46:32,ENAE441,0101,John Martin,100,9,0,2026-07-09 00:00:59
2026-07-08 23:46:32,ENAE455,0101,Kenneth Yu,70,3,0,2026-07-09 00:01:00
2026-07-08 23:46:32,ENAE457,0101,Ray Sedwick,100,23,0,2026-07-09 00:01:00
2026-07-08 23:46:32,ENAE457H,0101,Ray Sedwick,25,14,0,2026-07-09 00:01:01
2026-07-08 23:46:32,ENAE472,0101,Kenneth Yu,20,7,0,2026-07-09 00:01:01
2026-07-08 23:46:32,ENAE472,AEA1,Kenneth Yu,10,9,0,2026-07-09 00:01:01
2026-07-08 23:46:32,ENAE481,0101,Dominic Palumbo,50,6,0,2026-07-09 00:01:02
2026-07-08 23:46:32,ENAE481,0201,Sung Lee,18,0,0,2026-07-09 00:01:02
2026-07-08 23:46:32,ENAE481,0301,Vengalattore Nagaraj,10,6,0,2026-07-09 00:01:02
2026-07-08 23:46:32,ENAE483,0101,David Akin,100,7,0,2026-07-09 00:01:02
2026-07-08 23:46:32,ENAE488L,0101,Robert Sanner,7,5,0,2026-07-09 00:01:03
2026-07-08 23:46:32,ENAE488L,DE01,Robert Sanner,10,10,0,2026-07-09 00:01:03
2026-07-08 23:46:32,ENAE488L,TV01,Robert Sanner,5,5,0,2026-07-09 00:01:03
2026-07-08 23:46:32,ENAE601,0101,Liam Healy,25,17,0,2026-07-09 00:01:04
2026-07-08 23:46:32,ENAE601,AED1,Liam Healy,10,6,0,2026-07-09 00:01:04
2026-07-08 23:46:32,ENAE603,0101,Brent Barbee,15,11,0,2026-07-09 00:01:04
2026-07-08 23:46:32,ENAE603,AED1,Brent Barbee,10,10,0,2026-07-09 00:01:04
2026-07-08 23:46:32,ENAE631,0101,Inderjit Chopra,20,15,0,2026-07-09 00:01:05
2026-07-08 23:46:32,ENAE631,AED1,Inderjit Chopra,10,10,0,2026-07-09 00:01:05
2026-07-08 23:46:32,ENAE636,0101,Anubhav Datta,15,8,0,2026-07-09 00:01:05
2026-07-08 23:46:32,ENAE636,AED1,Anubhav Datta,10,10,0,2026-07-09 00:01:05
2026-07-08 23:46:32,ENAE641,0101,Robert Sanner,18,11,0,2026-07-09 00:01:06
2026-07-08 23:46:32,ENAE641,AED1,Robert Sanner,10,8,0,2026-07-09 00:01:06
2026-07-08 23:46:32,ENAE651,0101,Inderjit Chopra,20,15,0,2026-07-09 00:01:06
2026-07-08 23:46:32,ENAE651,AED1,Inderjit Chopra,10,10,0,2026-07-09 00:01:06
2026-07-08 23:46:32,ENAE655,0101,Anubhav Datta,17,15,0,2026-07-09 00:01:07
2026-07-08 23:46:32,ENAE655,AED1,Anubhav Datta,10,10,0,2026-07-09 00:01:07
2026-07-08 23:46:32,ENAE661,0101,Kenneth Yu,15,12,0,2026-07-09 00:01:07
2026-07-08 23:46:32,ENAE661,AED1,Kenneth Yu,10,10,0,2026-07-09 00:01:07
2026-07-08 23:46:32,ENAE662,0101,Ray Sedwick,10,6,0,2026-07-09 00:01:07
2026-07-08 23:46:32,ENAE662,AED1,Ray Sedwick,10,10,0,2026-07-09 00:01:07
2026-07-08 23:46:32,ENAE673,0101,Pino Martin,20,19,0,2026-07-09 00:01:08
2026-07-08 23:46:32,ENAE673,AED1,Pino Martin,10,10,0,2026-07-09 00:01:08
2026-07-08 23:46:32,ENAE682,0101,Stuart Laurence,20,18,0,2026-07-09 00:01:08
2026-07-08 23:46:32,ENAE682,AEA1,Stuart Laurence,15,11,0,2026-07-09 00:01:08
2026-07-08 23:46:32,ENAE684,0101,James Baeder,25,21,0,2026-07-09 00:01:09
2026-07-08 23:46:32,ENAE684,AED1,James Baeder,10,10,0,2026-07-09 00:01:09
2026-07-08 23:46:32,ENAE694,0101,David Israel,15,6,0,2026-07-09 00:01:09
2026-07-08 23:46:32,ENAE694,AED1,David Israel,5,0,0,2026-07-09 00:01:09
2026-07-08 23:46:32,ENAE788B,0101,Jared Grauer,15,4,0,2026-07-09 00:01:10
2026-07-08 23:46:32,ENAE788D,0101,David Akin,8,0,0,2026-07-09 00:01:10
2026-07-08 23:46:32,ENAE788K,0101,Robert Sanner,15,9,0,2026-07-09 00:01:10
2026-07-08 23:46:32,ENAE788K,AED1,Robert Sanner,10,10,0,2026-07-09 00:01:10
2026-07-08 23:46:32,ENAE791,0101,David Akin,20,3,0,2026-07-09 00:01:11
2026-07-08 23:46:32,ENAE791,AED1,David Akin,20,18,0,2026-07-09 00:01:11
2026-07-08 23:46:32,ENAI600,0101,C Ravishankar,35,26,0,2026-07-09 00:01:14
2026-07-08 23:46:32,ENAI600,AEC1,C Ravishankar,20,9,0,2026-07-09 00:01:14
2026-07-08 23:46:32,ENAI601,0101,Richard La,35,26,0,2026-07-09 00:01:14
2026-07-08 23:46:32,ENAI601,AEC1,Richard La,20,10,0,2026-07-09 00:01:14
2026-07-08 23:46:32,ENAI607,0101,Zoltan Safar,29,25,0,2026-07-09 00:01:15
2026-07-08 23:46:32,ENAI607,AEC1,Zoltan Safar,20,12,0,2026-07-09 00:01:15
2026-07-08 23:46:32,ENBC301,ESG1,Sivan Saravanapavan,20,19,0,2026-07-09 00:01:16
2026-07-08 23:46:32,ENBC311,ESG1,Bahaa Ghammraoui,20,19,0,2026-07-09 00:01:17
2026-07-08 23:46:32,ENBC322,ESG1,Kyunghun Lee,20,20,0,2026-07-09 00:01:17
2026-07-08 23:46:32,ENBC331,ESG1,Lan Ma,20,19,0,2026-07-09 00:01:18
2026-07-08 23:46:32,ENBC332,ESG1,Jamasp Azarnoosh,20,19,0,2026-07-09 00:01:18
2026-07-08 23:46:32,ENBC341,ESG1,Jarred Callura,20,20,0,2026-07-09 00:01:18
2026-07-08 23:46:32,ENBC353,ESG1,Jarred Callura,20,19,0,2026-07-09 00:01:19
2026-07-08 23:46:32,ENBC399,ESG1,Nan Xu,1,1,0,2026-07-09 00:01:19
2026-07-08 23:46:32,ENBC399,ESG2,Lan Ma,1,1,0,2026-07-09 00:01:19
2026-07-08 23:46:32,ENBC399,ESG3,Jamasp Azarnoosh,1,1,0,2026-07-09 00:01:19
2026-07-08 23:46:32,ENBC399,ESG4,Lan Ma,1,1,0,2026-07-09 00:01:19
2026-07-08 23:46:32,ENBC423,ESG1,Jian Su,20,15,0,2026-07-09 00:01:20
2026-07-08 23:46:32,ENBC425,ESG1,Jamasp Azarnoosh,20,15,0,2026-07-09 00:01:20
2026-07-08 23:46:32,ENBC431,ESG1,Lan Ma,20,15,0,2026-07-09 00:01:21
2026-07-08 23:46:32,ENCE100,PM01,Natasha Almeida e Andrade,25,0,1,2026-07-09 00:01:23
2026-07-08 23:46:32,ENCE202,0101,Frank White,40,0,3,2026-07-09 00:01:23
2026-07-08 23:46:32,ENCE202,0201,Frank White,40,0,4,2026-07-09 00:01:23
2026-07-08 23:46:32,ENCE203,0101,Peter Chang,55,16,0,2026-07-09 00:01:23
2026-07-08 23:46:32,ENCE205,0101,Birthe Kjellerup Shirtliff,12,1,0,2026-07-09 00:01:24
2026-07-08 23:46:32,ENCE215,0101,Natasha Almeida e Andrade,25,6,0,2026-07-09 00:01:24
2026-07-08 23:46:32,ENCE215,0201,Natasha Almeida e Andrade,25,1,0,2026-07-09 00:01:24
2026-07-08 23:46:32,ENCE303,0101,Michelle Bensi,30,0,4,2026-07-09 00:01:25
2026-07-08 23:46:32,ENCE303,0201,Michelle Bensi,30,0,2,2026-07-09 00:01:25
2026-07-08 23:46:32,ENCE305,0101,Kaye Brubaker,50,0,12,2026-07-09 00:01:25
2026-07-08 23:46:32,ENCE310,0101,Guangbin Li,30,15,0,2026-07-09 00:01:26
2026-07-08 23:46:32,ENCE312,0101,John Johnson,25,16,0,2026-07-09 00:01:26
2026-07-08 23:46:32,ENCE312,0201,John Johnson,25,21,0,2026-07-09 00:01:26
2026-07-08 23:46:32,ENCE325,0101,Miroslaw Skibniewski,55,0,12,2026-07-09 00:01:26
2026-07-08 23:46:32,ENCE340,0101,Ahmet Aydilek,57,0,0,2026-07-09 00:01:27
2026-07-08 23:46:32,ENCE353,0101,Mark Austin,60,10,0,2026-07-09 00:01:27
2026-07-08 23:46:32,ENCE360,0101,Mohammad Safaritaherkhani,36,0,6,2026-07-09 00:01:28
2026-07-08 23:46:32,ENCE365,0101,Jianqiang Wei,25,4,0,2026-07-09 00:01:28
2026-07-08 23:46:32,ENCE365,0102,Jianqiang Wei,25,0,1,2026-07-09 00:01:28
2026-07-08 23:46:32,ENCE370,0101,Cinzia Cirillo,60,4,0,2026-07-09 00:01:28
2026-07-08 23:46:32,ENCE411,0101,Alba Torrents Capdevila,12,0,1,2026-07-09 00:01:29
2026-07-08 23:46:32,ENCE411,0102,Alba Torrents Capdevila,12,6,0,2026-07-09 00:01:29
2026-07-08 23:46:32,ENCE422,0101,Qingbin Cui,60,10,0,2026-07-09 00:01:29
2026-07-08 23:46:32,ENCE423,0101,Kenneth O'Connell,40,0,7,2026-07-09 00:01:30
2026-07-08 23:46:32,ENCE424,0101,Shana Webster-Trotman,25,0,13,2026-07-09 00:01:30
2026-07-08 23:46:32,ENCE426,0101,Kiley Wilfong Cullen,40,0,1,2026-07-09 00:01:31
2026-07-08 23:46:32,ENCE426,0201,Kiley Wilfong Cullen,40,10,0,2026-07-09 00:01:31
2026-07-08 23:46:32,ENCE430,0101,Allison Reilly,30,25,0,2026-07-09 00:01:31
2026-07-08 23:46:32,ENCE432,0101,Kaye Brubaker,42,15,0,2026-07-09 00:01:31
2026-07-08 23:46:32,ENCE441,0101,Mohamed Aggour,70,7,0,2026-07-09 00:01:32
2026-07-08 23:46:32,ENCE444,0101,Yunfeng Zhang,12,0,0,2026-07-09 00:01:32
2026-07-08 23:46:32,ENCE444,0201,Ahmet Aydilek,12,0,1,2026-07-09 00:01:32
2026-07-08 23:46:32,ENCE454,0101,Peter Chang,25,0,1,2026-07-09 00:01:33
2026-07-08 23:46:32,ENCE454,0201,Santiago Bonetti,30,0,3,2026-07-09 00:01:33
2026-07-08 23:46:32,ENCE465,0101,Deb Niemeier,120,9,0,2026-07-09 00:01:33
2026-07-08 23:46:32,ENCE470,0101,ShiaauLir Wang,40,6,0,2026-07-09 00:01:33
2026-07-08 23:46:32,ENCE489C,0101,Yaron Sternberg,15,14,0,2026-07-09 00:01:34
2026-07-08 23:46:32,ENCE489S,0101,Neema Jakisa Owor,25,25,0,2026-07-09 00:01:35
2026-07-08 23:46:32,ENCE602,0101,Qingbin Cui,17,13,0,2026-07-09 00:01:35
2026-07-08 23:46:32,ENCE607,0101,John Johnson,25,23,0,2026-07-09 00:01:36
2026-07-08 23:46:32,ENCE607,PM01,John Johnson,25,20,0,2026-07-09 00:01:36
2026-07-08 23:46:32,ENCE613,0101,Yunfeng Zhang,25,18,0,2026-07-09 00:01:36
2026-07-08 23:46:32,ENCE614,0101,Shana Webster-Trotman,5,0,0,2026-07-09 00:01:36
2026-07-08 23:46:32,ENCE622,PM01,Miroslaw Skibniewski,25,17,0,2026-07-09 00:01:37
2026-07-08 23:46:32,ENCE632,0101,Allison Reilly,30,25,0,2026-07-09 00:01:37
2026-07-08 23:46:32,ENCE640,0101,Jongwan Eun,20,14,0,2026-07-09 00:01:38
2026-07-08 23:46:32,ENCE650,0101,Allen Davis,20,18,0,2026-07-09 00:01:38
2026-07-08 23:46:32,ENCE651,0101,Alba Torrents Capdevila,20,14,0,2026-07-09 00:01:39
2026-07-08 23:46:32,ENCE652,0101,Birthe Kjellerup Shirtliff,20,20,0,2026-07-09 00:01:39
2026-07-08 23:46:32,ENCE662,0101,Gregory Baecher,36,30,0,2026-07-09 00:01:39
2026-07-08 23:46:32,ENCE662,PM01,Gregory Baecher,24,13,0,2026-07-09 00:01:39
2026-07-08 23:46:32,ENCE664,0101,Mark Groff,15,10,0,2026-07-09 00:01:40
2026-07-08 23:46:32,ENCE664,PM01,Thomas Powell,30,22,0,2026-07-09 00:01:40
2026-07-08 23:46:32,ENCE666,PM01,Neil Schulman,30,15,0,2026-07-09 00:01:40
2026-07-08 23:46:32,ENCE670,0101,Gang-Len Chang,29,20,0,2026-07-09 00:01:41
2026-07-08 23:46:32,ENCE672,0101,Paul Schonfeld,25,19,0,2026-07-09 00:01:41
2026-07-08 23:46:32,ENCE688F,0101,Allen Davis,15,15,0,2026-07-09 00:01:41
2026-07-08 23:46:32,ENCE688I,0101,Cinzia Cirillo,20,18,0,2026-07-09 00:01:42
2026-07-08 23:46:32,ENCE688X,0101,Michelle Bensi,15,13,0,2026-07-09 00:01:42
2026-07-08 23:46:32,ENCO099,0101,Lizzy Solovey,200,193,0,2026-07-09 00:01:46
2026-07-08 23:46:32,ENEB302,ESG1,Wesley Lawson,20,20,0,2026-07-09 00:01:47
2026-07-08 23:46:32,ENEB340,ESG1,Nestor Michael Tiglao,20,20,0,2026-07-09 00:01:48
2026-07-08 23:46:32,ENEB341,ESG1,Nestor Michael Tiglao,20,20,0,2026-07-09 00:01:48
2026-07-08 23:46:32,ENEB344,ESG1,Jerry Wu,20,20,0,2026-07-09 00:01:49
2026-07-08 23:46:32,ENEB346,ESG1,Nestor Michael Tiglao,20,16,0,2026-07-09 00:01:49
2026-07-08 23:46:32,ENEB354,ESG1,Yavuz Oruc,20,20,0,2026-07-09 00:01:50
2026-07-08 23:46:32,ENEB408A,ESG1,Nestor Michael Tiglao,20,16,0,2026-07-09 00:01:50
2026-07-08 23:46:32,ENEB444,ESG1,Manoj Franklin,20,16,0,2026-07-09 00:01:50
2026-07-08 23:46:32,ENEB454,ESG1,Jerry Wu,20,16,0,2026-07-09 00:01:51
2026-07-08 23:46:32,ENED036,0101,Hillary Owusu,20,20,0,2026-07-09 00:01:53
2026-07-08 23:46:32,ENED101,0101,Shannon Bate,20,5,0,2026-07-09 00:01:53
2026-07-08 23:46:32,ENED115,0101,Instructor: TBA,100,19,0,2026-07-09 00:01:53
2026-07-08 23:46:32,ENED215,0101,Instructor: TBA,30,0,0,2026-07-09 00:01:54
2026-07-08 23:46:32,ENED215,0102,Instructor: TBA,40,21,0,2026-07-09 00:01:54
2026-07-08 23:46:32,ENED215,0103,Instructor: TBA,6,1,0,2026-07-09 00:01:54
2026-07-08 23:46:32,ENED290H,0101,Christopher Troilo,46,2,0,2026-07-09 00:01:54
2026-07-08 23:46:32,ENED390H,0101,Tony Barber,50,10,0,2026-07-09 00:01:55
2026-07-08 23:46:32,ENED394H,0101,Manmohan Aseri,65,15,0,2026-07-09 00:01:55
2026-07-08 23:46:32,ENED397,0101,Emily Marks,9,1,0,2026-07-09 00:01:55
2026-07-08 23:46:32,ENED490H,0101,David Ashley,45,7,0,2026-07-09 00:01:56
2026-07-08 23:46:32,ENED491,0101,Jessica Roffe,9,0,3,2026-07-09 00:01:56
2026-07-08 23:46:32,ENEE101,0101,Andre Tits,12,3,0,2026-07-09 00:01:58
2026-07-08 23:46:32,ENEE101,0102,Andre Tits,12,1,0,2026-07-09 00:01:58
2026-07-08 23:46:32,ENEE101,0103,Andre Tits,12,0,0,2026-07-09 00:01:58
2026-07-08 23:46:32,ENEE101,0104,Andre Tits,12,0,1,2026-07-09 00:01:58
2026-07-08 23:46:32,ENEE101,0105,Andre Tits,12,0,0,2026-07-09 00:01:58
2026-07-08 23:46:32,ENEE101,0106,Andre Tits,12,5,0,2026-07-09 00:01:58
2026-07-08 23:46:32,ENEE101,0107,Andre Tits,12,0,0,2026-07-09 00:01:58
2026-07-08 23:46:32,ENEE101,0108,Andre Tits,12,0,0,2026-07-09 00:01:58
2026-07-08 23:46:32,ENEE101,0109,Andre Tits,12,0,1,2026-07-09 00:01:58
2026-07-08 23:46:32,ENEE101,0110,Andre Tits,12,1,0,2026-07-09 00:01:58
2026-07-08 23:46:32,ENEE101,0111,Andre Tits,12,0,0,2026-07-09 00:01:58
2026-07-08 23:46:32,ENEE101,0112,Andre Tits,12,0,0,2026-07-09 00:01:58
2026-07-08 23:46:32,ENEE101,0113,Andre Tits,12,0,1,2026-07-09 00:01:58
2026-07-08 23:46:32,ENEE101,0114,Andre Tits,12,5,0,2026-07-09 00:01:58
2026-07-08 23:46:32,ENEE101,0115,Andre Tits,12,0,0,2026-07-09 00:01:58
2026-07-08 23:46:32,ENEE140,0101,Tudor Dumitras,12,5,0,2026-07-09 00:01:59
2026-07-08 23:46:32,ENEE140,0102,Tudor Dumitras,12,1,0,2026-07-09 00:01:59
2026-07-08 23:46:32,ENEE140,0103,Tudor Dumitras,12,1,0,2026-07-09 00:01:59
2026-07-08 23:46:32,ENEE140,0104,Tudor Dumitras,12,2,0,2026-07-09 00:01:59
2026-07-08 23:46:32,ENEE140,0105,Tudor Dumitras,12,4,0,2026-07-09 00:01:59
2026-07-08 23:46:32,ENEE140,0106,Tudor Dumitras,12,2,0,2026-07-09 00:01:59
2026-07-08 23:46:32,ENEE140,0107,Tudor Dumitras,12,12,0,2026-07-09 00:01:59
2026-07-08 23:46:32,ENEE140,0108,Tudor Dumitras,12,6,0,2026-07-09 00:01:59
2026-07-08 23:46:32,ENEE150,0101,Gang Qu,14,0,0,2026-07-09 00:01:59
2026-07-08 23:46:32,ENEE150,0102,Gang Qu,14,0,0,2026-07-09 00:01:59
2026-07-08 23:46:32,ENEE150,0103,Gang Qu,14,0,0,2026-07-09 00:01:59
2026-07-08 23:46:32,ENEE150,0104,Gang Qu,14,1,0,2026-07-09 00:01:59
2026-07-08 23:46:32,ENEE150,0105,Gang Qu,14,3,0,2026-07-09 00:01:59
2026-07-08 23:46:32,ENEE150,0106,Gang Qu,14,1,0,2026-07-09 00:01:59
2026-07-08 23:46:32,ENEE200,0101,Christine Alexander,16,0,3,2026-07-09 00:02:00
2026-07-08 23:46:32,ENEE200,0102,Christine Alexander,16,0,3,2026-07-09 00:02:00
2026-07-08 23:46:32,ENEE200,0103,Christine Alexander,16,0,1,2026-07-09 00:02:00
2026-07-08 23:46:32,ENEE200,0104,Christine Alexander,15,0,1,2026-07-09 00:02:00
2026-07-08 23:46:32,ENEE200,0105,Christine Alexander,15,0,1,2026-07-09 00:02:00
2026-07-08 23:46:32,ENEE200,0201,Nicole Mogul,16,0,3,2026-07-09 00:02:00
2026-07-08 23:46:32,ENEE200,0202,Nicole Mogul,16,0,3,2026-07-09 00:02:00
2026-07-08 23:46:32,ENEE200,0203,Nicole Mogul,16,0,4,2026-07-09 00:02:00
2026-07-08 23:46:32,ENEE200,0204,Nicole Mogul,15,0,4,2026-07-09 00:02:00
2026-07-08 23:46:32,ENEE200,0205,Nicole Mogul,15,0,6,2026-07-09 00:02:00
2026-07-08 23:46:32,ENEE205,0101,Wesley Lawson,12,0,3,2026-07-09 00:02:00
2026-07-08 23:46:32,ENEE205,0102,Wesley Lawson,12,0,3,2026-07-09 00:02:00
2026-07-08 23:46:32,ENEE205,0103,Wesley Lawson,12,0,2,2026-07-09 00:02:00
2026-07-08 23:46:32,ENEE205,0104,Wesley Lawson,12,0,3,2026-07-09 00:02:00
2026-07-08 23:46:32,ENEE205,0105,Wesley Lawson,12,0,2,2026-07-09 00:02:00
2026-07-08 23:46:32,ENEE205,0106,Wesley Lawson,12,0,4,2026-07-09 00:02:00
2026-07-08 23:46:32,ENEE205,0107,Wesley Lawson,12,0,3,2026-07-09 00:02:00
2026-07-08 23:46:32,ENEE205,0108,Wesley Lawson,12,0,3,2026-07-09 00:02:00
2026-07-08 23:46:32,ENEE205,0201,Romel Gomez,12,0,2,2026-07-09 00:02:00
2026-07-08 23:46:32,ENEE205,0202,Romel Gomez,12,0,1,2026-07-09 00:02:00
2026-07-08 23:46:32,ENEE205,0203,Romel Gomez,12,0,1,2026-07-09 00:02:00
2026-07-08 23:46:32,ENEE205,0204,Romel Gomez,12,0,1,2026-07-09 00:02:00
2026-07-08 23:46:32,ENEE205,0205,Romel Gomez,12,0,2,2026-07-09 00:02:00
2026-07-08 23:46:32,ENEE205,0206,Romel Gomez,12,0,2,2026-07-09 00:02:00
2026-07-08 23:46:32,ENEE222,0101,Sanghamitra Dutta,28,0,1,2026-07-09 00:02:01
2026-07-08 23:46:32,ENEE222,0102,Sanghamitra Dutta,28,0,1,2026-07-09 00:02:01
2026-07-08 23:46:32,ENEE222,0103,Sanghamitra Dutta,28,0,1,2026-07-09 00:02:01
2026-07-08 23:46:32,ENEE222,0201,Alejandra Mercado,28,0,0,2026-07-09 00:02:01
2026-07-08 23:46:32,ENEE222,0202,Alejandra Mercado,28,0,0,2026-07-09 00:02:01
2026-07-08 23:46:32,ENEE222,0203,Alejandra Mercado,28,0,3,2026-07-09 00:02:01
2026-07-08 23:46:32,ENEE244,0101,Cunxi Yu,14,0,1,2026-07-09 00:02:01
2026-07-08 23:46:32,ENEE244,0102,Cunxi Yu,14,0,2,2026-07-09 00:02:01
2026-07-08 23:46:32,ENEE244,0103,Cunxi Yu,14,0,1,2026-07-09 00:02:01
2026-07-08 23:46:32,ENEE244,0104,Cunxi Yu,14,0,0,2026-07-09 00:02:01
2026-07-08 23:46:32,ENEE244,0105,Cunxi Yu,14,0,1,2026-07-09 00:02:01
2026-07-08 23:46:32,ENEE244,0106,Cunxi Yu,12,4,0,2026-07-09 00:02:01
2026-07-08 23:46:32,ENEE244,0201,Dana Dachman-Soled,14,0,0,2026-07-09 00:02:01
2026-07-08 23:46:32,ENEE244,0202,Dana Dachman-Soled,14,0,0,2026-07-09 00:02:01
2026-07-08 23:46:32,ENEE244,0203,Dana Dachman-Soled,14,0,0,2026-07-09 00:02:01
2026-07-08 23:46:32,ENEE244,0204,Dana Dachman-Soled,14,0,0,2026-07-09 00:02:01
2026-07-08 23:46:32,ENEE244,0205,Dana Dachman-Soled,14,0,0,2026-07-09 00:02:01
2026-07-08 23:46:32,ENEE244,0301,Rajeev Barua,14,0,2,2026-07-09 00:02:01
2026-07-08 23:46:32,ENEE244,0302,Rajeev Barua,14,0,1,2026-07-09 00:02:01
2026-07-08 23:46:32,ENEE244,0303,Rajeev Barua,14,0,1,2026-07-09 00:02:01
2026-07-08 23:46:32,ENEE244,0304,Rajeev Barua,14,0,0,2026-07-09 00:02:01
2026-07-08 23:46:32,ENEE244,0305,Rajeev Barua,14,0,2,2026-07-09 00:02:01
2026-07-08 23:46:32,ENEE245,0101,Manoj Franklin,14,0,5,2026-07-09 00:02:02
2026-07-08 23:46:32,ENEE245,0102,Manoj Franklin,14,0,0,2026-07-09 00:02:02
2026-07-08 23:46:32,ENEE245,0103,Manoj Franklin,14,0,0,2026-07-09 00:02:02
2026-07-08 23:46:32,ENEE245,0104,Manoj Franklin,14,0,0,2026-07-09 00:02:02
2026-07-08 23:46:32,ENEE245,0105,Manoj Franklin,14,0,2,2026-07-09 00:02:02
2026-07-08 23:46:32,ENEE245,0106,Manoj Franklin,14,0,1,2026-07-09 00:02:02
2026-07-08 23:46:32,ENEE245,0107,Manoj Franklin,14,0,0,2026-07-09 00:02:02
2026-07-08 23:46:32,ENEE245,0108,Manoj Franklin,14,0,0,2026-07-09 00:02:02
2026-07-08 23:46:32,ENEE245,0109,Manoj Franklin,14,0,4,2026-07-09 00:02:02
2026-07-08 23:46:32,ENEE245,0110,Manoj Franklin,14,1,0,2026-07-09 00:02:02
2026-07-08 23:46:32,ENEE245,0111,Manoj Franklin,12,0,0,2026-07-09 00:02:02
2026-07-08 23:46:32,ENEE245,0112,Manoj Franklin,12,0,0,2026-07-09 00:02:02
2026-07-08 23:46:32,ENEE245,0113,Manoj Franklin,12,7,0,2026-07-09 00:02:02
2026-07-08 23:46:32,ENEE290,0101,Calin Belta,24,0,4,2026-07-09 00:02:02
2026-07-08 23:46:32,ENEE290,0102,Calin Belta,24,0,3,2026-07-09 00:02:02
2026-07-08 23:46:32,ENEE290,0103,Calin Belta,24,0,3,2026-07-09 00:02:02
2026-07-08 23:46:32,ENEE290,0201,Richard La,24,0,0,2026-07-09 00:02:02
2026-07-08 23:46:32,ENEE290,0202,Richard La,24,20,0,2026-07-09 00:02:02
2026-07-08 23:46:32,ENEE290,0203,Richard La,24,0,0,2026-07-09 00:02:02
2026-07-08 23:46:32,ENEE301,0101,Danilo Romero,10,8,0,2026-07-09 00:02:03
2026-07-08 23:46:32,ENEE301,0102,Danilo Romero,10,7,0,2026-07-09 00:02:03
2026-07-08 23:46:32,ENEE301,0103,Danilo Romero,10,0,0,2026-07-09 00:02:03
2026-07-08 23:46:32,ENEE301,0104,Danilo Romero,10,4,0,2026-07-09 00:02:03
2026-07-08 23:46:32,ENEE304,0101,Neil Goldsman,27,0,10,2026-07-09 00:02:03
2026-07-08 23:46:32,ENEE304,0102,Neil Goldsman,27,0,9,2026-07-09 00:02:03
2026-07-08 23:46:32,ENEE304,0201,Sahil Shah,26,0,7,2026-07-09 00:02:03
2026-07-08 23:46:32,ENEE304,0202,Sahil Shah,26,0,8,2026-07-09 00:02:03
2026-07-08 23:46:32,ENEE304,0301,Kevin Daniels,27,0,8,2026-07-09 00:02:03
2026-07-08 23:46:32,ENEE304,0302,Kevin Daniels,27,0,14,2026-07-09 00:02:03
2026-07-08 23:46:32,ENEE305,0101,Timothy Horiuchi,12,0,1,2026-07-09 00:02:04
2026-07-08 23:46:32,ENEE305,0102,Timothy Horiuchi,12,0,0,2026-07-09 00:02:04
2026-07-08 23:46:32,ENEE305,0103,Timothy Horiuchi,12,0,0,2026-07-09 00:02:04
2026-07-08 23:46:32,ENEE305,0104,Timothy Horiuchi,12,0,0,2026-07-09 00:02:04
2026-07-08 23:46:32,ENEE305,0105,Timothy Horiuchi,12,0,1,2026-07-09 00:02:04
2026-07-08 23:46:32,ENEE305,0106,Timothy Horiuchi,12,0,0,2026-07-09 00:02:04
2026-07-08 23:46:32,ENEE322,0101,Carol Espy-Wilson,9,9,0,2026-07-09 00:02:04
2026-07-08 23:46:32,ENEE322,0102,Carol Espy-Wilson,9,9,0,2026-07-09 00:02:04
2026-07-08 23:46:32,ENEE322,0103,Carol Espy-Wilson,9,9,0,2026-07-09 00:02:04
2026-07-08 23:46:32,ENEE322,0201,Alejandra Mercado,4,0,0,2026-07-09 00:02:04
2026-07-08 23:46:32,ENEE322,0202,Alejandra Mercado,5,0,0,2026-07-09 00:02:04
2026-07-08 23:46:32,ENEE322,0203,Alejandra Mercado,5,0,0,2026-07-09 00:02:04
2026-07-08 23:46:32,ENEE322,0301,Mark Shayman,6,0,0,2026-07-09 00:02:04
2026-07-08 23:46:32,ENEE322,0302,Mark Shayman,6,1,0,2026-07-09 00:02:04
2026-07-08 23:46:32,ENEE323,0101,Carol Espy-Wilson,8,1,0,2026-07-09 00:02:05
2026-07-08 23:46:32,ENEE323,0102,Carol Espy-Wilson,8,0,0,2026-07-09 00:02:05
2026-07-08 23:46:32,ENEE323,0103,Carol Espy-Wilson,8,1,0,2026-07-09 00:02:05
2026-07-08 23:46:32,ENEE323,0201,Alejandra Mercado,11,0,2,2026-07-09 00:02:05
2026-07-08 23:46:32,ENEE323,0202,Alejandra Mercado,13,0,1,2026-07-09 00:02:05
2026-07-08 23:46:32,ENEE323,0203,Alejandra Mercado,13,0,0,2026-07-09 00:02:05
2026-07-08 23:46:32,ENEE323,0301,Mark Shayman,11,0,1,2026-07-09 00:02:05
2026-07-08 23:46:32,ENEE323,0302,Mark Shayman,12,0,1,2026-07-09 00:02:05
2026-07-08 23:46:32,ENEE324,0101,Prakash Narayan,20,0,1,2026-07-09 00:02:05
2026-07-08 23:46:32,ENEE324,0102,Prakash Narayan,20,0,1,2026-07-09 00:02:05
2026-07-08 23:46:32,ENEE324,0201,Alexander Barg,20,0,0,2026-07-09 00:02:05
2026-07-08 23:46:32,ENEE324,0202,Alexander Barg,20,11,0,2026-07-09 00:02:05
2026-07-08 23:46:32,ENEE350,0101,Yavuz Oruc,27,0,0,2026-07-09 00:02:05
2026-07-08 23:46:32,ENEE350,0102,Yavuz Oruc,26,0,1,2026-07-09 00:02:05
2026-07-08 23:46:32,ENEE350,0201,Yavuz Oruc,27,0,2,2026-07-09 00:02:05
2026-07-08 23:46:32,ENEE350,0202,Yavuz Oruc,25,0,0,2026-07-09 00:02:05
2026-07-08 23:46:32,ENEE350,0301,Rajeev Barua,28,0,3,2026-07-09 00:02:05
2026-07-08 23:46:32,ENEE350,0302,Rajeev Barua,27,0,4,2026-07-09 00:02:05
2026-07-08 23:46:32,ENEE382,0101,Wesley Lawson,19,0,0,2026-07-09 00:02:06
2026-07-08 23:46:32,ENEE382,0102,Wesley Lawson,19,0,0,2026-07-09 00:02:06
2026-07-08 23:46:32,ENEE382,0201,Howard Milchberg,17,0,0,2026-07-09 00:02:06
2026-07-08 23:46:32,ENEE382,0202,Howard Milchberg,17,0,1,2026-07-09 00:02:06
2026-07-08 23:46:32,ENEE408A,0101,William Hawkins,18,0,2,2026-07-09 00:02:06
2026-07-08 23:46:32,ENEE408C,0101,Shuvra Bhattacharyya,16,0,0,2026-07-09 00:02:07
2026-07-08 23:46:32,ENEE408I,0101,Shihab Shamma,21,0,1,2026-07-09 00:02:07
2026-07-08 23:46:32,ENEE408J,0101,Joseph Beaudoin,14,0,0,2026-07-09 00:02:08
2026-07-08 23:46:32,ENEE408J,0102,Joseph Beaudoin,14,0,0,2026-07-09 00:02:08
2026-07-08 23:46:32,ENEE408V,0101,Romel Gomez,16,0,1,2026-07-09 00:02:08
2026-07-08 23:46:32,ENEE411,0101,Jesse Moody,46,4,0,2026-07-09 00:02:08
2026-07-08 23:46:32,ENEE416,0101,Agisilaos Iliadis,5,0,5,2026-07-09 00:02:09
2026-07-08 23:46:32,ENEE416,0102,Agisilaos Iliadis,5,0,4,2026-07-09 00:02:09
2026-07-08 23:46:32,ENEE416,0103,Agisilaos Iliadis,5,0,5,2026-07-09 00:02:09
2026-07-08 23:46:32,ENEE416,0104,Agisilaos Iliadis,5,0,4,2026-07-09 00:02:09
2026-07-08 23:46:32,ENEE416,0105,Agisilaos Iliadis,5,0,0,2026-07-09 00:02:09
2026-07-08 23:46:32,ENEE416,0106,Agisilaos Iliadis,5,0,5,2026-07-09 00:02:09
2026-07-08 23:46:32,ENEE420,0101,Mark Shayman,30,2,0,2026-07-09 00:02:09
2026-07-08 23:46:32,ENEE425,0101,Armand Makowski,25,18,0,2026-07-09 00:02:10
2026-07-08 23:46:32,ENEE427,0101,Zoltan Safar,10,0,0,2026-07-09 00:02:10
2026-07-08 23:46:32,ENEE429Z,0101,Zhambyl Shaikhanov,25,2,0,2026-07-09 00:02:11
2026-07-08 23:46:32,ENEE436,0101,Richard La,38,0,0,2026-07-09 00:02:11
2026-07-08 23:46:32,ENEE439A,0101,Alejandra Mercado,10,8,0,2026-07-09 00:02:11
2026-07-08 23:46:32,ENEE440,0101,William Hawkins,20,0,2,2026-07-09 00:02:12
2026-07-08 23:46:32,ENEE445,0101,William Hawkins,12,0,2,2026-07-09 00:02:12
2026-07-08 23:46:32,ENEE445,0102,William Hawkins,12,5,0,2026-07-09 00:02:12
2026-07-08 23:46:32,ENEE446,0101,Manoj Franklin,70,1,0,2026-07-09 00:02:13
2026-07-08 23:46:32,ENEE447,0101,Manoj Franklin,20,14,0,2026-07-09 00:02:13
2026-07-08 23:46:32,ENEE447,0102,Manoj Franklin,20,7,0,2026-07-09 00:02:13
2026-07-08 23:46:32,ENEE456,0101,Shin Song,35,0,1,2026-07-09 00:02:13
2026-07-08 23:46:32,ENEE456,0201,Aravind Srinivasan,52,0,0,2026-07-09 00:02:13
2026-07-08 23:46:32,ENEE456,0401,Jonathan Rosenberg,35,25,0,2026-07-09 00:02:13
2026-07-08 23:46:32,ENEE457,0101,Yonghwi Kwon,75,3,0,2026-07-09 00:02:14
2026-07-08 23:46:32,ENEE459A,0101,William Hawkins,15,0,2,2026-07-09 00:02:14
2026-07-08 23:46:32,ENEE459E,0101,Isaac McDaniel,15,8,0,2026-07-09 00:02:15
2026-07-08 23:46:32,ENEE459L,0101,Ang Li,30,7,0,2026-07-09 00:02:15
2026-07-08 23:46:32,ENEE459P,0101,Uzi Vishkin,25,4,0,2026-07-09 00:02:16
2026-07-08 23:46:32,ENEE460,0101,Kaiqing Zhang,37,1,0,2026-07-09 00:02:16
2026-07-08 23:46:32,ENEE467,0101,Calin Belta,20,1,0,2026-07-09 00:02:16
2026-07-08 23:46:32,ENEE467,0102,Calin Belta,20,1,0,2026-07-09 00:02:16
2026-07-08 23:46:32,ENEE467,0103,Calin Belta,20,1,0,2026-07-09 00:02:16
2026-07-08 23:46:32,ENEE467,0104,Calin Belta,20,5,0,2026-07-09 00:02:16
2026-07-08 23:46:32,ENEE474,0101,David Bowen,44,0,2,2026-07-09 00:02:17
2026-07-08 23:46:32,ENEE476,0101,Xin Zan,70,0,8,2026-07-09 00:02:17
2026-07-08 23:46:32,ENEE484,0101,Cheng Gong,37,0,0,2026-07-09 00:02:18
2026-07-08 23:46:32,ENEE486,0101,Mario Dagenais,6,0,0,2026-07-09 00:02:18
2026-07-08 23:46:32,ENEE489R,0101,Wesley Lawson,20,0,0,2026-07-09 00:02:19
2026-07-08 23:46:32,ENEE489W,0101,Ronald Walsworth,6,3,0,2026-07-09 00:02:19
2026-07-08 23:46:32,ENEE492,0101,Steven Rolston,49,2,0,2026-07-09 00:02:20
2026-07-08 23:46:32,ENEE493,0101,Julius Goldhar,12,1,0,2026-07-09 00:02:20
2026-07-08 23:46:32,ENEE600,0101,Agisilaos Iliadis,25,0,4,2026-07-09 00:02:21
2026-07-08 23:46:32,ENEE605,0101,Reza Ghodssi,30,11,0,2026-07-09 00:02:22
2026-07-08 23:46:32,ENEE611,0101,Timothy Horiuchi,30,16,0,2026-07-09 00:02:22
2026-07-08 23:46:32,ENEE620,0101,Prakash Narayan,18,0,0,2026-07-09 00:02:23
2026-07-08 23:46:32,ENEE620,0102,Prakash Narayan,18,7,0,2026-07-09 00:02:23
2026-07-08 23:46:32,ENEE630,0101,Behtash Babadi,40,13,0,2026-07-09 00:02:23
2026-07-08 23:46:32,ENEE634,0101,Armand Makowski,20,12,0,2026-07-09 00:02:23
2026-07-08 23:46:32,ENEE641,0101,Uzi Vishkin,30,22,0,2026-07-09 00:02:24
2026-07-08 23:46:32,ENEE646,0101,Donald Yeung,35,17,0,2026-07-09 00:02:24
2026-07-08 23:46:32,ENEE651,0101,Uzi Vishkin,25,4,0,2026-07-09 00:02:25
2026-07-08 23:46:32,ENEE660,0101,John Baras,30,18,0,2026-07-09 00:02:25
2026-07-08 23:46:32,ENEE662,0101,Nuno Martins,35,13,0,2026-07-09 00:02:26
2026-07-08 23:46:32,ENEE680,0101,Instructor: TBA,25,16,0,2026-07-09 00:02:26
2026-07-08 23:46:32,ENEE690,0101,Edo Waks,30,3,0,2026-07-09 00:02:26
2026-07-08 23:46:32,ENEE698Q,0101,Sennur Ulukus,80,18,0,2026-07-09 00:02:27
2026-07-08 23:46:32,ENEE719G,0101,Xin Zan,30,18,0,2026-07-09 00:02:28
2026-07-08 23:46:32,ENEE729M,0101,Thomas Marzetta,25,21,0,2026-07-09 00:02:28
2026-07-08 23:46:32,ENEE739Z,0101,Christopher Metzler,30,0,1,2026-07-09 00:02:28
2026-07-08 23:46:32,ENEE759C,0101,Bahar Asgari,30,11,0,2026-07-09 00:02:29
2026-07-08 23:46:32,ENEE762,0101,Perinkulam Krishnaprasad,20,14,0,2026-07-09 00:02:29
2026-07-08 23:46:32,ENEE789D,0101,Mario Dagenais,6,0,0,2026-07-09 00:02:30
2026-07-08 23:46:32,ENEE789P,0101,Saikat Guha,20,2,0,2026-07-09 00:02:30
2026-07-08 23:46:32,ENEE789W,0101,Ronald Walsworth,12,9,0,2026-07-09 00:02:31
2026-07-08 23:46:32,ENEE791,0101,Thomas Murphy,40,27,0,2026-07-09 00:02:31
2026-07-08 23:46:32,ENES100,0301,Instructor: TBA,32,0,7,2026-07-09 00:02:35
2026-07-08 23:46:32,ENES100,0302,Instructor: TBA,32,0,7,2026-07-09 00:02:35
2026-07-08 23:46:32,ENES100,0401,Instructor: TBA,32,0,4,2026-07-09 00:02:35
2026-07-08 23:46:32,ENES100,0402,Instructor: TBA,32,0,2,2026-07-09 00:02:35
2026-07-08 23:46:32,ENES100,0501,Instructor: TBA,32,0,3,2026-07-09 00:02:35
2026-07-08 23:46:32,ENES100,0502,Instructor: TBA,32,0,4,2026-07-09 00:02:35
2026-07-08 23:46:32,ENES100,0601,Instructor: TBA,32,0,6,2026-07-09 00:02:35
2026-07-08 23:46:32,ENES100,0602,Instructor: TBA,32,0,6,2026-07-09 00:02:35
2026-07-08 23:46:32,ENES100,0701,Instructor: TBA,32,0,3,2026-07-09 00:02:35
2026-07-08 23:46:32,ENES100,0702,Instructor: TBA,32,0,2,2026-07-09 00:02:35
2026-07-08 23:46:32,ENES100,0801,Instructor: TBA,32,0,8,2026-07-09 00:02:35
2026-07-08 23:46:32,ENES100,0802,Instructor: TBA,32,0,9,2026-07-09 00:02:35
2026-07-08 23:46:32,ENES100,1002,Instructor: TBA,32,0,2,2026-07-09 00:02:35
2026-07-08 23:46:32,ENES100,FC01,Instructor: TBA,38,0,1,2026-07-09 00:02:35
2026-07-08 23:46:32,ENES100,FC02,Instructor: TBA,38,0,1,2026-07-09 00:02:35
2026-07-08 23:46:32,ENES100,FC03,Joshua Cocker,38,0,1,2026-07-09 00:02:35
2026-07-08 23:46:32,ENES102,0102,Instructor: TBA,45,0,0,2026-07-09 00:02:36
2026-07-08 23:46:32,ENES102,0103,Instructor: TBA,45,0,5,2026-07-09 00:02:36
2026-07-08 23:46:32,ENES102,0104,Instructor: TBA,45,6,0,2026-07-09 00:02:36
2026-07-08 23:46:32,ENES102,0106,Instructor: TBA,45,17,0,2026-07-09 00:02:36
2026-07-08 23:46:32,ENES102H,0101,Instructor: TBA,45,31,0,2026-07-09 00:02:36
2026-07-08 23:46:32,ENES102H,0201,Instructor: TBA,45,33,0,2026-07-09 00:02:36
2026-07-08 23:46:32,ENES102H,0301,Instructor: TBA,45,38,0,2026-07-09 00:02:36
2026-07-08 23:46:32,ENES138,0101,Paige Smith,32,0,9,2026-07-09 00:02:37
2026-07-08 23:46:32,ENES138,0201,Edward Eisenstein,32,0,8,2026-07-09 00:02:37
2026-07-08 23:46:32,ENES140,0101,James Green,250,0,0,2026-07-09 00:02:38
2026-07-08 23:46:32,ENES140,0201,James Green,250,0,0,2026-07-09 00:02:38
2026-07-08 23:46:32,ENES140,0301,James Green,250,163,0,2026-07-09 00:02:38
2026-07-08 23:46:32,ENES140,0401,James Green,250,236,0,2026-07-09 00:02:38
2026-07-08 23:46:32,ENES140,FC01,Michael Pratt,100,86,0,2026-07-09 00:02:38
2026-07-08 23:46:32,ENES181,0101,Samuel Graham,100,89,0,2026-07-09 00:02:38
2026-07-08 23:46:32,ENES200,0101,Roan Parrish,16,0,3,2026-07-09 00:02:39
2026-07-08 23:46:32,ENES200,0102,Roan Parrish,16,0,4,2026-07-09 00:02:39
2026-07-08 23:46:32,ENES200,0103,Roan Parrish,16,0,2,2026-07-09 00:02:39
2026-07-08 23:46:32,ENES200,0104,Roan Parrish,15,1,0,2026-07-09 00:02:39
2026-07-08 23:46:32,ENES200,0105,Roan Parrish,15,0,2,2026-07-09 00:02:39
2026-07-08 23:46:32,ENES200,0201,Alexandra Harlig,16,0,5,2026-07-09 00:02:39
2026-07-08 23:46:32,ENES200,0202,Alexandra Harlig,16,0,6,2026-07-09 00:02:39
2026-07-08 23:46:32,ENES200,0203,Alexandra Harlig,16,0,5,2026-07-09 00:02:39
2026-07-08 23:46:32,ENES200,0204,Alexandra Harlig,15,0,2,2026-07-09 00:02:39
2026-07-08 23:46:32,ENES200,0205,Alexandra Harlig,15,0,7,2026-07-09 00:02:39
2026-07-08 23:46:32,ENES200,0301,Jesse Klein,16,0,4,2026-07-09 00:02:39
2026-07-08 23:46:32,ENES200,0302,Jesse Klein,16,0,4,2026-07-09 00:02:39
2026-07-08 23:46:32,ENES200,0303,Jesse Klein,16,0,4,2026-07-09 00:02:39
2026-07-08 23:46:32,ENES200,0304,Jesse Klein,15,0,3,2026-07-09 00:02:39
2026-07-08 23:46:32,ENES200,0305,Jesse Klein,15,0,9,2026-07-09 00:02:39
2026-07-08 23:46:32,ENES200,0401,Alexandra Harlig,16,0,4,2026-07-09 00:02:39
2026-07-08 23:46:32,ENES200,0402,Alexandra Harlig,16,0,5,2026-07-09 00:02:39
2026-07-08 23:46:32,ENES200,0403,Alexandra Harlig,16,0,6,2026-07-09 00:02:39
2026-07-08 23:46:32,ENES200,0404,Alexandra Harlig,15,0,6,2026-07-09 00:02:39
2026-07-08 23:46:32,ENES200,0405,Alexandra Harlig,15,0,5,2026-07-09 00:02:39
2026-07-08 23:46:32,ENES200,0501,Roan Parrish,16,0,2,2026-07-09 00:02:39
2026-07-08 23:46:32,ENES200,0502,Roan Parrish,16,0,2,2026-07-09 00:02:39
2026-07-08 23:46:32,ENES200,0503,Roan Parrish,16,0,4,2026-07-09 00:02:39
2026-07-08 23:46:32,ENES200,0504,Roan Parrish,15,0,4,2026-07-09 00:02:39
2026-07-08 23:46:32,ENES200,0505,Roan Parrish,15,0,5,2026-07-09 00:02:39
2026-07-08 23:46:32,ENES200,0601,Aris Cleanthous,15,0,1,2026-07-09 00:02:39
2026-07-08 23:46:32,ENES200,0602,Aris Cleanthous,15,0,3,2026-07-09 00:02:39
2026-07-08 23:46:32,ENES200,0603,Aris Cleanthous,15,0,5,2026-07-09 00:02:39
2026-07-08 23:46:32,ENES200,0604,Aris Cleanthous,15,0,2,2026-07-09 00:02:39
2026-07-08 23:46:32,ENES210,0101,James Green,132,90,0,2026-07-09 00:02:40
2026-07-08 23:46:32,ENES210,0201,James Green,132,20,0,2026-07-09 00:02:40
2026-07-08 23:46:32,ENES210,0301,James Green,132,0,0,2026-07-09 00:02:40
2026-07-08 23:46:32,ENES210,0401,James Green,132,30,0,2026-07-09 00:02:40
2026-07-08 23:46:32,ENES210,0501,James Green,132,112,0,2026-07-09 00:02:40
2026-07-08 23:46:32,ENES210,0601,James Green,132,92,0,2026-07-09 00:02:40
2026-07-08 23:46:32,ENES210,0701,James Green,132,72,0,2026-07-09 00:02:40
2026-07-08 23:46:32,ENES210,0801,James Green,132,86,0,2026-07-09 00:02:40
2026-07-08 23:46:32,ENES210,0901,James Green,120,0,3,2026-07-09 00:02:40
2026-07-08 23:46:32,ENES210,1001,James Green,120,0,3,2026-07-09 00:02:40
2026-07-08 23:46:32,ENES220,0101,Instructor: TBA,50,11,0,2026-07-09 00:02:40
2026-07-08 23:46:32,ENES220,0201,Instructor: TBA,50,0,5,2026-07-09 00:02:40
2026-07-08 23:46:32,ENES220,0301,Instructor: TBA,50,0,4,2026-07-09 00:02:40
2026-07-08 23:46:32,ENES220,0401,Instructor: TBA,50,0,6,2026-07-09 00:02:40
2026-07-08 23:46:32,ENES220,0501,Instructor: TBA,50,0,8,2026-07-09 00:02:40
2026-07-08 23:46:32,ENES220,0601,Instructor: TBA,50,0,3,2026-07-09 00:02:40
2026-07-08 23:46:32,ENES221,0101,Instructor: TBA,50,7,0,2026-07-09 00:02:40
2026-07-08 23:46:32,ENES221,0102,Instructor: TBA,50,0,0,2026-07-09 00:02:40
2026-07-08 23:46:32,ENES221,0103,Instructor: TBA,50,0,10,2026-07-09 00:02:40
2026-07-08 23:46:32,ENES221,0104,Instructor: TBA,50,0,11,2026-07-09 00:02:40
2026-07-08 23:46:32,ENES221,0105,Instructor: TBA,50,0,4,2026-07-09 00:02:40
2026-07-08 23:46:32,ENES221,0107,Instructor: TBA,50,0,3,2026-07-09 00:02:40
2026-07-08 23:46:32,ENES232,0102,Instructor: TBA,50,0,2,2026-07-09 00:02:41
2026-07-08 23:46:32,ENES232,0301,Instructor: TBA,50,0,3,2026-07-09 00:02:41
2026-07-08 23:46:32,ENES232,0302,Instructor: TBA,50,6,0,2026-07-09 00:02:41
2026-07-08 23:46:32,ENES240,0101,Timothy Reedy,30,0,8,2026-07-09 00:02:41
2026-07-08 23:46:32,ENES240,0201,Timothy Reedy,30,0,11,2026-07-09 00:02:41
2026-07-08 23:46:32,ENES256,FC01,Kevin Calabro,35,0,2,2026-07-09 00:02:42
2026-07-08 23:46:32,ENES317,0101,Darren Pierre,45,21,0,2026-07-09 00:02:42
2026-07-08 23:46:32,ENES401,0201,Vincent Nguyen,18,2,0,2026-07-09 00:02:42
2026-07-08 23:46:32,ENES424,0101,Darren Pierre,30,9,0,2026-07-09 00:02:43
2026-07-08 23:46:32,ENES440,0101,Jesse Klein,25,8,0,2026-07-09 00:02:44
2026-07-08 23:46:32,ENES461,0101,James Green,305,2,0,2026-07-09 00:02:44
2026-07-08 23:46:32,ENES461,0201,James Green,260,168,0,2026-07-09 00:02:44
2026-07-08 23:46:32,ENES463,0101,Sharon Flank,20,2,0,2026-07-09 00:02:44
2026-07-08 23:46:32,ENES467,0101,Sami Ainane,70,1,0,2026-07-09 00:02:45
2026-07-08 23:46:32,ENES472,0101,Darren Pierre,50,18,0,2026-07-09 00:02:45
2026-07-08 23:46:32,ENES480,0101,Wesley Lawson,12,3,0,2026-07-09 00:02:46
2026-07-08 23:46:32,ENES480,0102,Wesley Lawson,12,0,2,2026-07-09 00:02:46
2026-07-08 23:46:32,ENES480,0103,Wesley Lawson,12,1,0,2026-07-09 00:02:46
2026-07-08 23:46:32,ENES491,0101,Jessica Roffe,9,0,3,2026-07-09 00:02:46
2026-07-08 23:46:32,ENES498R,0101,Le-Marie Thompson,25,11,0,2026-07-09 00:02:47
2026-07-08 23:46:32,ENES602,0101,Amy Karlsson,25,12,0,2026-07-09 00:02:47
2026-07-08 23:46:32,ENES604,0101,Min Wu,10,9,0,2026-07-09 00:02:48
2026-07-08 23:46:32,ENES660,PLM1,Michael O'Connor,40,31,0,2026-07-09 00:02:48
2026-07-08 23:46:32,ENES662,PLM1,James Green,20,16,0,2026-07-09 00:02:49
2026-07-08 23:46:32,ENES663,PLM1,Sharon Flank,50,37,0,2026-07-09 00:02:49
2026-07-08 23:46:32,ENES665,PLM1,Frankie Abralind,25,24,0,2026-07-09 00:02:50
2026-07-08 23:46:32,ENES667,PLM1,David Bosley,5,5,0,2026-07-09 00:02:50
2026-07-08 23:46:32,ENES672,PLM1,Harry D'Andrea,20,19,0,2026-07-09 00:02:51
2026-07-08 23:46:32,ENES673,PLM1,Michael Pratt,25,21,0,2026-07-09 00:02:51
2026-07-08 23:46:32,ENES674,PLM1,Michael O'Connor,25,25,0,2026-07-09 00:02:52
2026-07-08 23:46:32,ENES680,PLM1,John Johnson,25,22,0,2026-07-09 00:02:52
2026-07-08 23:46:32,ENFP101,0101,Peter Sunderland,18,0,0,2026-07-09 00:02:54
2026-07-08 23:46:32,ENFP101,0102,Peter Sunderland,10,10,0,2026-07-09 00:02:54
2026-07-08 23:46:32,ENFP250,0101,Rosalie Hrybyk,32,0,0,2026-07-09 00:02:55
2026-07-08 23:46:32,ENFP250,ESV1,William Koffel,10,8,0,2026-07-09 00:02:55
2026-07-08 23:46:32,ENFP300,0101,Paul Anderson,30,5,0,2026-07-09 00:02:55
2026-07-08 23:46:32,ENFP300,ESV1,Paul Anderson,10,8,0,2026-07-09 00:02:55
2026-07-08 23:46:32,ENFP405,0101,Shuna Ni,27,11,0,2026-07-09 00:02:55
2026-07-08 23:46:32,ENFP405,ESV1,Shuna Ni,10,9,0,2026-07-09 00:02:55
2026-07-08 23:46:32,ENFP410,0101,Mark Hopkins,28,13,0,2026-07-09 00:02:56
2026-07-08 23:46:32,ENFP410,ESV1,William Koffel,10,9,0,2026-07-09 00:02:56
2026-07-08 23:46:32,ENFP415,0101,Ali Tohidi,27,5,0,2026-07-09 00:02:56
2026-07-08 23:46:32,ENFP415,ESV1,Ali Tohidi,10,9,0,2026-07-09 00:02:56
2026-07-08 23:46:32,ENFP425,0101,Stanislav Stoliarov,30,6,0,2026-07-09 00:02:57
2026-07-08 23:46:32,ENFP425,ESV1,Stanislav Stoliarov,10,9,0,2026-07-09 00:02:57
2026-07-08 23:46:32,ENFP440,0101,Duane Johnson,29,2,0,2026-07-09 00:02:58
2026-07-08 23:46:32,ENFP440,ESV1,Duane Johnson,10,5,0,2026-07-09 00:02:58
2026-07-08 23:46:32,ENFP467,0101,Fernando Raffan Montoya,30,24,0,2026-07-09 00:02:58
2026-07-08 23:46:32,ENFP467,ESV1,Fernando Raffan Montoya,20,20,0,2026-07-09 00:02:58
2026-07-08 23:46:32,ENFP601,0101,Rosalie Hrybyk,15,10,0,2026-07-09 00:02:59
2026-07-08 23:46:32,ENFP610,0101,Donald Hopkins,10,3,0,2026-07-09 00:02:59
2026-07-08 23:46:32,ENFP619,0101,Arnaud Trouve,5,5,0,2026-07-09 00:03:00
2026-07-08 23:46:32,ENFP621,0101,Shuna Ni,10,5,0,2026-07-09 00:03:01
2026-07-08 23:46:32,ENFP626,0101,Arnaud Trouve,10,7,0,2026-07-09 00:03:01
2026-07-08 23:46:32,ENFP627,0101,Rosalie Hrybyk,8,4,0,2026-07-09 00:03:01
2026-07-08 23:46:32,ENFP651,0101,Ali Tohidi,10,4,0,2026-07-09 00:03:03
2026-07-08 23:46:32,ENFP655,EF01,Hamed Salehi Zadeh,20,5,0,2026-07-09 00:03:03
2026-07-08 23:46:32,ENFP663,EF01,Francisco Joglar,20,10,0,2026-07-09 00:03:04
2026-07-08 23:46:32,ENFP667,0101,Fernando Raffan Montoya,16,13,0,2026-07-09 00:03:04
2026-07-08 23:46:32,ENGL101,0001,Alan Montroso,17,0,0,2026-07-09 00:03:07
2026-07-08 23:46:32,ENGL101,0101,Alyson Favilla,15,0,0,2026-07-09 00:03:07
2026-07-08 23:46:32,ENGL101,0102,Alan Montroso,17,0,1,2026-07-09 00:03:07
2026-07-08 23:46:32,ENGL101,0103,Kerishma Panigrahi,15,0,0,2026-07-09 00:03:07
2026-07-08 23:46:32,ENGL101,0108,Diana Proenza,17,0,0,2026-07-09 00:03:07
2026-07-08 23:46:32,ENGL101,0201,Mike Kolakoski,17,0,0,2026-07-09 00:03:07
2026-07-08 23:46:32,ENGL101,0202,Kerishma Panigrahi,15,0,0,2026-07-09 00:03:07
2026-07-08 23:46:32,ENGL101,0204,Porter Olsen,15,0,0,2026-07-09 00:03:07
2026-07-08 23:46:32,ENGL101,0206,Dylan Carpenter,15,0,0,2026-07-09 00:03:07
2026-07-08 23:46:32,ENGL101,0208,Imani West,17,0,0,2026-07-09 00:03:07
2026-07-08 23:46:32,ENGL101,0304,Sabrina Islam,17,0,1,2026-07-09 00:03:07
2026-07-08 23:46:32,ENGL101,0305,Paul Cote,17,0,1,2026-07-09 00:03:07
2026-07-08 23:46:32,ENGL101,0306,Porter Olsen,17,0,1,2026-07-09 00:03:07
2026-07-08 23:46:32,ENGL101,0308,Anthony Batts,15,0,0,2026-07-09 00:03:07
2026-07-08 23:46:32,ENGL101,0401,Sabrina Islam,15,0,0,2026-07-09 00:03:07
2026-07-08 23:46:32,ENGL101,0403,Edward Daschle,17,1,0,2026-07-09 00:03:07
2026-07-08 23:46:32,ENGL101,0405,John Macintosh,15,0,0,2026-07-09 00:03:07
2026-07-08 23:46:32,ENGL101,0501,Eric Baker,15,0,0,2026-07-09 00:03:07
2026-07-08 23:46:32,ENGL101,0502,Paul Cote,17,0,0,2026-07-09 00:03:07
2026-07-08 23:46:32,ENGL101,0503,John Macintosh,17,0,0,2026-07-09 00:03:07
2026-07-08 23:46:32,ENGL101,0504,Sydney Sharpstene,17,0,0,2026-07-09 00:03:07
2026-07-08 23:46:32,ENGL101,0505,Sabrina Islam,17,2,0,2026-07-09 00:03:07
2026-07-08 23:46:32,ENGL101,0507,Dylan Carpenter,15,0,0,2026-07-09 00:03:07
2026-07-08 23:46:32,ENGL101,0602,Porter Olsen,15,11,0,2026-07-09 00:03:07
2026-07-08 23:46:32,ENGL101,0603,Eric Baker,17,0,0,2026-07-09 00:03:07
2026-07-08 23:46:32,ENGL101,0604,Sabrina Islam,15,3,0,2026-07-09 00:03:07
2026-07-08 23:46:32,ENGL101,0605,John Macintosh,17,0,0,2026-07-09 00:03:07
2026-07-08 23:46:32,ENGL101,1001,Victoria Moten,17,0,0,2026-07-09 00:03:07
2026-07-08 23:46:32,ENGL101,1101,Erin Carson,15,0,0,2026-07-09 00:03:07
2026-07-08 23:46:32,ENGL101,1102,Catherine Byrne,17,0,0,2026-07-09 00:03:07
2026-07-08 23:46:32,ENGL101,1103,Andrew Delfino,17,1,0,2026-07-09 00:03:07
2026-07-08 23:46:32,ENGL101,1104,Nahid Ahmadian,15,4,0,2026-07-09 00:03:07
2026-07-08 23:46:32,ENGL101,1106,Victoria Moten,15,0,0,2026-07-09 00:03:07
2026-07-08 23:46:32,ENGL101,1107,Instructor: TBA,15,13,0,2026-07-09 00:03:07
2026-07-08 23:46:32,ENGL101,1203,Catherine Byrne,17,0,0,2026-07-09 00:03:07
2026-07-08 23:46:32,ENGL101,1204,Somtochukwu Ihezue,15,11,0,2026-07-09 00:03:07
2026-07-08 23:46:32,ENGL101,1205,Peter Grybauskas,17,0,0,2026-07-09 00:03:07
2026-07-08 23:46:32,ENGL101,1208,Stephanie Allen,15,0,0,2026-07-09 00:03:07
2026-07-08 23:46:32,ENGL101,1210,Mark Cox,17,6,0,2026-07-09 00:03:07
2026-07-08 23:46:32,ENGL101,1301,Peter Grybauskas,15,0,0,2026-07-09 00:03:07
2026-07-08 23:46:32,ENGL101,1302,Victoria Chan,17,0,0,2026-07-09 00:03:07
2026-07-08 23:46:32,ENGL101,1303,Instructor: TBA,17,14,0,2026-07-09 00:03:07
2026-07-08 23:46:32,ENGL101,1304,Nahid Ahmadian,15,0,0,2026-07-09 00:03:07
2026-07-08 23:46:32,ENGL101,1305,Ariana Nash,15,0,0,2026-07-09 00:03:07
2026-07-08 23:46:32,ENGL101,1307,Heather McHale,19,6,0,2026-07-09 00:03:07
2026-07-08 23:46:32,ENGL101,1308,Aaron Bartlett,15,10,0,2026-07-09 00:03:07
2026-07-08 23:46:32,ENGL101,1401,Victoria Moten,15,1,0,2026-07-09 00:03:07
2026-07-08 23:46:32,ENGL101,1402,Tyra Griffin,17,6,0,2026-07-09 00:03:07
2026-07-08 23:46:32,ENGL101,1403,Peter Grybauskas,17,0,0,2026-07-09 00:03:07
2026-07-08 23:46:32,ENGL101,1404,Nicole Cuffy,17,0,0,2026-07-09 00:03:07
2026-07-08 23:46:32,ENGL101,1405,John Tobin,15,0,0,2026-07-09 00:03:07
2026-07-08 23:46:32,ENGL101,9001,Robert Lucci,17,7,0,2026-07-09 00:03:07
2026-07-08 23:46:32,ENGL101,9002,Nia Crawford,17,13,0,2026-07-09 00:03:07
2026-07-08 23:46:32,ENGL101,9003,Radford Skudrna,17,13,0,2026-07-09 00:03:07
2026-07-08 23:46:32,ENGL101,9004,Yvonne Roe,17,14,0,2026-07-09 00:03:07
2026-07-08 23:46:32,ENGL101,9005,Catherine Bayly,17,3,0,2026-07-09 00:03:07
2026-07-08 23:46:32,ENGL101,9006,Catherine Bayly,17,13,0,2026-07-09 00:03:07
2026-07-08 23:46:32,ENGL101,9007,Ann Mason,17,10,0,2026-07-09 00:03:07
2026-07-08 23:46:32,ENGL101,9008,Mike Kolakoski,17,0,0,2026-07-09 00:03:07
2026-07-08 23:46:32,ENGL101,9009,David Brookshire,17,0,0,2026-07-09 00:03:07
2026-07-08 23:46:32,ENGL101,9010,David Brookshire,17,0,0,2026-07-09 00:03:07
2026-07-08 23:46:32,ENGL101,9011,David Brookshire,17,0,0,2026-07-09 00:03:07
2026-07-08 23:46:32,ENGL101,9012,Kevin Wisniewski,17,9,0,2026-07-09 00:03:07
2026-07-08 23:46:32,ENGL101,9013,Xiaofang Huang,17,10,0,2026-07-09 00:03:07
2026-07-08 23:46:32,ENGL101,9014,Xiaofang Huang,17,17,0,2026-07-09 00:03:07
2026-07-08 23:46:32,ENGL101,9015,Nia Crawford,17,13,0,2026-07-09 00:03:07
2026-07-08 23:46:32,ENGL101,9016,Nia Crawford,17,12,0,2026-07-09 00:03:07
2026-07-08 23:46:32,ENGL101,9017,Yvonne Roe,17,12,0,2026-07-09 00:03:07
2026-07-08 23:46:32,ENGL101,9018,Radford Skudrna,17,16,0,2026-07-09 00:03:07
2026-07-08 23:46:32,ENGL101,9019,Radford Skudrna,17,1,0,2026-07-09 00:03:07
2026-07-08 23:46:32,ENGL101,9020,Radford Skudrna,17,13,0,2026-07-09 00:03:07
2026-07-08 23:46:32,ENGL101,9021,Robert Lucci,17,15,0,2026-07-09 00:03:07
2026-07-08 23:46:32,ENGL101,9022,Susan Pramschufer,17,16,0,2026-07-09 00:03:07
2026-07-08 23:46:32,ENGL101,9023,Catherine Bayly,17,11,0,2026-07-09 00:03:07
2026-07-08 23:46:32,ENGL101,9024,Xiaofang Huang,15,11,0,2026-07-09 00:03:07
2026-07-08 23:46:32,ENGL101,9025,Instructor: TBA,15,13,0,2026-07-09 00:03:07
2026-07-08 23:46:32,ENGL101,9026,Mike Kolakoski,17,8,0,2026-07-09 00:03:07
2026-07-08 23:46:32,ENGL101,9028,Instructor: TBA,17,17,0,2026-07-09 00:03:07
2026-07-08 23:46:32,ENGL101,9029,Robert Lucci,17,9,0,2026-07-09 00:03:07
2026-07-08 23:46:32,ENGL101,9030,Catherine Bayly,15,14,0,2026-07-09 00:03:07
2026-07-08 23:46:32,ENGL101,FC01,Erica Cochran,17,0,2,2026-07-09 00:03:07
2026-07-08 23:46:32,ENGL101,FC02,Erica Cochran,17,0,0,2026-07-09 00:03:07
2026-07-08 23:46:32,ENGL101,FC03,Edward Daschle,17,0,2,2026-07-09 00:03:07
2026-07-08 23:46:32,ENGL101,FC04,Daniel Sidman,17,0,2,2026-07-09 00:03:07
2026-07-08 23:46:32,ENGL101,FC05,Eric Baker,17,0,3,2026-07-09 00:03:07
2026-07-08 23:46:32,ENGL101,FC06,Edward Daschle,17,0,2,2026-07-09 00:03:07
2026-07-08 23:46:32,ENGL101,FC07,Eric Baker,17,0,3,2026-07-09 00:03:07
2026-07-08 23:46:32,ENGL101,FC08,Nahid Ahmadian,17,0,1,2026-07-09 00:03:07
2026-07-08 23:46:32,ENGL101,FC09,Anne Bolgiano,17,0,1,2026-07-09 00:03:07
2026-07-08 23:46:32,ENGL101,FC10,Hannah (Toyin) Adeyemi,17,0,1,2026-07-09 00:03:07
2026-07-08 23:46:32,ENGL101,FC11,Anne Bolgiano,17,0,1,2026-07-09 00:03:07
2026-07-08 23:46:32,ENGL101,FC12,Sydney Sharpstene,17,0,1,2026-07-09 00:03:07
2026-07-08 23:46:32,ENGL101,FC13,Anne Bolgiano,17,0,2,2026-07-09 00:03:07
2026-07-08 23:46:32,ENGL101,FC14,Instructor: TBA,17,0,0,2026-07-09 00:03:07
2026-07-08 23:46:32,ENGL101,FC15,Instructor: TBA,17,0,0,2026-07-09 00:03:07
2026-07-08 23:46:32,ENGL101,FC16,Instructor: TBA,17,8,0,2026-07-09 00:03:07
2026-07-08 23:46:32,ENGL101,FC17,Hannah (Toyin) Adeyemi,17,0,0,2026-07-09 00:03:07
2026-07-08 23:46:32,ENGL101,FC18,Hannah (Toyin) Adeyemi,17,0,1,2026-07-09 00:03:07
2026-07-08 23:46:32,ENGL101,FC19,Dylan Carpenter,17,0,0,2026-07-09 00:03:07
2026-07-08 23:46:32,ENGL101,FC20,Dylan Carpenter,17,0,0,2026-07-09 00:03:07
2026-07-08 23:46:32,ENGL101,FC21,Sydney Sharpstene,17,0,2,2026-07-09 00:03:07
2026-07-08 23:46:32,ENGL101,FC22,John Tobin,17,0,2,2026-07-09 00:03:07
2026-07-08 23:46:32,ENGL101,FC23,Sydney Sharpstene,17,0,1,2026-07-09 00:03:07
2026-07-08 23:46:32,ENGL101,FC24,Ariana Nash,17,0,0,2026-07-09 00:03:07
2026-07-08 23:46:32,ENGL101,FC25,Daniel Sidman,17,0,1,2026-07-09 00:03:07
2026-07-08 23:46:32,ENGL101,FC26,Daniel Sidman,17,0,0,2026-07-09 00:03:07
2026-07-08 23:46:32,ENGL101,FC27,Daniel Sidman,17,0,1,2026-07-09 00:03:07
2026-07-08 23:46:32,ENGL101A,1702,Stephanie Allen,13,0,5,2026-07-09 00:03:07
2026-07-08 23:46:32,ENGL101H,0109,Anthony Batts,15,8,0,2026-07-09 00:03:08
2026-07-08 23:46:32,ENGL101H,0210,Anthony Batts,15,6,0,2026-07-09 00:03:08
2026-07-08 23:46:32,ENGL101H,0407,Katherine Joshi,15,9,0,2026-07-09 00:03:08
2026-07-08 23:46:32,ENGL101H,0507,Katherine Joshi,15,11,0,2026-07-09 00:03:08
2026-07-08 23:46:32,ENGL101H,1001,Andrew Howard,15,3,0,2026-07-09 00:03:08
2026-07-08 23:46:32,ENGL101H,1107,Andrew Howard,15,4,0,2026-07-09 00:03:08
2026-07-08 23:46:32,ENGL101S,0110,Lara Payne,15,9,0,2026-07-09 00:03:08
2026-07-08 23:46:32,ENGL101S,0211,Joshua Weiss,15,8,0,2026-07-09 00:03:08
2026-07-08 23:46:32,ENGL101S,0212,Lara Payne,15,13,0,2026-07-09 00:03:08
2026-07-08 23:46:32,ENGL101S,0311,Joshua Weiss,15,9,0,2026-07-09 00:03:08
2026-07-08 23:46:32,ENGL101S,0312,John Macintosh,15,10,0,2026-07-09 00:03:08
2026-07-08 23:46:32,ENGL101S,0410,Instructor: TBA,15,12,0,2026-07-09 00:03:08
2026-07-08 23:46:32,ENGL101S,0509,Joshua Weiss,15,10,0,2026-07-09 00:03:08
2026-07-08 23:46:32,ENGL101S,0607,Joshua Weiss,15,5,0,2026-07-09 00:03:08
2026-07-08 23:46:32,ENGL101S,1108,Aubrey Zinn,15,7,0,2026-07-09 00:03:08
2026-07-08 23:46:32,ENGL101S,1209,Aubrey Zinn,15,5,0,2026-07-09 00:03:08
2026-07-08 23:46:32,ENGL101S,1210,Victoria Moten,15,13,0,2026-07-09 00:03:08
2026-07-08 23:46:32,ENGL101S,1308,Kara Pleasants,15,0,0,2026-07-09 00:03:08
2026-07-08 23:46:32,ENGL101S,1401,Kara Pleasants,15,0,0,2026-07-09 00:03:08
2026-07-08 23:46:32,ENGL101S,9002,Catherine Bayly,15,14,0,2026-07-09 00:03:08
2026-07-08 23:46:32,ENGL101X,2002,Laura Williams,16,14,0,2026-07-09 00:03:09
2026-07-08 23:46:32,ENGL101X,2003,Laura Williams,15,10,0,2026-07-09 00:03:09
2026-07-08 23:46:32,ENGL101X,2007,Janet Shim,15,13,0,2026-07-09 00:03:09
2026-07-08 23:46:32,ENGL120,0101,Gerard Passannante,19,16,0,2026-07-09 00:03:09
2026-07-08 23:46:32,ENGL120,0102,Gerard Passannante,19,13,0,2026-07-09 00:03:09
2026-07-08 23:46:32,ENGL120,0103,Gerard Passannante,19,5,0,2026-07-09 00:03:09
2026-07-08 23:46:32,ENGL120,0104,Gerard Passannante,19,13,0,2026-07-09 00:03:09
2026-07-08 23:46:32,ENGL126,0101,Maud Casey,19,1,0,2026-07-09 00:03:10
2026-07-08 23:46:32,ENGL126,0102,Maud Casey,19,2,0,2026-07-09 00:03:10
2026-07-08 23:46:32,ENGL126,0103,Maud Casey,19,4,0,2026-07-09 00:03:10
2026-07-08 23:46:32,ENGL126,0104,Maud Casey,19,3,0,2026-07-09 00:03:10
2026-07-08 23:46:32,ENGL126,0105,Maud Casey,19,3,0,2026-07-09 00:03:10
2026-07-08 23:46:32,ENGL126,0106,Maud Casey,19,6,0,2026-07-09 00:03:10
2026-07-08 23:46:32,ENGL140,0101,Peter Mallios,19,11,0,2026-07-09 00:03:10
2026-07-08 23:46:32,ENGL140,0102,Peter Mallios,19,7,0,2026-07-09 00:03:10
2026-07-08 23:46:32,ENGL140,0103,Peter Mallios,19,3,0,2026-07-09 00:03:10
2026-07-08 23:46:32,ENGL140,0104,Peter Mallios,19,12,0,2026-07-09 00:03:10
2026-07-08 23:46:32,ENGL154,0101,Chad Infante,19,1,0,2026-07-09 00:03:10
2026-07-08 23:46:32,ENGL154,0102,Chad Infante,19,0,0,2026-07-09 00:03:10
2026-07-08 23:46:32,ENGL154,0103,Chad Infante,19,0,0,2026-07-09 00:03:10
2026-07-08 23:46:32,ENGL154,0104,Chad Infante,19,2,0,2026-07-09 00:03:10
2026-07-08 23:46:32,ENGL201,0201,Christopher Crane,30,0,0,2026-07-09 00:03:11
2026-07-08 23:46:32,ENGL222,0301,Xiaofang Huang,30,20,0,2026-07-09 00:03:11
2026-07-08 23:46:32,ENGL234,0201,Mike Kolakoski,24,3,0,2026-07-09 00:03:12
2026-07-08 23:46:32,ENGL235,0101,Kerishma Panigrahi,30,0,0,2026-07-09 00:03:12
2026-07-08 23:46:32,ENGL243,0201,Tunahan Cakmakci,30,11,0,2026-07-09 00:03:12
2026-07-08 23:46:32,ENGL244,0101,Dalton Greene,30,5,0,2026-07-09 00:03:13
2026-07-08 23:46:32,ENGL245,0101,Eric Zakim,17,0,0,2026-07-09 00:03:13
2026-07-08 23:46:32,ENGL245,0102,Eric Zakim,17,3,0,2026-07-09 00:03:13
2026-07-08 23:46:32,ENGL245,0103,Eric Zakim,17,0,0,2026-07-09 00:03:13
2026-07-08 23:46:32,ENGL245,0104,Eric Zakim,17,1,0,2026-07-09 00:03:13
2026-07-08 23:46:32,ENGL245,FC01,Peter Witte,24,0,0,2026-07-09 00:03:13
2026-07-08 23:46:32,ENGL250,0101,Rashi Maheshwari,24,0,0,2026-07-09 00:03:14
2026-07-08 23:46:32,ENGL251,0101,Tita Chico,30,0,3,2026-07-09 00:03:14
2026-07-08 23:46:32,ENGL254,0101,Robert Lucci,20,0,0,2026-07-09 00:03:15
2026-07-08 23:46:32,ENGL255,0101,Annemarie Ewing,30,0,1,2026-07-09 00:03:15
2026-07-08 23:46:32,ENGL256,0101,Niyanta Sangal,30,0,1,2026-07-09 00:03:16
2026-07-08 23:46:32,ENGL257,0101,Elizabeth Osei,30,0,2,2026-07-09 00:03:16
2026-07-08 23:46:32,ENGL257,FC01,Sydney Sharpstene,18,0,3,2026-07-09 00:03:16
2026-07-08 23:46:32,ENGL262,0101,Matthew Suriano,25,0,0,2026-07-09 00:03:17
2026-07-08 23:46:32,ENGL265,0101,Tyra Griffin,24,3,0,2026-07-09 00:03:17
2026-07-08 23:46:32,ENGL265,0201,Declan Langton,24,3,0,2026-07-09 00:03:17
2026-07-08 23:46:32,ENGL271,0101,Victoria Chan,12,1,0,2026-07-09 00:03:17
2026-07-08 23:46:32,ENGL271,0102,Victoria Chan,5,5,0,2026-07-09 00:03:17
2026-07-08 23:46:32,ENGL271,0201,Daniel Saalfeld,16,10,0,2026-07-09 00:03:17
2026-07-08 23:46:32,ENGL271,0301,Wesley Lord,16,13,0,2026-07-09 00:03:17
2026-07-08 23:46:32,ENGL271,0401,Imani West,16,8,0,2026-07-09 00:03:17
2026-07-08 23:46:32,ENGL272,0101,Somtochukwu Ihezue,16,9,0,2026-07-09 00:03:18
2026-07-08 23:46:32,ENGL272,0201,Kayla Lightner-Anderson,16,3,0,2026-07-09 00:03:18
2026-07-08 23:46:32,ENGL272,0301,Erin Carson,16,11,0,2026-07-09 00:03:18
2026-07-08 23:46:32,ENGL272,0401,Nicole Cuffy,16,4,0,2026-07-09 00:03:18
2026-07-08 23:46:32,ENGL273,0101,Jupiter Berrysmith,16,13,0,2026-07-09 00:03:18
2026-07-08 23:46:32,ENGL273,0201,Ariana Nash,16,13,0,2026-07-09 00:03:18
2026-07-08 23:46:32,ENGL275,0101,Instructor: TBA,12,0,0,2026-07-09 00:03:19
2026-07-08 23:46:32,ENGL275,0102,Instructor: TBA,5,5,0,2026-07-09 00:03:19
2026-07-08 23:46:32,ENGL275,0201,Instructor: TBA,16,0,0,2026-07-09 00:03:19
2026-07-08 23:46:32,ENGL289J,0101,Sydney Lewis,30,0,0,2026-07-09 00:03:19
2026-07-08 23:46:32,ENGL290,0101,Himadri Agarwal,20,0,0,2026-07-09 00:03:19
2026-07-08 23:46:32,ENGL291,0101,Dylan Carpenter,20,0,0,2026-07-09 00:03:20
2026-07-08 23:46:32,ENGL293,0101,Instructor: TBA,22,0,0,2026-07-09 00:03:20
2026-07-08 23:46:32,ENGL294,0101,Michael Israel,20,0,1,2026-07-09 00:03:21
2026-07-08 23:46:32,ENGL295,0101,Lara Payne,25,0,0,2026-07-09 00:03:21
2026-07-08 23:46:32,ENGL296,0101,Alan Montroso,20,0,0,2026-07-09 00:03:22
2026-07-08 23:46:32,ENGL297,0101,Elizabeth Chang,22,12,0,2026-07-09 00:03:22
2026-07-08 23:46:32,ENGL297,0201,Rebecca Holden,22,14,0,2026-07-09 00:03:22
2026-07-08 23:46:32,ENGL301,0101,Cecilia Shelton,15,4,0,2026-07-09 00:03:22
2026-07-08 23:46:32,ENGL301,0201,Sharada Balachandran Orihuela,15,11,0,2026-07-09 00:03:22
2026-07-08 23:46:32,ENGL301,0301,Kari Kraus,15,8,0,2026-07-09 00:03:22
2026-07-08 23:46:32,ENGL301,0401,John Macintosh,15,12,0,2026-07-09 00:03:22
2026-07-08 23:46:32,ENGL305,0201,Liam Daley,25,16,0,2026-07-09 00:03:23
2026-07-08 23:46:32,ENGL308I,0101,Amanda Bailey,25,7,0,2026-07-09 00:03:23
2026-07-08 23:46:32,ENGL311,0101,Laura Rosenthal,25,14,0,2026-07-09 00:03:24
2026-07-08 23:46:32,ENGL316,0101,Chad Infante,25,0,5,2026-07-09 00:03:24
2026-07-08 23:46:32,ENGL319C,0101,Orrin Wang,25,5,0,2026-07-09 00:03:24
2026-07-08 23:46:32,ENGL329K,0101,Paul Cote,20,0,2,2026-07-09 00:03:25
2026-07-08 23:46:32,ENGL329M,0101,Oliver Gaycken,25,17,0,2026-07-09 00:03:25
2026-07-08 23:46:32,ENGL329Z,0101,Paul Cote,25,12,0,2026-07-09 00:03:26
2026-07-08 23:46:32,ENGL352,0101,Jesse Brooks,15,0,0,2026-07-09 00:03:26
2026-07-08 23:46:32,ENGL352,0201,Danuta Hinc-Powell,15,12,0,2026-07-09 00:03:26
2026-07-08 23:46:32,ENGL352,0301,Emily Flamm,15,1,0,2026-07-09 00:03:26
2026-07-08 23:46:32,ENGL353,0101,Instructor: TBA,15,9,0,2026-07-09 00:03:27
2026-07-08 23:46:32,ENGL359I,0101,Chris Eng,25,15,0,2026-07-09 00:03:27
2026-07-08 23:46:32,ENGL368B,0201,Barry Pearson,25,15,0,2026-07-09 00:03:27
2026-07-08 23:46:32,ENGL373,0101,Christina Walter,20,2,0,2026-07-09 00:03:28
2026-07-08 23:46:32,ENGL377,0101,Christopher Crane,25,0,2,2026-07-09 00:03:28
2026-07-08 23:46:32,ENGL378Z,0101,Jessica Enoch,25,2,0,2026-07-09 00:03:29
2026-07-08 23:46:32,ENGL381,0101,Blake Wilder,22,1,0,2026-07-09 00:03:29
2026-07-08 23:46:32,ENGL383,0101,Michael Israel,25,19,0,2026-07-09 00:03:29
2026-07-08 23:46:32,ENGL387,0101,Angela Glotfelter,25,7,0,2026-07-09 00:03:30
2026-07-08 23:46:32,ENGL388D,0101,Martha Nell Smith,5,0,0,2026-07-09 00:03:30
2026-07-08 23:46:32,ENGL388G,0101,Ruth Phillips,15,15,0,2026-07-09 00:03:31
2026-07-08 23:46:32,ENGL388P,0101,Karen Lewis,15,15,0,2026-07-09 00:03:31
2026-07-08 23:46:32,ENGL388T,0101,Jeffrey Moro,5,5,0,2026-07-09 00:03:32
2026-07-08 23:46:32,ENGL388V,0101,Katherine Joshi,20,8,0,2026-07-09 00:03:32
2026-07-08 23:46:32,ENGL388V,0401,Caroline Wilkins,20,5,0,2026-07-09 00:03:32
2026-07-08 23:46:32,ENGL388V,2001,Katherine Joshi,10,6,0,2026-07-09 00:03:32
2026-07-08 23:46:32,ENGL388V,3001,Caroline Wilkins,10,5,0,2026-07-09 00:03:32
2026-07-08 23:46:32,ENGL388W,0101,Thomas Earles,20,15,0,2026-07-09 00:03:32
2026-07-08 23:46:32,ENGL388W,2001,Thomas Earles,4,4,0,2026-07-09 00:03:32
2026-07-08 23:46:32,ENGL390,0301,Katherine Oneill,19,0,13,2026-07-09 00:03:33
2026-07-08 23:46:32,ENGL390,0401,Katherine Oneill,19,0,12,2026-07-09 00:03:33
2026-07-08 23:46:32,ENGL390,0501,Katherine Oneill,19,0,14,2026-07-09 00:03:33
2026-07-08 23:46:32,ENGL390,1501,Robin Allen-Klein,19,0,11,2026-07-09 00:03:33
2026-07-08 23:46:32,ENGL390,1505,Robin Allen-Klein,19,0,9,2026-07-09 00:03:33
2026-07-08 23:46:32,ENGL390,1601,Richard Reynnells,19,0,11,2026-07-09 00:03:33
2026-07-08 23:46:32,ENGL390,1801,Richard Reynnells,19,0,12,2026-07-09 00:03:33
2026-07-08 23:46:32,ENGL390,1901,Aysha Jawed,19,0,12,2026-07-09 00:03:33
2026-07-08 23:46:32,ENGL390,1902,Aysha Jawed,19,0,10,2026-07-09 00:03:33
2026-07-08 23:46:32,ENGL390H,0101,Marybeth Shea,19,0,4,2026-07-09 00:03:33
2026-07-08 23:46:32,ENGL390H,0201,Michael Schmidt,19,0,2,2026-07-09 00:03:33
2026-07-08 23:46:32,ENGL390H,0301,Marybeth Shea,19,0,8,2026-07-09 00:03:33
2026-07-08 23:46:32,ENGL391,0401,Instructor: TBA,19,0,6,2026-07-09 00:03:34
2026-07-08 23:46:32,ENGL391,0501,Mark Forrester,19,0,11,2026-07-09 00:03:34
2026-07-08 23:46:32,ENGL391,0601,Anna Josephson,19,0,23,2026-07-09 00:03:34
2026-07-08 23:46:32,ENGL391,0701,Anna Josephson,19,0,9,2026-07-09 00:03:34
2026-07-08 23:46:32,ENGL391,0801,David Brookshire,19,0,7,2026-07-09 00:03:34
2026-07-08 23:46:32,ENGL391,0901,Anna Josephson,19,0,11,2026-07-09 00:03:34
2026-07-08 23:46:32,ENGL391,1101,Spenser Feller,19,0,6,2026-07-09 00:03:34
2026-07-08 23:46:32,ENGL391,1201,Emily Flamm,19,0,13,2026-07-09 00:03:34
2026-07-08 23:46:32,ENGL391,1301,Spenser Feller,19,0,9,2026-07-09 00:03:34
2026-07-08 23:46:32,ENGL391,1302,Emily Flamm,19,0,10,2026-07-09 00:03:34
2026-07-08 23:46:32,ENGL391,1505,Spenser Feller,19,0,5,2026-07-09 00:03:34
2026-07-08 23:46:32,ENGL391,1701,Mark Fitzgerald,19,0,1,2026-07-09 00:03:34
2026-07-08 23:46:32,ENGL391,1901,Mark Fitzgerald,19,0,0,2026-07-09 00:03:34
2026-07-08 23:46:32,ENGL391,9001,Sarah Goodson,19,0,19,2026-07-09 00:03:34
2026-07-08 23:46:32,ENGL391,9002,Sarah Goodson,19,0,19,2026-07-09 00:03:34
2026-07-08 23:46:32,ENGL391,9003,Anna Josephson,19,0,29,2026-07-09 00:03:34
2026-07-08 23:46:32,ENGL391,9004,Anne Bolgiano,19,0,22,2026-07-09 00:03:34
2026-07-08 23:46:32,ENGL391,9005,Kisa Lape,19,0,23,2026-07-09 00:03:34
2026-07-08 23:46:32,ENGL391,9006,Mark Fitzgerald,19,0,16,2026-07-09 00:03:34
2026-07-08 23:46:32,ENGL391,9007,Phillip Moses,19,0,18,2026-07-09 00:03:34
2026-07-08 23:46:32,ENGL391,ESG1,Holly Smith,10,5,0,2026-07-09 00:03:34
2026-07-08 23:46:32,ENGL391H,0201,Mark Forrester,19,0,3,2026-07-09 00:03:34
2026-07-08 23:46:32,ENGL392,1101,John Kim,19,0,30,2026-07-09 00:03:34
2026-07-08 23:46:32,ENGL392,1301,John Kim,19,0,32,2026-07-09 00:03:34
2026-07-08 23:46:32,ENGL392,1401,Instructor: TBA,19,0,27,2026-07-09 00:03:34
2026-07-08 23:46:32,ENGL392,1601,Sara Faradji,19,0,16,2026-07-09 00:03:34
2026-07-08 23:46:32,ENGL392,1701,Esthus Amos,19,0,9,2026-07-09 00:03:34
2026-07-08 23:46:32,ENGL392,1801,Esthus Amos,19,0,8,2026-07-09 00:03:34
2026-07-08 23:46:32,ENGL392,ESG1,Sara Faradji,10,0,3,2026-07-09 00:03:34
2026-07-08 23:46:32,ENGL393,0001,Patrick Nelson,19,0,3,2026-07-09 00:03:35
2026-07-08 23:46:32,ENGL393,0201,Janet Shim,19,0,9,2026-07-09 00:03:35
2026-07-08 23:46:32,ENGL393,0303,Joan Mooney,19,0,2,2026-07-09 00:03:35
2026-07-08 23:46:32,ENGL393,0401,Joan Mooney,19,0,5,2026-07-09 00:03:35
2026-07-08 23:46:32,ENGL393,0501,Janet Shim,19,0,9,2026-07-09 00:03:35
2026-07-08 23:46:32,ENGL393,0601,Shannon Zellars Strohl,19,0,13,2026-07-09 00:03:35
2026-07-08 23:46:32,ENGL393,0701,Shannon Zellars Strohl,19,0,17,2026-07-09 00:03:35
2026-07-08 23:46:32,ENGL393,0801,Shannon Zellars Strohl,19,0,12,2026-07-09 00:03:35
2026-07-08 23:46:32,ENGL393,1001,PC Fleming,19,0,5,2026-07-09 00:03:35
2026-07-08 23:46:32,ENGL393,1101,Hannah (Toyin) Adeyemi,19,0,5,2026-07-09 00:03:35
2026-07-08 23:46:32,ENGL393,1201,Liam Daley,19,0,12,2026-07-09 00:03:35
2026-07-08 23:46:32,ENGL393,1402,PC Fleming,19,0,6,2026-07-09 00:03:35
2026-07-08 23:46:32,ENGL393,1502,Liam Daley,19,0,8,2026-07-09 00:03:35
2026-07-08 23:46:32,ENGL393,1505,Aaron Bartlett,19,0,4,2026-07-09 00:03:35
2026-07-08 23:46:32,ENGL393,1602,Robert Harris,19,0,1,2026-07-09 00:03:35
2026-07-08 23:46:32,ENGL393,1702,Aubrey Zinn,19,0,5,2026-07-09 00:03:35
2026-07-08 23:46:32,ENGL393,1801,Robert Harris,19,0,2,2026-07-09 00:03:35
2026-07-08 23:46:32,ENGL393,1902,Patrick Nelson,19,0,1,2026-07-09 00:03:35
2026-07-08 23:46:32,ENGL393,9001,Kisa Lape,19,0,26,2026-07-09 00:03:35
2026-07-08 23:46:32,ENGL393,9002,Kisa Lape,19,0,23,2026-07-09 00:03:35
2026-07-08 23:46:32,ENGL393,9003,Lyra Hilliard,19,0,17,2026-07-09 00:03:35
2026-07-08 23:46:32,ENGL393,9004,Lyra Hilliard,19,0,18,2026-07-09 00:03:35
2026-07-08 23:46:32,ENGL393,9005,Ann Mason,19,0,18,2026-07-09 00:03:35
2026-07-08 23:46:32,ENGL393,9006,Ann Mason,19,0,18,2026-07-09 00:03:35
2026-07-08 23:46:32,ENGL393,9007,Ann Mason,19,0,18,2026-07-09 00:03:35
2026-07-08 23:46:32,ENGL393,9008,Ann Mason,19,0,16,2026-07-09 00:03:35
2026-07-08 23:46:32,ENGL393,9009,Shannon Zellars Strohl,19,0,17,2026-07-09 00:03:35
2026-07-08 23:46:32,ENGL393,9010,Daniel Saalfeld,19,0,22,2026-07-09 00:03:35
2026-07-08 23:46:32,ENGL393,9011,Daniel Saalfeld,19,0,21,2026-07-09 00:03:35
2026-07-08 23:46:32,ENGL393,9012,Daniel Saalfeld,19,0,23,2026-07-09 00:03:35
2026-07-08 23:46:32,ENGL393,9013,Pamela Gerhardt,19,0,16,2026-07-09 00:03:35
2026-07-08 23:46:32,ENGL393,9014,Pamela Gerhardt,19,0,17,2026-07-09 00:03:35
2026-07-08 23:46:32,ENGL393,9015,Michelle Von Euw,19,0,12,2026-07-09 00:03:35
2026-07-08 23:46:32,ENGL393,9016,Michelle Von Euw,19,0,12,2026-07-09 00:03:35
2026-07-08 23:46:32,ENGL393,9017,Michelle Von Euw,19,0,11,2026-07-09 00:03:35
2026-07-08 23:46:32,ENGL393,9018,Sarah Dammeyer,19,0,22,2026-07-09 00:03:35
2026-07-08 23:46:32,ENGL393,9019,Sarah Dammeyer,19,0,20,2026-07-09 00:03:35
2026-07-08 23:46:32,ENGL393,9020,Sarah Dammeyer,19,0,19,2026-07-09 00:03:35
2026-07-08 23:46:32,ENGL393,9021,Catherine Byrne,19,0,14,2026-07-09 00:03:35
2026-07-08 23:46:32,ENGL393,9022,Michelle Von Euw,19,0,12,2026-07-09 00:03:35
2026-07-08 23:46:32,ENGL393,9023,Pamela Gerhardt,19,0,15,2026-07-09 00:03:35
2026-07-08 23:46:32,ENGL393,9024,Edward Daschle,19,0,14,2026-07-09 00:03:35
2026-07-08 23:46:32,ENGL393,9025,Nasim DarouieHaghighi,19,0,16,2026-07-09 00:03:35
2026-07-08 23:46:32,ENGL393,9026,Dennis Winston,19,0,17,2026-07-09 00:03:35
2026-07-08 23:46:32,ENGL393,ESG1,Joshua Buursma,10,0,1,2026-07-09 00:03:35
2026-07-08 23:46:32,ENGL393,ESG2,Joshua Buursma,10,0,1,2026-07-09 00:03:35
2026-07-08 23:46:32,ENGL393,ESG3,Nasim DarouieHaghighi,10,0,0,2026-07-09 00:03:35
2026-07-08 23:46:32,ENGL393,ESM1,Joshua Buursma,9,5,0,2026-07-09 00:03:35
2026-07-08 23:46:32,ENGL393,ESM2,Joshua Buursma,9,9,0,2026-07-09 00:03:35
2026-07-08 23:46:32,ENGL393H,6101,Aaron Bartlett,19,18,0,2026-07-09 00:03:35
2026-07-08 23:46:32,ENGL394,0201,Tom Hatcher,19,0,3,2026-07-09 00:03:36
2026-07-08 23:46:32,ENGL394,0302,Tom Hatcher,19,0,2,2026-07-09 00:03:36
2026-07-08 23:46:32,ENGL394,0401,Tom Hatcher,19,0,3,2026-07-09 00:03:36
2026-07-08 23:46:32,ENGL394,0404,Shannon Zellars Strohl,19,0,6,2026-07-09 00:03:36
2026-07-08 23:46:32,ENGL394,0501,Instructor: TBA,19,0,6,2026-07-09 00:03:36
2026-07-08 23:46:32,ENGL394,0601,Anna Szczepaniec-Bialas,19,0,17,2026-07-09 00:03:36
2026-07-08 23:46:32,ENGL394,0701,Anna Szczepaniec-Bialas,19,0,16,2026-07-09 00:03:36
2026-07-08 23:46:32,ENGL394,0801,Anna Szczepaniec-Bialas,19,0,10,2026-07-09 00:03:36
2026-07-08 23:46:32,ENGL394,0802,Robert Crane,19,0,7,2026-07-09 00:03:36
2026-07-08 23:46:32,ENGL394,1101,Kara Pleasants,19,0,16,2026-07-09 00:03:36
2026-07-08 23:46:32,ENGL394,1201,Adam Lloyd,19,0,24,2026-07-09 00:03:36
2026-07-08 23:46:32,ENGL394,1301,Blake Wilder,19,0,11,2026-07-09 00:03:36
2026-07-08 23:46:32,ENGL394,1401,Blake Wilder,19,0,11,2026-07-09 00:03:36
2026-07-08 23:46:32,ENGL394,1501,Blake Wilder,19,0,6,2026-07-09 00:03:36
2026-07-08 23:46:32,ENGL394,1505,Daune O'Brien,19,0,5,2026-07-09 00:03:36
2026-07-08 23:46:32,ENGL394,1506,Instructor: TBA,19,0,3,2026-07-09 00:03:36
2026-07-08 23:46:32,ENGL394,1601,Jonathan Rick,19,0,3,2026-07-09 00:03:36
2026-07-08 23:46:32,ENGL394,1701,Robert Harris,19,0,2,2026-07-09 00:03:36
2026-07-08 23:46:32,ENGL394,1902,Nikki Werner,19,0,1,2026-07-09 00:03:36
2026-07-08 23:46:32,ENGL394,9001,Pam Orel,19,0,23,2026-07-09 00:03:36
2026-07-08 23:46:32,ENGL394,9002,Pam Orel,19,0,23,2026-07-09 00:03:36
2026-07-08 23:46:32,ENGL394,9003,Pam Orel,19,0,22,2026-07-09 00:03:36
2026-07-08 23:46:32,ENGL394,9004,David Miles,19,0,22,2026-07-09 00:03:36
2026-07-08 23:46:32,ENGL394,9005,David Miles,19,0,22,2026-07-09 00:03:36
2026-07-08 23:46:32,ENGL394,9006,David Miles,19,0,23,2026-07-09 00:03:36
2026-07-08 23:46:32,ENGL394,9007,Daune O'Brien,19,0,21,2026-07-09 00:03:36
2026-07-08 23:46:32,ENGL394,9008,Daune O'Brien,19,0,20,2026-07-09 00:03:36
2026-07-08 23:46:32,ENGL394,9009,Daune O'Brien,19,0,21,2026-07-09 00:03:36
2026-07-08 23:46:32,ENGL394,9010,Daune O'Brien,19,0,20,2026-07-09 00:03:36
2026-07-08 23:46:32,ENGL394,9011,Clare Parsons,19,0,20,2026-07-09 00:03:36
2026-07-08 23:46:32,ENGL394,9012,Clare Parsons,19,0,20,2026-07-09 00:03:36
2026-07-08 23:46:32,ENGL394,9013,Clare Parsons,19,0,20,2026-07-09 00:03:36
2026-07-08 23:46:32,ENGL394,9014,Clare Parsons,19,0,20,2026-07-09 00:03:36
2026-07-08 23:46:32,ENGL394,9015,Sajeela Yaqub,19,0,21,2026-07-09 00:03:36
2026-07-08 23:46:32,ENGL394,9016,Sajeela Yaqub,19,0,20,2026-07-09 00:03:36
2026-07-08 23:46:32,ENGL394,9017,Nicole Cuffy,19,0,23,2026-07-09 00:03:36
2026-07-08 23:46:32,ENGL394,9018,Nicole Cuffy,19,0,23,2026-07-09 00:03:36
2026-07-08 23:46:32,ENGL394,9019,Nicole Cuffy,19,0,24,2026-07-09 00:03:36
2026-07-08 23:46:32,ENGL394,9020,Erica Cochran,19,0,21,2026-07-09 00:03:36
2026-07-08 23:46:32,ENGL394,9021,Erica Cochran,19,0,21,2026-07-09 00:03:36
2026-07-08 23:46:32,ENGL394,9022,Robert Harris,19,0,21,2026-07-09 00:03:36
2026-07-08 23:46:32,ENGL394,9023,Aubrey Zinn,19,0,24,2026-07-09 00:03:36
2026-07-08 23:46:32,ENGL394,9024,Aubrey Zinn,19,0,25,2026-07-09 00:03:36
2026-07-08 23:46:32,ENGL394,9025,Marina Ellis,19,0,23,2026-07-09 00:03:36
2026-07-08 23:46:32,ENGL394,9026,Joshua Buursma,19,0,22,2026-07-09 00:03:36
2026-07-08 23:46:32,ENGL394,9027,Sajeela Yaqub,19,0,20,2026-07-09 00:03:36
2026-07-08 23:46:32,ENGL394,ESG2,Holly Smith,10,0,5,2026-07-09 00:03:36
2026-07-08 23:46:32,ENGL394,ESG3,David Miles,10,0,2,2026-07-09 00:03:36
2026-07-08 23:46:32,ENGL395,0101,Instructor: TBA,19,0,7,2026-07-09 00:03:36
2026-07-08 23:46:32,ENGL395,0201,Justin Lohr,19,0,13,2026-07-09 00:03:36
2026-07-08 23:46:32,ENGL395,0301,Justin Lohr,19,0,14,2026-07-09 00:03:36
2026-07-08 23:46:32,ENGL395,0401,Justin Lohr,19,0,9,2026-07-09 00:03:36
2026-07-08 23:46:32,ENGL395,0501,Eric Bond,19,0,8,2026-07-09 00:03:36
2026-07-08 23:46:32,ENGL395,0601,Sarah Dammeyer,19,0,6,2026-07-09 00:03:36
2026-07-08 23:46:32,ENGL395,0602,Michael Schmidt,19,0,5,2026-07-09 00:03:36
2026-07-08 23:46:32,ENGL395,0801,Instructor: TBA,19,0,5,2026-07-09 00:03:36
2026-07-08 23:46:32,ENGL395,0901,Eric Bond,19,0,5,2026-07-09 00:03:36
2026-07-08 23:46:32,ENGL395,1001,Michelle Moncrieffe,19,0,6,2026-07-09 00:03:36
2026-07-08 23:46:32,ENGL395,1101,Elizabeth Marshall,19,0,7,2026-07-09 00:03:36
2026-07-08 23:46:32,ENGL395,1201,Elizabeth Marshall,19,0,7,2026-07-09 00:03:36
2026-07-08 23:46:32,ENGL395,1301,Nic Subtirelu,19,0,4,2026-07-09 00:03:36
2026-07-08 23:46:32,ENGL395,1402,James Goodwin,19,0,4,2026-07-09 00:03:36
2026-07-08 23:46:32,ENGL395,1501,Nic Subtirelu,19,0,4,2026-07-09 00:03:36
2026-07-08 23:46:32,ENGL395,1502,Instructor: TBA,19,0,4,2026-07-09 00:03:36
2026-07-08 23:46:32,ENGL395,1505,James Goodwin,19,0,3,2026-07-09 00:03:36
2026-07-08 23:46:32,ENGL395,1506,Nic Subtirelu,19,0,3,2026-07-09 00:03:36
2026-07-08 23:46:32,ENGL395,1507,Nic Subtirelu,19,0,2,2026-07-09 00:03:36
2026-07-08 23:46:32,ENGL395,1701,Instructor: TBA,19,0,4,2026-07-09 00:03:36
2026-07-08 23:46:32,ENGL395,ESG1,Phillip Moses,10,5,0,2026-07-09 00:03:36
2026-07-08 23:46:32,ENGL398A,1001,Gerard Holmes,19,0,3,2026-07-09 00:03:37
2026-07-08 23:46:32,ENGL398A,1101,Gerard Holmes,19,0,9,2026-07-09 00:03:37
2026-07-08 23:46:32,ENGL398A,1601,Mark Fitzgerald,19,0,2,2026-07-09 00:03:37
2026-07-08 23:46:32,ENGL398A,1701,Dennis Winston,19,0,3,2026-07-09 00:03:37
2026-07-08 23:46:32,ENGL398A,1801,Mark Fitzgerald,19,0,2,2026-07-09 00:03:37
2026-07-08 23:46:32,ENGL398B,0601,Eric Thiel,19,0,12,2026-07-09 00:03:37
2026-07-08 23:46:32,ENGL398B,0701,Eric Thiel,19,0,11,2026-07-09 00:03:37
2026-07-08 23:46:32,ENGL398B,0801,Eric Thiel,19,0,6,2026-07-09 00:03:37
2026-07-08 23:46:32,ENGL398B,1601,Mrim Boutla,19,0,4,2026-07-09 00:03:37
2026-07-08 23:46:32,ENGL398B,1701,Mrim Boutla,19,0,3,2026-07-09 00:03:37
2026-07-08 23:46:32,ENGL398B,1901,Roxanne Clements,19,0,4,2026-07-09 00:03:37
2026-07-08 23:46:32,ENGL398C,0701,Kevin Wisniewski,19,0,10,2026-07-09 00:03:38
2026-07-08 23:46:32,ENGL398C,0801,Kevin Wisniewski,19,0,8,2026-07-09 00:03:38
2026-07-08 23:46:32,ENGL398C,1101,PC Fleming,19,0,7,2026-07-09 00:03:38
2026-07-08 23:46:32,ENGL398C,1301,PC Fleming,19,0,6,2026-07-09 00:03:38
2026-07-08 23:46:32,ENGL398C,1507,Kevin Wisniewski,19,0,6,2026-07-09 00:03:38
2026-07-08 23:46:32,ENGL398E,0801,Anna Josephson,19,0,7,2026-07-09 00:03:38
2026-07-08 23:46:32,ENGL398L,0301,Mark Forrester,19,0,10,2026-07-09 00:03:38
2026-07-08 23:46:32,ENGL398N,0301,Michael Schmidt,19,0,1,2026-07-09 00:03:39
2026-07-08 23:46:32,ENGL398N,0401,Michael Schmidt,19,0,0,2026-07-09 00:03:39
2026-07-08 23:46:32,ENGL398N,0601,Eric Bond,19,0,5,2026-07-09 00:03:39
2026-07-08 23:46:32,ENGL398N,0801,Eric Bond,19,0,4,2026-07-09 00:03:39
2026-07-08 23:46:32,ENGL398N,1001,Annemarie Ewing,19,0,2,2026-07-09 00:03:39
2026-07-08 23:46:32,ENGL398N,1101,Rebecca Holden,19,0,0,2026-07-09 00:03:39
2026-07-08 23:46:32,ENGL398N,1201,Rebecca Holden,19,0,0,2026-07-09 00:03:39
2026-07-08 23:46:32,ENGL398N,1301,Gerard Holmes,19,0,4,2026-07-09 00:03:39
2026-07-08 23:46:32,ENGL398N,1401,David Todd,19,0,1,2026-07-09 00:03:39
2026-07-08 23:46:32,ENGL398R,1001,Rachel Cote,19,0,5,2026-07-09 00:03:39
2026-07-08 23:46:32,ENGL398R,1101,John Tobin,19,0,9,2026-07-09 00:03:39
2026-07-08 23:46:32,ENGL398R,1102,Rachel Cote,19,0,7,2026-07-09 00:03:39
2026-07-08 23:46:32,ENGL398R,1201,John Kim,19,0,11,2026-07-09 00:03:39
2026-07-08 23:46:32,ENGL398R,1301,Andrew Howard,19,0,12,2026-07-09 00:03:39
2026-07-08 23:46:32,ENGL398R,1401,Danuta Hinc-Powell,19,0,10,2026-07-09 00:03:39
2026-07-08 23:46:32,ENGL398R,1501,Andrew Howard,19,0,8,2026-07-09 00:03:39
2026-07-08 23:46:32,ENGL398V,1201,Heidi Scott,19,0,8,2026-07-09 00:03:40
2026-07-08 23:46:32,ENGL398V,1301,Heidi Scott,19,0,9,2026-07-09 00:03:40
2026-07-08 23:46:32,ENGL398V,1501,Jesse Brooks,19,0,5,2026-07-09 00:03:40
2026-07-08 23:46:32,ENGL398V,1502,Spenser Feller,19,0,4,2026-07-09 00:03:40
2026-07-08 23:46:32,ENGL398V,1701,Jesse Brooks,19,0,3,2026-07-09 00:03:40
2026-07-08 23:46:32,ENGL398V,1702,Jesse Brooks,19,0,2,2026-07-09 00:03:40
2026-07-08 23:46:32,ENGL403,0101,Instructor: TBA,20,0,0,2026-07-09 00:03:40
2026-07-08 23:46:32,ENGL416,0101,Tita Chico,20,0,2,2026-07-09 00:03:41
2026-07-08 23:46:32,ENGL420,0101,Orrin Wang,20,1,0,2026-07-09 00:03:41
2026-07-08 23:46:32,ENGL428G,0101,Amanda Bailey,20,6,0,2026-07-09 00:03:41
2026-07-08 23:46:32,ENGL433,0101,Peter Mallios,20,0,1,2026-07-09 00:03:42
2026-07-08 23:46:32,ENGL439P,0101,Gerard Holmes,20,9,0,2026-07-09 00:03:43
2026-07-08 23:46:32,ENGL457,0101,Brian Richardson,20,6,0,2026-07-09 00:03:43
2026-07-08 23:46:32,ENGL461,0101,Angela Glotfelter,20,7,0,2026-07-09 00:03:43
2026-07-08 23:46:32,ENGL462,0101,Barry Pearson,20,19,0,2026-07-09 00:03:44
2026-07-08 23:46:32,ENGL468B,0101,Oliver Gaycken,20,15,0,2026-07-09 00:03:44
2026-07-08 23:46:32,ENGL469R,0101,Christopher Kondrich,20,7,0,2026-07-09 00:03:45
2026-07-08 23:46:32,ENGL478Q,0101,Gerard Passannante,15,0,3,2026-07-09 00:03:45
2026-07-08 23:46:32,ENGL479Q,0101,Christina Walter,15,0,0,2026-07-09 00:03:46
2026-07-08 23:46:32,ENGL487,0101,Cecilia Shelton,20,0,0,2026-07-09 00:03:46
2026-07-08 23:46:32,ENGL491,0101,Adam Lloyd,20,1,0,2026-07-09 00:03:46
2026-07-08 23:46:32,ENGL493,0101,Scott Wible,20,16,0,2026-07-09 00:03:47
2026-07-08 23:46:32,ENGL494,0201,Ruth Phillips,20,5,0,2026-07-09 00:03:47
2026-07-08 23:46:32,ENGL497,0101,Blake Wilder,20,13,0,2026-07-09 00:03:48
2026-07-08 23:46:32,ENGL498,0101,Maud Casey,15,0,2,2026-07-09 00:03:48
2026-07-08 23:46:32,ENGL498,0201,Gabrielle Fuentes,15,2,0,2026-07-09 00:03:48
2026-07-08 23:46:32,ENGL498,0301,Emily Mitchell,15,0,0,2026-07-09 00:03:48
2026-07-08 23:46:32,ENGL499,0101,Christopher Kondrich,15,7,0,2026-07-09 00:03:49
2026-07-08 23:46:32,ENGL601,0101,Ralph Bauer,14,7,0,2026-07-09 00:03:49
2026-07-08 23:46:32,ENGL648A,0101,Emily Mitchell,14,0,0,2026-07-09 00:03:50
2026-07-08 23:46:32,ENGL649A,0101,Sara Wilder,14,9,0,2026-07-09 00:03:50
2026-07-08 23:46:32,ENGL658E,0101,Chris Eng,14,0,0,2026-07-09 00:03:51
2026-07-08 23:46:32,ENGL668A,0101,Brian Richardson,14,9,0,2026-07-09 00:03:51
2026-07-08 23:46:32,ENGL688,0201,Lillian-Yvonne Bertram,12,7,0,2026-07-09 00:03:52
2026-07-08 23:46:32,ENGL689,0101,Gabrielle Fuentes,12,6,0,2026-07-09 00:03:52
2026-07-08 23:46:32,ENGL779,2407,John Drabinski,10,10,0,2026-07-09 00:03:53
2026-07-08 23:46:32,ENGL798B,0101,David Simon,20,15,0,2026-07-09 00:03:54
2026-07-08 23:46:32,ENMA180,0101,Naomi Parker,25,13,0,2026-07-09 00:03:58
2026-07-08 23:46:32,ENMA300,0101,Teng Li,100,0,31,2026-07-09 00:03:58
2026-07-08 23:46:32,ENMA300,0201,Timothy Koeth,30,11,0,2026-07-09 00:03:58
2026-07-08 23:46:32,ENMA300,0301,Isabel Lloyd,100,0,13,2026-07-09 00:03:58
2026-07-08 23:46:32,ENMA362,0102,Gianna Valentino,15,0,0,2026-07-09 00:03:58
2026-07-08 23:46:32,ENMA401,0101,Yifei Mo,20,18,0,2026-07-09 00:03:59
2026-07-08 23:46:32,ENMA410,0101,Eric Wachsman,20,16,0,2026-07-09 00:03:59
2026-07-08 23:46:32,ENMA437,0101,Ichiro Takeuchi,10,4,0,2026-07-09 00:04:00
2026-07-08 23:46:32,ENMA441,0101,John Cumings,35,15,0,2026-07-09 00:04:00
2026-07-08 23:46:32,ENMA460,0101,Nicholas Butch,45,13,0,2026-07-09 00:04:00
2026-07-08 23:46:32,ENMA466,0101,Gary Rubloff,10,0,1,2026-07-09 00:04:01
2026-07-08 23:46:32,ENMA471,0101,Raymond Phaneuf,45,30,0,2026-07-09 00:04:01
2026-07-08 23:46:32,ENMA473,0101,Sudarsanam Babu,35,33,0,2026-07-09 00:04:02
2026-07-08 23:46:32,ENMA481,0101,Carlos Rios Ocampo,25,17,0,2026-07-09 00:04:02
2026-07-08 23:46:32,ENMA486,0101,Shenqiang Ren,4,4,0,2026-07-09 00:04:03
2026-07-08 23:46:32,ENMA487,0101,Raymond Phaneuf,40,26,0,2026-07-09 00:04:03
2026-07-08 23:46:32,ENMA495,0101,Mohamad Al-Sheikhly,25,11,0,2026-07-09 00:04:03
2026-07-08 23:46:32,ENMA499,0101,Shenqiang Ren,6,6,0,2026-07-09 00:04:04
2026-07-08 23:46:32,ENMA601,0101,Yifei Mo,5,2,0,2026-07-09 00:04:04
2026-07-08 23:46:32,ENMA637,0101,Ichiro Takeuchi,10,6,0,2026-07-09 00:04:05
2026-07-08 23:46:32,ENMA641,0101,John Cumings,5,3,0,2026-07-09 00:04:05
2026-07-08 23:46:32,ENMA650,0101,Gottlieb Oehrlein,26,22,0,2026-07-09 00:04:05
2026-07-08 23:46:32,ENMA660,0101,Oded Rabin,25,19,0,2026-07-09 00:04:06
2026-07-08 23:46:32,ENMA673,0101,Sudarsanam Babu,3,0,0,2026-07-09 00:04:06
2026-07-08 23:46:32,ENMA680,0101,Yichao Zhang,21,15,0,2026-07-09 00:04:07
2026-07-08 23:46:32,ENMA683,0101,Jiancun Rao,5,4,0,2026-07-09 00:04:07
2026-07-08 23:46:32,ENMA683,0201,Instructor: TBA,5,1,0,2026-07-09 00:04:07
2026-07-08 23:46:32,ENMA685,0101,Carlos Rios Ocampo,10,6,0,2026-07-09 00:04:08
2026-07-08 23:46:32,ENMA688,0101,Shenqiang Ren,24,19,0,2026-07-09 00:04:08
2026-07-08 23:46:32,ENMA797,0101,Ichiro Takeuchi,5,5,0,2026-07-09 00:04:09
2026-07-08 23:46:32,ENME201,0101,Sami Ainane,30,15,0,2026-07-09 00:04:12
2026-07-08 23:46:32,ENME202,0101,Alban Sauret,60,0,0,2026-07-09 00:04:13
2026-07-08 23:46:32,ENME202,0102,Alban Sauret,60,3,0,2026-07-09 00:04:13
2026-07-08 23:46:32,ENME202,0103,Alban Sauret,60,0,1,2026-07-09 00:04:13
2026-07-08 23:46:32,ENME202,0104,Alban Sauret,60,0,3,2026-07-09 00:04:13
2026-07-08 23:46:32,ENME202,0201,Instructor: TBA,60,52,0,2026-07-09 00:04:13
2026-07-08 23:46:32,ENME202,0202,Instructor: TBA,60,57,0,2026-07-09 00:04:13
2026-07-08 23:46:32,ENME208,0101,Scott Schmidt,10,2,0,2026-07-09 00:04:13
2026-07-08 23:46:32,ENME272,0101,Mohammad Fazelpour,42,16,0,2026-07-09 00:04:13
2026-07-08 23:46:32,ENME272,0201,David Kriesberg,42,0,3,2026-07-09 00:04:13
2026-07-08 23:46:32,ENME272,0301,Mohammad Fazelpour,42,20,0,2026-07-09 00:04:13
2026-07-08 23:46:32,ENME272,0401,David Kriesberg,42,0,4,2026-07-09 00:04:13
2026-07-08 23:46:32,ENME272,0501,Mohammad Fazelpour,42,0,2,2026-07-09 00:04:13
2026-07-08 23:46:32,ENME272,0601,David Kriesberg,42,0,9,2026-07-09 00:04:13
2026-07-08 23:46:32,ENME299Z,0101,Ryan Sochol,30,24,0,2026-07-09 00:04:14
2026-07-08 23:46:32,ENME331,0101,Amir Riaz,44,0,17,2026-07-09 00:04:14
2026-07-08 23:46:32,ENME331,0102,Amir Riaz,50,0,18,2026-07-09 00:04:14
2026-07-08 23:46:32,ENME331,0103,Amir Riaz,40,0,11,2026-07-09 00:04:14
2026-07-08 23:46:32,ENME331,0105,Amir Riaz,49,0,11,2026-07-09 00:04:14
2026-07-08 23:46:32,ENME331,0106,Amir Riaz,50,0,14,2026-07-09 00:04:14
2026-07-08 23:46:32,ENME332,0101,Lingnan Lin,44,1,0,2026-07-09 00:04:15
2026-07-08 23:46:32,ENME332,0102,Lingnan Lin,44,1,0,2026-07-09 00:04:15
2026-07-08 23:46:32,ENME332,0103,Amir Riaz,45,2,0,2026-07-09 00:04:15
2026-07-08 23:46:32,ENME332,0104,Amir Riaz,45,29,0,2026-07-09 00:04:15
2026-07-08 23:46:32,ENME350,0101,Xinan Liu,48,0,4,2026-07-09 00:04:15
2026-07-08 23:46:32,ENME350,0102,Xinan Liu,48,0,6,2026-07-09 00:04:15
2026-07-08 23:46:32,ENME350,0103,Xinan Liu,48,0,1,2026-07-09 00:04:15
2026-07-08 23:46:32,ENME350,0104,Xinan Liu,48,4,0,2026-07-09 00:04:15
2026-07-08 23:46:32,ENME350,0105,Xinan Liu,48,0,5,2026-07-09 00:04:15
2026-07-08 23:46:32,ENME350,0106,Xinan Liu,48,0,0,2026-07-09 00:04:15
2026-07-08 23:46:32,ENME351,0101,Steven Mitchell,40,2,0,2026-07-09 00:04:16
2026-07-08 23:46:32,ENME351,0102,Steven Mitchell,40,28,0,2026-07-09 00:04:16
2026-07-08 23:46:32,ENME351,0103,Steven Mitchell,40,0,1,2026-07-09 00:04:16
2026-07-08 23:46:32,ENME351,0104,Steven Mitchell,40,10,0,2026-07-09 00:04:16
2026-07-08 23:46:32,ENME361,0101,B Balachandran,180,0,14,2026-07-09 00:04:16
2026-07-08 23:46:32,ENME371,0101,Vincent Nguyen,36,0,11,2026-07-09 00:04:16
2026-07-08 23:46:32,ENME371,0102,Vincent Nguyen,36,0,13,2026-07-09 00:04:16
2026-07-08 23:46:32,ENME371,0103,Vincent Nguyen,36,0,12,2026-07-09 00:04:16
2026-07-08 23:46:32,ENME371,0104,Vincent Nguyen,36,0,12,2026-07-09 00:04:16
2026-07-08 23:46:32,ENME371,0105,Vincent Nguyen,36,0,11,2026-07-09 00:04:16
2026-07-08 23:46:32,ENME382,0101,Teng Li,100,0,31,2026-07-09 00:04:17
2026-07-08 23:46:32,ENME382,0301,Isabel Lloyd,100,0,13,2026-07-09 00:04:17
2026-07-08 23:46:32,ENME392,0101,Michel Cukier,120,6,0,2026-07-09 00:04:17
2026-07-08 23:46:32,ENME392,0201,Instructor: TBA,120,0,3,2026-07-09 00:04:17
2026-07-08 23:46:32,ENME400,0101,Chandrasekhar Thamire,85,18,0,2026-07-09 00:04:18
2026-07-08 23:46:32,ENME400,0201,Chandrasekhar Thamire,95,0,16,2026-07-09 00:04:18
2026-07-08 23:46:32,ENME401,0201,Vincent Nguyen,18,2,0,2026-07-09 00:04:18
2026-07-08 23:46:32,ENME405,0101,Ashutosh Giri,20,17,0,2026-07-09 00:04:18
2026-07-08 23:46:32,ENME408,0101,Instructor: TBA,60,0,2,2026-07-09 00:04:19
2026-07-08 23:46:32,ENME416,0101,Ryan Sochol,30,0,9,2026-07-09 00:04:19
2026-07-08 23:46:32,ENME422,0101,Jelena Srebric,15,9,0,2026-07-09 00:04:20
2026-07-08 23:46:32,ENME423,0101,Michael Ohadi,35,15,0,2026-07-09 00:04:20
2026-07-08 23:46:32,ENME425,0101,Ashwani Gupta,17,0,4,2026-07-09 00:04:20
2026-07-08 23:46:32,ENME430,0101,Mahmoud Massoud,39,0,17,2026-07-09 00:04:21
2026-07-08 23:46:32,ENME432,0101,Amber Johnson,10,2,0,2026-07-09 00:04:21
2026-07-08 23:46:32,ENME432,0102,Amber Johnson,10,1,0,2026-07-09 00:04:21
2026-07-08 23:46:32,ENME440,0101,Davis McGregor,20,0,8,2026-07-09 00:04:22
2026-07-08 23:46:32,ENME441,0101,Don DeVoe,60,0,6,2026-07-09 00:04:22
2026-07-08 23:46:32,ENME444,0101,Hugh Bruck,34,0,9,2026-07-09 00:04:23
2026-07-08 23:46:32,ENME460,0101,Lin Cheng,25,7,0,2026-07-09 00:04:23
2026-07-08 23:46:32,ENME462,0101,Hosam Fathy,42,0,4,2026-07-09 00:04:23
2026-07-08 23:46:32,ENME462,0102,Hosam Fathy,42,0,2,2026-07-09 00:04:23
2026-07-08 23:46:32,ENME462,0103,Hosam Fathy,42,0,7,2026-07-09 00:04:23
2026-07-08 23:46:32,ENME462,0201,Hosam Fathy,42,0,5,2026-07-09 00:04:23
2026-07-08 23:46:32,ENME462,0202,Hosam Fathy,42,0,2,2026-07-09 00:04:23
2026-07-08 23:46:32,ENME465,0101,Steven Gabriel,30,23,0,2026-07-09 00:04:24
2026-07-08 23:46:32,ENME467,0101,Sami Ainane,70,1,0,2026-07-09 00:04:24
2026-07-08 23:46:32,ENME470,0101,Peter Chung,48,5,0,2026-07-09 00:04:25
2026-07-08 23:46:32,ENME472,0101,Instructor: TBA,30,15,0,2026-07-09 00:04:25
2026-07-08 23:46:32,ENME472,0102,Instructor: TBA,30,12,0,2026-07-09 00:04:25
2026-07-08 23:46:32,ENME472,0104,Instructor: TBA,30,10,0,2026-07-09 00:04:25
2026-07-08 23:46:32,ENME472,0105,Instructor: TBA,30,11,0,2026-07-09 00:04:25
2026-07-08 23:46:32,ENME473,0101,Bongtae Han,25,11,0,2026-07-09 00:04:25
2026-07-08 23:46:32,ENME480,0101,Nikhil Chopra,27,9,0,2026-07-09 00:04:26
2026-07-08 23:46:32,ENME480,0102,Nikhil Chopra,26,0,1,2026-07-09 00:04:26
2026-07-08 23:46:32,ENME480,0103,Nikhil Chopra,27,4,0,2026-07-09 00:04:26
2026-07-08 23:46:32,ENME485,0101,Jay Lee,20,12,0,2026-07-09 00:04:26
2026-07-08 23:46:32,ENME488G,0101,Instructor: TBA,20,13,0,2026-07-09 00:04:27
2026-07-08 23:46:32,ENME489F,0101,David Findlay,10,0,3,2026-07-09 00:04:28
2026-07-08 23:46:32,ENME489O,0101,Mohammad Fazelpour,40,0,12,2026-07-09 00:04:28
2026-07-08 23:46:32,ENME489V,0101,Michael Mack,30,2,0,2026-07-09 00:04:29
2026-07-08 23:46:32,ENME489Z,0101,Anisur Rahman,25,14,0,2026-07-09 00:04:29
2026-07-08 23:46:32,ENME605,0101,Hosam Fathy,25,15,0,2026-07-09 00:04:30
2026-07-08 23:46:32,ENME610,0101,Shapour Azarm,25,15,0,2026-07-09 00:04:30
2026-07-08 23:46:32,ENME631,0101,Bao Yang,25,17,0,2026-07-09 00:04:30
2026-07-08 23:46:32,ENME640,0101,Siddhartha Das,30,22,0,2026-07-09 00:04:31
2026-07-08 23:46:32,ENME662,0101,Amr Baz,25,10,0,2026-07-09 00:04:31
2026-07-08 23:46:32,ENME663,0101,Ashutosh Giri,20,15,0,2026-07-09 00:04:32
2026-07-08 23:46:32,ENME690,0101,Bongtae Han,25,18,0,2026-07-09 00:04:32
2026-07-08 23:46:32,ENME690,ER01,Bongtae Han,15,15,0,2026-07-09 00:04:32
2026-07-08 23:46:32,ENME690,RE01,Bongtae Han,5,5,0,2026-07-09 00:04:32
2026-07-08 23:46:32,ENME691,0101,Jay Lee,20,16,0,2026-07-09 00:04:32
2026-07-08 23:46:32,ENME702,0101,Lin Cheng,15,10,0,2026-07-09 00:04:33
2026-07-08 23:46:32,ENME714,0101,Cecilia Huertas Cerdeira,20,17,0,2026-07-09 00:04:33
2026-07-08 23:46:32,ENME725,0101,Steven Gabriel,15,5,0,2026-07-09 00:04:34
2026-07-08 23:46:32,ENME725,DE01,Steven Gabriel,10,10,0,2026-07-09 00:04:34
2026-07-08 23:46:32,ENME737,0101,Michael Pecht,20,18,0,2026-07-09 00:04:34
2026-07-08 23:46:32,ENME737,ER01,Michael Pecht,10,9,0,2026-07-09 00:04:34
2026-07-08 23:46:32,ENME737,RE01,Michael Pecht,5,5,0,2026-07-09 00:04:34
2026-07-08 23:46:32,ENME743,0101,Davis McGregor,20,14,0,2026-07-09 00:04:35
2026-07-08 23:46:32,ENME744,0101,Ryan Sochol,20,9,0,2026-07-09 00:04:35
2026-07-08 23:46:32,ENME744,DE01,Ryan Sochol,20,19,0,2026-07-09 00:04:35
2026-07-08 23:46:32,ENME753,0101,Jelena Srebric,10,10,0,2026-07-09 00:04:35
2026-07-08 23:46:32,ENME808Q,0101,Michael Ohadi,8,8,0,2026-07-09 00:04:37
2026-07-08 23:46:32,ENME808X,0101,Ashwani Gupta,10,9,0,2026-07-09 00:04:37
2026-07-08 23:46:32,ENME808X,ME01,Ashwani Gupta,5,5,0,2026-07-09 00:04:37
2026-07-08 23:46:32,ENMT301,ESG1,Colleen Murray,15,15,0,2026-07-09 00:04:40
2026-07-08 23:46:32,ENMT322,ESG1,Gurtajbir Herr,15,15,0,2026-07-09 00:04:40
2026-07-08 23:46:32,ENMT361,ESG1,Young Choi,15,15,0,2026-07-09 00:04:41
2026-07-08 23:46:32,ENMT380,ESG1,Gurtajbir Herr,15,15,0,2026-07-09 00:04:41
2026-07-08 23:46:32,ENMT450,ESG1,Nicholas Limparis,7,6,0,2026-07-09 00:04:41
2026-07-08 23:46:32,ENMT471,ESG1,Colleen Murray,7,6,0,2026-07-09 00:04:42
2026-07-08 23:46:32,ENMT473,ESG1,Gurtajbir Herr,7,6,0,2026-07-09 00:04:42
2026-07-08 23:46:32,ENMT483,ESG1,Nicholas Limparis,7,6,0,2026-07-09 00:04:43
2026-07-08 23:46:32,ENPM611,0101,Christopher Ackermann,45,28,0,2026-07-09 00:04:45
2026-07-08 23:46:32,ENPM611,SW01,Christopher Ackermann,20,10,0,2026-07-09 00:04:45
2026-07-08 23:46:32,ENPM613,0101,Tony Barber,65,50,0,2026-07-09 00:04:45
2026-07-08 23:46:32,ENPM613,SW01,Tony Barber,20,16,0,2026-07-09 00:04:45
2026-07-08 23:46:32,ENPM615,0101,Manoj Franklin,35,30,0,2026-07-09 00:04:45
2026-07-08 23:46:32,ENPM615,EB01,Manoj Franklin,20,10,0,2026-07-09 00:04:45
2026-07-08 23:46:32,ENPM621,0101,Jiazhen Ling,17,16,0,2026-07-09 00:04:46
2026-07-08 23:46:32,ENPM621,DE01,Jiazhen Ling,20,20,0,2026-07-09 00:04:46
2026-07-08 23:46:32,ENPM622,0101,Patrick Caton,35,32,0,2026-07-09 00:04:46
2026-07-08 23:46:32,ENPM622,ME01,Patrick Caton,20,16,0,2026-07-09 00:04:46
2026-07-08 23:46:32,ENPM631,0101,Pedram Fard,35,29,0,2026-07-09 00:04:47
2026-07-08 23:46:32,ENPM631,DE01,Pedram Fard,20,17,0,2026-07-09 00:04:47
2026-07-08 23:46:32,ENPM645,0101,Josef Schaff,52,41,0,2026-07-09 00:04:47
2026-07-08 23:46:32,ENPM645,RO01,Josef Schaff,20,18,0,2026-07-09 00:04:47
2026-07-08 23:46:32,ENPM660,ME01,Kyosung Choo,20,13,0,2026-07-09 00:04:47
2026-07-08 23:46:32,ENPM662,0101,Reza Monfaredi,65,51,0,2026-07-09 00:04:48
2026-07-08 23:46:32,ENPM662,RO01,Reza Monfaredi,20,17,0,2026-07-09 00:04:48
2026-07-08 23:46:32,ENPM665,0101,Thomas Dineen,40,15,0,2026-07-09 00:04:48
2026-07-08 23:46:32,ENPM665,AEB1,Thomas Dineen,20,9,0,2026-07-09 00:04:48
2026-07-08 23:46:32,ENPM667,0101,Waseem Malik,35,21,0,2026-07-09 00:04:49
2026-07-08 23:46:32,ENPM667,RO01,Waseem Malik,20,14,0,2026-07-09 00:04:49
2026-07-08 23:46:32,ENPM672,ME01,Siddhartha Das,20,16,0,2026-07-09 00:04:49
2026-07-08 23:46:32,ENPM680,0101,Gananand Kini,48,11,0,2026-07-09 00:04:50
2026-07-08 23:46:32,ENPM680,SW01,Gananand Kini,20,15,0,2026-07-09 00:04:50
2026-07-08 23:46:32,ENPM685,0101,Kevin Shivers,35,3,0,2026-07-09 00:04:50
2026-07-08 23:46:32,ENPM685,0201,Bertrand Sobesto,45,33,0,2026-07-09 00:04:50
2026-07-08 23:46:32,ENPM685,CY01,Kevin Shivers,20,6,0,2026-07-09 00:04:50
2026-07-08 23:46:32,ENPM687,0101,Jonas Amoonarquah,25,3,0,2026-07-09 00:04:50
2026-07-08 23:46:32,ENPM687,0201,Ryan Kropff,38,0,5,2026-07-09 00:04:50
2026-07-08 23:46:32,ENPM687,CY01,Jonas Amoonarquah,20,11,0,2026-07-09 00:04:50
2026-07-08 23:46:32,ENPM691,0101,Wiehrs Collier,65,41,0,2026-07-09 00:04:51
2026-07-08 23:46:32,ENPM691,CY01,Wiehrs Collier,40,29,0,2026-07-09 00:04:51
2026-07-08 23:46:32,ENPM694,0101,Majid Raissi-Dehkordi,40,24,0,2026-07-09 00:04:51
2026-07-08 23:46:32,ENPM694,CY01,Majid Raissi-Dehkordi,20,13,0,2026-07-09 00:04:51
2026-07-08 23:46:32,ENPM695,CY01,Ido Dubrawsky,40,25,0,2026-07-09 00:04:52
2026-07-08 23:46:32,ENPM696,0101,Allen Hazelton,39,13,0,2026-07-09 00:04:52
2026-07-08 23:46:32,ENPM696,SW01,Allen Hazelton,20,17,0,2026-07-09 00:04:52
2026-07-08 23:46:32,ENPM702,0101,Zeid Kootbally,29,22,0,2026-07-09 00:04:53
2026-07-08 23:46:32,ENPM702,RO01,Zeid Kootbally,20,14,0,2026-07-09 00:04:53
2026-07-08 23:46:32,ENPM703,0101,George Zaki,40,26,0,2026-07-09 00:04:53
2026-07-08 23:46:32,ENPM703,CY01,George Zaki,20,9,0,2026-07-09 00:04:53
2026-07-08 23:46:32,ENPM808,0101,George Syrmos,40,40,0,2026-07-09 00:04:53
2026-07-08 23:46:32,ENPM808D,0101,Harry Dankowicz,35,33,0,2026-07-09 00:04:54
2026-07-08 23:46:32,ENPM808D,AEC1,Harry Dankowicz,20,18,0,2026-07-09 00:04:54
2026-07-08 23:46:32,ENPM808J,0101,Tony Barber,35,34,0,2026-07-09 00:04:54
2026-07-08 23:46:32,ENPM808J,SY01,Tony Barber,20,18,0,2026-07-09 00:04:54
2026-07-08 23:46:32,ENPM808L,0101,Wiehrs Collier,17,13,0,2026-07-09 00:04:55
2026-07-08 23:46:32,ENPM808L,DE01,Wiehrs Collier,20,18,0,2026-07-09 00:04:55
2026-07-08 23:46:32,ENPM808N,ME01,Yang Li,20,20,0,2026-07-09 00:04:55
2026-07-08 23:46:32,ENPM809A,0101,Anindo Roy,35,25,0,2026-07-09 00:04:55
2026-07-08 23:46:32,ENPM809A,RO01,Anindo Roy,20,18,0,2026-07-09 00:04:55
2026-07-08 23:46:32,ENPM809Q,0101,Martin Cerza,29,26,0,2026-07-09 00:04:56
2026-07-08 23:46:32,ENPM809Q,ME01,Martin Cerza,20,17,0,2026-07-09 00:04:56
2026-07-08 23:46:32,ENPM809V,0101,Michael Wittner,45,31,0,2026-07-09 00:04:56
2026-07-08 23:46:32,ENPM809V,CY01,Michael Wittner,20,18,0,2026-07-09 00:04:56
2026-07-08 23:46:32,ENPM818F,0101,Majid Raissi-Dehkordi,29,25,0,2026-07-09 00:04:57
2026-07-08 23:46:32,ENPM818F,AEB1,Majid Raissi-Dehkordi,20,19,0,2026-07-09 00:04:57
2026-07-08 23:46:32,ENPM818L,0101,Hassan Salmani,25,19,0,2026-07-09 00:04:57
2026-07-08 23:46:32,ENPM818L,EB01,Hassan Salmani,20,16,0,2026-07-09 00:04:57
2026-07-08 23:46:32,ENPM818M,0101,Ashok Prajapati,29,27,0,2026-07-09 00:04:57
2026-07-08 23:46:32,ENPM818M,EB01,Ashok Prajapati,20,19,0,2026-07-09 00:04:57
2026-07-08 23:46:32,ENPM818N,0101,Manoj Khilnani,29,0,1,2026-07-09 00:04:58
2026-07-08 23:46:32,ENPM818N,AEB1,Manoj Khilnani,20,1,0,2026-07-09 00:04:58
2026-07-08 23:46:32,ENPM818P,0101,Debra Beckham,30,0,3,2026-07-09 00:04:58
2026-07-08 23:46:32,ENPM818P,0201,Uche Enwesi,50,35,0,2026-07-09 00:04:58
2026-07-08 23:46:32,ENPM818P,AEB1,Debra Beckham,20,2,0,2026-07-09 00:04:58
2026-07-08 23:46:32,ENPM818R,0101,Everett Daviage,65,28,0,2026-07-09 00:04:59
2026-07-08 23:46:32,ENPM818R,0201,Everett Daviage,39,20,0,2026-07-09 00:04:59
2026-07-08 23:46:32,ENPM818R,AEB1,Everett Daviage,20,7,0,2026-07-09 00:04:59
2026-07-08 23:46:32,ENPM818Z,0101,Zeid Kootbally,25,15,0,2026-07-09 00:04:59
2026-07-08 23:46:32,ENPM818Z,RO01,Zeid Kootbally,5,4,0,2026-07-09 00:04:59
2026-07-08 23:46:32,ENRE600,0101,Instructor: TBA,29,25,0,2026-07-09 00:05:02
2026-07-08 23:46:32,ENRE600,ER01,Instructor: TBA,20,17,0,2026-07-09 00:05:02
2026-07-08 23:46:32,ENRE600,RE01,Instructor: TBA,4,4,0,2026-07-09 00:05:02
2026-07-08 23:46:32,ENRE602,0101,Katrina Groth,20,17,0,2026-07-09 00:05:02
2026-07-08 23:46:32,ENRE602,ER01,Katrina Groth,15,10,0,2026-07-09 00:05:02
2026-07-08 23:46:32,ENRE602,RE01,Katrina Groth,10,7,0,2026-07-09 00:05:02
2026-07-08 23:46:32,ENRE641,0101,Mohammad Modarres,13,11,0,2026-07-09 00:05:02
2026-07-08 23:46:32,ENRE641,ER01,Mohammad Modarres,15,12,0,2026-07-09 00:05:02
2026-07-08 23:46:32,ENRE641,RE01,Mohammad Modarres,15,14,0,2026-07-09 00:05:02
2026-07-08 23:46:32,ENRE645,0101,Yunfei Zhao,20,17,0,2026-07-09 00:05:03
2026-07-08 23:46:32,ENRE645,ER01,Yunfei Zhao,10,7,0,2026-07-09 00:05:03
2026-07-08 23:46:32,ENRE645,RE01,Yunfei Zhao,5,5,0,2026-07-09 00:05:03
2026-07-08 23:46:32,ENRE648G,0101,Steven Gabriel,5,5,0,2026-07-09 00:05:04
2026-07-08 23:46:32,ENRE648G,ER01,Steven Gabriel,10,9,0,2026-07-09 00:05:04
2026-07-08 23:46:32,ENRE648G,RE01,Steven Gabriel,5,5,0,2026-07-09 00:05:04
2026-07-08 23:46:32,ENRE648J,0101,Michael Pecht,20,18,0,2026-07-09 00:05:04
2026-07-08 23:46:32,ENRE648J,ER01,Michael Pecht,10,9,0,2026-07-09 00:05:04
2026-07-08 23:46:32,ENRE648J,RE01,Michael Pecht,5,5,0,2026-07-09 00:05:04
2026-07-08 23:46:32,ENSE621,0101,Tony Barber,22,19,0,2026-07-09 00:05:07
2026-07-08 23:46:32,ENSE621,SY01,Tony Barber,15,13,0,2026-07-09 00:05:07
2026-07-08 23:46:32,ENSE623,0101,Steven Biemer,17,16,0,2026-07-09 00:05:08
2026-07-08 23:46:32,ENSE623,SY01,Steven Biemer,15,13,0,2026-07-09 00:05:08
2026-07-08 23:46:32,ENSE626,0101,Dane Cooper,20,17,0,2026-07-09 00:05:08
2026-07-08 23:46:32,ENSE626,SY01,Dane Cooper,15,12,0,2026-07-09 00:05:08
2026-07-08 23:46:32,ENSP101,0101,Annette Spivy,25,0,0,2026-07-09 00:05:11
2026-07-08 23:46:32,ENSP101,0102,Annette Spivy,24,3,0,2026-07-09 00:05:11
2026-07-08 23:46:32,ENSP101,0103,Annette Spivy,24,1,0,2026-07-09 00:05:11
2026-07-08 23:46:32,ENSP101,0104,Annette Spivy,24,8,0,2026-07-09 00:05:11
2026-07-08 23:46:32,ENSP101,0105,Annette Spivy,25,6,0,2026-07-09 00:05:11
2026-07-08 23:46:32,ENSP101,0106,Annette Spivy,24,8,0,2026-07-09 00:05:11
2026-07-08 23:46:32,ENSP101,0107,Annette Spivy,24,2,0,2026-07-09 00:05:11
2026-07-08 23:46:32,ENSP101,FC01,Annette Spivy,32,7,0,2026-07-09 00:05:11
2026-07-08 23:46:32,ENSP305,0101,Annette Spivy,23,0,0,2026-07-09 00:05:11
2026-07-08 23:46:32,ENSP330,0101,Joanna Goger,35,1,0,2026-07-09 00:05:11
2026-07-08 23:46:32,ENSP340,0101,Caroline Boules,25,0,1,2026-07-09 00:05:12
2026-07-08 23:46:32,ENSP360,0101,Leena Malayil,25,0,3,2026-07-09 00:05:12
2026-07-08 23:46:32,ENSP399N,0101,Annette Spivy,30,27,0,2026-07-09 00:05:13
2026-07-08 23:46:32,ENSP399R,0601,Annette Spivy,10,10,0,2026-07-09 00:05:14
2026-07-08 23:46:32,ENSP399R,1001,Jennifer Mullinax,10,10,0,2026-07-09 00:05:14
2026-07-08 23:46:32,ENSP400,0101,Instructor: TBA,35,12,0,2026-07-09 00:05:14
2026-07-08 23:46:32,ENSP400,0102,Joanna Goger,35,13,0,2026-07-09 00:05:14
2026-07-08 23:46:32,ENST111,0101,Jennifer Gunnulfsen,25,14,0,2026-07-09 00:05:17
2026-07-08 23:46:32,ENST115,0101,Shannon Browne,24,0,0,2026-07-09 00:05:17
2026-07-08 23:46:32,ENST200,0101,Eni Baballari,20,0,0,2026-07-09 00:05:18
2026-07-08 23:46:32,ENST200,0102,Eni Baballari,20,12,0,2026-07-09 00:05:18
2026-07-08 23:46:32,ENST200,0103,Raymond Weil,20,10,0,2026-07-09 00:05:18
2026-07-08 23:46:32,ENST200,0104,Raymond Weil,20,1,0,2026-07-09 00:05:18
2026-07-08 23:46:32,ENST220,0101,Eni Baballari,24,10,0,2026-07-09 00:05:18
2026-07-08 23:46:32,ENST231,0101,Akash Koppa,50,5,0,2026-07-09 00:05:18
2026-07-08 23:46:32,ENST233,0101,Lance Yonkos,22,0,0,2026-07-09 00:05:19
2026-07-08 23:46:32,ENST233,0103,Lance Yonkos,22,9,0,2026-07-09 00:05:19
2026-07-08 23:46:32,ENST233,0104,Lance Yonkos,22,1,0,2026-07-09 00:05:19
2026-07-08 23:46:32,ENST233,FC01,Lance Yonkos,22,9,0,2026-07-09 00:05:19
2026-07-08 23:46:32,ENST281,0101,Jose-Luis Izursa,20,2,0,2026-07-09 00:05:19
2026-07-08 23:46:32,ENST281,0102,Jose-Luis Izursa,20,14,0,2026-07-09 00:05:19
2026-07-08 23:46:32,ENST282,0101,David Tilley,20,4,0,2026-07-09 00:05:20
2026-07-08 23:46:32,ENST301,0101,Brian Needelman,10,3,0,2026-07-09 00:05:20
2026-07-08 23:46:32,ENST302,0101,Brian Needelman,7,4,0,2026-07-09 00:05:20
2026-07-08 23:46:32,ENST303,0101,Brian Needelman,15,13,0,2026-07-09 00:05:21
2026-07-08 23:46:32,ENST321,0101,Henry Gallo,40,2,0,2026-07-09 00:05:21
2026-07-08 23:46:32,ENST333,0101,Jennifer Gunnulfsen,45,21,0,2026-07-09 00:05:22
2026-07-08 23:46:32,ENST360,0101,Mitchell Pavao-Zuckerman,20,0,4,2026-07-09 00:05:22
2026-07-08 23:46:32,ENST360,0102,Mitchell Pavao-Zuckerman,20,0,2,2026-07-09 00:05:22
2026-07-08 23:46:32,ENST361,0101,Henry Gallo,40,22,0,2026-07-09 00:05:23
2026-07-08 23:46:32,ENST379,0101,Eni Baballari,15,13,0,2026-07-09 00:05:23
2026-07-08 23:46:32,ENST389,0101,Shannon Browne,50,49,0,2026-07-09 00:05:24
2026-07-08 23:46:32,ENST403,0101,Sarah Rothman,30,0,3,2026-07-09 00:05:24
2026-07-08 23:46:32,ENST411,0101,Raymond Weil,20,14,0,2026-07-09 00:05:25
2026-07-08 23:46:32,ENST414,0101,Brian Needelman,20,10,0,2026-07-09 00:05:25
2026-07-08 23:46:32,ENST417,0101,Robert Hill,35,31,0,2026-07-09 00:05:25
2026-07-08 23:46:32,ENST432,0101,Stephanie Yarwood,30,7,0,2026-07-09 00:05:26
2026-07-08 23:46:32,ENST441,0101,Raymond Weil,40,28,0,2026-07-09 00:05:26
2026-07-08 23:46:32,ENST450,0101,Andrew Baldwin,28,0,11,2026-07-09 00:05:27
2026-07-08 23:46:32,ENST456,0101,Shannon Browne,20,13,0,2026-07-09 00:05:27
2026-07-08 23:46:32,ENST460,0101,Jennifer Mullinax,40,1,0,2026-07-09 00:05:28
2026-07-08 23:46:32,ENST472,1201,Andrew Baldwin,10,10,0,2026-07-09 00:05:28
2026-07-08 23:46:32,ENST472,1205,William Bowerman,15,15,0,2026-07-09 00:05:28
2026-07-08 23:46:32,ENST472,1401,Frank Coale,5,5,0,2026-07-09 00:05:28
2026-07-08 23:46:32,ENST472,1501,Gary Felton,10,10,0,2026-07-09 00:05:28
2026-07-08 23:46:32,ENST472,1508,Reginal Harrell,10,10,0,2026-07-09 00:05:28
2026-07-08 23:46:32,ENST472,1601,Robert Hill,10,10,0,2026-07-09 00:05:28
2026-07-08 23:46:32,ENST472,1801,Patrick Kangas,10,10,0,2026-07-09 00:05:28
2026-07-08 23:46:32,ENST472,1802,Stephanie Lansing,10,10,0,2026-07-09 00:05:28
2026-07-08 23:46:32,ENST472,1803,Paul Leisnham,10,10,0,2026-07-09 00:05:28
2026-07-08 23:46:32,ENST472,2005,Jennifer Mullinax,10,10,0,2026-07-09 00:05:28
2026-07-08 23:46:32,ENST472,2101,Brian Needelman,10,10,0,2026-07-09 00:05:28
2026-07-08 23:46:32,ENST472,2102,Masoud Negahban-Azar,10,10,0,2026-07-09 00:05:28
2026-07-08 23:46:32,ENST472,2103,Mitchell Pavao-Zuckerman,10,10,0,2026-07-09 00:05:28
2026-07-08 23:46:32,ENST472,2104,Shannon Browne,10,10,0,2026-07-09 00:05:28
2026-07-08 23:46:32,ENST472,2105,Wendy Peer,10,10,0,2026-07-09 00:05:28
2026-07-08 23:46:32,ENST472,2201,Martin Rabenhorst,10,10,0,2026-07-09 00:05:28
2026-07-08 23:46:32,ENST472,2601,David Tilley,10,10,0,2026-07-09 00:05:28
2026-07-08 23:46:32,ENST472,2701,Raymond Weil,10,10,0,2026-07-09 00:05:28
2026-07-08 23:46:32,ENST472,2804,Jose-Luis Izursa,10,10,0,2026-07-09 00:05:28
2026-07-08 23:46:32,ENST472,2805,Gurpal Toor,10,10,0,2026-07-09 00:05:28
2026-07-08 23:46:32,ENST472,2905,Stephanie Yarwood,10,10,0,2026-07-09 00:05:28
2026-07-08 23:46:32,ENST472,3001,Lance Yonkos,10,10,0,2026-07-09 00:05:28
2026-07-08 23:46:32,ENST472,3201,Peter May,10,10,0,2026-07-09 00:05:28
2026-07-08 23:46:32,ENST472,3202,Candice Duncan,5,5,0,2026-07-09 00:05:28
2026-07-08 23:46:32,ENST472,3301,Adel Shirmohammadi,4,4,0,2026-07-09 00:05:28
2026-07-08 23:46:32,ENST472,3401,Jared Wilmoth,10,10,0,2026-07-09 00:05:28
2026-07-08 23:46:32,ENST472,3601,Henry Gallo,10,10,0,2026-07-09 00:05:28
2026-07-08 23:46:32,ENST472,3602,Juanita Choo,10,10,0,2026-07-09 00:05:28
2026-07-08 23:46:32,ENST486,0101,Eni Baballari,10,10,0,2026-07-09 00:05:28
2026-07-08 23:46:32,ENST499X,0101,Raymond Weil,5,5,0,2026-07-09 00:05:30
2026-07-08 23:46:32,ENST603,0101,Sarah Rothman,5,4,0,2026-07-09 00:05:30
2026-07-08 23:46:32,ENST606,0101,Sarah Rothman,20,20,0,2026-07-09 00:05:31
2026-07-08 23:46:32,ENST611,0101,Raymond Weil,10,10,0,2026-07-09 00:05:31
2026-07-08 23:46:32,ENST650,0101,Andrew Baldwin,6,1,0,2026-07-09 00:05:31
2026-07-08 23:46:32,ENST689,1201,Andrew Baldwin,5,5,0,2026-07-09 00:05:32
2026-07-08 23:46:32,ENST689,1205,William Bowerman,5,5,0,2026-07-09 00:05:32
2026-07-08 23:46:32,ENST689,1401,Frank Coale,5,5,0,2026-07-09 00:05:32
2026-07-08 23:46:32,ENST689,1501,Gary Felton,5,5,0,2026-07-09 00:05:32
2026-07-08 23:46:32,ENST689,1508,Reginal Harrell,5,5,0,2026-07-09 00:05:32
2026-07-08 23:46:32,ENST689,1601,Robert Hill,5,5,0,2026-07-09 00:05:32
2026-07-08 23:46:32,ENST689,1801,Patrick Kangas,5,5,0,2026-07-09 00:05:32
2026-07-08 23:46:32,ENST689,1802,Stephanie Lansing,5,5,0,2026-07-09 00:05:32
2026-07-08 23:46:32,ENST689,1803,Paul Leisnham,5,5,0,2026-07-09 00:05:32
2026-07-08 23:46:32,ENST689,1805,Michael Kearney,5,5,0,2026-07-09 00:05:32
2026-07-08 23:46:32,ENST689,2001,Bahram Momen,5,5,0,2026-07-09 00:05:32
2026-07-08 23:46:32,ENST689,2005,Jennifer Mullinax,5,5,0,2026-07-09 00:05:32
2026-07-08 23:46:32,ENST689,2101,Brian Needelman,5,5,0,2026-07-09 00:05:32
2026-07-08 23:46:32,ENST689,2102,Masoud Negahban-Azar,5,5,0,2026-07-09 00:05:32
2026-07-08 23:46:32,ENST689,2103,Mitchell Pavao-Zuckerman,5,5,0,2026-07-09 00:05:32
2026-07-08 23:46:32,ENST689,2105,Wendy Peer,5,5,0,2026-07-09 00:05:32
2026-07-08 23:46:32,ENST689,2201,Martin Rabenhorst,3,3,0,2026-07-09 00:05:32
2026-07-08 23:46:32,ENST689,2601,David Tilley,5,5,0,2026-07-09 00:05:32
2026-07-08 23:46:32,ENST689,2701,Raymond Weil,5,5,0,2026-07-09 00:05:32
2026-07-08 23:46:32,ENST689,2805,Gurpal Toor,5,5,0,2026-07-09 00:05:32
2026-07-08 23:46:32,ENST689,2905,Stephanie Yarwood,5,5,0,2026-07-09 00:05:32
2026-07-08 23:46:32,ENST689,3001,Lance Yonkos,2,2,0,2026-07-09 00:05:32
2026-07-08 23:46:32,ENST689,3401,Jared Wilmoth,10,10,0,2026-07-09 00:05:32
2026-07-08 23:46:32,ENST689,3601,Henry Gallo,10,10,0,2026-07-09 00:05:32
2026-07-08 23:46:32,ENST689M,0101,Jared Wilmoth,10,7,0,2026-07-09 00:05:32
2026-07-08 23:46:32,ENST689X,0101,Raymond Weil,1,1,0,2026-07-09 00:05:33
2026-07-08 23:46:32,ENST689Y,0101,Wendy Peer,10,10,0,2026-07-09 00:05:33
2026-07-08 23:46:32,ENST798,0101,Henry Gallo,40,39,0,2026-07-09 00:05:34
2026-07-08 23:46:32,ENTM699K,0101,Gili Ad-Marbach,12,10,0,2026-07-09 00:05:37
2026-07-08 23:46:32,ENTM701,0101,Wade Winkler,20,14,0,2026-07-09 00:05:37
2026-07-08 23:46:32,ENTM701,0201,Kelly Hamby,20,13,0,2026-07-09 00:05:37
2026-07-08 23:46:32,ENTM788C,0101,Instructor: TBA,45,34,0,2026-07-09 00:05:38
2026-07-08 23:46:32,ENTM788F,0101,Megan Fritz,1,0,0,2026-07-09 00:05:38
2026-07-08 23:46:32,ENTM798E,0101,Anahi Espindola,26,14,0,2026-07-09 00:05:39
2026-07-08 23:46:32,ENTS622,0101,Alejandra Mercado,16,15,0,2026-07-09 00:05:42
2026-07-08 23:46:32,ENTS630,0101,Joseph Augustine,35,32,0,2026-07-09 00:05:42
2026-07-08 23:46:32,ENTS635,0101,Peter Rankel,40,34,0,2026-07-09 00:05:42
2026-07-08 23:46:32,ENTS640,0101,Zoltan Safar,24,24,0,2026-07-09 00:05:43
2026-07-08 23:46:32,ENTS657,0101,Alejandra Mercado,10,7,0,2026-07-09 00:05:43
2026-07-08 23:46:32,ENTS669B,0101,Jeff McKinney,24,22,0,2026-07-09 00:05:44
2026-07-08 23:46:32,ENTS669D,0101,Richard La,5,4,0,2026-07-09 00:05:44
2026-07-08 23:46:32,ENTS699B,0101,Shuvra Bhattacharyya,1,0,0,2026-07-09 00:05:44
2026-07-08 23:46:32,ENTS759I,0101,Kamran Etemad,16,14,0,2026-07-09 00:05:45
2026-07-08 23:46:32,ENVH121,FC01,Brienna Anderson,20,20,0,2026-07-09 00:05:47
2026-07-08 23:46:32,ENVH381,0101,Instructor: TBA,30,26,0,2026-07-09 00:05:47
2026-07-08 23:46:32,EPIB301,0101,Typhanye Dyer,18,0,15,2026-07-09 00:05:49
2026-07-08 23:46:32,EPIB301,0102,Typhanye Dyer,18,0,15,2026-07-09 00:05:49
2026-07-08 23:46:32,EPIB301,0103,Typhanye Dyer,18,0,15,2026-07-09 00:05:49
2026-07-08 23:46:32,EPIB301,0104,Typhanye Dyer,18,0,17,2026-07-09 00:05:49
2026-07-08 23:46:32,EPIB301,0201,Typhanye Dyer,18,0,10,2026-07-09 00:05:49
2026-07-08 23:46:32,EPIB301,0202,Typhanye Dyer,18,0,12,2026-07-09 00:05:49
2026-07-08 23:46:32,EPIB301,0203,Typhanye Dyer,18,0,14,2026-07-09 00:05:49
2026-07-08 23:46:32,EPIB301,0204,Typhanye Dyer,18,0,18,2026-07-09 00:05:49
2026-07-08 23:46:32,EPIB315,0101,Jeremy Rubin,16,1,0,2026-07-09 00:05:50
2026-07-08 23:46:32,EPIB315,0102,Jeremy Rubin,16,0,1,2026-07-09 00:05:50
2026-07-08 23:46:32,EPIB315,0103,Jeremy Rubin,16,0,5,2026-07-09 00:05:50
2026-07-08 23:46:32,EPIB315,0104,Jeremy Rubin,16,0,0,2026-07-09 00:05:50
2026-07-08 23:46:32,EPIB315,0201,Jeremy Rubin,16,10,0,2026-07-09 00:05:50
2026-07-08 23:46:32,EPIB315,0202,Jeremy Rubin,16,0,2,2026-07-09 00:05:50
2026-07-08 23:46:32,EPIB315,0203,Jeremy Rubin,16,0,0,2026-07-09 00:05:50
2026-07-08 23:46:32,EPIB315,0204,Jeremy Rubin,16,0,1,2026-07-09 00:05:50
2026-07-08 23:46:32,EPIB445,0101,Yulin Hswen,15,15,0,2026-07-09 00:05:50
2026-07-08 23:46:32,EPIB610,0101,Edmond Shenassa,40,28,0,2026-07-09 00:05:51
2026-07-08 23:46:32,EPIB612,0101,Hongjie Liu,20,17,0,2026-07-09 00:05:51
2026-07-08 23:46:32,EPIB644,0101,Cher Dallal,15,13,0,2026-07-09 00:05:52
2026-07-08 23:46:32,EPIB645,0101,Yulin Hswen,10,9,0,2026-07-09 00:05:52
2026-07-08 23:46:32,EPIB650,0101,Yan Li,40,19,0,2026-07-09 00:05:53
2026-07-08 23:46:32,EPIB651,0101,Mei-Ling Lee,20,18,0,2026-07-09 00:05:53
2026-07-08 23:46:32,EPIB652,0101,Jeremy Rubin,20,13,0,2026-07-09 00:05:53
2026-07-08 23:46:32,EPIB655,0101,Xin He,20,4,0,2026-07-09 00:05:54
2026-07-08 23:46:32,EPIB685,0101,Paula Strassle,25,20,0,2026-07-09 00:05:54
2026-07-08 23:46:32,EPIB697,0101,Farrah Askari,30,23,0,2026-07-09 00:05:55
2026-07-08 23:46:32,EPIB742,0101,Hongjie Liu,25,24,0,2026-07-09 00:05:55
2026-07-08 23:46:32,EPIB788,0101,Instructor: TBA,15,12,0,2026-07-09 00:05:56
2026-07-08 23:46:32,FGSM310,0101,Peter Owen,24,2,0,2026-07-09 00:06:00
2026-07-08 23:46:32,FGSM315,0101,Emily Shetty,22,1,0,2026-07-09 00:06:00
2026-07-08 23:46:32,FGSM320,0101,Woodie Kessel,24,2,0,2026-07-09 00:06:01
2026-07-08 23:46:32,FGSM325,0101,Instructor: TBA,20,1,0,2026-07-09 00:06:01
2026-07-08 23:46:32,FGSM330,0101,Casie Antalis,22,2,0,2026-07-09 00:06:02
2026-07-08 23:46:32,FGSM340,0101,Ed Fendley,22,1,0,2026-07-09 00:06:02
2026-07-08 23:46:32,FGSM350,0101,Danusia Hubah,22,1,0,2026-07-09 00:06:03
2026-07-08 23:46:32,FGSM355,0101,Amanda Schoch,20,1,0,2026-07-09 00:06:03
2026-07-08 23:46:32,FGSM360,0101,Nadia Farra,20,2,0,2026-07-09 00:06:04
2026-07-08 23:46:32,FGSM365,0101,Andrew Nissen,20,0,0,2026-07-09 00:06:04
2026-07-08 23:46:32,FGSM370,0101,Jeffrey Haeni,20,1,0,2026-07-09 00:06:04
2026-07-08 23:46:32,FGSM390,0101,Sasha Koo-Oshima,20,1,0,2026-07-09 00:06:05
2026-07-08 23:46:32,FGSM398,0101,Jayakumar Arasan,25,24,0,2026-07-09 00:06:05
2026-07-08 23:46:32,FGSM398,0201,Jayakumar Arasan,5,2,0,2026-07-09 00:06:05
2026-07-08 23:46:32,FIRE120,0101,Jessica O'Hara,22,0,0,2026-07-09 00:06:07
2026-07-08 23:46:32,FIRE120,0102,Quira Zeidan,22,13,0,2026-07-09 00:06:07
2026-07-08 23:46:32,FIRE120,0103,Jaclyn Bruner,30,0,0,2026-07-09 00:06:07
2026-07-08 23:46:32,FIRE120,0104,Danielle Niu,30,0,0,2026-07-09 00:06:07
2026-07-08 23:46:32,FIRE120,0105,Cherisse Hall,30,0,0,2026-07-09 00:06:07
2026-07-08 23:46:32,FIRE120,0106,Sara Strey,30,16,0,2026-07-09 00:06:07
2026-07-08 23:46:32,FIRE120,0107,Helene Nguemgaing,30,5,0,2026-07-09 00:06:07
2026-07-08 23:46:32,FIRE120,0108,Mary Chey,30,7,0,2026-07-09 00:06:07
2026-07-08 23:46:32,FIRE120,0109,Shannon Hilton,30,0,0,2026-07-09 00:06:07
2026-07-08 23:46:32,FIRE120,0110,Lena Johnson,30,1,0,2026-07-09 00:06:07
2026-07-08 23:46:32,FIRE120,0111,Benjamin Huffman,30,0,0,2026-07-09 00:06:07
2026-07-08 23:46:32,FIRE120,0112,Mary Chey,30,13,0,2026-07-09 00:06:07
2026-07-08 23:46:32,FIRE120,0113,Elizabeth Massey,30,22,0,2026-07-09 00:06:07
2026-07-08 23:46:32,FIRE120,0114,Sara Strey,30,8,0,2026-07-09 00:06:07
2026-07-08 23:46:32,FIRE120,FC01,Danielle Niu,36,0,57,2026-07-09 00:06:07
2026-07-08 23:46:32,FIRE298,0101,Catherine Spirito,28,3,0,2026-07-09 00:06:08
2026-07-08 23:46:32,FIRE298,0103,Cherisse Hall,36,12,0,2026-07-09 00:06:08
2026-07-08 23:46:32,FIRE298,0104,Jessica O'Hara,36,5,0,2026-07-09 00:06:08
2026-07-08 23:46:32,FIRE298,0105,Quira Zeidan,36,8,0,2026-07-09 00:06:08
2026-07-08 23:46:32,FIRE298,0106,Danielle Niu,36,19,0,2026-07-09 00:06:08
2026-07-08 23:46:32,FIRE298,0107,Benjamin Huffman,40,4,0,2026-07-09 00:06:08
2026-07-08 23:46:32,FIRE298,0108,Elizabeth Massey,40,15,0,2026-07-09 00:06:08
2026-07-08 23:46:32,FIRE298,0109,Shannon Hilton,40,8,0,2026-07-09 00:06:08
2026-07-08 23:46:32,FIRE298,0110,Jaclyn Bruner,40,18,0,2026-07-09 00:06:08
2026-07-08 23:46:32,FIRE298,0111,Mary Chey,36,8,0,2026-07-09 00:06:08
2026-07-08 23:46:32,FIRE298,0112,Helene Nguemgaing,40,15,0,2026-07-09 00:06:08
2026-07-08 23:46:32,FIRE298,0113,Kristina Kramarczuk,40,11,0,2026-07-09 00:06:08
2026-07-08 23:46:32,FIRE298,0114,Shabnam Jabeen,40,25,0,2026-07-09 00:06:08
2026-07-08 23:46:32,FIRE298,0115,Sara Strey,40,13,0,2026-07-09 00:06:08
2026-07-08 23:46:32,FIRE298,0116,Lena Johnson,40,5,0,2026-07-09 00:06:08
2026-07-08 23:46:32,FIRE398,0101,Catherine Spirito,15,3,0,2026-07-09 00:06:08
2026-07-08 23:46:32,FIRE398,0103,Cherisse Hall,15,4,0,2026-07-09 00:06:08
2026-07-08 23:46:32,FIRE398,0104,Jessica O'Hara,15,4,0,2026-07-09 00:06:08
2026-07-08 23:46:32,FIRE398,0105,Quira Zeidan,15,3,0,2026-07-09 00:06:08
2026-07-08 23:46:32,FIRE398,0106,Danielle Niu,15,10,0,2026-07-09 00:06:08
2026-07-08 23:46:32,FIRE398,0107,Benjamin Huffman,15,3,0,2026-07-09 00:06:08
2026-07-08 23:46:32,FIRE398,0108,Elizabeth Massey,15,5,0,2026-07-09 00:06:08
2026-07-08 23:46:32,FIRE398,0109,Shannon Hilton,15,9,0,2026-07-09 00:06:08
2026-07-08 23:46:32,FIRE398,0110,Jaclyn Bruner,15,9,0,2026-07-09 00:06:08
2026-07-08 23:46:32,FIRE398,0111,Mary Chey,15,5,0,2026-07-09 00:06:08
2026-07-08 23:46:32,FIRE398,0112,Helene Nguemgaing,15,15,0,2026-07-09 00:06:08
2026-07-08 23:46:32,FIRE398,0113,Kristina Kramarczuk,15,7,0,2026-07-09 00:06:08
2026-07-08 23:46:32,FIRE398,0114,Shabnam Jabeen,15,15,0,2026-07-09 00:06:08
2026-07-08 23:46:32,FIRE398,0115,Sara Strey,15,14,0,2026-07-09 00:06:08
2026-07-08 23:46:32,FIRE398,0116,Lena Johnson,15,11,0,2026-07-09 00:06:08
2026-07-08 23:46:32,FMSC110,0301,Martha Yumiseva,20,10,0,2026-07-09 00:06:10
2026-07-08 23:46:32,FMSC110,0302,Martha Yumiseva,20,0,1,2026-07-09 00:06:10
2026-07-08 23:46:32,FMSC110S,0101,Elisabeth Maring,96,33,0,2026-07-09 00:06:11
2026-07-08 23:46:32,FMSC123,0101,Manouchehr Mokhtari,40,0,48,2026-07-09 00:06:11
2026-07-08 23:46:32,FMSC126,0101,Kerry Tripp,15,0,6,2026-07-09 00:06:11
2026-07-08 23:46:32,FMSC177,0101,Maria Graviet,30,8,0,2026-07-09 00:06:12
2026-07-08 23:46:32,FMSC177,0102,Amy Morgan,30,29,0,2026-07-09 00:06:12
2026-07-08 23:46:32,FMSC190S,0101,Kevin Roy,32,11,0,2026-07-09 00:06:12
2026-07-08 23:46:32,FMSC260,0101,Liann Brown,25,16,0,2026-07-09 00:06:13
2026-07-08 23:46:32,FMSC260,0102,Liann Brown,25,11,0,2026-07-09 00:06:13
2026-07-08 23:46:32,FMSC270,0101,Amy Lewin,24,1,0,2026-07-09 00:06:13
2026-07-08 23:46:32,FMSC286,0101,Kerry Tripp,15,0,3,2026-07-09 00:06:13
2026-07-08 23:46:32,FMSC290,0101,Dina Rady,48,31,0,2026-07-09 00:06:14
2026-07-08 23:46:32,FMSC302,0101,Julie Donney,45,29,0,2026-07-09 00:06:14
2026-07-08 23:46:32,FMSC310,0101,Maria Steenland,45,0,5,2026-07-09 00:06:15
2026-07-08 23:46:32,FMSC310,0401,Cinthya Alberto,45,0,6,2026-07-09 00:06:15
2026-07-08 23:46:32,FMSC310,0501,Marie Thoma,45,0,13,2026-07-09 00:06:15
2026-07-08 23:46:32,FMSC330,0101,Sherri-Chanelle Brighthaupt,45,0,3,2026-07-09 00:06:15
2026-07-08 23:46:32,FMSC330,0201,Kevin Roy,45,0,6,2026-07-09 00:06:15
2026-07-08 23:46:32,FMSC332,0101,Amy Lewin,65,8,0,2026-07-09 00:06:16
2026-07-08 23:46:32,FMSC332,0201,Christine Schull,60,0,10,2026-07-09 00:06:16
2026-07-08 23:46:32,FMSC340,0101,Amy Morgan,35,22,0,2026-07-09 00:06:16
2026-07-08 23:46:32,FMSC340,0102,Amy Morgan,13,0,17,2026-07-09 00:06:16
2026-07-08 23:46:32,FMSC341,0101,Manouchehr Mokhtari,36,0,0,2026-07-09 00:06:16
2026-07-08 23:46:32,FMSC374,0101,Rabiatu Barrie,40,2,0,2026-07-09 00:06:17
2026-07-08 23:46:32,FMSC381,0201,Natasha Williams,40,23,0,2026-07-09 00:06:17
2026-07-08 23:46:32,FMSC383,0101,Ghaffar Hurtado Choque,48,21,0,2026-07-09 00:06:18
2026-07-08 23:46:32,FMSC405,0101,M Bishop,40,40,0,2026-07-09 00:06:19
2026-07-08 23:46:32,FMSC432,0201,Christine Schull,40,4,0,2026-07-09 00:06:19
2026-07-08 23:46:32,FMSC460,0101,Christine Schull,45,0,25,2026-07-09 00:06:19
2026-07-08 23:46:32,FMSC477,0101,Suzanne Muir,48,46,0,2026-07-09 00:06:20
2026-07-08 23:46:32,FMSC485,0201,Liann Brown,40,19,0,2026-07-09 00:06:20
2026-07-08 23:46:32,FMSC487,0101,Kerry Tripp,44,24,0,2026-07-09 00:06:21
2026-07-08 23:46:32,FMSC487,0201,Kerry Tripp,45,9,0,2026-07-09 00:06:21
2026-07-08 23:46:32,FMSC498P,0101,Brandi Onowu,40,2,0,2026-07-09 00:06:22
2026-07-08 23:46:32,FMSC631,0101,Mona Mittal,15,14,0,2026-07-09 00:06:22
2026-07-08 23:46:32,FMSC640,0101,Tiara Fennell,11,2,0,2026-07-09 00:06:23
2026-07-08 23:46:32,FMSC642,0101,Tiara Fennell,15,14,0,2026-07-09 00:06:23
2026-07-08 23:46:32,FMSC650,0101,Erica Turner,25,16,0,2026-07-09 00:06:23
2026-07-08 23:46:32,FMSC652,0101,Stella Li,20,19,0,2026-07-09 00:06:24
2026-07-08 23:46:32,FMSC658,0101,Tiara Fennell,20,10,0,2026-07-09 00:06:24
2026-07-08 23:46:32,FMSC745,0101,Jasmine Ferrill,15,6,0,2026-07-09 00:06:26
2026-07-08 23:46:32,FMSC750,0101,Christine Schull,15,9,0,2026-07-09 00:06:30
2026-07-08 23:46:32,FMSC850,0101,Marie Thoma,8,5,0,2026-07-09 00:06:31
2026-07-08 23:46:32,FMSC879,0101,Mia Smith-Bynum,30,26,0,2026-07-09 00:06:31
2026-07-08 23:46:32,FREN103,0101,Melina Kritikopoulos,18,8,0,2026-07-09 00:06:34
2026-07-08 23:46:32,FREN103,0201,Yaovi Modjinou,18,14,0,2026-07-09 00:06:34
2026-07-08 23:46:32,FREN103,0301,Hamdia Braimah,18,9,0,2026-07-09 00:06:34
2026-07-08 23:46:32,FREN203,0101,Gabriel Fennemore,20,12,0,2026-07-09 00:06:34
2026-07-08 23:46:32,FREN203,0201,Saenab Tidjani,20,8,0,2026-07-09 00:06:34
2026-07-08 23:46:32,FREN203,0301,Madeline Muravchik,20,1,0,2026-07-09 00:06:34
2026-07-08 23:46:32,FREN203,FC01,Victor Abioye,20,17,0,2026-07-09 00:06:34
2026-07-08 23:46:32,FREN204,0101,Loic Filipe-Hemery,18,9,0,2026-07-09 00:06:35
2026-07-08 23:46:32,FREN204,0201,Loic Filipe-Hemery,18,6,0,2026-07-09 00:06:35
2026-07-08 23:46:32,FREN243,0101,Caroline Eades,20,0,0,2026-07-09 00:06:36
2026-07-08 23:46:32,FREN250,0101,Apolline Lagarde,18,14,0,2026-07-09 00:06:36
2026-07-08 23:46:32,FREN250,0201,Apolline Lagarde,18,10,0,2026-07-09 00:06:36
2026-07-08 23:46:32,FREN250H,0101,Apolline Lagarde,18,14,0,2026-07-09 00:06:37
2026-07-08 23:46:32,FREN250H,0201,Apolline Lagarde,18,10,0,2026-07-09 00:06:37
2026-07-08 23:46:32,FREN301,0101,Madeline Muravchik,15,2,0,2026-07-09 00:06:37
2026-07-08 23:46:32,FREN301,0201,Sarah Labat,15,10,0,2026-07-09 00:06:37
2026-07-08 23:46:32,FREN313,0101,Marilyn Matar,20,5,0,2026-07-09 00:06:38
2026-07-08 23:46:32,FREN351,0101,Hannah Wegmann,20,0,0,2026-07-09 00:06:39
2026-07-08 23:46:32,FREN351H,0101,Hannah Wegmann,20,0,0,2026-07-09 00:06:39
2026-07-08 23:46:32,FREN387,0101,Andrea Frisch,20,3,0,2026-07-09 00:06:40
2026-07-08 23:46:32,FREN413,0101,Cecile Accilien,20,2,0,2026-07-09 00:06:41
2026-07-08 23:46:32,FREN439L,0101,Andrea Frisch,20,6,0,2026-07-09 00:06:42
2026-07-08 23:46:32,FREN601,0101,Mel Scullen,10,9,0,2026-07-09 00:06:43
2026-07-08 23:46:32,FREN639L,0101,Andrea Frisch,20,6,0,2026-07-09 00:06:43
2026-07-08 23:46:32,FREN699U,0101,Cecile Accilien,10,6,0,2026-07-09 00:06:44
2026-07-08 23:46:32,FREN709,0101,Madeline Muravchik,10,9,0,2026-07-09 00:06:44
2026-07-08 23:46:32,GBHL200,0101,Hassanatu Blake,27,0,0,2026-07-09 00:06:48
2026-07-08 23:46:32,GBHL200,FC01,Zandra Andre,25,14,0,2026-07-09 00:06:48
2026-07-08 23:46:32,GBHL210,0101,Leena Malayil,22,11,0,2026-07-09 00:06:49
2026-07-08 23:46:32,GBHL399,0101,Hassanatu Blake,3,3,0,2026-07-09 00:06:50
2026-07-08 23:46:32,GBHL399,0111,Dina Borzekowski,5,5,0,2026-07-09 00:06:50
2026-07-08 23:46:32,GEMS101,0101,Allison Lansverk,10,5,0,2026-07-09 00:06:52
2026-07-08 23:46:32,GEMS101,0103,Allison Lansverk,10,5,0,2026-07-09 00:06:52
2026-07-08 23:46:32,GEMS101,0104,Allison Lansverk,10,5,0,2026-07-09 00:06:52
2026-07-08 23:46:32,GEMS101,0105,Allison Lansverk,10,5,0,2026-07-09 00:06:52
2026-07-08 23:46:32,GEMS101,0106,Allison Lansverk,10,5,0,2026-07-09 00:06:52
2026-07-08 23:46:32,GEMS101,0107,Allison Lansverk,10,4,0,2026-07-09 00:06:52
2026-07-08 23:46:32,GEMS101,0109,Allison Lansverk,10,4,0,2026-07-09 00:06:52
2026-07-08 23:46:32,GEMS101,0111,Allison Lansverk,10,5,0,2026-07-09 00:06:52
2026-07-08 23:46:32,GEMS101,0113,Allison Lansverk,10,7,0,2026-07-09 00:06:52
2026-07-08 23:46:32,GEMS101,0114,Allison Lansverk,10,6,0,2026-07-09 00:06:52
2026-07-08 23:46:32,GEMS202,0101,Allison Lansverk,168,57,0,2026-07-09 00:06:53
2026-07-08 23:46:32,GEMS208A,0101,Allison Lansverk,14,14,0,2026-07-09 00:06:53
2026-07-08 23:46:32,GEMS208B,0101,Allison Lansverk,14,14,0,2026-07-09 00:06:53
2026-07-08 23:46:32,GEMS208C,0101,Allison Lansverk,23,17,0,2026-07-09 00:06:54
2026-07-08 23:46:32,GEMS208D,0101,Allison Lansverk,10,10,0,2026-07-09 00:06:54
2026-07-08 23:46:32,GEMS208P,0101,Allison Lansverk,20,10,0,2026-07-09 00:06:55
2026-07-08 23:46:32,GEMS296,0101,Instructor: TBA,14,5,0,2026-07-09 00:06:55
2026-07-08 23:46:32,GEMS296,0102,Instructor: TBA,14,4,0,2026-07-09 00:06:55
2026-07-08 23:46:32,GEMS296,0103,Instructor: TBA,14,1,0,2026-07-09 00:06:55
2026-07-08 23:46:32,GEMS296,0104,Instructor: TBA,14,3,0,2026-07-09 00:06:55
2026-07-08 23:46:32,GEMS296,0105,Instructor: TBA,14,6,0,2026-07-09 00:06:55
2026-07-08 23:46:32,GEMS296,0106,Instructor: TBA,14,6,0,2026-07-09 00:06:55
2026-07-08 23:46:32,GEMS296,0107,Instructor: TBA,14,6,0,2026-07-09 00:06:55
2026-07-08 23:46:32,GEMS296,0108,Instructor: TBA,14,6,0,2026-07-09 00:06:55
2026-07-08 23:46:32,GEMS296,0109,Instructor: TBA,14,2,0,2026-07-09 00:06:55
2026-07-08 23:46:32,GEMS296,0110,Instructor: TBA,14,8,0,2026-07-09 00:06:55
2026-07-08 23:46:32,GEMS296,0111,Instructor: TBA,14,7,0,2026-07-09 00:06:55
2026-07-08 23:46:32,GEMS296,0112,Instructor: TBA,14,7,0,2026-07-09 00:06:55
2026-07-08 23:46:32,GEMS296,0113,Instructor: TBA,5,5,0,2026-07-09 00:06:55
2026-07-08 23:46:32,GEMS296,0114,Instructor: TBA,14,14,0,2026-07-09 00:06:55
2026-07-08 23:46:32,GEMS296,0115,David Lovell,5,4,0,2026-07-09 00:06:55
2026-07-08 23:46:32,GEMS297,0113,Instructor: TBA,5,4,0,2026-07-09 00:06:56
2026-07-08 23:46:32,GEMS396,0101,Michael Humber,14,10,0,2026-07-09 00:06:56
2026-07-08 23:46:32,GEMS396,0102,Seth Dickey,14,7,0,2026-07-09 00:06:56
2026-07-08 23:46:32,GEMS396,0103,Cecilia Huertas Cerdeira,14,11,0,2026-07-09 00:06:56
2026-07-08 23:46:32,GEMS396,0104,Rodolphe Gentili,14,6,0,2026-07-09 00:06:56
2026-07-08 23:46:32,GEMS396,0105,Allison Reilly,14,7,0,2026-07-09 00:06:56
2026-07-08 23:46:32,GEMS396,0106,Peter Sunderland,14,5,0,2026-07-09 00:06:56
2026-07-08 23:46:32,GEMS396,0107,Brett Lacey,14,10,0,2026-07-09 00:06:56
2026-07-08 23:46:32,GEMS396,0108,Natalia Buzulukova,14,7,0,2026-07-09 00:06:56
2026-07-08 23:46:32,GEMS396,0109,Anil Deane,14,5,0,2026-07-09 00:06:56
2026-07-08 23:46:32,GEMS396,0110,Colenso Speer,14,7,0,2026-07-09 00:06:56
2026-07-08 23:46:32,GEMS396,0111,Instructor: TBA,14,14,0,2026-07-09 00:06:56
2026-07-08 23:46:32,GEMS396,0112,Instructor: TBA,14,14,0,2026-07-09 00:06:56
2026-07-08 23:46:32,GEMS396,0113,David Lovell,5,5,0,2026-07-09 00:06:56
2026-07-08 23:46:32,GEMS396,0114,David Lovell,5,5,0,2026-07-09 00:06:56
2026-07-08 23:46:32,GEMS397,0113,David Lovell,5,5,0,2026-07-09 00:06:57
2026-07-08 23:46:32,GEMS496,0101,Eric Haag,14,8,0,2026-07-09 00:06:57
2026-07-08 23:46:32,GEMS496,0102,Mohammad Nayeem Teli,14,11,0,2026-07-09 00:06:57
2026-07-08 23:46:32,GEMS496,0103,Norberto Gonzalez- Juarbe,14,5,0,2026-07-09 00:06:57
2026-07-08 23:46:32,GEMS496,0104,Abhinav Shrivastava,14,8,0,2026-07-09 00:06:57
2026-07-08 23:46:32,GEMS496,0105,Hector Alcala,14,7,0,2026-07-09 00:06:57
2026-07-08 23:46:32,GEMS496,0106,Massimo Ricotti,14,7,0,2026-07-09 00:06:57
2026-07-08 23:46:32,GEMS496,0107,Reza Ghodssi,14,9,0,2026-07-09 00:06:57
2026-07-08 23:46:32,GEMS496,0108,Nikhil Chopra,14,10,0,2026-07-09 00:06:57
2026-07-08 23:46:32,GEMS496,0109,Kimberly Stroka,14,5,0,2026-07-09 00:06:57
2026-07-08 23:46:32,GEMS496,0110,Gorjan Alagic,14,14,0,2026-07-09 00:06:57
2026-07-08 23:46:32,GEMS496,0111,Alisa Clyne,14,9,0,2026-07-09 00:06:57
2026-07-08 23:46:32,GEMS496,0112,Xin Zan,14,10,0,2026-07-09 00:06:57
2026-07-08 23:46:32,GEMS496,0113,Erin Tran,14,14,0,2026-07-09 00:06:57
2026-07-08 23:46:32,GEMS496,0114,David Lovell,5,5,0,2026-07-09 00:06:57
2026-07-08 23:46:32,GEMS497,0107,Instructor: TBA,14,14,0,2026-07-09 00:06:57
2026-07-08 23:46:32,GEMS497,0110,Instructor: TBA,5,5,0,2026-07-09 00:06:57
2026-07-08 23:46:32,GEMS497,0113,David Lovell,5,5,0,2026-07-09 00:06:57
2026-07-08 23:46:32,GEOG140,0101,Danghan Xie,192,73,0,2026-07-09 00:07:00
2026-07-08 23:46:32,GEOG140,FC01,Byron Marroquin,48,16,0,2026-07-09 00:07:00
2026-07-08 23:46:32,GEOG156,0101,Sergii Skakun,40,13,0,2026-07-09 00:07:00
2026-07-08 23:46:32,GEOG170,0101,Naijun Zhou,100,7,0,2026-07-09 00:07:00
2026-07-08 23:46:32,GEOG170,FC01,Obinna Anige,25,21,0,2026-07-09 00:07:00
2026-07-08 23:46:32,GEOG172,FC01,Evan Ellicott,24,0,0,2026-07-09 00:07:01
2026-07-08 23:46:32,GEOG201,0101,George Hurtt,192,42,0,2026-07-09 00:07:01
2026-07-08 23:46:32,GEOG202,0101,Xiangjie Chen,200,37,0,2026-07-09 00:07:02
2026-07-08 23:46:32,GEOG211,0101,George Hurtt,24,0,0,2026-07-09 00:07:02
2026-07-08 23:46:32,GEOG211,0201,George Hurtt,24,0,0,2026-07-09 00:07:02
2026-07-08 23:46:32,GEOG211,0301,George Hurtt,24,0,0,2026-07-09 00:07:02
2026-07-08 23:46:32,GEOG211,0401,George Hurtt,24,0,0,2026-07-09 00:07:02
2026-07-08 23:46:32,GEOG211,0501,George Hurtt,24,0,0,2026-07-09 00:07:02
2026-07-08 23:46:32,GEOG211,0601,George Hurtt,24,0,0,2026-07-09 00:07:02
2026-07-08 23:46:32,GEOG211,0701,George Hurtt,24,4,0,2026-07-09 00:07:02
2026-07-08 23:46:32,GEOG211,0801,George Hurtt,24,22,0,2026-07-09 00:07:02
2026-07-08 23:46:32,GEOG211,0901,George Hurtt,24,23,0,2026-07-09 00:07:02
2026-07-08 23:46:32,GEOG211,1001,George Hurtt,24,21,0,2026-07-09 00:07:02
2026-07-08 23:46:32,GEOG276,0101,Taylor Oshan,24,0,0,2026-07-09 00:07:03
2026-07-08 23:46:32,GEOG276,0102,Taylor Oshan,24,12,0,2026-07-09 00:07:03
2026-07-08 23:46:32,GEOG276,FC01,Ruohan Li,24,16,0,2026-07-09 00:07:03
2026-07-08 23:46:32,GEOG330,0101,Rachel Haber,20,0,0,2026-07-09 00:07:03
2026-07-08 23:46:32,GEOG330,0102,Rachel Haber,20,4,0,2026-07-09 00:07:03
2026-07-08 23:46:32,GEOG330,0103,Rachel Haber,20,2,0,2026-07-09 00:07:03
2026-07-08 23:46:32,GEOG330,0104,Rachel Haber,20,5,0,2026-07-09 00:07:03
2026-07-08 23:46:32,GEOG330,0105,Rachel Haber,20,2,0,2026-07-09 00:07:03
2026-07-08 23:46:32,GEOG330,0106,Rachel Haber,20,3,0,2026-07-09 00:07:03
2026-07-08 23:46:32,GEOG373,0101,Naijun Zhou,25,0,3,2026-07-09 00:07:04
2026-07-08 23:46:32,GEOG373,0102,Naijun Zhou,25,0,5,2026-07-09 00:07:04
2026-07-08 23:46:32,GEOG373,0103,Naijun Zhou,25,0,3,2026-07-09 00:07:04
2026-07-08 23:46:32,GEOG377,0101,Yiqun Xie,30,0,5,2026-07-09 00:07:04
2026-07-08 23:46:32,GEOG384,0101,Keith Yearwood,25,22,0,2026-07-09 00:07:04
2026-07-08 23:46:32,GEOG385,0101,Keith Yearwood,25,25,0,2026-07-09 00:07:05
2026-07-08 23:46:32,GEOG416,0101,Laixiang Sun,25,0,2,2026-07-09 00:07:06
2026-07-08 23:46:32,GEOG417,0101,Matthew Hansen,25,6,0,2026-07-09 00:07:06
2026-07-08 23:46:32,GEOG422,0101,Catherine Nakalembe,25,12,0,2026-07-09 00:07:06
2026-07-08 23:46:32,GEOG472,0101,John Armston,25,5,0,2026-07-09 00:07:07
2026-07-08 23:46:32,GEOG475,0101,Kathleen Stewart,24,5,0,2026-07-09 00:07:07
2026-07-08 23:46:32,GEOG475,0102,Kathleen Stewart,24,0,0,2026-07-09 00:07:07
2026-07-08 23:46:32,GEOG498B,0101,Meredith Gore,25,9,0,2026-07-09 00:07:08
2026-07-08 23:46:32,GEOG601,0101,Giovanni Baiocchi,30,21,0,2026-07-09 00:07:09
2026-07-08 23:46:32,GEOG617,0101,Matthew Hansen,15,15,0,2026-07-09 00:07:09
2026-07-08 23:46:32,GEOG652,PGS1,Xin Tao,35,22,0,2026-07-09 00:07:10
2026-07-08 23:46:32,GEOG652,PLG1,Xin Tao,20,16,0,2026-07-09 00:07:10
2026-07-08 23:46:32,GEOG653,PGS1,Jianguo Ma,40,29,0,2026-07-09 00:07:10
2026-07-08 23:46:32,GEOG653,PLG1,Jianguo Ma,25,22,0,2026-07-09 00:07:10
2026-07-08 23:46:32,GEOG654,PGS1,Jonathan Resop,35,31,0,2026-07-09 00:07:11
2026-07-08 23:46:32,GEOG654,PLG1,Jonathan Resop,25,23,0,2026-07-09 00:07:11
2026-07-08 23:46:32,GEOG661,PGS1,Jonathon Hathaway,20,16,0,2026-07-09 00:07:11
2026-07-08 23:46:32,GEOG661,PLG1,Jonathon Hathaway,15,6,0,2026-07-09 00:07:11
2026-07-08 23:46:32,GEOG662,PGS1,Ruibo Han,35,31,0,2026-07-09 00:07:11
2026-07-08 23:46:32,GEOG662,PLG1,Ruibo Han,25,19,0,2026-07-09 00:07:11
2026-07-08 23:46:32,GEOG686,PGS1,Ruibo Han,25,24,0,2026-07-09 00:07:12
2026-07-08 23:46:32,GEOG686,PLG1,Ruibo Han,15,13,0,2026-07-09 00:07:12
2026-07-08 23:46:32,GEOG788A,0101,Catherine Nakalembe,10,10,0,2026-07-09 00:07:13
2026-07-08 23:46:32,GEOG788B,0101,Meredith Gore,10,10,0,2026-07-09 00:07:13
2026-07-08 23:46:32,GEOG788Z,0101,Giovanni Baiocchi,25,24,0,2026-07-09 00:07:14
2026-07-08 23:46:32,GEOG797,PGS1,Jonathon Hathaway,35,34,0,2026-07-09 00:07:15
2026-07-08 23:46:32,GEOG797,PLG1,Jianguo Ma,35,33,0,2026-07-09 00:07:15
2026-07-08 23:46:32,GEOG798,0101,Tatiana Loboda,48,43,0,2026-07-09 00:07:15
2026-07-08 23:46:32,GEOL100,0101,Tracey Centorbi,99,1,0,2026-07-09 00:07:19
2026-07-08 23:46:32,GEOL100,0201,Ricardo Arevalo,99,28,0,2026-07-09 00:07:19
2026-07-08 23:46:32,GEOL104,0101,Thomas Holtz,60,0,1,2026-07-09 00:07:19
2026-07-08 23:46:32,GEOL110,0101,Instructor: TBA,24,9,0,2026-07-09 00:07:19
2026-07-08 23:46:32,GEOL110,0102,Instructor: TBA,24,0,2,2026-07-09 00:07:19
2026-07-08 23:46:32,GEOL110,0103,Instructor: TBA,24,0,1,2026-07-09 00:07:19
2026-07-08 23:46:32,GEOL110,0104,Instructor: TBA,24,0,1,2026-07-09 00:07:19
2026-07-08 23:46:32,GEOL110,0106,Instructor: TBA,24,0,0,2026-07-09 00:07:19
2026-07-08 23:46:32,GEOL110,0107,Instructor: TBA,24,0,8,2026-07-09 00:07:19
2026-07-08 23:46:32,GEOL110,0109,Instructor: TBA,24,0,0,2026-07-09 00:07:19
2026-07-08 23:46:32,GEOL120,0101,Tracey Centorbi,18,1,0,2026-07-09 00:07:20
2026-07-08 23:46:32,GEOL120,0102,Tracey Centorbi,18,6,0,2026-07-09 00:07:20
2026-07-08 23:46:32,GEOL120,0103,Tracey Centorbi,20,16,0,2026-07-09 00:07:20
2026-07-08 23:46:32,GEOL120,FC01,Tracey Centorbi,20,18,0,2026-07-09 00:07:20
2026-07-08 23:46:32,GEOL123,0201,Instructor: TBA,31,26,0,2026-07-09 00:07:20
2026-07-08 23:46:32,GEOL123,0202,Instructor: TBA,31,28,0,2026-07-09 00:07:20
2026-07-08 23:46:32,GEOL124,0101,Alan Kaufman,16,16,0,2026-07-09 00:07:21
2026-07-08 23:46:32,GEOL124,0102,Alan Kaufman,16,16,0,2026-07-09 00:07:21
2026-07-08 23:46:32,GEOL124,0103,Alan Kaufman,16,15,0,2026-07-09 00:07:21
2026-07-08 23:46:32,GEOL212,0101,John Merck,24,13,0,2026-07-09 00:07:21
2026-07-08 23:46:32,GEOL331,0101,John Merck,20,0,6,2026-07-09 00:07:22
2026-07-08 23:46:32,GEOL341,0101,Mong-Han Huang,20,7,0,2026-07-09 00:07:22
2026-07-08 23:46:32,GEOL342,0101,Cecilia Sanders,15,9,0,2026-07-09 00:07:22
2026-07-08 23:46:32,GEOL351,0101,Michael Evans,20,13,0,2026-07-09 00:07:23
2026-07-08 23:46:32,GEOL375,0101,James Carton,60,9,0,2026-07-09 00:07:23
2026-07-08 23:46:32,GEOL375,0201,James Carton,30,0,5,2026-07-09 00:07:23
2026-07-08 23:46:32,GEOL386,0301,Ricardo Arevalo,25,25,0,2026-07-09 00:07:24
2026-07-08 23:46:32,GEOL386,0501,Richard Walker,25,25,0,2026-07-09 00:07:24
2026-07-08 23:46:32,GEOL386,0601,Laurent Montesi,25,25,0,2026-07-09 00:07:24
2026-07-08 23:46:32,GEOL386,0701,Karen Prestegaard,25,25,0,2026-07-09 00:07:24
2026-07-08 23:46:32,GEOL386,0801,Ann Wylie,25,25,0,2026-07-09 00:07:24
2026-07-08 23:46:32,GEOL386,0901,Sarah Penniston-Dorland,25,25,0,2026-07-09 00:07:24
2026-07-08 23:46:32,GEOL386,1101,Michael Brown,25,25,0,2026-07-09 00:07:24
2026-07-08 23:46:32,GEOL386,1201,Alan Kaufman,25,25,0,2026-07-09 00:07:24
2026-07-08 23:46:32,GEOL386,1301,Philip Piccoli,25,25,0,2026-07-09 00:07:24
2026-07-08 23:46:32,GEOL386,1401,William McDonough,25,25,0,2026-07-09 00:07:24
2026-07-08 23:46:32,GEOL386,1501,Wenlu Zhu,25,25,0,2026-07-09 00:07:24
2026-07-08 23:46:32,GEOL386,1601,Igor Puchtel,25,25,0,2026-07-09 00:07:24
2026-07-08 23:46:32,GEOL386,1701,James Farquhar,25,25,0,2026-07-09 00:07:24
2026-07-08 23:46:32,GEOL386,1801,Thomas Holtz,25,25,0,2026-07-09 00:07:24
2026-07-08 23:46:32,GEOL386,1901,Michael Evans,25,25,0,2026-07-09 00:07:24
2026-07-08 23:46:32,GEOL386,2002,John Merck,25,25,0,2026-07-09 00:07:24
2026-07-08 23:46:32,GEOL386,2003,Sujay Kaushal,25,25,0,2026-07-09 00:07:24
2026-07-08 23:46:32,GEOL386,2004,Vedran Lekic,25,25,0,2026-07-09 00:07:24
2026-07-08 23:46:32,GEOL386,2006,Nicholas Schmerr,25,25,0,2026-07-09 00:07:24
2026-07-08 23:46:32,GEOL386,2007,Richard Ash,25,25,0,2026-07-09 00:07:24
2026-07-08 23:46:32,GEOL386,2008,Mong-Han Huang,25,25,0,2026-07-09 00:07:24
2026-07-08 23:46:32,GEOL386,2009,Megan Newcombe,25,25,0,2026-07-09 00:07:24
2026-07-08 23:46:32,GEOL386,2010,Daniel Lathrop,25,25,0,2026-07-09 00:07:24
2026-07-08 23:46:32,GEOL386,2011,Cedric Magen,25,25,0,2026-07-09 00:07:24
2026-07-08 23:46:32,GEOL386,2012,Mengqiang Zhu,25,25,0,2026-07-09 00:07:24
2026-07-08 23:46:32,GEOL393,0101,Philip Piccoli,15,5,0,2026-07-09 00:07:24
2026-07-08 23:46:32,GEOL423,0101,Sarah Penniston-Dorland,12,4,0,2026-07-09 00:07:25
2026-07-08 23:46:32,GEOL436,0101,Alan Kaufman,10,7,0,2026-07-09 00:07:25
2026-07-08 23:46:32,GEOL444,0101,Mengqiang Zhu,18,11,0,2026-07-09 00:07:26
2026-07-08 23:46:32,GEOL446,0101,Wenlu Zhu,23,15,0,2026-07-09 00:07:26
2026-07-08 23:46:32,GEOL451,0101,Wenlu Zhu,20,15,0,2026-07-09 00:07:27
2026-07-08 23:46:32,GEOL452,0101,Karen Prestegaard,39,23,0,2026-07-09 00:07:27
2026-07-08 23:46:32,GEOL453,0101,Sujay Kaushal,25,0,0,2026-07-09 00:07:27
2026-07-08 23:46:32,GEOL455,0101,Laurent Montesi,10,5,0,2026-07-09 00:07:28
2026-07-08 23:46:32,GEOL460,0101,Nicholas Schmerr,15,9,0,2026-07-09 00:07:28
2026-07-08 23:46:32,GEOL472,0101,Mong-Han Huang,20,20,0,2026-07-09 00:07:29
2026-07-08 23:46:32,GEOL488,0101,Cecilia Sanders,30,30,0,2026-07-09 00:07:29
2026-07-08 23:46:32,GEOL499,0301,Ricardo Arevalo,25,24,0,2026-07-09 00:07:30
2026-07-08 23:46:32,GEOL499,0501,Richard Walker,25,25,0,2026-07-09 00:07:30
2026-07-08 23:46:32,GEOL499,0601,Laurent Montesi,25,25,0,2026-07-09 00:07:30
2026-07-08 23:46:32,GEOL499,0701,Karen Prestegaard,25,25,0,2026-07-09 00:07:30
2026-07-08 23:46:32,GEOL499,0901,Sarah Penniston-Dorland,25,25,0,2026-07-09 00:07:30
2026-07-08 23:46:32,GEOL499,1201,Alan Kaufman,25,25,0,2026-07-09 00:07:30
2026-07-08 23:46:32,GEOL499,1301,Philip Piccoli,25,25,0,2026-07-09 00:07:30
2026-07-08 23:46:32,GEOL499,1501,Wenlu Zhu,25,25,0,2026-07-09 00:07:30
2026-07-08 23:46:32,GEOL499,1601,Igor Puchtel,25,25,0,2026-07-09 00:07:30
2026-07-08 23:46:32,GEOL499,1701,James Farquhar,25,25,0,2026-07-09 00:07:30
2026-07-08 23:46:32,GEOL499,1801,Thomas Holtz,25,25,0,2026-07-09 00:07:30
2026-07-08 23:46:32,GEOL499,1901,Michael Evans,25,25,0,2026-07-09 00:07:30
2026-07-08 23:46:32,GEOL499,2002,John Merck,25,25,0,2026-07-09 00:07:30
2026-07-08 23:46:32,GEOL499,2003,Sujay Kaushal,25,24,0,2026-07-09 00:07:30
2026-07-08 23:46:32,GEOL499,2004,Vedran Lekic,25,25,0,2026-07-09 00:07:30
2026-07-08 23:46:32,GEOL499,2006,Nicholas Schmerr,25,25,0,2026-07-09 00:07:30
2026-07-08 23:46:32,GEOL499,2007,Richard Ash,25,25,0,2026-07-09 00:07:30
2026-07-08 23:46:32,GEOL499,2008,Mong-Han Huang,25,25,0,2026-07-09 00:07:30
2026-07-08 23:46:32,GEOL499,2009,Megan Newcombe,25,25,0,2026-07-09 00:07:30
2026-07-08 23:46:32,GEOL499,2012,Mengqiang Zhu,25,25,0,2026-07-09 00:07:30
2026-07-08 23:46:32,GEOL499,2013,Cedric Magen,25,25,0,2026-07-09 00:07:30
2026-07-08 23:46:32,GEOL499,2014,Cecilia Sanders,25,25,0,2026-07-09 00:07:30
2026-07-08 23:46:32,GEOL636,0101,Sujay Kaushal,25,0,0,2026-07-09 00:07:30
2026-07-08 23:46:32,GEOL650,0101,Richard Walker,10,8,0,2026-07-09 00:07:30
2026-07-08 23:46:32,GEOL651,0101,Michael Evans,20,17,0,2026-07-09 00:07:31
2026-07-08 23:46:32,GEOL652,0101,Karen Prestegaard,39,38,0,2026-07-09 00:07:31
2026-07-08 23:46:32,GEOL655,0101,Laurent Montesi,10,10,0,2026-07-09 00:07:32
2026-07-08 23:46:32,GEOL670,0101,Jacob Wenegrat,6,5,0,2026-07-09 00:07:32
2026-07-08 23:46:32,GEOL670,AM01,Jacob Wenegrat,1,1,0,2026-07-09 00:07:32
2026-07-08 23:46:32,GEOL672,0101,Mong-Han Huang,20,20,0,2026-07-09 00:07:33
2026-07-08 23:46:32,GEOL688,0101,Cecilia Sanders,100,100,0,2026-07-09 00:07:33
2026-07-08 23:46:32,GEOL789A,0101,Instructor: TBA,20,20,0,2026-07-09 00:07:33
2026-07-08 23:46:32,GEOL789C,0101,Alan Kaufman,10,10,0,2026-07-09 00:07:34
2026-07-08 23:46:32,GEOL789F,0101,James Farquhar,12,12,0,2026-07-09 00:07:34
2026-07-08 23:46:32,GERS103,0101,Magnus Jensen,18,10,0,2026-07-09 00:07:38
2026-07-08 23:46:32,GERS103,0201,Magnus Jensen,18,16,0,2026-07-09 00:07:38
2026-07-08 23:46:32,GERS150,0101,Josh Alvizu,48,24,0,2026-07-09 00:07:38
2026-07-08 23:46:32,GERS203,0101,Magnus Jensen,18,12,0,2026-07-09 00:07:38
2026-07-08 23:46:32,GERS204,0101,Regina Haag,18,13,0,2026-07-09 00:07:39
2026-07-08 23:46:32,GERS303,0101,Regina Haag,15,10,0,2026-07-09 00:07:39
2026-07-08 23:46:32,GERS322,0101,Regina Haag,20,15,0,2026-07-09 00:07:40
2026-07-08 23:46:32,GERS322H,0101,Regina Haag,20,15,0,2026-07-09 00:07:40
2026-07-08 23:46:32,GERS442,0101,Julie Koser,20,16,0,2026-07-09 00:07:41
2026-07-08 23:46:32,GERS689L,0101,Julie Koser,20,16,0,2026-07-09 00:07:42
2026-07-08 23:46:32,GFPL100,0101,Joshua Itzkowitz Shifrinson,20,0,0,2026-07-09 00:07:45
2026-07-08 23:46:32,GFPL100,0102,Joshua Itzkowitz Shifrinson,20,0,0,2026-07-09 00:07:45
2026-07-08 23:46:32,GFPL100,0103,Joshua Itzkowitz Shifrinson,20,0,0,2026-07-09 00:07:45
2026-07-08 23:46:32,GFPL100,0104,Joshua Itzkowitz Shifrinson,20,0,0,2026-07-09 00:07:45
2026-07-08 23:46:32,GFPL100,0105,Joshua Itzkowitz Shifrinson,20,0,0,2026-07-09 00:07:45
2026-07-08 23:46:32,GFPL100,0106,Joshua Itzkowitz Shifrinson,25,2,0,2026-07-09 00:07:45
2026-07-08 23:46:32,GFPL100,FC01,Devin Entrikin,26,3,0,2026-07-09 00:07:45
2026-07-08 23:46:32,GFPL102,0101,Caroline Ritter,95,57,0,2026-07-09 00:07:45
2026-07-08 23:46:32,GFPL371,0101,Joshua Itzkowitz Shifrinson,35,0,0,2026-07-09 00:07:46
2026-07-08 23:46:32,GFPL388A,0101,Shannon Carcelli,5,5,0,2026-07-09 00:07:46
2026-07-08 23:46:32,GFPL388B,0101,Hyunki Kim,5,5,0,2026-07-09 00:07:47
2026-07-08 23:46:32,GFPL388C,0101,Scott Kastner,5,1,0,2026-07-09 00:07:47
2026-07-08 23:46:32,GFPL390,0101,Lena Andrews,20,0,11,2026-07-09 00:07:48
2026-07-08 23:46:32,GFPL490,0101,Michael Woldemariam,15,5,0,2026-07-09 00:07:48
2026-07-08 23:46:32,GFPL492,0101,Steven Fetter,20,7,0,2026-07-09 00:07:48
2026-07-08 23:46:32,GLBC200,0101,Chris Lewis,30,0,1,2026-07-09 00:07:50
2026-07-08 23:46:32,GLBC350,0101,Michele Mason,30,25,0,2026-07-09 00:07:51
2026-07-08 23:46:32,GREK101,0101,Gregory Bucher,10,3,0,2026-07-09 00:07:52
2026-07-08 23:46:32,GREK101,PBU1,Gregory Bucher,3,0,0,2026-07-09 00:07:52
2026-07-08 23:46:32,GREK111,0101,Polyvia Parara,15,12,0,2026-07-09 00:07:53
2026-07-08 23:46:32,GREK201,0101,Instructor: TBA,5,4,0,2026-07-09 00:07:53
2026-07-08 23:46:32,GREK201,PBU1,Instructor: TBA,3,2,0,2026-07-09 00:07:53
2026-07-08 23:46:32,GREK211,0101,Polyvia Parara,10,4,0,2026-07-09 00:07:54
2026-07-08 23:46:32,GREK398,0101,Polyvia Parara,5,4,0,2026-07-09 00:07:54
2026-07-08 23:46:32,GREK401,0101,Instructor: TBA,5,5,0,2026-07-09 00:07:54
2026-07-08 23:46:32,GREK488J,0101,Francisco Barrenechea,5,5,0,2026-07-09 00:07:55
2026-07-08 23:46:32,GREK488J,PBU1,Francisco Barrenechea,3,3,0,2026-07-09 00:07:55
2026-07-08 23:46:32,GREK688J,0101,Francisco Barrenechea,7,3,0,2026-07-09 00:07:56
2026-07-08 23:46:32,GVPT170,0101,Martin Kobren,20,7,0,2026-07-09 00:07:59
2026-07-08 23:46:32,GVPT170,0102,Martin Kobren,20,1,0,2026-07-09 00:07:59
2026-07-08 23:46:32,GVPT170,0103,Martin Kobren,20,0,0,2026-07-09 00:07:59
2026-07-08 23:46:32,GVPT170,0104,Martin Kobren,20,18,0,2026-07-09 00:07:59
2026-07-08 23:46:32,GVPT170,0105,Martin Kobren,20,8,0,2026-07-09 00:07:59
2026-07-08 23:46:32,GVPT170,0106,Martin Kobren,20,2,0,2026-07-09 00:07:59
2026-07-08 23:46:32,GVPT170,0107,Martin Kobren,20,9,0,2026-07-09 00:07:59
2026-07-08 23:46:32,GVPT170,0108,Martin Kobren,20,8,0,2026-07-09 00:07:59
2026-07-08 23:46:32,GVPT170,0109,Martin Kobren,20,6,0,2026-07-09 00:07:59
2026-07-08 23:46:32,GVPT170,FC01,Instructor: TBA,35,0,0,2026-07-09 00:07:59
2026-07-08 23:46:32,GVPT200,0101,Todd Allee,20,0,0,2026-07-09 00:07:59
2026-07-08 23:46:32,GVPT200,0102,Todd Allee,20,0,0,2026-07-09 00:07:59
2026-07-08 23:46:32,GVPT200,0103,Todd Allee,20,0,0,2026-07-09 00:07:59
2026-07-08 23:46:32,GVPT200,0104,Todd Allee,20,0,0,2026-07-09 00:07:59
2026-07-08 23:46:32,GVPT200,0105,Todd Allee,20,0,0,2026-07-09 00:07:59
2026-07-08 23:46:32,GVPT200,0106,Todd Allee,20,0,0,2026-07-09 00:07:59
2026-07-08 23:46:32,GVPT200,0107,Todd Allee,20,0,0,2026-07-09 00:07:59
2026-07-08 23:46:32,GVPT200,0108,Todd Allee,20,0,0,2026-07-09 00:07:59
2026-07-08 23:46:32,GVPT200,0109,Todd Allee,20,0,0,2026-07-09 00:07:59
2026-07-08 23:46:32,GVPT200,FC01,Instructor: TBA,32,0,1,2026-07-09 00:07:59
2026-07-08 23:46:32,GVPT201,0101,Johanna Birnir,20,11,0,2026-07-09 00:08:00
2026-07-08 23:46:32,GVPT201,0102,Johanna Birnir,20,2,0,2026-07-09 00:08:00
2026-07-08 23:46:32,GVPT201,0103,Johanna Birnir,20,3,0,2026-07-09 00:08:00
2026-07-08 23:46:32,GVPT201,0201,Johanna Birnir,20,11,0,2026-07-09 00:08:00
2026-07-08 23:46:32,GVPT201,0202,Johanna Birnir,20,2,0,2026-07-09 00:08:00
2026-07-08 23:46:32,GVPT201,0203,Johanna Birnir,19,4,0,2026-07-09 00:08:00
2026-07-08 23:46:32,GVPT201,0204,Johanna Birnir,20,17,0,2026-07-09 00:08:00
2026-07-08 23:46:32,GVPT201,0205,Johanna Birnir,20,7,0,2026-07-09 00:08:00
2026-07-08 23:46:32,GVPT201,0206,Johanna Birnir,20,9,0,2026-07-09 00:08:00
2026-07-08 23:46:32,GVPT202,0101,Patrick Wohlfarth,18,9,0,2026-07-09 00:08:00
2026-07-08 23:46:32,GVPT202,0102,Patrick Wohlfarth,18,6,0,2026-07-09 00:08:00
2026-07-08 23:46:32,GVPT202,0103,Patrick Wohlfarth,18,17,0,2026-07-09 00:08:00
2026-07-08 23:46:32,GVPT203,0101,Calvert Jones,16,2,0,2026-07-09 00:08:01
2026-07-08 23:46:32,GVPT203,0102,Calvert Jones,16,2,0,2026-07-09 00:08:01
2026-07-08 23:46:32,GVPT203,0103,Calvert Jones,16,3,0,2026-07-09 00:08:01
2026-07-08 23:46:32,GVPT203,0104,Calvert Jones,16,13,0,2026-07-09 00:08:01
2026-07-08 23:46:32,GVPT203,0105,Calvert Jones,16,10,0,2026-07-09 00:08:01
2026-07-08 23:46:32,GVPT203,0106,Calvert Jones,16,4,0,2026-07-09 00:08:01
2026-07-08 23:46:32,GVPT217,0101,William Mundy,38,38,0,2026-07-09 00:08:01
2026-07-08 23:46:32,GVPT221,0101,Piotr Swistak,25,0,4,2026-07-09 00:08:02
2026-07-08 23:46:32,GVPT241,0101,Sujith Kumar,20,3,0,2026-07-09 00:08:02
2026-07-08 23:46:32,GVPT241,0102,Sujith Kumar,20,0,0,2026-07-09 00:08:02
2026-07-08 23:46:32,GVPT241,0103,Sujith Kumar,20,13,0,2026-07-09 00:08:02
2026-07-08 23:46:32,GVPT241,0104,Sujith Kumar,20,2,0,2026-07-09 00:08:02
2026-07-08 23:46:32,GVPT241,0105,Sujith Kumar,20,2,0,2026-07-09 00:08:02
2026-07-08 23:46:32,GVPT241,0106,Sujith Kumar,20,0,0,2026-07-09 00:08:02
2026-07-08 23:46:32,GVPT241,0107,Sujith Kumar,20,1,0,2026-07-09 00:08:02
2026-07-08 23:46:32,GVPT241,0108,Sujith Kumar,20,2,0,2026-07-09 00:08:02
2026-07-08 23:46:32,GVPT241,FC01,Sujith Kumar,32,7,0,2026-07-09 00:08:02
2026-07-08 23:46:32,GVPT273,FC01,Conny Kazungu Sigel,32,11,0,2026-07-09 00:08:02
2026-07-08 23:46:32,GVPT280,0101,Marcus Johnson,108,0,10,2026-07-09 00:08:03
2026-07-08 23:46:32,GVPT306,0101,Conny Kazungu Sigel,27,0,10,2026-07-09 00:08:03
2026-07-08 23:46:32,GVPT318C,0101,Allison Berland,20,13,0,2026-07-09 00:08:04
2026-07-08 23:46:32,GVPT319N,0101,Grace Benton,5,0,0,2026-07-09 00:08:04
2026-07-08 23:46:32,GVPT320,0101,Candace Turitto,27,0,12,2026-07-09 00:08:05
2026-07-08 23:46:32,GVPT354,0101,John McCauley,16,11,0,2026-07-09 00:08:05
2026-07-08 23:46:32,GVPT354,0102,John McCauley,16,7,0,2026-07-09 00:08:05
2026-07-08 23:46:32,GVPT354,0103,John McCauley,16,0,0,2026-07-09 00:08:05
2026-07-08 23:46:32,GVPT354,0104,John McCauley,9,4,0,2026-07-09 00:08:05
2026-07-08 23:46:32,GVPT354,0105,John McCauley,9,4,0,2026-07-09 00:08:05
2026-07-08 23:46:32,GVPT354,0106,John McCauley,9,0,0,2026-07-09 00:08:05
2026-07-08 23:46:32,GVPT356,0101,Stacy Kosko,30,22,0,2026-07-09 00:08:05
2026-07-08 23:46:32,GVPT357,0101,Jacob Lamason,30,25,0,2026-07-09 00:08:06
2026-07-08 23:46:32,GVPT368A,0101,Ilai Saltzman,35,0,2,2026-07-09 00:08:06
2026-07-08 23:46:32,GVPT368C,0101,Janelle Wong,27,0,10,2026-07-09 00:08:07
2026-07-08 23:46:32,GVPT368F,0101,Marwa Maziad,30,5,0,2026-07-09 00:08:07
2026-07-08 23:46:32,GVPT368K,0101,Adina Friedman,35,27,0,2026-07-09 00:08:07
2026-07-08 23:46:32,GVPT368R,0101,Morad Elsana,25,15,0,2026-07-09 00:08:08
2026-07-08 23:46:32,GVPT368T,0101,Elli Lieberman,35,20,0,2026-07-09 00:08:08
2026-07-08 23:46:32,GVPT368V,0101,Joshua Itzkowitz Shifrinson,5,0,8,2026-07-09 00:08:09
2026-07-08 23:46:32,GVPT368W,0101,Periloux Peay,30,0,5,2026-07-09 00:08:09
2026-07-08 23:46:32,GVPT368X,0101,Lena Andrews,5,0,17,2026-07-09 00:08:10
2026-07-08 23:46:32,GVPT368Z,0101,Michael Woldemariam,5,0,0,2026-07-09 00:08:10
2026-07-08 23:46:32,GVPT377,0101,Sam Novey,40,40,0,2026-07-09 00:08:10
2026-07-08 23:46:32,GVPT388M,0101,William Mundy,38,38,0,2026-07-09 00:08:11
2026-07-08 23:46:32,GVPT390,0101,Piotr Swistak,25,0,3,2026-07-09 00:08:12
2026-07-08 23:46:32,GVPT404,0101,Shannon Carcelli,22,0,15,2026-07-09 00:08:13
2026-07-08 23:46:32,GVPT406,0101,Todd Allee,27,9,0,2026-07-09 00:08:13
2026-07-08 23:46:32,GVPT409B,0101,Sean Ashley,27,23,0,2026-07-09 00:08:14
2026-07-08 23:46:32,GVPT409I,0101,Paul Huth,22,0,1,2026-07-09 00:08:14
2026-07-08 23:46:32,GVPT409R,0101,Sean Ashley,27,24,0,2026-07-09 00:08:15
2026-07-08 23:46:32,GVPT409W,0101,Jennifer Wallace,27,0,0,2026-07-09 00:08:15
2026-07-08 23:46:32,GVPT410,0101,Kathleen Cunningham,27,0,5,2026-07-09 00:08:15
2026-07-08 23:46:32,GVPT411,0101,David Cunningham,22,0,2,2026-07-09 00:08:16
2026-07-08 23:46:32,GVPT412,0101,Kathleen Cunningham,22,0,2,2026-07-09 00:08:16
2026-07-08 23:46:32,GVPT413,0101,Hyunki Kim,22,0,3,2026-07-09 00:08:17
2026-07-08 23:46:32,GVPT414,0101,Scott Kastner,22,0,6,2026-07-09 00:08:17
2026-07-08 23:46:32,GVPT429F,0101,Fiona Shen-Bayh,22,6,0,2026-07-09 00:08:18
2026-07-08 23:46:32,GVPT429K,0101,Neil Lund,22,0,0,2026-07-09 00:08:18
2026-07-08 23:46:32,GVPT429T,0101,Ernesto Calvo,22,0,3,2026-07-09 00:08:18
2026-07-08 23:46:32,GVPT431,0101,Martin Kobren,70,16,0,2026-07-09 00:08:19
2026-07-08 23:46:32,GVPT439K,0101,Brian Gilmore,5,0,8,2026-07-09 00:08:19
2026-07-08 23:46:32,GVPT439M,0101,Michael Spivey,20,14,0,2026-07-09 00:08:20
2026-07-08 23:46:32,GVPT439N,0101,Michael Spivey,15,11,0,2026-07-09 00:08:20
2026-07-08 23:46:32,GVPT439O,0101,Michael Spivey,5,4,0,2026-07-09 00:08:20
2026-07-08 23:46:32,GVPT439R,0101,Nancy Schertzing,5,2,0,2026-07-09 00:08:21
2026-07-08 23:46:32,GVPT439T,0101,Christine White,5,0,2,2026-07-09 00:08:21
2026-07-08 23:46:32,GVPT449D,0101,Instructor: TBA,2,1,0,2026-07-09 00:08:22
2026-07-08 23:46:32,GVPT449D,0102,Instructor: TBA,2,1,0,2026-07-09 00:08:22
2026-07-08 23:46:32,GVPT449D,0103,Instructor: TBA,2,0,0,2026-07-09 00:08:22
2026-07-08 23:46:32,GVPT454,0101,Margaret Pearson,27,8,0,2026-07-09 00:08:22
2026-07-08 23:46:32,GVPT457,0101,Shannon Carcelli,27,0,4,2026-07-09 00:08:23
2026-07-08 23:46:32,GVPT459D,0101,Allison Berland,27,3,0,2026-07-09 00:08:23
2026-07-08 23:46:32,GVPT459F,0101,Allison Berland,27,0,0,2026-07-09 00:08:23
2026-07-08 23:46:32,GVPT459H,0101,Isabella Alcaniz,20,15,0,2026-07-09 00:08:24
2026-07-08 23:46:32,GVPT459K,0101,Vladimir Tismaneanu,27,0,3,2026-07-09 00:08:24
2026-07-08 23:46:32,GVPT459O,0101,John McCauley,27,17,0,2026-07-09 00:08:25
2026-07-08 23:46:32,GVPT459R,0101,Vladimir Tismaneanu,27,0,1,2026-07-09 00:08:25
2026-07-08 23:46:32,GVPT459Y,0101,Calvert Jones,27,21,0,2026-07-09 00:08:25
2026-07-08 23:46:32,GVPT461,0101,Richard Engstrom,27,12,0,2026-07-09 00:08:26
2026-07-08 23:46:32,GVPT474,0101,David Karol,27,17,0,2026-07-09 00:08:26
2026-07-08 23:46:32,GVPT479Q,0101,Chryl Laird,27,0,0,2026-07-09 00:08:27
2026-07-08 23:46:32,GVPT482,0101,Isabella Alcaniz,27,2,0,2026-07-09 00:08:27
2026-07-08 23:46:32,GVPT600,0101,Kristina Miler,12,5,0,2026-07-09 00:08:28
2026-07-08 23:46:32,GVPT601,0101,Richard Engstrom,15,13,0,2026-07-09 00:08:28
2026-07-08 23:46:32,GVPT601,PCA1,Richard Engstrom,10,7,0,2026-07-09 00:08:28
2026-07-08 23:46:32,GVPT604,0101,Deniz Cil,20,5,0,2026-07-09 00:08:28
2026-07-08 23:46:32,GVPT604,PCR1,Deniz Cil,20,15,0,2026-07-09 00:08:28
2026-07-08 23:46:32,GVPT622,0101,David Cunningham,12,5,0,2026-07-09 00:08:29
2026-07-08 23:46:32,GVPT622,PCA1,Jacob Aronson,15,7,0,2026-07-09 00:08:29
2026-07-08 23:46:32,GVPT622,PCR1,Jacob Aronson,45,19,0,2026-07-09 00:08:29
2026-07-08 23:46:32,GVPT628,0101,Neil Lund,20,18,0,2026-07-09 00:08:29
2026-07-08 23:46:32,GVPT628,PCA1,Neil Lund,10,7,0,2026-07-09 00:08:29
2026-07-08 23:46:32,GVPT635,PCA1,Candace Turitto,15,6,0,2026-07-09 00:08:30
2026-07-08 23:46:32,GVPT708A,0101,Scott Kastner,12,8,0,2026-07-09 00:08:30
2026-07-08 23:46:32,GVPT708A,0201,Hyunki Kim,15,14,0,2026-07-09 00:08:30
2026-07-08 23:46:32,GVPT708A,PCR1,Hyunki Kim,40,21,0,2026-07-09 00:08:30
2026-07-08 23:46:32,GVPT729A,0101,Michael Hanmer,12,9,0,2026-07-09 00:08:30
2026-07-08 23:46:32,GVPT729M,0101,Ernesto Calvo,12,4,0,2026-07-09 00:08:31
2026-07-08 23:46:32,GVPT735,PCA1,Richard Engstrom,15,7,0,2026-07-09 00:08:31
2026-07-08 23:46:32,GVPT761,0101,Virginia Haufler,12,9,0,2026-07-09 00:08:32
2026-07-08 23:46:32,GVPT761,PCR1,Jennifer Wallace,35,4,0,2026-07-09 00:08:32
2026-07-08 23:46:32,GVPT770,0101,Kristina Miler,12,8,0,2026-07-09 00:08:32
2026-07-08 23:46:32,GVPT803,PCR1,Deniz Cil,30,1,0,2026-07-09 00:08:33
2026-07-08 23:46:32,GVPT874,0101,David Karol,12,8,0,2026-07-09 00:08:33
2026-07-08 23:46:32,GVPT888D,0101,Margaret Pearson,12,3,0,2026-07-09 00:08:34
2026-07-08 23:46:32,HACS100,0101,Cassie Harrington,40,15,0,2026-07-09 00:08:36
2026-07-08 23:46:32,HACS100,0201,Cassie Harrington,40,35,0,2026-07-09 00:08:36
2026-07-08 23:46:32,HACS200,0101,Michel Cukier,34,9,0,2026-07-09 00:08:37
2026-07-08 23:46:32,HACS200,0201,Michel Cukier,34,0,0,2026-07-09 00:08:37
2026-07-08 23:46:32,HACS202,0101,Bertrand Sobesto,52,15,0,2026-07-09 00:08:37
2026-07-08 23:46:32,HACS208A,0101,Lawrence Gordon,20,0,3,2026-07-09 00:08:38
2026-07-08 23:46:32,HACS208C,0101,Lamia Zia,26,14,0,2026-07-09 00:08:38
2026-07-08 23:46:32,HACS208P,0101,Charles Harry,26,4,0,2026-07-09 00:08:39
2026-07-08 23:46:32,HACS297,0101,Sarah Herberger,25,10,0,2026-07-09 00:08:40
2026-07-08 23:46:32,HACS408E,0101,Luke Mains,30,10,0,2026-07-09 00:08:40
2026-07-08 23:46:32,HACS408L,0101,Ian Serbin,30,0,0,2026-07-09 00:08:41
2026-07-08 23:46:32,HACS408M,0101,John McGahagan,30,0,4,2026-07-09 00:08:41
2026-07-08 23:46:32,HACS498,0101,Thomas Woods,7,1,0,2026-07-09 00:08:42
2026-07-08 23:46:32,HACS498,0201,Instructor: TBA,9,0,0,2026-07-09 00:08:42
2026-07-08 23:46:32,HACS498,0301,Kaitlyn Laohoo,8,0,0,2026-07-09 00:08:42
2026-07-08 23:46:32,HBUS100,0101,Jui Ramaprasad,72,37,0,2026-07-09 00:08:44
2026-07-08 23:46:32,HBUS200,0101,Nicole Coomber,60,4,0,2026-07-09 00:08:44
2026-07-08 23:46:32,HDCC105,0101,Instructor: TBA,70,42,0,2026-07-09 00:08:46
2026-07-08 23:46:32,HDCC201,0101,Jessica Lu,22,0,0,2026-07-09 00:08:46
2026-07-08 23:46:32,HDCC201,0201,Jessica Lu,22,0,0,2026-07-09 00:08:46
2026-07-08 23:46:32,HDCC201,0301,Jessica Lu,22,7,0,2026-07-09 00:08:46
2026-07-08 23:46:32,HDCC208A,0101,William Evans,14,0,0,2026-07-09 00:08:47
2026-07-08 23:46:32,HDCC208J,0101,Grant Bollmer,14,0,0,2026-07-09 00:08:47
2026-07-08 23:46:32,HDCC208P,0101,Cliff Bakalian,14,0,0,2026-07-09 00:08:48
2026-07-08 23:46:32,HDCC208T,0101,Instructor: TBA,14,0,0,2026-07-09 00:08:48
2026-07-08 23:46:32,HDCC208Z,0101,M Sauter,14,8,0,2026-07-09 00:08:48
2026-07-08 23:46:32,HDCC379,0101,Instructor: TBA,5,4,0,2026-07-09 00:08:49
2026-07-08 23:46:32,HEBR106,0101,Avital Karpman,15,4,0,2026-07-09 00:08:51
2026-07-08 23:46:32,HEBR106,0201,Avital Karpman,15,11,0,2026-07-09 00:08:51
2026-07-08 23:46:32,HEBR206,0101,Avital Karpman,15,8,0,2026-07-09 00:08:51
2026-07-08 23:46:32,HEBR249C,0101,Aliza Sandalon,15,0,0,2026-07-09 00:08:51
2026-07-08 23:46:32,HEBR298B,0101,Matthew Suriano,25,0,0,2026-07-09 00:08:52
2026-07-08 23:46:32,HEBR313,0101,Aliza Sandalon,20,0,3,2026-07-09 00:08:52
2026-07-08 23:46:32,HESI202,0101,Julie Park,16,15,0,2026-07-09 00:08:55
2026-07-08 23:46:32,HESI310,0101,Laura Widener,25,23,0,2026-07-09 00:08:55
2026-07-08 23:46:32,HESI310,0201,Laura Widener,25,18,0,2026-07-09 00:08:55
2026-07-08 23:46:32,HESI318K,0101,Swati Sah,20,20,0,2026-07-09 00:08:56
2026-07-08 23:46:32,HESI318R,0101,Meghan Loughry,12,12,0,2026-07-09 00:08:56
2026-07-08 23:46:32,HESI318T,0101,Meghan Loughry,10,1,0,2026-07-09 00:08:56
2026-07-08 23:46:32,HESI423,0101,Brandon Dula,25,0,4,2026-07-09 00:08:57
2026-07-08 23:46:32,HESI424,0101,Ari Israel,35,0,0,2026-07-09 00:08:57
2026-07-08 23:46:32,HESI672,0101,Kristan Skendall,15,12,0,2026-07-09 00:08:58
2026-07-08 23:46:32,HESP120,0101,Jose Ortiz,36,0,0,2026-07-09 00:09:00
2026-07-08 23:46:32,HESP120,FC01,Mairin Batten,36,22,0,2026-07-09 00:09:00
2026-07-08 23:46:32,HESP202,0101,Monica Allgauer,100,61,0,2026-07-09 00:09:00
2026-07-08 23:46:32,HESP214,0101,Jared Novick,24,0,0,2026-07-09 00:09:01
2026-07-08 23:46:32,HESP214,FC02,Emily Lord,20,0,0,2026-07-09 00:09:01
2026-07-08 23:46:32,HESP250,PDH1,Manaar Zuhurudeen,30,28,0,2026-07-09 00:09:01
2026-07-08 23:46:32,HESP300,0101,Yi Ting Huang,45,9,0,2026-07-09 00:09:02
2026-07-08 23:46:32,HESP305,0101,Jennifer Myers,40,3,0,2026-07-09 00:09:02
2026-07-08 23:46:32,HESP311,0101,Lacey Curry,40,30,0,2026-07-09 00:09:02
2026-07-08 23:46:32,HESP313,PDH1,Jessica Duran,30,24,0,2026-07-09 00:09:03
2026-07-08 23:46:32,HESP333,0101,Nicole Nguyen,30,29,0,2026-07-09 00:09:03
2026-07-08 23:46:32,HESP396,0101,Candace Nuzzo Michiels,10,5,0,2026-07-09 00:09:05
2026-07-08 23:46:32,HESP397,0101,Candace Nuzzo Michiels,10,6,0,2026-07-09 00:09:05
2026-07-08 23:46:32,HESP400,0101,Rochelle Newman,45,22,0,2026-07-09 00:09:05
2026-07-08 23:46:32,HESP400,PDH1,Tonya Williams-Walker,30,27,0,2026-07-09 00:09:05
2026-07-08 23:46:32,HESP403,0101,Rochelle Newman,45,14,0,2026-07-09 00:09:06
2026-07-08 23:46:32,HESP411,0101,Stacey Kane,50,1,0,2026-07-09 00:09:06
2026-07-08 23:46:32,HESP411,PDH1,Christopher Zalewski,30,23,0,2026-07-09 00:09:06
2026-07-08 23:46:32,HESP413,PDH1,Monica Allgauer,30,24,0,2026-07-09 00:09:07
2026-07-08 23:46:32,HESP415,0101,Jessica Wertz,45,12,0,2026-07-09 00:09:07
2026-07-08 23:46:32,HESP416,0101,Danielle Powell,25,18,0,2026-07-09 00:09:07
2026-07-08 23:46:32,HESP468H,0101,Jared Novick,10,7,0,2026-07-09 00:09:08
2026-07-08 23:46:32,HESP601,0101,Rochelle Newman,10,10,0,2026-07-09 00:09:11
2026-07-08 23:46:32,HESP606,0101,Kimberly Jenkins,9,9,0,2026-07-09 00:09:12
2026-07-08 23:46:32,HESP610,0101,Yasmeen Shah,30,30,0,2026-07-09 00:09:12
2026-07-08 23:46:32,HESP613,0101,Jonet Artis,31,31,0,2026-07-09 00:09:12
2026-07-08 23:46:32,HESP616,0101,Nan Ratner,30,30,0,2026-07-09 00:09:13
2026-07-08 23:46:32,HESP624,0101,Clarissa Ocampo,30,21,0,2026-07-09 00:09:13
2026-07-08 23:46:32,HESP626,0101,Nan Ratner,30,20,0,2026-07-09 00:09:14
2026-07-08 23:46:32,HESP630,0101,Samira Anderson,15,14,0,2026-07-09 00:09:14
2026-07-08 23:46:32,HESP639D,0101,Ashley Webb,30,23,0,2026-07-09 00:09:15
2026-07-08 23:46:32,HESP645,0101,Stacey Kane,15,14,0,2026-07-09 00:09:16
2026-07-08 23:46:32,HESP648A,2101,Jessica Wertz,5,5,0,2026-07-09 00:09:16
2026-07-08 23:46:32,HESP648A,2301,Eliza Thompson,5,5,0,2026-07-09 00:09:16
2026-07-08 23:46:32,HESP648A,2801,Eusebia Mont,5,5,0,2026-07-09 00:09:16
2026-07-08 23:46:32,HESP648A,3401,Ashley Webb,5,5,0,2026-07-09 00:09:16
2026-07-08 23:46:32,HESP648A,3601,Kristin Slawson,5,5,0,2026-07-09 00:09:16
2026-07-08 23:46:32,HESP648A,3701,Kathy Dow-Burger,5,5,0,2026-07-09 00:09:16
2026-07-08 23:46:32,HESP648A,XHE1,Instructor: TBA,5,5,0,2026-07-09 00:09:16
2026-07-08 23:46:32,HESP648B,2101,Jessica Wertz,5,5,0,2026-07-09 00:09:16
2026-07-08 23:46:32,HESP648B,2301,Eliza Thompson,5,5,0,2026-07-09 00:09:16
2026-07-08 23:46:32,HESP648B,2801,Eusebia Mont,5,5,0,2026-07-09 00:09:16
2026-07-08 23:46:32,HESP648B,3301,Courtney Overton,5,5,0,2026-07-09 00:09:16
2026-07-08 23:46:32,HESP648B,3401,Ashley Webb,5,5,0,2026-07-09 00:09:16
2026-07-08 23:46:32,HESP648B,3701,Kathy Dow-Burger,5,5,0,2026-07-09 00:09:16
2026-07-08 23:46:32,HESP649A,1101,Lacey Curry,10,9,0,2026-07-09 00:09:17
2026-07-08 23:46:32,HESP649A,1501,Sarah Menendez,5,5,0,2026-07-09 00:09:17
2026-07-08 23:46:32,HESP649A,2401,Christina Shields,5,5,0,2026-07-09 00:09:17
2026-07-08 23:46:32,HESP649A,3201,Nicole Nguyen,5,5,0,2026-07-09 00:09:17
2026-07-08 23:46:32,HESP649A,3501,Instructor: TBA,5,5,0,2026-07-09 00:09:17
2026-07-08 23:46:32,HESP700,0101,Eric Hoover,10,10,0,2026-07-09 00:09:18
2026-07-08 23:46:32,HESP702,0101,Eliza Thompson,30,30,0,2026-07-09 00:09:18
2026-07-08 23:46:32,HESP710,0101,Eric Hoover,20,17,0,2026-07-09 00:09:19
2026-07-08 23:46:32,HESP712,0101,Matthew Goupell,12,9,0,2026-07-09 00:09:19
2026-07-08 23:46:32,HESP722,0101,Matthew Goupell,15,14,0,2026-07-09 00:09:20
2026-07-08 23:46:32,HESP729,1301,Instructor: TBA,20,20,0,2026-07-09 00:09:21
2026-07-08 23:46:32,HESP729,3201,Nicole Nguyen,20,17,0,2026-07-09 00:09:21
2026-07-08 23:46:32,HESP732,0101,Lacey Curry,15,15,0,2026-07-09 00:09:21
2026-07-08 23:46:32,HESP734,0101,Christina Shields,25,25,0,2026-07-09 00:09:22
2026-07-08 23:46:32,HESP736,2201,Samira Anderson,15,14,0,2026-07-09 00:09:22
2026-07-08 23:46:32,HESP829,1301,Instructor: TBA,5,5,0,2026-07-09 00:09:23
2026-07-08 23:46:32,HESP829,3201,Nicole Nguyen,5,4,0,2026-07-09 00:09:23
2026-07-08 23:46:32,HGLO100,0101,Alfredo Oliveira,22,15,0,2026-07-09 00:09:26
2026-07-08 23:46:32,HGLO100,0102,Natalie Vinski Ibrahim,22,16,0,2026-07-09 00:09:26
2026-07-08 23:46:32,HGLO100,0103,Natalie Vinski Ibrahim,22,14,0,2026-07-09 00:09:26
2026-07-08 23:46:32,HGLO100,0104,Alfredo Oliveira,22,17,0,2026-07-09 00:09:26
2026-07-08 23:46:32,HGLO101,0101,Sarah Croco,23,8,0,2026-07-09 00:09:27
2026-07-08 23:46:32,HGLO101,0102,Sarah Croco,22,17,0,2026-07-09 00:09:27
2026-07-08 23:46:32,HGLO101,0103,Sarah Croco,22,19,0,2026-07-09 00:09:27
2026-07-08 23:46:32,HGLO101,0104,Sarah Croco,22,20,0,2026-07-09 00:09:27
2026-07-08 23:46:32,HGLO208,0101,Sarah Croco,45,11,0,2026-07-09 00:09:27
2026-07-08 23:46:32,HHUM105,0101,Carla Della Gatta,17,13,0,2026-07-09 00:09:29
2026-07-08 23:46:32,HHUM105,0102,Carla Della Gatta,17,7,0,2026-07-09 00:09:29
2026-07-08 23:46:32,HHUM105,0103,Carla Della Gatta,17,10,0,2026-07-09 00:09:29
2026-07-08 23:46:32,HHUM105,0104,Carla Della Gatta,17,6,0,2026-07-09 00:09:29
2026-07-08 23:46:32,HHUM205,0101,Kate Spanos,18,0,0,2026-07-09 00:09:29
2026-07-08 23:46:32,HHUM205,0102,Kristopher Oliveira,18,0,0,2026-07-09 00:09:29
2026-07-08 23:46:32,HHUM205,0104,Max Barnewitz,18,4,0,2026-07-09 00:09:29
2026-07-08 23:46:32,HHUM328,0101,Sarah Humud,12,10,0,2026-07-09 00:09:30
2026-07-08 23:46:32,HHUM328,0102,Sarah Humud,12,11,0,2026-07-09 00:09:30
2026-07-08 23:46:32,HHUM328,0103,Sarah Humud,12,12,0,2026-07-09 00:09:30
2026-07-08 23:46:32,HHUM329,0101,Carla Della Gatta,8,7,0,2026-07-09 00:09:30
2026-07-08 23:46:32,HISP200,0101,Stefan Woehlke,15,1,0,2026-07-09 00:09:32
2026-07-08 23:46:32,HISP200,0102,Stefan Woehlke,19,2,0,2026-07-09 00:09:32
2026-07-08 23:46:32,HISP200,0103,Stefan Woehlke,19,5,0,2026-07-09 00:09:32
2026-07-08 23:46:32,HISP200,0104,Stefan Woehlke,19,4,0,2026-07-09 00:09:32
2026-07-08 23:46:32,HISP200,0105,Stefan Woehlke,15,7,0,2026-07-09 00:09:32
2026-07-08 23:46:32,HISP319K,0101,Michelle Magalong,24,9,0,2026-07-09 00:09:32
2026-07-08 23:46:32,HISP319P,0101,Stefan Woehlke,20,19,0,2026-07-09 00:09:33
2026-07-08 23:46:32,HISP600,0101,Susan Kern,20,16,0,2026-07-09 00:09:33
2026-07-08 23:46:32,HISP611,0101,Donald Linebaugh,15,12,0,2026-07-09 00:09:34
2026-07-08 23:46:32,HISP619K,0101,Michelle Magalong,5,5,0,2026-07-09 00:09:34
2026-07-08 23:46:32,HISP619P,0101,Stefan Woehlke,10,10,0,2026-07-09 00:09:34
2026-07-08 23:46:32,HISP619S,0101,Susan Kern,17,17,0,2026-07-09 00:09:35
2026-07-08 23:46:32,HISP619T,0101,Stefan Woehlke,12,12,0,2026-07-09 00:09:35
2026-07-08 23:46:32,HISP629,0101,Susan Kern,1,1,0,2026-07-09 00:09:36
2026-07-08 23:46:32,HISP629,0102,Michelle Magalong,1,1,0,2026-07-09 00:09:36
2026-07-08 23:46:32,HISP650,0101,Stefan Woehlke,15,14,0,2026-07-09 00:09:36
2026-07-08 23:46:32,HISP655,0101,Donald Linebaugh,15,12,0,2026-07-09 00:09:37
2026-07-08 23:46:32,HISP660,0101,Susan Kern,10,10,0,2026-07-09 00:09:37
2026-07-08 23:46:32,HISP680,0101,Cristina Amoruso,15,12,0,2026-07-09 00:09:37
2026-07-08 23:46:32,HISP701,0101,Susan Kern,10,10,0,2026-07-09 00:09:38
2026-07-08 23:46:32,HISP710,0101,Susan Kern,10,10,0,2026-07-09 00:09:38
2026-07-08 23:46:32,HISP711,0101,Susan Kern,10,10,0,2026-07-09 00:09:39
2026-07-08 23:46:32,HIST106,0101,Marsha Rozenblit,40,30,0,2026-07-09 00:09:41
2026-07-08 23:46:32,HIST110,0101,Christopher Halsted,23,15,0,2026-07-09 00:09:41
2026-07-08 23:46:32,HIST110,0102,Christopher Halsted,23,8,0,2026-07-09 00:09:41
2026-07-08 23:46:32,HIST110,0103,Christopher Halsted,23,15,0,2026-07-09 00:09:41
2026-07-08 23:46:32,HIST111,0101,Janna Bianchini,23,12,0,2026-07-09 00:09:42
2026-07-08 23:46:32,HIST111,0102,Janna Bianchini,23,8,0,2026-07-09 00:09:42
2026-07-08 23:46:32,HIST111,0103,Janna Bianchini,23,1,0,2026-07-09 00:09:42
2026-07-08 23:46:32,HIST111,0104,Janna Bianchini,23,0,0,2026-07-09 00:09:42
2026-07-08 23:46:32,HIST111,0105,Janna Bianchini,23,8,0,2026-07-09 00:09:42
2026-07-08 23:46:32,HIST111,0106,Janna Bianchini,23,6,0,2026-07-09 00:09:42
2026-07-08 23:46:32,HIST111,FC01,Christopher Halsted,25,0,2,2026-07-09 00:09:42
2026-07-08 23:46:32,HIST113,0101,Caroline Ritter,40,32,0,2026-07-09 00:09:42
2026-07-08 23:46:32,HIST120,0101,Antoine Borrut,40,3,0,2026-07-09 00:09:43
2026-07-08 23:46:32,HIST122,0101,Paul Landau,40,19,0,2026-07-09 00:09:43
2026-07-08 23:46:32,HIST134,0101,Michael Ross,18,0,0,2026-07-09 00:09:44
2026-07-08 23:46:32,HIST134,0102,Michael Ross,18,0,0,2026-07-09 00:09:44
2026-07-08 23:46:32,HIST134,0103,Michael Ross,18,0,0,2026-07-09 00:09:44
2026-07-08 23:46:32,HIST134,0104,Michael Ross,18,0,0,2026-07-09 00:09:44
2026-07-08 23:46:32,HIST134,0105,Michael Ross,18,0,0,2026-07-09 00:09:44
2026-07-08 23:46:32,HIST134,0106,Michael Ross,18,0,0,2026-07-09 00:09:44
2026-07-08 23:46:32,HIST134S,0201,Michael Ross,27,11,0,2026-07-09 00:09:44
2026-07-08 23:46:32,HIST135,0101,Bernard Cooperman,18,8,0,2026-07-09 00:09:44
2026-07-08 23:46:32,HIST135,0102,Bernard Cooperman,18,3,0,2026-07-09 00:09:44
2026-07-08 23:46:32,HIST135,0103,Bernard Cooperman,18,7,0,2026-07-09 00:09:44
2026-07-08 23:46:32,HIST143,0101,Alejandro Caneque,40,27,0,2026-07-09 00:09:45
2026-07-08 23:46:32,HIST200,0101,Richard Bell,18,2,0,2026-07-09 00:09:45
2026-07-08 23:46:32,HIST200,0102,Richard Bell,18,9,0,2026-07-09 00:09:45
2026-07-08 23:46:32,HIST200,0103,Richard Bell,18,11,0,2026-07-09 00:09:45
2026-07-08 23:46:32,HIST200,0104,Richard Bell,18,15,0,2026-07-09 00:09:45
2026-07-08 23:46:32,HIST200,0105,Richard Bell,18,12,0,2026-07-09 00:09:45
2026-07-08 23:46:32,HIST200,0106,Richard Bell,18,14,0,2026-07-09 00:09:45
2026-07-08 23:46:32,HIST200,FC01,Howard Smead,20,2,0,2026-07-09 00:09:45
2026-07-08 23:46:32,HIST201,0101,Howard Smead,18,6,0,2026-07-09 00:09:46
2026-07-08 23:46:32,HIST201,0102,Howard Smead,18,3,0,2026-07-09 00:09:46
2026-07-08 23:46:32,HIST201,0103,Howard Smead,18,3,0,2026-07-09 00:09:46
2026-07-08 23:46:32,HIST201,0104,Howard Smead,18,7,0,2026-07-09 00:09:46
2026-07-08 23:46:32,HIST201,0105,Howard Smead,18,5,0,2026-07-09 00:09:46
2026-07-08 23:46:32,HIST201,0106,Howard Smead,18,2,0,2026-07-09 00:09:46
2026-07-08 23:46:32,HIST201,0107,Howard Smead,18,13,0,2026-07-09 00:09:46
2026-07-08 23:46:32,HIST201,0108,Howard Smead,18,8,0,2026-07-09 00:09:46
2026-07-08 23:46:32,HIST201,0109,Howard Smead,18,3,0,2026-07-09 00:09:46
2026-07-08 23:46:32,HIST201,0201,Robert Chiles,18,1,0,2026-07-09 00:09:46
2026-07-08 23:46:32,HIST201,0202,Robert Chiles,18,1,0,2026-07-09 00:09:46
2026-07-08 23:46:32,HIST201,0203,Robert Chiles,18,0,0,2026-07-09 00:09:46
2026-07-08 23:46:32,HIST201,0204,Robert Chiles,18,2,0,2026-07-09 00:09:46
2026-07-08 23:46:32,HIST201,0205,Robert Chiles,18,2,0,2026-07-09 00:09:46
2026-07-08 23:46:32,HIST201,0206,Robert Chiles,18,0,0,2026-07-09 00:09:46
2026-07-08 23:46:32,HIST201,0207,Robert Chiles,18,18,0,2026-07-09 00:09:46
2026-07-08 23:46:32,HIST201,0208,Robert Chiles,18,18,0,2026-07-09 00:09:46
2026-07-08 23:46:32,HIST201,0209,Robert Chiles,18,18,0,2026-07-09 00:09:46
2026-07-08 23:46:32,HIST201,FC01,Robert Chiles,25,0,0,2026-07-09 00:09:46
2026-07-08 23:46:32,HIST205,0101,Jayson Porter,40,0,2,2026-07-09 00:09:46
2026-07-08 23:46:32,HIST208R,0101,Anna Wenzel,12,0,0,2026-07-09 00:09:47
2026-07-08 23:46:32,HIST208R,0201,Anna Wenzel,12,1,0,2026-07-09 00:09:47
2026-07-08 23:46:32,HIST208T,0101,Angelina Lincoln,12,3,0,2026-07-09 00:09:47
2026-07-08 23:46:32,HIST208T,0201,Angelina Lincoln,12,0,2,2026-07-09 00:09:47
2026-07-08 23:46:32,HIST211,0101,Katarina Keane,23,0,1,2026-07-09 00:09:47
2026-07-08 23:46:32,HIST211,0102,Katarina Keane,23,0,0,2026-07-09 00:09:47
2026-07-08 23:46:32,HIST211,0103,Katarina Keane,23,0,0,2026-07-09 00:09:47
2026-07-08 23:46:32,HIST215,0101,Sabrina Baron,40,0,8,2026-07-09 00:09:48
2026-07-08 23:46:32,HIST219I,0101,Instructor: TBA,25,0,1,2026-07-09 00:09:48
2026-07-08 23:46:32,HIST224,0101,Patrick Chung,40,21,0,2026-07-09 00:09:49
2026-07-08 23:46:32,HIST226,0101,Robert Chiles,30,0,11,2026-07-09 00:09:49
2026-07-08 23:46:32,HIST234,0101,Sabrina Baron,40,0,1,2026-07-09 00:09:49
2026-07-08 23:46:32,HIST236,0101,Julie Taddeo,40,21,0,2026-07-09 00:09:50
2026-07-08 23:46:32,HIST237,0101,Mikhail Dolbilov,40,37,0,2026-07-09 00:09:50
2026-07-08 23:46:32,HIST245,0101,Shay Hazkani,40,36,0,2026-07-09 00:09:51
2026-07-08 23:46:32,HIST246,0101,Shay Hazkani,35,17,0,2026-07-09 00:09:51
2026-07-08 23:46:32,HIST250,0101,David Sartorius,40,25,0,2026-07-09 00:09:52
2026-07-08 23:46:32,HIST254,0101,Christopher Bonner,40,20,0,2026-07-09 00:09:52
2026-07-08 23:46:32,HIST261,0101,Zachary Dorner,55,0,0,2026-07-09 00:09:52
2026-07-08 23:46:32,HIST266,0101,Howard Smead,30,3,0,2026-07-09 00:09:53
2026-07-08 23:46:32,HIST284,0101,Ting Zhang,23,4,0,2026-07-09 00:09:53
2026-07-08 23:46:32,HIST284,0102,Ting Zhang,23,8,0,2026-07-09 00:09:53
2026-07-08 23:46:32,HIST284,0103,Ting Zhang,23,17,0,2026-07-09 00:09:53
2026-07-08 23:46:32,HIST285,0101,Deokhyo Choi,40,38,0,2026-07-09 00:09:54
2026-07-08 23:46:32,HIST289T,0101,Hayim Lapin,23,10,0,2026-07-09 00:09:54
2026-07-08 23:46:32,HIST289T,0102,Hayim Lapin,23,17,0,2026-07-09 00:09:54
2026-07-08 23:46:32,HIST289T,0103,Hayim Lapin,23,13,0,2026-07-09 00:09:54
2026-07-08 23:46:32,HIST289V,0101,Howard Smead,30,0,3,2026-07-09 00:09:55
2026-07-08 23:46:32,HIST310,0101,Paul Landau,27,24,0,2026-07-09 00:09:55
2026-07-08 23:46:32,HIST319F,0101,Erin Mosely,27,12,0,2026-07-09 00:09:56
2026-07-08 23:46:32,HIST319P,0101,Mikhail Dolbilov,27,3,0,2026-07-09 00:09:56
2026-07-08 23:46:32,HIST328F,0101,Instructor: TBA,30,30,0,2026-07-09 00:09:57
2026-07-08 23:46:32,HIST328O,0101,Alejandro Caneque,27,9,0,2026-07-09 00:09:57
2026-07-08 23:46:32,HIST329A,0101,Julie Taddeo,27,0,0,2026-07-09 00:09:57
2026-07-08 23:46:32,HIST329O,0101,Peter Wien,27,13,0,2026-07-09 00:09:58
2026-07-08 23:46:32,HIST331,0101,Janna Bianchini,27,0,2,2026-07-09 00:09:58
2026-07-08 23:46:32,HIST338F,0101,David Freund,27,6,0,2026-07-09 00:09:59
2026-07-08 23:46:32,HIST338L,0101,Jayson Porter,27,9,0,2026-07-09 00:09:59
2026-07-08 23:46:32,HIST338Y,0101,Gerson Rosales,27,0,0,2026-07-09 00:10:00
2026-07-08 23:46:32,HIST339T,0101,Peter Wien,27,14,0,2026-07-09 00:10:00
2026-07-08 23:46:32,HIST343,0101,Piotr H Kosicki,36,0,5,2026-07-09 00:10:00
2026-07-08 23:46:32,HIST353,0101,Holly Brewer,27,11,0,2026-07-09 00:10:01
2026-07-08 23:46:32,HIST355,0101,Robert Chiles,31,0,5,2026-07-09 00:10:01
2026-07-08 23:46:32,HIST357,0101,Howard Smead,27,0,2,2026-07-09 00:10:02
2026-07-08 23:46:32,HIST363,0101,Thomas Zeller,27,8,0,2026-07-09 00:10:02
2026-07-08 23:46:32,HIST373,0101,Bernard Cooperman,27,7,0,2026-07-09 00:10:03
2026-07-08 23:46:32,HIST382,0101,Ting Zhang,27,0,4,2026-07-09 00:10:03
2026-07-08 23:46:32,HIST395,0101,Clare Lyons,13,1,0,2026-07-09 00:10:04
2026-07-08 23:46:32,HIST399,0101,Clare Lyons,12,4,0,2026-07-09 00:10:05
2026-07-08 23:46:32,HIST403,0101,Thomas Zeller,27,1,0,2026-07-09 00:10:06
2026-07-08 23:46:32,HIST408E,0101,Richard Bell,12,0,0,2026-07-09 00:10:06
2026-07-08 23:46:32,HIST408I,0101,Robyn Muncy,12,0,2,2026-07-09 00:10:06
2026-07-08 23:46:32,HIST408M,0101,Zachary Dorner,12,3,0,2026-07-09 00:10:07
2026-07-08 23:46:32,HIST408W,0101,Antoine Borrut,12,9,0,2026-07-09 00:10:07
2026-07-08 23:46:32,HIST412,0101,Erin Mosely,18,16,0,2026-07-09 00:10:08
2026-07-08 23:46:32,HIST419E,0101,Hayim Lapin,5,0,0,2026-07-09 00:10:08
2026-07-08 23:46:32,HIST419G,0101,Piotr H Kosicki,12,8,0,2026-07-09 00:10:09
2026-07-08 23:46:32,HIST419K,0101,Melinda Baldwin,13,4,0,2026-07-09 00:10:09
2026-07-08 23:46:32,HIST419R,0101,William Horne,27,26,0,2026-07-09 00:10:09
2026-07-08 23:46:32,HIST429J,0101,Michael Ross,27,9,0,2026-07-09 00:10:10
2026-07-08 23:46:32,HIST429P,0101,Deokhyo Choi,13,0,0,2026-07-09 00:10:10
2026-07-08 23:46:32,HIST429Z,0101,David Freund,13,0,0,2026-07-09 00:10:11
2026-07-08 23:46:32,HIST452,0101,Colleen Woods,27,15,0,2026-07-09 00:10:11
2026-07-08 23:46:32,HIST466,0101,Robert Chiles,18,0,0,2026-07-09 00:10:12
2026-07-08 23:46:32,HIST467,0101,Robyn Muncy,27,15,0,2026-07-09 00:10:12
2026-07-08 23:46:32,HIST470,0101,Mircea Raianu,13,0,3,2026-07-09 00:10:12
2026-07-08 23:46:32,HIST601,0101,Colleen Woods,15,0,4,2026-07-09 00:10:13
2026-07-08 23:46:32,HIST607,0101,Saverio Giovacchini,15,11,0,2026-07-09 00:10:14
2026-07-08 23:46:32,HIST607,0201,Mircea Raianu,6,6,0,2026-07-09 00:10:14
2026-07-08 23:46:32,HIST608A,0101,Christopher Bonner,12,5,0,2026-07-09 00:10:14
2026-07-08 23:46:32,HIST608C,0101,Marsha Rozenblit,12,10,0,2026-07-09 00:10:14
2026-07-08 23:46:32,HIST608N,0101,David Sartorius,12,8,0,2026-07-09 00:10:15
2026-07-08 23:46:32,HIST610,0201,Lesley Langa,30,20,0,2026-07-09 00:10:15
2026-07-08 23:46:32,HIST619D,0101,Hayim Lapin,5,0,0,2026-07-09 00:10:17
2026-07-08 23:46:32,HIST619P,0101,Patrick Chung,12,7,0,2026-07-09 00:10:17
2026-07-08 23:46:32,HIST619V,0101,Karin Rosemblatt,12,6,0,2026-07-09 00:10:17
2026-07-08 23:46:32,HIST638G,0101,Madeline Hsu,12,3,0,2026-07-09 00:10:18
2026-07-08 23:46:32,HIST638L,0101,Holly Brewer,12,10,0,2026-07-09 00:10:18
2026-07-08 23:46:32,HIST720,0101,Piotr H Kosicki,12,9,0,2026-07-09 00:10:19
2026-07-08 23:46:32,HIST811,0101,Henry Gregory,12,8,0,2026-07-09 00:10:20
2026-07-08 23:46:32,HIST819K,0101,Saverio Giovacchini,12,9,0,2026-07-09 00:10:22
2026-07-08 23:46:32,HLSA300,0101,Mia DeSoto,19,0,12,2026-07-09 00:10:24
2026-07-08 23:46:32,HLSA300,0102,Mia DeSoto,19,0,10,2026-07-09 00:10:24
2026-07-08 23:46:32,HLSA300,0103,Mia DeSoto,19,0,11,2026-07-09 00:10:24
2026-07-08 23:46:32,HLSA300,0104,Mia DeSoto,19,0,11,2026-07-09 00:10:24
2026-07-08 23:46:32,HLSA300,0105,Mia DeSoto,19,0,6,2026-07-09 00:10:24
2026-07-08 23:46:32,HLSA300,0106,Mia DeSoto,19,0,8,2026-07-09 00:10:24
2026-07-08 23:46:32,HLSA300,0107,Mia DeSoto,19,0,9,2026-07-09 00:10:24
2026-07-08 23:46:32,HLSA300,0108,Mia DeSoto,19,0,6,2026-07-09 00:10:24
2026-07-08 23:46:32,HLSA320,0101,Negin Fouladi,24,16,0,2026-07-09 00:10:25
2026-07-08 23:46:32,HLSA484,0101,Stephen Thomas,24,0,0,2026-07-09 00:10:25
2026-07-08 23:46:32,HLSA601,0102,Michel Boudreaux,60,43,0,2026-07-09 00:10:26
2026-07-08 23:46:32,HLSA601,PLH1,Negin Fouladi,40,26,0,2026-07-09 00:10:26
2026-07-08 23:46:32,HLSA601,PLP1,Negin Fouladi,30,14,0,2026-07-09 00:10:26
2026-07-08 23:46:32,HLSA611,0101,Kellee White Whilby,25,19,0,2026-07-09 00:10:26
2026-07-08 23:46:32,HLSA702,0101,Charmaine Ivey,35,28,0,2026-07-09 00:10:27
2026-07-08 23:46:32,HLSA711,0101,Nathan Apathy,20,12,0,2026-07-09 00:10:27
2026-07-08 23:46:32,HLSA716,0101,Xuanzi Qin,15,14,0,2026-07-09 00:10:28
2026-07-08 23:46:32,HLSA720,0101,Merianne Spencer,25,21,0,2026-07-09 00:10:28
2026-07-08 23:46:32,HLSA731,0101,Mika Hamer,10,4,0,2026-07-09 00:10:28
2026-07-08 23:46:32,HLSA742,PLP1,Rick Sperling,35,29,0,2026-07-09 00:10:29
2026-07-08 23:46:32,HLSA745,PLH1,Portia Buchongo,35,21,0,2026-07-09 00:10:29
2026-07-08 23:46:32,HLSA750,0501,Melvin Seale,20,17,0,2026-07-09 00:10:30
2026-07-08 23:46:32,HLSA750,PLP1,Melvin Seale,35,28,0,2026-07-09 00:10:30
2026-07-08 23:46:32,HLSA765,0101,Jie Chen,15,12,0,2026-07-09 00:10:30
2026-07-08 23:46:32,HLSA770,0101,Priscilla Novak,20,17,0,2026-07-09 00:10:31
2026-07-08 23:46:32,HLSA770,PLP1,Lauren Edelstein,35,28,0,2026-07-09 00:10:31
2026-07-08 23:46:32,HLSA772,PLH1,Sherry Maykrantz,25,16,0,2026-07-09 00:10:31
2026-07-08 23:46:32,HLSA772,PLP1,Sherry Maykrantz,25,19,0,2026-07-09 00:10:31
2026-07-08 23:46:32,HLSA775,0101,Michel Boudreaux,25,16,0,2026-07-09 00:10:31
2026-07-08 23:46:32,HLSC100,0101,Jalah Townsend,24,0,0,2026-07-09 00:10:35
2026-07-08 23:46:32,HLSC100,0102,Jalah Townsend,24,12,0,2026-07-09 00:10:35
2026-07-08 23:46:32,HLSC100,0103,Jalah Townsend,24,21,0,2026-07-09 00:10:35
2026-07-08 23:46:32,HLSC100,0104,Jalah Townsend,24,24,0,2026-07-09 00:10:35
2026-07-08 23:46:32,HLSC280,0101,Najib El-Sayed,25,12,0,2026-07-09 00:10:36
2026-07-08 23:46:32,HLSC280,0102,Najib El-Sayed,25,17,0,2026-07-09 00:10:36
2026-07-08 23:46:32,HLSC280,0103,Najib El-Sayed,25,11,0,2026-07-09 00:10:36
2026-07-08 23:46:32,HLSC280,0104,Najib El-Sayed,25,13,0,2026-07-09 00:10:36
2026-07-08 23:46:32,HLSC329,0101,Sabrina Kramer,12,5,0,2026-07-09 00:10:36
2026-07-08 23:46:32,HLTH124,0101,M Reynolds,40,3,0,2026-07-09 00:10:39
2026-07-08 23:46:32,HLTH140,0101,Instructor: TBA,150,105,0,2026-07-09 00:10:40
2026-07-08 23:46:32,HLTH140H,0101,Instructor: TBA,150,105,0,2026-07-09 00:10:40
2026-07-08 23:46:32,HLTH200,0101,Dina Borzekowski,40,12,0,2026-07-09 00:10:41
2026-07-08 23:46:32,HLTH212,0101,Katherine Sharp,50,31,0,2026-07-09 00:10:41
2026-07-08 23:46:32,HLTH230,0101,Craig Fryer,70,15,0,2026-07-09 00:10:43
2026-07-08 23:46:32,HLTH234,0101,Dina Borzekowski,32,1,0,2026-07-09 00:10:44
2026-07-08 23:46:32,HLTH234H,0101,Dina Borzekowski,4,0,0,2026-07-09 00:10:45
2026-07-08 23:46:32,HLTH285,0101,M Reynolds,100,0,2,2026-07-09 00:10:45
2026-07-08 23:46:32,HLTH285H,0101,M Reynolds,100,0,2,2026-07-09 00:10:46
2026-07-08 23:46:32,HLTH302,0101,Kirsten Stoebenau,35,0,3,2026-07-09 00:10:47
2026-07-08 23:46:32,HLTH302H,0101,Kirsten Stoebenau,5,3,0,2026-07-09 00:10:47
2026-07-08 23:46:32,HLTH306,0101,Sharifah Holder,35,0,6,2026-07-09 00:10:48
2026-07-08 23:46:32,HLTH306H,0101,Sharifah Holder,5,4,0,2026-07-09 00:10:48
2026-07-08 23:46:32,HLTH364,0101,Sandra Saperstein,30,0,7,2026-07-09 00:10:49
2026-07-08 23:46:32,HLTH364H,0101,Sandra Saperstein,5,5,0,2026-07-09 00:10:49
2026-07-08 23:46:32,HLTH366,0101,Evelyn King-Marshall,21,0,8,2026-07-09 00:10:50
2026-07-08 23:46:32,HLTH366,0102,Evelyn King-Marshall,21,0,11,2026-07-09 00:10:50
2026-07-08 23:46:32,HLTH366,0103,Evelyn King-Marshall,21,0,7,2026-07-09 00:10:50
2026-07-08 23:46:32,HLTH366,0104,Evelyn King-Marshall,21,0,10,2026-07-09 00:10:50
2026-07-08 23:46:32,HLTH366,0105,Evelyn King-Marshall,21,0,6,2026-07-09 00:10:50
2026-07-08 23:46:32,HLTH366,0106,Evelyn King-Marshall,21,0,8,2026-07-09 00:10:50
2026-07-08 23:46:32,HLTH377,0101,Jenna Messman,200,0,105,2026-07-09 00:10:50
2026-07-08 23:46:32,HLTH377H,0101,Jenna Messman,200,0,105,2026-07-09 00:10:50
2026-07-08 23:46:32,HLTH391,0101,Instructor: TBA,45,6,0,2026-07-09 00:10:52
2026-07-08 23:46:32,HLTH391H,0101,Instructor: TBA,3,2,0,2026-07-09 00:10:52
2026-07-08 23:46:32,HLTH410,0101,Kirsten Stoebenau,12,9,0,2026-07-09 00:10:53
2026-07-08 23:46:32,HLTH420,0101,M Reynolds,23,6,0,2026-07-09 00:10:54
2026-07-08 23:46:32,HLTH420,0201,M Reynolds,23,0,1,2026-07-09 00:10:54
2026-07-08 23:46:32,HLTH431,0101,Catherine Maybury,10,2,0,2026-07-09 00:10:54
2026-07-08 23:46:32,HLTH431,0201,Catherine Maybury,25,0,0,2026-07-09 00:10:54
2026-07-08 23:46:32,HLTH431H,0101,Catherine Maybury,5,4,0,2026-07-09 00:10:55
2026-07-08 23:46:32,HLTH434,0101,Sandra Saperstein,10,5,0,2026-07-09 00:10:55
2026-07-08 23:46:32,HLTH434,0201,Sandra Saperstein,30,20,0,2026-07-09 00:10:55
2026-07-08 23:46:32,HLTH434H,0101,Sandra Saperstein,5,5,0,2026-07-09 00:10:55
2026-07-08 23:46:32,HLTH460,0101,Craig Fryer,20,15,0,2026-07-09 00:10:56
2026-07-08 23:46:32,HLTH460,0201,Craig Fryer,20,16,0,2026-07-09 00:10:56
2026-07-08 23:46:32,HLTH460H,0101,Craig Fryer,5,5,0,2026-07-09 00:10:56
2026-07-08 23:46:32,HLTH490,0101,Jennifer Hodgson,16,0,0,2026-07-09 00:10:57
2026-07-08 23:46:32,HLTH490,0201,Jennifer Hodgson,16,0,0,2026-07-09 00:10:57
2026-07-08 23:46:32,HLTH490H,0101,Jennifer Hodgson,3,3,0,2026-07-09 00:10:58
2026-07-08 23:46:32,HLTH490H,0201,Jennifer Hodgson,3,2,0,2026-07-09 00:10:58
2026-07-08 23:46:32,HLTH491,0101,Tracy Kennedy,40,37,0,2026-07-09 00:10:58
2026-07-08 23:46:32,HLTH492,0101,Tracy Kennedy,10,9,0,2026-07-09 00:10:58
2026-07-08 23:46:32,HLTH498J,0101,Ruth Enid Zambrana,10,10,0,2026-07-09 00:10:59
2026-07-08 23:46:32,HLTH609,0101,Kerry Green,15,10,0,2026-07-09 00:10:59
2026-07-08 23:46:32,HLTH653,0101,Ebbie Kalan,10,4,0,2026-07-09 00:11:00
2026-07-08 23:46:32,HLTH665,0101,Hector Alcala,25,19,0,2026-07-09 00:11:00
2026-07-08 23:46:32,HLTH674,0101,Cynthia Baur,25,20,0,2026-07-09 00:11:01
2026-07-08 23:46:32,HLTH674,PLB1,Katherine Raymond,25,20,0,2026-07-09 00:11:01
2026-07-08 23:46:32,HLTH688J,0101,Ruth Enid Zambrana,10,5,0,2026-07-09 00:11:02
2026-07-08 23:46:32,HLTH701,0101,Elizabeth Norell,15,7,0,2026-07-09 00:11:02
2026-07-08 23:46:32,HLTH710,0101,Elaine Doherty,25,15,0,2026-07-09 00:11:03
2026-07-08 23:46:32,HLTH710,PLB1,Elaine Doherty,16,6,0,2026-07-09 00:11:03
2026-07-08 23:46:32,HLTH711,0101,Min Wang,10,6,0,2026-07-09 00:11:03
2026-07-08 23:46:32,HLTH778,0101,Evelyn King-Marshall,10,10,0,2026-07-09 00:11:03
2026-07-08 23:46:32,HLTH778,PLB1,Evelyn King-Marshall,10,9,0,2026-07-09 00:11:03
2026-07-08 23:46:32,HLTH780,0101,Meaghan McHugh,25,24,0,2026-07-09 00:11:04
2026-07-08 23:46:32,HLTH780,PLB1,Tracy Zeeger,25,20,0,2026-07-09 00:11:04
2026-07-08 23:46:32,HLTH784,0101,Evelyn King-Marshall,10,6,0,2026-07-09 00:11:04
2026-07-08 23:46:32,HLTH784,PLB1,Evelyn King-Marshall,17,10,0,2026-07-09 00:11:04
2026-07-08 23:46:32,HNUH100,0101,Max Barnewitz,13,3,0,2026-07-09 00:11:08
2026-07-08 23:46:32,HNUH100,0102,Max Barnewitz,13,0,0,2026-07-09 00:11:08
2026-07-08 23:46:32,HNUH100,0103,Max Barnewitz,13,0,0,2026-07-09 00:11:08
2026-07-08 23:46:32,HNUH100,0104,Max Barnewitz,13,3,0,2026-07-09 00:11:08
2026-07-08 23:46:32,HNUH100,0105,Max Barnewitz,13,2,0,2026-07-09 00:11:08
2026-07-08 23:46:32,HNUH100,0106,Max Barnewitz,13,0,0,2026-07-09 00:11:08
2026-07-08 23:46:32,HNUH100,0201,Max Barnewitz,13,2,0,2026-07-09 00:11:08
2026-07-08 23:46:32,HNUH100,0202,Max Barnewitz,13,0,0,2026-07-09 00:11:08
2026-07-08 23:46:32,HNUH100,0203,Max Barnewitz,13,2,0,2026-07-09 00:11:08
2026-07-08 23:46:32,HNUH100,0204,Max Barnewitz,13,8,0,2026-07-09 00:11:08
2026-07-08 23:46:32,HNUH100,0205,Max Barnewitz,13,3,0,2026-07-09 00:11:08
2026-07-08 23:46:32,HNUH100,0206,Max Barnewitz,13,3,0,2026-07-09 00:11:08
2026-07-08 23:46:32,HNUH100,0301,Max Barnewitz,13,2,0,2026-07-09 00:11:08
2026-07-08 23:46:32,HNUH100,0302,Max Barnewitz,13,6,0,2026-07-09 00:11:08
2026-07-08 23:46:32,HNUH100,0303,Max Barnewitz,13,0,0,2026-07-09 00:11:08
2026-07-08 23:46:32,HNUH100,0304,Max Barnewitz,13,6,0,2026-07-09 00:11:08
2026-07-08 23:46:32,HNUH100,0305,Max Barnewitz,13,0,0,2026-07-09 00:11:08
2026-07-08 23:46:32,HNUH100,0306,Max Barnewitz,13,4,0,2026-07-09 00:11:08
2026-07-08 23:46:32,HNUH100,0401,Max Barnewitz,13,5,0,2026-07-09 00:11:08
2026-07-08 23:46:32,HNUH100,0402,Max Barnewitz,13,10,0,2026-07-09 00:11:08
2026-07-08 23:46:32,HNUH100,0403,Max Barnewitz,13,1,0,2026-07-09 00:11:08
2026-07-08 23:46:32,HNUH100,0404,Max Barnewitz,13,9,0,2026-07-09 00:11:08
2026-07-08 23:46:32,HNUH100,0405,Leigha McReynolds,13,11,0,2026-07-09 00:11:08
2026-07-08 23:46:32,HNUH100,0406,Max Barnewitz,13,5,0,2026-07-09 00:11:08
2026-07-08 23:46:32,HNUH100,0601,Max Barnewitz,13,2,0,2026-07-09 00:11:08
2026-07-08 23:46:32,HNUH218D,0101,Brian Gilmore,43,10,0,2026-07-09 00:11:08
2026-07-08 23:46:32,HNUH218L,0101,Shauna Rigaud,18,4,0,2026-07-09 00:11:08
2026-07-08 23:46:32,HNUH218L,0201,Shauna Rigaud,18,7,0,2026-07-09 00:11:08
2026-07-08 23:46:32,HNUH228D,0101,Matthew McLaughlin,54,12,0,2026-07-09 00:11:09
2026-07-08 23:46:32,HNUH228L,0101,Alena Wigodner,18,8,0,2026-07-09 00:11:10
2026-07-08 23:46:32,HNUH228L,0201,Alena Wigodner,18,4,0,2026-07-09 00:11:10
2026-07-08 23:46:32,HNUH228N,0101,Peter Grybauskas,18,2,0,2026-07-09 00:11:11
2026-07-08 23:46:32,HNUH229I,0101,Ross Salawitch,18,3,0,2026-07-09 00:11:11
2026-07-08 23:46:32,HNUH238D,0101,Susan Moeller,45,0,0,2026-07-09 00:11:12
2026-07-08 23:46:32,HNUH238L,0101,Kimberly Johnson,18,6,0,2026-07-09 00:11:13
2026-07-08 23:46:32,HNUH238L,0201,Kimberly Johnson,18,5,0,2026-07-09 00:11:13
2026-07-08 23:46:32,HNUH238N,0101,Hannah Wegmann,18,12,0,2026-07-09 00:11:13
2026-07-08 23:46:32,HNUH239T,0101,Gerald Suarez,18,5,0,2026-07-09 00:11:13
2026-07-08 23:46:32,HNUH248D,0101,Juan Uriagereka,40,8,0,2026-07-09 00:11:14
2026-07-08 23:46:32,HNUH248L,0201,Robert Graham,10,8,0,2026-07-09 00:11:14
2026-07-08 23:46:32,HNUH248M,0101,Hassanatu Blake,18,13,0,2026-07-09 00:11:15
2026-07-08 23:46:32,HNUH248N,0101,Siv Lie,18,2,0,2026-07-09 00:11:15
2026-07-08 23:46:32,HNUH249P,0101,Temim Nusraty,18,2,0,2026-07-09 00:11:15
2026-07-08 23:46:32,HNUH258C,0101,Bill Fagan,49,28,0,2026-07-09 00:11:16
2026-07-08 23:46:32,HNUH258Q,0101,Tiara Thomas,18,7,0,2026-07-09 00:11:16
2026-07-08 23:46:32,HNUH259P,0101,Hooman Koliji,18,4,0,2026-07-09 00:11:17
2026-07-08 23:46:32,HNUH268C,0101,Perla Guerrero,54,31,0,2026-07-09 00:11:17
2026-07-08 23:46:32,HNUH268R,0101,Vasfiye Toprak,18,15,0,2026-07-09 00:11:18
2026-07-08 23:46:32,HNUH269P,0101,Marisa Franco,18,2,0,2026-07-09 00:11:18
2026-07-08 23:46:32,HNUH278C,0101,Chinyere Osuji,54,36,0,2026-07-09 00:11:19
2026-07-08 23:46:32,HNUH278I,0101,Marisa Franco,18,7,0,2026-07-09 00:11:20
2026-07-08 23:46:32,HNUH278I,0102,Marisa Franco,18,3,0,2026-07-09 00:11:20
2026-07-08 23:46:32,HNUH278O,0101,Deneen Brown,15,15,0,2026-07-09 00:11:20
2026-07-08 23:46:32,HNUH278R,0101,Max Barnewitz,18,5,0,2026-07-09 00:11:21
2026-07-08 23:46:32,HNUH288C,0101,Julia Steinberg,27,6,0,2026-07-09 00:11:21
2026-07-08 23:46:32,HNUH288C,0103,Julia Steinberg,27,11,0,2026-07-09 00:11:21
2026-07-08 23:46:32,HNUH288O,0101,Ariana Nash,18,3,0,2026-07-09 00:11:21
2026-07-08 23:46:32,HNUH300,0301,Vasfiye Toprak,20,0,0,2026-07-09 00:11:22
2026-07-08 23:46:32,HNUH300,0401,Robert Graham,20,0,1,2026-07-09 00:11:22
2026-07-08 23:46:32,HNUH300,0601,Alena Wigodner,20,0,0,2026-07-09 00:11:22
2026-07-08 23:46:32,HNUH300,0701,Ingrid Satelmajer,20,14,0,2026-07-09 00:11:22
2026-07-08 23:46:32,HNUH300,0801,Shauna Rigaud,20,0,0,2026-07-09 00:11:22
2026-07-08 23:46:32,HNUH300,0901,Kimberly Johnson,20,5,0,2026-07-09 00:11:22
2026-07-08 23:46:32,HNUH300,1001,Ingrid Satelmajer,20,12,0,2026-07-09 00:11:22
2026-07-08 23:46:32,HNUH318T,0101,Peter Owen,24,2,0,2026-07-09 00:11:22
2026-07-08 23:46:32,HNUH319T,0101,Emily Shetty,22,1,0,2026-07-09 00:11:23
2026-07-08 23:46:32,HNUH328T,0101,Woodie Kessel,24,2,0,2026-07-09 00:11:23
2026-07-08 23:46:32,HNUH329T,0101,Instructor: TBA,20,1,0,2026-07-09 00:11:24
2026-07-08 23:46:32,HNUH338T,0101,Casie Antalis,22,2,0,2026-07-09 00:11:24
2026-07-08 23:46:32,HNUH348T,0101,Ed Fendley,22,1,0,2026-07-09 00:11:24
2026-07-08 23:46:32,HNUH358T,0101,Danusia Hubah,22,1,0,2026-07-09 00:11:25
2026-07-08 23:46:32,HNUH359T,0101,Amanda Schoch,20,1,0,2026-07-09 00:11:25
2026-07-08 23:46:32,HNUH368T,0101,Nadia Farra,20,2,0,2026-07-09 00:11:26
2026-07-08 23:46:32,HNUH369T,0101,Andrew Nissen,20,0,0,2026-07-09 00:11:26
2026-07-08 23:46:32,HNUH378T,0101,Jeffrey Haeni,20,1,0,2026-07-09 00:11:26
2026-07-08 23:46:32,HNUH398P,0101,Jayakumar Arasan,25,24,0,2026-07-09 00:11:27
2026-07-08 23:46:32,HNUH398P,0201,Jayakumar Arasan,5,2,0,2026-07-09 00:11:27
2026-07-08 23:46:32,HNUH398T,0101,Sasha Koo-Oshima,20,1,0,2026-07-09 00:11:27
2026-07-08 23:46:32,HONR368A,0101,Blake Wilder,22,1,0,2026-07-09 00:11:29
2026-07-08 23:46:32,IDEA201,0101,Mira Azarm,20,12,0,2026-07-09 00:11:31
2026-07-08 23:46:32,IDEA201,0102,Brooke Smith,60,0,0,2026-07-09 00:11:31
2026-07-08 23:46:32,IDEA201,0103,Brooke Smith,60,11,0,2026-07-09 00:11:31
2026-07-08 23:46:32,IDEA311,0101,Christina Hnatov,40,0,1,2026-07-09 00:11:31
2026-07-08 23:46:32,IDEA312,0101,Meredith Kaunitz,15,13,0,2026-07-09 00:11:32
2026-07-08 23:46:32,IDEA389,0101,Mira Azarm,5,5,0,2026-07-09 00:11:32
2026-07-08 23:46:32,IDEA459,0101,Christina Hnatov,15,12,0,2026-07-09 00:11:33
2026-07-08 23:46:32,IDEA498,0101,Mira Azarm,3,3,0,2026-07-09 00:11:33
2026-07-08 23:46:32,IDEA659,0101,Christina Hnatov,15,12,0,2026-07-09 00:11:33
2026-07-08 23:46:32,IDEA698,0101,Mira Azarm,3,3,0,2026-07-09 00:11:34
2026-07-08 23:46:32,IMDM101,0101,Mollye Bendell,30,22,0,2026-07-09 00:11:36
2026-07-08 23:46:32,IMDM101,0201,Myungin Lee,30,27,0,2026-07-09 00:11:36
2026-07-08 23:46:32,IMDM101,0301,Myungin Lee,30,26,0,2026-07-09 00:11:36
2026-07-08 23:46:32,IMDM127,0101,Roger Eastman,36,26,0,2026-07-09 00:11:36
2026-07-08 23:46:32,IMDM150,0101,Stefano Passeri,30,25,0,2026-07-09 00:11:36
2026-07-08 23:46:32,IMDM227,0101,Stevens Miller,30,13,0,2026-07-09 00:11:37
2026-07-08 23:46:32,IMDM227,0201,Stevens Miller,30,23,0,2026-07-09 00:11:37
2026-07-08 23:46:32,IMDM327,0101,Myungin Lee,25,5,0,2026-07-09 00:11:37
2026-07-08 23:46:32,IMDM350,0101,Jason Farman,29,13,0,2026-07-09 00:11:38
2026-07-08 23:46:32,IMDM490,0101,Matthew Nolan,30,0,0,2026-07-09 00:11:39
2026-07-08 23:46:32,IMDM490,0201,Matthew Nolan,30,19,0,2026-07-09 00:11:39
2026-07-08 23:46:32,IMDM498K,0101,Matthew Nolan,15,0,1,2026-07-09 00:11:39
2026-07-08 23:46:32,IMMR319D,0101,Beka Guluma,20,20,0,2026-07-09 00:11:41
2026-07-08 23:46:32,IMMR394,0101,Wenxi Yang,25,0,9,2026-07-09 00:11:42
2026-07-08 23:46:32,IMMR399,0101,Instructor: TBA,2,2,0,2026-07-09 00:11:42
2026-07-08 23:46:32,IMMR400,0101,Gerson Rosales,20,8,0,2026-07-09 00:11:43
2026-07-08 23:46:32,INAG100,0101,Kenneth Ingram,25,10,0,2026-07-09 00:11:45
2026-07-08 23:46:32,INAG102,0101,Dane Grossnickle,35,0,1,2026-07-09 00:11:45
2026-07-08 23:46:32,INAG103,0101,Meredith Epstein,45,2,0,2026-07-09 00:11:45
2026-07-08 23:46:32,INAG106,0101,Ronald Myers,30,7,0,2026-07-09 00:11:46
2026-07-08 23:46:32,INAG110,0101,Samuel Rubin,19,0,0,2026-07-09 00:11:46
2026-07-08 23:46:32,INAG110,0201,Chelsea Mays-Williams,19,7,0,2026-07-09 00:11:46
2026-07-08 23:46:32,INAG110,0301,Eric Dunning,19,5,0,2026-07-09 00:11:46
2026-07-08 23:46:32,INAG110,0401,Robert Ballenger,19,5,0,2026-07-09 00:11:46
2026-07-08 23:46:32,INAG110,0501,Chelsea Mays-Williams,19,0,0,2026-07-09 00:11:46
2026-07-08 23:46:32,INAG110,0701,Chelsea Mays-Williams,19,0,0,2026-07-09 00:11:46
2026-07-08 23:46:32,INAG110,0801,Instructor: TBA,19,0,0,2026-07-09 00:11:46
2026-07-08 23:46:32,INAG110,0901,Eric Dunning,19,0,0,2026-07-09 00:11:46
2026-07-08 23:46:32,INAG110,1001,Chelsea Mays-Williams,19,0,0,2026-07-09 00:11:46
2026-07-08 23:46:32,INAG110,1101,Robert Ballenger,19,0,1,2026-07-09 00:11:46
2026-07-08 23:46:32,INAG110,1201,Instructor: TBA,19,10,0,2026-07-09 00:11:46
2026-07-08 23:46:32,INAG110,1301,Chelsea Mays-Williams,19,0,0,2026-07-09 00:11:46
2026-07-08 23:46:32,INAG110,1401,David Gormong,19,0,0,2026-07-09 00:11:46
2026-07-08 23:46:32,INAG110,1501,David Gormong,19,0,0,2026-07-09 00:11:46
2026-07-08 23:46:32,INAG110,1601,Robert Ballenger,19,0,0,2026-07-09 00:11:46
2026-07-08 23:46:32,INAG110,1701,Instructor: TBA,19,6,0,2026-07-09 00:11:46
2026-07-08 23:46:32,INAG110,1801,David Gormong,19,0,0,2026-07-09 00:11:46
2026-07-08 23:46:32,INAG110,1901,Instructor: TBA,19,16,0,2026-07-09 00:11:46
2026-07-08 23:46:32,INAG110,2001,Robert Ballenger,19,0,0,2026-07-09 00:11:46
2026-07-08 23:46:32,INAG110,2101,Instructor: TBA,19,0,0,2026-07-09 00:11:46
2026-07-08 23:46:32,INAG110,2201,Samuel Rubin,19,0,0,2026-07-09 00:11:46
2026-07-08 23:46:32,INAG110,2301,Samuel Rubin,19,12,0,2026-07-09 00:11:46
2026-07-08 23:46:32,INAG110,2401,Lori Sefton,19,3,0,2026-07-09 00:11:46
2026-07-08 23:46:32,INAG110,2501,Eric Dunning,19,13,0,2026-07-09 00:11:46
2026-07-08 23:46:32,INAG110,2601,Amy Fisher,19,0,3,2026-07-09 00:11:46
2026-07-08 23:46:32,INAG110,2701,Eric Dunning,19,0,0,2026-07-09 00:11:46
2026-07-08 23:46:32,INAG110,2801,Lori Sefton,19,0,0,2026-07-09 00:11:46
2026-07-08 23:46:32,INAG110,2901,Lori Sefton,19,0,0,2026-07-09 00:11:46
2026-07-08 23:46:32,INAG110,3001,David Gormong,19,0,0,2026-07-09 00:11:46
2026-07-08 23:46:32,INAG110,3101,Amy Fisher,19,0,6,2026-07-09 00:11:46
2026-07-08 23:46:32,INAG110,3201,Amy Fisher,19,0,4,2026-07-09 00:11:46
2026-07-08 23:46:32,INAG110,3301,Lori Sefton,19,0,0,2026-07-09 00:11:46
2026-07-08 23:46:32,INAG110,3401,David Gormong,19,0,1,2026-07-09 00:11:46
2026-07-08 23:46:32,INAG110,3501,Lori Sefton,19,0,0,2026-07-09 00:11:46
2026-07-08 23:46:32,INAG110,3601,Amy Fisher,19,0,5,2026-07-09 00:11:46
2026-07-08 23:46:32,INAG110,3701,Samuel Rubin,19,0,2,2026-07-09 00:11:46
2026-07-08 23:46:32,INAG110,3801,Samuel Rubin,19,0,0,2026-07-09 00:11:46
2026-07-08 23:46:32,INAG110,3901,Amy Fisher,19,0,6,2026-07-09 00:11:46
2026-07-08 23:46:32,INAG110,4001,Samuel Rubin,19,0,0,2026-07-09 00:11:46
2026-07-08 23:46:32,INAG110S,0601,Robert Ballenger,19,6,0,2026-07-09 00:11:47
2026-07-08 23:46:32,INAG123,0101,Mary Christensen,20,0,0,2026-07-09 00:11:47
2026-07-08 23:46:32,INAG199,0101,Geoffrey Rinehart,10,10,0,2026-07-09 00:11:48
2026-07-08 23:46:32,INAG199,0201,Meredith Epstein,10,10,0,2026-07-09 00:11:48
2026-07-08 23:46:32,INAG199,0301,Kenneth Ingram,10,10,0,2026-07-09 00:11:48
2026-07-08 23:46:32,INAG199,0401,Dane Grossnickle,5,5,0,2026-07-09 00:11:48
2026-07-08 23:46:32,INAG199,0501,Heather McHale,10,10,0,2026-07-09 00:11:48
2026-07-08 23:46:32,INAG199,0601,Thomas Mazzone,10,10,0,2026-07-09 00:11:48
2026-07-08 23:46:32,INAG199,0701,Rebecka Tetter,5,5,0,2026-07-09 00:11:48
2026-07-08 23:46:32,INAG199,0801,Mary Christensen,5,5,0,2026-07-09 00:11:48
2026-07-08 23:46:32,INAG199C,0101,Heather McHale,10,0,0,2026-07-09 00:11:48
2026-07-08 23:46:32,INAG199D,0101,Jeff Semler,14,6,0,2026-07-09 00:11:48
2026-07-08 23:46:32,INAG199E,0101,Heather McHale,10,9,0,2026-07-09 00:11:49
2026-07-08 23:46:32,INAG203,0101,Dane Grossnickle,25,10,0,2026-07-09 00:11:49
2026-07-08 23:46:32,INAG208,0101,Geoffrey Rinehart,10,5,0,2026-07-09 00:11:50
2026-07-08 23:46:32,INAG226,0101,Geoffrey Rinehart,15,2,0,2026-07-09 00:11:50
2026-07-08 23:46:32,INAG231,0101,Geoffrey Rinehart,18,0,0,2026-07-09 00:11:50
2026-07-08 23:46:32,INAG237,0101,Instructor: TBA,8,0,2,2026-07-09 00:11:51
2026-07-08 23:46:32,INAG242,0101,Kenneth Ingram,20,0,0,2026-07-09 00:11:51
2026-07-08 23:46:32,INAG250,0201,Thomas Mazzone,15,0,1,2026-07-09 00:11:52
2026-07-08 23:46:32,INAG250,0301,Thomas Mazzone,15,0,0,2026-07-09 00:11:52
2026-07-08 23:46:32,INAG251,0101,Thomas Mazzone,25,12,0,2026-07-09 00:11:52
2026-07-08 23:46:32,INAG252,0101,Eric Dunning,20,15,0,2026-07-09 00:11:53
2026-07-08 23:46:32,INAG288,0101,Geoffrey Rinehart,5,5,0,2026-07-09 00:11:54
2026-07-08 23:46:32,INAG288,0201,Meredith Epstein,5,5,0,2026-07-09 00:11:54
2026-07-08 23:46:32,INAG288,0301,Kenneth Ingram,5,5,0,2026-07-09 00:11:54
2026-07-08 23:46:32,INAG288,0401,Dane Grossnickle,5,5,0,2026-07-09 00:11:54
2026-07-08 23:46:32,INAG288,0501,Heather McHale,5,5,0,2026-07-09 00:11:54
2026-07-08 23:46:32,INAG288,0601,Thomas Mazzone,5,5,0,2026-07-09 00:11:54
2026-07-08 23:46:32,INAG288,0701,Rebecka Tetter,5,5,0,2026-07-09 00:11:54
2026-07-08 23:46:32,INAG289,0101,Rebecka Tetter,20,0,0,2026-07-09 00:11:54
2026-07-08 23:46:32,INAG289,0102,Dane Grossnickle,20,4,0,2026-07-09 00:11:54
2026-07-08 23:46:32,INAG299B,0101,Geoffrey Rinehart,5,5,0,2026-07-09 00:11:55
2026-07-08 23:46:32,INFM600,IM01,Waqas Shah,40,9,0,2026-07-09 00:11:57
2026-07-08 23:46:32,INFM737,IM01,David Loshin,40,36,0,2026-07-09 00:11:57
2026-07-08 23:46:32,INST101,0101,Instructor: TBA,35,17,0,2026-07-09 00:12:02
2026-07-08 23:46:32,INST101,0201,Instructor: TBA,35,17,0,2026-07-09 00:12:02
2026-07-08 23:46:32,INST101,0301,Instructor: TBA,35,27,0,2026-07-09 00:12:02
2026-07-08 23:46:32,INST104,0101,Noha Elansary,80,13,0,2026-07-09 00:12:02
2026-07-08 23:46:32,INST104,0201,Samantha McDonald,80,8,0,2026-07-09 00:12:02
2026-07-08 23:46:32,INST104,0301,Ciara Fabian,80,6,0,2026-07-09 00:12:02
2026-07-08 23:46:32,INST123,0101,Nekabari Sigalo,39,25,0,2026-07-09 00:12:03
2026-07-08 23:46:32,INST123,0102,Nekabari Sigalo,39,12,0,2026-07-09 00:12:03
2026-07-08 23:46:32,INST123,0103,Nekabari Sigalo,39,13,0,2026-07-09 00:12:03
2026-07-08 23:46:32,INST126,0101,Scott Jackson,54,44,0,2026-07-09 00:12:03
2026-07-08 23:46:32,INST126,0102,Joel Chan,54,4,0,2026-07-09 00:12:03
2026-07-08 23:46:32,INST126,0201,Erik Jones,27,20,0,2026-07-09 00:12:03
2026-07-08 23:46:32,INST126,0202,Erik Jones,27,0,0,2026-07-09 00:12:03
2026-07-08 23:46:32,INST126,0301,Maria Krupenkin,27,21,0,2026-07-09 00:12:03
2026-07-08 23:46:32,INST126,0302,Maria Krupenkin,27,22,0,2026-07-09 00:12:03
2026-07-08 23:46:32,INST151,0101,Jennifer Golbeck,92,10,0,2026-07-09 00:12:03
2026-07-08 23:46:32,INST152,0101,Instructor: TBA,120,83,0,2026-07-09 00:12:04
2026-07-08 23:46:32,INST153,0101,Jason Baron,80,23,0,2026-07-09 00:12:04
2026-07-08 23:46:32,INST155,0101,Hananya Cohen,120,0,0,2026-07-09 00:12:05
2026-07-08 23:46:32,INST156,0101,Sergii Skakun,40,15,0,2026-07-09 00:12:05
2026-07-08 23:46:32,INST201,0201,Samantha McDonald,45,0,0,2026-07-09 00:12:06
2026-07-08 23:46:32,INST201,0202,Samantha McDonald,45,0,0,2026-07-09 00:12:06
2026-07-08 23:46:32,INST201,0203,Samantha McDonald,45,24,0,2026-07-09 00:12:06
2026-07-08 23:46:32,INST201,0301,Jieun Yeon,45,16,0,2026-07-09 00:12:06
2026-07-08 23:46:32,INST201,0302,Jieun Yeon,45,26,0,2026-07-09 00:12:06
2026-07-08 23:46:32,INST201,0303,Jieun Yeon,45,25,0,2026-07-09 00:12:06
2026-07-08 23:46:32,INST201,0401,Samantha McDonald,45,32,0,2026-07-09 00:12:06
2026-07-08 23:46:32,INST201,0402,Samantha McDonald,45,22,0,2026-07-09 00:12:06
2026-07-08 23:46:32,INST201,0403,Samantha McDonald,45,5,0,2026-07-09 00:12:06
2026-07-08 23:46:32,INST201,FC01,M Sauter,40,15,0,2026-07-09 00:12:06
2026-07-08 23:46:32,INST204,0101,Alia Reza,80,25,0,2026-07-09 00:12:06
2026-07-08 23:46:32,INST204S,0101,Andrew Fellows,68,17,0,2026-07-09 00:12:07
2026-07-08 23:46:32,INST210,0101,John Galliano,50,18,0,2026-07-09 00:12:07
2026-07-08 23:46:32,INST228,0126,Instructor: TBA,15,15,0,2026-07-09 00:12:07
2026-07-08 23:46:32,INST228,0201,Instructor: TBA,15,15,0,2026-07-09 00:12:07
2026-07-08 23:46:32,INST228,0314,Instructor: TBA,15,12,0,2026-07-09 00:12:07
2026-07-08 23:46:32,INST228,0327,Instructor: TBA,15,15,0,2026-07-09 00:12:07
2026-07-08 23:46:32,INST228,0346,Instructor: TBA,15,15,0,2026-07-09 00:12:07
2026-07-08 23:46:32,INST232C,0101,Beth St Jean,45,31,0,2026-07-09 00:12:08
2026-07-08 23:46:32,INST301,ESG1,Jacob Davidson,60,30,0,2026-07-09 00:12:08
2026-07-08 23:46:32,INST311,0101,Ryan O'Grady,40,3,0,2026-07-09 00:12:09
2026-07-08 23:46:32,INST311,0102,Ryan O'Grady,40,0,2,2026-07-09 00:12:09
2026-07-08 23:46:32,INST311,0103,Ryan O'Grady,40,0,5,2026-07-09 00:12:09
2026-07-08 23:46:32,INST311,0201,Galina Reitz,40,0,0,2026-07-09 00:12:09
2026-07-08 23:46:32,INST311,0202,Galina Reitz,40,0,0,2026-07-09 00:12:09
2026-07-08 23:46:32,INST311,0203,Galina Reitz,40,30,0,2026-07-09 00:12:09
2026-07-08 23:46:32,INST311,ESG1,Ramita Shrestha,60,31,0,2026-07-09 00:12:09
2026-07-08 23:46:32,INST314,0101,Sarah Lee,34,0,4,2026-07-09 00:12:10
2026-07-08 23:46:32,INST314,0102,Sarah Lee,34,0,6,2026-07-09 00:12:10
2026-07-08 23:46:32,INST314,0103,Sarah Lee,34,0,4,2026-07-09 00:12:10
2026-07-08 23:46:32,INST314,0201,Sarah Lee,34,1,0,2026-07-09 00:12:10
2026-07-08 23:46:32,INST314,0202,Sarah Lee,34,0,0,2026-07-09 00:12:10
2026-07-08 23:46:32,INST314,0203,Sarah Lee,34,14,0,2026-07-09 00:12:10
2026-07-08 23:46:32,INST314,0301,Sarah Lee,50,0,0,2026-07-09 00:12:10
2026-07-08 23:46:32,INST314,ESG1,Faisal Quader,60,28,0,2026-07-09 00:12:10
2026-07-08 23:46:32,INST326,0101,Aric Bills,67,49,0,2026-07-09 00:12:10
2026-07-08 23:46:32,INST326,0102,Aric Bills,67,14,0,2026-07-09 00:12:10
2026-07-08 23:46:32,INST326,0201,J Bern Jordan,27,1,0,2026-07-09 00:12:10
2026-07-08 23:46:32,INST326,0202,J Bern Jordan,27,0,1,2026-07-09 00:12:10
2026-07-08 23:46:32,INST326,0203,J Bern Jordan,27,0,0,2026-07-09 00:12:10
2026-07-08 23:46:32,INST326,0401,Matthew Patrick,27,0,0,2026-07-09 00:12:10
2026-07-08 23:46:32,INST326,0402,Matthew Patrick,27,4,0,2026-07-09 00:12:10
2026-07-08 23:46:32,INST326,0403,Matthew Patrick,27,15,0,2026-07-09 00:12:10
2026-07-08 23:46:32,INST326,ESG1,Instructor: TBA,60,31,0,2026-07-09 00:12:10
2026-07-08 23:46:32,INST327,0101,Pamela Duffy,40,29,0,2026-07-09 00:12:10
2026-07-08 23:46:32,INST327,0102,Pamela Duffy,40,31,0,2026-07-09 00:12:10
2026-07-08 23:46:32,INST327,0103,Pamela Duffy,40,1,0,2026-07-09 00:12:10
2026-07-08 23:46:32,INST327,0201,Nicholas DeWitt,40,0,0,2026-07-09 00:12:10
2026-07-08 23:46:32,INST327,0202,Nicholas DeWitt,40,9,0,2026-07-09 00:12:10
2026-07-08 23:46:32,INST327,0203,Nicholas DeWitt,40,26,0,2026-07-09 00:12:10
2026-07-08 23:46:32,INST327,0301,Nicholas DeWitt,40,25,0,2026-07-09 00:12:10
2026-07-08 23:46:32,INST327,0302,Nicholas DeWitt,40,0,1,2026-07-09 00:12:10
2026-07-08 23:46:32,INST327,0303,Nicholas DeWitt,40,0,1,2026-07-09 00:12:10
2026-07-08 23:46:32,INST330,0101,Dennis Frezzo,28,7,0,2026-07-09 00:12:11
2026-07-08 23:46:32,INST335,0101,Susannah Paletz,27,23,0,2026-07-09 00:12:11
2026-07-08 23:46:32,INST335,0102,Susannah Paletz,27,10,0,2026-07-09 00:12:11
2026-07-08 23:46:32,INST335,0103,Susannah Paletz,27,0,4,2026-07-09 00:12:11
2026-07-08 23:46:32,INST335,0104,Susannah Paletz,27,0,5,2026-07-09 00:12:11
2026-07-08 23:46:32,INST335,0201,Francesca Polito,27,7,0,2026-07-09 00:12:11
2026-07-08 23:46:32,INST335,0202,Francesca Polito,27,0,1,2026-07-09 00:12:11
2026-07-08 23:46:32,INST335,0203,Francesca Polito,27,0,0,2026-07-09 00:12:11
2026-07-08 23:46:32,INST335,0204,Francesca Polito,27,0,1,2026-07-09 00:12:11
2026-07-08 23:46:32,INST335,0301,Tatyana Yevgrafova,27,21,0,2026-07-09 00:12:11
2026-07-08 23:46:32,INST335,0302,Tatyana Yevgrafova,27,19,0,2026-07-09 00:12:11
2026-07-08 23:46:32,INST335,0303,Tatyana Yevgrafova,27,21,0,2026-07-09 00:12:11
2026-07-08 23:46:32,INST335,0304,Tatyana Yevgrafova,27,22,0,2026-07-09 00:12:11
2026-07-08 23:46:32,INST335,ESG1,Francesca Polito,60,32,0,2026-07-09 00:12:11
2026-07-08 23:46:32,INST341,0101,Dina Herbert,49,0,3,2026-07-09 00:12:12
2026-07-08 23:46:32,INST346,0101,Dennis Frezzo,40,5,0,2026-07-09 00:12:12
2026-07-08 23:46:32,INST346,0102,Dennis Frezzo,40,0,1,2026-07-09 00:12:12
2026-07-08 23:46:32,INST346,0103,Dennis Frezzo,40,0,3,2026-07-09 00:12:12
2026-07-08 23:46:32,INST346,0201,Elizabeth Bonsignore,40,0,0,2026-07-09 00:12:12
2026-07-08 23:46:32,INST346,0202,Elizabeth Bonsignore,40,19,0,2026-07-09 00:12:12
2026-07-08 23:46:32,INST346,0203,Elizabeth Bonsignore,40,25,0,2026-07-09 00:12:12
2026-07-08 23:46:32,INST346,0301,Dennis Frezzo,40,3,0,2026-07-09 00:12:12
2026-07-08 23:46:32,INST346,0302,Dennis Frezzo,40,0,6,2026-07-09 00:12:12
2026-07-08 23:46:32,INST346,0303,Dennis Frezzo,40,0,11,2026-07-09 00:12:12
2026-07-08 23:46:32,INST346,ESG1,Instructor: TBA,25,12,0,2026-07-09 00:12:12
2026-07-08 23:46:32,INST346,ESG2,Instructor: TBA,25,0,1,2026-07-09 00:12:12
2026-07-08 23:46:32,INST347,0101,Danyil Butkovskyi,50,0,5,2026-07-09 00:12:13
2026-07-08 23:46:32,INST352,0101,Instructor: TBA,40,3,0,2026-07-09 00:12:13
2026-07-08 23:46:32,INST352,0102,Instructor: TBA,40,0,4,2026-07-09 00:12:13
2026-07-08 23:46:32,INST352,0103,Instructor: TBA,40,0,4,2026-07-09 00:12:13
2026-07-08 23:46:32,INST352,0104,Instructor: TBA,40,0,6,2026-07-09 00:12:13
2026-07-08 23:46:32,INST352,0201,Nicole Miller,38,0,2,2026-07-09 00:12:13
2026-07-08 23:46:32,INST352,0202,Nicole Miller,38,0,0,2026-07-09 00:12:13
2026-07-08 23:46:32,INST352,0203,Nicole Miller,38,22,0,2026-07-09 00:12:13
2026-07-08 23:46:32,INST352,0204,Nicole Miller,38,36,0,2026-07-09 00:12:13
2026-07-08 23:46:32,INST352,0301,Jane Behre,37,26,0,2026-07-09 00:12:13
2026-07-08 23:46:32,INST352,0302,Jane Behre,37,26,0,2026-07-09 00:12:13
2026-07-08 23:46:32,INST352,0303,Jane Behre,37,32,0,2026-07-09 00:12:13
2026-07-08 23:46:32,INST354,0101,Kathy Weaver,100,0,2,2026-07-09 00:12:14
2026-07-08 23:46:32,INST354,0102,Christopher Antoun,100,0,3,2026-07-09 00:12:14
2026-07-08 23:46:32,INST362,0101,Heera Lee,40,34,0,2026-07-09 00:12:15
2026-07-08 23:46:32,INST362,0102,Heera Lee,40,30,0,2026-07-09 00:12:15
2026-07-08 23:46:32,INST362,0103,Heera Lee,40,11,0,2026-07-09 00:12:15
2026-07-08 23:46:32,INST362,0104,Heera Lee,40,0,0,2026-07-09 00:12:15
2026-07-08 23:46:32,INST362,0201,Wesley Lewis,40,0,9,2026-07-09 00:12:15
2026-07-08 23:46:32,INST362,0202,Wesley Lewis,40,0,4,2026-07-09 00:12:15
2026-07-08 23:46:32,INST362,0203,Wesley Lewis,40,0,2,2026-07-09 00:12:15
2026-07-08 23:46:32,INST362,0204,Wesley Lewis,40,0,0,2026-07-09 00:12:15
2026-07-08 23:46:32,INST362,0301,Vera Rhoads,40,0,1,2026-07-09 00:12:15
2026-07-08 23:46:32,INST362,0302,Vera Rhoads,40,20,0,2026-07-09 00:12:15
2026-07-08 23:46:32,INST362,0303,Vera Rhoads,40,30,0,2026-07-09 00:12:15
2026-07-08 23:46:32,INST362,0304,Vera Rhoads,40,30,0,2026-07-09 00:12:15
2026-07-08 23:46:32,INST363,ESG1,LaRia Conley,60,41,0,2026-07-09 00:12:15
2026-07-08 23:46:32,INST364,0101,Susan Campbell,75,3,0,2026-07-09 00:12:16
2026-07-08 23:46:32,INST364,0102,Padric Mylod,50,0,20,2026-07-09 00:12:16
2026-07-08 23:46:32,INST364,ESG1,Padric Mylod,60,25,0,2026-07-09 00:12:16
2026-07-08 23:46:32,INST366,0101,Jwan Al Faili,75,19,0,2026-07-09 00:12:16
2026-07-08 23:46:32,INST366,0102,Jwan Al Faili,75,0,0,2026-07-09 00:12:16
2026-07-08 23:46:32,INST366,0103,Amir Ghaemi,75,42,0,2026-07-09 00:12:16
2026-07-08 23:46:32,INST367,0101,Stephanie Valencia Valencia,35,3,0,2026-07-09 00:12:16
2026-07-08 23:46:32,INST372,0101,Angela Boley,60,57,0,2026-07-09 00:12:17
2026-07-08 23:46:32,INST377,0101,Anmol Dash,35,19,0,2026-07-09 00:12:17
2026-07-08 23:46:32,INST377,0102,Anmol Dash,35,0,1,2026-07-09 00:12:17
2026-07-08 23:46:32,INST377,0103,Anmol Dash,35,0,3,2026-07-09 00:12:17
2026-07-08 23:46:32,INST377,0201,Anmol Dash,35,23,0,2026-07-09 00:12:17
2026-07-08 23:46:32,INST377,0202,Anmol Dash,35,0,1,2026-07-09 00:12:17
2026-07-08 23:46:32,INST377,0203,Anmol Dash,35,0,0,2026-07-09 00:12:17
2026-07-08 23:46:32,INST377,ESG1,Timothy Suh,40,19,0,2026-07-09 00:12:17
2026-07-08 23:46:32,INST380,0101,Elizabeth Bonsignore,50,29,0,2026-07-09 00:12:18
2026-07-08 23:46:32,INST381,0101,Galina Reitz,25,12,0,2026-07-09 00:12:18
2026-07-08 23:46:32,INST388E,0101,Pamela Duffy,25,16,0,2026-07-09 00:12:19
2026-07-08 23:46:32,INST388L,0101,Brian Gillikin,20,19,0,2026-07-09 00:12:19
2026-07-08 23:46:32,INST388Q,0101,Pamela Duffy,25,17,0,2026-07-09 00:12:21
2026-07-08 23:46:32,INST388R,0101,Pamela Duffy,25,24,0,2026-07-09 00:12:23
2026-07-08 23:46:32,INST388U,0101,Brian Gillikin,20,15,0,2026-07-09 00:12:23
2026-07-08 23:46:32,INST398K,0101,Susannah Paletz,40,29,0,2026-07-09 00:12:24
2026-07-08 23:46:32,INST398N,0101,Angel Jones,40,0,0,2026-07-09 00:12:24
2026-07-08 23:46:32,INST402,0101,Elia Shahbazi,40,11,0,2026-07-09 00:12:25
2026-07-08 23:46:32,INST406,0101,Elia Shahbazi,40,3,0,2026-07-09 00:12:25
2026-07-08 23:46:32,INST407,ESG1,Brian Gillikin,60,43,0,2026-07-09 00:12:25
2026-07-08 23:46:32,INST408B,0101,Heera Lee,30,27,0,2026-07-09 00:12:26
2026-07-08 23:46:32,INST408C,0101,Leveque Levec,28,12,0,2026-07-09 00:12:26
2026-07-08 23:46:32,INST408C,0102,Leveque Levec,28,5,0,2026-07-09 00:12:26
2026-07-08 23:46:32,INST408G,0101,Eun Kyoung Choe,30,26,0,2026-07-09 00:12:27
2026-07-08 23:46:32,INST408I,0101,Mustafa Sikder,50,0,9,2026-07-09 00:12:27
2026-07-08 23:46:32,INST408I,ESG1,William Farmer,60,59,0,2026-07-09 00:12:27
2026-07-08 23:46:32,INST408V,0101,Alex Leitch,30,0,2,2026-07-09 00:12:28
2026-07-08 23:46:32,INST408Z,0101,Kari Kraus,25,9,0,2026-07-09 00:12:28
2026-07-08 23:46:32,INST410,0101,Pamela Duffy,60,0,3,2026-07-09 00:12:28
2026-07-08 23:46:32,INST414,0101,Cody Buntain,40,26,0,2026-07-09 00:12:29
2026-07-08 23:46:32,INST414,0102,Cody Buntain,40,0,1,2026-07-09 00:12:29
2026-07-08 23:46:32,INST414,0201,Maria Krupenkin,34,15,0,2026-07-09 00:12:29
2026-07-08 23:46:32,INST414,0202,Maria Krupenkin,34,0,4,2026-07-09 00:12:29
2026-07-08 23:46:32,INST414,0301,Naeemul Hassan,40,27,0,2026-07-09 00:12:29
2026-07-08 23:46:32,INST420,0101,Nekabari Sigalo,20,0,1,2026-07-09 00:12:29
2026-07-08 23:46:32,INST420,0102,Nekabari Sigalo,18,15,0,2026-07-09 00:12:29
2026-07-08 23:46:32,INST423,0101,Vanessa Frias Martinez,10,8,0,2026-07-09 00:12:30
2026-07-08 23:46:32,INST424,0101,Mega Subramaniam,25,13,0,2026-07-09 00:12:30
2026-07-08 23:46:32,INST425,0101,Julia Mendelsohn,30,26,0,2026-07-09 00:12:30
2026-07-08 23:46:32,INST427,0101,Pamela Duffy,40,16,0,2026-07-09 00:12:31
2026-07-08 23:46:32,INST437,0101,Stacy Surla,40,0,5,2026-07-09 00:12:31
2026-07-08 23:46:32,INST441,0101,Instructor: TBA,60,19,0,2026-07-09 00:12:32
2026-07-08 23:46:32,INST442,0101,Amanda Sorensen,50,31,0,2026-07-09 00:12:35
2026-07-08 23:46:32,INST446,0101,Dennis Frezzo,28,0,4,2026-07-09 00:12:36
2026-07-08 23:46:32,INST447,0101,Wei Ai,40,0,1,2026-07-09 00:12:36
2026-07-08 23:46:32,INST447,0102,Wei Ai,40,30,0,2026-07-09 00:12:36
2026-07-08 23:46:32,INST447,0103,Wei Ai,40,28,0,2026-07-09 00:12:36
2026-07-08 23:46:32,INST447,0201,Matthew Patrick,40,0,0,2026-07-09 00:12:36
2026-07-08 23:46:32,INST447,0202,Matthew Patrick,40,27,0,2026-07-09 00:12:36
2026-07-08 23:46:32,INST447,0203,Matthew Patrick,40,36,0,2026-07-09 00:12:36
2026-07-08 23:46:32,INST451,0101,Miranda Downey,55,38,0,2026-07-09 00:12:36
2026-07-08 23:46:32,INST453,ESG2,Mohammad Hanaee,60,42,0,2026-07-09 00:12:37
2026-07-08 23:46:32,INST454,0101,Wesley Lewis,40,7,0,2026-07-09 00:12:37
2026-07-08 23:46:32,INST455,ESG1,Michael Prakhye,60,7,0,2026-07-09 00:12:38
2026-07-08 23:46:32,INST461,ESG1,Arjav Shah,60,8,0,2026-07-09 00:12:38
2026-07-08 23:46:32,INST462,0101,Jesse Klein,100,0,2,2026-07-09 00:12:39
2026-07-08 23:46:32,INST462,0201,Scott Jackson,40,24,0,2026-07-09 00:12:39
2026-07-08 23:46:32,INST462,0202,Scott Jackson,40,23,0,2026-07-09 00:12:39
2026-07-08 23:46:32,INST462,0203,Scott Jackson,40,32,0,2026-07-09 00:12:39
2026-07-08 23:46:32,INST462H,0101,Jesse Klein,20,17,0,2026-07-09 00:12:39
2026-07-08 23:46:32,INST463,ESG1,Ryan Elza,60,56,0,2026-07-09 00:12:39
2026-07-08 23:46:32,INST464,0101,Faisal Quader,50,0,6,2026-07-09 00:12:40
2026-07-08 23:46:32,INST466,0101,Alia Reza,75,33,0,2026-07-09 00:12:40
2026-07-08 23:46:32,INST466,0102,Irene Pasquetto,75,0,1,2026-07-09 00:12:40
2026-07-08 23:46:32,INST466,0103,Irene Pasquetto,75,46,0,2026-07-09 00:12:40
2026-07-08 23:46:32,INST480,0101,Katie Shilton,50,43,0,2026-07-09 00:12:41
2026-07-08 23:46:32,INST490,0101,TJ Rainsford,50,15,0,2026-07-09 00:12:41
2026-07-08 23:46:32,INST490,0103,Mary Ann Francis,40,0,3,2026-07-09 00:12:41
2026-07-08 23:46:32,INST490,0104,TJ Rainsford,50,13,0,2026-07-09 00:12:41
2026-07-08 23:46:32,INST490,0106,Jesse Klein,50,0,10,2026-07-09 00:12:41
2026-07-08 23:46:32,INST490,0107,Connie Siebold,40,0,4,2026-07-09 00:12:41
2026-07-08 23:46:32,INST490,0110,Patrick Thornton,50,36,0,2026-07-09 00:12:41
2026-07-08 23:46:32,INST491,0101,TJ Rainsford,50,15,0,2026-07-09 00:12:42
2026-07-08 23:46:32,INST491,0103,Mary Ann Francis,40,0,3,2026-07-09 00:12:42
2026-07-08 23:46:32,INST491,0104,TJ Rainsford,50,13,0,2026-07-09 00:12:42
2026-07-08 23:46:32,INST491,0106,Jesse Klein,50,0,10,2026-07-09 00:12:42
2026-07-08 23:46:32,INST491,0107,Connie Siebold,40,0,4,2026-07-09 00:12:42
2026-07-08 23:46:32,INST491,0110,Patrick Thornton,50,36,0,2026-07-09 00:12:42
2026-07-08 23:46:32,INST600,IM01,Victoria Van Hyning,40,0,0,2026-07-09 00:12:42
2026-07-08 23:46:32,INST600,IM02,Ryan O'Grady,40,0,0,2026-07-09 00:12:42
2026-07-08 23:46:32,INST600,IM03,Ursula Gorham-Oscilowski,40,28,0,2026-07-09 00:12:42
2026-07-08 23:46:32,INST604,IM01,Paul Bazile,40,0,2,2026-07-09 00:12:42
2026-07-08 23:46:32,INST604,IM02,Melissa Wertheimer,25,0,1,2026-07-09 00:12:42
2026-07-08 23:46:32,INST607,IM01,Jason Baron,30,16,0,2026-07-09 00:12:43
2026-07-08 23:46:32,INST608C,IM01,Richard Marciano,30,24,0,2026-07-09 00:12:43
2026-07-08 23:46:32,INST608E,IM01,Heera Lee,20,19,0,2026-07-09 00:12:44
2026-07-08 23:46:32,INST608Q,IM01,Miranda Downey,10,4,0,2026-07-09 00:12:44
2026-07-08 23:46:32,INST610,IM01,Paul Bazile,30,14,0,2026-07-09 00:12:45
2026-07-08 23:46:32,INST613,IM01,Paul Jaeger,30,13,0,2026-07-09 00:12:45
2026-07-08 23:46:32,INST615,IM01,Laura Moorer,30,25,0,2026-07-09 00:12:45
2026-07-08 23:46:32,INST620,IM01,Renee Hill,30,2,0,2026-07-09 00:12:46
2026-07-08 23:46:32,INST623,IM01,Vanessa Frias Martinez,10,10,0,2026-07-09 00:12:46
2026-07-08 23:46:32,INST624,IM01,Scott Jackson,40,33,0,2026-07-09 00:12:47
2026-07-08 23:46:32,INST627,IM01,Christopher Antoun,40,21,0,2026-07-09 00:12:47
2026-07-08 23:46:32,INST630,IM01,Alex Leitch,30,4,0,2026-07-09 00:12:48
2026-07-08 23:46:32,INST630,IM02,David Patrick,30,0,2,2026-07-09 00:12:48
2026-07-08 23:46:32,INST631,IM01,Joel Chan,30,0,5,2026-07-09 00:12:48
2026-07-08 23:46:32,INST631,IM02,Rohit Mallick,30,5,0,2026-07-09 00:12:48
2026-07-08 23:46:32,INST631,IM03,Instructor: TBA,30,20,0,2026-07-09 00:12:48
2026-07-08 23:46:32,INST639U,IM01,Michelle Shableski,25,23,0,2026-07-09 00:12:48
2026-07-08 23:46:32,INST643,IM01,Lesley Langa,25,1,0,2026-07-09 00:12:49
2026-07-08 23:46:32,INST650,IM01,Kevin Washburn,30,14,0,2026-07-09 00:12:49
2026-07-08 23:46:32,INST651,IM01,Francesca Polito,30,4,0,2026-07-09 00:12:50
2026-07-08 23:46:32,INST653,0201,Lesley Langa,30,20,0,2026-07-09 00:12:50
2026-07-08 23:46:32,INST700,IM01,Stacy Surla,20,12,0,2026-07-09 00:12:50
2026-07-08 23:46:32,INST704,IM01,Hernisa Kacorri,30,0,0,2026-07-09 00:12:51
2026-07-08 23:46:32,INST710,IM01,Heera Lee,40,0,0,2026-07-09 00:12:52
2026-07-08 23:46:32,INST711,IM01,Alex Leitch,25,17,0,2026-07-09 00:12:52
2026-07-08 23:46:32,INST711,IM02,Instructor: TBA,25,20,0,2026-07-09 00:12:52
2026-07-08 23:46:32,INST713,0101,Daniel Greene,20,11,0,2026-07-09 00:12:53
2026-07-08 23:46:32,INST728A,IM01,Jonathan Lazar,30,25,0,2026-07-09 00:12:53
2026-07-08 23:46:32,INST728F,IM01,Tom Brinck,30,22,0,2026-07-09 00:12:53
2026-07-08 23:46:32,INST735,0101,Mohit Iyyer,38,0,5,2026-07-09 00:12:54
2026-07-08 23:46:32,INST752,IM01,Patricia Bunnell,40,35,0,2026-07-09 00:12:54
2026-07-08 23:46:32,INST753,IM01,David Patrick,30,18,0,2026-07-09 00:12:55
2026-07-08 23:46:32,INST756,IM01,Waqas Shah,30,16,0,2026-07-09 00:12:55
2026-07-08 23:46:32,INST760,IM01,Keke Wu,30,19,0,2026-07-09 00:12:56
2026-07-08 23:46:32,INST762,IM01,Zubin Jelveh,30,17,0,2026-07-09 00:12:56
2026-07-08 23:46:32,INST767,IM01,Zach Drake,30,19,0,2026-07-09 00:12:56
2026-07-08 23:46:32,INST771,IM01,Leveque Levec,25,10,0,2026-07-09 00:12:57
2026-07-08 23:46:32,INST774,IM01,Susan Campbell,25,16,0,2026-07-09 00:12:57
2026-07-08 23:46:32,INST775,IM01,Stacy Surla,25,0,1,2026-07-09 00:12:58
2026-07-08 23:46:32,INST775,IM02,Galina Reitz,25,4,0,2026-07-09 00:12:58
2026-07-08 23:46:32,INST779,0101,Eun Kyoung Choe,10,7,0,2026-07-09 00:12:58
2026-07-08 23:46:32,INST782,IM01,Jordon Steele,30,14,0,2026-07-09 00:12:59
2026-07-08 23:46:32,INST784,IM01,Chad Doran,30,10,0,2026-07-09 00:12:59
2026-07-08 23:46:32,INST787,0101,Henry Gregory,12,8,0,2026-07-09 00:12:59
2026-07-08 23:46:32,INST798,IM01,Keke Wu,10,1,0,2026-07-09 00:13:00
2026-07-08 23:46:32,INST798,IM02,Giovanni Luca Ciampaglia,10,9,0,2026-07-09 00:13:00
2026-07-08 23:46:32,INST800,0101,Vedat Diker,16,2,0,2026-07-09 00:13:01
2026-07-08 23:46:32,INST801,0101,Yiwei Xu,15,1,0,2026-07-09 00:13:01
2026-07-08 23:46:32,INST808,IM01,Keke Wu,10,4,0,2026-07-09 00:13:02
2026-07-08 23:46:32,INST808,IM02,Giovanni Luca Ciampaglia,10,2,0,2026-07-09 00:13:02
2026-07-08 23:46:32,INST820,0101,Paul Jaeger,30,23,0,2026-07-09 00:13:03
2026-07-08 23:46:32,INST821,0101,Beth St Jean,30,22,0,2026-07-09 00:13:04
2026-07-08 23:46:32,INST828,0101,Eun Kyoung Choe,10,7,0,2026-07-09 00:13:04
2026-07-08 23:46:32,INST832,IM01,Paul Jaeger,30,13,0,2026-07-09 00:13:05
2026-07-08 23:46:32,INST878,0101,Daniel Greene,20,11,0,2026-07-09 00:13:05
2026-07-08 23:46:32,ISRL249J,0101,Aner Tal,30,26,0,2026-07-09 00:13:08
2026-07-08 23:46:32,ISRL249M,0101,Aliza Sandalon,15,0,0,2026-07-09 00:13:08
2026-07-08 23:46:32,ISRL283,0101,Shay Hazkani,35,17,0,2026-07-09 00:13:09
2026-07-08 23:46:32,ISRL349G,0101,Marwa Maziad,30,5,0,2026-07-09 00:13:09
2026-07-08 23:46:32,ISRL349K,0101,Instructor: TBA,30,30,0,2026-07-09 00:13:09
2026-07-08 23:46:32,ISRL349T,0101,Elli Lieberman,35,20,0,2026-07-09 00:13:10
2026-07-08 23:46:32,ISRL349Y,0101,Adina Friedman,35,27,0,2026-07-09 00:13:10
2026-07-08 23:46:32,ISRL372,0101,Shirelle Doughty,40,38,0,2026-07-09 00:13:11
2026-07-08 23:46:32,ISRL382,0101,Ilai Saltzman,35,0,2,2026-07-09 00:13:11
2026-07-08 23:46:32,ISRL448R,0101,Morad Elsana,25,15,0,2026-07-09 00:13:12
2026-07-08 23:46:32,ITAL103,0101,Instructor: TBA,18,15,0,2026-07-09 00:13:14
2026-07-08 23:46:32,ITAL103,0201,Instructor: TBA,18,12,0,2026-07-09 00:13:14
2026-07-08 23:46:32,ITAL103,0301,Joseph Falvo,18,7,0,2026-07-09 00:13:14
2026-07-08 23:46:32,ITAL203,0101,Instructor: TBA,18,13,0,2026-07-09 00:13:14
2026-07-08 23:46:32,ITAL203,0201,Instructor: TBA,18,13,0,2026-07-09 00:13:14
2026-07-08 23:46:32,ITAL204,0101,Federica Soddu,18,17,0,2026-07-09 00:13:15
2026-07-08 23:46:32,ITAL207,0101,Mirella Vaglio,18,17,0,2026-07-09 00:13:15
2026-07-08 23:46:32,ITAL301,0101,Federica Soddu,20,10,0,2026-07-09 00:13:15
2026-07-08 23:46:32,ITAL362,0101,Federica Soddu,20,9,0,2026-07-09 00:13:16
2026-07-08 23:46:32,ITAL401,0101,Mirella Vaglio,15,13,0,2026-07-09 00:13:17
2026-07-08 23:46:32,ITAL421,0101,Joseph Falvo,25,17,0,2026-07-09 00:13:18
2026-07-08 23:46:32,ITAL478R,0101,Joseph Falvo,5,3,0,2026-07-09 00:13:18
2026-07-08 23:46:32,JAPN101,0101,Kumiko Akikawa,12,2,0,2026-07-09 00:13:20
2026-07-08 23:46:32,JAPN101,0201,Kumiko Akikawa,12,5,0,2026-07-09 00:13:20
2026-07-08 23:46:32,JAPN101,0301,Kumiko Akikawa,12,7,0,2026-07-09 00:13:20
2026-07-08 23:46:32,JAPN201,0101,Makiko Inoue,15,7,0,2026-07-09 00:13:21
2026-07-08 23:46:32,JAPN201,0201,Makiko Inoue,15,5,0,2026-07-09 00:13:21
2026-07-08 23:46:32,JAPN301,0101,Mari Hamada,15,10,0,2026-07-09 00:13:21
2026-07-08 23:46:32,JAPN311,0101,Jyana Browne,15,12,0,2026-07-09 00:13:22
2026-07-08 23:46:32,JAPN315,0101,Michele Mason,20,0,1,2026-07-09 00:13:22
2026-07-08 23:46:32,JAPN320,0101,Lindsay Yotsukura,15,10,0,2026-07-09 00:13:22
2026-07-08 23:46:32,JAPN498B,0101,Jyana Browne,20,6,0,2026-07-09 00:13:23
2026-07-08 23:46:32,JOUR130,0201,George Lanum,22,0,2,2026-07-09 00:13:26
2026-07-08 23:46:32,JOUR130,FC02,Daria Davydova,18,1,0,2026-07-09 00:13:26
2026-07-08 23:46:32,JOUR130,FC03,Mark Gray,18,0,1,2026-07-09 00:13:26
2026-07-08 23:46:32,JOUR130,FC05,Mark Gray,18,0,1,2026-07-09 00:13:26
2026-07-08 23:46:32,JOUR130,FC06,Sara Browning,18,0,1,2026-07-09 00:13:26
2026-07-08 23:46:32,JOUR130,FC07,Sharon O'Malley,18,0,1,2026-07-09 00:13:26
2026-07-08 23:46:32,JOUR150,0101,Mohammed Ademo,24,4,0,2026-07-09 00:13:26
2026-07-08 23:46:32,JOUR150,0201,Sally Farhat,24,7,0,2026-07-09 00:13:26
2026-07-08 23:46:32,JOUR150,0301,Sally Farhat,24,5,0,2026-07-09 00:13:26
2026-07-08 23:46:32,JOUR150,0401,Denitsa Yotova,24,4,0,2026-07-09 00:13:26
2026-07-08 23:46:32,JOUR150,0701,Denitsa Yotova,24,6,0,2026-07-09 00:13:26
2026-07-08 23:46:32,JOUR152,0201,Naeemul Hassan,100,76,0,2026-07-09 00:13:27
2026-07-08 23:46:32,JOUR175,0101,Nino Mtchedlishvili,28,1,0,2026-07-09 00:13:27
2026-07-08 23:46:32,JOUR175,0201,Yara Mabrouk,28,5,0,2026-07-09 00:13:27
2026-07-08 23:46:32,JOUR175,0301,Teona Goderdzishvili,28,6,0,2026-07-09 00:13:27
2026-07-08 23:46:32,JOUR181,0101,Justin Thompson,170,104,0,2026-07-09 00:13:28
2026-07-08 23:46:32,JOUR181,FCW1,Justin Thompson,18,13,0,2026-07-09 00:13:28
2026-07-08 23:46:32,JOUR199,0101,Karen Denny,40,40,0,2026-07-09 00:13:28
2026-07-08 23:46:32,JOUR200,0301,Michael Sessa,30,7,0,2026-07-09 00:13:28
2026-07-08 23:46:32,JOUR200,0401,Sharon O'Malley,30,24,0,2026-07-09 00:13:28
2026-07-08 23:46:32,JOUR200,0501,Christoph Mergerson,30,4,0,2026-07-09 00:13:28
2026-07-08 23:46:32,JOUR200,0601,Christoph Mergerson,30,12,0,2026-07-09 00:13:28
2026-07-08 23:46:32,JOUR200,FC01,Carole Lee,30,25,0,2026-07-09 00:13:28
2026-07-08 23:46:32,JOUR201,0101,Darcy Costello,18,6,0,2026-07-09 00:13:29
2026-07-08 23:46:32,JOUR201,0501,Holly Morris,18,12,0,2026-07-09 00:13:29
2026-07-08 23:46:32,JOUR202,0201,Instructor: TBA,18,3,0,2026-07-09 00:13:29
2026-07-08 23:46:32,JOUR282,0201,Wei-Ping Li,28,0,0,2026-07-09 00:13:30
2026-07-08 23:46:32,JOUR283,0101,Christopher Hanson,24,4,0,2026-07-09 00:13:30
2026-07-08 23:46:32,JOUR284,0101,Mark Feldstein,48,4,0,2026-07-09 00:13:31
2026-07-08 23:46:32,JOUR289I,0101,Ronald Yaros,56,12,0,2026-07-09 00:13:31
2026-07-08 23:46:32,JOUR320,0101,Jerry Zremski,18,0,2,2026-07-09 00:13:31
2026-07-08 23:46:32,JOUR320,0201,David Lightman,18,0,0,2026-07-09 00:13:31
2026-07-08 23:46:32,JOUR320,0401,David Lightman,18,0,2,2026-07-09 00:13:31
2026-07-08 23:46:32,JOUR320,0501,Abbie Bennett,18,0,2,2026-07-09 00:13:31
2026-07-08 23:46:32,JOUR320,0601,Clarence Williams,18,11,0,2026-07-09 00:13:31
2026-07-08 23:46:32,JOUR325,0101,Christi Parsons,9,9,0,2026-07-09 00:13:32
2026-07-08 23:46:32,JOUR325,0201,Deborah Berry,9,9,0,2026-07-09 00:13:32
2026-07-08 23:46:32,JOUR325,0301,Adam Marton,9,9,0,2026-07-09 00:13:32
2026-07-08 23:46:32,JOUR325,0401,Stacey Decker,9,9,0,2026-07-09 00:13:32
2026-07-08 23:46:32,JOUR328G,0101,Mark Hyman,11,1,0,2026-07-09 00:13:32
2026-07-08 23:46:32,JOUR328I,0101,Andrea Koppel,40,33,0,2026-07-09 00:13:33
2026-07-08 23:46:32,JOUR328P,0101,Jerry Zremski,7,2,0,2026-07-09 00:13:33
2026-07-08 23:46:32,JOUR334,0101,Robert Little,6,4,0,2026-07-09 00:13:34
2026-07-08 23:46:32,JOUR347,0101,Kimberly Fleming,11,0,0,2026-07-09 00:13:34
2026-07-08 23:46:32,JOUR347,0201,Alanna Kopania,7,0,4,2026-07-09 00:13:34
2026-07-08 23:46:32,JOUR347,0301,Bridget McGeady,12,1,0,2026-07-09 00:13:34
2026-07-08 23:46:32,JOUR352,0201,Emma Harris,16,4,0,2026-07-09 00:13:34
2026-07-08 23:46:32,JOUR352,0301,Kalani Gordon,18,6,0,2026-07-09 00:13:34
2026-07-08 23:46:32,JOUR352,0401,Adam Marton,12,0,0,2026-07-09 00:13:34
2026-07-08 23:46:32,JOUR352,0501,Gagan Nirula,17,9,0,2026-07-09 00:13:34
2026-07-08 23:46:32,JOUR353,0201,Deborah Berry,7,2,0,2026-07-09 00:13:35
2026-07-08 23:46:32,JOUR353,0301,Christi Parsons,7,1,0,2026-07-09 00:13:35
2026-07-08 23:46:32,JOUR353,0401,Deborah Nelson,9,2,0,2026-07-09 00:13:35
2026-07-08 23:46:32,JOUR355,0101,Adam Marton,10,9,0,2026-07-09 00:13:35
2026-07-08 23:46:32,JOUR355,0201,Stacey Decker,10,5,0,2026-07-09 00:13:35
2026-07-08 23:46:32,JOUR355,0501,Christi Parsons,1,1,0,2026-07-09 00:13:35
2026-07-08 23:46:32,JOUR355,0601,Deborah Nelson,4,3,0,2026-07-09 00:13:35
2026-07-08 23:46:32,JOUR357,0101,Melvin Coffee,7,5,0,2026-07-09 00:13:36
2026-07-08 23:46:32,JOUR360,0201,Robyne McCullough,12,7,0,2026-07-09 00:13:36
2026-07-08 23:46:32,JOUR360,0401,Liz Feldman,18,7,0,2026-07-09 00:13:36
2026-07-08 23:46:32,JOUR361,0301,Joshua Davidsburg,11,5,0,2026-07-09 00:13:36
2026-07-08 23:46:32,JOUR362,0102,Cindy Wright,3,0,0,2026-07-09 00:13:37
2026-07-08 23:46:32,JOUR362,0104,Cindy Wright,3,1,0,2026-07-09 00:13:37
2026-07-08 23:46:32,JOUR367,0101,Melvin Coffee,15,10,0,2026-07-09 00:13:37
2026-07-08 23:46:32,JOUR368A,0101,Alexander Flum,10,4,0,2026-07-09 00:13:38
2026-07-08 23:46:32,JOUR368B,0101,Krishnan Vasudevan,6,3,0,2026-07-09 00:13:38
2026-07-08 23:46:32,JOUR368E,0101,Nathaniel Stevens,10,7,0,2026-07-09 00:13:39
2026-07-08 23:46:32,JOUR368K,0101,Joshua Davidsburg,6,0,0,2026-07-09 00:13:39
2026-07-08 23:46:32,JOUR368O,0101,Nathaniel Stevens,8,0,0,2026-07-09 00:13:39
2026-07-08 23:46:32,JOUR368R,0101,Joshua Davidsburg,6,3,0,2026-07-09 00:13:40
2026-07-08 23:46:32,JOUR368T,0101,Alanna Kopania,10,0,0,2026-07-09 00:13:40
2026-07-08 23:46:32,JOUR368Y,0101,Joseph Yasharoff,10,7,0,2026-07-09 00:13:41
2026-07-08 23:46:32,JOUR370,0101,Timothy Jacobsen,14,1,0,2026-07-09 00:13:41
2026-07-08 23:46:32,JOUR370,0301,Timothy Jacobsen,11,2,0,2026-07-09 00:13:41
2026-07-08 23:46:32,JOUR371,0101,David Oliver,17,3,0,2026-07-09 00:13:42
2026-07-08 23:46:32,JOUR382,0101,Kate Yanchulis,9,0,1,2026-07-09 00:13:42
2026-07-08 23:46:32,JOUR383,0101,Timothy Jacobsen,8,4,0,2026-07-09 00:13:42
2026-07-08 23:46:32,JOUR384,0101,Shuning Lu,18,0,0,2026-07-09 00:13:43
2026-07-08 23:46:32,JOUR389I,0101,James Risen,15,15,0,2026-07-09 00:13:43
2026-07-08 23:46:32,JOUR389N,0101,Dana Priest,6,2,0,2026-07-09 00:13:44
2026-07-08 23:46:32,JOUR389R,0101,Rob Wells,6,4,0,2026-07-09 00:13:44
2026-07-08 23:46:32,JOUR389W,0101,Derek Willis,9,3,0,2026-07-09 00:13:44
2026-07-08 23:46:32,JOUR396,0101,Karen Denny,45,45,0,2026-07-09 00:13:45
2026-07-08 23:46:32,JOUR402,0201,Danielle McLean,38,5,0,2026-07-09 00:13:46
2026-07-08 23:46:32,JOUR402,0301,Danielle McLean,38,0,0,2026-07-09 00:13:46
2026-07-08 23:46:32,JOUR405,0101,Derek Willis,38,0,1,2026-07-09 00:13:46
2026-07-08 23:46:32,JOUR447,0101,Kevin Blackistone,15,0,2,2026-07-09 00:13:46
2026-07-08 23:46:32,JOUR453,0101,Anne Rosen,25,5,0,2026-07-09 00:13:47
2026-07-08 23:46:32,JOUR456,0101,Christopher Hanson,18,8,0,2026-07-09 00:13:47
2026-07-08 23:46:32,JOUR458B,0101,Rose DiPaula,26,10,0,2026-07-09 00:13:48
2026-07-08 23:46:32,JOUR458I,0101,Stacey Decker,12,0,1,2026-07-09 00:13:48
2026-07-08 23:46:32,JOUR458V,0101,Deneen Brown,18,2,0,2026-07-09 00:13:49
2026-07-08 23:46:32,JOUR458Y,0101,Shuning Lu,18,8,0,2026-07-09 00:13:49
2026-07-08 23:46:32,JOUR458Z,0101,Tom Bettag,12,4,0,2026-07-09 00:13:49
2026-07-08 23:46:32,JOUR459I,0101,Mark Feldstein,13,4,0,2026-07-09 00:13:50
2026-07-08 23:46:32,JOUR472,0201,Aidan Hughes,15,9,0,2026-07-09 00:13:50
2026-07-08 23:46:32,JOUR473,0101,Naeemul Hassan,6,2,0,2026-07-09 00:13:51
2026-07-08 23:46:32,JOUR475,0101,Ronald Yaros,15,0,0,2026-07-09 00:13:51
2026-07-08 23:46:32,JOUR479L,0101,Thomas Rosenstiel,16,0,0,2026-07-09 00:13:52
2026-07-08 23:46:32,JOUR502,0101,Christine Harvey,18,9,0,2026-07-09 00:13:52
2026-07-08 23:46:32,JOUR601,0101,Linda Steiner,9,5,0,2026-07-09 00:13:52
2026-07-08 23:46:32,JOUR603,0101,Alanna Kopania,5,0,0,2026-07-09 00:13:53
2026-07-08 23:46:32,JOUR603,0201,Kimberly Fleming,1,0,0,2026-07-09 00:13:53
2026-07-08 23:46:32,JOUR620,0101,Christine Harvey,12,5,0,2026-07-09 00:13:53
2026-07-08 23:46:32,JOUR620,0201,Kaitlyn Wilson,12,3,0,2026-07-09 00:13:53
2026-07-08 23:46:32,JOUR625,0101,Christi Parsons,10,5,0,2026-07-09 00:13:54
2026-07-08 23:46:32,JOUR625,0201,Deborah Berry,10,10,0,2026-07-09 00:13:54
2026-07-08 23:46:32,JOUR628C,0101,Sean Mussenden,5,5,0,2026-07-09 00:13:54
2026-07-08 23:46:32,JOUR628G,0101,Mark Hyman,2,2,0,2026-07-09 00:13:54
2026-07-08 23:46:32,JOUR628H,0101,Dana Priest,6,3,0,2026-07-09 00:13:55
2026-07-08 23:46:32,JOUR628I,0101,Sean Mussenden,5,5,0,2026-07-09 00:13:55
2026-07-08 23:46:32,JOUR628P,0101,Jerry Zremski,3,3,0,2026-07-09 00:13:56
2026-07-08 23:46:32,JOUR634,0101,Robert Little,3,2,0,2026-07-09 00:13:56
2026-07-08 23:46:32,JOUR635,0101,Deborah Nelson,12,12,0,2026-07-09 00:13:57
2026-07-08 23:46:32,JOUR652,0101,Adam Marton,6,1,0,2026-07-09 00:13:57
2026-07-08 23:46:32,JOUR652,0201,Emma Harris,2,2,0,2026-07-09 00:13:57
2026-07-08 23:46:32,JOUR652,0301,Gagan Nirula,1,1,0,2026-07-09 00:13:57
2026-07-08 23:46:32,JOUR652,PWJ1,Instructor: TBA,15,13,0,2026-07-09 00:13:57
2026-07-08 23:46:32,JOUR655,0101,Adam Marton,7,5,0,2026-07-09 00:13:57
2026-07-08 23:46:32,JOUR655,0201,Stacey Decker,4,4,0,2026-07-09 00:13:57
2026-07-08 23:46:32,JOUR657,0201,Alexander Pyles,4,0,0,2026-07-09 00:13:58
2026-07-08 23:46:32,JOUR660,0101,Robyne McCullough,6,0,0,2026-07-09 00:13:58
2026-07-08 23:46:32,JOUR661,0301,Joshua Davidsburg,1,1,0,2026-07-09 00:13:59
2026-07-08 23:46:32,JOUR662,0102,Cindy Wright,1,1,0,2026-07-09 00:13:59
2026-07-08 23:46:32,JOUR662,0104,Cindy Wright,1,1,0,2026-07-09 00:13:59
2026-07-08 23:46:32,JOUR667,0101,Melvin Coffee,15,10,0,2026-07-09 00:14:00
2026-07-08 23:46:32,JOUR668A,0101,Alexander Flum,2,2,0,2026-07-09 00:14:00
2026-07-08 23:46:32,JOUR668B,0101,Krishnan Vasudevan,6,5,0,2026-07-09 00:14:00
2026-07-08 23:46:32,JOUR668E,0101,Nathaniel Stevens,2,2,0,2026-07-09 00:14:01
2026-07-08 23:46:32,JOUR668K,0101,Joshua Davidsburg,4,2,0,2026-07-09 00:14:01
2026-07-08 23:46:32,JOUR668O,0101,Nathaniel Stevens,2,2,0,2026-07-09 00:14:02
2026-07-08 23:46:32,JOUR668R,0101,Joshua Davidsburg,6,4,0,2026-07-09 00:14:02
2026-07-08 23:46:32,JOUR668T,0101,Alanna Kopania,2,1,0,2026-07-09 00:14:03
2026-07-08 23:46:32,JOUR668Y,0101,Joseph Yasharoff,2,2,0,2026-07-09 00:14:03
2026-07-08 23:46:32,JOUR670,0101,Timothy Jacobsen,3,3,0,2026-07-09 00:14:04
2026-07-08 23:46:32,JOUR682,0101,Kate Yanchulis,5,5,0,2026-07-09 00:14:04
2026-07-08 23:46:32,JOUR683,0101,Timothy Jacobsen,6,6,0,2026-07-09 00:14:04
2026-07-08 23:46:32,JOUR689R,0101,Rob Wells,6,2,0,2026-07-09 00:14:05
2026-07-08 23:46:32,JOUR689U,0101,David Oliver,1,0,0,2026-07-09 00:14:06
2026-07-08 23:46:32,JOUR689W,0101,Derek Willis,9,8,0,2026-07-09 00:14:06
2026-07-08 23:46:32,JOUR702,0101,Lucy Dalglish,36,19,0,2026-07-09 00:14:07
2026-07-08 23:46:32,JOUR757,0101,Mark Feldstein,5,5,0,2026-07-09 00:14:07
2026-07-08 23:46:32,JOUR772,0201,Daniel Trielli,18,7,0,2026-07-09 00:14:08
2026-07-08 23:46:32,JOUR773,0101,Naeemul Hassan,9,7,0,2026-07-09 00:14:08
2026-07-08 23:46:32,JOUR776,0101,Daniel Trielli,6,0,0,2026-07-09 00:14:09
2026-07-08 23:46:32,JOUR800,0101,Krishnan Vasudevan,10,8,0,2026-07-09 00:14:10
2026-07-08 23:46:32,JWST141,0101,Marsha Rozenblit,40,30,0,2026-07-09 00:14:14
2026-07-08 23:46:32,JWST171,0101,Maxine Grossman,32,2,0,2026-07-09 00:14:15
2026-07-08 23:46:32,JWST225,0101,Instructor: TBA,25,0,1,2026-07-09 00:14:15
2026-07-08 23:46:32,JWST262,0101,Matthew Suriano,25,0,0,2026-07-09 00:14:15
2026-07-08 23:46:32,JWST274,0101,Matthew Suriano,16,2,0,2026-07-09 00:14:16
2026-07-08 23:46:32,JWST274,0102,Matthew Suriano,16,1,0,2026-07-09 00:14:16
2026-07-08 23:46:32,JWST274,0103,Matthew Suriano,16,2,0,2026-07-09 00:14:16
2026-07-08 23:46:32,JWST274,0104,Matthew Suriano,16,4,0,2026-07-09 00:14:16
2026-07-08 23:46:32,JWST289E,0101,Bernard Cooperman,18,8,0,2026-07-09 00:14:16
2026-07-08 23:46:32,JWST289E,0102,Bernard Cooperman,18,3,0,2026-07-09 00:14:16
2026-07-08 23:46:32,JWST289E,0103,Bernard Cooperman,18,7,0,2026-07-09 00:14:16
2026-07-08 23:46:32,JWST319Y,0101,Jorge Bravo,35,1,0,2026-07-09 00:14:17
2026-07-08 23:46:32,JWST319Z,0101,Instructor: TBA,30,27,0,2026-07-09 00:14:17
2026-07-08 23:46:32,JWST333,0101,Bernard Cooperman,27,7,0,2026-07-09 00:14:18
2026-07-08 23:46:32,JWST372,0101,Shirelle Doughty,40,38,0,2026-07-09 00:14:18
2026-07-08 23:46:32,JWST409B,0101,Hayim Lapin,5,0,0,2026-07-09 00:14:18
2026-07-08 23:46:32,JWST498,0102,Matthew Suriano,5,5,0,2026-07-09 00:14:19
2026-07-08 23:46:32,JWST648B,0101,Hayim Lapin,5,0,0,2026-07-09 00:14:20
2026-07-08 23:46:32,KNES110,0101,Jo Zimmerman,20,6,0,2026-07-09 00:14:23
2026-07-08 23:46:32,KNES110,0201,Jo Zimmerman,20,16,0,2026-07-09 00:14:23
2026-07-08 23:46:32,KNES120,0101,Instructor: TBA,24,0,15,2026-07-09 00:14:24
2026-07-08 23:46:32,KNES120,0102,Instructor: TBA,24,0,15,2026-07-09 00:14:24
2026-07-08 23:46:32,KNES122,0101,Tim Henkel,24,0,21,2026-07-09 00:14:24
2026-07-08 23:46:32,KNES136,0101,Jeff Maynor,19,0,28,2026-07-09 00:14:24
2026-07-08 23:46:32,KNES137,0101,Jeff Maynor,19,0,14,2026-07-09 00:14:25
2026-07-08 23:46:32,KNES141,0201,Joshua Montfort,19,0,0,2026-07-09 00:14:25
2026-07-08 23:46:32,KNES142,0101,Joshua Montfort,19,0,4,2026-07-09 00:14:26
2026-07-08 23:46:32,KNES154,0101,Stephanie Draminski,16,0,2,2026-07-09 00:14:26
2026-07-08 23:46:32,KNES156,0102,Andrea Liberto,19,0,0,2026-07-09 00:14:27
2026-07-08 23:46:32,KNES156,0202,Andrea Liberto,19,0,0,2026-07-09 00:14:27
2026-07-08 23:46:32,KNES165,0101,Tami Lee,24,0,1,2026-07-09 00:14:27
2026-07-08 23:46:32,KNES165,0201,Tami Lee,30,17,0,2026-07-09 00:14:27
2026-07-08 23:46:32,KNES166,0101,Lauren Filocco,24,15,0,2026-07-09 00:14:27
2026-07-08 23:46:32,KNES166,0201,Lauren Filocco,24,9,0,2026-07-09 00:14:27
2026-07-08 23:46:32,KNES170,0101,Kenneth Klotz,24,0,0,2026-07-09 00:14:28
2026-07-08 23:46:32,KNES172,0101,Kenneth Klotz,24,0,1,2026-07-09 00:14:28
2026-07-08 23:46:32,KNES172,0102,Kenneth Klotz,24,0,0,2026-07-09 00:14:28
2026-07-08 23:46:32,KNES173,0101,Michael Dorothy,28,0,0,2026-07-09 00:14:29
2026-07-08 23:46:32,KNES190,0101,Tim Henkel,19,0,0,2026-07-09 00:14:29
2026-07-08 23:46:32,KNES192,0201,Tim Henkel,19,6,0,2026-07-09 00:14:29
2026-07-08 23:46:32,KNES200,0101,Andrea Liberto,24,0,0,2026-07-09 00:14:30
2026-07-08 23:46:32,KNES200,0102,Andrea Liberto,24,0,0,2026-07-09 00:14:30
2026-07-08 23:46:32,KNES200,0103,Andrea Liberto,24,0,0,2026-07-09 00:14:30
2026-07-08 23:46:32,KNES200,FC01,Emma Powell,35,0,1,2026-07-09 00:14:30
2026-07-08 23:46:32,KNES225,0101,Ronald Mower,36,15,0,2026-07-09 00:14:30
2026-07-08 23:46:32,KNES226,0101,Tim Kiemel,16,3,0,2026-07-09 00:14:31
2026-07-08 23:46:32,KNES226,0102,Tim Kiemel,16,9,0,2026-07-09 00:14:31
2026-07-08 23:46:32,KNES226,0103,Tim Kiemel,16,12,0,2026-07-09 00:14:31
2026-07-08 23:46:32,KNES226,0104,Tim Kiemel,16,5,0,2026-07-09 00:14:31
2026-07-08 23:46:32,KNES260,0101,James Hagberg,22,10,0,2026-07-09 00:14:31
2026-07-08 23:46:32,KNES260,0102,James Hagberg,22,1,0,2026-07-09 00:14:31
2026-07-08 23:46:32,KNES265,0101,Jae Kun Shim,24,0,1,2026-07-09 00:14:32
2026-07-08 23:46:32,KNES282,0101,Joanne Klossner,32,0,0,2026-07-09 00:14:32
2026-07-08 23:46:32,KNES285,0101,Shannon Jette,14,0,0,2026-07-09 00:14:32
2026-07-08 23:46:32,KNES285,0102,Shannon Jette,14,0,0,2026-07-09 00:14:32
2026-07-08 23:46:32,KNES285,0103,Shannon Jette,14,0,0,2026-07-09 00:14:32
2026-07-08 23:46:32,KNES285,0106,Shannon Jette,14,0,0,2026-07-09 00:14:32
2026-07-08 23:46:32,KNES286,0101,Jo Zimmerman,19,13,0,2026-07-09 00:14:33
2026-07-08 23:46:32,KNES287,0101,David Andrews,14,0,4,2026-07-09 00:14:33
2026-07-08 23:46:32,KNES287,0102,David Andrews,14,0,6,2026-07-09 00:14:33
2026-07-08 23:46:32,KNES287,0104,David Andrews,14,0,4,2026-07-09 00:14:33
2026-07-08 23:46:32,KNES287,0105,David Andrews,14,0,3,2026-07-09 00:14:33
2026-07-08 23:46:32,KNES289Z,0101,Polly Sebastian Schurer,19,19,0,2026-07-09 00:14:34
2026-07-08 23:46:32,KNES289Z,0102,Polly Sebastian Schurer,19,3,0,2026-07-09 00:14:34
2026-07-08 23:46:32,KNES300,0101,Maria Ayoub,12,0,10,2026-07-09 00:14:35
2026-07-08 23:46:32,KNES300,0102,Maria Ayoub,12,0,16,2026-07-09 00:14:35
2026-07-08 23:46:32,KNES300,0103,Maria Ayoub,12,0,14,2026-07-09 00:14:35
2026-07-08 23:46:32,KNES300,0104,Maria Ayoub,12,0,16,2026-07-09 00:14:35
2026-07-08 23:46:32,KNES300,0105,Maria Ayoub,12,0,11,2026-07-09 00:14:35
2026-07-08 23:46:32,KNES300,0106,Maria Ayoub,12,0,14,2026-07-09 00:14:35
2026-07-08 23:46:32,KNES305,0101,Larry Plotkin,30,6,0,2026-07-09 00:14:35
2026-07-08 23:46:32,KNES305H,0101,Larry Plotkin,3,0,0,2026-07-09 00:14:35
2026-07-08 23:46:32,KNES306,0101,Michelle Jamin,28,7,0,2026-07-09 00:14:36
2026-07-08 23:46:32,KNES306H,0101,Michelle Jamin,2,1,0,2026-07-09 00:14:36
2026-07-08 23:46:32,KNES320,0101,Jeffrey Beans,17,0,4,2026-07-09 00:14:37
2026-07-08 23:46:32,KNES320,0102,Jeffrey Beans,17,0,2,2026-07-09 00:14:37
2026-07-08 23:46:32,KNES320,0103,Jeffrey Beans,17,0,2,2026-07-09 00:14:37
2026-07-08 23:46:32,KNES320,0104,Jeffrey Beans,17,0,3,2026-07-09 00:14:37
2026-07-08 23:46:32,KNES320,0105,Jeffrey Beans,17,0,3,2026-07-09 00:14:37
2026-07-08 23:46:32,KNES320,0106,Jeffrey Beans,17,0,3,2026-07-09 00:14:37
2026-07-08 23:46:32,KNES320,0107,Jeffrey Beans,17,0,3,2026-07-09 00:14:37
2026-07-08 23:46:32,KNES320,0108,Jeffrey Beans,17,0,2,2026-07-09 00:14:37
2026-07-08 23:46:32,KNES332,0101,Jo Zimmerman,25,11,0,2026-07-09 00:14:37
2026-07-08 23:46:32,KNES332H,0101,Jo Zimmerman,2,2,0,2026-07-09 00:14:38
2026-07-08 23:46:32,KNES340,0101,Emma Powell,30,0,0,2026-07-09 00:14:38
2026-07-08 23:46:32,KNES345,0101,Ronald Mower,30,20,0,2026-07-09 00:14:39
2026-07-08 23:46:32,KNES347,0101,Michael Friedman,35,29,0,2026-07-09 00:14:39
2026-07-08 23:46:32,KNES350,0101,Elizabeth Brown,36,0,6,2026-07-09 00:14:40
2026-07-08 23:46:32,KNES350,0102,Elizabeth Brown,24,0,10,2026-07-09 00:14:40
2026-07-08 23:46:32,KNES350,0103,J Carson Smith,36,20,0,2026-07-09 00:14:40
2026-07-08 23:46:32,KNES350,0104,J Carson Smith,24,8,0,2026-07-09 00:14:40
2026-07-08 23:46:32,KNES350H,0101,Elizabeth Brown,3,3,0,2026-07-09 00:14:40
2026-07-08 23:46:32,KNES354,0101,Thomas Nagle,30,0,23,2026-07-09 00:14:40
2026-07-08 23:46:32,KNES355,0101,Jay Goldstein,30,14,0,2026-07-09 00:14:41
2026-07-08 23:46:32,KNES360,0101,Sushant Ranadive,12,0,7,2026-07-09 00:14:41
2026-07-08 23:46:32,KNES360,0102,Sushant Ranadive,12,0,9,2026-07-09 00:14:41
2026-07-08 23:46:32,KNES360,0103,Sushant Ranadive,12,0,9,2026-07-09 00:14:41
2026-07-08 23:46:32,KNES360,0104,Sushant Ranadive,12,0,6,2026-07-09 00:14:41
2026-07-08 23:46:32,KNES360,0107,Sushant Ranadive,12,0,10,2026-07-09 00:14:41
2026-07-08 23:46:32,KNES360,0108,Sushant Ranadive,12,0,6,2026-07-09 00:14:41
2026-07-08 23:46:32,KNES370,0101,Tim Kiemel,14,0,6,2026-07-09 00:14:42
2026-07-08 23:46:32,KNES370,0105,Tim Kiemel,14,0,7,2026-07-09 00:14:42
2026-07-08 23:46:32,KNES370,0107,Tim Kiemel,14,0,7,2026-07-09 00:14:42
2026-07-08 23:46:32,KNES370,0108,Tim Kiemel,14,0,9,2026-07-09 00:14:42
2026-07-08 23:46:32,KNES385,0101,Rodolphe Gentili,14,0,11,2026-07-09 00:14:42
2026-07-08 23:46:32,KNES385,0102,Rodolphe Gentili,14,0,15,2026-07-09 00:14:42
2026-07-08 23:46:32,KNES385,0103,Rodolphe Gentili,14,0,10,2026-07-09 00:14:42
2026-07-08 23:46:32,KNES385,0104,Rodolphe Gentili,14,0,11,2026-07-09 00:14:42
2026-07-08 23:46:32,KNES385,0106,Rodolphe Gentili,14,0,13,2026-07-09 00:14:42
2026-07-08 23:46:32,KNES385,0107,Rodolphe Gentili,14,0,12,2026-07-09 00:14:42
2026-07-08 23:46:32,KNES385H,0101,Rodolphe Gentili,4,2,0,2026-07-09 00:14:43
2026-07-08 23:46:32,KNES386,0101,Emma Powell,4,4,0,2026-07-09 00:14:43
2026-07-08 23:46:32,KNES386,0102,Emma Powell,4,4,0,2026-07-09 00:14:43
2026-07-08 23:46:32,KNES386,0103,Emma Powell,4,4,0,2026-07-09 00:14:43
2026-07-08 23:46:32,KNES386,0104,Emma Powell,4,4,0,2026-07-09 00:14:43
2026-07-08 23:46:32,KNES386,0105,Emma Powell,10,3,0,2026-07-09 00:14:43
2026-07-08 23:46:32,KNES401,0101,Jennifer Roberts,26,0,10,2026-07-09 00:14:45
2026-07-08 23:46:32,KNES401H,0101,Jennifer Roberts,2,2,0,2026-07-09 00:14:45
2026-07-08 23:46:32,KNES405,0101,Larry Plotkin,14,0,8,2026-07-09 00:14:46
2026-07-08 23:46:32,KNES405H,0101,Larry Plotkin,2,1,0,2026-07-09 00:14:46
2026-07-08 23:46:32,KNES406,0101,Jae Kun Shim,24,1,0,2026-07-09 00:14:46
2026-07-08 23:46:32,KNES440,0101,Seppo Iso-Ahola,30,9,0,2026-07-09 00:14:47
2026-07-08 23:46:32,KNES440H,0101,Seppo Iso-Ahola,3,3,0,2026-07-09 00:14:47
2026-07-08 23:46:32,KNES441,0101,Seppo Iso-Ahola,15,4,0,2026-07-09 00:14:48
2026-07-08 23:46:32,KNES450,0101,Jay Goldstein,20,7,0,2026-07-09 00:14:48
2026-07-08 23:46:32,KNES451,0101,Elizabeth Brown,24,0,5,2026-07-09 00:14:49
2026-07-08 23:46:32,KNES451H,0101,Elizabeth Brown,1,1,0,2026-07-09 00:14:49
2026-07-08 23:46:32,KNES457,0101,Jay Goldstein,36,27,0,2026-07-09 00:14:50
2026-07-08 23:46:32,KNES460,0101,Steven Prior,26,12,0,2026-07-09 00:14:50
2026-07-08 23:46:32,KNES460H,0101,Steven Prior,4,4,0,2026-07-09 00:14:50
2026-07-08 23:46:32,KNES464,0101,Sarah Glancy,25,5,0,2026-07-09 00:14:51
2026-07-08 23:46:32,KNES464H,0101,Sarah Glancy,3,2,0,2026-07-09 00:14:51
2026-07-08 23:46:32,KNES467,0101,James Hagberg,20,16,0,2026-07-09 00:14:52
2026-07-08 23:46:32,KNES476,0101,Tim Kiemel,20,20,0,2026-07-09 00:14:52
2026-07-08 23:46:32,KNES476,0102,Sushant Ranadive,5,3,0,2026-07-09 00:14:52
2026-07-08 23:46:32,KNES476,0103,Jennifer Roberts,5,5,0,2026-07-09 00:14:52
2026-07-08 23:46:32,KNES476,0104,Ronald Mower,5,5,0,2026-07-09 00:14:52
2026-07-08 23:46:32,KNES476,0105,Steven Prior,5,5,0,2026-07-09 00:14:52
2026-07-08 23:46:32,KNES476,0106,Bradley Hatfield,5,4,0,2026-07-09 00:14:52
2026-07-08 23:46:32,KNES476,0107,David Andrews,5,5,0,2026-07-09 00:14:52
2026-07-08 23:46:32,KNES476,0108,Sarah Glancy,5,5,0,2026-07-09 00:14:52
2026-07-08 23:46:32,KNES476,0109,Jae Kun Shim,5,4,0,2026-07-09 00:14:52
2026-07-08 23:46:32,KNES476,0110,Shannon Jette,5,4,0,2026-07-09 00:14:52
2026-07-08 23:46:32,KNES476,0111,J Carson Smith,5,4,0,2026-07-09 00:14:52
2026-07-08 23:46:32,KNES476,0112,Rodolphe Gentili,5,4,0,2026-07-09 00:14:52
2026-07-08 23:46:32,KNES476,0113,Instructor: TBA,5,5,0,2026-07-09 00:14:52
2026-07-08 23:46:32,KNES478,0101,Tim Kiemel,20,11,0,2026-07-09 00:14:53
2026-07-08 23:46:32,KNES486,0101,Ronald Mower,24,7,0,2026-07-09 00:14:53
2026-07-08 23:46:32,KNES613,0101,David Andrews,15,12,0,2026-07-09 00:14:54
2026-07-08 23:46:32,KNES618,0101,Sarah Glancy,15,12,0,2026-07-09 00:14:55
2026-07-08 23:46:32,KNES619,0101,Jennifer Roberts,15,12,0,2026-07-09 00:14:55
2026-07-08 23:46:32,KNES660,0101,Seppo Iso-Ahola,30,9,0,2026-07-09 00:14:55
2026-07-08 23:46:32,KNES691,0101,Sarah Glancy,15,12,0,2026-07-09 00:14:56
2026-07-08 23:46:32,KNES780,PLK1,Valerie Cholet,15,14,0,2026-07-09 00:14:57
2026-07-08 23:46:32,KORA101,0101,Saerom Kwak,15,5,0,2026-07-09 00:15:00
2026-07-08 23:46:32,KORA101,0201,Saerom Kwak,15,7,0,2026-07-09 00:15:00
2026-07-08 23:46:32,KORA101,0301,Saerom Kwak,15,13,0,2026-07-09 00:15:00
2026-07-08 23:46:32,KORA101,0401,Saerom Kwak,15,8,0,2026-07-09 00:15:00
2026-07-08 23:46:32,KORA201,0101,Seong Minne Koh,15,3,0,2026-07-09 00:15:01
2026-07-08 23:46:32,KORA201,0201,Seong Minne Koh,15,5,0,2026-07-09 00:15:01
2026-07-08 23:46:32,KORA201,0301,Seong Minne Koh,15,9,0,2026-07-09 00:15:01
2026-07-08 23:46:32,KORA398G,0101,Instructor: TBA,10,7,0,2026-07-09 00:15:01
2026-07-08 23:46:32,KORA398W,0101,Seong Minne Koh,10,3,0,2026-07-09 00:15:02
2026-07-08 23:46:32,LACS234,0101,Francisco Barrenechea,30,0,0,2026-07-09 00:15:04
2026-07-08 23:46:32,LACS234,0102,Jonathan Brower,25,0,2,2026-07-09 00:15:04
2026-07-08 23:46:32,LACS234H,0101,Francisco Barrenechea,5,0,0,2026-07-09 00:15:05
2026-07-08 23:46:32,LACS250,0101,David Sartorius,40,25,0,2026-07-09 00:15:05
2026-07-08 23:46:32,LACS348K,0101,Angela Pico Pinto,25,22,0,2026-07-09 00:15:05
2026-07-08 23:46:32,LACS348P,0101,Michelle Rowley,35,27,0,2026-07-09 00:15:06
2026-07-08 23:46:32,LACS458,0101,Jonathan Brower,10,10,0,2026-07-09 00:15:06
2026-07-08 23:46:32,LACS609,0101,Ryan Long,18,14,0,2026-07-09 00:15:07
2026-07-08 23:46:32,LACS688,0101,Ryan Long,5,5,0,2026-07-09 00:15:08
2026-07-08 23:46:32,LACS689,0101,Ryan Long,5,5,0,2026-07-09 00:15:08
2026-07-08 23:46:32,LARC121,FC01,Instructor: TBA,18,14,0,2026-07-09 00:15:10
2026-07-08 23:46:32,LARC151,0101,Instructor: TBA,16,3,0,2026-07-09 00:15:10
2026-07-08 23:46:32,LARC151,0102,Instructor: TBA,16,12,0,2026-07-09 00:15:10
2026-07-08 23:46:32,LARC151,0103,Instructor: TBA,16,14,0,2026-07-09 00:15:10
2026-07-08 23:46:32,LARC151,0104,Instructor: TBA,16,13,0,2026-07-09 00:15:10
2026-07-08 23:46:32,LARC151,0105,Instructor: TBA,16,13,0,2026-07-09 00:15:10
2026-07-08 23:46:32,LARC151,0106,Instructor: TBA,16,14,0,2026-07-09 00:15:10
2026-07-08 23:46:32,LARC151,FC01,Instructor: TBA,18,5,0,2026-07-09 00:15:10
2026-07-08 23:46:32,LARC160,0101,Jonathan Gemmell,16,2,0,2026-07-09 00:15:11
2026-07-08 23:46:32,LARC160,0102,Jonathan Gemmell,16,7,0,2026-07-09 00:15:11
2026-07-08 23:46:32,LARC160,0104,Jonathan Gemmell,16,10,0,2026-07-09 00:15:11
2026-07-08 23:46:32,LARC160,0105,Jonathan Gemmell,16,12,0,2026-07-09 00:15:11
2026-07-08 23:46:32,LARC160,0106,Jonathan Gemmell,16,15,0,2026-07-09 00:15:11
2026-07-08 23:46:32,LARC160,FC01,Instructor: TBA,18,7,0,2026-07-09 00:15:11
2026-07-08 23:46:32,LARC220,0101,Instructor: TBA,15,2,0,2026-07-09 00:15:11
2026-07-08 23:46:32,LARC230,0101,Christopher Ellis,15,1,0,2026-07-09 00:15:12
2026-07-08 23:46:32,LARC265,0101,David Myers,32,18,0,2026-07-09 00:15:12
2026-07-08 23:46:32,LARC330,0101,Byoung-Suk Kweon,15,5,0,2026-07-09 00:15:12
2026-07-08 23:46:32,LARC389,0101,David Myers,17,17,0,2026-07-09 00:15:13
2026-07-08 23:46:32,LARC415,0101,Instructor: TBA,20,10,0,2026-07-09 00:15:13
2026-07-08 23:46:32,LARC415,0102,Instructor: TBA,12,4,0,2026-07-09 00:15:13
2026-07-08 23:46:32,LARC420,0101,Instructor: TBA,32,16,0,2026-07-09 00:15:14
2026-07-08 23:46:32,LARC430,0101,Instructor: TBA,15,2,0,2026-07-09 00:15:14
2026-07-08 23:46:32,LARC470,0101,Instructor: TBA,13,5,0,2026-07-09 00:15:15
2026-07-08 23:46:32,LARC620,0101,Christopher Ellis,10,10,0,2026-07-09 00:15:15
2026-07-08 23:46:32,LARC640,0101,Jonathan Gemmell,10,10,0,2026-07-09 00:15:16
2026-07-08 23:46:32,LARC642,0101,Deni Ruggeri,10,2,0,2026-07-09 00:15:16
2026-07-08 23:46:32,LARC670,0101,Instructor: TBA,10,2,0,2026-07-09 00:15:17
2026-07-08 23:46:32,LARC748,0101,Instructor: TBA,10,7,0,2026-07-09 00:15:17
2026-07-08 23:46:32,LATN101,0101,Jorge Bravo,20,14,0,2026-07-09 00:15:20
2026-07-08 23:46:32,LATN101,PBU1,Jorge Bravo,3,2,0,2026-07-09 00:15:20
2026-07-08 23:46:32,LATN201,0101,Gregory Bucher,15,11,0,2026-07-09 00:15:20
2026-07-08 23:46:32,LATN201,PBU1,Gregory Bucher,3,3,0,2026-07-09 00:15:20
2026-07-08 23:46:32,LATN351,0101,Katherine Wasdin,10,7,0,2026-07-09 00:15:20
2026-07-08 23:46:32,LATN351,PBU1,Katherine Wasdin,3,3,0,2026-07-09 00:15:20
2026-07-08 23:46:32,LATN472,0101,Katherine Wasdin,5,5,0,2026-07-09 00:15:21
2026-07-08 23:46:32,LATN472,PBU1,Katherine Wasdin,3,2,0,2026-07-09 00:15:21
2026-07-08 23:46:32,LATN488I,0101,Gregory Bucher,5,4,0,2026-07-09 00:15:21
2026-07-08 23:46:32,LATN488I,PBU1,Gregory Bucher,3,3,0,2026-07-09 00:15:21
2026-07-08 23:46:32,LATN672,0101,Katherine Wasdin,7,3,0,2026-07-09 00:15:22
2026-07-08 23:46:32,LATN688I,0101,Gregory Bucher,7,3,0,2026-07-09 00:15:23
2026-07-08 23:46:32,LBSC602,IM01,Renee Hill,40,0,1,2026-07-09 00:15:25
2026-07-08 23:46:32,LBSC602,IM02,Ana Ndumu,40,0,1,2026-07-09 00:15:25
2026-07-08 23:46:32,LBSC631,IM01,Ryan O'Grady,40,0,3,2026-07-09 00:15:26
2026-07-08 23:46:32,LBSC631,IM02,Eric Hung,40,13,0,2026-07-09 00:15:26
2026-07-08 23:46:32,LBSC644,IM01,Lindsay Carpenter,40,0,0,2026-07-09 00:15:26
2026-07-08 23:46:32,LBSC645,IM01,Jennifer Sturge,30,0,0,2026-07-09 00:15:26
2026-07-08 23:46:32,LBSC671,IM01,Kathy Weaver,40,1,0,2026-07-09 00:15:27
2026-07-08 23:46:32,LBSC671,IM02,Michelle McDaniel,40,18,0,2026-07-09 00:15:27
2026-07-08 23:46:32,LBSC702,IM01,Kathy Weaver,30,21,0,2026-07-09 00:15:27
2026-07-08 23:46:32,LBSC707,IM01,Abbie Basile,50,28,0,2026-07-09 00:15:28
2026-07-08 23:46:32,LBSC708Y,IM01,Eric Hung,30,15,0,2026-07-09 00:15:28
2026-07-08 23:46:32,LBSC723,IM01,Jieun Yeon,30,21,0,2026-07-09 00:15:29
2026-07-08 23:46:32,LBSC724,IM01,Mega Subramaniam,30,22,0,2026-07-09 00:15:29
2026-07-08 23:46:32,LBSC731,IM01,Victoria Van Hyning,30,6,0,2026-07-09 00:15:29
2026-07-08 23:46:32,LBSC742,IM01,Jennifer Sturge,30,21,0,2026-07-09 00:15:30
2026-07-08 23:46:32,LBSC749,IM01,Bridgette Comanda,30,29,0,2026-07-09 00:15:30
2026-07-08 23:46:32,LBSC751,IM01,Lexi Kadis,8,3,0,2026-07-09 00:15:31
2026-07-08 23:46:32,LBSC770,IM01,Katrina Fenlon,30,0,0,2026-07-09 00:15:31
2026-07-08 23:46:32,LBSC786,IM01,Mark Coulbourne,30,11,0,2026-07-09 00:15:32
2026-07-08 23:46:32,LEAD217,0101,Anastasia Lavrenyuk,25,0,0,2026-07-09 00:15:33
2026-07-08 23:46:32,LEAD217,0201,Festus Ainoo,25,3,0,2026-07-09 00:15:33
2026-07-08 23:46:32,LEAD217,FC01,Festus Ainoo,20,0,1,2026-07-09 00:15:33
2026-07-08 23:46:32,LEAD305,0101,Anastasia Lavrenyuk,20,7,0,2026-07-09 00:15:34
2026-07-08 23:46:32,LEAD315,0101,Adrian Bitton,22,8,0,2026-07-09 00:15:34
2026-07-08 23:46:32,LEAD320,0101,Courtney Holder,10,9,0,2026-07-09 00:15:35
2026-07-08 23:46:32,LGBT200,0201,Instructor: TBA,25,0,1,2026-07-09 00:15:36
2026-07-08 23:46:32,LGBT265,0101,Tyra Griffin,24,3,0,2026-07-09 00:15:37
2026-07-08 23:46:32,LGBT265,0201,Declan Langton,24,3,0,2026-07-09 00:15:37
2026-07-08 23:46:32,LGBT359J,0101,Chris Eng,25,15,0,2026-07-09 00:15:37
2026-07-08 23:46:32,LING200,0101,Penelope Daniel,21,17,0,2026-07-09 00:15:40
2026-07-08 23:46:32,LING200,0102,Penelope Daniel,21,4,0,2026-07-09 00:15:40
2026-07-08 23:46:32,LING200,0103,Penelope Daniel,21,12,0,2026-07-09 00:15:40
2026-07-08 23:46:32,LING240,0101,Instructor: TBA,40,24,0,2026-07-09 00:15:40
2026-07-08 23:46:32,LING248,0101,Jeffrey Lidz,5,2,0,2026-07-09 00:15:40
2026-07-08 23:46:32,LING260,0101,Omar Agha,48,5,0,2026-07-09 00:15:41
2026-07-08 23:46:32,LING262,0101,Andrea Zukowski,30,21,0,2026-07-09 00:15:41
2026-07-08 23:46:32,LING311,0101,Tonia Bleam,23,1,0,2026-07-09 00:15:42
2026-07-08 23:46:32,LING320,0101,William Idsardi,50,23,0,2026-07-09 00:15:42
2026-07-08 23:46:32,LING321,0101,Kate Mooney,26,3,0,2026-07-09 00:15:43
2026-07-08 23:46:32,LING410,0101,Valentine Hacquard,29,9,0,2026-07-09 00:15:43
2026-07-08 23:46:32,LING419A,0101,Aron Hirsch,10,2,0,2026-07-09 00:15:43
2026-07-08 23:46:32,LING419T,0101,Tonia Bleam,10,0,1,2026-07-09 00:15:44
2026-07-08 23:46:32,LING429C,0101,Cassandra Caragine,10,7,0,2026-07-09 00:15:44
2026-07-08 23:46:32,LING448,0101,Jeffrey Lidz,5,4,0,2026-07-09 00:15:45
2026-07-08 23:46:32,LING449U,0101,Utku Turk,10,5,0,2026-07-09 00:15:45
2026-07-08 23:46:32,LING460,0101,Andrea Zukowski,30,19,0,2026-07-09 00:15:46
2026-07-08 23:46:32,LING499C,0101,Penelope Daniel,4,4,0,2026-07-09 00:15:46
2026-07-08 23:46:32,LING499C,0201,Tonia Bleam,4,3,0,2026-07-09 00:15:46
2026-07-08 23:46:32,LING610,0101,Juan Uriagereka,15,13,0,2026-07-09 00:15:47
2026-07-08 23:46:32,LING625,0101,William Idsardi,15,13,0,2026-07-09 00:15:48
2026-07-08 23:46:32,LING644,0101,Jeffrey Lidz,15,11,0,2026-07-09 00:15:48
2026-07-08 23:46:32,LING660,0101,Alexander Williams,10,10,0,2026-07-09 00:15:49
2026-07-08 23:46:32,LING678,0101,Kate Mooney,15,15,0,2026-07-09 00:15:49
2026-07-08 23:46:32,LING698,0101,William Idsardi,10,10,0,2026-07-09 00:15:50
2026-07-08 23:46:32,LING698C,0101,Naomi Feldman,15,11,0,2026-07-09 00:15:50
2026-07-08 23:46:32,LING698P,0101,Instructor: TBA,15,15,0,2026-07-09 00:15:51
2026-07-08 23:46:32,LING698T,0101,Penelope Daniel,6,6,0,2026-07-09 00:15:51
2026-07-08 23:46:32,LING723,0101,Mohit Iyyer,38,0,5,2026-07-09 00:15:51
2026-07-08 23:46:32,LING849C,0101,Philip Resnik,10,0,0,2026-07-09 00:15:53
2026-07-08 23:46:32,LING879C,0101,Aron Hirsch,15,14,0,2026-07-09 00:15:53
2026-07-08 23:46:32,LING888,0301,Tonia Bleam,3,3,0,2026-07-09 00:15:54
2026-07-08 23:46:32,LING888,0401,Jeffrey Lidz,3,3,0,2026-07-09 00:15:54
2026-07-08 23:46:32,LING888,0501,Andrea Zukowski,3,3,0,2026-07-09 00:15:54
2026-07-08 23:46:32,LING888,0601,Juan Uriagereka,3,3,0,2026-07-09 00:15:54
2026-07-08 23:46:32,LING888,0801,William Idsardi,3,3,0,2026-07-09 00:15:54
2026-07-08 23:46:32,LING888,0901,Philip Resnik,3,3,0,2026-07-09 00:15:54
2026-07-08 23:46:32,LING888,1201,Colin Phillips,3,3,0,2026-07-09 00:15:54
2026-07-08 23:46:32,LING888,1401,Valentine Hacquard,3,3,0,2026-07-09 00:15:54
2026-07-08 23:46:32,LING888,1501,Alexander Williams,3,3,0,2026-07-09 00:15:54
2026-07-08 23:46:32,LING888,1601,Naomi Feldman,3,3,0,2026-07-09 00:15:54
2026-07-08 23:46:32,LING888,1701,Ellen Lau,3,3,0,2026-07-09 00:15:54
2026-07-08 23:46:32,LING888,1801,Aron Hirsch,3,3,0,2026-07-09 00:15:54
2026-07-08 23:46:32,LING888,1901,Kate Mooney,3,1,0,2026-07-09 00:15:54
2026-07-08 23:46:32,LING888,2001,Omar Agha,3,3,0,2026-07-09 00:15:54
2026-07-08 23:46:32,LING888,3301,Valentine Hacquard,5,5,0,2026-07-09 00:15:54
2026-07-08 23:46:32,MATH003,0101,Colleen Terpos,40,35,0,2026-07-09 00:15:57
2026-07-08 23:46:32,MATH003,0201,Colleen Terpos,40,34,0,2026-07-09 00:15:57
2026-07-08 23:46:32,MATH003,0301,Colleen Terpos,42,37,0,2026-07-09 00:15:57
2026-07-08 23:46:32,MATH003,FC01,Instructor: TBA,22,15,0,2026-07-09 00:15:57
2026-07-08 23:46:32,MATH007,1101,Matthew Wilson,22,1,0,2026-07-09 00:15:58
2026-07-08 23:46:32,MATH013,1101,Steven Sax,23,4,0,2026-07-09 00:15:58
2026-07-08 23:46:32,MATH013,1201,Steven Sax,23,1,0,2026-07-09 00:15:58
2026-07-08 23:46:32,MATH015,1101,Ben Bezejouh,22,5,0,2026-07-09 00:15:59
2026-07-08 23:46:32,MATH015,1201,Ben Bezejouh,22,8,0,2026-07-09 00:15:59
2026-07-08 23:46:32,MATH107,0101,Instructor: TBA,23,19,0,2026-07-09 00:15:59
2026-07-08 23:46:32,MATH107,0201,Instructor: TBA,23,14,0,2026-07-09 00:15:59
2026-07-08 23:46:32,MATH107,0301,Ben Bezejouh,23,21,0,2026-07-09 00:15:59
2026-07-08 23:46:32,MATH107,0401,Ayala Nuriely Kimel,23,0,0,2026-07-09 00:15:59
2026-07-08 23:46:32,MATH107,FC01,Julie Daberkow,23,2,0,2026-07-09 00:15:59
2026-07-08 23:46:32,MATH113,0111,Barbara Michelato,26,13,0,2026-07-09 00:15:59
2026-07-08 23:46:32,MATH113,0121,Barbara Michelato,28,3,0,2026-07-09 00:15:59
2026-07-08 23:46:32,MATH113,0131,Barbara Michelato,26,6,0,2026-07-09 00:15:59
2026-07-08 23:46:32,MATH113,0141,Barbara Michelato,28,6,0,2026-07-09 00:15:59
2026-07-08 23:46:32,MATH113,0211,Barbara Michelato,26,2,0,2026-07-09 00:15:59
2026-07-08 23:46:32,MATH113,0221,Barbara Michelato,26,10,0,2026-07-09 00:15:59
2026-07-08 23:46:32,MATH113,0231,Barbara Michelato,28,16,0,2026-07-09 00:15:59
2026-07-08 23:46:32,MATH113,0241,Barbara Michelato,28,16,0,2026-07-09 00:15:59
2026-07-08 23:46:32,MATH113,FC01,Jocelyn Menecio,24,5,0,2026-07-09 00:15:59
2026-07-08 23:46:32,MATH113,FC02,Jocelyn Menecio,24,0,0,2026-07-09 00:15:59
2026-07-08 23:46:32,MATH113,FC03,Jocelyn Menecio,24,4,0,2026-07-09 00:15:59
2026-07-08 23:46:32,MATH113,FC04,Jocelyn Menecio,24,16,0,2026-07-09 00:15:59
2026-07-08 23:46:32,MATH115,0111,Sean Gruber,26,17,0,2026-07-09 00:16:00
2026-07-08 23:46:32,MATH115,0121,Sean Gruber,26,1,0,2026-07-09 00:16:00
2026-07-08 23:46:32,MATH115,0131,Sean Gruber,26,3,0,2026-07-09 00:16:00
2026-07-08 23:46:32,MATH115,0141,Sean Gruber,26,19,0,2026-07-09 00:16:00
2026-07-08 23:46:32,MATH115,0171,Sean Gruber,26,18,0,2026-07-09 00:16:00
2026-07-08 23:46:32,MATH115,0181,Sean Gruber,26,4,0,2026-07-09 00:16:00
2026-07-08 23:46:32,MATH115,FC01,Sean Gruber,24,19,0,2026-07-09 00:16:00
2026-07-08 23:46:32,MATH115,FC02,Sean Gruber,24,16,0,2026-07-09 00:16:00
2026-07-08 23:46:32,MATH115,FC03,Sean Gruber,24,18,0,2026-07-09 00:16:00
2026-07-08 23:46:32,MATH115,FC04,Sean Gruber,24,16,0,2026-07-09 00:16:00
2026-07-08 23:46:32,MATH120,0111,Timothy Pilachowski,25,15,0,2026-07-09 00:16:00
2026-07-08 23:46:32,MATH120,0121,Timothy Pilachowski,25,5,0,2026-07-09 00:16:00
2026-07-08 23:46:32,MATH120,0131,Timothy Pilachowski,25,16,0,2026-07-09 00:16:00
2026-07-08 23:46:32,MATH120,0141,Timothy Pilachowski,25,4,0,2026-07-09 00:16:00
2026-07-08 23:46:32,MATH120,0211,Dong Quan Nguyen,29,0,0,2026-07-09 00:16:00
2026-07-08 23:46:32,MATH120,0221,Dong Quan Nguyen,29,0,0,2026-07-09 00:16:00
2026-07-08 23:46:32,MATH120,0231,Dong Quan Nguyen,29,0,0,2026-07-09 00:16:00
2026-07-08 23:46:32,MATH120,0241,Dong Quan Nguyen,29,0,0,2026-07-09 00:16:00
2026-07-08 23:46:32,MATH120,0311,Mestiyage Gunatilleka,30,0,0,2026-07-09 00:16:00
2026-07-08 23:46:32,MATH120,0321,Mestiyage Gunatilleka,30,0,0,2026-07-09 00:16:00
2026-07-08 23:46:32,MATH120,0331,Mestiyage Gunatilleka,30,0,0,2026-07-09 00:16:00
2026-07-08 23:46:32,MATH120,0341,Mestiyage Gunatilleka,30,1,0,2026-07-09 00:16:00
2026-07-08 23:46:32,MATH120,0411,Kaitlyn Loyd,30,0,0,2026-07-09 00:16:00
2026-07-08 23:46:32,MATH120,0412,Kaitlyn Loyd,33,0,0,2026-07-09 00:16:00
2026-07-08 23:46:32,MATH120,0421,Kaitlyn Loyd,30,0,0,2026-07-09 00:16:00
2026-07-08 23:46:32,MATH120,0422,Kaitlyn Loyd,33,0,0,2026-07-09 00:16:00
2026-07-08 23:46:32,MATH120,0431,Kaitlyn Loyd,30,0,0,2026-07-09 00:16:00
2026-07-08 23:46:32,MATH120,0441,Kaitlyn Loyd,30,0,0,2026-07-09 00:16:00
2026-07-08 23:46:32,MATH120,0511,Qendrim Gashi,30,0,2,2026-07-09 00:16:00
2026-07-08 23:46:32,MATH120,0521,Qendrim Gashi,30,0,4,2026-07-09 00:16:00
2026-07-08 23:46:32,MATH120,0531,Qendrim Gashi,30,0,4,2026-07-09 00:16:00
2026-07-08 23:46:32,MATH120,0541,Qendrim Gashi,30,0,4,2026-07-09 00:16:00
2026-07-08 23:46:32,MATH120,FC01,Jason Schultz,24,0,21,2026-07-09 00:16:00
2026-07-08 23:46:32,MATH120,FC02,Jason Schultz,24,0,22,2026-07-09 00:16:00
2026-07-08 23:46:32,MATH120,FC03,Jason Schultz,24,0,22,2026-07-09 00:16:00
2026-07-08 23:46:32,MATH120,FC04,Jason Schultz,24,0,21,2026-07-09 00:16:00
2026-07-08 23:46:32,MATH121,0101,Raluca Rosca,30,0,1,2026-07-09 00:16:01
2026-07-08 23:46:32,MATH135,0111,Todd Rowland,28,18,0,2026-07-09 00:16:01
2026-07-08 23:46:32,MATH135,0121,Todd Rowland,28,3,0,2026-07-09 00:16:01
2026-07-08 23:46:32,MATH135,0131,Todd Rowland,28,1,0,2026-07-09 00:16:01
2026-07-08 23:46:32,MATH135,0141,Todd Rowland,28,0,0,2026-07-09 00:16:01
2026-07-08 23:46:32,MATH135,0211,Anna Szczekutowicz,30,0,0,2026-07-09 00:16:01
2026-07-08 23:46:32,MATH135,0212,Anna Szczekutowicz,28,0,0,2026-07-09 00:16:01
2026-07-08 23:46:32,MATH135,0221,Anna Szczekutowicz,30,0,0,2026-07-09 00:16:01
2026-07-08 23:46:32,MATH135,0222,Anna Szczekutowicz,28,1,0,2026-07-09 00:16:01
2026-07-08 23:46:32,MATH135,0231,Anna Szczekutowicz,30,0,0,2026-07-09 00:16:01
2026-07-08 23:46:32,MATH135,0241,Anna Szczekutowicz,30,0,0,2026-07-09 00:16:01
2026-07-08 23:46:32,MATH136,0111,Zengrui Han,28,18,0,2026-07-09 00:16:02
2026-07-08 23:46:32,MATH136,0121,Zengrui Han,28,12,0,2026-07-09 00:16:02
2026-07-08 23:46:32,MATH136,0131,Zengrui Han,28,11,0,2026-07-09 00:16:02
2026-07-08 23:46:32,MATH136,0141,Zengrui Han,28,17,0,2026-07-09 00:16:02
2026-07-08 23:46:32,MATH140,0111,Matthew Wilson,27,0,0,2026-07-09 00:16:02
2026-07-08 23:46:32,MATH140,0113,Matthew Wilson,27,0,0,2026-07-09 00:16:02
2026-07-08 23:46:32,MATH140,0121,Matthew Wilson,27,0,0,2026-07-09 00:16:02
2026-07-08 23:46:32,MATH140,0123,Matthew Wilson,27,0,0,2026-07-09 00:16:02
2026-07-08 23:46:32,MATH140,0131,Matthew Wilson,27,0,0,2026-07-09 00:16:02
2026-07-08 23:46:32,MATH140,0211,Amin Gholampour,26,0,0,2026-07-09 00:16:02
2026-07-08 23:46:32,MATH140,0213,Amin Gholampour,26,0,0,2026-07-09 00:16:02
2026-07-08 23:46:32,MATH140,0221,Amin Gholampour,26,0,0,2026-07-09 00:16:02
2026-07-08 23:46:32,MATH140,0223,Amin Gholampour,26,0,0,2026-07-09 00:16:02
2026-07-08 23:46:32,MATH140,0231,Amin Gholampour,26,0,0,2026-07-09 00:16:02
2026-07-08 23:46:32,MATH140,0311,James Conway,26,0,0,2026-07-09 00:16:02
2026-07-08 23:46:32,MATH140,0313,James Conway,26,2,0,2026-07-09 00:16:02
2026-07-08 23:46:32,MATH140,0321,James Conway,26,0,0,2026-07-09 00:16:02
2026-07-08 23:46:32,MATH140,0323,James Conway,26,1,0,2026-07-09 00:16:02
2026-07-08 23:46:32,MATH140,0331,James Conway,26,5,0,2026-07-09 00:16:02
2026-07-08 23:46:32,MATH140,0411,Steven Chadwick,27,21,0,2026-07-09 00:16:02
2026-07-08 23:46:32,MATH140,0421,Steven Chadwick,27,22,0,2026-07-09 00:16:02
2026-07-08 23:46:32,MATH140,0423,Steven Chadwick,27,15,0,2026-07-09 00:16:02
2026-07-08 23:46:32,MATH140,0431,Steven Chadwick,27,1,0,2026-07-09 00:16:02
2026-07-08 23:46:32,MATH140,0433,Steven Chadwick,27,20,0,2026-07-09 00:16:02
2026-07-08 23:46:32,MATH140,0511,Steven Chadwick,27,23,0,2026-07-09 00:16:02
2026-07-08 23:46:32,MATH140,0513,Steven Chadwick,27,26,0,2026-07-09 00:16:02
2026-07-08 23:46:32,MATH140,0521,Steven Chadwick,27,16,0,2026-07-09 00:16:02
2026-07-08 23:46:32,MATH140,0523,Steven Chadwick,27,22,0,2026-07-09 00:16:02
2026-07-08 23:46:32,MATH140,0531,Steven Chadwick,27,6,0,2026-07-09 00:16:02
2026-07-08 23:46:32,MATH140,FC01,Arnaja Mitra,26,0,5,2026-07-09 00:16:02
2026-07-08 23:46:32,MATH140,FC02,Arnaja Mitra,26,0,4,2026-07-09 00:16:02
2026-07-08 23:46:32,MATH140,FC03,Arnaja Mitra,26,0,7,2026-07-09 00:16:02
2026-07-08 23:46:32,MATH140,FC04,Arnaja Mitra,26,0,3,2026-07-09 00:16:02
2026-07-08 23:46:32,MATH140,FC07,Arnaja Mitra,26,0,7,2026-07-09 00:16:02
2026-07-08 23:46:32,MATH140,FC08,Arnaja Mitra,26,0,5,2026-07-09 00:16:02
2026-07-08 23:46:32,MATH140,FC09,Craig Schlenoff,24,0,5,2026-07-09 00:16:02
2026-07-08 23:46:32,MATH140,FC10,Craig Schlenoff,24,0,4,2026-07-09 00:16:02
2026-07-08 23:46:32,MATH141,0111,Ariel Rosenfield,26,4,0,2026-07-09 00:16:03
2026-07-08 23:46:32,MATH141,0121,Ariel Rosenfield,26,0,0,2026-07-09 00:16:03
2026-07-08 23:46:32,MATH141,0131,Ariel Rosenfield,26,0,0,2026-07-09 00:16:03
2026-07-08 23:46:32,MATH141,0141,Ariel Rosenfield,27,4,0,2026-07-09 00:16:03
2026-07-08 23:46:32,MATH141,0211,Ariel Rosenfield,27,6,0,2026-07-09 00:16:03
2026-07-08 23:46:32,MATH141,0221,Ariel Rosenfield,27,0,0,2026-07-09 00:16:03
2026-07-08 23:46:32,MATH141,0231,Ariel Rosenfield,27,0,0,2026-07-09 00:16:03
2026-07-08 23:46:32,MATH141,0241,Ariel Rosenfield,27,0,0,2026-07-09 00:16:03
2026-07-08 23:46:32,MATH141,0242,Ariel Rosenfield,27,0,0,2026-07-09 00:16:03
2026-07-08 23:46:32,MATH141,0311,Shin Song,27,5,0,2026-07-09 00:16:03
2026-07-08 23:46:32,MATH141,0321,Shin Song,27,0,0,2026-07-09 00:16:03
2026-07-08 23:46:32,MATH141,0331,Shin Song,27,1,0,2026-07-09 00:16:03
2026-07-08 23:46:32,MATH141,0341,Shin Song,27,2,0,2026-07-09 00:16:03
2026-07-08 23:46:32,MATH141,0411,Jonathan Fernandes,27,18,0,2026-07-09 00:16:03
2026-07-08 23:46:32,MATH141,0421,Jonathan Fernandes,27,4,0,2026-07-09 00:16:03
2026-07-08 23:46:32,MATH141,0422,Jonathan Fernandes,27,16,0,2026-07-09 00:16:03
2026-07-08 23:46:32,MATH141,0431,Jonathan Fernandes,27,0,0,2026-07-09 00:16:03
2026-07-08 23:46:32,MATH141,0441,Jonathan Fernandes,27,10,0,2026-07-09 00:16:03
2026-07-08 23:46:32,MATH141,FC01,Junyan Zhao,24,1,0,2026-07-09 00:16:03
2026-07-08 23:46:32,MATH141,FC02,Junyan Zhao,24,1,0,2026-07-09 00:16:03
2026-07-08 23:46:32,MATH141,FC03,Junyan Zhao,24,0,0,2026-07-09 00:16:03
2026-07-08 23:46:32,MATH141,FC04,Instructor: TBA,24,22,0,2026-07-09 00:16:03
2026-07-08 23:46:32,MATH206,0101,Terence Long,450,243,0,2026-07-09 00:16:03
2026-07-08 23:46:32,MATH212,0101,Instructor: TBA,25,4,0,2026-07-09 00:16:03
2026-07-08 23:46:32,MATH213,0101,Instructor: TBA,20,0,3,2026-07-09 00:16:04
2026-07-08 23:46:32,MATH213,0201,Instructor: TBA,20,11,0,2026-07-09 00:16:04
2026-07-08 23:46:32,MATH214,0201,Instructor: TBA,25,0,1,2026-07-09 00:16:04
2026-07-08 23:46:32,MATH240,0111,Wiseley Wong,30,0,0,2026-07-09 00:16:05
2026-07-08 23:46:32,MATH240,0121,Wiseley Wong,30,0,4,2026-07-09 00:16:05
2026-07-08 23:46:32,MATH240,0131,Wiseley Wong,30,0,5,2026-07-09 00:16:05
2026-07-08 23:46:32,MATH240,0141,Wiseley Wong,30,0,3,2026-07-09 00:16:05
2026-07-08 23:46:32,MATH240,0211,Junyan Zhao,30,0,0,2026-07-09 00:16:05
2026-07-08 23:46:32,MATH240,0221,Junyan Zhao,30,0,0,2026-07-09 00:16:05
2026-07-08 23:46:32,MATH240,0231,Junyan Zhao,30,0,0,2026-07-09 00:16:05
2026-07-08 23:46:32,MATH240,0241,Junyan Zhao,30,0,0,2026-07-09 00:16:05
2026-07-08 23:46:32,MATH240,0311,Raluca Rosca,27,7,0,2026-07-09 00:16:05
2026-07-08 23:46:32,MATH240,0321,Raluca Rosca,27,21,0,2026-07-09 00:16:05
2026-07-08 23:46:32,MATH240,0331,Raluca Rosca,27,10,0,2026-07-09 00:16:05
2026-07-08 23:46:32,MATH240,0341,Raluca Rosca,27,11,0,2026-07-09 00:16:05
2026-07-08 23:46:32,MATH240,FC01,Instructor: TBA,26,16,0,2026-07-09 00:16:05
2026-07-08 23:46:32,MATH241,0111,Jiwoong Jang,35,0,3,2026-07-09 00:16:05
2026-07-08 23:46:32,MATH241,0121,Jiwoong Jang,35,0,3,2026-07-09 00:16:05
2026-07-08 23:46:32,MATH241,0131,Jiwoong Jang,35,0,1,2026-07-09 00:16:05
2026-07-08 23:46:32,MATH241,0132,Jiwoong Jang,30,0,1,2026-07-09 00:16:05
2026-07-08 23:46:32,MATH241,0141,Jiwoong Jang,35,0,1,2026-07-09 00:16:05
2026-07-08 23:46:32,MATH241,0142,Jiwoong Jang,35,0,1,2026-07-09 00:16:05
2026-07-08 23:46:32,MATH241,0211,Stefan Doboszczak,32,0,0,2026-07-09 00:16:05
2026-07-08 23:46:32,MATH241,0221,Stefan Doboszczak,32,0,0,2026-07-09 00:16:05
2026-07-08 23:46:32,MATH241,0231,Stefan Doboszczak,32,0,0,2026-07-09 00:16:05
2026-07-08 23:46:32,MATH241,0232,Stefan Doboszczak,35,0,0,2026-07-09 00:16:05
2026-07-08 23:46:32,MATH241,0241,Stefan Doboszczak,32,0,0,2026-07-09 00:16:05
2026-07-08 23:46:32,MATH241,0242,Stefan Doboszczak,30,0,0,2026-07-09 00:16:05
2026-07-08 23:46:32,MATH241,0311,Kendall Williams,31,0,0,2026-07-09 00:16:05
2026-07-08 23:46:32,MATH241,0321,Kendall Williams,31,0,0,2026-07-09 00:16:05
2026-07-08 23:46:32,MATH241,0331,Kendall Williams,31,0,0,2026-07-09 00:16:05
2026-07-08 23:46:32,MATH241,0332,Kendall Williams,25,6,0,2026-07-09 00:16:05
2026-07-08 23:46:32,MATH241,0341,Kendall Williams,31,1,0,2026-07-09 00:16:05
2026-07-08 23:46:32,MATH241,0342,Kendall Williams,25,21,0,2026-07-09 00:16:05
2026-07-08 23:46:32,MATH241,0411,Manoussos Grillakis,31,1,0,2026-07-09 00:16:05
2026-07-08 23:46:32,MATH241,0421,Manoussos Grillakis,31,0,0,2026-07-09 00:16:05
2026-07-08 23:46:32,MATH241,0431,Manoussos Grillakis,31,0,0,2026-07-09 00:16:05
2026-07-08 23:46:32,MATH241,0441,Manoussos Grillakis,31,0,0,2026-07-09 00:16:05
2026-07-08 23:46:32,MATH241,0511,Panagiotis Dimakis,30,0,1,2026-07-09 00:16:05
2026-07-08 23:46:32,MATH241,0521,Panagiotis Dimakis,30,0,1,2026-07-09 00:16:05
2026-07-08 23:46:32,MATH241,0522,Panagiotis Dimakis,32,0,3,2026-07-09 00:16:05
2026-07-08 23:46:32,MATH241,0531,Panagiotis Dimakis,30,0,4,2026-07-09 00:16:05
2026-07-08 23:46:32,MATH241,0532,Panagiotis Dimakis,32,0,3,2026-07-09 00:16:05
2026-07-08 23:46:32,MATH241,0541,Panagiotis Dimakis,30,0,3,2026-07-09 00:16:05
2026-07-08 23:46:32,MATH241,0611,David Hamilton,27,0,0,2026-07-09 00:16:05
2026-07-08 23:46:32,MATH241,0621,David Hamilton,27,0,1,2026-07-09 00:16:05
2026-07-08 23:46:32,MATH241,FC01,Instructor: TBA,23,1,0,2026-07-09 00:16:05
2026-07-08 23:46:32,MATH241,FC02,Instructor: TBA,23,1,0,2026-07-09 00:16:05
2026-07-08 23:46:32,MATH243,0111,Terence Long,30,5,0,2026-07-09 00:16:06
2026-07-08 23:46:32,MATH243,0121,Terence Long,30,16,0,2026-07-09 00:16:06
2026-07-08 23:46:32,MATH243,0131,Terence Long,30,4,0,2026-07-09 00:16:06
2026-07-08 23:46:32,MATH243,0141,Terence Long,30,20,0,2026-07-09 00:16:06
2026-07-08 23:46:32,MATH243,0211,Allan Yashinski,35,1,0,2026-07-09 00:16:06
2026-07-08 23:46:32,MATH243,0212,Allan Yashinski,30,13,0,2026-07-09 00:16:06
2026-07-08 23:46:32,MATH243,0221,Allan Yashinski,35,0,0,2026-07-09 00:16:06
2026-07-08 23:46:32,MATH243,0222,Allan Yashinski,30,8,0,2026-07-09 00:16:06
2026-07-08 23:46:32,MATH246,0111,Kendall Williams,27,0,0,2026-07-09 00:16:06
2026-07-08 23:46:32,MATH246,0121,Kendall Williams,27,2,0,2026-07-09 00:16:06
2026-07-08 23:46:32,MATH246,0131,Kendall Williams,27,6,0,2026-07-09 00:16:06
2026-07-08 23:46:32,MATH246,0141,Kendall Williams,27,0,0,2026-07-09 00:16:06
2026-07-08 23:46:32,MATH246,0211,Antoine Mellet,34,0,0,2026-07-09 00:16:06
2026-07-08 23:46:32,MATH246,0212,Antoine Mellet,30,0,0,2026-07-09 00:16:06
2026-07-08 23:46:32,MATH246,0221,Antoine Mellet,34,0,0,2026-07-09 00:16:06
2026-07-08 23:46:32,MATH246,0222,Antoine Mellet,30,0,0,2026-07-09 00:16:06
2026-07-08 23:46:32,MATH246,0231,Antoine Mellet,34,0,0,2026-07-09 00:16:06
2026-07-08 23:46:32,MATH246,0232,Antoine Mellet,30,0,0,2026-07-09 00:16:06
2026-07-08 23:46:32,MATH246,0241,Antoine Mellet,34,0,0,2026-07-09 00:16:06
2026-07-08 23:46:32,MATH246,0242,Antoine Mellet,27,0,0,2026-07-09 00:16:06
2026-07-08 23:46:32,MATH246,0411,Alice Wang,27,6,0,2026-07-09 00:16:06
2026-07-08 23:46:32,MATH246,0412,Alice Wang,27,2,0,2026-07-09 00:16:06
2026-07-08 23:46:32,MATH246,0413,Alice Wang,27,6,0,2026-07-09 00:16:06
2026-07-08 23:46:32,MATH246,0414,Alice Wang,27,14,0,2026-07-09 00:16:06
2026-07-08 23:46:32,MATH274,0101,Sean Gruber,27,13,0,2026-07-09 00:16:06
2026-07-08 23:46:32,MATH299B,0101,Roohollah Ebrahimian,25,7,0,2026-07-09 00:16:07
2026-07-08 23:46:32,MATH299P,0101,Oliver Andrews,20,17,0,2026-07-09 00:16:07
2026-07-08 23:46:32,MATH310,0101,Kathryn Truman,30,0,0,2026-07-09 00:16:08
2026-07-08 23:46:32,MATH310,0201,Stefan Doboszczak,30,0,7,2026-07-09 00:16:08
2026-07-08 23:46:32,MATH310,0301,Jiwoong Jang,30,8,0,2026-07-09 00:16:08
2026-07-08 23:46:32,MATH314,0101,Instructor: TBA,20,10,0,2026-07-09 00:16:08
2026-07-08 23:46:32,MATH340,0101,Niranjan Ramachandran,36,18,0,2026-07-09 00:16:09
2026-07-08 23:46:32,MATH340,0201,Roohollah Ebrahimian,36,26,0,2026-07-09 00:16:09
2026-07-08 23:46:32,MATH401,0111,Guillaume Dumas,30,0,0,2026-07-09 00:16:09
2026-07-08 23:46:32,MATH401,0112,Guillaume Dumas,30,0,0,2026-07-09 00:16:09
2026-07-08 23:46:32,MATH401,0113,Guillaume Dumas,30,0,2,2026-07-09 00:16:09
2026-07-08 23:46:32,MATH401,0211,Haizhao Yang,34,0,1,2026-07-09 00:16:09
2026-07-08 23:46:32,MATH401,0212,Haizhao Yang,34,0,2,2026-07-09 00:16:09
2026-07-08 23:46:32,MATH401,0213,Haizhao Yang,34,0,1,2026-07-09 00:16:09
2026-07-08 23:46:32,MATH401,0301,Guillaume Dumas,35,0,2,2026-07-09 00:16:09
2026-07-08 23:46:32,MATH401,0601,Aditya Kumar,35,0,0,2026-07-09 00:16:09
2026-07-08 23:46:32,MATH402,0101,Wiseley Wong,30,20,0,2026-07-09 00:16:10
2026-07-08 23:46:32,MATH403,0101,Amin Gholampour,35,0,2,2026-07-09 00:16:10
2026-07-08 23:46:32,MATH405,0101,Bogdan Zavyalov,30,0,3,2026-07-09 00:16:11
2026-07-08 23:46:32,MATH405,0201,Christian Zickert,30,1,0,2026-07-09 00:16:11
2026-07-08 23:46:32,MATH405,0301,Patrick Brosnan,30,15,0,2026-07-09 00:16:11
2026-07-08 23:46:32,MATH406,0101,Niranjan Ramachandran,30,1,0,2026-07-09 00:16:11
2026-07-08 23:46:32,MATH406,0201,Shin Song,30,0,0,2026-07-09 00:16:11
2026-07-08 23:46:32,MATH406,0301,Giovanni Forni,30,11,0,2026-07-09 00:16:11
2026-07-08 23:46:32,MATH407,0101,Thomas Haines,25,12,0,2026-07-09 00:16:12
2026-07-08 23:46:32,MATH410,0101,James Conway,30,0,0,2026-07-09 00:16:12
2026-07-08 23:46:32,MATH410,0201,Stefan Doboszczak,32,0,0,2026-07-09 00:16:12
2026-07-08 23:46:32,MATH410,0301,Terence Long,32,0,0,2026-07-09 00:16:12
2026-07-08 23:46:32,MATH410,0401,Kendall Williams,32,16,0,2026-07-09 00:16:12
2026-07-08 23:46:32,MATH410,0501,Zhongtian Hu,32,0,1,2026-07-09 00:16:12
2026-07-08 23:46:32,MATH410,0601,Andrew Lawrie,32,0,0,2026-07-09 00:16:12
2026-07-08 23:46:32,MATH410,0701,Sandra Cerrai,32,0,0,2026-07-09 00:16:12
2026-07-08 23:46:32,MATH411,0101,Christian Rosendal,32,0,0,2026-07-09 00:16:12
2026-07-08 23:46:32,MATH411,0201,Antoine Mellet,32,4,0,2026-07-09 00:16:12
2026-07-08 23:46:32,MATH416,0101,Wojciech Czaja,30,15,0,2026-07-09 00:16:13
2026-07-08 23:46:32,MATH423,0101,Archana Khurana,35,0,11,2026-07-09 00:16:13
2026-07-08 23:46:32,MATH423,0201,James Conway,35,0,11,2026-07-09 00:16:13
2026-07-08 23:46:32,MATH423,0301,Anna Szczekutowicz,35,0,6,2026-07-09 00:16:13
2026-07-08 23:46:32,MATH424,0101,Steven Chadwick,33,0,0,2026-07-09 00:16:14
2026-07-08 23:46:32,MATH424,0201,Dmitry Dolgopyat,30,8,0,2026-07-09 00:16:14
2026-07-08 23:46:32,MATH430,0101,Instructor: TBA,30,8,0,2026-07-09 00:16:14
2026-07-08 23:46:32,MATH431,0101,William Goldman,35,1,0,2026-07-09 00:16:15
2026-07-08 23:46:32,MATH432,0101,Boyu Zhang,33,11,0,2026-07-09 00:16:15
2026-07-08 23:46:32,MATH436,0101,Richard Wentworth,25,18,0,2026-07-09 00:16:15
2026-07-08 23:46:32,MATH440,0101,Yanir Rubinstein,21,4,0,2026-07-09 00:16:16
2026-07-08 23:46:32,MATH445,0101,Roohollah Ebrahimian,30,20,0,2026-07-09 00:16:16
2026-07-08 23:46:32,MATH452,0101,Margaret Doucette,30,1,0,2026-07-09 00:16:17
2026-07-08 23:46:32,MATH456,0101,Shin Song,35,0,1,2026-07-09 00:16:17
2026-07-08 23:46:32,MATH456,0201,Aravind Srinivasan,52,0,0,2026-07-09 00:16:17
2026-07-08 23:46:32,MATH456,0401,Jonathan Rosenberg,35,25,0,2026-07-09 00:16:17
2026-07-08 23:46:32,MATH461,0111,Allan Yashinski,32,1,0,2026-07-09 00:16:18
2026-07-08 23:46:32,MATH461,0112,Allan Yashinski,32,1,0,2026-07-09 00:16:18
2026-07-08 23:46:32,MATH461,0121,Allan Yashinski,32,5,0,2026-07-09 00:16:18
2026-07-08 23:46:32,MATH461,0122,Allan Yashinski,31,15,0,2026-07-09 00:16:18
2026-07-08 23:46:32,MATH461,0131,Allan Yashinski,31,23,0,2026-07-09 00:16:18
2026-07-08 23:46:32,MATH461,0132,Allan Yashinski,31,28,0,2026-07-09 00:16:18
2026-07-08 23:46:32,MATH462,0201,Ricardo Nochetto,23,3,0,2026-07-09 00:16:18
2026-07-08 23:46:32,MATH463,0101,David Hamilton,30,24,0,2026-07-09 00:16:18
2026-07-08 23:46:32,MATH463,0201,Shiferaw Berhanu,35,0,0,2026-07-09 00:16:18
2026-07-08 23:46:32,MATH463,0301,Allan Yashinski,35,0,0,2026-07-09 00:16:18
2026-07-08 23:46:32,MATH463,0401,Alexey Okunev,30,1,0,2026-07-09 00:16:18
2026-07-08 23:46:32,MATH464,0101,Shiferaw Berhanu,33,0,0,2026-07-09 00:16:19
2026-07-08 23:46:32,MATH475,0101,Wiseley Wong,35,0,5,2026-07-09 00:16:19
2026-07-08 23:46:32,MATH475,0201,Qendrim Gashi,35,0,6,2026-07-09 00:16:19
2026-07-08 23:46:32,MATH498T,0101,Archana Khurana,30,18,0,2026-07-09 00:16:20
2026-07-08 23:46:32,MATH600,0101,Dori Bejleri,30,16,0,2026-07-09 00:16:21
2026-07-08 23:46:32,MATH606,0101,Harry Tamvakis,20,13,0,2026-07-09 00:16:21
2026-07-08 23:46:32,MATH610,0101,Yu Gu,30,18,0,2026-07-09 00:16:22
2026-07-08 23:46:32,MATH630,0101,Huy Nguyen,25,19,0,2026-07-09 00:16:22
2026-07-08 23:46:32,MATH632,0101,Radu Balan,18,3,0,2026-07-09 00:16:23
2026-07-08 23:46:32,MATH642,0101,Giovanni Forni,18,17,0,2026-07-09 00:16:23
2026-07-08 23:46:32,MATH661,0101,Tamas Darvas,18,11,0,2026-07-09 00:16:23
2026-07-08 23:46:32,MATH673,0101,Chris Henderson,18,10,0,2026-07-09 00:16:24
2026-07-08 23:46:32,MATH675,0101,Matei Machedon,20,7,0,2026-07-09 00:16:24
2026-07-08 23:46:32,MATH695,0101,Terence Long,35,35,0,2026-07-09 00:16:25
2026-07-08 23:46:32,MATH712,0101,Michael Laskowski,20,19,0,2026-07-09 00:16:26
2026-07-08 23:46:32,MATH721,0101,Abba Gumel,30,26,0,2026-07-09 00:16:26
2026-07-08 23:46:32,MATH730,0101,Or Hershkovits,20,14,0,2026-07-09 00:16:26
2026-07-08 23:46:32,MATH740,0101,Andrew Senger,20,20,0,2026-07-09 00:16:27
2026-07-08 23:46:32,MATH808B,0101,Thomas Haines,20,12,0,2026-07-09 00:16:28
2026-07-08 23:46:32,MATH848E,0101,Daniel Cristofaro-Gardiner,18,13,0,2026-07-09 00:16:29
2026-07-08 23:46:32,MATH848J,0101,Yanir Rubinstein,20,11,0,2026-07-09 00:16:30
2026-07-08 23:46:32,MATH858D,0101,Henri Berestycki,18,10,0,2026-07-09 00:16:31
2026-07-08 23:46:32,MATH858J,0101,Eitan Tadmor,18,12,0,2026-07-09 00:16:31
2026-07-08 23:46:32,MATH858U,0101,Wojciech Czaja,20,8,0,2026-07-09 00:16:31
2026-07-08 23:46:32,MEES498I,0101,Carys Mitchelmore,20,19,0,2026-07-09 00:16:34
2026-07-08 23:46:32,MEES602,0101,Vyacheslav Lyubchich,30,29,0,2026-07-09 00:16:35
2026-07-08 23:46:32,MEES603,0101,Cynthia Palinkas,20,18,0,2026-07-09 00:16:35
2026-07-08 23:46:32,MEES607,0101,Silvia Regina Santos Da Silva,20,19,0,2026-07-09 00:16:36
2026-07-08 23:46:32,MEES608O,0101,Jum Sook Chung,20,20,0,2026-07-09 00:16:36
2026-07-08 23:46:32,MEES613,0101,Vyacheslav Lyubchich,30,26,0,2026-07-09 00:16:37
2026-07-08 23:46:32,MEES615,0101,Joaquin Martinez Martinez,15,12,0,2026-07-09 00:16:37
2026-07-08 23:46:32,MEES620,0101,Matthew Houser,20,18,0,2026-07-09 00:16:37
2026-07-08 23:46:32,MEES640,0101,Johan Schijf,20,18,0,2026-07-09 00:16:38
2026-07-08 23:46:32,MEES660,0101,Lora Harris,20,17,0,2026-07-09 00:16:38
2026-07-08 23:46:32,MEES680,0101,Tsvetan Bachvaroff,20,20,0,2026-07-09 00:16:39
2026-07-08 23:46:32,MEES682,0101,Michael Wilberg,20,19,0,2026-07-09 00:16:39
2026-07-08 23:46:32,MEES698C,0101,Matthew Fitzpatrick,20,15,0,2026-07-09 00:16:40
2026-07-08 23:46:32,MEES698I,0101,Carys Mitchelmore,20,19,0,2026-07-09 00:16:40
2026-07-08 23:46:32,MEES698V,0101,Judith O'Neil,20,20,0,2026-07-09 00:16:40
2026-07-08 23:46:32,MEES702,0101,Vyacheslav Lyubchich,30,29,0,2026-07-09 00:16:41
2026-07-08 23:46:32,MEES718P,0101,William Nardin,20,19,0,2026-07-09 00:16:42
2026-07-08 23:46:32,MEES718S,0101,Gerrit Schipper,20,17,0,2026-07-09 00:16:42
2026-07-08 23:46:32,MIEH300,0101,Meleah Boyle,18,0,4,2026-07-09 00:16:45
2026-07-08 23:46:32,MIEH300,0102,Meleah Boyle,18,0,0,2026-07-09 00:16:45
2026-07-08 23:46:32,MIEH300,0103,Meleah Boyle,18,0,3,2026-07-09 00:16:45
2026-07-08 23:46:32,MIEH300,0104,Meleah Boyle,18,0,3,2026-07-09 00:16:45
2026-07-08 23:46:32,MIEH300,0105,Meleah Boyle,18,3,0,2026-07-09 00:16:45
2026-07-08 23:46:32,MIEH300,0106,Meleah Boyle,18,0,1,2026-07-09 00:16:45
2026-07-08 23:46:32,MIEH300,0107,Meleah Boyle,18,0,0,2026-07-09 00:16:45
2026-07-08 23:46:32,MIEH300,0108,Meleah Boyle,18,0,3,2026-07-09 00:16:45
2026-07-08 23:46:32,MIEH321,0101,Heather Amato,13,0,0,2026-07-09 00:16:46
2026-07-08 23:46:32,MIEH321,0201,Heather Amato,10,0,0,2026-07-09 00:16:46
2026-07-08 23:46:32,MIEH331,0101,Pin Wang,25,9,0,2026-07-09 00:16:46
2026-07-08 23:46:32,MIEH331H,0101,Pin Wang,2,2,0,2026-07-09 00:16:47
2026-07-08 23:46:32,MIEH333,0101,Leena Malayil,25,0,3,2026-07-09 00:16:47
2026-07-08 23:46:32,MIEH600,0201,Kristen Coleman,20,13,0,2026-07-09 00:16:48
2026-07-08 23:46:32,MIEH605,GH01,Suhana Chattopadhyay,25,12,0,2026-07-09 00:16:48
2026-07-08 23:46:32,MIEH691,0101,Rianna Murray,15,8,0,2026-07-09 00:16:49
2026-07-08 23:46:32,MIEH740,0201,Abdel-Razak Kadry,15,9,0,2026-07-09 00:16:49
2026-07-08 23:46:32,MIEH778,0201,Rianna Murray,5,5,0,2026-07-09 00:16:49
2026-07-08 23:46:32,MIEH780,0101,Kathleen McPhaul,10,6,0,2026-07-09 00:16:50
2026-07-08 23:46:32,MIEH783,0101,Donald Milton,15,12,0,2026-07-09 00:16:50
2026-07-08 23:46:32,MITH388,0101,Jeffrey Moro,10,10,0,2026-07-09 00:16:54
2026-07-08 23:46:32,MITH388,0201,Raffaele Viglianti,5,5,0,2026-07-09 00:16:54
2026-07-08 23:46:32,MITH388,0301,Stephanie Sapienza,5,5,0,2026-07-09 00:16:54
2026-07-08 23:46:32,MITH388T,0101,Jeffrey Moro,5,5,0,2026-07-09 00:16:55
2026-07-08 23:46:32,MITH610,0101,Jeffrey Moro,15,15,0,2026-07-09 00:16:55
2026-07-08 23:46:32,MITH628B,0101,Raffaele Viglianti,15,15,0,2026-07-09 00:16:56
2026-07-08 23:46:32,MITH628B,0201,Raffaele Viglianti,5,5,0,2026-07-09 00:16:56
2026-07-08 23:46:32,MITH729,0101,Marisa Parham,25,24,0,2026-07-09 00:16:56
2026-07-08 23:46:32,MLAW100,0101,Christine White,83,33,0,2026-07-09 00:16:58
2026-07-08 23:46:32,MLAW304,0201,Christine White,65,20,0,2026-07-09 00:16:58
2026-07-08 23:46:32,MLAW305,0101,Brian Gilmore,40,0,0,2026-07-09 00:16:59
2026-07-08 23:46:32,MLAW315,0101,Grace Benton,13,2,0,2026-07-09 00:16:59
2026-07-08 23:46:32,MLAW358Q,0101,David Cunningham,5,3,0,2026-07-09 00:17:00
2026-07-08 23:46:32,MLAW358T,0101,Christine White,25,3,0,2026-07-09 00:17:00
2026-07-08 23:46:32,MLAW358X,0101,Martin Kobren,5,0,3,2026-07-09 00:17:01
2026-07-08 23:46:32,MLAW359,0101,Brandee Pettus,10,7,0,2026-07-09 00:17:01
2026-07-08 23:46:32,MLAW378E,0101,Brandee Pettus,5,5,0,2026-07-09 00:17:01
2026-07-08 23:46:32,MLAW378K,0101,Brian Gilmore,20,0,5,2026-07-09 00:17:02
2026-07-08 23:46:32,MLAW378Q,0101,Paul Huth,5,1,0,2026-07-09 00:17:02
2026-07-08 23:46:32,MLAW378R,0101,Nancy Schertzing,13,1,0,2026-07-09 00:17:03
2026-07-08 23:46:32,MLAW388,0101,Brandee Pettus,40,26,0,2026-07-09 00:17:03
2026-07-08 23:46:32,MLSC250,FC01,Instructor: TBA,20,4,0,2026-07-09 00:17:05
2026-07-08 23:46:32,MSAI601,PCS1,Sandra Cerrai,50,0,0,2026-07-09 00:17:07
2026-07-08 23:46:32,MSAI601,PCS2,Jonathan Fernandes,55,2,0,2026-07-09 00:17:07
2026-07-08 23:46:32,MSAI601,PWS1,Leonid Koralov,55,0,0,2026-07-09 00:17:07
2026-07-08 23:46:32,MSAI602,PCS1,Sujeong Kim,44,0,1,2026-07-09 00:17:07
2026-07-08 23:46:32,MSAI602,PCS2,Sujeong Kim,44,14,0,2026-07-09 00:17:07
2026-07-08 23:46:32,MSAI602,PWS1,Fardina Alam,44,0,6,2026-07-09 00:17:07
2026-07-08 23:46:32,MSAI603,PCS4,Clarke Safsten,44,6,0,2026-07-09 00:17:08
2026-07-08 23:46:32,MSAI603,PCS5,Instructor: TBA,44,41,0,2026-07-09 00:17:08
2026-07-08 23:46:32,MSAI631,PCS1,Lamia Zia,44,4,0,2026-07-09 00:17:08
2026-07-08 23:46:32,MSAI632,PCS1,Mohammad Nayeem Teli,15,1,0,2026-07-09 00:17:08
2026-07-08 23:46:32,MSAI632,PCS2,Mohammad Nayeem Teli,40,0,13,2026-07-09 00:17:08
2026-07-08 23:46:32,MSAI633,PCS1,Tammy Perrin,15,5,0,2026-07-09 00:17:09
2026-07-08 23:46:32,MSAI633,PCS2,Tammy Perrin,40,0,29,2026-07-09 00:17:09
2026-07-08 23:46:32,MSAI633,PCS3,Tammy Perrin,5,0,2,2026-07-09 00:17:09
2026-07-08 23:46:32,MSAI633,PCS4,Tammy Perrin,25,0,38,2026-07-09 00:17:09
2026-07-08 23:46:32,MSAI635,PCS1,Samet Ayhan,50,24,0,2026-07-09 00:17:09
2026-07-08 23:46:32,MSML601,PCS1,Sandra Cerrai,50,0,0,2026-07-09 00:17:11
2026-07-08 23:46:32,MSML601,PCS2,Jonathan Fernandes,55,2,0,2026-07-09 00:17:11
2026-07-08 23:46:32,MSML601,PWS1,Leonid Koralov,55,0,0,2026-07-09 00:17:11
2026-07-08 23:46:32,MSML602,PCS1,Sujeong Kim,44,0,1,2026-07-09 00:17:11
2026-07-08 23:46:32,MSML602,PCS2,Sujeong Kim,44,14,0,2026-07-09 00:17:11
2026-07-08 23:46:32,MSML602,PWS1,Fardina Alam,44,0,6,2026-07-09 00:17:11
2026-07-08 23:46:32,MSML603,PCS1,Babak Azimi-Sadjadi,44,1,0,2026-07-09 00:17:12
2026-07-08 23:46:32,MSML603,PWS1,Kemal Davaslioglu,44,9,0,2026-07-09 00:17:12
2026-07-08 23:46:32,MSML610,PCS1,Giacinto Paolo Saggese,70,0,4,2026-07-09 00:17:12
2026-07-08 23:46:32,MSML612,PCS1,Samet Ayhan,50,9,0,2026-07-09 00:17:13
2026-07-08 23:46:32,MSML612,PWS1,Samet Ayhan,44,13,0,2026-07-09 00:17:13
2026-07-08 23:46:32,MSML635,PCS1,Samet Ayhan,50,24,0,2026-07-09 00:17:13
2026-07-08 23:46:32,MSML641,PCS1,Toki Inan,50,0,2,2026-07-09 00:17:14
2026-07-08 23:46:32,MSML641,PCS2,Toki Inan,50,41,0,2026-07-09 00:17:14
2026-07-08 23:46:32,MSML641,PWS1,Armin Mehrabian,50,0,8,2026-07-09 00:17:14
2026-07-08 23:46:32,MSML642,PCS1,Jerry Wu,50,1,0,2026-07-09 00:17:14
2026-07-08 23:46:32,MSML650,PCS1,Emre Gunduzhan,50,0,9,2026-07-09 00:17:14
2026-07-08 23:46:32,MSML650,PCS2,Emre Gunduzhan,50,0,10,2026-07-09 00:17:14
2026-07-08 23:46:32,MSQC601,PCS1,Stefan Doboszczak,30,11,0,2026-07-09 00:17:16
2026-07-08 23:46:32,MSQC602,PCS1,Anil Zenginoglu,30,11,0,2026-07-09 00:17:17
2026-07-08 23:46:32,MSQC603,PCS1,Babak Azimi-Sadjadi,44,1,0,2026-07-09 00:17:17
2026-07-08 23:46:32,MSQC603,PWS1,Kemal Davaslioglu,44,9,0,2026-07-09 00:17:17
2026-07-08 23:46:32,MSQC605,PCS1,Erik Gustafson,30,19,0,2026-07-09 00:17:18
2026-07-08 23:46:32,MSQC607,PWS1,Paul Lott,30,19,0,2026-07-09 00:17:18
2026-07-08 23:46:32,MSQC615,PCS1,Maicol Ochoa,30,24,0,2026-07-09 00:17:18
2026-07-08 23:46:32,MUED155,0101,Allison Durbin,15,14,0,2026-07-09 00:17:20
2026-07-08 23:46:32,MUED186,0101,Mike Hewitt,30,15,0,2026-07-09 00:17:21
2026-07-08 23:46:32,MUED213,0101,Allison Durbin,25,9,0,2026-07-09 00:17:21
2026-07-08 23:46:32,MUED320,0101,Stephanie Prichard,20,7,0,2026-07-09 00:17:22
2026-07-08 23:46:32,MUED333,0101,Kenneth Elpus,10,5,0,2026-07-09 00:17:22
2026-07-08 23:46:32,MUED420,0101,Mike Hewitt,20,11,0,2026-07-09 00:17:22
2026-07-08 23:46:32,MUED422,0101,Robin Giebelhausen,15,12,0,2026-07-09 00:17:23
2026-07-08 23:46:32,MUED474,0101,Instructor: TBA,15,11,0,2026-07-09 00:17:23
2026-07-08 23:46:32,MUED484,0101,Instructor: TBA,15,13,0,2026-07-09 00:17:24
2026-07-08 23:46:32,MUED494,0101,Instructor: TBA,15,13,0,2026-07-09 00:17:24
2026-07-08 23:46:32,MUED669,0101,Stephanie Prichard,5,5,0,2026-07-09 00:17:24
2026-07-08 23:46:32,MUED679,0101,Stephanie Prichard,5,5,0,2026-07-09 00:17:25
2026-07-08 23:46:32,MUED689,0101,Stephanie Prichard,5,5,0,2026-07-09 00:17:25
2026-07-08 23:46:32,MUED692,0101,Robin Giebelhausen,15,13,0,2026-07-09 00:17:26
2026-07-08 23:46:32,MUED698V,0101,Kenneth Elpus,5,5,0,2026-07-09 00:17:26
2026-07-08 23:46:32,MUED729,0101,Stephanie Prichard,10,6,0,2026-07-09 00:17:27
2026-07-08 23:46:32,MUED790,0101,Kenneth Elpus,10,6,0,2026-07-09 00:17:27
2026-07-08 23:46:32,MUSC099,0101,Matilda Smolij,200,66,0,2026-07-09 00:17:29
2026-07-08 23:46:32,MUSC102,0101,Instructor: TBA,14,8,0,2026-07-09 00:17:30
2026-07-08 23:46:32,MUSC102,0201,Instructor: TBA,14,9,0,2026-07-09 00:17:30
2026-07-08 23:46:32,MUSC102,0301,Instructor: TBA,12,0,0,2026-07-09 00:17:30
2026-07-08 23:46:32,MUSC102,0401,Instructor: TBA,14,0,1,2026-07-09 00:17:30
2026-07-08 23:46:32,MUSC102B,0101,Athanasios Ramadanidis,14,0,20,2026-07-09 00:17:30
2026-07-08 23:46:32,MUSC106,0101,Instructor: TBA,12,0,18,2026-07-09 00:17:31
2026-07-08 23:46:32,MUSC123,0101,Allison Brault,15,8,0,2026-07-09 00:17:31
2026-07-08 23:46:32,MUSC127,0101,Diba Alvi,15,6,0,2026-07-09 00:17:31
2026-07-08 23:46:32,MUSC128,0101,Benjamin Daly,5,3,0,2026-07-09 00:17:32
2026-07-08 23:46:32,MUSC129A,0101,Eric Kutz,45,28,0,2026-07-09 00:17:32
2026-07-08 23:46:32,MUSC129B,0101,Joseph Grimmer,40,26,0,2026-07-09 00:17:33
2026-07-08 23:46:32,MUSC129C,0101,Myles Blakemore,30,24,0,2026-07-09 00:17:33
2026-07-08 23:46:32,MUSC129D,0101,Josanne Francis,18,11,0,2026-07-09 00:17:34
2026-07-08 23:46:32,MUSC129E,0101,Josanne Francis,18,13,0,2026-07-09 00:17:34
2026-07-08 23:46:32,MUSC129F,0101,Willie Clark,45,40,0,2026-07-09 00:17:34
2026-07-08 23:46:32,MUSC129G,0101,I Suadin,20,14,0,2026-07-09 00:17:35
2026-07-08 23:46:32,MUSC129K,0101,Yuriko Gandolfo,7,0,10,2026-07-09 00:17:35
2026-07-08 23:46:32,MUSC129L,0101,Yuriko Gandolfo,4,2,0,2026-07-09 00:17:36
2026-07-08 23:46:32,MUSC129P,0101,Jonathan Bisesi,15,12,0,2026-07-09 00:17:36
2026-07-08 23:46:32,MUSC129Q,0101,Sebastian Wang,8,7,0,2026-07-09 00:17:36
2026-07-08 23:46:32,MUSC140,0101,Instructor: TBA,18,0,8,2026-07-09 00:17:37
2026-07-08 23:46:32,MUSC140,0201,Johannes Visser,18,0,12,2026-07-09 00:17:37
2026-07-08 23:46:32,MUSC150,0101,Richard Layton,8,2,0,2026-07-09 00:17:37
2026-07-08 23:46:32,MUSC150,0102,Richard Layton,8,3,0,2026-07-09 00:17:37
2026-07-08 23:46:32,MUSC150,0201,Richard Layton,8,1,0,2026-07-09 00:17:37
2026-07-08 23:46:32,MUSC150,0202,Richard Layton,8,5,0,2026-07-09 00:17:37
2026-07-08 23:46:32,MUSC150,0301,Michael Sauer,8,3,0,2026-07-09 00:17:37
2026-07-08 23:46:32,MUSC150,0302,Michael Sauer,8,2,0,2026-07-09 00:17:37
2026-07-08 23:46:32,MUSC202,0101,Instructor: TBA,15,6,0,2026-07-09 00:17:38
2026-07-08 23:46:32,MUSC204,0101,Brendan Kibbee,15,0,0,2026-07-09 00:17:38
2026-07-08 23:46:32,MUSC204,0102,Brendan Kibbee,15,0,2,2026-07-09 00:17:38
2026-07-08 23:46:32,MUSC204,0103,Brendan Kibbee,15,0,2,2026-07-09 00:17:38
2026-07-08 23:46:32,MUSC204,0104,Brendan Kibbee,15,0,0,2026-07-09 00:17:38
2026-07-08 23:46:32,MUSC204,0105,Brendan Kibbee,15,0,2,2026-07-09 00:17:38
2026-07-08 23:46:32,MUSC204,0106,Brendan Kibbee,15,0,3,2026-07-09 00:17:38
2026-07-08 23:46:32,MUSC204,0107,Brendan Kibbee,15,0,0,2026-07-09 00:17:38
2026-07-08 23:46:32,MUSC204,0108,Brendan Kibbee,15,0,3,2026-07-09 00:17:38
2026-07-08 23:46:32,MUSC204,0109,Brendan Kibbee,15,0,2,2026-07-09 00:17:38
2026-07-08 23:46:32,MUSC205,0101,Kelsey Klotz,12,1,0,2026-07-09 00:17:39
2026-07-08 23:46:32,MUSC205,0102,Kelsey Klotz,12,0,0,2026-07-09 00:17:39
2026-07-08 23:46:32,MUSC205,0103,Kelsey Klotz,12,0,0,2026-07-09 00:17:39
2026-07-08 23:46:32,MUSC205,0104,Kelsey Klotz,12,3,0,2026-07-09 00:17:39
2026-07-08 23:46:32,MUSC205,0105,Kelsey Klotz,12,2,0,2026-07-09 00:17:39
2026-07-08 23:46:32,MUSC205,0106,Kelsey Klotz,12,0,0,2026-07-09 00:17:39
2026-07-08 23:46:32,MUSC205,0107,Kelsey Klotz,12,0,0,2026-07-09 00:17:39
2026-07-08 23:46:32,MUSC205,0108,Kelsey Klotz,12,0,0,2026-07-09 00:17:39
2026-07-08 23:46:32,MUSC205,0109,Kelsey Klotz,12,0,0,2026-07-09 00:17:39
2026-07-08 23:46:32,MUSC205,0110,Kelsey Klotz,12,2,0,2026-07-09 00:17:39
2026-07-08 23:46:32,MUSC205,0111,Kelsey Klotz,12,2,0,2026-07-09 00:17:39
2026-07-08 23:46:32,MUSC205,0112,Kelsey Klotz,12,1,0,2026-07-09 00:17:39
2026-07-08 23:46:32,MUSC205,FC01,Nicole Steinberg,32,0,0,2026-07-09 00:17:39
2026-07-08 23:46:32,MUSC210,0101,Nicole Steinberg,12,2,0,2026-07-09 00:17:39
2026-07-08 23:46:32,MUSC210,0102,Nicole Steinberg,12,2,0,2026-07-09 00:17:39
2026-07-08 23:46:32,MUSC210,0103,Nicole Steinberg,12,0,0,2026-07-09 00:17:39
2026-07-08 23:46:32,MUSC210,0104,Nicole Steinberg,12,0,0,2026-07-09 00:17:39
2026-07-08 23:46:32,MUSC210,0105,Nicole Steinberg,12,3,0,2026-07-09 00:17:39
2026-07-08 23:46:32,MUSC210,0106,Nicole Steinberg,12,2,0,2026-07-09 00:17:39
2026-07-08 23:46:32,MUSC210,0107,Nicole Steinberg,12,3,0,2026-07-09 00:17:39
2026-07-08 23:46:32,MUSC210,0108,Nicole Steinberg,12,0,0,2026-07-09 00:17:39
2026-07-08 23:46:32,MUSC210,0109,Nicole Steinberg,12,4,0,2026-07-09 00:17:39
2026-07-08 23:46:32,MUSC210,0110,Nicole Steinberg,12,1,0,2026-07-09 00:17:39
2026-07-08 23:46:32,MUSC210,0111,Nicole Steinberg,12,3,0,2026-07-09 00:17:39
2026-07-08 23:46:32,MUSC210,0112,Nicole Steinberg,12,3,0,2026-07-09 00:17:39
2026-07-08 23:46:32,MUSC215,0101,Laura Schnitker,13,0,0,2026-07-09 00:17:39
2026-07-08 23:46:32,MUSC215,0102,Laura Schnitker,13,2,0,2026-07-09 00:17:39
2026-07-08 23:46:32,MUSC215,0103,Laura Schnitker,13,2,0,2026-07-09 00:17:39
2026-07-08 23:46:32,MUSC215,0104,Laura Schnitker,13,3,0,2026-07-09 00:17:39
2026-07-08 23:46:32,MUSC215,0105,Laura Schnitker,13,4,0,2026-07-09 00:17:39
2026-07-08 23:46:32,MUSC215,0106,Laura Schnitker,13,4,0,2026-07-09 00:17:39
2026-07-08 23:46:32,MUSC215,0107,Laura Schnitker,13,3,0,2026-07-09 00:17:39
2026-07-08 23:46:32,MUSC215,0108,Laura Schnitker,13,3,0,2026-07-09 00:17:39
2026-07-08 23:46:32,MUSC215,0109,Laura Schnitker,13,4,0,2026-07-09 00:17:39
2026-07-08 23:46:32,MUSC227,0101,Instructor: TBA,15,7,0,2026-07-09 00:17:40
2026-07-08 23:46:32,MUSC228,0101,Mai-Linh Pham,8,0,0,2026-07-09 00:17:40
2026-07-08 23:46:32,MUSC229A,0101,David Neely,70,41,0,2026-07-09 00:17:41
2026-07-08 23:46:32,MUSC229A,FC01,David Neely,1,1,0,2026-07-09 00:17:41
2026-07-08 23:46:32,MUSC229D,0101,Michael Votta,75,60,0,2026-07-09 00:17:41
2026-07-08 23:46:32,MUSC229E,0101,Andrea Brown,75,28,0,2026-07-09 00:17:42
2026-07-08 23:46:32,MUSC229E,FC01,Andrea Brown,5,5,0,2026-07-09 00:17:42
2026-07-08 23:46:32,MUSC229F,0101,Craig Potter,300,158,0,2026-07-09 00:17:42
2026-07-08 23:46:32,MUSC229F,FC01,Andrea Brown,10,3,0,2026-07-09 00:17:42
2026-07-08 23:46:32,MUSC229G,0101,Craig Potter,300,196,0,2026-07-09 00:17:43
2026-07-08 23:46:32,MUSC229G,FC01,Andrea Brown,10,6,0,2026-07-09 00:17:43
2026-07-08 23:46:32,MUSC229I,0101,Andrea Brown,75,37,0,2026-07-09 00:17:43
2026-07-08 23:46:32,MUSC229I,FC01,Andrea Brown,10,9,0,2026-07-09 00:17:43
2026-07-08 23:46:32,MUSC229J,0101,Mark Williams,25,17,0,2026-07-09 00:17:43
2026-07-08 23:46:32,MUSC229J,0201,Tim Powell,30,30,0,2026-07-09 00:17:43
2026-07-08 23:46:32,MUSC229J,0301,Hart Guonjian-Pettit,30,26,0,2026-07-09 00:17:43
2026-07-08 23:46:32,MUSC229J,FC01,Tim Powell,3,3,0,2026-07-09 00:17:43
2026-07-08 23:46:32,MUSC229K,0101,Ann Kennedy,35,17,0,2026-07-09 00:17:44
2026-07-08 23:46:32,MUSC229K,FC01,Ann Kennedy,10,8,0,2026-07-09 00:17:44
2026-07-08 23:46:32,MUSC229P,0101,Andrea Brown,120,70,0,2026-07-09 00:17:44
2026-07-08 23:46:32,MUSC229P,FC01,Andrea Brown,60,60,0,2026-07-09 00:17:44
2026-07-08 23:46:32,MUSC229R,0101,Alexander Kandybin,55,43,0,2026-07-09 00:17:45
2026-07-08 23:46:32,MUSC229R,FC01,Alexander Kandybin,10,10,0,2026-07-09 00:17:45
2026-07-08 23:46:32,MUSC229U,0101,Craig Potter,100,58,0,2026-07-09 00:17:45
2026-07-08 23:46:32,MUSC229U,FC01,Instructor: TBA,10,10,0,2026-07-09 00:17:45
2026-07-08 23:46:32,MUSC229Z,0101,Gerard Kunkel,10,9,0,2026-07-09 00:17:46
2026-07-08 23:46:32,MUSC229Z,0201,Thomas Baldwin,10,6,0,2026-07-09 00:17:46
2026-07-08 23:46:32,MUSC229Z,0401,Leigh Pilzer,10,8,0,2026-07-09 00:17:46
2026-07-08 23:46:32,MUSC229Z,0501,Mark Williams,10,10,0,2026-07-09 00:17:46
2026-07-08 23:46:32,MUSC240,0101,William Evans,18,0,0,2026-07-09 00:17:46
2026-07-08 23:46:32,MUSC250,0101,Anna Nelson,8,0,8,2026-07-09 00:17:47
2026-07-08 23:46:32,MUSC250,0102,Anna Nelson,8,0,1,2026-07-09 00:17:47
2026-07-08 23:46:32,MUSC250,0201,Anna Nelson,8,0,1,2026-07-09 00:17:47
2026-07-08 23:46:32,MUSC250,0202,Anna Nelson,8,0,3,2026-07-09 00:17:47
2026-07-08 23:46:32,MUSC250,0301,Instructor: TBA,8,4,0,2026-07-09 00:17:47
2026-07-08 23:46:32,MUSC250,0302,Instructor: TBA,8,2,0,2026-07-09 00:17:47
2026-07-08 23:46:32,MUSC260,0101,Brendan Kibbee,16,3,0,2026-07-09 00:17:47
2026-07-08 23:46:32,MUSC260,0102,Brendan Kibbee,16,0,4,2026-07-09 00:17:47
2026-07-08 23:46:32,MUSC260,0103,Brendan Kibbee,16,0,2,2026-07-09 00:17:47
2026-07-08 23:46:32,MUSC260,0104,Brendan Kibbee,16,11,0,2026-07-09 00:17:47
2026-07-08 23:46:32,MUSC329A,0101,Jason Ferdinand,75,62,0,2026-07-09 00:17:48
2026-07-08 23:46:32,MUSC329A,FC01,Jason Ferdinand,10,10,0,2026-07-09 00:17:48
2026-07-08 23:46:32,MUSC329B,0101,Jason Ferdinand,50,33,0,2026-07-09 00:17:48
2026-07-08 23:46:32,MUSC329E,0101,Anne Carswell,60,52,0,2026-07-09 00:17:48
2026-07-08 23:46:32,MUSC329M,0101,Jason Ferdinand,40,34,0,2026-07-09 00:17:49
2026-07-08 23:46:32,MUSC329M,FC01,Jason Ferdinand,10,10,0,2026-07-09 00:17:49
2026-07-08 23:46:32,MUSC329O,0101,Jason Ferdinand,30,30,0,2026-07-09 00:17:49
2026-07-08 23:46:32,MUSC329W,0101,Kenneth Elpus,60,34,0,2026-07-09 00:17:50
2026-07-08 23:46:32,MUSC329W,FC01,Kenneth Elpus,10,6,0,2026-07-09 00:17:50
2026-07-08 23:46:32,MUSC361,0101,William Robin,16,0,0,2026-07-09 00:17:50
2026-07-08 23:46:32,MUSC361,0102,William Robin,16,0,0,2026-07-09 00:17:50
2026-07-08 23:46:32,MUSC361,0103,William Robin,16,1,0,2026-07-09 00:17:50
2026-07-08 23:46:32,MUSC361,0104,William Robin,16,14,0,2026-07-09 00:17:50
2026-07-08 23:46:32,MUSC379,0101,Mai-Linh Pham,15,8,0,2026-07-09 00:17:50
2026-07-08 23:46:32,MUSC400S,0101,Irina Muresanu,20,5,0,2026-07-09 00:17:51
2026-07-08 23:46:32,MUSC428,0101,Futaba Niekawa,5,5,0,2026-07-09 00:17:51
2026-07-08 23:46:32,MUSC438A,0101,Fernando Rios,20,14,0,2026-07-09 00:17:52
2026-07-08 23:46:32,MUSC438M,0101,Brendan Kibbee,20,7,0,2026-07-09 00:17:52
2026-07-08 23:46:32,MUSC443,0101,Instructor: TBA,10,1,0,2026-07-09 00:17:53
2026-07-08 23:46:32,MUSC448E,0101,Elizabeth Schurgin,13,11,0,2026-07-09 00:17:54
2026-07-08 23:46:32,MUSC448E,0102,Elizabeth Schurgin,13,1,0,2026-07-09 00:17:54
2026-07-08 23:46:32,MUSC448O,0101,La Marr Bruce,20,19,0,2026-07-09 00:17:55
2026-07-08 23:46:32,MUSC448Y,0101,Gretchen Horlacher,12,5,0,2026-07-09 00:17:56
2026-07-08 23:46:32,MUSC450,0101,Daniel Zimmerman,18,0,1,2026-07-09 00:17:56
2026-07-08 23:46:32,MUSC453,0101,Mark Williams,8,5,0,2026-07-09 00:17:56
2026-07-08 23:46:32,MUSC455,0101,Leigh Pilzer,12,4,0,2026-07-09 00:17:57
2026-07-08 23:46:32,MUSC460,0101,Johannes Visser,8,1,0,2026-07-09 00:17:57
2026-07-08 23:46:32,MUSC464,0101,Thomas DeLio,12,8,0,2026-07-09 00:17:58
2026-07-08 23:46:32,MUSC467,0101,Instructor: TBA,14,12,0,2026-07-09 00:17:58
2026-07-08 23:46:32,MUSC469F,0101,Richard Barber,15,12,0,2026-07-09 00:17:58
2026-07-08 23:46:32,MUSC469V,0101,Greta Asgeirsson,10,9,0,2026-07-09 00:17:59
2026-07-08 23:46:32,MUSC484,0101,Olga Haldey,20,17,0,2026-07-09 00:17:59
2026-07-08 23:46:32,MUSC490,0101,Andrea Brown,12,0,0,2026-07-09 00:18:00
2026-07-08 23:46:32,MUSC490,0201,Jason Ferdinand,12,0,0,2026-07-09 00:18:00
2026-07-08 23:46:32,MUSC550,0101,Anna Nelson,15,15,0,2026-07-09 00:18:01
2026-07-08 23:46:32,MUSC601,0101,John Holiday,15,15,0,2026-07-09 00:18:01
2026-07-08 23:46:32,MUSC604,0101,Natalie Conte,15,8,0,2026-07-09 00:18:02
2026-07-08 23:46:32,MUSC605,0101,Jason Baker,10,3,0,2026-07-09 00:18:02
2026-07-08 23:46:32,MUSC609,0101,Futaba Niekawa,10,9,0,2026-07-09 00:18:03
2026-07-08 23:46:32,MUSC611,0101,Corinne Hayes,10,10,0,2026-07-09 00:18:04
2026-07-08 23:46:32,MUSC613,0101,Corinne Hayes,10,3,0,2026-07-09 00:18:04
2026-07-08 23:46:32,MUSC629A,0101,David Neely,50,49,0,2026-07-09 00:18:04
2026-07-08 23:46:32,MUSC629C,0101,Andrea Brown,20,20,0,2026-07-09 00:18:05
2026-07-08 23:46:32,MUSC629D,0101,Josanne Francis,18,11,0,2026-07-09 00:18:05
2026-07-08 23:46:32,MUSC629E,0101,Josanne Francis,18,13,0,2026-07-09 00:18:06
2026-07-08 23:46:32,MUSC629F,0101,Andrea Brown,175,175,0,2026-07-09 00:18:06
2026-07-08 23:46:32,MUSC629G,0101,I Suadin,5,5,0,2026-07-09 00:18:07
2026-07-08 23:46:32,MUSC629H,0101,Instructor: TBA,1,1,0,2026-07-09 00:18:07
2026-07-08 23:46:32,MUSC629J,0101,Mark Williams,20,19,0,2026-07-09 00:18:07
2026-07-08 23:46:32,MUSC629J,0201,Tim Powell,10,10,0,2026-07-09 00:18:07
2026-07-08 23:46:32,MUSC629J,0301,Instructor: TBA,10,10,0,2026-07-09 00:18:07
2026-07-08 23:46:32,MUSC629K,0101,Yuriko Gandolfo,2,2,0,2026-07-09 00:18:08
2026-07-08 23:46:32,MUSC629L,0101,Yuriko Gandolfo,4,3,0,2026-07-09 00:18:08
2026-07-08 23:46:32,MUSC629P,0101,Jonathan Bisesi,5,5,0,2026-07-09 00:18:09
2026-07-08 23:46:32,MUSC629P,0201,Jonathan Bisesi,5,5,0,2026-07-09 00:18:09
2026-07-08 23:46:32,MUSC629Q,0101,Sebastian Wang,2,2,0,2026-07-09 00:18:09
2026-07-08 23:46:32,MUSC629R,0101,David Neely,10,10,0,2026-07-09 00:18:10
2026-07-08 23:46:32,MUSC629U,0101,Craig Potter,10,10,0,2026-07-09 00:18:10
2026-07-08 23:46:32,MUSC629W,0101,Michael Votta,30,18,0,2026-07-09 00:18:10
2026-07-08 23:46:32,MUSC629Z,0101,Gerard Kunkel,10,10,0,2026-07-09 00:18:11
2026-07-08 23:46:32,MUSC629Z,0201,Thomas Baldwin,10,10,0,2026-07-09 00:18:11
2026-07-08 23:46:32,MUSC629Z,0301,Mark Williams,10,10,0,2026-07-09 00:18:11
2026-07-08 23:46:32,MUSC629Z,0401,Instructor: TBA,10,10,0,2026-07-09 00:18:11
2026-07-08 23:46:32,MUSC629Z,0501,Mark Williams,10,10,0,2026-07-09 00:18:11
2026-07-08 23:46:32,MUSC643,0101,Natalie Conte,15,14,0,2026-07-09 00:18:11
2026-07-08 23:46:32,MUSC646,0101,William Robin,10,10,0,2026-07-09 00:18:12
2026-07-08 23:46:32,MUSC648,0101,Lars Helgert,25,25,0,2026-07-09 00:18:12
2026-07-08 23:46:32,MUSC648,0102,Lars Helgert,25,25,0,2026-07-09 00:18:12
2026-07-08 23:46:32,MUSC649A,0101,Jason Ferdinand,10,10,0,2026-07-09 00:18:12
2026-07-08 23:46:32,MUSC649B,0101,Jason Ferdinand,10,10,0,2026-07-09 00:18:13
2026-07-08 23:46:32,MUSC649E,0101,Anne Carswell,10,9,0,2026-07-09 00:18:14
2026-07-08 23:46:32,MUSC649M,0101,Jason Ferdinand,10,10,0,2026-07-09 00:18:14
2026-07-08 23:46:32,MUSC649O,0101,Jason Ferdinand,15,15,0,2026-07-09 00:18:15
2026-07-08 23:46:32,MUSC649W,0101,Kenneth Elpus,10,10,0,2026-07-09 00:18:15
2026-07-08 23:46:32,MUSC651,0101,Thomas DeLio,12,8,0,2026-07-09 00:18:15
2026-07-08 23:46:32,MUSC653,0101,Mark Williams,8,5,0,2026-07-09 00:18:16
2026-07-08 23:46:32,MUSC655,0101,Leigh Pilzer,12,4,0,2026-07-09 00:18:16
2026-07-08 23:46:32,MUSC659A,0101,Jason Ferdinand,6,4,0,2026-07-09 00:18:17
2026-07-08 23:46:32,MUSC659B,0101,David Neely,6,6,0,2026-07-09 00:18:17
2026-07-08 23:46:32,MUSC659C,0101,Michael Votta,5,5,0,2026-07-09 00:18:18
2026-07-08 23:46:32,MUSC660,0101,Irina Muresanu,20,5,0,2026-07-09 00:18:18
2026-07-08 23:46:32,MUSC669F,0101,Richard Barber,15,12,0,2026-07-09 00:18:18
2026-07-08 23:46:32,MUSC669V,0101,Greta Asgeirsson,5,5,0,2026-07-09 00:18:19
2026-07-08 23:46:32,MUSC675,0101,Daniel Zimmerman,8,6,0,2026-07-09 00:18:19
2026-07-08 23:46:32,MUSC677,0101,Fernando Rios,12,10,0,2026-07-09 00:18:20
2026-07-08 23:46:32,MUSC679A,0101,Fernando Rios,20,14,0,2026-07-09 00:18:20
2026-07-08 23:46:32,MUSC679J,0101,Brendan Kibbee,20,7,0,2026-07-09 00:18:20
2026-07-08 23:46:32,MUSC679S,0101,Siv Lie,12,7,0,2026-07-09 00:18:21
2026-07-08 23:46:32,MUSC689,0101,Michael Votta,5,5,0,2026-07-09 00:18:21
2026-07-08 23:46:32,MUSC689,0201,Instructor: TBA,5,5,0,2026-07-09 00:18:21
2026-07-08 23:46:32,MUSC699D,0101,Mai-Linh Pham,5,5,0,2026-07-09 00:18:22
2026-07-08 23:46:32,MUSC699P,0101,Kelsey Klotz,12,0,2,2026-07-09 00:18:23
2026-07-08 23:46:32,MUSC699Y,0101,Gretchen Horlacher,12,5,0,2026-07-09 00:18:23
2026-07-08 23:46:32,MUSC757,0101,Michael Votta,5,5,0,2026-07-09 00:18:24
2026-07-08 23:46:32,MUSC758,0101,Michael Votta,5,3,0,2026-07-09 00:18:24
2026-07-08 23:46:32,MUSC800P,0101,Instructor: TBA,7,7,0,2026-07-09 00:18:25
2026-07-08 23:46:32,MUSC800S,0101,Irina Muresanu,20,5,0,2026-07-09 00:18:26
2026-07-08 23:46:32,MUSC800W,0101,Sarah Frisof,10,10,0,2026-07-09 00:18:26
2026-07-08 23:46:32,MUSC800W,0201,Emily Tsai,10,9,0,2026-07-09 00:18:26
2026-07-08 23:46:32,MUSC800W,0301,Robert DiLutis,10,10,0,2026-07-09 00:18:26
2026-07-08 23:46:32,MUSC800W,0401,Instructor: TBA,10,10,0,2026-07-09 00:18:26
2026-07-08 23:46:32,MUSC800W,0501,Tim Powell,10,10,0,2026-07-09 00:18:26
2026-07-08 23:46:32,MUSC800W,0601,Gregory Miller,10,10,0,2026-07-09 00:18:26
2026-07-08 23:46:32,MUSC800W,0701,Paul Gekker,10,10,0,2026-07-09 00:18:26
2026-07-08 23:46:32,MUSC800W,0801,Myles Blakemore,10,10,0,2026-07-09 00:18:26
2026-07-08 23:46:32,MUSC800W,0901,Willie Clark,10,10,0,2026-07-09 00:18:26
2026-07-08 23:46:32,MUSC800W,1001,Instructor: TBA,10,10,0,2026-07-09 00:18:26
2026-07-08 23:46:32,MUSC800W,1101,Jonathan Bisesi,10,10,0,2026-07-09 00:18:26
2026-07-08 23:46:32,MUSC800W,1201,Joseph Grimmer,5,5,0,2026-07-09 00:18:26
2026-07-08 23:46:32,MUSC800W,1301,Instructor: TBA,5,5,0,2026-07-09 00:18:26
2026-07-08 23:46:32,MUSC811,0101,Corinne Hayes,5,5,0,2026-07-09 00:18:26
2026-07-08 23:46:32,MUSC813,0101,Corinne Hayes,5,5,0,2026-07-09 00:18:27
2026-07-08 23:46:32,MUSC830A,0101,Instructor: TBA,10,10,0,2026-07-09 00:18:27
2026-07-08 23:46:32,MUSC830V,0101,Natalie Conte,15,14,0,2026-07-09 00:18:28
2026-07-08 23:46:32,MUSC830W,0101,Sarah Frisof,10,9,0,2026-07-09 00:18:28
2026-07-08 23:46:32,MUSC830W,0201,Emily Tsai,10,10,0,2026-07-09 00:18:28
2026-07-08 23:46:32,MUSC830W,0301,Robert DiLutis,10,10,0,2026-07-09 00:18:28
2026-07-08 23:46:32,MUSC830W,0401,Instructor: TBA,10,10,0,2026-07-09 00:18:28
2026-07-08 23:46:32,MUSC830W,0501,Tim Powell,10,10,0,2026-07-09 00:18:28
2026-07-08 23:46:32,MUSC830W,0601,Gregory Miller,10,10,0,2026-07-09 00:18:28
2026-07-08 23:46:32,MUSC830W,0701,Paul Gekker,10,10,0,2026-07-09 00:18:28
2026-07-08 23:46:32,MUSC830W,0801,Myles Blakemore,10,10,0,2026-07-09 00:18:28
2026-07-08 23:46:32,MUSC830W,1001,Willie Clark,10,9,0,2026-07-09 00:18:28
2026-07-08 23:46:32,MUSC830W,1101,Jonathan Bisesi,10,10,0,2026-07-09 00:18:28
2026-07-08 23:46:32,MUSC830W,1201,Joseph Grimmer,5,4,0,2026-07-09 00:18:28
2026-07-08 23:46:32,MUSC830W,1301,Instructor: TBA,5,5,0,2026-07-09 00:18:28
2026-07-08 23:46:32,MUSC832A,0101,Futaba Niekawa,5,5,0,2026-07-09 00:18:29
2026-07-08 23:46:32,NACS608,0101,Ricardo Araneda,20,13,0,2026-07-09 00:18:31
2026-07-08 23:46:32,NACS640,0101,Rodolphe Gentili,12,7,0,2026-07-09 00:18:32
2026-07-08 23:46:32,NACS641,0101,Jens Herberholz,20,10,0,2026-07-09 00:18:32
2026-07-08 23:46:32,NACS645,0101,Robert Slevc,10,1,0,2026-07-09 00:18:32
2026-07-08 23:46:32,NACS728B,0101,Jonathan Simon,15,6,0,2026-07-09 00:18:33
2026-07-08 23:46:32,NACS728E,0101,Ricardo Araneda,10,10,0,2026-07-09 00:18:33
2026-07-08 23:46:32,NACS728I,0101,Melissa Caras,5,5,0,2026-07-09 00:18:34
2026-07-08 23:46:32,NACS728M,0101,Joo Yun Jun,12,9,0,2026-07-09 00:18:34
2026-07-08 23:46:32,NACS728W,0101,Philip Resnik,10,0,0,2026-07-09 00:18:35
2026-07-08 23:46:32,NACS728X,0101,Elizabeth Redcay,20,17,0,2026-07-09 00:18:35
2026-07-08 23:46:32,NACS728Z,0101,Nan Xu,5,0,0,2026-07-09 00:18:35
2026-07-08 23:46:32,NAVY100,0101,GABRIELLA ROSELLE,75,66,0,2026-07-09 00:18:39
2026-07-08 23:46:32,NAVY100,2401,GABRIELLA ROSELLE,35,34,0,2026-07-09 00:18:39
2026-07-08 23:46:32,NAVY100,FC01,GABRIELLA ROSELLE,10,5,0,2026-07-09 00:18:39
2026-07-08 23:46:32,NAVY108,0101,Jenna Weiner,130,92,0,2026-07-09 00:18:40
2026-07-08 23:46:32,NAVY108,FC01,Jenna Weiner,10,9,0,2026-07-09 00:18:40
2026-07-08 23:46:32,NAVY200,0101,Christopher Boehm,40,30,0,2026-07-09 00:18:40
2026-07-08 23:46:32,NAVY300,0101,Beau Cisneros,25,13,0,2026-07-09 00:18:41
2026-07-08 23:46:32,NAVY400,0101,GABRIELLA ROSELLE,30,24,0,2026-07-09 00:18:41
2026-07-08 23:46:32,NEUR200,0101,Ana Navarro Cebrian,75,0,2,2026-07-09 00:18:44
2026-07-08 23:46:32,NEUR200,0201,Ana Navarro Cebrian,75,0,3,2026-07-09 00:18:44
2026-07-08 23:46:32,NEUR200,0301,Evan Hart,75,6,0,2026-07-09 00:18:44
2026-07-08 23:46:32,NEUR305,0101,Amanda Chicoli,100,10,0,2026-07-09 00:18:44
2026-07-08 23:46:32,NEUR306,0101,Chan Lin,200,2,0,2026-07-09 00:18:45
2026-07-08 23:46:32,NEUR398H,0101,Nikolas Francis,20,20,0,2026-07-09 00:18:47
2026-07-08 23:46:32,NEUR405,0101,Hilary Bierman,20,0,1,2026-07-09 00:18:47
2026-07-08 23:46:32,NEUR405,0102,Hilary Bierman,20,0,0,2026-07-09 00:18:47
2026-07-08 23:46:32,NEUR405,0103,Hilary Bierman,20,1,0,2026-07-09 00:18:47
2026-07-08 23:46:32,NFSC100,0101,Margaret Slavin,25,17,0,2026-07-09 00:18:50
2026-07-08 23:46:32,NFSC100,0102,Margaret Slavin,25,23,0,2026-07-09 00:18:50
2026-07-08 23:46:32,NFSC100,0103,Margaret Slavin,25,7,0,2026-07-09 00:18:50
2026-07-08 23:46:32,NFSC100,0104,Margaret Slavin,25,7,0,2026-07-09 00:18:50
2026-07-08 23:46:32,NFSC100,0105,Margaret Slavin,25,0,0,2026-07-09 00:18:50
2026-07-08 23:46:32,NFSC100,0106,Margaret Slavin,25,15,0,2026-07-09 00:18:50
2026-07-08 23:46:32,NFSC100,0107,Margaret Slavin,25,12,0,2026-07-09 00:18:50
2026-07-08 23:46:32,NFSC100,0108,Margaret Slavin,25,19,0,2026-07-09 00:18:50
2026-07-08 23:46:32,NFSC100,0109,Margaret Slavin,25,17,0,2026-07-09 00:18:50
2026-07-08 23:46:32,NFSC100,0112,Margaret Slavin,25,23,0,2026-07-09 00:18:50
2026-07-08 23:46:32,NFSC100,0113,Margaret Slavin,25,11,0,2026-07-09 00:18:50
2026-07-08 23:46:32,NFSC100,0114,Margaret Slavin,25,11,0,2026-07-09 00:18:50
2026-07-08 23:46:32,NFSC100,0115,Margaret Slavin,25,13,0,2026-07-09 00:18:50
2026-07-08 23:46:32,NFSC100,FC01,Margaret Slavin,24,13,0,2026-07-09 00:18:50
2026-07-08 23:46:32,NFSC100,FC02,Margaret Slavin,24,11,0,2026-07-09 00:18:50
2026-07-08 23:46:32,NFSC100H,0101,Margaret Slavin,12,12,0,2026-07-09 00:18:51
2026-07-08 23:46:32,NFSC112,0101,Abani Pradhan,30,12,0,2026-07-09 00:18:51
2026-07-08 23:46:32,NFSC112,0102,Qin Wang,30,18,0,2026-07-09 00:18:51
2026-07-08 23:46:32,NFSC112,0103,Qin Wang,30,25,0,2026-07-09 00:18:51
2026-07-08 23:46:32,NFSC112,0104,Qin Wang,30,23,0,2026-07-09 00:18:51
2026-07-08 23:46:32,NFSC112,0105,Qin Wang,30,10,0,2026-07-09 00:18:51
2026-07-08 23:46:32,NFSC112,0106,Qin Wang,30,25,0,2026-07-09 00:18:51
2026-07-08 23:46:32,NFSC112,FC01,Abani Pradhan,30,11,0,2026-07-09 00:18:51
2026-07-08 23:46:32,NFSC220,0101,Rebecca Rosenstein,48,6,0,2026-07-09 00:18:52
2026-07-08 23:46:32,NFSC298,0101,Colleen Carrion,16,13,0,2026-07-09 00:18:53
2026-07-08 23:46:32,NFSC341,0101,Behrouz Meyssami,10,4,0,2026-07-09 00:18:53
2026-07-08 23:46:32,NFSC341,ESG1,Behrouz Meyssami,12,12,0,2026-07-09 00:18:53
2026-07-08 23:46:32,NFSC350,0101,Margaret Udahogora,9,0,0,2026-07-09 00:18:53
2026-07-08 23:46:32,NFSC350,0102,Margaret Udahogora,9,8,0,2026-07-09 00:18:53
2026-07-08 23:46:32,NFSC350,0103,Margaret Udahogora,9,7,0,2026-07-09 00:18:53
2026-07-08 23:46:32,NFSC350,0104,Margaret Udahogora,9,8,0,2026-07-09 00:18:53
2026-07-08 23:46:32,NFSC380,0101,Margaret Udahogora,15,2,0,2026-07-09 00:18:54
2026-07-08 23:46:32,NFSC380,0102,Margaret Udahogora,15,13,0,2026-07-09 00:18:54
2026-07-08 23:46:32,NFSC388,1301,Qin Wang,10,10,0,2026-07-09 00:18:55
2026-07-08 23:46:32,NFSC415,0101,Ryan Blaustein,15,15,0,2026-07-09 00:18:55
2026-07-08 23:46:32,NFSC416,0101,Rohan Tikekar,15,13,0,2026-07-09 00:18:56
2026-07-08 23:46:32,NFSC421,0101,Liangli Yu,30,18,0,2026-07-09 00:18:56
2026-07-08 23:46:32,NFSC422,0101,Qin Wang,15,11,0,2026-07-09 00:18:57
2026-07-08 23:46:32,NFSC423,0101,Diana Obanda,15,10,0,2026-07-09 00:18:57
2026-07-08 23:46:32,NFSC426,0101,Shaik Rahaman,20,14,0,2026-07-09 00:18:58
2026-07-08 23:46:32,NFSC427,0101,Diana Obanda,15,13,0,2026-07-09 00:18:58
2026-07-08 23:46:32,NFSC437,0101,Yuanyuan Li,15,15,0,2026-07-09 00:18:59
2026-07-08 23:46:32,NFSC440,0101,Seong-Ho Lee,49,31,0,2026-07-09 00:18:59
2026-07-08 23:46:32,NFSC455,0101,Yuanyuan Li,30,17,0,2026-07-09 00:19:00
2026-07-08 23:46:32,NFSC615,0101,Ryan Blaustein,15,9,0,2026-07-09 00:19:01
2026-07-08 23:46:32,NFSC620,0101,Seong-Ho Lee,15,14,0,2026-07-09 00:19:02
2026-07-08 23:46:32,NFSC621,0101,Shaik Rahaman,20,14,0,2026-07-09 00:19:02
2026-07-08 23:46:32,NFSC624,0101,Hee-Jung Song,15,12,0,2026-07-09 00:19:03
2026-07-08 23:46:32,NFSC627,0101,Diana Obanda,15,13,0,2026-07-09 00:19:03
2026-07-08 23:46:32,NFSC637,0101,Yuanyuan Li,15,15,0,2026-07-09 00:19:04
2026-07-08 23:46:32,NFSC641,0101,Behrouz Meyssami,5,4,0,2026-07-09 00:19:04
2026-07-08 23:46:32,NFSC678R,0101,Seong-Ho Lee,49,31,0,2026-07-09 00:19:05
2026-07-08 23:46:32,NFSC679J,0101,Liangli Yu,10,10,0,2026-07-09 00:19:05
2026-07-08 23:46:32,NFSC679R,0101,Abani Pradhan,15,15,0,2026-07-09 00:19:06
2026-07-08 23:46:32,NFSC679T,0101,Rohan Tikekar,15,13,0,2026-07-09 00:19:06
2026-07-08 23:46:32,NFSC688,0101,Shaik Rahaman,25,20,0,2026-07-09 00:19:07
2026-07-08 23:46:32,NFSC690,0101,Nadine Sahyoun,15,13,0,2026-07-09 00:19:07
2026-07-08 23:46:32,NIAS788W,TV01,Instructor: TBA,1,1,0,2026-07-09 00:19:10
2026-07-08 23:46:32,OURS100,0101,Jennifer Lieb,40,0,3,2026-07-09 00:19:12
2026-07-08 23:46:32,OURS308,0101,Jennifer Lieb,20,11,0,2026-07-09 00:19:13
2026-07-08 23:46:32,OURS309,0101,Sara Strey,40,13,0,2026-07-09 00:19:13
2026-07-08 23:46:32,PEER312,0101,Aleia Gardner,15,8,0,2026-07-09 00:19:15
2026-07-08 23:46:32,PEER318,0101,Christina Jay,15,11,0,2026-07-09 00:19:15
2026-07-08 23:46:32,PEER319,0101,Grace Boudreau,15,8,0,2026-07-09 00:19:16
2026-07-08 23:46:32,PERS103,0101,Bahareh Jalehmahmoudi,15,4,0,2026-07-09 00:19:18
2026-07-08 23:46:32,PERS201,0101,Manizhe Galledari,15,4,0,2026-07-09 00:19:18
2026-07-08 23:46:32,PERS280,0101,Bahareh Jalehmahmoudi,25,22,0,2026-07-09 00:19:18
2026-07-08 23:46:32,PERS301,0101,Ali Abasi,15,7,0,2026-07-09 00:19:19
2026-07-08 23:46:32,PERS311,0101,Manizhe Galledari,15,10,0,2026-07-09 00:19:19
2026-07-08 23:46:32,PERS371,0101,Mohammad Bazargan,25,17,0,2026-07-09 00:19:20
2026-07-08 23:46:32,PERS601,0101,Mohammad Bazargan,10,10,0,2026-07-09 00:19:21
2026-07-08 23:46:32,PERS632,0101,Nahal Akbari-Saneh,10,10,0,2026-07-09 00:19:21
2026-07-08 23:46:32,PERS641,0101,Ali Abasi,10,10,0,2026-07-09 00:19:22
2026-07-08 23:46:32,PERS689I,0101,Manizhe Galledari,10,10,0,2026-07-09 00:19:22
2026-07-08 23:46:32,PERS689J,0101,Bahareh Jalehmahmoudi,10,10,0,2026-07-09 00:19:22
2026-07-08 23:46:32,PHIL100,0101,Elizabeth Schechter,16,5,0,2026-07-09 00:19:24
2026-07-08 23:46:32,PHIL100,0102,Elizabeth Schechter,16,0,0,2026-07-09 00:19:24
2026-07-08 23:46:32,PHIL100,0103,Elizabeth Schechter,16,13,0,2026-07-09 00:19:24
2026-07-08 23:46:32,PHIL100,0104,Elizabeth Schechter,16,6,0,2026-07-09 00:19:24
2026-07-08 23:46:32,PHIL100,0105,Elizabeth Schechter,16,4,0,2026-07-09 00:19:24
2026-07-08 23:46:32,PHIL100,0106,Elizabeth Schechter,16,14,0,2026-07-09 00:19:24
2026-07-08 23:46:32,PHIL100,FC01,Lia Curtis Fine,28,0,0,2026-07-09 00:19:24
2026-07-08 23:46:32,PHIL101,0101,Ilaria Canavotto,20,0,1,2026-07-09 00:19:25
2026-07-08 23:46:32,PHIL101,0102,Ilaria Canavotto,20,0,0,2026-07-09 00:19:25
2026-07-08 23:46:32,PHIL101,0103,Ilaria Canavotto,20,0,0,2026-07-09 00:19:25
2026-07-08 23:46:32,PHIL121,0101,Eric Pacuit,30,23,0,2026-07-09 00:19:25
2026-07-08 23:46:32,PHIL140,0101,Hallie Liberto,20,0,0,2026-07-09 00:19:26
2026-07-08 23:46:32,PHIL140,0102,Hallie Liberto,20,0,1,2026-07-09 00:19:26
2026-07-08 23:46:32,PHIL140,0103,Hallie Liberto,20,7,0,2026-07-09 00:19:26
2026-07-08 23:46:32,PHIL140,0104,Hallie Liberto,20,10,0,2026-07-09 00:19:26
2026-07-08 23:46:32,PHIL140,0105,Hallie Liberto,20,12,0,2026-07-09 00:19:26
2026-07-08 23:46:32,PHIL140,0106,Hallie Liberto,20,3,0,2026-07-09 00:19:26
2026-07-08 23:46:32,PHIL140,FC01,Robert Ragsdale,28,0,0,2026-07-09 00:19:26
2026-07-08 23:46:32,PHIL140,FC02,Ben Fan,28,0,0,2026-07-09 00:19:26
2026-07-08 23:46:32,PHIL140,FC03,Ben Fan,28,0,4,2026-07-09 00:19:26
2026-07-08 23:46:32,PHIL140,FC04,Ben Fan,28,9,0,2026-07-09 00:19:26
2026-07-08 23:46:32,PHIL170,0101,Paolo Santorio,20,8,0,2026-07-09 00:19:26
2026-07-08 23:46:32,PHIL170,0102,Paolo Santorio,20,3,0,2026-07-09 00:19:26
2026-07-08 23:46:32,PHIL170,0103,Paolo Santorio,20,13,0,2026-07-09 00:19:26
2026-07-08 23:46:32,PHIL170,0104,Paolo Santorio,20,6,0,2026-07-09 00:19:26
2026-07-08 23:46:32,PHIL170,0105,Paolo Santorio,20,12,0,2026-07-09 00:19:26
2026-07-08 23:46:32,PHIL170,0106,Paolo Santorio,20,16,0,2026-07-09 00:19:26
2026-07-08 23:46:32,PHIL202,0101,Peter Carruthers,20,0,0,2026-07-09 00:19:27
2026-07-08 23:46:32,PHIL202,0102,Peter Carruthers,20,0,0,2026-07-09 00:19:27
2026-07-08 23:46:32,PHIL202,0103,Peter Carruthers,20,0,0,2026-07-09 00:19:27
2026-07-08 23:46:32,PHIL202,0104,Peter Carruthers,20,0,0,2026-07-09 00:19:27
2026-07-08 23:46:32,PHIL202,0105,Peter Carruthers,20,0,0,2026-07-09 00:19:27
2026-07-08 23:46:32,PHIL202,0106,Peter Carruthers,20,1,0,2026-07-09 00:19:27
2026-07-08 23:46:32,PHIL203,0101,Daniel Blair,20,0,0,2026-07-09 00:19:27
2026-07-08 23:46:32,PHIL203,0102,Daniel Blair,20,0,0,2026-07-09 00:19:27
2026-07-08 23:46:32,PHIL203,0103,Daniel Blair,20,0,0,2026-07-09 00:19:27
2026-07-08 23:46:32,PHIL203,0104,Daniel Blair,20,0,0,2026-07-09 00:19:27
2026-07-08 23:46:32,PHIL203,0105,Daniel Blair,20,0,0,2026-07-09 00:19:27
2026-07-08 23:46:32,PHIL203,0106,Daniel Blair,20,0,0,2026-07-09 00:19:27
2026-07-08 23:46:32,PHIL211,0101,Instructor: TBA,20,3,0,2026-07-09 00:19:27
2026-07-08 23:46:32,PHIL211,0102,Instructor: TBA,20,6,0,2026-07-09 00:19:27
2026-07-08 23:46:32,PHIL211,0103,Instructor: TBA,20,13,0,2026-07-09 00:19:27
2026-07-08 23:46:32,PHIL220,0101,Samuel Kerstein,20,2,0,2026-07-09 00:19:28
2026-07-08 23:46:32,PHIL220,0102,Samuel Kerstein,20,0,0,2026-07-09 00:19:28
2026-07-08 23:46:32,PHIL220,0103,Samuel Kerstein,20,2,0,2026-07-09 00:19:28
2026-07-08 23:46:32,PHIL245,0101,Avia Pasternak,20,0,0,2026-07-09 00:19:28
2026-07-08 23:46:32,PHIL245,0102,Avia Pasternak,20,0,0,2026-07-09 00:19:28
2026-07-08 23:46:32,PHIL245,0103,Avia Pasternak,20,0,0,2026-07-09 00:19:28
2026-07-08 23:46:32,PHIL250,0101,Harjit Bhogal,30,0,1,2026-07-09 00:19:29
2026-07-08 23:46:32,PHIL310,0101,Rachel Singpurwalla,20,0,0,2026-07-09 00:19:29
2026-07-08 23:46:32,PHIL310,0102,Rachel Singpurwalla,20,0,3,2026-07-09 00:19:29
2026-07-08 23:46:32,PHIL310,0103,Rachel Singpurwalla,20,0,5,2026-07-09 00:19:29
2026-07-08 23:46:32,PHIL338T,0101,Hallie Liberto,30,23,0,2026-07-09 00:19:30
2026-07-08 23:46:32,PHIL341,0101,Jackson Iszler,30,9,0,2026-07-09 00:19:30
2026-07-08 23:46:32,PHIL344,0101,Kodie Lustig,30,0,0,2026-07-09 00:19:30
2026-07-08 23:46:32,PHIL364,0101,Harjit Bhogal,30,0,2,2026-07-09 00:19:31
2026-07-08 23:46:32,PHIL370,0101,Chung-Yeh Yang,30,5,0,2026-07-09 00:19:31
2026-07-08 23:46:32,PHIL412,0101,Lixing Miao,25,3,0,2026-07-09 00:19:32
2026-07-08 23:46:32,PHIL418O,0101,Daniel Blair,30,4,0,2026-07-09 00:19:32
2026-07-08 23:46:32,PHIL428D,0101,Xinzhi Zhao,30,12,0,2026-07-09 00:19:33
2026-07-08 23:46:32,PHIL438,0101,Samuel Kerstein,30,23,0,2026-07-09 00:19:33
2026-07-08 23:46:32,PHIL445,0101,Xinzhi Zhao,25,11,0,2026-07-09 00:19:34
2026-07-08 23:46:32,PHIL660,0101,Paolo Santorio,15,13,0,2026-07-09 00:19:35
2026-07-08 23:46:32,PHIL808K,0101,Eric Pacuit,15,13,0,2026-07-09 00:19:37
2026-07-08 23:46:32,PHIL808Q,0101,Nicholas Laskowski,30,28,0,2026-07-09 00:19:37
2026-07-08 23:46:32,PHIL878B,0101,Elizabeth Schechter,15,12,0,2026-07-09 00:19:37
2026-07-08 23:46:32,PHPE308D,0101,Xinzhi Zhao,30,12,0,2026-07-09 00:19:41
2026-07-08 23:46:32,PHPE308F,0101,Instructor: TBA,30,30,0,2026-07-09 00:19:41
2026-07-08 23:46:32,PHPE308O,0101,Jackson Iszler,30,9,0,2026-07-09 00:19:42
2026-07-08 23:46:32,PHPE308Y,0101,Rachel Singpurwalla,20,0,0,2026-07-09 00:19:42
2026-07-08 23:46:32,PHPE308Y,0102,Rachel Singpurwalla,20,0,3,2026-07-09 00:19:42
2026-07-08 23:46:32,PHPE308Y,0103,Rachel Singpurwalla,20,0,5,2026-07-09 00:19:42
2026-07-08 23:46:32,PHPE400,0101,Justin Helms,18,0,0,2026-07-09 00:19:43
2026-07-08 23:46:32,PHPE400,0102,Justin Helms,18,0,0,2026-07-09 00:19:43
2026-07-08 23:46:32,PHPE400,0103,Justin Helms,20,5,0,2026-07-09 00:19:43
2026-07-08 23:46:32,PHPE401,0101,Xinzhi Zhao,25,0,11,2026-07-09 00:19:43
2026-07-08 23:46:32,PHPE402,0101,Dan Moller,30,0,2,2026-07-09 00:19:44
2026-07-08 23:46:32,PHPE408J,0101,Lixing Miao,25,3,0,2026-07-09 00:19:44
2026-07-08 23:46:32,PHPE408R,0101,Xinzhi Zhao,25,11,0,2026-07-09 00:19:45
2026-07-08 23:46:32,PHSC388J,0101,Kendall Bustad,20,11,0,2026-07-09 00:19:47
2026-07-08 23:46:32,PHSC389,0101,Shannon Edward,30,25,0,2026-07-09 00:19:47
2026-07-08 23:46:32,PHSC399,0101,Shannon Edward,30,29,0,2026-07-09 00:19:47
2026-07-08 23:46:32,PHSC415,0101,Jessica O'Hara,31,0,2,2026-07-09 00:19:48
2026-07-08 23:46:32,PHSC415,0102,Jessica O'Hara,31,2,0,2026-07-09 00:19:48
2026-07-08 23:46:32,PHSC415,0103,Jessica O'Hara,31,0,0,2026-07-09 00:19:48
2026-07-08 23:46:32,PHSC415,0104,Jessica O'Hara,31,0,0,2026-07-09 00:19:48
2026-07-08 23:46:32,PHSC415,0105,Jessica O'Hara,31,11,0,2026-07-09 00:19:48
2026-07-08 23:46:32,PHSC420,0101,Jennifer German,35,14,0,2026-07-09 00:19:48
2026-07-08 23:46:32,PHSC450,0101,Kendall Bustad,19,0,4,2026-07-09 00:19:49
2026-07-08 23:46:32,PHSC450,0102,Kendall Bustad,19,0,7,2026-07-09 00:19:49
2026-07-08 23:46:32,PHSC450,0103,Kendall Bustad,19,0,5,2026-07-09 00:19:49
2026-07-08 23:46:32,PHSC450,0104,Kendall Bustad,19,0,5,2026-07-09 00:19:49
2026-07-08 23:46:32,PHSC450,0105,Kendall Bustad,19,0,5,2026-07-09 00:19:49
2026-07-08 23:46:32,PHSC450,0106,Kendall Bustad,19,0,7,2026-07-09 00:19:49
2026-07-08 23:46:32,PHSC450,0107,Kendall Bustad,19,0,6,2026-07-09 00:19:49
2026-07-08 23:46:32,PHSC450,0108,Kendall Bustad,19,0,5,2026-07-09 00:19:49
2026-07-08 23:46:32,PHSC497,0101,Kendall Bustad,20,0,0,2026-07-09 00:19:49
2026-07-08 23:46:32,PHSC497,0301,Shannon Edward,20,1,0,2026-07-09 00:19:49
2026-07-08 23:46:32,PHSC497,0601,Jennifer German,20,0,2,2026-07-09 00:19:49
2026-07-08 23:46:32,PHYS102,0101,Matt Severson,142,65,0,2026-07-09 00:19:51
2026-07-08 23:46:32,PHYS103,0101,Abolhassan Jawahery,24,15,0,2026-07-09 00:19:52
2026-07-08 23:46:32,PHYS103,0501,Abolhassan Jawahery,24,2,0,2026-07-09 00:19:52
2026-07-08 23:46:32,PHYS103,0701,Abolhassan Jawahery,24,6,0,2026-07-09 00:19:52
2026-07-08 23:46:32,PHYS103,0801,Abolhassan Jawahery,24,0,0,2026-07-09 00:19:52
2026-07-08 23:46:32,PHYS105,0103,Jordan Goodman,24,11,0,2026-07-09 00:19:52
2026-07-08 23:46:32,PHYS115,0101,Laura Lising,20,5,0,2026-07-09 00:19:53
2026-07-08 23:46:32,PHYS115,0201,Arpita Upadhyaya,20,10,0,2026-07-09 00:19:53
2026-07-08 23:46:32,PHYS121,0201,Aria Heidarian,28,0,8,2026-07-09 00:19:53
2026-07-08 23:46:32,PHYS121,0202,Aria Heidarian,29,0,16,2026-07-09 00:19:53
2026-07-08 23:46:32,PHYS121,0203,Aria Heidarian,29,0,5,2026-07-09 00:19:53
2026-07-08 23:46:32,PHYS121,0204,Aria Heidarian,29,0,16,2026-07-09 00:19:53
2026-07-08 23:46:32,PHYS121,0205,Aria Heidarian,28,0,12,2026-07-09 00:19:53
2026-07-08 23:46:32,PHYS121,0206,Aria Heidarian,28,0,17,2026-07-09 00:19:53
2026-07-08 23:46:32,PHYS121,0401,Peter Shawhan,28,5,0,2026-07-09 00:19:53
2026-07-08 23:46:32,PHYS121,0402,Peter Shawhan,28,8,0,2026-07-09 00:19:53
2026-07-08 23:46:32,PHYS121,0405,Peter Shawhan,17,0,0,2026-07-09 00:19:53
2026-07-08 23:46:32,PHYS121,SEF1,Peter Shawhan,11,6,0,2026-07-09 00:19:53
2026-07-08 23:46:32,PHYS122,0101,Aria Heidarian,24,0,8,2026-07-09 00:19:53
2026-07-08 23:46:32,PHYS122,0102,Aria Heidarian,24,0,12,2026-07-09 00:19:53
2026-07-08 23:46:32,PHYS122,0105,Aria Heidarian,24,0,9,2026-07-09 00:19:53
2026-07-08 23:46:32,PHYS122,0401,Hailu Gebremariam,15,4,0,2026-07-09 00:19:53
2026-07-08 23:46:32,PHYS122,SEF1,Hailu Gebremariam,9,9,0,2026-07-09 00:19:53
2026-07-08 23:46:32,PHYS131,0101,David Buehrle,30,0,1,2026-07-09 00:19:54
2026-07-08 23:46:32,PHYS131,0102,David Buehrle,30,0,0,2026-07-09 00:19:54
2026-07-08 23:46:32,PHYS131,0103,David Buehrle,30,3,0,2026-07-09 00:19:54
2026-07-08 23:46:32,PHYS131,0104,David Buehrle,30,8,0,2026-07-09 00:19:54
2026-07-08 23:46:32,PHYS131,0105,David Buehrle,30,2,0,2026-07-09 00:19:54
2026-07-08 23:46:32,PHYS131,0106,David Buehrle,30,1,0,2026-07-09 00:19:54
2026-07-08 23:46:32,PHYS131,0107,David Buehrle,30,0,1,2026-07-09 00:19:54
2026-07-08 23:46:32,PHYS131,0108,David Buehrle,30,3,0,2026-07-09 00:19:54
2026-07-08 23:46:32,PHYS131,0127,David Buehrle,8,1,0,2026-07-09 00:19:54
2026-07-08 23:46:32,PHYS131,0128,David Buehrle,6,1,0,2026-07-09 00:19:54
2026-07-08 23:46:32,PHYS131,0201,David Buehrle,30,7,0,2026-07-09 00:19:54
2026-07-08 23:46:32,PHYS131,0202,David Buehrle,30,4,0,2026-07-09 00:19:54
2026-07-08 23:46:32,PHYS131,0203,David Buehrle,30,5,0,2026-07-09 00:19:54
2026-07-08 23:46:32,PHYS131,0204,David Buehrle,30,4,0,2026-07-09 00:19:54
2026-07-08 23:46:32,PHYS131,0205,David Buehrle,30,3,0,2026-07-09 00:19:54
2026-07-08 23:46:32,PHYS131,0206,David Buehrle,30,5,0,2026-07-09 00:19:54
2026-07-08 23:46:32,PHYS131,0207,David Buehrle,19,0,0,2026-07-09 00:19:54
2026-07-08 23:46:32,PHYS131,0208,David Buehrle,21,0,0,2026-07-09 00:19:54
2026-07-08 23:46:32,PHYS132,0101,David Buehrle,24,4,0,2026-07-09 00:19:54
2026-07-08 23:46:32,PHYS132,0103,David Buehrle,24,8,0,2026-07-09 00:19:54
2026-07-08 23:46:32,PHYS132,0105,David Buehrle,24,0,1,2026-07-09 00:19:54
2026-07-08 23:46:32,PHYS132,0106,David Buehrle,24,0,0,2026-07-09 00:19:54
2026-07-08 23:46:32,PHYS132,0107,David Buehrle,24,9,0,2026-07-09 00:19:54
2026-07-08 23:46:32,PHYS132,0201,Matt Severson,24,0,7,2026-07-09 00:19:54
2026-07-08 23:46:32,PHYS132,0203,Matt Severson,24,0,9,2026-07-09 00:19:54
2026-07-08 23:46:32,PHYS132,0204,Matt Severson,24,0,8,2026-07-09 00:19:54
2026-07-08 23:46:32,PHYS132,0205,Matt Severson,24,0,12,2026-07-09 00:19:54
2026-07-08 23:46:32,PHYS132,0206,Matt Severson,24,0,8,2026-07-09 00:19:54
2026-07-08 23:46:32,PHYS132,0208,Matt Severson,24,0,7,2026-07-09 00:19:54
2026-07-08 23:46:32,PHYS161,0101,Alexander Conte,30,0,0,2026-07-09 00:19:55
2026-07-08 23:46:32,PHYS161,0102,Alexander Conte,30,9,0,2026-07-09 00:19:55
2026-07-08 23:46:32,PHYS161,0103,Alexander Conte,30,4,0,2026-07-09 00:19:55
2026-07-08 23:46:32,PHYS161,0104,Alexander Conte,30,0,0,2026-07-09 00:19:55
2026-07-08 23:46:32,PHYS161,0201,Chandra Turpen,30,0,7,2026-07-09 00:19:55
2026-07-08 23:46:32,PHYS161,0202,Chandra Turpen,30,0,7,2026-07-09 00:19:55
2026-07-08 23:46:32,PHYS161,0203,Chandra Turpen,30,0,8,2026-07-09 00:19:55
2026-07-08 23:46:32,PHYS161,0204,Chandra Turpen,30,0,7,2026-07-09 00:19:55
2026-07-08 23:46:32,PHYS161,0301,Alberto Belloni,30,1,0,2026-07-09 00:19:55
2026-07-08 23:46:32,PHYS161,0302,Alberto Belloni,30,0,0,2026-07-09 00:19:55
2026-07-08 23:46:32,PHYS161,0303,Alberto Belloni,30,0,0,2026-07-09 00:19:55
2026-07-08 23:46:32,PHYS161,0304,Alberto Belloni,30,0,0,2026-07-09 00:19:55
2026-07-08 23:46:32,PHYS161,FC01,Aria Heidarian,34,0,1,2026-07-09 00:19:55
2026-07-08 23:46:32,PHYS161,FC02,Instructor: TBA,34,4,0,2026-07-09 00:19:55
2026-07-08 23:46:32,PHYS170,0101,Donna Hammer,25,4,0,2026-07-09 00:19:55
2026-07-08 23:46:32,PHYS170,0102,Donna Hammer,25,20,0,2026-07-09 00:19:55
2026-07-08 23:46:32,PHYS171,0201,James Drake,58,9,0,2026-07-09 00:19:56
2026-07-08 23:46:32,PHYS171H,0201,James Drake,58,9,0,2026-07-09 00:19:56
2026-07-08 23:46:32,PHYS172,0101,Peter Shawhan,15,11,0,2026-07-09 00:19:56
2026-07-08 23:46:32,PHYS174,0101,Anwar Bhatti,16,7,0,2026-07-09 00:19:57
2026-07-08 23:46:32,PHYS174,0201,Anwar Bhatti,16,0,2,2026-07-09 00:19:57
2026-07-08 23:46:32,PHYS235,0101,Johnpierre Paglione,20,13,0,2026-07-09 00:19:57
2026-07-08 23:46:32,PHYS235,0103,Johnpierre Paglione,20,12,0,2026-07-09 00:19:57
2026-07-08 23:46:32,PHYS260,0101,Hailu Gebremariam,35,0,0,2026-07-09 00:19:58
2026-07-08 23:46:32,PHYS260,0102,Hailu Gebremariam,35,0,0,2026-07-09 00:19:58
2026-07-08 23:46:32,PHYS260,0103,Hailu Gebremariam,35,0,0,2026-07-09 00:19:58
2026-07-08 23:46:32,PHYS260,0104,Hailu Gebremariam,35,0,0,2026-07-09 00:19:58
2026-07-08 23:46:32,PHYS260,0105,Hailu Gebremariam,35,0,2,2026-07-09 00:19:58
2026-07-08 23:46:32,PHYS260,0106,Hailu Gebremariam,35,1,0,2026-07-09 00:19:58
2026-07-08 23:46:32,PHYS260,0107,Hailu Gebremariam,35,8,0,2026-07-09 00:19:58
2026-07-08 23:46:32,PHYS260,0201,Instructor: TBA,39,17,0,2026-07-09 00:19:58
2026-07-08 23:46:32,PHYS260,0202,Instructor: TBA,39,18,0,2026-07-09 00:19:58
2026-07-08 23:46:32,PHYS260,0203,Instructor: TBA,39,2,0,2026-07-09 00:19:58
2026-07-08 23:46:32,PHYS260,0204,Instructor: TBA,39,11,0,2026-07-09 00:19:58
2026-07-08 23:46:32,PHYS260,0205,Instructor: TBA,39,0,0,2026-07-09 00:19:58
2026-07-08 23:46:32,PHYS260,0206,Instructor: TBA,39,1,0,2026-07-09 00:19:58
2026-07-08 23:46:32,PHYS260,0207,Instructor: TBA,39,21,0,2026-07-09 00:19:58
2026-07-08 23:46:32,PHYS260,0301,Michelle Girvan,38,0,0,2026-07-09 00:19:58
2026-07-08 23:46:32,PHYS260,0302,Michelle Girvan,38,0,0,2026-07-09 00:19:58
2026-07-08 23:46:32,PHYS260,0303,Michelle Girvan,38,0,0,2026-07-09 00:19:58
2026-07-08 23:46:32,PHYS260,0304,Michelle Girvan,38,0,1,2026-07-09 00:19:58
2026-07-08 23:46:32,PHYS260,0305,Michelle Girvan,38,0,0,2026-07-09 00:19:58
2026-07-08 23:46:32,PHYS260,0306,Michelle Girvan,38,7,0,2026-07-09 00:19:58
2026-07-08 23:46:32,PHYS260,0501,Hailu Gebremariam,40,2,0,2026-07-09 00:19:58
2026-07-08 23:46:32,PHYS260,0502,Hailu Gebremariam,38,0,6,2026-07-09 00:19:58
2026-07-08 23:46:32,PHYS260,0503,Hailu Gebremariam,38,1,0,2026-07-09 00:19:58
2026-07-08 23:46:32,PHYS260,0504,Hailu Gebremariam,38,0,0,2026-07-09 00:19:58
2026-07-08 23:46:32,PHYS260,0505,Hailu Gebremariam,38,0,4,2026-07-09 00:19:58
2026-07-08 23:46:32,PHYS260,0506,Hailu Gebremariam,35,0,2,2026-07-09 00:19:58
2026-07-08 23:46:32,PHYS260H,0301,Michelle Girvan,10,5,0,2026-07-09 00:19:58
2026-07-08 23:46:32,PHYS261,0201,Wendell Hill,36,0,5,2026-07-09 00:19:59
2026-07-08 23:46:32,PHYS261,0202,Wendell Hill,36,0,7,2026-07-09 00:19:59
2026-07-08 23:46:32,PHYS261,0203,Wendell Hill,36,0,2,2026-07-09 00:19:59
2026-07-08 23:46:32,PHYS261,0204,Wendell Hill,36,0,5,2026-07-09 00:19:59
2026-07-08 23:46:32,PHYS261,0205,Wendell Hill,36,0,5,2026-07-09 00:19:59
2026-07-08 23:46:32,PHYS261,0206,Wendell Hill,36,0,8,2026-07-09 00:19:59
2026-07-08 23:46:32,PHYS261,0207,Wendell Hill,36,0,9,2026-07-09 00:19:59
2026-07-08 23:46:32,PHYS261,0208,Wendell Hill,36,0,8,2026-07-09 00:19:59
2026-07-08 23:46:32,PHYS261,0209,Wendell Hill,36,0,13,2026-07-09 00:19:59
2026-07-08 23:46:32,PHYS261,0210,Wendell Hill,36,0,12,2026-07-09 00:19:59
2026-07-08 23:46:32,PHYS261,0211,Wendell Hill,36,0,10,2026-07-09 00:19:59
2026-07-08 23:46:32,PHYS261,0212,Wendell Hill,36,0,7,2026-07-09 00:19:59
2026-07-08 23:46:32,PHYS261,0213,Wendell Hill,36,0,10,2026-07-09 00:19:59
2026-07-08 23:46:32,PHYS261,0214,Wendell Hill,36,0,12,2026-07-09 00:19:59
2026-07-08 23:46:32,PHYS261,0215,Wendell Hill,36,0,9,2026-07-09 00:19:59
2026-07-08 23:46:32,PHYS261,0216,Wendell Hill,36,0,8,2026-07-09 00:19:59
2026-07-08 23:46:32,PHYS261,0217,Wendell Hill,36,0,6,2026-07-09 00:19:59
2026-07-08 23:46:32,PHYS261,0218,Wendell Hill,36,0,6,2026-07-09 00:19:59
2026-07-08 23:46:32,PHYS261,0219,Wendell Hill,36,0,5,2026-07-09 00:19:59
2026-07-08 23:46:32,PHYS261,0220,Wendell Hill,36,0,4,2026-07-09 00:19:59
2026-07-08 23:46:32,PHYS261,0221,Wendell Hill,36,0,3,2026-07-09 00:19:59
2026-07-08 23:46:32,PHYS265,0101,Gregory Sullivan,50,0,3,2026-07-09 00:19:59
2026-07-08 23:46:32,PHYS270,0101,Min Ouyang,38,0,9,2026-07-09 00:19:59
2026-07-08 23:46:32,PHYS270,0102,Min Ouyang,38,0,15,2026-07-09 00:19:59
2026-07-08 23:46:32,PHYS270,0103,Min Ouyang,38,0,13,2026-07-09 00:19:59
2026-07-08 23:46:32,PHYS270,0301,Anson Hook,35,0,7,2026-07-09 00:19:59
2026-07-08 23:46:32,PHYS270,0302,Anson Hook,35,0,9,2026-07-09 00:19:59
2026-07-08 23:46:32,PHYS270,0303,Anson Hook,36,0,6,2026-07-09 00:19:59
2026-07-08 23:46:32,PHYS270,0304,Anson Hook,35,0,6,2026-07-09 00:19:59
2026-07-08 23:46:32,PHYS271,0102,Wendell Hill,36,0,11,2026-07-09 00:20:00
2026-07-08 23:46:32,PHYS271,0103,Wendell Hill,36,0,14,2026-07-09 00:20:00
2026-07-08 23:46:32,PHYS271,0104,Wendell Hill,36,0,16,2026-07-09 00:20:00
2026-07-08 23:46:32,PHYS271,0106,Wendell Hill,36,0,11,2026-07-09 00:20:00
2026-07-08 23:46:32,PHYS271,0108,Wendell Hill,36,0,14,2026-07-09 00:20:00
2026-07-08 23:46:32,PHYS271,0117,Wendell Hill,36,0,11,2026-07-09 00:20:00
2026-07-08 23:46:32,PHYS271,0118,Wendell Hill,36,0,13,2026-07-09 00:20:00
2026-07-08 23:46:32,PHYS272,0201,Eun-Suk Seo,70,20,0,2026-07-09 00:20:00
2026-07-08 23:46:32,PHYS272H,0201,Eun-Suk Seo,70,20,0,2026-07-09 00:20:01
2026-07-08 23:46:32,PHYS273,0101,Brian Clark,65,5,0,2026-07-09 00:20:01
2026-07-08 23:46:32,PHYS273H,0101,Brian Clark,65,5,0,2026-07-09 00:20:02
2026-07-08 23:46:32,PHYS275,0101,Simone-Gunde Kulin,24,0,0,2026-07-09 00:20:02
2026-07-08 23:46:32,PHYS275,0201,Carter Hall,24,0,2,2026-07-09 00:20:02
2026-07-08 23:46:32,PHYS275,0301,Carter Hall,15,0,0,2026-07-09 00:20:02
2026-07-08 23:46:32,PHYS276,0101,William Fox,12,2,0,2026-07-09 00:20:02
2026-07-08 23:46:32,PHYS276,0201,William Fox,14,0,4,2026-07-09 00:20:02
2026-07-08 23:46:32,PHYS276,0301,Simone-Gunde Kulin,14,0,2,2026-07-09 00:20:02
2026-07-08 23:46:32,PHYS276,0401,Simone-Gunde Kulin,12,7,0,2026-07-09 00:20:02
2026-07-08 23:46:32,PHYS313,0101,Kushan Panchal,90,12,0,2026-07-09 00:20:03
2026-07-08 23:46:32,PHYS331,ESG1,Nidhi Verma,16,15,0,2026-07-09 00:20:04
2026-07-08 23:46:32,PHYS331,ESG2,Nidhi Verma,12,11,0,2026-07-09 00:20:04
2026-07-08 23:46:32,PHYS360,0101,Theodore Jacobson,44,6,0,2026-07-09 00:20:04
2026-07-08 23:46:32,PHYS371,0101,Paulo Bedaque,105,31,0,2026-07-09 00:20:05
2026-07-08 23:46:32,PHYS375,0101,Ki-Yong Kim,14,0,10,2026-07-09 00:20:05
2026-07-08 23:46:32,PHYS375,0102,Ki-Yong Kim,14,0,11,2026-07-09 00:20:05
2026-07-08 23:46:32,PHYS375,0103,Ki-Yong Kim,14,0,8,2026-07-09 00:20:05
2026-07-08 23:46:32,PHYS399Z,0101,Stephanie Williams,10,10,0,2026-07-09 00:20:07
2026-07-08 23:46:32,PHYS401,0101,Phoebe Hamilton,68,24,0,2026-07-09 00:20:08
2026-07-08 23:46:32,PHYS402,0101,Aaron Sternbach,49,8,0,2026-07-09 00:20:08
2026-07-08 23:46:32,PHYS404,0101,Nathan Schine,60,18,0,2026-07-09 00:20:08
2026-07-08 23:46:32,PHYS405,0101,Maria Mukhina,15,3,0,2026-07-09 00:20:09
2026-07-08 23:46:32,PHYS406,0101,Carter Hall,10,10,0,2026-07-09 00:20:09
2026-07-08 23:46:32,PHYS407,0101,Carter Hall,10,8,0,2026-07-09 00:20:10
2026-07-08 23:46:32,PHYS410,0101,Manuel Franco Sevilla,60,4,0,2026-07-09 00:20:10
2026-07-08 23:46:32,PHYS413,0101,Kaustubh Agashe,54,3,0,2026-07-09 00:20:11
2026-07-08 23:46:32,PHYS417,0101,Sylvester Gates,30,19,0,2026-07-09 00:20:11
2026-07-08 23:46:32,PHYS431,0101,Nicholas Butch,45,13,0,2026-07-09 00:20:11
2026-07-08 23:46:32,PHYS456,0101,Daniel Lathrop,15,4,0,2026-07-09 00:20:12
2026-07-08 23:46:32,PHYS467,0101,Steven Rolston,49,2,0,2026-07-09 00:20:12
2026-07-08 23:46:32,PHYS485,0101,Sarah Eno,10,2,0,2026-07-09 00:20:13
2026-07-08 23:46:32,PHYS485,0102,Sarah Eno,10,4,0,2026-07-09 00:20:13
2026-07-08 23:46:32,PHYS488P,0101,Steven Fetter,20,7,0,2026-07-09 00:20:13
2026-07-08 23:46:32,PHYS499U,0101,Instructor: TBA,18,18,0,2026-07-09 00:20:14
2026-07-08 23:46:32,PHYS499V,0101,Instructor: TBA,60,60,0,2026-07-09 00:20:15
2026-07-08 23:46:32,PHYS610,0101,Zohreh Davoudi,54,49,0,2026-07-09 00:20:15
2026-07-08 23:46:32,PHYS612,0101,Thomas Cohen,65,60,0,2026-07-09 00:20:16
2026-07-08 23:46:32,PHYS624,0101,Zackaria Chacko,24,22,0,2026-07-09 00:20:16
2026-07-08 23:46:32,PHYS675,0101,Bei Lok Hu,25,23,0,2026-07-09 00:20:16
2026-07-08 23:46:32,PHYS685,0101,Sarah Eno,6,3,0,2026-07-09 00:20:17
2026-07-08 23:46:32,PHYS685,0102,Sarah Eno,6,3,0,2026-07-09 00:20:17
2026-07-08 23:46:32,PHYS688P,0101,Steven Fetter,10,0,0,2026-07-09 00:20:17
2026-07-08 23:46:32,PHYS709,0101,Pratyush Tiwary,30,30,0,2026-07-09 00:20:18
2026-07-08 23:46:32,PHYS711,0101,Sylvester Gates,30,29,0,2026-07-09 00:20:18
2026-07-08 23:46:32,PHYS728J,0101,Steven Rolston,60,54,0,2026-07-09 00:20:18
2026-07-08 23:46:32,PHYS738,0101,Johnpierre Paglione,100,100,0,2026-07-09 00:20:19
2026-07-08 23:46:32,PHYS739,0101,Sankar Das Sarma,15,15,0,2026-07-09 00:20:19
2026-07-08 23:46:32,PHYS749,0101,Paulo Bedaque,20,19,0,2026-07-09 00:20:20
2026-07-08 23:46:32,PHYS758E,0101,Manuel Franco Sevilla,25,25,0,2026-07-09 00:20:20
2026-07-08 23:46:32,PHYS759,0101,Kaustubh Agashe,15,15,0,2026-07-09 00:20:21
2026-07-08 23:46:32,PHYS761,0101,Alexander Philippov,30,30,0,2026-07-09 00:20:21
2026-07-08 23:46:32,PHYS769,0101,Alexander Philippov,20,20,0,2026-07-09 00:20:21
2026-07-08 23:46:32,PHYS778,0101,Eun-Suk Seo,20,20,0,2026-07-09 00:20:22
2026-07-08 23:46:32,PHYS798B,0101,Thomas Cohen,142,140,0,2026-07-09 00:20:23
2026-07-08 23:46:32,PHYS798L,0101,Arpita Upadhyaya,20,16,0,2026-07-09 00:20:23
2026-07-08 23:46:32,PHYS798Q,0101,Alexey Gorshkov,100,97,0,2026-07-09 00:20:24
2026-07-08 23:46:32,PHYS798Z,0101,Mihai Pop,25,20,0,2026-07-09 00:20:24
2026-07-08 23:46:32,PHYS838C,0101,Johnpierre Paglione,50,49,0,2026-07-09 00:20:25
2026-07-08 23:46:32,PHYS839A,0101,Sankar Das Sarma,20,20,0,2026-07-09 00:20:25
2026-07-08 23:46:32,PHYS859B,0101,Raman Sundrum,15,15,0,2026-07-09 00:20:26
2026-07-08 23:46:32,PHYS879G,0101,Alessandra Buonanno,20,19,0,2026-07-09 00:20:26
2026-07-08 23:46:32,PLCY100,0101,Toby Egan,20,1,0,2026-07-09 00:20:29
2026-07-08 23:46:32,PLCY100,0102,Toby Egan,20,3,0,2026-07-09 00:20:29
2026-07-08 23:46:32,PLCY100,0103,Toby Egan,20,3,0,2026-07-09 00:20:29
2026-07-08 23:46:32,PLCY100,0104,Toby Egan,20,7,0,2026-07-09 00:20:29
2026-07-08 23:46:32,PLCY100,0201,Namrta Sharma,20,14,0,2026-07-09 00:20:29
2026-07-08 23:46:32,PLCY100,0202,Namrta Sharma,20,16,0,2026-07-09 00:20:29
2026-07-08 23:46:32,PLCY100,0203,Namrta Sharma,20,4,0,2026-07-09 00:20:29
2026-07-08 23:46:32,PLCY100,0204,Namrta Sharma,20,12,0,2026-07-09 00:20:29
2026-07-08 23:46:32,PLCY101,0101,Robert Sprinkle,60,8,0,2026-07-09 00:20:29
2026-07-08 23:46:32,PLCY170,0101,Joshua Itzkowitz Shifrinson,20,0,0,2026-07-09 00:20:30
2026-07-08 23:46:32,PLCY170,0102,Joshua Itzkowitz Shifrinson,20,0,0,2026-07-09 00:20:30
2026-07-08 23:46:32,PLCY170,0103,Joshua Itzkowitz Shifrinson,20,0,0,2026-07-09 00:20:30
2026-07-08 23:46:32,PLCY170,0104,Joshua Itzkowitz Shifrinson,20,0,0,2026-07-09 00:20:30
2026-07-08 23:46:32,PLCY170,0105,Joshua Itzkowitz Shifrinson,20,0,0,2026-07-09 00:20:30
2026-07-08 23:46:32,PLCY170,0106,Joshua Itzkowitz Shifrinson,25,2,0,2026-07-09 00:20:30
2026-07-08 23:46:32,PLCY172,0101,Caroline Ritter,95,57,0,2026-07-09 00:20:30
2026-07-08 23:46:32,PLCY200,0101,Shanna Pearson-Merkowitz,35,0,4,2026-07-09 00:20:31
2026-07-08 23:46:32,PLCY200,0201,Shanna Pearson-Merkowitz,35,0,5,2026-07-09 00:20:31
2026-07-08 23:46:32,PLCY200,0301,Namrta Sharma,35,0,6,2026-07-09 00:20:31
2026-07-08 23:46:32,PLCY201,0101,Julio Guzman,56,14,0,2026-07-09 00:20:31
2026-07-08 23:46:32,PLCY201,0201,Gregory Ramsay,48,9,0,2026-07-09 00:20:31
2026-07-08 23:46:32,PLCY201,FC01,Anne Kaiser,30,3,0,2026-07-09 00:20:31
2026-07-08 23:46:32,PLCY201,FC02,Anne Kaiser,30,18,0,2026-07-09 00:20:31
2026-07-08 23:46:32,PLCY201S,0101,Susannah Washburn,80,30,0,2026-07-09 00:20:32
2026-07-08 23:46:32,PLCY203,0101,Thomas Hilde,60,23,0,2026-07-09 00:20:32
2026-07-08 23:46:32,PLCY203,0201,Anne Kaiser,60,42,0,2026-07-09 00:20:32
2026-07-08 23:46:32,PLCY213,0201,Claire Dunning,40,7,0,2026-07-09 00:20:32
2026-07-08 23:46:32,PLCY214,0101,Patricia Bory,65,40,0,2026-07-09 00:20:33
2026-07-08 23:46:32,PLCY240,0101,Timothy Reedy,30,0,8,2026-07-09 00:20:33
2026-07-08 23:46:32,PLCY288K,0101,CHRISTIAN OSTERMANN,25,7,0,2026-07-09 00:20:34
2026-07-08 23:46:32,PLCY300,0101,Alana Hackshaw,45,0,10,2026-07-09 00:20:34
2026-07-08 23:46:32,PLCY300,0201,Namrta Sharma,45,29,0,2026-07-09 00:20:34
2026-07-08 23:46:32,PLCY301,0101,Caroline Boules,165,54,0,2026-07-09 00:20:35
2026-07-08 23:46:32,PLCY302,0101,Niambi Carter,40,0,1,2026-07-09 00:20:35
2026-07-08 23:46:32,PLCY302,0201,Ebonie Johnson Cooper,40,10,0,2026-07-09 00:20:35
2026-07-08 23:46:32,PLCY302,0301,Lindsay Dieudonne,40,0,2,2026-07-09 00:20:35
2026-07-08 23:46:32,PLCY303,0101,Juan Martinez Guzman,40,4,0,2026-07-09 00:20:35
2026-07-08 23:46:32,PLCY304,0101,Michael Busse,40,14,0,2026-07-09 00:20:36
2026-07-08 23:46:32,PLCY304,0201,Michael Busse,40,17,0,2026-07-09 00:20:36
2026-07-08 23:46:32,PLCY309,0101,Martin Sanders,30,30,0,2026-07-09 00:20:36
2026-07-08 23:46:32,PLCY310,0101,Selvon Waldron,35,11,0,2026-07-09 00:20:37
2026-07-08 23:46:32,PLCY313,0101,Gerard Evans,100,22,0,2026-07-09 00:20:37
2026-07-08 23:46:32,PLCY371,0101,Joshua Itzkowitz Shifrinson,35,0,0,2026-07-09 00:20:38
2026-07-08 23:46:32,PLCY380,0101,Isabel O'Malley,40,0,5,2026-07-09 00:20:38
2026-07-08 23:46:32,PLCY380,ESG1,Kisha McNeill,28,0,0,2026-07-09 00:20:38
2026-07-08 23:46:32,PLCY388A,0101,Brandi Onowu,40,2,0,2026-07-09 00:20:38
2026-07-08 23:46:32,PLCY388N,0101,Nina Harris,25,2,0,2026-07-09 00:20:39
2026-07-08 23:46:32,PLCY390,0101,Lena Andrews,20,0,11,2026-07-09 00:20:39
2026-07-08 23:46:32,PLCY399B,0101,Beatrice DeBelen,30,21,0,2026-07-09 00:20:40
2026-07-08 23:46:32,PLCY400,0101,Patricia Bory,25,4,0,2026-07-09 00:20:41
2026-07-08 23:46:32,PLCY401,0101,Anand Patwardhan,20,6,0,2026-07-09 00:20:41
2026-07-08 23:46:32,PLCY401,0201,Tracy Thompson,20,0,0,2026-07-09 00:20:41
2026-07-08 23:46:32,PLCY401,0301,David Mussington,20,8,0,2026-07-09 00:20:41
2026-07-08 23:46:32,PLCY490,0101,Michael Woldemariam,15,5,0,2026-07-09 00:20:42
2026-07-08 23:46:32,PLCY492,0101,Steven Fetter,20,7,0,2026-07-09 00:20:42
2026-07-08 23:46:32,PLCY610,0201,Alec Worsnop,40,15,0,2026-07-09 00:20:43
2026-07-08 23:46:32,PLCY630,0101,Catherine Worsnop,25,13,0,2026-07-09 00:20:43
2026-07-08 23:46:32,PLCY630,0201,Catherine Worsnop,25,7,0,2026-07-09 00:20:43
2026-07-08 23:46:32,PLCY631,0101,Cullen Merritt,25,13,0,2026-07-09 00:20:43
2026-07-08 23:46:32,PLCY631,0201,Elizabeth Duke,25,10,0,2026-07-09 00:20:43
2026-07-08 23:46:32,PLCY640,0201,Thomas Spreen,30,4,0,2026-07-09 00:20:44
2026-07-08 23:46:32,PLCY641,0101,Tyler Kustra,30,4,0,2026-07-09 00:20:44
2026-07-08 23:46:32,PLCY641,0201,Tyler Kustra,30,11,0,2026-07-09 00:20:44
2026-07-08 23:46:32,PLCY670,0101,Philip Joyce,30,2,0,2026-07-09 00:20:45
2026-07-08 23:46:32,PLCY680,0101,Claire Dunning,25,7,0,2026-07-09 00:20:45
2026-07-08 23:46:32,PLCY680,0201,Michael Woldemariam,25,16,0,2026-07-09 00:20:45
2026-07-08 23:46:32,PLCY688C,0101,Charles Harry,20,11,0,2026-07-09 00:20:46
2026-07-08 23:46:32,PLCY688F,PWL1,Nekeya O'Connor,20,6,0,2026-07-09 00:20:46
2026-07-08 23:46:32,PLCY688P,0101,Steven Fetter,10,0,0,2026-07-09 00:20:46
2026-07-08 23:46:32,PLCY688Z,0101,Brandi Onowu,20,6,0,2026-07-09 00:20:47
2026-07-08 23:46:32,PLCY689E,0101,Susan Parker,20,0,5,2026-07-09 00:20:47
2026-07-08 23:46:32,PLCY690,0110,David Mussington,15,3,0,2026-07-09 00:20:48
2026-07-08 23:46:32,PLCY690,0120,Margaret Brindle,15,3,0,2026-07-09 00:20:48
2026-07-08 23:46:32,PLCY690,0130,Douglas Call,15,1,0,2026-07-09 00:20:48
2026-07-08 23:46:32,PLCY690,0150,Paul Brown,15,0,0,2026-07-09 00:20:48
2026-07-08 23:46:32,PLCY690,0170,James Stillwell,15,3,0,2026-07-09 00:20:48
2026-07-08 23:46:32,PLCY698T,0101,Elizabeth Duke,20,9,0,2026-07-09 00:20:48
2026-07-08 23:46:32,PLCY699L,0101,Michael Woldemariam,10,0,0,2026-07-09 00:20:48
2026-07-08 23:46:32,PLCY720,0101,Nancy Gallagher,20,7,0,2026-07-09 00:20:49
2026-07-08 23:46:32,PLCY734,0101,Niambi Carter,20,0,1,2026-07-09 00:20:49
2026-07-08 23:46:32,PLCY735,0101,Robert Sprinkle,20,15,0,2026-07-09 00:20:50
2026-07-08 23:46:32,PLCY741,0101,Anand Patwardhan,20,10,0,2026-07-09 00:20:50
2026-07-08 23:46:32,PLCY742,0101,Thomas Hilde,20,11,0,2026-07-09 00:20:51
2026-07-08 23:46:32,PLCY780,0101,Robert Orr,20,0,0,2026-07-09 00:20:51
2026-07-08 23:46:32,PLCY781,0101,Julio Guzman,20,4,0,2026-07-09 00:20:51
2026-07-08 23:46:32,PLCY783,0101,Margaret Brindle,20,10,0,2026-07-09 00:20:52
2026-07-08 23:46:32,PLCY798F,PWL1,William Nolte,25,24,0,2026-07-09 00:20:53
2026-07-08 23:46:32,PLCY798N,0101,Jiehong Lou,20,19,0,2026-07-09 00:20:53
2026-07-08 23:46:32,PLCY798V,0101,Shanna Pearson-Merkowitz,12,3,0,2026-07-09 00:20:54
2026-07-08 23:46:32,PLCY798Y,PWL1,Jeffrey Franco,19,5,0,2026-07-09 00:20:55
2026-07-08 23:46:32,PLCY798Z,0101,Peter Reuter,12,5,0,2026-07-09 00:20:56
2026-07-08 23:46:32,PLSC112,0101,Samuel Daramola,80,18,0,2026-07-09 00:20:58
2026-07-08 23:46:32,PLSC113,0101,Samuel Daramola,19,6,0,2026-07-09 00:20:59
2026-07-08 23:46:32,PLSC113,0102,Samuel Daramola,19,6,0,2026-07-09 00:20:59
2026-07-08 23:46:32,PLSC113,0103,Samuel Daramola,19,8,0,2026-07-09 00:20:59
2026-07-08 23:46:32,PLSC113,0104,Samuel Daramola,19,4,0,2026-07-09 00:20:59
2026-07-08 23:46:32,PLSC115,0101,Shirley Micallef,19,4,0,2026-07-09 00:20:59
2026-07-08 23:46:32,PLSC201,0101,Pierre Jacob,42,15,0,2026-07-09 00:21:00
2026-07-08 23:46:32,PLSC203,0101,Vijay Tiwari,23,17,0,2026-07-09 00:21:00
2026-07-08 23:46:32,PLSC205,0101,Mark Carroll,17,1,0,2026-07-09 00:21:01
2026-07-08 23:46:32,PLSC206,0101,Pierre Jacob,21,9,0,2026-07-09 00:21:01
2026-07-08 23:46:32,PLSC206,0102,Pierre Jacob,21,7,0,2026-07-09 00:21:01
2026-07-08 23:46:32,PLSC253,0101,Karen Petroff,24,0,0,2026-07-09 00:21:01
2026-07-08 23:46:32,PLSC253,0102,Karen Petroff,24,14,0,2026-07-09 00:21:01
2026-07-08 23:46:32,PLSC389,0101,Craig Beyrouty,17,17,0,2026-07-09 00:21:02
2026-07-08 23:46:32,PLSC402,0101,Geoffrey Rinehart,10,3,0,2026-07-09 00:21:03
2026-07-08 23:46:32,PLSC404,0101,Yiping Qi,20,14,0,2026-07-09 00:21:03
2026-07-08 23:46:32,PLSC420,0101,Simran Goyal,18,5,0,2026-07-09 00:21:04
2026-07-08 23:46:32,PLSC420,0102,Nidhi Rawat,18,12,0,2026-07-09 00:21:04
2026-07-08 23:46:32,PLSC433,0101,Diana Cochran,10,3,0,2026-07-09 00:21:04
2026-07-08 23:46:32,PLSC453,0101,Samuel Daramola,24,5,0,2026-07-09 00:21:04
2026-07-08 23:46:32,PLSC471,0101,Juanita Choo,20,0,0,2026-07-09 00:21:05
2026-07-08 23:46:32,PLSC476,0101,Maile Neel,23,22,0,2026-07-09 00:21:05
2026-07-08 23:46:32,PLSC608,0101,Shunyuan Xiao,20,17,0,2026-07-09 00:21:06
2026-07-08 23:46:32,PORT103,0101,Parker Brookie,15,11,0,2026-07-09 00:21:09
2026-07-08 23:46:32,PORT205,0101,Parker Brookie,15,8,0,2026-07-09 00:21:09
2026-07-08 23:46:32,PORT332,0101,Parker Brookie,25,0,5,2026-07-09 00:21:10
2026-07-08 23:46:32,PSYC100,0101,Benjamin Jones,24,0,0,2026-07-09 00:21:13
2026-07-08 23:46:32,PSYC100,0102,Benjamin Jones,24,0,0,2026-07-09 00:21:13
2026-07-08 23:46:32,PSYC100,0103,Benjamin Jones,24,0,0,2026-07-09 00:21:13
2026-07-08 23:46:32,PSYC100,0104,Benjamin Jones,24,1,0,2026-07-09 00:21:13
2026-07-08 23:46:32,PSYC100,0105,Benjamin Jones,24,13,0,2026-07-09 00:21:13
2026-07-08 23:46:32,PSYC100,0106,Benjamin Jones,24,19,0,2026-07-09 00:21:13
2026-07-08 23:46:32,PSYC100,0107,Benjamin Jones,24,0,0,2026-07-09 00:21:13
2026-07-08 23:46:32,PSYC100,0108,Benjamin Jones,24,10,0,2026-07-09 00:21:13
2026-07-08 23:46:32,PSYC100,0109,Benjamin Jones,24,19,0,2026-07-09 00:21:13
2026-07-08 23:46:32,PSYC100,0110,Benjamin Jones,24,20,0,2026-07-09 00:21:13
2026-07-08 23:46:32,PSYC100,0201,Abigail Nicolas,24,0,0,2026-07-09 00:21:13
2026-07-08 23:46:32,PSYC100,0202,Abigail Nicolas,24,1,0,2026-07-09 00:21:13
2026-07-08 23:46:32,PSYC100,0203,Abigail Nicolas,24,0,0,2026-07-09 00:21:13
2026-07-08 23:46:32,PSYC100,0204,Abigail Nicolas,24,0,0,2026-07-09 00:21:13
2026-07-08 23:46:32,PSYC100,0205,Abigail Nicolas,24,0,0,2026-07-09 00:21:13
2026-07-08 23:46:32,PSYC100,0206,Abigail Nicolas,24,5,0,2026-07-09 00:21:13
2026-07-08 23:46:32,PSYC100,0207,Abigail Nicolas,24,3,0,2026-07-09 00:21:13
2026-07-08 23:46:32,PSYC100,0208,Abigail Nicolas,24,0,0,2026-07-09 00:21:13
2026-07-08 23:46:32,PSYC100,0209,Abigail Nicolas,24,1,0,2026-07-09 00:21:13
2026-07-08 23:46:32,PSYC100,0210,Abigail Nicolas,24,1,0,2026-07-09 00:21:13
2026-07-08 23:46:32,PSYC100,0301,Joseph Barnet,24,0,0,2026-07-09 00:21:13
2026-07-08 23:46:32,PSYC100,0302,Joseph Barnet,24,0,0,2026-07-09 00:21:13
2026-07-08 23:46:32,PSYC100,0303,Joseph Barnet,24,0,0,2026-07-09 00:21:13
2026-07-08 23:46:32,PSYC100,0304,Joseph Barnet,24,1,0,2026-07-09 00:21:13
2026-07-08 23:46:32,PSYC100,0305,Joseph Barnet,24,0,0,2026-07-09 00:21:13
2026-07-08 23:46:32,PSYC100,0401,Dirk Parham,40,0,0,2026-07-09 00:21:13
2026-07-08 23:46:32,PSYC100,FC01,Heather Ganginis DelPino,32,0,0,2026-07-09 00:21:13
2026-07-08 23:46:32,PSYC100,FC02,Heather Ganginis DelPino,32,0,0,2026-07-09 00:21:13
2026-07-08 23:46:32,PSYC100,FC03,Benjamin Jones,32,0,0,2026-07-09 00:21:13
2026-07-08 23:46:32,PSYC100,FC04,Jacob Coutts,32,0,0,2026-07-09 00:21:13
2026-07-08 23:46:32,PSYC123,0101,Erica Ely,90,0,3,2026-07-09 00:21:13
2026-07-08 23:46:32,PSYC123,0201,Erica Ely,90,0,2,2026-07-09 00:21:13
2026-07-08 23:46:32,PSYC200,0101,Tracy Tomlinson,25,15,0,2026-07-09 00:21:13
2026-07-08 23:46:32,PSYC200,0102,Tracy Tomlinson,25,13,0,2026-07-09 00:21:13
2026-07-08 23:46:32,PSYC200,0103,Tracy Tomlinson,25,19,0,2026-07-09 00:21:13
2026-07-08 23:46:32,PSYC200,0104,Tracy Tomlinson,25,18,0,2026-07-09 00:21:13
2026-07-08 23:46:32,PSYC200,0105,Tracy Tomlinson,25,20,0,2026-07-09 00:21:13
2026-07-08 23:46:32,PSYC200,0201,Tracy Tomlinson,25,0,1,2026-07-09 00:21:13
2026-07-08 23:46:32,PSYC200,0202,Tracy Tomlinson,25,0,4,2026-07-09 00:21:13
2026-07-08 23:46:32,PSYC200,0203,Tracy Tomlinson,25,0,1,2026-07-09 00:21:13
2026-07-08 23:46:32,PSYC200,0204,Tracy Tomlinson,25,0,2,2026-07-09 00:21:13
2026-07-08 23:46:32,PSYC200,0205,Tracy Tomlinson,25,0,3,2026-07-09 00:21:13
2026-07-08 23:46:32,PSYC221,0101,Abigail Nicolas,120,3,0,2026-07-09 00:21:14
2026-07-08 23:46:32,PSYC221,0201,Joseph Barnet,120,0,0,2026-07-09 00:21:14
2026-07-08 23:46:32,PSYC221,0301,Joseph Barnet,120,50,0,2026-07-09 00:21:14
2026-07-08 23:46:32,PSYC221,FC01,Joseph Barnet,32,0,0,2026-07-09 00:21:14
2026-07-08 23:46:32,PSYC232,0101,Linda Zou,36,0,22,2026-07-09 00:21:14
2026-07-08 23:46:32,PSYC234,0101,Abigail Nicolas,108,0,0,2026-07-09 00:21:15
2026-07-08 23:46:32,PSYC234,FC01,Heather Ganginis DelPino,34,0,0,2026-07-09 00:21:15
2026-07-08 23:46:32,PSYC300,0101,Amanda Chicoli,16,0,4,2026-07-09 00:21:15
2026-07-08 23:46:32,PSYC300,0102,Amanda Chicoli,16,0,6,2026-07-09 00:21:15
2026-07-08 23:46:32,PSYC300,0103,Amanda Chicoli,16,0,5,2026-07-09 00:21:15
2026-07-08 23:46:32,PSYC300,0104,Amanda Chicoli,16,0,5,2026-07-09 00:21:15
2026-07-08 23:46:32,PSYC300,0105,Amanda Chicoli,16,0,3,2026-07-09 00:21:15
2026-07-08 23:46:32,PSYC300,0201,Ana Navarro Cebrian,16,0,20,2026-07-09 00:21:15
2026-07-08 23:46:32,PSYC300,0202,Ana Navarro Cebrian,16,0,12,2026-07-09 00:21:15
2026-07-08 23:46:32,PSYC300,0203,Ana Navarro Cebrian,16,0,16,2026-07-09 00:21:15
2026-07-08 23:46:32,PSYC300,0204,Ana Navarro Cebrian,16,0,13,2026-07-09 00:21:15
2026-07-08 23:46:32,PSYC300,0205,Ana Navarro Cebrian,16,0,19,2026-07-09 00:21:15
2026-07-08 23:46:32,PSYC302,0101,Amanda Chicoli,45,0,12,2026-07-09 00:21:16
2026-07-08 23:46:32,PSYC303,0101,Jose Lima Rosas,45,25,0,2026-07-09 00:21:16
2026-07-08 23:46:32,PSYC304,0101,Anna Li,105,0,1,2026-07-09 00:21:16
2026-07-08 23:46:32,PSYC309D,0101,David Yager,22,2,0,2026-07-09 00:21:17
2026-07-08 23:46:32,PSYC309F,0101,Nazish Salahuddin,25,10,0,2026-07-09 00:21:17
2026-07-08 23:46:32,PSYC330,0101,Andrea Chronis-Tuscano,90,0,0,2026-07-09 00:21:18
2026-07-08 23:46:32,PSYC336,0101,Karoline Trovato,99,0,23,2026-07-09 00:21:18
2026-07-08 23:46:32,PSYC341,0101,Timothy George,105,34,0,2026-07-09 00:21:19
2026-07-08 23:46:32,PSYC344,0101,Joseph Barnet,67,0,5,2026-07-09 00:21:19
2026-07-08 23:46:32,PSYC353,0101,Susanna Crowell McQuarrie,105,0,0,2026-07-09 00:21:19
2026-07-08 23:46:32,PSYC354,0101,Monica Cushnie,135,0,7,2026-07-09 00:21:20
2026-07-08 23:46:32,PSYC355,0101,Fanita Tyrell,135,0,0,2026-07-09 00:21:20
2026-07-08 23:46:32,PSYC355,0201,Desi Jones,150,73,0,2026-07-09 00:21:20
2026-07-08 23:46:32,PSYC361,0101,James Grand,67,3,0,2026-07-09 00:21:21
2026-07-08 23:46:32,PSYC381,0101,Karen O'Brien,27,0,6,2026-07-09 00:21:21
2026-07-08 23:46:32,PSYC389,0101,Steven Young,18,17,0,2026-07-09 00:21:21
2026-07-08 23:46:32,PSYC404,0101,Ana Navarro Cebrian,45,0,26,2026-07-09 00:21:22
2026-07-08 23:46:32,PSYC407,0101,Matthew Roesch,7,0,9,2026-07-09 00:21:22
2026-07-08 23:46:32,PSYC407,0201,Matthew Roesch,7,0,11,2026-07-09 00:21:22
2026-07-08 23:46:32,PSYC407,0301,Matthew Roesch,7,0,8,2026-07-09 00:21:22
2026-07-08 23:46:32,PSYC409,0101,Gregory Ball,36,2,0,2026-07-09 00:21:23
2026-07-08 23:46:32,PSYC413,0101,Tracy Riggins,40,0,5,2026-07-09 00:21:23
2026-07-08 23:46:32,PSYC417,0101,Jacob Coutts,21,0,6,2026-07-09 00:21:24
2026-07-08 23:46:32,PSYC417,0201,Caroline Charpentier,21,5,0,2026-07-09 00:21:24
2026-07-08 23:46:32,PSYC420,0101,Edward Lemay,13,0,5,2026-07-09 00:21:24
2026-07-08 23:46:32,PSYC420,0102,Edward Lemay,13,0,6,2026-07-09 00:21:24
2026-07-08 23:46:32,PSYC425,0101,Tracy Tomlinson,27,0,8,2026-07-09 00:21:24
2026-07-08 23:46:32,PSYC432,0201,Monica Cushnie,90,0,2,2026-07-09 00:21:25
2026-07-08 23:46:32,PSYC433,0101,Terrill Taylor,9,0,2,2026-07-09 00:21:25
2026-07-08 23:46:32,PSYC433,0102,Terrill Taylor,9,0,4,2026-07-09 00:21:25
2026-07-08 23:46:32,PSYC433,0103,Terrill Taylor,9,0,2,2026-07-09 00:21:25
2026-07-08 23:46:32,PSYC433,0104,Terrill Taylor,9,0,3,2026-07-09 00:21:25
2026-07-08 23:46:32,PSYC433,0105,Terrill Taylor,9,0,2,2026-07-09 00:21:25
2026-07-08 23:46:32,PSYC433,0106,Terrill Taylor,9,0,3,2026-07-09 00:21:25
2026-07-08 23:46:32,PSYC433,0107,Terrill Taylor,9,3,0,2026-07-09 00:21:25
2026-07-08 23:46:32,PSYC433,0108,Terrill Taylor,9,0,3,2026-07-09 00:21:25
2026-07-08 23:46:32,PSYC433,0109,Terrill Taylor,9,0,2,2026-07-09 00:21:25
2026-07-08 23:46:32,PSYC436,0101,Andres De Los Reyes,67,0,6,2026-07-09 00:21:26
2026-07-08 23:46:32,PSYC437,0101,Abigail Nicolas,45,0,9,2026-07-09 00:21:26
2026-07-08 23:46:32,PSYC437,0201,Cristina Risco,72,0,11,2026-07-09 00:21:26
2026-07-08 23:46:32,PSYC440,0101,Tracy Tomlinson,21,9,0,2026-07-09 00:21:27
2026-07-08 23:46:32,PSYC447,0101,Jennifer Wessel,36,0,16,2026-07-09 00:21:27
2026-07-08 23:46:32,PSYC450,0101,Benjamin Jones,13,0,6,2026-07-09 00:21:27
2026-07-08 23:46:32,PSYC450,0102,Benjamin Jones,13,0,5,2026-07-09 00:21:27
2026-07-08 23:46:32,PSYC450,0201,Benjamin Jones,13,0,6,2026-07-09 00:21:27
2026-07-08 23:46:32,PSYC450,0202,Benjamin Jones,13,0,6,2026-07-09 00:21:27
2026-07-08 23:46:32,PSYC464,0101,Paul Hanges,36,2,0,2026-07-09 00:21:28
2026-07-08 23:46:32,PSYC468H,0403,Jennifer Wessel,5,5,0,2026-07-09 00:21:28
2026-07-08 23:46:32,PSYC468H,3008,Jacob Coutts,5,5,0,2026-07-09 00:21:28
2026-07-08 23:46:32,PSYC489A,0101,Alexander Shackman,67,4,0,2026-07-09 00:21:30
2026-07-08 23:46:32,PSYC489B,0101,Arianna Gard,30,19,0,2026-07-09 00:21:30
2026-07-08 23:46:32,PSYC489E,0101,Ethan Mereish,40,24,0,2026-07-09 00:21:31
2026-07-08 23:46:32,PSYC489I,0101,Cassandra Phetmisy,36,29,0,2026-07-09 00:21:31
2026-07-08 23:46:32,PSYC601,0101,Weizhen Xie,21,14,0,2026-07-09 00:21:32
2026-07-08 23:46:32,PSYC603,PCI1,Nikita Arun,40,16,0,2026-07-09 00:21:32
2026-07-08 23:46:32,PSYC614,0101,Alexander Shackman,20,13,0,2026-07-09 00:21:33
2026-07-08 23:46:32,PSYC622,PCC1,Christina Danko,40,13,0,2026-07-09 00:21:33
2026-07-08 23:46:32,PSYC624,0101,Henry Willis,15,11,0,2026-07-09 00:21:34
2026-07-08 23:46:32,PSYC629B,0101,Yevgeny Botanov,10,9,0,2026-07-09 00:21:34
2026-07-08 23:46:32,PSYC629C,0101,Lea Dougherty,10,10,0,2026-07-09 00:21:34
2026-07-08 23:46:32,PSYC629D,0101,Mary Byrne,10,10,0,2026-07-09 00:21:35
2026-07-08 23:46:32,PSYC638,0101,Lea Dougherty,20,20,0,2026-07-09 00:21:35
2026-07-08 23:46:32,PSYC638,0201,Derek Iwamoto,20,16,0,2026-07-09 00:21:35
2026-07-08 23:46:32,PSYC639,0101,Lea Dougherty,20,19,0,2026-07-09 00:21:36
2026-07-08 23:46:32,PSYC643,0101,Mary Byrne,10,8,0,2026-07-09 00:21:36
2026-07-08 23:46:32,PSYC643,PCC1,Rachel Singer,35,35,0,2026-07-09 00:21:36
2026-07-08 23:46:32,PSYC643,PCC2,Susanna Crowell McQuarrie,40,14,0,2026-07-09 00:21:36
2026-07-08 23:46:32,PSYC651,PCC1,Christina Danko,20,20,0,2026-07-09 00:21:37
2026-07-08 23:46:32,PSYC651,PCC2,Cristina Risco,20,20,0,2026-07-09 00:21:37
2026-07-08 23:46:32,PSYC653,PCI1,Andrew Naber,40,18,0,2026-07-09 00:21:37
2026-07-08 23:46:32,PSYC654,PWI1,Joselito Lualhati,40,40,0,2026-07-09 00:21:37
2026-07-08 23:46:32,PSYC660,PCI1,Kenneth Yusko,36,36,0,2026-07-09 00:21:38
2026-07-08 23:46:32,PSYC661,PCI1,David Shar,36,36,0,2026-07-09 00:21:38
2026-07-08 23:46:32,PSYC692,0101,Jonathan Mohr,10,3,0,2026-07-09 00:21:39
2026-07-08 23:46:32,PSYC700,0101,Terrill Taylor,15,14,0,2026-07-09 00:21:39
2026-07-08 23:46:32,PSYC732,PWI1,Kenneth Yusko,40,40,0,2026-07-09 00:21:40
2026-07-08 23:46:32,PSYC789K,0101,James Grand,20,19,0,2026-07-09 00:21:40
2026-07-08 23:46:32,PSYC798D,0101,Arianna Gard,10,6,0,2026-07-09 00:21:40
2026-07-08 23:46:32,PSYC798P,0101,Linda Zou,20,15,0,2026-07-09 00:21:41
2026-07-08 23:46:32,PSYC798R,0101,Elizabeth Redcay,20,17,0,2026-07-09 00:21:41
2026-07-08 23:46:32,PSYC798W,0101,Cassandra Phetmisy,20,17,0,2026-07-09 00:21:42
2026-07-08 23:46:32,PSYC798Z,0101,Edward Lemay,15,4,0,2026-07-09 00:21:42
2026-07-08 23:46:32,PSYC819D,0101,Jude Cassidy,10,10,0,2026-07-09 00:21:43
2026-07-08 23:46:32,PSYC888A,0101,Jude Cassidy,10,6,0,2026-07-09 00:21:43
2026-07-08 23:46:32,QMMS451,0101,Tracy Sweet,80,24,0,2026-07-09 00:21:46
2026-07-08 23:46:32,QMMS623,0101,Yang Liu,25,10,0,2026-07-09 00:21:46
2026-07-08 23:46:32,QMMS645,0101,Gregory Hancock,30,19,0,2026-07-09 00:21:47
2026-07-08 23:46:32,QMMS646,0101,Peter Steiner,30,23,0,2026-07-09 00:21:47
2026-07-08 23:46:32,QMMS651,0101,Jeffrey Harring,30,15,0,2026-07-09 00:21:48
2026-07-08 23:46:32,QMMS655,0101,Tracy Sweet,25,2,0,2026-07-09 00:21:48
2026-07-08 23:46:32,QMMS657,0101,Gregory Hancock,20,0,3,2026-07-09 00:21:49
2026-07-08 23:46:32,QMMS769I,0101,Peter Steiner,20,7,0,2026-07-09 00:21:49
2026-07-08 23:46:32,QMMS779M,0101,Jeffrey Harring,20,10,0,2026-07-09 00:21:49
2026-07-08 23:46:32,RDEV250,0101,Wayne Curtis,60,3,0,2026-07-09 00:21:53
2026-07-08 23:46:32,RDEV250,0102,Wayne Curtis,60,17,0,2026-07-09 00:21:53
2026-07-08 23:46:32,RDEV270,0101,John Park,33,12,0,2026-07-09 00:21:54
2026-07-08 23:46:32,RDEV350,0101,Instructor: TBA,40,12,0,2026-07-09 00:21:54
2026-07-08 23:46:32,RDEV350,0102,Jesse Saginor,30,8,0,2026-07-09 00:21:54
2026-07-08 23:46:32,RDEV440,0101,Robert McClennan,16,1,0,2026-07-09 00:21:55
2026-07-08 23:46:32,RDEV450,0101,Kathryn  Corby,23,0,0,2026-07-09 00:21:55
2026-07-08 23:46:32,RDEV450,0102,Thomas Dwyer,25,20,0,2026-07-09 00:21:55
2026-07-08 23:46:32,RDEV450,0103,John Park,24,0,0,2026-07-09 00:21:55
2026-07-08 23:46:32,RDEV473,0101,Jesse Saginor,12,0,6,2026-07-09 00:21:55
2026-07-08 23:46:32,RDEV600,0101,Jesse Saginor,15,13,0,2026-07-09 00:21:56
2026-07-08 23:46:32,RDEV603,0101,Thomas Dwyer,10,8,0,2026-07-09 00:21:56
2026-07-08 23:46:32,RDEV605,0101,John Park,18,10,0,2026-07-09 00:21:57
2026-07-08 23:46:32,RDEV620,0101,Abigail Ferretti,30,10,0,2026-07-09 00:21:57
2026-07-08 23:46:32,RDEV630,0101,Mansur Abdul-Malik,20,15,0,2026-07-09 00:21:58
2026-07-08 23:46:32,RDEV635,0101,Instructor: TBA,15,7,0,2026-07-09 00:21:58
2026-07-08 23:46:32,RDEV640,0101,Robert McClennan,15,6,0,2026-07-09 00:21:58
2026-07-08 23:46:32,RDEV660,0101,Suzanne White,30,21,0,2026-07-09 00:21:59
2026-07-08 23:46:32,RDEV670,0101,Ronald McDonald,20,14,0,2026-07-09 00:21:59
2026-07-08 23:46:32,RDEV688C,0101,Jesse Saginor,12,12,0,2026-07-09 00:22:00
2026-07-08 23:46:32,RDEV689D,0101,David Jefferson,20,9,0,2026-07-09 00:22:00
2026-07-08 23:46:32,RDEV689Y,0101,Instructor: TBA,4,4,0,2026-07-09 00:22:01
2026-07-08 23:46:32,RDEV690,0101,Tanya Bansal,10,3,0,2026-07-09 00:22:01
2026-07-08 23:46:32,RELS120,0101,Antoine Borrut,40,3,0,2026-07-09 00:22:03
2026-07-08 23:46:32,RELS170,0101,Chiara Graf,16,0,0,2026-07-09 00:22:04
2026-07-08 23:46:32,RELS170,0102,Chiara Graf,16,0,0,2026-07-09 00:22:04
2026-07-08 23:46:32,RELS170,0103,Chiara Graf,16,0,0,2026-07-09 00:22:04
2026-07-08 23:46:32,RELS170,0104,Chiara Graf,16,0,0,2026-07-09 00:22:04
2026-07-08 23:46:32,RELS170,0105,Chiara Graf,16,0,0,2026-07-09 00:22:04
2026-07-08 23:46:32,RELS170,0106,Chiara Graf,16,0,0,2026-07-09 00:22:04
2026-07-08 23:46:32,RELS170,0107,Chiara Graf,16,1,0,2026-07-09 00:22:04
2026-07-08 23:46:32,RELS170,0108,Chiara Graf,16,1,0,2026-07-09 00:22:04
2026-07-08 23:46:32,RELS170,0109,Chiara Graf,17,1,0,2026-07-09 00:22:04
2026-07-08 23:46:32,RELS219K,0101,Shay Hazkani,40,36,0,2026-07-09 00:22:04
2026-07-08 23:46:32,RELS225,0101,Instructor: TBA,25,0,1,2026-07-09 00:22:05
2026-07-08 23:46:32,RELS273,0101,Hayim Lapin,18,5,0,2026-07-09 00:22:05
2026-07-08 23:46:32,RELS273,0102,Hayim Lapin,18,12,0,2026-07-09 00:22:05
2026-07-08 23:46:32,RELS273,0103,Hayim Lapin,18,8,0,2026-07-09 00:22:05
2026-07-08 23:46:32,RELS274,0101,Matthew Suriano,16,2,0,2026-07-09 00:22:05
2026-07-08 23:46:32,RELS274,0102,Matthew Suriano,16,1,0,2026-07-09 00:22:05
2026-07-08 23:46:32,RELS274,0103,Matthew Suriano,16,2,0,2026-07-09 00:22:05
2026-07-08 23:46:32,RELS274,0104,Matthew Suriano,16,4,0,2026-07-09 00:22:05
2026-07-08 23:46:32,RELS319D,0101,Instructor: TBA,35,31,0,2026-07-09 00:22:06
2026-07-08 23:46:32,RELS319Z,0101,Instructor: TBA,30,27,0,2026-07-09 00:22:06
2026-07-08 23:46:32,RELS341,0101,Janna Bianchini,27,0,2,2026-07-09 00:22:07
2026-07-08 23:46:32,RUSS101,0101,Inna Hardman,15,8,0,2026-07-09 00:22:09
2026-07-08 23:46:32,RUSS101,0201,Inna Hardman,15,4,0,2026-07-09 00:22:09
2026-07-08 23:46:32,RUSS201,0101,Zhanna Gerus-Vernola,15,9,0,2026-07-09 00:22:09
2026-07-08 23:46:32,RUSS301,0101,Izolda Savenkova,15,5,0,2026-07-09 00:22:10
2026-07-08 23:46:32,RUSS321,0101,Elizabeth Papazian,15,3,0,2026-07-09 00:22:10
2026-07-08 23:46:32,RUSS334,0101,Elizabeth Papazian,25,0,1,2026-07-09 00:22:11
2026-07-08 23:46:32,RUSS404,0101,Izolda Savenkova,15,6,0,2026-07-09 00:22:12
2026-07-08 23:46:32,SDSB123,0101,Brian Kim,25,5,0,2026-07-09 00:22:14
2026-07-08 23:46:32,SDSB180,0101,Brian Kim,180,158,0,2026-07-09 00:22:14
2026-07-08 23:46:32,SDSB233,0101,Jacob Coutts,25,6,0,2026-07-09 00:22:15
2026-07-08 23:46:32,SDSB233,0102,Jacob Coutts,25,17,0,2026-07-09 00:22:15
2026-07-08 23:46:32,SDSB233,0103,Jacob Coutts,25,17,0,2026-07-09 00:22:15
2026-07-08 23:46:32,SDSB326,0101,Jacob Coutts,50,32,0,2026-07-09 00:22:15
2026-07-08 23:46:32,SDSB340,0101,Neil Lund,40,5,0,2026-07-09 00:22:16
2026-07-08 23:46:32,SDSI414,0201,Maria Krupenkin,34,15,0,2026-07-09 00:22:17
2026-07-08 23:46:32,SDSI414,0202,Maria Krupenkin,34,0,4,2026-07-09 00:22:17
2026-07-08 23:46:32,SDSI492,0101,TJ Rainsford,50,15,0,2026-07-09 00:22:18
2026-07-08 23:46:32,SDSI492,0103,Mary Ann Francis,40,0,3,2026-07-09 00:22:18
2026-07-08 23:46:32,SDSI492,0104,TJ Rainsford,50,13,0,2026-07-09 00:22:18
2026-07-08 23:46:32,SDSI492,0106,Jesse Klein,50,0,10,2026-07-09 00:22:18
2026-07-08 23:46:32,SDSI492,0107,Connie Siebold,40,0,4,2026-07-09 00:22:18
2026-07-08 23:46:32,SDSI492,0110,Patrick Thornton,50,36,0,2026-07-09 00:22:18
2026-07-08 23:46:32,SLAA649R,0101,Nan Jiang,15,12,0,2026-07-09 00:22:20
2026-07-08 23:46:32,SLAA749B,0101,Ekaterina Sudina,15,12,0,2026-07-09 00:22:20
2026-07-08 23:46:32,SLAA759L,0101,Bronson Hui,15,9,0,2026-07-09 00:22:21
2026-07-08 23:46:32,SLAA760,0101,Ekaterina Sudina,15,14,0,2026-07-09 00:22:22
2026-07-08 23:46:32,SLLC108J,0101,Instructor: TBA,5,5,0,2026-07-09 00:22:26
2026-07-08 23:46:32,SLLC108W,0101,Instructor: TBA,5,5,0,2026-07-09 00:22:27
2026-07-08 23:46:32,SLLC200,0101,Chris Lewis,30,0,1,2026-07-09 00:22:27
2026-07-08 23:46:32,SLLC286,0101,Andrew Schonebaum,48,17,0,2026-07-09 00:22:28
2026-07-08 23:46:32,SLLC309,0101,Ahmed Hanafy,10,10,0,2026-07-09 00:22:28
2026-07-08 23:46:32,SLLC309,0102,Ahmed Hanafy,10,8,0,2026-07-09 00:22:28
2026-07-08 23:46:32,SLLC309,0103,Ahmed Hanafy,10,8,0,2026-07-09 00:22:28
2026-07-08 23:46:32,SLLC309,0104,Ahmed Hanafy,10,6,0,2026-07-09 00:22:28
2026-07-08 23:46:32,SLLC309,0105,Ahmed Hanafy,10,7,0,2026-07-09 00:22:28
2026-07-08 23:46:32,SLLC309,0106,Ahmed Hanafy,10,9,0,2026-07-09 00:22:28
2026-07-08 23:46:32,SLLC309,0107,Ahmed Hanafy,10,8,0,2026-07-09 00:22:28
2026-07-08 23:46:32,SLLC309,0108,Ahmed Hanafy,10,10,0,2026-07-09 00:22:28
2026-07-08 23:46:32,SLLC309,0109,Ahmed Hanafy,10,7,0,2026-07-09 00:22:28
2026-07-08 23:46:32,SLLC309,0110,Ahmed Hanafy,10,4,0,2026-07-09 00:22:28
2026-07-08 23:46:32,SLLC309,0111,Ahmed Hanafy,10,10,0,2026-07-09 00:22:28
2026-07-08 23:46:32,SLLC329,0101,Marilyn Matar,12,0,0,2026-07-09 00:22:29
2026-07-08 23:46:32,SLLC329,0102,Marilyn Matar,10,5,0,2026-07-09 00:22:29
2026-07-08 23:46:32,SLLC329,0103,Marilyn Matar,21,9,0,2026-07-09 00:22:29
2026-07-08 23:46:32,SLLC329,0104,Marilyn Matar,10,7,0,2026-07-09 00:22:29
2026-07-08 23:46:32,SLLC329,0105,Marilyn Matar,10,10,0,2026-07-09 00:22:29
2026-07-08 23:46:32,SLLC329,0106,Marilyn Matar,10,6,0,2026-07-09 00:22:29
2026-07-08 23:46:32,SLLC329,0107,Marilyn Matar,10,9,0,2026-07-09 00:22:29
2026-07-08 23:46:32,SLLC329,0108,Marilyn Matar,10,8,0,2026-07-09 00:22:29
2026-07-08 23:46:32,SLLC329,0109,Marilyn Matar,10,7,0,2026-07-09 00:22:29
2026-07-08 23:46:32,SLLC329,0110,Marilyn Matar,20,11,0,2026-07-09 00:22:29
2026-07-08 23:46:32,SLLC350,0101,Michele Mason,30,25,0,2026-07-09 00:22:29
2026-07-08 23:46:32,SMLP470,0101,Brooke Smith,45,27,0,2026-07-09 00:22:31
2026-07-08 23:46:32,SMLP472,0101,Sara Herald,60,25,0,2026-07-09 00:22:31
2026-07-08 23:46:32,SOCY100,0101,Amy McLaughlin,96,48,0,2026-07-09 00:22:33
2026-07-08 23:46:32,SOCY100,0201,Philip Cohen,88,35,0,2026-07-09 00:22:33
2026-07-08 23:46:32,SOCY100,0301,Jennifer Ashlock,84,32,0,2026-07-09 00:22:33
2026-07-08 23:46:32,SOCY100,0501,Julia Chuang,88,53,0,2026-07-09 00:22:33
2026-07-08 23:46:32,SOCY100,0601,Kris Marsh,88,4,0,2026-07-09 00:22:33
2026-07-08 23:46:32,SOCY100,FC01,Christopher Tamborini,32,0,0,2026-07-09 00:22:33
2026-07-08 23:46:32,SOCY100,FC02,Christopher Tamborini,32,0,0,2026-07-09 00:22:33
2026-07-08 23:46:32,SOCY105,0101,Christopher Malackany,28,21,0,2026-07-09 00:22:34
2026-07-08 23:46:32,SOCY105,0201,Christopher Malackany,28,11,0,2026-07-09 00:22:34
2026-07-08 23:46:32,SOCY200,0101,Jeffrey Parsells-Johnson,96,53,0,2026-07-09 00:22:34
2026-07-08 23:46:32,SOCY201,0101,Meredith Kleykamp,20,0,1,2026-07-09 00:22:35
2026-07-08 23:46:32,SOCY201,0102,Meredith Kleykamp,20,0,3,2026-07-09 00:22:35
2026-07-08 23:46:32,SOCY202,0101,Katharine Khanna,24,7,0,2026-07-09 00:22:35
2026-07-08 23:46:32,SOCY202,0102,Katharine Khanna,24,15,0,2026-07-09 00:22:35
2026-07-08 23:46:32,SOCY203,0101,Brian Connor,78,21,0,2026-07-09 00:22:36
2026-07-08 23:46:32,SOCY223,0101,Jeffrey Lucas,96,27,0,2026-07-09 00:22:36
2026-07-08 23:46:32,SOCY224,0101,Dawn Dow,40,29,0,2026-07-09 00:22:36
2026-07-08 23:46:32,SOCY224,0201,Wayne Santoro,40,22,0,2026-07-09 00:22:36
2026-07-08 23:46:32,SOCY227,0101,Christopher Malackany,30,0,0,2026-07-09 00:22:37
2026-07-08 23:46:32,SOCY230,0101,Jeffrey Lucas,120,35,0,2026-07-09 00:22:37
2026-07-08 23:46:32,SOCY237,0101,Brian Connor,60,9,0,2026-07-09 00:22:38
2026-07-08 23:46:32,SOCY241,0101,Collin Mueller,60,0,5,2026-07-09 00:22:38
2026-07-08 23:46:32,SOCY241,0201,Roberto Korzeniewicz,60,0,3,2026-07-09 00:22:38
2026-07-08 23:46:32,SOCY245,0101,Philip Cohen,60,49,0,2026-07-09 00:22:39
2026-07-08 23:46:32,SOCY320,0101,Cecily Jackson,25,0,2,2026-07-09 00:22:39
2026-07-08 23:46:32,SOCY322,0101,Julie Park,30,0,0,2026-07-09 00:22:39
2026-07-08 23:46:32,SOCY335,0101,Jennifer Ashlock,72,25,0,2026-07-09 00:22:40
2026-07-08 23:46:32,SOCY340,0101,Julia Chuang,24,6,0,2026-07-09 00:22:40
2026-07-08 23:46:32,SOCY380,0101,Nicole De Loatch,5,4,0,2026-07-09 00:22:41
2026-07-08 23:46:32,SOCY410,0101,Liana Sayer,25,16,0,2026-07-09 00:22:43
2026-07-08 23:46:32,SOCY424,0101,Dawn Dow,29,20,0,2026-07-09 00:22:44
2026-07-08 23:46:32,SOCY427,0101,Roberto Korzeniewicz,29,24,0,2026-07-09 00:22:44
2026-07-08 23:46:32,SOCY433,0101,Wayne Santoro,29,14,0,2026-07-09 00:22:44
2026-07-08 23:46:32,SOCY435,0101,Amelia Branigan,29,5,0,2026-07-09 00:22:45
2026-07-08 23:46:32,SOCY451,0101,Brian Connor,29,0,4,2026-07-09 00:22:45
2026-07-08 23:46:32,SOCY460,0101,Kris Marsh,29,9,0,2026-07-09 00:22:46
2026-07-08 23:46:32,SOCY462,0101,Jennifer Ashlock,29,21,0,2026-07-09 00:22:46
2026-07-08 23:46:32,SOCY463,0101,Jeffrey Parsells-Johnson,29,21,0,2026-07-09 00:22:47
2026-07-08 23:46:32,SOCY465,0101,Meyer Kestnbaum,29,13,0,2026-07-09 00:22:47
2026-07-08 23:46:32,SOCY466,0101,Jeffrey Parsells-Johnson,29,25,0,2026-07-09 00:22:47
2026-07-08 23:46:32,SOCY467,0101,Nicole De Loatch,29,9,0,2026-07-09 00:22:48
2026-07-08 23:46:32,SOCY470,0101,Monica Caudillo,29,5,0,2026-07-09 00:22:48
2026-07-08 23:46:32,SOCY601,0101,Amelia Branigan,20,19,0,2026-07-09 00:22:49
2026-07-08 23:46:32,SOCY610,0101,Collin Mueller,20,18,0,2026-07-09 00:22:49
2026-07-08 23:46:32,SOCY617,0101,Stanley Presser,10,5,0,2026-07-09 00:22:50
2026-07-08 23:46:32,SOCY621,0101,Meyer Kestnbaum,20,11,0,2026-07-09 00:22:50
2026-07-08 23:46:32,SOCY709,0101,Long Doan,20,11,0,2026-07-09 00:22:51
2026-07-08 23:46:32,SPAN103,0101,Soraya Aguayo Roman,18,1,0,2026-07-09 00:22:54
2026-07-08 23:46:32,SPAN103,0201,Maria Ceballos Paz,18,2,0,2026-07-09 00:22:54
2026-07-08 23:46:32,SPAN103,0301,Jordan Mosquera Mendoza,18,5,0,2026-07-09 00:22:54
2026-07-08 23:46:32,SPAN103,0401,Samus Price,18,5,0,2026-07-09 00:22:54
2026-07-08 23:46:32,SPAN103,0501,Instructor: TBA,18,15,0,2026-07-09 00:22:54
2026-07-08 23:46:32,SPAN203,0201,Camila Maidana,20,0,0,2026-07-09 00:22:55
2026-07-08 23:46:32,SPAN203,0301,Camila Maidana,20,0,0,2026-07-09 00:22:55
2026-07-08 23:46:32,SPAN203,0401,Jackson Monzon,20,0,0,2026-07-09 00:22:55
2026-07-08 23:46:32,SPAN203,0501,Jackson Monzon,20,0,0,2026-07-09 00:22:55
2026-07-08 23:46:32,SPAN203,0601,Paula Teuta,20,8,0,2026-07-09 00:22:55
2026-07-08 23:46:32,SPAN204,0101,Ricardo Mariani,18,11,0,2026-07-09 00:22:55
2026-07-08 23:46:32,SPAN204,0201,Ana Acedo Garcia,18,3,0,2026-07-09 00:22:55
2026-07-08 23:46:32,SPAN204,0301,Ana Acedo Garcia,18,5,0,2026-07-09 00:22:55
2026-07-08 23:46:32,SPAN204,0401,Chila Hidalgo,18,3,0,2026-07-09 00:22:55
2026-07-08 23:46:32,SPAN206,0101,Evelyn Canabal-Torres,18,13,0,2026-07-09 00:22:55
2026-07-08 23:46:32,SPAN207,0101,Chila Hidalgo,18,10,0,2026-07-09 00:22:56
2026-07-08 23:46:32,SPAN207,0201,Chila Hidalgo,18,1,0,2026-07-09 00:22:56
2026-07-08 23:46:32,SPAN207,0301,Chila Hidalgo,18,6,0,2026-07-09 00:22:56
2026-07-08 23:46:32,SPAN207,0401,Jan Varela,18,5,0,2026-07-09 00:22:56
2026-07-08 23:46:32,SPAN207,0501,Jan Varela,18,0,1,2026-07-09 00:22:56
2026-07-08 23:46:32,SPAN234,0101,Francisco Barrenechea,30,0,0,2026-07-09 00:22:56
2026-07-08 23:46:32,SPAN234,0102,Jonathan Brower,25,0,2,2026-07-09 00:22:56
2026-07-08 23:46:32,SPAN234H,0101,Francisco Barrenechea,5,0,0,2026-07-09 00:22:57
2026-07-08 23:46:32,SPAN301,0101,Jose Cabrera,20,13,0,2026-07-09 00:22:57
2026-07-08 23:46:32,SPAN301,0201,Jose Cabrera,20,4,0,2026-07-09 00:22:57
2026-07-08 23:46:32,SPAN301,0301,Ginette Eldredge,20,16,0,2026-07-09 00:22:57
2026-07-08 23:46:32,SPAN301,0401,Shadi Mohammadi,20,0,0,2026-07-09 00:22:57
2026-07-08 23:46:32,SPAN303,0101,Samuel Aguayo,20,6,0,2026-07-09 00:22:58
2026-07-08 23:46:32,SPAN303,0201,Samuel Aguayo,20,1,0,2026-07-09 00:22:58
2026-07-08 23:46:32,SPAN303,0301,Maria Srur,20,8,0,2026-07-09 00:22:58
2026-07-08 23:46:32,SPAN303,0401,Maria Srur,20,9,0,2026-07-09 00:22:58
2026-07-08 23:46:32,SPAN303,0501,Laura Demaria,20,13,0,2026-07-09 00:22:58
2026-07-08 23:46:32,SPAN306,0101,Evelyn Canabal-Torres,20,11,0,2026-07-09 00:22:58
2026-07-08 23:46:32,SPAN311,0101,Ramiro Caces Barbosa,20,12,0,2026-07-09 00:22:58
2026-07-08 23:46:32,SPAN311,0201,Ramiro Caces Barbosa,20,17,0,2026-07-09 00:22:58
2026-07-08 23:46:32,SPAN311,0301,Ginette Eldredge,20,2,0,2026-07-09 00:22:58
2026-07-08 23:46:32,SPAN316,0201,Luciana Alberio,20,6,0,2026-07-09 00:22:59
2026-07-08 23:46:32,SPAN325,0101,Ana Acedo Garcia,20,10,0,2026-07-09 00:22:59
2026-07-08 23:46:32,SPAN325,ESG1,Ana Acedo Garcia,25,22,0,2026-07-09 00:22:59
2026-07-08 23:46:32,SPAN331,0101,Ginette Eldredge,20,15,0,2026-07-09 00:23:00
2026-07-08 23:46:32,SPAN333,0101,Mehl Penrose,20,5,0,2026-07-09 00:23:00
2026-07-08 23:46:32,SPAN359T,0101,Angela Pico Pinto,25,22,0,2026-07-09 00:23:01
2026-07-08 23:46:32,SPAN361,0201,Miguel Valerio,20,0,0,2026-07-09 00:23:01
2026-07-08 23:46:32,SPAN363,0101,Karina De Sande,20,13,0,2026-07-09 00:23:01
2026-07-08 23:46:32,SPAN363,0201,Juan Quintero-Herencia,20,9,0,2026-07-09 00:23:01
2026-07-08 23:46:32,SPAN370,0101,Karina De Sande,25,14,0,2026-07-09 00:23:02
2026-07-08 23:46:32,SPAN371,0101,Evelyn Canabal-Torres,25,12,0,2026-07-09 00:23:02
2026-07-08 23:46:32,SPAN372,0101,Jose Magro,25,17,0,2026-07-09 00:23:03
2026-07-08 23:46:32,SPAN374,0101,Ana Rodriguez,25,13,0,2026-07-09 00:23:03
2026-07-08 23:46:32,SPAN374,ESG1,Jackson Monzon,25,24,0,2026-07-09 00:23:03
2026-07-08 23:46:32,SPAN388W,0101,Thomas Earles,20,15,0,2026-07-09 00:23:04
2026-07-08 23:46:32,SPAN388W,2001,Thomas Earles,4,4,0,2026-07-09 00:23:04
2026-07-08 23:46:32,SPAN425,0101,Manel Lacorte,20,6,0,2026-07-09 00:23:05
2026-07-08 23:46:32,SPAN434,0101,Laura Demaria,20,16,0,2026-07-09 00:23:05
2026-07-08 23:46:32,SPAN456,0101,Mehl Penrose,20,14,0,2026-07-09 00:23:06
2026-07-08 23:46:32,SPAN476,0101,Ana Rodriguez,20,19,0,2026-07-09 00:23:06
2026-07-08 23:46:32,SPAN478D,0101,Elisa Gironzetti,20,10,0,2026-07-09 00:23:07
2026-07-08 23:46:32,SPAN605,0101,Jose Magro,10,7,0,2026-07-09 00:23:08
2026-07-08 23:46:32,SPAN611,0101,Elisa Gironzetti,20,10,0,2026-07-09 00:23:08
2026-07-08 23:46:32,SPAN611,PCQ1,Elisa Gironzetti,8,6,0,2026-07-09 00:23:08
2026-07-08 23:46:32,SPAN625,0101,Manel Lacorte,20,6,0,2026-07-09 00:23:09
2026-07-08 23:46:32,SPAN798A,0101,Miguel Valerio,10,7,0,2026-07-09 00:23:09
2026-07-08 23:46:32,SPAN798N,0101,Thayse Leal Lima,10,5,0,2026-07-09 00:23:10
2026-07-08 23:46:32,SPAN798V,0101,Juan Quintero-Herencia,10,7,0,2026-07-09 00:23:10
2026-07-08 23:46:32,SPHL100,0101,Shuling Wu,16,0,2,2026-07-09 00:23:13
2026-07-08 23:46:32,SPHL100,0102,Shuling Wu,16,0,3,2026-07-09 00:23:13
2026-07-08 23:46:32,SPHL100,0103,Shuling Wu,16,0,6,2026-07-09 00:23:13
2026-07-08 23:46:32,SPHL100,0104,Shuling Wu,16,0,6,2026-07-09 00:23:13
2026-07-08 23:46:32,SPHL100,0105,Shuling Wu,16,0,4,2026-07-09 00:23:13
2026-07-08 23:46:32,SPHL100,0106,Shuling Wu,16,0,3,2026-07-09 00:23:13
2026-07-08 23:46:32,SPHL100,0107,Shuling Wu,16,0,2,2026-07-09 00:23:13
2026-07-08 23:46:32,SPHL100,0108,Shuling Wu,16,0,2,2026-07-09 00:23:13
2026-07-08 23:46:32,SPHL100,0201,Shuling Wu,16,0,1,2026-07-09 00:23:13
2026-07-08 23:46:32,SPHL100,0202,Shuling Wu,16,0,3,2026-07-09 00:23:13
2026-07-08 23:46:32,SPHL100,0203,Shuling Wu,16,0,5,2026-07-09 00:23:13
2026-07-08 23:46:32,SPHL100,0204,Shuling Wu,16,0,5,2026-07-09 00:23:13
2026-07-08 23:46:32,SPHL100,0205,Shuling Wu,16,0,5,2026-07-09 00:23:13
2026-07-08 23:46:32,SPHL100,0206,Shuling Wu,16,0,2,2026-07-09 00:23:13
2026-07-08 23:46:32,SPHL100,0207,Shuling Wu,16,0,3,2026-07-09 00:23:13
2026-07-08 23:46:32,SPHL100,0208,Shuling Wu,16,0,4,2026-07-09 00:23:13
2026-07-08 23:46:32,SPHL100,FC01,Tracy Zeeger,30,0,12,2026-07-09 00:23:13
2026-07-08 23:46:32,SPHL246,0101,April Khaing,20,20,0,2026-07-09 00:23:14
2026-07-08 23:46:32,SPHL333,0101,Beth Cohen,75,54,0,2026-07-09 00:23:14
2026-07-08 23:46:32,SPHL600,0101,Sylvette La Touche-Howard,12,5,0,2026-07-09 00:23:15
2026-07-08 23:46:32,SPHL600,PLP1,Sylvette La Touche-Howard,35,22,0,2026-07-09 00:23:15
2026-07-08 23:46:32,SPHL601,0101,Danielle Catona,90,57,0,2026-07-09 00:23:15
2026-07-08 23:46:32,SPHL601,PLB1,Danielle Catona,17,15,0,2026-07-09 00:23:15
2026-07-08 23:46:32,SPHL601,PLH1,Danielle Catona,27,18,0,2026-07-09 00:23:15
2026-07-08 23:46:32,SPHL601,PLK1,Danielle Catona,6,4,0,2026-07-09 00:23:15
2026-07-08 23:46:32,SPHL602,0101,Jamie Trevitt,94,67,0,2026-07-09 00:23:16
2026-07-08 23:46:32,SPHL602,PLB1,Jamie Trevitt,17,15,0,2026-07-09 00:23:16
2026-07-08 23:46:32,SPHL602,PLH1,Jamie Trevitt,27,17,0,2026-07-09 00:23:16
2026-07-08 23:46:32,SPHL602,PLK1,Jamie Trevitt,5,3,0,2026-07-09 00:23:16
2026-07-08 23:46:32,SPHL603,0101,Jamie Trevitt,24,1,0,2026-07-09 00:23:16
2026-07-08 23:46:32,SPHL603,0102,Jamie Trevitt,24,21,0,2026-07-09 00:23:16
2026-07-08 23:46:32,SPHL603,PLB1,Jamie Trevitt,17,15,0,2026-07-09 00:23:16
2026-07-08 23:46:32,SPHL603,PLH1,Jamie Trevitt,27,17,0,2026-07-09 00:23:16
2026-07-08 23:46:32,SPHL603,PLK1,Jamie Trevitt,5,3,0,2026-07-09 00:23:16
2026-07-08 23:46:32,SPHL612,0101,James Hagberg,12,9,0,2026-07-09 00:23:17
2026-07-08 23:46:32,SPHL620,0101,Danielle Catona,90,66,0,2026-07-09 00:23:17
2026-07-08 23:46:32,SPHL620,PLB1,Sherry Maykrantz,17,7,0,2026-07-09 00:23:17
2026-07-08 23:46:32,SPHL620,PLH1,Sherry Maykrantz,27,15,0,2026-07-09 00:23:17
2026-07-08 23:46:32,SPHL620,PLK1,Sherry Maykrantz,6,5,0,2026-07-09 00:23:17
2026-07-08 23:46:32,STAT100,0111,Matthew Griffin,30,3,0,2026-07-09 00:23:19
2026-07-08 23:46:32,STAT100,0112,Matthew Griffin,30,0,0,2026-07-09 00:23:19
2026-07-08 23:46:32,STAT100,0121,Matthew Griffin,30,8,0,2026-07-09 00:23:19
2026-07-08 23:46:32,STAT100,0122,Matthew Griffin,30,0,0,2026-07-09 00:23:19
2026-07-08 23:46:32,STAT100,0123,Matthew Griffin,30,1,0,2026-07-09 00:23:19
2026-07-08 23:46:32,STAT100,0124,Matthew Griffin,30,6,0,2026-07-09 00:23:19
2026-07-08 23:46:32,STAT100,0131,Matthew Griffin,30,16,0,2026-07-09 00:23:19
2026-07-08 23:46:32,STAT100,0141,Matthew Griffin,30,19,0,2026-07-09 00:23:19
2026-07-08 23:46:32,STAT100,0142,Matthew Griffin,30,22,0,2026-07-09 00:23:19
2026-07-08 23:46:32,STAT100,0211,Matthew Griffin,30,23,0,2026-07-09 00:23:19
2026-07-08 23:46:32,STAT100,0212,Matthew Griffin,30,10,0,2026-07-09 00:23:19
2026-07-08 23:46:32,STAT100,0221,Matthew Griffin,30,17,0,2026-07-09 00:23:19
2026-07-08 23:46:32,STAT100,0223,Matthew Griffin,30,6,0,2026-07-09 00:23:19
2026-07-08 23:46:32,STAT100,0224,Matthew Griffin,30,3,0,2026-07-09 00:23:19
2026-07-08 23:46:32,STAT100,0231,Matthew Griffin,30,20,0,2026-07-09 00:23:19
2026-07-08 23:46:32,STAT100,0311,Archana Khurana,30,18,0,2026-07-09 00:23:19
2026-07-08 23:46:32,STAT100,0312,Archana Khurana,30,4,0,2026-07-09 00:23:19
2026-07-08 23:46:32,STAT100,0321,Archana Khurana,30,0,0,2026-07-09 00:23:19
2026-07-08 23:46:32,STAT100,0322,Archana Khurana,30,9,0,2026-07-09 00:23:19
2026-07-08 23:46:32,STAT100,0323,Archana Khurana,30,1,0,2026-07-09 00:23:19
2026-07-08 23:46:32,STAT100,0341,Archana Khurana,30,6,0,2026-07-09 00:23:19
2026-07-08 23:46:32,STAT100,FC01,Matthew Griffin,30,0,4,2026-07-09 00:23:19
2026-07-08 23:46:32,STAT100,FC02,Matthew Griffin,30,0,2,2026-07-09 00:23:19
2026-07-08 23:46:32,STAT110,0101,Susan Mazzullo,250,38,0,2026-07-09 00:23:19
2026-07-08 23:46:32,STAT386,2801,Instructor: TBA,10,10,0,2026-07-09 00:23:20
2026-07-08 23:46:32,STAT386,3903,Instructor: TBA,10,10,0,2026-07-09 00:23:20
2026-07-08 23:46:32,STAT386,5001,Instructor: TBA,10,10,0,2026-07-09 00:23:20
2026-07-08 23:46:32,STAT400,0111,Salman Safdar,27,1,0,2026-07-09 00:23:20
2026-07-08 23:46:32,STAT400,0112,Salman Safdar,27,16,0,2026-07-09 00:23:20
2026-07-08 23:46:32,STAT400,0121,Salman Safdar,27,13,0,2026-07-09 00:23:20
2026-07-08 23:46:32,STAT400,0122,Salman Safdar,27,21,0,2026-07-09 00:23:20
2026-07-08 23:46:32,STAT400,0131,Salman Safdar,27,19,0,2026-07-09 00:23:20
2026-07-08 23:46:32,STAT400,0132,Salman Safdar,27,25,0,2026-07-09 00:23:20
2026-07-08 23:46:32,STAT400,0211,Timothy Pilachowski,27,2,0,2026-07-09 00:23:20
2026-07-08 23:46:32,STAT400,0212,Timothy Pilachowski,27,4,0,2026-07-09 00:23:20
2026-07-08 23:46:32,STAT400,0221,Timothy Pilachowski,27,0,0,2026-07-09 00:23:20
2026-07-08 23:46:32,STAT400,0222,Timothy Pilachowski,27,0,0,2026-07-09 00:23:20
2026-07-08 23:46:32,STAT400,0231,Timothy Pilachowski,27,0,0,2026-07-09 00:23:20
2026-07-08 23:46:32,STAT400,0232,Timothy Pilachowski,27,1,0,2026-07-09 00:23:20
2026-07-08 23:46:32,STAT400,0311,Mestiyage Gunatilleka,27,0,6,2026-07-09 00:23:20
2026-07-08 23:46:32,STAT400,0312,Mestiyage Gunatilleka,30,0,5,2026-07-09 00:23:20
2026-07-08 23:46:32,STAT400,0321,Mestiyage Gunatilleka,32,0,4,2026-07-09 00:23:20
2026-07-08 23:46:32,STAT400,0322,Mestiyage Gunatilleka,30,0,5,2026-07-09 00:23:20
2026-07-08 23:46:32,STAT400,0331,Mestiyage Gunatilleka,32,0,6,2026-07-09 00:23:20
2026-07-08 23:46:32,STAT400,0332,Mestiyage Gunatilleka,30,0,5,2026-07-09 00:23:20
2026-07-08 23:46:32,STAT400,0511,Shixin Zheng,35,0,7,2026-07-09 00:23:20
2026-07-08 23:46:32,STAT400,0521,Shixin Zheng,35,0,5,2026-07-09 00:23:20
2026-07-08 23:46:32,STAT400,0531,Shixin Zheng,35,0,5,2026-07-09 00:23:20
2026-07-08 23:46:32,STAT401,0111,Hatice Sahinoglu,40,3,0,2026-07-09 00:23:21
2026-07-08 23:46:32,STAT401,0211,Hatice Sahinoglu,32,5,0,2026-07-09 00:23:21
2026-07-08 23:46:32,STAT401,0213,Hatice Sahinoglu,32,3,0,2026-07-09 00:23:21
2026-07-08 23:46:32,STAT410,0101,Dong Quan Nguyen,32,0,0,2026-07-09 00:23:21
2026-07-08 23:46:32,STAT410,0201,Sudeshna Bhattacharjee,30,2,0,2026-07-09 00:23:21
2026-07-08 23:46:32,STAT410,0301,Mestiyage Gunatilleka,32,0,0,2026-07-09 00:23:21
2026-07-08 23:46:32,STAT410,0401,Sandra Cerrai,30,1,0,2026-07-09 00:23:21
2026-07-08 23:46:32,STAT410,0501,Instructor: TBA,32,4,0,2026-07-09 00:23:21
2026-07-08 23:46:32,STAT410,0601,Anna Szczekutowicz,30,0,0,2026-07-09 00:23:21
2026-07-08 23:46:32,STAT410,0701,Hatice Sahinoglu,32,1,0,2026-07-09 00:23:21
2026-07-08 23:46:32,STAT420,0201,Joan Ren,30,25,0,2026-07-09 00:23:22
2026-07-08 23:46:32,STAT426,0101,Maria Cameron,30,12,0,2026-07-09 00:23:22
2026-07-08 23:46:32,STAT430,0101,Natalia Tchetcherina,30,11,0,2026-07-09 00:23:22
2026-07-08 23:46:32,STAT430,0201,Timothy Pilachowski,30,0,3,2026-07-09 00:23:22
2026-07-08 23:46:32,STAT430,0301,Natalia Tchetcherina,30,11,0,2026-07-09 00:23:22
2026-07-08 23:46:32,STAT430,0401,Christine Nickel,30,10,0,2026-07-09 00:23:22
2026-07-08 23:46:32,STAT440,0201,Lizhen Lin,30,2,0,2026-07-09 00:23:23
2026-07-08 23:46:32,STAT470,0101,Natalia Tchetcherina,30,18,0,2026-07-09 00:23:23
2026-07-08 23:46:32,STAT470,0201,Matthew Griffin,35,0,7,2026-07-09 00:23:23
2026-07-08 23:46:32,STAT600,0101,Arka Adhikari,30,13,0,2026-07-09 00:23:24
2026-07-08 23:46:32,STAT610,0101,Yu Gu,30,18,0,2026-07-09 00:23:24
2026-07-08 23:46:32,STAT700,0101,Takumi Saegusa,18,14,0,2026-07-09 00:23:25
2026-07-08 23:46:32,STAT705,0101,Vincent Lyzinski,22,12,0,2026-07-09 00:23:26
2026-07-08 23:46:32,STAT712,0101,Yun Yang,30,17,0,2026-07-09 00:23:26
2026-07-08 23:46:32,STAT740,0101,Yun Yang,25,24,0,2026-07-09 00:23:27
2026-07-08 23:46:32,STAT818R,0101,Eric Slud,20,19,0,2026-07-09 00:23:28
2026-07-08 23:46:32,SURV400,PLS1,Joao Areal Neto,20,13,0,2026-07-09 00:23:31
2026-07-08 23:46:32,SURV410,0101,Dong Quan Nguyen,32,0,0,2026-07-09 00:23:31
2026-07-08 23:46:32,SURV410,0201,Sudeshna Bhattacharjee,30,2,0,2026-07-09 00:23:31
2026-07-08 23:46:32,SURV410,0301,Mestiyage Gunatilleka,32,0,0,2026-07-09 00:23:31
2026-07-08 23:46:32,SURV410,0501,Instructor: TBA,32,4,0,2026-07-09 00:23:31
2026-07-08 23:46:32,SURV410,0601,Anna Szczekutowicz,30,0,0,2026-07-09 00:23:31
2026-07-08 23:46:32,SURV605,PLS1,Mario Callegaro,15,15,0,2026-07-09 00:23:32
2026-07-08 23:46:32,SURV611,PLS1,Anna-Carolina Haensch,15,13,0,2026-07-09 00:23:32
2026-07-08 23:46:32,SURV612,PLS1,Jacob Coutts,20,15,0,2026-07-09 00:23:33
2026-07-08 23:46:32,SURV615,0101,Sunghee Lee,20,20,0,2026-07-09 00:23:33
2026-07-08 23:46:32,SURV615,PCA1,Sunghee Lee,10,8,0,2026-07-09 00:23:33
2026-07-08 23:46:32,SURV617,0101,John Kubale,20,19,0,2026-07-09 00:23:34
2026-07-08 23:46:32,SURV621,0101,Christopher Antoun,25,24,0,2026-07-09 00:23:34
2026-07-08 23:46:32,SURV626,PLS1,Raphael Nishimura,15,7,0,2026-07-09 00:23:34
2026-07-08 23:46:32,SURV626,PLS2,Raphael Nishimura,15,15,0,2026-07-09 00:23:34
2026-07-08 23:46:32,SURV627,PLS1,Stephanie Coffey,15,8,0,2026-07-09 00:23:35
2026-07-08 23:46:32,SURV632,0101,Aaron Maitland,15,14,0,2026-07-09 00:23:35
2026-07-08 23:46:32,SURV665,PLS1,Alexandru Cernat,15,13,0,2026-07-09 00:23:36
2026-07-08 23:46:32,SURV667,PLS1,Fiona Draxler,15,14,0,2026-07-09 00:23:36
2026-07-08 23:46:32,SURV699,0101,Partha Lahiri,10,10,0,2026-07-09 00:23:36
2026-07-08 23:46:32,SURV699,0301,Stanley Presser,10,10,0,2026-07-09 00:23:36
2026-07-08 23:46:32,SURV699,0401,Frauke Kreuter,2,2,0,2026-07-09 00:23:36
2026-07-08 23:46:32,SURV720,0101,Sharan Sharma,20,20,0,2026-07-09 00:23:37
2026-07-08 23:46:32,SURV726,PLS1,Joerg Drechsler,15,11,0,2026-07-09 00:23:37
2026-07-08 23:46:32,SURV727,0101,Instructor: TBA,20,18,0,2026-07-09 00:23:38
2026-07-08 23:46:32,SURV727,PCA1,Instructor: TBA,15,4,0,2026-07-09 00:23:38
2026-07-08 23:46:32,SURV740,0101,Yan Li,20,18,0,2026-07-09 00:23:38
2026-07-08 23:46:32,SURV752,PLS1,Olga Kononykhina,15,10,0,2026-07-09 00:23:39
2026-07-08 23:46:32,SURV753,PLS1,Trent Buskirk,15,12,0,2026-07-09 00:23:39
2026-07-08 23:46:32,SURV829,0101,Yajuan Si,10,10,0,2026-07-09 00:23:39
2026-07-08 23:46:32,TDPS201,5501,Michael Driggers,25,6,0,2026-07-09 00:23:42
2026-07-08 23:46:32,TDPS240,0101,Ed Spitzberg,15,0,1,2026-07-09 00:23:42
2026-07-08 23:46:32,TDPS441,0101,Kate Keeney,4,0,0,2026-07-09 00:23:43
2026-07-08 23:46:32,TDPS469,0101,Jennifer Schwartz,8,8,0,2026-07-09 00:23:43
2026-07-08 23:46:32,TDPS479,1001,Andrew Cissna,25,25,0,2026-07-09 00:23:44
2026-07-08 23:46:32,TDPS479,1002,Andrew Cissna,15,15,0,2026-07-09 00:23:44
2026-07-08 23:46:32,TDPS479,1003,Andrew Cissna,15,15,0,2026-07-09 00:23:44
2026-07-08 23:46:32,TDPS479,1004,Andrew Cissna,15,15,0,2026-07-09 00:23:44
2026-07-08 23:46:32,TDPS479,1005,Andrew Cissna,60,60,0,2026-07-09 00:23:44
2026-07-08 23:46:32,TDPS479,2001,Andrew Cissna,15,15,0,2026-07-09 00:23:44
2026-07-08 23:46:32,TDPS640,0101,Kate Keeney,4,0,0,2026-07-09 00:23:44
2026-07-08 23:46:32,THET110,0201,Faedra Carpenter,48,15,0,2026-07-09 00:23:46
2026-07-08 23:46:32,THET116,5501,Alondra Santos-Castillo,17,0,0,2026-07-09 00:23:47
2026-07-08 23:46:32,THET116,5502,Kelly Colburn,15,15,0,2026-07-09 00:23:47
2026-07-08 23:46:32,THET120,5501,Lindsey Snyder,14,0,6,2026-07-09 00:23:47
2026-07-08 23:46:32,THET222,5501,Jennifer  Newsham,14,0,0,2026-07-09 00:23:47
2026-07-08 23:46:32,THET222,5502,Fatima Quander,14,7,0,2026-07-09 00:23:47
2026-07-08 23:46:32,THET223,0101,Patrick Saunders,25,9,0,2026-07-09 00:23:48
2026-07-08 23:46:32,THET240,5501,Jennifer  Newsham,4,0,0,2026-07-09 00:23:48
2026-07-08 23:46:32,THET251,0101,Courtney Lau,20,0,0,2026-07-09 00:23:49
2026-07-08 23:46:32,THET251,0102,Courtney Lau,20,0,0,2026-07-09 00:23:49
2026-07-08 23:46:32,THET251,FC01,Erin Steele,18,0,0,2026-07-09 00:23:49
2026-07-08 23:46:32,THET274,0101,Jennifer Schwartz,10,5,0,2026-07-09 00:23:49
2026-07-08 23:46:32,THET285,0101,Zainab Jeffrey,25,0,4,2026-07-09 00:23:49
2026-07-08 23:46:32,THET285,0102,Rebecca Steinberg,25,0,1,2026-07-09 00:23:49
2026-07-08 23:46:32,THET285,FC01,Instructor: TBA,22,7,0,2026-07-09 00:23:49
2026-07-08 23:46:32,THET285,FC02,Instructor: TBA,22,9,0,2026-07-09 00:23:49
2026-07-08 23:46:32,THET285,FC03,Robert Smith,22,0,0,2026-07-09 00:23:49
2026-07-08 23:46:32,THET285,FC04,Robert Smith,22,5,0,2026-07-09 00:23:49
2026-07-08 23:46:32,THET286,0101,Instructor: TBA,5,5,0,2026-07-09 00:23:50
2026-07-08 23:46:32,THET286,0210,Instructor: TBA,5,5,0,2026-07-09 00:23:50
2026-07-08 23:46:32,THET286,0301,Instructor: TBA,5,5,0,2026-07-09 00:23:50
2026-07-08 23:46:32,THET286,0401,Instructor: TBA,5,5,0,2026-07-09 00:23:50
2026-07-08 23:46:32,THET286,0501,Instructor: TBA,5,5,0,2026-07-09 00:23:50
2026-07-08 23:46:32,THET286,0601,Instructor: TBA,5,5,0,2026-07-09 00:23:50
2026-07-08 23:46:32,THET286,0901,Instructor: TBA,5,5,0,2026-07-09 00:23:50
2026-07-08 23:46:32,THET286,1301,Instructor: TBA,5,5,0,2026-07-09 00:23:50
2026-07-08 23:46:32,THET286,1501,Instructor: TBA,5,5,0,2026-07-09 00:23:50
2026-07-08 23:46:32,THET286,1601,Instructor: TBA,5,5,0,2026-07-09 00:23:50
2026-07-08 23:46:32,THET286,1701,Instructor: TBA,5,5,0,2026-07-09 00:23:50
2026-07-08 23:46:32,THET286,1801,Instructor: TBA,5,5,0,2026-07-09 00:23:50
2026-07-08 23:46:32,THET286,2001,Instructor: TBA,5,5,0,2026-07-09 00:23:50
2026-07-08 23:46:32,THET286,2003,Instructor: TBA,5,5,0,2026-07-09 00:23:50
2026-07-08 23:46:32,THET286,2005,Instructor: TBA,5,5,0,2026-07-09 00:23:50
2026-07-08 23:46:32,THET286,2007,Instructor: TBA,5,5,0,2026-07-09 00:23:50
2026-07-08 23:46:32,THET293,0101,Instructor: TBA,20,8,0,2026-07-09 00:23:50
2026-07-08 23:46:32,THET310,5501,Instructor: TBA,14,0,0,2026-07-09 00:23:51
2026-07-08 23:46:32,THET324,5501,Lindsey Snyder,14,2,0,2026-07-09 00:23:51
2026-07-08 23:46:32,THET330,5501,KenYatta Rogers,12,0,0,2026-07-09 00:23:52
2026-07-08 23:46:32,THET340,5501,Jennifer  Newsham,8,0,0,2026-07-09 00:23:52
2026-07-08 23:46:32,THET351,5501,Instructor: TBA,12,3,0,2026-07-09 00:23:52
2026-07-08 23:46:32,THET371,5501,Sarah Hall,12,2,0,2026-07-09 00:23:53
2026-07-08 23:46:32,THET380,5501,Samuel Crawford,10,0,1,2026-07-09 00:23:53
2026-07-08 23:46:32,THET386,0101,Instructor: TBA,5,5,0,2026-07-09 00:23:54
2026-07-08 23:46:32,THET386,0201,Instructor: TBA,5,5,0,2026-07-09 00:23:54
2026-07-08 23:46:32,THET386,0301,Instructor: TBA,5,5,0,2026-07-09 00:23:54
2026-07-08 23:46:32,THET386,0401,Instructor: TBA,5,5,0,2026-07-09 00:23:54
2026-07-08 23:46:32,THET386,0501,Instructor: TBA,5,5,0,2026-07-09 00:23:54
2026-07-08 23:46:32,THET386,0601,Instructor: TBA,5,5,0,2026-07-09 00:23:54
2026-07-08 23:46:32,THET386,0801,Instructor: TBA,5,5,0,2026-07-09 00:23:54
2026-07-08 23:46:32,THET386,0901,Instructor: TBA,5,5,0,2026-07-09 00:23:54
2026-07-08 23:46:32,THET386,1101,Misha Kachman,5,5,0,2026-07-09 00:23:54
2026-07-08 23:46:32,THET386,1301,Instructor: TBA,5,5,0,2026-07-09 00:23:54
2026-07-08 23:46:32,THET386,1501,Lisa Nathans,5,5,0,2026-07-09 00:23:54
2026-07-08 23:46:32,THET386,1601,Instructor: TBA,5,5,0,2026-07-09 00:23:54
2026-07-08 23:46:32,THET386,1701,Instructor: TBA,5,5,0,2026-07-09 00:23:54
2026-07-08 23:46:32,THET386,1801,Instructor: TBA,5,5,0,2026-07-09 00:23:54
2026-07-08 23:46:32,THET386,2001,Instructor: TBA,5,5,0,2026-07-09 00:23:54
2026-07-08 23:46:32,THET386,2002,Instructor: TBA,3,3,0,2026-07-09 00:23:54
2026-07-08 23:46:32,THET386,2003,Jennifer Schwartz,5,5,0,2026-07-09 00:23:54
2026-07-08 23:46:32,THET386,2005,Instructor: TBA,5,5,0,2026-07-09 00:23:54
2026-07-08 23:46:32,THET386,2007,Instructor: TBA,5,5,0,2026-07-09 00:23:54
2026-07-08 23:46:32,THET386,2009,Instructor: TBA,5,5,0,2026-07-09 00:23:54
2026-07-08 23:46:32,THET390,0101,Carla Della Gatta,25,0,2,2026-07-09 00:23:54
2026-07-08 23:46:32,THET399,0102,Samuel Crawford,5,5,0,2026-07-09 00:23:55
2026-07-08 23:46:32,THET399,0201,Instructor: TBA,5,5,0,2026-07-09 00:23:55
2026-07-08 23:46:32,THET399,0301,Instructor: TBA,5,5,0,2026-07-09 00:23:55
2026-07-08 23:46:32,THET399,0401,Instructor: TBA,5,5,0,2026-07-09 00:23:55
2026-07-08 23:46:32,THET399,0501,Fatima Quander,5,5,0,2026-07-09 00:23:55
2026-07-08 23:46:32,THET399,0601,Instructor: TBA,5,5,0,2026-07-09 00:23:55
2026-07-08 23:46:32,THET399,0701,Jennifer  Newsham,5,5,0,2026-07-09 00:23:55
2026-07-08 23:46:32,THET399,0801,Instructor: TBA,5,5,0,2026-07-09 00:23:55
2026-07-08 23:46:32,THET399,0901,Instructor: TBA,5,5,0,2026-07-09 00:23:55
2026-07-08 23:46:32,THET399,1101,Misha Kachman,5,5,0,2026-07-09 00:23:55
2026-07-08 23:46:32,THET399,1301,Amith Chandrashaker,5,5,0,2026-07-09 00:23:55
2026-07-08 23:46:32,THET399,1401,Caitlin Marshall,5,5,0,2026-07-09 00:23:55
2026-07-08 23:46:32,THET399,1501,Lisa Nathans,5,4,0,2026-07-09 00:23:55
2026-07-08 23:46:32,THET399,1601,Instructor: TBA,5,5,0,2026-07-09 00:23:55
2026-07-08 23:46:32,THET399,1701,Ivania Stack,5,5,0,2026-07-09 00:23:55
2026-07-08 23:46:32,THET399,1801,Andrew Cissna,5,5,0,2026-07-09 00:23:55
2026-07-08 23:46:32,THET399,2001,Instructor: TBA,5,5,0,2026-07-09 00:23:55
2026-07-08 23:46:32,THET399,2002,KenYatta Rogers,5,5,0,2026-07-09 00:23:55
2026-07-08 23:46:32,THET399,2003,Jennifer Schwartz,5,5,0,2026-07-09 00:23:55
2026-07-08 23:46:32,THET399,2005,Instructor: TBA,5,5,0,2026-07-09 00:23:55
2026-07-08 23:46:32,THET399,2007,Instructor: TBA,5,5,0,2026-07-09 00:23:55
2026-07-08 23:46:32,THET399,2009,Instructor: TBA,5,5,0,2026-07-09 00:23:55
2026-07-08 23:46:32,THET411,5501,Lisa Nathans,12,6,0,2026-07-09 00:23:55
2026-07-08 23:46:32,THET425,5501,Fatima Quander,12,6,0,2026-07-09 00:23:55
2026-07-08 23:46:32,THET471,5501,Misha Kachman,2,1,0,2026-07-09 00:23:56
2026-07-08 23:46:32,THET473,5501,Ivania Stack,3,3,0,2026-07-09 00:23:56
2026-07-08 23:46:32,THET475,0101,Emma McClendon,2,2,0,2026-07-09 00:23:57
2026-07-08 23:46:32,THET477,5501,Amith Chandrashaker,3,3,0,2026-07-09 00:23:57
2026-07-08 23:46:32,THET481,5501,Andrew Cissna,3,1,0,2026-07-09 00:23:58
2026-07-08 23:46:32,THET489B,0101,Caitlin Marshall,15,3,0,2026-07-09 00:23:58
2026-07-08 23:46:32,THET499B,5501,Susan O'Neill,6,5,0,2026-07-09 00:23:59
2026-07-08 23:46:32,THET600,0101,Carla Della Gatta,12,8,0,2026-07-09 00:23:59
2026-07-08 23:46:32,THET606,0101,Misha Kachman,7,0,0,2026-07-09 00:24:00
2026-07-08 23:46:32,THET606,0102,Faedra Carpenter,18,14,0,2026-07-09 00:24:00
2026-07-08 23:46:32,THET608C,0101,Jill Bradbury,10,8,0,2026-07-09 00:24:00
2026-07-08 23:46:32,THET619O,5501,Amith Chandrashaker,10,7,0,2026-07-09 00:24:01
2026-07-08 23:46:32,THET619V,0101,Sarah Hall,8,5,0,2026-07-09 00:24:01
2026-07-08 23:46:32,THET633,5501,Susan O'Neill,10,3,0,2026-07-09 00:24:02
2026-07-08 23:46:32,THET639,5501,Misha Kachman,10,7,0,2026-07-09 00:24:02
2026-07-08 23:46:32,THET645,5501,Ivania Stack,8,4,0,2026-07-09 00:24:03
2026-07-08 23:46:32,THET649,5501,Ivania Stack,6,2,0,2026-07-09 00:24:03
2026-07-08 23:46:32,THET659,5501,Amith Chandrashaker,6,4,0,2026-07-09 00:24:04
2026-07-08 23:46:32,THET669T,5501,Andrew Cissna,8,6,0,2026-07-09 00:24:04
2026-07-08 23:46:32,THET670,0101,Emma McClendon,14,10,0,2026-07-09 00:24:05
2026-07-08 23:46:32,THET679,5501,Kelly Colburn,8,7,0,2026-07-09 00:24:05
2026-07-08 23:46:32,THET700,0101,Carla Della Gatta,12,8,0,2026-07-09 00:24:06
2026-07-08 23:46:32,THET702,0101,Carla Della Gatta,5,5,0,2026-07-09 00:24:06
2026-07-08 23:46:32,THET713,0101,Courtney Lau,12,5,0,2026-07-09 00:24:07
2026-07-08 23:46:32,TLPL101,0101,Luis Royo Romero,24,11,0,2026-07-09 00:24:12
2026-07-08 23:46:32,TLPL101,0201,Khusbu Dalal,24,15,0,2026-07-09 00:24:12
2026-07-08 23:46:32,TLPL101,0301,Aaron Kyei-Asare,24,9,0,2026-07-09 00:24:12
2026-07-08 23:46:32,TLPL102,0101,Steven Karig,22,7,0,2026-07-09 00:24:12
2026-07-08 23:46:32,TLPL102,0201,Victoria Fernandez,24,17,0,2026-07-09 00:24:12
2026-07-08 23:46:32,TLPL155,0101,Justice Walker,16,12,0,2026-07-09 00:24:12
2026-07-08 23:46:32,TLPL206,0101,Wayne Slater,48,7,0,2026-07-09 00:24:13
2026-07-08 23:46:32,TLPL250,0101,Campbell Scribner,30,0,0,2026-07-09 00:24:13
2026-07-08 23:46:32,TLPL250,0201,Sarah Moore,30,4,0,2026-07-09 00:24:13
2026-07-08 23:46:32,TLPL250,0301,Instructor: TBA,30,8,0,2026-07-09 00:24:13
2026-07-08 23:46:32,TLPL250,0401,Instructor: TBA,30,11,0,2026-07-09 00:24:13
2026-07-08 23:46:32,TLPL251,0101,Instructor: TBA,12,0,2,2026-07-09 00:24:14
2026-07-08 23:46:32,TLPL251,0102,Instructor: TBA,12,6,0,2026-07-09 00:24:14
2026-07-08 23:46:32,TLPL251,0103,Instructor: TBA,12,0,3,2026-07-09 00:24:14
2026-07-08 23:46:32,TLPL253,0101,Sarah Moore,48,41,0,2026-07-09 00:24:14
2026-07-08 23:46:32,TLPL267,0101,Shannon Kane,54,32,0,2026-07-09 00:24:15
2026-07-08 23:46:32,TLPL288D,0101,Sharon Vanwright,115,115,0,2026-07-09 00:24:15
2026-07-08 23:46:32,TLPL305B,0101,Instructor: TBA,30,16,0,2026-07-09 00:24:16
2026-07-08 23:46:32,TLPL305B,0201,Instructor: TBA,28,16,0,2026-07-09 00:24:16
2026-07-08 23:46:32,TLPL305B,0301,Instructor: TBA,30,19,0,2026-07-09 00:24:16
2026-07-08 23:46:32,TLPL305M,0101,Instructor: TBA,20,13,0,2026-07-09 00:24:16
2026-07-08 23:46:32,TLPL312,0101,Beatriz Quintos Alonso,0,0,0,2026-07-09 00:24:17
2026-07-08 23:46:32,TLPL312,0201,Instructor: TBA,0,0,0,2026-07-09 00:24:17
2026-07-08 23:46:32,TLPL312,0301,Sara Kirschner,0,0,0,2026-07-09 00:24:17
2026-07-08 23:46:32,TLPL321,0101,Instructor: TBA,0,0,0,2026-07-09 00:24:17
2026-07-08 23:46:32,TLPL321,0201,Amy Green,0,0,0,2026-07-09 00:24:17
2026-07-08 23:46:32,TLPL321,0301,Instructor: TBA,0,0,0,2026-07-09 00:24:17
2026-07-08 23:46:32,TLPL340,0101,Reka Barton,22,9,0,2026-07-09 00:24:18
2026-07-08 23:46:32,TLPL340,0201,Ayanna Baccus,25,17,0,2026-07-09 00:24:18
2026-07-08 23:46:32,TLPL341,0101,Shannon Kane,24,14,0,2026-07-09 00:24:18
2026-07-08 23:46:32,TLPL341,0201,Margaret Peterson,20,15,0,2026-07-09 00:24:18
2026-07-08 23:46:32,TLPL341,0301,Shannon Kane,28,13,0,2026-07-09 00:24:18
2026-07-08 23:46:32,TLPL343,0101,Kerry Alexander,0,0,0,2026-07-09 00:24:18
2026-07-08 23:46:32,TLPL343,0201,Kerry Alexander,0,0,0,2026-07-09 00:24:18
2026-07-08 23:46:32,TLPL343,0301,Ayanna Baccus,0,0,0,2026-07-09 00:24:18
2026-07-08 23:46:32,TLPL360,0101,Instructor: TBA,30,23,0,2026-07-09 00:24:19
2026-07-08 23:46:32,TLPL360,0201,Keisha Allen,30,4,0,2026-07-09 00:24:19
2026-07-08 23:46:32,TLPL360,0301,Instructor: TBA,30,7,0,2026-07-09 00:24:19
2026-07-08 23:46:32,TLPL401,0101,Sarah Henson-Darko,24,19,0,2026-07-09 00:24:19
2026-07-08 23:46:32,TLPL401,0201,Dana Grosser-Clarkson,24,16,0,2026-07-09 00:24:19
2026-07-08 23:46:32,TLPL403,0101,Farhaana Nyamekye,24,21,0,2026-07-09 00:24:20
2026-07-08 23:46:32,TLPL413,0101,Instructor: TBA,25,25,0,2026-07-09 00:24:20
2026-07-08 23:46:32,TLPL414,0101,Anita Sanyal,24,15,0,2026-07-09 00:24:20
2026-07-08 23:46:32,TLPL420,0101,Justice Walker,0,0,0,2026-07-09 00:24:21
2026-07-08 23:46:32,TLPL423,0101,Angela Stoltz,0,0,0,2026-07-09 00:24:21
2026-07-08 23:46:32,TLPL425,0101,Sarah Henson-Darko,24,24,0,2026-07-09 00:24:22
2026-07-08 23:46:32,TLPL433,0101,Margaret Walker,19,9,0,2026-07-09 00:24:22
2026-07-08 23:46:32,TLPL436,0101,Margaret Walker,15,6,0,2026-07-09 00:24:23
2026-07-08 23:46:32,TLPL440,0101,Instructor: TBA,22,0,3,2026-07-09 00:24:23
2026-07-08 23:46:32,TLPL442,0101,Melinda Martin-Beltran,22,7,0,2026-07-09 00:24:23
2026-07-08 23:46:32,TLPL443,0101,Instructor: TBA,25,8,0,2026-07-09 00:24:24
2026-07-08 23:46:32,TLPL444,0101,Kellie Rolstad,15,6,0,2026-07-09 00:24:24
2026-07-08 23:46:32,TLPL445,0101,Antonio Perez Belda,15,12,0,2026-07-09 00:24:25
2026-07-08 23:46:32,TLPL446,0101,Xinhang Hu,0,0,0,2026-07-09 00:24:25
2026-07-08 23:46:32,TLPL446,0201,Kellie Rolstad,0,0,0,2026-07-09 00:24:25
2026-07-08 23:46:32,TLPL446,0301,Sarah Moore,0,0,0,2026-07-09 00:24:25
2026-07-08 23:46:32,TLPL447,0101,Katherine Coogan,18,14,0,2026-07-09 00:24:25
2026-07-08 23:46:32,TLPL450,0101,Antonio Perez Belda,5,2,0,2026-07-09 00:24:26
2026-07-08 23:46:32,TLPL451,0101,Peggy Wilson,25,15,0,2026-07-09 00:24:26
2026-07-08 23:46:32,TLPL456,0101,Wayne Slater,25,22,0,2026-07-09 00:24:27
2026-07-08 23:46:32,TLPL457,0101,Margaret Peterson,30,21,0,2026-07-09 00:24:27
2026-07-08 23:46:32,TLPL470,0101,Joann Kang,30,15,0,2026-07-09 00:24:28
2026-07-08 23:46:32,TLPL471,0101,Alison Jovanovic,15,9,0,2026-07-09 00:24:28
2026-07-08 23:46:32,TLPL477,0201,Instructor: TBA,20,12,0,2026-07-09 00:24:28
2026-07-08 23:46:32,TLPL478A,0101,Katherine Coogan,20,16,0,2026-07-09 00:24:29
2026-07-08 23:46:32,TLPL478E,0101,Angela Stoltz,0,0,0,2026-07-09 00:24:29
2026-07-08 23:46:32,TLPL478G,0101,Deborah Lewin,0,0,0,2026-07-09 00:24:30
2026-07-08 23:46:32,TLPL478G,0201,Brooke Dalesio,0,0,0,2026-07-09 00:24:30
2026-07-08 23:46:32,TLPL478G,0301,Tracy Dunheimer,0,0,0,2026-07-09 00:24:30
2026-07-08 23:46:32,TLPL479A,0101,Katherine Coogan,10,6,0,2026-07-09 00:24:30
2026-07-08 23:46:32,TLPL479B,0101,Alison Jovanovic,35,29,0,2026-07-09 00:24:30
2026-07-08 23:46:32,TLPL479C,0101,Peggy Wilson,25,22,0,2026-07-09 00:24:31
2026-07-08 23:46:32,TLPL479D,0101,Farhaana Nyamekye,20,17,0,2026-07-09 00:24:31
2026-07-08 23:46:32,TLPL479E,0101,Angela Stoltz,0,0,0,2026-07-09 00:24:32
2026-07-08 23:46:32,TLPL479F,0101,Instructor: TBA,15,15,0,2026-07-09 00:24:32
2026-07-08 23:46:32,TLPL479G,0102,Sora Kim,12,7,0,2026-07-09 00:24:33
2026-07-08 23:46:32,TLPL479G,0103,Sora Kim,12,8,0,2026-07-09 00:24:33
2026-07-08 23:46:32,TLPL479G,0104,Sora Kim,12,10,0,2026-07-09 00:24:33
2026-07-08 23:46:32,TLPL479G,0106,Sora Kim,15,4,0,2026-07-09 00:24:33
2026-07-08 23:46:32,TLPL479G,0107,Sora Kim,15,9,0,2026-07-09 00:24:33
2026-07-08 23:46:32,TLPL479G,0108,Sora Kim,15,10,0,2026-07-09 00:24:33
2026-07-08 23:46:32,TLPL479J,0101,Antonio Perez Belda,10,7,0,2026-07-09 00:24:33
2026-07-08 23:46:32,TLPL479L,0101,Melissa Welsh,10,10,0,2026-07-09 00:24:33
2026-07-08 23:46:32,TLPL481,0101,Instructor: TBA,0,0,0,2026-07-09 00:24:34
2026-07-08 23:46:32,TLPL488T,0101,Laura Mahalingappa,10,10,0,2026-07-09 00:24:34
2026-07-08 23:46:32,TLPL489G,0101,Deborah Lewin,0,0,0,2026-07-09 00:24:35
2026-07-08 23:46:32,TLPL489G,0201,Brooke Dalesio,0,0,0,2026-07-09 00:24:35
2026-07-08 23:46:32,TLPL489G,0301,Tracy Dunheimer,0,0,0,2026-07-09 00:24:35
2026-07-08 23:46:32,TLPL489Z,0201,Brooke Dalesio,1,0,0,2026-07-09 00:24:35
2026-07-08 23:46:32,TLPL610,PVL1,Sara Kirschner,20,17,0,2026-07-09 00:24:36
2026-07-08 23:46:32,TLPL611,PXT1,Candice Love,25,18,0,2026-07-09 00:24:37
2026-07-08 23:46:32,TLPL612,PXT2,Carolina Napp-Avelli,25,15,0,2026-07-09 00:24:37
2026-07-08 23:46:32,TLPL625,PXK1,Jennifer Orodeckis,20,19,0,2026-07-09 00:24:38
2026-07-08 23:46:32,TLPL625,PXK4,Jennifer Orodeckis,20,20,0,2026-07-09 00:24:38
2026-07-08 23:46:32,TLPL645,0101,Ying Zhang,20,14,0,2026-07-09 00:24:38
2026-07-08 23:46:32,TLPL647,PXK1,Instructor: TBA,20,19,0,2026-07-09 00:24:38
2026-07-08 23:46:32,TLPL647,PXK4,Instructor: TBA,20,20,0,2026-07-09 00:24:38
2026-07-08 23:46:32,TLPL654,0101,Ayanna Baccus,20,17,0,2026-07-09 00:24:39
2026-07-08 23:46:32,TLPL656,0101,Instructor: TBA,15,8,0,2026-07-09 00:24:39
2026-07-08 23:46:32,TLPL657,0101,Instructor: TBA,25,8,0,2026-07-09 00:24:40
2026-07-08 23:46:32,TLPL661,0101,Shenika Hankerson,15,12,0,2026-07-09 00:24:40
2026-07-08 23:46:32,TLPL664,0101,Jeff MacSwan,20,17,0,2026-07-09 00:24:41
2026-07-08 23:46:32,TLPL665,0101,Instructor: TBA,25,21,0,2026-07-09 00:24:41
2026-07-08 23:46:32,TLPL666,0101,Kellie Rolstad,10,5,0,2026-07-09 00:24:41
2026-07-08 23:46:32,TLPL671,0101,Meghan Comstock,20,2,0,2026-07-09 00:24:42
2026-07-08 23:46:32,TLPL678,0101,Antonio Perez Belda,10,2,0,2026-07-09 00:24:42
2026-07-08 23:46:32,TLPL678,IH69,Cara Grant,5,4,0,2026-07-09 00:24:42
2026-07-08 23:46:32,TLPL681,0101,Campbell Scribner,20,10,0,2026-07-09 00:24:43
2026-07-08 23:46:32,TLPL683,0101,Claudia Galindo,20,7,0,2026-07-09 00:24:43
2026-07-08 23:46:32,TLPL688J,0101,Laura Mahalingappa,15,10,0,2026-07-09 00:24:43
2026-07-08 23:46:32,TLPL688K,0101,Jordan Bell,20,18,0,2026-07-09 00:24:44
2026-07-08 23:46:32,TLPL688X,PVJ1,Andrew Elby,20,16,0,2026-07-09 00:24:44
2026-07-08 23:46:32,TLPL688Y,0101,Meghan Comstock,20,16,0,2026-07-09 00:24:45
2026-07-08 23:46:32,TLPL689,0101,Antonio Perez Belda,10,2,0,2026-07-09 00:24:45
2026-07-08 23:46:32,TLPL689,0201,Loren Jones,10,8,0,2026-07-09 00:24:45
2026-07-08 23:46:32,TLPL689,CE11,Cara Grant,5,5,0,2026-07-09 00:24:45
2026-07-08 23:46:32,TLPL695,0101,Antonio Perez Belda,14,7,0,2026-07-09 00:24:46
2026-07-08 23:46:32,TLPL696,0101,Antonio Perez Belda,5,0,0,2026-07-09 00:24:46
2026-07-08 23:46:32,TLPL698,PXK1,Theresa Robinson,20,19,0,2026-07-09 00:24:46
2026-07-08 23:46:32,TLPL698,PXK4,Theresa Robinson,20,20,0,2026-07-09 00:24:46
2026-07-08 23:46:32,TLPL704,0101,Fengfeng Ke,20,14,0,2026-07-09 00:24:47
2026-07-08 23:46:32,TLPL708A,0101,David Weintrop,10,7,0,2026-07-09 00:24:48
2026-07-08 23:46:32,TLPL708G,0101,David Weintrop,20,15,0,2026-07-09 00:24:48
2026-07-08 23:46:32,TLPL708X,0101,Fengfeng Ke,20,13,0,2026-07-09 00:24:48
2026-07-08 23:46:32,TLPL728,0101,Candice Love,20,18,0,2026-07-09 00:24:49
2026-07-08 23:46:32,TLPL740,PUH3,Laura Mahalingappa,20,20,0,2026-07-09 00:24:49
2026-07-08 23:46:32,TLPL764,0101,Instructor: TBA,20,17,0,2026-07-09 00:24:50
2026-07-08 23:46:32,TLPL774,0101,Tara Brown,20,10,0,2026-07-09 00:24:50
2026-07-08 23:46:32,TLPL777,0101,Rossina Liu,20,7,0,2026-07-09 00:24:51
2026-07-08 23:46:32,TLPL788K,0101,Janet Walkoe,20,14,0,2026-07-09 00:24:51
2026-07-08 23:46:32,TLPL788M,0101,Meghan Comstock,15,10,0,2026-07-09 00:24:51
2026-07-08 23:46:32,TLPL788Z,0101,Keisha Allen,25,23,0,2026-07-09 00:24:52
2026-07-08 23:46:32,TLPL791,0101,Jennifer Turner,20,13,0,2026-07-09 00:24:53
2026-07-08 23:46:32,TLPL792,0101,Reka Barton,20,10,0,2026-07-09 00:24:53
2026-07-08 23:46:32,TLPL794,0101,Andrew Brantlinger,24,17,0,2026-07-09 00:24:53
2026-07-08 23:46:32,TLPL795,0101,Andrew Elby,25,10,0,2026-07-09 00:24:54
2026-07-08 23:46:32,TLPL796,0101,Jordan Bell,18,11,0,2026-07-09 00:24:59
2026-07-08 23:46:32,TLPL840,0101,Jennifer Turner,25,18,0,2026-07-09 00:25:01
2026-07-08 23:46:32,TLPL868,0101,Instructor: TBA,20,19,0,2026-07-09 00:25:01
2026-07-08 23:46:32,TLTC310,0101,Danielle Pafe,0,0,0,2026-07-09 00:25:05
2026-07-08 23:46:32,TLTC310,0201,Danielle Pafe,20,20,0,2026-07-09 00:25:05
2026-07-08 23:46:32,TLTC333,0101,Mona Thompson,55,38,0,2026-07-09 00:25:05
2026-07-08 23:46:32,TLTC333,0102,Mona Thompson,55,36,0,2026-07-09 00:25:05
2026-07-08 23:46:32,TLTC333,0105,Mona Thompson,57,44,0,2026-07-09 00:25:05
2026-07-08 23:46:32,TLTC499A,0101,Mona Thompson,10,8,0,2026-07-09 00:25:06
2026-07-08 23:46:32,TLTC499A,0102,Danielle Pafe,10,10,0,2026-07-09 00:25:06
2026-07-08 23:46:32,UMEI005,0101,Marilena Draganescu,15,11,0,2026-07-09 00:25:09
2026-07-08 23:46:32,UMEI005,0201,Marilena Draganescu,15,14,0,2026-07-09 00:25:09
2026-07-08 23:46:32,UMEI005,0301,Charles Duquette,15,15,0,2026-07-09 00:25:09
2026-07-08 23:46:32,UMEI012,0101,Heather Mehrtens,10,10,0,2026-07-09 00:25:09
2026-07-08 23:46:32,UMEI013,0101,Heather Mehrtens,16,16,0,2026-07-09 00:25:10
2026-07-08 23:46:32,UMEI028A,0101,Louise Godley,16,16,0,2026-07-09 00:25:10
2026-07-08 23:46:32,UMEI506,0101,Louise Godley,16,8,0,2026-07-09 00:25:11
2026-07-08 23:46:32,UMEI506,0201,Raymond Smith,16,14,0,2026-07-09 00:25:11
2026-07-08 23:46:32,UMEI507,0101,Charles Duquette,15,9,0,2026-07-09 00:25:11
2026-07-08 23:46:32,UMEI507,0201,Charles Duquette,15,14,0,2026-07-09 00:25:11
2026-07-08 23:46:32,UNIV099,0101,Xiaotong Lu,90,80,0,2026-07-09 00:25:13
2026-07-08 23:46:32,UNIV100,0101,Ulysses Crawford,20,0,0,2026-07-09 00:25:13
2026-07-08 23:46:32,UNIV100,0102,Gregory Shaffer,20,1,0,2026-07-09 00:25:13
2026-07-08 23:46:32,UNIV100,0201,Kenneth Kokason,27,6,0,2026-07-09 00:25:13
2026-07-08 23:46:32,UNIV100,0202,Emily Sessa,27,12,0,2026-07-09 00:25:13
2026-07-08 23:46:32,UNIV100,0204,Emily Sessa,27,1,0,2026-07-09 00:25:13
2026-07-08 23:46:32,UNIV100,0205,Instructor: TBA,27,27,0,2026-07-09 00:25:13
2026-07-08 23:46:32,UNIV100,0206,Miriam Fraga,25,11,0,2026-07-09 00:25:13
2026-07-08 23:46:32,UNIV100,0207,Rosalyn Anderson-Howell,27,9,0,2026-07-09 00:25:13
2026-07-08 23:46:32,UNIV100,0208,Instructor: TBA,27,3,0,2026-07-09 00:25:13
2026-07-08 23:46:32,UNIV100,0210,TC Lloyd,27,22,0,2026-07-09 00:25:13
2026-07-08 23:46:32,UNIV100,0214,Kimberly Bellafiore,27,19,0,2026-07-09 00:25:13
2026-07-08 23:46:32,UNIV100,0305,Christopher Lester,40,28,0,2026-07-09 00:25:13
2026-07-08 23:46:32,UNIV100,0306,Christopher Lester,40,31,0,2026-07-09 00:25:13
2026-07-08 23:46:32,UNIV100,0501,Instructor: TBA,25,8,0,2026-07-09 00:25:13
2026-07-08 23:46:32,UNIV100,0502,Instructor: TBA,20,20,0,2026-07-09 00:25:13
2026-07-08 23:46:32,UNIV100,0505,Instructor: TBA,20,9,0,2026-07-09 00:25:13
2026-07-08 23:46:32,UNIV100,0802,Kelly Marbury,20,7,0,2026-07-09 00:25:13
2026-07-08 23:46:32,UNIV100,0804,Christopher Villalobos,20,13,0,2026-07-09 00:25:13
2026-07-08 23:46:32,UNIV100,0806,Caroline Marr,20,13,0,2026-07-09 00:25:13
2026-07-08 23:46:32,UNIV100,0807,Lambert Aryee,20,0,0,2026-07-09 00:25:13
2026-07-08 23:46:32,UNIV100,0808,Amanda Dennis Wheeler,20,9,0,2026-07-09 00:25:13
2026-07-08 23:46:32,UNIV100,0820,Tara Feikes,20,0,0,2026-07-09 00:25:13
2026-07-08 23:46:32,UNIV100,0841,Isaiah Willett,20,0,0,2026-07-09 00:25:13
2026-07-08 23:46:32,UNIV100,0852,Alexander Willie,20,4,0,2026-07-09 00:25:13
2026-07-08 23:46:32,UNIV100,1101,Instructor: TBA,15,7,0,2026-07-09 00:25:13
2026-07-08 23:46:32,UNIV100,1103,Instructor: TBA,15,3,0,2026-07-09 00:25:13
2026-07-08 23:46:32,UNIV100,1105,Instructor: TBA,15,8,0,2026-07-09 00:25:13
2026-07-08 23:46:32,UNIV100,1201,Instructor: TBA,20,12,0,2026-07-09 00:25:13
2026-07-08 23:46:32,UNIV100,1202,Instructor: TBA,20,12,0,2026-07-09 00:25:13
2026-07-08 23:46:32,UNIV100,1203,Kayla Hoffman,24,18,0,2026-07-09 00:25:13
2026-07-08 23:46:32,UNIV100,1204,Lawrence Hoffman,20,2,0,2026-07-09 00:25:13
2026-07-08 23:46:32,UNIV100,1205,Felicia Low,24,8,0,2026-07-09 00:25:13
2026-07-08 23:46:32,UNIV100,1206,April Khaing,20,3,0,2026-07-09 00:25:13
2026-07-08 23:46:32,UNIV100,1207,Elaine Rudder,20,16,0,2026-07-09 00:25:13
2026-07-08 23:46:32,UNIV100,1208,Instructor: TBA,20,9,0,2026-07-09 00:25:13
2026-07-08 23:46:32,UNIV100,1209,Samantha Griffin,24,8,0,2026-07-09 00:25:13
2026-07-08 23:46:32,UNIV100,1210,Caitlin Minch,20,6,0,2026-07-09 00:25:13
2026-07-08 23:46:32,UNIV100,1211,Kendyl Oliver,24,8,0,2026-07-09 00:25:13
2026-07-08 23:46:32,UNIV100,1212,Lindsey Winter,20,4,0,2026-07-09 00:25:13
2026-07-08 23:46:32,UNIV100,1213,Instructor: TBA,20,17,0,2026-07-09 00:25:13
2026-07-08 23:46:32,UNIV100,1214,Renee Stokes,24,12,0,2026-07-09 00:25:13
2026-07-08 23:46:32,UNIV100,1503,Instructor: TBA,20,19,0,2026-07-09 00:25:13
2026-07-08 23:46:32,UNIV100,1504,Instructor: TBA,20,18,0,2026-07-09 00:25:13
2026-07-08 23:46:32,UNIV100,FC01,Neil Dhingra,19,0,0,2026-07-09 00:25:13
2026-07-08 23:46:32,UNIV100,FC02,Jeanea Wallace,19,0,0,2026-07-09 00:25:13
2026-07-08 23:46:32,UNIV100,FC03,Ryan Knapp,19,0,0,2026-07-09 00:25:13
2026-07-08 23:46:32,UNIV100,FC04,Monica Simonsen,19,0,0,2026-07-09 00:25:13
2026-07-08 23:46:32,UNIV100,FC05,Tristen Mayer,19,0,0,2026-07-09 00:25:13
2026-07-08 23:46:32,UNIV100,FC06,Olga Rozman,19,0,0,2026-07-09 00:25:13
2026-07-08 23:46:32,UNIV100,FC07,Denise McHugh,19,0,0,2026-07-09 00:25:13
2026-07-08 23:46:32,UNIV100,FC08,Carla Partlow,19,0,0,2026-07-09 00:25:13
2026-07-08 23:46:32,UNIV100,FC09,Rosalyn Anderson-Howell,19,0,0,2026-07-09 00:25:13
2026-07-08 23:46:32,UNIV100,FC10,Sandra Crespin Melgar,19,0,0,2026-07-09 00:25:13
2026-07-08 23:46:32,UNIV100,FC11,Valencia Brown,19,0,0,2026-07-09 00:25:13
2026-07-08 23:46:32,UNIV100,FC12,Steven Young,19,0,0,2026-07-09 00:25:13
2026-07-08 23:46:32,UNIV100,FC13,Brianna Ladd,19,0,0,2026-07-09 00:25:13
2026-07-08 23:46:32,UNIV100,FC14,Lynn Truong,19,0,0,2026-07-09 00:25:13
2026-07-08 23:46:32,UNIV100,FC15,Phylicia Nance,19,0,0,2026-07-09 00:25:13
2026-07-08 23:46:32,UNIV100,FC16,Alana Ebert-Zavos,19,0,0,2026-07-09 00:25:13
2026-07-08 23:46:32,UNIV100,FC17,Emily Sessa,19,0,0,2026-07-09 00:25:13
2026-07-08 23:46:32,UNIV100,FC18,Uma Balaji,19,0,0,2026-07-09 00:25:13
2026-07-08 23:46:32,UNIV100,FC20,Heather Gray,19,0,0,2026-07-09 00:25:13
2026-07-08 23:46:32,UNIV100,FC21,Caroline Marr,19,0,0,2026-07-09 00:25:13
2026-07-08 23:46:32,UNIV100,FC22,Gerard Boulin,19,0,0,2026-07-09 00:25:13
2026-07-08 23:46:32,UNIV100,FC23,Gregory Shaffer,19,0,0,2026-07-09 00:25:13
2026-07-08 23:46:32,UNIV100,FC24,Jeany Cadet,19,4,0,2026-07-09 00:25:13
2026-07-08 23:46:32,UNIV100,FC25,Tara Feikes,19,0,0,2026-07-09 00:25:13
2026-07-08 23:46:32,UNIV100,FC27,Jaime Theilen,19,4,0,2026-07-09 00:25:13
2026-07-08 23:46:32,UNIV100,FC29,Sofia Carrasco,19,0,0,2026-07-09 00:25:13
2026-07-08 23:46:32,UNIV100,FC30,Teniqua Coates-Singh,19,0,0,2026-07-09 00:25:13
2026-07-08 23:46:32,UNIV100,FC31,Instructor: TBA,19,0,0,2026-07-09 00:25:13
2026-07-08 23:46:32,UNIV100,FC32,Sharon Vanwright,19,2,0,2026-07-09 00:25:13
2026-07-08 23:46:32,UNIV100,FC36,Nicki Kern,19,0,0,2026-07-09 00:25:13
2026-07-08 23:46:32,UNIV100,FC38,Juan Henry,19,0,0,2026-07-09 00:25:13
2026-07-08 23:46:32,UNIV100,FC39,Diana Bridgett,19,0,0,2026-07-09 00:25:13
2026-07-08 23:46:32,UNIV100,FC40,Ashley Sankowski,19,0,0,2026-07-09 00:25:13
2026-07-08 23:46:32,UNIV100,FC41,Jonathan Johnson,19,1,0,2026-07-09 00:25:13
2026-07-08 23:46:32,UNIV100,FC42,Julia Crooks,19,1,0,2026-07-09 00:25:13
2026-07-08 23:46:32,UNIV100,FC43,Tyrese Fenty,19,0,0,2026-07-09 00:25:13
2026-07-08 23:46:32,UNIV100,FC44,Christopher Villalobos,19,13,0,2026-07-09 00:25:13
2026-07-08 23:46:32,UNIV100,FC45,Julie Steinhorn,19,8,0,2026-07-09 00:25:13
2026-07-08 23:46:32,UNIV100,FC46,Marcal Graham,19,12,0,2026-07-09 00:25:13
2026-07-08 23:46:32,UNIV100,FC47,Chamika Ellis,19,0,0,2026-07-09 00:25:13
2026-07-08 23:46:32,UNIV100,FC50,MaryAnn Santos,19,9,0,2026-07-09 00:25:13
2026-07-08 23:46:32,UNIV100,FC51,Bobbie Tchopev,19,1,0,2026-07-09 00:25:13
2026-07-08 23:46:32,UNIV100,FC53,Daniel Hairfield,19,0,0,2026-07-09 00:25:13
2026-07-08 23:46:32,UNIV100,FC56,Andrew Muir,19,0,0,2026-07-09 00:25:13
2026-07-08 23:46:32,UNIV100,FC60,Ayanna Samuels-Francis,19,0,0,2026-07-09 00:25:13
2026-07-08 23:46:32,UNIV100,FC61,Eric Johnson,19,0,0,2026-07-09 00:25:13
2026-07-08 23:46:32,UNIV100,FCW1,Sue Johnston,18,0,0,2026-07-09 00:25:13
2026-07-08 23:46:32,UNIV100,FCW2,Instructor: TBA,18,0,0,2026-07-09 00:25:13
2026-07-08 23:46:32,UNIV100,FCW3,Erik Hanson,18,0,0,2026-07-09 00:25:13
2026-07-08 23:46:32,UNIV100,FCW6,Vanessa Georgiadis,18,0,0,2026-07-09 00:25:13
2026-07-08 23:46:32,UNIV100,FCW7,Genna Godley,20,0,2,2026-07-09 00:25:13
2026-07-08 23:46:32,UNIV106,0401,Keanu Stovall,20,8,0,2026-07-09 00:25:14
2026-07-08 23:46:32,UNIV106,0402,Melissa Hyre,20,12,0,2026-07-09 00:25:14
2026-07-08 23:46:32,UNIV106,0403,JV Sapinoso,20,7,0,2026-07-09 00:25:14
2026-07-08 23:46:32,UNIV108,FC02,Kelly Marbury,30,13,0,2026-07-09 00:25:14
2026-07-08 23:46:32,UNIV110,0101,Lisa Kiely,19,18,0,2026-07-09 00:25:15
2026-07-08 23:46:32,UNIV110,0102,Jonathan Molnar,19,19,0,2026-07-09 00:25:15
2026-07-08 23:46:32,UNIV110,0103,Lisa Kiely,19,19,0,2026-07-09 00:25:15
2026-07-08 23:46:32,UNIV110,0104,Darryll Pines,19,19,0,2026-07-09 00:25:15
2026-07-08 23:46:32,UNIV110,0105,Lisa Kiely,19,19,0,2026-07-09 00:25:15
2026-07-08 23:46:32,UNIV362,0101,Instructor: TBA,25,0,0,2026-07-09 00:25:15
2026-07-08 23:46:32,UNIV362,0102,Instructor: TBA,20,0,1,2026-07-09 00:25:15
2026-07-08 23:46:32,UNIV362,0106,Instructor: TBA,25,6,0,2026-07-09 00:25:15
2026-07-08 23:46:32,UNIV389J,0101,Jayakumar Arasan,25,14,0,2026-07-09 00:25:16
2026-07-08 23:46:32,UNIV389J,0201,Jayakumar Arasan,25,25,0,2026-07-09 00:25:16
2026-07-08 23:46:32,UNIV399,0101,Jayakumar Arasan,10,8,0,2026-07-09 00:25:16
2026-07-08 23:46:32,UNIV399,0201,Jayakumar Arasan,10,10,0,2026-07-09 00:25:16
2026-07-08 23:46:32,URSP250,0101,Eric Burnstein,32,0,0,2026-07-09 00:25:18
2026-07-08 23:46:32,URSP250,0102,Eric Burnstein,32,17,0,2026-07-09 00:25:18
2026-07-08 23:46:32,URSP250,0103,Eric Burnstein,12,5,0,2026-07-09 00:25:18
2026-07-08 23:46:32,URSP250,0104,Eric Burnstein,12,11,0,2026-07-09 00:25:18
2026-07-08 23:46:32,URSP601,0101,Chengri Ding,25,15,0,2026-07-09 00:25:18
2026-07-08 23:46:32,URSP604,0101,Ariel Bierbaum,20,10,0,2026-07-09 00:25:19
2026-07-08 23:46:32,URSP605,0101,Kathryn Howell,25,17,0,2026-07-09 00:25:19
2026-07-08 23:46:32,URSP606,0101,Chengri Ding,15,5,0,2026-07-09 00:25:19
2026-07-08 23:46:32,URSP611,0101,Md Alam,20,17,0,2026-07-09 00:25:20
2026-07-08 23:46:32,URSP672,0101,Riem ElZoghbi,16,13,0,2026-07-09 00:25:20
2026-07-08 23:46:32,URSP688I,0101,David Rouse,15,11,0,2026-07-09 00:25:21
2026-07-08 23:46:32,URSP688O,0101,Casey Dawkins,20,6,0,2026-07-09 00:25:21
2026-07-08 23:46:32,URSP708,0101,Gerrit Knaap,12,7,0,2026-07-09 00:25:22
2026-07-08 23:46:32,URSP709,0101,Casey Dawkins,20,20,0,2026-07-09 00:25:22
2026-07-08 23:46:32,URSP709,0102,Kathryn Howell,5,5,0,2026-07-09 00:25:22
2026-07-08 23:46:32,URSP709,1001,Gerrit Knaap,20,20,0,2026-07-09 00:25:22
2026-07-08 23:46:32,URSP709,1201,Chengri Ding,20,20,0,2026-07-09 00:25:22
2026-07-08 23:46:32,URSP709,1401,Marccus Hendricks,20,20,0,2026-07-09 00:25:22
2026-07-08 23:46:32,URSP709,1501,Ariel Bierbaum,20,20,0,2026-07-09 00:25:22
2026-07-08 23:46:32,URSP709,1601,Hiroyuki Iseki,20,20,0,2026-07-09 00:25:22
2026-07-08 23:46:32,URSP709,1701,Instructor: TBA,20,20,0,2026-07-09 00:25:22
2026-07-08 23:46:32,URSP709,1801,Instructor: TBA,20,20,0,2026-07-09 00:25:22
2026-07-08 23:46:32,URSP709,2103,Willow Lung,20,20,0,2026-07-09 00:25:22
2026-07-08 23:46:32,URSP709,2107,Clara Irazabal Zurita,20,19,0,2026-07-09 00:25:22
2026-07-08 23:46:32,URSP709,2108,Nicholas Finio,3,3,0,2026-07-09 00:25:22
2026-07-08 23:46:32,USLT201,0101,Robert Chester,25,7,0,2026-07-09 00:25:26
2026-07-08 23:46:32,USLT450,0101,Robert Chester,20,0,4,2026-07-09 00:25:26
2026-07-08 23:46:32,VIPS208,0101,Mary Bowden,10,10,0,2026-07-09 00:25:28
2026-07-08 23:46:32,VIPS208,0102,Ken Kiger,10,7,0,2026-07-09 00:25:28
2026-07-08 23:46:32,VIPS208,0103,Bryan Quinn,10,6,0,2026-07-09 00:25:28
2026-07-08 23:46:32,VIPS208,0104,Ryan Sochol,10,3,0,2026-07-09 00:25:28
2026-07-08 23:46:32,VIPS208,0105,Molly Carton,10,8,0,2026-07-09 00:25:28
2026-07-08 23:46:32,VIPS208,0106,James Baeder,10,5,0,2026-07-09 00:25:28
2026-07-08 23:46:32,VIPS208,0107,Catherine Spirito,10,6,0,2026-07-09 00:25:28
2026-07-08 23:46:32,VIPS208,0108,Ronald Yaros,10,6,0,2026-07-09 00:25:28
2026-07-08 23:46:32,VIPS208,0109,Carinna Ferguson,10,7,0,2026-07-09 00:25:28
2026-07-08 23:46:32,VIPS208,0110,Tracy Riggins,10,0,0,2026-07-09 00:25:28
2026-07-08 23:46:32,VIPS208,0111,Kevin Calabro,13,6,0,2026-07-09 00:25:28
2026-07-08 23:46:32,VIPS208,0112,Raffaele Viglianti,10,6,0,2026-07-09 00:25:28
2026-07-08 23:46:32,VIPS208,0113,Shabnam Jabeen,10,7,0,2026-07-09 00:25:28
2026-07-08 23:46:32,VIPS208,0114,Ning Zeng,10,1,0,2026-07-09 00:25:28
2026-07-08 23:46:32,VIPS208,0115,Veronica Kang,10,6,0,2026-07-09 00:25:28
2026-07-08 23:46:32,VIPS208,0116,David Stewart,10,2,0,2026-07-09 00:25:28
2026-07-08 23:46:32,VIPS208,0117,Meredith Epstein,10,8,0,2026-07-09 00:25:28
2026-07-08 23:46:32,VIPS208,0118,Magaly Toro Ibaceta,10,8,0,2026-07-09 00:25:28
2026-07-08 23:46:32,VIPS208,0120,Marisa Parham,10,6,0,2026-07-09 00:25:28
2026-07-08 23:46:32,VIPS208,0121,Becky Epanchin-Niell,10,5,0,2026-07-09 00:25:28
2026-07-08 23:46:32,VIPS208,0122,Timothy Reedy,10,5,0,2026-07-09 00:25:28
2026-07-08 23:46:32,VIPS208,0123,Lingnan Lin,10,3,0,2026-07-09 00:25:28
2026-07-08 23:46:32,VIPS208,0124,Jeffrey Moro,10,6,0,2026-07-09 00:25:28
2026-07-08 23:46:32,VIPS208,0125,Peter Sunderland,10,5,0,2026-07-09 00:25:28
2026-07-08 23:46:32,VIPS208,0126,Brienna Anderson,10,5,0,2026-07-09 00:25:28
2026-07-08 23:46:32,VIPS308,0101,Mary Bowden,10,9,0,2026-07-09 00:25:29
2026-07-08 23:46:32,VIPS308,0102,Ken Kiger,10,5,0,2026-07-09 00:25:29
2026-07-08 23:46:32,VIPS308,0103,Bryan Quinn,10,7,0,2026-07-09 00:25:29
2026-07-08 23:46:32,VIPS308,0104,Ryan Sochol,10,10,0,2026-07-09 00:25:29
2026-07-08 23:46:32,VIPS308,0105,Molly Carton,10,8,0,2026-07-09 00:25:29
2026-07-08 23:46:32,VIPS308,0106,James Baeder,10,8,0,2026-07-09 00:25:29
2026-07-08 23:46:32,VIPS308,0107,Catherine Spirito,10,8,0,2026-07-09 00:25:29
2026-07-08 23:46:32,VIPS308,0108,Ronald Yaros,10,10,0,2026-07-09 00:25:29
2026-07-08 23:46:32,VIPS308,0109,Carinna Ferguson,10,9,0,2026-07-09 00:25:29
2026-07-08 23:46:32,VIPS308,0110,Tracy Riggins,10,8,0,2026-07-09 00:25:29
2026-07-08 23:46:32,VIPS308,0111,Kevin Calabro,10,8,0,2026-07-09 00:25:29
2026-07-08 23:46:32,VIPS308,0112,Raffaele Viglianti,10,10,0,2026-07-09 00:25:29
2026-07-08 23:46:32,VIPS308,0113,Shabnam Jabeen,10,10,0,2026-07-09 00:25:29
2026-07-08 23:46:32,VIPS308,0114,Ning Zeng,10,9,0,2026-07-09 00:25:29
2026-07-08 23:46:32,VIPS308,0115,Veronica Kang,10,10,0,2026-07-09 00:25:29
2026-07-08 23:46:32,VIPS308,0116,David Stewart,10,10,0,2026-07-09 00:25:29
2026-07-08 23:46:32,VIPS308,0117,Meredith Epstein,10,10,0,2026-07-09 00:25:29
2026-07-08 23:46:32,VIPS308,0118,Magaly Toro Ibaceta,10,10,0,2026-07-09 00:25:29
2026-07-08 23:46:32,VIPS308,0120,Marisa Parham,10,10,0,2026-07-09 00:25:29
2026-07-08 23:46:32,VIPS308,0121,Becky Epanchin-Niell,10,10,0,2026-07-09 00:25:29
2026-07-08 23:46:32,VIPS308,0122,Timothy Reedy,10,10,0,2026-07-09 00:25:29
2026-07-08 23:46:32,VIPS308,0123,Lingnan Lin,10,10,0,2026-07-09 00:25:29
2026-07-08 23:46:32,VIPS308,0124,Jeffrey Moro,10,10,0,2026-07-09 00:25:29
2026-07-08 23:46:32,VIPS308,0125,Peter Sunderland,10,10,0,2026-07-09 00:25:29
2026-07-08 23:46:32,VIPS308,0126,Brienna Anderson,10,10,0,2026-07-09 00:25:29
2026-07-08 23:46:32,VIPS408,0101,Mary Bowden,10,8,0,2026-07-09 00:25:29
2026-07-08 23:46:32,VIPS408,0102,Ken Kiger,10,8,0,2026-07-09 00:25:29
2026-07-08 23:46:32,VIPS408,0103,Bryan Quinn,10,8,0,2026-07-09 00:25:29
2026-07-08 23:46:32,VIPS408,0104,Ryan Sochol,10,10,0,2026-07-09 00:25:29
2026-07-08 23:46:32,VIPS408,0105,Molly Carton,10,9,0,2026-07-09 00:25:29
2026-07-08 23:46:32,VIPS408,0106,James Baeder,10,7,0,2026-07-09 00:25:29
2026-07-08 23:46:32,VIPS408,0107,Catherine Spirito,10,10,0,2026-07-09 00:25:29
2026-07-08 23:46:32,VIPS408,0108,Ronald Yaros,10,9,0,2026-07-09 00:25:29
2026-07-08 23:46:32,VIPS408,0109,Carinna Ferguson,10,9,0,2026-07-09 00:25:29
2026-07-08 23:46:32,VIPS408,0110,Tracy Riggins,10,10,0,2026-07-09 00:25:29
2026-07-08 23:46:32,VIPS408,0111,Kevin Calabro,10,9,0,2026-07-09 00:25:29
2026-07-08 23:46:32,VIPS408,0112,Raffaele Viglianti,10,9,0,2026-07-09 00:25:29
2026-07-08 23:46:32,VIPS408,0113,Shabnam Jabeen,10,10,0,2026-07-09 00:25:29
2026-07-08 23:46:32,VIPS408,0114,Ning Zeng,10,10,0,2026-07-09 00:25:29
2026-07-08 23:46:32,VIPS408,0115,Veronica Kang,10,10,0,2026-07-09 00:25:29
2026-07-08 23:46:32,VIPS408,0116,David Stewart,10,10,0,2026-07-09 00:25:29
2026-07-08 23:46:32,VIPS408,0117,Meredith Epstein,10,10,0,2026-07-09 00:25:29
2026-07-08 23:46:32,VIPS408,0118,Magaly Toro Ibaceta,10,9,0,2026-07-09 00:25:29
2026-07-08 23:46:32,VIPS408,0120,Marisa Parham,10,10,0,2026-07-09 00:25:29
2026-07-08 23:46:32,VIPS408,0121,Becky Epanchin-Niell,10,10,0,2026-07-09 00:25:29
2026-07-08 23:46:32,VIPS408,0122,Timothy Reedy,10,10,0,2026-07-09 00:25:29
2026-07-08 23:46:32,VIPS408,0123,Lingnan Lin,10,10,0,2026-07-09 00:25:29
2026-07-08 23:46:32,VIPS408,0124,Jeffrey Moro,10,10,0,2026-07-09 00:25:29
2026-07-08 23:46:32,VIPS408,0125,Peter Sunderland,10,10,0,2026-07-09 00:25:29
2026-07-08 23:46:32,VIPS408,0126,Brienna Anderson,10,10,0,2026-07-09 00:25:29
2026-07-08 23:46:32,VMSC610,0101,George Belov,10,7,0,2026-07-09 00:25:31
2026-07-08 23:46:32,VMSC698,0101,Chrysoula Kitsou,20,18,0,2026-07-09 00:25:31
2026-07-08 23:46:32,VMSC758,0101,Seth Dickey,10,8,0,2026-07-09 00:25:32
2026-07-08 23:46:32,WEID139B,0101,Leslie Krafft,48,26,0,2026-07-09 00:25:35
2026-07-08 23:46:32,WEID139L,0201,Taylor Green,48,23,0,2026-07-09 00:25:36
2026-07-08 23:46:32,WGSS200,0101,Sydney Lewis,25,17,0,2026-07-09 00:25:38
2026-07-08 23:46:32,WGSS200,0102,Sydney Lewis,25,18,0,2026-07-09 00:25:38
2026-07-08 23:46:32,WGSS205,0101,Aisha Matthews,21,0,40,2026-07-09 00:25:38
2026-07-08 23:46:32,WGSS205,FC01,Shameem Razack,25,2,0,2026-07-09 00:25:38
2026-07-08 23:46:32,WGSS211,0101,Katarina Keane,23,0,1,2026-07-09 00:25:38
2026-07-08 23:46:32,WGSS211,0102,Katarina Keane,23,0,0,2026-07-09 00:25:38
2026-07-08 23:46:32,WGSS211,0103,Katarina Keane,23,0,0,2026-07-09 00:25:38
2026-07-08 23:46:32,WGSS250,0101,Michelle Rowley,20,10,0,2026-07-09 00:25:39
2026-07-08 23:46:32,WGSS250,0102,Michelle Rowley,20,18,0,2026-07-09 00:25:39
2026-07-08 23:46:32,WGSS250,0103,Michelle Rowley,20,18,0,2026-07-09 00:25:39
2026-07-08 23:46:32,WGSS250,0301,Lidia Garcia Berrelleza,24,12,0,2026-07-09 00:25:39
2026-07-08 23:46:32,WGSS255,0101,Rashi Maheshwari,24,0,0,2026-07-09 00:25:39
2026-07-08 23:46:32,WGSS271,0101,Sydney Lewis,30,0,0,2026-07-09 00:25:40
2026-07-08 23:46:32,WGSS275,0201,Abhinav Bhardwaj,24,3,0,2026-07-09 00:25:40
2026-07-08 23:46:32,WGSS290,0101,Jessica Mathiason,30,0,7,2026-07-09 00:25:41
2026-07-08 23:46:32,WGSS290,0301,Jessica Mathiason,30,0,7,2026-07-09 00:25:41
2026-07-08 23:46:32,WGSS291,0101,Will Mosley,25,10,0,2026-07-09 00:25:41
2026-07-08 23:46:32,WGSS298Q,0201,Instructor: TBA,25,0,1,2026-07-09 00:25:41
2026-07-08 23:46:32,WGSS301,0101,Shelbi Meissner,12,0,1,2026-07-09 00:25:42
2026-07-08 23:46:32,WGSS305,0101,Jessica Mathiason,30,0,2,2026-07-09 00:25:42
2026-07-08 23:46:32,WGSS319E,0101,Eva Hageman,30,0,0,2026-07-09 00:25:43
2026-07-08 23:46:32,WGSS336,0101,Karoline Trovato,99,0,23,2026-07-09 00:25:43
2026-07-08 23:46:32,WGSS360,0101,Michelle Rowley,35,27,0,2026-07-09 00:25:44
2026-07-08 23:46:32,WGSS379I,0101,Shelbi Meissner,18,13,0,2026-07-09 00:25:45
2026-07-08 23:46:32,WGSS379I,0201,Shelbi Meissner,18,0,0,2026-07-09 00:25:45
2026-07-08 23:46:32,WGSS422,0101,Jennifer Cho,25,6,0,2026-07-09 00:25:45
2026-07-08 23:46:32,WGSS428J,0101,Ruth Enid Zambrana,10,10,0,2026-07-09 00:25:46
2026-07-08 23:46:32,WGSS488G,0101,Sayan Bhattacharya,20,13,0,2026-07-09 00:25:46
2026-07-08 23:46:32,WGSS498A,0101,Karen O'Brien,27,0,6,2026-07-09 00:25:48
2026-07-08 23:46:32,WGSS601,0101,Sayan Bhattacharya,12,8,0,2026-07-09 00:25:48
2026-07-08 23:46:32,WGSS618,0101,Michelle Rowley,3,0,0,2026-07-09 00:25:49
2026-07-08 23:46:32,WGSS628,0101,Shelbi Meissner,12,4,0,2026-07-09 00:25:50
2026-07-08 23:46:32,WGSS698E,0101,Eva Hageman,15,9,0,2026-07-09 00:25:50
2026-07-08 23:46:32,WGSS698J,0101,Ruth Enid Zambrana,10,5,0,2026-07-09 00:25:51
2026-07-08 23:46:32,WGSS698U,0101,Will Mosley,14,12,0,2026-07-09 00:25:51
