Timestamp,Course,Section,Instructor,Total_Seats,Open_Seats,Waitlist,Fetch_Time
2026-09-12 01:36:06,AAAS100,0101,Shane Walsh,35,0,0,2026-09-12 01:36:08
2026-09-12 01:36:06,AAAS100,0201,Shane Walsh,35,0,0,2026-09-12 01:36:08
2026-09-12 01:36:06,AAAS100,0301,George Kintiba,70,36,0,2026-09-12 01:36:08
2026-09-12 01:36:06,AAAS100,0401,Jason Nichols,30,0,0,2026-09-12 01:36:08
2026-09-12 01:36:06,AAAS100,0501,Jason Nichols,35,0,0,2026-09-12 01:36:08
2026-09-12 01:36:06,AAAS101,0101,Chinyere Osuji,40,0,0,2026-09-12 01:36:09
2026-09-12 01:36:06,AAAS187,0101,Robert Choflet,30,0,0,2026-09-12 01:36:09
2026-09-12 01:36:06,AAAS187,0201,Joseph Richardson,30,0,0,2026-09-12 01:36:09
2026-09-12 01:36:06,AAAS200,0101,George Kintiba,40,5,0,2026-09-12 01:36:10
2026-09-12 01:36:06,AAAS202,0101,Robert Choflet,35,5,0,2026-09-12 01:36:11
2026-09-12 01:36:06,AAAS202,0201,Robert Choflet,35,5,0,2026-09-12 01:36:11
2026-09-12 01:36:06,AAAS202,0301,Angelica Dunbar,35,4,0,2026-09-12 01:36:11
2026-09-12 01:36:06,AAAS202,0401,Ashley Everson,35,0,0,2026-09-12 01:36:11
2026-09-12 01:36:06,AAAS202,0501,Ashley Everson,20,3,0,2026-09-12 01:36:11
2026-09-12 01:36:06,AAAS210,0101,Angelica Dunbar,20,16,0,2026-09-12 01:36:11
2026-09-12 01:36:06,AAAS211,0101,Shane Walsh,30,0,0,2026-09-12 01:36:12
2026-09-12 01:36:06,AAAS230,0101,Ashley Newby,30,0,0,2026-09-12 01:36:12
2026-09-12 01:36:06,AAAS230,0201,Ashley Newby,30,0,0,2026-09-12 01:36:12
2026-09-12 01:36:06,AAAS234,0201,Mike Kolakoski,30,3,0,2026-09-12 01:36:13
2026-09-12 01:36:06,AAAS254,0101,Christopher Bonner,40,2,0,2026-09-12 01:36:14
2026-09-12 01:36:06,AAAS271,0101,Sydney Lewis,30,1,0,2026-09-12 01:36:14
2026-09-12 01:36:06,AAAS310,0101,George Kintiba,25,22,0,2026-09-12 01:36:15
2026-09-12 01:36:06,AAAS320,0101,Cecily Jackson,25,0,0,2026-09-12 01:36:15
2026-09-12 01:36:06,AAAS320,0201,Cecily Jackson,25,0,0,2026-09-12 01:36:15
2026-09-12 01:36:06,AAAS325,0101,Traci Dula,20,4,0,2026-09-12 01:36:16
2026-09-12 01:36:06,AAAS350,0101,John Drabinski,20,0,1,2026-09-12 01:36:16
2026-09-12 01:36:06,AAAS361,0101,Michelle Rowley,35,26,0,2026-09-12 01:36:17
2026-09-12 01:36:06,AAAS386,0101,Marshal Washington,10,10,0,2026-09-12 01:36:19
2026-09-12 01:36:06,AAAS397,0101,John Drabinski,2,2,0,2026-09-12 01:36:19
2026-09-12 01:36:06,AAAS397,0201,Angelica Dunbar,2,2,0,2026-09-12 01:36:19
2026-09-12 01:36:06,AAAS397,0301,Sharon Harley,2,2,0,2026-09-12 01:36:19
2026-09-12 01:36:06,AAAS397,0401,Cecily Jackson,2,2,0,2026-09-12 01:36:19
2026-09-12 01:36:06,AAAS397,0501,Sangeetha Madhavan,2,2,0,2026-09-12 01:36:19
2026-09-12 01:36:06,AAAS397,0601,Ashley Newby,1,1,0,2026-09-12 01:36:19
2026-09-12 01:36:06,AAAS397,0701,Chinyere Osuji,2,2,0,2026-09-12 01:36:19
2026-09-12 01:36:06,AAAS397,0801,Periloux Peay,2,2,0,2026-09-12 01:36:19
2026-09-12 01:36:06,AAAS397,0901,Joseph Richardson,2,2,0,2026-09-12 01:36:19
2026-09-12 01:36:06,AAAS398B,0101,Beka Guluma,20,13,0,2026-09-12 01:36:20
2026-09-12 01:36:06,AAAS398W,0101,Jason Nichols,25,11,0,2026-09-12 01:36:20
2026-09-12 01:36:06,AAAS400,0101,Periloux Peay,25,22,0,2026-09-12 01:36:21
2026-09-12 01:36:06,AAAS415,0101,Periloux Peay,30,0,0,2026-09-12 01:36:21
2026-09-12 01:36:06,AAAS499N,0101,Anne Rosen,25,0,0,2026-09-12 01:36:22
2026-09-12 01:36:06,AAST200,0101,Jennifer Cho,30,0,0,2026-09-12 01:36:24
2026-09-12 01:36:06,AAST200,0102,Binod Paudyal,30,0,0,2026-09-12 01:36:24
2026-09-12 01:36:06,AAST322,0101,Julie Park,30,3,0,2026-09-12 01:36:24
2026-09-12 01:36:06,AAST351,0101,Binod Paudyal,35,0,0,2026-09-12 01:36:25
2026-09-12 01:36:06,AAST355,0101,Jennifer Cho,35,0,1,2026-09-12 01:36:25
2026-09-12 01:36:06,AAST378,0101,Janelle Wong,2,2,0,2026-09-12 01:36:26
2026-09-12 01:36:06,AAST394,0101,Wenxi Yang,30,2,0,2026-09-12 01:36:26
2026-09-12 01:36:06,AAST398I,0101,Michelle Magalong,24,1,0,2026-09-12 01:36:27
2026-09-12 01:36:06,AAST398W,0101,Chris Eng,25,14,0,2026-09-12 01:36:27
2026-09-12 01:36:06,AAST421,0101,Tuyet Duong,20,3,0,2026-09-12 01:36:28
2026-09-12 01:36:06,AAST422,0101,Jennifer Cho,25,7,0,2026-09-12 01:36:28
2026-09-12 01:36:06,AAST424,0101,Dawn Dow,29,10,0,2026-09-12 01:36:28
2026-09-12 01:36:06,AAST440,0101,Binod Paudyal,25,0,0,2026-09-12 01:36:29
2026-09-12 01:36:06,AAST443,0101,Janelle Wong,30,0,0,2026-09-12 01:36:29
2026-09-12 01:36:06,ABRM330,0101,Rashawn Ray,40,0,0,2026-09-12 01:36:31
2026-09-12 01:36:06,ARAB101,0101,Samah Al-salami,15,1,0,2026-09-12 01:37:24
2026-09-12 01:36:06,ARAB101,0201,Ahmed Hanafy,15,5,0,2026-09-12 01:37:24
2026-09-12 01:36:06,ARAB102,0101,Samah Al-salami,15,2,0,2026-09-12 01:37:25
2026-09-12 01:36:06,ARAB102,0201,Lutf Alkebsi,15,12,0,2026-09-12 01:37:25
2026-09-12 01:36:06,ARAB201,0101,Lutf Alkebsi,15,0,0,2026-09-12 01:37:25
2026-09-12 01:36:06,ARAB201,0201,Lutf Alkebsi,15,11,0,2026-09-12 01:37:25
2026-09-12 01:36:06,ARAB208L,0101,Samah Al-salami,15,3,0,2026-09-12 01:37:26
2026-09-12 01:36:06,ARAB225,0101,Ahmed Hanafy,15,3,0,2026-09-12 01:37:26
2026-09-12 01:36:06,ARAB301,0101,Ahmed Hanafy,15,7,0,2026-09-12 01:37:26
2026-09-12 01:36:06,ARAB321,0101,Ahmed Hanafy,15,9,0,2026-09-12 01:37:27
2026-09-12 01:36:06,ARAB322,0101,Samah Al-salami,15,9,0,2026-09-12 01:37:27
2026-09-12 01:36:06,ARAB398A,0101,Lutf Alkebsi,15,5,0,2026-09-12 01:37:28
2026-09-12 01:36:06,ARAB499E,0101,Brendan Kibbee,20,2,0,2026-09-12 01:37:29
2026-09-12 01:36:06,ARMY106,0101,Thomas Battinieri,31,25,0,2026-09-12 01:38:15
2026-09-12 01:36:06,ARMY106,0102,Thomas Battinieri,40,30,0,2026-09-12 01:38:15
2026-09-12 01:36:06,ARMY106,FC01,Andrew Bischoff,15,11,0,2026-09-12 01:38:15
2026-09-12 01:36:06,ARMY106,FC02,Thomas Battinieri,9,8,0,2026-09-12 01:38:15
2026-09-12 01:36:06,ARMY110,0101,Andrew Bischoff,15,15,0,2026-09-12 01:38:16
2026-09-12 01:36:06,ARMY201,0102,Thomas Battinieri,35,14,0,2026-09-12 01:38:16
2026-09-12 01:36:06,ARMY301,0101,Joshua Guiod,40,20,0,2026-09-12 01:38:17
2026-09-12 01:36:06,ARMY401,0102,Andrew Bischoff,50,13,0,2026-09-12 01:38:17
2026-09-12 01:36:06,ARSC059,0101,Kathleen West,220,53,0,2026-09-12 01:38:19
2026-09-12 01:36:06,ARSC059,FC01,Jens Lyndrup,10,5,0,2026-09-12 01:38:19
2026-09-12 01:36:06,ARSC100,0101,Jens Lyndrup,50,33,0,2026-09-12 01:38:19
2026-09-12 01:36:06,ARSC100,0102,Jens Lyndrup,75,16,0,2026-09-12 01:38:19
2026-09-12 01:36:06,ARSC100,0103,Jens Lyndrup,40,31,0,2026-09-12 01:38:19
2026-09-12 01:36:06,ARSC100,FC01,Jens Lyndrup,5,3,0,2026-09-12 01:38:19
2026-09-12 01:36:06,ARSC100,FC02,Jens Lyndrup,10,7,0,2026-09-12 01:38:19
2026-09-12 01:36:06,ARSC200,0101,Alan Snyder,50,14,0,2026-09-12 01:38:20
2026-09-12 01:36:06,ARSC200,0102,Alan Snyder,35,21,0,2026-09-12 01:38:20
2026-09-12 01:36:06,ARSC200,0103,Alan Snyder,40,32,0,2026-09-12 01:38:20
2026-09-12 01:36:06,ARSC300,0101,Kathleen West,30,5,0,2026-09-12 01:38:20
2026-09-12 01:36:06,ARSC300,0102,Kathleen West,20,13,0,2026-09-12 01:38:20
2026-09-12 01:36:06,ARSC400,0101,Walter Mitchell,30,11,0,2026-09-12 01:38:21
2026-09-12 01:36:06,ARSC400,0102,Walter Mitchell,20,18,0,2026-09-12 01:38:21
2026-09-12 01:36:06,ARSC400,0201,Walter Mitchell,10,10,0,2026-09-12 01:38:21
2026-09-12 01:36:06,BMIN210,0101,Darlene Dennison,180,1,0,2026-09-12 01:39:41
2026-09-12 01:36:06,BMIN210,0201,Darlene Dennison,180,94,0,2026-09-12 01:39:41
2026-09-12 01:36:06,BMIN305,0101,Tejwansh Anand,180,14,0,2026-09-12 01:39:42
2026-09-12 01:36:06,BMIN345,0101,Michael Padhi,275,36,0,2026-09-12 01:39:42
2026-09-12 01:36:06,BMIN355,0101,Idil Yaveroglu,180,0,0,2026-09-12 01:39:43
2026-09-12 01:36:06,BMIN355,0201,Idil Yaveroglu,180,24,0,2026-09-12 01:39:43
2026-09-12 01:36:06,BMIN375,0101,Leland Gardner,185,2,0,2026-09-12 01:39:43
2026-09-12 01:36:06,BMIN395,0101,Nima Farshchi,200,2,0,2026-09-12 01:39:43
2026-09-12 01:36:06,BMIN395,0201,Nima Farshchi,200,106,0,2026-09-12 01:39:43
2026-09-12 01:36:06,BOIS602,WI01,Woei-jyh Lee,40,6,0,2026-09-12 01:39:47
2026-09-12 01:36:06,BOIS604,WI01,Manmohan Aseri,40,5,0,2026-09-12 01:39:47
2026-09-12 01:36:06,BOIS631,WI01,Sujin Kim,40,8,0,2026-09-12 01:39:48
2026-09-12 01:36:06,BSOS355,0101,Liza Lebrun,30,30,0,2026-09-12 01:40:02
2026-09-12 01:36:06,BSOS361,0101,TC Lloyd,30,2,0,2026-09-12 01:40:02
2026-09-12 01:36:06,BSOS361,0103,Keia Brown,30,2,0,2026-09-12 01:40:02
2026-09-12 01:36:06,BSOS361,0104,David Tana,30,1,0,2026-09-12 01:40:02
2026-09-12 01:36:06,BSOS361,0105,TC Lloyd,30,2,0,2026-09-12 01:40:02
2026-09-12 01:36:06,BSOS388C,0101,Nikita Kimani,20,0,0,2026-09-12 01:40:02
2026-09-12 01:36:06,BSOS388C,0201,Nikita Kimani,20,0,0,2026-09-12 01:40:02
2026-09-12 01:36:06,BSOS388E,0101,Liza Lebrun,30,30,0,2026-09-12 01:40:03
2026-09-12 01:36:06,BUSO600,SO11,Neta Moye,42,5,0,2026-09-12 01:40:23
2026-09-12 01:36:06,BUSO600,SO12,Neta Moye,42,9,0,2026-09-12 01:40:23
2026-09-12 01:36:06,BUSO603,SO11,Ilya Ryzhov,42,5,0,2026-09-12 01:40:24
2026-09-12 01:36:06,BUSO603,SO12,Ilya Ryzhov,42,4,0,2026-09-12 01:40:24
2026-09-12 01:36:06,BUSO604,SO11,Bennet Zelner,42,6,0,2026-09-12 01:40:24
2026-09-12 01:36:06,BUSO604,SO12,Bennet Zelner,42,6,0,2026-09-12 01:40:24
2026-09-12 01:36:06,BUSO612,SO11,Henry Boyd,42,3,0,2026-09-12 01:40:25
2026-09-12 01:36:06,BUSO612,SO12,Henry Boyd,42,5,0,2026-09-12 01:40:25
2026-09-12 01:36:06,BUSO616,SO31,Brent Solomon,38,2,0,2026-09-12 01:40:25
2026-09-12 01:36:06,BUSO616,SO32,Brent Solomon,38,0,0,2026-09-12 01:40:25
2026-09-12 01:36:06,BUSO624,SO31,Yi Xu,38,2,0,2026-09-12 01:40:26
2026-09-12 01:36:06,BUSO624,SO32,Yi Xu,38,0,0,2026-09-12 01:40:26
2026-09-12 01:36:06,BUSO700,SO91,Paulo Prochno,0,0,0,2026-09-12 01:40:26
2026-09-12 01:36:06,BUSO711,SO31,Gosia Langa Basit,28,0,0,2026-09-12 01:40:26
2026-09-12 01:36:06,BUSO711,SO32,Gosia Langa Basit,28,3,0,2026-09-12 01:40:26
2026-09-12 01:36:06,BUSO711,SO33,Gosia Langa Basit,28,1,0,2026-09-12 01:40:26
2026-09-12 01:36:06,BUSO731,SO51,Tejwansh Anand,49,0,1,2026-09-12 01:40:27
2026-09-12 01:36:06,BUSO752,SO51,Leland Gardner,35,13,0,2026-09-12 01:40:27
2026-09-12 01:36:06,BUSO758G,SO51,James Seward,35,11,0,2026-09-12 01:40:28
2026-09-12 01:36:06,BUSO758M,SO51,Paulo Prochno,49,2,0,2026-09-12 01:40:28
2026-09-12 01:36:06,BUSO758M,SO52,Paulo Prochno,49,3,0,2026-09-12 01:40:28
2026-09-12 01:36:06,BUSO758T,SO51,Michael Cichello,35,18,0,2026-09-12 01:40:28
2026-09-12 01:36:06,BUSO758W,SO51,Yogesh Joshi,33,2,0,2026-09-12 01:40:29
2026-09-12 01:36:06,BUSO758W,SO52,Yogesh Joshi,33,2,0,2026-09-12 01:40:29
2026-09-12 01:36:06,BUSO758X,SO51,Pallassana Kannan,49,3,0,2026-09-12 01:40:29
2026-09-12 01:36:06,BUSO788F,GX01,Judy Frels,25,6,0,2026-09-12 01:40:30
2026-09-12 01:36:06,BUSO788W,GX01,Zhi-Long Chen,30,5,0,2026-09-12 01:40:30
2026-09-12 01:36:06,CHSE200,0101,Betsy Tornquist,10,1,0,2026-09-12 01:41:06
2026-09-12 01:36:06,CHSE205,0101,Yewon Lee,60,0,4,2026-09-12 01:41:06
2026-09-12 01:36:06,CHSE205,0201,Yewon Lee,60,0,2,2026-09-12 01:41:06
2026-09-12 01:36:06,CHSE228C,0101,Nikita Kimani,20,0,0,2026-09-12 01:41:07
2026-09-12 01:36:06,CHSE228C,0201,Nikita Kimani,20,0,0,2026-09-12 01:41:07
2026-09-12 01:36:06,CHSE228C,0301,Nikita Kimani,20,0,0,2026-09-12 01:41:07
2026-09-12 01:36:06,CHSE230,0101,Isabelle Grable,25,16,0,2026-09-12 01:41:07
2026-09-12 01:36:06,CHSE376,0101,Michael Dunham,22,0,3,2026-09-12 01:41:08
2026-09-12 01:36:06,CHSE376,0201,Colleen McGilpin,20,0,4,2026-09-12 01:41:08
2026-09-12 01:36:06,CHSE376,0301,Elizabeth Martinez,20,0,1,2026-09-12 01:41:08
2026-09-12 01:36:06,CHSE376,0401,Chanai Brewster,20,4,0,2026-09-12 01:41:08
2026-09-12 01:36:06,CHSE476,0101,Michael Dunham,20,6,0,2026-09-12 01:41:08
2026-09-12 01:36:06,CHSE477,0101,Michael Dunham,15,4,0,2026-09-12 01:41:09
2026-09-12 01:36:06,CHSE489,1901,Amy D'Agati,15,10,0,2026-09-12 01:41:09
2026-09-12 01:36:06,CINE245,0101,Eric Zakim,22,0,2,2026-09-12 01:41:12
2026-09-12 01:36:06,CINE245,0102,Eric Zakim,22,0,3,2026-09-12 01:41:12
2026-09-12 01:36:06,CINE245,0103,Eric Zakim,22,0,3,2026-09-12 01:41:12
2026-09-12 01:36:06,CINE245,0104,Eric Zakim,22,0,1,2026-09-12 01:41:12
2026-09-12 01:36:06,CINE280,0101,Porter Olsen,30,0,1,2026-09-12 01:41:12
2026-09-12 01:36:06,CINE280,0201,John Tobin,30,0,2,2026-09-12 01:41:12
2026-09-12 01:36:06,CINE298A,0101,Caroline Eades,20,0,0,2026-09-12 01:41:12
2026-09-12 01:36:06,CINE301,0101,Eric Zakim,30,0,0,2026-09-12 01:41:13
2026-09-12 01:36:06,CINE310,0101,Nathaniel Stevens,15,2,0,2026-09-12 01:41:13
2026-09-12 01:36:06,CINE315,0101,Yael Inbar,15,0,0,2026-09-12 01:41:14
2026-09-12 01:36:06,CINE319G,0101,Oliver Gaycken,25,15,0,2026-09-12 01:41:14
2026-09-12 01:36:06,CINE319P,5501,Samuel Crawford,11,0,1,2026-09-12 01:41:15
2026-09-12 01:36:06,CINE319Z,0101,Paul Cote,25,7,0,2026-09-12 01:41:15
2026-09-12 01:36:06,CINE329T,0101,Daniel Richter,25,0,7,2026-09-12 01:41:15
2026-09-12 01:36:06,CINE332,0101,Parker Brookie,25,0,0,2026-09-12 01:41:16
2026-09-12 01:36:06,CINE334,0101,Elizabeth Papazian,25,0,0,2026-09-12 01:41:16
2026-09-12 01:36:06,CINE337,0101,Jason Kuo,25,0,2,2026-09-12 01:41:17
2026-09-12 01:36:06,CINE342,0101,Luka Arsenjuk,20,0,2,2026-09-12 01:41:17
2026-09-12 01:36:06,CINE350,0101,John Drabinski,20,0,1,2026-09-12 01:41:17
2026-09-12 01:36:06,CINE359C,0101,Daniel Richter,25,0,4,2026-09-12 01:41:18
2026-09-12 01:36:06,CINE369B,0101,Eva Hageman,30,0,0,2026-09-12 01:41:18
2026-09-12 01:36:06,CINE369K,0101,Paul Cote,20,0,1,2026-09-12 01:41:19
2026-09-12 01:36:06,CINE376,0101,Ross Angelella,15,3,0,2026-09-12 01:41:19
2026-09-12 01:36:06,CINE376,0102,Ross Angelella,5,2,0,2026-09-12 01:41:19
2026-09-12 01:36:06,CINE415,0101,Mathew Bainbridge,15,0,0,2026-09-12 01:41:20
2026-09-12 01:36:06,CINE419P,0101,Oliver Gaycken,20,14,0,2026-09-12 01:41:20
2026-09-12 01:36:06,CINE459P,0101,Luka Arsenjuk,20,0,2,2026-09-12 01:41:21
2026-09-12 01:36:06,CLAS170,0101,Chiara Graf,21,0,0,2026-09-12 01:41:23
2026-09-12 01:36:06,CLAS170,0102,Chiara Graf,21,0,0,2026-09-12 01:41:23
2026-09-12 01:36:06,CLAS170,0103,Chiara Graf,21,0,0,2026-09-12 01:41:23
2026-09-12 01:36:06,CLAS170,0104,Chiara Graf,21,1,0,2026-09-12 01:41:23
2026-09-12 01:36:06,CLAS170,0105,Chiara Graf,21,0,0,2026-09-12 01:41:23
2026-09-12 01:36:06,CLAS170,0106,Chiara Graf,21,0,0,2026-09-12 01:41:23
2026-09-12 01:36:06,CLAS170,0107,Chiara Graf,21,0,0,2026-09-12 01:41:23
2026-09-12 01:36:06,CLAS170,0108,Chiara Graf,21,1,0,2026-09-12 01:41:23
2026-09-12 01:36:06,CLAS170,0109,Chiara Graf,22,0,0,2026-09-12 01:41:23
2026-09-12 01:36:06,CLAS170,FC01,Chelsea Stolt,28,4,0,2026-09-12 01:41:23
2026-09-12 01:36:06,CLAS170,FC02,Chelsea Stolt,28,0,0,2026-09-12 01:41:23
2026-09-12 01:36:06,CLAS170,FC03,Eugenia Lao,28,8,0,2026-09-12 01:41:23
2026-09-12 01:36:06,CLAS170,FC05,Charis Addai,28,5,0,2026-09-12 01:41:23
2026-09-12 01:36:06,CLAS277,0101,Chiara Graf,25,0,0,2026-09-12 01:41:23
2026-09-12 01:36:06,CLAS277,0102,Chiara Graf,25,1,0,2026-09-12 01:41:23
2026-09-12 01:36:06,CLAS277,0103,Chiara Graf,25,4,0,2026-09-12 01:41:23
2026-09-12 01:36:06,CLAS277,0104,Chiara Graf,25,1,0,2026-09-12 01:41:23
2026-09-12 01:36:06,CLAS277,0105,Chiara Graf,25,0,0,2026-09-12 01:41:23
2026-09-12 01:36:06,CLAS277,0106,Chiara Graf,25,1,0,2026-09-12 01:41:23
2026-09-12 01:36:06,CLAS305,0101,Jorge Bravo,35,1,0,2026-09-12 01:41:24
2026-09-12 01:36:06,CLAS309N,0101,Nathan Levine,35,26,0,2026-09-12 01:41:24
2026-09-12 01:36:06,CLAS310,0101,Rachel Singpurwalla,20,0,1,2026-09-12 01:41:25
2026-09-12 01:36:06,CLAS310,0102,Rachel Singpurwalla,20,0,2,2026-09-12 01:41:25
2026-09-12 01:36:06,CLAS310,0103,Rachel Singpurwalla,20,0,3,2026-09-12 01:41:25
2026-09-12 01:36:06,CLAS312,0101,Polyvia Parara,35,7,0,2026-09-12 01:41:25
2026-09-12 01:36:06,CMLT235,0101,Brielle Gorrell,30,2,0,2026-09-12 01:41:29
2026-09-12 01:36:06,CMLT270,0101,Hannah (Toyin) Adeyemi,30,0,0,2026-09-12 01:41:29
2026-09-12 01:36:06,CMLT270,0201,Shakiba Sharifpour,30,1,0,2026-09-12 01:41:29
2026-09-12 01:36:06,CMLT275,0201,Abhinav Bhardwaj,30,0,0,2026-09-12 01:41:30
2026-09-12 01:36:06,CMLT277,0101,Nahid Ahmadian,30,2,0,2026-09-12 01:41:30
2026-09-12 01:36:06,CMLT280,0101,Porter Olsen,30,0,1,2026-09-12 01:41:31
2026-09-12 01:36:06,CMLT280,0201,John Tobin,30,0,2,2026-09-12 01:41:31
2026-09-12 01:36:06,CPBE100,0101,Oliver Schlake,95,25,0,2026-09-12 01:42:18
2026-09-12 01:36:06,CPBE200,0101,Oliver Schlake,75,33,0,2026-09-12 01:42:18
2026-09-12 01:36:06,CPBE225,0101,Ira Koretsky,38,13,0,2026-09-12 01:42:18
2026-09-12 01:36:06,CPBE225,0102,Ira Koretsky,38,22,0,2026-09-12 01:42:18
2026-09-12 01:36:06,CPCV100,0101,Julie Randolph,40,1,0,2026-09-12 01:42:20
2026-09-12 01:36:06,CPCV100,0201,Julie Randolph,40,8,0,2026-09-12 01:42:20
2026-09-12 01:36:06,CPCV200,0101,Julie Randolph,35,1,0,2026-09-12 01:42:21
2026-09-12 01:36:06,CPCV200,0201,Julie Randolph,35,15,0,2026-09-12 01:42:21
2026-09-12 01:36:06,CPCV225,0101,Korey Rothman,75,4,0,2026-09-12 01:42:21
2026-09-12 01:36:06,CPDJ100,0101,Jess Feltner,75,2,0,2026-09-12 01:42:23
2026-09-12 01:36:06,CPDJ200,0101,Andrew Fellows,75,37,0,2026-09-12 01:42:23
2026-09-12 01:36:06,CPET100,0101,Tim Knight,75,4,0,2026-09-12 01:42:25
2026-09-12 01:36:06,CPET200,0101,Tim Knight,75,7,0,2026-09-12 01:42:25
2026-09-12 01:36:06,CPGH100,0101,John Wiggins,85,7,0,2026-09-12 01:42:27
2026-09-12 01:36:06,CPGH200,0101,John Wiggins,75,18,0,2026-09-12 01:42:28
2026-09-12 01:36:06,CPJT100,0101,Justine DeCamillis,75,7,0,2026-09-12 01:42:29
2026-09-12 01:36:06,CPJT200,0101,Justine DeCamillis,75,21,0,2026-09-12 01:42:30
2026-09-12 01:36:06,CPMS100,0101,Alison Burns,75,0,0,2026-09-12 01:42:32
2026-09-12 01:36:06,CPMS200,0101,Alison Burns,75,11,0,2026-09-12 01:42:32
2026-09-12 01:36:06,CPMS225,0101,Alison Burns,75,0,0,2026-09-12 01:42:32
2026-09-12 01:36:06,CPMS230,0101,Alison Burns,30,11,0,2026-09-12 01:42:33
2026-09-12 01:36:06,CPMS240,0101,Carole Lee,20,18,0,2026-09-12 01:42:33
2026-09-12 01:36:06,CPPL100,0101,Kelly Brower,78,2,0,2026-09-12 01:42:35
2026-09-12 01:36:06,CPPL200,0101,Susannah Washburn,75,15,0,2026-09-12 01:42:36
2026-09-12 01:36:06,CPSA100,0101,Andrea Cesar,75,12,0,2026-09-12 01:42:37
2026-09-12 01:36:06,CPSA200,0101,Andrea Cesar,75,34,0,2026-09-12 01:42:38
2026-09-12 01:36:06,CPSF100,0101,Nicholas Fletcher,85,1,0,2026-09-12 01:42:39
2026-09-12 01:36:06,CPSF200,0101,Nicholas Fletcher,75,5,0,2026-09-12 01:42:40
2026-09-12 01:36:06,CPSG100,0101,Thomas Holtz,85,11,0,2026-09-12 01:42:42
2026-09-12 01:36:06,CPSG200,0101,Thomas Holtz,75,29,0,2026-09-12 01:42:42
2026-09-12 01:36:06,CPSN100,0101,Hansol Kwak,85,5,0,2026-09-12 01:42:44
2026-09-12 01:36:06,CPSN200,0101,Stacy Kosko,75,42,0,2026-09-12 01:42:44
2026-09-12 01:36:06,CPSN230,0101,Sarah Kilmer,20,18,0,2026-09-12 01:42:45
2026-09-12 01:36:06,CPSN240,0101,Sarah Kilmer,10,7,0,2026-09-12 01:42:45
2026-09-12 01:36:06,CPSN250,0101,Sarah Kilmer,5,5,0,2026-09-12 01:42:45
2026-09-12 01:36:06,CPSP110,0101,Markell Saunders,18,8,0,2026-09-12 01:42:47
2026-09-12 01:36:06,CPSP110,0201,Patrice Greene,18,13,0,2026-09-12 01:42:47
2026-09-12 01:36:06,CPSP220,0101,Tiara Thomas,20,1,0,2026-09-12 01:42:48
2026-09-12 01:36:06,CPSP239A,0101,Heather-Erin Bremenstuhl,10,5,0,2026-09-12 01:42:48
2026-09-12 01:36:06,CPSP269C,0101,Korey Rothman,5,5,0,2026-09-12 01:42:49
2026-09-12 01:36:06,CPSP339P,0101,Susannah Washburn,10,7,0,2026-09-12 01:42:49
2026-09-12 01:36:06,CPSS100,0101,David Tomblin,85,6,0,2026-09-12 01:42:51
2026-09-12 01:36:06,CPSS220,0101,Nicole Mogul,20,2,0,2026-09-12 01:42:51
2026-09-12 01:36:06,CPSS225,0101,Roan Parrish,20,14,0,2026-09-12 01:42:52
2026-09-12 01:36:06,CPSS340,0101,David Tomblin,20,5,0,2026-09-12 01:42:52
2026-09-12 01:36:06,CRLN101,0103,Myles Alexander,25,1,0,2026-09-12 01:42:54
2026-09-12 01:36:06,CRLN101,0104,Tami Smith,26,0,0,2026-09-12 01:42:54
2026-09-12 01:36:06,CRLN101,0105,Denis Garcia Reyes,25,0,0,2026-09-12 01:42:54
2026-09-12 01:36:06,CRLN101,0106,Mitch Woolley,25,4,0,2026-09-12 01:42:54
2026-09-12 01:36:06,CRLN101,0107,Esohe Owie,25,0,0,2026-09-12 01:42:54
2026-09-12 01:36:06,DATA100,0111,Matthew Griffin,33,4,0,2026-09-12 01:43:06
2026-09-12 01:36:06,DATA100,0112,Matthew Griffin,35,2,0,2026-09-12 01:43:06
2026-09-12 01:36:06,DATA100,0121,Matthew Griffin,35,2,0,2026-09-12 01:43:06
2026-09-12 01:36:06,DATA100,0122,Matthew Griffin,33,0,0,2026-09-12 01:43:06
2026-09-12 01:36:06,DATA100,0123,Matthew Griffin,33,1,0,2026-09-12 01:43:06
2026-09-12 01:36:06,DATA100,0124,Matthew Griffin,33,0,0,2026-09-12 01:43:06
2026-09-12 01:36:06,DATA100,0131,Matthew Griffin,33,1,0,2026-09-12 01:43:06
2026-09-12 01:36:06,DATA100,0141,Matthew Griffin,35,0,0,2026-09-12 01:43:06
2026-09-12 01:36:06,DATA100,0142,Matthew Griffin,33,0,0,2026-09-12 01:43:06
2026-09-12 01:36:06,DATA100,0211,Matthew Griffin,33,1,0,2026-09-12 01:43:06
2026-09-12 01:36:06,DATA100,0212,Matthew Griffin,35,0,0,2026-09-12 01:43:06
2026-09-12 01:36:06,DATA100,0221,Matthew Griffin,30,0,0,2026-09-12 01:43:06
2026-09-12 01:36:06,DATA100,0223,Matthew Griffin,32,0,0,2026-09-12 01:43:06
2026-09-12 01:36:06,DATA100,0224,Matthew Griffin,30,1,0,2026-09-12 01:43:06
2026-09-12 01:36:06,DATA100,0231,Matthew Griffin,33,3,0,2026-09-12 01:43:06
2026-09-12 01:36:06,DATA100,0311,Archana Khurana,35,6,0,2026-09-12 01:43:06
2026-09-12 01:36:06,DATA100,0312,Archana Khurana,35,0,0,2026-09-12 01:43:06
2026-09-12 01:36:06,DATA100,0321,Archana Khurana,35,0,0,2026-09-12 01:43:06
2026-09-12 01:36:06,DATA100,0322,Archana Khurana,35,1,0,2026-09-12 01:43:06
2026-09-12 01:36:06,DATA100,0323,Archana Khurana,35,0,0,2026-09-12 01:43:06
2026-09-12 01:36:06,DATA100,0341,Archana Khurana,35,6,0,2026-09-12 01:43:06
2026-09-12 01:36:06,DATA110,0101,Susan Mazzullo,250,24,0,2026-09-12 01:43:07
2026-09-12 01:36:06,DATA120,0101,Fardina Alam,200,0,0,2026-09-12 01:43:07
2026-09-12 01:36:06,DATA200,0101,Fardina Alam,90,32,0,2026-09-12 01:43:08
2026-09-12 01:36:06,DATA250,0101,Todd Rowland,43,6,0,2026-09-12 01:43:08
2026-09-12 01:36:06,DATA320,0101,Maksym Morawski,15,10,0,2026-09-12 01:43:08
2026-09-12 01:36:06,DATA320,0201,Maksym Morawski,20,9,0,2026-09-12 01:43:08
2026-09-12 01:36:06,DATA320,0301,Fardina Alam,20,1,0,2026-09-12 01:43:08
2026-09-12 01:36:06,DATA350,0101,Raluca Rosca,30,11,0,2026-09-12 01:43:09
2026-09-12 01:36:06,DATA350,0201,Jonathan Fernandes,34,4,0,2026-09-12 01:43:09
2026-09-12 01:36:06,DATA400,0111,Salman Safdar,27,1,0,2026-09-12 01:43:09
2026-09-12 01:36:06,DATA400,0112,Salman Safdar,30,1,0,2026-09-12 01:43:09
2026-09-12 01:36:06,DATA400,0121,Salman Safdar,27,2,0,2026-09-12 01:43:09
2026-09-12 01:36:06,DATA400,0122,Salman Safdar,27,4,0,2026-09-12 01:43:09
2026-09-12 01:36:06,DATA400,0131,Salman Safdar,27,3,0,2026-09-12 01:43:09
2026-09-12 01:36:06,DATA400,0132,Salman Safdar,27,8,0,2026-09-12 01:43:09
2026-09-12 01:36:06,DATA400,0211,Timothy Pilachowski,30,3,0,2026-09-12 01:43:09
2026-09-12 01:36:06,DATA400,0212,Timothy Pilachowski,30,4,0,2026-09-12 01:43:09
2026-09-12 01:36:06,DATA400,0221,Timothy Pilachowski,30,3,0,2026-09-12 01:43:09
2026-09-12 01:36:06,DATA400,0222,Timothy Pilachowski,30,0,0,2026-09-12 01:43:09
2026-09-12 01:36:06,DATA400,0231,Timothy Pilachowski,30,0,0,2026-09-12 01:43:09
2026-09-12 01:36:06,DATA400,0232,Timothy Pilachowski,30,3,0,2026-09-12 01:43:09
2026-09-12 01:36:06,DATA400,0311,Mestiyage Gunatilleka,32,0,1,2026-09-12 01:43:09
2026-09-12 01:36:06,DATA400,0312,Mestiyage Gunatilleka,30,0,2,2026-09-12 01:43:09
2026-09-12 01:36:06,DATA400,0321,Mestiyage Gunatilleka,32,0,1,2026-09-12 01:43:09
2026-09-12 01:36:06,DATA400,0322,Mestiyage Gunatilleka,30,0,1,2026-09-12 01:43:09
2026-09-12 01:36:06,DATA400,0331,Mestiyage Gunatilleka,32,0,1,2026-09-12 01:43:09
2026-09-12 01:36:06,DATA400,0332,Mestiyage Gunatilleka,30,0,1,2026-09-12 01:43:09
2026-09-12 01:36:06,DATA400,0511,Shixin Zheng,35,0,0,2026-09-12 01:43:09
2026-09-12 01:36:06,DATA400,0521,Shixin Zheng,35,0,0,2026-09-12 01:43:09
2026-09-12 01:36:06,DATA400,0531,Shixin Zheng,35,0,0,2026-09-12 01:43:09
2026-09-12 01:36:06,DATA601,PCS1,Sandra Cerrai,50,6,0,2026-09-12 01:43:10
2026-09-12 01:36:06,DATA601,PCS2,Jonathan Fernandes,60,20,0,2026-09-12 01:43:10
2026-09-12 01:36:06,DATA601,PWS1,Leonid Koralov,60,3,0,2026-09-12 01:43:10
2026-09-12 01:36:06,DATA602,PCS1,Sujeong Kim,44,4,0,2026-09-12 01:43:10
2026-09-12 01:36:06,DATA602,PCS2,Sujeong Kim,44,10,0,2026-09-12 01:43:10
2026-09-12 01:36:06,DATA602,PWS1,Fardina Alam,44,3,0,2026-09-12 01:43:10
2026-09-12 01:36:06,DATA603,PCS1,Babak Azimi-Sadjadi,55,14,0,2026-09-12 01:43:11
2026-09-12 01:36:06,DATA603,PWS1,Kemal Davaslioglu,55,18,0,2026-09-12 01:43:11
2026-09-12 01:36:06,DATA605,PCS1,Tammy Perrin,44,30,0,2026-09-12 01:43:11
2026-09-12 01:36:06,DATA605,PCS2,Tammy Perrin,44,21,0,2026-09-12 01:43:11
2026-09-12 01:36:06,DATA605,PWS1,Giacinto Paolo Saggese,44,35,0,2026-09-12 01:43:11
2026-09-12 01:36:06,DATA607,PCS1,Mestiyage Gunatilleka,44,29,0,2026-09-12 01:43:11
2026-09-12 01:36:06,DATA607,PCS2,Kendall Williams,55,0,1,2026-09-12 01:43:11
2026-09-12 01:36:06,DATA607,PCS3,Vincent Lyzinski,44,3,0,2026-09-12 01:43:11
2026-09-12 01:36:06,DATA612,PCS1,Samet Ayhan,50,23,0,2026-09-12 01:43:12
2026-09-12 01:36:06,DATA612,PWS1,Samet Ayhan,44,14,0,2026-09-12 01:43:12
2026-09-12 01:36:06,DATA641,PCS1,Toki Inan,50,19,0,2026-09-12 01:43:12
2026-09-12 01:36:06,DATA641,PWS1,Armin Mehrabian,50,0,0,2026-09-12 01:43:12
2026-09-12 01:36:06,DATA643,PCS1,Charles Forgy,50,30,0,2026-09-12 01:43:13
2026-09-12 01:36:06,DATA650,PCS1,Emre Gunduzhan,54,8,0,2026-09-12 01:43:13
2026-09-12 01:36:06,DATA650,PCS2,Emre Gunduzhan,54,9,0,2026-09-12 01:43:13
2026-09-12 01:36:06,ENAI600,0101,C Ravishankar,35,21,0,2026-09-12 01:45:06
2026-09-12 01:36:06,ENAI600,AEC1,C Ravishankar,20,5,0,2026-09-12 01:45:06
2026-09-12 01:36:06,ENAI601,0101,Richard La,35,22,0,2026-09-12 01:45:06
2026-09-12 01:36:06,ENAI601,AEC1,Richard La,20,8,0,2026-09-12 01:45:06
2026-09-12 01:36:06,ENAI607,0101,Zoltan Safar,29,24,0,2026-09-12 01:45:06
2026-09-12 01:36:06,ENAI607,AEC1,Zoltan Safar,20,9,0,2026-09-12 01:45:06
2026-09-12 01:36:06,ENBC301,ESG1,Sivan Saravanapavan,20,9,0,2026-09-12 01:45:08
2026-09-12 01:36:06,ENBC311,ESG1,Bahaa Ghammraoui,20,11,0,2026-09-12 01:45:09
2026-09-12 01:36:06,ENBC322,ESG1,Kyunghun Lee,20,11,0,2026-09-12 01:45:09
2026-09-12 01:36:06,ENBC331,ESG1,Lan Ma,20,10,0,2026-09-12 01:45:09
2026-09-12 01:36:06,ENBC332,ESG1,Jamasp Azarnoosh,20,11,0,2026-09-12 01:45:10
2026-09-12 01:36:06,ENBC341,ESG1,Jarred Callura,20,12,0,2026-09-12 01:45:10
2026-09-12 01:36:06,ENBC353,ESG1,Jarred Callura,20,15,0,2026-09-12 01:45:11
2026-09-12 01:36:06,ENBC423,ESG1,Jian Su,20,13,0,2026-09-12 01:45:12
2026-09-12 01:36:06,ENBC425,ESG1,Jamasp Azarnoosh,20,13,0,2026-09-12 01:45:12
2026-09-12 01:36:06,ENBC431,ESG1,Lan Ma,20,13,0,2026-09-12 01:45:12
2026-09-12 01:36:06,ENEB302,ESG1,Wesley Lawson,20,3,0,2026-09-12 01:45:28
2026-09-12 01:36:06,ENEB340,ESG1,Nestor Michael Tiglao,20,3,0,2026-09-12 01:45:29
2026-09-12 01:36:06,ENEB341,ESG1,Nestor Michael Tiglao,20,3,0,2026-09-12 01:45:29
2026-09-12 01:36:06,ENEB344,ESG1,Jerry Wu,20,3,0,2026-09-12 01:45:29
2026-09-12 01:36:06,ENEB346,ESG1,Nestor Michael Tiglao,20,13,0,2026-09-12 01:45:30
2026-09-12 01:36:06,ENEB354,ESG1,Yavuz Oruc,20,2,0,2026-09-12 01:45:30
2026-09-12 01:36:06,ENEB408A,ESG1,Nestor Michael Tiglao,20,13,0,2026-09-12 01:45:31
2026-09-12 01:36:06,ENEB444,ESG1,Manoj Franklin,20,13,0,2026-09-12 01:45:31
2026-09-12 01:36:06,ENEB454,ESG1,Jerry Wu,20,13,0,2026-09-12 01:45:32
2026-09-12 01:36:06,ENED036,0101,Hillary Owusu,20,5,0,2026-09-12 01:45:33
2026-09-12 01:36:06,ENED101,0101,Shannon Bate,20,0,0,2026-09-12 01:45:34
2026-09-12 01:36:06,ENED115,0101,Friedrich Alvarez,100,6,0,2026-09-12 01:45:34
2026-09-12 01:36:06,ENED215,0101,Tyler Huddleston,30,0,0,2026-09-12 01:45:35
2026-09-12 01:36:06,ENED215,0102,Samantha Sabihi,40,26,0,2026-09-12 01:45:35
2026-09-12 01:36:06,ENED215,0103,Paige Smith,6,0,0,2026-09-12 01:45:35
2026-09-12 01:36:06,ENED290H,0101,Christopher Troilo,46,1,0,2026-09-12 01:45:35
2026-09-12 01:36:06,ENED390H,0101,Tony Barber,50,13,0,2026-09-12 01:45:35
2026-09-12 01:36:06,ENED394H,0101,Manmohan Aseri,65,14,0,2026-09-12 01:45:36
2026-09-12 01:36:06,ENED397,0101,Emily Marks,9,0,0,2026-09-12 01:45:36
2026-09-12 01:36:06,ENED490H,0101,Maria Bardossy,45,1,0,2026-09-12 01:45:37
2026-09-12 01:36:06,ENED491,0101,Jessica Roffe,10,1,0,2026-09-12 01:45:37
2026-09-12 01:36:06,ENMT301,ESG1,Colleen Murray,15,8,0,2026-09-12 01:47:03
2026-09-12 01:36:06,ENMT322,ESG1,Norman Wereley,15,9,0,2026-09-12 01:47:03
2026-09-12 01:36:06,ENMT361,ESG1,Young Choi,15,8,0,2026-09-12 01:47:04
2026-09-12 01:36:06,ENMT380,ESG1,Gurtajbir Herr,15,8,0,2026-09-12 01:47:04
2026-09-12 01:36:06,ENMT450,ESG1,Nicholas Limparis,7,5,0,2026-09-12 01:47:04
2026-09-12 01:36:06,ENMT471,ESG1,Colleen Murray,7,5,0,2026-09-12 01:47:05
2026-09-12 01:36:06,ENMT473,ESG1,Gurtajbir Herr,7,4,0,2026-09-12 01:47:05
2026-09-12 01:36:06,ENMT483,ESG1,Nicholas Limparis,7,5,0,2026-09-12 01:47:06
2026-09-12 01:36:06,ENMT499,ESG4,Nicholas Limparis,2,1,0,2026-09-12 01:47:06
2026-09-12 01:36:06,ENSE621,0101,Tony Barber,22,16,0,2026-09-12 01:47:15
2026-09-12 01:36:06,ENSE621,SY01,Tony Barber,15,0,0,2026-09-12 01:47:15
2026-09-12 01:36:06,ENSE623,0101,Steven Biemer,17,14,0,2026-09-12 01:47:15
2026-09-12 01:36:06,ENSE623,SY01,Steven Biemer,15,11,0,2026-09-12 01:47:15
2026-09-12 01:36:06,ENSE626,0101,Dane Cooper,20,16,0,2026-09-12 01:47:16
2026-09-12 01:36:06,ENSE626,SY01,Dane Cooper,15,9,0,2026-09-12 01:47:16
2026-09-12 01:36:06,ENSP101,0101,Annette Spivy,25,0,0,2026-09-12 01:47:18
2026-09-12 01:36:06,ENSP101,0102,Annette Spivy,24,0,0,2026-09-12 01:47:18
2026-09-12 01:36:06,ENSP101,0103,Annette Spivy,24,2,0,2026-09-12 01:47:18
2026-09-12 01:36:06,ENSP101,0104,Annette Spivy,24,1,0,2026-09-12 01:47:18
2026-09-12 01:36:06,ENSP101,0105,Annette Spivy,25,1,0,2026-09-12 01:47:18
2026-09-12 01:36:06,ENSP101,0106,Annette Spivy,24,0,0,2026-09-12 01:47:18
2026-09-12 01:36:06,ENSP101,0107,Annette Spivy,24,0,0,2026-09-12 01:47:18
2026-09-12 01:36:06,ENSP101,FC01,Annette Spivy,32,1,0,2026-09-12 01:47:18
2026-09-12 01:36:06,ENSP305,0101,Annette Spivy,23,0,1,2026-09-12 01:47:19
2026-09-12 01:36:06,ENSP330,0101,Joanna Goger,35,0,0,2026-09-12 01:47:19
2026-09-12 01:36:06,ENSP340,0101,Caroline Boules,25,0,0,2026-09-12 01:47:20
2026-09-12 01:36:06,ENSP360,0101,Leena Malayil,25,0,5,2026-09-12 01:47:20
2026-09-12 01:36:06,ENSP399R,0601,Annette Spivy,10,10,0,2026-09-12 01:47:21
2026-09-12 01:36:06,ENSP399R,1001,Jennifer Mullinax,10,10,0,2026-09-12 01:47:21
2026-09-12 01:36:06,ENSP400,0101,Joanna Goger,35,13,0,2026-09-12 01:47:22
2026-09-12 01:36:06,ENSP400,0102,Joanna Goger,35,11,0,2026-09-12 01:47:22
2026-09-12 01:36:06,ENVH121,FC01,Brienna Anderson,20,12,0,2026-09-12 01:47:41
2026-09-12 01:36:06,ENVH381,0101,Donald Milton,30,10,0,2026-09-12 01:47:41
2026-09-12 01:36:06,FGSM310,0101,Peter Owen,24,1,0,2026-09-12 01:47:47
2026-09-12 01:36:06,FGSM315,0101,Emily Shetty,22,0,0,2026-09-12 01:47:47
2026-09-12 01:36:06,FGSM320,0101,Woodie Kessel,24,2,0,2026-09-12 01:47:48
2026-09-12 01:36:06,FGSM325,0101,Rob Long,20,1,0,2026-09-12 01:47:48
2026-09-12 01:36:06,FGSM330,0101,Andrew Fausett,22,2,0,2026-09-12 01:47:48
2026-09-12 01:36:06,FGSM340,0101,Ed Fendley,22,1,0,2026-09-12 01:47:49
2026-09-12 01:36:06,FGSM350,0101,Sean Misko,22,1,0,2026-09-12 01:47:49
2026-09-12 01:36:06,FGSM355,0101,Amanda Schoch,20,0,0,2026-09-12 01:47:50
2026-09-12 01:36:06,FGSM360,0101,Nadia Farra,21,0,0,2026-09-12 01:47:50
2026-09-12 01:36:06,FGSM365,0101,Andrew Nissen,20,2,0,2026-09-12 01:47:51
2026-09-12 01:36:06,FGSM370,0101,Joshua Glasser,20,0,0,2026-09-12 01:47:51
2026-09-12 01:36:06,FGSM390,0101,Sasha Koo-Oshima,20,3,0,2026-09-12 01:47:51
2026-09-12 01:36:06,FGSM398,0101,Jayakumar Arasan,25,21,0,2026-09-12 01:47:52
2026-09-12 01:36:06,FGSM398,0201,Jayakumar Arasan,5,2,0,2026-09-12 01:47:52
2026-09-12 01:36:06,FIRE120,0101,Jessica O'Hara,36,0,0,2026-09-12 01:47:54
2026-09-12 01:36:06,FIRE120,0102,Shannon Hilton,36,7,0,2026-09-12 01:47:54
2026-09-12 01:36:06,FIRE120,0103,Jaclyn Bruner,36,2,0,2026-09-12 01:47:54
2026-09-12 01:36:06,FIRE120,0104,Danielle Niu,36,0,0,2026-09-12 01:47:54
2026-09-12 01:36:06,FIRE120,0105,Cherisse Hall,36,0,0,2026-09-12 01:47:54
2026-09-12 01:36:06,FIRE120,0106,Sara Strey,36,0,0,2026-09-12 01:47:54
2026-09-12 01:36:06,FIRE120,0107,Helene Nguemgaing,36,1,0,2026-09-12 01:47:54
2026-09-12 01:36:06,FIRE120,0108,Mary Chey,36,0,0,2026-09-12 01:47:54
2026-09-12 01:36:06,FIRE120,0109,Shannon Hilton,36,0,0,2026-09-12 01:47:54
2026-09-12 01:36:06,FIRE120,0110,Lena Johnson,36,0,0,2026-09-12 01:47:54
2026-09-12 01:36:06,FIRE120,0111,Benjamin Huffman,36,0,0,2026-09-12 01:47:54
2026-09-12 01:36:06,FIRE120,0112,Mary Chey,36,1,0,2026-09-12 01:47:54
2026-09-12 01:36:06,FIRE120,0113,Elizabeth Massey,36,8,0,2026-09-12 01:47:54
2026-09-12 01:36:06,FIRE120,0114,Benjamin Huffman,36,0,0,2026-09-12 01:47:54
2026-09-12 01:36:06,FIRE120,FC01,Danielle Niu,40,0,10,2026-09-12 01:47:54
2026-09-12 01:36:06,FIRE298,0101,Catherine Spirito,28,3,0,2026-09-12 01:47:55
2026-09-12 01:36:06,FIRE298,0103,Cherisse Hall,36,7,0,2026-09-12 01:47:55
2026-09-12 01:36:06,FIRE298,0104,Jessica O'Hara,36,4,0,2026-09-12 01:47:55
2026-09-12 01:36:06,FIRE298,0105,Kaylee Bloom,36,7,0,2026-09-12 01:47:55
2026-09-12 01:36:06,FIRE298,0106,Danielle Niu,36,16,0,2026-09-12 01:47:55
2026-09-12 01:36:06,FIRE298,0107,Benjamin Huffman,40,1,0,2026-09-12 01:47:55
2026-09-12 01:36:06,FIRE298,0108,Elizabeth Massey,40,14,0,2026-09-12 01:47:55
2026-09-12 01:36:06,FIRE298,0109,Shannon Hilton,40,6,0,2026-09-12 01:47:55
2026-09-12 01:36:06,FIRE298,0110,Jaclyn Bruner,40,19,0,2026-09-12 01:47:55
2026-09-12 01:36:06,FIRE298,0111,Mary Chey,36,4,0,2026-09-12 01:47:55
2026-09-12 01:36:06,FIRE298,0112,Helene Nguemgaing,40,16,0,2026-09-12 01:47:55
2026-09-12 01:36:06,FIRE298,0113,Kristina Kramarczuk,40,11,0,2026-09-12 01:47:55
2026-09-12 01:36:06,FIRE298,0114,Shabnam Jabeen,40,22,0,2026-09-12 01:47:55
2026-09-12 01:36:06,FIRE298,0115,Sara Strey,40,14,0,2026-09-12 01:47:55
2026-09-12 01:36:06,FIRE298,0116,Lena Johnson,40,6,0,2026-09-12 01:47:55
2026-09-12 01:36:06,FIRE398,0101,Catherine Spirito,15,2,0,2026-09-12 01:47:55
2026-09-12 01:36:06,FIRE398,0103,Cherisse Hall,15,4,0,2026-09-12 01:47:55
2026-09-12 01:36:06,FIRE398,0104,Jessica O'Hara,15,1,0,2026-09-12 01:47:55
2026-09-12 01:36:06,FIRE398,0105,Kaylee Bloom,15,2,0,2026-09-12 01:47:55
2026-09-12 01:36:06,FIRE398,0106,Danielle Niu,15,10,0,2026-09-12 01:47:55
2026-09-12 01:36:06,FIRE398,0107,Benjamin Huffman,15,3,0,2026-09-12 01:47:55
2026-09-12 01:36:06,FIRE398,0108,Elizabeth Massey,15,6,0,2026-09-12 01:47:55
2026-09-12 01:36:06,FIRE398,0109,Shannon Hilton,15,6,0,2026-09-12 01:47:55
2026-09-12 01:36:06,FIRE398,0110,Jaclyn Bruner,15,9,0,2026-09-12 01:47:55
2026-09-12 01:36:06,FIRE398,0111,Mary Chey,15,3,0,2026-09-12 01:47:55
2026-09-12 01:36:06,FIRE398,0112,Helene Nguemgaing,15,15,0,2026-09-12 01:47:55
2026-09-12 01:36:06,FIRE398,0113,Kristina Kramarczuk,15,8,0,2026-09-12 01:47:55
2026-09-12 01:36:06,FIRE398,0114,Shabnam Jabeen,15,15,0,2026-09-12 01:47:55
2026-09-12 01:36:06,FIRE398,0115,Sara Strey,15,14,0,2026-09-12 01:47:55
2026-09-12 01:36:06,FIRE398,0116,Lena Johnson,15,11,0,2026-09-12 01:47:55
2026-09-12 01:36:06,GBHL200,0101,Hassanatu Blake,30,0,0,2026-09-12 01:48:19
2026-09-12 01:36:06,GBHL200,FC01,Zandra Andre,25,3,0,2026-09-12 01:48:19
2026-09-12 01:36:06,GBHL210,0101,Leena Malayil,25,8,0,2026-09-12 01:48:19
2026-09-12 01:36:06,GEMS101,0101,Allison Lansverk,10,1,0,2026-09-12 01:48:23
2026-09-12 01:36:06,GEMS101,0103,Allison Lansverk,10,0,0,2026-09-12 01:48:23
2026-09-12 01:36:06,GEMS101,0104,Allison Lansverk,10,0,0,2026-09-12 01:48:23
2026-09-12 01:36:06,GEMS101,0105,Allison Lansverk,10,0,0,2026-09-12 01:48:23
2026-09-12 01:36:06,GEMS101,0106,Allison Lansverk,10,0,0,2026-09-12 01:48:23
2026-09-12 01:36:06,GEMS101,0107,Allison Lansverk,10,0,0,2026-09-12 01:48:23
2026-09-12 01:36:06,GEMS101,0109,Allison Lansverk,10,0,0,2026-09-12 01:48:23
2026-09-12 01:36:06,GEMS101,0111,Allison Lansverk,10,0,0,2026-09-12 01:48:23
2026-09-12 01:36:06,GEMS101,0113,Allison Lansverk,10,0,0,2026-09-12 01:48:23
2026-09-12 01:36:06,GEMS101,0114,Allison Lansverk,10,0,0,2026-09-12 01:48:23
2026-09-12 01:36:06,GEMS202,0101,David Lovell,168,43,0,2026-09-12 01:48:23
2026-09-12 01:36:06,GEMS208A,0101,Allison Lansverk,14,14,0,2026-09-12 01:48:24
2026-09-12 01:36:06,GEMS208B,0101,Allison Lansverk,14,14,0,2026-09-12 01:48:24
2026-09-12 01:36:06,GEMS208C,0101,Allison Lansverk,23,10,0,2026-09-12 01:48:25
2026-09-12 01:36:06,GEMS208D,0101,Allison Lansverk,10,9,0,2026-09-12 01:48:25
2026-09-12 01:36:06,GEMS208P,0101,Allison Lansverk,20,6,0,2026-09-12 01:48:25
2026-09-12 01:36:06,GEMS296,0101,Sehrish Shikarpurya,14,6,0,2026-09-12 01:48:26
2026-09-12 01:36:06,GEMS296,0102,David Lovell,14,1,0,2026-09-12 01:48:26
2026-09-12 01:36:06,GEMS296,0103,Myles Poulin,14,1,0,2026-09-12 01:48:26
2026-09-12 01:36:06,GEMS296,0104,Raymond Adomaitis,14,3,0,2026-09-12 01:48:26
2026-09-12 01:36:06,GEMS296,0105,Rodolphe Gentili,14,4,0,2026-09-12 01:48:26
2026-09-12 01:36:06,GEMS296,0106,Jared Grauer,14,6,0,2026-09-12 01:48:26
2026-09-12 01:36:06,GEMS296,0107,Fengfeng Ke,14,4,0,2026-09-12 01:48:26
2026-09-12 01:36:06,GEMS296,0108,Eric Silk,14,4,0,2026-09-12 01:48:26
2026-09-12 01:36:06,GEMS296,0109,Huang Chiao Huang,14,1,0,2026-09-12 01:48:26
2026-09-12 01:36:06,GEMS296,0110,Mengqiang Zhu,14,6,0,2026-09-12 01:48:26
2026-09-12 01:36:06,GEMS296,0111,Maria Molina,14,6,0,2026-09-12 01:48:26
2026-09-12 01:36:06,GEMS296,0112,Youssef Kousa,14,1,0,2026-09-12 01:48:26
2026-09-12 01:36:06,GEMS296,0113,Instructor: TBA,5,5,0,2026-09-12 01:48:26
2026-09-12 01:36:06,GEMS296,0114,Instructor: TBA,14,14,0,2026-09-12 01:48:26
2026-09-12 01:36:06,GEMS296,0115,David Lovell,5,5,0,2026-09-12 01:48:26
2026-09-12 01:36:06,GEMS297,0113,Instructor: TBA,5,5,0,2026-09-12 01:48:28
2026-09-12 01:36:06,GEMS396,0101,Michael Humber,14,7,0,2026-09-12 01:48:28
2026-09-12 01:36:06,GEMS396,0102,Seth Dickey,14,2,0,2026-09-12 01:48:28
2026-09-12 01:36:06,GEMS396,0103,Cecilia Huertas Cerdeira,14,7,0,2026-09-12 01:48:28
2026-09-12 01:36:06,GEMS396,0104,Rodolphe Gentili,14,2,0,2026-09-12 01:48:28
2026-09-12 01:36:06,GEMS396,0105,Allison Reilly,14,5,0,2026-09-12 01:48:28
2026-09-12 01:36:06,GEMS396,0106,Peter Sunderland,14,5,0,2026-09-12 01:48:28
2026-09-12 01:36:06,GEMS396,0107,Brett Lacey,14,8,0,2026-09-12 01:48:28
2026-09-12 01:36:06,GEMS396,0108,Natalia Buzulukova,14,4,0,2026-09-12 01:48:28
2026-09-12 01:36:06,GEMS396,0109,Anil Deane,14,4,0,2026-09-12 01:48:28
2026-09-12 01:36:06,GEMS396,0110,Colenso Speer,14,3,0,2026-09-12 01:48:28
2026-09-12 01:36:06,GEMS396,0111,Instructor: TBA,14,14,0,2026-09-12 01:48:28
2026-09-12 01:36:06,GEMS396,0112,Instructor: TBA,14,14,0,2026-09-12 01:48:28
2026-09-12 01:36:06,GEMS396,0113,David Lovell,5,5,0,2026-09-12 01:48:28
2026-09-12 01:36:06,GEMS396,0114,David Lovell,5,5,0,2026-09-12 01:48:28
2026-09-12 01:36:06,GEMS397,0113,David Lovell,5,4,0,2026-09-12 01:48:29
2026-09-12 01:36:06,GEMS496,0101,Eric Haag,14,8,0,2026-09-12 01:48:29
2026-09-12 01:36:06,GEMS496,0102,Mohammad Nayeem Teli,14,10,0,2026-09-12 01:48:29
2026-09-12 01:36:06,GEMS496,0103,Norberto Gonzalez- Juarbe,14,4,0,2026-09-12 01:48:29
2026-09-12 01:36:06,GEMS496,0104,Abhinav Shrivastava,14,6,0,2026-09-12 01:48:29
2026-09-12 01:36:06,GEMS496,0105,Hector Alcala,14,4,0,2026-09-12 01:48:29
2026-09-12 01:36:06,GEMS496,0106,Massimo Ricotti,14,4,0,2026-09-12 01:48:29
2026-09-12 01:36:06,GEMS496,0107,Reza Ghodssi,14,7,0,2026-09-12 01:48:29
2026-09-12 01:36:06,GEMS496,0108,Nikhil Chopra,14,8,0,2026-09-12 01:48:29
2026-09-12 01:36:06,GEMS496,0109,Kimberly Stroka,14,4,0,2026-09-12 01:48:29
2026-09-12 01:36:06,GEMS496,0110,Gorjan Alagic,14,13,0,2026-09-12 01:48:29
2026-09-12 01:36:06,GEMS496,0111,Alisa Clyne,14,6,0,2026-09-12 01:48:29
2026-09-12 01:36:06,GEMS496,0112,Xin Zan,14,10,0,2026-09-12 01:48:29
2026-09-12 01:36:06,GEMS496,0113,Erin Tran,14,14,0,2026-09-12 01:48:29
2026-09-12 01:36:06,GEMS496,0114,David Lovell,5,5,0,2026-09-12 01:48:29
2026-09-12 01:36:06,GEMS497,0107,Instructor: TBA,14,14,0,2026-09-12 01:48:30
2026-09-12 01:36:06,GEMS497,0110,Instructor: TBA,5,5,0,2026-09-12 01:48:30
2026-09-12 01:36:06,GEMS497,0113,David Lovell,5,5,0,2026-09-12 01:48:30
2026-09-12 01:36:06,GFPL100,0101,Joshua Itzkowitz Shifrinson,20,1,0,2026-09-12 01:48:59
2026-09-12 01:36:06,GFPL100,0102,Joshua Itzkowitz Shifrinson,20,1,0,2026-09-12 01:48:59
2026-09-12 01:36:06,GFPL100,0103,Joshua Itzkowitz Shifrinson,20,1,0,2026-09-12 01:48:59
2026-09-12 01:36:06,GFPL100,0104,Joshua Itzkowitz Shifrinson,20,0,0,2026-09-12 01:48:59
2026-09-12 01:36:06,GFPL100,0105,Joshua Itzkowitz Shifrinson,20,2,0,2026-09-12 01:48:59
2026-09-12 01:36:06,GFPL100,0106,Joshua Itzkowitz Shifrinson,25,2,0,2026-09-12 01:48:59
2026-09-12 01:36:06,GFPL100,FC01,Devin Entrikin,30,0,0,2026-09-12 01:48:59
2026-09-12 01:36:06,GFPL102,0101,Caroline Ritter,95,32,0,2026-09-12 01:49:00
2026-09-12 01:36:06,GFPL371,0101,Joshua Itzkowitz Shifrinson,35,0,0,2026-09-12 01:49:00
2026-09-12 01:36:06,GFPL388A,0101,Shannon Carcelli,5,5,0,2026-09-12 01:49:00
2026-09-12 01:36:06,GFPL388B,0101,Hyunki Kim,5,5,0,2026-09-12 01:49:01
2026-09-12 01:36:06,GFPL388C,0101,Scott Kastner,5,0,0,2026-09-12 01:49:01
2026-09-12 01:36:06,GFPL390,0101,Lena Andrews,20,0,0,2026-09-12 01:49:02
2026-09-12 01:36:06,GFPL490,0101,Michael Woldemariam,15,2,0,2026-09-12 01:49:02
2026-09-12 01:36:06,GFPL492,0101,Steve Fetter,20,1,0,2026-09-12 01:49:03
2026-09-12 01:36:06,GLBC200,0101,Chris Lewis,30,4,0,2026-09-12 01:49:05
2026-09-12 01:36:06,GLBC350,0101,Michele Mason,30,27,0,2026-09-12 01:49:05
2026-09-12 01:36:06,HACS100,0101,Cassie Harrington,40,2,0,2026-09-12 01:49:30
2026-09-12 01:36:06,HACS100,0201,Cassie Harrington,40,14,0,2026-09-12 01:49:30
2026-09-12 01:36:06,HACS200,0101,Michel Cukier,34,10,0,2026-09-12 01:49:30
2026-09-12 01:36:06,HACS200,0201,Michel Cukier,34,1,0,2026-09-12 01:49:30
2026-09-12 01:36:06,HACS202,0101,Bertrand Sobesto,52,19,0,2026-09-12 01:49:31
2026-09-12 01:36:06,HACS208A,0101,Lawrence Gordon,20,0,2,2026-09-12 01:49:32
2026-09-12 01:36:06,HACS208C,0101,Lamia Zia,26,9,0,2026-09-12 01:49:32
2026-09-12 01:36:06,HACS208P,0101,Charles Harry,26,0,0,2026-09-12 01:49:33
2026-09-12 01:36:06,HACS297,0101,Sarah Herberger,25,5,0,2026-09-12 01:49:34
2026-09-12 01:36:06,HACS408E,0101,Luke Mains,30,11,0,2026-09-12 01:49:34
2026-09-12 01:36:06,HACS408L,0101,Ian Serbin,30,2,0,2026-09-12 01:49:35
2026-09-12 01:36:06,HACS408M,0101,John McGahagan,30,0,0,2026-09-12 01:49:35
2026-09-12 01:36:06,HACS498,0101,Thomas Woods,7,1,0,2026-09-12 01:49:36
2026-09-12 01:36:06,HACS498,0201,David Trott,9,0,0,2026-09-12 01:49:36
2026-09-12 01:36:06,HACS498,0301,Michel Cukier,8,0,0,2026-09-12 01:49:36
2026-09-12 01:36:06,HBUS100,0101,Jui Ramaprasad,72,4,0,2026-09-12 01:49:38
2026-09-12 01:36:06,HBUS200,0101,Nicole Coomber,60,1,0,2026-09-12 01:49:38
2026-09-12 01:36:06,HDCC105,0101,Antwon Key,70,7,0,2026-09-12 01:49:41
2026-09-12 01:36:06,HDCC201,0101,Jessica Lu,22,0,0,2026-09-12 01:49:42
2026-09-12 01:36:06,HDCC201,0201,Jessica Lu,22,0,0,2026-09-12 01:49:42
2026-09-12 01:36:06,HDCC201,0301,Jessica Lu,22,3,0,2026-09-12 01:49:42
2026-09-12 01:36:06,HDCC208A,0101,William Evans,14,0,0,2026-09-12 01:49:42
2026-09-12 01:36:06,HDCC208J,0101,Grant Bollmer,14,0,0,2026-09-12 01:49:43
2026-09-12 01:36:06,HDCC208P,0101,Cliff Bakalian,14,1,0,2026-09-12 01:49:43
2026-09-12 01:36:06,HDCC208T,0101,Jonathan Reyes,14,0,0,2026-09-12 01:49:44
2026-09-12 01:36:06,HDCC208Z,0101,M Sauter,14,7,0,2026-09-12 01:49:44
2026-09-12 01:36:06,HEBR106,0101,Avital Karpman,15,1,0,2026-09-12 01:49:47
2026-09-12 01:36:06,HEBR106,0201,Avital Karpman,15,5,0,2026-09-12 01:49:47
2026-09-12 01:36:06,HEBR206,0101,Avital Karpman,15,4,0,2026-09-12 01:49:47
2026-09-12 01:36:06,HEBR249C,0101,Aliza Sandalon,15,0,1,2026-09-12 01:49:48
2026-09-12 01:36:06,HEBR298B,0101,Matthew Suriano,25,0,0,2026-09-12 01:49:49
2026-09-12 01:36:06,HEBR313,0101,Aliza Sandalon,20,0,3,2026-09-12 01:49:50
2026-09-12 01:36:06,HGLO100,0101,Alfredo Oliveira,22,7,0,2026-09-12 01:50:12
2026-09-12 01:36:06,HGLO100,0102,Natalie Vinski Ibrahim,22,9,0,2026-09-12 01:50:12
2026-09-12 01:36:06,HGLO100,0103,Natalie Vinski Ibrahim,22,1,0,2026-09-12 01:50:12
2026-09-12 01:36:06,HGLO100,0104,Alfredo Oliveira,22,11,0,2026-09-12 01:50:12
2026-09-12 01:36:06,HGLO101,0101,Sarah Croco,23,3,0,2026-09-12 01:50:12
2026-09-12 01:36:06,HGLO101,0102,Sarah Croco,22,9,0,2026-09-12 01:50:12
2026-09-12 01:36:06,HGLO101,0103,Sarah Croco,22,5,0,2026-09-12 01:50:12
2026-09-12 01:36:06,HGLO101,0104,Sarah Croco,22,13,0,2026-09-12 01:50:12
2026-09-12 01:36:06,HGLO207,0101,Natalie Vinski Ibrahim,25,12,0,2026-09-12 01:50:13
2026-09-12 01:36:06,HGLO208,0101,Sarah Croco,45,25,0,2026-09-12 01:50:14
2026-09-12 01:36:06,HGLO298,0101,Jordan Gouws-Dewar,30,25,0,2026-09-12 01:50:14
2026-09-12 01:36:06,HLSC100,0101,Jalah Townsend,24,3,0,2026-09-12 01:51:02
2026-09-12 01:36:06,HLSC100,0102,Jalah Townsend,24,2,0,2026-09-12 01:51:02
2026-09-12 01:36:06,HLSC100,0103,Jalah Townsend,24,4,0,2026-09-12 01:51:02
2026-09-12 01:36:06,HLSC100,0104,Jalah Townsend,24,7,0,2026-09-12 01:51:02
2026-09-12 01:36:06,HLSC280,0101,Najib El-Sayed,25,3,0,2026-09-12 01:51:02
2026-09-12 01:36:06,HLSC280,0102,Najib El-Sayed,25,4,0,2026-09-12 01:51:02
2026-09-12 01:36:06,HLSC280,0103,Najib El-Sayed,25,4,0,2026-09-12 01:51:02
2026-09-12 01:36:06,HLSC280,0104,Najib El-Sayed,25,9,0,2026-09-12 01:51:02
2026-09-12 01:36:06,HLSC329,0101,Sabrina Kramer,12,4,0,2026-09-12 01:51:02
2026-09-12 01:36:06,HNUH100,0101,Robert Graham,20,3,0,2026-09-12 01:51:23
2026-09-12 01:36:06,HNUH100,0102,Robert Graham,20,0,0,2026-09-12 01:51:23
2026-09-12 01:36:06,HNUH100,0103,Brittany Proudfoot Ginder,20,1,0,2026-09-12 01:51:23
2026-09-12 01:36:06,HNUH100,0104,Max Barnewitz,20,1,0,2026-09-12 01:51:23
2026-09-12 01:36:06,HNUH100,0105,Vasfiye Toprak,20,0,0,2026-09-12 01:51:23
2026-09-12 01:36:06,HNUH100,0106,Vasfiye Toprak,20,2,0,2026-09-12 01:51:23
2026-09-12 01:36:06,HNUH100,0201,Max Barnewitz,20,1,0,2026-09-12 01:51:23
2026-09-12 01:36:06,HNUH100,0202,Max Barnewitz,20,0,0,2026-09-12 01:51:23
2026-09-12 01:36:06,HNUH100,0203,Vasfiye Toprak,20,2,0,2026-09-12 01:51:23
2026-09-12 01:36:06,HNUH100,0204,Vasfiye Toprak,20,0,0,2026-09-12 01:51:23
2026-09-12 01:36:06,HNUH100,0205,Ayondela McDole,20,4,0,2026-09-12 01:51:23
2026-09-12 01:36:06,HNUH100,0206,Ayondela McDole,20,0,0,2026-09-12 01:51:23
2026-09-12 01:36:06,HNUH100,0301,Robert Graham,20,0,0,2026-09-12 01:51:23
2026-09-12 01:36:06,HNUH100,0302,Shauna Rigaud,20,8,0,2026-09-12 01:51:23
2026-09-12 01:36:06,HNUH100,0303,Shauna Rigaud,20,0,0,2026-09-12 01:51:23
2026-09-12 01:36:06,HNUH100,0304,Max Barnewitz,20,3,0,2026-09-12 01:51:23
2026-09-12 01:36:06,HNUH100,0305,Vasfiye Toprak,20,0,0,2026-09-12 01:51:23
2026-09-12 01:36:06,HNUH100,0306,Vasfiye Toprak,20,1,0,2026-09-12 01:51:23
2026-09-12 01:36:06,HNUH100,0401,Gretchen Bella,20,0,0,2026-09-12 01:51:23
2026-09-12 01:36:06,HNUH100,0402,Gretchen Bella,20,6,0,2026-09-12 01:51:23
2026-09-12 01:36:06,HNUH100,0403,Max Barnewitz,20,1,0,2026-09-12 01:51:23
2026-09-12 01:36:06,HNUH100,0404,Ayondela McDole,20,6,0,2026-09-12 01:51:23
2026-09-12 01:36:06,HNUH100,0405,Ayondela McDole,20,0,0,2026-09-12 01:51:23
2026-09-12 01:36:06,HNUH100,0406,Ayondela McDole,20,4,0,2026-09-12 01:51:23
2026-09-12 01:36:06,HNUH100,0501,Leigha McReynolds,10,4,0,2026-09-12 01:51:23
2026-09-12 01:36:06,HNUH100,0601,Brittany Proudfoot Ginder,20,0,0,2026-09-12 01:51:23
2026-09-12 01:36:06,HNUH218D,0101,Brian Gilmore,48,0,2,2026-09-12 01:51:24
2026-09-12 01:36:06,HNUH218L,0101,Shauna Rigaud,20,0,0,2026-09-12 01:51:24
2026-09-12 01:36:06,HNUH218L,0201,Shauna Rigaud,20,0,0,2026-09-12 01:51:24
2026-09-12 01:36:06,HNUH228D,0101,Matthew McLaughlin,60,2,0,2026-09-12 01:51:24
2026-09-12 01:36:06,HNUH228L,0101,Alena Wigodner,20,0,0,2026-09-12 01:51:25
2026-09-12 01:36:06,HNUH228L,0201,Alena Wigodner,20,0,0,2026-09-12 01:51:25
2026-09-12 01:36:06,HNUH228N,0101,Peter Grybauskas,20,0,0,2026-09-12 01:51:25
2026-09-12 01:36:06,HNUH229I,0101,Gretchen Bella,23,3,0,2026-09-12 01:51:26
2026-09-12 01:36:06,HNUH238D,0101,Susan Moeller,60,3,0,2026-09-12 01:51:26
2026-09-12 01:36:06,HNUH238L,0101,Kimberly Johnson,20,2,0,2026-09-12 01:51:27
2026-09-12 01:36:06,HNUH238L,0201,Kimberly Johnson,20,0,0,2026-09-12 01:51:27
2026-09-12 01:36:06,HNUH238N,0101,Hannah Wegmann,20,6,0,2026-09-12 01:51:27
2026-09-12 01:36:06,HNUH239T,0101,Gerald Suarez,20,0,0,2026-09-12 01:51:27
2026-09-12 01:36:06,HNUH248D,0101,Juan Uriagereka,45,3,0,2026-09-12 01:51:28
2026-09-12 01:36:06,HNUH248L,0201,Robert Graham,20,5,0,2026-09-12 01:51:28
2026-09-12 01:36:06,HNUH248M,0101,Hassanatu Blake,20,13,0,2026-09-12 01:51:29
2026-09-12 01:36:06,HNUH248N,0101,Siv Lie,20,0,1,2026-09-12 01:51:29
2026-09-12 01:36:06,HNUH249P,0101,Temim Nusraty,20,2,0,2026-09-12 01:51:30
2026-09-12 01:36:06,HNUH258C,0101,Bill Fagan,55,26,0,2026-09-12 01:51:30
2026-09-12 01:36:06,HNUH258Q,0101,Tiara Thomas,20,1,0,2026-09-12 01:51:30
2026-09-12 01:36:06,HNUH259P,0101,Hooman Koliji,20,2,0,2026-09-12 01:51:31
2026-09-12 01:36:06,HNUH268C,0101,Perla Guerrero,60,35,0,2026-09-12 01:51:31
2026-09-12 01:36:06,HNUH269P,0101,Marisa Franco,20,0,1,2026-09-12 01:51:32
2026-09-12 01:36:06,HNUH278C,0101,Chinyere Osuji,60,37,0,2026-09-12 01:51:32
2026-09-12 01:36:06,HNUH278I,0101,Marisa Franco,20,5,0,2026-09-12 01:51:33
2026-09-12 01:36:06,HNUH278I,0102,Marisa Franco,20,1,0,2026-09-12 01:51:33
2026-09-12 01:36:06,HNUH278R,0101,Max Barnewitz,20,4,0,2026-09-12 01:51:33
2026-09-12 01:36:06,HNUH288C,0101,Julia Steinberg,30,3,0,2026-09-12 01:51:33
2026-09-12 01:36:06,HNUH288C,0103,Julia Steinberg,30,9,0,2026-09-12 01:51:33
2026-09-12 01:36:06,HNUH288O,0101,Ariana Nash,20,1,0,2026-09-12 01:51:34
2026-09-12 01:36:06,HNUH300,0301,Vasfiye Toprak,20,0,0,2026-09-12 01:51:34
2026-09-12 01:36:06,HNUH300,0401,Robert Graham,20,0,0,2026-09-12 01:51:34
2026-09-12 01:36:06,HNUH300,0601,Alena Wigodner,20,0,0,2026-09-12 01:51:34
2026-09-12 01:36:06,HNUH300,0701,Ingrid Satelmajer,20,14,0,2026-09-12 01:51:34
2026-09-12 01:36:06,HNUH300,0801,Shauna Rigaud,20,0,0,2026-09-12 01:51:34
2026-09-12 01:36:06,HNUH300,0901,Kimberly Johnson,20,4,0,2026-09-12 01:51:34
2026-09-12 01:36:06,HNUH300,1001,Ingrid Satelmajer,20,13,0,2026-09-12 01:51:34
2026-09-12 01:36:06,HNUH318T,0101,Peter Owen,24,1,0,2026-09-12 01:51:35
2026-09-12 01:36:06,HNUH319T,0101,Emily Shetty,22,0,0,2026-09-12 01:51:35
2026-09-12 01:36:06,HNUH328T,0101,Woodie Kessel,24,2,0,2026-09-12 01:51:36
2026-09-12 01:36:06,HNUH329T,0101,Rob Long,20,1,0,2026-09-12 01:51:36
2026-09-12 01:36:06,HNUH338T,0101,Andrew Fausett,22,2,0,2026-09-12 01:51:36
2026-09-12 01:36:06,HNUH348T,0101,Ed Fendley,22,1,0,2026-09-12 01:51:37
2026-09-12 01:36:06,HNUH358T,0101,Sean Misko,22,1,0,2026-09-12 01:51:37
2026-09-12 01:36:06,HNUH359T,0101,Amanda Schoch,20,0,0,2026-09-12 01:51:38
2026-09-12 01:36:06,HNUH368T,0101,Nadia Farra,21,0,0,2026-09-12 01:51:38
2026-09-12 01:36:06,HNUH369T,0101,Andrew Nissen,20,2,0,2026-09-12 01:51:39
2026-09-12 01:36:06,HNUH378T,0101,Joshua Glasser,20,0,0,2026-09-12 01:51:39
2026-09-12 01:36:06,HNUH398P,0101,Jayakumar Arasan,25,21,0,2026-09-12 01:51:39
2026-09-12 01:36:06,HNUH398P,0201,Jayakumar Arasan,5,2,0,2026-09-12 01:51:39
2026-09-12 01:36:06,HNUH398T,0101,Sasha Koo-Oshima,20,3,0,2026-09-12 01:51:40
2026-09-12 01:36:06,HONR368A,0101,Blake Wilder,22,0,0,2026-09-12 01:51:42
2026-09-12 01:36:06,IMDM101,0101,Mollye Bendell,30,16,0,2026-09-12 01:51:47
2026-09-12 01:36:06,IMDM101,0201,Myungin Lee,30,17,0,2026-09-12 01:51:47
2026-09-12 01:36:06,IMDM101,0301,Myungin Lee,30,23,0,2026-09-12 01:51:47
2026-09-12 01:36:06,IMDM127,0101,Roger Eastman,36,20,0,2026-09-12 01:51:48
2026-09-12 01:36:06,IMDM150,0101,Stefano Passeri,30,15,0,2026-09-12 01:51:48
2026-09-12 01:36:06,IMDM227,0101,Stevens Miller,30,2,0,2026-09-12 01:51:48
2026-09-12 01:36:06,IMDM227,0201,Stevens Miller,30,17,0,2026-09-12 01:51:48
2026-09-12 01:36:06,IMDM327,0101,Myungin Lee,25,0,0,2026-09-12 01:51:49
2026-09-12 01:36:06,IMDM350,0101,Jason Farman,29,12,0,2026-09-12 01:51:49
2026-09-12 01:36:06,IMDM490,0101,Matthew Nolan,30,0,0,2026-09-12 01:51:50
2026-09-12 01:36:06,IMDM490,0201,Matthew Nolan,30,16,0,2026-09-12 01:51:50
2026-09-12 01:36:06,IMDM498K,0101,Matthew Nolan,15,1,0,2026-09-12 01:51:51
2026-09-12 01:36:06,IMMR319D,0101,Beka Guluma,20,13,0,2026-09-12 01:51:53
2026-09-12 01:36:06,IMMR394,0101,Wenxi Yang,30,2,0,2026-09-12 01:51:53
2026-09-12 01:36:06,IMMR399,0101,Instructor: TBA,2,2,0,2026-09-12 01:51:54
2026-09-12 01:36:06,IMMR400,0101,Gerson Rosales,20,3,0,2026-09-12 01:51:54
2026-09-12 01:36:06,ISRL249J,0101,Aner Tal,30,24,0,2026-09-12 01:52:10
2026-09-12 01:36:06,ISRL249M,0101,Aliza Sandalon,15,0,1,2026-09-12 01:52:10
2026-09-12 01:36:06,ISRL283,0101,Shay Hazkani,35,6,0,2026-09-12 01:52:10
2026-09-12 01:36:06,ISRL349G,0101,Marwa Maziad,30,1,0,2026-09-12 01:52:11
2026-09-12 01:36:06,ISRL349K,0101,Regev Ben-David,30,24,0,2026-09-12 01:52:11
2026-09-12 01:36:06,ISRL349T,0101,Elli Lieberman,35,22,0,2026-09-12 01:52:12
2026-09-12 01:36:06,ISRL349Y,0101,Adina Friedman,35,27,0,2026-09-12 01:52:12
2026-09-12 01:36:06,ISRL382,0101,Ilai Saltzman,35,1,0,2026-09-12 01:52:13
2026-09-12 01:36:06,ISRL448R,0101,Morad Elsana,25,10,0,2026-09-12 01:52:13
2026-09-12 01:36:06,ITAL103,0101,Antonella D'Amario,18,14,0,2026-09-12 01:52:15
2026-09-12 01:36:06,ITAL103,0201,Antonella D'Amario,18,6,0,2026-09-12 01:52:15
2026-09-12 01:36:06,ITAL103,0301,Joseph Falvo,18,6,0,2026-09-12 01:52:15
2026-09-12 01:36:06,ITAL203,0101,Antonella D'Amario,18,9,0,2026-09-12 01:52:15
2026-09-12 01:36:06,ITAL203,0201,Antonella D'Amario,18,13,0,2026-09-12 01:52:15
2026-09-12 01:36:06,ITAL204,0101,Federica Soddu,18,14,0,2026-09-12 01:52:16
2026-09-12 01:36:06,ITAL207,0101,Mirella Vaglio,18,17,0,2026-09-12 01:52:16
2026-09-12 01:36:06,ITAL301,0101,Federica Soddu,20,11,0,2026-09-12 01:52:16
2026-09-12 01:36:06,ITAL362,0101,Federica Soddu,20,12,0,2026-09-12 01:52:17
2026-09-12 01:36:06,ITAL401,0101,Mirella Vaglio,15,12,0,2026-09-12 01:52:18
2026-09-12 01:36:06,ITAL421,0101,Joseph Falvo,25,14,0,2026-09-12 01:52:19
2026-09-12 01:36:06,ITAL478R,0101,Joseph Falvo,5,3,0,2026-09-12 01:52:19
2026-09-12 01:36:06,JAPN101,0101,Kumiko Akikawa,15,4,0,2026-09-12 01:52:21
2026-09-12 01:36:06,JAPN101,0201,Kumiko Akikawa,15,6,0,2026-09-12 01:52:21
2026-09-12 01:36:06,JAPN101,0301,Kumiko Akikawa,15,5,0,2026-09-12 01:52:21
2026-09-12 01:36:06,JAPN201,0101,Makiko Inoue,15,5,0,2026-09-12 01:52:22
2026-09-12 01:36:06,JAPN201,0201,Makiko Inoue,15,8,0,2026-09-12 01:52:22
2026-09-12 01:36:06,JAPN301,0101,Mari Hamada,15,9,0,2026-09-12 01:52:22
2026-09-12 01:36:06,JAPN311,0101,Jyana Browne,15,11,0,2026-09-12 01:52:22
2026-09-12 01:36:06,JAPN315,0101,Michele Mason,20,6,0,2026-09-12 01:52:23
2026-09-12 01:36:06,JAPN320,0101,Lindsay Yotsukura,15,8,0,2026-09-12 01:52:23
2026-09-12 01:36:06,JAPN498B,0101,Jyana Browne,20,3,0,2026-09-12 01:52:24
2026-09-12 01:36:06,KORA101,0101,Saerom Kwak,15,0,1,2026-09-12 01:53:24
2026-09-12 01:36:06,KORA101,0201,Saerom Kwak,15,1,0,2026-09-12 01:53:24
2026-09-12 01:36:06,KORA101,0301,Saerom Kwak,15,5,0,2026-09-12 01:53:24
2026-09-12 01:36:06,KORA101,0401,Saerom Kwak,15,5,0,2026-09-12 01:53:24
2026-09-12 01:36:06,KORA201,0101,Seong Minne Koh,15,4,0,2026-09-12 01:53:24
2026-09-12 01:36:06,KORA201,0201,Seong Minne Koh,15,5,0,2026-09-12 01:53:24
2026-09-12 01:36:06,KORA201,0301,Seong Minne Koh,15,8,0,2026-09-12 01:53:24
2026-09-12 01:36:06,KORA398G,0101,Instructor: TBA,10,7,0,2026-09-12 01:53:25
2026-09-12 01:36:06,KORA398W,0101,Seong Minne Koh,10,3,0,2026-09-12 01:53:25
2026-09-12 01:36:06,LEAD217,0101,Festus Ainoo,25,0,0,2026-09-12 01:53:54
2026-09-12 01:36:06,LEAD217,0201,Adrian Bitton,25,0,0,2026-09-12 01:53:54
2026-09-12 01:36:06,LEAD217,FC01,Festus Ainoo,22,0,1,2026-09-12 01:53:54
2026-09-12 01:36:06,LEAD305,0101,Anastasia Lavrenyuk,20,4,0,2026-09-12 01:53:54
2026-09-12 01:36:06,LEAD315,0101,Anastasia Lavrenyuk,25,11,0,2026-09-12 01:53:55
2026-09-12 01:36:06,LEAD320,0101,Courtney Holder,10,8,0,2026-09-12 01:53:55
2026-09-12 01:36:06,LGBT200,0201,Basanth Babu,25,0,3,2026-09-12 01:53:57
2026-09-12 01:36:06,LGBT265,0101,Tyra Griffin,30,0,0,2026-09-12 01:53:58
2026-09-12 01:36:06,LGBT265,0201,Declan Langton,30,2,0,2026-09-12 01:53:58
2026-09-12 01:36:06,LGBT359J,0101,Chris Eng,25,14,0,2026-09-12 01:53:58
2026-09-12 01:36:06,MLAW100,0101,Christine White,83,15,0,2026-09-12 01:54:49
2026-09-12 01:36:06,MLAW304,0201,Christine White,65,16,0,2026-09-12 01:54:50
2026-09-12 01:36:06,MLAW305,0101,Brian Gilmore,40,2,0,2026-09-12 01:54:50
2026-09-12 01:36:06,MLAW315,0101,Grace Benton,13,3,0,2026-09-12 01:54:51
2026-09-12 01:36:06,MLAW358Q,0101,David Cunningham,0,0,0,2026-09-12 01:54:51
2026-09-12 01:36:06,MLAW358T,0101,Christine White,25,6,0,2026-09-12 01:54:51
2026-09-12 01:36:06,MLAW358X,0101,Martin Kobren,5,0,0,2026-09-12 01:54:52
2026-09-12 01:36:06,MLAW359,0101,Brandee Pettus,10,4,0,2026-09-12 01:54:52
2026-09-12 01:36:06,MLAW378E,0101,Brandee Pettus,5,5,0,2026-09-12 01:54:53
2026-09-12 01:36:06,MLAW378K,0101,Brian Gilmore,20,1,0,2026-09-12 01:54:53
2026-09-12 01:36:06,MLAW378Q,0101,Paul Huth,2,0,0,2026-09-12 01:54:54
2026-09-12 01:36:06,MLAW378R,0101,Nancy Schertzing,13,2,0,2026-09-12 01:54:54
2026-09-12 01:36:06,MLAW388,0101,Brandee Pettus,40,20,0,2026-09-12 01:54:55
2026-09-12 01:36:06,MLSC250,FC01,William Simpson,24,4,0,2026-09-12 01:54:56
2026-09-12 01:36:06,NEUR200,0101,Ana Navarro Cebrian,80,3,0,2026-09-12 01:55:22
2026-09-12 01:36:06,NEUR200,0201,Ana Navarro Cebrian,80,0,1,2026-09-12 01:55:22
2026-09-12 01:36:06,NEUR200,0301,Evan Hart,80,0,0,2026-09-12 01:55:22
2026-09-12 01:36:06,NEUR305,0101,Amanda Chicoli,100,10,0,2026-09-12 01:55:23
2026-09-12 01:36:06,NEUR306,0101,Chan Lin,200,7,0,2026-09-12 01:55:23
2026-09-12 01:36:06,NEUR398H,0101,Nikolas Francis,20,1,0,2026-09-12 01:55:25
2026-09-12 01:36:06,NEUR405,0101,Hilary Bierman,20,1,0,2026-09-12 01:55:25
2026-09-12 01:36:06,NEUR405,0102,Hilary Bierman,20,0,0,2026-09-12 01:55:25
2026-09-12 01:36:06,NEUR405,0103,Hilary Bierman,20,0,0,2026-09-12 01:55:25
2026-09-12 01:36:06,PEER312,0101,Aleia Gardner,15,8,0,2026-09-12 01:55:43
2026-09-12 01:36:06,PEER318,0101,Christina Jay,15,11,0,2026-09-12 01:55:44
2026-09-12 01:36:06,PEER319,0101,Grace Boudreau,15,7,0,2026-09-12 01:55:44
2026-09-12 01:36:06,PHPE308D,0101,Xinzhi Zhao,30,8,0,2026-09-12 01:56:04
2026-09-12 01:36:06,PHPE308F,0101,Regev Ben-David,30,24,0,2026-09-12 01:56:04
2026-09-12 01:36:06,PHPE308O,0101,Jackson Iszler,30,0,0,2026-09-12 01:56:05
2026-09-12 01:36:06,PHPE308T,0101,Hallie Liberto,30,17,0,2026-09-12 01:56:05
2026-09-12 01:36:06,PHPE308Y,0101,Rachel Singpurwalla,20,0,1,2026-09-12 01:56:06
2026-09-12 01:36:06,PHPE308Y,0102,Rachel Singpurwalla,20,0,2,2026-09-12 01:56:06
2026-09-12 01:36:06,PHPE308Y,0103,Rachel Singpurwalla,20,0,3,2026-09-12 01:56:06
2026-09-12 01:36:06,PHPE400,0101,Justin Helms,18,0,0,2026-09-12 01:56:07
2026-09-12 01:36:06,PHPE400,0102,Justin Helms,18,1,0,2026-09-12 01:56:07
2026-09-12 01:36:06,PHPE400,0103,Justin Helms,20,1,0,2026-09-12 01:56:07
2026-09-12 01:36:06,PHPE401,0101,Xinzhi Zhao,25,0,4,2026-09-12 01:56:07
2026-09-12 01:36:06,PHPE402,0101,Dan Moller,30,2,0,2026-09-12 01:56:07
2026-09-12 01:36:06,PHPE408J,0101,Lixing Miao,25,1,0,2026-09-12 01:56:08
2026-09-12 01:36:06,PHPE408R,0101,Xinzhi Zhao,25,8,0,2026-09-12 01:56:08
2026-09-12 01:36:06,PHSC388J,0101,Kendall Bustad,20,6,0,2026-09-12 01:56:10
2026-09-12 01:36:06,PHSC399,0101,Shannon Edward,30,8,0,2026-09-12 01:56:11
2026-09-12 01:36:06,PHSC415,0101,Jessica O'Hara,31,0,1,2026-09-12 01:56:11
2026-09-12 01:36:06,PHSC415,0102,Jessica O'Hara,31,0,1,2026-09-12 01:56:11
2026-09-12 01:36:06,PHSC415,0103,Jessica O'Hara,31,0,1,2026-09-12 01:56:11
2026-09-12 01:36:06,PHSC415,0104,Jessica O'Hara,31,2,0,2026-09-12 01:56:11
2026-09-12 01:36:06,PHSC415,0105,Jessica O'Hara,31,2,0,2026-09-12 01:56:11
2026-09-12 01:36:06,PHSC420,0101,Jennifer German,35,4,0,2026-09-12 01:56:12
2026-09-12 01:36:06,PHSC450,0101,Kendall Bustad,20,0,0,2026-09-12 01:56:12
2026-09-12 01:36:06,PHSC450,0102,Kendall Bustad,20,0,0,2026-09-12 01:56:12
2026-09-12 01:36:06,PHSC450,0103,Kendall Bustad,20,0,0,2026-09-12 01:56:12
2026-09-12 01:36:06,PHSC450,0104,Kendall Bustad,20,1,0,2026-09-12 01:56:12
2026-09-12 01:36:06,PHSC450,0105,Kendall Bustad,20,0,0,2026-09-12 01:56:12
2026-09-12 01:36:06,PHSC450,0106,Kendall Bustad,20,0,0,2026-09-12 01:56:12
2026-09-12 01:36:06,PHSC450,0107,Kendall Bustad,20,1,0,2026-09-12 01:56:12
2026-09-12 01:36:06,PHSC450,0108,Kendall Bustad,20,0,0,2026-09-12 01:56:12
2026-09-12 01:36:06,PHSC497,0101,Kendall Bustad,20,2,0,2026-09-12 01:56:13
2026-09-12 01:36:06,PHSC497,0301,Shannon Edward,20,3,0,2026-09-12 01:56:13
2026-09-12 01:36:06,PHSC497,0601,Jennifer German,20,3,0,2026-09-12 01:56:13
2026-09-12 01:36:06,PLCY100,0101,Toby Egan,25,0,1,2026-09-12 01:56:49
2026-09-12 01:36:06,PLCY100,0102,Toby Egan,25,0,0,2026-09-12 01:56:49
2026-09-12 01:36:06,PLCY100,0103,Toby Egan,25,0,0,2026-09-12 01:56:49
2026-09-12 01:36:06,PLCY100,0104,Toby Egan,25,1,0,2026-09-12 01:56:49
2026-09-12 01:36:06,PLCY100,0201,Namrta Sharma,25,12,0,2026-09-12 01:56:49
2026-09-12 01:36:06,PLCY100,0202,Namrta Sharma,25,15,0,2026-09-12 01:56:49
2026-09-12 01:36:06,PLCY100,0203,Namrta Sharma,25,1,0,2026-09-12 01:56:49
2026-09-12 01:36:06,PLCY100,0204,Namrta Sharma,25,10,0,2026-09-12 01:56:49
2026-09-12 01:36:06,PLCY101,0101,Robert Sprinkle,75,0,0,2026-09-12 01:56:49
2026-09-12 01:36:06,PLCY170,0101,Joshua Itzkowitz Shifrinson,20,1,0,2026-09-12 01:56:50
2026-09-12 01:36:06,PLCY170,0102,Joshua Itzkowitz Shifrinson,20,1,0,2026-09-12 01:56:50
2026-09-12 01:36:06,PLCY170,0103,Joshua Itzkowitz Shifrinson,20,1,0,2026-09-12 01:56:50
2026-09-12 01:36:06,PLCY170,0104,Joshua Itzkowitz Shifrinson,20,0,0,2026-09-12 01:56:50
2026-09-12 01:36:06,PLCY170,0105,Joshua Itzkowitz Shifrinson,20,2,0,2026-09-12 01:56:50
2026-09-12 01:36:06,PLCY170,0106,Joshua Itzkowitz Shifrinson,25,2,0,2026-09-12 01:56:50
2026-09-12 01:36:06,PLCY172,0101,Caroline Ritter,95,32,0,2026-09-12 01:56:50
2026-09-12 01:36:06,PLCY200,0101,Shanna Pearson-Merkowitz,35,0,0,2026-09-12 01:56:51
2026-09-12 01:36:06,PLCY200,0201,Shanna Pearson-Merkowitz,35,1,0,2026-09-12 01:56:51
2026-09-12 01:36:06,PLCY200,0301,Namrta Sharma,35,0,1,2026-09-12 01:56:51
2026-09-12 01:36:06,PLCY201,0101,Julio Guzman,70,0,0,2026-09-12 01:56:51
2026-09-12 01:36:06,PLCY201,0201,Gregory Ramsay,60,0,0,2026-09-12 01:56:51
2026-09-12 01:36:06,PLCY201,FC01,Anne Kaiser,32,0,0,2026-09-12 01:56:51
2026-09-12 01:36:06,PLCY201,FC02,Anne Kaiser,32,6,0,2026-09-12 01:56:51
2026-09-12 01:36:06,PLCY201S,0101,Susannah Washburn,80,4,0,2026-09-12 01:56:51
2026-09-12 01:36:06,PLCY203,0101,Thomas Hilde,60,9,0,2026-09-12 01:56:52
2026-09-12 01:36:06,PLCY203,0201,Anne Kaiser,60,38,0,2026-09-12 01:56:52
2026-09-12 01:36:06,PLCY213,0201,Claire Dunning,40,3,0,2026-09-12 01:56:52
2026-09-12 01:36:06,PLCY214,0101,Patricia Bory,65,20,0,2026-09-12 01:56:53
2026-09-12 01:36:06,PLCY240,0101,Timothy Reedy,30,0,0,2026-09-12 01:56:53
2026-09-12 01:36:06,PLCY288K,0101,CHRISTIAN OSTERMANN,25,1,0,2026-09-12 01:56:54
2026-09-12 01:36:06,PLCY300,0101,Alana Hackshaw,45,0,3,2026-09-12 01:56:54
2026-09-12 01:36:06,PLCY300,0201,Namrta Sharma,45,28,0,2026-09-12 01:56:54
2026-09-12 01:36:06,PLCY301,0101,Caroline Boules,165,2,0,2026-09-12 01:56:54
2026-09-12 01:36:06,PLCY302,0101,Niambi Carter,40,2,0,2026-09-12 01:56:55
2026-09-12 01:36:06,PLCY302,0201,Ebonie Johnson Cooper,40,0,0,2026-09-12 01:56:55
2026-09-12 01:36:06,PLCY302,0301,Lindsay Dieudonne,40,0,1,2026-09-12 01:56:55
2026-09-12 01:36:06,PLCY303,0101,Juan Martinez Guzman,40,3,0,2026-09-12 01:56:55
2026-09-12 01:36:06,PLCY304,0101,Michael Busse,40,11,0,2026-09-12 01:56:56
2026-09-12 01:36:06,PLCY304,0201,Michael Busse,40,12,0,2026-09-12 01:56:56
2026-09-12 01:36:06,PLCY309,0101,Martin Sanders,30,16,0,2026-09-12 01:56:56
2026-09-12 01:36:06,PLCY310,0101,Selvon Waldron,35,16,0,2026-09-12 01:56:56
2026-09-12 01:36:06,PLCY313,0101,Gerard Evans,100,3,0,2026-09-12 01:56:57
2026-09-12 01:36:06,PLCY371,0101,Joshua Itzkowitz Shifrinson,35,0,0,2026-09-12 01:56:57
2026-09-12 01:36:06,PLCY380,0101,Isabel O'Malley,40,8,0,2026-09-12 01:56:58
2026-09-12 01:36:06,PLCY380,ESG1,Kisha McNeill,30,0,0,2026-09-12 01:56:58
2026-09-12 01:36:06,PLCY388A,0101,Brandi Onowu,40,8,0,2026-09-12 01:56:58
2026-09-12 01:36:06,PLCY388N,0101,Nina Harris,25,2,0,2026-09-12 01:56:59
2026-09-12 01:36:06,PLCY390,0101,Lena Andrews,20,0,0,2026-09-12 01:56:59
2026-09-12 01:36:06,PLCY399B,0101,Beatrice DeBelen,30,19,0,2026-09-12 01:56:59
2026-09-12 01:36:06,PLCY400,0101,Patricia Bory,25,1,0,2026-09-12 01:57:01
2026-09-12 01:36:06,PLCY401,0101,Anand Patwardhan,20,5,0,2026-09-12 01:57:01
2026-09-12 01:36:06,PLCY401,0201,Tracy Thompson,20,0,0,2026-09-12 01:57:01
2026-09-12 01:36:06,PLCY401,0301,David Mussington,20,9,0,2026-09-12 01:57:01
2026-09-12 01:36:06,PLCY490,0101,Michael Woldemariam,15,2,0,2026-09-12 01:57:02
2026-09-12 01:36:06,PLCY492,0101,Steve Fetter,20,1,0,2026-09-12 01:57:02
2026-09-12 01:36:06,PLCY610,0201,Alec Worsnop,40,9,0,2026-09-12 01:57:02
2026-09-12 01:36:06,PLCY630,0101,Catherine Worsnop,25,2,0,2026-09-12 01:57:03
2026-09-12 01:36:06,PLCY630,0201,Catherine Worsnop,25,3,0,2026-09-12 01:57:03
2026-09-12 01:36:06,PLCY631,0101,Cullen Merritt,25,0,0,2026-09-12 01:57:03
2026-09-12 01:36:06,PLCY640,0201,Thomas Spreen,30,5,0,2026-09-12 01:57:04
2026-09-12 01:36:06,PLCY641,0101,Tyler Kustra,30,2,0,2026-09-12 01:57:04
2026-09-12 01:36:06,PLCY641,0201,Tyler Kustra,30,10,0,2026-09-12 01:57:04
2026-09-12 01:36:06,PLCY670,0101,Philip Joyce,30,0,0,2026-09-12 01:57:05
2026-09-12 01:36:06,PLCY680,0101,Claire Dunning,25,0,0,2026-09-12 01:57:05
2026-09-12 01:36:06,PLCY680,0201,Michael Woldemariam,25,5,0,2026-09-12 01:57:05
2026-09-12 01:36:06,PLCY688C,0101,Charles Harry,20,10,0,2026-09-12 01:57:05
2026-09-12 01:36:06,PLCY688F,PWL1,Nekeya O'Connor,20,0,0,2026-09-12 01:57:06
2026-09-12 01:36:06,PLCY688P,0101,Steve Fetter,10,1,0,2026-09-12 01:57:06
2026-09-12 01:36:06,PLCY688Z,0101,Brandi Onowu,20,5,0,2026-09-12 01:57:07
2026-09-12 01:36:06,PLCY689E,0101,Susan Parker,20,0,0,2026-09-12 01:57:07
2026-09-12 01:36:06,PLCY690,0110,David Mussington,15,3,0,2026-09-12 01:57:08
2026-09-12 01:36:06,PLCY690,0120,Margaret Brindle,15,2,0,2026-09-12 01:57:08
2026-09-12 01:36:06,PLCY690,0130,Douglas Call,15,0,0,2026-09-12 01:57:08
2026-09-12 01:36:06,PLCY690,0150,Paul Brown,15,1,0,2026-09-12 01:57:08
2026-09-12 01:36:06,PLCY690,0170,James Stillwell,15,0,0,2026-09-12 01:57:08
2026-09-12 01:36:06,PLCY698T,0101,Elizabeth Duke,20,7,0,2026-09-12 01:57:08
2026-09-12 01:36:06,PLCY699L,0101,Michael Woldemariam,10,1,0,2026-09-12 01:57:08
2026-09-12 01:36:06,PLCY720,0101,Nancy Gallagher,20,2,0,2026-09-12 01:57:09
2026-09-12 01:36:06,PLCY734,0101,Niambi Carter,20,0,0,2026-09-12 01:57:09
2026-09-12 01:36:06,PLCY735,0101,Robert Sprinkle,20,7,0,2026-09-12 01:57:10
2026-09-12 01:36:06,PLCY741,0101,Anand Patwardhan,20,7,0,2026-09-12 01:57:11
2026-09-12 01:36:06,PLCY742,0101,Thomas Hilde,20,8,0,2026-09-12 01:57:11
2026-09-12 01:36:06,PLCY780,0101,Robert Orr,20,0,0,2026-09-12 01:57:11
2026-09-12 01:36:06,PLCY781,0101,Julio Guzman,20,2,0,2026-09-12 01:57:12
2026-09-12 01:36:06,PLCY783,0101,Margaret Brindle,20,7,0,2026-09-12 01:57:12
2026-09-12 01:36:06,PLCY798F,PWL1,William Nolte,25,18,0,2026-09-12 01:57:13
2026-09-12 01:36:06,PLCY798V,0101,Shanna Pearson-Merkowitz,12,0,0,2026-09-12 01:57:14
2026-09-12 01:36:06,PLCY798W,0101,Martin Sanders,10,9,0,2026-09-12 01:57:15
2026-09-12 01:36:06,PLCY798Y,PWL1,Jeffrey Franco,25,0,0,2026-09-12 01:57:15
2026-09-12 01:36:06,PLCY798Z,0101,Peter Reuter,12,0,0,2026-09-12 01:57:16
2026-09-12 01:36:06,PLSC112,0101,Samuel Daramola,100,10,0,2026-09-12 01:57:21
2026-09-12 01:36:06,PLSC113,0101,Samuel Daramola,24,2,0,2026-09-12 01:57:23
2026-09-12 01:36:06,PLSC113,0102,Samuel Daramola,24,5,0,2026-09-12 01:57:23
2026-09-12 01:36:06,PLSC113,0103,Samuel Daramola,24,12,0,2026-09-12 01:57:23
2026-09-12 01:36:06,PLSC113,0104,Samuel Daramola,24,9,0,2026-09-12 01:57:23
2026-09-12 01:36:06,PLSC115,0101,Shirley Micallef,24,1,0,2026-09-12 01:57:23
2026-09-12 01:36:06,PLSC201,0101,Pierre Jacob,42,15,0,2026-09-12 01:57:23
2026-09-12 01:36:06,PLSC203,0101,Vijay Tiwari,23,17,0,2026-09-12 01:57:24
2026-09-12 01:36:06,PLSC205,0101,Mark Carroll,22,1,0,2026-09-12 01:57:24
2026-09-12 01:36:06,PLSC206,0101,Pierre Jacob,21,8,0,2026-09-12 01:57:25
2026-09-12 01:36:06,PLSC206,0102,Pierre Jacob,21,7,0,2026-09-12 01:57:25
2026-09-12 01:36:06,PLSC253,0101,Karen Petroff,24,1,0,2026-09-12 01:57:25
2026-09-12 01:36:06,PLSC253,0102,Karen Petroff,24,5,0,2026-09-12 01:57:25
2026-09-12 01:36:06,PLSC389,0101,Craig Beyrouty,17,17,0,2026-09-12 01:57:25
2026-09-12 01:36:06,PLSC402,0101,Geoffrey Rinehart,10,3,0,2026-09-12 01:57:26
2026-09-12 01:36:06,PLSC404,0101,Yiping Qi,20,11,0,2026-09-12 01:57:27
2026-09-12 01:36:06,PLSC420,0101,Nidhi Rawat,18,5,0,2026-09-12 01:57:27
2026-09-12 01:36:06,PLSC420,0102,Nidhi Rawat,18,12,0,2026-09-12 01:57:27
2026-09-12 01:36:06,PLSC433,0101,Diana Cochran,10,2,0,2026-09-12 01:57:28
2026-09-12 01:36:06,PLSC453,0101,Samuel Daramola,24,1,0,2026-09-12 01:57:28
2026-09-12 01:36:06,PLSC471,0101,Juanita Choo,20,0,0,2026-09-12 01:57:28
2026-09-12 01:36:06,PLSC476,0101,Maile Neel,23,19,0,2026-09-12 01:57:29
2026-09-12 01:36:06,PLSC608,0101,Shunyuan Xiao,20,13,0,2026-09-12 01:57:29
2026-09-12 01:36:06,PORT103,0101,Parker Brookie,15,6,0,2026-09-12 01:57:32
2026-09-12 01:36:06,PORT205,0101,Parker Brookie,15,4,0,2026-09-12 01:57:33
2026-09-12 01:36:06,PORT332,0101,Parker Brookie,25,0,0,2026-09-12 01:57:33
2026-09-12 01:36:06,RELS120,0101,Antoine Borrut,40,8,0,2026-09-12 01:58:13
2026-09-12 01:36:06,RELS170,0101,Chiara Graf,21,0,0,2026-09-12 01:58:13
2026-09-12 01:36:06,RELS170,0102,Chiara Graf,21,0,0,2026-09-12 01:58:13
2026-09-12 01:36:06,RELS170,0103,Chiara Graf,21,0,0,2026-09-12 01:58:13
2026-09-12 01:36:06,RELS170,0104,Chiara Graf,21,1,0,2026-09-12 01:58:13
2026-09-12 01:36:06,RELS170,0105,Chiara Graf,21,0,0,2026-09-12 01:58:13
2026-09-12 01:36:06,RELS170,0106,Chiara Graf,21,0,0,2026-09-12 01:58:13
2026-09-12 01:36:06,RELS170,0107,Chiara Graf,21,0,0,2026-09-12 01:58:13
2026-09-12 01:36:06,RELS170,0108,Chiara Graf,21,1,0,2026-09-12 01:58:13
2026-09-12 01:36:06,RELS170,0109,Chiara Graf,22,0,0,2026-09-12 01:58:13
2026-09-12 01:36:06,RELS171,0101,Maxine Grossman,40,8,0,2026-09-12 01:58:14
2026-09-12 01:36:06,RELS219K,0101,Shay Hazkani,40,33,0,2026-09-12 01:58:14
2026-09-12 01:36:06,RELS225,0101,Stephanie Cooper,25,3,0,2026-09-12 01:58:15
2026-09-12 01:36:06,RELS273,0101,Hayim Lapin,23,0,0,2026-09-12 01:58:15
2026-09-12 01:36:06,RELS273,0102,Hayim Lapin,23,3,0,2026-09-12 01:58:15
2026-09-12 01:36:06,RELS273,0103,Hayim Lapin,23,1,0,2026-09-12 01:58:15
2026-09-12 01:36:06,RELS274,0101,Matthew Suriano,20,0,0,2026-09-12 01:58:15
2026-09-12 01:36:06,RELS274,0102,Matthew Suriano,20,0,1,2026-09-12 01:58:15
2026-09-12 01:36:06,RELS274,0103,Matthew Suriano,20,0,1,2026-09-12 01:58:15
2026-09-12 01:36:06,RELS274,0104,Matthew Suriano,20,0,0,2026-09-12 01:58:15
2026-09-12 01:36:06,RELS319D,0101,Nathan Levine,35,26,0,2026-09-12 01:58:16
2026-09-12 01:36:06,RELS319Z,0101,Regev Ben-David,30,26,0,2026-09-12 01:58:16
2026-09-12 01:36:06,RELS341,0101,Janna Bianchini,30,0,0,2026-09-12 01:58:17
2026-09-12 01:36:06,RUSS101,0101,Inna Hardman,15,6,0,2026-09-12 01:58:19
2026-09-12 01:36:06,RUSS101,0201,Inna Hardman,15,6,0,2026-09-12 01:58:19
2026-09-12 01:36:06,RUSS201,0101,Zhanna Gerus-Vernola,15,8,0,2026-09-12 01:58:19
2026-09-12 01:36:06,RUSS301,0101,Izolda Savenkova,15,5,0,2026-09-12 01:58:20
2026-09-12 01:36:06,RUSS321,0101,Elizabeth Papazian,15,5,0,2026-09-12 01:58:20
2026-09-12 01:36:06,RUSS334,0101,Elizabeth Papazian,25,0,0,2026-09-12 01:58:21
2026-09-12 01:36:06,RUSS404,0101,Izolda Savenkova,15,1,0,2026-09-12 01:58:22
2026-09-12 01:36:06,SDSB123,0101,Brian Kim,40,7,0,2026-09-12 01:58:24
2026-09-12 01:36:06,SDSB180,0101,Brian Kim,180,126,0,2026-09-12 01:58:24
2026-09-12 01:36:06,SDSB233,0101,Jacob Coutts,25,1,0,2026-09-12 01:58:25
2026-09-12 01:36:06,SDSB233,0102,Jacob Coutts,25,10,0,2026-09-12 01:58:25
2026-09-12 01:36:06,SDSB233,0103,Jacob Coutts,25,9,0,2026-09-12 01:58:25
2026-09-12 01:36:06,SDSB326,0101,Jacob Coutts,50,31,0,2026-09-12 01:58:25
2026-09-12 01:36:06,SDSB340,0101,Neil Lund,40,0,0,2026-09-12 01:58:26
2026-09-12 01:36:06,SDSI414,0201,Maria Krupenkin,34,15,0,2026-09-12 01:58:27
2026-09-12 01:36:06,SDSI414,0202,Maria Krupenkin,34,0,0,2026-09-12 01:58:27
2026-09-12 01:36:06,SDSI492,0101,TJ Rainsford,50,8,0,2026-09-12 01:58:28
2026-09-12 01:36:06,SDSI492,0103,Mary Ann Francis,40,0,3,2026-09-12 01:58:28
2026-09-12 01:36:06,SDSI492,0104,TJ Rainsford,50,0,0,2026-09-12 01:58:28
2026-09-12 01:36:06,SDSI492,0106,Jesse Klein,50,0,6,2026-09-12 01:58:28
2026-09-12 01:36:06,SDSI492,0107,Connie Siebold,40,0,3,2026-09-12 01:58:28
2026-09-12 01:36:06,SDSI492,0110,Patrick Thornton,50,29,0,2026-09-12 01:58:28
2026-09-12 01:36:06,SLLC108I,0101,Instructor: TBA,5,4,0,2026-09-12 01:58:32
2026-09-12 01:36:06,SLLC108J,0101,Instructor: TBA,5,5,0,2026-09-12 01:58:32
2026-09-12 01:36:06,SLLC108W,0101,Instructor: TBA,5,4,0,2026-09-12 01:58:32
2026-09-12 01:36:06,SLLC118A,0101,Sean Pue,10,4,0,2026-09-12 01:58:33
2026-09-12 01:36:06,SLLC200,0101,Chris Lewis,30,4,0,2026-09-12 01:58:33
2026-09-12 01:36:06,SLLC286,0101,Andrew Schonebaum,60,5,0,2026-09-12 01:58:34
2026-09-12 01:36:06,SLLC309,0101,Ahmed Hanafy,10,10,0,2026-09-12 01:58:34
2026-09-12 01:36:06,SLLC309,0102,Ahmed Hanafy,10,8,0,2026-09-12 01:58:34
2026-09-12 01:36:06,SLLC309,0103,Ahmed Hanafy,10,7,0,2026-09-12 01:58:34
2026-09-12 01:36:06,SLLC309,0104,Ahmed Hanafy,10,5,0,2026-09-12 01:58:34
2026-09-12 01:36:06,SLLC309,0105,Ahmed Hanafy,10,6,0,2026-09-12 01:58:34
2026-09-12 01:36:06,SLLC309,0106,Ahmed Hanafy,10,6,0,2026-09-12 01:58:34
2026-09-12 01:36:06,SLLC309,0107,Ahmed Hanafy,10,8,0,2026-09-12 01:58:34
2026-09-12 01:36:06,SLLC309,0108,Ahmed Hanafy,10,9,0,2026-09-12 01:58:34
2026-09-12 01:36:06,SLLC309,0109,Ahmed Hanafy,10,7,0,2026-09-12 01:58:34
2026-09-12 01:36:06,SLLC309,0110,Ahmed Hanafy,10,3,0,2026-09-12 01:58:34
2026-09-12 01:36:06,SLLC309,0111,Ahmed Hanafy,10,10,0,2026-09-12 01:58:34
2026-09-12 01:36:06,SLLC329,0101,Marilyn Matar,13,0,0,2026-09-12 01:58:35
2026-09-12 01:36:06,SLLC329,0102,Marilyn Matar,10,0,0,2026-09-12 01:58:35
2026-09-12 01:36:06,SLLC329,0103,Marilyn Matar,21,2,0,2026-09-12 01:58:35
2026-09-12 01:36:06,SLLC329,0104,Marilyn Matar,10,4,0,2026-09-12 01:58:35
2026-09-12 01:36:06,SLLC329,0105,Marilyn Matar,10,9,0,2026-09-12 01:58:35
2026-09-12 01:36:06,SLLC329,0106,Marilyn Matar,10,1,0,2026-09-12 01:58:35
2026-09-12 01:36:06,SLLC329,0107,Marilyn Matar,10,7,0,2026-09-12 01:58:35
2026-09-12 01:36:06,SLLC329,0108,Marilyn Matar,10,7,0,2026-09-12 01:58:35
2026-09-12 01:36:06,SLLC329,0109,Marilyn Matar,10,4,0,2026-09-12 01:58:35
2026-09-12 01:36:06,SLLC329,0110,Marilyn Matar,20,3,0,2026-09-12 01:58:35
2026-09-12 01:36:06,SLLC350,0101,Michele Mason,30,27,0,2026-09-12 01:58:35
2026-09-12 01:36:06,SMLP470,0101,Brooke Smith,45,13,0,2026-09-12 01:58:37
2026-09-12 01:36:06,SMLP472,0101,Sara Herald,60,19,0,2026-09-12 01:58:37
2026-09-12 01:36:06,TLTC310,0101,Danielle Pafe,0,0,0,2026-09-12 01:59:39
2026-09-12 01:36:06,TLTC310,0201,Yanira Ortiz,20,11,0,2026-09-12 01:59:39
2026-09-12 01:36:06,TLTC333,0101,Mona Thompson,63,1,0,2026-09-12 01:59:39
2026-09-12 01:36:06,TLTC333,0102,Mona Thompson,63,0,0,2026-09-12 01:59:39
2026-09-12 01:36:06,TLTC333,0105,Mona Thompson,63,0,0,2026-09-12 01:59:39
2026-09-12 01:36:06,UMEI005,0101,Charles Duquette,15,2,0,2026-09-12 01:59:42
2026-09-12 01:36:06,UMEI005,0201,Heather Mehrtens,15,9,0,2026-09-12 01:59:42
2026-09-12 01:36:06,UMEI005,0301,Marilena Draganescu,15,11,0,2026-09-12 01:59:42
2026-09-12 01:36:06,UMEI012,0101,Louise Godley,10,10,0,2026-09-12 01:59:42
2026-09-12 01:36:06,UMEI013,0101,Louise Godley,10,7,0,2026-09-12 01:59:43
2026-09-12 01:36:06,UMEI028A,0101,Raymond Smith,16,14,0,2026-09-12 01:59:43
2026-09-12 01:36:06,UMEI506,0101,Heather Mehrtens,16,0,0,2026-09-12 01:59:43
2026-09-12 01:36:06,UMEI506,0201,Heather Mehrtens,16,6,0,2026-09-12 01:59:43
2026-09-12 01:36:06,UMEI507,0101,Marilena Draganescu,15,4,0,2026-09-12 01:59:44
2026-09-12 01:36:06,USLT201,0101,Robert Chester,25,2,0,2026-09-12 01:59:53
2026-09-12 01:36:06,USLT398C,0101,Angela Pico Pinto,25,18,0,2026-09-12 01:59:53
2026-09-12 01:36:06,USLT450,0101,Robert Chester,20,0,2,2026-09-12 01:59:53
2026-09-12 01:36:06,USLT498C,0101,Ana Rodriguez,20,14,0,2026-09-12 01:59:54
2026-09-12 01:36:06,VIPS099,0115,Veronica Kang,5,3,0,2026-09-12 02:00:04
2026-09-12 01:36:06,VIPS208,0101,Mary Bowden,10,10,0,2026-09-12 02:00:04
2026-09-12 01:36:06,VIPS208,0102,Ken Kiger,10,2,0,2026-09-12 02:00:04
2026-09-12 01:36:06,VIPS208,0103,Bryan Quinn,10,9,0,2026-09-12 02:00:04
2026-09-12 01:36:06,VIPS208,0104,Abdil Chowdhury,10,1,0,2026-09-12 02:00:04
2026-09-12 01:36:06,VIPS208,0105,Molly Carton,10,7,0,2026-09-12 02:00:04
2026-09-12 01:36:06,VIPS208,0106,James Baeder,14,2,0,2026-09-12 02:00:04
2026-09-12 01:36:06,VIPS208,0107,Catherine Spirito,10,6,0,2026-09-12 02:00:04
2026-09-12 01:36:06,VIPS208,0108,Ronald Yaros,10,4,0,2026-09-12 02:00:04
2026-09-12 01:36:06,VIPS208,0109,Carinna Ferguson,10,7,0,2026-09-12 02:00:04
2026-09-12 01:36:06,VIPS208,0110,Tracy Riggins,15,0,0,2026-09-12 02:00:04
2026-09-12 01:36:06,VIPS208,0111,Kevin Calabro,13,2,0,2026-09-12 02:00:04
2026-09-12 01:36:06,VIPS208,0112,Raffaele Viglianti,10,5,0,2026-09-12 02:00:04
2026-09-12 01:36:06,VIPS208,0113,Shabnam Jabeen,10,5,0,2026-09-12 02:00:04
2026-09-12 01:36:06,VIPS208,0114,Ning Zeng,15,7,0,2026-09-12 02:00:04
2026-09-12 01:36:06,VIPS208,0115,Veronica Kang,10,5,0,2026-09-12 02:00:04
2026-09-12 01:36:06,VIPS208,0116,David Stewart,10,1,0,2026-09-12 02:00:04
2026-09-12 01:36:06,VIPS208,0117,Meredith Epstein,10,8,0,2026-09-12 02:00:04
2026-09-12 01:36:06,VIPS208,0118,Magaly Toro Ibaceta,10,3,0,2026-09-12 02:00:04
2026-09-12 01:36:06,VIPS208,0120,Marisa Parham,10,6,0,2026-09-12 02:00:04
2026-09-12 01:36:06,VIPS208,0121,Becky Epanchin-Niell,10,1,0,2026-09-12 02:00:04
2026-09-12 01:36:06,VIPS208,0122,Timothy Reedy,10,2,0,2026-09-12 02:00:04
2026-09-12 01:36:06,VIPS208,0123,Lingnan Lin,13,4,0,2026-09-12 02:00:04
2026-09-12 01:36:06,VIPS208,0124,Jeffrey Moro,10,4,0,2026-09-12 02:00:04
2026-09-12 01:36:06,VIPS208,0125,Peter Sunderland,12,4,0,2026-09-12 02:00:04
2026-09-12 01:36:06,VIPS208,0126,Brienna Anderson,10,4,0,2026-09-12 02:00:04
2026-09-12 01:36:06,VIPS308,0101,Mary Bowden,10,9,0,2026-09-12 02:00:05
2026-09-12 01:36:06,VIPS308,0102,Ken Kiger,10,3,0,2026-09-12 02:00:05
2026-09-12 01:36:06,VIPS308,0103,Bryan Quinn,10,2,0,2026-09-12 02:00:05
2026-09-12 01:36:06,VIPS308,0104,Abdil Chowdhury,10,3,0,2026-09-12 02:00:05
2026-09-12 01:36:06,VIPS308,0105,Molly Carton,10,3,0,2026-09-12 02:00:05
2026-09-12 01:36:06,VIPS308,0106,James Baeder,10,4,0,2026-09-12 02:00:05
2026-09-12 01:36:06,VIPS308,0107,Catherine Spirito,10,8,0,2026-09-12 02:00:05
2026-09-12 01:36:06,VIPS308,0108,Ronald Yaros,10,9,0,2026-09-12 02:00:05
2026-09-12 01:36:06,VIPS308,0109,Carinna Ferguson,10,6,0,2026-09-12 02:00:05
2026-09-12 01:36:06,VIPS308,0110,Tracy Riggins,10,0,0,2026-09-12 02:00:05
2026-09-12 01:36:06,VIPS308,0111,Kevin Calabro,10,6,0,2026-09-12 02:00:05
2026-09-12 01:36:06,VIPS308,0112,Raffaele Viglianti,10,10,0,2026-09-12 02:00:05
2026-09-12 01:36:06,VIPS308,0113,Shabnam Jabeen,10,8,0,2026-09-12 02:00:05
2026-09-12 01:36:06,VIPS308,0114,Ning Zeng,10,9,0,2026-09-12 02:00:05
2026-09-12 01:36:06,VIPS308,0115,Veronica Kang,10,10,0,2026-09-12 02:00:05
2026-09-12 01:36:06,VIPS308,0116,David Stewart,10,10,0,2026-09-12 02:00:05
2026-09-12 01:36:06,VIPS308,0117,Meredith Epstein,10,8,0,2026-09-12 02:00:05
2026-09-12 01:36:06,VIPS308,0118,Magaly Toro Ibaceta,10,10,0,2026-09-12 02:00:05
2026-09-12 01:36:06,VIPS308,0120,Marisa Parham,10,9,0,2026-09-12 02:00:05
2026-09-12 01:36:06,VIPS308,0121,Becky Epanchin-Niell,10,10,0,2026-09-12 02:00:05
2026-09-12 01:36:06,VIPS308,0122,Timothy Reedy,10,10,0,2026-09-12 02:00:05
2026-09-12 01:36:06,VIPS308,0123,Lingnan Lin,10,10,0,2026-09-12 02:00:05
2026-09-12 01:36:06,VIPS308,0124,Jeffrey Moro,10,10,0,2026-09-12 02:00:05
2026-09-12 01:36:06,VIPS308,0125,Peter Sunderland,10,10,0,2026-09-12 02:00:05
2026-09-12 01:36:06,VIPS308,0126,Brienna Anderson,10,10,0,2026-09-12 02:00:05
2026-09-12 01:36:06,VIPS408,0101,Mary Bowden,10,4,0,2026-09-12 02:00:05
2026-09-12 01:36:06,VIPS408,0102,Ken Kiger,10,8,0,2026-09-12 02:00:05
2026-09-12 01:36:06,VIPS408,0103,Bryan Quinn,10,3,0,2026-09-12 02:00:05
2026-09-12 01:36:06,VIPS408,0104,Abdil Chowdhury,10,8,0,2026-09-12 02:00:05
2026-09-12 01:36:06,VIPS408,0105,Molly Carton,10,8,0,2026-09-12 02:00:05
2026-09-12 01:36:06,VIPS408,0106,James Baeder,10,7,0,2026-09-12 02:00:05
2026-09-12 01:36:06,VIPS408,0107,Catherine Spirito,10,10,0,2026-09-12 02:00:05
2026-09-12 01:36:06,VIPS408,0108,Ronald Yaros,10,8,0,2026-09-12 02:00:05
2026-09-12 01:36:06,VIPS408,0109,Carinna Ferguson,10,8,0,2026-09-12 02:00:05
2026-09-12 01:36:06,VIPS408,0110,Tracy Riggins,10,10,0,2026-09-12 02:00:05
2026-09-12 01:36:06,VIPS408,0111,Kevin Calabro,10,7,0,2026-09-12 02:00:05
2026-09-12 01:36:06,VIPS408,0112,Raffaele Viglianti,10,9,0,2026-09-12 02:00:05
2026-09-12 01:36:06,VIPS408,0113,Shabnam Jabeen,10,10,0,2026-09-12 02:00:05
2026-09-12 01:36:06,VIPS408,0114,Ning Zeng,10,10,0,2026-09-12 02:00:05
2026-09-12 01:36:06,VIPS408,0115,Veronica Kang,10,10,0,2026-09-12 02:00:05
2026-09-12 01:36:06,VIPS408,0116,David Stewart,10,10,0,2026-09-12 02:00:05
2026-09-12 01:36:06,VIPS408,0117,Meredith Epstein,10,10,0,2026-09-12 02:00:05
2026-09-12 01:36:06,VIPS408,0118,Magaly Toro Ibaceta,10,9,0,2026-09-12 02:00:05
2026-09-12 01:36:06,VIPS408,0120,Marisa Parham,10,10,0,2026-09-12 02:00:05
2026-09-12 01:36:06,VIPS408,0121,Becky Epanchin-Niell,10,10,0,2026-09-12 02:00:05
2026-09-12 01:36:06,VIPS408,0122,Timothy Reedy,10,10,0,2026-09-12 02:00:05
2026-09-12 01:36:06,VIPS408,0123,Lingnan Lin,10,10,0,2026-09-12 02:00:05
2026-09-12 01:36:06,VIPS408,0124,Jeffrey Moro,10,10,0,2026-09-12 02:00:05
2026-09-12 01:36:06,VIPS408,0125,Peter Sunderland,10,10,0,2026-09-12 02:00:05
2026-09-12 01:36:06,VIPS408,0126,Brienna Anderson,10,10,0,2026-09-12 02:00:05
2026-09-12 01:36:06,WEID139B,0101,Denise Joseph,48,6,0,2026-09-12 02:00:09
2026-09-12 01:36:06,WEID139L,0201,Taylor Togafau-Lewis,48,17,0,2026-09-12 02:00:09
2026-09-12 06:33:09,AAAS100,0101,Shane Walsh,35,0,0,2026-09-12 06:33:10
2026-09-12 06:33:09,AAAS100,0201,Shane Walsh,35,0,0,2026-09-12 06:33:10
2026-09-12 06:33:09,AAAS100,0301,George Kintiba,70,36,0,2026-09-12 06:33:10
2026-09-12 06:33:09,AAAS100,0401,Jason Nichols,30,0,0,2026-09-12 06:33:10
2026-09-12 06:33:09,AAAS100,0501,Jason Nichols,35,0,0,2026-09-12 06:33:10
2026-09-12 06:33:09,AAAS101,0101,Chinyere Osuji,40,0,0,2026-09-12 06:33:11
2026-09-12 06:33:09,AAAS187,0101,Robert Choflet,30,0,0,2026-09-12 06:33:11
2026-09-12 06:33:09,AAAS187,0201,Joseph Richardson,30,0,0,2026-09-12 06:33:11
2026-09-12 06:33:09,AAAS200,0101,George Kintiba,40,5,0,2026-09-12 06:33:11
2026-09-12 06:33:09,AAAS202,0101,Robert Choflet,35,5,0,2026-09-12 06:33:11
2026-09-12 06:33:09,AAAS202,0201,Robert Choflet,35,5,0,2026-09-12 06:33:11
2026-09-12 06:33:09,AAAS202,0301,Angelica Dunbar,35,4,0,2026-09-12 06:33:11
2026-09-12 06:33:09,AAAS202,0401,Ashley Everson,35,0,0,2026-09-12 06:33:11
2026-09-12 06:33:09,AAAS202,0501,Ashley Everson,20,3,0,2026-09-12 06:33:11
2026-09-12 06:33:09,AAAS210,0101,Angelica Dunbar,20,16,0,2026-09-12 06:33:12
2026-09-12 06:33:09,AAAS211,0101,Shane Walsh,30,0,0,2026-09-12 06:33:12
2026-09-12 06:33:09,AAAS230,0101,Ashley Newby,30,0,0,2026-09-12 06:33:12
2026-09-12 06:33:09,AAAS230,0201,Ashley Newby,30,0,0,2026-09-12 06:33:12
2026-09-12 06:33:09,AAAS234,0201,Mike Kolakoski,30,3,0,2026-09-12 06:33:12
2026-09-12 06:33:09,AAAS254,0101,Christopher Bonner,40,2,0,2026-09-12 06:33:12
2026-09-12 06:33:09,AAAS271,0101,Sydney Lewis,30,1,0,2026-09-12 06:33:12
2026-09-12 06:33:09,AAAS310,0101,George Kintiba,25,22,0,2026-09-12 06:33:13
2026-09-12 06:33:09,AAAS320,0101,Cecily Jackson,25,0,0,2026-09-12 06:33:13
2026-09-12 06:33:09,AAAS320,0201,Cecily Jackson,25,0,0,2026-09-12 06:33:13
2026-09-12 06:33:09,AAAS325,0101,Traci Dula,20,4,0,2026-09-12 06:33:13
2026-09-12 06:33:09,AAAS350,0101,John Drabinski,20,0,1,2026-09-12 06:33:13
2026-09-12 06:33:09,AAAS361,0101,Michelle Rowley,35,26,0,2026-09-12 06:33:13
2026-09-12 06:33:09,AAAS386,0101,Marshal Washington,10,10,0,2026-09-12 06:33:14
2026-09-12 06:33:09,AAAS397,0101,John Drabinski,2,2,0,2026-09-12 06:33:14
2026-09-12 06:33:09,AAAS397,0201,Angelica Dunbar,2,2,0,2026-09-12 06:33:14
2026-09-12 06:33:09,AAAS397,0301,Sharon Harley,2,2,0,2026-09-12 06:33:14
2026-09-12 06:33:09,AAAS397,0401,Cecily Jackson,2,2,0,2026-09-12 06:33:14
2026-09-12 06:33:09,AAAS397,0501,Sangeetha Madhavan,2,2,0,2026-09-12 06:33:14
2026-09-12 06:33:09,AAAS397,0601,Ashley Newby,1,1,0,2026-09-12 06:33:14
2026-09-12 06:33:09,AAAS397,0701,Chinyere Osuji,2,2,0,2026-09-12 06:33:14
2026-09-12 06:33:09,AAAS397,0801,Periloux Peay,2,2,0,2026-09-12 06:33:14
2026-09-12 06:33:09,AAAS397,0901,Joseph Richardson,2,2,0,2026-09-12 06:33:14
2026-09-12 06:33:09,AAAS398B,0101,Beka Guluma,20,13,0,2026-09-12 06:33:14
2026-09-12 06:33:09,AAAS398W,0101,Jason Nichols,25,11,0,2026-09-12 06:33:14
2026-09-12 06:33:09,AAAS400,0101,Periloux Peay,25,22,0,2026-09-12 06:33:15
2026-09-12 06:33:09,AAAS415,0101,Periloux Peay,30,0,0,2026-09-12 06:33:15
2026-09-12 06:33:09,AAAS499N,0101,Anne Rosen,25,0,0,2026-09-12 06:33:15
2026-09-12 06:33:09,AAST200,0101,Jennifer Cho,30,0,0,2026-09-12 06:33:16
2026-09-12 06:33:09,AAST200,0102,Binod Paudyal,30,0,0,2026-09-12 06:33:16
2026-09-12 06:33:09,AAST322,0101,Julie Park,30,3,0,2026-09-12 06:33:17
2026-09-12 06:33:09,AAST351,0101,Binod Paudyal,35,0,0,2026-09-12 06:33:17
2026-09-12 06:33:09,AAST355,0101,Jennifer Cho,35,0,1,2026-09-12 06:33:17
2026-09-12 06:33:09,AAST378,0101,Janelle Wong,2,2,0,2026-09-12 06:33:17
2026-09-12 06:33:09,AAST394,0101,Wenxi Yang,30,2,0,2026-09-12 06:33:18
2026-09-12 06:33:09,AAST398I,0101,Michelle Magalong,24,1,0,2026-09-12 06:33:18
2026-09-12 06:33:09,AAST398W,0101,Chris Eng,25,14,0,2026-09-12 06:33:18
2026-09-12 06:33:09,AAST421,0101,Tuyet Duong,20,3,0,2026-09-12 06:33:18
2026-09-12 06:33:09,AAST422,0101,Jennifer Cho,25,7,0,2026-09-12 06:33:18
2026-09-12 06:33:09,AAST424,0101,Dawn Dow,29,10,0,2026-09-12 06:33:19
2026-09-12 06:33:09,AAST440,0101,Binod Paudyal,25,0,0,2026-09-12 06:33:19
2026-09-12 06:33:09,AAST443,0101,Janelle Wong,30,0,0,2026-09-12 06:33:19
2026-09-12 06:33:09,ABRM330,0101,Rashawn Ray,40,0,0,2026-09-12 06:33:20
2026-09-12 06:33:09,ARAB101,0101,Samah Al-salami,15,1,0,2026-09-12 06:33:46
2026-09-12 06:33:09,ARAB101,0201,Ahmed Hanafy,15,5,0,2026-09-12 06:33:46
2026-09-12 06:33:09,ARAB102,0101,Samah Al-salami,15,2,0,2026-09-12 06:33:47
2026-09-12 06:33:09,ARAB102,0201,Lutf Alkebsi,15,12,0,2026-09-12 06:33:47
2026-09-12 06:33:09,ARAB201,0101,Lutf Alkebsi,15,0,0,2026-09-12 06:33:47
2026-09-12 06:33:09,ARAB201,0201,Lutf Alkebsi,15,11,0,2026-09-12 06:33:47
2026-09-12 06:33:09,ARAB208L,0101,Samah Al-salami,15,3,0,2026-09-12 06:33:47
2026-09-12 06:33:09,ARAB225,0101,Ahmed Hanafy,15,3,0,2026-09-12 06:33:47
2026-09-12 06:33:09,ARAB301,0101,Ahmed Hanafy,15,7,0,2026-09-12 06:33:47
2026-09-12 06:33:09,ARAB321,0101,Ahmed Hanafy,15,9,0,2026-09-12 06:33:47
2026-09-12 06:33:09,ARAB322,0101,Samah Al-salami,15,9,0,2026-09-12 06:33:48
2026-09-12 06:33:09,ARAB398A,0101,Lutf Alkebsi,15,5,0,2026-09-12 06:33:48
2026-09-12 06:33:09,ARAB499E,0101,Brendan Kibbee,20,2,0,2026-09-12 06:33:48
2026-09-12 06:33:09,ARMY106,0101,Thomas Battinieri,31,25,0,2026-09-12 06:34:08
2026-09-12 06:33:09,ARMY106,0102,Thomas Battinieri,40,30,0,2026-09-12 06:34:08
2026-09-12 06:33:09,ARMY106,FC01,Andrew Bischoff,15,11,0,2026-09-12 06:34:08
2026-09-12 06:33:09,ARMY106,FC02,Thomas Battinieri,9,8,0,2026-09-12 06:34:08
2026-09-12 06:33:09,ARMY110,0101,Andrew Bischoff,15,15,0,2026-09-12 06:34:08
2026-09-12 06:33:09,ARMY201,0102,Thomas Battinieri,35,14,0,2026-09-12 06:34:08
2026-09-12 06:33:09,ARMY301,0101,Joshua Guiod,40,20,0,2026-09-12 06:34:08
2026-09-12 06:33:09,ARMY401,0102,Andrew Bischoff,50,13,0,2026-09-12 06:34:09
2026-09-12 06:33:09,ARSC059,0101,Kathleen West,220,53,0,2026-09-12 06:34:10
2026-09-12 06:33:09,ARSC059,FC01,Jens Lyndrup,10,5,0,2026-09-12 06:34:10
2026-09-12 06:33:09,ARSC100,0101,Jens Lyndrup,50,33,0,2026-09-12 06:34:10
2026-09-12 06:33:09,ARSC100,0102,Jens Lyndrup,75,16,0,2026-09-12 06:34:10
2026-09-12 06:33:09,ARSC100,0103,Jens Lyndrup,40,31,0,2026-09-12 06:34:10
2026-09-12 06:33:09,ARSC100,FC01,Jens Lyndrup,5,3,0,2026-09-12 06:34:10
2026-09-12 06:33:09,ARSC100,FC02,Jens Lyndrup,10,7,0,2026-09-12 06:34:10
2026-09-12 06:33:09,ARSC200,0101,Alan Snyder,50,14,0,2026-09-12 06:34:10
2026-09-12 06:33:09,ARSC200,0102,Alan Snyder,35,21,0,2026-09-12 06:34:10
2026-09-12 06:33:09,ARSC200,0103,Alan Snyder,40,32,0,2026-09-12 06:34:10
2026-09-12 06:33:09,ARSC300,0101,Kathleen West,30,5,0,2026-09-12 06:34:10
2026-09-12 06:33:09,ARSC300,0102,Kathleen West,20,13,0,2026-09-12 06:34:10
2026-09-12 06:33:09,ARSC400,0101,Walter Mitchell,30,11,0,2026-09-12 06:34:11
2026-09-12 06:33:09,ARSC400,0102,Walter Mitchell,20,18,0,2026-09-12 06:34:11
2026-09-12 06:33:09,ARSC400,0201,Walter Mitchell,10,10,0,2026-09-12 06:34:11
2026-09-12 06:33:09,BMIN210,0101,Darlene Dennison,180,1,0,2026-09-12 06:34:53
2026-09-12 06:33:09,BMIN210,0201,Darlene Dennison,180,94,0,2026-09-12 06:34:53
2026-09-12 06:33:09,BMIN305,0101,Tejwansh Anand,180,14,0,2026-09-12 06:34:53
2026-09-12 06:33:09,BMIN345,0101,Michael Padhi,275,36,0,2026-09-12 06:34:54
2026-09-12 06:33:09,BMIN355,0101,Idil Yaveroglu,180,0,0,2026-09-12 06:34:54
2026-09-12 06:33:09,BMIN355,0201,Idil Yaveroglu,180,24,0,2026-09-12 06:34:54
2026-09-12 06:33:09,BMIN375,0101,Leland Gardner,185,2,0,2026-09-12 06:34:54
2026-09-12 06:33:09,BMIN395,0101,Nima Farshchi,200,2,0,2026-09-12 06:34:54
2026-09-12 06:33:09,BMIN395,0201,Nima Farshchi,200,106,0,2026-09-12 06:34:54
2026-09-12 06:33:09,BOIS602,WI01,Woei-jyh Lee,40,6,0,2026-09-12 06:34:57
2026-09-12 06:33:09,BOIS604,WI01,Manmohan Aseri,40,5,0,2026-09-12 06:34:57
2026-09-12 06:33:09,BOIS631,WI01,Sujin Kim,40,8,0,2026-09-12 06:34:57
2026-09-12 06:33:09,BSOS355,0101,Liza Lebrun,30,30,0,2026-09-12 06:35:05
2026-09-12 06:33:09,BSOS361,0101,TC Lloyd,30,2,0,2026-09-12 06:35:05
2026-09-12 06:33:09,BSOS361,0103,Keia Brown,30,2,0,2026-09-12 06:35:05
2026-09-12 06:33:09,BSOS361,0104,David Tana,30,1,0,2026-09-12 06:35:05
2026-09-12 06:33:09,BSOS361,0105,TC Lloyd,30,2,0,2026-09-12 06:35:05
2026-09-12 06:33:09,BSOS388C,0101,Nikita Kimani,20,0,0,2026-09-12 06:35:05
2026-09-12 06:33:09,BSOS388C,0201,Nikita Kimani,20,0,0,2026-09-12 06:35:05
2026-09-12 06:33:09,BSOS388E,0101,Liza Lebrun,30,30,0,2026-09-12 06:35:05
2026-09-12 06:33:09,BUSO600,SO11,Neta Moye,42,5,0,2026-09-12 06:35:19
2026-09-12 06:33:09,BUSO600,SO12,Neta Moye,42,9,0,2026-09-12 06:35:19
2026-09-12 06:33:09,BUSO603,SO11,Ilya Ryzhov,42,5,0,2026-09-12 06:35:19
2026-09-12 06:33:09,BUSO603,SO12,Ilya Ryzhov,42,4,0,2026-09-12 06:35:19
2026-09-12 06:33:09,BUSO604,SO11,Bennet Zelner,42,6,0,2026-09-12 06:35:19
2026-09-12 06:33:09,BUSO604,SO12,Bennet Zelner,42,6,0,2026-09-12 06:35:19
2026-09-12 06:33:09,BUSO612,SO11,Henry Boyd,42,3,0,2026-09-12 06:35:19
2026-09-12 06:33:09,BUSO612,SO12,Henry Boyd,42,5,0,2026-09-12 06:35:19
2026-09-12 06:33:09,BUSO616,SO31,Brent Solomon,38,2,0,2026-09-12 06:35:20
2026-09-12 06:33:09,BUSO616,SO32,Brent Solomon,38,0,0,2026-09-12 06:35:20
2026-09-12 06:33:09,BUSO624,SO31,Yi Xu,38,2,0,2026-09-12 06:35:20
2026-09-12 06:33:09,BUSO624,SO32,Yi Xu,38,0,0,2026-09-12 06:35:20
2026-09-12 06:33:09,BUSO700,SO91,Paulo Prochno,0,0,0,2026-09-12 06:35:20
2026-09-12 06:33:09,BUSO711,SO31,Gosia Langa Basit,28,0,0,2026-09-12 06:35:20
2026-09-12 06:33:09,BUSO711,SO32,Gosia Langa Basit,28,3,0,2026-09-12 06:35:20
2026-09-12 06:33:09,BUSO711,SO33,Gosia Langa Basit,28,1,0,2026-09-12 06:35:20
2026-09-12 06:33:09,BUSO731,SO51,Tejwansh Anand,49,0,1,2026-09-12 06:35:20
2026-09-12 06:33:09,BUSO752,SO51,Leland Gardner,35,13,0,2026-09-12 06:35:20
2026-09-12 06:33:09,BUSO758G,SO51,James Seward,35,11,0,2026-09-12 06:35:21
2026-09-12 06:33:09,BUSO758M,SO51,Paulo Prochno,49,2,0,2026-09-12 06:35:21
2026-09-12 06:33:09,BUSO758M,SO52,Paulo Prochno,49,3,0,2026-09-12 06:35:21
2026-09-12 06:33:09,BUSO758T,SO51,Michael Cichello,35,18,0,2026-09-12 06:35:21
2026-09-12 06:33:09,BUSO758W,SO51,Yogesh Joshi,33,2,0,2026-09-12 06:35:21
2026-09-12 06:33:09,BUSO758W,SO52,Yogesh Joshi,33,2,0,2026-09-12 06:35:21
2026-09-12 06:33:09,BUSO758X,SO51,Pallassana Kannan,49,3,0,2026-09-12 06:35:21
2026-09-12 06:33:09,BUSO788F,GX01,Judy Frels,25,6,0,2026-09-12 06:35:21
2026-09-12 06:33:09,BUSO788W,GX01,Zhi-Long Chen,30,5,0,2026-09-12 06:35:22
2026-09-12 06:33:09,CHSE200,0101,Betsy Tornquist,10,1,0,2026-09-12 06:35:40
2026-09-12 06:33:09,CHSE205,0101,Yewon Lee,60,0,4,2026-09-12 06:35:40
2026-09-12 06:33:09,CHSE205,0201,Yewon Lee,60,0,2,2026-09-12 06:35:40
2026-09-12 06:33:09,CHSE228C,0101,Nikita Kimani,20,0,0,2026-09-12 06:35:41
2026-09-12 06:33:09,CHSE228C,0201,Nikita Kimani,20,0,0,2026-09-12 06:35:41
2026-09-12 06:33:09,CHSE228C,0301,Nikita Kimani,20,0,0,2026-09-12 06:35:41
2026-09-12 06:33:09,CHSE230,0101,Isabelle Grable,25,16,0,2026-09-12 06:35:41
2026-09-12 06:33:09,CHSE376,0101,Michael Dunham,22,0,3,2026-09-12 06:35:41
2026-09-12 06:33:09,CHSE376,0201,Colleen McGilpin,20,0,4,2026-09-12 06:35:41
2026-09-12 06:33:09,CHSE376,0301,Elizabeth Martinez,20,0,1,2026-09-12 06:35:41
2026-09-12 06:33:09,CHSE376,0401,Chanai Brewster,20,4,0,2026-09-12 06:35:41
2026-09-12 06:33:09,CHSE476,0101,Michael Dunham,20,6,0,2026-09-12 06:35:41
2026-09-12 06:33:09,CHSE477,0101,Michael Dunham,15,4,0,2026-09-12 06:35:41
2026-09-12 06:33:09,CHSE489,1901,Amy D'Agati,15,10,0,2026-09-12 06:35:42
2026-09-12 06:33:09,CINE245,0101,Eric Zakim,22,0,2,2026-09-12 06:35:43
2026-09-12 06:33:09,CINE245,0102,Eric Zakim,22,0,3,2026-09-12 06:35:43
2026-09-12 06:33:09,CINE245,0103,Eric Zakim,22,0,3,2026-09-12 06:35:43
2026-09-12 06:33:09,CINE245,0104,Eric Zakim,22,0,1,2026-09-12 06:35:43
2026-09-12 06:33:09,CINE280,0101,Porter Olsen,30,0,1,2026-09-12 06:35:43
2026-09-12 06:33:09,CINE280,0201,John Tobin,30,0,2,2026-09-12 06:35:43
2026-09-12 06:33:09,CINE298A,0101,Caroline Eades,20,0,0,2026-09-12 06:35:43
2026-09-12 06:33:09,CINE301,0101,Eric Zakim,30,0,0,2026-09-12 06:35:44
2026-09-12 06:33:09,CINE310,0101,Nathaniel Stevens,15,2,0,2026-09-12 06:35:44
2026-09-12 06:33:09,CINE315,0101,Yael Inbar,15,0,0,2026-09-12 06:35:44
2026-09-12 06:33:09,CINE319G,0101,Oliver Gaycken,25,15,0,2026-09-12 06:35:44
2026-09-12 06:33:09,CINE319P,5501,Samuel Crawford,11,0,1,2026-09-12 06:35:44
2026-09-12 06:33:09,CINE319Z,0101,Paul Cote,25,7,0,2026-09-12 06:35:44
2026-09-12 06:33:09,CINE329T,0101,Daniel Richter,25,0,7,2026-09-12 06:35:45
2026-09-12 06:33:09,CINE332,0101,Parker Brookie,25,0,0,2026-09-12 06:35:45
2026-09-12 06:33:09,CINE334,0101,Elizabeth Papazian,25,0,0,2026-09-12 06:35:45
2026-09-12 06:33:09,CINE337,0101,Jason Kuo,25,0,2,2026-09-12 06:35:45
2026-09-12 06:33:09,CINE342,0101,Luka Arsenjuk,20,0,2,2026-09-12 06:35:45
2026-09-12 06:33:09,CINE350,0101,John Drabinski,20,0,1,2026-09-12 06:35:45
2026-09-12 06:33:09,CINE359C,0101,Daniel Richter,25,0,4,2026-09-12 06:35:46
2026-09-12 06:33:09,CINE369B,0101,Eva Hageman,30,0,0,2026-09-12 06:35:46
2026-09-12 06:33:09,CINE369K,0101,Paul Cote,20,0,1,2026-09-12 06:35:46
2026-09-12 06:33:09,CINE376,0101,Ross Angelella,15,3,0,2026-09-12 06:35:46
2026-09-12 06:33:09,CINE376,0102,Ross Angelella,5,2,0,2026-09-12 06:35:46
2026-09-12 06:33:09,CINE415,0101,Mathew Bainbridge,15,0,0,2026-09-12 06:35:47
2026-09-12 06:33:09,CINE419P,0101,Oliver Gaycken,20,14,0,2026-09-12 06:35:47
2026-09-12 06:33:09,CINE459P,0101,Luka Arsenjuk,20,0,2,2026-09-12 06:35:47
2026-09-12 06:33:09,CLAS170,0101,Chiara Graf,21,0,0,2026-09-12 06:35:48
2026-09-12 06:33:09,CLAS170,0102,Chiara Graf,21,0,0,2026-09-12 06:35:48
2026-09-12 06:33:09,CLAS170,0103,Chiara Graf,21,0,0,2026-09-12 06:35:48
2026-09-12 06:33:09,CLAS170,0104,Chiara Graf,21,1,0,2026-09-12 06:35:48
2026-09-12 06:33:09,CLAS170,0105,Chiara Graf,21,0,0,2026-09-12 06:35:48
2026-09-12 06:33:09,CLAS170,0106,Chiara Graf,21,0,0,2026-09-12 06:35:48
2026-09-12 06:33:09,CLAS170,0107,Chiara Graf,21,0,0,2026-09-12 06:35:48
2026-09-12 06:33:09,CLAS170,0108,Chiara Graf,21,1,0,2026-09-12 06:35:48
2026-09-12 06:33:09,CLAS170,0109,Chiara Graf,22,0,0,2026-09-12 06:35:48
2026-09-12 06:33:09,CLAS170,FC01,Chelsea Stolt,28,4,0,2026-09-12 06:35:48
2026-09-12 06:33:09,CLAS170,FC02,Chelsea Stolt,28,0,0,2026-09-12 06:35:48
2026-09-12 06:33:09,CLAS170,FC03,Eugenia Lao,28,8,0,2026-09-12 06:35:48
2026-09-12 06:33:09,CLAS170,FC05,Charis Addai,28,5,0,2026-09-12 06:35:48
2026-09-12 06:33:09,CLAS277,0101,Chiara Graf,25,0,0,2026-09-12 06:35:49
2026-09-12 06:33:09,CLAS277,0102,Chiara Graf,25,1,0,2026-09-12 06:35:49
2026-09-12 06:33:09,CLAS277,0103,Chiara Graf,25,4,0,2026-09-12 06:35:49
2026-09-12 06:33:09,CLAS277,0104,Chiara Graf,25,1,0,2026-09-12 06:35:49
2026-09-12 06:33:09,CLAS277,0105,Chiara Graf,25,0,0,2026-09-12 06:35:49
2026-09-12 06:33:09,CLAS277,0106,Chiara Graf,25,1,0,2026-09-12 06:35:49
2026-09-12 06:33:09,CLAS305,0101,Jorge Bravo,35,1,0,2026-09-12 06:35:49
2026-09-12 06:33:09,CLAS309N,0101,Nathan Levine,35,26,0,2026-09-12 06:35:49
2026-09-12 06:33:09,CLAS310,0101,Rachel Singpurwalla,20,0,1,2026-09-12 06:35:49
2026-09-12 06:33:09,CLAS310,0102,Rachel Singpurwalla,20,0,2,2026-09-12 06:35:49
2026-09-12 06:33:09,CLAS310,0103,Rachel Singpurwalla,20,0,3,2026-09-12 06:35:49
2026-09-12 06:33:09,CLAS312,0101,Polyvia Parara,35,7,0,2026-09-12 06:35:49
2026-09-12 06:33:09,CMLT235,0101,Brielle Gorrell,30,2,0,2026-09-12 06:35:52
2026-09-12 06:33:09,CMLT270,0101,Hannah (Toyin) Adeyemi,30,0,0,2026-09-12 06:35:52
2026-09-12 06:33:09,CMLT270,0201,Shakiba Sharifpour,30,1,0,2026-09-12 06:35:52
2026-09-12 06:33:09,CMLT275,0201,Abhinav Bhardwaj,30,0,0,2026-09-12 06:35:52
2026-09-12 06:33:09,CMLT277,0101,Nahid Ahmadian,30,2,0,2026-09-12 06:35:52
2026-09-12 06:33:09,CMLT280,0101,Porter Olsen,30,0,1,2026-09-12 06:35:53
2026-09-12 06:33:09,CMLT280,0201,John Tobin,30,0,2,2026-09-12 06:35:53
2026-09-12 06:33:09,CPBE100,0101,Oliver Schlake,95,25,0,2026-09-12 06:36:14
2026-09-12 06:33:09,CPBE200,0101,Oliver Schlake,75,33,0,2026-09-12 06:36:14
2026-09-12 06:33:09,CPBE225,0101,Ira Koretsky,38,13,0,2026-09-12 06:36:14
2026-09-12 06:33:09,CPBE225,0102,Ira Koretsky,38,22,0,2026-09-12 06:36:14
2026-09-12 06:33:09,CPCV100,0101,Julie Randolph,40,1,0,2026-09-12 06:36:15
2026-09-12 06:33:09,CPCV100,0201,Julie Randolph,40,8,0,2026-09-12 06:36:15
2026-09-12 06:33:09,CPCV200,0101,Julie Randolph,35,1,0,2026-09-12 06:36:15
2026-09-12 06:33:09,CPCV200,0201,Julie Randolph,35,15,0,2026-09-12 06:36:15
2026-09-12 06:33:09,CPCV225,0101,Korey Rothman,75,4,0,2026-09-12 06:36:16
2026-09-12 06:33:09,CPDJ100,0101,Jess Feltner,75,2,0,2026-09-12 06:36:17
2026-09-12 06:33:09,CPDJ200,0101,Andrew Fellows,75,37,0,2026-09-12 06:36:17
2026-09-12 06:33:09,CPET100,0101,Tim Knight,75,4,0,2026-09-12 06:36:18
2026-09-12 06:33:09,CPET200,0101,Tim Knight,75,7,0,2026-09-12 06:36:19
2026-09-12 06:33:09,CPGH100,0101,John Wiggins,85,7,0,2026-09-12 06:36:20
2026-09-12 06:33:09,CPGH200,0101,John Wiggins,75,18,0,2026-09-12 06:36:20
2026-09-12 06:33:09,CPJT100,0101,Justine DeCamillis,75,7,0,2026-09-12 06:36:21
2026-09-12 06:33:09,CPJT200,0101,Justine DeCamillis,75,21,0,2026-09-12 06:36:22
2026-09-12 06:33:09,CPMS100,0101,Alison Burns,75,0,0,2026-09-12 06:36:23
2026-09-12 06:33:09,CPMS200,0101,Alison Burns,75,11,0,2026-09-12 06:36:23
2026-09-12 06:33:09,CPMS225,0101,Alison Burns,75,0,0,2026-09-12 06:36:23
2026-09-12 06:33:09,CPMS230,0101,Alison Burns,30,11,0,2026-09-12 06:36:23
2026-09-12 06:33:09,CPMS240,0101,Carole Lee,20,18,0,2026-09-12 06:36:24
2026-09-12 06:33:09,CPPL100,0101,Kelly Brower,78,2,0,2026-09-12 06:36:25
2026-09-12 06:33:09,CPPL200,0101,Susannah Washburn,75,15,0,2026-09-12 06:36:25
2026-09-12 06:33:09,CPSA100,0101,Andrea Cesar,75,12,0,2026-09-12 06:36:26
2026-09-12 06:33:09,CPSA200,0101,Andrea Cesar,75,34,0,2026-09-12 06:36:26
2026-09-12 06:33:09,CPSF100,0101,Nicholas Fletcher,85,1,0,2026-09-12 06:36:28
2026-09-12 06:33:09,CPSF200,0101,Nicholas Fletcher,75,5,0,2026-09-12 06:36:28
2026-09-12 06:33:09,CPSG100,0101,Thomas Holtz,85,11,0,2026-09-12 06:36:29
2026-09-12 06:33:09,CPSG200,0101,Thomas Holtz,75,29,0,2026-09-12 06:36:29
2026-09-12 06:33:09,CPSN100,0101,Hansol Kwak,85,5,0,2026-09-12 06:36:31
2026-09-12 06:33:09,CPSN200,0101,Stacy Kosko,75,42,0,2026-09-12 06:36:31
2026-09-12 06:33:09,CPSN230,0101,Sarah Kilmer,20,18,0,2026-09-12 06:36:31
2026-09-12 06:33:09,CPSN240,0101,Sarah Kilmer,10,7,0,2026-09-12 06:36:31
2026-09-12 06:33:09,CPSN250,0101,Sarah Kilmer,5,5,0,2026-09-12 06:36:31
2026-09-12 06:33:09,CPSP110,0101,Markell Saunders,18,8,0,2026-09-12 06:36:33
2026-09-12 06:33:09,CPSP110,0201,Patrice Greene,18,13,0,2026-09-12 06:36:33
2026-09-12 06:33:09,CPSP220,0101,Tiara Thomas,20,1,0,2026-09-12 06:36:33
2026-09-12 06:33:09,CPSP239A,0101,Heather-Erin Bremenstuhl,10,5,0,2026-09-12 06:36:33
2026-09-12 06:33:09,CPSP269C,0101,Korey Rothman,5,5,0,2026-09-12 06:36:33
2026-09-12 06:33:09,CPSP339P,0101,Susannah Washburn,10,7,0,2026-09-12 06:36:33
2026-09-12 06:33:09,CPSS100,0101,David Tomblin,85,6,0,2026-09-12 06:36:35
2026-09-12 06:33:09,CPSS220,0101,Nicole Mogul,20,2,0,2026-09-12 06:36:35
2026-09-12 06:33:09,CPSS225,0101,Roan Parrish,20,14,0,2026-09-12 06:36:35
2026-09-12 06:33:09,CPSS340,0101,David Tomblin,20,5,0,2026-09-12 06:36:35
2026-09-12 06:33:09,CRLN101,0103,Myles Alexander,25,1,0,2026-09-12 06:36:36
2026-09-12 06:33:09,CRLN101,0104,Tami Smith,26,0,0,2026-09-12 06:36:36
2026-09-12 06:33:09,CRLN101,0105,Denis Garcia Reyes,25,0,0,2026-09-12 06:36:36
2026-09-12 06:33:09,CRLN101,0106,Mitch Woolley,25,4,0,2026-09-12 06:36:36
2026-09-12 06:33:09,CRLN101,0107,Esohe Owie,25,0,0,2026-09-12 06:36:36
2026-09-12 06:33:09,DATA100,0111,Matthew Griffin,33,4,0,2026-09-12 06:36:43
2026-09-12 06:33:09,DATA100,0112,Matthew Griffin,35,2,0,2026-09-12 06:36:43
2026-09-12 06:33:09,DATA100,0121,Matthew Griffin,35,2,0,2026-09-12 06:36:43
2026-09-12 06:33:09,DATA100,0122,Matthew Griffin,33,0,0,2026-09-12 06:36:43
2026-09-12 06:33:09,DATA100,0123,Matthew Griffin,33,1,0,2026-09-12 06:36:43
2026-09-12 06:33:09,DATA100,0124,Matthew Griffin,33,0,0,2026-09-12 06:36:43
2026-09-12 06:33:09,DATA100,0131,Matthew Griffin,33,1,0,2026-09-12 06:36:43
2026-09-12 06:33:09,DATA100,0141,Matthew Griffin,35,0,0,2026-09-12 06:36:43
2026-09-12 06:33:09,DATA100,0142,Matthew Griffin,33,0,0,2026-09-12 06:36:43
2026-09-12 06:33:09,DATA100,0211,Matthew Griffin,33,1,0,2026-09-12 06:36:43
2026-09-12 06:33:09,DATA100,0212,Matthew Griffin,35,0,0,2026-09-12 06:36:43
2026-09-12 06:33:09,DATA100,0221,Matthew Griffin,30,0,0,2026-09-12 06:36:43
2026-09-12 06:33:09,DATA100,0223,Matthew Griffin,32,0,0,2026-09-12 06:36:43
2026-09-12 06:33:09,DATA100,0224,Matthew Griffin,30,1,0,2026-09-12 06:36:43
2026-09-12 06:33:09,DATA100,0231,Matthew Griffin,33,3,0,2026-09-12 06:36:43
2026-09-12 06:33:09,DATA100,0311,Archana Khurana,35,6,0,2026-09-12 06:36:43
2026-09-12 06:33:09,DATA100,0312,Archana Khurana,35,0,0,2026-09-12 06:36:43
2026-09-12 06:33:09,DATA100,0321,Archana Khurana,35,0,0,2026-09-12 06:36:43
2026-09-12 06:33:09,DATA100,0322,Archana Khurana,35,1,0,2026-09-12 06:36:43
2026-09-12 06:33:09,DATA100,0323,Archana Khurana,35,0,0,2026-09-12 06:36:43
2026-09-12 06:33:09,DATA100,0341,Archana Khurana,35,6,0,2026-09-12 06:36:43
2026-09-12 06:33:09,DATA110,0101,Susan Mazzullo,250,24,0,2026-09-12 06:36:43
2026-09-12 06:33:09,DATA120,0101,Fardina Alam,200,0,0,2026-09-12 06:36:43
2026-09-12 06:33:09,DATA200,0101,Fardina Alam,90,32,0,2026-09-12 06:36:43
2026-09-12 06:33:09,DATA250,0101,Todd Rowland,43,6,0,2026-09-12 06:36:43
2026-09-12 06:33:09,DATA320,0101,Maksym Morawski,15,10,0,2026-09-12 06:36:43
2026-09-12 06:33:09,DATA320,0201,Maksym Morawski,20,9,0,2026-09-12 06:36:43
2026-09-12 06:33:09,DATA320,0301,Fardina Alam,20,1,0,2026-09-12 06:36:43
2026-09-12 06:33:09,DATA350,0101,Raluca Rosca,30,11,0,2026-09-12 06:36:44
2026-09-12 06:33:09,DATA350,0201,Jonathan Fernandes,34,4,0,2026-09-12 06:36:44
2026-09-12 06:33:09,DATA400,0111,Salman Safdar,27,1,0,2026-09-12 06:36:44
2026-09-12 06:33:09,DATA400,0112,Salman Safdar,30,1,0,2026-09-12 06:36:44
2026-09-12 06:33:09,DATA400,0121,Salman Safdar,27,2,0,2026-09-12 06:36:44
2026-09-12 06:33:09,DATA400,0122,Salman Safdar,27,4,0,2026-09-12 06:36:44
2026-09-12 06:33:09,DATA400,0131,Salman Safdar,27,3,0,2026-09-12 06:36:44
2026-09-12 06:33:09,DATA400,0132,Salman Safdar,27,8,0,2026-09-12 06:36:44
2026-09-12 06:33:09,DATA400,0211,Timothy Pilachowski,30,3,0,2026-09-12 06:36:44
2026-09-12 06:33:09,DATA400,0212,Timothy Pilachowski,30,4,0,2026-09-12 06:36:44
2026-09-12 06:33:09,DATA400,0221,Timothy Pilachowski,30,3,0,2026-09-12 06:36:44
2026-09-12 06:33:09,DATA400,0222,Timothy Pilachowski,30,0,0,2026-09-12 06:36:44
2026-09-12 06:33:09,DATA400,0231,Timothy Pilachowski,30,0,0,2026-09-12 06:36:44
2026-09-12 06:33:09,DATA400,0232,Timothy Pilachowski,30,3,0,2026-09-12 06:36:44
2026-09-12 06:33:09,DATA400,0311,Mestiyage Gunatilleka,32,0,1,2026-09-12 06:36:44
2026-09-12 06:33:09,DATA400,0312,Mestiyage Gunatilleka,30,0,2,2026-09-12 06:36:44
2026-09-12 06:33:09,DATA400,0321,Mestiyage Gunatilleka,32,0,1,2026-09-12 06:36:44
2026-09-12 06:33:09,DATA400,0322,Mestiyage Gunatilleka,30,0,1,2026-09-12 06:36:44
2026-09-12 06:33:09,DATA400,0331,Mestiyage Gunatilleka,32,0,1,2026-09-12 06:36:44
2026-09-12 06:33:09,DATA400,0332,Mestiyage Gunatilleka,30,0,1,2026-09-12 06:36:44
2026-09-12 06:33:09,DATA400,0511,Shixin Zheng,35,0,0,2026-09-12 06:36:44
2026-09-12 06:33:09,DATA400,0521,Shixin Zheng,35,0,0,2026-09-12 06:36:44
2026-09-12 06:33:09,DATA400,0531,Shixin Zheng,35,0,0,2026-09-12 06:36:44
2026-09-12 06:33:09,DATA601,PCS1,Sandra Cerrai,50,6,0,2026-09-12 06:36:44
2026-09-12 06:33:09,DATA601,PCS2,Jonathan Fernandes,60,20,0,2026-09-12 06:36:44
2026-09-12 06:33:09,DATA601,PWS1,Leonid Koralov,60,3,0,2026-09-12 06:36:44
2026-09-12 06:33:09,DATA602,PCS1,Sujeong Kim,44,4,0,2026-09-12 06:36:44
2026-09-12 06:33:09,DATA602,PCS2,Sujeong Kim,44,10,0,2026-09-12 06:36:44
2026-09-12 06:33:09,DATA602,PWS1,Fardina Alam,44,3,0,2026-09-12 06:36:44
2026-09-12 06:33:09,DATA603,PCS1,Babak Azimi-Sadjadi,55,14,0,2026-09-12 06:36:44
2026-09-12 06:33:09,DATA603,PWS1,Kemal Davaslioglu,55,18,0,2026-09-12 06:36:44
2026-09-12 06:33:09,DATA605,PCS1,Tammy Perrin,44,30,0,2026-09-12 06:36:45
2026-09-12 06:33:09,DATA605,PCS2,Tammy Perrin,44,21,0,2026-09-12 06:36:45
2026-09-12 06:33:09,DATA605,PWS1,Giacinto Paolo Saggese,44,35,0,2026-09-12 06:36:45
2026-09-12 06:33:09,DATA607,PCS1,Mestiyage Gunatilleka,44,29,0,2026-09-12 06:36:45
2026-09-12 06:33:09,DATA607,PCS2,Kendall Williams,55,0,1,2026-09-12 06:36:45
2026-09-12 06:33:09,DATA607,PCS3,Vincent Lyzinski,44,3,0,2026-09-12 06:36:45
2026-09-12 06:33:09,DATA612,PCS1,Samet Ayhan,50,23,0,2026-09-12 06:36:45
2026-09-12 06:33:09,DATA612,PWS1,Samet Ayhan,44,14,0,2026-09-12 06:36:45
2026-09-12 06:33:09,DATA641,PCS1,Toki Inan,50,19,0,2026-09-12 06:36:45
2026-09-12 06:33:09,DATA641,PWS1,Armin Mehrabian,50,0,0,2026-09-12 06:36:45
2026-09-12 06:33:09,DATA643,PCS1,Charles Forgy,50,30,0,2026-09-12 06:36:45
2026-09-12 06:33:09,DATA650,PCS1,Emre Gunduzhan,54,8,0,2026-09-12 06:36:45
2026-09-12 06:33:09,DATA650,PCS2,Emre Gunduzhan,54,9,0,2026-09-12 06:36:45
2026-09-12 06:33:09,ENAI600,0101,C Ravishankar,35,21,0,2026-09-12 06:37:06
2026-09-12 06:33:09,ENAI600,AEC1,C Ravishankar,20,5,0,2026-09-12 06:37:06
2026-09-12 06:33:09,ENAI601,0101,Richard La,35,22,0,2026-09-12 06:37:07
2026-09-12 06:33:09,ENAI601,AEC1,Richard La,20,8,0,2026-09-12 06:37:07
2026-09-12 06:33:09,ENAI607,0101,Zoltan Safar,29,24,0,2026-09-12 06:37:07
2026-09-12 06:33:09,ENAI607,AEC1,Zoltan Safar,20,9,0,2026-09-12 06:37:07
2026-09-12 06:33:09,ENBC301,ESG1,Sivan Saravanapavan,20,9,0,2026-09-12 06:37:08
2026-09-12 06:33:09,ENBC311,ESG1,Bahaa Ghammraoui,20,11,0,2026-09-12 06:37:08
2026-09-12 06:33:09,ENBC322,ESG1,Kyunghun Lee,20,11,0,2026-09-12 06:37:08
2026-09-12 06:33:09,ENBC331,ESG1,Lan Ma,20,10,0,2026-09-12 06:37:09
2026-09-12 06:33:09,ENBC332,ESG1,Jamasp Azarnoosh,20,11,0,2026-09-12 06:37:09
2026-09-12 06:33:09,ENBC341,ESG1,Jarred Callura,20,12,0,2026-09-12 06:37:09
2026-09-12 06:33:09,ENBC353,ESG1,Jarred Callura,20,15,0,2026-09-12 06:37:09
2026-09-12 06:33:09,ENBC423,ESG1,Jian Su,20,13,0,2026-09-12 06:37:09
2026-09-12 06:33:09,ENBC425,ESG1,Jamasp Azarnoosh,20,13,0,2026-09-12 06:37:10
2026-09-12 06:33:09,ENBC431,ESG1,Lan Ma,20,13,0,2026-09-12 06:37:10
2026-09-12 06:33:09,ENEB302,ESG1,Wesley Lawson,20,3,0,2026-09-12 06:37:18
2026-09-12 06:33:09,ENEB340,ESG1,Nestor Michael Tiglao,20,3,0,2026-09-12 06:37:18
2026-09-12 06:33:09,ENEB341,ESG1,Nestor Michael Tiglao,20,3,0,2026-09-12 06:37:18
2026-09-12 06:33:09,ENEB344,ESG1,Jerry Wu,20,3,0,2026-09-12 06:37:19
2026-09-12 06:33:09,ENEB346,ESG1,Nestor Michael Tiglao,20,13,0,2026-09-12 06:37:19
2026-09-12 06:33:09,ENEB354,ESG1,Yavuz Oruc,20,2,0,2026-09-12 06:37:19
2026-09-12 06:33:09,ENEB408A,ESG1,Nestor Michael Tiglao,20,13,0,2026-09-12 06:37:19
2026-09-12 06:33:09,ENEB444,ESG1,Manoj Franklin,20,13,0,2026-09-12 06:37:19
2026-09-12 06:33:09,ENEB454,ESG1,Jerry Wu,20,13,0,2026-09-12 06:37:20
2026-09-12 06:33:09,ENED036,0101,Hillary Owusu,20,5,0,2026-09-12 06:37:21
2026-09-12 06:33:09,ENED101,0101,Shannon Bate,20,0,0,2026-09-12 06:37:21
2026-09-12 06:33:09,ENED115,0101,Friedrich Alvarez,100,6,0,2026-09-12 06:37:21
2026-09-12 06:33:09,ENED215,0101,Tyler Huddleston,30,0,0,2026-09-12 06:37:21
2026-09-12 06:33:09,ENED215,0102,Samantha Sabihi,40,26,0,2026-09-12 06:37:21
2026-09-12 06:33:09,ENED215,0103,Paige Smith,6,0,0,2026-09-12 06:37:21
2026-09-12 06:33:09,ENED290H,0101,Christopher Troilo,46,1,0,2026-09-12 06:37:22
2026-09-12 06:33:09,ENED390H,0101,Tony Barber,50,13,0,2026-09-12 06:37:22
2026-09-12 06:33:09,ENED394H,0101,Manmohan Aseri,65,14,0,2026-09-12 06:37:22
2026-09-12 06:33:09,ENED397,0101,Emily Marks,9,0,0,2026-09-12 06:37:22
2026-09-12 06:33:09,ENED490H,0101,Maria Bardossy,45,1,0,2026-09-12 06:37:22
2026-09-12 06:33:09,ENED491,0101,Jessica Roffe,10,1,0,2026-09-12 06:37:22
2026-09-12 06:33:09,ENMT301,ESG1,Colleen Murray,15,8,0,2026-09-12 06:38:00
2026-09-12 06:33:09,ENMT322,ESG1,Norman Wereley,15,9,0,2026-09-12 06:38:00
2026-09-12 06:33:09,ENMT361,ESG1,Young Choi,15,8,0,2026-09-12 06:38:01
2026-09-12 06:33:09,ENMT380,ESG1,Gurtajbir Herr,15,8,0,2026-09-12 06:38:01
2026-09-12 06:33:09,ENMT450,ESG1,Nicholas Limparis,7,5,0,2026-09-12 06:38:01
2026-09-12 06:33:09,ENMT471,ESG1,Colleen Murray,7,5,0,2026-09-12 06:38:01
2026-09-12 06:33:09,ENMT473,ESG1,Gurtajbir Herr,7,4,0,2026-09-12 06:38:01
2026-09-12 06:33:09,ENMT483,ESG1,Nicholas Limparis,7,5,0,2026-09-12 06:38:02
2026-09-12 06:33:09,ENMT499,ESG4,Nicholas Limparis,2,1,0,2026-09-12 06:38:02
2026-09-12 06:33:09,ENSE621,0101,Tony Barber,22,16,0,2026-09-12 06:38:07
2026-09-12 06:33:09,ENSE621,SY01,Tony Barber,15,0,0,2026-09-12 06:38:07
2026-09-12 06:33:09,ENSE623,0101,Steven Biemer,17,14,0,2026-09-12 06:38:07
2026-09-12 06:33:09,ENSE623,SY01,Steven Biemer,15,11,0,2026-09-12 06:38:07
2026-09-12 06:33:09,ENSE626,0101,Dane Cooper,20,16,0,2026-09-12 06:38:07
2026-09-12 06:33:09,ENSE626,SY01,Dane Cooper,15,9,0,2026-09-12 06:38:07
2026-09-12 06:33:09,ENSP101,0101,Annette Spivy,25,0,0,2026-09-12 06:38:09
2026-09-12 06:33:09,ENSP101,0102,Annette Spivy,24,0,0,2026-09-12 06:38:09
2026-09-12 06:33:09,ENSP101,0103,Annette Spivy,24,2,0,2026-09-12 06:38:09
2026-09-12 06:33:09,ENSP101,0104,Annette Spivy,24,1,0,2026-09-12 06:38:09
2026-09-12 06:33:09,ENSP101,0105,Annette Spivy,25,1,0,2026-09-12 06:38:09
2026-09-12 06:33:09,ENSP101,0106,Annette Spivy,24,0,0,2026-09-12 06:38:09
2026-09-12 06:33:09,ENSP101,0107,Annette Spivy,24,0,0,2026-09-12 06:38:09
2026-09-12 06:33:09,ENSP101,FC01,Annette Spivy,32,1,0,2026-09-12 06:38:09
2026-09-12 06:33:09,ENSP305,0101,Annette Spivy,23,0,1,2026-09-12 06:38:09
2026-09-12 06:33:09,ENSP330,0101,Joanna Goger,35,0,0,2026-09-12 06:38:09
2026-09-12 06:33:09,ENSP340,0101,Caroline Boules,25,0,0,2026-09-12 06:38:09
2026-09-12 06:33:09,ENSP360,0101,Leena Malayil,25,0,5,2026-09-12 06:38:10
2026-09-12 06:33:09,ENSP399R,0601,Annette Spivy,10,10,0,2026-09-12 06:38:10
2026-09-12 06:33:09,ENSP399R,1001,Jennifer Mullinax,10,10,0,2026-09-12 06:38:10
2026-09-12 06:33:09,ENSP400,0101,Joanna Goger,35,13,0,2026-09-12 06:38:11
2026-09-12 06:33:09,ENSP400,0102,Joanna Goger,35,11,0,2026-09-12 06:38:11
2026-09-12 06:33:09,ENVH121,FC01,Brienna Anderson,20,12,0,2026-09-12 06:38:21
2026-09-12 06:33:09,ENVH381,0101,Donald Milton,30,10,0,2026-09-12 06:38:21
2026-09-12 06:33:09,FGSM310,0101,Peter Owen,24,1,0,2026-09-12 06:38:24
2026-09-12 06:33:09,FGSM315,0101,Emily Shetty,22,0,0,2026-09-12 06:38:24
2026-09-12 06:33:09,FGSM320,0101,Woodie Kessel,24,2,0,2026-09-12 06:38:24
2026-09-12 06:33:09,FGSM325,0101,Rob Long,20,1,0,2026-09-12 06:38:25
2026-09-12 06:33:09,FGSM330,0101,Andrew Fausett,22,2,0,2026-09-12 06:38:25
2026-09-12 06:33:09,FGSM340,0101,Ed Fendley,22,1,0,2026-09-12 06:38:25
2026-09-12 06:33:09,FGSM350,0101,Sean Misko,22,1,0,2026-09-12 06:38:25
2026-09-12 06:33:09,FGSM355,0101,Amanda Schoch,20,0,0,2026-09-12 06:38:25
2026-09-12 06:33:09,FGSM360,0101,Nadia Farra,21,0,0,2026-09-12 06:38:26
2026-09-12 06:33:09,FGSM365,0101,Andrew Nissen,20,2,0,2026-09-12 06:38:26
2026-09-12 06:33:09,FGSM370,0101,Joshua Glasser,20,0,0,2026-09-12 06:38:26
2026-09-12 06:33:09,FGSM390,0101,Sasha Koo-Oshima,20,3,0,2026-09-12 06:38:26
2026-09-12 06:33:09,FGSM398,0101,Jayakumar Arasan,25,21,0,2026-09-12 06:38:26
2026-09-12 06:33:09,FGSM398,0201,Jayakumar Arasan,5,2,0,2026-09-12 06:38:26
2026-09-12 06:33:09,FIRE120,0101,Jessica O'Hara,36,0,0,2026-09-12 06:38:28
2026-09-12 06:33:09,FIRE120,0102,Shannon Hilton,36,7,0,2026-09-12 06:38:28
2026-09-12 06:33:09,FIRE120,0103,Jaclyn Bruner,36,2,0,2026-09-12 06:38:28
2026-09-12 06:33:09,FIRE120,0104,Danielle Niu,36,0,0,2026-09-12 06:38:28
2026-09-12 06:33:09,FIRE120,0105,Cherisse Hall,36,0,0,2026-09-12 06:38:28
2026-09-12 06:33:09,FIRE120,0106,Sara Strey,36,0,0,2026-09-12 06:38:28
2026-09-12 06:33:09,FIRE120,0107,Helene Nguemgaing,36,1,0,2026-09-12 06:38:28
2026-09-12 06:33:09,FIRE120,0108,Mary Chey,36,0,0,2026-09-12 06:38:28
2026-09-12 06:33:09,FIRE120,0109,Shannon Hilton,36,0,0,2026-09-12 06:38:28
2026-09-12 06:33:09,FIRE120,0110,Lena Johnson,36,0,0,2026-09-12 06:38:28
2026-09-12 06:33:09,FIRE120,0111,Benjamin Huffman,36,0,0,2026-09-12 06:38:28
2026-09-12 06:33:09,FIRE120,0112,Mary Chey,36,1,0,2026-09-12 06:38:28
2026-09-12 06:33:09,FIRE120,0113,Elizabeth Massey,36,8,0,2026-09-12 06:38:28
2026-09-12 06:33:09,FIRE120,0114,Benjamin Huffman,36,0,0,2026-09-12 06:38:28
2026-09-12 06:33:09,FIRE120,FC01,Danielle Niu,40,0,10,2026-09-12 06:38:28
2026-09-12 06:33:09,FIRE298,0101,Catherine Spirito,28,3,0,2026-09-12 06:38:28
2026-09-12 06:33:09,FIRE298,0103,Cherisse Hall,36,7,0,2026-09-12 06:38:28
2026-09-12 06:33:09,FIRE298,0104,Jessica O'Hara,36,4,0,2026-09-12 06:38:28
2026-09-12 06:33:09,FIRE298,0105,Kaylee Bloom,36,7,0,2026-09-12 06:38:28
2026-09-12 06:33:09,FIRE298,0106,Danielle Niu,36,16,0,2026-09-12 06:38:28
2026-09-12 06:33:09,FIRE298,0107,Benjamin Huffman,40,1,0,2026-09-12 06:38:28
2026-09-12 06:33:09,FIRE298,0108,Elizabeth Massey,40,14,0,2026-09-12 06:38:28
2026-09-12 06:33:09,FIRE298,0109,Shannon Hilton,40,6,0,2026-09-12 06:38:28
2026-09-12 06:33:09,FIRE298,0110,Jaclyn Bruner,40,19,0,2026-09-12 06:38:28
2026-09-12 06:33:09,FIRE298,0111,Mary Chey,36,4,0,2026-09-12 06:38:28
2026-09-12 06:33:09,FIRE298,0112,Helene Nguemgaing,40,16,0,2026-09-12 06:38:28
2026-09-12 06:33:09,FIRE298,0113,Kristina Kramarczuk,40,11,0,2026-09-12 06:38:28
2026-09-12 06:33:09,FIRE298,0114,Shabnam Jabeen,40,22,0,2026-09-12 06:38:28
2026-09-12 06:33:09,FIRE298,0115,Sara Strey,40,14,0,2026-09-12 06:38:28
2026-09-12 06:33:09,FIRE298,0116,Lena Johnson,40,6,0,2026-09-12 06:38:28
2026-09-12 06:33:09,FIRE398,0101,Catherine Spirito,15,2,0,2026-09-12 06:38:28
2026-09-12 06:33:09,FIRE398,0103,Cherisse Hall,15,5,0,2026-09-12 06:38:28
2026-09-12 06:33:09,FIRE398,0104,Jessica O'Hara,15,1,0,2026-09-12 06:38:28
2026-09-12 06:33:09,FIRE398,0105,Kaylee Bloom,15,2,0,2026-09-12 06:38:28
2026-09-12 06:33:09,FIRE398,0106,Danielle Niu,15,10,0,2026-09-12 06:38:28
2026-09-12 06:33:09,FIRE398,0107,Benjamin Huffman,15,3,0,2026-09-12 06:38:28
2026-09-12 06:33:09,FIRE398,0108,Elizabeth Massey,15,6,0,2026-09-12 06:38:28
2026-09-12 06:33:09,FIRE398,0109,Shannon Hilton,15,6,0,2026-09-12 06:38:28
2026-09-12 06:33:09,FIRE398,0110,Jaclyn Bruner,15,9,0,2026-09-12 06:38:28
2026-09-12 06:33:09,FIRE398,0111,Mary Chey,15,3,0,2026-09-12 06:38:28
2026-09-12 06:33:09,FIRE398,0112,Helene Nguemgaing,15,15,0,2026-09-12 06:38:28
2026-09-12 06:33:09,FIRE398,0113,Kristina Kramarczuk,15,8,0,2026-09-12 06:38:28
2026-09-12 06:33:09,FIRE398,0114,Shabnam Jabeen,15,15,0,2026-09-12 06:38:28
2026-09-12 06:33:09,FIRE398,0115,Sara Strey,15,14,0,2026-09-12 06:38:28
2026-09-12 06:33:09,FIRE398,0116,Lena Johnson,15,11,0,2026-09-12 06:38:28
2026-09-12 06:33:09,GBHL200,0101,Hassanatu Blake,30,0,0,2026-09-12 06:38:39
2026-09-12 06:33:09,GBHL200,FC01,Zandra Andre,25,3,0,2026-09-12 06:38:39
2026-09-12 06:33:09,GBHL210,0101,Leena Malayil,25,8,0,2026-09-12 06:38:39
2026-09-12 06:33:09,GEMS101,0101,Allison Lansverk,10,1,0,2026-09-12 06:38:41
2026-09-12 06:33:09,GEMS101,0103,Allison Lansverk,10,0,0,2026-09-12 06:38:41
2026-09-12 06:33:09,GEMS101,0104,Allison Lansverk,10,0,0,2026-09-12 06:38:41
2026-09-12 06:33:09,GEMS101,0105,Allison Lansverk,10,0,0,2026-09-12 06:38:41
2026-09-12 06:33:09,GEMS101,0106,Allison Lansverk,10,0,0,2026-09-12 06:38:41
2026-09-12 06:33:09,GEMS101,0107,Allison Lansverk,10,0,0,2026-09-12 06:38:41
2026-09-12 06:33:09,GEMS101,0109,Allison Lansverk,10,0,0,2026-09-12 06:38:41
2026-09-12 06:33:09,GEMS101,0111,Allison Lansverk,10,0,0,2026-09-12 06:38:41
2026-09-12 06:33:09,GEMS101,0113,Allison Lansverk,10,0,0,2026-09-12 06:38:41
2026-09-12 06:33:09,GEMS101,0114,Allison Lansverk,10,0,0,2026-09-12 06:38:41
2026-09-12 06:33:09,GEMS202,0101,David Lovell,168,43,0,2026-09-12 06:38:41
2026-09-12 06:33:09,GEMS208A,0101,Allison Lansverk,14,14,0,2026-09-12 06:38:41
2026-09-12 06:33:09,GEMS208B,0101,Allison Lansverk,14,14,0,2026-09-12 06:38:42
2026-09-12 06:33:09,GEMS208C,0101,Allison Lansverk,23,10,0,2026-09-12 06:38:42
2026-09-12 06:33:09,GEMS208D,0101,Allison Lansverk,10,9,0,2026-09-12 06:38:42
2026-09-12 06:33:09,GEMS208P,0101,Allison Lansverk,20,6,0,2026-09-12 06:38:42
2026-09-12 06:33:09,GEMS296,0101,Sehrish Shikarpurya,14,6,0,2026-09-12 06:38:42
2026-09-12 06:33:09,GEMS296,0102,David Lovell,14,1,0,2026-09-12 06:38:42
2026-09-12 06:33:09,GEMS296,0103,Myles Poulin,14,1,0,2026-09-12 06:38:42
2026-09-12 06:33:09,GEMS296,0104,Raymond Adomaitis,14,3,0,2026-09-12 06:38:42
2026-09-12 06:33:09,GEMS296,0105,Rodolphe Gentili,14,4,0,2026-09-12 06:38:42
2026-09-12 06:33:09,GEMS296,0106,Jared Grauer,14,6,0,2026-09-12 06:38:42
2026-09-12 06:33:09,GEMS296,0107,Fengfeng Ke,14,4,0,2026-09-12 06:38:42
2026-09-12 06:33:09,GEMS296,0108,Eric Silk,14,4,0,2026-09-12 06:38:42
2026-09-12 06:33:09,GEMS296,0109,Huang Chiao Huang,14,1,0,2026-09-12 06:38:42
2026-09-12 06:33:09,GEMS296,0110,Mengqiang Zhu,14,6,0,2026-09-12 06:38:42
2026-09-12 06:33:09,GEMS296,0111,Maria Molina,14,6,0,2026-09-12 06:38:42
2026-09-12 06:33:09,GEMS296,0112,Youssef Kousa,14,1,0,2026-09-12 06:38:42
2026-09-12 06:33:09,GEMS296,0113,Instructor: TBA,5,5,0,2026-09-12 06:38:42
2026-09-12 06:33:09,GEMS296,0114,Instructor: TBA,14,14,0,2026-09-12 06:38:42
2026-09-12 06:33:09,GEMS296,0115,David Lovell,5,5,0,2026-09-12 06:38:42
2026-09-12 06:33:09,GEMS297,0113,Instructor: TBA,5,5,0,2026-09-12 06:38:42
2026-09-12 06:33:09,GEMS396,0101,Michael Humber,14,7,0,2026-09-12 06:38:43
2026-09-12 06:33:09,GEMS396,0102,Seth Dickey,14,2,0,2026-09-12 06:38:43
2026-09-12 06:33:09,GEMS396,0103,Cecilia Huertas Cerdeira,14,7,0,2026-09-12 06:38:43
2026-09-12 06:33:09,GEMS396,0104,Rodolphe Gentili,14,2,0,2026-09-12 06:38:43
2026-09-12 06:33:09,GEMS396,0105,Allison Reilly,14,5,0,2026-09-12 06:38:43
2026-09-12 06:33:09,GEMS396,0106,Peter Sunderland,14,5,0,2026-09-12 06:38:43
2026-09-12 06:33:09,GEMS396,0107,Brett Lacey,14,8,0,2026-09-12 06:38:43
2026-09-12 06:33:09,GEMS396,0108,Natalia Buzulukova,14,4,0,2026-09-12 06:38:43
2026-09-12 06:33:09,GEMS396,0109,Anil Deane,14,4,0,2026-09-12 06:38:43
2026-09-12 06:33:09,GEMS396,0110,Colenso Speer,14,3,0,2026-09-12 06:38:43
2026-09-12 06:33:09,GEMS396,0111,Instructor: TBA,14,14,0,2026-09-12 06:38:43
2026-09-12 06:33:09,GEMS396,0112,Instructor: TBA,14,14,0,2026-09-12 06:38:43
2026-09-12 06:33:09,GEMS396,0113,David Lovell,5,5,0,2026-09-12 06:38:43
2026-09-12 06:33:09,GEMS396,0114,David Lovell,5,5,0,2026-09-12 06:38:43
2026-09-12 06:33:09,GEMS397,0113,David Lovell,5,4,0,2026-09-12 06:38:43
2026-09-12 06:33:09,GEMS496,0101,Eric Haag,14,8,0,2026-09-12 06:38:43
2026-09-12 06:33:09,GEMS496,0102,Mohammad Nayeem Teli,14,10,0,2026-09-12 06:38:43
2026-09-12 06:33:09,GEMS496,0103,Norberto Gonzalez- Juarbe,14,4,0,2026-09-12 06:38:43
2026-09-12 06:33:09,GEMS496,0104,Abhinav Shrivastava,14,6,0,2026-09-12 06:38:43
2026-09-12 06:33:09,GEMS496,0105,Hector Alcala,14,4,0,2026-09-12 06:38:43
2026-09-12 06:33:09,GEMS496,0106,Massimo Ricotti,14,4,0,2026-09-12 06:38:43
2026-09-12 06:33:09,GEMS496,0107,Reza Ghodssi,14,7,0,2026-09-12 06:38:43
2026-09-12 06:33:09,GEMS496,0108,Nikhil Chopra,14,8,0,2026-09-12 06:38:43
2026-09-12 06:33:09,GEMS496,0109,Kimberly Stroka,14,4,0,2026-09-12 06:38:43
2026-09-12 06:33:09,GEMS496,0110,Gorjan Alagic,14,13,0,2026-09-12 06:38:43
2026-09-12 06:33:09,GEMS496,0111,Alisa Clyne,14,6,0,2026-09-12 06:38:43
2026-09-12 06:33:09,GEMS496,0112,Xin Zan,14,10,0,2026-09-12 06:38:43
2026-09-12 06:33:09,GEMS496,0113,Erin Tran,14,14,0,2026-09-12 06:38:43
2026-09-12 06:33:09,GEMS496,0114,David Lovell,5,5,0,2026-09-12 06:38:43
2026-09-12 06:33:09,GEMS497,0107,Instructor: TBA,14,14,0,2026-09-12 06:38:43
2026-09-12 06:33:09,GEMS497,0110,Instructor: TBA,5,5,0,2026-09-12 06:38:43
2026-09-12 06:33:09,GEMS497,0113,David Lovell,5,5,0,2026-09-12 06:38:43
2026-09-12 06:33:09,GFPL100,0101,Joshua Itzkowitz Shifrinson,20,1,0,2026-09-12 06:38:59
2026-09-12 06:33:09,GFPL100,0102,Joshua Itzkowitz Shifrinson,20,1,0,2026-09-12 06:38:59
2026-09-12 06:33:09,GFPL100,0103,Joshua Itzkowitz Shifrinson,20,1,0,2026-09-12 06:38:59
2026-09-12 06:33:09,GFPL100,0104,Joshua Itzkowitz Shifrinson,20,0,0,2026-09-12 06:38:59
2026-09-12 06:33:09,GFPL100,0105,Joshua Itzkowitz Shifrinson,20,2,0,2026-09-12 06:38:59
2026-09-12 06:33:09,GFPL100,0106,Joshua Itzkowitz Shifrinson,25,2,0,2026-09-12 06:38:59
2026-09-12 06:33:09,GFPL100,FC01,Devin Entrikin,30,0,0,2026-09-12 06:38:59
2026-09-12 06:33:09,GFPL102,0101,Caroline Ritter,95,32,0,2026-09-12 06:38:59
2026-09-12 06:33:09,GFPL371,0101,Joshua Itzkowitz Shifrinson,35,0,0,2026-09-12 06:38:59
2026-09-12 06:33:09,GFPL388A,0101,Shannon Carcelli,5,5,0,2026-09-12 06:38:59
2026-09-12 06:33:09,GFPL388B,0101,Hyunki Kim,5,5,0,2026-09-12 06:38:59
2026-09-12 06:33:09,GFPL388C,0101,Scott Kastner,5,0,0,2026-09-12 06:38:59
2026-09-12 06:33:09,GFPL390,0101,Lena Andrews,20,0,0,2026-09-12 06:39:00
2026-09-12 06:33:09,GFPL490,0101,Michael Woldemariam,15,2,0,2026-09-12 06:39:00
2026-09-12 06:33:09,GFPL492,0101,Steve Fetter,20,1,0,2026-09-12 06:39:00
2026-09-12 06:33:09,GLBC200,0101,Chris Lewis,30,4,0,2026-09-12 06:39:01
2026-09-12 06:33:09,GLBC350,0101,Michele Mason,30,27,0,2026-09-12 06:39:02
2026-09-12 06:33:09,HACS100,0101,Cassie Harrington,40,2,0,2026-09-12 06:39:11
2026-09-12 06:33:09,HACS100,0201,Cassie Harrington,40,14,0,2026-09-12 06:39:11
2026-09-12 06:33:09,HACS200,0101,Michel Cukier,34,10,0,2026-09-12 06:39:11
2026-09-12 06:33:09,HACS200,0201,Michel Cukier,34,1,0,2026-09-12 06:39:11
2026-09-12 06:33:09,HACS202,0101,Bertrand Sobesto,52,19,0,2026-09-12 06:39:12
2026-09-12 06:33:09,HACS208A,0101,Lawrence Gordon,20,0,2,2026-09-12 06:39:12
2026-09-12 06:33:09,HACS208C,0101,Lamia Zia,26,9,0,2026-09-12 06:39:12
2026-09-12 06:33:09,HACS208P,0101,Charles Harry,26,0,0,2026-09-12 06:39:12
2026-09-12 06:33:09,HACS297,0101,Sarah Herberger,25,5,0,2026-09-12 06:39:13
2026-09-12 06:33:09,HACS408E,0101,Luke Mains,30,11,0,2026-09-12 06:39:13
2026-09-12 06:33:09,HACS408L,0101,Ian Serbin,30,2,0,2026-09-12 06:39:13
2026-09-12 06:33:09,HACS408M,0101,John McGahagan,30,0,0,2026-09-12 06:39:13
2026-09-12 06:33:09,HACS498,0101,Thomas Woods,7,1,0,2026-09-12 06:39:14
2026-09-12 06:33:09,HACS498,0201,David Trott,9,0,0,2026-09-12 06:39:14
2026-09-12 06:33:09,HACS498,0301,Michel Cukier,8,0,0,2026-09-12 06:39:14
2026-09-12 06:33:09,HBUS100,0101,Jui Ramaprasad,72,4,0,2026-09-12 06:39:15
2026-09-12 06:33:09,HBUS200,0101,Nicole Coomber,60,1,0,2026-09-12 06:39:15
2026-09-12 06:33:09,HDCC105,0101,Antwon Key,70,7,0,2026-09-12 06:39:16
2026-09-12 06:33:09,HDCC201,0101,Jessica Lu,22,0,0,2026-09-12 06:39:17
2026-09-12 06:33:09,HDCC201,0201,Jessica Lu,22,0,0,2026-09-12 06:39:17
2026-09-12 06:33:09,HDCC201,0301,Jessica Lu,22,3,0,2026-09-12 06:39:17
2026-09-12 06:33:09,HDCC208A,0101,William Evans,14,0,0,2026-09-12 06:39:17
2026-09-12 06:33:09,HDCC208J,0101,Grant Bollmer,14,0,0,2026-09-12 06:39:17
2026-09-12 06:33:09,HDCC208P,0101,Cliff Bakalian,14,1,0,2026-09-12 06:39:17
2026-09-12 06:33:09,HDCC208T,0101,Jonathan Reyes,14,0,0,2026-09-12 06:39:17
2026-09-12 06:33:09,HDCC208Z,0101,M Sauter,14,7,0,2026-09-12 06:39:17
2026-09-12 06:33:09,HEBR106,0101,Avital Karpman,15,1,0,2026-09-12 06:39:19
2026-09-12 06:33:09,HEBR106,0201,Avital Karpman,15,5,0,2026-09-12 06:39:19
2026-09-12 06:33:09,HEBR206,0101,Avital Karpman,15,4,0,2026-09-12 06:39:19
2026-09-12 06:33:09,HEBR249C,0101,Aliza Sandalon,15,0,1,2026-09-12 06:39:19
2026-09-12 06:33:09,HEBR298B,0101,Matthew Suriano,25,0,0,2026-09-12 06:39:20
2026-09-12 06:33:09,HEBR313,0101,Aliza Sandalon,20,0,3,2026-09-12 06:39:20
2026-09-12 06:33:09,HGLO100,0101,Alfredo Oliveira,22,7,0,2026-09-12 06:39:29
2026-09-12 06:33:09,HGLO100,0102,Natalie Vinski Ibrahim,22,9,0,2026-09-12 06:39:29
2026-09-12 06:33:09,HGLO100,0103,Natalie Vinski Ibrahim,22,1,0,2026-09-12 06:39:29
2026-09-12 06:33:09,HGLO100,0104,Alfredo Oliveira,22,11,0,2026-09-12 06:39:29
2026-09-12 06:33:09,HGLO101,0101,Sarah Croco,23,3,0,2026-09-12 06:39:30
2026-09-12 06:33:09,HGLO101,0102,Sarah Croco,22,9,0,2026-09-12 06:39:30
2026-09-12 06:33:09,HGLO101,0103,Sarah Croco,22,5,0,2026-09-12 06:39:30
2026-09-12 06:33:09,HGLO101,0104,Sarah Croco,22,13,0,2026-09-12 06:39:30
2026-09-12 06:33:09,HGLO207,0101,Natalie Vinski Ibrahim,25,12,0,2026-09-12 06:39:30
2026-09-12 06:33:09,HGLO208,0101,Sarah Croco,45,25,0,2026-09-12 06:39:30
2026-09-12 06:33:09,HGLO298,0101,Jordan Gouws-Dewar,30,25,0,2026-09-12 06:39:30
2026-09-12 06:33:09,HLSC100,0101,Jalah Townsend,24,3,0,2026-09-12 06:39:53
2026-09-12 06:33:09,HLSC100,0102,Jalah Townsend,24,2,0,2026-09-12 06:39:53
2026-09-12 06:33:09,HLSC100,0103,Jalah Townsend,24,4,0,2026-09-12 06:39:53
2026-09-12 06:33:09,HLSC100,0104,Jalah Townsend,24,7,0,2026-09-12 06:39:53
2026-09-12 06:33:09,HLSC280,0101,Najib El-Sayed,25,3,0,2026-09-12 06:39:53
2026-09-12 06:33:09,HLSC280,0102,Najib El-Sayed,25,4,0,2026-09-12 06:39:53
2026-09-12 06:33:09,HLSC280,0103,Najib El-Sayed,25,4,0,2026-09-12 06:39:53
2026-09-12 06:33:09,HLSC280,0104,Najib El-Sayed,25,9,0,2026-09-12 06:39:53
2026-09-12 06:33:09,HLSC329,0101,Sabrina Kramer,12,4,0,2026-09-12 06:39:53
2026-09-12 06:33:09,HNUH100,0101,Robert Graham,20,3,0,2026-09-12 06:40:02
2026-09-12 06:33:09,HNUH100,0102,Robert Graham,20,0,0,2026-09-12 06:40:02
2026-09-12 06:33:09,HNUH100,0103,Brittany Proudfoot Ginder,20,1,0,2026-09-12 06:40:02
2026-09-12 06:33:09,HNUH100,0104,Max Barnewitz,20,1,0,2026-09-12 06:40:02
2026-09-12 06:33:09,HNUH100,0105,Vasfiye Toprak,20,0,0,2026-09-12 06:40:02
2026-09-12 06:33:09,HNUH100,0106,Vasfiye Toprak,20,2,0,2026-09-12 06:40:02
2026-09-12 06:33:09,HNUH100,0201,Max Barnewitz,20,1,0,2026-09-12 06:40:02
2026-09-12 06:33:09,HNUH100,0202,Max Barnewitz,20,0,0,2026-09-12 06:40:02
2026-09-12 06:33:09,HNUH100,0203,Vasfiye Toprak,20,2,0,2026-09-12 06:40:02
2026-09-12 06:33:09,HNUH100,0204,Vasfiye Toprak,20,0,0,2026-09-12 06:40:02
2026-09-12 06:33:09,HNUH100,0205,Ayondela McDole,20,4,0,2026-09-12 06:40:02
2026-09-12 06:33:09,HNUH100,0206,Ayondela McDole,20,0,0,2026-09-12 06:40:02
2026-09-12 06:33:09,HNUH100,0301,Robert Graham,20,0,0,2026-09-12 06:40:02
2026-09-12 06:33:09,HNUH100,0302,Shauna Rigaud,20,8,0,2026-09-12 06:40:02
2026-09-12 06:33:09,HNUH100,0303,Shauna Rigaud,20,0,0,2026-09-12 06:40:02
2026-09-12 06:33:09,HNUH100,0304,Max Barnewitz,20,3,0,2026-09-12 06:40:02
2026-09-12 06:33:09,HNUH100,0305,Vasfiye Toprak,20,0,0,2026-09-12 06:40:02
2026-09-12 06:33:09,HNUH100,0306,Vasfiye Toprak,20,1,0,2026-09-12 06:40:02
2026-09-12 06:33:09,HNUH100,0401,Gretchen Bella,20,0,0,2026-09-12 06:40:02
2026-09-12 06:33:09,HNUH100,0402,Gretchen Bella,20,6,0,2026-09-12 06:40:02
2026-09-12 06:33:09,HNUH100,0403,Max Barnewitz,20,1,0,2026-09-12 06:40:02
2026-09-12 06:33:09,HNUH100,0404,Ayondela McDole,20,6,0,2026-09-12 06:40:02
2026-09-12 06:33:09,HNUH100,0405,Ayondela McDole,20,0,0,2026-09-12 06:40:02
2026-09-12 06:33:09,HNUH100,0406,Ayondela McDole,20,4,0,2026-09-12 06:40:02
2026-09-12 06:33:09,HNUH100,0501,Leigha McReynolds,10,4,0,2026-09-12 06:40:02
2026-09-12 06:33:09,HNUH100,0601,Brittany Proudfoot Ginder,20,0,0,2026-09-12 06:40:02
2026-09-12 06:33:09,HNUH218D,0101,Brian Gilmore,48,0,2,2026-09-12 06:40:02
2026-09-12 06:33:09,HNUH218L,0101,Shauna Rigaud,20,0,0,2026-09-12 06:40:03
2026-09-12 06:33:09,HNUH218L,0201,Shauna Rigaud,20,0,0,2026-09-12 06:40:03
2026-09-12 06:33:09,HNUH228D,0101,Matthew McLaughlin,60,2,0,2026-09-12 06:40:03
2026-09-12 06:33:09,HNUH228L,0101,Alena Wigodner,20,0,0,2026-09-12 06:40:03
2026-09-12 06:33:09,HNUH228L,0201,Alena Wigodner,20,0,0,2026-09-12 06:40:03
2026-09-12 06:33:09,HNUH228N,0101,Peter Grybauskas,20,0,0,2026-09-12 06:40:03
2026-09-12 06:33:09,HNUH229I,0101,Gretchen Bella,23,3,0,2026-09-12 06:40:03
2026-09-12 06:33:09,HNUH238D,0101,Susan Moeller,60,3,0,2026-09-12 06:40:04
2026-09-12 06:33:09,HNUH238L,0101,Kimberly Johnson,20,2,0,2026-09-12 06:40:04
2026-09-12 06:33:09,HNUH238L,0201,Kimberly Johnson,20,0,0,2026-09-12 06:40:04
2026-09-12 06:33:09,HNUH238N,0101,Hannah Wegmann,20,6,0,2026-09-12 06:40:04
2026-09-12 06:33:09,HNUH239T,0101,Gerald Suarez,20,0,0,2026-09-12 06:40:04
2026-09-12 06:33:09,HNUH248D,0101,Juan Uriagereka,45,3,0,2026-09-12 06:40:04
2026-09-12 06:33:09,HNUH248L,0201,Robert Graham,20,5,0,2026-09-12 06:40:04
2026-09-12 06:33:09,HNUH248M,0101,Hassanatu Blake,20,13,0,2026-09-12 06:40:05
2026-09-12 06:33:09,HNUH248N,0101,Siv Lie,20,0,1,2026-09-12 06:40:05
2026-09-12 06:33:09,HNUH249P,0101,Temim Nusraty,20,2,0,2026-09-12 06:40:05
2026-09-12 06:33:09,HNUH258C,0101,Bill Fagan,55,26,0,2026-09-12 06:40:05
2026-09-12 06:33:09,HNUH258Q,0101,Tiara Thomas,20,1,0,2026-09-12 06:40:05
2026-09-12 06:33:09,HNUH259P,0101,Hooman Koliji,20,2,0,2026-09-12 06:40:05
2026-09-12 06:33:09,HNUH268C,0101,Perla Guerrero,60,35,0,2026-09-12 06:40:06
2026-09-12 06:33:09,HNUH269P,0101,Marisa Franco,20,0,1,2026-09-12 06:40:06
2026-09-12 06:33:09,HNUH278C,0101,Chinyere Osuji,60,37,0,2026-09-12 06:40:06
2026-09-12 06:33:09,HNUH278I,0101,Marisa Franco,20,5,0,2026-09-12 06:40:08
2026-09-12 06:33:09,HNUH278I,0102,Marisa Franco,20,1,0,2026-09-12 06:40:08
2026-09-12 06:33:09,HNUH278R,0101,Max Barnewitz,20,4,0,2026-09-12 06:40:08
2026-09-12 06:33:09,HNUH288C,0101,Julia Steinberg,30,3,0,2026-09-12 06:40:08
2026-09-12 06:33:09,HNUH288C,0103,Julia Steinberg,30,9,0,2026-09-12 06:40:08
2026-09-12 06:33:09,HNUH288O,0101,Ariana Nash,20,1,0,2026-09-12 06:40:08
2026-09-12 06:33:09,HNUH300,0301,Vasfiye Toprak,20,0,0,2026-09-12 06:40:09
2026-09-12 06:33:09,HNUH300,0401,Robert Graham,20,0,0,2026-09-12 06:40:09
2026-09-12 06:33:09,HNUH300,0601,Alena Wigodner,20,0,0,2026-09-12 06:40:09
2026-09-12 06:33:09,HNUH300,0701,Ingrid Satelmajer,20,14,0,2026-09-12 06:40:09
2026-09-12 06:33:09,HNUH300,0801,Shauna Rigaud,20,0,0,2026-09-12 06:40:09
2026-09-12 06:33:09,HNUH300,0901,Kimberly Johnson,20,4,0,2026-09-12 06:40:09
2026-09-12 06:33:09,HNUH300,1001,Ingrid Satelmajer,20,13,0,2026-09-12 06:40:09
2026-09-12 06:33:09,HNUH318T,0101,Peter Owen,24,1,0,2026-09-12 06:40:09
2026-09-12 06:33:09,HNUH319T,0101,Emily Shetty,22,0,0,2026-09-12 06:40:09
2026-09-12 06:33:09,HNUH328T,0101,Woodie Kessel,24,2,0,2026-09-12 06:40:09
2026-09-12 06:33:09,HNUH329T,0101,Rob Long,20,1,0,2026-09-12 06:40:10
2026-09-12 06:33:09,HNUH338T,0101,Andrew Fausett,22,2,0,2026-09-12 06:40:10
2026-09-12 06:33:09,HNUH348T,0101,Ed Fendley,22,1,0,2026-09-12 06:40:10
2026-09-12 06:33:09,HNUH358T,0101,Sean Misko,22,1,0,2026-09-12 06:40:10
2026-09-12 06:33:09,HNUH359T,0101,Amanda Schoch,20,0,0,2026-09-12 06:40:10
2026-09-12 06:33:09,HNUH368T,0101,Nadia Farra,21,0,0,2026-09-12 06:40:10
2026-09-12 06:33:09,HNUH369T,0101,Andrew Nissen,20,2,0,2026-09-12 06:40:11
2026-09-12 06:33:09,HNUH378T,0101,Joshua Glasser,20,0,0,2026-09-12 06:40:11
2026-09-12 06:33:09,HNUH398P,0101,Jayakumar Arasan,25,21,0,2026-09-12 06:40:11
2026-09-12 06:33:09,HNUH398P,0201,Jayakumar Arasan,5,2,0,2026-09-12 06:40:11
2026-09-12 06:33:09,HNUH398T,0101,Sasha Koo-Oshima,20,3,0,2026-09-12 06:40:11
2026-09-12 06:33:09,HONR368A,0101,Blake Wilder,22,0,0,2026-09-12 06:40:12
2026-09-12 06:33:09,IMDM101,0101,Mollye Bendell,30,16,0,2026-09-12 06:40:16
2026-09-12 06:33:09,IMDM101,0201,Myungin Lee,30,17,0,2026-09-12 06:40:16
2026-09-12 06:33:09,IMDM101,0301,Myungin Lee,30,23,0,2026-09-12 06:40:16
2026-09-12 06:33:09,IMDM127,0101,Roger Eastman,36,20,0,2026-09-12 06:40:16
2026-09-12 06:33:09,IMDM150,0101,Stefano Passeri,30,15,0,2026-09-12 06:40:16
2026-09-12 06:33:09,IMDM227,0101,Stevens Miller,30,2,0,2026-09-12 06:40:16
2026-09-12 06:33:09,IMDM227,0201,Stevens Miller,30,17,0,2026-09-12 06:40:16
2026-09-12 06:33:09,IMDM327,0101,Myungin Lee,25,0,0,2026-09-12 06:40:16
2026-09-12 06:33:09,IMDM350,0101,Jason Farman,29,12,0,2026-09-12 06:40:17
2026-09-12 06:33:09,IMDM490,0101,Matthew Nolan,30,0,0,2026-09-12 06:40:17
2026-09-12 06:33:09,IMDM490,0201,Matthew Nolan,30,16,0,2026-09-12 06:40:17
2026-09-12 06:33:09,IMDM498K,0101,Matthew Nolan,15,1,0,2026-09-12 06:40:17
2026-09-12 06:33:09,IMMR319D,0101,Beka Guluma,20,13,0,2026-09-12 06:40:20
2026-09-12 06:33:09,IMMR394,0101,Wenxi Yang,30,2,0,2026-09-12 06:40:20
2026-09-12 06:33:09,IMMR399,0101,Instructor: TBA,2,2,0,2026-09-12 06:40:21
2026-09-12 06:33:09,IMMR400,0101,Gerson Rosales,20,3,0,2026-09-12 06:40:21
2026-09-12 06:33:09,ISRL249J,0101,Aner Tal,30,24,0,2026-09-12 06:40:29
2026-09-12 06:33:09,ISRL249M,0101,Aliza Sandalon,15,0,1,2026-09-12 06:40:30
2026-09-12 06:33:09,ISRL283,0101,Shay Hazkani,35,6,0,2026-09-12 06:40:30
2026-09-12 06:33:09,ISRL349G,0101,Marwa Maziad,30,1,0,2026-09-12 06:40:30
2026-09-12 06:33:09,ISRL349K,0101,Regev Ben-David,30,24,0,2026-09-12 06:40:30
2026-09-12 06:33:09,ISRL349T,0101,Elli Lieberman,35,22,0,2026-09-12 06:40:30
2026-09-12 06:33:09,ISRL349Y,0101,Adina Friedman,35,27,0,2026-09-12 06:40:30
2026-09-12 06:33:09,ISRL382,0101,Ilai Saltzman,35,1,0,2026-09-12 06:40:31
2026-09-12 06:33:09,ISRL448R,0101,Morad Elsana,25,10,0,2026-09-12 06:40:31
2026-09-12 06:33:09,ITAL103,0101,Antonella D'Amario,18,14,0,2026-09-12 06:40:32
2026-09-12 06:33:09,ITAL103,0201,Antonella D'Amario,18,6,0,2026-09-12 06:40:32
2026-09-12 06:33:09,ITAL103,0301,Joseph Falvo,18,6,0,2026-09-12 06:40:32
2026-09-12 06:33:09,ITAL203,0101,Antonella D'Amario,18,9,0,2026-09-12 06:40:32
2026-09-12 06:33:09,ITAL203,0201,Antonella D'Amario,18,13,0,2026-09-12 06:40:32
2026-09-12 06:33:09,ITAL204,0101,Federica Soddu,18,14,0,2026-09-12 06:40:32
2026-09-12 06:33:09,ITAL207,0101,Mirella Vaglio,18,17,0,2026-09-12 06:40:33
2026-09-12 06:33:09,ITAL301,0101,Federica Soddu,20,11,0,2026-09-12 06:40:33
2026-09-12 06:33:09,ITAL362,0101,Federica Soddu,20,12,0,2026-09-12 06:40:33
2026-09-12 06:33:09,ITAL401,0101,Mirella Vaglio,15,12,0,2026-09-12 06:40:33
2026-09-12 06:33:09,ITAL421,0101,Joseph Falvo,25,14,0,2026-09-12 06:40:34
2026-09-12 06:33:09,ITAL478R,0101,Joseph Falvo,5,3,0,2026-09-12 06:40:34
2026-09-12 06:33:09,JAPN101,0101,Kumiko Akikawa,15,4,0,2026-09-12 06:40:35
2026-09-12 06:33:09,JAPN101,0201,Kumiko Akikawa,15,6,0,2026-09-12 06:40:35
2026-09-12 06:33:09,JAPN101,0301,Kumiko Akikawa,15,5,0,2026-09-12 06:40:35
2026-09-12 06:33:09,JAPN201,0101,Makiko Inoue,15,5,0,2026-09-12 06:40:35
2026-09-12 06:33:09,JAPN201,0201,Makiko Inoue,15,8,0,2026-09-12 06:40:35
2026-09-12 06:33:09,JAPN301,0101,Mari Hamada,15,9,0,2026-09-12 06:40:36
2026-09-12 06:33:09,JAPN311,0101,Jyana Browne,15,11,0,2026-09-12 06:40:36
2026-09-12 06:33:09,JAPN315,0101,Michele Mason,20,6,0,2026-09-12 06:40:36
2026-09-12 06:33:09,JAPN320,0101,Lindsay Yotsukura,15,8,0,2026-09-12 06:40:36
2026-09-12 06:33:09,JAPN498B,0101,Jyana Browne,20,3,0,2026-09-12 06:40:37
2026-09-12 06:33:09,KORA101,0101,Saerom Kwak,15,0,1,2026-09-12 06:41:04
2026-09-12 06:33:09,KORA101,0201,Saerom Kwak,15,1,0,2026-09-12 06:41:04
2026-09-12 06:33:09,KORA101,0301,Saerom Kwak,15,5,0,2026-09-12 06:41:04
2026-09-12 06:33:09,KORA101,0401,Saerom Kwak,15,5,0,2026-09-12 06:41:04
2026-09-12 06:33:09,KORA201,0101,Seong Minne Koh,15,4,0,2026-09-12 06:41:04
2026-09-12 06:33:09,KORA201,0201,Seong Minne Koh,15,5,0,2026-09-12 06:41:04
2026-09-12 06:33:09,KORA201,0301,Seong Minne Koh,15,8,0,2026-09-12 06:41:04
2026-09-12 06:33:09,KORA398G,0101,Instructor: TBA,10,7,0,2026-09-12 06:41:04
2026-09-12 06:33:09,KORA398W,0101,Seong Minne Koh,10,3,0,2026-09-12 06:41:04
2026-09-12 06:33:09,LEAD217,0101,Festus Ainoo,25,0,0,2026-09-12 06:41:15
2026-09-12 06:33:09,LEAD217,0201,Adrian Bitton,25,0,0,2026-09-12 06:41:15
2026-09-12 06:33:09,LEAD217,FC01,Festus Ainoo,22,0,1,2026-09-12 06:41:15
2026-09-12 06:33:09,LEAD305,0101,Anastasia Lavrenyuk,20,4,0,2026-09-12 06:41:15
2026-09-12 06:33:09,LEAD315,0101,Anastasia Lavrenyuk,25,11,0,2026-09-12 06:41:16
2026-09-12 06:33:09,LEAD320,0101,Courtney Holder,10,8,0,2026-09-12 06:41:16
2026-09-12 06:33:09,LGBT200,0201,Basanth Babu,25,0,3,2026-09-12 06:41:17
2026-09-12 06:33:09,LGBT265,0101,Tyra Griffin,30,0,0,2026-09-12 06:41:17
2026-09-12 06:33:09,LGBT265,0201,Declan Langton,30,2,0,2026-09-12 06:41:17
2026-09-12 06:33:09,LGBT359J,0101,Chris Eng,25,14,0,2026-09-12 06:41:17
2026-09-12 06:33:09,MLAW100,0101,Christine White,83,15,0,2026-09-12 06:41:43
2026-09-12 06:33:09,MLAW304,0201,Christine White,65,16,0,2026-09-12 06:41:43
2026-09-12 06:33:09,MLAW305,0101,Brian Gilmore,40,2,0,2026-09-12 06:41:43
2026-09-12 06:33:09,MLAW315,0101,Grace Benton,13,3,0,2026-09-12 06:41:43
2026-09-12 06:33:09,MLAW358Q,0101,David Cunningham,0,0,0,2026-09-12 06:41:43
2026-09-12 06:33:09,MLAW358T,0101,Christine White,25,6,0,2026-09-12 06:41:49
2026-09-12 06:33:09,MLAW358X,0101,Martin Kobren,5,0,0,2026-09-12 06:41:49
2026-09-12 06:33:09,MLAW359,0101,Brandee Pettus,10,4,0,2026-09-12 06:41:50
2026-09-12 06:33:09,MLAW378E,0101,Brandee Pettus,5,5,0,2026-09-12 06:41:50
2026-09-12 06:33:09,MLAW378K,0101,Brian Gilmore,20,1,0,2026-09-12 06:41:50
2026-09-12 06:33:09,MLAW378Q,0101,Paul Huth,2,0,0,2026-09-12 06:41:57
2026-09-12 06:33:09,MLAW378R,0101,Nancy Schertzing,13,2,0,2026-09-12 06:41:58
2026-09-12 06:33:09,MLAW388,0101,Brandee Pettus,40,20,0,2026-09-12 06:41:58
2026-09-12 06:33:09,MLSC250,FC01,William Simpson,24,4,0,2026-09-12 06:41:59
2026-09-12 06:33:09,NEUR200,0101,Ana Navarro Cebrian,80,3,0,2026-09-12 06:42:16
2026-09-12 06:33:09,NEUR200,0201,Ana Navarro Cebrian,80,0,1,2026-09-12 06:42:16
2026-09-12 06:33:09,NEUR200,0301,Evan Hart,80,0,0,2026-09-12 06:42:16
2026-09-12 06:33:09,NEUR305,0101,Amanda Chicoli,100,10,0,2026-09-12 06:42:16
2026-09-12 06:33:09,NEUR306,0101,Chan Lin,200,7,0,2026-09-12 06:42:16
2026-09-12 06:33:09,NEUR398H,0101,Nikolas Francis,20,1,0,2026-09-12 06:42:17
2026-09-12 06:33:09,NEUR405,0101,Hilary Bierman,20,1,0,2026-09-12 06:42:17
2026-09-12 06:33:09,NEUR405,0102,Hilary Bierman,20,0,0,2026-09-12 06:42:17
2026-09-12 06:33:09,NEUR405,0103,Hilary Bierman,20,0,0,2026-09-12 06:42:17
2026-09-12 06:33:09,PEER312,0101,Aleia Gardner,15,8,0,2026-09-12 06:42:27
2026-09-12 06:33:09,PEER318,0101,Christina Jay,15,11,0,2026-09-12 06:42:27
2026-09-12 06:33:09,PEER319,0101,Grace Boudreau,15,7,0,2026-09-12 06:42:27
2026-09-12 06:33:09,PHPE308D,0101,Xinzhi Zhao,30,8,0,2026-09-12 06:42:37
2026-09-12 06:33:09,PHPE308F,0101,Regev Ben-David,30,24,0,2026-09-12 06:42:37
2026-09-12 06:33:09,PHPE308O,0101,Jackson Iszler,30,0,0,2026-09-12 06:42:38
2026-09-12 06:33:09,PHPE308T,0101,Hallie Liberto,30,17,0,2026-09-12 06:42:38
2026-09-12 06:33:09,PHPE308Y,0101,Rachel Singpurwalla,20,0,1,2026-09-12 06:42:38
2026-09-12 06:33:09,PHPE308Y,0102,Rachel Singpurwalla,20,0,2,2026-09-12 06:42:38
2026-09-12 06:33:09,PHPE308Y,0103,Rachel Singpurwalla,20,0,3,2026-09-12 06:42:38
2026-09-12 06:33:09,PHPE400,0101,Justin Helms,18,0,0,2026-09-12 06:42:38
2026-09-12 06:33:09,PHPE400,0102,Justin Helms,18,1,0,2026-09-12 06:42:38
2026-09-12 06:33:09,PHPE400,0103,Justin Helms,20,1,0,2026-09-12 06:42:38
2026-09-12 06:33:09,PHPE401,0101,Xinzhi Zhao,25,0,4,2026-09-12 06:42:38
2026-09-12 06:33:09,PHPE402,0101,Dan Moller,30,2,0,2026-09-12 06:42:39
2026-09-12 06:33:09,PHPE408J,0101,Lixing Miao,25,1,0,2026-09-12 06:42:39
2026-09-12 06:33:09,PHPE408R,0101,Xinzhi Zhao,25,8,0,2026-09-12 06:42:39
2026-09-12 06:33:09,PHSC388J,0101,Kendall Bustad,20,6,0,2026-09-12 06:42:40
2026-09-12 06:33:09,PHSC399,0101,Shannon Edward,30,8,0,2026-09-12 06:42:41
2026-09-12 06:33:09,PHSC415,0101,Jessica O'Hara,31,0,1,2026-09-12 06:42:41
2026-09-12 06:33:09,PHSC415,0102,Jessica O'Hara,31,0,1,2026-09-12 06:42:41
2026-09-12 06:33:09,PHSC415,0103,Jessica O'Hara,31,0,1,2026-09-12 06:42:41
2026-09-12 06:33:09,PHSC415,0104,Jessica O'Hara,31,2,0,2026-09-12 06:42:41
2026-09-12 06:33:09,PHSC415,0105,Jessica O'Hara,31,2,0,2026-09-12 06:42:41
2026-09-12 06:33:09,PHSC420,0101,Jennifer German,35,4,0,2026-09-12 06:42:41
2026-09-12 06:33:09,PHSC450,0101,Kendall Bustad,20,0,0,2026-09-12 06:42:42
2026-09-12 06:33:09,PHSC450,0102,Kendall Bustad,20,0,0,2026-09-12 06:42:42
2026-09-12 06:33:09,PHSC450,0103,Kendall Bustad,20,0,0,2026-09-12 06:42:42
2026-09-12 06:33:09,PHSC450,0104,Kendall Bustad,20,1,0,2026-09-12 06:42:42
2026-09-12 06:33:09,PHSC450,0105,Kendall Bustad,20,0,0,2026-09-12 06:42:42
2026-09-12 06:33:09,PHSC450,0106,Kendall Bustad,20,0,0,2026-09-12 06:42:42
2026-09-12 06:33:09,PHSC450,0107,Kendall Bustad,20,1,0,2026-09-12 06:42:42
2026-09-12 06:33:09,PHSC450,0108,Kendall Bustad,20,0,0,2026-09-12 06:42:42
2026-09-12 06:33:09,PHSC497,0101,Kendall Bustad,20,2,0,2026-09-12 06:42:42
2026-09-12 06:33:09,PHSC497,0301,Shannon Edward,20,3,0,2026-09-12 06:42:42
2026-09-12 06:33:09,PHSC497,0601,Jennifer German,20,3,0,2026-09-12 06:42:42
2026-09-12 06:33:09,PLCY100,0101,Toby Egan,25,0,1,2026-09-12 06:42:56
2026-09-12 06:33:09,PLCY100,0102,Toby Egan,25,0,0,2026-09-12 06:42:56
2026-09-12 06:33:09,PLCY100,0103,Toby Egan,25,0,0,2026-09-12 06:42:56
2026-09-12 06:33:09,PLCY100,0104,Toby Egan,25,1,0,2026-09-12 06:42:56
2026-09-12 06:33:09,PLCY100,0201,Namrta Sharma,25,12,0,2026-09-12 06:42:56
2026-09-12 06:33:09,PLCY100,0202,Namrta Sharma,25,15,0,2026-09-12 06:42:56
2026-09-12 06:33:09,PLCY100,0203,Namrta Sharma,25,1,0,2026-09-12 06:42:56
2026-09-12 06:33:09,PLCY100,0204,Namrta Sharma,25,10,0,2026-09-12 06:42:56
2026-09-12 06:33:09,PLCY101,0101,Robert Sprinkle,75,0,0,2026-09-12 06:42:56
2026-09-12 06:33:09,PLCY170,0101,Joshua Itzkowitz Shifrinson,20,1,0,2026-09-12 06:42:56
2026-09-12 06:33:09,PLCY170,0102,Joshua Itzkowitz Shifrinson,20,1,0,2026-09-12 06:42:56
2026-09-12 06:33:09,PLCY170,0103,Joshua Itzkowitz Shifrinson,20,1,0,2026-09-12 06:42:56
2026-09-12 06:33:09,PLCY170,0104,Joshua Itzkowitz Shifrinson,20,0,0,2026-09-12 06:42:56
2026-09-12 06:33:09,PLCY170,0105,Joshua Itzkowitz Shifrinson,20,2,0,2026-09-12 06:42:56
2026-09-12 06:33:09,PLCY170,0106,Joshua Itzkowitz Shifrinson,25,2,0,2026-09-12 06:42:56
2026-09-12 06:33:09,PLCY172,0101,Caroline Ritter,95,32,0,2026-09-12 06:42:57
2026-09-12 06:33:09,PLCY200,0101,Shanna Pearson-Merkowitz,35,0,0,2026-09-12 06:42:57
2026-09-12 06:33:09,PLCY200,0201,Shanna Pearson-Merkowitz,35,1,0,2026-09-12 06:42:57
2026-09-12 06:33:09,PLCY200,0301,Namrta Sharma,35,0,1,2026-09-12 06:42:57
2026-09-12 06:33:09,PLCY201,0101,Julio Guzman,70,0,0,2026-09-12 06:42:57
2026-09-12 06:33:09,PLCY201,0201,Gregory Ramsay,60,0,0,2026-09-12 06:42:57
2026-09-12 06:33:09,PLCY201,FC01,Anne Kaiser,32,0,0,2026-09-12 06:42:57
2026-09-12 06:33:09,PLCY201,FC02,Anne Kaiser,32,6,0,2026-09-12 06:42:57
2026-09-12 06:33:09,PLCY201S,0101,Susannah Washburn,80,4,0,2026-09-12 06:42:57
2026-09-12 06:33:09,PLCY203,0101,Thomas Hilde,60,9,0,2026-09-12 06:42:57
2026-09-12 06:33:09,PLCY203,0201,Anne Kaiser,60,38,0,2026-09-12 06:42:57
2026-09-12 06:33:09,PLCY213,0201,Claire Dunning,40,3,0,2026-09-12 06:42:57
2026-09-12 06:33:09,PLCY214,0101,Patricia Bory,65,20,0,2026-09-12 06:42:58
2026-09-12 06:33:09,PLCY240,0101,Timothy Reedy,30,0,0,2026-09-12 06:42:58
2026-09-12 06:33:09,PLCY288K,0101,CHRISTIAN OSTERMANN,25,1,0,2026-09-12 06:42:58
2026-09-12 06:33:09,PLCY300,0101,Alana Hackshaw,45,0,3,2026-09-12 06:42:58
2026-09-12 06:33:09,PLCY300,0201,Namrta Sharma,45,28,0,2026-09-12 06:42:58
2026-09-12 06:33:09,PLCY301,0101,Caroline Boules,165,2,0,2026-09-12 06:42:58
2026-09-12 06:33:09,PLCY302,0101,Niambi Carter,40,2,0,2026-09-12 06:42:59
2026-09-12 06:33:09,PLCY302,0201,Ebonie Johnson Cooper,40,0,0,2026-09-12 06:42:59
2026-09-12 06:33:09,PLCY302,0301,Lindsay Dieudonne,40,0,1,2026-09-12 06:42:59
2026-09-12 06:33:09,PLCY303,0101,Juan Martinez Guzman,40,3,0,2026-09-12 06:42:59
2026-09-12 06:33:09,PLCY304,0101,Michael Busse,40,11,0,2026-09-12 06:42:59
2026-09-12 06:33:09,PLCY304,0201,Michael Busse,40,12,0,2026-09-12 06:42:59
2026-09-12 06:33:09,PLCY309,0101,Martin Sanders,30,16,0,2026-09-12 06:42:59
2026-09-12 06:33:09,PLCY310,0101,Selvon Waldron,35,16,0,2026-09-12 06:42:59
2026-09-12 06:33:09,PLCY313,0101,Gerard Evans,100,3,0,2026-09-12 06:42:59
2026-09-12 06:33:09,PLCY371,0101,Joshua Itzkowitz Shifrinson,35,0,0,2026-09-12 06:43:00
2026-09-12 06:33:09,PLCY380,0101,Isabel O'Malley,40,8,0,2026-09-12 06:43:00
2026-09-12 06:33:09,PLCY380,ESG1,Kisha McNeill,30,0,0,2026-09-12 06:43:00
2026-09-12 06:33:09,PLCY388A,0101,Brandi Onowu,40,8,0,2026-09-12 06:43:00
2026-09-12 06:33:09,PLCY388N,0101,Nina Harris,25,2,0,2026-09-12 06:43:00
2026-09-12 06:33:09,PLCY390,0101,Lena Andrews,20,0,0,2026-09-12 06:43:00
2026-09-12 06:33:09,PLCY399B,0101,Beatrice DeBelen,30,19,0,2026-09-12 06:43:00
2026-09-12 06:33:09,PLCY400,0101,Patricia Bory,25,1,0,2026-09-12 06:43:01
2026-09-12 06:33:09,PLCY401,0101,Anand Patwardhan,20,5,0,2026-09-12 06:43:01
2026-09-12 06:33:09,PLCY401,0201,Tracy Thompson,20,0,0,2026-09-12 06:43:01
2026-09-12 06:33:09,PLCY401,0301,David Mussington,20,9,0,2026-09-12 06:43:01
2026-09-12 06:33:09,PLCY490,0101,Michael Woldemariam,15,2,0,2026-09-12 06:43:02
2026-09-12 06:33:09,PLCY492,0101,Steve Fetter,20,1,0,2026-09-12 06:43:02
2026-09-12 06:33:09,PLCY610,0201,Alec Worsnop,40,9,0,2026-09-12 06:43:02
2026-09-12 06:33:09,PLCY630,0101,Catherine Worsnop,25,2,0,2026-09-12 06:43:02
2026-09-12 06:33:09,PLCY630,0201,Catherine Worsnop,25,3,0,2026-09-12 06:43:02
2026-09-12 06:33:09,PLCY631,0101,Cullen Merritt,25,0,0,2026-09-12 06:43:02
2026-09-12 06:33:09,PLCY640,0201,Thomas Spreen,30,5,0,2026-09-12 06:43:02
2026-09-12 06:33:09,PLCY641,0101,Tyler Kustra,30,2,0,2026-09-12 06:43:03
2026-09-12 06:33:09,PLCY641,0201,Tyler Kustra,30,10,0,2026-09-12 06:43:03
2026-09-12 06:33:09,PLCY670,0101,Philip Joyce,30,0,0,2026-09-12 06:43:03
2026-09-12 06:33:09,PLCY680,0101,Claire Dunning,25,0,0,2026-09-12 06:43:03
2026-09-12 06:33:09,PLCY680,0201,Michael Woldemariam,25,5,0,2026-09-12 06:43:03
2026-09-12 06:33:09,PLCY688C,0101,Charles Harry,20,10,0,2026-09-12 06:43:03
2026-09-12 06:33:09,PLCY688F,PWL1,Nekeya O'Connor,20,0,0,2026-09-12 06:43:03
2026-09-12 06:33:09,PLCY688P,0101,Steve Fetter,10,1,0,2026-09-12 06:43:03
2026-09-12 06:33:09,PLCY688Z,0101,Brandi Onowu,20,5,0,2026-09-12 06:43:04
2026-09-12 06:33:09,PLCY689E,0101,Susan Parker,20,0,0,2026-09-12 06:43:04
2026-09-12 06:33:09,PLCY690,0110,David Mussington,15,3,0,2026-09-12 06:43:04
2026-09-12 06:33:09,PLCY690,0120,Margaret Brindle,15,2,0,2026-09-12 06:43:04
2026-09-12 06:33:09,PLCY690,0130,Douglas Call,15,0,0,2026-09-12 06:43:04
2026-09-12 06:33:09,PLCY690,0150,Paul Brown,15,1,0,2026-09-12 06:43:04
2026-09-12 06:33:09,PLCY690,0170,James Stillwell,15,0,0,2026-09-12 06:43:04
2026-09-12 06:33:09,PLCY698T,0101,Elizabeth Duke,20,7,0,2026-09-12 06:43:04
2026-09-12 06:33:09,PLCY699L,0101,Michael Woldemariam,10,1,0,2026-09-12 06:43:04
2026-09-12 06:33:09,PLCY720,0101,Nancy Gallagher,20,2,0,2026-09-12 06:43:05
2026-09-12 06:33:09,PLCY734,0101,Niambi Carter,20,0,0,2026-09-12 06:43:05
2026-09-12 06:33:09,PLCY735,0101,Robert Sprinkle,20,7,0,2026-09-12 06:43:05
2026-09-12 06:33:09,PLCY741,0101,Anand Patwardhan,20,7,0,2026-09-12 06:43:05
2026-09-12 06:33:09,PLCY742,0101,Thomas Hilde,20,8,0,2026-09-12 06:43:05
2026-09-12 06:33:09,PLCY780,0101,Robert Orr,20,0,0,2026-09-12 06:43:05
2026-09-12 06:33:09,PLCY781,0101,Julio Guzman,20,2,0,2026-09-12 06:43:06
2026-09-12 06:33:09,PLCY783,0101,Margaret Brindle,20,7,0,2026-09-12 06:43:06
2026-09-12 06:33:09,PLCY798F,PWL1,William Nolte,25,18,0,2026-09-12 06:43:06
2026-09-12 06:33:09,PLCY798V,0101,Shanna Pearson-Merkowitz,12,0,0,2026-09-12 06:43:07
2026-09-12 06:33:09,PLCY798W,0101,Martin Sanders,10,9,0,2026-09-12 06:43:07
2026-09-12 06:33:09,PLCY798Y,PWL1,Jeffrey Franco,25,0,0,2026-09-12 06:43:07
2026-09-12 06:33:09,PLCY798Z,0101,Peter Reuter,12,0,0,2026-09-12 06:43:07
2026-09-12 06:33:09,PLSC112,0101,Samuel Daramola,100,10,0,2026-09-12 06:43:09
2026-09-12 06:33:09,PLSC113,0101,Samuel Daramola,24,2,0,2026-09-12 06:43:09
2026-09-12 06:33:09,PLSC113,0102,Samuel Daramola,24,5,0,2026-09-12 06:43:09
2026-09-12 06:33:09,PLSC113,0103,Samuel Daramola,24,12,0,2026-09-12 06:43:09
2026-09-12 06:33:09,PLSC113,0104,Samuel Daramola,24,9,0,2026-09-12 06:43:09
2026-09-12 06:33:09,PLSC115,0101,Shirley Micallef,24,1,0,2026-09-12 06:43:09
2026-09-12 06:33:09,PLSC201,0101,Pierre Jacob,42,15,0,2026-09-12 06:43:09
2026-09-12 06:33:09,PLSC203,0101,Vijay Tiwari,23,17,0,2026-09-12 06:43:10
2026-09-12 06:33:09,PLSC205,0101,Mark Carroll,22,1,0,2026-09-12 06:43:10
2026-09-12 06:33:09,PLSC206,0101,Pierre Jacob,21,8,0,2026-09-12 06:43:10
2026-09-12 06:33:09,PLSC206,0102,Pierre Jacob,21,7,0,2026-09-12 06:43:10
2026-09-12 06:33:09,PLSC253,0101,Karen Petroff,24,1,0,2026-09-12 06:43:10
2026-09-12 06:33:09,PLSC253,0102,Karen Petroff,24,5,0,2026-09-12 06:43:10
2026-09-12 06:33:09,PLSC389,0101,Craig Beyrouty,17,17,0,2026-09-12 06:43:10
2026-09-12 06:33:09,PLSC402,0101,Geoffrey Rinehart,10,3,0,2026-09-12 06:43:11
2026-09-12 06:33:09,PLSC404,0101,Yiping Qi,20,11,0,2026-09-12 06:43:11
2026-09-12 06:33:09,PLSC420,0101,Nidhi Rawat,18,5,0,2026-09-12 06:43:11
2026-09-12 06:33:09,PLSC420,0102,Nidhi Rawat,18,12,0,2026-09-12 06:43:11
2026-09-12 06:33:09,PLSC433,0101,Diana Cochran,10,2,0,2026-09-12 06:43:11
2026-09-12 06:33:09,PLSC453,0101,Samuel Daramola,24,1,0,2026-09-12 06:43:11
2026-09-12 06:33:09,PLSC471,0101,Juanita Choo,20,0,0,2026-09-12 06:43:11
2026-09-12 06:33:09,PLSC476,0101,Maile Neel,23,19,0,2026-09-12 06:43:12
2026-09-12 06:33:09,PLSC608,0101,Shunyuan Xiao,20,13,0,2026-09-12 06:43:12
2026-09-12 06:33:09,PORT103,0101,Parker Brookie,15,6,0,2026-09-12 06:43:14
2026-09-12 06:33:09,PORT205,0101,Parker Brookie,15,4,0,2026-09-12 06:43:14
2026-09-12 06:33:09,PORT332,0101,Parker Brookie,25,0,0,2026-09-12 06:43:14
2026-09-12 06:33:09,RELS120,0101,Antoine Borrut,40,8,0,2026-09-12 06:43:33
2026-09-12 06:33:09,RELS170,0101,Chiara Graf,21,0,0,2026-09-12 06:43:34
2026-09-12 06:33:09,RELS170,0102,Chiara Graf,21,0,0,2026-09-12 06:43:34
2026-09-12 06:33:09,RELS170,0103,Chiara Graf,21,0,0,2026-09-12 06:43:34
2026-09-12 06:33:09,RELS170,0104,Chiara Graf,21,1,0,2026-09-12 06:43:34
2026-09-12 06:33:09,RELS170,0105,Chiara Graf,21,0,0,2026-09-12 06:43:34
2026-09-12 06:33:09,RELS170,0106,Chiara Graf,21,0,0,2026-09-12 06:43:34
2026-09-12 06:33:09,RELS170,0107,Chiara Graf,21,0,0,2026-09-12 06:43:34
2026-09-12 06:33:09,RELS170,0108,Chiara Graf,21,1,0,2026-09-12 06:43:34
2026-09-12 06:33:09,RELS170,0109,Chiara Graf,22,0,0,2026-09-12 06:43:34
2026-09-12 06:33:09,RELS171,0101,Maxine Grossman,40,8,0,2026-09-12 06:43:34
2026-09-12 06:33:09,RELS219K,0101,Shay Hazkani,40,33,0,2026-09-12 06:43:34
2026-09-12 06:33:09,RELS225,0101,Stephanie Cooper,25,3,0,2026-09-12 06:43:34
2026-09-12 06:33:09,RELS273,0101,Hayim Lapin,23,0,0,2026-09-12 06:43:34
2026-09-12 06:33:09,RELS273,0102,Hayim Lapin,23,3,0,2026-09-12 06:43:34
2026-09-12 06:33:09,RELS273,0103,Hayim Lapin,23,1,0,2026-09-12 06:43:34
2026-09-12 06:33:09,RELS274,0101,Matthew Suriano,20,0,0,2026-09-12 06:43:34
2026-09-12 06:33:09,RELS274,0102,Matthew Suriano,20,0,1,2026-09-12 06:43:34
2026-09-12 06:33:09,RELS274,0103,Matthew Suriano,20,0,1,2026-09-12 06:43:34
2026-09-12 06:33:09,RELS274,0104,Matthew Suriano,20,0,0,2026-09-12 06:43:34
2026-09-12 06:33:09,RELS319D,0101,Nathan Levine,35,26,0,2026-09-12 06:43:35
2026-09-12 06:33:09,RELS319Z,0101,Regev Ben-David,30,26,0,2026-09-12 06:43:35
2026-09-12 06:33:09,RELS341,0101,Janna Bianchini,30,0,0,2026-09-12 06:43:35
2026-09-12 06:33:09,RUSS101,0101,Inna Hardman,15,6,0,2026-09-12 06:43:36
2026-09-12 06:33:09,RUSS101,0201,Inna Hardman,15,6,0,2026-09-12 06:43:36
2026-09-12 06:33:09,RUSS201,0101,Zhanna Gerus-Vernola,15,8,0,2026-09-12 06:43:37
2026-09-12 06:33:09,RUSS301,0101,Izolda Savenkova,15,5,0,2026-09-12 06:43:37
2026-09-12 06:33:09,RUSS321,0101,Elizabeth Papazian,15,5,0,2026-09-12 06:43:37
2026-09-12 06:33:09,RUSS334,0101,Elizabeth Papazian,25,0,0,2026-09-12 06:43:37
2026-09-12 06:33:09,RUSS404,0101,Izolda Savenkova,15,1,0,2026-09-12 06:43:38
2026-09-12 06:33:09,SDSB123,0101,Brian Kim,40,7,0,2026-09-12 06:43:39
2026-09-12 06:33:09,SDSB180,0101,Brian Kim,180,126,0,2026-09-12 06:43:39
2026-09-12 06:33:09,SDSB233,0101,Jacob Coutts,25,1,0,2026-09-12 06:43:39
2026-09-12 06:33:09,SDSB233,0102,Jacob Coutts,25,10,0,2026-09-12 06:43:39
2026-09-12 06:33:09,SDSB233,0103,Jacob Coutts,25,9,0,2026-09-12 06:43:39
2026-09-12 06:33:09,SDSB326,0101,Jacob Coutts,50,31,0,2026-09-12 06:43:40
2026-09-12 06:33:09,SDSB340,0101,Neil Lund,40,0,0,2026-09-12 06:43:40
2026-09-12 06:33:09,SDSI414,0201,Maria Krupenkin,34,15,0,2026-09-12 06:43:41
2026-09-12 06:33:09,SDSI414,0202,Maria Krupenkin,34,0,0,2026-09-12 06:43:41
2026-09-12 06:33:09,SDSI492,0101,TJ Rainsford,50,8,0,2026-09-12 06:43:41
2026-09-12 06:33:09,SDSI492,0103,Mary Ann Francis,40,0,3,2026-09-12 06:43:41
2026-09-12 06:33:09,SDSI492,0104,TJ Rainsford,50,0,0,2026-09-12 06:43:41
2026-09-12 06:33:09,SDSI492,0106,Jesse Klein,50,0,6,2026-09-12 06:43:41
2026-09-12 06:33:09,SDSI492,0107,Connie Siebold,40,0,3,2026-09-12 06:43:41
2026-09-12 06:33:09,SDSI492,0110,Patrick Thornton,50,29,0,2026-09-12 06:43:41
2026-09-12 06:33:09,SLLC108I,0101,Instructor: TBA,5,4,0,2026-09-12 06:43:44
2026-09-12 06:33:09,SLLC108J,0101,Instructor: TBA,5,5,0,2026-09-12 06:43:44
2026-09-12 06:33:09,SLLC108W,0101,Instructor: TBA,5,4,0,2026-09-12 06:43:45
2026-09-12 06:33:09,SLLC118A,0101,Sean Pue,10,4,0,2026-09-12 06:43:45
2026-09-12 06:33:09,SLLC200,0101,Chris Lewis,30,4,0,2026-09-12 06:43:45
2026-09-12 06:33:09,SLLC286,0101,Andrew Schonebaum,60,5,0,2026-09-12 06:43:45
2026-09-12 06:33:09,SLLC309,0101,Ahmed Hanafy,10,10,0,2026-09-12 06:43:45
2026-09-12 06:33:09,SLLC309,0102,Ahmed Hanafy,10,8,0,2026-09-12 06:43:45
2026-09-12 06:33:09,SLLC309,0103,Ahmed Hanafy,10,7,0,2026-09-12 06:43:45
2026-09-12 06:33:09,SLLC309,0104,Ahmed Hanafy,10,5,0,2026-09-12 06:43:45
2026-09-12 06:33:09,SLLC309,0105,Ahmed Hanafy,10,6,0,2026-09-12 06:43:45
2026-09-12 06:33:09,SLLC309,0106,Ahmed Hanafy,10,6,0,2026-09-12 06:43:45
2026-09-12 06:33:09,SLLC309,0107,Ahmed Hanafy,10,8,0,2026-09-12 06:43:45
2026-09-12 06:33:09,SLLC309,0108,Ahmed Hanafy,10,9,0,2026-09-12 06:43:45
2026-09-12 06:33:09,SLLC309,0109,Ahmed Hanafy,10,7,0,2026-09-12 06:43:45
2026-09-12 06:33:09,SLLC309,0110,Ahmed Hanafy,10,3,0,2026-09-12 06:43:45
2026-09-12 06:33:09,SLLC309,0111,Ahmed Hanafy,10,10,0,2026-09-12 06:43:45
2026-09-12 06:33:09,SLLC329,0101,Marilyn Matar,13,0,0,2026-09-12 06:43:45
2026-09-12 06:33:09,SLLC329,0102,Marilyn Matar,10,0,0,2026-09-12 06:43:45
2026-09-12 06:33:09,SLLC329,0103,Marilyn Matar,21,2,0,2026-09-12 06:43:45
2026-09-12 06:33:09,SLLC329,0104,Marilyn Matar,10,4,0,2026-09-12 06:43:45
2026-09-12 06:33:09,SLLC329,0105,Marilyn Matar,10,9,0,2026-09-12 06:43:45
2026-09-12 06:33:09,SLLC329,0106,Marilyn Matar,10,1,0,2026-09-12 06:43:45
2026-09-12 06:33:09,SLLC329,0107,Marilyn Matar,10,7,0,2026-09-12 06:43:45
2026-09-12 06:33:09,SLLC329,0108,Marilyn Matar,10,7,0,2026-09-12 06:43:45
2026-09-12 06:33:09,SLLC329,0109,Marilyn Matar,10,4,0,2026-09-12 06:43:45
2026-09-12 06:33:09,SLLC329,0110,Marilyn Matar,20,3,0,2026-09-12 06:43:45
2026-09-12 06:33:09,SLLC350,0101,Michele Mason,30,27,0,2026-09-12 06:43:46
2026-09-12 06:33:09,SMLP470,0101,Brooke Smith,45,13,0,2026-09-12 06:43:47
2026-09-12 06:33:09,SMLP472,0101,Sara Herald,60,19,0,2026-09-12 06:43:47
2026-09-12 06:33:09,TLTC310,0101,Danielle Pafe,0,0,0,2026-09-12 06:44:22
2026-09-12 06:33:09,TLTC310,0201,Yanira Ortiz,20,11,0,2026-09-12 06:44:22
2026-09-12 06:33:09,TLTC333,0101,Mona Thompson,63,1,0,2026-09-12 06:44:22
2026-09-12 06:33:09,TLTC333,0102,Mona Thompson,63,0,0,2026-09-12 06:44:22
2026-09-12 06:33:09,TLTC333,0105,Mona Thompson,63,0,0,2026-09-12 06:44:22
2026-09-12 06:33:09,UMEI005,0101,Charles Duquette,15,2,0,2026-09-12 06:44:23
2026-09-12 06:33:09,UMEI005,0201,Heather Mehrtens,15,9,0,2026-09-12 06:44:23
2026-09-12 06:33:09,UMEI005,0301,Marilena Draganescu,15,11,0,2026-09-12 06:44:23
2026-09-12 06:33:09,UMEI012,0101,Louise Godley,10,10,0,2026-09-12 06:44:24
2026-09-12 06:33:09,UMEI013,0101,Louise Godley,10,7,0,2026-09-12 06:44:24
2026-09-12 06:33:09,UMEI028A,0101,Raymond Smith,16,14,0,2026-09-12 06:44:24
2026-09-12 06:33:09,UMEI506,0101,Heather Mehrtens,16,0,0,2026-09-12 06:44:24
2026-09-12 06:33:09,UMEI506,0201,Heather Mehrtens,16,6,0,2026-09-12 06:44:24
2026-09-12 06:33:09,UMEI507,0101,Marilena Draganescu,15,4,0,2026-09-12 06:44:24
2026-09-12 06:33:09,USLT201,0101,Robert Chester,25,2,0,2026-09-12 06:44:29
2026-09-12 06:33:09,USLT398C,0101,Angela Pico Pinto,25,18,0,2026-09-12 06:44:30
2026-09-12 06:33:09,USLT450,0101,Robert Chester,20,0,2,2026-09-12 06:44:30
2026-09-12 06:33:09,USLT498C,0101,Ana Rodriguez,20,14,0,2026-09-12 06:44:30
2026-09-12 06:33:09,VIPS099,0115,Veronica Kang,5,3,0,2026-09-12 06:44:31
2026-09-12 06:33:09,VIPS208,0101,Mary Bowden,10,10,0,2026-09-12 06:44:31
2026-09-12 06:33:09,VIPS208,0102,Ken Kiger,10,2,0,2026-09-12 06:44:31
2026-09-12 06:33:09,VIPS208,0103,Bryan Quinn,10,9,0,2026-09-12 06:44:31
2026-09-12 06:33:09,VIPS208,0104,Abdil Chowdhury,10,1,0,2026-09-12 06:44:31
2026-09-12 06:33:09,VIPS208,0105,Molly Carton,10,7,0,2026-09-12 06:44:31
2026-09-12 06:33:09,VIPS208,0106,James Baeder,14,2,0,2026-09-12 06:44:31
2026-09-12 06:33:09,VIPS208,0107,Catherine Spirito,10,6,0,2026-09-12 06:44:31
2026-09-12 06:33:09,VIPS208,0108,Ronald Yaros,10,4,0,2026-09-12 06:44:31
2026-09-12 06:33:09,VIPS208,0109,Carinna Ferguson,10,7,0,2026-09-12 06:44:31
2026-09-12 06:33:09,VIPS208,0110,Tracy Riggins,15,0,0,2026-09-12 06:44:31
2026-09-12 06:33:09,VIPS208,0111,Kevin Calabro,13,2,0,2026-09-12 06:44:31
2026-09-12 06:33:09,VIPS208,0112,Raffaele Viglianti,10,5,0,2026-09-12 06:44:31
2026-09-12 06:33:09,VIPS208,0113,Shabnam Jabeen,10,5,0,2026-09-12 06:44:31
2026-09-12 06:33:09,VIPS208,0114,Ning Zeng,15,7,0,2026-09-12 06:44:31
2026-09-12 06:33:09,VIPS208,0115,Veronica Kang,10,5,0,2026-09-12 06:44:31
2026-09-12 06:33:09,VIPS208,0116,David Stewart,10,1,0,2026-09-12 06:44:31
2026-09-12 06:33:09,VIPS208,0117,Meredith Epstein,10,8,0,2026-09-12 06:44:31
2026-09-12 06:33:09,VIPS208,0118,Magaly Toro Ibaceta,10,3,0,2026-09-12 06:44:31
2026-09-12 06:33:09,VIPS208,0120,Marisa Parham,10,6,0,2026-09-12 06:44:31
2026-09-12 06:33:09,VIPS208,0121,Becky Epanchin-Niell,10,1,0,2026-09-12 06:44:31
2026-09-12 06:33:09,VIPS208,0122,Timothy Reedy,10,2,0,2026-09-12 06:44:31
2026-09-12 06:33:09,VIPS208,0123,Lingnan Lin,13,4,0,2026-09-12 06:44:31
2026-09-12 06:33:09,VIPS208,0124,Jeffrey Moro,10,4,0,2026-09-12 06:44:31
2026-09-12 06:33:09,VIPS208,0125,Peter Sunderland,12,4,0,2026-09-12 06:44:31
2026-09-12 06:33:09,VIPS208,0126,Brienna Anderson,10,4,0,2026-09-12 06:44:31
2026-09-12 06:33:09,VIPS308,0101,Mary Bowden,10,9,0,2026-09-12 06:44:32
2026-09-12 06:33:09,VIPS308,0102,Ken Kiger,10,3,0,2026-09-12 06:44:32
2026-09-12 06:33:09,VIPS308,0103,Bryan Quinn,10,2,0,2026-09-12 06:44:32
2026-09-12 06:33:09,VIPS308,0104,Abdil Chowdhury,10,3,0,2026-09-12 06:44:32
2026-09-12 06:33:09,VIPS308,0105,Molly Carton,10,3,0,2026-09-12 06:44:32
2026-09-12 06:33:09,VIPS308,0106,James Baeder,10,4,0,2026-09-12 06:44:32
2026-09-12 06:33:09,VIPS308,0107,Catherine Spirito,10,8,0,2026-09-12 06:44:32
2026-09-12 06:33:09,VIPS308,0108,Ronald Yaros,10,9,0,2026-09-12 06:44:32
2026-09-12 06:33:09,VIPS308,0109,Carinna Ferguson,10,6,0,2026-09-12 06:44:32
2026-09-12 06:33:09,VIPS308,0110,Tracy Riggins,10,0,0,2026-09-12 06:44:32
2026-09-12 06:33:09,VIPS308,0111,Kevin Calabro,10,6,0,2026-09-12 06:44:32
2026-09-12 06:33:09,VIPS308,0112,Raffaele Viglianti,10,10,0,2026-09-12 06:44:32
2026-09-12 06:33:09,VIPS308,0113,Shabnam Jabeen,10,8,0,2026-09-12 06:44:32
2026-09-12 06:33:09,VIPS308,0114,Ning Zeng,10,9,0,2026-09-12 06:44:32
2026-09-12 06:33:09,VIPS308,0115,Veronica Kang,10,10,0,2026-09-12 06:44:32
2026-09-12 06:33:09,VIPS308,0116,David Stewart,10,10,0,2026-09-12 06:44:32
2026-09-12 06:33:09,VIPS308,0117,Meredith Epstein,10,8,0,2026-09-12 06:44:32
2026-09-12 06:33:09,VIPS308,0118,Magaly Toro Ibaceta,10,10,0,2026-09-12 06:44:32
2026-09-12 06:33:09,VIPS308,0120,Marisa Parham,10,9,0,2026-09-12 06:44:32
2026-09-12 06:33:09,VIPS308,0121,Becky Epanchin-Niell,10,10,0,2026-09-12 06:44:32
2026-09-12 06:33:09,VIPS308,0122,Timothy Reedy,10,10,0,2026-09-12 06:44:32
2026-09-12 06:33:09,VIPS308,0123,Lingnan Lin,10,10,0,2026-09-12 06:44:32
2026-09-12 06:33:09,VIPS308,0124,Jeffrey Moro,10,10,0,2026-09-12 06:44:32
2026-09-12 06:33:09,VIPS308,0125,Peter Sunderland,10,10,0,2026-09-12 06:44:32
2026-09-12 06:33:09,VIPS308,0126,Brienna Anderson,10,10,0,2026-09-12 06:44:32
2026-09-12 06:33:09,VIPS408,0101,Mary Bowden,10,4,0,2026-09-12 06:44:32
2026-09-12 06:33:09,VIPS408,0102,Ken Kiger,10,8,0,2026-09-12 06:44:32
2026-09-12 06:33:09,VIPS408,0103,Bryan Quinn,10,3,0,2026-09-12 06:44:32
2026-09-12 06:33:09,VIPS408,0104,Abdil Chowdhury,10,8,0,2026-09-12 06:44:32
2026-09-12 06:33:09,VIPS408,0105,Molly Carton,10,8,0,2026-09-12 06:44:32
2026-09-12 06:33:09,VIPS408,0106,James Baeder,10,7,0,2026-09-12 06:44:32
2026-09-12 06:33:09,VIPS408,0107,Catherine Spirito,10,10,0,2026-09-12 06:44:32
2026-09-12 06:33:09,VIPS408,0108,Ronald Yaros,10,8,0,2026-09-12 06:44:32
2026-09-12 06:33:09,VIPS408,0109,Carinna Ferguson,10,8,0,2026-09-12 06:44:32
2026-09-12 06:33:09,VIPS408,0110,Tracy Riggins,10,10,0,2026-09-12 06:44:32
2026-09-12 06:33:09,VIPS408,0111,Kevin Calabro,10,7,0,2026-09-12 06:44:32
2026-09-12 06:33:09,VIPS408,0112,Raffaele Viglianti,10,9,0,2026-09-12 06:44:32
2026-09-12 06:33:09,VIPS408,0113,Shabnam Jabeen,10,10,0,2026-09-12 06:44:32
2026-09-12 06:33:09,VIPS408,0114,Ning Zeng,10,10,0,2026-09-12 06:44:32
2026-09-12 06:33:09,VIPS408,0115,Veronica Kang,10,10,0,2026-09-12 06:44:32
2026-09-12 06:33:09,VIPS408,0116,David Stewart,10,10,0,2026-09-12 06:44:32
2026-09-12 06:33:09,VIPS408,0117,Meredith Epstein,10,10,0,2026-09-12 06:44:32
2026-09-12 06:33:09,VIPS408,0118,Magaly Toro Ibaceta,10,9,0,2026-09-12 06:44:32
2026-09-12 06:33:09,VIPS408,0120,Marisa Parham,10,10,0,2026-09-12 06:44:32
2026-09-12 06:33:09,VIPS408,0121,Becky Epanchin-Niell,10,10,0,2026-09-12 06:44:32
2026-09-12 06:33:09,VIPS408,0122,Timothy Reedy,10,10,0,2026-09-12 06:44:32
2026-09-12 06:33:09,VIPS408,0123,Lingnan Lin,10,10,0,2026-09-12 06:44:32
2026-09-12 06:33:09,VIPS408,0124,Jeffrey Moro,10,10,0,2026-09-12 06:44:32
2026-09-12 06:33:09,VIPS408,0125,Peter Sunderland,10,10,0,2026-09-12 06:44:32
2026-09-12 06:33:09,VIPS408,0126,Brienna Anderson,10,10,0,2026-09-12 06:44:32
2026-09-12 06:33:09,WEID139B,0101,Denise Joseph,48,6,0,2026-09-12 06:44:34
2026-09-12 06:33:09,WEID139L,0201,Taylor Togafau-Lewis,48,17,0,2026-09-12 06:44:34
2026-09-12 11:17:46,AAAS100,0101,Shane Walsh,35,0,0,2026-09-12 11:17:47
2026-09-12 11:17:46,AAAS100,0201,Shane Walsh,35,0,0,2026-09-12 11:17:47
2026-09-12 11:17:46,AAAS100,0301,George Kintiba,70,36,0,2026-09-12 11:17:47
2026-09-12 11:17:46,AAAS100,0401,Jason Nichols,30,0,0,2026-09-12 11:17:47
2026-09-12 11:17:46,AAAS100,0501,Jason Nichols,35,0,0,2026-09-12 11:17:47
2026-09-12 11:17:46,AAAS101,0101,Chinyere Osuji,40,0,0,2026-09-12 11:17:47
2026-09-12 11:17:46,AAAS187,0101,Robert Choflet,30,0,0,2026-09-12 11:17:48
2026-09-12 11:17:46,AAAS187,0201,Joseph Richardson,30,0,0,2026-09-12 11:17:48
2026-09-12 11:17:46,AAAS200,0101,George Kintiba,40,5,0,2026-09-12 11:17:48
2026-09-12 11:17:46,AAAS202,0101,Robert Choflet,35,5,0,2026-09-12 11:17:48
2026-09-12 11:17:46,AAAS202,0201,Robert Choflet,35,5,0,2026-09-12 11:17:48
2026-09-12 11:17:46,AAAS202,0301,Angelica Dunbar,35,4,0,2026-09-12 11:17:48
2026-09-12 11:17:46,AAAS202,0401,Ashley Everson,35,0,0,2026-09-12 11:17:48
2026-09-12 11:17:46,AAAS202,0501,Ashley Everson,20,3,0,2026-09-12 11:17:48
2026-09-12 11:17:46,AAAS210,0101,Angelica Dunbar,20,16,0,2026-09-12 11:17:48
2026-09-12 11:17:46,AAAS211,0101,Shane Walsh,30,0,0,2026-09-12 11:17:49
2026-09-12 11:17:46,AAAS230,0101,Ashley Newby,30,0,0,2026-09-12 11:17:49
2026-09-12 11:17:46,AAAS230,0201,Ashley Newby,30,0,0,2026-09-12 11:17:49
2026-09-12 11:17:46,AAAS234,0201,Mike Kolakoski,30,3,0,2026-09-12 11:17:49
2026-09-12 11:17:46,AAAS254,0101,Christopher Bonner,40,2,0,2026-09-12 11:17:49
2026-09-12 11:17:46,AAAS271,0101,Sydney Lewis,30,1,0,2026-09-12 11:17:50
2026-09-12 11:17:46,AAAS310,0101,George Kintiba,25,22,0,2026-09-12 11:17:50
2026-09-12 11:17:46,AAAS320,0101,Cecily Jackson,25,0,0,2026-09-12 11:17:50
2026-09-12 11:17:46,AAAS320,0201,Cecily Jackson,25,0,0,2026-09-12 11:17:50
2026-09-12 11:17:46,AAAS325,0101,Traci Dula,20,4,0,2026-09-12 11:17:50
2026-09-12 11:17:46,AAAS350,0101,John Drabinski,20,0,1,2026-09-12 11:17:51
2026-09-12 11:17:46,AAAS361,0101,Michelle Rowley,35,26,0,2026-09-12 11:17:51
2026-09-12 11:17:46,AAAS386,0101,Marshal Washington,10,10,0,2026-09-12 11:17:51
2026-09-12 11:17:46,AAAS397,0101,John Drabinski,2,2,0,2026-09-12 11:17:51
2026-09-12 11:17:46,AAAS397,0201,Angelica Dunbar,2,2,0,2026-09-12 11:17:51
2026-09-12 11:17:46,AAAS397,0301,Sharon Harley,2,2,0,2026-09-12 11:17:51
2026-09-12 11:17:46,AAAS397,0401,Cecily Jackson,2,2,0,2026-09-12 11:17:51
2026-09-12 11:17:46,AAAS397,0501,Sangeetha Madhavan,2,2,0,2026-09-12 11:17:51
2026-09-12 11:17:46,AAAS397,0601,Ashley Newby,1,1,0,2026-09-12 11:17:51
2026-09-12 11:17:46,AAAS397,0701,Chinyere Osuji,2,2,0,2026-09-12 11:17:51
2026-09-12 11:17:46,AAAS397,0801,Periloux Peay,2,2,0,2026-09-12 11:17:51
2026-09-12 11:17:46,AAAS397,0901,Joseph Richardson,2,2,0,2026-09-12 11:17:51
2026-09-12 11:17:46,AAAS398B,0101,Beka Guluma,20,13,0,2026-09-12 11:17:51
2026-09-12 11:17:46,AAAS398W,0101,Jason Nichols,25,11,0,2026-09-12 11:17:52
2026-09-12 11:17:46,AAAS400,0101,Periloux Peay,25,22,0,2026-09-12 11:17:52
2026-09-12 11:17:46,AAAS415,0101,Periloux Peay,30,0,0,2026-09-12 11:17:52
2026-09-12 11:17:46,AAAS499N,0101,Anne Rosen,25,0,0,2026-09-12 11:17:52
2026-09-12 11:17:46,AAST200,0101,Jennifer Cho,30,0,0,2026-09-12 11:17:54
2026-09-12 11:17:46,AAST200,0102,Binod Paudyal,30,0,0,2026-09-12 11:17:54
2026-09-12 11:17:46,AAST322,0101,Julie Park,30,3,0,2026-09-12 11:17:54
2026-09-12 11:17:46,AAST351,0101,Binod Paudyal,35,0,0,2026-09-12 11:17:54
2026-09-12 11:17:46,AAST355,0101,Jennifer Cho,35,0,1,2026-09-12 11:17:54
2026-09-12 11:17:46,AAST378,0101,Janelle Wong,2,2,0,2026-09-12 11:17:54
2026-09-12 11:17:46,AAST394,0101,Wenxi Yang,30,2,0,2026-09-12 11:17:55
2026-09-12 11:17:46,AAST398I,0101,Michelle Magalong,24,1,0,2026-09-12 11:17:55
2026-09-12 11:17:46,AAST398W,0101,Chris Eng,25,14,0,2026-09-12 11:17:55
2026-09-12 11:17:46,AAST421,0101,Tuyet Duong,20,3,0,2026-09-12 11:17:55
2026-09-12 11:17:46,AAST422,0101,Jennifer Cho,25,7,0,2026-09-12 11:17:56
2026-09-12 11:17:46,AAST424,0101,Dawn Dow,29,10,0,2026-09-12 11:17:56
2026-09-12 11:17:46,AAST440,0101,Binod Paudyal,25,0,0,2026-09-12 11:17:56
2026-09-12 11:17:46,AAST443,0101,Janelle Wong,30,0,0,2026-09-12 11:17:56
2026-09-12 11:17:46,ABRM330,0101,Rashawn Ray,40,0,0,2026-09-12 11:17:58
2026-09-12 11:17:46,ARAB101,0101,Samah Al-salami,15,1,0,2026-09-12 11:18:25
2026-09-12 11:17:46,ARAB101,0201,Ahmed Hanafy,15,5,0,2026-09-12 11:18:25
2026-09-12 11:17:46,ARAB102,0101,Samah Al-salami,15,2,0,2026-09-12 11:18:25
2026-09-12 11:17:46,ARAB102,0201,Lutf Alkebsi,15,12,0,2026-09-12 11:18:25
2026-09-12 11:17:46,ARAB201,0101,Lutf Alkebsi,15,0,0,2026-09-12 11:18:27
2026-09-12 11:17:46,ARAB201,0201,Lutf Alkebsi,15,11,0,2026-09-12 11:18:27
2026-09-12 11:17:46,ARAB208L,0101,Samah Al-salami,15,3,0,2026-09-12 11:18:27
2026-09-12 11:17:46,ARAB225,0101,Ahmed Hanafy,15,3,0,2026-09-12 11:18:31
2026-09-12 11:17:46,ARAB301,0101,Ahmed Hanafy,15,7,0,2026-09-12 11:18:31
2026-09-12 11:17:46,ARAB321,0101,Ahmed Hanafy,15,9,0,2026-09-12 11:18:31
2026-09-12 11:17:46,ARAB322,0101,Samah Al-salami,15,9,0,2026-09-12 11:18:32
2026-09-12 11:17:46,ARAB398A,0101,Lutf Alkebsi,15,5,0,2026-09-12 11:18:32
2026-09-12 11:17:46,ARAB499E,0101,Brendan Kibbee,20,2,0,2026-09-12 11:18:33
2026-09-12 11:17:46,ARMY106,0101,Thomas Battinieri,31,25,0,2026-09-12 11:19:06
2026-09-12 11:17:46,ARMY106,0102,Thomas Battinieri,40,30,0,2026-09-12 11:19:06
2026-09-12 11:17:46,ARMY106,FC01,Andrew Bischoff,15,11,0,2026-09-12 11:19:06
2026-09-12 11:17:46,ARMY106,FC02,Thomas Battinieri,9,8,0,2026-09-12 11:19:06
2026-09-12 11:17:46,ARMY110,0101,Andrew Bischoff,15,15,0,2026-09-12 11:19:06
2026-09-12 11:17:46,ARMY201,0102,Thomas Battinieri,35,14,0,2026-09-12 11:19:07
2026-09-12 11:17:46,ARMY301,0101,Joshua Guiod,40,20,0,2026-09-12 11:19:07
2026-09-12 11:17:46,ARMY401,0102,Andrew Bischoff,50,13,0,2026-09-12 11:19:08
2026-09-12 11:17:46,ARSC059,0101,Kathleen West,220,53,0,2026-09-12 11:19:09
2026-09-12 11:17:46,ARSC059,FC01,Jens Lyndrup,10,5,0,2026-09-12 11:19:09
2026-09-12 11:17:46,ARSC100,0101,Jens Lyndrup,50,33,0,2026-09-12 11:19:09
2026-09-12 11:17:46,ARSC100,0102,Jens Lyndrup,75,16,0,2026-09-12 11:19:09
2026-09-12 11:17:46,ARSC100,0103,Jens Lyndrup,40,31,0,2026-09-12 11:19:09
2026-09-12 11:17:46,ARSC100,FC01,Jens Lyndrup,5,3,0,2026-09-12 11:19:09
2026-09-12 11:17:46,ARSC100,FC02,Jens Lyndrup,10,7,0,2026-09-12 11:19:09
2026-09-12 11:17:46,ARSC200,0101,Alan Snyder,50,14,0,2026-09-12 11:19:09
2026-09-12 11:17:46,ARSC200,0102,Alan Snyder,35,21,0,2026-09-12 11:19:09
2026-09-12 11:17:46,ARSC200,0103,Alan Snyder,40,32,0,2026-09-12 11:19:09
2026-09-12 11:17:46,ARSC300,0101,Kathleen West,30,5,0,2026-09-12 11:19:09
2026-09-12 11:17:46,ARSC300,0102,Kathleen West,20,13,0,2026-09-12 11:19:09
2026-09-12 11:17:46,ARSC400,0101,Walter Mitchell,30,11,0,2026-09-12 11:19:10
2026-09-12 11:17:46,ARSC400,0102,Walter Mitchell,20,18,0,2026-09-12 11:19:10
2026-09-12 11:17:46,ARSC400,0201,Walter Mitchell,10,10,0,2026-09-12 11:19:10
2026-09-12 11:17:46,BMIN210,0101,Darlene Dennison,180,1,0,2026-09-12 11:19:54
2026-09-12 11:17:46,BMIN210,0201,Darlene Dennison,180,94,0,2026-09-12 11:19:54
2026-09-12 11:17:46,BMIN305,0101,Tejwansh Anand,180,14,0,2026-09-12 11:19:55
2026-09-12 11:17:46,BMIN345,0101,Michael Padhi,275,36,0,2026-09-12 11:19:55
2026-09-12 11:17:46,BMIN355,0101,Idil Yaveroglu,180,0,0,2026-09-12 11:19:55
2026-09-12 11:17:46,BMIN355,0201,Idil Yaveroglu,180,24,0,2026-09-12 11:19:55
2026-09-12 11:17:46,BMIN375,0101,Leland Gardner,185,2,0,2026-09-12 11:19:55
2026-09-12 11:17:46,BMIN395,0101,Nima Farshchi,200,2,0,2026-09-12 11:19:55
2026-09-12 11:17:46,BMIN395,0201,Nima Farshchi,200,106,0,2026-09-12 11:19:55
2026-09-12 11:17:46,BOIS602,WI01,Woei-jyh Lee,40,6,0,2026-09-12 11:19:58
2026-09-12 11:17:46,BOIS604,WI01,Manmohan Aseri,40,5,0,2026-09-12 11:19:58
2026-09-12 11:17:46,BOIS631,WI01,Sujin Kim,40,8,0,2026-09-12 11:19:58
2026-09-12 11:17:46,BSOS355,0101,Liza Lebrun,30,30,0,2026-09-12 11:20:07
2026-09-12 11:17:46,BSOS361,0101,TC Lloyd,30,2,0,2026-09-12 11:20:07
2026-09-12 11:17:46,BSOS361,0103,Keia Brown,30,2,0,2026-09-12 11:20:07
2026-09-12 11:17:46,BSOS361,0104,David Tana,30,1,0,2026-09-12 11:20:07
2026-09-12 11:17:46,BSOS361,0105,TC Lloyd,30,2,0,2026-09-12 11:20:07
2026-09-12 11:17:46,BSOS388C,0101,Nikita Kimani,20,0,0,2026-09-12 11:20:07
2026-09-12 11:17:46,BSOS388C,0201,Nikita Kimani,20,0,0,2026-09-12 11:20:07
2026-09-12 11:17:46,BSOS388E,0101,Liza Lebrun,30,30,0,2026-09-12 11:20:07
2026-09-12 11:17:46,BUSO600,SO11,Neta Moye,42,5,0,2026-09-12 11:20:22
2026-09-12 11:17:46,BUSO600,SO12,Neta Moye,42,9,0,2026-09-12 11:20:22
2026-09-12 11:17:46,BUSO603,SO11,Ilya Ryzhov,42,5,0,2026-09-12 11:20:22
2026-09-12 11:17:46,BUSO603,SO12,Ilya Ryzhov,42,4,0,2026-09-12 11:20:22
2026-09-12 11:17:46,BUSO604,SO11,Bennet Zelner,42,6,0,2026-09-12 11:20:22
2026-09-12 11:17:46,BUSO604,SO12,Bennet Zelner,42,6,0,2026-09-12 11:20:22
2026-09-12 11:17:46,BUSO612,SO11,Henry Boyd,42,3,0,2026-09-12 11:20:23
2026-09-12 11:17:46,BUSO612,SO12,Henry Boyd,42,5,0,2026-09-12 11:20:23
2026-09-12 11:17:46,BUSO616,SO31,Brent Solomon,38,2,0,2026-09-12 11:20:23
2026-09-12 11:17:46,BUSO616,SO32,Brent Solomon,38,0,0,2026-09-12 11:20:23
2026-09-12 11:17:46,BUSO624,SO31,Yi Xu,38,2,0,2026-09-12 11:20:23
2026-09-12 11:17:46,BUSO624,SO32,Yi Xu,38,0,0,2026-09-12 11:20:23
2026-09-12 11:17:46,BUSO700,SO91,Paulo Prochno,0,0,0,2026-09-12 11:20:23
2026-09-12 11:17:46,BUSO711,SO31,Gosia Langa Basit,28,0,0,2026-09-12 11:20:23
2026-09-12 11:17:46,BUSO711,SO32,Gosia Langa Basit,28,3,0,2026-09-12 11:20:23
2026-09-12 11:17:46,BUSO711,SO33,Gosia Langa Basit,28,1,0,2026-09-12 11:20:23
2026-09-12 11:17:46,BUSO731,SO51,Tejwansh Anand,49,0,1,2026-09-12 11:20:24
2026-09-12 11:17:46,BUSO752,SO51,Leland Gardner,35,13,0,2026-09-12 11:20:24
2026-09-12 11:17:46,BUSO758G,SO51,James Seward,35,11,0,2026-09-12 11:20:24
2026-09-12 11:17:46,BUSO758M,SO51,Paulo Prochno,49,2,0,2026-09-12 11:20:24
2026-09-12 11:17:46,BUSO758M,SO52,Paulo Prochno,49,3,0,2026-09-12 11:20:24
2026-09-12 11:17:46,BUSO758T,SO51,Michael Cichello,35,18,0,2026-09-12 11:20:24
2026-09-12 11:17:46,BUSO758W,SO51,Yogesh Joshi,33,2,0,2026-09-12 11:20:25
2026-09-12 11:17:46,BUSO758W,SO52,Yogesh Joshi,33,2,0,2026-09-12 11:20:25
2026-09-12 11:17:46,BUSO758X,SO51,Pallassana Kannan,49,3,0,2026-09-12 11:20:25
2026-09-12 11:17:46,BUSO788F,GX01,Judy Frels,25,6,0,2026-09-12 11:20:25
2026-09-12 11:17:46,BUSO788W,GX01,Zhi-Long Chen,30,5,0,2026-09-12 11:20:25
2026-09-12 11:17:46,CHSE200,0101,Betsy Tornquist,10,1,0,2026-09-12 11:20:44
2026-09-12 11:17:46,CHSE205,0101,Yewon Lee,60,0,4,2026-09-12 11:20:45
2026-09-12 11:17:46,CHSE205,0201,Yewon Lee,60,0,2,2026-09-12 11:20:45
2026-09-12 11:17:46,CHSE228C,0101,Nikita Kimani,20,0,0,2026-09-12 11:20:45
2026-09-12 11:17:46,CHSE228C,0201,Nikita Kimani,20,0,0,2026-09-12 11:20:45
2026-09-12 11:17:46,CHSE228C,0301,Nikita Kimani,20,0,0,2026-09-12 11:20:45
2026-09-12 11:17:46,CHSE230,0101,Isabelle Grable,25,16,0,2026-09-12 11:20:45
2026-09-12 11:17:46,CHSE376,0101,Michael Dunham,22,0,3,2026-09-12 11:20:45
2026-09-12 11:17:46,CHSE376,0201,Colleen McGilpin,20,0,4,2026-09-12 11:20:45
2026-09-12 11:17:46,CHSE376,0301,Elizabeth Martinez,20,0,1,2026-09-12 11:20:45
2026-09-12 11:17:46,CHSE376,0401,Chanai Brewster,20,4,0,2026-09-12 11:20:45
2026-09-12 11:17:46,CHSE476,0101,Michael Dunham,20,6,0,2026-09-12 11:20:46
2026-09-12 11:17:46,CHSE477,0101,Michael Dunham,15,4,0,2026-09-12 11:20:46
2026-09-12 11:17:46,CHSE489,1901,Amy D'Agati,15,10,0,2026-09-12 11:20:46
2026-09-12 11:17:46,CINE245,0101,Eric Zakim,22,0,2,2026-09-12 11:20:47
2026-09-12 11:17:46,CINE245,0102,Eric Zakim,22,0,3,2026-09-12 11:20:47
2026-09-12 11:17:46,CINE245,0103,Eric Zakim,22,0,3,2026-09-12 11:20:47
2026-09-12 11:17:46,CINE245,0104,Eric Zakim,22,0,1,2026-09-12 11:20:47
2026-09-12 11:17:46,CINE280,0101,Porter Olsen,30,0,1,2026-09-12 11:20:48
2026-09-12 11:17:46,CINE280,0201,John Tobin,30,0,2,2026-09-12 11:20:48
2026-09-12 11:17:46,CINE298A,0101,Caroline Eades,20,0,0,2026-09-12 11:20:48
2026-09-12 11:17:46,CINE301,0101,Eric Zakim,30,0,0,2026-09-12 11:20:48
2026-09-12 11:17:46,CINE310,0101,Nathaniel Stevens,15,2,0,2026-09-12 11:20:48
2026-09-12 11:17:46,CINE315,0101,Yael Inbar,15,0,0,2026-09-12 11:20:48
2026-09-12 11:17:46,CINE319G,0101,Oliver Gaycken,25,15,0,2026-09-12 11:20:48
2026-09-12 11:17:46,CINE319P,5501,Samuel Crawford,11,0,1,2026-09-12 11:20:49
2026-09-12 11:17:46,CINE319Z,0101,Paul Cote,25,7,0,2026-09-12 11:20:49
2026-09-12 11:17:46,CINE329T,0101,Daniel Richter,25,0,7,2026-09-12 11:20:49
2026-09-12 11:17:46,CINE332,0101,Parker Brookie,25,0,0,2026-09-12 11:20:49
2026-09-12 11:17:46,CINE334,0101,Elizabeth Papazian,25,0,0,2026-09-12 11:20:49
2026-09-12 11:17:46,CINE337,0101,Jason Kuo,25,0,2,2026-09-12 11:20:50
2026-09-12 11:17:46,CINE342,0101,Luka Arsenjuk,20,0,2,2026-09-12 11:20:50
2026-09-12 11:17:46,CINE350,0101,John Drabinski,20,0,1,2026-09-12 11:20:50
2026-09-12 11:17:46,CINE359C,0101,Daniel Richter,25,0,4,2026-09-12 11:20:50
2026-09-12 11:17:46,CINE369B,0101,Eva Hageman,30,0,0,2026-09-12 11:20:50
2026-09-12 11:17:46,CINE369K,0101,Paul Cote,20,0,1,2026-09-12 11:20:50
2026-09-12 11:17:46,CINE376,0101,Ross Angelella,15,3,0,2026-09-12 11:20:51
2026-09-12 11:17:46,CINE376,0102,Ross Angelella,5,2,0,2026-09-12 11:20:51
2026-09-12 11:17:46,CINE415,0101,Mathew Bainbridge,15,0,0,2026-09-12 11:20:51
2026-09-12 11:17:46,CINE419P,0101,Oliver Gaycken,20,14,0,2026-09-12 11:20:51
2026-09-12 11:17:46,CINE459P,0101,Luka Arsenjuk,20,0,2,2026-09-12 11:20:51
2026-09-12 11:17:46,CLAS170,0101,Chiara Graf,21,0,0,2026-09-12 11:20:53
2026-09-12 11:17:46,CLAS170,0102,Chiara Graf,21,0,0,2026-09-12 11:20:53
2026-09-12 11:17:46,CLAS170,0103,Chiara Graf,21,0,0,2026-09-12 11:20:53
2026-09-12 11:17:46,CLAS170,0104,Chiara Graf,21,1,0,2026-09-12 11:20:53
2026-09-12 11:17:46,CLAS170,0105,Chiara Graf,21,0,0,2026-09-12 11:20:53
2026-09-12 11:17:46,CLAS170,0106,Chiara Graf,21,0,0,2026-09-12 11:20:53
2026-09-12 11:17:46,CLAS170,0107,Chiara Graf,21,0,0,2026-09-12 11:20:53
2026-09-12 11:17:46,CLAS170,0108,Chiara Graf,21,1,0,2026-09-12 11:20:53
2026-09-12 11:17:46,CLAS170,0109,Chiara Graf,22,0,0,2026-09-12 11:20:53
2026-09-12 11:17:46,CLAS170,FC01,Chelsea Stolt,28,4,0,2026-09-12 11:20:53
2026-09-12 11:17:46,CLAS170,FC02,Chelsea Stolt,28,0,0,2026-09-12 11:20:53
2026-09-12 11:17:46,CLAS170,FC03,Eugenia Lao,28,8,0,2026-09-12 11:20:53
2026-09-12 11:17:46,CLAS170,FC05,Charis Addai,28,5,0,2026-09-12 11:20:53
2026-09-12 11:17:46,CLAS277,0101,Chiara Graf,25,0,0,2026-09-12 11:20:53
2026-09-12 11:17:46,CLAS277,0102,Chiara Graf,25,1,0,2026-09-12 11:20:53
2026-09-12 11:17:46,CLAS277,0103,Chiara Graf,25,4,0,2026-09-12 11:20:53
2026-09-12 11:17:46,CLAS277,0104,Chiara Graf,25,1,0,2026-09-12 11:20:53
2026-09-12 11:17:46,CLAS277,0105,Chiara Graf,25,0,0,2026-09-12 11:20:53
2026-09-12 11:17:46,CLAS277,0106,Chiara Graf,25,1,0,2026-09-12 11:20:53
2026-09-12 11:17:46,CLAS305,0101,Jorge Bravo,35,1,0,2026-09-12 11:20:53
2026-09-12 11:17:46,CLAS309N,0101,Nathan Levine,35,26,0,2026-09-12 11:20:53
2026-09-12 11:17:46,CLAS310,0101,Rachel Singpurwalla,20,0,1,2026-09-12 11:20:53
2026-09-12 11:17:46,CLAS310,0102,Rachel Singpurwalla,20,0,2,2026-09-12 11:20:53
2026-09-12 11:17:46,CLAS310,0103,Rachel Singpurwalla,20,0,3,2026-09-12 11:20:53
2026-09-12 11:17:46,CLAS312,0101,Polyvia Parara,35,7,0,2026-09-12 11:20:54
2026-09-12 11:17:46,CMLT235,0101,Brielle Gorrell,30,2,0,2026-09-12 11:20:57
2026-09-12 11:17:46,CMLT270,0101,Hannah (Toyin) Adeyemi,30,0,0,2026-09-12 11:20:57
2026-09-12 11:17:46,CMLT270,0201,Shakiba Sharifpour,30,1,0,2026-09-12 11:20:57
2026-09-12 11:17:46,CMLT275,0201,Abhinav Bhardwaj,30,0,0,2026-09-12 11:20:57
2026-09-12 11:17:46,CMLT277,0101,Nahid Ahmadian,30,2,0,2026-09-12 11:20:57
2026-09-12 11:17:46,CMLT280,0101,Porter Olsen,30,0,1,2026-09-12 11:20:57
2026-09-12 11:17:46,CMLT280,0201,John Tobin,30,0,2,2026-09-12 11:20:57
2026-09-12 11:17:46,CPBE100,0101,Oliver Schlake,95,25,0,2026-09-12 11:21:20
2026-09-12 11:17:46,CPBE200,0101,Oliver Schlake,75,33,0,2026-09-12 11:21:20
2026-09-12 11:17:46,CPBE225,0101,Ira Koretsky,38,13,0,2026-09-12 11:21:20
2026-09-12 11:17:46,CPBE225,0102,Ira Koretsky,38,22,0,2026-09-12 11:21:20
2026-09-12 11:17:46,CPCV100,0101,Julie Randolph,40,1,0,2026-09-12 11:21:21
2026-09-12 11:17:46,CPCV100,0201,Julie Randolph,40,8,0,2026-09-12 11:21:21
2026-09-12 11:17:46,CPCV200,0101,Julie Randolph,35,1,0,2026-09-12 11:21:21
2026-09-12 11:17:46,CPCV200,0201,Julie Randolph,35,15,0,2026-09-12 11:21:21
2026-09-12 11:17:46,CPCV225,0101,Korey Rothman,75,4,0,2026-09-12 11:21:22
2026-09-12 11:17:46,CPDJ100,0101,Jess Feltner,75,2,0,2026-09-12 11:21:23
2026-09-12 11:17:46,CPDJ200,0101,Andrew Fellows,75,37,0,2026-09-12 11:21:23
2026-09-12 11:17:46,CPET100,0101,Tim Knight,75,4,0,2026-09-12 11:21:24
2026-09-12 11:17:46,CPET200,0101,Tim Knight,75,7,0,2026-09-12 11:21:24
2026-09-12 11:17:46,CPGH100,0101,John Wiggins,85,7,0,2026-09-12 11:21:26
2026-09-12 11:17:46,CPGH200,0101,John Wiggins,75,18,0,2026-09-12 11:21:26
2026-09-12 11:17:46,CPJT100,0101,Justine DeCamillis,75,7,0,2026-09-12 11:21:27
2026-09-12 11:17:46,CPJT200,0101,Justine DeCamillis,75,21,0,2026-09-12 11:21:27
2026-09-12 11:17:46,CPMS100,0101,Alison Burns,75,0,0,2026-09-12 11:21:29
2026-09-12 11:17:46,CPMS200,0101,Alison Burns,75,11,0,2026-09-12 11:21:29
2026-09-12 11:17:46,CPMS225,0101,Alison Burns,75,0,0,2026-09-12 11:21:29
2026-09-12 11:17:46,CPMS230,0101,Alison Burns,30,11,0,2026-09-12 11:21:29
2026-09-12 11:17:46,CPMS240,0101,Carole Lee,20,18,0,2026-09-12 11:21:29
2026-09-12 11:17:46,CPPL100,0101,Kelly Brower,78,2,0,2026-09-12 11:21:31
2026-09-12 11:17:46,CPPL200,0101,Susannah Washburn,75,15,0,2026-09-12 11:21:31
2026-09-12 11:17:46,CPSA100,0101,Andrea Cesar,75,12,0,2026-09-12 11:21:32
2026-09-12 11:17:46,CPSA200,0101,Andrea Cesar,75,34,0,2026-09-12 11:21:32
2026-09-12 11:17:46,CPSF100,0101,Nicholas Fletcher,85,1,0,2026-09-12 11:21:34
2026-09-12 11:17:46,CPSF200,0101,Nicholas Fletcher,75,5,0,2026-09-12 11:21:34
2026-09-12 11:17:46,CPSG100,0101,Thomas Holtz,85,11,0,2026-09-12 11:21:35
2026-09-12 11:17:46,CPSG200,0101,Thomas Holtz,75,29,0,2026-09-12 11:21:35
2026-09-12 11:17:46,CPSN100,0101,Hansol Kwak,85,5,0,2026-09-12 11:21:36
2026-09-12 11:17:46,CPSN200,0101,Stacy Kosko,75,42,0,2026-09-12 11:21:37
2026-09-12 11:17:46,CPSN230,0101,Sarah Kilmer,20,18,0,2026-09-12 11:21:37
2026-09-12 11:17:46,CPSN240,0101,Sarah Kilmer,10,7,0,2026-09-12 11:21:37
2026-09-12 11:17:46,CPSN250,0101,Sarah Kilmer,5,5,0,2026-09-12 11:21:37
2026-09-12 11:17:46,CPSP110,0101,Markell Saunders,18,8,0,2026-09-12 11:21:38
2026-09-12 11:17:46,CPSP110,0201,Patrice Greene,18,13,0,2026-09-12 11:21:38
2026-09-12 11:17:46,CPSP220,0101,Tiara Thomas,20,1,0,2026-09-12 11:21:39
2026-09-12 11:17:46,CPSP239A,0101,Heather-Erin Bremenstuhl,10,5,0,2026-09-12 11:21:39
2026-09-12 11:17:46,CPSP269C,0101,Korey Rothman,5,5,0,2026-09-12 11:21:39
2026-09-12 11:17:46,CPSP339P,0101,Susannah Washburn,10,7,0,2026-09-12 11:21:40
2026-09-12 11:17:46,CPSS100,0101,Nicole Mogul,85,6,0,2026-09-12 11:21:41
2026-09-12 11:17:46,CPSS220,0101,Nicole Mogul,20,2,0,2026-09-12 11:21:41
2026-09-12 11:17:46,CPSS225,0101,Roan Parrish,20,14,0,2026-09-12 11:21:41
2026-09-12 11:17:46,CPSS340,0101,David Tomblin,20,5,0,2026-09-12 11:21:41
2026-09-12 11:17:46,CRLN101,0103,Myles Alexander,25,1,0,2026-09-12 11:21:43
2026-09-12 11:17:46,CRLN101,0104,Tami Smith,26,0,0,2026-09-12 11:21:43
2026-09-12 11:17:46,CRLN101,0105,Denis Garcia Reyes,25,0,0,2026-09-12 11:21:43
2026-09-12 11:17:46,CRLN101,0106,Mitch Woolley,25,4,0,2026-09-12 11:21:43
2026-09-12 11:17:46,CRLN101,0107,Esohe Owie,25,0,0,2026-09-12 11:21:43
2026-09-12 11:17:46,DATA100,0111,Matthew Griffin,33,4,0,2026-09-12 11:21:49
2026-09-12 11:17:46,DATA100,0112,Matthew Griffin,35,2,0,2026-09-12 11:21:49
2026-09-12 11:17:46,DATA100,0121,Matthew Griffin,35,2,0,2026-09-12 11:21:49
2026-09-12 11:17:46,DATA100,0122,Matthew Griffin,33,0,0,2026-09-12 11:21:49
2026-09-12 11:17:46,DATA100,0123,Matthew Griffin,33,1,0,2026-09-12 11:21:49
2026-09-12 11:17:46,DATA100,0124,Matthew Griffin,33,0,0,2026-09-12 11:21:49
2026-09-12 11:17:46,DATA100,0131,Matthew Griffin,33,1,0,2026-09-12 11:21:49
2026-09-12 11:17:46,DATA100,0141,Matthew Griffin,35,0,0,2026-09-12 11:21:49
2026-09-12 11:17:46,DATA100,0142,Matthew Griffin,33,0,0,2026-09-12 11:21:49
2026-09-12 11:17:46,DATA100,0211,Matthew Griffin,33,1,0,2026-09-12 11:21:49
2026-09-12 11:17:46,DATA100,0212,Matthew Griffin,35,0,0,2026-09-12 11:21:49
2026-09-12 11:17:46,DATA100,0221,Matthew Griffin,30,0,0,2026-09-12 11:21:49
2026-09-12 11:17:46,DATA100,0223,Matthew Griffin,32,0,0,2026-09-12 11:21:49
2026-09-12 11:17:46,DATA100,0224,Matthew Griffin,30,1,0,2026-09-12 11:21:49
2026-09-12 11:17:46,DATA100,0231,Matthew Griffin,33,3,0,2026-09-12 11:21:49
2026-09-12 11:17:46,DATA100,0311,Archana Khurana,35,6,0,2026-09-12 11:21:49
2026-09-12 11:17:46,DATA100,0312,Archana Khurana,35,0,0,2026-09-12 11:21:49
2026-09-12 11:17:46,DATA100,0321,Archana Khurana,35,0,0,2026-09-12 11:21:49
2026-09-12 11:17:46,DATA100,0322,Archana Khurana,35,1,0,2026-09-12 11:21:49
2026-09-12 11:17:46,DATA100,0323,Archana Khurana,35,0,0,2026-09-12 11:21:49
2026-09-12 11:17:46,DATA100,0341,Archana Khurana,35,6,0,2026-09-12 11:21:49
2026-09-12 11:17:46,DATA110,0101,Susan Mazzullo,250,24,0,2026-09-12 11:21:49
2026-09-12 11:17:46,DATA120,0101,Fardina Alam,200,0,0,2026-09-12 11:21:49
2026-09-12 11:17:46,DATA200,0101,Fardina Alam,90,32,0,2026-09-12 11:21:49
2026-09-12 11:17:46,DATA250,0101,Todd Rowland,43,6,0,2026-09-12 11:21:50
2026-09-12 11:17:46,DATA320,0101,Maksym Morawski,15,10,0,2026-09-12 11:21:50
2026-09-12 11:17:46,DATA320,0201,Maksym Morawski,20,9,0,2026-09-12 11:21:50
2026-09-12 11:17:46,DATA320,0301,Fardina Alam,20,1,0,2026-09-12 11:21:50
2026-09-12 11:17:46,DATA350,0101,Raluca Rosca,30,11,0,2026-09-12 11:21:50
2026-09-12 11:17:46,DATA350,0201,Jonathan Fernandes,34,4,0,2026-09-12 11:21:50
2026-09-12 11:17:46,DATA400,0111,Salman Safdar,27,1,0,2026-09-12 11:21:50
2026-09-12 11:17:46,DATA400,0112,Salman Safdar,30,1,0,2026-09-12 11:21:50
2026-09-12 11:17:46,DATA400,0121,Salman Safdar,27,2,0,2026-09-12 11:21:50
2026-09-12 11:17:46,DATA400,0122,Salman Safdar,27,4,0,2026-09-12 11:21:50
2026-09-12 11:17:46,DATA400,0131,Salman Safdar,27,3,0,2026-09-12 11:21:50
2026-09-12 11:17:46,DATA400,0132,Salman Safdar,27,8,0,2026-09-12 11:21:50
2026-09-12 11:17:46,DATA400,0211,Timothy Pilachowski,30,3,0,2026-09-12 11:21:50
2026-09-12 11:17:46,DATA400,0212,Timothy Pilachowski,30,4,0,2026-09-12 11:21:50
2026-09-12 11:17:46,DATA400,0221,Timothy Pilachowski,30,3,0,2026-09-12 11:21:50
2026-09-12 11:17:46,DATA400,0222,Timothy Pilachowski,30,0,0,2026-09-12 11:21:50
2026-09-12 11:17:46,DATA400,0231,Timothy Pilachowski,30,0,0,2026-09-12 11:21:50
2026-09-12 11:17:46,DATA400,0232,Timothy Pilachowski,30,3,0,2026-09-12 11:21:50
2026-09-12 11:17:46,DATA400,0311,Mestiyage Gunatilleka,32,0,1,2026-09-12 11:21:50
2026-09-12 11:17:46,DATA400,0312,Mestiyage Gunatilleka,30,0,2,2026-09-12 11:21:50
2026-09-12 11:17:46,DATA400,0321,Mestiyage Gunatilleka,32,0,1,2026-09-12 11:21:50
2026-09-12 11:17:46,DATA400,0322,Mestiyage Gunatilleka,30,0,1,2026-09-12 11:21:50
2026-09-12 11:17:46,DATA400,0331,Mestiyage Gunatilleka,32,0,1,2026-09-12 11:21:50
2026-09-12 11:17:46,DATA400,0332,Mestiyage Gunatilleka,30,0,1,2026-09-12 11:21:50
2026-09-12 11:17:46,DATA400,0511,Shixin Zheng,35,0,0,2026-09-12 11:21:50
2026-09-12 11:17:46,DATA400,0521,Shixin Zheng,35,0,0,2026-09-12 11:21:50
2026-09-12 11:17:46,DATA400,0531,Shixin Zheng,35,0,0,2026-09-12 11:21:50
2026-09-12 11:17:46,DATA601,PCS1,Sandra Cerrai,50,6,0,2026-09-12 11:21:50
2026-09-12 11:17:46,DATA601,PCS2,Jonathan Fernandes,60,20,0,2026-09-12 11:21:50
2026-09-12 11:17:46,DATA601,PWS1,Leonid Koralov,60,3,0,2026-09-12 11:21:50
2026-09-12 11:17:46,DATA602,PCS1,Sujeong Kim,44,4,0,2026-09-12 11:21:51
2026-09-12 11:17:46,DATA602,PCS2,Sujeong Kim,44,10,0,2026-09-12 11:21:51
2026-09-12 11:17:46,DATA602,PWS1,Fardina Alam,44,3,0,2026-09-12 11:21:51
2026-09-12 11:17:46,DATA603,PCS1,Babak Azimi-Sadjadi,55,14,0,2026-09-12 11:21:51
2026-09-12 11:17:46,DATA603,PWS1,Kemal Davaslioglu,55,18,0,2026-09-12 11:21:51
2026-09-12 11:17:46,DATA605,PCS1,Tammy Perrin,44,30,0,2026-09-12 11:21:51
2026-09-12 11:17:46,DATA605,PCS2,Tammy Perrin,44,21,0,2026-09-12 11:21:51
2026-09-12 11:17:46,DATA605,PWS1,Giacinto Paolo Saggese,44,35,0,2026-09-12 11:21:51
2026-09-12 11:17:46,DATA607,PCS1,Mestiyage Gunatilleka,44,29,0,2026-09-12 11:21:51
2026-09-12 11:17:46,DATA607,PCS2,Kendall Williams,55,0,1,2026-09-12 11:21:51
2026-09-12 11:17:46,DATA607,PCS3,Vincent Lyzinski,44,3,0,2026-09-12 11:21:51
2026-09-12 11:17:46,DATA612,PCS1,Samet Ayhan,50,23,0,2026-09-12 11:21:51
2026-09-12 11:17:46,DATA612,PWS1,Samet Ayhan,44,14,0,2026-09-12 11:21:51
2026-09-12 11:17:46,DATA641,PCS1,Toki Inan,50,19,0,2026-09-12 11:21:51
2026-09-12 11:17:46,DATA641,PWS1,Armin Mehrabian,50,0,0,2026-09-12 11:21:51
2026-09-12 11:17:46,DATA643,PCS1,Charles Forgy,50,30,0,2026-09-12 11:21:52
2026-09-12 11:17:46,DATA650,PCS1,Emre Gunduzhan,54,8,0,2026-09-12 11:21:52
2026-09-12 11:17:46,DATA650,PCS2,Emre Gunduzhan,54,9,0,2026-09-12 11:21:52
2026-09-12 11:17:46,ENAI600,0101,C Ravishankar,35,21,0,2026-09-12 11:22:13
2026-09-12 11:17:46,ENAI600,AEC1,C Ravishankar,20,5,0,2026-09-12 11:22:13
2026-09-12 11:17:46,ENAI601,0101,Richard La,35,22,0,2026-09-12 11:22:13
2026-09-12 11:17:46,ENAI601,AEC1,Richard La,20,8,0,2026-09-12 11:22:13
2026-09-12 11:17:46,ENAI607,0101,Zoltan Safar,29,24,0,2026-09-12 11:22:14
2026-09-12 11:17:46,ENAI607,AEC1,Zoltan Safar,20,9,0,2026-09-12 11:22:14
2026-09-12 11:17:46,ENBC301,ESG1,Sivan Saravanapavan,20,9,0,2026-09-12 11:22:15
2026-09-12 11:17:46,ENBC311,ESG1,Bahaa Ghammraoui,20,11,0,2026-09-12 11:22:15
2026-09-12 11:17:46,ENBC322,ESG1,Kyunghun Lee,20,11,0,2026-09-12 11:22:15
2026-09-12 11:17:46,ENBC331,ESG1,Lan Ma,20,10,0,2026-09-12 11:22:15
2026-09-12 11:17:46,ENBC332,ESG1,Jamasp Azarnoosh,20,11,0,2026-09-12 11:22:15
2026-09-12 11:17:46,ENBC341,ESG1,Jarred Callura,20,12,0,2026-09-12 11:22:16
2026-09-12 11:17:46,ENBC353,ESG1,Jarred Callura,20,15,0,2026-09-12 11:22:16
2026-09-12 11:17:46,ENBC423,ESG1,Jian Su,20,13,0,2026-09-12 11:22:16
2026-09-12 11:17:46,ENBC425,ESG1,Jamasp Azarnoosh,20,13,0,2026-09-12 11:22:16
2026-09-12 11:17:46,ENBC431,ESG1,Lan Ma,20,13,0,2026-09-12 11:22:16
2026-09-12 11:17:46,ENEB302,ESG1,Wesley Lawson,20,3,0,2026-09-12 11:22:25
2026-09-12 11:17:46,ENEB340,ESG1,Nestor Michael Tiglao,20,3,0,2026-09-12 11:22:25
2026-09-12 11:17:46,ENEB341,ESG1,Nestor Michael Tiglao,20,3,0,2026-09-12 11:22:25
2026-09-12 11:17:46,ENEB344,ESG1,Jerry Wu,20,3,0,2026-09-12 11:22:26
2026-09-12 11:17:46,ENEB346,ESG1,Nestor Michael Tiglao,20,13,0,2026-09-12 11:22:26
2026-09-12 11:17:46,ENEB354,ESG1,Yavuz Oruc,20,2,0,2026-09-12 11:22:26
2026-09-12 11:17:46,ENEB408A,ESG1,Nestor Michael Tiglao,20,13,0,2026-09-12 11:22:26
2026-09-12 11:17:46,ENEB444,ESG1,Manoj Franklin,20,13,0,2026-09-12 11:22:26
2026-09-12 11:17:46,ENEB454,ESG1,Jerry Wu,20,13,0,2026-09-12 11:22:26
2026-09-12 11:17:46,ENED036,0101,Hillary Owusu,20,5,0,2026-09-12 11:22:28
2026-09-12 11:17:46,ENED101,0101,Shannon Bate,20,0,0,2026-09-12 11:22:28
2026-09-12 11:17:46,ENED115,0101,Friedrich Alvarez,100,6,0,2026-09-12 11:22:28
2026-09-12 11:17:46,ENED215,0101,Tyler Huddleston,30,0,0,2026-09-12 11:22:28
2026-09-12 11:17:46,ENED215,0102,Samantha Sabihi,40,26,0,2026-09-12 11:22:28
2026-09-12 11:17:46,ENED215,0103,Paige Smith,6,0,0,2026-09-12 11:22:28
2026-09-12 11:17:46,ENED290H,0101,Christopher Troilo,46,1,0,2026-09-12 11:22:28
2026-09-12 11:17:46,ENED390H,0101,Tony Barber,50,13,0,2026-09-12 11:22:29
2026-09-12 11:17:46,ENED394H,0101,Manmohan Aseri,65,14,0,2026-09-12 11:22:29
2026-09-12 11:17:46,ENED397,0101,Emily Marks,9,0,0,2026-09-12 11:22:29
2026-09-12 11:17:46,ENED490H,0101,Maria Bardossy,45,1,0,2026-09-12 11:22:29
2026-09-12 11:17:46,ENED491,0101,Jessica Roffe,10,1,0,2026-09-12 11:22:29
2026-09-12 11:17:46,ENMT301,ESG1,Colleen Murray,15,8,0,2026-09-12 11:23:17
2026-09-12 11:17:46,ENMT322,ESG1,Norman Wereley,15,9,0,2026-09-12 11:23:17
2026-09-12 11:17:46,ENMT361,ESG1,Young Choi,15,8,0,2026-09-12 11:23:17
2026-09-12 11:17:46,ENMT380,ESG1,Gurtajbir Herr,15,8,0,2026-09-12 11:23:18
2026-09-12 11:17:46,ENMT450,ESG1,Nicholas Limparis,7,5,0,2026-09-12 11:23:18
2026-09-12 11:17:46,ENMT471,ESG1,Colleen Murray,7,5,0,2026-09-12 11:23:18
2026-09-12 11:17:46,ENMT473,ESG1,Gurtajbir Herr,7,4,0,2026-09-12 11:23:18
2026-09-12 11:17:46,ENMT483,ESG1,Nicholas Limparis,7,5,0,2026-09-12 11:23:18
2026-09-12 11:17:46,ENMT499,ESG4,Nicholas Limparis,2,1,0,2026-09-12 11:23:19
2026-09-12 11:17:46,ENSE621,0101,Tony Barber,22,16,0,2026-09-12 11:23:26
2026-09-12 11:17:46,ENSE621,SY01,Tony Barber,15,0,0,2026-09-12 11:23:26
2026-09-12 11:17:46,ENSE623,0101,Steven Biemer,17,14,0,2026-09-12 11:23:26
2026-09-12 11:17:46,ENSE623,SY01,Steven Biemer,15,11,0,2026-09-12 11:23:26
2026-09-12 11:17:46,ENSE626,0101,Dane Cooper,20,16,0,2026-09-12 11:23:26
2026-09-12 11:17:46,ENSE626,SY01,Dane Cooper,15,9,0,2026-09-12 11:23:26
2026-09-12 11:17:46,ENSP101,0101,Annette Spivy,25,0,0,2026-09-12 11:23:28
2026-09-12 11:17:46,ENSP101,0102,Annette Spivy,24,0,0,2026-09-12 11:23:28
2026-09-12 11:17:46,ENSP101,0103,Annette Spivy,24,2,0,2026-09-12 11:23:28
2026-09-12 11:17:46,ENSP101,0104,Annette Spivy,24,1,0,2026-09-12 11:23:28
2026-09-12 11:17:46,ENSP101,0105,Annette Spivy,25,1,0,2026-09-12 11:23:28
2026-09-12 11:17:46,ENSP101,0106,Annette Spivy,24,0,0,2026-09-12 11:23:28
2026-09-12 11:17:46,ENSP101,0107,Annette Spivy,24,0,0,2026-09-12 11:23:28
2026-09-12 11:17:46,ENSP101,FC01,Annette Spivy,32,1,0,2026-09-12 11:23:28
2026-09-12 11:17:46,ENSP305,0101,Annette Spivy,23,0,1,2026-09-12 11:23:28
2026-09-12 11:17:46,ENSP330,0101,Joanna Goger,35,0,0,2026-09-12 11:23:28
2026-09-12 11:17:46,ENSP340,0101,Caroline Boules,25,0,0,2026-09-12 11:23:36
2026-09-12 11:17:46,ENSP360,0101,Leena Malayil,25,0,5,2026-09-12 11:23:36
2026-09-12 11:17:46,ENSP399R,0601,Annette Spivy,10,10,0,2026-09-12 11:23:37
2026-09-12 11:17:46,ENSP399R,1001,Jennifer Mullinax,10,10,0,2026-09-12 11:23:37
2026-09-12 11:17:46,ENSP400,0101,Joanna Goger,35,13,0,2026-09-12 11:23:37
2026-09-12 11:17:46,ENSP400,0102,Joanna Goger,35,11,0,2026-09-12 11:23:37
2026-09-12 11:17:46,ENVH121,FC01,Brienna Anderson,20,12,0,2026-09-12 11:23:47
2026-09-12 11:17:46,ENVH381,0101,Donald Milton,30,10,0,2026-09-12 11:23:47
2026-09-12 11:17:46,FGSM310,0101,Peter Owen,24,1,0,2026-09-12 11:23:53
2026-09-12 11:17:46,FGSM315,0101,Emily Shetty,22,0,0,2026-09-12 11:23:53
2026-09-12 11:17:46,FGSM320,0101,Woodie Kessel,24,2,0,2026-09-12 11:23:54
2026-09-12 11:17:46,FGSM325,0101,Rob Long,20,1,0,2026-09-12 11:23:54
2026-09-12 11:17:46,FGSM330,0101,Andrew Fausett,22,2,0,2026-09-12 11:23:55
2026-09-12 11:17:46,FGSM340,0101,Ed Fendley,22,1,0,2026-09-12 11:23:55
2026-09-12 11:17:46,FGSM350,0101,Sean Misko,22,1,0,2026-09-12 11:23:55
2026-09-12 11:17:46,FGSM355,0101,Amanda Schoch,20,0,0,2026-09-12 11:23:55
2026-09-12 11:17:46,FGSM360,0101,Nadia Farra,21,0,0,2026-09-12 11:23:55
2026-09-12 11:17:46,FGSM365,0101,Andrew Nissen,20,2,0,2026-09-12 11:23:56
2026-09-12 11:17:46,FGSM370,0101,Joshua Glasser,20,0,0,2026-09-12 11:23:56
2026-09-12 11:17:46,FGSM390,0101,Sasha Koo-Oshima,20,3,0,2026-09-12 11:23:56
2026-09-12 11:17:46,FGSM398,0101,Jayakumar Arasan,25,21,0,2026-09-12 11:23:56
2026-09-12 11:17:46,FGSM398,0201,Jayakumar Arasan,5,2,0,2026-09-12 11:23:56
2026-09-12 11:17:46,FIRE120,0101,Jessica O'Hara,36,0,0,2026-09-12 11:23:57
2026-09-12 11:17:46,FIRE120,0102,Shannon Hilton,36,7,0,2026-09-12 11:23:57
2026-09-12 11:17:46,FIRE120,0103,Jaclyn Bruner,36,2,0,2026-09-12 11:23:57
2026-09-12 11:17:46,FIRE120,0104,Danielle Niu,36,0,0,2026-09-12 11:23:57
2026-09-12 11:17:46,FIRE120,0105,Cherisse Hall,36,0,0,2026-09-12 11:23:57
2026-09-12 11:17:46,FIRE120,0106,Sara Strey,36,0,0,2026-09-12 11:23:57
2026-09-12 11:17:46,FIRE120,0107,Helene Nguemgaing,36,1,0,2026-09-12 11:23:57
2026-09-12 11:17:46,FIRE120,0108,Mary Chey,36,0,0,2026-09-12 11:23:57
2026-09-12 11:17:46,FIRE120,0109,Shannon Hilton,36,0,0,2026-09-12 11:23:57
2026-09-12 11:17:46,FIRE120,0110,Lena Johnson,36,0,0,2026-09-12 11:23:57
2026-09-12 11:17:46,FIRE120,0111,Benjamin Huffman,36,0,0,2026-09-12 11:23:57
2026-09-12 11:17:46,FIRE120,0112,Mary Chey,36,1,0,2026-09-12 11:23:57
2026-09-12 11:17:46,FIRE120,0113,Elizabeth Massey,36,8,0,2026-09-12 11:23:57
2026-09-12 11:17:46,FIRE120,0114,Benjamin Huffman,36,0,0,2026-09-12 11:23:57
2026-09-12 11:17:46,FIRE120,FC01,Danielle Niu,40,0,10,2026-09-12 11:23:57
2026-09-12 11:17:46,FIRE298,0101,Catherine Spirito,28,3,0,2026-09-12 11:23:58
2026-09-12 11:17:46,FIRE298,0103,Cherisse Hall,36,7,0,2026-09-12 11:23:58
2026-09-12 11:17:46,FIRE298,0104,Jessica O'Hara,36,4,0,2026-09-12 11:23:58
2026-09-12 11:17:46,FIRE298,0105,Kaylee Bloom,36,7,0,2026-09-12 11:23:58
2026-09-12 11:17:46,FIRE298,0106,Danielle Niu,36,16,0,2026-09-12 11:23:58
2026-09-12 11:17:46,FIRE298,0107,Benjamin Huffman,40,1,0,2026-09-12 11:23:58
2026-09-12 11:17:46,FIRE298,0108,Elizabeth Massey,40,14,0,2026-09-12 11:23:58
2026-09-12 11:17:46,FIRE298,0109,Shannon Hilton,40,6,0,2026-09-12 11:23:58
2026-09-12 11:17:46,FIRE298,0110,Jaclyn Bruner,40,19,0,2026-09-12 11:23:58
2026-09-12 11:17:46,FIRE298,0111,Mary Chey,36,4,0,2026-09-12 11:23:58
2026-09-12 11:17:46,FIRE298,0112,Helene Nguemgaing,40,16,0,2026-09-12 11:23:58
2026-09-12 11:17:46,FIRE298,0113,Kristina Kramarczuk,40,11,0,2026-09-12 11:23:58
2026-09-12 11:17:46,FIRE298,0114,Shabnam Jabeen,40,22,0,2026-09-12 11:23:58
2026-09-12 11:17:46,FIRE298,0115,Sara Strey,40,14,0,2026-09-12 11:23:58
2026-09-12 11:17:46,FIRE298,0116,Lena Johnson,40,6,0,2026-09-12 11:23:58
2026-09-12 11:17:46,FIRE398,0101,Catherine Spirito,15,2,0,2026-09-12 11:23:58
2026-09-12 11:17:46,FIRE398,0103,Cherisse Hall,15,5,0,2026-09-12 11:23:58
2026-09-12 11:17:46,FIRE398,0104,Jessica O'Hara,15,1,0,2026-09-12 11:23:58
2026-09-12 11:17:46,FIRE398,0105,Kaylee Bloom,15,2,0,2026-09-12 11:23:58
2026-09-12 11:17:46,FIRE398,0106,Danielle Niu,15,10,0,2026-09-12 11:23:58
2026-09-12 11:17:46,FIRE398,0107,Benjamin Huffman,15,3,0,2026-09-12 11:23:58
2026-09-12 11:17:46,FIRE398,0108,Elizabeth Massey,15,6,0,2026-09-12 11:23:58
2026-09-12 11:17:46,FIRE398,0109,Shannon Hilton,15,6,0,2026-09-12 11:23:58
2026-09-12 11:17:46,FIRE398,0110,Jaclyn Bruner,15,9,0,2026-09-12 11:23:58
2026-09-12 11:17:46,FIRE398,0111,Mary Chey,15,3,0,2026-09-12 11:23:58
2026-09-12 11:17:46,FIRE398,0112,Helene Nguemgaing,15,15,0,2026-09-12 11:23:58
2026-09-12 11:17:46,FIRE398,0113,Kristina Kramarczuk,15,8,0,2026-09-12 11:23:58
2026-09-12 11:17:46,FIRE398,0114,Shabnam Jabeen,15,15,0,2026-09-12 11:23:58
2026-09-12 11:17:46,FIRE398,0115,Sara Strey,15,14,0,2026-09-12 11:23:58
2026-09-12 11:17:46,FIRE398,0116,Lena Johnson,15,11,0,2026-09-12 11:23:58
2026-09-12 11:17:46,GBHL200,0101,Hassanatu Blake,30,0,0,2026-09-12 11:24:10
2026-09-12 11:17:46,GBHL200,FC01,Zandra Andre,25,3,0,2026-09-12 11:24:10
2026-09-12 11:17:46,GBHL210,0101,Leena Malayil,25,8,0,2026-09-12 11:24:10
2026-09-12 11:17:46,GEMS101,0101,Allison Lansverk,10,1,0,2026-09-12 11:24:13
2026-09-12 11:17:46,GEMS101,0103,Allison Lansverk,10,0,0,2026-09-12 11:24:13
2026-09-12 11:17:46,GEMS101,0104,Allison Lansverk,10,0,0,2026-09-12 11:24:13
2026-09-12 11:17:46,GEMS101,0105,Allison Lansverk,10,0,0,2026-09-12 11:24:13
2026-09-12 11:17:46,GEMS101,0106,Allison Lansverk,10,0,0,2026-09-12 11:24:13
2026-09-12 11:17:46,GEMS101,0107,Allison Lansverk,10,0,0,2026-09-12 11:24:13
2026-09-12 11:17:46,GEMS101,0109,Allison Lansverk,10,0,0,2026-09-12 11:24:13
2026-09-12 11:17:46,GEMS101,0111,Allison Lansverk,10,0,0,2026-09-12 11:24:13
2026-09-12 11:17:46,GEMS101,0113,Allison Lansverk,10,0,0,2026-09-12 11:24:13
2026-09-12 11:17:46,GEMS101,0114,Allison Lansverk,10,0,0,2026-09-12 11:24:13
2026-09-12 11:17:46,GEMS202,0101,Allison Lansverk,168,43,0,2026-09-12 11:24:13
2026-09-12 11:17:46,GEMS208A,0101,Allison Lansverk,14,14,0,2026-09-12 11:24:13
2026-09-12 11:17:46,GEMS208B,0101,Allison Lansverk,14,14,0,2026-09-12 11:24:13
2026-09-12 11:17:46,GEMS208C,0101,Allison Lansverk,23,10,0,2026-09-12 11:24:13
2026-09-12 11:17:46,GEMS208D,0101,Allison Lansverk,10,9,0,2026-09-12 11:24:14
2026-09-12 11:17:46,GEMS208P,0101,Allison Lansverk,20,6,0,2026-09-12 11:24:14
2026-09-12 11:17:46,GEMS296,0101,Sehrish Shikarpurya,14,6,0,2026-09-12 11:24:14
2026-09-12 11:17:46,GEMS296,0102,David Lovell,14,1,0,2026-09-12 11:24:14
2026-09-12 11:17:46,GEMS296,0103,Myles Poulin,14,1,0,2026-09-12 11:24:14
2026-09-12 11:17:46,GEMS296,0104,Raymond Adomaitis,14,3,0,2026-09-12 11:24:14
2026-09-12 11:17:46,GEMS296,0105,Rodolphe Gentili,14,4,0,2026-09-12 11:24:14
2026-09-12 11:17:46,GEMS296,0106,Jared Grauer,14,6,0,2026-09-12 11:24:14
2026-09-12 11:17:46,GEMS296,0107,Fengfeng Ke,14,4,0,2026-09-12 11:24:14
2026-09-12 11:17:46,GEMS296,0108,Eric Silk,14,4,0,2026-09-12 11:24:14
2026-09-12 11:17:46,GEMS296,0109,Huang Chiao Huang,14,1,0,2026-09-12 11:24:14
2026-09-12 11:17:46,GEMS296,0110,Mengqiang Zhu,14,6,0,2026-09-12 11:24:14
2026-09-12 11:17:46,GEMS296,0111,Maria Molina,14,6,0,2026-09-12 11:24:14
2026-09-12 11:17:46,GEMS296,0112,Erin Tran,14,1,0,2026-09-12 11:24:14
2026-09-12 11:17:46,GEMS296,0113,Instructor: TBA,5,5,0,2026-09-12 11:24:14
2026-09-12 11:17:46,GEMS296,0114,Instructor: TBA,14,14,0,2026-09-12 11:24:14
2026-09-12 11:17:46,GEMS296,0115,David Lovell,5,5,0,2026-09-12 11:24:14
2026-09-12 11:17:46,GEMS297,0113,Instructor: TBA,5,5,0,2026-09-12 11:24:14
2026-09-12 11:17:46,GEMS396,0101,Michael Humber,14,7,0,2026-09-12 11:24:14
2026-09-12 11:17:46,GEMS396,0102,Seth Dickey,14,2,0,2026-09-12 11:24:14
2026-09-12 11:17:46,GEMS396,0103,Cecilia Huertas Cerdeira,14,7,0,2026-09-12 11:24:14
2026-09-12 11:17:46,GEMS396,0104,Rodolphe Gentili,14,2,0,2026-09-12 11:24:14
2026-09-12 11:17:46,GEMS396,0105,Allison Reilly,14,5,0,2026-09-12 11:24:14
2026-09-12 11:17:46,GEMS396,0106,Peter Sunderland,14,5,0,2026-09-12 11:24:14
2026-09-12 11:17:46,GEMS396,0107,Brett Lacey,14,8,0,2026-09-12 11:24:14
2026-09-12 11:17:46,GEMS396,0108,Natalia Buzulukova,14,4,0,2026-09-12 11:24:14
2026-09-12 11:17:46,GEMS396,0109,Anil Deane,14,4,0,2026-09-12 11:24:14
2026-09-12 11:17:46,GEMS396,0110,Colenso Speer,14,3,0,2026-09-12 11:24:14
2026-09-12 11:17:46,GEMS396,0111,Instructor: TBA,14,14,0,2026-09-12 11:24:14
2026-09-12 11:17:46,GEMS396,0112,Instructor: TBA,14,14,0,2026-09-12 11:24:14
2026-09-12 11:17:46,GEMS396,0113,David Lovell,5,5,0,2026-09-12 11:24:14
2026-09-12 11:17:46,GEMS396,0114,David Lovell,5,5,0,2026-09-12 11:24:14
2026-09-12 11:17:46,GEMS397,0113,David Lovell,5,4,0,2026-09-12 11:24:15
2026-09-12 11:17:46,GEMS496,0101,Eric Haag,14,8,0,2026-09-12 11:24:15
2026-09-12 11:17:46,GEMS496,0102,Mohammad Nayeem Teli,14,10,0,2026-09-12 11:24:15
2026-09-12 11:17:46,GEMS496,0103,Norberto Gonzalez- Juarbe,14,4,0,2026-09-12 11:24:15
2026-09-12 11:17:46,GEMS496,0104,Abhinav Shrivastava,14,6,0,2026-09-12 11:24:15
2026-09-12 11:17:46,GEMS496,0105,Hector Alcala,14,4,0,2026-09-12 11:24:15
2026-09-12 11:17:46,GEMS496,0106,Massimo Ricotti,14,4,0,2026-09-12 11:24:15
2026-09-12 11:17:46,GEMS496,0107,Reza Ghodssi,14,7,0,2026-09-12 11:24:15
2026-09-12 11:17:46,GEMS496,0108,Nikhil Chopra,14,8,0,2026-09-12 11:24:15
2026-09-12 11:17:46,GEMS496,0109,Kimberly Stroka,14,4,0,2026-09-12 11:24:15
2026-09-12 11:17:46,GEMS496,0110,Gorjan Alagic,14,13,0,2026-09-12 11:24:15
2026-09-12 11:17:46,GEMS496,0111,Alisa Clyne,14,6,0,2026-09-12 11:24:15
2026-09-12 11:17:46,GEMS496,0112,Xin Zan,14,10,0,2026-09-12 11:24:15
2026-09-12 11:17:46,GEMS496,0113,Erin Tran,14,14,0,2026-09-12 11:24:15
2026-09-12 11:17:46,GEMS496,0114,David Lovell,5,5,0,2026-09-12 11:24:15
2026-09-12 11:17:46,GEMS497,0107,Instructor: TBA,14,14,0,2026-09-12 11:24:15
2026-09-12 11:17:46,GEMS497,0110,Instructor: TBA,5,5,0,2026-09-12 11:24:15
2026-09-12 11:17:46,GEMS497,0113,David Lovell,5,5,0,2026-09-12 11:24:15
2026-09-12 11:17:46,GFPL100,0101,Joshua Itzkowitz Shifrinson,20,1,0,2026-09-12 11:24:31
2026-09-12 11:17:46,GFPL100,0102,Joshua Itzkowitz Shifrinson,20,1,0,2026-09-12 11:24:31
2026-09-12 11:17:46,GFPL100,0103,Joshua Itzkowitz Shifrinson,20,1,0,2026-09-12 11:24:31
2026-09-12 11:17:46,GFPL100,0104,Joshua Itzkowitz Shifrinson,20,0,0,2026-09-12 11:24:31
2026-09-12 11:17:46,GFPL100,0105,Joshua Itzkowitz Shifrinson,20,2,0,2026-09-12 11:24:31
2026-09-12 11:17:46,GFPL100,0106,Joshua Itzkowitz Shifrinson,25,2,0,2026-09-12 11:24:31
2026-09-12 11:17:46,GFPL100,FC01,Devin Entrikin,30,0,0,2026-09-12 11:24:31
2026-09-12 11:17:46,GFPL102,0101,Caroline Ritter,95,32,0,2026-09-12 11:24:31
2026-09-12 11:17:46,GFPL371,0101,Joshua Itzkowitz Shifrinson,35,0,0,2026-09-12 11:24:31
2026-09-12 11:17:46,GFPL388A,0101,Shannon Carcelli,5,5,0,2026-09-12 11:24:31
2026-09-12 11:17:46,GFPL388B,0101,Hyunki Kim,5,5,0,2026-09-12 11:24:31
2026-09-12 11:17:46,GFPL388C,0101,Scott Kastner,5,0,0,2026-09-12 11:24:32
2026-09-12 11:17:46,GFPL390,0101,Lena Andrews,20,0,0,2026-09-12 11:24:32
2026-09-12 11:17:46,GFPL490,0101,Michael Woldemariam,15,2,0,2026-09-12 11:24:32
2026-09-12 11:17:46,GFPL492,0101,Steve Fetter,20,1,0,2026-09-12 11:24:32
2026-09-12 11:17:46,GLBC200,0101,Chris Lewis,30,4,0,2026-09-12 11:24:33
2026-09-12 11:17:46,GLBC350,0101,Michele Mason,30,27,0,2026-09-12 11:24:34
2026-09-12 11:17:46,HACS100,0101,Cassie Harrington,40,2,0,2026-09-12 11:24:44
2026-09-12 11:17:46,HACS100,0201,Cassie Harrington,40,14,0,2026-09-12 11:24:44
2026-09-12 11:17:46,HACS200,0101,Michel Cukier,34,10,0,2026-09-12 11:24:44
2026-09-12 11:17:46,HACS200,0201,Michel Cukier,34,1,0,2026-09-12 11:24:44
2026-09-12 11:17:46,HACS202,0101,Bertrand Sobesto,52,19,0,2026-09-12 11:24:44
2026-09-12 11:17:46,HACS208A,0101,Lawrence Gordon,20,0,2,2026-09-12 11:24:45
2026-09-12 11:17:46,HACS208C,0101,Lamia Zia,26,9,0,2026-09-12 11:24:45
2026-09-12 11:17:46,HACS208P,0101,Charles Harry,26,0,0,2026-09-12 11:24:45
2026-09-12 11:17:46,HACS297,0101,Sarah Herberger,25,5,0,2026-09-12 11:24:45
2026-09-12 11:17:46,HACS408E,0101,Luke Mains,30,11,0,2026-09-12 11:24:46
2026-09-12 11:17:46,HACS408L,0101,Ian Serbin,30,2,0,2026-09-12 11:24:46
2026-09-12 11:17:46,HACS408M,0101,John McGahagan,30,0,0,2026-09-12 11:24:46
2026-09-12 11:17:46,HACS498,0101,Thomas Woods,7,1,0,2026-09-12 11:24:46
2026-09-12 11:17:46,HACS498,0201,David Trott,9,0,0,2026-09-12 11:24:46
2026-09-12 11:17:46,HACS498,0301,Michel Cukier,8,0,0,2026-09-12 11:24:46
2026-09-12 11:17:46,HBUS100,0101,Jui Ramaprasad,72,4,0,2026-09-12 11:24:48
2026-09-12 11:17:46,HBUS200,0101,Nicole Coomber,60,1,0,2026-09-12 11:24:48
2026-09-12 11:17:46,HDCC105,0101,Antwon Key,70,7,0,2026-09-12 11:24:49
2026-09-12 11:17:46,HDCC201,0101,Jessica Lu,22,0,0,2026-09-12 11:24:49
2026-09-12 11:17:46,HDCC201,0201,Jessica Lu,22,0,0,2026-09-12 11:24:49
2026-09-12 11:17:46,HDCC201,0301,Jessica Lu,22,3,0,2026-09-12 11:24:49
2026-09-12 11:17:46,HDCC208A,0101,William Evans,14,0,0,2026-09-12 11:24:49
2026-09-12 11:17:46,HDCC208J,0101,Grant Bollmer,14,0,0,2026-09-12 11:24:50
2026-09-12 11:17:46,HDCC208P,0101,Cliff Bakalian,14,1,0,2026-09-12 11:24:50
2026-09-12 11:17:46,HDCC208T,0101,Jonathan Reyes,14,0,0,2026-09-12 11:24:50
2026-09-12 11:17:46,HDCC208Z,0101,M Sauter,14,7,0,2026-09-12 11:24:50
2026-09-12 11:17:46,HEBR106,0101,Avital Karpman,15,1,0,2026-09-12 11:24:52
2026-09-12 11:17:46,HEBR106,0201,Avital Karpman,15,5,0,2026-09-12 11:24:52
2026-09-12 11:17:46,HEBR206,0101,Avital Karpman,15,4,0,2026-09-12 11:24:52
2026-09-12 11:17:46,HEBR249C,0101,Aliza Sandalon,15,0,1,2026-09-12 11:24:52
2026-09-12 11:17:46,HEBR298B,0101,Matthew Suriano,25,0,0,2026-09-12 11:24:52
2026-09-12 11:17:46,HEBR313,0101,Aliza Sandalon,20,0,3,2026-09-12 11:24:53
2026-09-12 11:17:46,HGLO100,0101,Alfredo Oliveira,22,7,0,2026-09-12 11:25:10
2026-09-12 11:17:46,HGLO100,0102,Natalie Vinski Ibrahim,22,9,0,2026-09-12 11:25:10
2026-09-12 11:17:46,HGLO100,0103,Natalie Vinski Ibrahim,22,1,0,2026-09-12 11:25:10
2026-09-12 11:17:46,HGLO100,0104,Alfredo Oliveira,22,11,0,2026-09-12 11:25:10
2026-09-12 11:17:46,HGLO101,0101,Sarah Croco,23,3,0,2026-09-12 11:25:10
2026-09-12 11:17:46,HGLO101,0102,Sarah Croco,22,9,0,2026-09-12 11:25:10
2026-09-12 11:17:46,HGLO101,0103,Sarah Croco,22,5,0,2026-09-12 11:25:10
2026-09-12 11:17:46,HGLO101,0104,Sarah Croco,22,13,0,2026-09-12 11:25:10
2026-09-12 11:17:46,HGLO207,0101,Natalie Vinski Ibrahim,25,12,0,2026-09-12 11:25:10
2026-09-12 11:17:46,HGLO208,0101,Alfredo Oliveira,45,25,0,2026-09-12 11:25:10
2026-09-12 11:17:46,HGLO298,0101,Jordan Gouws-Dewar,30,25,0,2026-09-12 11:25:11
2026-09-12 11:17:46,HLSC100,0101,Jalah Townsend,24,3,0,2026-09-12 11:25:33
2026-09-12 11:17:46,HLSC100,0102,Jalah Townsend,24,2,0,2026-09-12 11:25:33
2026-09-12 11:17:46,HLSC100,0103,Jalah Townsend,24,4,0,2026-09-12 11:25:33
2026-09-12 11:17:46,HLSC100,0104,Jalah Townsend,24,7,0,2026-09-12 11:25:33
2026-09-12 11:17:46,HLSC280,0101,Najib El-Sayed,25,3,0,2026-09-12 11:25:33
2026-09-12 11:17:46,HLSC280,0102,Najib El-Sayed,25,4,0,2026-09-12 11:25:33
2026-09-12 11:17:46,HLSC280,0103,Najib El-Sayed,25,4,0,2026-09-12 11:25:33
2026-09-12 11:17:46,HLSC280,0104,Najib El-Sayed,25,9,0,2026-09-12 11:25:33
2026-09-12 11:17:46,HLSC329,0101,Sabrina Kramer,12,4,0,2026-09-12 11:25:33
2026-09-12 11:17:46,HNUH100,0101,Robert Graham,20,3,0,2026-09-12 11:25:42
2026-09-12 11:17:46,HNUH100,0102,Robert Graham,20,0,0,2026-09-12 11:25:42
2026-09-12 11:17:46,HNUH100,0103,Brittany Proudfoot Ginder,20,1,0,2026-09-12 11:25:42
2026-09-12 11:17:46,HNUH100,0104,Max Barnewitz,20,1,0,2026-09-12 11:25:42
2026-09-12 11:17:46,HNUH100,0105,Vasfiye Toprak,20,0,0,2026-09-12 11:25:42
2026-09-12 11:17:46,HNUH100,0106,Vasfiye Toprak,20,2,0,2026-09-12 11:25:42
2026-09-12 11:17:46,HNUH100,0201,Max Barnewitz,20,1,0,2026-09-12 11:25:42
2026-09-12 11:17:46,HNUH100,0202,Max Barnewitz,20,0,0,2026-09-12 11:25:42
2026-09-12 11:17:46,HNUH100,0203,Vasfiye Toprak,20,2,0,2026-09-12 11:25:42
2026-09-12 11:17:46,HNUH100,0204,Vasfiye Toprak,20,0,0,2026-09-12 11:25:42
2026-09-12 11:17:46,HNUH100,0205,Ayondela McDole,20,4,0,2026-09-12 11:25:42
2026-09-12 11:17:46,HNUH100,0206,Ayondela McDole,20,0,0,2026-09-12 11:25:42
2026-09-12 11:17:46,HNUH100,0301,Robert Graham,20,0,0,2026-09-12 11:25:42
2026-09-12 11:17:46,HNUH100,0302,Shauna Rigaud,20,8,0,2026-09-12 11:25:42
2026-09-12 11:17:46,HNUH100,0303,Shauna Rigaud,20,0,0,2026-09-12 11:25:42
2026-09-12 11:17:46,HNUH100,0304,Max Barnewitz,20,3,0,2026-09-12 11:25:42
2026-09-12 11:17:46,HNUH100,0305,Vasfiye Toprak,20,0,0,2026-09-12 11:25:42
2026-09-12 11:17:46,HNUH100,0306,Vasfiye Toprak,20,1,0,2026-09-12 11:25:42
2026-09-12 11:17:46,HNUH100,0401,Gretchen Bella,20,0,0,2026-09-12 11:25:42
2026-09-12 11:17:46,HNUH100,0402,Gretchen Bella,20,6,0,2026-09-12 11:25:42
2026-09-12 11:17:46,HNUH100,0403,Max Barnewitz,20,1,0,2026-09-12 11:25:42
2026-09-12 11:17:46,HNUH100,0404,Ayondela McDole,20,6,0,2026-09-12 11:25:42
2026-09-12 11:17:46,HNUH100,0405,Ayondela McDole,20,0,0,2026-09-12 11:25:42
2026-09-12 11:17:46,HNUH100,0406,Ayondela McDole,20,4,0,2026-09-12 11:25:42
2026-09-12 11:17:46,HNUH100,0501,Leigha McReynolds,10,4,0,2026-09-12 11:25:42
2026-09-12 11:17:46,HNUH100,0601,Brittany Proudfoot Ginder,20,0,0,2026-09-12 11:25:42
2026-09-12 11:17:46,HNUH218D,0101,Brian Gilmore,48,0,2,2026-09-12 11:25:42
2026-09-12 11:17:46,HNUH218L,0101,Shauna Rigaud,20,0,0,2026-09-12 11:25:42
2026-09-12 11:17:46,HNUH218L,0201,Shauna Rigaud,20,0,0,2026-09-12 11:25:42
2026-09-12 11:17:46,HNUH228D,0101,Matthew McLaughlin,60,2,0,2026-09-12 11:25:42
2026-09-12 11:17:46,HNUH228L,0101,Alena Wigodner,20,0,0,2026-09-12 11:25:43
2026-09-12 11:17:46,HNUH228L,0201,Alena Wigodner,20,0,0,2026-09-12 11:25:43
2026-09-12 11:17:46,HNUH228N,0101,Peter Grybauskas,20,0,0,2026-09-12 11:25:43
2026-09-12 11:17:46,HNUH229I,0101,Gretchen Bella,23,3,0,2026-09-12 11:25:43
2026-09-12 11:17:46,HNUH238D,0101,Susan Moeller,60,3,0,2026-09-12 11:25:43
2026-09-12 11:17:46,HNUH238L,0101,Kimberly Johnson,20,2,0,2026-09-12 11:25:43
2026-09-12 11:17:46,HNUH238L,0201,Kimberly Johnson,20,0,0,2026-09-12 11:25:43
2026-09-12 11:17:46,HNUH238N,0101,Hannah Wegmann,20,6,0,2026-09-12 11:25:43
2026-09-12 11:17:46,HNUH239T,0101,Gerald Suarez,20,0,0,2026-09-12 11:25:44
2026-09-12 11:17:46,HNUH248D,0101,Juan Uriagereka,45,3,0,2026-09-12 11:25:44
2026-09-12 11:17:46,HNUH248L,0201,Robert Graham,20,5,0,2026-09-12 11:25:44
2026-09-12 11:17:46,HNUH248M,0101,Hassanatu Blake,20,13,0,2026-09-12 11:25:44
2026-09-12 11:17:46,HNUH248N,0101,Siv Lie,20,0,1,2026-09-12 11:25:44
2026-09-12 11:17:46,HNUH249P,0101,Temim Nusraty,20,2,0,2026-09-12 11:25:45
2026-09-12 11:17:46,HNUH258C,0101,Bill Fagan,55,26,0,2026-09-12 11:25:45
2026-09-12 11:17:46,HNUH258Q,0101,Tiara Thomas,20,1,0,2026-09-12 11:25:45
2026-09-12 11:17:46,HNUH259P,0101,Hooman Koliji,20,2,0,2026-09-12 11:25:45
2026-09-12 11:17:46,HNUH268C,0101,Perla Guerrero,60,35,0,2026-09-12 11:25:45
2026-09-12 11:17:46,HNUH269P,0101,Marisa Franco,20,0,1,2026-09-12 11:25:45
2026-09-12 11:17:46,HNUH278C,0101,Chinyere Osuji,60,37,0,2026-09-12 11:25:46
2026-09-12 11:17:46,HNUH278I,0101,Marisa Franco,20,5,0,2026-09-12 11:25:46
2026-09-12 11:17:46,HNUH278I,0102,Marisa Franco,20,1,0,2026-09-12 11:25:46
2026-09-12 11:17:46,HNUH278R,0101,Max Barnewitz,20,4,0,2026-09-12 11:25:46
2026-09-12 11:17:46,HNUH288C,0101,Julia Steinberg,30,3,0,2026-09-12 11:25:46
2026-09-12 11:17:46,HNUH288C,0103,Julia Steinberg,30,9,0,2026-09-12 11:25:46
2026-09-12 11:17:46,HNUH288O,0101,Ariana Nash,20,1,0,2026-09-12 11:25:46
2026-09-12 11:17:46,HNUH300,0301,Vasfiye Toprak,20,0,0,2026-09-12 11:25:46
2026-09-12 11:17:46,HNUH300,0401,Robert Graham,20,0,0,2026-09-12 11:25:46
2026-09-12 11:17:46,HNUH300,0601,Alena Wigodner,20,0,0,2026-09-12 11:25:46
2026-09-12 11:17:46,HNUH300,0701,Ingrid Satelmajer,20,14,0,2026-09-12 11:25:46
2026-09-12 11:17:46,HNUH300,0801,Shauna Rigaud,20,0,0,2026-09-12 11:25:46
2026-09-12 11:17:46,HNUH300,0901,Kimberly Johnson,20,4,0,2026-09-12 11:25:46
2026-09-12 11:17:46,HNUH300,1001,Ingrid Satelmajer,20,13,0,2026-09-12 11:25:46
2026-09-12 11:17:46,HNUH318T,0101,Peter Owen,24,1,0,2026-09-12 11:25:47
2026-09-12 11:17:46,HNUH319T,0101,Emily Shetty,22,0,0,2026-09-12 11:25:47
2026-09-12 11:17:46,HNUH328T,0101,Woodie Kessel,24,2,0,2026-09-12 11:25:47
2026-09-12 11:17:46,HNUH329T,0101,Rob Long,20,1,0,2026-09-12 11:25:47
2026-09-12 11:17:46,HNUH338T,0101,Andrew Fausett,22,2,0,2026-09-12 11:25:47
2026-09-12 11:17:46,HNUH348T,0101,Ed Fendley,22,1,0,2026-09-12 11:25:47
2026-09-12 11:17:46,HNUH358T,0101,Sean Misko,22,1,0,2026-09-12 11:25:48
2026-09-12 11:17:46,HNUH359T,0101,Amanda Schoch,20,0,0,2026-09-12 11:25:48
2026-09-12 11:17:46,HNUH368T,0101,Nadia Farra,21,0,0,2026-09-12 11:25:48
2026-09-12 11:17:46,HNUH369T,0101,Andrew Nissen,20,2,0,2026-09-12 11:25:48
2026-09-12 11:17:46,HNUH378T,0101,Joshua Glasser,20,0,0,2026-09-12 11:25:48
2026-09-12 11:17:46,HNUH398P,0101,Jayakumar Arasan,25,21,0,2026-09-12 11:25:49
2026-09-12 11:17:46,HNUH398P,0201,Jayakumar Arasan,5,2,0,2026-09-12 11:25:49
2026-09-12 11:17:46,HNUH398T,0101,Sasha Koo-Oshima,20,3,0,2026-09-12 11:25:49
2026-09-12 11:17:46,HONR368A,0101,Blake Wilder,22,0,0,2026-09-12 11:25:50
2026-09-12 11:17:46,IMDM101,0101,Mollye Bendell,30,16,0,2026-09-12 11:25:53
2026-09-12 11:17:46,IMDM101,0201,Myungin Lee,30,17,0,2026-09-12 11:25:53
2026-09-12 11:17:46,IMDM101,0301,Myungin Lee,30,23,0,2026-09-12 11:25:53
2026-09-12 11:17:46,IMDM127,0101,Roger Eastman,36,20,0,2026-09-12 11:25:53
2026-09-12 11:17:46,IMDM150,0101,Stefano Passeri,30,15,0,2026-09-12 11:25:54
2026-09-12 11:17:46,IMDM227,0101,Stevens Miller,30,2,0,2026-09-12 11:25:54
2026-09-12 11:17:46,IMDM227,0201,Stevens Miller,30,17,0,2026-09-12 11:25:54
2026-09-12 11:17:46,IMDM327,0101,Myungin Lee,25,0,0,2026-09-12 11:25:54
2026-09-12 11:17:46,IMDM350,0101,Jason Farman,29,12,0,2026-09-12 11:25:54
2026-09-12 11:17:46,IMDM490,0101,Matthew Nolan,30,0,0,2026-09-12 11:25:54
2026-09-12 11:17:46,IMDM490,0201,Matthew Nolan,30,16,0,2026-09-12 11:25:54
2026-09-12 11:17:46,IMDM498K,0101,Matthew Nolan,15,1,0,2026-09-12 11:25:55
2026-09-12 11:17:46,IMMR319D,0101,Beka Guluma,20,13,0,2026-09-12 11:25:56
2026-09-12 11:17:46,IMMR394,0101,Wenxi Yang,30,2,0,2026-09-12 11:25:56
2026-09-12 11:17:46,IMMR399,0101,Instructor: TBA,2,2,0,2026-09-12 11:25:56
2026-09-12 11:17:46,IMMR400,0101,Gerson Rosales,20,3,0,2026-09-12 11:25:57
2026-09-12 11:17:46,ISRL249J,0101,Aner Tal,30,24,0,2026-09-12 11:26:06
2026-09-12 11:17:46,ISRL249M,0101,Aliza Sandalon,15,0,1,2026-09-12 11:26:07
2026-09-12 11:17:46,ISRL283,0101,Shay Hazkani,35,6,0,2026-09-12 11:26:07
2026-09-12 11:17:46,ISRL349G,0101,Marwa Maziad,30,1,0,2026-09-12 11:26:07
2026-09-12 11:17:46,ISRL349K,0101,Regev Ben-David,30,24,0,2026-09-12 11:26:07
2026-09-12 11:17:46,ISRL349T,0101,Elli Lieberman,35,22,0,2026-09-12 11:26:07
2026-09-12 11:17:46,ISRL349Y,0101,Adina Friedman,35,27,0,2026-09-12 11:26:07
2026-09-12 11:17:46,ISRL382,0101,Ilai Saltzman,35,1,0,2026-09-12 11:26:08
2026-09-12 11:17:46,ISRL448R,0101,Morad Elsana,25,10,0,2026-09-12 11:26:08
2026-09-12 11:17:46,ITAL103,0101,Antonella D'Amario,18,14,0,2026-09-12 11:26:09
2026-09-12 11:17:46,ITAL103,0201,Antonella D'Amario,18,6,0,2026-09-12 11:26:09
2026-09-12 11:17:46,ITAL103,0301,Joseph Falvo,18,6,0,2026-09-12 11:26:09
2026-09-12 11:17:46,ITAL203,0101,Antonella D'Amario,18,9,0,2026-09-12 11:26:09
2026-09-12 11:17:46,ITAL203,0201,Antonella D'Amario,18,13,0,2026-09-12 11:26:09
2026-09-12 11:17:46,ITAL204,0101,Federica Soddu,18,14,0,2026-09-12 11:26:09
2026-09-12 11:17:46,ITAL207,0101,Mirella Vaglio,18,17,0,2026-09-12 11:26:10
2026-09-12 11:17:46,ITAL301,0101,Federica Soddu,20,11,0,2026-09-12 11:26:10
2026-09-12 11:17:46,ITAL362,0101,Federica Soddu,20,12,0,2026-09-12 11:26:10
2026-09-12 11:17:46,ITAL401,0101,Mirella Vaglio,15,12,0,2026-09-12 11:26:10
2026-09-12 11:17:46,ITAL421,0101,Joseph Falvo,25,14,0,2026-09-12 11:26:11
2026-09-12 11:17:46,ITAL478R,0101,Joseph Falvo,5,3,0,2026-09-12 11:26:11
2026-09-12 11:17:46,JAPN101,0101,Kumiko Akikawa,15,4,0,2026-09-12 11:26:12
2026-09-12 11:17:46,JAPN101,0201,Kumiko Akikawa,15,6,0,2026-09-12 11:26:12
2026-09-12 11:17:46,JAPN101,0301,Kumiko Akikawa,15,5,0,2026-09-12 11:26:12
2026-09-12 11:17:46,JAPN201,0101,Makiko Inoue,15,5,0,2026-09-12 11:26:12
2026-09-12 11:17:46,JAPN201,0201,Makiko Inoue,15,8,0,2026-09-12 11:26:12
2026-09-12 11:17:46,JAPN301,0101,Mari Hamada,15,9,0,2026-09-12 11:26:13
2026-09-12 11:17:46,JAPN311,0101,Jyana Browne,15,11,0,2026-09-12 11:26:13
2026-09-12 11:17:46,JAPN315,0101,Michele Mason,20,6,0,2026-09-12 11:26:13
2026-09-12 11:17:46,JAPN320,0101,Lindsay Yotsukura,15,8,0,2026-09-12 11:26:13
2026-09-12 11:17:46,JAPN498B,0101,Jyana Browne,20,3,0,2026-09-12 11:26:13
2026-09-12 11:17:46,KORA101,0101,Saerom Kwak,15,0,1,2026-09-12 11:26:40
2026-09-12 11:17:46,KORA101,0201,Saerom Kwak,15,1,0,2026-09-12 11:26:40
2026-09-12 11:17:46,KORA101,0301,Saerom Kwak,15,5,0,2026-09-12 11:26:40
2026-09-12 11:17:46,KORA101,0401,Saerom Kwak,15,5,0,2026-09-12 11:26:40
2026-09-12 11:17:46,KORA201,0101,Seong Minne Koh,15,4,0,2026-09-12 11:26:40
2026-09-12 11:17:46,KORA201,0201,Seong Minne Koh,15,5,0,2026-09-12 11:26:40
2026-09-12 11:17:46,KORA201,0301,Seong Minne Koh,15,8,0,2026-09-12 11:26:40
2026-09-12 11:17:46,KORA398G,0101,Instructor: TBA,10,7,0,2026-09-12 11:26:40
2026-09-12 11:17:46,KORA398W,0101,Seong Minne Koh,10,3,0,2026-09-12 11:26:41
2026-09-12 11:17:46,LEAD217,0101,Festus Ainoo,25,0,0,2026-09-12 11:26:52
2026-09-12 11:17:46,LEAD217,0201,Adrian Bitton,25,0,0,2026-09-12 11:26:52
2026-09-12 11:17:46,LEAD217,FC01,Festus Ainoo,22,0,1,2026-09-12 11:26:52
2026-09-12 11:17:46,LEAD305,0101,Anastasia Lavrenyuk,20,4,0,2026-09-12 11:26:52
2026-09-12 11:17:46,LEAD315,0101,Anastasia Lavrenyuk,25,11,0,2026-09-12 11:26:52
2026-09-12 11:17:46,LEAD320,0101,Courtney Holder,10,8,0,2026-09-12 11:26:52
2026-09-12 11:17:46,LGBT200,0201,Basanth Babu,25,0,3,2026-09-12 11:26:53
2026-09-12 11:17:46,LGBT265,0101,Tyra Griffin,30,0,0,2026-09-12 11:26:54
2026-09-12 11:17:46,LGBT265,0201,Declan Langton,30,2,0,2026-09-12 11:26:54
2026-09-12 11:17:46,LGBT359J,0101,Chris Eng,25,14,0,2026-09-12 11:26:54
2026-09-12 11:17:46,MLAW100,0101,Christine White,83,15,0,2026-09-12 11:27:17
2026-09-12 11:17:46,MLAW304,0201,Christine White,65,16,0,2026-09-12 11:27:17
2026-09-12 11:17:46,MLAW305,0101,Brian Gilmore,40,2,0,2026-09-12 11:27:18
2026-09-12 11:17:46,MLAW315,0101,Grace Benton,13,3,0,2026-09-12 11:27:18
2026-09-12 11:17:46,MLAW358Q,0101,David Cunningham,0,0,0,2026-09-12 11:27:18
2026-09-12 11:17:46,MLAW358T,0101,Christine White,25,6,0,2026-09-12 11:27:18
2026-09-12 11:17:46,MLAW358X,0101,Martin Kobren,5,0,0,2026-09-12 11:27:18
2026-09-12 11:17:46,MLAW359,0101,Brandee Pettus,10,4,0,2026-09-12 11:27:19
2026-09-12 11:17:46,MLAW378E,0101,Brandee Pettus,5,5,0,2026-09-12 11:27:19
2026-09-12 11:17:46,MLAW378K,0101,Brian Gilmore,20,1,0,2026-09-12 11:27:19
2026-09-12 11:17:46,MLAW378Q,0101,Paul Huth,2,0,0,2026-09-12 11:27:19
2026-09-12 11:17:46,MLAW378R,0101,Nancy Schertzing,13,2,0,2026-09-12 11:27:19
2026-09-12 11:17:46,MLAW388,0101,Brandee Pettus,40,20,0,2026-09-12 11:27:19
2026-09-12 11:17:46,MLSC250,FC01,William Simpson,24,4,0,2026-09-12 11:27:21
2026-09-12 11:17:46,NEUR200,0101,Ana Navarro Cebrian,80,3,0,2026-09-12 11:27:35
2026-09-12 11:17:46,NEUR200,0201,Ana Navarro Cebrian,80,0,1,2026-09-12 11:27:35
2026-09-12 11:17:46,NEUR200,0301,Evan Hart,80,0,0,2026-09-12 11:27:35
2026-09-12 11:17:46,NEUR305,0101,Amanda Chicoli,100,10,0,2026-09-12 11:27:36
2026-09-12 11:17:46,NEUR306,0101,Chan Lin,200,7,0,2026-09-12 11:27:36
2026-09-12 11:17:46,NEUR398H,0101,Nikolas Francis,20,1,0,2026-09-12 11:27:36
2026-09-12 11:17:46,NEUR405,0101,Hilary Bierman,20,1,0,2026-09-12 11:27:37
2026-09-12 11:17:46,NEUR405,0102,Hilary Bierman,20,0,0,2026-09-12 11:27:37
2026-09-12 11:17:46,NEUR405,0103,Hilary Bierman,20,0,0,2026-09-12 11:27:37
2026-09-12 11:17:46,PEER312,0101,Aleia Gardner,15,8,0,2026-09-12 11:27:46
2026-09-12 11:17:46,PEER318,0101,Christina Jay,15,11,0,2026-09-12 11:27:46
2026-09-12 11:17:46,PEER319,0101,Grace Boudreau,15,7,0,2026-09-12 11:27:46
2026-09-12 11:17:46,PHPE308D,0101,Xinzhi Zhao,30,8,0,2026-09-12 11:27:56
2026-09-12 11:17:46,PHPE308F,0101,Regev Ben-David,30,24,0,2026-09-12 11:27:56
2026-09-12 11:17:46,PHPE308O,0101,Jackson Iszler,30,0,0,2026-09-12 11:27:56
2026-09-12 11:17:46,PHPE308T,0101,Hallie Liberto,30,17,0,2026-09-12 11:27:57
2026-09-12 11:17:46,PHPE308Y,0101,Rachel Singpurwalla,20,0,1,2026-09-12 11:27:57
2026-09-12 11:17:46,PHPE308Y,0102,Rachel Singpurwalla,20,0,2,2026-09-12 11:27:57
2026-09-12 11:17:46,PHPE308Y,0103,Rachel Singpurwalla,20,0,3,2026-09-12 11:27:57
2026-09-12 11:17:46,PHPE400,0101,Justin Helms,18,0,0,2026-09-12 11:27:57
2026-09-12 11:17:46,PHPE400,0102,Justin Helms,18,1,0,2026-09-12 11:27:57
2026-09-12 11:17:46,PHPE400,0103,Justin Helms,20,1,0,2026-09-12 11:27:57
2026-09-12 11:17:46,PHPE401,0101,Xinzhi Zhao,25,0,4,2026-09-12 11:27:57
2026-09-12 11:17:46,PHPE402,0101,Dan Moller,30,2,0,2026-09-12 11:27:57
2026-09-12 11:17:46,PHPE408J,0101,Lixing Miao,25,1,0,2026-09-12 11:27:58
2026-09-12 11:17:46,PHPE408R,0101,Xinzhi Zhao,25,8,0,2026-09-12 11:27:58
2026-09-12 11:17:46,PHSC388J,0101,Kendall Bustad,20,6,0,2026-09-12 11:27:59
2026-09-12 11:17:46,PHSC399,0101,Shannon Edward,30,8,0,2026-09-12 11:27:59
2026-09-12 11:17:46,PHSC415,0101,Jessica O'Hara,31,0,1,2026-09-12 11:28:00
2026-09-12 11:17:46,PHSC415,0102,Jessica O'Hara,31,0,1,2026-09-12 11:28:00
2026-09-12 11:17:46,PHSC415,0103,Jessica O'Hara,31,0,1,2026-09-12 11:28:00
2026-09-12 11:17:46,PHSC415,0104,Jessica O'Hara,31,2,0,2026-09-12 11:28:00
2026-09-12 11:17:46,PHSC415,0105,Jessica O'Hara,31,2,0,2026-09-12 11:28:00
2026-09-12 11:17:46,PHSC420,0101,Jennifer German,35,4,0,2026-09-12 11:28:00
2026-09-12 11:17:46,PHSC450,0101,Kendall Bustad,20,0,0,2026-09-12 11:28:00
2026-09-12 11:17:46,PHSC450,0102,Kendall Bustad,20,0,0,2026-09-12 11:28:00
2026-09-12 11:17:46,PHSC450,0103,Kendall Bustad,20,0,0,2026-09-12 11:28:00
2026-09-12 11:17:46,PHSC450,0104,Kendall Bustad,20,1,0,2026-09-12 11:28:00
2026-09-12 11:17:46,PHSC450,0105,Kendall Bustad,20,0,0,2026-09-12 11:28:00
2026-09-12 11:17:46,PHSC450,0106,Kendall Bustad,20,0,0,2026-09-12 11:28:00
2026-09-12 11:17:46,PHSC450,0107,Kendall Bustad,20,1,0,2026-09-12 11:28:00
2026-09-12 11:17:46,PHSC450,0108,Kendall Bustad,20,0,0,2026-09-12 11:28:00
2026-09-12 11:17:46,PHSC497,0101,Kendall Bustad,20,2,0,2026-09-12 11:28:00
2026-09-12 11:17:46,PHSC497,0301,Shannon Edward,20,3,0,2026-09-12 11:28:00
2026-09-12 11:17:46,PHSC497,0601,Jennifer German,20,3,0,2026-09-12 11:28:00
2026-09-12 11:17:46,PLCY100,0101,Toby Egan,25,0,1,2026-09-12 11:28:14
2026-09-12 11:17:46,PLCY100,0102,Toby Egan,25,0,0,2026-09-12 11:28:14
2026-09-12 11:17:46,PLCY100,0103,Toby Egan,25,0,0,2026-09-12 11:28:14
2026-09-12 11:17:46,PLCY100,0104,Toby Egan,25,1,0,2026-09-12 11:28:14
2026-09-12 11:17:46,PLCY100,0201,Namrta Sharma,25,12,0,2026-09-12 11:28:14
2026-09-12 11:17:46,PLCY100,0202,Namrta Sharma,25,15,0,2026-09-12 11:28:14
2026-09-12 11:17:46,PLCY100,0203,Namrta Sharma,25,1,0,2026-09-12 11:28:14
2026-09-12 11:17:46,PLCY100,0204,Namrta Sharma,25,10,0,2026-09-12 11:28:14
2026-09-12 11:17:46,PLCY101,0101,Robert Sprinkle,75,0,0,2026-09-12 11:28:14
2026-09-12 11:17:46,PLCY170,0101,Joshua Itzkowitz Shifrinson,20,1,0,2026-09-12 11:28:15
2026-09-12 11:17:46,PLCY170,0102,Joshua Itzkowitz Shifrinson,20,1,0,2026-09-12 11:28:15
2026-09-12 11:17:46,PLCY170,0103,Joshua Itzkowitz Shifrinson,20,1,0,2026-09-12 11:28:15
2026-09-12 11:17:46,PLCY170,0104,Joshua Itzkowitz Shifrinson,20,0,0,2026-09-12 11:28:15
2026-09-12 11:17:46,PLCY170,0105,Joshua Itzkowitz Shifrinson,20,2,0,2026-09-12 11:28:15
2026-09-12 11:17:46,PLCY170,0106,Joshua Itzkowitz Shifrinson,25,2,0,2026-09-12 11:28:15
2026-09-12 11:17:46,PLCY172,0101,Caroline Ritter,95,32,0,2026-09-12 11:28:15
2026-09-12 11:17:46,PLCY200,0101,Shanna Pearson-Merkowitz,35,0,0,2026-09-12 11:28:15
2026-09-12 11:17:46,PLCY200,0201,Shanna Pearson-Merkowitz,35,1,0,2026-09-12 11:28:15
2026-09-12 11:17:46,PLCY200,0301,Namrta Sharma,35,0,1,2026-09-12 11:28:15
2026-09-12 11:17:46,PLCY201,0101,Julio Guzman,70,0,0,2026-09-12 11:28:15
2026-09-12 11:17:46,PLCY201,0201,Gregory Ramsay,60,0,0,2026-09-12 11:28:15
2026-09-12 11:17:46,PLCY201,FC01,Anne Kaiser,32,0,0,2026-09-12 11:28:15
2026-09-12 11:17:46,PLCY201,FC02,Anne Kaiser,32,6,0,2026-09-12 11:28:15
2026-09-12 11:17:46,PLCY201S,0101,Susannah Washburn,80,4,0,2026-09-12 11:28:15
2026-09-12 11:17:46,PLCY203,0101,Thomas Hilde,60,9,0,2026-09-12 11:28:15
2026-09-12 11:17:46,PLCY203,0201,Anne Kaiser,60,38,0,2026-09-12 11:28:15
2026-09-12 11:17:46,PLCY213,0201,Claire Dunning,40,3,0,2026-09-12 11:28:16
2026-09-12 11:17:46,PLCY214,0101,Patricia Bory,65,20,0,2026-09-12 11:28:16
2026-09-12 11:17:46,PLCY240,0101,Timothy Reedy,30,0,0,2026-09-12 11:28:16
2026-09-12 11:17:46,PLCY288K,0101,CHRISTIAN OSTERMANN,25,1,0,2026-09-12 11:28:16
2026-09-12 11:17:46,PLCY300,0101,Alana Hackshaw,45,0,3,2026-09-12 11:28:16
2026-09-12 11:17:46,PLCY300,0201,Namrta Sharma,45,28,0,2026-09-12 11:28:16
2026-09-12 11:17:46,PLCY301,0101,Caroline Boules,165,2,0,2026-09-12 11:28:16
2026-09-12 11:17:46,PLCY302,0101,Niambi Carter,40,2,0,2026-09-12 11:28:17
2026-09-12 11:17:46,PLCY302,0201,Ebonie Johnson Cooper,40,0,0,2026-09-12 11:28:17
2026-09-12 11:17:46,PLCY302,0301,Lindsay Dieudonne,40,0,1,2026-09-12 11:28:17
2026-09-12 11:17:46,PLCY303,0101,Juan Martinez Guzman,40,3,0,2026-09-12 11:28:17
2026-09-12 11:17:46,PLCY304,0101,Michael Busse,40,11,0,2026-09-12 11:28:17
2026-09-12 11:17:46,PLCY304,0201,Michael Busse,40,12,0,2026-09-12 11:28:17
2026-09-12 11:17:46,PLCY309,0101,Martin Sanders,30,16,0,2026-09-12 11:28:17
2026-09-12 11:17:46,PLCY310,0101,Selvon Waldron,35,16,0,2026-09-12 11:28:17
2026-09-12 11:17:46,PLCY313,0101,Gerard Evans,100,3,0,2026-09-12 11:28:17
2026-09-12 11:17:46,PLCY371,0101,Joshua Itzkowitz Shifrinson,35,0,0,2026-09-12 11:28:18
2026-09-12 11:17:46,PLCY380,0101,Isabel O'Malley,40,8,0,2026-09-12 11:28:18
2026-09-12 11:17:46,PLCY380,ESG1,Kisha McNeill,30,0,0,2026-09-12 11:28:18
2026-09-12 11:17:46,PLCY388A,0101,Brandi Onowu,40,8,0,2026-09-12 11:28:18
2026-09-12 11:17:46,PLCY388N,0101,Nina Harris,25,2,0,2026-09-12 11:28:18
2026-09-12 11:17:46,PLCY390,0101,Lena Andrews,20,0,0,2026-09-12 11:28:18
2026-09-12 11:17:46,PLCY399B,0101,Beatrice DeBelen,30,19,0,2026-09-12 11:28:19
2026-09-12 11:17:46,PLCY400,0101,Patricia Bory,25,1,0,2026-09-12 11:28:19
2026-09-12 11:17:46,PLCY401,0101,Anand Patwardhan,20,5,0,2026-09-12 11:28:19
2026-09-12 11:17:46,PLCY401,0201,Tracy Thompson,20,0,0,2026-09-12 11:28:19
2026-09-12 11:17:46,PLCY401,0301,David Mussington,20,9,0,2026-09-12 11:28:19
2026-09-12 11:17:46,PLCY490,0101,Michael Woldemariam,15,2,0,2026-09-12 11:28:19
2026-09-12 11:17:46,PLCY492,0101,Steve Fetter,20,1,0,2026-09-12 11:28:20
2026-09-12 11:17:46,PLCY610,0201,Alec Worsnop,40,9,0,2026-09-12 11:28:20
2026-09-12 11:17:46,PLCY630,0101,Catherine Worsnop,25,2,0,2026-09-12 11:28:20
2026-09-12 11:17:46,PLCY630,0201,Catherine Worsnop,25,3,0,2026-09-12 11:28:20
2026-09-12 11:17:46,PLCY631,0101,Cullen Merritt,25,0,0,2026-09-12 11:28:20
2026-09-12 11:17:46,PLCY640,0201,Thomas Spreen,30,5,0,2026-09-12 11:28:20
2026-09-12 11:17:46,PLCY641,0101,Tyler Kustra,30,2,0,2026-09-12 11:28:20
2026-09-12 11:17:46,PLCY641,0201,Tyler Kustra,30,10,0,2026-09-12 11:28:20
2026-09-12 11:17:46,PLCY670,0101,Philip Joyce,30,0,0,2026-09-12 11:28:21
2026-09-12 11:17:46,PLCY680,0101,Claire Dunning,25,0,0,2026-09-12 11:28:21
2026-09-12 11:17:46,PLCY680,0201,Michael Woldemariam,25,5,0,2026-09-12 11:28:21
2026-09-12 11:17:46,PLCY688C,0101,Charles Harry,20,10,0,2026-09-12 11:28:21
2026-09-12 11:17:46,PLCY688F,PWL1,Nekeya O'Connor,20,0,0,2026-09-12 11:28:21
2026-09-12 11:17:46,PLCY688P,0101,Steve Fetter,10,1,0,2026-09-12 11:28:21
2026-09-12 11:17:46,PLCY688Z,0101,Brandi Onowu,20,5,0,2026-09-12 11:28:21
2026-09-12 11:17:46,PLCY689E,0101,Susan Parker,20,0,0,2026-09-12 11:28:22
2026-09-12 11:17:46,PLCY690,0110,David Mussington,15,3,0,2026-09-12 11:28:22
2026-09-12 11:17:46,PLCY690,0120,Margaret Brindle,15,2,0,2026-09-12 11:28:22
2026-09-12 11:17:46,PLCY690,0130,Douglas Call,15,0,0,2026-09-12 11:28:22
2026-09-12 11:17:46,PLCY690,0150,Paul Brown,15,1,0,2026-09-12 11:28:22
2026-09-12 11:17:46,PLCY690,0170,James Stillwell,15,0,0,2026-09-12 11:28:22
2026-09-12 11:17:46,PLCY698T,0101,Elizabeth Duke,20,7,0,2026-09-12 11:28:22
2026-09-12 11:17:46,PLCY699L,0101,Michael Woldemariam,10,1,0,2026-09-12 11:28:22
2026-09-12 11:17:46,PLCY720,0101,Nancy Gallagher,20,2,0,2026-09-12 11:28:22
2026-09-12 11:17:46,PLCY734,0101,Niambi Carter,20,0,0,2026-09-12 11:28:22
2026-09-12 11:17:46,PLCY735,0101,Robert Sprinkle,20,7,0,2026-09-12 11:28:23
2026-09-12 11:17:46,PLCY741,0101,Anand Patwardhan,20,7,0,2026-09-12 11:28:23
2026-09-12 11:17:46,PLCY742,0101,Thomas Hilde,20,8,0,2026-09-12 11:28:23
2026-09-12 11:17:46,PLCY780,0101,Robert Orr,20,0,0,2026-09-12 11:28:23
2026-09-12 11:17:46,PLCY781,0101,Julio Guzman,20,2,0,2026-09-12 11:28:23
2026-09-12 11:17:46,PLCY783,0101,Margaret Brindle,20,7,0,2026-09-12 11:28:23
2026-09-12 11:17:46,PLCY798F,PWL1,William Nolte,25,18,0,2026-09-12 11:28:24
2026-09-12 11:17:46,PLCY798V,0101,Shanna Pearson-Merkowitz,12,0,0,2026-09-12 11:28:24
2026-09-12 11:17:46,PLCY798W,0101,Martin Sanders,10,9,0,2026-09-12 11:28:24
2026-09-12 11:17:46,PLCY798Y,PWL1,Jeffrey Franco,25,0,0,2026-09-12 11:28:25
2026-09-12 11:17:46,PLCY798Z,0101,Peter Reuter,12,0,0,2026-09-12 11:28:25
2026-09-12 11:17:46,PLSC112,0101,Samuel Daramola,100,10,0,2026-09-12 11:28:26
2026-09-12 11:17:46,PLSC113,0101,Samuel Daramola,24,2,0,2026-09-12 11:28:27
2026-09-12 11:17:46,PLSC113,0102,Samuel Daramola,24,5,0,2026-09-12 11:28:27
2026-09-12 11:17:46,PLSC113,0103,Samuel Daramola,24,12,0,2026-09-12 11:28:27
2026-09-12 11:17:46,PLSC113,0104,Samuel Daramola,24,9,0,2026-09-12 11:28:27
2026-09-12 11:17:46,PLSC115,0101,Shirley Micallef,24,1,0,2026-09-12 11:28:27
2026-09-12 11:17:46,PLSC201,0101,Pierre Jacob,42,15,0,2026-09-12 11:28:27
2026-09-12 11:17:46,PLSC203,0101,Vijay Tiwari,23,17,0,2026-09-12 11:28:27
2026-09-12 11:17:46,PLSC205,0101,Mark Carroll,22,1,0,2026-09-12 11:28:27
2026-09-12 11:17:46,PLSC206,0101,Pierre Jacob,21,8,0,2026-09-12 11:28:27
2026-09-12 11:17:46,PLSC206,0102,Pierre Jacob,21,7,0,2026-09-12 11:28:27
2026-09-12 11:17:46,PLSC253,0101,Karen Petroff,24,1,0,2026-09-12 11:28:28
2026-09-12 11:17:46,PLSC253,0102,Karen Petroff,24,5,0,2026-09-12 11:28:28
2026-09-12 11:17:46,PLSC389,0101,Craig Beyrouty,17,17,0,2026-09-12 11:28:28
2026-09-12 11:17:46,PLSC402,0101,Geoffrey Rinehart,10,3,0,2026-09-12 11:28:28
2026-09-12 11:17:46,PLSC404,0101,Yiping Qi,20,11,0,2026-09-12 11:28:28
2026-09-12 11:17:46,PLSC420,0101,Nidhi Rawat,18,5,0,2026-09-12 11:28:28
2026-09-12 11:17:46,PLSC420,0102,Nidhi Rawat,18,12,0,2026-09-12 11:28:28
2026-09-12 11:17:46,PLSC433,0101,Diana Cochran,10,2,0,2026-09-12 11:28:29
2026-09-12 11:17:46,PLSC453,0101,Samuel Daramola,24,1,0,2026-09-12 11:28:29
2026-09-12 11:17:46,PLSC471,0101,Juanita Choo,20,0,0,2026-09-12 11:28:29
2026-09-12 11:17:46,PLSC476,0101,Maile Neel,23,19,0,2026-09-12 11:28:29
2026-09-12 11:17:46,PLSC608,0101,Shunyuan Xiao,20,13,0,2026-09-12 11:28:29
2026-09-12 11:17:46,PORT103,0101,Parker Brookie,15,6,0,2026-09-12 11:28:31
2026-09-12 11:17:46,PORT205,0101,Parker Brookie,15,4,0,2026-09-12 11:28:31
2026-09-12 11:17:46,PORT332,0101,Parker Brookie,25,0,0,2026-09-12 11:28:32
2026-09-12 11:17:46,RELS120,0101,Antoine Borrut,40,8,0,2026-09-12 11:28:48
2026-09-12 11:17:46,RELS170,0101,Chiara Graf,21,0,0,2026-09-12 11:28:48
2026-09-12 11:17:46,RELS170,0102,Chiara Graf,21,0,0,2026-09-12 11:28:48
2026-09-12 11:17:46,RELS170,0103,Chiara Graf,21,0,0,2026-09-12 11:28:48
2026-09-12 11:17:46,RELS170,0104,Chiara Graf,21,1,0,2026-09-12 11:28:48
2026-09-12 11:17:46,RELS170,0105,Chiara Graf,21,0,0,2026-09-12 11:28:48
2026-09-12 11:17:46,RELS170,0106,Chiara Graf,21,0,0,2026-09-12 11:28:48
2026-09-12 11:17:46,RELS170,0107,Chiara Graf,21,0,0,2026-09-12 11:28:48
2026-09-12 11:17:46,RELS170,0108,Chiara Graf,21,1,0,2026-09-12 11:28:48
2026-09-12 11:17:46,RELS170,0109,Chiara Graf,22,0,0,2026-09-12 11:28:48
2026-09-12 11:17:46,RELS171,0101,Maxine Grossman,40,8,0,2026-09-12 11:28:49
2026-09-12 11:17:46,RELS219K,0101,Shay Hazkani,40,33,0,2026-09-12 11:28:49
2026-09-12 11:17:46,RELS225,0101,Stephanie Cooper,25,3,0,2026-09-12 11:28:49
2026-09-12 11:17:46,RELS273,0101,Hayim Lapin,23,0,0,2026-09-12 11:28:49
2026-09-12 11:17:46,RELS273,0102,Hayim Lapin,23,3,0,2026-09-12 11:28:49
2026-09-12 11:17:46,RELS273,0103,Hayim Lapin,23,1,0,2026-09-12 11:28:49
2026-09-12 11:17:46,RELS274,0101,Matthew Suriano,20,0,0,2026-09-12 11:28:49
2026-09-12 11:17:46,RELS274,0102,Matthew Suriano,20,0,1,2026-09-12 11:28:49
2026-09-12 11:17:46,RELS274,0103,Matthew Suriano,20,0,1,2026-09-12 11:28:49
2026-09-12 11:17:46,RELS274,0104,Matthew Suriano,20,0,0,2026-09-12 11:28:49
2026-09-12 11:17:46,RELS319D,0101,Nathan Levine,35,26,0,2026-09-12 11:28:49
2026-09-12 11:17:46,RELS319Z,0101,Regev Ben-David,30,26,0,2026-09-12 11:28:50
2026-09-12 11:17:46,RELS341,0101,Janna Bianchini,30,0,0,2026-09-12 11:28:50
2026-09-12 11:17:46,RUSS101,0101,Inna Hardman,15,6,0,2026-09-12 11:28:51
2026-09-12 11:17:46,RUSS101,0201,Inna Hardman,15,6,0,2026-09-12 11:28:51
2026-09-12 11:17:46,RUSS201,0101,Zhanna Gerus-Vernola,15,8,0,2026-09-12 11:28:51
2026-09-12 11:17:46,RUSS301,0101,Izolda Savenkova,15,5,0,2026-09-12 11:28:52
2026-09-12 11:17:46,RUSS321,0101,Elizabeth Papazian,15,5,0,2026-09-12 11:28:52
2026-09-12 11:17:46,RUSS334,0101,Elizabeth Papazian,25,0,0,2026-09-12 11:28:52
2026-09-12 11:17:46,RUSS404,0101,Izolda Savenkova,15,1,0,2026-09-12 11:28:52
2026-09-12 11:17:46,SDSB123,0101,Brian Kim,40,7,0,2026-09-12 11:28:54
2026-09-12 11:17:46,SDSB180,0101,Brian Kim,180,126,0,2026-09-12 11:28:54
2026-09-12 11:17:46,SDSB233,0101,Jacob Coutts,25,1,0,2026-09-12 11:28:54
2026-09-12 11:17:46,SDSB233,0102,Jacob Coutts,25,10,0,2026-09-12 11:28:54
2026-09-12 11:17:46,SDSB233,0103,Jacob Coutts,25,9,0,2026-09-12 11:28:54
2026-09-12 11:17:46,SDSB326,0101,Jacob Coutts,50,31,0,2026-09-12 11:28:54
2026-09-12 11:17:46,SDSB340,0101,Neil Lund,40,0,0,2026-09-12 11:28:55
2026-09-12 11:17:46,SDSI414,0201,Maria Krupenkin,34,15,0,2026-09-12 11:28:56
2026-09-12 11:17:46,SDSI414,0202,Maria Krupenkin,34,0,0,2026-09-12 11:28:56
2026-09-12 11:17:46,SDSI492,0101,TJ Rainsford,50,8,0,2026-09-12 11:28:56
2026-09-12 11:17:46,SDSI492,0103,Mary Ann Francis,40,0,3,2026-09-12 11:28:56
2026-09-12 11:17:46,SDSI492,0104,TJ Rainsford,50,0,0,2026-09-12 11:28:56
2026-09-12 11:17:46,SDSI492,0106,Jesse Klein,50,0,6,2026-09-12 11:28:56
2026-09-12 11:17:46,SDSI492,0107,Connie Siebold,40,0,3,2026-09-12 11:28:56
2026-09-12 11:17:46,SDSI492,0110,Patrick Thornton,50,29,0,2026-09-12 11:28:56
2026-09-12 11:17:46,SLLC108I,0101,Instructor: TBA,5,4,0,2026-09-12 11:28:59
2026-09-12 11:17:46,SLLC108J,0101,Instructor: TBA,5,5,0,2026-09-12 11:28:59
2026-09-12 11:17:46,SLLC108W,0101,Instructor: TBA,5,4,0,2026-09-12 11:28:59
2026-09-12 11:17:46,SLLC118A,0101,Sean Pue,10,4,0,2026-09-12 11:28:59
2026-09-12 11:17:46,SLLC200,0101,Chris Lewis,30,4,0,2026-09-12 11:28:59
2026-09-12 11:17:46,SLLC286,0101,Andrew Schonebaum,60,5,0,2026-09-12 11:28:59
2026-09-12 11:17:46,SLLC309,0101,Ahmed Hanafy,10,10,0,2026-09-12 11:29:00
2026-09-12 11:17:46,SLLC309,0102,Ahmed Hanafy,10,8,0,2026-09-12 11:29:00
2026-09-12 11:17:46,SLLC309,0103,Ahmed Hanafy,10,7,0,2026-09-12 11:29:00
2026-09-12 11:17:46,SLLC309,0104,Ahmed Hanafy,10,5,0,2026-09-12 11:29:00
2026-09-12 11:17:46,SLLC309,0105,Ahmed Hanafy,10,6,0,2026-09-12 11:29:00
2026-09-12 11:17:46,SLLC309,0106,Ahmed Hanafy,10,6,0,2026-09-12 11:29:00
2026-09-12 11:17:46,SLLC309,0107,Ahmed Hanafy,10,8,0,2026-09-12 11:29:00
2026-09-12 11:17:46,SLLC309,0108,Ahmed Hanafy,10,9,0,2026-09-12 11:29:00
2026-09-12 11:17:46,SLLC309,0109,Ahmed Hanafy,10,7,0,2026-09-12 11:29:00
2026-09-12 11:17:46,SLLC309,0110,Ahmed Hanafy,10,3,0,2026-09-12 11:29:00
2026-09-12 11:17:46,SLLC309,0111,Ahmed Hanafy,10,10,0,2026-09-12 11:29:00
2026-09-12 11:17:46,SLLC329,0101,Marilyn Matar,13,0,0,2026-09-12 11:29:00
2026-09-12 11:17:46,SLLC329,0102,Marilyn Matar,10,0,0,2026-09-12 11:29:00
2026-09-12 11:17:46,SLLC329,0103,Marilyn Matar,21,2,0,2026-09-12 11:29:00
2026-09-12 11:17:46,SLLC329,0104,Marilyn Matar,10,4,0,2026-09-12 11:29:00
2026-09-12 11:17:46,SLLC329,0105,Marilyn Matar,10,9,0,2026-09-12 11:29:00
2026-09-12 11:17:46,SLLC329,0106,Marilyn Matar,10,1,0,2026-09-12 11:29:00
2026-09-12 11:17:46,SLLC329,0107,Marilyn Matar,10,7,0,2026-09-12 11:29:00
2026-09-12 11:17:46,SLLC329,0108,Marilyn Matar,10,7,0,2026-09-12 11:29:00
2026-09-12 11:17:46,SLLC329,0109,Marilyn Matar,10,4,0,2026-09-12 11:29:00
2026-09-12 11:17:46,SLLC329,0110,Marilyn Matar,20,3,0,2026-09-12 11:29:00
2026-09-12 11:17:46,SLLC350,0101,Michele Mason,30,27,0,2026-09-12 11:29:00
2026-09-12 11:17:46,SMLP470,0101,Brooke Smith,45,13,0,2026-09-12 11:29:02
2026-09-12 11:17:46,SMLP472,0101,Sara Herald,60,19,0,2026-09-12 11:29:02
2026-09-12 11:17:46,TLTC310,0101,Sarah Kistner,0,0,0,2026-09-12 11:29:37
2026-09-12 11:17:46,TLTC310,0201,Yanira Ortiz,20,11,0,2026-09-12 11:29:37
2026-09-12 11:17:46,TLTC333,0101,Mona Thompson,63,1,0,2026-09-12 11:29:37
2026-09-12 11:17:46,TLTC333,0102,Mona Thompson,63,0,0,2026-09-12 11:29:37
2026-09-12 11:17:46,TLTC333,0105,Mona Thompson,63,0,0,2026-09-12 11:29:37
2026-09-12 11:17:46,UMEI005,0101,Charles Duquette,15,2,0,2026-09-12 11:29:39
2026-09-12 11:17:46,UMEI005,0201,Heather Mehrtens,15,9,0,2026-09-12 11:29:39
2026-09-12 11:17:46,UMEI005,0301,Marilena Draganescu,15,11,0,2026-09-12 11:29:39
2026-09-12 11:17:46,UMEI012,0101,Louise Godley,10,10,0,2026-09-12 11:29:39
2026-09-12 11:17:46,UMEI013,0101,Louise Godley,10,7,0,2026-09-12 11:29:39
2026-09-12 11:17:46,UMEI028A,0101,Raymond Smith,16,14,0,2026-09-12 11:29:39
2026-09-12 11:17:46,UMEI506,0101,Heather Mehrtens,16,0,0,2026-09-12 11:29:40
2026-09-12 11:17:46,UMEI506,0201,Heather Mehrtens,16,6,0,2026-09-12 11:29:40
2026-09-12 11:17:46,UMEI507,0101,Marilena Draganescu,15,4,0,2026-09-12 11:29:40
2026-09-12 11:17:46,USLT201,0101,Robert Chester,25,2,0,2026-09-12 11:29:45
2026-09-12 11:17:46,USLT398C,0101,Angela Pico Pinto,25,18,0,2026-09-12 11:29:45
2026-09-12 11:17:46,USLT450,0101,Robert Chester,20,0,2,2026-09-12 11:29:45
2026-09-12 11:17:46,USLT498C,0101,Ana Rodriguez,20,14,0,2026-09-12 11:29:45
2026-09-12 11:17:46,VIPS099,0115,Veronica Kang,5,3,0,2026-09-12 11:29:47
2026-09-12 11:17:46,VIPS208,0101,Mary Bowden,10,10,0,2026-09-12 11:29:47
2026-09-12 11:17:46,VIPS208,0102,Ken Kiger,10,2,0,2026-09-12 11:29:47
2026-09-12 11:17:46,VIPS208,0103,Bryan Quinn,10,9,0,2026-09-12 11:29:47
2026-09-12 11:17:46,VIPS208,0104,Abdil Chowdhury,10,1,0,2026-09-12 11:29:47
2026-09-12 11:17:46,VIPS208,0105,Molly Carton,10,7,0,2026-09-12 11:29:47
2026-09-12 11:17:46,VIPS208,0106,James Baeder,14,2,0,2026-09-12 11:29:47
2026-09-12 11:17:46,VIPS208,0107,Catherine Spirito,10,6,0,2026-09-12 11:29:47
2026-09-12 11:17:46,VIPS208,0108,Ronald Yaros,10,4,0,2026-09-12 11:29:47
2026-09-12 11:17:46,VIPS208,0109,Carinna Ferguson,10,7,0,2026-09-12 11:29:47
2026-09-12 11:17:46,VIPS208,0110,Tracy Riggins,15,0,0,2026-09-12 11:29:47
2026-09-12 11:17:46,VIPS208,0111,Kevin Calabro,13,2,0,2026-09-12 11:29:47
2026-09-12 11:17:46,VIPS208,0112,Raffaele Viglianti,10,5,0,2026-09-12 11:29:47
2026-09-12 11:17:46,VIPS208,0113,Shabnam Jabeen,10,5,0,2026-09-12 11:29:47
2026-09-12 11:17:46,VIPS208,0114,Ning Zeng,15,7,0,2026-09-12 11:29:47
2026-09-12 11:17:46,VIPS208,0115,Veronica Kang,10,5,0,2026-09-12 11:29:47
2026-09-12 11:17:46,VIPS208,0116,David Stewart,10,1,0,2026-09-12 11:29:47
2026-09-12 11:17:46,VIPS208,0117,Meredith Epstein,10,8,0,2026-09-12 11:29:47
2026-09-12 11:17:46,VIPS208,0118,Magaly Toro Ibaceta,10,3,0,2026-09-12 11:29:47
2026-09-12 11:17:46,VIPS208,0120,Marisa Parham,10,6,0,2026-09-12 11:29:47
2026-09-12 11:17:46,VIPS208,0121,Becky Epanchin-Niell,10,1,0,2026-09-12 11:29:47
2026-09-12 11:17:46,VIPS208,0122,Timothy Reedy,10,2,0,2026-09-12 11:29:47
2026-09-12 11:17:46,VIPS208,0123,Lingnan Lin,13,4,0,2026-09-12 11:29:47
2026-09-12 11:17:46,VIPS208,0124,Jeffrey Moro,10,4,0,2026-09-12 11:29:47
2026-09-12 11:17:46,VIPS208,0125,Peter Sunderland,12,4,0,2026-09-12 11:29:47
2026-09-12 11:17:46,VIPS208,0126,Brienna Anderson,10,4,0,2026-09-12 11:29:47
2026-09-12 11:17:46,VIPS308,0101,Mary Bowden,10,9,0,2026-09-12 11:29:47
2026-09-12 11:17:46,VIPS308,0102,Ken Kiger,10,3,0,2026-09-12 11:29:47
2026-09-12 11:17:46,VIPS308,0103,Bryan Quinn,10,2,0,2026-09-12 11:29:47
2026-09-12 11:17:46,VIPS308,0104,Abdil Chowdhury,10,3,0,2026-09-12 11:29:47
2026-09-12 11:17:46,VIPS308,0105,Molly Carton,10,3,0,2026-09-12 11:29:47
2026-09-12 11:17:46,VIPS308,0106,James Baeder,10,4,0,2026-09-12 11:29:47
2026-09-12 11:17:46,VIPS308,0107,Catherine Spirito,10,8,0,2026-09-12 11:29:47
2026-09-12 11:17:46,VIPS308,0108,Ronald Yaros,10,9,0,2026-09-12 11:29:47
2026-09-12 11:17:46,VIPS308,0109,Carinna Ferguson,10,6,0,2026-09-12 11:29:47
2026-09-12 11:17:46,VIPS308,0110,Tracy Riggins,10,0,0,2026-09-12 11:29:47
2026-09-12 11:17:46,VIPS308,0111,Kevin Calabro,10,6,0,2026-09-12 11:29:47
2026-09-12 11:17:46,VIPS308,0112,Raffaele Viglianti,10,10,0,2026-09-12 11:29:47
2026-09-12 11:17:46,VIPS308,0113,Shabnam Jabeen,10,8,0,2026-09-12 11:29:47
2026-09-12 11:17:46,VIPS308,0114,Ning Zeng,10,9,0,2026-09-12 11:29:47
2026-09-12 11:17:46,VIPS308,0115,Veronica Kang,10,10,0,2026-09-12 11:29:47
2026-09-12 11:17:46,VIPS308,0116,David Stewart,10,10,0,2026-09-12 11:29:47
2026-09-12 11:17:46,VIPS308,0117,Meredith Epstein,10,8,0,2026-09-12 11:29:47
2026-09-12 11:17:46,VIPS308,0118,Magaly Toro Ibaceta,10,10,0,2026-09-12 11:29:47
2026-09-12 11:17:46,VIPS308,0120,Marisa Parham,10,9,0,2026-09-12 11:29:47
2026-09-12 11:17:46,VIPS308,0121,Becky Epanchin-Niell,10,10,0,2026-09-12 11:29:47
2026-09-12 11:17:46,VIPS308,0122,Timothy Reedy,10,10,0,2026-09-12 11:29:47
2026-09-12 11:17:46,VIPS308,0123,Lingnan Lin,10,10,0,2026-09-12 11:29:47
2026-09-12 11:17:46,VIPS308,0124,Jeffrey Moro,10,10,0,2026-09-12 11:29:47
2026-09-12 11:17:46,VIPS308,0125,Peter Sunderland,10,10,0,2026-09-12 11:29:47
2026-09-12 11:17:46,VIPS308,0126,Brienna Anderson,10,10,0,2026-09-12 11:29:47
2026-09-12 11:17:46,VIPS408,0101,Mary Bowden,10,4,0,2026-09-12 11:29:47
2026-09-12 11:17:46,VIPS408,0102,Ken Kiger,10,8,0,2026-09-12 11:29:47
2026-09-12 11:17:46,VIPS408,0103,Bryan Quinn,10,3,0,2026-09-12 11:29:47
2026-09-12 11:17:46,VIPS408,0104,Abdil Chowdhury,10,8,0,2026-09-12 11:29:47
2026-09-12 11:17:46,VIPS408,0105,Molly Carton,10,8,0,2026-09-12 11:29:47
2026-09-12 11:17:46,VIPS408,0106,James Baeder,10,7,0,2026-09-12 11:29:47
2026-09-12 11:17:46,VIPS408,0107,Catherine Spirito,10,10,0,2026-09-12 11:29:47
2026-09-12 11:17:46,VIPS408,0108,Ronald Yaros,10,8,0,2026-09-12 11:29:47
2026-09-12 11:17:46,VIPS408,0109,Carinna Ferguson,10,8,0,2026-09-12 11:29:47
2026-09-12 11:17:46,VIPS408,0110,Tracy Riggins,10,10,0,2026-09-12 11:29:47
2026-09-12 11:17:46,VIPS408,0111,Kevin Calabro,10,7,0,2026-09-12 11:29:47
2026-09-12 11:17:46,VIPS408,0112,Raffaele Viglianti,10,9,0,2026-09-12 11:29:47
2026-09-12 11:17:46,VIPS408,0113,Shabnam Jabeen,10,10,0,2026-09-12 11:29:47
2026-09-12 11:17:46,VIPS408,0114,Ning Zeng,10,10,0,2026-09-12 11:29:47
2026-09-12 11:17:46,VIPS408,0115,Veronica Kang,10,10,0,2026-09-12 11:29:47
2026-09-12 11:17:46,VIPS408,0116,David Stewart,10,10,0,2026-09-12 11:29:47
2026-09-12 11:17:46,VIPS408,0117,Meredith Epstein,10,10,0,2026-09-12 11:29:47
2026-09-12 11:17:46,VIPS408,0118,Magaly Toro Ibaceta,10,9,0,2026-09-12 11:29:47
2026-09-12 11:17:46,VIPS408,0120,Marisa Parham,10,10,0,2026-09-12 11:29:47
2026-09-12 11:17:46,VIPS408,0121,Becky Epanchin-Niell,10,10,0,2026-09-12 11:29:47
2026-09-12 11:17:46,VIPS408,0122,Timothy Reedy,10,10,0,2026-09-12 11:29:47
2026-09-12 11:17:46,VIPS408,0123,Lingnan Lin,10,10,0,2026-09-12 11:29:47
2026-09-12 11:17:46,VIPS408,0124,Jeffrey Moro,10,10,0,2026-09-12 11:29:47
2026-09-12 11:17:46,VIPS408,0125,Peter Sunderland,10,10,0,2026-09-12 11:29:47
2026-09-12 11:17:46,VIPS408,0126,Brienna Anderson,10,10,0,2026-09-12 11:29:47
2026-09-12 11:17:46,WEID139B,0101,Denise Joseph,48,6,0,2026-09-12 11:29:50
2026-09-12 11:17:46,WEID139L,0201,Taylor Togafau-Lewis,48,17,0,2026-09-12 11:29:50
2026-09-12 14:24:41,AAAS100,0101,Shane Walsh,35,0,0,2026-09-12 14:24:44
2026-09-12 14:24:41,AAAS100,0201,Shane Walsh,35,0,0,2026-09-12 14:24:44
2026-09-12 14:24:41,AAAS100,0301,George Kintiba,70,36,0,2026-09-12 14:24:44
2026-09-12 14:24:41,AAAS100,0401,Jason Nichols,30,0,0,2026-09-12 14:24:44
2026-09-12 14:24:41,AAAS100,0501,Jason Nichols,35,0,0,2026-09-12 14:24:44
2026-09-12 14:24:41,AAAS101,0101,Chinyere Osuji,40,0,0,2026-09-12 14:24:45
2026-09-12 14:24:41,AAAS187,0101,Robert Choflet,30,0,0,2026-09-12 14:24:46
2026-09-12 14:24:41,AAAS187,0201,Joseph Richardson,30,0,0,2026-09-12 14:24:46
2026-09-12 14:24:41,AAAS200,0101,George Kintiba,40,5,0,2026-09-12 14:24:47
2026-09-12 14:24:41,AAAS202,0101,Robert Choflet,35,5,0,2026-09-12 14:24:48
2026-09-12 14:24:41,AAAS202,0201,Robert Choflet,35,5,0,2026-09-12 14:24:48
2026-09-12 14:24:41,AAAS202,0301,Angelica Dunbar,35,4,0,2026-09-12 14:24:48
2026-09-12 14:24:41,AAAS202,0401,Ashley Everson,35,0,0,2026-09-12 14:24:48
2026-09-12 14:24:41,AAAS202,0501,Ashley Everson,20,3,0,2026-09-12 14:24:48
2026-09-12 14:24:41,AAAS210,0101,Angelica Dunbar,20,16,0,2026-09-12 14:24:48
2026-09-12 14:24:41,AAAS211,0101,Shane Walsh,30,0,0,2026-09-12 14:24:49
2026-09-12 14:24:41,AAAS230,0101,Ashley Newby,30,0,0,2026-09-12 14:24:49
2026-09-12 14:24:41,AAAS230,0201,Ashley Newby,30,0,0,2026-09-12 14:24:49
2026-09-12 14:24:41,AAAS234,0201,Mike Kolakoski,30,3,0,2026-09-12 14:24:50
2026-09-12 14:24:41,AAAS254,0101,Christopher Bonner,40,2,0,2026-09-12 14:24:50
2026-09-12 14:24:41,AAAS271,0101,Sydney Lewis,30,1,0,2026-09-12 14:24:51
2026-09-12 14:24:41,AAAS310,0101,George Kintiba,25,22,0,2026-09-12 14:24:52
2026-09-12 14:24:41,AAAS320,0101,Cecily Jackson,25,0,0,2026-09-12 14:24:52
2026-09-12 14:24:41,AAAS320,0201,Cecily Jackson,25,0,0,2026-09-12 14:24:52
2026-09-12 14:24:41,AAAS325,0101,Traci Dula,20,4,0,2026-09-12 14:24:53
2026-09-12 14:24:41,AAAS350,0101,John Drabinski,20,0,0,2026-09-12 14:24:54
2026-09-12 14:24:41,AAAS361,0101,Michelle Rowley,35,26,0,2026-09-12 14:24:55
2026-09-12 14:24:41,AAAS386,0101,Marshal Washington,10,10,0,2026-09-12 14:24:56
2026-09-12 14:24:41,AAAS397,0101,John Drabinski,2,2,0,2026-09-12 14:24:56
2026-09-12 14:24:41,AAAS397,0201,Angelica Dunbar,2,2,0,2026-09-12 14:24:56
2026-09-12 14:24:41,AAAS397,0301,Sharon Harley,2,2,0,2026-09-12 14:24:56
2026-09-12 14:24:41,AAAS397,0401,Cecily Jackson,2,2,0,2026-09-12 14:24:56
2026-09-12 14:24:41,AAAS397,0501,Sangeetha Madhavan,2,2,0,2026-09-12 14:24:56
2026-09-12 14:24:41,AAAS397,0601,Ashley Newby,1,1,0,2026-09-12 14:24:56
2026-09-12 14:24:41,AAAS397,0701,Chinyere Osuji,2,2,0,2026-09-12 14:24:56
2026-09-12 14:24:41,AAAS397,0801,Periloux Peay,2,2,0,2026-09-12 14:24:56
2026-09-12 14:24:41,AAAS397,0901,Joseph Richardson,2,2,0,2026-09-12 14:24:56
2026-09-12 14:24:41,AAAS398B,0101,Beka Guluma,20,13,0,2026-09-12 14:24:57
2026-09-12 14:24:41,AAAS398W,0101,Jason Nichols,25,11,0,2026-09-12 14:24:57
2026-09-12 14:24:41,AAAS400,0101,Periloux Peay,25,22,0,2026-09-12 14:24:58
2026-09-12 14:24:41,AAAS415,0101,Periloux Peay,30,0,0,2026-09-12 14:24:58
2026-09-12 14:24:41,AAAS499N,0101,Anne Rosen,25,0,0,2026-09-12 14:24:59
2026-09-12 14:24:41,AAST200,0101,Jennifer Cho,30,0,0,2026-09-12 14:25:01
2026-09-12 14:24:41,AAST200,0102,Binod Paudyal,30,0,0,2026-09-12 14:25:01
2026-09-12 14:24:41,AAST322,0101,Julie Park,30,3,0,2026-09-12 14:25:01
2026-09-12 14:24:41,AAST351,0101,Binod Paudyal,35,0,0,2026-09-12 14:25:02
2026-09-12 14:24:41,AAST355,0101,Jennifer Cho,35,0,1,2026-09-12 14:25:02
2026-09-12 14:24:41,AAST378,0101,Janelle Wong,2,2,0,2026-09-12 14:25:03
2026-09-12 14:24:41,AAST394,0101,Wenxi Yang,30,2,0,2026-09-12 14:25:04
2026-09-12 14:24:41,AAST398I,0101,Michelle Magalong,24,1,0,2026-09-12 14:25:04
2026-09-12 14:24:41,AAST398W,0101,Chris Eng,25,14,0,2026-09-12 14:25:04
2026-09-12 14:24:41,AAST421,0101,Tuyet Duong,20,3,0,2026-09-12 14:25:05
2026-09-12 14:24:41,AAST422,0101,Jennifer Cho,25,7,0,2026-09-12 14:25:05
2026-09-12 14:24:41,AAST424,0101,Dawn Dow,29,10,0,2026-09-12 14:25:06
2026-09-12 14:24:41,AAST440,0101,Binod Paudyal,25,0,0,2026-09-12 14:25:06
2026-09-12 14:24:41,AAST443,0101,Janelle Wong,30,0,0,2026-09-12 14:25:07
2026-09-12 14:24:41,ABRM330,0101,Rashawn Ray,40,0,0,2026-09-12 14:25:08
2026-09-12 14:24:41,ARAB101,0101,Samah Al-salami,15,1,0,2026-09-12 14:26:02
2026-09-12 14:24:41,ARAB101,0201,Ahmed Hanafy,15,5,0,2026-09-12 14:26:02
2026-09-12 14:24:41,ARAB102,0101,Samah Al-salami,15,2,0,2026-09-12 14:26:03
2026-09-12 14:24:41,ARAB102,0201,Lutf Alkebsi,15,12,0,2026-09-12 14:26:03
2026-09-12 14:24:41,ARAB201,0101,Lutf Alkebsi,15,0,0,2026-09-12 14:26:03
2026-09-12 14:24:41,ARAB201,0201,Lutf Alkebsi,15,11,0,2026-09-12 14:26:03
2026-09-12 14:24:41,ARAB208L,0101,Samah Al-salami,15,3,0,2026-09-12 14:26:04
2026-09-12 14:24:41,ARAB225,0101,Ahmed Hanafy,15,3,0,2026-09-12 14:26:04
2026-09-12 14:24:41,ARAB301,0101,Ahmed Hanafy,15,6,0,2026-09-12 14:26:04
2026-09-12 14:24:41,ARAB321,0101,Ahmed Hanafy,15,9,0,2026-09-12 14:26:05
2026-09-12 14:24:41,ARAB322,0101,Samah Al-salami,15,9,0,2026-09-12 14:26:05
2026-09-12 14:24:41,ARAB398A,0101,Lutf Alkebsi,15,5,0,2026-09-12 14:26:06
2026-09-12 14:24:41,ARAB499E,0101,Brendan Kibbee,20,2,0,2026-09-12 14:26:07
2026-09-12 14:24:41,ARMY106,0101,Thomas Battinieri,31,25,0,2026-09-12 14:26:48
2026-09-12 14:24:41,ARMY106,0102,Thomas Battinieri,40,30,0,2026-09-12 14:26:48
2026-09-12 14:24:41,ARMY106,FC01,Andrew Bischoff,15,11,0,2026-09-12 14:26:48
2026-09-12 14:24:41,ARMY106,FC02,Thomas Battinieri,9,8,0,2026-09-12 14:26:48
2026-09-12 14:24:41,ARMY110,0101,Andrew Bischoff,15,15,0,2026-09-12 14:26:49
2026-09-12 14:24:41,ARMY201,0102,Thomas Battinieri,35,14,0,2026-09-12 14:26:49
2026-09-12 14:24:41,ARMY301,0101,Joshua Guiod,40,20,0,2026-09-12 14:26:49
2026-09-12 14:24:41,ARMY401,0102,Andrew Bischoff,50,13,0,2026-09-12 14:26:50
2026-09-12 14:24:41,ARSC059,0101,Kathleen West,220,53,0,2026-09-12 14:26:52
2026-09-12 14:24:41,ARSC059,FC01,Jens Lyndrup,10,5,0,2026-09-12 14:26:52
2026-09-12 14:24:41,ARSC100,0101,Jens Lyndrup,50,33,0,2026-09-12 14:26:52
2026-09-12 14:24:41,ARSC100,0102,Jens Lyndrup,75,16,0,2026-09-12 14:26:52
2026-09-12 14:24:41,ARSC100,0103,Jens Lyndrup,40,31,0,2026-09-12 14:26:52
2026-09-12 14:24:41,ARSC100,FC01,Jens Lyndrup,5,3,0,2026-09-12 14:26:52
2026-09-12 14:24:41,ARSC100,FC02,Jens Lyndrup,10,7,0,2026-09-12 14:26:52
2026-09-12 14:24:41,ARSC200,0101,Alan Snyder,50,14,0,2026-09-12 14:26:53
2026-09-12 14:24:41,ARSC200,0102,Alan Snyder,35,21,0,2026-09-12 14:26:53
2026-09-12 14:24:41,ARSC200,0103,Alan Snyder,40,32,0,2026-09-12 14:26:53
2026-09-12 14:24:41,ARSC300,0101,Kathleen West,30,5,0,2026-09-12 14:26:53
2026-09-12 14:24:41,ARSC300,0102,Kathleen West,20,13,0,2026-09-12 14:26:53
2026-09-12 14:24:41,ARSC400,0101,Walter Mitchell,30,11,0,2026-09-12 14:26:53
2026-09-12 14:24:41,ARSC400,0102,Walter Mitchell,20,18,0,2026-09-12 14:26:53
2026-09-12 14:24:41,ARSC400,0201,Walter Mitchell,10,10,0,2026-09-12 14:26:53
2026-09-12 14:24:41,BMIN210,0101,Darlene Dennison,180,1,0,2026-09-12 14:28:16
2026-09-12 14:24:41,BMIN210,0201,Darlene Dennison,180,94,0,2026-09-12 14:28:16
2026-09-12 14:24:41,BMIN305,0101,Tejwansh Anand,180,14,0,2026-09-12 14:28:16
2026-09-12 14:24:41,BMIN345,0101,Michael Padhi,275,36,0,2026-09-12 14:28:17
2026-09-12 14:24:41,BMIN355,0101,Idil Yaveroglu,180,0,0,2026-09-12 14:28:17
2026-09-12 14:24:41,BMIN355,0201,Idil Yaveroglu,180,24,0,2026-09-12 14:28:17
2026-09-12 14:24:41,BMIN375,0101,Leland Gardner,185,2,0,2026-09-12 14:28:18
2026-09-12 14:24:41,BMIN395,0101,Nima Farshchi,200,2,0,2026-09-12 14:28:18
2026-09-12 14:24:41,BMIN395,0201,Nima Farshchi,200,106,0,2026-09-12 14:28:18
2026-09-12 14:24:41,BOIS602,WI01,Woei-jyh Lee,40,6,0,2026-09-12 14:28:22
2026-09-12 14:24:41,BOIS604,WI01,Manmohan Aseri,40,5,0,2026-09-12 14:28:22
2026-09-12 14:24:41,BOIS631,WI01,Sujin Kim,40,8,0,2026-09-12 14:28:23
2026-09-12 14:24:41,BSOS355,0101,Liza Lebrun,30,30,0,2026-09-12 14:28:36
2026-09-12 14:24:41,BSOS361,0101,TC Lloyd,30,2,0,2026-09-12 14:28:37
2026-09-12 14:24:41,BSOS361,0103,Keia Brown,30,2,0,2026-09-12 14:28:37
2026-09-12 14:24:41,BSOS361,0104,David Tana,30,1,0,2026-09-12 14:28:37
2026-09-12 14:24:41,BSOS361,0105,TC Lloyd,30,2,0,2026-09-12 14:28:37
2026-09-12 14:24:41,BSOS388C,0101,Nikita Kimani,20,0,0,2026-09-12 14:28:37
2026-09-12 14:24:41,BSOS388C,0201,Nikita Kimani,20,0,0,2026-09-12 14:28:37
2026-09-12 14:24:41,BSOS388E,0101,Liza Lebrun,30,30,0,2026-09-12 14:28:38
2026-09-12 14:24:41,BUSO600,SO11,Neta Moye,42,5,0,2026-09-12 14:29:02
2026-09-12 14:24:41,BUSO600,SO12,Neta Moye,42,9,0,2026-09-12 14:29:02
2026-09-12 14:24:41,BUSO603,SO11,Ilya Ryzhov,42,5,0,2026-09-12 14:29:03
2026-09-12 14:24:41,BUSO603,SO12,Ilya Ryzhov,42,4,0,2026-09-12 14:29:03
2026-09-12 14:24:41,BUSO604,SO11,Bennet Zelner,42,6,0,2026-09-12 14:29:03
2026-09-12 14:24:41,BUSO604,SO12,Bennet Zelner,42,6,0,2026-09-12 14:29:03
2026-09-12 14:24:41,BUSO612,SO11,Henry Boyd,42,3,0,2026-09-12 14:29:04
2026-09-12 14:24:41,BUSO612,SO12,Henry Boyd,42,5,0,2026-09-12 14:29:04
2026-09-12 14:24:41,BUSO616,SO31,Brent Solomon,38,2,0,2026-09-12 14:29:04
2026-09-12 14:24:41,BUSO616,SO32,Brent Solomon,38,0,0,2026-09-12 14:29:04
2026-09-12 14:24:41,BUSO624,SO31,Yi Xu,38,2,0,2026-09-12 14:29:05
2026-09-12 14:24:41,BUSO624,SO32,Yi Xu,38,0,0,2026-09-12 14:29:05
2026-09-12 14:24:41,BUSO700,SO91,Paulo Prochno,0,0,0,2026-09-12 14:29:05
2026-09-12 14:24:41,BUSO711,SO31,Gosia Langa Basit,28,0,0,2026-09-12 14:29:06
2026-09-12 14:24:41,BUSO711,SO32,Gosia Langa Basit,28,3,0,2026-09-12 14:29:06
2026-09-12 14:24:41,BUSO711,SO33,Gosia Langa Basit,28,1,0,2026-09-12 14:29:06
2026-09-12 14:24:41,BUSO731,SO51,Tejwansh Anand,49,0,1,2026-09-12 14:29:06
2026-09-12 14:24:41,BUSO752,SO51,Leland Gardner,35,13,0,2026-09-12 14:29:06
2026-09-12 14:24:41,BUSO758G,SO51,James Seward,35,11,0,2026-09-12 14:29:07
2026-09-12 14:24:41,BUSO758M,SO51,Paulo Prochno,49,2,0,2026-09-12 14:29:07
2026-09-12 14:24:41,BUSO758M,SO52,Paulo Prochno,49,3,0,2026-09-12 14:29:07
2026-09-12 14:24:41,BUSO758T,SO51,Michael Cichello,35,18,0,2026-09-12 14:29:08
2026-09-12 14:24:41,BUSO758W,SO51,Yogesh Joshi,33,2,0,2026-09-12 14:29:08
2026-09-12 14:24:41,BUSO758W,SO52,Yogesh Joshi,33,2,0,2026-09-12 14:29:08
2026-09-12 14:24:41,BUSO758X,SO51,Pallassana Kannan,49,3,0,2026-09-12 14:29:08
2026-09-12 14:24:41,BUSO788F,GX01,Judy Frels,25,6,0,2026-09-12 14:29:09
2026-09-12 14:24:41,BUSO788W,GX01,Zhi-Long Chen,30,5,0,2026-09-12 14:29:09
2026-09-12 14:24:41,CHSE200,0101,Betsy Tornquist,10,1,0,2026-09-12 14:29:44
2026-09-12 14:24:41,CHSE205,0101,Yewon Lee,60,0,2,2026-09-12 14:29:44
2026-09-12 14:24:41,CHSE205,0201,Yewon Lee,60,0,1,2026-09-12 14:29:44
2026-09-12 14:24:41,CHSE228C,0101,Nikita Kimani,20,0,0,2026-09-12 14:29:45
2026-09-12 14:24:41,CHSE228C,0201,Nikita Kimani,20,0,0,2026-09-12 14:29:45
2026-09-12 14:24:41,CHSE228C,0301,Nikita Kimani,20,0,0,2026-09-12 14:29:45
2026-09-12 14:24:41,CHSE230,0101,Isabelle Grable,25,16,0,2026-09-12 14:29:45
2026-09-12 14:24:41,CHSE376,0101,Michael Dunham,22,0,3,2026-09-12 14:29:45
2026-09-12 14:24:41,CHSE376,0201,Colleen McGilpin,20,0,4,2026-09-12 14:29:45
2026-09-12 14:24:41,CHSE376,0301,Elizabeth Martinez,20,0,1,2026-09-12 14:29:45
2026-09-12 14:24:41,CHSE376,0401,Chanai Brewster,20,4,0,2026-09-12 14:29:45
2026-09-12 14:24:41,CHSE476,0101,Michael Dunham,20,6,0,2026-09-12 14:29:46
2026-09-12 14:24:41,CHSE477,0101,Michael Dunham,15,4,0,2026-09-12 14:29:47
2026-09-12 14:24:41,CHSE489,1901,Amy D'Agati,15,10,0,2026-09-12 14:29:47
2026-09-12 14:24:41,CINE245,0101,Eric Zakim,22,0,1,2026-09-12 14:29:49
2026-09-12 14:24:41,CINE245,0102,Eric Zakim,22,0,2,2026-09-12 14:29:49
2026-09-12 14:24:41,CINE245,0103,Eric Zakim,22,0,2,2026-09-12 14:29:49
2026-09-12 14:24:41,CINE245,0104,Eric Zakim,22,0,1,2026-09-12 14:29:49
2026-09-12 14:24:41,CINE280,0101,Porter Olsen,30,0,1,2026-09-12 14:29:50
2026-09-12 14:24:41,CINE280,0201,John Tobin,30,0,1,2026-09-12 14:29:50
2026-09-12 14:24:41,CINE298A,0101,Caroline Eades,20,0,0,2026-09-12 14:29:50
2026-09-12 14:24:41,CINE301,0101,Eric Zakim,30,0,0,2026-09-12 14:29:51
2026-09-12 14:24:41,CINE310,0101,Nathaniel Stevens,15,2,0,2026-09-12 14:29:51
2026-09-12 14:24:41,CINE315,0101,Yael Inbar,15,0,0,2026-09-12 14:29:52
2026-09-12 14:24:41,CINE319G,0101,Oliver Gaycken,25,15,0,2026-09-12 14:29:52
2026-09-12 14:24:41,CINE319P,5501,Samuel Crawford,11,0,1,2026-09-12 14:29:53
2026-09-12 14:24:41,CINE319Z,0101,Paul Cote,25,7,0,2026-09-12 14:29:53
2026-09-12 14:24:41,CINE329T,0101,Daniel Richter,25,0,4,2026-09-12 14:29:53
2026-09-12 14:24:41,CINE332,0101,Parker Brookie,25,0,0,2026-09-12 14:29:54
2026-09-12 14:24:41,CINE334,0101,Elizabeth Papazian,25,0,0,2026-09-12 14:29:54
2026-09-12 14:24:41,CINE337,0101,Jason Kuo,25,0,1,2026-09-12 14:29:55
2026-09-12 14:24:41,CINE342,0101,Luka Arsenjuk,20,0,1,2026-09-12 14:29:55
2026-09-12 14:24:41,CINE350,0101,John Drabinski,20,0,0,2026-09-12 14:29:55
2026-09-12 14:24:41,CINE359C,0101,Daniel Richter,25,0,2,2026-09-12 14:29:56
2026-09-12 14:24:41,CINE369B,0101,Eva Hageman,30,0,0,2026-09-12 14:29:56
2026-09-12 14:24:41,CINE369K,0101,Paul Cote,20,0,1,2026-09-12 14:29:57
2026-09-12 14:24:41,CINE376,0101,Ross Angelella,15,3,0,2026-09-12 14:29:57
2026-09-12 14:24:41,CINE376,0102,Ross Angelella,5,2,0,2026-09-12 14:29:57
2026-09-12 14:24:41,CINE415,0101,Mathew Bainbridge,15,0,0,2026-09-12 14:29:58
2026-09-12 14:24:41,CINE419P,0101,Oliver Gaycken,20,14,0,2026-09-12 14:29:58
2026-09-12 14:24:41,CINE459P,0101,Luka Arsenjuk,20,0,2,2026-09-12 14:29:59
2026-09-12 14:24:41,CLAS170,0101,Chiara Graf,21,1,0,2026-09-12 14:30:01
2026-09-12 14:24:41,CLAS170,0102,Chiara Graf,21,0,0,2026-09-12 14:30:01
2026-09-12 14:24:41,CLAS170,0103,Chiara Graf,21,0,0,2026-09-12 14:30:01
2026-09-12 14:24:41,CLAS170,0104,Chiara Graf,21,0,0,2026-09-12 14:30:01
2026-09-12 14:24:41,CLAS170,0105,Chiara Graf,21,0,0,2026-09-12 14:30:01
2026-09-12 14:24:41,CLAS170,0106,Chiara Graf,21,0,0,2026-09-12 14:30:01
2026-09-12 14:24:41,CLAS170,0107,Chiara Graf,21,0,0,2026-09-12 14:30:01
2026-09-12 14:24:41,CLAS170,0108,Chiara Graf,21,1,0,2026-09-12 14:30:01
2026-09-12 14:24:41,CLAS170,0109,Chiara Graf,22,0,0,2026-09-12 14:30:01
2026-09-12 14:24:41,CLAS170,FC01,Chelsea Stolt,28,4,0,2026-09-12 14:30:01
2026-09-12 14:24:41,CLAS170,FC02,Chelsea Stolt,28,0,0,2026-09-12 14:30:01
2026-09-12 14:24:41,CLAS170,FC03,Eugenia Lao,28,8,0,2026-09-12 14:30:01
2026-09-12 14:24:41,CLAS170,FC05,Charis Addai,28,5,0,2026-09-12 14:30:01
2026-09-12 14:24:41,CLAS277,0101,Chiara Graf,25,0,0,2026-09-12 14:30:02
2026-09-12 14:24:41,CLAS277,0102,Chiara Graf,25,1,0,2026-09-12 14:30:02
2026-09-12 14:24:41,CLAS277,0103,Chiara Graf,25,4,0,2026-09-12 14:30:02
2026-09-12 14:24:41,CLAS277,0104,Chiara Graf,25,1,0,2026-09-12 14:30:02
2026-09-12 14:24:41,CLAS277,0105,Chiara Graf,25,0,0,2026-09-12 14:30:02
2026-09-12 14:24:41,CLAS277,0106,Chiara Graf,25,1,0,2026-09-12 14:30:02
2026-09-12 14:24:41,CLAS305,0101,Jorge Bravo,35,1,0,2026-09-12 14:30:02
2026-09-12 14:24:41,CLAS309N,0101,Nathan Levine,35,26,0,2026-09-12 14:30:03
2026-09-12 14:24:41,CLAS310,0101,Rachel Singpurwalla,20,0,1,2026-09-12 14:30:03
2026-09-12 14:24:41,CLAS310,0102,Rachel Singpurwalla,20,0,2,2026-09-12 14:30:03
2026-09-12 14:24:41,CLAS310,0103,Rachel Singpurwalla,20,0,3,2026-09-12 14:30:03
2026-09-12 14:24:41,CLAS312,0101,Polyvia Parara,35,7,0,2026-09-12 14:30:04
2026-09-12 14:24:41,CMLT235,0101,Brielle Gorrell,30,2,0,2026-09-12 14:30:08
2026-09-12 14:24:41,CMLT270,0101,Hannah (Toyin) Adeyemi,30,0,0,2026-09-12 14:30:08
2026-09-12 14:24:41,CMLT270,0201,Shakiba Sharifpour,30,1,0,2026-09-12 14:30:08
2026-09-12 14:24:41,CMLT275,0201,Abhinav Bhardwaj,30,1,0,2026-09-12 14:30:08
2026-09-12 14:24:41,CMLT277,0101,Nahid Ahmadian,30,2,0,2026-09-12 14:30:09
2026-09-12 14:24:41,CMLT280,0101,Porter Olsen,30,0,1,2026-09-12 14:30:09
2026-09-12 14:24:41,CMLT280,0201,John Tobin,30,0,1,2026-09-12 14:30:09
2026-09-12 14:24:41,CPBE100,0101,Oliver Schlake,95,25,0,2026-09-12 14:30:52
2026-09-12 14:24:41,CPBE200,0101,Oliver Schlake,75,33,0,2026-09-12 14:30:53
2026-09-12 14:24:41,CPBE225,0101,Ira Koretsky,38,13,0,2026-09-12 14:30:53
2026-09-12 14:24:41,CPBE225,0102,Ira Koretsky,38,22,0,2026-09-12 14:30:53
2026-09-12 14:24:41,CPCV100,0101,Julie Randolph,40,1,0,2026-09-12 14:30:55
2026-09-12 14:24:41,CPCV100,0201,Julie Randolph,40,8,0,2026-09-12 14:30:55
2026-09-12 14:24:41,CPCV200,0101,Julie Randolph,35,1,0,2026-09-12 14:30:55
2026-09-12 14:24:41,CPCV200,0201,Julie Randolph,35,15,0,2026-09-12 14:30:55
2026-09-12 14:24:41,CPCV225,0101,Korey Rothman,75,4,0,2026-09-12 14:30:56
2026-09-12 14:24:41,CPDJ100,0101,Jess Feltner,75,2,0,2026-09-12 14:30:57
2026-09-12 14:24:41,CPDJ200,0101,Andrew Fellows,75,37,0,2026-09-12 14:30:58
2026-09-12 14:24:41,CPET100,0101,Tim Knight,75,4,0,2026-09-12 14:31:00
2026-09-12 14:24:41,CPET200,0101,Tim Knight,75,7,0,2026-09-12 14:31:00
2026-09-12 14:24:41,CPGH100,0101,John Wiggins,85,7,0,2026-09-12 14:31:02
2026-09-12 14:24:41,CPGH200,0101,John Wiggins,75,18,0,2026-09-12 14:31:02
2026-09-12 14:24:41,CPJT100,0101,Justine DeCamillis,75,7,0,2026-09-12 14:31:04
2026-09-12 14:24:41,CPJT200,0101,Justine DeCamillis,75,21,0,2026-09-12 14:31:05
2026-09-12 14:24:41,CPMS100,0101,Alison Burns,75,0,0,2026-09-12 14:31:06
2026-09-12 14:24:41,CPMS200,0101,Alison Burns,75,11,0,2026-09-12 14:31:07
2026-09-12 14:24:41,CPMS225,0101,Alison Burns,75,0,0,2026-09-12 14:31:07
2026-09-12 14:24:41,CPMS230,0101,Alison Burns,30,11,0,2026-09-12 14:31:08
2026-09-12 14:24:41,CPMS240,0101,Carole Lee,20,18,0,2026-09-12 14:31:08
2026-09-12 14:24:41,CPPL100,0101,Kelly Brower,78,2,0,2026-09-12 14:31:10
2026-09-12 14:24:41,CPPL200,0101,Susannah Washburn,75,15,0,2026-09-12 14:31:10
2026-09-12 14:24:41,CPSA100,0101,Andrea Cesar,75,12,0,2026-09-12 14:31:12
2026-09-12 14:24:41,CPSA200,0101,Andrea Cesar,75,34,0,2026-09-12 14:31:12
2026-09-12 14:24:41,CPSF100,0101,Nicholas Fletcher,85,1,0,2026-09-12 14:31:14
2026-09-12 14:24:41,CPSF200,0101,Nicholas Fletcher,75,5,0,2026-09-12 14:31:15
2026-09-12 14:24:41,CPSG100,0101,Thomas Holtz,85,11,0,2026-09-12 14:31:16
2026-09-12 14:24:41,CPSG200,0101,Thomas Holtz,75,29,0,2026-09-12 14:31:17
2026-09-12 14:24:41,CPSN100,0101,Hansol Kwak,85,5,0,2026-09-12 14:31:19
2026-09-12 14:24:41,CPSN200,0101,Stacy Kosko,75,42,0,2026-09-12 14:31:19
2026-09-12 14:24:41,CPSN230,0101,Sarah Kilmer,20,18,0,2026-09-12 14:31:20
2026-09-12 14:24:41,CPSN240,0101,Sarah Kilmer,10,7,0,2026-09-12 14:31:20
2026-09-12 14:24:41,CPSN250,0101,Sarah Kilmer,5,5,0,2026-09-12 14:31:20
2026-09-12 14:24:41,CPSP110,0101,Markell Saunders,18,8,0,2026-09-12 14:31:22
2026-09-12 14:24:41,CPSP110,0201,Patrice Greene,18,13,0,2026-09-12 14:31:22
2026-09-12 14:24:41,CPSP220,0101,Tiara Thomas,20,1,0,2026-09-12 14:31:23
2026-09-12 14:24:41,CPSP239A,0101,Heather-Erin Bremenstuhl,10,5,0,2026-09-12 14:31:23
2026-09-12 14:24:41,CPSP269C,0101,Korey Rothman,5,5,0,2026-09-12 14:31:23
2026-09-12 14:24:41,CPSP339P,0101,Susannah Washburn,10,7,0,2026-09-12 14:31:24
2026-09-12 14:24:41,CPSS100,0101,Nicole Mogul,85,6,0,2026-09-12 14:31:26
2026-09-12 14:24:41,CPSS220,0101,Nicole Mogul,20,2,0,2026-09-12 14:31:26
2026-09-12 14:24:41,CPSS225,0101,Roan Parrish,20,14,0,2026-09-12 14:31:26
2026-09-12 14:24:41,CPSS340,0101,David Tomblin,20,5,0,2026-09-12 14:31:27
2026-09-12 14:24:41,CRLN101,0103,Myles Alexander,25,1,0,2026-09-12 14:31:29
2026-09-12 14:24:41,CRLN101,0104,Tami Smith,26,0,0,2026-09-12 14:31:29
2026-09-12 14:24:41,CRLN101,0105,Denis Garcia Reyes,25,0,0,2026-09-12 14:31:29
2026-09-12 14:24:41,CRLN101,0106,Mitch Woolley,25,4,0,2026-09-12 14:31:29
2026-09-12 14:24:41,CRLN101,0107,Esohe Owie,25,0,0,2026-09-12 14:31:29
2026-09-12 14:24:41,DATA100,0111,Matthew Griffin,33,4,0,2026-09-12 14:31:41
2026-09-12 14:24:41,DATA100,0112,Matthew Griffin,35,2,0,2026-09-12 14:31:41
2026-09-12 14:24:41,DATA100,0121,Matthew Griffin,35,2,0,2026-09-12 14:31:41
2026-09-12 14:24:41,DATA100,0122,Matthew Griffin,33,0,0,2026-09-12 14:31:41
2026-09-12 14:24:41,DATA100,0123,Matthew Griffin,33,1,0,2026-09-12 14:31:41
2026-09-12 14:24:41,DATA100,0124,Matthew Griffin,33,0,0,2026-09-12 14:31:41
2026-09-12 14:24:41,DATA100,0131,Matthew Griffin,33,1,0,2026-09-12 14:31:41
2026-09-12 14:24:41,DATA100,0141,Matthew Griffin,35,0,0,2026-09-12 14:31:41
2026-09-12 14:24:41,DATA100,0142,Matthew Griffin,33,0,0,2026-09-12 14:31:41
2026-09-12 14:24:41,DATA100,0211,Matthew Griffin,33,1,0,2026-09-12 14:31:41
2026-09-12 14:24:41,DATA100,0212,Matthew Griffin,35,0,0,2026-09-12 14:31:41
2026-09-12 14:24:41,DATA100,0221,Matthew Griffin,30,0,0,2026-09-12 14:31:41
2026-09-12 14:24:41,DATA100,0223,Matthew Griffin,32,0,0,2026-09-12 14:31:41
2026-09-12 14:24:41,DATA100,0224,Matthew Griffin,30,1,0,2026-09-12 14:31:41
2026-09-12 14:24:41,DATA100,0231,Matthew Griffin,33,2,0,2026-09-12 14:31:41
2026-09-12 14:24:41,DATA100,0311,Archana Khurana,35,6,0,2026-09-12 14:31:41
2026-09-12 14:24:41,DATA100,0312,Archana Khurana,35,1,0,2026-09-12 14:31:41
2026-09-12 14:24:41,DATA100,0321,Archana Khurana,35,0,0,2026-09-12 14:31:41
2026-09-12 14:24:41,DATA100,0322,Archana Khurana,35,1,0,2026-09-12 14:31:41
2026-09-12 14:24:41,DATA100,0323,Archana Khurana,35,0,0,2026-09-12 14:31:41
2026-09-12 14:24:41,DATA100,0341,Archana Khurana,35,5,0,2026-09-12 14:31:41
2026-09-12 14:24:41,DATA110,0101,Susan Mazzullo,250,24,0,2026-09-12 14:31:41
2026-09-12 14:24:41,DATA120,0101,Fardina Alam,200,0,0,2026-09-12 14:31:42
2026-09-12 14:24:41,DATA200,0101,Fardina Alam,90,32,0,2026-09-12 14:31:42
2026-09-12 14:24:41,DATA250,0101,Todd Rowland,43,6,0,2026-09-12 14:31:42
2026-09-12 14:24:41,DATA320,0101,Maksym Morawski,15,10,0,2026-09-12 14:31:43
2026-09-12 14:24:41,DATA320,0201,Maksym Morawski,20,9,0,2026-09-12 14:31:43
2026-09-12 14:24:41,DATA320,0301,Fardina Alam,20,1,0,2026-09-12 14:31:43
2026-09-12 14:24:41,DATA350,0101,Raluca Rosca,30,11,0,2026-09-12 14:31:43
2026-09-12 14:24:41,DATA350,0201,Jonathan Fernandes,34,4,0,2026-09-12 14:31:43
2026-09-12 14:24:41,DATA400,0111,Salman Safdar,27,1,0,2026-09-12 14:31:44
2026-09-12 14:24:41,DATA400,0112,Salman Safdar,30,1,0,2026-09-12 14:31:44
2026-09-12 14:24:41,DATA400,0121,Salman Safdar,27,2,0,2026-09-12 14:31:44
2026-09-12 14:24:41,DATA400,0122,Salman Safdar,27,4,0,2026-09-12 14:31:44
2026-09-12 14:24:41,DATA400,0131,Salman Safdar,27,3,0,2026-09-12 14:31:44
2026-09-12 14:24:41,DATA400,0132,Salman Safdar,27,8,0,2026-09-12 14:31:44
2026-09-12 14:24:41,DATA400,0211,Timothy Pilachowski,30,3,0,2026-09-12 14:31:44
2026-09-12 14:24:41,DATA400,0212,Timothy Pilachowski,30,4,0,2026-09-12 14:31:44
2026-09-12 14:24:41,DATA400,0221,Timothy Pilachowski,30,3,0,2026-09-12 14:31:44
2026-09-12 14:24:41,DATA400,0222,Timothy Pilachowski,30,0,0,2026-09-12 14:31:44
2026-09-12 14:24:41,DATA400,0231,Timothy Pilachowski,30,0,0,2026-09-12 14:31:44
2026-09-12 14:24:41,DATA400,0232,Timothy Pilachowski,30,3,0,2026-09-12 14:31:44
2026-09-12 14:24:41,DATA400,0311,Mestiyage Gunatilleka,32,0,1,2026-09-12 14:31:44
2026-09-12 14:24:41,DATA400,0312,Mestiyage Gunatilleka,30,0,2,2026-09-12 14:31:44
2026-09-12 14:24:41,DATA400,0321,Mestiyage Gunatilleka,32,0,1,2026-09-12 14:31:44
2026-09-12 14:24:41,DATA400,0322,Mestiyage Gunatilleka,30,0,1,2026-09-12 14:31:44
2026-09-12 14:24:41,DATA400,0331,Mestiyage Gunatilleka,32,0,1,2026-09-12 14:31:44
2026-09-12 14:24:41,DATA400,0332,Mestiyage Gunatilleka,30,0,1,2026-09-12 14:31:44
2026-09-12 14:24:41,DATA400,0511,Shixin Zheng,35,0,0,2026-09-12 14:31:44
2026-09-12 14:24:41,DATA400,0521,Shixin Zheng,35,0,0,2026-09-12 14:31:44
2026-09-12 14:24:41,DATA400,0531,Shixin Zheng,35,0,0,2026-09-12 14:31:44
2026-09-12 14:24:41,DATA601,PCS1,Sandra Cerrai,50,6,0,2026-09-12 14:31:44
2026-09-12 14:24:41,DATA601,PCS2,Jonathan Fernandes,60,20,0,2026-09-12 14:31:44
2026-09-12 14:24:41,DATA601,PWS1,Leonid Koralov,60,3,0,2026-09-12 14:31:44
2026-09-12 14:24:41,DATA602,PCS1,Sujeong Kim,44,4,0,2026-09-12 14:31:45
2026-09-12 14:24:41,DATA602,PCS2,Sujeong Kim,44,10,0,2026-09-12 14:31:45
2026-09-12 14:24:41,DATA602,PWS1,Fardina Alam,44,3,0,2026-09-12 14:31:45
2026-09-12 14:24:41,DATA603,PCS1,Babak Azimi-Sadjadi,55,14,0,2026-09-12 14:31:45
2026-09-12 14:24:41,DATA603,PWS1,Kemal Davaslioglu,55,18,0,2026-09-12 14:31:45
2026-09-12 14:24:41,DATA605,PCS1,Tammy Perrin,44,30,0,2026-09-12 14:31:45
2026-09-12 14:24:41,DATA605,PCS2,Tammy Perrin,44,21,0,2026-09-12 14:31:45
2026-09-12 14:24:41,DATA605,PWS1,Giacinto Paolo Saggese,44,35,0,2026-09-12 14:31:45
2026-09-12 14:24:41,DATA607,PCS1,Mestiyage Gunatilleka,44,29,0,2026-09-12 14:31:48
2026-09-12 14:24:41,DATA607,PCS2,Kendall Williams,55,0,1,2026-09-12 14:31:48
2026-09-12 14:24:41,DATA607,PCS3,Vincent Lyzinski,44,3,0,2026-09-12 14:31:48
2026-09-12 14:24:41,DATA612,PCS1,Samet Ayhan,50,23,0,2026-09-12 14:31:48
2026-09-12 14:24:41,DATA612,PWS1,Samet Ayhan,44,14,0,2026-09-12 14:31:49
2026-09-12 14:24:41,DATA641,PCS1,Toki Inan,50,19,0,2026-09-12 14:31:49
2026-09-12 14:24:41,DATA641,PWS1,Armin Mehrabian,50,0,0,2026-09-12 14:31:49
2026-09-12 14:24:41,DATA643,PCS1,Charles Forgy,50,30,0,2026-09-12 14:31:49
2026-09-12 14:24:41,DATA650,PCS1,Emre Gunduzhan,54,8,0,2026-09-12 14:31:50
2026-09-12 14:24:41,DATA650,PCS2,Emre Gunduzhan,54,9,0,2026-09-12 14:31:50
2026-09-12 14:24:41,ENAI600,0101,C Ravishankar,35,21,0,2026-09-12 14:32:29
2026-09-12 14:24:41,ENAI600,AEC1,C Ravishankar,20,5,0,2026-09-12 14:32:29
2026-09-12 14:24:41,ENAI601,0101,Richard La,35,22,0,2026-09-12 14:32:29
2026-09-12 14:24:41,ENAI601,AEC1,Richard La,20,8,0,2026-09-12 14:32:29
2026-09-12 14:24:41,ENAI607,0101,Zoltan Safar,29,24,0,2026-09-12 14:32:29
2026-09-12 14:24:41,ENAI607,AEC1,Zoltan Safar,20,9,0,2026-09-12 14:32:29
2026-09-12 14:24:41,ENBC301,ESG1,Sivan Saravanapavan,20,9,0,2026-09-12 14:32:31
2026-09-12 14:24:41,ENBC311,ESG1,Bahaa Ghammraoui,20,11,0,2026-09-12 14:32:32
2026-09-12 14:24:41,ENBC322,ESG1,Kyunghun Lee,20,11,0,2026-09-12 14:32:32
2026-09-12 14:24:41,ENBC331,ESG1,Lan Ma,20,10,0,2026-09-12 14:32:33
2026-09-12 14:24:41,ENBC332,ESG1,Jamasp Azarnoosh,20,11,0,2026-09-12 14:32:33
2026-09-12 14:24:41,ENBC341,ESG1,Jarred Callura,20,12,0,2026-09-12 14:32:33
2026-09-12 14:24:41,ENBC353,ESG1,Jarred Callura,20,15,0,2026-09-12 14:32:34
2026-09-12 14:24:41,ENBC423,ESG1,Jian Su,20,13,0,2026-09-12 14:32:35
2026-09-12 14:24:41,ENBC425,ESG1,Jamasp Azarnoosh,20,13,0,2026-09-12 14:32:35
2026-09-12 14:24:41,ENBC431,ESG1,Lan Ma,20,13,0,2026-09-12 14:32:35
2026-09-12 14:24:41,ENEB302,ESG1,Wesley Lawson,20,3,0,2026-09-12 14:32:54
2026-09-12 14:24:41,ENEB340,ESG1,Nestor Michael Tiglao,20,3,0,2026-09-12 14:32:55
2026-09-12 14:24:41,ENEB341,ESG1,Nestor Michael Tiglao,20,3,0,2026-09-12 14:32:55
2026-09-12 14:24:41,ENEB344,ESG1,Jerry Wu,20,3,0,2026-09-12 14:32:56
2026-09-12 14:24:41,ENEB346,ESG1,Nestor Michael Tiglao,20,13,0,2026-09-12 14:32:56
2026-09-12 14:24:41,ENEB354,ESG1,Yavuz Oruc,20,2,0,2026-09-12 14:32:57
2026-09-12 14:24:41,ENEB408A,ESG1,Nestor Michael Tiglao,20,13,0,2026-09-12 14:32:57
2026-09-12 14:24:41,ENEB444,ESG1,Manoj Franklin,20,13,0,2026-09-12 14:32:58
2026-09-12 14:24:41,ENEB454,ESG1,Jerry Wu,20,13,0,2026-09-12 14:32:58
2026-09-12 14:24:41,ENED036,0101,Hillary Owusu,20,5,0,2026-09-12 14:33:00
2026-09-12 14:24:41,ENED101,0101,Shannon Bate,20,0,0,2026-09-12 14:33:01
2026-09-12 14:24:41,ENED115,0101,Friedrich Alvarez,100,6,0,2026-09-12 14:33:01
2026-09-12 14:24:41,ENED215,0101,Tyler Huddleston,30,0,0,2026-09-12 14:33:02
2026-09-12 14:24:41,ENED215,0102,Samantha Sabihi,40,26,0,2026-09-12 14:33:02
2026-09-12 14:24:41,ENED215,0103,Paige Smith,6,0,0,2026-09-12 14:33:02
2026-09-12 14:24:41,ENED290H,0101,Christopher Troilo,46,1,0,2026-09-12 14:33:02
2026-09-12 14:24:41,ENED390H,0101,Tony Barber,50,13,0,2026-09-12 14:33:03
2026-09-12 14:24:41,ENED394H,0101,Manmohan Aseri,65,14,0,2026-09-12 14:33:03
2026-09-12 14:24:41,ENED397,0101,Emily Marks,9,0,0,2026-09-12 14:33:03
2026-09-12 14:24:41,ENED490H,0101,Maria Bardossy,45,1,0,2026-09-12 14:33:04
2026-09-12 14:24:41,ENED491,0101,Jessica Roffe,10,1,0,2026-09-12 14:33:04
2026-09-12 14:24:41,ENMT301,ESG1,Colleen Murray,15,8,0,2026-09-12 14:34:26
2026-09-12 14:24:41,ENMT322,ESG1,Norman Wereley,15,9,0,2026-09-12 14:34:26
2026-09-12 14:24:41,ENMT361,ESG1,Young Choi,15,8,0,2026-09-12 14:34:27
2026-09-12 14:24:41,ENMT380,ESG1,Gurtajbir Herr,15,8,0,2026-09-12 14:34:27
2026-09-12 14:24:41,ENMT450,ESG1,Nicholas Limparis,7,5,0,2026-09-12 14:34:28
2026-09-12 14:24:41,ENMT471,ESG1,Colleen Murray,7,5,0,2026-09-12 14:34:28
2026-09-12 14:24:41,ENMT473,ESG1,Gurtajbir Herr,7,4,0,2026-09-12 14:34:28
2026-09-12 14:24:41,ENMT483,ESG1,Nicholas Limparis,7,5,0,2026-09-12 14:34:29
2026-09-12 14:24:41,ENMT499,ESG4,Nicholas Limparis,2,1,0,2026-09-12 14:34:29
2026-09-12 14:24:41,ENSE621,0101,Tony Barber,22,16,0,2026-09-12 14:34:38
2026-09-12 14:24:41,ENSE621,SY01,Tony Barber,15,0,0,2026-09-12 14:34:38
2026-09-12 14:24:41,ENSE623,0101,Steven Biemer,17,14,0,2026-09-12 14:34:38
2026-09-12 14:24:41,ENSE623,SY01,Steven Biemer,15,11,0,2026-09-12 14:34:38
2026-09-12 14:24:41,ENSE626,0101,Dane Cooper,20,16,0,2026-09-12 14:34:39
2026-09-12 14:24:41,ENSE626,SY01,Dane Cooper,15,9,0,2026-09-12 14:34:39
2026-09-12 14:24:41,ENSP101,0101,Annette Spivy,25,0,0,2026-09-12 14:34:42
2026-09-12 14:24:41,ENSP101,0102,Annette Spivy,24,0,0,2026-09-12 14:34:42
2026-09-12 14:24:41,ENSP101,0103,Annette Spivy,24,2,0,2026-09-12 14:34:42
2026-09-12 14:24:41,ENSP101,0104,Annette Spivy,24,1,0,2026-09-12 14:34:42
2026-09-12 14:24:41,ENSP101,0105,Annette Spivy,25,1,0,2026-09-12 14:34:42
2026-09-12 14:24:41,ENSP101,0106,Annette Spivy,24,0,0,2026-09-12 14:34:42
2026-09-12 14:24:41,ENSP101,0107,Annette Spivy,24,0,0,2026-09-12 14:34:42
2026-09-12 14:24:41,ENSP101,FC01,Annette Spivy,32,1,0,2026-09-12 14:34:42
2026-09-12 14:24:41,ENSP305,0101,Annette Spivy,23,0,1,2026-09-12 14:34:42
2026-09-12 14:24:41,ENSP330,0101,Joanna Goger,35,0,0,2026-09-12 14:34:42
2026-09-12 14:24:41,ENSP340,0101,Caroline Boules,25,0,0,2026-09-12 14:34:43
2026-09-12 14:24:41,ENSP360,0101,Leena Malayil,25,0,4,2026-09-12 14:34:43
2026-09-12 14:24:41,ENSP399R,0601,Annette Spivy,10,10,0,2026-09-12 14:34:44
2026-09-12 14:24:41,ENSP399R,1001,Jennifer Mullinax,10,10,0,2026-09-12 14:34:44
2026-09-12 14:24:41,ENSP400,0101,Joanna Goger,35,13,0,2026-09-12 14:34:45
2026-09-12 14:24:41,ENSP400,0102,Joanna Goger,35,11,0,2026-09-12 14:34:45
2026-09-12 14:24:41,ENVH121,FC01,Brienna Anderson,20,12,0,2026-09-12 14:35:03
2026-09-12 14:24:41,ENVH381,0101,Donald Milton,30,10,0,2026-09-12 14:35:04
2026-09-12 14:24:41,FGSM310,0101,Peter Owen,24,1,0,2026-09-12 14:35:09
2026-09-12 14:24:41,FGSM315,0101,Emily Shetty,22,0,0,2026-09-12 14:35:09
2026-09-12 14:24:41,FGSM320,0101,Woodie Kessel,24,2,0,2026-09-12 14:35:10
2026-09-12 14:24:41,FGSM325,0101,Rob Long,20,1,0,2026-09-12 14:35:10
2026-09-12 14:24:41,FGSM330,0101,Andrew Fausett,22,2,0,2026-09-12 14:35:11
2026-09-12 14:24:41,FGSM340,0101,Ed Fendley,22,1,0,2026-09-12 14:35:11
2026-09-12 14:24:41,FGSM350,0101,Sean Misko,22,1,0,2026-09-12 14:35:11
2026-09-12 14:24:41,FGSM355,0101,Amanda Schoch,20,0,0,2026-09-12 14:35:12
2026-09-12 14:24:41,FGSM360,0101,Nadia Farra,21,0,0,2026-09-12 14:35:12
2026-09-12 14:24:41,FGSM365,0101,Andrew Nissen,20,2,0,2026-09-12 14:35:13
2026-09-12 14:24:41,FGSM370,0101,Joshua Glasser,20,0,0,2026-09-12 14:35:13
2026-09-12 14:24:41,FGSM390,0101,Sasha Koo-Oshima,20,3,0,2026-09-12 14:35:14
2026-09-12 14:24:41,FGSM398,0101,Jayakumar Arasan,25,21,0,2026-09-12 14:35:14
2026-09-12 14:24:41,FGSM398,0201,Jayakumar Arasan,5,2,0,2026-09-12 14:35:14
2026-09-12 14:24:41,FIRE120,0101,Jessica O'Hara,36,0,0,2026-09-12 14:35:16
2026-09-12 14:24:41,FIRE120,0102,Shannon Hilton,36,7,0,2026-09-12 14:35:16
2026-09-12 14:24:41,FIRE120,0103,Jaclyn Bruner,36,2,0,2026-09-12 14:35:16
2026-09-12 14:24:41,FIRE120,0104,Danielle Niu,36,0,0,2026-09-12 14:35:16
2026-09-12 14:24:41,FIRE120,0105,Cherisse Hall,36,0,0,2026-09-12 14:35:16
2026-09-12 14:24:41,FIRE120,0106,Sara Strey,36,0,0,2026-09-12 14:35:16
2026-09-12 14:24:41,FIRE120,0107,Helene Nguemgaing,36,1,0,2026-09-12 14:35:16
2026-09-12 14:24:41,FIRE120,0108,Mary Chey,36,0,0,2026-09-12 14:35:16
2026-09-12 14:24:41,FIRE120,0109,Shannon Hilton,36,0,0,2026-09-12 14:35:16
2026-09-12 14:24:41,FIRE120,0110,Lena Johnson,36,0,0,2026-09-12 14:35:16
2026-09-12 14:24:41,FIRE120,0111,Benjamin Huffman,36,0,0,2026-09-12 14:35:16
2026-09-12 14:24:41,FIRE120,0112,Mary Chey,36,1,0,2026-09-12 14:35:16
2026-09-12 14:24:41,FIRE120,0113,Elizabeth Massey,36,8,0,2026-09-12 14:35:16
2026-09-12 14:24:41,FIRE120,0114,Benjamin Huffman,36,0,0,2026-09-12 14:35:16
2026-09-12 14:24:41,FIRE120,FC01,Danielle Niu,40,0,7,2026-09-12 14:35:16
2026-09-12 14:24:41,FIRE298,0101,Catherine Spirito,28,3,0,2026-09-12 14:35:16
2026-09-12 14:24:41,FIRE298,0103,Cherisse Hall,36,7,0,2026-09-12 14:35:16
2026-09-12 14:24:41,FIRE298,0104,Jessica O'Hara,36,4,0,2026-09-12 14:35:16
2026-09-12 14:24:41,FIRE298,0105,Kaylee Bloom,36,7,0,2026-09-12 14:35:16
2026-09-12 14:24:41,FIRE298,0106,Danielle Niu,36,16,0,2026-09-12 14:35:16
2026-09-12 14:24:41,FIRE298,0107,Benjamin Huffman,40,1,0,2026-09-12 14:35:16
2026-09-12 14:24:41,FIRE298,0108,Elizabeth Massey,40,14,0,2026-09-12 14:35:16
2026-09-12 14:24:41,FIRE298,0109,Shannon Hilton,40,6,0,2026-09-12 14:35:16
2026-09-12 14:24:41,FIRE298,0110,Jaclyn Bruner,40,19,0,2026-09-12 14:35:16
2026-09-12 14:24:41,FIRE298,0111,Mary Chey,36,4,0,2026-09-12 14:35:16
2026-09-12 14:24:41,FIRE298,0112,Helene Nguemgaing,40,16,0,2026-09-12 14:35:16
2026-09-12 14:24:41,FIRE298,0113,Kristina Kramarczuk,40,11,0,2026-09-12 14:35:16
2026-09-12 14:24:41,FIRE298,0114,Shabnam Jabeen,40,22,0,2026-09-12 14:35:16
2026-09-12 14:24:41,FIRE298,0115,Sara Strey,40,14,0,2026-09-12 14:35:16
2026-09-12 14:24:41,FIRE298,0116,Lena Johnson,40,6,0,2026-09-12 14:35:16
2026-09-12 14:24:41,FIRE398,0101,Catherine Spirito,15,2,0,2026-09-12 14:35:17
2026-09-12 14:24:41,FIRE398,0103,Cherisse Hall,15,5,0,2026-09-12 14:35:17
2026-09-12 14:24:41,FIRE398,0104,Jessica O'Hara,15,1,0,2026-09-12 14:35:17
2026-09-12 14:24:41,FIRE398,0105,Kaylee Bloom,15,2,0,2026-09-12 14:35:17
2026-09-12 14:24:41,FIRE398,0106,Danielle Niu,15,10,0,2026-09-12 14:35:17
2026-09-12 14:24:41,FIRE398,0107,Benjamin Huffman,15,3,0,2026-09-12 14:35:17
2026-09-12 14:24:41,FIRE398,0108,Elizabeth Massey,15,6,0,2026-09-12 14:35:17
2026-09-12 14:24:41,FIRE398,0109,Shannon Hilton,15,6,0,2026-09-12 14:35:17
2026-09-12 14:24:41,FIRE398,0110,Jaclyn Bruner,15,9,0,2026-09-12 14:35:17
2026-09-12 14:24:41,FIRE398,0111,Mary Chey,15,3,0,2026-09-12 14:35:17
2026-09-12 14:24:41,FIRE398,0112,Helene Nguemgaing,15,15,0,2026-09-12 14:35:17
2026-09-12 14:24:41,FIRE398,0113,Kristina Kramarczuk,15,8,0,2026-09-12 14:35:17
2026-09-12 14:24:41,FIRE398,0114,Shabnam Jabeen,15,15,0,2026-09-12 14:35:17
2026-09-12 14:24:41,FIRE398,0115,Sara Strey,15,14,0,2026-09-12 14:35:17
2026-09-12 14:24:41,FIRE398,0116,Lena Johnson,15,11,0,2026-09-12 14:35:17
2026-09-12 14:24:41,GBHL200,0101,Hassanatu Blake,30,0,0,2026-09-12 14:35:39
2026-09-12 14:24:41,GBHL200,FC01,Zandra Andre,25,3,0,2026-09-12 14:35:39
2026-09-12 14:24:41,GBHL210,0101,Leena Malayil,25,8,0,2026-09-12 14:35:39
2026-09-12 14:24:41,GEMS101,0101,Allison Lansverk,10,1,0,2026-09-12 14:35:42
2026-09-12 14:24:41,GEMS101,0103,Allison Lansverk,10,0,0,2026-09-12 14:35:42
2026-09-12 14:24:41,GEMS101,0104,Allison Lansverk,10,0,0,2026-09-12 14:35:42
2026-09-12 14:24:41,GEMS101,0105,Allison Lansverk,10,0,0,2026-09-12 14:35:42
2026-09-12 14:24:41,GEMS101,0106,Allison Lansverk,10,0,0,2026-09-12 14:35:42
2026-09-12 14:24:41,GEMS101,0107,Allison Lansverk,10,0,0,2026-09-12 14:35:42
2026-09-12 14:24:41,GEMS101,0109,Allison Lansverk,10,0,0,2026-09-12 14:35:42
2026-09-12 14:24:41,GEMS101,0111,Allison Lansverk,10,0,0,2026-09-12 14:35:42
2026-09-12 14:24:41,GEMS101,0113,Allison Lansverk,10,0,0,2026-09-12 14:35:42
2026-09-12 14:24:41,GEMS101,0114,Allison Lansverk,10,0,0,2026-09-12 14:35:42
2026-09-12 14:24:41,GEMS202,0101,David Lovell,168,43,0,2026-09-12 14:35:43
2026-09-12 14:24:41,GEMS208A,0101,Allison Lansverk,14,14,0,2026-09-12 14:35:43
2026-09-12 14:24:41,GEMS208B,0101,Allison Lansverk,14,14,0,2026-09-12 14:35:44
2026-09-12 14:24:41,GEMS208C,0101,Allison Lansverk,23,10,0,2026-09-12 14:35:44
2026-09-12 14:24:41,GEMS208D,0101,Allison Lansverk,10,9,0,2026-09-12 14:35:44
2026-09-12 14:24:41,GEMS208P,0101,Allison Lansverk,20,6,0,2026-09-12 14:35:45
2026-09-12 14:24:41,GEMS296,0101,Sehrish Shikarpurya,14,6,0,2026-09-12 14:35:45
2026-09-12 14:24:41,GEMS296,0102,David Lovell,14,1,0,2026-09-12 14:35:45
2026-09-12 14:24:41,GEMS296,0103,Myles Poulin,14,1,0,2026-09-12 14:35:45
2026-09-12 14:24:41,GEMS296,0104,Raymond Adomaitis,14,3,0,2026-09-12 14:35:45
2026-09-12 14:24:41,GEMS296,0105,Rodolphe Gentili,14,4,0,2026-09-12 14:35:45
2026-09-12 14:24:41,GEMS296,0106,Jared Grauer,14,6,0,2026-09-12 14:35:45
2026-09-12 14:24:41,GEMS296,0107,Fengfeng Ke,14,4,0,2026-09-12 14:35:45
2026-09-12 14:24:41,GEMS296,0108,Eric Silk,14,4,0,2026-09-12 14:35:45
2026-09-12 14:24:41,GEMS296,0109,Huang Chiao Huang,14,1,0,2026-09-12 14:35:45
2026-09-12 14:24:41,GEMS296,0110,Mengqiang Zhu,14,6,0,2026-09-12 14:35:45
2026-09-12 14:24:41,GEMS296,0111,Maria Molina,14,6,0,2026-09-12 14:35:45
2026-09-12 14:24:41,GEMS296,0112,Erin Tran,14,1,0,2026-09-12 14:35:45
2026-09-12 14:24:41,GEMS296,0113,Instructor: TBA,5,5,0,2026-09-12 14:35:45
2026-09-12 14:24:41,GEMS296,0114,Instructor: TBA,14,14,0,2026-09-12 14:35:45
2026-09-12 14:24:41,GEMS296,0115,David Lovell,5,5,0,2026-09-12 14:35:45
2026-09-12 14:24:41,GEMS297,0113,Instructor: TBA,5,5,0,2026-09-12 14:35:46
2026-09-12 14:24:41,GEMS396,0101,Michael Humber,14,7,0,2026-09-12 14:35:46
2026-09-12 14:24:41,GEMS396,0102,Seth Dickey,14,2,0,2026-09-12 14:35:46
2026-09-12 14:24:41,GEMS396,0103,Cecilia Huertas Cerdeira,14,7,0,2026-09-12 14:35:46
2026-09-12 14:24:41,GEMS396,0104,Rodolphe Gentili,14,2,0,2026-09-12 14:35:46
2026-09-12 14:24:41,GEMS396,0105,Allison Reilly,14,5,0,2026-09-12 14:35:46
2026-09-12 14:24:41,GEMS396,0106,Peter Sunderland,14,5,0,2026-09-12 14:35:46
2026-09-12 14:24:41,GEMS396,0107,Brett Lacey,14,8,0,2026-09-12 14:35:46
2026-09-12 14:24:41,GEMS396,0108,Natalia Buzulukova,14,4,0,2026-09-12 14:35:46
2026-09-12 14:24:41,GEMS396,0109,Anil Deane,14,4,0,2026-09-12 14:35:46
2026-09-12 14:24:41,GEMS396,0110,Colenso Speer,14,3,0,2026-09-12 14:35:46
2026-09-12 14:24:41,GEMS396,0111,Instructor: TBA,14,14,0,2026-09-12 14:35:46
2026-09-12 14:24:41,GEMS396,0112,Instructor: TBA,14,14,0,2026-09-12 14:35:46
2026-09-12 14:24:41,GEMS396,0113,David Lovell,5,5,0,2026-09-12 14:35:46
2026-09-12 14:24:41,GEMS396,0114,David Lovell,5,5,0,2026-09-12 14:35:46
2026-09-12 14:24:41,GEMS397,0113,David Lovell,5,4,0,2026-09-12 14:35:47
2026-09-12 14:24:41,GEMS496,0101,Eric Haag,14,8,0,2026-09-12 14:35:47
2026-09-12 14:24:41,GEMS496,0102,Mohammad Nayeem Teli,14,10,0,2026-09-12 14:35:47
2026-09-12 14:24:41,GEMS496,0103,Norberto Gonzalez- Juarbe,14,4,0,2026-09-12 14:35:47
2026-09-12 14:24:41,GEMS496,0104,Abhinav Shrivastava,14,6,0,2026-09-12 14:35:47
2026-09-12 14:24:41,GEMS496,0105,Hector Alcala,14,4,0,2026-09-12 14:35:47
2026-09-12 14:24:41,GEMS496,0106,Massimo Ricotti,14,4,0,2026-09-12 14:35:47
2026-09-12 14:24:41,GEMS496,0107,Reza Ghodssi,14,7,0,2026-09-12 14:35:47
2026-09-12 14:24:41,GEMS496,0108,Nikhil Chopra,14,8,0,2026-09-12 14:35:47
2026-09-12 14:24:41,GEMS496,0109,Kimberly Stroka,14,4,0,2026-09-12 14:35:47
2026-09-12 14:24:41,GEMS496,0110,Gorjan Alagic,14,13,0,2026-09-12 14:35:47
2026-09-12 14:24:41,GEMS496,0111,Alisa Clyne,14,6,0,2026-09-12 14:35:47
2026-09-12 14:24:41,GEMS496,0112,Xin Zan,14,10,0,2026-09-12 14:35:47
2026-09-12 14:24:41,GEMS496,0113,Erin Tran,14,14,0,2026-09-12 14:35:47
2026-09-12 14:24:41,GEMS496,0114,David Lovell,5,5,0,2026-09-12 14:35:47
2026-09-12 14:24:41,GEMS497,0107,Instructor: TBA,14,14,0,2026-09-12 14:35:48
2026-09-12 14:24:41,GEMS497,0110,Instructor: TBA,5,5,0,2026-09-12 14:35:48
2026-09-12 14:24:41,GEMS497,0113,David Lovell,5,5,0,2026-09-12 14:35:48
2026-09-12 14:24:41,GFPL100,0101,Joshua Itzkowitz Shifrinson,20,1,0,2026-09-12 14:36:16
2026-09-12 14:24:41,GFPL100,0102,Joshua Itzkowitz Shifrinson,20,1,0,2026-09-12 14:36:16
2026-09-12 14:24:41,GFPL100,0103,Joshua Itzkowitz Shifrinson,20,1,0,2026-09-12 14:36:16
2026-09-12 14:24:41,GFPL100,0104,Joshua Itzkowitz Shifrinson,20,0,0,2026-09-12 14:36:16
2026-09-12 14:24:41,GFPL100,0105,Joshua Itzkowitz Shifrinson,20,2,0,2026-09-12 14:36:16
2026-09-12 14:24:41,GFPL100,0106,Joshua Itzkowitz Shifrinson,25,2,0,2026-09-12 14:36:16
2026-09-12 14:24:41,GFPL100,FC01,Devin Entrikin,30,0,0,2026-09-12 14:36:16
2026-09-12 14:24:41,GFPL102,0101,Caroline Ritter,95,32,0,2026-09-12 14:36:17
2026-09-12 14:24:41,GFPL371,0101,Joshua Itzkowitz Shifrinson,35,0,0,2026-09-12 14:36:17
2026-09-12 14:24:41,GFPL388A,0101,Shannon Carcelli,5,5,0,2026-09-12 14:36:18
2026-09-12 14:24:41,GFPL388B,0101,Hyunki Kim,5,5,0,2026-09-12 14:36:18
2026-09-12 14:24:41,GFPL388C,0101,Scott Kastner,5,0,0,2026-09-12 14:36:19
2026-09-12 14:24:41,GFPL390,0101,Lena Andrews,20,0,0,2026-09-12 14:36:19
2026-09-12 14:24:41,GFPL490,0101,Michael Woldemariam,15,2,0,2026-09-12 14:36:19
2026-09-12 14:24:41,GFPL492,0101,Steve Fetter,20,1,0,2026-09-12 14:36:20
2026-09-12 14:24:41,GLBC200,0101,Chris Lewis,30,4,0,2026-09-12 14:36:22
2026-09-12 14:24:41,GLBC350,0101,Michele Mason,30,27,0,2026-09-12 14:36:22
2026-09-12 14:24:41,HACS100,0101,Cassie Harrington,40,2,0,2026-09-12 14:36:39
2026-09-12 14:24:41,HACS100,0201,Cassie Harrington,40,14,0,2026-09-12 14:36:39
2026-09-12 14:24:41,HACS200,0101,Michel Cukier,34,10,0,2026-09-12 14:36:39
2026-09-12 14:24:41,HACS200,0201,Michel Cukier,34,1,0,2026-09-12 14:36:39
2026-09-12 14:24:41,HACS202,0101,Bertrand Sobesto,52,19,0,2026-09-12 14:36:40
2026-09-12 14:24:41,HACS208A,0101,Lawrence Gordon,20,0,2,2026-09-12 14:36:40
2026-09-12 14:24:41,HACS208C,0101,Lamia Zia,26,9,0,2026-09-12 14:36:41
2026-09-12 14:24:41,HACS208P,0101,Charles Harry,26,0,0,2026-09-12 14:36:41
2026-09-12 14:24:41,HACS297,0101,Sarah Herberger,25,5,0,2026-09-12 14:36:42
2026-09-12 14:24:41,HACS408E,0101,Luke Mains,30,11,0,2026-09-12 14:36:43
2026-09-12 14:24:41,HACS408L,0101,Ian Serbin,30,2,0,2026-09-12 14:36:43
2026-09-12 14:24:41,HACS408M,0101,John McGahagan,30,0,0,2026-09-12 14:36:44
2026-09-12 14:24:41,HACS498,0101,Thomas Woods,7,1,0,2026-09-12 14:36:45
2026-09-12 14:24:41,HACS498,0201,David Trott,9,0,0,2026-09-12 14:36:45
2026-09-12 14:24:41,HACS498,0301,Michel Cukier,8,0,0,2026-09-12 14:36:45
2026-09-12 14:24:41,HBUS100,0101,Jui Ramaprasad,72,4,0,2026-09-12 14:36:47
2026-09-12 14:24:41,HBUS200,0101,Nicole Coomber,60,1,0,2026-09-12 14:36:47
2026-09-12 14:24:41,HDCC105,0101,Antwon Key,70,7,0,2026-09-12 14:36:49
2026-09-12 14:24:41,HDCC201,0101,Jessica Lu,22,0,0,2026-09-12 14:36:49
2026-09-12 14:24:41,HDCC201,0201,Jessica Lu,22,0,0,2026-09-12 14:36:49
2026-09-12 14:24:41,HDCC201,0301,Jessica Lu,22,3,0,2026-09-12 14:36:49
2026-09-12 14:24:41,HDCC208A,0101,William Evans,14,0,0,2026-09-12 14:36:50
2026-09-12 14:24:41,HDCC208J,0101,Grant Bollmer,14,0,0,2026-09-12 14:36:50
2026-09-12 14:24:41,HDCC208P,0101,Cliff Bakalian,14,1,0,2026-09-12 14:36:50
2026-09-12 14:24:41,HDCC208T,0101,Jonathan Reyes,14,0,0,2026-09-12 14:36:51
2026-09-12 14:24:41,HDCC208Z,0101,M Sauter,14,7,0,2026-09-12 14:36:51
2026-09-12 14:24:41,HEBR106,0101,Avital Karpman,15,1,0,2026-09-12 14:36:53
2026-09-12 14:24:41,HEBR106,0201,Avital Karpman,15,5,0,2026-09-12 14:36:53
2026-09-12 14:24:41,HEBR206,0101,Avital Karpman,15,4,0,2026-09-12 14:36:54
2026-09-12 14:24:41,HEBR249C,0101,Aliza Sandalon,15,0,1,2026-09-12 14:36:54
2026-09-12 14:24:41,HEBR298B,0101,Matthew Suriano,25,0,0,2026-09-12 14:36:55
2026-09-12 14:24:41,HEBR313,0101,Aliza Sandalon,20,0,2,2026-09-12 14:36:55
2026-09-12 14:24:41,HGLO100,0101,Alfredo Oliveira,22,7,0,2026-09-12 14:37:15
2026-09-12 14:24:41,HGLO100,0102,Natalie Vinski Ibrahim,22,9,0,2026-09-12 14:37:15
2026-09-12 14:24:41,HGLO100,0103,Natalie Vinski Ibrahim,22,1,0,2026-09-12 14:37:15
2026-09-12 14:24:41,HGLO100,0104,Alfredo Oliveira,22,11,0,2026-09-12 14:37:15
2026-09-12 14:24:41,HGLO101,0101,Sarah Croco,23,3,0,2026-09-12 14:37:15
2026-09-12 14:24:41,HGLO101,0102,Sarah Croco,22,9,0,2026-09-12 14:37:15
2026-09-12 14:24:41,HGLO101,0103,Sarah Croco,22,5,0,2026-09-12 14:37:15
2026-09-12 14:24:41,HGLO101,0104,Sarah Croco,22,13,0,2026-09-12 14:37:15
2026-09-12 14:24:41,HGLO207,0101,Natalie Vinski Ibrahim,25,12,0,2026-09-12 14:37:16
2026-09-12 14:24:41,HGLO208,0101,Sarah Croco,45,25,0,2026-09-12 14:37:16
2026-09-12 14:24:41,HGLO298,0101,Jordan Gouws-Dewar,30,25,0,2026-09-12 14:37:17
2026-09-12 14:24:41,HLSC100,0101,Jalah Townsend,24,3,0,2026-09-12 14:38:02
2026-09-12 14:24:41,HLSC100,0102,Jalah Townsend,24,2,0,2026-09-12 14:38:02
2026-09-12 14:24:41,HLSC100,0103,Jalah Townsend,24,4,0,2026-09-12 14:38:02
2026-09-12 14:24:41,HLSC100,0104,Jalah Townsend,24,7,0,2026-09-12 14:38:02
2026-09-12 14:24:41,HLSC280,0101,Najib El-Sayed,25,3,0,2026-09-12 14:38:03
2026-09-12 14:24:41,HLSC280,0102,Najib El-Sayed,25,4,0,2026-09-12 14:38:03
2026-09-12 14:24:41,HLSC280,0103,Najib El-Sayed,25,4,0,2026-09-12 14:38:03
2026-09-12 14:24:41,HLSC280,0104,Najib El-Sayed,25,9,0,2026-09-12 14:38:03
2026-09-12 14:24:41,HLSC329,0101,Sabrina Kramer,12,4,0,2026-09-12 14:38:03
2026-09-12 14:24:41,HNUH100,0101,Robert Graham,20,3,0,2026-09-12 14:38:22
2026-09-12 14:24:41,HNUH100,0102,Robert Graham,20,0,0,2026-09-12 14:38:22
2026-09-12 14:24:41,HNUH100,0103,Brittany Proudfoot Ginder,20,1,0,2026-09-12 14:38:22
2026-09-12 14:24:41,HNUH100,0104,Max Barnewitz,20,1,0,2026-09-12 14:38:22
2026-09-12 14:24:41,HNUH100,0105,Vasfiye Toprak,20,0,0,2026-09-12 14:38:22
2026-09-12 14:24:41,HNUH100,0106,Vasfiye Toprak,20,2,0,2026-09-12 14:38:22
2026-09-12 14:24:41,HNUH100,0201,Max Barnewitz,20,1,0,2026-09-12 14:38:22
2026-09-12 14:24:41,HNUH100,0202,Max Barnewitz,20,0,0,2026-09-12 14:38:22
2026-09-12 14:24:41,HNUH100,0203,Vasfiye Toprak,20,2,0,2026-09-12 14:38:22
2026-09-12 14:24:41,HNUH100,0204,Vasfiye Toprak,20,0,0,2026-09-12 14:38:22
2026-09-12 14:24:41,HNUH100,0205,Ayondela McDole,20,4,0,2026-09-12 14:38:22
2026-09-12 14:24:41,HNUH100,0206,Ayondela McDole,20,0,0,2026-09-12 14:38:22
2026-09-12 14:24:41,HNUH100,0301,Robert Graham,20,0,0,2026-09-12 14:38:22
2026-09-12 14:24:41,HNUH100,0302,Shauna Rigaud,20,8,0,2026-09-12 14:38:22
2026-09-12 14:24:41,HNUH100,0303,Shauna Rigaud,20,0,0,2026-09-12 14:38:22
2026-09-12 14:24:41,HNUH100,0304,Max Barnewitz,20,3,0,2026-09-12 14:38:22
2026-09-12 14:24:41,HNUH100,0305,Vasfiye Toprak,20,0,0,2026-09-12 14:38:22
2026-09-12 14:24:41,HNUH100,0306,Vasfiye Toprak,20,1,0,2026-09-12 14:38:22
2026-09-12 14:24:41,HNUH100,0401,Gretchen Bella,20,0,0,2026-09-12 14:38:22
2026-09-12 14:24:41,HNUH100,0402,Gretchen Bella,20,6,0,2026-09-12 14:38:22
2026-09-12 14:24:41,HNUH100,0403,Max Barnewitz,20,1,0,2026-09-12 14:38:22
2026-09-12 14:24:41,HNUH100,0404,Ayondela McDole,20,6,0,2026-09-12 14:38:22
2026-09-12 14:24:41,HNUH100,0405,Ayondela McDole,20,0,0,2026-09-12 14:38:22
2026-09-12 14:24:41,HNUH100,0406,Ayondela McDole,20,4,0,2026-09-12 14:38:22
2026-09-12 14:24:41,HNUH100,0501,Leigha McReynolds,10,4,0,2026-09-12 14:38:22
2026-09-12 14:24:41,HNUH100,0601,Brittany Proudfoot Ginder,20,0,0,2026-09-12 14:38:22
2026-09-12 14:24:41,HNUH218D,0101,Brian Gilmore,48,0,2,2026-09-12 14:38:23
2026-09-12 14:24:41,HNUH218L,0101,Shauna Rigaud,20,0,0,2026-09-12 14:38:23
2026-09-12 14:24:41,HNUH218L,0201,Shauna Rigaud,20,0,0,2026-09-12 14:38:23
2026-09-12 14:24:41,HNUH228D,0101,Matthew McLaughlin,60,2,0,2026-09-12 14:38:23
2026-09-12 14:24:41,HNUH228L,0101,Alena Wigodner,20,0,0,2026-09-12 14:38:24
2026-09-12 14:24:41,HNUH228L,0201,Alena Wigodner,20,0,0,2026-09-12 14:38:24
2026-09-12 14:24:41,HNUH228N,0101,Peter Grybauskas,20,0,0,2026-09-12 14:38:24
2026-09-12 14:24:41,HNUH229I,0101,Gretchen Bella,23,3,0,2026-09-12 14:38:25
2026-09-12 14:24:41,HNUH238D,0101,Susan Moeller,60,3,0,2026-09-12 14:38:25
2026-09-12 14:24:41,HNUH238L,0101,Kimberly Johnson,20,2,0,2026-09-12 14:38:25
2026-09-12 14:24:41,HNUH238L,0201,Kimberly Johnson,20,0,0,2026-09-12 14:38:25
2026-09-12 14:24:41,HNUH238N,0101,Hannah Wegmann,20,6,0,2026-09-12 14:38:26
2026-09-12 14:24:41,HNUH239T,0101,Gerald Suarez,20,0,0,2026-09-12 14:38:26
2026-09-12 14:24:41,HNUH248D,0101,Juan Uriagereka,45,3,0,2026-09-12 14:38:27
2026-09-12 14:24:41,HNUH248L,0201,Robert Graham,20,5,0,2026-09-12 14:38:27
2026-09-12 14:24:41,HNUH248M,0101,Hassanatu Blake,20,13,0,2026-09-12 14:38:27
2026-09-12 14:24:41,HNUH248N,0101,Siv Lie,20,0,1,2026-09-12 14:38:28
2026-09-12 14:24:41,HNUH249P,0101,Temim Nusraty,20,2,0,2026-09-12 14:38:28
2026-09-12 14:24:41,HNUH258C,0101,Bill Fagan,55,26,0,2026-09-12 14:38:29
2026-09-12 14:24:41,HNUH258Q,0101,Tiara Thomas,20,1,0,2026-09-12 14:38:29
2026-09-12 14:24:41,HNUH259P,0101,Hooman Koliji,20,2,0,2026-09-12 14:38:30
2026-09-12 14:24:41,HNUH268C,0101,Perla Guerrero,60,35,0,2026-09-12 14:38:30
2026-09-12 14:24:41,HNUH269P,0101,Marisa Franco,20,0,1,2026-09-12 14:38:30
2026-09-12 14:24:41,HNUH278C,0101,Chinyere Osuji,60,37,0,2026-09-12 14:38:31
2026-09-12 14:24:41,HNUH278I,0101,Marisa Franco,20,5,0,2026-09-12 14:38:31
2026-09-12 14:24:41,HNUH278I,0102,Marisa Franco,20,1,0,2026-09-12 14:38:31
2026-09-12 14:24:41,HNUH278R,0101,Max Barnewitz,20,4,0,2026-09-12 14:38:32
2026-09-12 14:24:41,HNUH288C,0101,Julia Steinberg,30,3,0,2026-09-12 14:38:32
2026-09-12 14:24:41,HNUH288C,0103,Julia Steinberg,30,9,0,2026-09-12 14:38:32
2026-09-12 14:24:41,HNUH288O,0101,Ariana Nash,20,1,0,2026-09-12 14:38:33
2026-09-12 14:24:41,HNUH300,0301,Vasfiye Toprak,20,0,0,2026-09-12 14:38:33
2026-09-12 14:24:41,HNUH300,0401,Robert Graham,20,0,0,2026-09-12 14:38:33
2026-09-12 14:24:41,HNUH300,0601,Alena Wigodner,20,0,0,2026-09-12 14:38:33
2026-09-12 14:24:41,HNUH300,0701,Ingrid Satelmajer,20,14,0,2026-09-12 14:38:33
2026-09-12 14:24:41,HNUH300,0801,Shauna Rigaud,20,0,0,2026-09-12 14:38:33
2026-09-12 14:24:41,HNUH300,0901,Kimberly Johnson,20,4,0,2026-09-12 14:38:33
2026-09-12 14:24:41,HNUH300,1001,Ingrid Satelmajer,20,13,0,2026-09-12 14:38:33
2026-09-12 14:24:41,HNUH318T,0101,Peter Owen,24,1,0,2026-09-12 14:38:33
2026-09-12 14:24:41,HNUH319T,0101,Emily Shetty,22,0,0,2026-09-12 14:38:34
2026-09-12 14:24:41,HNUH328T,0101,Woodie Kessel,24,2,0,2026-09-12 14:38:34
2026-09-12 14:24:41,HNUH329T,0101,Rob Long,20,1,0,2026-09-12 14:38:35
2026-09-12 14:24:41,HNUH338T,0101,Andrew Fausett,22,2,0,2026-09-12 14:38:35
2026-09-12 14:24:41,HNUH348T,0101,Ed Fendley,22,1,0,2026-09-12 14:38:35
2026-09-12 14:24:41,HNUH358T,0101,Sean Misko,22,1,0,2026-09-12 14:38:36
2026-09-12 14:24:41,HNUH359T,0101,Amanda Schoch,20,0,0,2026-09-12 14:38:36
2026-09-12 14:24:41,HNUH368T,0101,Nadia Farra,21,0,0,2026-09-12 14:38:37
2026-09-12 14:24:41,HNUH369T,0101,Andrew Nissen,20,2,0,2026-09-12 14:38:37
2026-09-12 14:24:41,HNUH378T,0101,Joshua Glasser,20,0,0,2026-09-12 14:38:38
2026-09-12 14:24:41,HNUH398P,0101,Jayakumar Arasan,25,21,0,2026-09-12 14:38:38
2026-09-12 14:24:41,HNUH398P,0201,Jayakumar Arasan,5,2,0,2026-09-12 14:38:38
2026-09-12 14:24:41,HNUH398T,0101,Sasha Koo-Oshima,20,3,0,2026-09-12 14:38:38
2026-09-12 14:24:41,HONR368A,0101,Blake Wilder,22,0,0,2026-09-12 14:38:40
2026-09-12 14:24:41,IMDM101,0101,Mollye Bendell,30,16,0,2026-09-12 14:38:46
2026-09-12 14:24:41,IMDM101,0201,Myungin Lee,30,17,0,2026-09-12 14:38:46
2026-09-12 14:24:41,IMDM101,0301,Myungin Lee,30,23,0,2026-09-12 14:38:46
2026-09-12 14:24:41,IMDM127,0101,Roger Eastman,36,20,0,2026-09-12 14:38:46
2026-09-12 14:24:41,IMDM150,0101,Stefano Passeri,30,15,0,2026-09-12 14:38:47
2026-09-12 14:24:41,IMDM227,0101,Stevens Miller,30,2,0,2026-09-12 14:38:47
2026-09-12 14:24:41,IMDM227,0201,Stevens Miller,30,17,0,2026-09-12 14:38:47
2026-09-12 14:24:41,IMDM327,0101,Myungin Lee,25,0,0,2026-09-12 14:38:48
2026-09-12 14:24:41,IMDM350,0101,Jason Farman,29,12,0,2026-09-12 14:38:48
2026-09-12 14:24:41,IMDM490,0101,Matthew Nolan,30,0,0,2026-09-12 14:38:49
2026-09-12 14:24:41,IMDM490,0201,Matthew Nolan,30,16,0,2026-09-12 14:38:49
2026-09-12 14:24:41,IMDM498K,0101,Matthew Nolan,15,1,0,2026-09-12 14:38:49
2026-09-12 14:24:41,IMMR319D,0101,Beka Guluma,20,13,0,2026-09-12 14:38:51
2026-09-12 14:24:41,IMMR394,0101,Wenxi Yang,30,2,0,2026-09-12 14:38:52
2026-09-12 14:24:41,IMMR399,0101,Instructor: TBA,2,2,0,2026-09-12 14:38:52
2026-09-12 14:24:41,IMMR400,0101,Gerson Rosales,20,3,0,2026-09-12 14:38:53
2026-09-12 14:24:41,ISRL249J,0101,Aner Tal,30,24,0,2026-09-12 14:39:09
2026-09-12 14:24:41,ISRL249M,0101,Aliza Sandalon,15,0,1,2026-09-12 14:39:09
2026-09-12 14:24:41,ISRL283,0101,Shay Hazkani,35,6,0,2026-09-12 14:39:09
2026-09-12 14:24:41,ISRL349G,0101,Marwa Maziad,30,1,0,2026-09-12 14:39:10
2026-09-12 14:24:41,ISRL349K,0101,Regev Ben-David,30,24,0,2026-09-12 14:39:10
2026-09-12 14:24:41,ISRL349T,0101,Elli Lieberman,35,22,0,2026-09-12 14:39:11
2026-09-12 14:24:41,ISRL349Y,0101,Adina Friedman,35,27,0,2026-09-12 14:39:11
2026-09-12 14:24:41,ISRL382,0101,Ilai Saltzman,35,1,0,2026-09-12 14:39:11
2026-09-12 14:24:41,ISRL448R,0101,Morad Elsana,25,10,0,2026-09-12 14:39:12
2026-09-12 14:24:41,ITAL103,0101,Antonella D'Amario,18,14,0,2026-09-12 14:39:14
2026-09-12 14:24:41,ITAL103,0201,Antonella D'Amario,18,6,0,2026-09-12 14:39:14
2026-09-12 14:24:41,ITAL103,0301,Joseph Falvo,18,6,0,2026-09-12 14:39:14
2026-09-12 14:24:41,ITAL203,0101,Antonella D'Amario,18,9,0,2026-09-12 14:39:14
2026-09-12 14:24:41,ITAL203,0201,Antonella D'Amario,18,13,0,2026-09-12 14:39:14
2026-09-12 14:24:41,ITAL204,0101,Federica Soddu,18,14,0,2026-09-12 14:39:14
2026-09-12 14:24:41,ITAL207,0101,Mirella Vaglio,18,17,0,2026-09-12 14:39:15
2026-09-12 14:24:41,ITAL301,0101,Federica Soddu,20,11,0,2026-09-12 14:39:15
2026-09-12 14:24:41,ITAL362,0101,Federica Soddu,20,12,0,2026-09-12 14:39:16
2026-09-12 14:24:41,ITAL401,0101,Mirella Vaglio,15,12,0,2026-09-12 14:39:17
2026-09-12 14:24:41,ITAL421,0101,Joseph Falvo,25,14,0,2026-09-12 14:39:17
2026-09-12 14:24:41,ITAL478R,0101,Joseph Falvo,5,3,0,2026-09-12 14:39:18
2026-09-12 14:24:41,JAPN101,0101,Kumiko Akikawa,15,4,0,2026-09-12 14:39:20
2026-09-12 14:24:41,JAPN101,0201,Kumiko Akikawa,15,6,0,2026-09-12 14:39:20
2026-09-12 14:24:41,JAPN101,0301,Kumiko Akikawa,15,5,0,2026-09-12 14:39:20
2026-09-12 14:24:41,JAPN201,0101,Makiko Inoue,15,5,0,2026-09-12 14:39:20
2026-09-12 14:24:41,JAPN201,0201,Makiko Inoue,15,8,0,2026-09-12 14:39:20
2026-09-12 14:24:41,JAPN301,0101,Mari Hamada,15,9,0,2026-09-12 14:39:21
2026-09-12 14:24:41,JAPN311,0101,Jyana Browne,15,11,0,2026-09-12 14:39:21
2026-09-12 14:24:41,JAPN315,0101,Michele Mason,20,6,0,2026-09-12 14:39:22
2026-09-12 14:24:41,JAPN320,0101,Lindsay Yotsukura,15,8,0,2026-09-12 14:39:22
2026-09-12 14:24:41,JAPN498B,0101,Jyana Browne,20,3,0,2026-09-12 14:39:23
2026-09-12 14:24:41,KORA101,0101,Saerom Kwak,15,0,1,2026-09-12 14:40:22
2026-09-12 14:24:41,KORA101,0201,Saerom Kwak,15,1,0,2026-09-12 14:40:22
2026-09-12 14:24:41,KORA101,0301,Saerom Kwak,15,5,0,2026-09-12 14:40:22
2026-09-12 14:24:41,KORA101,0401,Saerom Kwak,15,5,0,2026-09-12 14:40:22
2026-09-12 14:24:41,KORA201,0101,Seong Minne Koh,15,4,0,2026-09-12 14:40:23
2026-09-12 14:24:41,KORA201,0201,Seong Minne Koh,15,5,0,2026-09-12 14:40:23
2026-09-12 14:24:41,KORA201,0301,Seong Minne Koh,15,8,0,2026-09-12 14:40:23
2026-09-12 14:24:41,KORA398G,0101,Instructor: TBA,10,7,0,2026-09-12 14:40:23
2026-09-12 14:24:41,KORA398W,0101,Seong Minne Koh,10,3,0,2026-09-12 14:40:24
2026-09-12 14:24:41,LEAD217,0101,Festus Ainoo,25,0,0,2026-09-12 14:40:49
2026-09-12 14:24:41,LEAD217,0201,Adrian Bitton,25,0,0,2026-09-12 14:40:49
2026-09-12 14:24:41,LEAD217,FC01,Festus Ainoo,22,0,1,2026-09-12 14:40:49
2026-09-12 14:24:41,LEAD305,0101,Anastasia Lavrenyuk,20,4,0,2026-09-12 14:40:50
2026-09-12 14:24:41,LEAD315,0101,Anastasia Lavrenyuk,25,11,0,2026-09-12 14:40:51
2026-09-12 14:24:41,LEAD320,0101,Courtney Holder,10,8,0,2026-09-12 14:40:51
2026-09-12 14:24:41,LGBT200,0201,Basanth Babu,25,0,3,2026-09-12 14:40:53
2026-09-12 14:24:41,LGBT265,0101,Tyra Griffin,30,0,0,2026-09-12 14:40:54
2026-09-12 14:24:41,LGBT265,0201,Declan Langton,30,2,0,2026-09-12 14:40:54
2026-09-12 14:24:41,LGBT359J,0101,Chris Eng,25,14,0,2026-09-12 14:40:54
2026-09-12 14:24:41,MLAW100,0101,Christine White,83,15,0,2026-09-12 14:41:46
2026-09-12 14:24:41,MLAW304,0201,Christine White,65,16,0,2026-09-12 14:41:46
2026-09-12 14:24:41,MLAW305,0101,Brian Gilmore,40,2,0,2026-09-12 14:41:46
2026-09-12 14:24:41,MLAW315,0101,Grace Benton,13,3,0,2026-09-12 14:41:47
2026-09-12 14:24:41,MLAW358Q,0101,David Cunningham,0,0,0,2026-09-12 14:41:47
2026-09-12 14:24:41,MLAW358T,0101,Christine White,25,6,0,2026-09-12 14:41:48
2026-09-12 14:24:41,MLAW358X,0101,Martin Kobren,5,0,0,2026-09-12 14:41:48
2026-09-12 14:24:41,MLAW359,0101,Brandee Pettus,10,4,0,2026-09-12 14:41:49
2026-09-12 14:24:41,MLAW378E,0101,Brandee Pettus,5,5,0,2026-09-12 14:41:49
2026-09-12 14:24:41,MLAW378K,0101,Brian Gilmore,20,1,0,2026-09-12 14:41:49
2026-09-12 14:24:41,MLAW378Q,0101,Paul Huth,2,0,0,2026-09-12 14:41:50
2026-09-12 14:24:41,MLAW378R,0101,Nancy Schertzing,13,2,0,2026-09-12 14:41:50
2026-09-12 14:24:41,MLAW388,0101,Brandee Pettus,40,20,0,2026-09-12 14:41:51
2026-09-12 14:24:41,MLSC250,FC01,William Simpson,24,4,0,2026-09-12 14:41:52
2026-09-12 14:24:41,NEUR200,0101,Ana Navarro Cebrian,80,3,0,2026-09-12 14:42:18
2026-09-12 14:24:41,NEUR200,0201,Ana Navarro Cebrian,80,0,1,2026-09-12 14:42:18
2026-09-12 14:24:41,NEUR200,0301,Evan Hart,80,0,0,2026-09-12 14:42:18
2026-09-12 14:24:41,NEUR305,0101,Amanda Chicoli,100,10,0,2026-09-12 14:42:18
2026-09-12 14:24:41,NEUR306,0101,Chan Lin,200,7,0,2026-09-12 14:42:19
2026-09-12 14:24:41,NEUR398H,0101,Nikolas Francis,20,1,0,2026-09-12 14:42:20
2026-09-12 14:24:41,NEUR405,0101,Hilary Bierman,20,1,0,2026-09-12 14:42:21
2026-09-12 14:24:41,NEUR405,0102,Hilary Bierman,20,0,0,2026-09-12 14:42:21
2026-09-12 14:24:41,NEUR405,0103,Hilary Bierman,20,0,0,2026-09-12 14:42:21
2026-09-12 14:24:41,PEER312,0101,Aleia Gardner,15,8,0,2026-09-12 14:42:39
2026-09-12 14:24:41,PEER318,0101,Christina Jay,15,11,0,2026-09-12 14:42:39
2026-09-12 14:24:41,PEER319,0101,Grace Boudreau,15,7,0,2026-09-12 14:42:40
2026-09-12 14:24:41,PHPE308D,0101,Xinzhi Zhao,30,8,0,2026-09-12 14:42:59
2026-09-12 14:24:41,PHPE308F,0101,Regev Ben-David,30,24,0,2026-09-12 14:42:59
2026-09-12 14:24:41,PHPE308O,0101,Jackson Iszler,30,0,0,2026-09-12 14:43:00
2026-09-12 14:24:41,PHPE308T,0101,Hallie Liberto,30,17,0,2026-09-12 14:43:00
2026-09-12 14:24:41,PHPE308Y,0101,Rachel Singpurwalla,20,0,1,2026-09-12 14:43:01
2026-09-12 14:24:41,PHPE308Y,0102,Rachel Singpurwalla,20,0,2,2026-09-12 14:43:01
2026-09-12 14:24:41,PHPE308Y,0103,Rachel Singpurwalla,20,0,3,2026-09-12 14:43:01
2026-09-12 14:24:41,PHPE400,0101,Justin Helms,18,0,0,2026-09-12 14:43:01
2026-09-12 14:24:41,PHPE400,0102,Justin Helms,18,0,0,2026-09-12 14:43:01
2026-09-12 14:24:41,PHPE400,0103,Justin Helms,20,1,0,2026-09-12 14:43:01
2026-09-12 14:24:41,PHPE401,0101,Xinzhi Zhao,25,0,3,2026-09-12 14:43:02
2026-09-12 14:24:41,PHPE402,0101,Dan Moller,30,2,0,2026-09-12 14:43:02
2026-09-12 14:24:41,PHPE408J,0101,Lixing Miao,25,1,0,2026-09-12 14:43:03
2026-09-12 14:24:41,PHPE408R,0101,Xinzhi Zhao,25,8,0,2026-09-12 14:43:03
2026-09-12 14:24:41,PHSC388J,0101,Kendall Bustad,20,6,0,2026-09-12 14:43:05
2026-09-12 14:24:41,PHSC399,0101,Shannon Edward,30,8,0,2026-09-12 14:43:06
2026-09-12 14:24:41,PHSC415,0101,Jessica O'Hara,31,0,1,2026-09-12 14:43:06
2026-09-12 14:24:41,PHSC415,0102,Jessica O'Hara,31,0,1,2026-09-12 14:43:06
2026-09-12 14:24:41,PHSC415,0103,Jessica O'Hara,31,0,1,2026-09-12 14:43:06
2026-09-12 14:24:41,PHSC415,0104,Jessica O'Hara,31,2,0,2026-09-12 14:43:06
2026-09-12 14:24:41,PHSC415,0105,Jessica O'Hara,31,2,0,2026-09-12 14:43:06
2026-09-12 14:24:41,PHSC420,0101,Jennifer German,35,4,0,2026-09-12 14:43:07
2026-09-12 14:24:41,PHSC450,0101,Kendall Bustad,20,0,0,2026-09-12 14:43:07
2026-09-12 14:24:41,PHSC450,0102,Kendall Bustad,20,0,0,2026-09-12 14:43:07
2026-09-12 14:24:41,PHSC450,0103,Kendall Bustad,20,0,0,2026-09-12 14:43:07
2026-09-12 14:24:41,PHSC450,0104,Kendall Bustad,20,1,0,2026-09-12 14:43:07
2026-09-12 14:24:41,PHSC450,0105,Kendall Bustad,20,0,0,2026-09-12 14:43:07
2026-09-12 14:24:41,PHSC450,0106,Kendall Bustad,20,0,0,2026-09-12 14:43:07
2026-09-12 14:24:41,PHSC450,0107,Kendall Bustad,20,1,0,2026-09-12 14:43:07
2026-09-12 14:24:41,PHSC450,0108,Kendall Bustad,20,0,0,2026-09-12 14:43:07
2026-09-12 14:24:41,PHSC497,0101,Kendall Bustad,20,2,0,2026-09-12 14:43:07
2026-09-12 14:24:41,PHSC497,0301,Shannon Edward,20,3,0,2026-09-12 14:43:07
2026-09-12 14:24:41,PHSC497,0601,Jennifer German,20,3,0,2026-09-12 14:43:07
2026-09-12 14:24:41,PLCY100,0101,Toby Egan,25,0,1,2026-09-12 14:43:41
2026-09-12 14:24:41,PLCY100,0102,Toby Egan,25,0,0,2026-09-12 14:43:41
2026-09-12 14:24:41,PLCY100,0103,Toby Egan,25,0,0,2026-09-12 14:43:41
2026-09-12 14:24:41,PLCY100,0104,Toby Egan,25,1,0,2026-09-12 14:43:41
2026-09-12 14:24:41,PLCY100,0201,Namrta Sharma,25,12,0,2026-09-12 14:43:41
2026-09-12 14:24:41,PLCY100,0202,Namrta Sharma,25,15,0,2026-09-12 14:43:41
2026-09-12 14:24:41,PLCY100,0203,Namrta Sharma,25,1,0,2026-09-12 14:43:41
2026-09-12 14:24:41,PLCY100,0204,Namrta Sharma,25,10,0,2026-09-12 14:43:41
2026-09-12 14:24:41,PLCY101,0101,Robert Sprinkle,75,0,0,2026-09-12 14:43:41
2026-09-12 14:24:41,PLCY170,0101,Joshua Itzkowitz Shifrinson,20,1,0,2026-09-12 14:43:42
2026-09-12 14:24:41,PLCY170,0102,Joshua Itzkowitz Shifrinson,20,1,0,2026-09-12 14:43:42
2026-09-12 14:24:41,PLCY170,0103,Joshua Itzkowitz Shifrinson,20,1,0,2026-09-12 14:43:42
2026-09-12 14:24:41,PLCY170,0104,Joshua Itzkowitz Shifrinson,20,0,0,2026-09-12 14:43:42
2026-09-12 14:24:41,PLCY170,0105,Joshua Itzkowitz Shifrinson,20,2,0,2026-09-12 14:43:42
2026-09-12 14:24:41,PLCY170,0106,Joshua Itzkowitz Shifrinson,25,2,0,2026-09-12 14:43:42
2026-09-12 14:24:41,PLCY172,0101,Caroline Ritter,95,32,0,2026-09-12 14:43:42
2026-09-12 14:24:41,PLCY200,0101,Shanna Pearson-Merkowitz,35,0,0,2026-09-12 14:43:43
2026-09-12 14:24:41,PLCY200,0201,Shanna Pearson-Merkowitz,35,1,0,2026-09-12 14:43:43
2026-09-12 14:24:41,PLCY200,0301,Namrta Sharma,35,0,1,2026-09-12 14:43:43
2026-09-12 14:24:41,PLCY201,0101,Julio Guzman,70,0,0,2026-09-12 14:43:43
2026-09-12 14:24:41,PLCY201,0201,Gregory Ramsay,60,0,0,2026-09-12 14:43:43
2026-09-12 14:24:41,PLCY201,FC01,Anne Kaiser,32,0,0,2026-09-12 14:43:43
2026-09-12 14:24:41,PLCY201,FC02,Anne Kaiser,32,6,0,2026-09-12 14:43:43
2026-09-12 14:24:41,PLCY201S,0101,Susannah Washburn,80,4,0,2026-09-12 14:43:43
2026-09-12 14:24:41,PLCY203,0101,Thomas Hilde,60,9,0,2026-09-12 14:43:44
2026-09-12 14:24:41,PLCY203,0201,Anne Kaiser,60,38,0,2026-09-12 14:43:44
2026-09-12 14:24:41,PLCY213,0201,Claire Dunning,40,3,0,2026-09-12 14:43:44
2026-09-12 14:24:41,PLCY214,0101,Patricia Bory,65,20,0,2026-09-12 14:43:45
2026-09-12 14:24:41,PLCY240,0101,Timothy Reedy,30,0,0,2026-09-12 14:43:45
2026-09-12 14:24:41,PLCY288K,0101,CHRISTIAN OSTERMANN,25,1,0,2026-09-12 14:43:45
2026-09-12 14:24:41,PLCY300,0101,Alana Hackshaw,45,0,1,2026-09-12 14:43:46
2026-09-12 14:24:41,PLCY300,0201,Namrta Sharma,45,28,0,2026-09-12 14:43:46
2026-09-12 14:24:41,PLCY301,0101,Caroline Boules,165,2,0,2026-09-12 14:43:46
2026-09-12 14:24:41,PLCY302,0101,Niambi Carter,40,2,0,2026-09-12 14:43:47
2026-09-12 14:24:41,PLCY302,0201,Ebonie Johnson Cooper,40,0,0,2026-09-12 14:43:47
2026-09-12 14:24:41,PLCY302,0301,Lindsay Dieudonne,40,0,1,2026-09-12 14:43:47
2026-09-12 14:24:41,PLCY303,0101,Juan Martinez Guzman,40,3,0,2026-09-12 14:43:47
2026-09-12 14:24:41,PLCY304,0101,Michael Busse,40,11,0,2026-09-12 14:43:48
2026-09-12 14:24:41,PLCY304,0201,Michael Busse,40,12,0,2026-09-12 14:43:48
2026-09-12 14:24:41,PLCY309,0101,Martin Sanders,30,16,0,2026-09-12 14:43:48
2026-09-12 14:24:41,PLCY310,0101,Selvon Waldron,35,16,0,2026-09-12 14:43:48
2026-09-12 14:24:41,PLCY313,0101,Gerard Evans,100,3,0,2026-09-12 14:43:49
2026-09-12 14:24:41,PLCY371,0101,Joshua Itzkowitz Shifrinson,35,0,0,2026-09-12 14:43:49
2026-09-12 14:24:41,PLCY380,0101,Isabel O'Malley,40,8,0,2026-09-12 14:43:50
2026-09-12 14:24:41,PLCY380,ESG1,Kisha McNeill,30,0,0,2026-09-12 14:43:50
2026-09-12 14:24:41,PLCY388A,0101,Brandi Onowu,40,8,0,2026-09-12 14:43:50
2026-09-12 14:24:41,PLCY388N,0101,Nina Harris,25,2,0,2026-09-12 14:43:50
2026-09-12 14:24:41,PLCY390,0101,Lena Andrews,20,0,0,2026-09-12 14:43:51
2026-09-12 14:24:41,PLCY399B,0101,Beatrice DeBelen,30,19,0,2026-09-12 14:43:51
2026-09-12 14:24:41,PLCY400,0101,Patricia Bory,25,1,0,2026-09-12 14:43:53
2026-09-12 14:24:41,PLCY401,0101,Anand Patwardhan,20,5,0,2026-09-12 14:43:53
2026-09-12 14:24:41,PLCY401,0201,Tracy Thompson,20,0,0,2026-09-12 14:43:53
2026-09-12 14:24:41,PLCY401,0301,David Mussington,20,9,0,2026-09-12 14:43:53
2026-09-12 14:24:41,PLCY490,0101,Michael Woldemariam,15,2,0,2026-09-12 14:43:53
2026-09-12 14:24:41,PLCY492,0101,Steve Fetter,20,1,0,2026-09-12 14:43:54
2026-09-12 14:24:41,PLCY610,0201,Alec Worsnop,40,9,0,2026-09-12 14:43:54
2026-09-12 14:24:41,PLCY630,0101,Catherine Worsnop,25,2,0,2026-09-12 14:43:55
2026-09-12 14:24:41,PLCY630,0201,Catherine Worsnop,25,3,0,2026-09-12 14:43:55
2026-09-12 14:24:41,PLCY631,0101,Cullen Merritt,25,0,0,2026-09-12 14:43:55
2026-09-12 14:24:41,PLCY640,0201,Thomas Spreen,30,5,0,2026-09-12 14:43:55
2026-09-12 14:24:41,PLCY641,0101,Tyler Kustra,30,2,0,2026-09-12 14:43:56
2026-09-12 14:24:41,PLCY641,0201,Tyler Kustra,30,10,0,2026-09-12 14:43:56
2026-09-12 14:24:41,PLCY670,0101,Philip Joyce,30,0,0,2026-09-12 14:43:56
2026-09-12 14:24:41,PLCY680,0101,Claire Dunning,25,0,0,2026-09-12 14:43:57
2026-09-12 14:24:41,PLCY680,0201,Michael Woldemariam,25,5,0,2026-09-12 14:43:57
2026-09-12 14:24:41,PLCY688C,0101,Charles Harry,20,10,0,2026-09-12 14:43:57
2026-09-12 14:24:41,PLCY688F,PWL1,Nekeya O'Connor,20,0,0,2026-09-12 14:43:58
2026-09-12 14:24:41,PLCY688P,0101,Steve Fetter,10,1,0,2026-09-12 14:43:58
2026-09-12 14:24:41,PLCY688Z,0101,Brandi Onowu,20,5,0,2026-09-12 14:43:58
2026-09-12 14:24:41,PLCY689E,0101,Susan Parker,20,0,0,2026-09-12 14:43:59
2026-09-12 14:24:41,PLCY690,0110,David Mussington,15,3,0,2026-09-12 14:43:59
2026-09-12 14:24:41,PLCY690,0120,Margaret Brindle,15,2,0,2026-09-12 14:43:59
2026-09-12 14:24:41,PLCY690,0130,Douglas Call,15,0,0,2026-09-12 14:43:59
2026-09-12 14:24:41,PLCY690,0150,Paul Brown,15,1,0,2026-09-12 14:43:59
2026-09-12 14:24:41,PLCY690,0170,James Stillwell,15,0,0,2026-09-12 14:43:59
2026-09-12 14:24:41,PLCY698T,0101,Elizabeth Duke,20,7,0,2026-09-12 14:44:00
2026-09-12 14:24:41,PLCY699L,0101,Michael Woldemariam,10,1,0,2026-09-12 14:44:00
2026-09-12 14:24:41,PLCY720,0101,Nancy Gallagher,20,2,0,2026-09-12 14:44:01
2026-09-12 14:24:41,PLCY734,0101,Niambi Carter,20,0,0,2026-09-12 14:44:01
2026-09-12 14:24:41,PLCY735,0101,Robert Sprinkle,20,7,0,2026-09-12 14:44:01
2026-09-12 14:24:41,PLCY741,0101,Anand Patwardhan,20,7,0,2026-09-12 14:44:02
2026-09-12 14:24:41,PLCY742,0101,Thomas Hilde,20,8,0,2026-09-12 14:44:02
2026-09-12 14:24:41,PLCY780,0101,Robert Orr,20,0,0,2026-09-12 14:44:03
2026-09-12 14:24:41,PLCY781,0101,Julio Guzman,20,2,0,2026-09-12 14:44:03
2026-09-12 14:24:41,PLCY783,0101,Margaret Brindle,20,7,0,2026-09-12 14:44:04
2026-09-12 14:24:41,PLCY798F,PWL1,William Nolte,25,18,0,2026-09-12 14:44:05
2026-09-12 14:24:41,PLCY798V,0101,Shanna Pearson-Merkowitz,12,0,0,2026-09-12 14:44:06
2026-09-12 14:24:41,PLCY798W,0101,Martin Sanders,10,9,0,2026-09-12 14:44:06
2026-09-12 14:24:41,PLCY798Y,PWL1,Jeffrey Franco,25,0,0,2026-09-12 14:44:07
2026-09-12 14:24:41,PLCY798Z,0101,Peter Reuter,12,0,0,2026-09-12 14:44:07
2026-09-12 14:24:41,PLSC112,0101,Samuel Daramola,100,10,0,2026-09-12 14:44:10
2026-09-12 14:24:41,PLSC113,0101,Samuel Daramola,24,2,0,2026-09-12 14:44:10
2026-09-12 14:24:41,PLSC113,0102,Samuel Daramola,24,5,0,2026-09-12 14:44:10
2026-09-12 14:24:41,PLSC113,0103,Samuel Daramola,24,12,0,2026-09-12 14:44:10
2026-09-12 14:24:41,PLSC113,0104,Samuel Daramola,24,9,0,2026-09-12 14:44:10
2026-09-12 14:24:41,PLSC115,0101,Shirley Micallef,24,1,0,2026-09-12 14:44:11
2026-09-12 14:24:41,PLSC201,0101,Pierre Jacob,42,15,0,2026-09-12 14:44:11
2026-09-12 14:24:41,PLSC203,0101,Vijay Tiwari,23,17,0,2026-09-12 14:44:12
2026-09-12 14:24:41,PLSC205,0101,Mark Carroll,22,1,0,2026-09-12 14:44:12
2026-09-12 14:24:41,PLSC206,0101,Pierre Jacob,21,8,0,2026-09-12 14:44:12
2026-09-12 14:24:41,PLSC206,0102,Pierre Jacob,21,7,0,2026-09-12 14:44:12
2026-09-12 14:24:41,PLSC253,0101,Karen Petroff,24,1,0,2026-09-12 14:44:13
2026-09-12 14:24:41,PLSC253,0102,Karen Petroff,24,5,0,2026-09-12 14:44:13
2026-09-12 14:24:41,PLSC389,0101,Craig Beyrouty,17,17,0,2026-09-12 14:44:13
2026-09-12 14:24:41,PLSC402,0101,Geoffrey Rinehart,10,3,0,2026-09-12 14:44:14
2026-09-12 14:24:41,PLSC404,0101,Yiping Qi,20,11,0,2026-09-12 14:44:14
2026-09-12 14:24:41,PLSC420,0101,Nidhi Rawat,18,5,0,2026-09-12 14:44:15
2026-09-12 14:24:41,PLSC420,0102,Nidhi Rawat,18,12,0,2026-09-12 14:44:15
2026-09-12 14:24:41,PLSC433,0101,Diana Cochran,10,2,0,2026-09-12 14:44:15
2026-09-12 14:24:41,PLSC453,0101,Samuel Daramola,24,1,0,2026-09-12 14:44:16
2026-09-12 14:24:41,PLSC471,0101,Juanita Choo,20,0,0,2026-09-12 14:44:16
2026-09-12 14:24:41,PLSC476,0101,Maile Neel,23,19,0,2026-09-12 14:44:16
2026-09-12 14:24:41,PLSC608,0101,Shunyuan Xiao,20,13,0,2026-09-12 14:44:17
2026-09-12 14:24:41,PORT103,0101,Parker Brookie,15,6,0,2026-09-12 14:44:20
2026-09-12 14:24:41,PORT205,0101,Parker Brookie,15,4,0,2026-09-12 14:44:20
2026-09-12 14:24:41,PORT332,0101,Parker Brookie,25,0,0,2026-09-12 14:44:21
2026-09-12 14:24:41,RELS120,0101,Antoine Borrut,40,8,0,2026-09-12 14:45:02
2026-09-12 14:24:41,RELS170,0101,Chiara Graf,21,1,0,2026-09-12 14:45:03
2026-09-12 14:24:41,RELS170,0102,Chiara Graf,21,0,0,2026-09-12 14:45:03
2026-09-12 14:24:41,RELS170,0103,Chiara Graf,21,0,0,2026-09-12 14:45:03
2026-09-12 14:24:41,RELS170,0104,Chiara Graf,21,0,0,2026-09-12 14:45:03
2026-09-12 14:24:41,RELS170,0105,Chiara Graf,21,0,0,2026-09-12 14:45:03
2026-09-12 14:24:41,RELS170,0106,Chiara Graf,21,0,0,2026-09-12 14:45:03
2026-09-12 14:24:41,RELS170,0107,Chiara Graf,21,0,0,2026-09-12 14:45:03
2026-09-12 14:24:41,RELS170,0108,Chiara Graf,21,1,0,2026-09-12 14:45:03
2026-09-12 14:24:41,RELS170,0109,Chiara Graf,22,0,0,2026-09-12 14:45:03
2026-09-12 14:24:41,RELS171,0101,Maxine Grossman,40,8,0,2026-09-12 14:45:03
2026-09-12 14:24:41,RELS219K,0101,Shay Hazkani,40,33,0,2026-09-12 14:45:04
2026-09-12 14:24:41,RELS225,0101,Stephanie Cooper,25,3,0,2026-09-12 14:45:04
2026-09-12 14:24:41,RELS273,0101,Hayim Lapin,23,0,0,2026-09-12 14:45:05
2026-09-12 14:24:41,RELS273,0102,Hayim Lapin,23,3,0,2026-09-12 14:45:05
2026-09-12 14:24:41,RELS273,0103,Hayim Lapin,23,1,0,2026-09-12 14:45:05
2026-09-12 14:24:41,RELS274,0101,Matthew Suriano,20,0,0,2026-09-12 14:45:05
2026-09-12 14:24:41,RELS274,0102,Matthew Suriano,20,0,1,2026-09-12 14:45:05
2026-09-12 14:24:41,RELS274,0103,Matthew Suriano,20,0,0,2026-09-12 14:45:05
2026-09-12 14:24:41,RELS274,0104,Matthew Suriano,20,0,0,2026-09-12 14:45:05
2026-09-12 14:24:41,RELS319D,0101,Nathan Levine,35,26,0,2026-09-12 14:45:05
2026-09-12 14:24:41,RELS319Z,0101,Regev Ben-David,30,26,0,2026-09-12 14:45:06
2026-09-12 14:24:41,RELS341,0101,Janna Bianchini,30,0,0,2026-09-12 14:45:06
2026-09-12 14:24:41,RUSS101,0101,Inna Hardman,15,6,0,2026-09-12 14:45:09
2026-09-12 14:24:41,RUSS101,0201,Inna Hardman,15,6,0,2026-09-12 14:45:09
2026-09-12 14:24:41,RUSS201,0101,Zhanna Gerus-Vernola,15,8,0,2026-09-12 14:45:09
2026-09-12 14:24:41,RUSS301,0101,Izolda Savenkova,15,5,0,2026-09-12 14:45:09
2026-09-12 14:24:41,RUSS321,0101,Elizabeth Papazian,15,5,0,2026-09-12 14:45:10
2026-09-12 14:24:41,RUSS334,0101,Elizabeth Papazian,25,0,0,2026-09-12 14:45:11
2026-09-12 14:24:41,RUSS404,0101,Izolda Savenkova,15,1,0,2026-09-12 14:45:12
2026-09-12 14:24:41,SDSB123,0101,Brian Kim,40,7,0,2026-09-12 14:45:14
2026-09-12 14:24:41,SDSB180,0101,Brian Kim,180,126,0,2026-09-12 14:45:15
2026-09-12 14:24:41,SDSB233,0101,Jacob Coutts,25,1,0,2026-09-12 14:45:15
2026-09-12 14:24:41,SDSB233,0102,Jacob Coutts,25,10,0,2026-09-12 14:45:15
2026-09-12 14:24:41,SDSB233,0103,Jacob Coutts,25,9,0,2026-09-12 14:45:15
2026-09-12 14:24:41,SDSB326,0101,Jacob Coutts,50,31,0,2026-09-12 14:45:16
2026-09-12 14:24:41,SDSB340,0101,Neil Lund,40,0,0,2026-09-12 14:45:16
2026-09-12 14:24:41,SDSI414,0201,Maria Krupenkin,34,15,0,2026-09-12 14:45:18
2026-09-12 14:24:41,SDSI414,0202,Maria Krupenkin,34,0,0,2026-09-12 14:45:18
2026-09-12 14:24:41,SDSI492,0101,TJ Rainsford,50,8,0,2026-09-12 14:45:18
2026-09-12 14:24:41,SDSI492,0103,Mary Ann Francis,40,0,2,2026-09-12 14:45:18
2026-09-12 14:24:41,SDSI492,0104,TJ Rainsford,50,0,0,2026-09-12 14:45:18
2026-09-12 14:24:41,SDSI492,0106,Jesse Klein,50,0,5,2026-09-12 14:45:18
2026-09-12 14:24:41,SDSI492,0107,Connie Siebold,40,0,3,2026-09-12 14:45:18
2026-09-12 14:24:41,SDSI492,0110,Patrick Thornton,50,29,0,2026-09-12 14:45:18
2026-09-12 14:24:41,SLLC108I,0101,Instructor: TBA,5,4,0,2026-09-12 14:45:22
2026-09-12 14:24:41,SLLC108J,0101,Instructor: TBA,5,5,0,2026-09-12 14:45:22
2026-09-12 14:24:41,SLLC108W,0101,Instructor: TBA,5,4,0,2026-09-12 14:45:23
2026-09-12 14:24:41,SLLC118A,0101,Sean Pue,10,4,0,2026-09-12 14:45:23
2026-09-12 14:24:41,SLLC200,0101,Chris Lewis,30,4,0,2026-09-12 14:45:24
2026-09-12 14:24:41,SLLC286,0101,Andrew Schonebaum,60,5,0,2026-09-12 14:45:24
2026-09-12 14:24:41,SLLC309,0101,Ahmed Hanafy,10,10,0,2026-09-12 14:45:24
2026-09-12 14:24:41,SLLC309,0102,Ahmed Hanafy,10,8,0,2026-09-12 14:45:24
2026-09-12 14:24:41,SLLC309,0103,Ahmed Hanafy,10,7,0,2026-09-12 14:45:24
2026-09-12 14:24:41,SLLC309,0104,Ahmed Hanafy,10,5,0,2026-09-12 14:45:24
2026-09-12 14:24:41,SLLC309,0105,Ahmed Hanafy,10,6,0,2026-09-12 14:45:24
2026-09-12 14:24:41,SLLC309,0106,Ahmed Hanafy,10,6,0,2026-09-12 14:45:24
2026-09-12 14:24:41,SLLC309,0107,Ahmed Hanafy,10,8,0,2026-09-12 14:45:24
2026-09-12 14:24:41,SLLC309,0108,Ahmed Hanafy,10,9,0,2026-09-12 14:45:24
2026-09-12 14:24:41,SLLC309,0109,Ahmed Hanafy,10,7,0,2026-09-12 14:45:24
2026-09-12 14:24:41,SLLC309,0110,Ahmed Hanafy,10,3,0,2026-09-12 14:45:24
2026-09-12 14:24:41,SLLC309,0111,Ahmed Hanafy,10,10,0,2026-09-12 14:45:24
2026-09-12 14:24:41,SLLC329,0101,Marilyn Matar,13,0,0,2026-09-12 14:45:25
2026-09-12 14:24:41,SLLC329,0102,Marilyn Matar,10,0,0,2026-09-12 14:45:25
2026-09-12 14:24:41,SLLC329,0103,Marilyn Matar,21,2,0,2026-09-12 14:45:25
2026-09-12 14:24:41,SLLC329,0104,Marilyn Matar,10,4,0,2026-09-12 14:45:25
2026-09-12 14:24:41,SLLC329,0105,Marilyn Matar,10,9,0,2026-09-12 14:45:25
2026-09-12 14:24:41,SLLC329,0106,Marilyn Matar,10,1,0,2026-09-12 14:45:25
2026-09-12 14:24:41,SLLC329,0107,Marilyn Matar,10,7,0,2026-09-12 14:45:25
2026-09-12 14:24:41,SLLC329,0108,Marilyn Matar,10,7,0,2026-09-12 14:45:25
2026-09-12 14:24:41,SLLC329,0109,Marilyn Matar,10,4,0,2026-09-12 14:45:25
2026-09-12 14:24:41,SLLC329,0110,Marilyn Matar,20,3,0,2026-09-12 14:45:25
2026-09-12 14:24:41,SLLC350,0101,Michele Mason,30,27,0,2026-09-12 14:45:25
2026-09-12 14:24:41,SMLP470,0101,Brooke Smith,45,13,0,2026-09-12 14:45:27
2026-09-12 14:24:41,SMLP472,0101,Sara Herald,60,19,0,2026-09-12 14:45:28
2026-09-12 14:24:41,TLTC310,0101,Danielle Pafe,0,0,0,2026-09-12 14:46:27
2026-09-12 14:24:41,TLTC310,0201,Yanira Ortiz,20,11,0,2026-09-12 14:46:27
2026-09-12 14:24:41,TLTC333,0101,Mona Thompson,63,1,0,2026-09-12 14:46:28
2026-09-12 14:24:41,TLTC333,0102,Mona Thompson,63,0,0,2026-09-12 14:46:28
2026-09-12 14:24:41,TLTC333,0105,Mona Thompson,63,0,0,2026-09-12 14:46:28
2026-09-12 14:24:41,UMEI005,0101,Charles Duquette,15,2,0,2026-09-12 14:46:30
2026-09-12 14:24:41,UMEI005,0201,Heather Mehrtens,15,9,0,2026-09-12 14:46:30
2026-09-12 14:24:41,UMEI005,0301,Marilena Draganescu,15,11,0,2026-09-12 14:46:30
2026-09-12 14:24:41,UMEI012,0101,Louise Godley,10,10,0,2026-09-12 14:46:31
2026-09-12 14:24:41,UMEI013,0101,Louise Godley,10,7,0,2026-09-12 14:46:31
2026-09-12 14:24:41,UMEI028A,0101,Raymond Smith,16,14,0,2026-09-12 14:46:31
2026-09-12 14:24:41,UMEI506,0101,Heather Mehrtens,16,0,0,2026-09-12 14:46:32
2026-09-12 14:24:41,UMEI506,0201,Heather Mehrtens,16,6,0,2026-09-12 14:46:32
2026-09-12 14:24:41,UMEI507,0101,Marilena Draganescu,15,4,0,2026-09-12 14:46:32
2026-09-12 14:24:41,USLT201,0101,Robert Chester,25,2,0,2026-09-12 14:46:41
2026-09-12 14:24:41,USLT398C,0101,Angela Pico Pinto,25,18,0,2026-09-12 14:46:41
2026-09-12 14:24:41,USLT450,0101,Robert Chester,20,0,1,2026-09-12 14:46:42
2026-09-12 14:24:41,USLT498C,0101,Ana Rodriguez,20,14,0,2026-09-12 14:46:42
2026-09-12 14:24:41,VIPS099,0115,Veronica Kang,5,3,0,2026-09-12 14:46:44
2026-09-12 14:24:41,VIPS208,0101,Mary Bowden,10,10,0,2026-09-12 14:46:44
2026-09-12 14:24:41,VIPS208,0102,Ken Kiger,10,2,0,2026-09-12 14:46:44
2026-09-12 14:24:41,VIPS208,0103,Bryan Quinn,10,9,0,2026-09-12 14:46:44
2026-09-12 14:24:41,VIPS208,0104,Abdil Chowdhury,10,1,0,2026-09-12 14:46:44
2026-09-12 14:24:41,VIPS208,0105,Molly Carton,10,7,0,2026-09-12 14:46:44
2026-09-12 14:24:41,VIPS208,0106,James Baeder,14,2,0,2026-09-12 14:46:44
2026-09-12 14:24:41,VIPS208,0107,Catherine Spirito,10,6,0,2026-09-12 14:46:44
2026-09-12 14:24:41,VIPS208,0108,Ronald Yaros,10,4,0,2026-09-12 14:46:44
2026-09-12 14:24:41,VIPS208,0109,Carinna Ferguson,10,7,0,2026-09-12 14:46:44
2026-09-12 14:24:41,VIPS208,0110,Tracy Riggins,15,0,0,2026-09-12 14:46:44
2026-09-12 14:24:41,VIPS208,0111,Kevin Calabro,13,2,0,2026-09-12 14:46:44
2026-09-12 14:24:41,VIPS208,0112,Raffaele Viglianti,10,5,0,2026-09-12 14:46:44
2026-09-12 14:24:41,VIPS208,0113,Shabnam Jabeen,10,5,0,2026-09-12 14:46:44
2026-09-12 14:24:41,VIPS208,0114,Ning Zeng,15,7,0,2026-09-12 14:46:44
2026-09-12 14:24:41,VIPS208,0115,Veronica Kang,10,5,0,2026-09-12 14:46:44
2026-09-12 14:24:41,VIPS208,0116,David Stewart,10,1,0,2026-09-12 14:46:44
2026-09-12 14:24:41,VIPS208,0117,Meredith Epstein,10,8,0,2026-09-12 14:46:44
2026-09-12 14:24:41,VIPS208,0118,Magaly Toro Ibaceta,10,3,0,2026-09-12 14:46:44
2026-09-12 14:24:41,VIPS208,0120,Marisa Parham,10,6,0,2026-09-12 14:46:44
2026-09-12 14:24:41,VIPS208,0121,Becky Epanchin-Niell,10,1,0,2026-09-12 14:46:44
2026-09-12 14:24:41,VIPS208,0122,Timothy Reedy,10,2,0,2026-09-12 14:46:44
2026-09-12 14:24:41,VIPS208,0123,Lingnan Lin,13,4,0,2026-09-12 14:46:44
2026-09-12 14:24:41,VIPS208,0124,Jeffrey Moro,10,4,0,2026-09-12 14:46:44
2026-09-12 14:24:41,VIPS208,0125,Peter Sunderland,12,4,0,2026-09-12 14:46:44
2026-09-12 14:24:41,VIPS208,0126,Brienna Anderson,10,4,0,2026-09-12 14:46:44
2026-09-12 14:24:41,VIPS308,0101,Mary Bowden,10,9,0,2026-09-12 14:46:45
2026-09-12 14:24:41,VIPS308,0102,Ken Kiger,10,3,0,2026-09-12 14:46:45
2026-09-12 14:24:41,VIPS308,0103,Bryan Quinn,10,2,0,2026-09-12 14:46:45
2026-09-12 14:24:41,VIPS308,0104,Abdil Chowdhury,10,3,0,2026-09-12 14:46:45
2026-09-12 14:24:41,VIPS308,0105,Molly Carton,10,3,0,2026-09-12 14:46:45
2026-09-12 14:24:41,VIPS308,0106,James Baeder,10,4,0,2026-09-12 14:46:45
2026-09-12 14:24:41,VIPS308,0107,Catherine Spirito,10,8,0,2026-09-12 14:46:45
2026-09-12 14:24:41,VIPS308,0108,Ronald Yaros,10,9,0,2026-09-12 14:46:45
2026-09-12 14:24:41,VIPS308,0109,Carinna Ferguson,10,6,0,2026-09-12 14:46:45
2026-09-12 14:24:41,VIPS308,0110,Tracy Riggins,10,0,0,2026-09-12 14:46:45
2026-09-12 14:24:41,VIPS308,0111,Kevin Calabro,10,6,0,2026-09-12 14:46:45
2026-09-12 14:24:41,VIPS308,0112,Raffaele Viglianti,10,10,0,2026-09-12 14:46:45
2026-09-12 14:24:41,VIPS308,0113,Shabnam Jabeen,10,8,0,2026-09-12 14:46:45
2026-09-12 14:24:41,VIPS308,0114,Ning Zeng,10,9,0,2026-09-12 14:46:45
2026-09-12 14:24:41,VIPS308,0115,Veronica Kang,10,10,0,2026-09-12 14:46:45
2026-09-12 14:24:41,VIPS308,0116,David Stewart,10,10,0,2026-09-12 14:46:45
2026-09-12 14:24:41,VIPS308,0117,Meredith Epstein,10,8,0,2026-09-12 14:46:45
2026-09-12 14:24:41,VIPS308,0118,Magaly Toro Ibaceta,10,10,0,2026-09-12 14:46:45
2026-09-12 14:24:41,VIPS308,0120,Marisa Parham,10,9,0,2026-09-12 14:46:45
2026-09-12 14:24:41,VIPS308,0121,Becky Epanchin-Niell,10,10,0,2026-09-12 14:46:45
2026-09-12 14:24:41,VIPS308,0122,Timothy Reedy,10,10,0,2026-09-12 14:46:45
2026-09-12 14:24:41,VIPS308,0123,Lingnan Lin,10,10,0,2026-09-12 14:46:45
2026-09-12 14:24:41,VIPS308,0124,Jeffrey Moro,10,10,0,2026-09-12 14:46:45
2026-09-12 14:24:41,VIPS308,0125,Peter Sunderland,10,10,0,2026-09-12 14:46:45
2026-09-12 14:24:41,VIPS308,0126,Brienna Anderson,10,10,0,2026-09-12 14:46:45
2026-09-12 14:24:41,VIPS408,0101,Mary Bowden,10,4,0,2026-09-12 14:46:45
2026-09-12 14:24:41,VIPS408,0102,Ken Kiger,10,8,0,2026-09-12 14:46:45
2026-09-12 14:24:41,VIPS408,0103,Bryan Quinn,10,3,0,2026-09-12 14:46:45
2026-09-12 14:24:41,VIPS408,0104,Abdil Chowdhury,10,8,0,2026-09-12 14:46:45
2026-09-12 14:24:41,VIPS408,0105,Molly Carton,10,8,0,2026-09-12 14:46:45
2026-09-12 14:24:41,VIPS408,0106,James Baeder,10,7,0,2026-09-12 14:46:45
2026-09-12 14:24:41,VIPS408,0107,Catherine Spirito,10,10,0,2026-09-12 14:46:45
2026-09-12 14:24:41,VIPS408,0108,Ronald Yaros,10,8,0,2026-09-12 14:46:45
2026-09-12 14:24:41,VIPS408,0109,Carinna Ferguson,10,8,0,2026-09-12 14:46:45
2026-09-12 14:24:41,VIPS408,0110,Tracy Riggins,10,10,0,2026-09-12 14:46:45
2026-09-12 14:24:41,VIPS408,0111,Kevin Calabro,10,7,0,2026-09-12 14:46:45
2026-09-12 14:24:41,VIPS408,0112,Raffaele Viglianti,10,9,0,2026-09-12 14:46:45
2026-09-12 14:24:41,VIPS408,0113,Shabnam Jabeen,10,10,0,2026-09-12 14:46:45
2026-09-12 14:24:41,VIPS408,0114,Ning Zeng,10,10,0,2026-09-12 14:46:45
2026-09-12 14:24:41,VIPS408,0115,Veronica Kang,10,10,0,2026-09-12 14:46:45
2026-09-12 14:24:41,VIPS408,0116,David Stewart,10,10,0,2026-09-12 14:46:45
2026-09-12 14:24:41,VIPS408,0117,Meredith Epstein,10,10,0,2026-09-12 14:46:45
2026-09-12 14:24:41,VIPS408,0118,Magaly Toro Ibaceta,10,9,0,2026-09-12 14:46:45
2026-09-12 14:24:41,VIPS408,0120,Marisa Parham,10,10,0,2026-09-12 14:46:45
2026-09-12 14:24:41,VIPS408,0121,Becky Epanchin-Niell,10,10,0,2026-09-12 14:46:45
2026-09-12 14:24:41,VIPS408,0122,Timothy Reedy,10,10,0,2026-09-12 14:46:45
2026-09-12 14:24:41,VIPS408,0123,Lingnan Lin,10,10,0,2026-09-12 14:46:45
2026-09-12 14:24:41,VIPS408,0124,Jeffrey Moro,10,10,0,2026-09-12 14:46:45
2026-09-12 14:24:41,VIPS408,0125,Peter Sunderland,10,10,0,2026-09-12 14:46:45
2026-09-12 14:24:41,VIPS408,0126,Brienna Anderson,10,10,0,2026-09-12 14:46:45
2026-09-12 14:24:41,WEID139B,0101,Denise Joseph,48,6,0,2026-09-12 14:46:49
2026-09-12 14:24:41,WEID139L,0201,Taylor Togafau-Lewis,48,17,0,2026-09-12 14:46:49
2026-09-12 17:28:40,AAAS100,0101,Shane Walsh,35,0,0,2026-09-12 17:28:42
2026-09-12 17:28:40,AAAS100,0201,Shane Walsh,35,0,0,2026-09-12 17:28:42
2026-09-12 17:28:40,AAAS100,0301,George Kintiba,70,36,0,2026-09-12 17:28:42
2026-09-12 17:28:40,AAAS100,0401,Jason Nichols,30,0,0,2026-09-12 17:28:42
2026-09-12 17:28:40,AAAS100,0501,Jason Nichols,35,0,0,2026-09-12 17:28:42
2026-09-12 17:28:40,AAAS101,0101,Chinyere Osuji,40,0,0,2026-09-12 17:28:43
2026-09-12 17:28:40,AAAS187,0101,Robert Choflet,30,0,0,2026-09-12 17:28:44
2026-09-12 17:28:40,AAAS187,0201,Joseph Richardson,30,0,0,2026-09-12 17:28:44
2026-09-12 17:28:40,AAAS200,0101,George Kintiba,40,5,0,2026-09-12 17:28:44
2026-09-12 17:28:40,AAAS202,0101,Robert Choflet,35,5,0,2026-09-12 17:28:44
2026-09-12 17:28:40,AAAS202,0201,Robert Choflet,35,5,0,2026-09-12 17:28:44
2026-09-12 17:28:40,AAAS202,0301,Angelica Dunbar,35,4,0,2026-09-12 17:28:44
2026-09-12 17:28:40,AAAS202,0401,Ashley Everson,35,0,0,2026-09-12 17:28:44
2026-09-12 17:28:40,AAAS202,0501,Ashley Everson,20,3,0,2026-09-12 17:28:44
2026-09-12 17:28:40,AAAS210,0101,Angelica Dunbar,20,16,0,2026-09-12 17:28:45
2026-09-12 17:28:40,AAAS211,0101,Shane Walsh,30,0,0,2026-09-12 17:28:45
2026-09-12 17:28:40,AAAS230,0101,Ashley Newby,30,0,0,2026-09-12 17:28:45
2026-09-12 17:28:40,AAAS230,0201,Ashley Newby,30,0,0,2026-09-12 17:28:45
2026-09-12 17:28:40,AAAS234,0201,Mike Kolakoski,30,3,0,2026-09-12 17:28:45
2026-09-12 17:28:40,AAAS254,0101,Christopher Bonner,40,2,0,2026-09-12 17:28:46
2026-09-12 17:28:40,AAAS271,0101,Sydney Lewis,30,1,0,2026-09-12 17:28:47
2026-09-12 17:28:40,AAAS310,0101,George Kintiba,25,22,0,2026-09-12 17:28:47
2026-09-12 17:28:40,AAAS320,0101,Cecily Jackson,25,0,0,2026-09-12 17:28:47
2026-09-12 17:28:40,AAAS320,0201,Cecily Jackson,25,0,0,2026-09-12 17:28:47
2026-09-12 17:28:40,AAAS325,0101,Traci Dula,20,4,0,2026-09-12 17:28:48
2026-09-12 17:28:40,AAAS350,0101,John Drabinski,20,0,0,2026-09-12 17:28:48
2026-09-12 17:28:40,AAAS361,0101,Michelle Rowley,35,26,0,2026-09-12 17:28:48
2026-09-12 17:28:40,AAAS386,0101,Marshal Washington,10,10,0,2026-09-12 17:28:49
2026-09-12 17:28:40,AAAS397,0101,John Drabinski,2,2,0,2026-09-12 17:28:49
2026-09-12 17:28:40,AAAS397,0201,Angelica Dunbar,2,2,0,2026-09-12 17:28:49
2026-09-12 17:28:40,AAAS397,0301,Sharon Harley,2,2,0,2026-09-12 17:28:49
2026-09-12 17:28:40,AAAS397,0401,Cecily Jackson,2,2,0,2026-09-12 17:28:49
2026-09-12 17:28:40,AAAS397,0501,Sangeetha Madhavan,2,2,0,2026-09-12 17:28:49
2026-09-12 17:28:40,AAAS397,0601,Ashley Newby,1,1,0,2026-09-12 17:28:49
2026-09-12 17:28:40,AAAS397,0701,Chinyere Osuji,2,2,0,2026-09-12 17:28:49
2026-09-12 17:28:40,AAAS397,0801,Periloux Peay,2,2,0,2026-09-12 17:28:49
2026-09-12 17:28:40,AAAS397,0901,Joseph Richardson,2,2,0,2026-09-12 17:28:49
2026-09-12 17:28:40,AAAS398B,0101,Beka Guluma,20,13,0,2026-09-12 17:28:49
2026-09-12 17:28:40,AAAS398W,0101,Jason Nichols,25,11,0,2026-09-12 17:28:49
2026-09-12 17:28:40,AAAS400,0101,Periloux Peay,25,22,0,2026-09-12 17:28:50
2026-09-12 17:28:40,AAAS415,0101,Periloux Peay,30,0,0,2026-09-12 17:28:50
2026-09-12 17:28:40,AAAS499N,0101,Anne Rosen,25,0,0,2026-09-12 17:28:53
2026-09-12 17:28:40,AAST200,0101,Jennifer Cho,30,0,0,2026-09-12 17:28:55
2026-09-12 17:28:40,AAST200,0102,Binod Paudyal,30,0,0,2026-09-12 17:28:55
2026-09-12 17:28:40,AAST322,0101,Julie Park,30,3,0,2026-09-12 17:28:55
2026-09-12 17:28:40,AAST351,0101,Binod Paudyal,35,0,0,2026-09-12 17:28:55
2026-09-12 17:28:40,AAST355,0101,Jennifer Cho,35,0,1,2026-09-12 17:28:56
2026-09-12 17:28:40,AAST378,0101,Janelle Wong,2,2,0,2026-09-12 17:28:56
2026-09-12 17:28:40,AAST394,0101,Wenxi Yang,30,2,0,2026-09-12 17:28:56
2026-09-12 17:28:40,AAST398I,0101,Michelle Magalong,24,1,0,2026-09-12 17:28:57
2026-09-12 17:28:40,AAST398W,0101,Chris Eng,25,14,0,2026-09-12 17:28:57
2026-09-12 17:28:40,AAST421,0101,Tuyet Duong,20,3,0,2026-09-12 17:28:57
2026-09-12 17:28:40,AAST422,0101,Jennifer Cho,25,7,0,2026-09-12 17:28:57
2026-09-12 17:28:40,AAST424,0101,Dawn Dow,29,10,0,2026-09-12 17:28:58
2026-09-12 17:28:40,AAST440,0101,Binod Paudyal,25,0,0,2026-09-12 17:28:58
2026-09-12 17:28:40,AAST443,0101,Janelle Wong,30,0,0,2026-09-12 17:28:58
2026-09-12 17:28:40,ABRM330,0101,Rashawn Ray,40,0,0,2026-09-12 17:29:00
2026-09-12 17:28:40,ARAB101,0101,Samah Al-salami,15,1,0,2026-09-12 17:30:40
2026-09-12 17:28:40,ARAB101,0201,Ahmed Hanafy,15,5,0,2026-09-12 17:30:40
2026-09-12 17:28:40,ARAB102,0101,Samah Al-salami,15,2,0,2026-09-12 17:30:40
2026-09-12 17:28:40,ARAB102,0201,Lutf Alkebsi,15,12,0,2026-09-12 17:30:40
2026-09-12 17:28:40,ARAB201,0101,Lutf Alkebsi,15,0,0,2026-09-12 17:30:40
2026-09-12 17:28:40,ARAB201,0201,Lutf Alkebsi,15,11,0,2026-09-12 17:30:40
2026-09-12 17:28:40,ARAB208L,0101,Samah Al-salami,15,3,0,2026-09-12 17:30:40
2026-09-12 17:28:40,ARAB225,0101,Ahmed Hanafy,15,3,0,2026-09-12 17:30:41
2026-09-12 17:28:40,ARAB301,0101,Ahmed Hanafy,15,6,0,2026-09-12 17:30:41
2026-09-12 17:28:40,ARAB321,0101,Ahmed Hanafy,15,9,0,2026-09-12 17:30:41
2026-09-12 17:28:40,ARAB322,0101,Samah Al-salami,15,9,0,2026-09-12 17:30:41
2026-09-12 17:28:40,ARAB398A,0101,Lutf Alkebsi,15,5,0,2026-09-12 17:30:42
2026-09-12 17:28:40,ARAB499E,0101,Brendan Kibbee,20,2,0,2026-09-12 17:30:43
2026-09-12 17:28:40,ARMY106,0101,Thomas Battinieri,31,25,0,2026-09-12 17:31:30
2026-09-12 17:28:40,ARMY106,0102,Thomas Battinieri,40,30,0,2026-09-12 17:31:30
2026-09-12 17:28:40,ARMY106,FC01,Andrew Bischoff,15,11,0,2026-09-12 17:31:30
2026-09-12 17:28:40,ARMY106,FC02,Thomas Battinieri,9,8,0,2026-09-12 17:31:30
2026-09-12 17:28:40,ARMY110,0101,Andrew Bischoff,15,15,0,2026-09-12 17:31:30
2026-09-12 17:28:40,ARMY201,0102,Thomas Battinieri,35,14,0,2026-09-12 17:31:31
2026-09-12 17:28:40,ARMY301,0101,Joshua Guiod,40,20,0,2026-09-12 17:31:31
2026-09-12 17:28:40,ARMY401,0102,Andrew Bischoff,50,13,0,2026-09-12 17:31:31
2026-09-12 17:28:40,ARSC059,0101,Kathleen West,220,53,0,2026-09-12 17:31:33
2026-09-12 17:28:40,ARSC059,FC01,Jens Lyndrup,10,5,0,2026-09-12 17:31:33
2026-09-12 17:28:40,ARSC100,0101,Jens Lyndrup,50,33,0,2026-09-12 17:31:33
2026-09-12 17:28:40,ARSC100,0102,Jens Lyndrup,75,16,0,2026-09-12 17:31:33
2026-09-12 17:28:40,ARSC100,0103,Jens Lyndrup,40,31,0,2026-09-12 17:31:33
2026-09-12 17:28:40,ARSC100,FC01,Jens Lyndrup,5,3,0,2026-09-12 17:31:33
2026-09-12 17:28:40,ARSC100,FC02,Jens Lyndrup,10,7,0,2026-09-12 17:31:33
2026-09-12 17:28:40,ARSC200,0101,Alan Snyder,50,14,0,2026-09-12 17:31:33
2026-09-12 17:28:40,ARSC200,0102,Alan Snyder,35,21,0,2026-09-12 17:31:33
2026-09-12 17:28:40,ARSC200,0103,Alan Snyder,40,32,0,2026-09-12 17:31:33
2026-09-12 17:28:40,ARSC300,0101,Kathleen West,30,5,0,2026-09-12 17:31:33
2026-09-12 17:28:40,ARSC300,0102,Kathleen West,20,13,0,2026-09-12 17:31:33
2026-09-12 17:28:40,ARSC400,0101,Walter Mitchell,30,11,0,2026-09-12 17:31:34
2026-09-12 17:28:40,ARSC400,0102,Walter Mitchell,20,18,0,2026-09-12 17:31:34
2026-09-12 17:28:40,ARSC400,0201,Walter Mitchell,10,10,0,2026-09-12 17:31:34
2026-09-12 17:28:40,BMIN210,0101,Darlene Dennison,180,1,0,2026-09-12 17:32:32
2026-09-12 17:28:40,BMIN210,0201,Darlene Dennison,180,94,0,2026-09-12 17:32:32
2026-09-12 17:28:40,BMIN305,0101,Tejwansh Anand,180,14,0,2026-09-12 17:32:33
2026-09-12 17:28:40,BMIN345,0101,Michael Padhi,275,36,0,2026-09-12 17:32:33
2026-09-12 17:28:40,BMIN355,0101,Idil Yaveroglu,180,0,0,2026-09-12 17:32:33
2026-09-12 17:28:40,BMIN355,0201,Idil Yaveroglu,180,24,0,2026-09-12 17:32:33
2026-09-12 17:28:40,BMIN375,0101,Leland Gardner,185,2,0,2026-09-12 17:32:33
2026-09-12 17:28:40,BMIN395,0101,Nima Farshchi,200,1,0,2026-09-12 17:32:34
2026-09-12 17:28:40,BMIN395,0201,Nima Farshchi,200,106,0,2026-09-12 17:32:34
2026-09-12 17:28:40,BOIS602,WI01,Woei-jyh Lee,40,6,0,2026-09-12 17:32:37
2026-09-12 17:28:40,BOIS604,WI01,Manmohan Aseri,40,5,0,2026-09-12 17:32:37
2026-09-12 17:28:40,BOIS631,WI01,Sujin Kim,40,8,0,2026-09-12 17:32:37
2026-09-12 17:28:40,BSOS355,0101,Liza Lebrun,30,30,0,2026-09-12 17:32:47
2026-09-12 17:28:40,BSOS361,0101,TC Lloyd,30,2,0,2026-09-12 17:32:48
2026-09-12 17:28:40,BSOS361,0103,Keia Brown,30,2,0,2026-09-12 17:32:48
2026-09-12 17:28:40,BSOS361,0104,David Tana,30,1,0,2026-09-12 17:32:48
2026-09-12 17:28:40,BSOS361,0105,TC Lloyd,30,2,0,2026-09-12 17:32:48
2026-09-12 17:28:40,BSOS388C,0101,Nikita Kimani,20,0,0,2026-09-12 17:32:48
2026-09-12 17:28:40,BSOS388C,0201,Nikita Kimani,20,0,0,2026-09-12 17:32:48
2026-09-12 17:28:40,BSOS388E,0101,Liza Lebrun,30,30,0,2026-09-12 17:32:48
2026-09-12 17:28:40,BUSO600,SO11,Neta Moye,42,5,0,2026-09-12 17:33:05
2026-09-12 17:28:40,BUSO600,SO12,Neta Moye,42,9,0,2026-09-12 17:33:05
2026-09-12 17:28:40,BUSO603,SO11,Ilya Ryzhov,42,5,0,2026-09-12 17:33:05
2026-09-12 17:28:40,BUSO603,SO12,Ilya Ryzhov,42,4,0,2026-09-12 17:33:05
2026-09-12 17:28:40,BUSO604,SO11,Bennet Zelner,42,6,0,2026-09-12 17:33:05
2026-09-12 17:28:40,BUSO604,SO12,Bennet Zelner,42,6,0,2026-09-12 17:33:05
2026-09-12 17:28:40,BUSO612,SO11,Henry Boyd,42,3,0,2026-09-12 17:33:05
2026-09-12 17:28:40,BUSO612,SO12,Henry Boyd,42,5,0,2026-09-12 17:33:05
2026-09-12 17:28:40,BUSO616,SO31,Brent Solomon,38,2,0,2026-09-12 17:33:06
2026-09-12 17:28:40,BUSO616,SO32,Brent Solomon,38,0,0,2026-09-12 17:33:06
2026-09-12 17:28:40,BUSO624,SO31,Yi Xu,38,2,0,2026-09-12 17:33:06
2026-09-12 17:28:40,BUSO624,SO32,Yi Xu,38,0,0,2026-09-12 17:33:06
2026-09-12 17:28:40,BUSO700,SO91,Paulo Prochno,0,0,0,2026-09-12 17:33:06
2026-09-12 17:28:40,BUSO711,SO31,Gosia Langa Basit,28,0,0,2026-09-12 17:33:07
2026-09-12 17:28:40,BUSO711,SO32,Gosia Langa Basit,28,3,0,2026-09-12 17:33:07
2026-09-12 17:28:40,BUSO711,SO33,Gosia Langa Basit,28,1,0,2026-09-12 17:33:07
2026-09-12 17:28:40,BUSO731,SO51,Tejwansh Anand,49,0,1,2026-09-12 17:33:07
2026-09-12 17:28:40,BUSO752,SO51,Leland Gardner,35,13,0,2026-09-12 17:33:07
2026-09-12 17:28:40,BUSO758G,SO51,James Seward,35,11,0,2026-09-12 17:33:07
2026-09-12 17:28:40,BUSO758M,SO51,Paulo Prochno,49,2,0,2026-09-12 17:33:08
2026-09-12 17:28:40,BUSO758M,SO52,Paulo Prochno,49,3,0,2026-09-12 17:33:08
2026-09-12 17:28:40,BUSO758T,SO51,Michael Cichello,35,18,0,2026-09-12 17:33:08
2026-09-12 17:28:40,BUSO758W,SO51,Yogesh Joshi,33,2,0,2026-09-12 17:33:08
2026-09-12 17:28:40,BUSO758W,SO52,Yogesh Joshi,33,2,0,2026-09-12 17:33:08
2026-09-12 17:28:40,BUSO758X,SO51,Pallassana Kannan,49,3,0,2026-09-12 17:33:08
2026-09-12 17:28:40,BUSO788F,GX01,Judy Frels,25,6,0,2026-09-12 17:33:09
2026-09-12 17:28:40,BUSO788W,GX01,Zhi-Long Chen,30,5,0,2026-09-12 17:33:09
2026-09-12 17:28:40,CHSE200,0101,Betsy Tornquist,10,1,0,2026-09-12 17:33:34
2026-09-12 17:28:40,CHSE205,0101,Yewon Lee,60,0,2,2026-09-12 17:33:35
2026-09-12 17:28:40,CHSE205,0201,Yewon Lee,60,0,1,2026-09-12 17:33:35
2026-09-12 17:28:40,CHSE228C,0101,Nikita Kimani,20,0,0,2026-09-12 17:33:35
2026-09-12 17:28:40,CHSE228C,0201,Nikita Kimani,20,0,0,2026-09-12 17:33:35
2026-09-12 17:28:40,CHSE228C,0301,Nikita Kimani,20,0,0,2026-09-12 17:33:35
2026-09-12 17:28:40,CHSE230,0101,Isabelle Grable,25,16,0,2026-09-12 17:33:35
2026-09-12 17:28:40,CHSE376,0101,Michael Dunham,22,0,3,2026-09-12 17:33:35
2026-09-12 17:28:40,CHSE376,0201,Colleen McGilpin,20,0,4,2026-09-12 17:33:35
2026-09-12 17:28:40,CHSE376,0301,Elizabeth Martinez,20,0,0,2026-09-12 17:33:35
2026-09-12 17:28:40,CHSE376,0401,Chanai Brewster,20,4,0,2026-09-12 17:33:35
2026-09-12 17:28:40,CHSE476,0101,Michael Dunham,20,6,0,2026-09-12 17:33:36
2026-09-12 17:28:40,CHSE477,0101,Michael Dunham,15,4,0,2026-09-12 17:33:36
2026-09-12 17:28:40,CHSE489,1901,Amy D'Agati,15,10,0,2026-09-12 17:33:36
2026-09-12 17:28:40,CINE245,0101,Eric Zakim,22,0,1,2026-09-12 17:33:39
2026-09-12 17:28:40,CINE245,0102,Eric Zakim,22,0,2,2026-09-12 17:33:39
2026-09-12 17:28:40,CINE245,0103,Eric Zakim,22,0,2,2026-09-12 17:33:39
2026-09-12 17:28:40,CINE245,0104,Eric Zakim,22,0,1,2026-09-12 17:33:39
2026-09-12 17:28:40,CINE280,0101,Porter Olsen,30,0,1,2026-09-12 17:33:39
2026-09-12 17:28:40,CINE280,0201,John Tobin,30,0,1,2026-09-12 17:33:39
2026-09-12 17:28:40,CINE298A,0101,Caroline Eades,20,0,0,2026-09-12 17:33:39
2026-09-12 17:28:40,CINE301,0101,Eric Zakim,30,0,0,2026-09-12 17:33:39
2026-09-12 17:28:40,CINE310,0101,Nathaniel Stevens,15,2,0,2026-09-12 17:33:40
2026-09-12 17:28:40,CINE315,0101,Yael Inbar,15,0,0,2026-09-12 17:33:40
2026-09-12 17:28:40,CINE319G,0101,Oliver Gaycken,25,15,0,2026-09-12 17:33:40
2026-09-12 17:28:40,CINE319P,5501,Samuel Crawford,11,0,1,2026-09-12 17:33:40
2026-09-12 17:28:40,CINE319Z,0101,Paul Cote,25,7,0,2026-09-12 17:33:41
2026-09-12 17:28:40,CINE329T,0101,Daniel Richter,25,0,4,2026-09-12 17:33:41
2026-09-12 17:28:40,CINE332,0101,Parker Brookie,25,0,0,2026-09-12 17:33:41
2026-09-12 17:28:40,CINE334,0101,Elizabeth Papazian,25,0,0,2026-09-12 17:33:42
2026-09-12 17:28:40,CINE337,0101,Jason Kuo,25,0,1,2026-09-12 17:33:42
2026-09-12 17:28:40,CINE342,0101,Luka Arsenjuk,20,0,1,2026-09-12 17:33:42
2026-09-12 17:28:40,CINE350,0101,John Drabinski,20,0,0,2026-09-12 17:33:42
2026-09-12 17:28:40,CINE359C,0101,Daniel Richter,25,0,2,2026-09-12 17:33:43
2026-09-12 17:28:40,CINE369B,0101,Eva Hageman,30,0,0,2026-09-12 17:33:43
2026-09-12 17:28:40,CINE369K,0101,Paul Cote,20,0,1,2026-09-12 17:33:43
2026-09-12 17:28:40,CINE376,0101,Ross Angelella,15,3,0,2026-09-12 17:33:43
2026-09-12 17:28:40,CINE376,0102,Ross Angelella,5,2,0,2026-09-12 17:33:43
2026-09-12 17:28:40,CINE415,0101,Mathew Bainbridge,15,0,0,2026-09-12 17:33:44
2026-09-12 17:28:40,CINE419P,0101,Oliver Gaycken,20,14,0,2026-09-12 17:33:44
2026-09-12 17:28:40,CINE459P,0101,Luka Arsenjuk,20,0,2,2026-09-12 17:33:45
2026-09-12 17:28:40,CLAS170,0101,Chiara Graf,21,1,0,2026-09-12 17:33:46
2026-09-12 17:28:40,CLAS170,0102,Chiara Graf,21,0,0,2026-09-12 17:33:46
2026-09-12 17:28:40,CLAS170,0103,Chiara Graf,21,0,0,2026-09-12 17:33:46
2026-09-12 17:28:40,CLAS170,0104,Chiara Graf,21,0,0,2026-09-12 17:33:46
2026-09-12 17:28:40,CLAS170,0105,Chiara Graf,21,0,0,2026-09-12 17:33:46
2026-09-12 17:28:40,CLAS170,0106,Chiara Graf,21,0,0,2026-09-12 17:33:46
2026-09-12 17:28:40,CLAS170,0107,Chiara Graf,21,0,0,2026-09-12 17:33:46
2026-09-12 17:28:40,CLAS170,0108,Chiara Graf,21,1,0,2026-09-12 17:33:46
2026-09-12 17:28:40,CLAS170,0109,Chiara Graf,22,0,0,2026-09-12 17:33:46
2026-09-12 17:28:40,CLAS170,FC01,Chelsea Stolt,28,4,0,2026-09-12 17:33:46
2026-09-12 17:28:40,CLAS170,FC02,Chelsea Stolt,28,0,0,2026-09-12 17:33:46
2026-09-12 17:28:40,CLAS170,FC03,Eugenia Lao,28,8,0,2026-09-12 17:33:46
2026-09-12 17:28:40,CLAS170,FC05,Charis Addai,28,5,0,2026-09-12 17:33:46
2026-09-12 17:28:40,CLAS277,0101,Chiara Graf,25,0,0,2026-09-12 17:33:47
2026-09-12 17:28:40,CLAS277,0102,Chiara Graf,25,1,0,2026-09-12 17:33:47
2026-09-12 17:28:40,CLAS277,0103,Chiara Graf,25,4,0,2026-09-12 17:33:47
2026-09-12 17:28:40,CLAS277,0104,Chiara Graf,25,1,0,2026-09-12 17:33:47
2026-09-12 17:28:40,CLAS277,0105,Chiara Graf,25,0,0,2026-09-12 17:33:47
2026-09-12 17:28:40,CLAS277,0106,Chiara Graf,25,1,0,2026-09-12 17:33:47
2026-09-12 17:28:40,CLAS305,0101,Jorge Bravo,35,1,0,2026-09-12 17:33:47
2026-09-12 17:28:40,CLAS309N,0101,Nathan Levine,35,26,0,2026-09-12 17:33:47
2026-09-12 17:28:40,CLAS310,0101,Rachel Singpurwalla,20,0,1,2026-09-12 17:33:47
2026-09-12 17:28:40,CLAS310,0102,Rachel Singpurwalla,20,0,2,2026-09-12 17:33:47
2026-09-12 17:28:40,CLAS310,0103,Rachel Singpurwalla,20,0,3,2026-09-12 17:33:47
2026-09-12 17:28:40,CLAS312,0101,Polyvia Parara,35,7,0,2026-09-12 17:33:48
2026-09-12 17:28:40,CMLT235,0101,Brielle Gorrell,30,2,0,2026-09-12 17:33:51
2026-09-12 17:28:40,CMLT270,0101,Hannah (Toyin) Adeyemi,30,0,0,2026-09-12 17:33:51
2026-09-12 17:28:40,CMLT270,0201,Shakiba Sharifpour,30,1,0,2026-09-12 17:33:51
2026-09-12 17:28:40,CMLT275,0201,Abhinav Bhardwaj,30,0,1,2026-09-12 17:33:51
2026-09-12 17:28:40,CMLT277,0101,Nahid Ahmadian,30,2,0,2026-09-12 17:33:52
2026-09-12 17:28:40,CMLT280,0101,Porter Olsen,30,0,1,2026-09-12 17:33:52
2026-09-12 17:28:40,CMLT280,0201,John Tobin,30,0,1,2026-09-12 17:33:52
2026-09-12 17:28:40,CPBE100,0101,Oliver Schlake,95,25,0,2026-09-12 17:34:26
2026-09-12 17:28:40,CPBE200,0101,Oliver Schlake,75,33,0,2026-09-12 17:34:27
2026-09-12 17:28:40,CPBE225,0101,Ira Koretsky,38,13,0,2026-09-12 17:34:27
2026-09-12 17:28:40,CPBE225,0102,Ira Koretsky,38,22,0,2026-09-12 17:34:27
2026-09-12 17:28:40,CPCV100,0101,Julie Randolph,40,1,0,2026-09-12 17:34:29
2026-09-12 17:28:40,CPCV100,0201,Julie Randolph,40,8,0,2026-09-12 17:34:29
2026-09-12 17:28:40,CPCV200,0101,Julie Randolph,35,1,0,2026-09-12 17:34:29
2026-09-12 17:28:40,CPCV200,0201,Julie Randolph,35,15,0,2026-09-12 17:34:29
2026-09-12 17:28:40,CPCV225,0101,Korey Rothman,75,4,0,2026-09-12 17:34:30
2026-09-12 17:28:40,CPDJ100,0101,Jess Feltner,75,2,0,2026-09-12 17:34:32
2026-09-12 17:28:40,CPDJ200,0101,Andrew Fellows,75,37,0,2026-09-12 17:34:32
2026-09-12 17:28:40,CPET100,0101,Tim Knight,75,4,0,2026-09-12 17:34:33
2026-09-12 17:28:40,CPET200,0101,Tim Knight,75,7,0,2026-09-12 17:34:34
2026-09-12 17:28:40,CPGH100,0101,John Wiggins,85,7,0,2026-09-12 17:34:35
2026-09-12 17:28:40,CPGH200,0101,John Wiggins,75,18,0,2026-09-12 17:34:35
2026-09-12 17:28:40,CPJT100,0101,Justine DeCamillis,75,7,0,2026-09-12 17:34:37
2026-09-12 17:28:40,CPJT200,0101,Justine DeCamillis,75,21,0,2026-09-12 17:34:37
2026-09-12 17:28:40,CPMS100,0101,Alison Burns,75,0,0,2026-09-12 17:34:39
2026-09-12 17:28:40,CPMS200,0101,Alison Burns,75,11,0,2026-09-12 17:34:39
2026-09-12 17:28:40,CPMS225,0101,Alison Burns,75,0,0,2026-09-12 17:34:39
2026-09-12 17:28:40,CPMS230,0101,Alison Burns,30,11,0,2026-09-12 17:34:39
2026-09-12 17:28:40,CPMS240,0101,Carole Lee,20,18,0,2026-09-12 17:34:40
2026-09-12 17:28:40,CPPL100,0101,Kelly Brower,78,2,0,2026-09-12 17:34:41
2026-09-12 17:28:40,CPPL200,0101,Susannah Washburn,75,15,0,2026-09-12 17:34:41
2026-09-12 17:28:40,CPSA100,0101,Andrea Cesar,75,12,0,2026-09-12 17:34:43
2026-09-12 17:28:40,CPSA200,0101,Andrea Cesar,75,34,0,2026-09-12 17:34:43
2026-09-12 17:28:40,CPSF100,0101,Nicholas Fletcher,85,1,0,2026-09-12 17:34:45
2026-09-12 17:28:40,CPSF200,0101,Nicholas Fletcher,75,5,0,2026-09-12 17:34:45
2026-09-12 17:28:40,CPSG100,0101,Thomas Holtz,85,11,0,2026-09-12 17:34:46
2026-09-12 17:28:40,CPSG200,0101,Thomas Holtz,75,29,0,2026-09-12 17:34:47
2026-09-12 17:28:40,CPSN100,0101,Hansol Kwak,85,5,0,2026-09-12 17:34:48
2026-09-12 17:28:40,CPSN200,0101,Stacy Kosko,75,42,0,2026-09-12 17:34:49
2026-09-12 17:28:40,CPSN230,0101,Sarah Kilmer,20,18,0,2026-09-12 17:34:49
2026-09-12 17:28:40,CPSN240,0101,Sarah Kilmer,10,7,0,2026-09-12 17:34:49
2026-09-12 17:28:40,CPSN250,0101,Sarah Kilmer,5,5,0,2026-09-12 17:34:49
2026-09-12 17:28:40,CPSP110,0101,Markell Saunders,18,8,0,2026-09-12 17:34:51
2026-09-12 17:28:40,CPSP110,0201,Patrice Greene,18,13,0,2026-09-12 17:34:51
2026-09-12 17:28:40,CPSP220,0101,Tiara Thomas,20,1,0,2026-09-12 17:34:51
2026-09-12 17:28:40,CPSP239A,0101,Heather-Erin Bremenstuhl,10,5,0,2026-09-12 17:34:51
2026-09-12 17:28:40,CPSP269C,0101,Korey Rothman,5,5,0,2026-09-12 17:34:52
2026-09-12 17:28:40,CPSP339P,0101,Susannah Washburn,10,7,0,2026-09-12 17:34:52
2026-09-12 17:28:40,CPSS100,0101,Nicole Mogul,85,6,0,2026-09-12 17:34:53
2026-09-12 17:28:40,CPSS220,0101,Nicole Mogul,20,2,0,2026-09-12 17:34:54
2026-09-12 17:28:40,CPSS225,0101,Roan Parrish,20,14,0,2026-09-12 17:34:54
2026-09-12 17:28:40,CPSS340,0101,David Tomblin,20,5,0,2026-09-12 17:34:54
2026-09-12 17:28:40,CRLN101,0103,Myles Alexander,25,1,0,2026-09-12 17:34:56
2026-09-12 17:28:40,CRLN101,0104,Tami Smith,26,0,0,2026-09-12 17:34:56
2026-09-12 17:28:40,CRLN101,0105,Denis Garcia Reyes,25,0,0,2026-09-12 17:34:56
2026-09-12 17:28:40,CRLN101,0106,Mitch Woolley,25,4,0,2026-09-12 17:34:56
2026-09-12 17:28:40,CRLN101,0107,Esohe Owie,25,0,0,2026-09-12 17:34:56
2026-09-12 17:28:40,DATA100,0111,Matthew Griffin,33,4,0,2026-09-12 17:35:05
2026-09-12 17:28:40,DATA100,0112,Matthew Griffin,35,2,0,2026-09-12 17:35:05
2026-09-12 17:28:40,DATA100,0121,Matthew Griffin,35,2,0,2026-09-12 17:35:05
2026-09-12 17:28:40,DATA100,0122,Matthew Griffin,33,0,0,2026-09-12 17:35:05
2026-09-12 17:28:40,DATA100,0123,Matthew Griffin,33,1,0,2026-09-12 17:35:05
2026-09-12 17:28:40,DATA100,0124,Matthew Griffin,33,0,0,2026-09-12 17:35:05
2026-09-12 17:28:40,DATA100,0131,Matthew Griffin,33,1,0,2026-09-12 17:35:05
2026-09-12 17:28:40,DATA100,0141,Matthew Griffin,35,0,0,2026-09-12 17:35:05
2026-09-12 17:28:40,DATA100,0142,Matthew Griffin,33,0,0,2026-09-12 17:35:05
2026-09-12 17:28:40,DATA100,0211,Matthew Griffin,33,1,0,2026-09-12 17:35:05
2026-09-12 17:28:40,DATA100,0212,Matthew Griffin,35,0,0,2026-09-12 17:35:05
2026-09-12 17:28:40,DATA100,0221,Matthew Griffin,30,0,0,2026-09-12 17:35:05
2026-09-12 17:28:40,DATA100,0223,Matthew Griffin,32,0,0,2026-09-12 17:35:05
2026-09-12 17:28:40,DATA100,0224,Matthew Griffin,30,1,0,2026-09-12 17:35:05
2026-09-12 17:28:40,DATA100,0231,Matthew Griffin,33,2,0,2026-09-12 17:35:05
2026-09-12 17:28:40,DATA100,0311,Archana Khurana,35,6,0,2026-09-12 17:35:05
2026-09-12 17:28:40,DATA100,0312,Archana Khurana,35,1,0,2026-09-12 17:35:05
2026-09-12 17:28:40,DATA100,0321,Archana Khurana,35,0,0,2026-09-12 17:35:05
2026-09-12 17:28:40,DATA100,0322,Archana Khurana,35,1,0,2026-09-12 17:35:05
2026-09-12 17:28:40,DATA100,0323,Archana Khurana,35,0,0,2026-09-12 17:35:05
2026-09-12 17:28:40,DATA100,0341,Archana Khurana,35,5,0,2026-09-12 17:35:05
2026-09-12 17:28:40,DATA110,0101,Susan Mazzullo,250,24,0,2026-09-12 17:35:05
2026-09-12 17:28:40,DATA120,0101,Fardina Alam,200,0,0,2026-09-12 17:35:05
2026-09-12 17:28:40,DATA200,0101,Fardina Alam,90,32,0,2026-09-12 17:35:06
2026-09-12 17:28:40,DATA250,0101,Todd Rowland,43,6,0,2026-09-12 17:35:06
2026-09-12 17:28:40,DATA320,0101,Maksym Morawski,15,10,0,2026-09-12 17:35:06
2026-09-12 17:28:40,DATA320,0201,Maksym Morawski,20,9,0,2026-09-12 17:35:06
2026-09-12 17:28:40,DATA320,0301,Fardina Alam,20,1,0,2026-09-12 17:35:06
2026-09-12 17:28:40,DATA350,0101,Raluca Rosca,30,11,0,2026-09-12 17:35:06
2026-09-12 17:28:40,DATA350,0201,Jonathan Fernandes,34,4,0,2026-09-12 17:35:06
2026-09-12 17:28:40,DATA400,0111,Salman Safdar,27,1,0,2026-09-12 17:35:07
2026-09-12 17:28:40,DATA400,0112,Salman Safdar,30,1,0,2026-09-12 17:35:07
2026-09-12 17:28:40,DATA400,0121,Salman Safdar,27,2,0,2026-09-12 17:35:07
2026-09-12 17:28:40,DATA400,0122,Salman Safdar,27,4,0,2026-09-12 17:35:07
2026-09-12 17:28:40,DATA400,0131,Salman Safdar,27,3,0,2026-09-12 17:35:07
2026-09-12 17:28:40,DATA400,0132,Salman Safdar,27,8,0,2026-09-12 17:35:07
2026-09-12 17:28:40,DATA400,0211,Timothy Pilachowski,30,3,0,2026-09-12 17:35:07
2026-09-12 17:28:40,DATA400,0212,Timothy Pilachowski,30,4,0,2026-09-12 17:35:07
2026-09-12 17:28:40,DATA400,0221,Timothy Pilachowski,30,3,0,2026-09-12 17:35:07
2026-09-12 17:28:40,DATA400,0222,Timothy Pilachowski,30,0,0,2026-09-12 17:35:07
2026-09-12 17:28:40,DATA400,0231,Timothy Pilachowski,30,0,0,2026-09-12 17:35:07
2026-09-12 17:28:40,DATA400,0232,Timothy Pilachowski,30,3,0,2026-09-12 17:35:07
2026-09-12 17:28:40,DATA400,0311,Mestiyage Gunatilleka,32,0,1,2026-09-12 17:35:07
2026-09-12 17:28:40,DATA400,0312,Mestiyage Gunatilleka,30,0,2,2026-09-12 17:35:07
2026-09-12 17:28:40,DATA400,0321,Mestiyage Gunatilleka,32,0,1,2026-09-12 17:35:07
2026-09-12 17:28:40,DATA400,0322,Mestiyage Gunatilleka,30,0,1,2026-09-12 17:35:07
2026-09-12 17:28:40,DATA400,0331,Mestiyage Gunatilleka,32,0,1,2026-09-12 17:35:07
2026-09-12 17:28:40,DATA400,0332,Mestiyage Gunatilleka,30,0,1,2026-09-12 17:35:07
2026-09-12 17:28:40,DATA400,0511,Shixin Zheng,35,0,0,2026-09-12 17:35:07
2026-09-12 17:28:40,DATA400,0521,Shixin Zheng,35,0,0,2026-09-12 17:35:07
2026-09-12 17:28:40,DATA400,0531,Shixin Zheng,35,0,0,2026-09-12 17:35:07
2026-09-12 17:28:40,DATA601,PCS1,Sandra Cerrai,50,6,0,2026-09-12 17:35:07
2026-09-12 17:28:40,DATA601,PCS2,Jonathan Fernandes,60,20,0,2026-09-12 17:35:07
2026-09-12 17:28:40,DATA601,PWS1,Leonid Koralov,60,3,0,2026-09-12 17:35:07
2026-09-12 17:28:40,DATA602,PCS1,Sujeong Kim,44,4,0,2026-09-12 17:35:07
2026-09-12 17:28:40,DATA602,PCS2,Sujeong Kim,44,10,0,2026-09-12 17:35:07
2026-09-12 17:28:40,DATA602,PWS1,Fardina Alam,44,3,0,2026-09-12 17:35:07
2026-09-12 17:28:40,DATA603,PCS1,Babak Azimi-Sadjadi,55,14,0,2026-09-12 17:35:07
2026-09-12 17:28:40,DATA603,PWS1,Kemal Davaslioglu,55,18,0,2026-09-12 17:35:07
2026-09-12 17:28:40,DATA605,PCS1,Tammy Perrin,44,30,0,2026-09-12 17:35:08
2026-09-12 17:28:40,DATA605,PCS2,Tammy Perrin,44,21,0,2026-09-12 17:35:08
2026-09-12 17:28:40,DATA605,PWS1,Giacinto Paolo Saggese,44,35,0,2026-09-12 17:35:08
2026-09-12 17:28:40,DATA607,PCS1,Mestiyage Gunatilleka,44,29,0,2026-09-12 17:35:08
2026-09-12 17:28:40,DATA607,PCS2,Kendall Williams,55,0,1,2026-09-12 17:35:08
2026-09-12 17:28:40,DATA607,PCS3,Vincent Lyzinski,44,3,0,2026-09-12 17:35:08
2026-09-12 17:28:40,DATA612,PCS1,Samet Ayhan,50,23,0,2026-09-12 17:35:08
2026-09-12 17:28:40,DATA612,PWS1,Samet Ayhan,44,14,0,2026-09-12 17:35:08
2026-09-12 17:28:40,DATA641,PCS1,Toki Inan,50,19,0,2026-09-12 17:35:09
2026-09-12 17:28:40,DATA641,PWS1,Armin Mehrabian,50,0,0,2026-09-12 17:35:09
2026-09-12 17:28:40,DATA643,PCS1,Charles Forgy,50,30,0,2026-09-12 17:35:09
2026-09-12 17:28:40,DATA650,PCS1,Emre Gunduzhan,54,8,0,2026-09-12 17:35:09
2026-09-12 17:28:40,DATA650,PCS2,Emre Gunduzhan,54,10,0,2026-09-12 17:35:09
2026-09-12 17:28:40,ENAI600,0101,C Ravishankar,35,21,0,2026-09-12 17:35:38
2026-09-12 17:28:40,ENAI600,AEC1,C Ravishankar,20,5,0,2026-09-12 17:35:38
2026-09-12 17:28:40,ENAI601,0101,Richard La,35,22,0,2026-09-12 17:35:38
2026-09-12 17:28:40,ENAI601,AEC1,Richard La,20,8,0,2026-09-12 17:35:38
2026-09-12 17:28:40,ENAI607,0101,Zoltan Safar,29,24,0,2026-09-12 17:35:38
2026-09-12 17:28:40,ENAI607,AEC1,Zoltan Safar,20,9,0,2026-09-12 17:35:38
2026-09-12 17:28:40,ENBC301,ESG1,Sivan Saravanapavan,20,9,0,2026-09-12 17:35:40
2026-09-12 17:28:40,ENBC311,ESG1,Bahaa Ghammraoui,20,11,0,2026-09-12 17:35:40
2026-09-12 17:28:40,ENBC322,ESG1,Kyunghun Lee,20,11,0,2026-09-12 17:35:40
2026-09-12 17:28:40,ENBC331,ESG1,Lan Ma,20,10,0,2026-09-12 17:35:40
2026-09-12 17:28:40,ENBC332,ESG1,Jamasp Azarnoosh,20,11,0,2026-09-12 17:35:41
2026-09-12 17:28:40,ENBC341,ESG1,Jarred Callura,20,12,0,2026-09-12 17:35:41
2026-09-12 17:28:40,ENBC353,ESG1,Jarred Callura,20,15,0,2026-09-12 17:35:41
2026-09-12 17:28:40,ENBC423,ESG1,Jian Su,20,13,0,2026-09-12 17:35:42
2026-09-12 17:28:40,ENBC425,ESG1,Jamasp Azarnoosh,20,13,0,2026-09-12 17:35:42
2026-09-12 17:28:40,ENBC431,ESG1,Lan Ma,20,13,0,2026-09-12 17:35:42
2026-09-12 17:28:40,ENEB302,ESG1,Wesley Lawson,20,3,0,2026-09-12 17:35:54
2026-09-12 17:28:40,ENEB340,ESG1,Nestor Michael Tiglao,20,3,0,2026-09-12 17:35:54
2026-09-12 17:28:40,ENEB341,ESG1,Nestor Michael Tiglao,20,3,0,2026-09-12 17:35:54
2026-09-12 17:28:40,ENEB344,ESG1,Jerry Wu,20,3,0,2026-09-12 17:35:55
2026-09-12 17:28:40,ENEB346,ESG1,Nestor Michael Tiglao,20,13,0,2026-09-12 17:35:55
2026-09-12 17:28:40,ENEB354,ESG1,Yavuz Oruc,20,2,0,2026-09-12 17:35:55
2026-09-12 17:28:40,ENEB408A,ESG1,Nestor Michael Tiglao,20,13,0,2026-09-12 17:35:55
2026-09-12 17:28:40,ENEB444,ESG1,Manoj Franklin,20,13,0,2026-09-12 17:35:56
2026-09-12 17:28:40,ENEB454,ESG1,Jerry Wu,20,13,0,2026-09-12 17:35:56
2026-09-12 17:28:40,ENED036,0101,Hillary Owusu,20,5,0,2026-09-12 17:35:57
2026-09-12 17:28:40,ENED101,0101,Shannon Bate,20,0,0,2026-09-12 17:35:58
2026-09-12 17:28:40,ENED115,0101,Friedrich Alvarez,100,6,0,2026-09-12 17:35:58
2026-09-12 17:28:40,ENED215,0101,Tyler Huddleston,30,0,0,2026-09-12 17:35:58
2026-09-12 17:28:40,ENED215,0102,Samantha Sabihi,40,26,0,2026-09-12 17:35:58
2026-09-12 17:28:40,ENED215,0103,Paige Smith,6,0,0,2026-09-12 17:35:58
2026-09-12 17:28:40,ENED290H,0101,Christopher Troilo,46,1,0,2026-09-12 17:35:58
2026-09-12 17:28:40,ENED390H,0101,Tony Barber,50,13,0,2026-09-12 17:35:59
2026-09-12 17:28:40,ENED394H,0101,Manmohan Aseri,65,14,0,2026-09-12 17:35:59
2026-09-12 17:28:40,ENED397,0101,Emily Marks,9,0,0,2026-09-12 17:35:59
2026-09-12 17:28:40,ENED490H,0101,Maria Bardossy,45,1,0,2026-09-12 17:36:00
2026-09-12 17:28:40,ENED491,0101,Jessica Roffe,10,1,0,2026-09-12 17:36:00
2026-09-12 17:28:40,ENMT301,ESG1,Colleen Murray,15,8,0,2026-09-12 17:36:56
2026-09-12 17:28:40,ENMT322,ESG1,Norman Wereley,15,9,0,2026-09-12 17:36:56
2026-09-12 17:28:40,ENMT361,ESG1,Young Choi,15,8,0,2026-09-12 17:36:56
2026-09-12 17:28:40,ENMT380,ESG1,Gurtajbir Herr,15,8,0,2026-09-12 17:36:57
2026-09-12 17:28:40,ENMT450,ESG1,Nicholas Limparis,7,5,0,2026-09-12 17:36:57
2026-09-12 17:28:40,ENMT471,ESG1,Colleen Murray,7,5,0,2026-09-12 17:36:57
2026-09-12 17:28:40,ENMT473,ESG1,Gurtajbir Herr,7,4,0,2026-09-12 17:36:57
2026-09-12 17:28:40,ENMT483,ESG1,Nicholas Limparis,7,5,0,2026-09-12 17:36:58
2026-09-12 17:28:40,ENMT499,ESG4,Nicholas Limparis,2,1,0,2026-09-12 17:36:58
2026-09-12 17:28:40,ENSE621,0101,Tony Barber,22,16,0,2026-09-12 17:37:05
2026-09-12 17:28:40,ENSE621,SY01,Tony Barber,15,0,0,2026-09-12 17:37:05
2026-09-12 17:28:40,ENSE623,0101,Steven Biemer,17,14,0,2026-09-12 17:37:05
2026-09-12 17:28:40,ENSE623,SY01,Steven Biemer,15,11,0,2026-09-12 17:37:05
2026-09-12 17:28:40,ENSE626,0101,Dane Cooper,20,16,0,2026-09-12 17:37:05
2026-09-12 17:28:40,ENSE626,SY01,Dane Cooper,15,9,0,2026-09-12 17:37:05
2026-09-12 17:28:40,ENSP101,0101,Annette Spivy,25,0,0,2026-09-12 17:37:07
2026-09-12 17:28:40,ENSP101,0102,Annette Spivy,24,0,0,2026-09-12 17:37:07
2026-09-12 17:28:40,ENSP101,0103,Annette Spivy,24,2,0,2026-09-12 17:37:07
2026-09-12 17:28:40,ENSP101,0104,Annette Spivy,24,1,0,2026-09-12 17:37:07
2026-09-12 17:28:40,ENSP101,0105,Annette Spivy,25,1,0,2026-09-12 17:37:07
2026-09-12 17:28:40,ENSP101,0106,Annette Spivy,24,0,0,2026-09-12 17:37:07
2026-09-12 17:28:40,ENSP101,0107,Annette Spivy,24,0,0,2026-09-12 17:37:07
2026-09-12 17:28:40,ENSP101,FC01,Annette Spivy,32,1,0,2026-09-12 17:37:07
2026-09-12 17:28:40,ENSP305,0101,Annette Spivy,23,0,1,2026-09-12 17:37:08
2026-09-12 17:28:40,ENSP330,0101,Joanna Goger,35,0,0,2026-09-12 17:37:08
2026-09-12 17:28:40,ENSP340,0101,Caroline Boules,25,0,0,2026-09-12 17:37:08
2026-09-12 17:28:40,ENSP360,0101,Leena Malayil,25,0,5,2026-09-12 17:37:08
2026-09-12 17:28:40,ENSP399R,0601,Annette Spivy,10,10,0,2026-09-12 17:37:09
2026-09-12 17:28:40,ENSP399R,1001,Jennifer Mullinax,10,10,0,2026-09-12 17:37:09
2026-09-12 17:28:40,ENSP400,0101,Joanna Goger,35,13,0,2026-09-12 17:37:09
2026-09-12 17:28:40,ENSP400,0102,Joanna Goger,35,11,0,2026-09-12 17:37:09
2026-09-12 17:28:40,ENVH121,FC01,Brienna Anderson,20,12,0,2026-09-12 17:37:23
2026-09-12 17:28:40,ENVH381,0101,Donald Milton,30,10,0,2026-09-12 17:37:23
2026-09-12 17:28:40,FGSM310,0101,Peter Owen,24,1,0,2026-09-12 17:37:28
2026-09-12 17:28:40,FGSM315,0101,Emily Shetty,22,0,0,2026-09-12 17:37:28
2026-09-12 17:28:40,FGSM320,0101,Woodie Kessel,24,2,0,2026-09-12 17:37:28
2026-09-12 17:28:40,FGSM325,0101,Rob Long,20,1,0,2026-09-12 17:37:29
2026-09-12 17:28:40,FGSM330,0101,Andrew Fausett,22,2,0,2026-09-12 17:37:29
2026-09-12 17:28:40,FGSM340,0101,Ed Fendley,22,1,0,2026-09-12 17:37:29
2026-09-12 17:28:40,FGSM350,0101,Sean Misko,22,1,0,2026-09-12 17:37:30
2026-09-12 17:28:40,FGSM355,0101,Amanda Schoch,20,0,0,2026-09-12 17:37:30
2026-09-12 17:28:40,FGSM360,0101,Nadia Farra,21,0,0,2026-09-12 17:37:30
2026-09-12 17:28:40,FGSM365,0101,Andrew Nissen,20,2,0,2026-09-12 17:37:30
2026-09-12 17:28:40,FGSM370,0101,Joshua Glasser,20,0,0,2026-09-12 17:37:31
2026-09-12 17:28:40,FGSM390,0101,Sasha Koo-Oshima,20,3,0,2026-09-12 17:37:31
2026-09-12 17:28:40,FGSM398,0101,Jayakumar Arasan,25,21,0,2026-09-12 17:37:31
2026-09-12 17:28:40,FGSM398,0201,Jayakumar Arasan,5,2,0,2026-09-12 17:37:31
2026-09-12 17:28:40,FIRE120,0101,Jessica O'Hara,36,0,0,2026-09-12 17:37:33
2026-09-12 17:28:40,FIRE120,0102,Shannon Hilton,36,7,0,2026-09-12 17:37:33
2026-09-12 17:28:40,FIRE120,0103,Jaclyn Bruner,36,2,0,2026-09-12 17:37:33
2026-09-12 17:28:40,FIRE120,0104,Danielle Niu,36,0,0,2026-09-12 17:37:33
2026-09-12 17:28:40,FIRE120,0105,Cherisse Hall,36,0,0,2026-09-12 17:37:33
2026-09-12 17:28:40,FIRE120,0106,Sara Strey,36,0,0,2026-09-12 17:37:33
2026-09-12 17:28:40,FIRE120,0107,Helene Nguemgaing,36,1,0,2026-09-12 17:37:33
2026-09-12 17:28:40,FIRE120,0108,Mary Chey,36,0,0,2026-09-12 17:37:33
2026-09-12 17:28:40,FIRE120,0109,Shannon Hilton,36,0,0,2026-09-12 17:37:33
2026-09-12 17:28:40,FIRE120,0110,Lena Johnson,36,0,0,2026-09-12 17:37:33
2026-09-12 17:28:40,FIRE120,0111,Benjamin Huffman,36,0,0,2026-09-12 17:37:33
2026-09-12 17:28:40,FIRE120,0112,Mary Chey,36,1,0,2026-09-12 17:37:33
2026-09-12 17:28:40,FIRE120,0113,Elizabeth Massey,36,8,0,2026-09-12 17:37:33
2026-09-12 17:28:40,FIRE120,0114,Benjamin Huffman,36,0,0,2026-09-12 17:37:33
2026-09-12 17:28:40,FIRE120,FC01,Danielle Niu,40,0,7,2026-09-12 17:37:33
2026-09-12 17:28:40,FIRE298,0101,Catherine Spirito,28,3,0,2026-09-12 17:37:33
2026-09-12 17:28:40,FIRE298,0103,Cherisse Hall,36,7,0,2026-09-12 17:37:33
2026-09-12 17:28:40,FIRE298,0104,Jessica O'Hara,36,4,0,2026-09-12 17:37:33
2026-09-12 17:28:40,FIRE298,0105,Kaylee Bloom,36,7,0,2026-09-12 17:37:33
2026-09-12 17:28:40,FIRE298,0106,Danielle Niu,36,16,0,2026-09-12 17:37:33
2026-09-12 17:28:40,FIRE298,0107,Benjamin Huffman,40,1,0,2026-09-12 17:37:33
2026-09-12 17:28:40,FIRE298,0108,Elizabeth Massey,40,14,0,2026-09-12 17:37:33
2026-09-12 17:28:40,FIRE298,0109,Shannon Hilton,40,6,0,2026-09-12 17:37:33
2026-09-12 17:28:40,FIRE298,0110,Jaclyn Bruner,40,19,0,2026-09-12 17:37:33
2026-09-12 17:28:40,FIRE298,0111,Mary Chey,36,4,0,2026-09-12 17:37:33
2026-09-12 17:28:40,FIRE298,0112,Helene Nguemgaing,40,16,0,2026-09-12 17:37:33
2026-09-12 17:28:40,FIRE298,0113,Kristina Kramarczuk,40,11,0,2026-09-12 17:37:33
2026-09-12 17:28:40,FIRE298,0114,Shabnam Jabeen,40,22,0,2026-09-12 17:37:33
2026-09-12 17:28:40,FIRE298,0115,Sara Strey,40,14,0,2026-09-12 17:37:33
2026-09-12 17:28:40,FIRE298,0116,Lena Johnson,40,6,0,2026-09-12 17:37:33
2026-09-12 17:28:40,FIRE398,0101,Catherine Spirito,15,2,0,2026-09-12 17:37:33
2026-09-12 17:28:40,FIRE398,0103,Cherisse Hall,15,5,0,2026-09-12 17:37:33
2026-09-12 17:28:40,FIRE398,0104,Jessica O'Hara,15,1,0,2026-09-12 17:37:33
2026-09-12 17:28:40,FIRE398,0105,Kaylee Bloom,15,2,0,2026-09-12 17:37:33
2026-09-12 17:28:40,FIRE398,0106,Danielle Niu,15,10,0,2026-09-12 17:37:33
2026-09-12 17:28:40,FIRE398,0107,Benjamin Huffman,15,3,0,2026-09-12 17:37:33
2026-09-12 17:28:40,FIRE398,0108,Elizabeth Massey,15,6,0,2026-09-12 17:37:33
2026-09-12 17:28:40,FIRE398,0109,Shannon Hilton,15,6,0,2026-09-12 17:37:33
2026-09-12 17:28:40,FIRE398,0110,Jaclyn Bruner,15,9,0,2026-09-12 17:37:33
2026-09-12 17:28:40,FIRE398,0111,Mary Chey,15,3,0,2026-09-12 17:37:33
2026-09-12 17:28:40,FIRE398,0112,Helene Nguemgaing,15,15,0,2026-09-12 17:37:33
2026-09-12 17:28:40,FIRE398,0113,Kristina Kramarczuk,15,8,0,2026-09-12 17:37:33
2026-09-12 17:28:40,FIRE398,0114,Shabnam Jabeen,15,15,0,2026-09-12 17:37:33
2026-09-12 17:28:40,FIRE398,0115,Sara Strey,15,14,0,2026-09-12 17:37:33
2026-09-12 17:28:40,FIRE398,0116,Lena Johnson,15,11,0,2026-09-12 17:37:33
2026-09-12 17:28:40,GBHL200,0101,Hassanatu Blake,30,0,0,2026-09-12 17:37:49
2026-09-12 17:28:40,GBHL200,FC01,Zandra Andre,25,3,0,2026-09-12 17:37:49
2026-09-12 17:28:40,GBHL210,0101,Leena Malayil,25,8,0,2026-09-12 17:37:50
2026-09-12 17:28:40,GEMS101,0101,Allison Lansverk,10,1,0,2026-09-12 17:37:52
2026-09-12 17:28:40,GEMS101,0103,Allison Lansverk,10,0,0,2026-09-12 17:37:52
2026-09-12 17:28:40,GEMS101,0104,Allison Lansverk,10,0,0,2026-09-12 17:37:52
2026-09-12 17:28:40,GEMS101,0105,Allison Lansverk,10,0,0,2026-09-12 17:37:52
2026-09-12 17:28:40,GEMS101,0106,Allison Lansverk,10,0,0,2026-09-12 17:37:52
2026-09-12 17:28:40,GEMS101,0107,Allison Lansverk,10,0,0,2026-09-12 17:37:52
2026-09-12 17:28:40,GEMS101,0109,Allison Lansverk,10,0,0,2026-09-12 17:37:52
2026-09-12 17:28:40,GEMS101,0111,Allison Lansverk,10,0,0,2026-09-12 17:37:52
2026-09-12 17:28:40,GEMS101,0113,Allison Lansverk,10,0,0,2026-09-12 17:37:52
2026-09-12 17:28:40,GEMS101,0114,Allison Lansverk,10,0,0,2026-09-12 17:37:52
2026-09-12 17:28:40,GEMS202,0101,David Lovell,168,43,0,2026-09-12 17:37:52
2026-09-12 17:28:40,GEMS208A,0101,Allison Lansverk,14,14,0,2026-09-12 17:37:53
2026-09-12 17:28:40,GEMS208B,0101,Allison Lansverk,14,14,0,2026-09-12 17:37:53
2026-09-12 17:28:40,GEMS208C,0101,Allison Lansverk,23,10,0,2026-09-12 17:37:53
2026-09-12 17:28:40,GEMS208D,0101,Allison Lansverk,10,9,0,2026-09-12 17:37:53
2026-09-12 17:28:40,GEMS208P,0101,Allison Lansverk,20,6,0,2026-09-12 17:37:54
2026-09-12 17:28:40,GEMS296,0101,Sehrish Shikarpurya,14,6,0,2026-09-12 17:37:54
2026-09-12 17:28:40,GEMS296,0102,David Lovell,14,1,0,2026-09-12 17:37:54
2026-09-12 17:28:40,GEMS296,0103,Myles Poulin,14,1,0,2026-09-12 17:37:54
2026-09-12 17:28:40,GEMS296,0104,Raymond Adomaitis,14,3,0,2026-09-12 17:37:54
2026-09-12 17:28:40,GEMS296,0105,Rodolphe Gentili,14,4,0,2026-09-12 17:37:54
2026-09-12 17:28:40,GEMS296,0106,Jared Grauer,14,6,0,2026-09-12 17:37:54
2026-09-12 17:28:40,GEMS296,0107,Fengfeng Ke,14,4,0,2026-09-12 17:37:54
2026-09-12 17:28:40,GEMS296,0108,Eric Silk,14,4,0,2026-09-12 17:37:54
2026-09-12 17:28:40,GEMS296,0109,Huang Chiao Huang,14,1,0,2026-09-12 17:37:54
2026-09-12 17:28:40,GEMS296,0110,Mengqiang Zhu,14,6,0,2026-09-12 17:37:54
2026-09-12 17:28:40,GEMS296,0111,Maria Molina,14,6,0,2026-09-12 17:37:54
2026-09-12 17:28:40,GEMS296,0112,Erin Tran,14,1,0,2026-09-12 17:37:54
2026-09-12 17:28:40,GEMS296,0113,Instructor: TBA,5,5,0,2026-09-12 17:37:54
2026-09-12 17:28:40,GEMS296,0114,Instructor: TBA,14,14,0,2026-09-12 17:37:54
2026-09-12 17:28:40,GEMS296,0115,David Lovell,5,5,0,2026-09-12 17:37:54
2026-09-12 17:28:40,GEMS297,0113,Instructor: TBA,5,5,0,2026-09-12 17:37:54
2026-09-12 17:28:40,GEMS396,0101,Michael Humber,14,7,0,2026-09-12 17:37:55
2026-09-12 17:28:40,GEMS396,0102,Seth Dickey,14,2,0,2026-09-12 17:37:55
2026-09-12 17:28:40,GEMS396,0103,Cecilia Huertas Cerdeira,14,7,0,2026-09-12 17:37:55
2026-09-12 17:28:40,GEMS396,0104,Rodolphe Gentili,14,2,0,2026-09-12 17:37:55
2026-09-12 17:28:40,GEMS396,0105,Allison Reilly,14,5,0,2026-09-12 17:37:55
2026-09-12 17:28:40,GEMS396,0106,Peter Sunderland,14,5,0,2026-09-12 17:37:55
2026-09-12 17:28:40,GEMS396,0107,Brett Lacey,14,8,0,2026-09-12 17:37:55
2026-09-12 17:28:40,GEMS396,0108,Natalia Buzulukova,14,4,0,2026-09-12 17:37:55
2026-09-12 17:28:40,GEMS396,0109,Anil Deane,14,4,0,2026-09-12 17:37:55
2026-09-12 17:28:40,GEMS396,0110,Colenso Speer,14,3,0,2026-09-12 17:37:55
2026-09-12 17:28:40,GEMS396,0111,Instructor: TBA,14,14,0,2026-09-12 17:37:55
2026-09-12 17:28:40,GEMS396,0112,Instructor: TBA,14,14,0,2026-09-12 17:37:55
2026-09-12 17:28:40,GEMS396,0113,David Lovell,5,5,0,2026-09-12 17:37:55
2026-09-12 17:28:40,GEMS396,0114,David Lovell,5,5,0,2026-09-12 17:37:55
2026-09-12 17:28:40,GEMS397,0113,David Lovell,5,4,0,2026-09-12 17:37:55
2026-09-12 17:28:40,GEMS496,0101,Eric Haag,14,8,0,2026-09-12 17:37:55
2026-09-12 17:28:40,GEMS496,0102,Mohammad Nayeem Teli,14,10,0,2026-09-12 17:37:55
2026-09-12 17:28:40,GEMS496,0103,Norberto Gonzalez- Juarbe,14,4,0,2026-09-12 17:37:55
2026-09-12 17:28:40,GEMS496,0104,Abhinav Shrivastava,14,6,0,2026-09-12 17:37:55
2026-09-12 17:28:40,GEMS496,0105,Hector Alcala,14,4,0,2026-09-12 17:37:55
2026-09-12 17:28:40,GEMS496,0106,Massimo Ricotti,14,4,0,2026-09-12 17:37:55
2026-09-12 17:28:40,GEMS496,0107,Reza Ghodssi,14,7,0,2026-09-12 17:37:55
2026-09-12 17:28:40,GEMS496,0108,Nikhil Chopra,14,8,0,2026-09-12 17:37:55
2026-09-12 17:28:40,GEMS496,0109,Kimberly Stroka,14,4,0,2026-09-12 17:37:55
2026-09-12 17:28:40,GEMS496,0110,Gorjan Alagic,14,13,0,2026-09-12 17:37:55
2026-09-12 17:28:40,GEMS496,0111,Alisa Clyne,14,6,0,2026-09-12 17:37:55
2026-09-12 17:28:40,GEMS496,0112,Xin Zan,14,10,0,2026-09-12 17:37:55
2026-09-12 17:28:40,GEMS496,0113,Erin Tran,14,14,0,2026-09-12 17:37:55
2026-09-12 17:28:40,GEMS496,0114,David Lovell,5,5,0,2026-09-12 17:37:55
2026-09-12 17:28:40,GEMS497,0107,Instructor: TBA,14,14,0,2026-09-12 17:37:55
2026-09-12 17:28:40,GEMS497,0110,Instructor: TBA,5,5,0,2026-09-12 17:37:55
2026-09-12 17:28:40,GEMS497,0113,David Lovell,5,5,0,2026-09-12 17:37:55
2026-09-12 17:28:40,GFPL100,0101,Joshua Itzkowitz Shifrinson,20,1,0,2026-09-12 17:38:16
2026-09-12 17:28:40,GFPL100,0102,Joshua Itzkowitz Shifrinson,20,1,0,2026-09-12 17:38:16
2026-09-12 17:28:40,GFPL100,0103,Joshua Itzkowitz Shifrinson,20,1,0,2026-09-12 17:38:16
2026-09-12 17:28:40,GFPL100,0104,Joshua Itzkowitz Shifrinson,20,0,0,2026-09-12 17:38:16
2026-09-12 17:28:40,GFPL100,0105,Joshua Itzkowitz Shifrinson,20,2,0,2026-09-12 17:38:16
2026-09-12 17:28:40,GFPL100,0106,Joshua Itzkowitz Shifrinson,25,2,0,2026-09-12 17:38:16
2026-09-12 17:28:40,GFPL100,FC01,Devin Entrikin,30,0,0,2026-09-12 17:38:16
2026-09-12 17:28:40,GFPL102,0101,Caroline Ritter,95,32,0,2026-09-12 17:38:17
2026-09-12 17:28:40,GFPL371,0101,Joshua Itzkowitz Shifrinson,35,0,0,2026-09-12 17:38:17
2026-09-12 17:28:40,GFPL388A,0101,Shannon Carcelli,5,5,0,2026-09-12 17:38:18
2026-09-12 17:28:40,GFPL388B,0101,Hyunki Kim,5,5,0,2026-09-12 17:38:18
2026-09-12 17:28:40,GFPL388C,0101,Scott Kastner,5,0,0,2026-09-12 17:38:19
2026-09-12 17:28:40,GFPL390,0101,Lena Andrews,20,0,0,2026-09-12 17:38:19
2026-09-12 17:28:40,GFPL490,0101,Michael Woldemariam,15,2,0,2026-09-12 17:38:19
2026-09-12 17:28:40,GFPL492,0101,Steve Fetter,20,1,0,2026-09-12 17:38:19
2026-09-12 17:28:40,GLBC200,0101,Chris Lewis,30,4,0,2026-09-12 17:38:21
2026-09-12 17:28:40,GLBC350,0101,Michele Mason,30,27,0,2026-09-12 17:38:22
2026-09-12 17:28:40,HACS100,0101,Cassie Harrington,40,1,0,2026-09-12 17:38:37
2026-09-12 17:28:40,HACS100,0201,Cassie Harrington,40,15,0,2026-09-12 17:38:37
2026-09-12 17:28:40,HACS200,0101,Michel Cukier,34,10,0,2026-09-12 17:38:37
2026-09-12 17:28:40,HACS200,0201,Michel Cukier,34,1,0,2026-09-12 17:38:37
2026-09-12 17:28:40,HACS202,0101,Bertrand Sobesto,52,19,0,2026-09-12 17:38:38
2026-09-12 17:28:40,HACS208A,0101,Lawrence Gordon,20,0,2,2026-09-12 17:38:38
2026-09-12 17:28:40,HACS208C,0101,Lamia Zia,26,9,0,2026-09-12 17:38:38
2026-09-12 17:28:40,HACS208P,0101,Charles Harry,26,0,0,2026-09-12 17:38:38
2026-09-12 17:28:40,HACS297,0101,Sarah Herberger,25,5,0,2026-09-12 17:38:39
2026-09-12 17:28:40,HACS408E,0101,Luke Mains,30,11,0,2026-09-12 17:38:40
2026-09-12 17:28:40,HACS408L,0101,Ian Serbin,30,2,0,2026-09-12 17:38:40
2026-09-12 17:28:40,HACS408M,0101,John McGahagan,30,0,0,2026-09-12 17:38:40
2026-09-12 17:28:40,HACS498,0101,Thomas Woods,7,1,0,2026-09-12 17:38:41
2026-09-12 17:28:40,HACS498,0201,David Trott,9,0,0,2026-09-12 17:38:41
2026-09-12 17:28:40,HACS498,0301,Michel Cukier,8,0,0,2026-09-12 17:38:41
2026-09-12 17:28:40,HBUS100,0101,Jui Ramaprasad,72,4,0,2026-09-12 17:38:42
2026-09-12 17:28:40,HBUS200,0101,Nicole Coomber,60,1,0,2026-09-12 17:38:42
2026-09-12 17:28:40,HDCC105,0101,Antwon Key,70,7,0,2026-09-12 17:38:44
2026-09-12 17:28:40,HDCC201,0101,Jessica Lu,22,0,0,2026-09-12 17:38:44
2026-09-12 17:28:40,HDCC201,0201,Jessica Lu,22,0,0,2026-09-12 17:38:44
2026-09-12 17:28:40,HDCC201,0301,Jessica Lu,22,3,0,2026-09-12 17:38:44
2026-09-12 17:28:40,HDCC208A,0101,William Evans,14,0,0,2026-09-12 17:38:44
2026-09-12 17:28:40,HDCC208J,0101,Grant Bollmer,14,0,0,2026-09-12 17:38:45
2026-09-12 17:28:40,HDCC208P,0101,Cliff Bakalian,14,1,0,2026-09-12 17:38:45
2026-09-12 17:28:40,HDCC208T,0101,Jonathan Reyes,14,0,0,2026-09-12 17:38:45
2026-09-12 17:28:40,HDCC208Z,0101,M Sauter,14,7,0,2026-09-12 17:38:46
2026-09-12 17:28:40,HEBR106,0101,Avital Karpman,15,1,0,2026-09-12 17:38:47
2026-09-12 17:28:40,HEBR106,0201,Avital Karpman,15,5,0,2026-09-12 17:38:47
2026-09-12 17:28:40,HEBR206,0101,Avital Karpman,15,4,0,2026-09-12 17:38:48
2026-09-12 17:28:40,HEBR249C,0101,Aliza Sandalon,15,0,1,2026-09-12 17:38:48
2026-09-12 17:28:40,HEBR313,0101,Aliza Sandalon,20,0,2,2026-09-12 17:39:48
2026-09-12 17:28:40,HGLO100,0101,Alfredo Oliveira,22,7,0,2026-09-12 17:40:31
2026-09-12 17:28:40,HGLO100,0102,Natalie Vinski Ibrahim,22,9,0,2026-09-12 17:40:31
2026-09-12 17:28:40,HGLO100,0103,Natalie Vinski Ibrahim,22,1,0,2026-09-12 17:40:31
2026-09-12 17:28:40,HGLO100,0104,Alfredo Oliveira,22,11,0,2026-09-12 17:40:31
2026-09-12 17:28:40,HGLO101,0101,Sarah Croco,23,3,0,2026-09-12 17:40:31
2026-09-12 17:28:40,HGLO101,0102,Sarah Croco,22,9,0,2026-09-12 17:40:31
2026-09-12 17:28:40,HGLO101,0103,Sarah Croco,22,5,0,2026-09-12 17:40:31
2026-09-12 17:28:40,HGLO101,0104,Sarah Croco,22,13,0,2026-09-12 17:40:31
2026-09-12 17:28:40,HGLO207,0101,Natalie Vinski Ibrahim,25,12,0,2026-09-12 17:40:31
2026-09-12 17:28:40,HGLO208,0101,Sarah Croco,45,25,0,2026-09-12 17:40:32
2026-09-12 17:28:40,HGLO298,0101,Jordan Gouws-Dewar,30,25,0,2026-09-12 17:40:32
2026-09-12 17:28:40,HLSC100,0101,Jalah Townsend,24,3,0,2026-09-12 17:41:05
2026-09-12 17:28:40,HLSC100,0102,Jalah Townsend,24,2,0,2026-09-12 17:41:05
2026-09-12 17:28:40,HLSC100,0103,Jalah Townsend,24,4,0,2026-09-12 17:41:05
2026-09-12 17:28:40,HLSC100,0104,Jalah Townsend,24,7,0,2026-09-12 17:41:05
2026-09-12 17:28:40,HLSC280,0101,Najib El-Sayed,25,3,0,2026-09-12 17:41:06
2026-09-12 17:28:40,HLSC280,0102,Najib El-Sayed,25,4,0,2026-09-12 17:41:06
2026-09-12 17:28:40,HLSC280,0103,Najib El-Sayed,25,4,0,2026-09-12 17:41:06
2026-09-12 17:28:40,HLSC280,0104,Najib El-Sayed,25,9,0,2026-09-12 17:41:06
2026-09-12 17:28:40,HLSC329,0101,Sabrina Kramer,12,4,0,2026-09-12 17:41:06
2026-09-12 17:28:40,HNUH100,0101,Robert Graham,20,3,0,2026-09-12 17:41:19
2026-09-12 17:28:40,HNUH100,0102,Robert Graham,20,0,0,2026-09-12 17:41:19
2026-09-12 17:28:40,HNUH100,0103,Brittany Proudfoot Ginder,20,1,0,2026-09-12 17:41:19
2026-09-12 17:28:40,HNUH100,0104,Max Barnewitz,20,1,0,2026-09-12 17:41:19
2026-09-12 17:28:40,HNUH100,0105,Vasfiye Toprak,20,0,0,2026-09-12 17:41:19
2026-09-12 17:28:40,HNUH100,0106,Vasfiye Toprak,20,2,0,2026-09-12 17:41:19
2026-09-12 17:28:40,HNUH100,0201,Max Barnewitz,20,1,0,2026-09-12 17:41:19
2026-09-12 17:28:40,HNUH100,0202,Max Barnewitz,20,0,0,2026-09-12 17:41:19
2026-09-12 17:28:40,HNUH100,0203,Vasfiye Toprak,20,2,0,2026-09-12 17:41:19
2026-09-12 17:28:40,HNUH100,0204,Vasfiye Toprak,20,0,0,2026-09-12 17:41:19
2026-09-12 17:28:40,HNUH100,0205,Ayondela McDole,20,4,0,2026-09-12 17:41:19
2026-09-12 17:28:40,HNUH100,0206,Ayondela McDole,20,0,0,2026-09-12 17:41:19
2026-09-12 17:28:40,HNUH100,0301,Robert Graham,20,0,0,2026-09-12 17:41:19
2026-09-12 17:28:40,HNUH100,0302,Shauna Rigaud,20,8,0,2026-09-12 17:41:19
2026-09-12 17:28:40,HNUH100,0303,Shauna Rigaud,20,0,0,2026-09-12 17:41:19
2026-09-12 17:28:40,HNUH100,0304,Max Barnewitz,20,3,0,2026-09-12 17:41:19
2026-09-12 17:28:40,HNUH100,0305,Vasfiye Toprak,20,0,0,2026-09-12 17:41:19
2026-09-12 17:28:40,HNUH100,0306,Vasfiye Toprak,20,1,0,2026-09-12 17:41:19
2026-09-12 17:28:40,HNUH100,0401,Gretchen Bella,20,0,0,2026-09-12 17:41:19
2026-09-12 17:28:40,HNUH100,0402,Gretchen Bella,20,6,0,2026-09-12 17:41:19
2026-09-12 17:28:40,HNUH100,0403,Max Barnewitz,20,1,0,2026-09-12 17:41:19
2026-09-12 17:28:40,HNUH100,0404,Ayondela McDole,20,6,0,2026-09-12 17:41:19
2026-09-12 17:28:40,HNUH100,0405,Ayondela McDole,20,0,0,2026-09-12 17:41:19
2026-09-12 17:28:40,HNUH100,0406,Ayondela McDole,20,4,0,2026-09-12 17:41:19
2026-09-12 17:28:40,HNUH100,0501,Leigha McReynolds,10,4,0,2026-09-12 17:41:19
2026-09-12 17:28:40,HNUH100,0601,Brittany Proudfoot Ginder,20,0,0,2026-09-12 17:41:19
2026-09-12 17:28:40,HNUH218D,0101,Brian Gilmore,48,0,2,2026-09-12 17:41:19
2026-09-12 17:28:40,HNUH218L,0101,Shauna Rigaud,20,0,0,2026-09-12 17:41:19
2026-09-12 17:28:40,HNUH218L,0201,Shauna Rigaud,20,0,0,2026-09-12 17:41:19
2026-09-12 17:28:40,HNUH228D,0101,Matthew McLaughlin,60,2,0,2026-09-12 17:41:20
2026-09-12 17:28:40,HNUH228L,0101,Alena Wigodner,20,0,0,2026-09-12 17:41:20
2026-09-12 17:28:40,HNUH228L,0201,Alena Wigodner,20,0,0,2026-09-12 17:41:20
2026-09-12 17:28:40,HNUH228N,0101,Peter Grybauskas,20,0,0,2026-09-12 17:41:20
2026-09-12 17:28:40,HNUH229I,0101,Gretchen Bella,23,3,0,2026-09-12 17:41:21
2026-09-12 17:28:40,HNUH238D,0101,Susan Moeller,60,3,0,2026-09-12 17:41:21
2026-09-12 17:28:40,HNUH238L,0101,Kimberly Johnson,20,2,0,2026-09-12 17:41:21
2026-09-12 17:28:40,HNUH238L,0201,Kimberly Johnson,20,0,0,2026-09-12 17:41:21
2026-09-12 17:28:40,HNUH238N,0101,Hannah Wegmann,20,6,0,2026-09-12 17:41:21
2026-09-12 17:28:40,HNUH239T,0101,Gerald Suarez,20,0,0,2026-09-12 17:41:22
2026-09-12 17:28:40,HNUH248D,0101,Juan Uriagereka,45,3,0,2026-09-12 17:41:22
2026-09-12 17:28:40,HNUH248L,0201,Robert Graham,20,5,0,2026-09-12 17:41:22
2026-09-12 17:28:40,HNUH248M,0101,Hassanatu Blake,20,13,0,2026-09-12 17:41:23
2026-09-12 17:28:40,HNUH248N,0101,Siv Lie,20,0,1,2026-09-12 17:41:23
2026-09-12 17:28:40,HNUH249P,0101,Temim Nusraty,20,2,0,2026-09-12 17:41:23
2026-09-12 17:28:40,HNUH258C,0101,Bill Fagan,55,26,0,2026-09-12 17:41:23
2026-09-12 17:28:40,HNUH258Q,0101,Tiara Thomas,20,1,0,2026-09-12 17:41:24
2026-09-12 17:28:40,HNUH259P,0101,Hooman Koliji,20,2,0,2026-09-12 17:41:24
2026-09-12 17:28:40,HNUH268C,0101,Perla Guerrero,60,35,0,2026-09-12 17:41:24
2026-09-12 17:28:40,HNUH269P,0101,Marisa Franco,20,0,1,2026-09-12 17:41:24
2026-09-12 17:28:40,HNUH278C,0101,Chinyere Osuji,60,37,0,2026-09-12 17:41:25
2026-09-12 17:28:40,HNUH278I,0101,Marisa Franco,20,5,0,2026-09-12 17:41:25
2026-09-12 17:28:40,HNUH278I,0102,Marisa Franco,20,1,0,2026-09-12 17:41:25
2026-09-12 17:28:40,HNUH278R,0101,Max Barnewitz,20,4,0,2026-09-12 17:41:25
2026-09-12 17:28:40,HNUH288C,0101,Julia Steinberg,30,3,0,2026-09-12 17:41:26
2026-09-12 17:28:40,HNUH288C,0103,Julia Steinberg,30,9,0,2026-09-12 17:41:26
2026-09-12 17:28:40,HNUH288O,0101,Ariana Nash,20,1,0,2026-09-12 17:41:26
2026-09-12 17:28:40,HNUH300,0301,Vasfiye Toprak,20,0,0,2026-09-12 17:41:26
2026-09-12 17:28:40,HNUH300,0401,Robert Graham,20,0,0,2026-09-12 17:41:26
2026-09-12 17:28:40,HNUH300,0601,Alena Wigodner,20,0,0,2026-09-12 17:41:26
2026-09-12 17:28:40,HNUH300,0701,Ingrid Satelmajer,20,14,0,2026-09-12 17:41:26
2026-09-12 17:28:40,HNUH300,0801,Shauna Rigaud,20,0,0,2026-09-12 17:41:26
2026-09-12 17:28:40,HNUH300,0901,Kimberly Johnson,20,4,0,2026-09-12 17:41:26
2026-09-12 17:28:40,HNUH300,1001,Ingrid Satelmajer,20,13,0,2026-09-12 17:41:26
2026-09-12 17:28:40,HNUH318T,0101,Peter Owen,24,1,0,2026-09-12 17:41:27
2026-09-12 17:28:40,HNUH319T,0101,Emily Shetty,22,0,0,2026-09-12 17:41:27
2026-09-12 17:28:40,HNUH328T,0101,Woodie Kessel,24,2,0,2026-09-12 17:41:27
2026-09-12 17:28:40,HNUH329T,0101,Rob Long,20,1,0,2026-09-12 17:41:27
2026-09-12 17:28:40,HNUH338T,0101,Andrew Fausett,22,2,0,2026-09-12 17:41:28
2026-09-12 17:28:40,HNUH348T,0101,Ed Fendley,22,1,0,2026-09-12 17:41:28
2026-09-12 17:28:40,HNUH358T,0101,Sean Misko,22,1,0,2026-09-12 17:41:28
2026-09-12 17:28:40,HNUH359T,0101,Amanda Schoch,20,0,0,2026-09-12 17:41:28
2026-09-12 17:28:40,HNUH368T,0101,Nadia Farra,21,0,0,2026-09-12 17:41:29
2026-09-12 17:28:40,HNUH369T,0101,Andrew Nissen,20,2,0,2026-09-12 17:41:29
2026-09-12 17:28:40,HNUH378T,0101,Joshua Glasser,20,0,0,2026-09-12 17:41:29
2026-09-12 17:28:40,HNUH398P,0101,Jayakumar Arasan,25,21,0,2026-09-12 17:41:29
2026-09-12 17:28:40,HNUH398P,0201,Jayakumar Arasan,5,2,0,2026-09-12 17:41:29
2026-09-12 17:28:40,HNUH398T,0101,Sasha Koo-Oshima,20,3,0,2026-09-12 17:41:30
2026-09-12 17:28:40,HONR368A,0101,Blake Wilder,22,0,0,2026-09-12 17:41:31
2026-09-12 17:28:40,IMDM101,0101,Mollye Bendell,30,16,0,2026-09-12 17:41:35
2026-09-12 17:28:40,IMDM101,0201,Myungin Lee,30,17,0,2026-09-12 17:41:35
2026-09-12 17:28:40,IMDM101,0301,Myungin Lee,30,23,0,2026-09-12 17:41:35
2026-09-12 17:28:40,IMDM127,0101,Roger Eastman,36,20,0,2026-09-12 17:41:36
2026-09-12 17:28:40,IMDM150,0101,Stefano Passeri,30,15,0,2026-09-12 17:41:36
2026-09-12 17:28:40,IMDM227,0101,Stevens Miller,30,2,0,2026-09-12 17:41:36
2026-09-12 17:28:40,IMDM227,0201,Stevens Miller,30,17,0,2026-09-12 17:41:36
2026-09-12 17:28:40,IMDM327,0101,Myungin Lee,25,0,0,2026-09-12 17:41:36
2026-09-12 17:28:40,IMDM350,0101,Jason Farman,29,12,0,2026-09-12 17:41:37
2026-09-12 17:28:40,IMDM490,0101,Matthew Nolan,30,0,0,2026-09-12 17:41:37
2026-09-12 17:28:40,IMDM490,0201,Matthew Nolan,30,16,0,2026-09-12 17:41:37
2026-09-12 17:28:40,IMDM498K,0101,Matthew Nolan,15,1,0,2026-09-12 17:41:38
2026-09-12 17:28:40,IMMR319D,0101,Beka Guluma,20,13,0,2026-09-12 17:41:39
2026-09-12 17:28:40,IMMR394,0101,Wenxi Yang,30,2,0,2026-09-12 17:41:40
2026-09-12 17:28:40,IMMR399,0101,Instructor: TBA,2,2,0,2026-09-12 17:41:40
2026-09-12 17:28:40,IMMR400,0101,Gerson Rosales,20,3,0,2026-09-12 17:41:40
2026-09-12 17:28:40,ISRL249J,0101,Aner Tal,30,24,0,2026-09-12 17:41:51
2026-09-12 17:28:40,ISRL249M,0101,Aliza Sandalon,15,0,1,2026-09-12 17:41:52
2026-09-12 17:28:40,ISRL283,0101,Shay Hazkani,35,6,0,2026-09-12 17:41:52
2026-09-12 17:28:40,ISRL349G,0101,Marwa Maziad,30,1,0,2026-09-12 17:41:52
2026-09-12 17:28:40,ISRL349K,0101,Regev Ben-David,30,24,0,2026-09-12 17:41:52
2026-09-12 17:28:40,ISRL349T,0101,Elli Lieberman,35,22,0,2026-09-12 17:41:53
2026-09-12 17:28:40,ISRL349Y,0101,Adina Friedman,35,27,0,2026-09-12 17:41:53
2026-09-12 17:28:40,ISRL382,0101,Ilai Saltzman,35,1,0,2026-09-12 17:41:53
2026-09-12 17:28:40,ISRL448R,0101,Morad Elsana,25,10,0,2026-09-12 17:41:54
2026-09-12 17:28:40,ITAL103,0101,Antonella D'Amario,18,14,0,2026-09-12 17:41:55
2026-09-12 17:28:40,ITAL103,0201,Antonella D'Amario,18,6,0,2026-09-12 17:41:55
2026-09-12 17:28:40,ITAL103,0301,Joseph Falvo,18,6,0,2026-09-12 17:41:55
2026-09-12 17:28:40,ITAL203,0101,Antonella D'Amario,18,9,0,2026-09-12 17:41:55
2026-09-12 17:28:40,ITAL203,0201,Antonella D'Amario,18,13,0,2026-09-12 17:41:55
2026-09-12 17:28:40,ITAL204,0101,Federica Soddu,18,14,0,2026-09-12 17:41:56
2026-09-12 17:28:40,ITAL207,0101,Mirella Vaglio,18,17,0,2026-09-12 17:41:56
2026-09-12 17:28:40,ITAL301,0101,Federica Soddu,20,11,0,2026-09-12 17:41:56
2026-09-12 17:28:40,ITAL362,0101,Federica Soddu,20,12,0,2026-09-12 17:41:57
2026-09-12 17:28:40,ITAL401,0101,Mirella Vaglio,15,12,0,2026-09-12 17:41:58
2026-09-12 17:28:40,ITAL421,0101,Joseph Falvo,25,14,0,2026-09-12 17:41:58
2026-09-12 17:28:40,ITAL478R,0101,Joseph Falvo,5,3,0,2026-09-12 17:41:58
2026-09-12 17:28:40,JAPN101,0101,Kumiko Akikawa,15,4,0,2026-09-12 17:42:00
2026-09-12 17:28:40,JAPN101,0201,Kumiko Akikawa,15,6,0,2026-09-12 17:42:00
2026-09-12 17:28:40,JAPN101,0301,Kumiko Akikawa,15,5,0,2026-09-12 17:42:00
2026-09-12 17:28:40,JAPN201,0101,Makiko Inoue,15,5,0,2026-09-12 17:42:00
2026-09-12 17:28:40,JAPN201,0201,Makiko Inoue,15,8,0,2026-09-12 17:42:00
2026-09-12 17:28:40,JAPN301,0101,Mari Hamada,15,9,0,2026-09-12 17:42:00
2026-09-12 17:28:40,JAPN311,0101,Jyana Browne,15,11,0,2026-09-12 17:42:01
2026-09-12 17:28:40,JAPN315,0101,Michele Mason,20,6,0,2026-09-12 17:42:01
2026-09-12 17:28:40,JAPN320,0101,Lindsay Yotsukura,15,8,0,2026-09-12 17:42:01
2026-09-12 17:28:40,JAPN498B,0101,Jyana Browne,20,3,0,2026-09-12 17:42:02
2026-09-12 17:28:40,KORA101,0101,Saerom Kwak,15,0,1,2026-09-12 17:42:47
2026-09-12 17:28:40,KORA101,0201,Saerom Kwak,15,1,0,2026-09-12 17:42:47
2026-09-12 17:28:40,KORA101,0301,Saerom Kwak,15,5,0,2026-09-12 17:42:47
2026-09-12 17:28:40,KORA101,0401,Saerom Kwak,15,5,0,2026-09-12 17:42:47
2026-09-12 17:28:40,KORA201,0101,Seong Minne Koh,15,4,0,2026-09-12 17:42:47
2026-09-12 17:28:40,KORA201,0201,Seong Minne Koh,15,5,0,2026-09-12 17:42:47
2026-09-12 17:28:40,KORA201,0301,Seong Minne Koh,15,8,0,2026-09-12 17:42:47
2026-09-12 17:28:40,KORA398G,0101,Instructor: TBA,10,7,0,2026-09-12 17:42:48
2026-09-12 17:28:40,KORA398W,0101,Seong Minne Koh,10,3,0,2026-09-12 17:42:48
2026-09-12 17:28:40,LEAD217,0101,Festus Ainoo,25,0,0,2026-09-12 17:43:04
2026-09-12 17:28:40,LEAD217,0201,Adrian Bitton,25,0,0,2026-09-12 17:43:04
2026-09-12 17:28:40,LEAD217,FC01,Festus Ainoo,22,0,1,2026-09-12 17:43:04
2026-09-12 17:28:40,LEAD305,0101,Anastasia Lavrenyuk,20,4,0,2026-09-12 17:43:04
2026-09-12 17:28:40,LEAD315,0101,Anastasia Lavrenyuk,25,11,0,2026-09-12 17:43:04
2026-09-12 17:28:40,LEAD320,0101,Courtney Holder,10,8,0,2026-09-12 17:43:05
2026-09-12 17:28:40,LGBT200,0201,Basanth Babu,25,0,3,2026-09-12 17:43:06
2026-09-12 17:28:40,LGBT265,0101,Tyra Griffin,30,0,0,2026-09-12 17:43:06
2026-09-12 17:28:40,LGBT265,0201,Declan Langton,30,2,0,2026-09-12 17:43:06
2026-09-12 17:28:40,LGBT359J,0101,Chris Eng,25,14,0,2026-09-12 17:43:07
2026-09-12 17:28:40,MLAW100,0101,Christine White,83,15,0,2026-09-12 17:43:39
2026-09-12 17:28:40,MLAW304,0201,Christine White,65,16,0,2026-09-12 17:43:40
2026-09-12 17:28:40,MLAW305,0101,Brian Gilmore,40,2,0,2026-09-12 17:43:40
2026-09-12 17:28:40,MLAW315,0101,Grace Benton,13,3,0,2026-09-12 17:43:40
2026-09-12 17:28:40,MLAW358Q,0101,David Cunningham,0,0,0,2026-09-12 17:43:41
2026-09-12 17:28:40,MLAW358T,0101,Christine White,25,6,0,2026-09-12 17:43:41
2026-09-12 17:28:40,MLAW358X,0101,Martin Kobren,5,0,0,2026-09-12 17:43:41
2026-09-12 17:28:40,MLAW359,0101,Brandee Pettus,10,4,0,2026-09-12 17:43:41
2026-09-12 17:28:40,MLAW378E,0101,Brandee Pettus,5,5,0,2026-09-12 17:43:42
2026-09-12 17:28:40,MLAW378K,0101,Brian Gilmore,20,1,0,2026-09-12 17:43:42
2026-09-12 17:28:40,MLAW378Q,0101,Paul Huth,2,0,0,2026-09-12 17:43:42
2026-09-12 17:28:40,MLAW378R,0101,Nancy Schertzing,13,2,0,2026-09-12 17:43:42
2026-09-12 17:28:40,MLAW388,0101,Brandee Pettus,40,20,0,2026-09-12 17:43:43
2026-09-12 17:28:40,MLSC250,FC01,William Simpson,24,4,0,2026-09-12 17:43:44
2026-09-12 17:28:40,NEUR200,0101,Ana Navarro Cebrian,80,3,0,2026-09-12 17:44:03
2026-09-12 17:28:40,NEUR200,0201,Ana Navarro Cebrian,80,0,1,2026-09-12 17:44:03
2026-09-12 17:28:40,NEUR200,0301,Evan Hart,80,0,0,2026-09-12 17:44:03
2026-09-12 17:28:40,NEUR305,0101,Amanda Chicoli,100,10,0,2026-09-12 17:44:04
2026-09-12 17:28:40,NEUR306,0101,Chan Lin,200,7,0,2026-09-12 17:44:04
2026-09-12 17:28:40,NEUR398H,0101,Nikolas Francis,20,1,0,2026-09-12 17:44:05
2026-09-12 17:28:40,NEUR405,0101,Hilary Bierman,20,1,0,2026-09-12 17:44:05
2026-09-12 17:28:40,NEUR405,0102,Hilary Bierman,20,0,0,2026-09-12 17:44:05
2026-09-12 17:28:40,NEUR405,0103,Hilary Bierman,20,0,0,2026-09-12 17:44:05
2026-09-12 17:28:40,PEER312,0101,Aleia Gardner,15,8,0,2026-09-12 17:44:18
2026-09-12 17:28:40,PEER318,0101,Christina Jay,15,11,0,2026-09-12 17:44:19
2026-09-12 17:28:40,PEER319,0101,Grace Boudreau,15,7,0,2026-09-12 17:44:19
2026-09-12 17:28:40,PHPE308D,0101,Xinzhi Zhao,30,8,0,2026-09-12 17:44:39
2026-09-12 17:28:40,PHPE308F,0101,Regev Ben-David,30,24,0,2026-09-12 17:44:39
2026-09-12 17:28:40,PHPE308O,0101,Jackson Iszler,30,0,0,2026-09-12 17:44:39
2026-09-12 17:28:40,PHPE308T,0101,Hallie Liberto,30,17,0,2026-09-12 17:44:40
2026-09-12 17:28:40,PHPE308Y,0101,Rachel Singpurwalla,20,0,1,2026-09-12 17:44:40
2026-09-12 17:28:40,PHPE308Y,0102,Rachel Singpurwalla,20,0,2,2026-09-12 17:44:40
2026-09-12 17:28:40,PHPE308Y,0103,Rachel Singpurwalla,20,0,3,2026-09-12 17:44:40
2026-09-12 17:28:40,PHPE400,0101,Justin Helms,18,0,0,2026-09-12 17:44:40
2026-09-12 17:28:40,PHPE400,0102,Justin Helms,18,0,0,2026-09-12 17:44:40
2026-09-12 17:28:40,PHPE400,0103,Justin Helms,20,1,0,2026-09-12 17:44:40
2026-09-12 17:28:40,PHPE401,0101,Xinzhi Zhao,25,0,3,2026-09-12 17:44:41
2026-09-12 17:28:40,PHPE402,0101,Dan Moller,30,2,0,2026-09-12 17:44:41
2026-09-12 17:28:40,PHPE408J,0101,Lixing Miao,25,1,0,2026-09-12 17:44:41
2026-09-12 17:28:40,PHPE408R,0101,Xinzhi Zhao,25,8,0,2026-09-12 17:44:41
2026-09-12 17:28:40,PHSC388J,0101,Kendall Bustad,20,6,0,2026-09-12 17:44:43
2026-09-12 17:28:40,PHSC399,0101,Shannon Edward,30,8,0,2026-09-12 17:44:44
2026-09-12 17:28:40,PHSC415,0101,Jessica O'Hara,31,0,1,2026-09-12 17:44:45
2026-09-12 17:28:40,PHSC415,0102,Jessica O'Hara,31,0,1,2026-09-12 17:44:45
2026-09-12 17:28:40,PHSC415,0103,Jessica O'Hara,31,0,1,2026-09-12 17:44:45
2026-09-12 17:28:40,PHSC415,0104,Jessica O'Hara,31,2,0,2026-09-12 17:44:45
2026-09-12 17:28:40,PHSC415,0105,Jessica O'Hara,31,2,0,2026-09-12 17:44:45
2026-09-12 17:28:40,PHSC420,0101,Jennifer German,35,4,0,2026-09-12 17:44:45
2026-09-12 17:28:40,PHSC450,0101,Kendall Bustad,20,0,0,2026-09-12 17:44:46
2026-09-12 17:28:40,PHSC450,0102,Kendall Bustad,20,0,0,2026-09-12 17:44:46
2026-09-12 17:28:40,PHSC450,0103,Kendall Bustad,20,0,0,2026-09-12 17:44:46
2026-09-12 17:28:40,PHSC450,0104,Kendall Bustad,20,1,0,2026-09-12 17:44:46
2026-09-12 17:28:40,PHSC450,0105,Kendall Bustad,20,0,0,2026-09-12 17:44:46
2026-09-12 17:28:40,PHSC450,0106,Kendall Bustad,20,0,0,2026-09-12 17:44:46
2026-09-12 17:28:40,PHSC450,0107,Kendall Bustad,20,1,0,2026-09-12 17:44:46
2026-09-12 17:28:40,PHSC450,0108,Kendall Bustad,20,0,0,2026-09-12 17:44:46
2026-09-12 17:28:40,PHSC497,0101,Kendall Bustad,20,2,0,2026-09-12 17:44:46
2026-09-12 17:28:40,PHSC497,0301,Shannon Edward,20,3,0,2026-09-12 17:44:46
2026-09-12 17:28:40,PHSC497,0601,Jennifer German,20,3,0,2026-09-12 17:44:46
2026-09-12 17:28:40,PLCY100,0101,Toby Egan,25,0,1,2026-09-12 17:45:07
2026-09-12 17:28:40,PLCY100,0102,Toby Egan,25,0,0,2026-09-12 17:45:07
2026-09-12 17:28:40,PLCY100,0103,Toby Egan,25,0,0,2026-09-12 17:45:07
2026-09-12 17:28:40,PLCY100,0104,Toby Egan,25,1,0,2026-09-12 17:45:07
2026-09-12 17:28:40,PLCY100,0201,Namrta Sharma,25,12,0,2026-09-12 17:45:07
2026-09-12 17:28:40,PLCY100,0202,Namrta Sharma,25,15,0,2026-09-12 17:45:07
2026-09-12 17:28:40,PLCY100,0203,Namrta Sharma,25,1,0,2026-09-12 17:45:07
2026-09-12 17:28:40,PLCY100,0204,Namrta Sharma,25,10,0,2026-09-12 17:45:07
2026-09-12 17:28:40,PLCY101,0101,Robert Sprinkle,75,0,0,2026-09-12 17:45:08
2026-09-12 17:28:40,PLCY170,0101,Joshua Itzkowitz Shifrinson,20,1,0,2026-09-12 17:45:08
2026-09-12 17:28:40,PLCY170,0102,Joshua Itzkowitz Shifrinson,20,1,0,2026-09-12 17:45:08
2026-09-12 17:28:40,PLCY170,0103,Joshua Itzkowitz Shifrinson,20,1,0,2026-09-12 17:45:08
2026-09-12 17:28:40,PLCY170,0104,Joshua Itzkowitz Shifrinson,20,0,0,2026-09-12 17:45:08
2026-09-12 17:28:40,PLCY170,0105,Joshua Itzkowitz Shifrinson,20,2,0,2026-09-12 17:45:08
2026-09-12 17:28:40,PLCY170,0106,Joshua Itzkowitz Shifrinson,25,2,0,2026-09-12 17:45:08
2026-09-12 17:28:40,PLCY172,0101,Caroline Ritter,95,32,0,2026-09-12 17:45:08
2026-09-12 17:28:40,PLCY200,0101,Shanna Pearson-Merkowitz,35,0,0,2026-09-12 17:45:09
2026-09-12 17:28:40,PLCY200,0201,Shanna Pearson-Merkowitz,35,1,0,2026-09-12 17:45:09
2026-09-12 17:28:40,PLCY200,0301,Namrta Sharma,35,0,1,2026-09-12 17:45:09
2026-09-12 17:28:40,PLCY201,0101,Julio Guzman,70,0,0,2026-09-12 17:45:09
2026-09-12 17:28:40,PLCY201,0201,Gregory Ramsay,60,0,0,2026-09-12 17:45:09
2026-09-12 17:28:40,PLCY201,FC01,Anne Kaiser,32,0,0,2026-09-12 17:45:09
2026-09-12 17:28:40,PLCY201,FC02,Anne Kaiser,32,6,0,2026-09-12 17:45:09
2026-09-12 17:28:40,PLCY201S,0101,Susannah Washburn,80,4,0,2026-09-12 17:45:09
2026-09-12 17:28:40,PLCY203,0101,Thomas Hilde,60,9,0,2026-09-12 17:45:09
2026-09-12 17:28:40,PLCY203,0201,Anne Kaiser,60,38,0,2026-09-12 17:45:09
2026-09-12 17:28:40,PLCY213,0201,Claire Dunning,40,3,0,2026-09-12 17:45:10
2026-09-12 17:28:40,PLCY214,0101,Patricia Bory,65,20,0,2026-09-12 17:45:10
2026-09-12 17:28:40,PLCY240,0101,Timothy Reedy,30,0,0,2026-09-12 17:45:10
2026-09-12 17:28:40,PLCY288K,0101,CHRISTIAN OSTERMANN,25,1,0,2026-09-12 17:45:11
2026-09-12 17:28:40,PLCY300,0101,Alana Hackshaw,45,0,1,2026-09-12 17:45:11
2026-09-12 17:28:40,PLCY300,0201,Namrta Sharma,45,28,0,2026-09-12 17:45:11
2026-09-12 17:28:40,PLCY301,0101,Caroline Boules,165,2,0,2026-09-12 17:45:11
2026-09-12 17:28:40,PLCY302,0101,Niambi Carter,40,2,0,2026-09-12 17:45:11
2026-09-12 17:28:40,PLCY302,0201,Ebonie Johnson Cooper,40,0,0,2026-09-12 17:45:11
2026-09-12 17:28:40,PLCY302,0301,Lindsay Dieudonne,40,0,1,2026-09-12 17:45:11
2026-09-12 17:28:40,PLCY303,0101,Juan Martinez Guzman,40,3,0,2026-09-12 17:45:12
2026-09-12 17:28:40,PLCY304,0101,Michael Busse,40,11,0,2026-09-12 17:45:12
2026-09-12 17:28:40,PLCY304,0201,Michael Busse,40,12,0,2026-09-12 17:45:12
2026-09-12 17:28:40,PLCY309,0101,Martin Sanders,30,16,0,2026-09-12 17:45:12
2026-09-12 17:28:40,PLCY310,0101,Selvon Waldron,35,16,0,2026-09-12 17:45:12
2026-09-12 17:28:40,PLCY313,0101,Gerard Evans,100,3,0,2026-09-12 17:45:13
2026-09-12 17:28:40,PLCY371,0101,Joshua Itzkowitz Shifrinson,35,0,0,2026-09-12 17:45:13
2026-09-12 17:28:40,PLCY380,0101,Isabel O'Malley,40,8,0,2026-09-12 17:45:13
2026-09-12 17:28:40,PLCY380,ESG1,Kisha McNeill,30,0,0,2026-09-12 17:45:13
2026-09-12 17:28:40,PLCY388A,0101,Brandi Onowu,40,8,0,2026-09-12 17:45:14
2026-09-12 17:28:40,PLCY388N,0101,Nina Harris,25,2,0,2026-09-12 17:45:14
2026-09-12 17:28:40,PLCY390,0101,Lena Andrews,20,0,0,2026-09-12 17:45:14
2026-09-12 17:28:40,PLCY399B,0101,Beatrice DeBelen,30,19,0,2026-09-12 17:45:14
2026-09-12 17:28:40,PLCY400,0101,Patricia Bory,25,1,0,2026-09-12 17:45:15
2026-09-12 17:28:40,PLCY401,0101,Anand Patwardhan,20,5,0,2026-09-12 17:45:15
2026-09-12 17:28:40,PLCY401,0201,Tracy Thompson,20,0,0,2026-09-12 17:45:15
2026-09-12 17:28:40,PLCY401,0301,David Mussington,20,9,0,2026-09-12 17:45:15
2026-09-12 17:28:40,PLCY490,0101,Michael Woldemariam,15,2,0,2026-09-12 17:45:16
2026-09-12 17:28:40,PLCY492,0101,Steve Fetter,20,1,0,2026-09-12 17:45:16
2026-09-12 17:28:40,PLCY610,0201,Alec Worsnop,40,9,0,2026-09-12 17:45:16
2026-09-12 17:28:40,PLCY630,0101,Catherine Worsnop,25,2,0,2026-09-12 17:45:16
2026-09-12 17:28:40,PLCY630,0201,Catherine Worsnop,25,3,0,2026-09-12 17:45:16
2026-09-12 17:28:40,PLCY631,0101,Cullen Merritt,25,0,0,2026-09-12 17:45:17
2026-09-12 17:28:40,PLCY640,0201,Thomas Spreen,30,5,0,2026-09-12 17:45:17
2026-09-12 17:28:40,PLCY641,0101,Tyler Kustra,30,2,0,2026-09-12 17:45:17
2026-09-12 17:28:40,PLCY641,0201,Tyler Kustra,30,10,0,2026-09-12 17:45:17
2026-09-12 17:28:40,PLCY670,0101,Philip Joyce,30,0,0,2026-09-12 17:45:18
2026-09-12 17:28:40,PLCY680,0101,Claire Dunning,25,0,0,2026-09-12 17:45:18
2026-09-12 17:28:40,PLCY680,0201,Michael Woldemariam,25,5,0,2026-09-12 17:45:18
2026-09-12 17:28:40,PLCY688C,0101,Charles Harry,20,10,0,2026-09-12 17:45:18
2026-09-12 17:28:40,PLCY688F,PWL1,Nekeya O'Connor,20,0,0,2026-09-12 17:45:19
2026-09-12 17:28:40,PLCY688P,0101,Steve Fetter,10,1,0,2026-09-12 17:45:19
2026-09-12 17:28:40,PLCY688Z,0101,Brandi Onowu,20,5,0,2026-09-12 17:45:19
2026-09-12 17:28:40,PLCY689E,0101,Susan Parker,20,0,0,2026-09-12 17:45:19
2026-09-12 17:28:40,PLCY690,0110,David Mussington,15,3,0,2026-09-12 17:45:20
2026-09-12 17:28:40,PLCY690,0120,Margaret Brindle,15,2,0,2026-09-12 17:45:20
2026-09-12 17:28:40,PLCY690,0130,Douglas Call,15,0,0,2026-09-12 17:45:20
2026-09-12 17:28:40,PLCY690,0150,Paul Brown,15,1,0,2026-09-12 17:45:20
2026-09-12 17:28:40,PLCY690,0170,James Stillwell,15,0,0,2026-09-12 17:45:20
2026-09-12 17:28:40,PLCY698T,0101,Elizabeth Duke,20,7,0,2026-09-12 17:45:20
2026-09-12 17:28:40,PLCY699L,0101,Michael Woldemariam,10,1,0,2026-09-12 17:45:20
2026-09-12 17:28:40,PLCY720,0101,Nancy Gallagher,20,2,0,2026-09-12 17:45:20
2026-09-12 17:28:40,PLCY734,0101,Niambi Carter,20,0,0,2026-09-12 17:45:21
2026-09-12 17:28:40,PLCY735,0101,Robert Sprinkle,20,7,0,2026-09-12 17:45:21
2026-09-12 17:28:40,PLCY741,0101,Anand Patwardhan,20,7,0,2026-09-12 17:45:21
2026-09-12 17:28:40,PLCY742,0101,Thomas Hilde,20,8,0,2026-09-12 17:45:22
2026-09-12 17:28:40,PLCY780,0101,Robert Orr,20,0,0,2026-09-12 17:45:22
2026-09-12 17:28:40,PLCY781,0101,Julio Guzman,20,2,0,2026-09-12 17:45:22
2026-09-12 17:28:40,PLCY783,0101,Margaret Brindle,20,7,0,2026-09-12 17:45:22
2026-09-12 17:28:40,PLCY798F,PWL1,William Nolte,25,18,0,2026-09-12 17:45:23
2026-09-12 17:28:40,PLCY798V,0101,Shanna Pearson-Merkowitz,12,0,0,2026-09-12 17:45:24
2026-09-12 17:28:40,PLCY798W,0101,Martin Sanders,10,9,0,2026-09-12 17:45:24
2026-09-12 17:28:40,PLCY798Y,PWL1,Jeffrey Franco,25,0,0,2026-09-12 17:45:24
2026-09-12 17:28:40,PLCY798Z,0101,Peter Reuter,12,0,0,2026-09-12 17:45:24
2026-09-12 17:28:40,PLSC112,0101,Samuel Daramola,100,10,0,2026-09-12 17:45:27
2026-09-12 17:28:40,PLSC113,0101,Samuel Daramola,24,2,0,2026-09-12 17:45:27
2026-09-12 17:28:40,PLSC113,0102,Samuel Daramola,24,5,0,2026-09-12 17:45:27
2026-09-12 17:28:40,PLSC113,0103,Samuel Daramola,24,12,0,2026-09-12 17:45:27
2026-09-12 17:28:40,PLSC113,0104,Samuel Daramola,24,9,0,2026-09-12 17:45:27
2026-09-12 17:28:40,PLSC115,0101,Shirley Micallef,24,1,0,2026-09-12 17:45:27
2026-09-12 17:28:40,PLSC201,0101,Pierre Jacob,42,15,0,2026-09-12 17:45:27
2026-09-12 17:28:40,PLSC203,0101,Vijay Tiwari,23,17,0,2026-09-12 17:45:28
2026-09-12 17:28:40,PLSC205,0101,Mark Carroll,22,1,0,2026-09-12 17:45:28
2026-09-12 17:28:40,PLSC206,0101,Pierre Jacob,21,8,0,2026-09-12 17:45:28
2026-09-12 17:28:40,PLSC206,0102,Pierre Jacob,21,7,0,2026-09-12 17:45:28
2026-09-12 17:28:40,PLSC253,0101,Karen Petroff,24,1,0,2026-09-12 17:45:28
2026-09-12 17:28:40,PLSC253,0102,Karen Petroff,24,5,0,2026-09-12 17:45:28
2026-09-12 17:28:40,PLSC389,0101,Craig Beyrouty,17,17,0,2026-09-12 17:45:29
2026-09-12 17:28:40,PLSC402,0101,Geoffrey Rinehart,10,3,0,2026-09-12 17:45:29
2026-09-12 17:28:40,PLSC404,0101,Yiping Qi,20,11,0,2026-09-12 17:45:30
2026-09-12 17:28:40,PLSC420,0101,Nidhi Rawat,18,5,0,2026-09-12 17:45:30
2026-09-12 17:28:40,PLSC420,0102,Nidhi Rawat,18,12,0,2026-09-12 17:45:30
2026-09-12 17:28:40,PLSC433,0101,Diana Cochran,10,2,0,2026-09-12 17:45:30
2026-09-12 17:28:40,PLSC453,0101,Samuel Daramola,24,1,0,2026-09-12 17:45:30
2026-09-12 17:28:40,PLSC471,0101,Juanita Choo,20,0,0,2026-09-12 17:45:31
2026-09-12 17:28:40,PLSC476,0101,Maile Neel,23,19,0,2026-09-12 17:45:31
2026-09-12 17:28:40,PLSC608,0101,Shunyuan Xiao,20,13,0,2026-09-12 17:45:31
2026-09-12 17:28:40,PORT103,0101,Parker Brookie,15,6,0,2026-09-12 17:45:34
2026-09-12 17:28:40,PORT205,0101,Parker Brookie,15,4,0,2026-09-12 17:45:34
2026-09-12 17:28:40,PORT332,0101,Parker Brookie,25,0,0,2026-09-12 17:45:34
2026-09-12 17:28:40,RELS120,0101,Antoine Borrut,40,8,0,2026-09-12 17:45:59
2026-09-12 17:28:40,RELS170,0101,Chiara Graf,21,1,0,2026-09-12 17:45:59
2026-09-12 17:28:40,RELS170,0102,Chiara Graf,21,0,0,2026-09-12 17:45:59
2026-09-12 17:28:40,RELS170,0103,Chiara Graf,21,0,0,2026-09-12 17:45:59
2026-09-12 17:28:40,RELS170,0104,Chiara Graf,21,0,0,2026-09-12 17:45:59
2026-09-12 17:28:40,RELS170,0105,Chiara Graf,21,0,0,2026-09-12 17:45:59
2026-09-12 17:28:40,RELS170,0106,Chiara Graf,21,0,0,2026-09-12 17:45:59
2026-09-12 17:28:40,RELS170,0107,Chiara Graf,21,0,0,2026-09-12 17:45:59
2026-09-12 17:28:40,RELS170,0108,Chiara Graf,21,1,0,2026-09-12 17:45:59
2026-09-12 17:28:40,RELS170,0109,Chiara Graf,22,0,0,2026-09-12 17:45:59
2026-09-12 17:28:40,RELS171,0101,Maxine Grossman,40,8,0,2026-09-12 17:45:59
2026-09-12 17:28:40,RELS219K,0101,Shay Hazkani,40,33,0,2026-09-12 17:46:00
2026-09-12 17:28:40,RELS225,0101,Stephanie Cooper,25,3,0,2026-09-12 17:46:00
2026-09-12 17:28:40,RELS273,0101,Hayim Lapin,23,0,0,2026-09-12 17:46:00
2026-09-12 17:28:40,RELS273,0102,Hayim Lapin,23,3,0,2026-09-12 17:46:00
2026-09-12 17:28:40,RELS273,0103,Hayim Lapin,23,1,0,2026-09-12 17:46:00
2026-09-12 17:28:40,RELS274,0101,Matthew Suriano,20,0,0,2026-09-12 17:46:01
2026-09-12 17:28:40,RELS274,0102,Matthew Suriano,20,0,1,2026-09-12 17:46:01
2026-09-12 17:28:40,RELS274,0103,Matthew Suriano,20,0,0,2026-09-12 17:46:01
2026-09-12 17:28:40,RELS274,0104,Matthew Suriano,20,0,0,2026-09-12 17:46:01
2026-09-12 17:28:40,RELS319D,0101,Nathan Levine,35,26,0,2026-09-12 17:46:01
2026-09-12 17:28:40,RELS319Z,0101,Regev Ben-David,30,26,0,2026-09-12 17:46:01
2026-09-12 17:28:40,RELS341,0101,Janna Bianchini,30,0,0,2026-09-12 17:46:02
2026-09-12 17:28:40,RUSS101,0101,Inna Hardman,15,6,0,2026-09-12 17:46:03
2026-09-12 17:28:40,RUSS101,0201,Inna Hardman,15,6,0,2026-09-12 17:46:03
2026-09-12 17:28:40,RUSS201,0101,Zhanna Gerus-Vernola,15,8,0,2026-09-12 17:46:04
2026-09-12 17:28:40,RUSS301,0101,Izolda Savenkova,15,5,0,2026-09-12 17:46:04
2026-09-12 17:28:40,RUSS321,0101,Elizabeth Papazian,15,5,0,2026-09-12 17:46:04
2026-09-12 17:28:40,RUSS334,0101,Elizabeth Papazian,25,0,0,2026-09-12 17:46:04
2026-09-12 17:28:40,RUSS404,0101,Izolda Savenkova,15,1,0,2026-09-12 17:46:05
2026-09-12 17:28:40,SDSB123,0101,Brian Kim,40,7,0,2026-09-12 17:46:07
2026-09-12 17:28:40,SDSB180,0101,Brian Kim,180,126,0,2026-09-12 17:46:07
2026-09-12 17:28:40,SDSB233,0101,Jacob Coutts,25,1,0,2026-09-12 17:46:08
2026-09-12 17:28:40,SDSB233,0102,Jacob Coutts,25,10,0,2026-09-12 17:46:08
2026-09-12 17:28:40,SDSB233,0103,Jacob Coutts,25,9,0,2026-09-12 17:46:08
2026-09-12 17:28:40,SDSB326,0101,Jacob Coutts,50,31,0,2026-09-12 17:46:08
2026-09-12 17:28:40,SDSB340,0101,Neil Lund,40,0,0,2026-09-12 17:46:08
2026-09-12 17:28:40,SDSI414,0201,Maria Krupenkin,34,15,0,2026-09-12 17:46:10
2026-09-12 17:28:40,SDSI414,0202,Maria Krupenkin,34,0,0,2026-09-12 17:46:10
2026-09-12 17:28:40,SDSI492,0101,TJ Rainsford,50,8,0,2026-09-12 17:46:10
2026-09-12 17:28:40,SDSI492,0103,Mary Ann Francis,40,0,2,2026-09-12 17:46:10
2026-09-12 17:28:40,SDSI492,0104,TJ Rainsford,50,0,0,2026-09-12 17:46:10
2026-09-12 17:28:40,SDSI492,0106,Jesse Klein,50,0,5,2026-09-12 17:46:10
2026-09-12 17:28:40,SDSI492,0107,Connie Siebold,40,0,3,2026-09-12 17:46:10
2026-09-12 17:28:40,SDSI492,0110,Patrick Thornton,50,29,0,2026-09-12 17:46:10
2026-09-12 17:28:40,SLLC108I,0101,Instructor: TBA,5,4,0,2026-09-12 17:46:13
2026-09-12 17:28:40,SLLC108J,0101,Instructor: TBA,5,5,0,2026-09-12 17:46:13
2026-09-12 17:28:40,SLLC108W,0101,Instructor: TBA,5,4,0,2026-09-12 17:46:13
2026-09-12 17:28:40,SLLC118A,0101,Sean Pue,10,4,0,2026-09-12 17:46:14
2026-09-12 17:28:40,SLLC200,0101,Chris Lewis,30,4,0,2026-09-12 17:46:14
2026-09-12 17:28:40,SLLC286,0101,Andrew Schonebaum,60,5,0,2026-09-12 17:46:14
2026-09-12 17:28:40,SLLC309,0101,Ahmed Hanafy,10,10,0,2026-09-12 17:46:14
2026-09-12 17:28:40,SLLC309,0102,Ahmed Hanafy,10,8,0,2026-09-12 17:46:14
2026-09-12 17:28:40,SLLC309,0103,Ahmed Hanafy,10,7,0,2026-09-12 17:46:14
2026-09-12 17:28:40,SLLC309,0104,Ahmed Hanafy,10,5,0,2026-09-12 17:46:14
2026-09-12 17:28:40,SLLC309,0105,Ahmed Hanafy,10,6,0,2026-09-12 17:46:14
2026-09-12 17:28:40,SLLC309,0106,Ahmed Hanafy,10,6,0,2026-09-12 17:46:14
2026-09-12 17:28:40,SLLC309,0107,Ahmed Hanafy,10,8,0,2026-09-12 17:46:14
2026-09-12 17:28:40,SLLC309,0108,Ahmed Hanafy,10,9,0,2026-09-12 17:46:14
2026-09-12 17:28:40,SLLC309,0109,Ahmed Hanafy,10,7,0,2026-09-12 17:46:14
2026-09-12 17:28:40,SLLC309,0110,Ahmed Hanafy,10,3,0,2026-09-12 17:46:14
2026-09-12 17:28:40,SLLC309,0111,Ahmed Hanafy,10,10,0,2026-09-12 17:46:14
2026-09-12 17:28:40,SLLC329,0101,Marilyn Matar,13,0,0,2026-09-12 17:46:15
2026-09-12 17:28:40,SLLC329,0102,Marilyn Matar,10,0,0,2026-09-12 17:46:15
2026-09-12 17:28:40,SLLC329,0103,Marilyn Matar,21,2,0,2026-09-12 17:46:15
2026-09-12 17:28:40,SLLC329,0104,Marilyn Matar,10,4,0,2026-09-12 17:46:15
2026-09-12 17:28:40,SLLC329,0105,Marilyn Matar,10,9,0,2026-09-12 17:46:15
2026-09-12 17:28:40,SLLC329,0106,Marilyn Matar,10,1,0,2026-09-12 17:46:15
2026-09-12 17:28:40,SLLC329,0107,Marilyn Matar,10,7,0,2026-09-12 17:46:15
2026-09-12 17:28:40,SLLC329,0108,Marilyn Matar,10,7,0,2026-09-12 17:46:15
2026-09-12 17:28:40,SLLC329,0109,Marilyn Matar,10,4,0,2026-09-12 17:46:15
2026-09-12 17:28:40,SLLC329,0110,Marilyn Matar,20,3,0,2026-09-12 17:46:15
2026-09-12 17:28:40,SLLC350,0101,Michele Mason,30,27,0,2026-09-12 17:46:15
2026-09-12 17:28:40,SMLP470,0101,Brooke Smith,45,13,0,2026-09-12 17:46:17
2026-09-12 17:28:40,SMLP472,0101,Sara Herald,60,19,0,2026-09-12 17:46:17
2026-09-12 17:28:40,TLTC310,0101,Danielle Pafe,0,0,0,2026-09-12 17:47:11
2026-09-12 17:28:40,TLTC310,0201,Yanira Ortiz,20,11,0,2026-09-12 17:47:11
2026-09-12 17:28:40,TLTC333,0101,Mona Thompson,63,1,0,2026-09-12 17:47:11
2026-09-12 17:28:40,TLTC333,0102,Mona Thompson,63,0,0,2026-09-12 17:47:11
2026-09-12 17:28:40,TLTC333,0105,Mona Thompson,63,0,0,2026-09-12 17:47:11
2026-09-12 17:28:40,UMEI005,0101,Charles Duquette,15,2,0,2026-09-12 17:47:13
2026-09-12 17:28:40,UMEI005,0201,Heather Mehrtens,15,9,0,2026-09-12 17:47:13
2026-09-12 17:28:40,UMEI005,0301,Marilena Draganescu,15,11,0,2026-09-12 17:47:13
2026-09-12 17:28:40,UMEI012,0101,Louise Godley,10,10,0,2026-09-12 17:47:13
2026-09-12 17:28:40,UMEI013,0101,Louise Godley,10,7,0,2026-09-12 17:47:13
2026-09-12 17:28:40,UMEI028A,0101,Raymond Smith,16,14,0,2026-09-12 17:47:14
2026-09-12 17:28:40,UMEI506,0101,Heather Mehrtens,16,0,0,2026-09-12 17:47:14
2026-09-12 17:28:40,UMEI506,0201,Heather Mehrtens,16,6,0,2026-09-12 17:47:14
2026-09-12 17:28:40,UMEI507,0101,Marilena Draganescu,15,4,0,2026-09-12 17:47:14
2026-09-12 17:28:40,USLT201,0101,Robert Chester,25,1,0,2026-09-12 17:47:21
2026-09-12 17:28:40,USLT398C,0101,Angela Pico Pinto,25,18,0,2026-09-12 17:47:21
2026-09-12 17:28:40,USLT450,0101,Robert Chester,20,0,0,2026-09-12 17:47:21
2026-09-12 17:28:40,USLT498C,0101,Ana Rodriguez,20,14,0,2026-09-12 17:47:22
2026-09-12 17:28:40,VIPS099,0115,Veronica Kang,5,3,0,2026-09-12 17:47:23
2026-09-12 17:28:40,VIPS208,0101,Mary Bowden,10,10,0,2026-09-12 17:47:23
2026-09-12 17:28:40,VIPS208,0102,Ken Kiger,10,2,0,2026-09-12 17:47:23
2026-09-12 17:28:40,VIPS208,0103,Bryan Quinn,10,9,0,2026-09-12 17:47:23
2026-09-12 17:28:40,VIPS208,0104,Abdil Chowdhury,10,1,0,2026-09-12 17:47:23
2026-09-12 17:28:40,VIPS208,0105,Molly Carton,10,7,0,2026-09-12 17:47:23
2026-09-12 17:28:40,VIPS208,0106,James Baeder,14,2,0,2026-09-12 17:47:23
2026-09-12 17:28:40,VIPS208,0107,Catherine Spirito,10,6,0,2026-09-12 17:47:23
2026-09-12 17:28:40,VIPS208,0108,Ronald Yaros,10,4,0,2026-09-12 17:47:23
2026-09-12 17:28:40,VIPS208,0109,Carinna Ferguson,10,7,0,2026-09-12 17:47:23
2026-09-12 17:28:40,VIPS208,0110,Tracy Riggins,15,0,0,2026-09-12 17:47:23
2026-09-12 17:28:40,VIPS208,0111,Kevin Calabro,13,2,0,2026-09-12 17:47:23
2026-09-12 17:28:40,VIPS208,0112,Raffaele Viglianti,10,5,0,2026-09-12 17:47:23
2026-09-12 17:28:40,VIPS208,0113,Shabnam Jabeen,10,5,0,2026-09-12 17:47:23
2026-09-12 17:28:40,VIPS208,0114,Ning Zeng,15,7,0,2026-09-12 17:47:23
2026-09-12 17:28:40,VIPS208,0115,Veronica Kang,10,5,0,2026-09-12 17:47:23
2026-09-12 17:28:40,VIPS208,0116,David Stewart,10,1,0,2026-09-12 17:47:23
2026-09-12 17:28:40,VIPS208,0117,Meredith Epstein,10,8,0,2026-09-12 17:47:23
2026-09-12 17:28:40,VIPS208,0118,Magaly Toro Ibaceta,10,3,0,2026-09-12 17:47:23
2026-09-12 17:28:40,VIPS208,0120,Marisa Parham,10,6,0,2026-09-12 17:47:23
2026-09-12 17:28:40,VIPS208,0121,Becky Epanchin-Niell,10,1,0,2026-09-12 17:47:23
2026-09-12 17:28:40,VIPS208,0122,Timothy Reedy,10,2,0,2026-09-12 17:47:23
2026-09-12 17:28:40,VIPS208,0123,Lingnan Lin,13,4,0,2026-09-12 17:47:23
2026-09-12 17:28:40,VIPS208,0124,Jeffrey Moro,10,4,0,2026-09-12 17:47:23
2026-09-12 17:28:40,VIPS208,0125,Peter Sunderland,12,4,0,2026-09-12 17:47:23
2026-09-12 17:28:40,VIPS208,0126,Brienna Anderson,10,4,0,2026-09-12 17:47:23
2026-09-12 17:28:40,VIPS308,0101,Mary Bowden,10,9,0,2026-09-12 17:47:24
2026-09-12 17:28:40,VIPS308,0102,Ken Kiger,10,3,0,2026-09-12 17:47:24
2026-09-12 17:28:40,VIPS308,0103,Bryan Quinn,10,2,0,2026-09-12 17:47:24
2026-09-12 17:28:40,VIPS308,0104,Abdil Chowdhury,10,3,0,2026-09-12 17:47:24
2026-09-12 17:28:40,VIPS308,0105,Molly Carton,10,3,0,2026-09-12 17:47:24
2026-09-12 17:28:40,VIPS308,0106,James Baeder,10,4,0,2026-09-12 17:47:24
2026-09-12 17:28:40,VIPS308,0107,Catherine Spirito,10,8,0,2026-09-12 17:47:24
2026-09-12 17:28:40,VIPS308,0108,Ronald Yaros,10,9,0,2026-09-12 17:47:24
2026-09-12 17:28:40,VIPS308,0109,Carinna Ferguson,10,6,0,2026-09-12 17:47:24
2026-09-12 17:28:40,VIPS308,0110,Tracy Riggins,10,0,0,2026-09-12 17:47:24
2026-09-12 17:28:40,VIPS308,0111,Kevin Calabro,10,6,0,2026-09-12 17:47:24
2026-09-12 17:28:40,VIPS308,0112,Raffaele Viglianti,10,10,0,2026-09-12 17:47:24
2026-09-12 17:28:40,VIPS308,0113,Shabnam Jabeen,10,8,0,2026-09-12 17:47:24
2026-09-12 17:28:40,VIPS308,0114,Ning Zeng,10,9,0,2026-09-12 17:47:24
2026-09-12 17:28:40,VIPS308,0115,Veronica Kang,10,10,0,2026-09-12 17:47:24
2026-09-12 17:28:40,VIPS308,0116,David Stewart,10,10,0,2026-09-12 17:47:24
2026-09-12 17:28:40,VIPS308,0117,Meredith Epstein,10,8,0,2026-09-12 17:47:24
2026-09-12 17:28:40,VIPS308,0118,Magaly Toro Ibaceta,10,10,0,2026-09-12 17:47:24
2026-09-12 17:28:40,VIPS308,0120,Marisa Parham,10,9,0,2026-09-12 17:47:24
2026-09-12 17:28:40,VIPS308,0121,Becky Epanchin-Niell,10,10,0,2026-09-12 17:47:24
2026-09-12 17:28:40,VIPS308,0122,Timothy Reedy,10,10,0,2026-09-12 17:47:24
2026-09-12 17:28:40,VIPS308,0123,Lingnan Lin,10,10,0,2026-09-12 17:47:24
2026-09-12 17:28:40,VIPS308,0124,Jeffrey Moro,10,10,0,2026-09-12 17:47:24
2026-09-12 17:28:40,VIPS308,0125,Peter Sunderland,10,10,0,2026-09-12 17:47:24
2026-09-12 17:28:40,VIPS308,0126,Brienna Anderson,10,10,0,2026-09-12 17:47:24
2026-09-12 17:28:40,VIPS408,0101,Mary Bowden,10,4,0,2026-09-12 17:47:24
2026-09-12 17:28:40,VIPS408,0102,Ken Kiger,10,8,0,2026-09-12 17:47:24
2026-09-12 17:28:40,VIPS408,0103,Bryan Quinn,10,3,0,2026-09-12 17:47:24
2026-09-12 17:28:40,VIPS408,0104,Abdil Chowdhury,10,8,0,2026-09-12 17:47:24
2026-09-12 17:28:40,VIPS408,0105,Molly Carton,10,8,0,2026-09-12 17:47:24
2026-09-12 17:28:40,VIPS408,0106,James Baeder,10,7,0,2026-09-12 17:47:24
2026-09-12 17:28:40,VIPS408,0107,Catherine Spirito,10,10,0,2026-09-12 17:47:24
2026-09-12 17:28:40,VIPS408,0108,Ronald Yaros,10,8,0,2026-09-12 17:47:24
2026-09-12 17:28:40,VIPS408,0109,Carinna Ferguson,10,8,0,2026-09-12 17:47:24
2026-09-12 17:28:40,VIPS408,0110,Tracy Riggins,10,10,0,2026-09-12 17:47:24
2026-09-12 17:28:40,VIPS408,0111,Kevin Calabro,10,7,0,2026-09-12 17:47:24
2026-09-12 17:28:40,VIPS408,0112,Raffaele Viglianti,10,9,0,2026-09-12 17:47:24
2026-09-12 17:28:40,VIPS408,0113,Shabnam Jabeen,10,10,0,2026-09-12 17:47:24
2026-09-12 17:28:40,VIPS408,0114,Ning Zeng,10,10,0,2026-09-12 17:47:24
2026-09-12 17:28:40,VIPS408,0115,Veronica Kang,10,10,0,2026-09-12 17:47:24
2026-09-12 17:28:40,VIPS408,0116,David Stewart,10,10,0,2026-09-12 17:47:24
2026-09-12 17:28:40,VIPS408,0117,Meredith Epstein,10,10,0,2026-09-12 17:47:24
2026-09-12 17:28:40,VIPS408,0118,Magaly Toro Ibaceta,10,9,0,2026-09-12 17:47:24
2026-09-12 17:28:40,VIPS408,0120,Marisa Parham,10,10,0,2026-09-12 17:47:24
2026-09-12 17:28:40,VIPS408,0121,Becky Epanchin-Niell,10,10,0,2026-09-12 17:47:24
2026-09-12 17:28:40,VIPS408,0122,Timothy Reedy,10,10,0,2026-09-12 17:47:24
2026-09-12 17:28:40,VIPS408,0123,Lingnan Lin,10,10,0,2026-09-12 17:47:24
2026-09-12 17:28:40,VIPS408,0124,Jeffrey Moro,10,10,0,2026-09-12 17:47:24
2026-09-12 17:28:40,VIPS408,0125,Peter Sunderland,10,10,0,2026-09-12 17:47:24
2026-09-12 17:28:40,VIPS408,0126,Brienna Anderson,10,10,0,2026-09-12 17:47:24
2026-09-12 17:28:40,WEID139B,0101,Denise Joseph,48,6,0,2026-09-12 17:47:27
2026-09-12 17:28:40,WEID139L,0201,Taylor Togafau-Lewis,48,17,0,2026-09-12 17:47:27
2026-09-12 19:40:23,AAAS100,0101,Shane Walsh,35,0,0,2026-09-12 19:40:25
2026-09-12 19:40:23,AAAS100,0201,Shane Walsh,35,0,0,2026-09-12 19:40:25
2026-09-12 19:40:23,AAAS100,0301,George Kintiba,70,36,0,2026-09-12 19:40:25
2026-09-12 19:40:23,AAAS100,0401,Jason Nichols,30,0,0,2026-09-12 19:40:25
2026-09-12 19:40:23,AAAS100,0501,Jason Nichols,35,0,0,2026-09-12 19:40:25
2026-09-12 19:40:23,AAAS101,0101,Chinyere Osuji,40,0,0,2026-09-12 19:40:25
2026-09-12 19:40:23,AAAS187,0101,Robert Choflet,30,0,0,2026-09-12 19:40:26
2026-09-12 19:40:23,AAAS187,0201,Joseph Richardson,30,0,0,2026-09-12 19:40:26
2026-09-12 19:40:23,AAAS200,0101,George Kintiba,40,5,0,2026-09-12 19:40:26
2026-09-12 19:40:23,AAAS202,0101,Robert Choflet,35,5,0,2026-09-12 19:40:27
2026-09-12 19:40:23,AAAS202,0201,Robert Choflet,35,5,0,2026-09-12 19:40:27
2026-09-12 19:40:23,AAAS202,0301,Angelica Dunbar,35,4,0,2026-09-12 19:40:27
2026-09-12 19:40:23,AAAS202,0401,Ashley Everson,35,0,0,2026-09-12 19:40:27
2026-09-12 19:40:23,AAAS202,0501,Ashley Everson,20,3,0,2026-09-12 19:40:27
2026-09-12 19:40:23,AAAS210,0101,Angelica Dunbar,20,16,0,2026-09-12 19:40:27
2026-09-12 19:40:23,AAAS211,0101,Shane Walsh,30,0,0,2026-09-12 19:40:28
2026-09-12 19:40:23,AAAS230,0101,Ashley Newby,30,0,0,2026-09-12 19:40:28
2026-09-12 19:40:23,AAAS230,0201,Ashley Newby,30,0,0,2026-09-12 19:40:28
2026-09-12 19:40:23,AAAS234,0201,Mike Kolakoski,30,3,0,2026-09-12 19:40:29
2026-09-12 19:40:23,AAAS254,0101,Christopher Bonner,40,2,0,2026-09-12 19:40:29
2026-09-12 19:40:23,AAAS271,0101,Sydney Lewis,30,1,0,2026-09-12 19:40:29
2026-09-12 19:40:23,AAAS310,0101,George Kintiba,25,22,0,2026-09-12 19:40:29
2026-09-12 19:40:23,AAAS320,0101,Cecily Jackson,25,0,0,2026-09-12 19:40:29
2026-09-12 19:40:23,AAAS320,0201,Cecily Jackson,25,0,0,2026-09-12 19:40:29
2026-09-12 19:40:23,AAAS325,0101,Traci Dula,20,4,0,2026-09-12 19:40:30
2026-09-12 19:40:23,AAAS350,0101,John Drabinski,20,0,0,2026-09-12 19:40:30
2026-09-12 19:40:23,AAAS361,0101,Michelle Rowley,35,26,0,2026-09-12 19:40:30
2026-09-12 19:40:23,AAAS386,0101,Marshal Washington,10,10,0,2026-09-12 19:40:30
2026-09-12 19:40:23,AAAS397,0101,John Drabinski,2,2,0,2026-09-12 19:40:31
2026-09-12 19:40:23,AAAS397,0201,Angelica Dunbar,2,2,0,2026-09-12 19:40:31
2026-09-12 19:40:23,AAAS397,0301,Sharon Harley,2,2,0,2026-09-12 19:40:31
2026-09-12 19:40:23,AAAS397,0401,Cecily Jackson,2,2,0,2026-09-12 19:40:31
2026-09-12 19:40:23,AAAS397,0501,Sangeetha Madhavan,2,2,0,2026-09-12 19:40:31
2026-09-12 19:40:23,AAAS397,0601,Ashley Newby,1,1,0,2026-09-12 19:40:31
2026-09-12 19:40:23,AAAS397,0701,Chinyere Osuji,2,2,0,2026-09-12 19:40:31
2026-09-12 19:40:23,AAAS397,0801,Periloux Peay,2,2,0,2026-09-12 19:40:31
2026-09-12 19:40:23,AAAS397,0901,Joseph Richardson,2,2,0,2026-09-12 19:40:31
2026-09-12 19:40:23,AAAS398B,0101,Beka Guluma,20,13,0,2026-09-12 19:40:31
2026-09-12 19:40:23,AAAS398W,0101,Jason Nichols,25,11,0,2026-09-12 19:40:31
2026-09-12 19:40:23,AAAS400,0101,Periloux Peay,25,22,0,2026-09-12 19:40:32
2026-09-12 19:40:23,AAAS415,0101,Periloux Peay,30,0,0,2026-09-12 19:40:32
2026-09-12 19:40:23,AAAS499N,0101,Anne Rosen,25,0,0,2026-09-12 19:40:32
2026-09-12 19:40:23,AAST200,0101,Jennifer Cho,30,0,0,2026-09-12 19:40:34
2026-09-12 19:40:23,AAST200,0102,Binod Paudyal,30,0,0,2026-09-12 19:40:34
2026-09-12 19:40:23,AAST322,0101,Julie Park,30,3,0,2026-09-12 19:40:34
2026-09-12 19:40:23,AAST351,0101,Binod Paudyal,35,0,0,2026-09-12 19:40:34
2026-09-12 19:40:23,AAST355,0101,Jennifer Cho,35,0,1,2026-09-12 19:40:34
2026-09-12 19:40:23,AAST378,0101,Janelle Wong,2,2,0,2026-09-12 19:40:34
2026-09-12 19:40:23,AAST394,0101,Wenxi Yang,30,2,0,2026-09-12 19:40:35
2026-09-12 19:40:23,AAST398I,0101,Michelle Magalong,24,1,0,2026-09-12 19:40:35
2026-09-12 19:40:23,AAST398W,0101,Chris Eng,25,14,0,2026-09-12 19:40:35
2026-09-12 19:40:23,AAST421,0101,Tuyet Duong,20,3,0,2026-09-12 19:40:35
2026-09-12 19:40:23,AAST422,0101,Jennifer Cho,25,7,0,2026-09-12 19:40:36
2026-09-12 19:40:23,AAST424,0101,Dawn Dow,29,10,0,2026-09-12 19:40:36
2026-09-12 19:40:23,AAST440,0101,Binod Paudyal,25,1,0,2026-09-12 19:40:36
2026-09-12 19:40:23,AAST443,0101,Janelle Wong,30,0,0,2026-09-12 19:40:36
2026-09-12 19:40:23,ABRM330,0101,Rashawn Ray,40,0,0,2026-09-12 19:40:38
2026-09-12 19:40:23,ARAB101,0101,Samah Al-salami,15,1,0,2026-09-12 19:41:09
2026-09-12 19:40:23,ARAB101,0201,Ahmed Hanafy,15,5,0,2026-09-12 19:41:09
2026-09-12 19:40:23,ARAB102,0101,Samah Al-salami,15,2,0,2026-09-12 19:41:09
2026-09-12 19:40:23,ARAB102,0201,Lutf Alkebsi,15,12,0,2026-09-12 19:41:09
2026-09-12 19:40:23,ARAB201,0101,Lutf Alkebsi,15,0,0,2026-09-12 19:41:09
2026-09-12 19:40:23,ARAB201,0201,Lutf Alkebsi,15,11,0,2026-09-12 19:41:09
2026-09-12 19:40:23,ARAB208L,0101,Samah Al-salami,15,3,0,2026-09-12 19:41:10
2026-09-12 19:40:23,ARAB225,0101,Ahmed Hanafy,15,3,0,2026-09-12 19:41:10
2026-09-12 19:40:23,ARAB301,0101,Ahmed Hanafy,15,6,0,2026-09-12 19:41:10
2026-09-12 19:40:23,ARAB321,0101,Ahmed Hanafy,15,9,0,2026-09-12 19:41:10
2026-09-12 19:40:23,ARAB322,0101,Samah Al-salami,15,9,0,2026-09-12 19:41:10
2026-09-12 19:40:23,ARAB398A,0101,Lutf Alkebsi,15,5,0,2026-09-12 19:41:11
2026-09-12 19:40:23,ARAB499E,0101,Brendan Kibbee,20,2,0,2026-09-12 19:41:11
2026-09-12 19:40:23,ARMY106,0101,Thomas Battinieri,31,25,0,2026-09-12 19:41:34
2026-09-12 19:40:23,ARMY106,0102,Thomas Battinieri,40,30,0,2026-09-12 19:41:34
2026-09-12 19:40:23,ARMY106,FC01,Andrew Bischoff,15,11,0,2026-09-12 19:41:34
2026-09-12 19:40:23,ARMY106,FC02,Thomas Battinieri,9,8,0,2026-09-12 19:41:34
2026-09-12 19:40:23,ARMY110,0101,Andrew Bischoff,15,15,0,2026-09-12 19:41:35
2026-09-12 19:40:23,ARMY201,0102,Thomas Battinieri,35,14,0,2026-09-12 19:41:35
2026-09-12 19:40:23,ARMY301,0101,Joshua Guiod,40,20,0,2026-09-12 19:41:35
2026-09-12 19:40:23,ARMY401,0102,Andrew Bischoff,50,13,0,2026-09-12 19:41:35
2026-09-12 19:40:23,ARSC059,0101,Kathleen West,220,53,0,2026-09-12 19:41:37
2026-09-12 19:40:23,ARSC059,FC01,Jens Lyndrup,10,5,0,2026-09-12 19:41:37
2026-09-12 19:40:23,ARSC100,0101,Jens Lyndrup,50,33,0,2026-09-12 19:41:37
2026-09-12 19:40:23,ARSC100,0102,Jens Lyndrup,75,16,0,2026-09-12 19:41:37
2026-09-12 19:40:23,ARSC100,0103,Jens Lyndrup,40,31,0,2026-09-12 19:41:37
2026-09-12 19:40:23,ARSC100,FC01,Jens Lyndrup,5,3,0,2026-09-12 19:41:37
2026-09-12 19:40:23,ARSC100,FC02,Jens Lyndrup,10,7,0,2026-09-12 19:41:37
2026-09-12 19:40:23,ARSC200,0101,Alan Snyder,50,14,0,2026-09-12 19:41:37
2026-09-12 19:40:23,ARSC200,0102,Alan Snyder,35,21,0,2026-09-12 19:41:37
2026-09-12 19:40:23,ARSC200,0103,Alan Snyder,40,32,0,2026-09-12 19:41:37
2026-09-12 19:40:23,ARSC300,0101,Kathleen West,30,5,0,2026-09-12 19:41:37
2026-09-12 19:40:23,ARSC300,0102,Kathleen West,20,13,0,2026-09-12 19:41:37
2026-09-12 19:40:23,ARSC400,0101,Walter Mitchell,30,11,0,2026-09-12 19:41:38
2026-09-12 19:40:23,ARSC400,0102,Walter Mitchell,20,18,0,2026-09-12 19:41:38
2026-09-12 19:40:23,ARSC400,0201,Walter Mitchell,10,10,0,2026-09-12 19:41:38
2026-09-12 19:40:23,BMIN210,0101,Darlene Dennison,180,1,0,2026-09-12 19:42:29
2026-09-12 19:40:23,BMIN210,0201,Darlene Dennison,180,94,0,2026-09-12 19:42:29
2026-09-12 19:40:23,BMIN305,0101,Tejwansh Anand,180,14,0,2026-09-12 19:42:29
2026-09-12 19:40:23,BMIN345,0101,Michael Padhi,275,36,0,2026-09-12 19:42:29
2026-09-12 19:40:23,BMIN355,0101,Idil Yaveroglu,180,0,0,2026-09-12 19:42:30
2026-09-12 19:40:23,BMIN355,0201,Idil Yaveroglu,180,24,0,2026-09-12 19:42:30
2026-09-12 19:40:23,BMIN375,0101,Leland Gardner,185,2,0,2026-09-12 19:42:30
2026-09-12 19:40:23,BMIN395,0101,Nima Farshchi,200,1,0,2026-09-12 19:42:30
2026-09-12 19:40:23,BMIN395,0201,Nima Farshchi,200,106,0,2026-09-12 19:42:30
2026-09-12 19:40:23,BOIS602,WI01,Woei-jyh Lee,40,6,0,2026-09-12 19:42:33
2026-09-12 19:40:23,BOIS604,WI01,Manmohan Aseri,40,5,0,2026-09-12 19:42:33
2026-09-12 19:40:23,BOIS631,WI01,Sujin Kim,40,8,0,2026-09-12 19:42:33
2026-09-12 19:40:23,BSOS355,0101,Liza Lebrun,30,30,0,2026-09-12 19:42:42
2026-09-12 19:40:23,BSOS361,0101,TC Lloyd,30,2,0,2026-09-12 19:42:42
2026-09-12 19:40:23,BSOS361,0103,Keia Brown,30,2,0,2026-09-12 19:42:42
2026-09-12 19:40:23,BSOS361,0104,David Tana,30,1,0,2026-09-12 19:42:42
2026-09-12 19:40:23,BSOS361,0105,TC Lloyd,30,2,0,2026-09-12 19:42:42
2026-09-12 19:40:23,BSOS388C,0101,Nikita Kimani,20,0,0,2026-09-12 19:42:42
2026-09-12 19:40:23,BSOS388C,0201,Nikita Kimani,20,0,0,2026-09-12 19:42:42
2026-09-12 19:40:23,BSOS388E,0101,Liza Lebrun,30,30,0,2026-09-12 19:42:42
2026-09-12 19:40:23,BUSO600,SO11,Neta Moye,42,5,0,2026-09-12 19:42:58
2026-09-12 19:40:23,BUSO600,SO12,Neta Moye,42,9,0,2026-09-12 19:42:58
2026-09-12 19:40:23,BUSO603,SO11,Ilya Ryzhov,42,5,0,2026-09-12 19:42:58
2026-09-12 19:40:23,BUSO603,SO12,Ilya Ryzhov,42,4,0,2026-09-12 19:42:58
2026-09-12 19:40:23,BUSO604,SO11,Bennet Zelner,42,6,0,2026-09-12 19:42:58
2026-09-12 19:40:23,BUSO604,SO12,Bennet Zelner,42,6,0,2026-09-12 19:42:58
2026-09-12 19:40:23,BUSO612,SO11,Henry Boyd,42,3,0,2026-09-12 19:42:58
2026-09-12 19:40:23,BUSO612,SO12,Henry Boyd,42,5,0,2026-09-12 19:42:58
2026-09-12 19:40:23,BUSO616,SO31,Brent Solomon,38,2,0,2026-09-12 19:42:58
2026-09-12 19:40:23,BUSO616,SO32,Brent Solomon,38,0,0,2026-09-12 19:42:58
2026-09-12 19:40:23,BUSO624,SO31,Yi Xu,38,2,0,2026-09-12 19:42:59
2026-09-12 19:40:23,BUSO624,SO32,Yi Xu,38,0,0,2026-09-12 19:42:59
2026-09-12 19:40:23,BUSO700,SO91,Paulo Prochno,0,0,0,2026-09-12 19:42:59
2026-09-12 19:40:23,BUSO711,SO31,Gosia Langa Basit,28,0,0,2026-09-12 19:42:59
2026-09-12 19:40:23,BUSO711,SO32,Gosia Langa Basit,28,3,0,2026-09-12 19:42:59
2026-09-12 19:40:23,BUSO711,SO33,Gosia Langa Basit,28,1,0,2026-09-12 19:42:59
2026-09-12 19:40:23,BUSO731,SO51,Tejwansh Anand,49,0,1,2026-09-12 19:42:59
2026-09-12 19:40:23,BUSO752,SO51,Leland Gardner,35,13,0,2026-09-12 19:43:00
2026-09-12 19:40:23,BUSO758G,SO51,James Seward,35,11,0,2026-09-12 19:43:00
2026-09-12 19:40:23,BUSO758M,SO51,Paulo Prochno,49,2,0,2026-09-12 19:43:00
2026-09-12 19:40:23,BUSO758M,SO52,Paulo Prochno,49,3,0,2026-09-12 19:43:00
2026-09-12 19:40:23,BUSO758T,SO51,Michael Cichello,35,18,0,2026-09-12 19:43:00
2026-09-12 19:40:23,BUSO758W,SO51,Yogesh Joshi,33,2,0,2026-09-12 19:43:01
2026-09-12 19:40:23,BUSO758W,SO52,Yogesh Joshi,33,2,0,2026-09-12 19:43:01
2026-09-12 19:40:23,BUSO758X,SO51,Pallassana Kannan,49,3,0,2026-09-12 19:43:01
2026-09-12 19:40:23,BUSO788F,GX01,Judy Frels,25,6,0,2026-09-12 19:43:01
2026-09-12 19:40:23,BUSO788W,GX01,Zhi-Long Chen,30,5,0,2026-09-12 19:43:01
2026-09-12 19:40:23,CHSE200,0101,Betsy Tornquist,10,1,0,2026-09-12 19:43:23
2026-09-12 19:40:23,CHSE205,0101,Yewon Lee,60,0,2,2026-09-12 19:43:23
2026-09-12 19:40:23,CHSE205,0201,Yewon Lee,60,0,1,2026-09-12 19:43:23
2026-09-12 19:40:23,CHSE228C,0101,Nikita Kimani,20,0,0,2026-09-12 19:43:24
2026-09-12 19:40:23,CHSE228C,0201,Nikita Kimani,20,0,0,2026-09-12 19:43:24
2026-09-12 19:40:23,CHSE228C,0301,Nikita Kimani,20,0,0,2026-09-12 19:43:24
2026-09-12 19:40:23,CHSE230,0101,Isabelle Grable,25,16,0,2026-09-12 19:43:24
2026-09-12 19:40:23,CHSE376,0101,Michael Dunham,22,0,3,2026-09-12 19:43:24
2026-09-12 19:40:23,CHSE376,0201,Colleen McGilpin,20,0,4,2026-09-12 19:43:24
2026-09-12 19:40:23,CHSE376,0301,Elizabeth Martinez,20,0,0,2026-09-12 19:43:24
2026-09-12 19:40:23,CHSE376,0401,Chanai Brewster,20,4,0,2026-09-12 19:43:24
2026-09-12 19:40:23,CHSE476,0101,Michael Dunham,20,6,0,2026-09-12 19:43:24
2026-09-12 19:40:23,CHSE477,0101,Michael Dunham,15,4,0,2026-09-12 19:43:25
2026-09-12 19:40:23,CHSE489,1901,Amy D'Agati,15,10,0,2026-09-12 19:43:25
2026-09-12 19:40:23,CINE245,0101,Eric Zakim,22,0,1,2026-09-12 19:43:27
2026-09-12 19:40:23,CINE245,0102,Eric Zakim,22,0,2,2026-09-12 19:43:27
2026-09-12 19:40:23,CINE245,0103,Eric Zakim,22,0,2,2026-09-12 19:43:27
2026-09-12 19:40:23,CINE245,0104,Eric Zakim,22,0,1,2026-09-12 19:43:27
2026-09-12 19:40:23,CINE280,0101,Porter Olsen,30,0,1,2026-09-12 19:43:27
2026-09-12 19:40:23,CINE280,0201,John Tobin,30,0,1,2026-09-12 19:43:27
2026-09-12 19:40:23,CINE298A,0101,Caroline Eades,20,0,0,2026-09-12 19:43:27
2026-09-12 19:40:23,CINE301,0101,Eric Zakim,30,0,0,2026-09-12 19:43:27
2026-09-12 19:40:23,CINE310,0101,Nathaniel Stevens,15,2,0,2026-09-12 19:43:27
2026-09-12 19:40:23,CINE315,0101,Yael Inbar,15,0,0,2026-09-12 19:43:28
2026-09-12 19:40:23,CINE319G,0101,Oliver Gaycken,25,15,0,2026-09-12 19:43:28
2026-09-12 19:40:23,CINE319P,5501,Samuel Crawford,11,0,1,2026-09-12 19:43:28
2026-09-12 19:40:23,CINE319Z,0101,Paul Cote,25,7,0,2026-09-12 19:43:29
2026-09-12 19:40:23,CINE329T,0101,Daniel Richter,25,0,4,2026-09-12 19:43:29
2026-09-12 19:40:23,CINE332,0101,Parker Brookie,25,0,0,2026-09-12 19:43:29
2026-09-12 19:40:23,CINE334,0101,Elizabeth Papazian,25,0,0,2026-09-12 19:43:29
2026-09-12 19:40:23,CINE337,0101,Jason Kuo,25,0,1,2026-09-12 19:43:29
2026-09-12 19:40:23,CINE342,0101,Luka Arsenjuk,20,0,1,2026-09-12 19:43:30
2026-09-12 19:40:23,CINE350,0101,John Drabinski,20,0,0,2026-09-12 19:43:30
2026-09-12 19:40:23,CINE359C,0101,Daniel Richter,25,0,2,2026-09-12 19:43:30
2026-09-12 19:40:23,CINE369B,0101,Eva Hageman,30,1,0,2026-09-12 19:43:30
2026-09-12 19:40:23,CINE369K,0101,Paul Cote,20,0,1,2026-09-12 19:43:31
2026-09-12 19:40:23,CINE376,0101,Ross Angelella,15,3,0,2026-09-12 19:43:31
2026-09-12 19:40:23,CINE376,0102,Ross Angelella,5,2,0,2026-09-12 19:43:31
2026-09-12 19:40:23,CINE415,0101,Mathew Bainbridge,15,0,0,2026-09-12 19:43:31
2026-09-12 19:40:23,CINE419P,0101,Oliver Gaycken,20,14,0,2026-09-12 19:43:31
2026-09-12 19:40:23,CINE459P,0101,Luka Arsenjuk,20,0,2,2026-09-12 19:43:32
2026-09-12 19:40:23,CLAS170,0101,Chiara Graf,21,1,0,2026-09-12 19:43:33
2026-09-12 19:40:23,CLAS170,0102,Chiara Graf,21,0,0,2026-09-12 19:43:33
2026-09-12 19:40:23,CLAS170,0103,Chiara Graf,21,0,0,2026-09-12 19:43:33
2026-09-12 19:40:23,CLAS170,0104,Chiara Graf,21,0,0,2026-09-12 19:43:33
2026-09-12 19:40:23,CLAS170,0105,Chiara Graf,21,0,0,2026-09-12 19:43:33
2026-09-12 19:40:23,CLAS170,0106,Chiara Graf,21,0,0,2026-09-12 19:43:33
2026-09-12 19:40:23,CLAS170,0107,Chiara Graf,21,0,0,2026-09-12 19:43:33
2026-09-12 19:40:23,CLAS170,0108,Chiara Graf,21,1,0,2026-09-12 19:43:33
2026-09-12 19:40:23,CLAS170,0109,Chiara Graf,22,0,0,2026-09-12 19:43:33
2026-09-12 19:40:23,CLAS170,FC01,Chelsea Stolt,28,4,0,2026-09-12 19:43:33
2026-09-12 19:40:23,CLAS170,FC02,Chelsea Stolt,28,0,0,2026-09-12 19:43:33
2026-09-12 19:40:23,CLAS170,FC03,Eugenia Lao,28,8,0,2026-09-12 19:43:33
2026-09-12 19:40:23,CLAS170,FC05,Charis Addai,28,5,0,2026-09-12 19:43:33
2026-09-12 19:40:23,CLAS277,0101,Chiara Graf,25,0,0,2026-09-12 19:43:33
2026-09-12 19:40:23,CLAS277,0102,Chiara Graf,25,1,0,2026-09-12 19:43:33
2026-09-12 19:40:23,CLAS277,0103,Chiara Graf,25,4,0,2026-09-12 19:43:33
2026-09-12 19:40:23,CLAS277,0104,Chiara Graf,25,1,0,2026-09-12 19:43:33
2026-09-12 19:40:23,CLAS277,0105,Chiara Graf,25,0,0,2026-09-12 19:43:33
2026-09-12 19:40:23,CLAS277,0106,Chiara Graf,25,1,0,2026-09-12 19:43:33
2026-09-12 19:40:23,CLAS305,0101,Jorge Bravo,35,1,0,2026-09-12 19:43:34
2026-09-12 19:40:23,CLAS309N,0101,Nathan Levine,35,26,0,2026-09-12 19:43:34
2026-09-12 19:40:23,CLAS310,0101,Rachel Singpurwalla,20,0,1,2026-09-12 19:43:34
2026-09-12 19:40:23,CLAS310,0102,Rachel Singpurwalla,20,0,2,2026-09-12 19:43:34
2026-09-12 19:40:23,CLAS310,0103,Rachel Singpurwalla,20,0,3,2026-09-12 19:43:34
2026-09-12 19:40:23,CLAS312,0101,Polyvia Parara,35,7,0,2026-09-12 19:43:34
2026-09-12 19:40:23,CMLT235,0101,Brielle Gorrell,30,2,0,2026-09-12 19:43:37
2026-09-12 19:40:23,CMLT270,0101,Hannah (Toyin) Adeyemi,30,0,0,2026-09-12 19:43:37
2026-09-12 19:40:23,CMLT270,0201,Shakiba Sharifpour,30,1,0,2026-09-12 19:43:37
2026-09-12 19:40:23,CMLT275,0201,Abhinav Bhardwaj,30,0,1,2026-09-12 19:43:38
2026-09-12 19:40:23,CMLT277,0101,Nahid Ahmadian,30,2,0,2026-09-12 19:43:38
2026-09-12 19:40:23,CMLT280,0101,Porter Olsen,30,0,1,2026-09-12 19:43:38
2026-09-12 19:40:23,CMLT280,0201,John Tobin,30,0,1,2026-09-12 19:43:38
2026-09-12 19:40:23,CPBE100,0101,Oliver Schlake,95,25,0,2026-09-12 19:44:03
2026-09-12 19:40:23,CPBE200,0101,Oliver Schlake,75,33,0,2026-09-12 19:44:03
2026-09-12 19:40:23,CPBE225,0101,Ira Koretsky,38,13,0,2026-09-12 19:44:03
2026-09-12 19:40:23,CPBE225,0102,Ira Koretsky,38,22,0,2026-09-12 19:44:03
2026-09-12 19:40:23,CPCV100,0101,Julie Randolph,40,1,0,2026-09-12 19:44:05
2026-09-12 19:40:23,CPCV100,0201,Julie Randolph,40,8,0,2026-09-12 19:44:05
2026-09-12 19:40:23,CPCV200,0101,Julie Randolph,35,1,0,2026-09-12 19:44:05
2026-09-12 19:40:23,CPCV200,0201,Julie Randolph,35,15,0,2026-09-12 19:44:05
2026-09-12 19:40:23,CPCV225,0101,Korey Rothman,75,4,0,2026-09-12 19:44:05
2026-09-12 19:40:23,CPDJ100,0101,Jess Feltner,75,2,0,2026-09-12 19:44:07
2026-09-12 19:40:23,CPDJ200,0101,Andrew Fellows,75,37,0,2026-09-12 19:44:07
2026-09-12 19:40:23,CPET100,0101,Tim Knight,75,4,0,2026-09-12 19:44:08
2026-09-12 19:40:23,CPET200,0101,Tim Knight,75,7,0,2026-09-12 19:44:08
2026-09-12 19:40:23,CPGH100,0101,John Wiggins,85,7,0,2026-09-12 19:44:10
2026-09-12 19:40:23,CPGH200,0101,John Wiggins,75,18,0,2026-09-12 19:44:10
2026-09-12 19:40:23,CPJT100,0101,Justine DeCamillis,75,7,0,2026-09-12 19:44:11
2026-09-12 19:40:23,CPJT200,0101,Justine DeCamillis,75,21,0,2026-09-12 19:44:12
2026-09-12 19:40:23,CPMS100,0101,Alison Burns,75,0,0,2026-09-12 19:44:13
2026-09-12 19:40:23,CPMS200,0101,Alison Burns,75,11,0,2026-09-12 19:44:13
2026-09-12 19:40:23,CPMS225,0101,Alison Burns,75,0,0,2026-09-12 19:44:13
2026-09-12 19:40:23,CPMS230,0101,Alison Burns,30,11,0,2026-09-12 19:44:14
2026-09-12 19:40:23,CPMS240,0101,Carole Lee,20,18,0,2026-09-12 19:44:14
2026-09-12 19:40:23,CPPL100,0101,Kelly Brower,78,2,0,2026-09-12 19:44:15
2026-09-12 19:40:23,CPPL200,0101,Susannah Washburn,75,15,0,2026-09-12 19:44:15
2026-09-12 19:40:23,CPSA100,0101,Andrea Cesar,75,12,0,2026-09-12 19:44:20
2026-09-12 19:40:23,CPSA200,0101,Andrea Cesar,75,34,0,2026-09-12 19:44:21
2026-09-12 19:40:23,CPSF100,0101,Nicholas Fletcher,85,1,0,2026-09-12 19:44:22
2026-09-12 19:40:23,CPSF200,0101,Nicholas Fletcher,75,5,0,2026-09-12 19:44:22
2026-09-12 19:40:23,CPSG100,0101,Thomas Holtz,85,11,0,2026-09-12 19:44:23
2026-09-12 19:40:23,CPSG200,0101,Thomas Holtz,75,29,0,2026-09-12 19:44:24
2026-09-12 19:40:23,CPSN100,0101,Hansol Kwak,85,5,0,2026-09-12 19:44:25
2026-09-12 19:40:23,CPSN200,0101,Stacy Kosko,75,42,0,2026-09-12 19:44:25
2026-09-12 19:40:23,CPSN230,0101,Sarah Kilmer,20,18,0,2026-09-12 19:44:26
2026-09-12 19:40:23,CPSN240,0101,Sarah Kilmer,10,7,0,2026-09-12 19:44:26
2026-09-12 19:40:23,CPSN250,0101,Sarah Kilmer,5,5,0,2026-09-12 19:44:26
2026-09-12 19:40:23,CPSP110,0101,Markell Saunders,18,8,0,2026-09-12 19:44:27
2026-09-12 19:40:23,CPSP110,0201,Patrice Greene,18,13,0,2026-09-12 19:44:27
2026-09-12 19:40:23,CPSP220,0101,Tiara Thomas,20,1,0,2026-09-12 19:44:28
2026-09-12 19:40:23,CPSP239A,0101,Heather-Erin Bremenstuhl,10,5,0,2026-09-12 19:44:28
2026-09-12 19:40:23,CPSP269C,0101,Korey Rothman,5,5,0,2026-09-12 19:44:28
2026-09-12 19:40:23,CPSP339P,0101,Susannah Washburn,10,7,0,2026-09-12 19:44:28
2026-09-12 19:40:23,CPSS100,0101,Nicole Mogul,85,6,0,2026-09-12 19:44:30
2026-09-12 19:40:23,CPSS220,0101,Nicole Mogul,20,2,0,2026-09-12 19:44:30
2026-09-12 19:40:23,CPSS225,0101,Roan Parrish,20,14,0,2026-09-12 19:44:30
2026-09-12 19:40:23,CPSS340,0101,David Tomblin,20,5,0,2026-09-12 19:44:30
2026-09-12 19:40:23,CRLN101,0103,Myles Alexander,25,1,0,2026-09-12 19:44:32
2026-09-12 19:40:23,CRLN101,0104,Tami Smith,26,0,0,2026-09-12 19:44:32
2026-09-12 19:40:23,CRLN101,0105,Denis Garcia Reyes,25,0,0,2026-09-12 19:44:32
2026-09-12 19:40:23,CRLN101,0106,Mitch Woolley,25,4,0,2026-09-12 19:44:32
2026-09-12 19:40:23,CRLN101,0107,Esohe Owie,25,0,0,2026-09-12 19:44:32
2026-09-12 19:40:23,DATA100,0111,Matthew Griffin,33,4,0,2026-09-12 19:44:39
2026-09-12 19:40:23,DATA100,0112,Matthew Griffin,35,2,0,2026-09-12 19:44:39
2026-09-12 19:40:23,DATA100,0121,Matthew Griffin,35,2,0,2026-09-12 19:44:39
2026-09-12 19:40:23,DATA100,0122,Matthew Griffin,33,0,0,2026-09-12 19:44:39
2026-09-12 19:40:23,DATA100,0123,Matthew Griffin,33,1,0,2026-09-12 19:44:39
2026-09-12 19:40:23,DATA100,0124,Matthew Griffin,33,0,0,2026-09-12 19:44:39
2026-09-12 19:40:23,DATA100,0131,Matthew Griffin,33,1,0,2026-09-12 19:44:39
2026-09-12 19:40:23,DATA100,0141,Matthew Griffin,35,0,0,2026-09-12 19:44:39
2026-09-12 19:40:23,DATA100,0142,Matthew Griffin,33,0,0,2026-09-12 19:44:39
2026-09-12 19:40:23,DATA100,0211,Matthew Griffin,33,1,0,2026-09-12 19:44:39
2026-09-12 19:40:23,DATA100,0212,Matthew Griffin,35,0,0,2026-09-12 19:44:39
2026-09-12 19:40:23,DATA100,0221,Matthew Griffin,30,0,0,2026-09-12 19:44:39
2026-09-12 19:40:23,DATA100,0223,Matthew Griffin,32,0,0,2026-09-12 19:44:39
2026-09-12 19:40:23,DATA100,0224,Matthew Griffin,30,1,0,2026-09-12 19:44:39
2026-09-12 19:40:23,DATA100,0231,Matthew Griffin,33,2,0,2026-09-12 19:44:39
2026-09-12 19:40:23,DATA100,0311,Archana Khurana,35,6,0,2026-09-12 19:44:39
2026-09-12 19:40:23,DATA100,0312,Archana Khurana,35,1,0,2026-09-12 19:44:39
2026-09-12 19:40:23,DATA100,0321,Archana Khurana,35,0,0,2026-09-12 19:44:39
2026-09-12 19:40:23,DATA100,0322,Archana Khurana,35,1,0,2026-09-12 19:44:39
2026-09-12 19:40:23,DATA100,0323,Archana Khurana,35,0,0,2026-09-12 19:44:39
2026-09-12 19:40:23,DATA100,0341,Archana Khurana,35,5,0,2026-09-12 19:44:39
2026-09-12 19:40:23,DATA110,0101,Susan Mazzullo,250,24,0,2026-09-12 19:44:39
2026-09-12 19:40:23,DATA120,0101,Fardina Alam,200,0,1,2026-09-12 19:44:39
2026-09-12 19:40:23,DATA200,0101,Fardina Alam,90,32,0,2026-09-12 19:44:40
2026-09-12 19:40:23,DATA250,0101,Todd Rowland,43,6,0,2026-09-12 19:44:40
2026-09-12 19:40:23,DATA320,0101,Maksym Morawski,15,10,0,2026-09-12 19:44:40
2026-09-12 19:40:23,DATA320,0201,Maksym Morawski,20,9,0,2026-09-12 19:44:40
2026-09-12 19:40:23,DATA320,0301,Fardina Alam,20,1,0,2026-09-12 19:44:40
2026-09-12 19:40:23,DATA350,0101,Raluca Rosca,30,11,0,2026-09-12 19:44:40
2026-09-12 19:40:23,DATA350,0201,Jonathan Fernandes,34,4,0,2026-09-12 19:44:40
2026-09-12 19:40:23,DATA400,0111,Salman Safdar,27,1,0,2026-09-12 19:44:41
2026-09-12 19:40:23,DATA400,0112,Salman Safdar,30,1,0,2026-09-12 19:44:41
2026-09-12 19:40:23,DATA400,0121,Salman Safdar,27,2,0,2026-09-12 19:44:41
2026-09-12 19:40:23,DATA400,0122,Salman Safdar,27,4,0,2026-09-12 19:44:41
2026-09-12 19:40:23,DATA400,0131,Salman Safdar,27,3,0,2026-09-12 19:44:41
2026-09-12 19:40:23,DATA400,0132,Salman Safdar,27,8,0,2026-09-12 19:44:41
2026-09-12 19:40:23,DATA400,0211,Timothy Pilachowski,30,3,0,2026-09-12 19:44:41
2026-09-12 19:40:23,DATA400,0212,Timothy Pilachowski,30,4,0,2026-09-12 19:44:41
2026-09-12 19:40:23,DATA400,0221,Timothy Pilachowski,30,3,0,2026-09-12 19:44:41
2026-09-12 19:40:23,DATA400,0222,Timothy Pilachowski,30,0,0,2026-09-12 19:44:41
2026-09-12 19:40:23,DATA400,0231,Timothy Pilachowski,30,0,0,2026-09-12 19:44:41
2026-09-12 19:40:23,DATA400,0232,Timothy Pilachowski,30,3,0,2026-09-12 19:44:41
2026-09-12 19:40:23,DATA400,0311,Mestiyage Gunatilleka,32,0,1,2026-09-12 19:44:41
2026-09-12 19:40:23,DATA400,0312,Mestiyage Gunatilleka,30,0,2,2026-09-12 19:44:41
2026-09-12 19:40:23,DATA400,0321,Mestiyage Gunatilleka,32,0,1,2026-09-12 19:44:41
2026-09-12 19:40:23,DATA400,0322,Mestiyage Gunatilleka,30,0,1,2026-09-12 19:44:41
2026-09-12 19:40:23,DATA400,0331,Mestiyage Gunatilleka,32,0,1,2026-09-12 19:44:41
2026-09-12 19:40:23,DATA400,0332,Mestiyage Gunatilleka,30,0,1,2026-09-12 19:44:41
2026-09-12 19:40:23,DATA400,0511,Shixin Zheng,35,0,0,2026-09-12 19:44:41
2026-09-12 19:40:23,DATA400,0521,Shixin Zheng,35,0,0,2026-09-12 19:44:41
2026-09-12 19:40:23,DATA400,0531,Shixin Zheng,35,0,0,2026-09-12 19:44:41
2026-09-12 19:40:23,DATA601,PCS1,Sandra Cerrai,50,6,0,2026-09-12 19:44:41
2026-09-12 19:40:23,DATA601,PCS2,Jonathan Fernandes,60,20,0,2026-09-12 19:44:41
2026-09-12 19:40:23,DATA601,PWS1,Leonid Koralov,60,3,0,2026-09-12 19:44:41
2026-09-12 19:40:23,DATA602,PCS1,Sujeong Kim,44,4,0,2026-09-12 19:44:41
2026-09-12 19:40:23,DATA602,PCS2,Sujeong Kim,44,10,0,2026-09-12 19:44:41
2026-09-12 19:40:23,DATA602,PWS1,Fardina Alam,44,3,0,2026-09-12 19:44:41
2026-09-12 19:40:23,DATA603,PCS1,Babak Azimi-Sadjadi,55,14,0,2026-09-12 19:44:41
2026-09-12 19:40:23,DATA603,PWS1,Kemal Davaslioglu,55,18,0,2026-09-12 19:44:41
2026-09-12 19:40:23,DATA605,PCS1,Tammy Perrin,44,30,0,2026-09-12 19:44:41
2026-09-12 19:40:23,DATA605,PCS2,Tammy Perrin,44,21,0,2026-09-12 19:44:41
2026-09-12 19:40:23,DATA605,PWS1,Giacinto Paolo Saggese,44,35,0,2026-09-12 19:44:41
2026-09-12 19:40:23,DATA607,PCS1,Mestiyage Gunatilleka,44,29,0,2026-09-12 19:44:42
2026-09-12 19:40:23,DATA607,PCS2,Kendall Williams,55,0,1,2026-09-12 19:44:42
2026-09-12 19:40:23,DATA607,PCS3,Vincent Lyzinski,44,3,0,2026-09-12 19:44:42
2026-09-12 19:40:23,DATA612,PCS1,Samet Ayhan,50,23,0,2026-09-12 19:44:42
2026-09-12 19:40:23,DATA612,PWS1,Samet Ayhan,44,14,0,2026-09-12 19:44:42
2026-09-12 19:40:23,DATA641,PCS1,Toki Inan,50,19,0,2026-09-12 19:44:42
2026-09-12 19:40:23,DATA641,PWS1,Armin Mehrabian,50,0,0,2026-09-12 19:44:42
2026-09-12 19:40:23,DATA643,PCS1,Charles Forgy,50,30,0,2026-09-12 19:44:42
2026-09-12 19:40:23,DATA650,PCS1,Emre Gunduzhan,54,8,0,2026-09-12 19:44:43
2026-09-12 19:40:23,DATA650,PCS2,Emre Gunduzhan,54,10,0,2026-09-12 19:44:43
2026-09-12 19:40:23,ENAI600,0101,C Ravishankar,35,21,0,2026-09-12 19:45:07
2026-09-12 19:40:23,ENAI600,AEC1,C Ravishankar,20,5,0,2026-09-12 19:45:07
2026-09-12 19:40:23,ENAI601,0101,Richard La,35,22,0,2026-09-12 19:45:07
2026-09-12 19:40:23,ENAI601,AEC1,Richard La,20,8,0,2026-09-12 19:45:07
2026-09-12 19:40:23,ENAI607,0101,Zoltan Safar,29,24,0,2026-09-12 19:45:07
2026-09-12 19:40:23,ENAI607,AEC1,Zoltan Safar,20,9,0,2026-09-12 19:45:07
2026-09-12 19:40:23,ENBC301,ESG1,Sivan Saravanapavan,20,9,0,2026-09-12 19:45:09
2026-09-12 19:40:23,ENBC311,ESG1,Bahaa Ghammraoui,20,11,0,2026-09-12 19:45:09
2026-09-12 19:40:23,ENBC322,ESG1,Kyunghun Lee,20,11,0,2026-09-12 19:45:09
2026-09-12 19:40:23,ENBC331,ESG1,Lan Ma,20,10,0,2026-09-12 19:45:09
2026-09-12 19:40:23,ENBC332,ESG1,Jamasp Azarnoosh,20,11,0,2026-09-12 19:45:10
2026-09-12 19:40:23,ENBC341,ESG1,Jarred Callura,20,12,0,2026-09-12 19:45:10
2026-09-12 19:40:23,ENBC353,ESG1,Jarred Callura,20,15,0,2026-09-12 19:45:10
2026-09-12 19:40:23,ENBC423,ESG1,Jian Su,20,13,0,2026-09-12 19:45:11
2026-09-12 19:40:23,ENBC425,ESG1,Jamasp Azarnoosh,20,13,0,2026-09-12 19:45:11
2026-09-12 19:40:23,ENBC431,ESG1,Lan Ma,20,13,0,2026-09-12 19:45:11
2026-09-12 19:40:23,ENEB302,ESG1,Wesley Lawson,20,3,0,2026-09-12 19:45:21
2026-09-12 19:40:23,ENEB340,ESG1,Nestor Michael Tiglao,20,3,0,2026-09-12 19:45:21
2026-09-12 19:40:23,ENEB341,ESG1,Nestor Michael Tiglao,20,3,0,2026-09-12 19:45:21
2026-09-12 19:40:23,ENEB344,ESG1,Jerry Wu,20,3,0,2026-09-12 19:45:21
2026-09-12 19:40:23,ENEB346,ESG1,Nestor Michael Tiglao,20,13,0,2026-09-12 19:45:21
2026-09-12 19:40:23,ENEB354,ESG1,Yavuz Oruc,20,2,0,2026-09-12 19:45:22
2026-09-12 19:40:23,ENEB408A,ESG1,Nestor Michael Tiglao,20,13,0,2026-09-12 19:45:22
2026-09-12 19:40:23,ENEB444,ESG1,Manoj Franklin,20,13,0,2026-09-12 19:45:22
2026-09-12 19:40:23,ENEB454,ESG1,Jerry Wu,20,13,0,2026-09-12 19:45:22
2026-09-12 19:40:23,ENED036,0101,Hillary Owusu,20,5,0,2026-09-12 19:45:24
2026-09-12 19:40:23,ENED101,0101,Shannon Bate,20,0,0,2026-09-12 19:45:24
2026-09-12 19:40:23,ENED115,0101,Friedrich Alvarez,100,6,0,2026-09-12 19:45:24
2026-09-12 19:40:23,ENED215,0101,Tyler Huddleston,30,0,0,2026-09-12 19:45:24
2026-09-12 19:40:23,ENED215,0102,Samantha Sabihi,40,26,0,2026-09-12 19:45:24
2026-09-12 19:40:23,ENED215,0103,Paige Smith,6,0,0,2026-09-12 19:45:24
2026-09-12 19:40:23,ENED290H,0101,Christopher Troilo,46,1,0,2026-09-12 19:45:25
2026-09-12 19:40:23,ENED390H,0101,Tony Barber,50,13,0,2026-09-12 19:45:25
2026-09-12 19:40:23,ENED394H,0101,Manmohan Aseri,65,14,0,2026-09-12 19:45:25
2026-09-12 19:40:23,ENED397,0101,Emily Marks,9,0,0,2026-09-12 19:45:25
2026-09-12 19:40:23,ENED490H,0101,Maria Bardossy,45,1,0,2026-09-12 19:45:26
2026-09-12 19:40:23,ENED491,0101,Jessica Roffe,10,1,0,2026-09-12 19:45:26
2026-09-12 19:40:23,ENMT301,ESG1,Colleen Murray,15,8,0,2026-09-12 19:46:15
2026-09-12 19:40:23,ENMT322,ESG1,Norman Wereley,15,9,0,2026-09-12 19:46:15
2026-09-12 19:40:23,ENMT361,ESG1,Young Choi,15,8,0,2026-09-12 19:46:15
2026-09-12 19:40:23,ENMT380,ESG1,Gurtajbir Herr,15,8,0,2026-09-12 19:46:15
2026-09-12 19:40:23,ENMT450,ESG1,Nicholas Limparis,7,5,0,2026-09-12 19:46:15
2026-09-12 19:40:23,ENMT471,ESG1,Colleen Murray,7,5,0,2026-09-12 19:46:16
2026-09-12 19:40:23,ENMT473,ESG1,Gurtajbir Herr,7,4,0,2026-09-12 19:46:16
2026-09-12 19:40:23,ENMT483,ESG1,Nicholas Limparis,7,5,0,2026-09-12 19:46:16
2026-09-12 19:40:23,ENMT499,ESG4,Nicholas Limparis,2,1,0,2026-09-12 19:46:16
2026-09-12 19:40:23,ENSE621,0101,Tony Barber,22,16,0,2026-09-12 19:46:22
2026-09-12 19:40:23,ENSE621,SY01,Tony Barber,15,0,0,2026-09-12 19:46:22
2026-09-12 19:40:23,ENSE623,0101,Steven Biemer,17,14,0,2026-09-12 19:46:22
2026-09-12 19:40:23,ENSE623,SY01,Steven Biemer,15,11,0,2026-09-12 19:46:22
2026-09-12 19:40:23,ENSE626,0101,Dane Cooper,20,16,0,2026-09-12 19:46:23
2026-09-12 19:40:23,ENSE626,SY01,Dane Cooper,15,9,0,2026-09-12 19:46:23
2026-09-12 19:40:23,ENSP101,0101,Annette Spivy,25,0,0,2026-09-12 19:46:25
2026-09-12 19:40:23,ENSP101,0102,Annette Spivy,24,0,0,2026-09-12 19:46:25
2026-09-12 19:40:23,ENSP101,0103,Annette Spivy,24,2,0,2026-09-12 19:46:25
2026-09-12 19:40:23,ENSP101,0104,Annette Spivy,24,1,0,2026-09-12 19:46:25
2026-09-12 19:40:23,ENSP101,0105,Annette Spivy,25,1,0,2026-09-12 19:46:25
2026-09-12 19:40:23,ENSP101,0106,Annette Spivy,24,0,0,2026-09-12 19:46:25
2026-09-12 19:40:23,ENSP101,0107,Annette Spivy,24,0,0,2026-09-12 19:46:25
2026-09-12 19:40:23,ENSP101,FC01,Annette Spivy,32,1,0,2026-09-12 19:46:25
2026-09-12 19:40:23,ENSP305,0101,Annette Spivy,23,0,1,2026-09-12 19:46:25
2026-09-12 19:40:23,ENSP330,0101,Joanna Goger,35,0,0,2026-09-12 19:46:25
2026-09-12 19:40:23,ENSP340,0101,Caroline Boules,25,0,0,2026-09-12 19:46:25
2026-09-12 19:40:23,ENSP360,0101,Leena Malayil,25,0,5,2026-09-12 19:46:25
2026-09-12 19:40:23,ENSP399R,0601,Annette Spivy,10,10,0,2026-09-12 19:46:26
2026-09-12 19:40:23,ENSP399R,1001,Jennifer Mullinax,10,10,0,2026-09-12 19:46:26
2026-09-12 19:40:23,ENSP400,0101,Joanna Goger,35,13,0,2026-09-12 19:46:26
2026-09-12 19:40:23,ENSP400,0102,Joanna Goger,35,11,0,2026-09-12 19:46:26
2026-09-12 19:40:23,ENVH121,FC01,Brienna Anderson,20,12,0,2026-09-12 19:46:38
2026-09-12 19:40:23,ENVH381,0101,Donald Milton,30,10,0,2026-09-12 19:46:38
2026-09-12 19:40:23,FGSM310,0101,Peter Owen,24,1,0,2026-09-12 19:46:42
2026-09-12 19:40:23,FGSM315,0101,Emily Shetty,22,0,0,2026-09-12 19:46:42
2026-09-12 19:40:23,FGSM320,0101,Woodie Kessel,24,2,0,2026-09-12 19:46:42
2026-09-12 19:40:23,FGSM325,0101,Rob Long,20,1,0,2026-09-12 19:46:43
2026-09-12 19:40:23,FGSM330,0101,Andrew Fausett,22,2,0,2026-09-12 19:46:43
2026-09-12 19:40:23,FGSM340,0101,Ed Fendley,22,1,0,2026-09-12 19:46:43
2026-09-12 19:40:23,FGSM350,0101,Sean Misko,22,1,0,2026-09-12 19:46:43
2026-09-12 19:40:23,FGSM355,0101,Amanda Schoch,20,0,0,2026-09-12 19:46:43
2026-09-12 19:40:23,FGSM360,0101,Nadia Farra,21,0,0,2026-09-12 19:46:44
2026-09-12 19:40:23,FGSM365,0101,Andrew Nissen,20,2,0,2026-09-12 19:46:44
2026-09-12 19:40:23,FGSM370,0101,Joshua Glasser,20,0,0,2026-09-12 19:46:44
2026-09-12 19:40:23,FGSM390,0101,Sasha Koo-Oshima,20,3,0,2026-09-12 19:46:44
2026-09-12 19:40:23,FGSM398,0101,Jayakumar Arasan,25,21,0,2026-09-12 19:46:45
2026-09-12 19:40:23,FGSM398,0201,Jayakumar Arasan,5,2,0,2026-09-12 19:46:45
2026-09-12 19:40:23,FIRE120,0101,Jessica O'Hara,36,0,0,2026-09-12 19:46:46
2026-09-12 19:40:23,FIRE120,0102,Shannon Hilton,36,7,0,2026-09-12 19:46:46
2026-09-12 19:40:23,FIRE120,0103,Jaclyn Bruner,36,2,0,2026-09-12 19:46:46
2026-09-12 19:40:23,FIRE120,0104,Danielle Niu,36,0,0,2026-09-12 19:46:46
2026-09-12 19:40:23,FIRE120,0105,Cherisse Hall,36,0,0,2026-09-12 19:46:46
2026-09-12 19:40:23,FIRE120,0106,Sara Strey,36,0,0,2026-09-12 19:46:46
2026-09-12 19:40:23,FIRE120,0107,Helene Nguemgaing,36,1,0,2026-09-12 19:46:46
2026-09-12 19:40:23,FIRE120,0108,Mary Chey,36,0,0,2026-09-12 19:46:46
2026-09-12 19:40:23,FIRE120,0109,Shannon Hilton,36,0,0,2026-09-12 19:46:46
2026-09-12 19:40:23,FIRE120,0110,Lena Johnson,36,0,0,2026-09-12 19:46:46
2026-09-12 19:40:23,FIRE120,0111,Benjamin Huffman,36,0,0,2026-09-12 19:46:46
2026-09-12 19:40:23,FIRE120,0112,Mary Chey,36,1,0,2026-09-12 19:46:46
2026-09-12 19:40:23,FIRE120,0113,Elizabeth Massey,36,8,0,2026-09-12 19:46:46
2026-09-12 19:40:23,FIRE120,0114,Benjamin Huffman,36,0,0,2026-09-12 19:46:46
2026-09-12 19:40:23,FIRE120,FC01,Danielle Niu,40,0,7,2026-09-12 19:46:46
2026-09-12 19:40:23,FIRE298,0101,Catherine Spirito,28,3,0,2026-09-12 19:46:46
2026-09-12 19:40:23,FIRE298,0103,Cherisse Hall,36,7,0,2026-09-12 19:46:46
2026-09-12 19:40:23,FIRE298,0104,Jessica O'Hara,36,4,0,2026-09-12 19:46:46
2026-09-12 19:40:23,FIRE298,0105,Kaylee Bloom,36,7,0,2026-09-12 19:46:46
2026-09-12 19:40:23,FIRE298,0106,Danielle Niu,36,16,0,2026-09-12 19:46:46
2026-09-12 19:40:23,FIRE298,0107,Benjamin Huffman,40,1,0,2026-09-12 19:46:46
2026-09-12 19:40:23,FIRE298,0108,Elizabeth Massey,40,14,0,2026-09-12 19:46:46
2026-09-12 19:40:23,FIRE298,0109,Shannon Hilton,40,6,0,2026-09-12 19:46:46
2026-09-12 19:40:23,FIRE298,0110,Jaclyn Bruner,40,19,0,2026-09-12 19:46:46
2026-09-12 19:40:23,FIRE298,0111,Mary Chey,36,4,0,2026-09-12 19:46:46
2026-09-12 19:40:23,FIRE298,0112,Helene Nguemgaing,40,16,0,2026-09-12 19:46:46
2026-09-12 19:40:23,FIRE298,0113,Kristina Kramarczuk,40,11,0,2026-09-12 19:46:46
2026-09-12 19:40:23,FIRE298,0114,Shabnam Jabeen,40,22,0,2026-09-12 19:46:46
2026-09-12 19:40:23,FIRE298,0115,Sara Strey,40,14,0,2026-09-12 19:46:46
2026-09-12 19:40:23,FIRE298,0116,Lena Johnson,40,6,0,2026-09-12 19:46:46
2026-09-12 19:40:23,FIRE398,0101,Catherine Spirito,15,2,0,2026-09-12 19:46:46
2026-09-12 19:40:23,FIRE398,0103,Cherisse Hall,15,5,0,2026-09-12 19:46:46
2026-09-12 19:40:23,FIRE398,0104,Jessica O'Hara,15,1,0,2026-09-12 19:46:46
2026-09-12 19:40:23,FIRE398,0105,Kaylee Bloom,15,2,0,2026-09-12 19:46:46
2026-09-12 19:40:23,FIRE398,0106,Danielle Niu,15,10,0,2026-09-12 19:46:46
2026-09-12 19:40:23,FIRE398,0107,Benjamin Huffman,15,3,0,2026-09-12 19:46:46
2026-09-12 19:40:23,FIRE398,0108,Elizabeth Massey,15,6,0,2026-09-12 19:46:46
2026-09-12 19:40:23,FIRE398,0109,Shannon Hilton,15,6,0,2026-09-12 19:46:46
2026-09-12 19:40:23,FIRE398,0110,Jaclyn Bruner,15,9,0,2026-09-12 19:46:46
2026-09-12 19:40:23,FIRE398,0111,Mary Chey,15,3,0,2026-09-12 19:46:46
2026-09-12 19:40:23,FIRE398,0112,Helene Nguemgaing,15,15,0,2026-09-12 19:46:46
2026-09-12 19:40:23,FIRE398,0113,Kristina Kramarczuk,15,8,0,2026-09-12 19:46:46
2026-09-12 19:40:23,FIRE398,0114,Shabnam Jabeen,15,15,0,2026-09-12 19:46:46
2026-09-12 19:40:23,FIRE398,0115,Sara Strey,15,14,0,2026-09-12 19:46:46
2026-09-12 19:40:23,FIRE398,0116,Lena Johnson,15,11,0,2026-09-12 19:46:46
2026-09-12 19:40:23,GBHL200,0101,Hassanatu Blake,30,0,0,2026-09-12 19:47:00
2026-09-12 19:40:23,GBHL200,FC01,Zandra Andre,25,3,0,2026-09-12 19:47:00
2026-09-12 19:40:23,GBHL210,0101,Leena Malayil,25,8,0,2026-09-12 19:47:00
2026-09-12 19:40:23,GEMS101,0101,Allison Lansverk,10,1,0,2026-09-12 19:47:02
2026-09-12 19:40:23,GEMS101,0103,Allison Lansverk,10,0,0,2026-09-12 19:47:02
2026-09-12 19:40:23,GEMS101,0104,Allison Lansverk,10,0,0,2026-09-12 19:47:02
2026-09-12 19:40:23,GEMS101,0105,Allison Lansverk,10,0,0,2026-09-12 19:47:02
2026-09-12 19:40:23,GEMS101,0106,Allison Lansverk,10,0,0,2026-09-12 19:47:02
2026-09-12 19:40:23,GEMS101,0107,Allison Lansverk,10,0,0,2026-09-12 19:47:02
2026-09-12 19:40:23,GEMS101,0109,Allison Lansverk,10,0,0,2026-09-12 19:47:02
2026-09-12 19:40:23,GEMS101,0111,Allison Lansverk,10,0,0,2026-09-12 19:47:02
2026-09-12 19:40:23,GEMS101,0113,Allison Lansverk,10,0,0,2026-09-12 19:47:02
2026-09-12 19:40:23,GEMS101,0114,Allison Lansverk,10,0,0,2026-09-12 19:47:02
2026-09-12 19:40:23,GEMS202,0101,David Lovell,168,43,0,2026-09-12 19:47:02
2026-09-12 19:40:23,GEMS208A,0101,Allison Lansverk,14,14,0,2026-09-12 19:47:03
2026-09-12 19:40:23,GEMS208B,0101,Allison Lansverk,14,14,0,2026-09-12 19:47:03
2026-09-12 19:40:23,GEMS208C,0101,Allison Lansverk,23,10,0,2026-09-12 19:47:03
2026-09-12 19:40:23,GEMS208D,0101,Allison Lansverk,10,9,0,2026-09-12 19:47:03
2026-09-12 19:40:23,GEMS208P,0101,Allison Lansverk,20,6,0,2026-09-12 19:47:04
2026-09-12 19:40:23,GEMS296,0101,Sehrish Shikarpurya,14,6,0,2026-09-12 19:47:04
2026-09-12 19:40:23,GEMS296,0102,David Lovell,14,1,0,2026-09-12 19:47:04
2026-09-12 19:40:23,GEMS296,0103,Myles Poulin,14,1,0,2026-09-12 19:47:04
2026-09-12 19:40:23,GEMS296,0104,Raymond Adomaitis,14,3,0,2026-09-12 19:47:04
2026-09-12 19:40:23,GEMS296,0105,Rodolphe Gentili,14,4,0,2026-09-12 19:47:04
2026-09-12 19:40:23,GEMS296,0106,Jared Grauer,14,6,0,2026-09-12 19:47:04
2026-09-12 19:40:23,GEMS296,0107,Fengfeng Ke,14,4,0,2026-09-12 19:47:04
2026-09-12 19:40:23,GEMS296,0108,Eric Silk,14,4,0,2026-09-12 19:47:04
2026-09-12 19:40:23,GEMS296,0109,Huang Chiao Huang,14,1,0,2026-09-12 19:47:04
2026-09-12 19:40:23,GEMS296,0110,Mengqiang Zhu,14,6,0,2026-09-12 19:47:04
2026-09-12 19:40:23,GEMS296,0111,Maria Molina,14,6,0,2026-09-12 19:47:04
2026-09-12 19:40:23,GEMS296,0112,Erin Tran,14,1,0,2026-09-12 19:47:04
2026-09-12 19:40:23,GEMS296,0113,Instructor: TBA,5,5,0,2026-09-12 19:47:04
2026-09-12 19:40:23,GEMS296,0114,Instructor: TBA,14,14,0,2026-09-12 19:47:04
2026-09-12 19:40:23,GEMS296,0115,David Lovell,5,5,0,2026-09-12 19:47:04
2026-09-12 19:40:23,GEMS297,0113,Instructor: TBA,5,5,0,2026-09-12 19:47:04
2026-09-12 19:40:23,GEMS396,0101,Michael Humber,14,7,0,2026-09-12 19:47:04
2026-09-12 19:40:23,GEMS396,0102,Seth Dickey,14,2,0,2026-09-12 19:47:04
2026-09-12 19:40:23,GEMS396,0103,Cecilia Huertas Cerdeira,14,7,0,2026-09-12 19:47:04
2026-09-12 19:40:23,GEMS396,0104,Rodolphe Gentili,14,2,0,2026-09-12 19:47:04
2026-09-12 19:40:23,GEMS396,0105,Allison Reilly,14,5,0,2026-09-12 19:47:04
2026-09-12 19:40:23,GEMS396,0106,Peter Sunderland,14,5,0,2026-09-12 19:47:04
2026-09-12 19:40:23,GEMS396,0107,Brett Lacey,14,8,0,2026-09-12 19:47:04
2026-09-12 19:40:23,GEMS396,0108,Natalia Buzulukova,14,4,0,2026-09-12 19:47:04
2026-09-12 19:40:23,GEMS396,0109,Anil Deane,14,4,0,2026-09-12 19:47:04
2026-09-12 19:40:23,GEMS396,0110,Colenso Speer,14,3,0,2026-09-12 19:47:04
2026-09-12 19:40:23,GEMS396,0111,Instructor: TBA,14,14,0,2026-09-12 19:47:04
2026-09-12 19:40:23,GEMS396,0112,Instructor: TBA,14,14,0,2026-09-12 19:47:04
2026-09-12 19:40:23,GEMS396,0113,David Lovell,5,5,0,2026-09-12 19:47:04
2026-09-12 19:40:23,GEMS396,0114,David Lovell,5,5,0,2026-09-12 19:47:04
2026-09-12 19:40:23,GEMS397,0113,David Lovell,5,4,0,2026-09-12 19:47:04
2026-09-12 19:40:23,GEMS496,0101,Eric Haag,14,8,0,2026-09-12 19:47:05
2026-09-12 19:40:23,GEMS496,0102,Mohammad Nayeem Teli,14,10,0,2026-09-12 19:47:05
2026-09-12 19:40:23,GEMS496,0103,Norberto Gonzalez- Juarbe,14,4,0,2026-09-12 19:47:05
2026-09-12 19:40:23,GEMS496,0104,Abhinav Shrivastava,14,6,0,2026-09-12 19:47:05
2026-09-12 19:40:23,GEMS496,0105,Hector Alcala,14,4,0,2026-09-12 19:47:05
2026-09-12 19:40:23,GEMS496,0106,Massimo Ricotti,14,4,0,2026-09-12 19:47:05
2026-09-12 19:40:23,GEMS496,0107,Reza Ghodssi,14,7,0,2026-09-12 19:47:05
2026-09-12 19:40:23,GEMS496,0108,Nikhil Chopra,14,8,0,2026-09-12 19:47:05
2026-09-12 19:40:23,GEMS496,0109,Kimberly Stroka,14,4,0,2026-09-12 19:47:05
2026-09-12 19:40:23,GEMS496,0110,Gorjan Alagic,14,13,0,2026-09-12 19:47:05
2026-09-12 19:40:23,GEMS496,0111,Alisa Clyne,14,6,0,2026-09-12 19:47:05
2026-09-12 19:40:23,GEMS496,0112,Xin Zan,14,10,0,2026-09-12 19:47:05
2026-09-12 19:40:23,GEMS496,0113,Erin Tran,14,14,0,2026-09-12 19:47:05
2026-09-12 19:40:23,GEMS496,0114,David Lovell,5,5,0,2026-09-12 19:47:05
2026-09-12 19:40:23,GEMS497,0107,Instructor: TBA,14,14,0,2026-09-12 19:47:05
2026-09-12 19:40:23,GEMS497,0110,Instructor: TBA,5,5,0,2026-09-12 19:47:05
2026-09-12 19:40:23,GEMS497,0113,David Lovell,5,5,0,2026-09-12 19:47:05
2026-09-12 19:40:23,GFPL100,0101,Joshua Itzkowitz Shifrinson,20,1,0,2026-09-12 19:47:22
2026-09-12 19:40:23,GFPL100,0102,Joshua Itzkowitz Shifrinson,20,1,0,2026-09-12 19:47:22
2026-09-12 19:40:23,GFPL100,0103,Joshua Itzkowitz Shifrinson,20,1,0,2026-09-12 19:47:22
2026-09-12 19:40:23,GFPL100,0104,Joshua Itzkowitz Shifrinson,20,0,0,2026-09-12 19:47:22
2026-09-12 19:40:23,GFPL100,0105,Joshua Itzkowitz Shifrinson,20,2,0,2026-09-12 19:47:22
2026-09-12 19:40:23,GFPL100,0106,Joshua Itzkowitz Shifrinson,25,2,0,2026-09-12 19:47:22
2026-09-12 19:40:23,GFPL100,FC01,Devin Entrikin,30,0,0,2026-09-12 19:47:22
2026-09-12 19:40:23,GFPL102,0101,Caroline Ritter,95,32,0,2026-09-12 19:47:22
2026-09-12 19:40:23,GFPL371,0101,Joshua Itzkowitz Shifrinson,35,0,0,2026-09-12 19:47:22
2026-09-12 19:40:23,GFPL388A,0101,Shannon Carcelli,5,5,0,2026-09-12 19:47:22
2026-09-12 19:40:23,GFPL388B,0101,Hyunki Kim,5,5,0,2026-09-12 19:47:23
2026-09-12 19:40:23,GFPL388C,0101,Scott Kastner,5,0,0,2026-09-12 19:47:23
2026-09-12 19:40:23,GFPL390,0101,Lena Andrews,20,0,0,2026-09-12 19:47:23
2026-09-12 19:40:23,GFPL490,0101,Michael Woldemariam,15,2,0,2026-09-12 19:47:23
2026-09-12 19:40:23,GFPL492,0101,Steve Fetter,20,1,0,2026-09-12 19:47:23
2026-09-12 19:40:23,GLBC200,0101,Chris Lewis,30,4,0,2026-09-12 19:47:25
2026-09-12 19:40:23,GLBC350,0101,Michele Mason,30,27,0,2026-09-12 19:47:25
2026-09-12 19:40:23,HACS100,0101,Cassie Harrington,40,1,0,2026-09-12 19:47:36
2026-09-12 19:40:23,HACS100,0201,Cassie Harrington,40,15,0,2026-09-12 19:47:36
2026-09-12 19:40:23,HACS200,0101,Michel Cukier,34,10,0,2026-09-12 19:47:36
2026-09-12 19:40:23,HACS200,0201,Michel Cukier,34,1,0,2026-09-12 19:47:36
2026-09-12 19:40:23,HACS202,0101,Bertrand Sobesto,52,19,0,2026-09-12 19:47:37
2026-09-12 19:40:23,HACS208A,0101,Lawrence Gordon,20,0,2,2026-09-12 19:47:37
2026-09-12 19:40:23,HACS208C,0101,Lamia Zia,26,9,0,2026-09-12 19:47:37
2026-09-12 19:40:23,HACS208P,0101,Charles Harry,26,0,0,2026-09-12 19:47:37
2026-09-12 19:40:23,HACS297,0101,Sarah Herberger,25,5,0,2026-09-12 19:47:38
2026-09-12 19:40:23,HACS408E,0101,Luke Mains,30,11,0,2026-09-12 19:47:38
2026-09-12 19:40:23,HACS408L,0101,Ian Serbin,30,2,0,2026-09-12 19:47:38
2026-09-12 19:40:23,HACS408M,0101,John McGahagan,30,0,0,2026-09-12 19:47:39
2026-09-12 19:40:23,HACS498,0101,Thomas Woods,7,1,0,2026-09-12 19:47:39
2026-09-12 19:40:23,HACS498,0201,David Trott,9,0,0,2026-09-12 19:47:39
2026-09-12 19:40:23,HACS498,0301,Michel Cukier,8,0,0,2026-09-12 19:47:39
2026-09-12 19:40:23,HBUS100,0101,Jui Ramaprasad,72,4,0,2026-09-12 19:47:40
2026-09-12 19:40:23,HBUS200,0101,Nicole Coomber,60,1,0,2026-09-12 19:47:41
2026-09-12 19:40:23,HDCC105,0101,Antwon Key,70,7,0,2026-09-12 19:47:42
2026-09-12 19:40:23,HDCC201,0101,Jessica Lu,22,0,0,2026-09-12 19:47:42
2026-09-12 19:40:23,HDCC201,0201,Jessica Lu,22,0,0,2026-09-12 19:47:42
2026-09-12 19:40:23,HDCC201,0301,Jessica Lu,22,3,0,2026-09-12 19:47:42
2026-09-12 19:40:23,HDCC208A,0101,William Evans,14,0,0,2026-09-12 19:47:42
2026-09-12 19:40:23,HDCC208J,0101,Grant Bollmer,14,0,0,2026-09-12 19:47:43
2026-09-12 19:40:23,HDCC208P,0101,Cliff Bakalian,14,1,0,2026-09-12 19:47:43
2026-09-12 19:40:23,HDCC208T,0101,Jonathan Reyes,14,0,0,2026-09-12 19:47:43
2026-09-12 19:40:23,HDCC208Z,0101,M Sauter,14,7,0,2026-09-12 19:47:43
2026-09-12 19:40:23,HEBR106,0101,Avital Karpman,15,1,0,2026-09-12 19:47:45
2026-09-12 19:40:23,HEBR106,0201,Avital Karpman,15,5,0,2026-09-12 19:47:45
2026-09-12 19:40:23,HEBR206,0101,Avital Karpman,15,4,0,2026-09-12 19:47:45
2026-09-12 19:40:23,HEBR249C,0101,Aliza Sandalon,15,0,1,2026-09-12 19:47:45
2026-09-12 19:40:23,HEBR298B,0101,Matthew Suriano,25,0,0,2026-09-12 19:47:46
2026-09-12 19:40:23,HEBR313,0101,Aliza Sandalon,20,0,2,2026-09-12 19:47:46
2026-09-12 19:40:23,HGLO100,0101,Alfredo Oliveira,22,7,0,2026-09-12 19:47:57
2026-09-12 19:40:23,HGLO100,0102,Natalie Vinski Ibrahim,22,9,0,2026-09-12 19:47:57
2026-09-12 19:40:23,HGLO100,0103,Natalie Vinski Ibrahim,22,1,0,2026-09-12 19:47:57
2026-09-12 19:40:23,HGLO100,0104,Alfredo Oliveira,22,11,0,2026-09-12 19:47:57
2026-09-12 19:40:23,HGLO101,0101,Sarah Croco,23,3,0,2026-09-12 19:47:58
2026-09-12 19:40:23,HGLO101,0102,Sarah Croco,22,9,0,2026-09-12 19:47:58
2026-09-12 19:40:23,HGLO101,0103,Sarah Croco,22,5,0,2026-09-12 19:47:58
2026-09-12 19:40:23,HGLO101,0104,Sarah Croco,22,13,0,2026-09-12 19:47:58
2026-09-12 19:40:23,HGLO207,0101,Natalie Vinski Ibrahim,25,12,0,2026-09-12 19:47:58
2026-09-12 19:40:23,HGLO208,0101,Sarah Croco,45,25,0,2026-09-12 19:47:58
2026-09-12 19:40:23,HGLO298,0101,Jordan Gouws-Dewar,30,25,0,2026-09-12 19:47:58
2026-09-12 19:40:23,HLSC100,0101,Jalah Townsend,24,3,0,2026-09-12 19:48:31
2026-09-12 19:40:23,HLSC100,0102,Jalah Townsend,24,2,0,2026-09-12 19:48:31
2026-09-12 19:40:23,HLSC100,0103,Jalah Townsend,24,4,0,2026-09-12 19:48:31
2026-09-12 19:40:23,HLSC100,0104,Jalah Townsend,24,7,0,2026-09-12 19:48:31
2026-09-12 19:40:23,HLSC280,0101,Najib El-Sayed,25,3,0,2026-09-12 19:48:31
2026-09-12 19:40:23,HLSC280,0102,Najib El-Sayed,25,4,0,2026-09-12 19:48:31
2026-09-12 19:40:23,HLSC280,0103,Najib El-Sayed,25,4,0,2026-09-12 19:48:31
2026-09-12 19:40:23,HLSC280,0104,Najib El-Sayed,25,9,0,2026-09-12 19:48:31
2026-09-12 19:40:23,HLSC329,0101,Sabrina Kramer,12,4,0,2026-09-12 19:48:31
2026-09-12 19:40:23,HNUH100,0101,Robert Graham,20,3,0,2026-09-12 19:48:42
2026-09-12 19:40:23,HNUH100,0102,Robert Graham,20,0,0,2026-09-12 19:48:42
2026-09-12 19:40:23,HNUH100,0103,Brittany Proudfoot Ginder,20,1,0,2026-09-12 19:48:42
2026-09-12 19:40:23,HNUH100,0104,Max Barnewitz,20,1,0,2026-09-12 19:48:42
2026-09-12 19:40:23,HNUH100,0105,Vasfiye Toprak,20,0,0,2026-09-12 19:48:42
2026-09-12 19:40:23,HNUH100,0106,Vasfiye Toprak,20,2,0,2026-09-12 19:48:42
2026-09-12 19:40:23,HNUH100,0201,Max Barnewitz,20,1,0,2026-09-12 19:48:42
2026-09-12 19:40:23,HNUH100,0202,Max Barnewitz,20,0,0,2026-09-12 19:48:42
2026-09-12 19:40:23,HNUH100,0203,Vasfiye Toprak,20,2,0,2026-09-12 19:48:42
2026-09-12 19:40:23,HNUH100,0204,Vasfiye Toprak,20,0,0,2026-09-12 19:48:42
2026-09-12 19:40:23,HNUH100,0205,Ayondela McDole,20,4,0,2026-09-12 19:48:42
2026-09-12 19:40:23,HNUH100,0206,Ayondela McDole,20,0,0,2026-09-12 19:48:42
2026-09-12 19:40:23,HNUH100,0301,Robert Graham,20,0,0,2026-09-12 19:48:42
2026-09-12 19:40:23,HNUH100,0302,Shauna Rigaud,20,8,0,2026-09-12 19:48:42
2026-09-12 19:40:23,HNUH100,0303,Shauna Rigaud,20,0,0,2026-09-12 19:48:42
2026-09-12 19:40:23,HNUH100,0304,Max Barnewitz,20,3,0,2026-09-12 19:48:42
2026-09-12 19:40:23,HNUH100,0305,Vasfiye Toprak,20,0,0,2026-09-12 19:48:42
2026-09-12 19:40:23,HNUH100,0306,Vasfiye Toprak,20,1,0,2026-09-12 19:48:42
2026-09-12 19:40:23,HNUH100,0401,Gretchen Bella,20,0,0,2026-09-12 19:48:42
2026-09-12 19:40:23,HNUH100,0402,Gretchen Bella,20,6,0,2026-09-12 19:48:42
2026-09-12 19:40:23,HNUH100,0403,Max Barnewitz,20,1,0,2026-09-12 19:48:42
2026-09-12 19:40:23,HNUH100,0404,Ayondela McDole,20,6,0,2026-09-12 19:48:42
2026-09-12 19:40:23,HNUH100,0405,Ayondela McDole,20,0,0,2026-09-12 19:48:42
2026-09-12 19:40:23,HNUH100,0406,Ayondela McDole,20,4,0,2026-09-12 19:48:42
2026-09-12 19:40:23,HNUH100,0501,Leigha McReynolds,10,4,0,2026-09-12 19:48:42
2026-09-12 19:40:23,HNUH100,0601,Brittany Proudfoot Ginder,20,0,0,2026-09-12 19:48:42
2026-09-12 19:40:23,HNUH218D,0101,Brian Gilmore,48,0,2,2026-09-12 19:48:42
2026-09-12 19:40:23,HNUH218L,0101,Shauna Rigaud,20,0,0,2026-09-12 19:48:43
2026-09-12 19:40:23,HNUH218L,0201,Shauna Rigaud,20,0,0,2026-09-12 19:48:43
2026-09-12 19:40:23,HNUH228D,0101,Matthew McLaughlin,60,2,0,2026-09-12 19:48:43
2026-09-12 19:40:23,HNUH228L,0101,Alena Wigodner,20,0,0,2026-09-12 19:48:43
2026-09-12 19:40:23,HNUH228L,0201,Alena Wigodner,20,0,0,2026-09-12 19:48:43
2026-09-12 19:40:23,HNUH228N,0101,Peter Grybauskas,20,0,0,2026-09-12 19:48:43
2026-09-12 19:40:23,HNUH229I,0101,Gretchen Bella,23,3,0,2026-09-12 19:48:44
2026-09-12 19:40:23,HNUH238D,0101,Susan Moeller,60,3,0,2026-09-12 19:48:44
2026-09-12 19:40:23,HNUH238L,0101,Kimberly Johnson,20,2,0,2026-09-12 19:48:44
2026-09-12 19:40:23,HNUH238L,0201,Kimberly Johnson,20,0,0,2026-09-12 19:48:44
2026-09-12 19:40:23,HNUH238N,0101,Hannah Wegmann,20,6,0,2026-09-12 19:48:44
2026-09-12 19:40:23,HNUH239T,0101,Gerald Suarez,20,0,0,2026-09-12 19:48:44
2026-09-12 19:40:23,HNUH248D,0101,Juan Uriagereka,45,3,0,2026-09-12 19:48:45
2026-09-12 19:40:23,HNUH248L,0201,Robert Graham,20,5,0,2026-09-12 19:48:45
2026-09-12 19:40:23,HNUH248M,0101,Hassanatu Blake,20,13,0,2026-09-12 19:48:45
2026-09-12 19:40:23,HNUH248N,0101,Siv Lie,20,0,1,2026-09-12 19:48:45
2026-09-12 19:40:23,HNUH249P,0101,Temim Nusraty,20,2,0,2026-09-12 19:48:46
2026-09-12 19:40:23,HNUH258C,0101,Bill Fagan,55,26,0,2026-09-12 19:48:46
2026-09-12 19:40:23,HNUH258Q,0101,Tiara Thomas,20,1,0,2026-09-12 19:48:46
2026-09-12 19:40:23,HNUH259P,0101,Hooman Koliji,20,2,0,2026-09-12 19:48:46
2026-09-12 19:40:23,HNUH268C,0101,Perla Guerrero,60,35,0,2026-09-12 19:48:46
2026-09-12 19:40:23,HNUH269P,0101,Marisa Franco,20,0,1,2026-09-12 19:48:47
2026-09-12 19:40:23,HNUH278C,0101,Chinyere Osuji,60,37,0,2026-09-12 19:48:47
2026-09-12 19:40:23,HNUH278I,0101,Marisa Franco,20,5,0,2026-09-12 19:48:47
2026-09-12 19:40:23,HNUH278I,0102,Marisa Franco,20,1,0,2026-09-12 19:48:47
2026-09-12 19:40:23,HNUH278R,0101,Max Barnewitz,20,4,0,2026-09-12 19:48:47
2026-09-12 19:40:23,HNUH288C,0101,Julia Steinberg,30,3,0,2026-09-12 19:48:48
2026-09-12 19:40:23,HNUH288C,0103,Julia Steinberg,30,9,0,2026-09-12 19:48:48
2026-09-12 19:40:23,HNUH288O,0101,Ariana Nash,20,1,0,2026-09-12 19:48:48
2026-09-12 19:40:23,HNUH300,0301,Vasfiye Toprak,20,0,0,2026-09-12 19:48:48
2026-09-12 19:40:23,HNUH300,0401,Robert Graham,20,0,0,2026-09-12 19:48:48
2026-09-12 19:40:23,HNUH300,0601,Alena Wigodner,20,0,0,2026-09-12 19:48:48
2026-09-12 19:40:23,HNUH300,0701,Ingrid Satelmajer,20,14,0,2026-09-12 19:48:48
2026-09-12 19:40:23,HNUH300,0801,Shauna Rigaud,20,0,0,2026-09-12 19:48:48
2026-09-12 19:40:23,HNUH300,0901,Kimberly Johnson,20,4,0,2026-09-12 19:48:48
2026-09-12 19:40:23,HNUH300,1001,Ingrid Satelmajer,20,13,0,2026-09-12 19:48:48
2026-09-12 19:40:23,HNUH318T,0101,Peter Owen,24,1,0,2026-09-12 19:48:48
2026-09-12 19:40:23,HNUH319T,0101,Emily Shetty,22,0,0,2026-09-12 19:48:48
2026-09-12 19:40:23,HNUH328T,0101,Woodie Kessel,24,2,0,2026-09-12 19:48:49
2026-09-12 19:40:23,HNUH329T,0101,Rob Long,20,1,0,2026-09-12 19:48:49
2026-09-12 19:40:23,HNUH338T,0101,Andrew Fausett,22,2,0,2026-09-12 19:48:49
2026-09-12 19:40:23,HNUH348T,0101,Ed Fendley,22,1,0,2026-09-12 19:48:49
2026-09-12 19:40:23,HNUH358T,0101,Sean Misko,22,1,0,2026-09-12 19:48:50
2026-09-12 19:40:23,HNUH359T,0101,Amanda Schoch,20,0,0,2026-09-12 19:48:50
2026-09-12 19:40:23,HNUH368T,0101,Nadia Farra,21,0,0,2026-09-12 19:48:50
2026-09-12 19:40:23,HNUH369T,0101,Andrew Nissen,20,2,0,2026-09-12 19:48:50
2026-09-12 19:40:23,HNUH378T,0101,Joshua Glasser,20,0,0,2026-09-12 19:48:51
2026-09-12 19:40:23,HNUH398P,0101,Jayakumar Arasan,25,21,0,2026-09-12 19:48:51
2026-09-12 19:40:23,HNUH398P,0201,Jayakumar Arasan,5,2,0,2026-09-12 19:48:51
2026-09-12 19:40:23,HNUH398T,0101,Sasha Koo-Oshima,20,3,0,2026-09-12 19:48:51
2026-09-12 19:40:23,HONR368A,0101,Blake Wilder,22,0,0,2026-09-12 19:48:52
2026-09-12 19:40:23,IMDM101,0101,Mollye Bendell,30,16,0,2026-09-12 19:48:56
2026-09-12 19:40:23,IMDM101,0201,Myungin Lee,30,17,0,2026-09-12 19:48:56
2026-09-12 19:40:23,IMDM101,0301,Myungin Lee,30,23,0,2026-09-12 19:48:56
2026-09-12 19:40:23,IMDM127,0101,Roger Eastman,36,20,0,2026-09-12 19:48:57
2026-09-12 19:40:23,IMDM150,0101,Stefano Passeri,30,15,0,2026-09-12 19:48:57
2026-09-12 19:40:23,IMDM227,0101,Stevens Miller,30,2,0,2026-09-12 19:48:57
2026-09-12 19:40:23,IMDM227,0201,Stevens Miller,30,17,0,2026-09-12 19:48:57
2026-09-12 19:40:23,IMDM327,0101,Myungin Lee,25,0,0,2026-09-12 19:48:57
2026-09-12 19:40:23,IMDM350,0101,Jason Farman,29,12,0,2026-09-12 19:48:57
2026-09-12 19:40:23,IMDM490,0101,Matthew Nolan,30,0,0,2026-09-12 19:48:58
2026-09-12 19:40:23,IMDM490,0201,Matthew Nolan,30,16,0,2026-09-12 19:48:58
2026-09-12 19:40:23,IMDM498K,0101,Matthew Nolan,15,1,0,2026-09-12 19:48:58
2026-09-12 19:40:23,IMMR319D,0101,Beka Guluma,20,13,0,2026-09-12 19:49:00
2026-09-12 19:40:23,IMMR394,0101,Wenxi Yang,30,2,0,2026-09-12 19:49:00
2026-09-12 19:40:23,IMMR399,0101,Instructor: TBA,2,2,0,2026-09-12 19:49:00
2026-09-12 19:40:23,IMMR400,0101,Gerson Rosales,20,3,0,2026-09-12 19:49:01
2026-09-12 19:40:23,ISRL249J,0101,Aner Tal,30,24,0,2026-09-12 19:49:46
2026-09-12 19:40:23,ISRL249M,0101,Aliza Sandalon,15,0,1,2026-09-12 19:49:47
2026-09-12 19:40:23,ISRL283,0101,Shay Hazkani,35,6,0,2026-09-12 19:49:47
2026-09-12 19:40:23,ISRL349G,0101,Marwa Maziad,30,1,0,2026-09-12 19:49:47
2026-09-12 19:40:23,ISRL349K,0101,Regev Ben-David,30,24,0,2026-09-12 19:49:48
2026-09-12 19:40:23,ISRL349T,0101,Elli Lieberman,35,22,0,2026-09-12 19:49:48
2026-09-12 19:40:23,ISRL349Y,0101,Adina Friedman,35,27,0,2026-09-12 19:49:48
2026-09-12 19:40:23,ISRL382,0101,Ilai Saltzman,35,1,0,2026-09-12 19:49:48
2026-09-12 19:40:23,ISRL448R,0101,Morad Elsana,25,10,0,2026-09-12 19:49:49
2026-09-12 19:40:23,ITAL103,0101,Antonella D'Amario,18,14,0,2026-09-12 19:49:50
2026-09-12 19:40:23,ITAL103,0201,Antonella D'Amario,18,6,0,2026-09-12 19:49:50
2026-09-12 19:40:23,ITAL103,0301,Joseph Falvo,18,6,0,2026-09-12 19:49:50
2026-09-12 19:40:23,ITAL203,0101,Antonella D'Amario,18,9,0,2026-09-12 19:49:50
2026-09-12 19:40:23,ITAL203,0201,Antonella D'Amario,18,13,0,2026-09-12 19:49:50
2026-09-12 19:40:23,ITAL204,0101,Federica Soddu,18,14,0,2026-09-12 19:49:51
2026-09-12 19:40:23,ITAL207,0101,Mirella Vaglio,18,17,0,2026-09-12 19:49:51
2026-09-12 19:40:23,ITAL301,0101,Federica Soddu,20,11,0,2026-09-12 19:49:51
2026-09-12 19:40:23,ITAL362,0101,Federica Soddu,20,12,0,2026-09-12 19:49:52
2026-09-12 19:40:23,ITAL401,0101,Mirella Vaglio,15,12,0,2026-09-12 19:49:52
2026-09-12 19:40:23,ITAL421,0101,Joseph Falvo,25,14,0,2026-09-12 19:49:53
2026-09-12 19:40:23,ITAL478R,0101,Joseph Falvo,5,3,0,2026-09-12 19:49:53
2026-09-12 19:40:23,JAPN101,0101,Kumiko Akikawa,15,4,0,2026-09-12 19:49:56
2026-09-12 19:40:23,JAPN101,0201,Kumiko Akikawa,15,6,0,2026-09-12 19:49:56
2026-09-12 19:40:23,JAPN101,0301,Kumiko Akikawa,15,5,0,2026-09-12 19:49:56
2026-09-12 19:40:23,JAPN201,0101,Makiko Inoue,15,5,0,2026-09-12 19:49:57
2026-09-12 19:40:23,JAPN201,0201,Makiko Inoue,15,8,0,2026-09-12 19:49:57
2026-09-12 19:40:23,JAPN301,0101,Mari Hamada,15,9,0,2026-09-12 19:49:57
2026-09-12 19:40:23,JAPN311,0101,Jyana Browne,15,11,0,2026-09-12 19:49:57
2026-09-12 19:40:23,JAPN315,0101,Michele Mason,20,6,0,2026-09-12 19:49:59
2026-09-12 19:40:23,JAPN320,0101,Lindsay Yotsukura,15,8,0,2026-09-12 19:49:59
2026-09-12 19:40:23,JAPN498B,0101,Jyana Browne,20,3,0,2026-09-12 19:50:00
2026-09-12 19:40:23,KORA101,0101,Saerom Kwak,15,0,1,2026-09-12 19:50:57
2026-09-12 19:40:23,KORA101,0201,Saerom Kwak,15,1,0,2026-09-12 19:50:57
2026-09-12 19:40:23,KORA101,0301,Saerom Kwak,15,5,0,2026-09-12 19:50:57
2026-09-12 19:40:23,KORA101,0401,Saerom Kwak,15,5,0,2026-09-12 19:50:57
2026-09-12 19:40:23,KORA201,0101,Seong Minne Koh,15,4,0,2026-09-12 19:50:57
2026-09-12 19:40:23,KORA201,0201,Seong Minne Koh,15,5,0,2026-09-12 19:50:57
2026-09-12 19:40:23,KORA201,0301,Seong Minne Koh,15,8,0,2026-09-12 19:50:57
2026-09-12 19:40:23,KORA398G,0101,Instructor: TBA,10,7,0,2026-09-12 19:50:57
2026-09-12 19:40:23,KORA398W,0101,Seong Minne Koh,10,3,0,2026-09-12 19:50:57
2026-09-12 19:40:23,LEAD217,0101,Festus Ainoo,25,0,0,2026-09-12 19:51:11
2026-09-12 19:40:23,LEAD217,0201,Adrian Bitton,25,0,0,2026-09-12 19:51:11
2026-09-12 19:40:23,LEAD217,FC01,Festus Ainoo,22,0,1,2026-09-12 19:51:11
2026-09-12 19:40:23,LEAD305,0101,Anastasia Lavrenyuk,20,4,0,2026-09-12 19:51:12
2026-09-12 19:40:23,LEAD315,0101,Anastasia Lavrenyuk,25,11,0,2026-09-12 19:51:12
2026-09-12 19:40:23,LEAD320,0101,Courtney Holder,10,8,0,2026-09-12 19:51:12
2026-09-12 19:40:23,LGBT200,0201,Basanth Babu,25,0,3,2026-09-12 19:51:13
2026-09-12 19:40:23,LGBT265,0101,Tyra Griffin,30,0,0,2026-09-12 19:51:14
2026-09-12 19:40:23,LGBT265,0201,Declan Langton,30,2,0,2026-09-12 19:51:14
2026-09-12 19:40:23,LGBT359J,0101,Chris Eng,25,14,0,2026-09-12 19:51:14
2026-09-12 19:40:23,MLAW100,0101,Christine White,83,15,0,2026-09-12 19:51:45
2026-09-12 19:40:23,MLAW304,0201,Christine White,65,16,0,2026-09-12 19:51:45
2026-09-12 19:40:23,MLAW305,0101,Brian Gilmore,40,2,0,2026-09-12 19:51:45
2026-09-12 19:40:23,MLAW315,0101,Grace Benton,13,3,0,2026-09-12 19:51:45
2026-09-12 19:40:23,MLAW358Q,0101,David Cunningham,0,0,0,2026-09-12 19:51:46
2026-09-12 19:40:23,MLAW358T,0101,Christine White,25,6,0,2026-09-12 19:51:46
2026-09-12 19:40:23,MLAW358X,0101,Martin Kobren,5,0,0,2026-09-12 19:51:46
2026-09-12 19:40:23,MLAW359,0101,Brandee Pettus,10,4,0,2026-09-12 19:51:46
2026-09-12 19:40:23,MLAW378E,0101,Brandee Pettus,5,5,0,2026-09-12 19:51:46
2026-09-12 19:40:23,MLAW378K,0101,Brian Gilmore,20,1,0,2026-09-12 19:51:47
2026-09-12 19:40:23,MLAW378Q,0101,Paul Huth,2,0,0,2026-09-12 19:51:47
2026-09-12 19:40:23,MLAW378R,0101,Nancy Schertzing,13,2,0,2026-09-12 19:51:47
2026-09-12 19:40:23,MLAW388,0101,Brandee Pettus,40,20,0,2026-09-12 19:51:47
2026-09-12 19:40:23,MLSC250,FC01,William Simpson,24,4,0,2026-09-12 19:51:49
2026-09-12 19:40:23,NEUR200,0101,Ana Navarro Cebrian,80,3,0,2026-09-12 19:52:07
2026-09-12 19:40:23,NEUR200,0201,Ana Navarro Cebrian,80,0,1,2026-09-12 19:52:07
2026-09-12 19:40:23,NEUR200,0301,Evan Hart,80,0,0,2026-09-12 19:52:07
2026-09-12 19:40:23,NEUR305,0101,Amanda Chicoli,100,10,0,2026-09-12 19:52:07
2026-09-12 19:40:23,NEUR306,0101,Chan Lin,200,7,0,2026-09-12 19:52:07
2026-09-12 19:40:23,NEUR398H,0101,Nikolas Francis,20,1,0,2026-09-12 19:52:08
2026-09-12 19:40:23,NEUR405,0101,Hilary Bierman,20,1,0,2026-09-12 19:52:08
2026-09-12 19:40:23,NEUR405,0102,Hilary Bierman,20,0,0,2026-09-12 19:52:08
2026-09-12 19:40:23,NEUR405,0103,Hilary Bierman,20,0,0,2026-09-12 19:52:08
2026-09-12 19:40:23,PEER312,0101,Aleia Gardner,15,8,0,2026-09-12 19:52:20
2026-09-12 19:40:23,PEER318,0101,Christina Jay,15,11,0,2026-09-12 19:52:20
2026-09-12 19:40:23,PEER319,0101,Grace Boudreau,15,7,0,2026-09-12 19:52:20
2026-09-12 19:40:23,PHPE308D,0101,Xinzhi Zhao,30,8,0,2026-09-12 19:52:32
2026-09-12 19:40:23,PHPE308F,0101,Regev Ben-David,30,24,0,2026-09-12 19:52:32
2026-09-12 19:40:23,PHPE308O,0101,Jackson Iszler,30,0,0,2026-09-12 19:52:32
2026-09-12 19:40:23,PHPE308T,0101,Hallie Liberto,30,17,0,2026-09-12 19:52:32
2026-09-12 19:40:23,PHPE308Y,0101,Rachel Singpurwalla,20,0,1,2026-09-12 19:52:33
2026-09-12 19:40:23,PHPE308Y,0102,Rachel Singpurwalla,20,0,2,2026-09-12 19:52:33
2026-09-12 19:40:23,PHPE308Y,0103,Rachel Singpurwalla,20,0,3,2026-09-12 19:52:33
2026-09-12 19:40:23,PHPE400,0101,Justin Helms,18,0,0,2026-09-12 19:52:33
2026-09-12 19:40:23,PHPE400,0102,Justin Helms,18,0,0,2026-09-12 19:52:33
2026-09-12 19:40:23,PHPE400,0103,Justin Helms,20,1,0,2026-09-12 19:52:33
2026-09-12 19:40:23,PHPE401,0101,Xinzhi Zhao,25,0,3,2026-09-12 19:52:33
2026-09-12 19:40:23,PHPE402,0101,Dan Moller,30,2,0,2026-09-12 19:52:33
2026-09-12 19:40:23,PHPE408J,0101,Lixing Miao,25,1,0,2026-09-12 19:52:34
2026-09-12 19:40:23,PHPE408R,0101,Xinzhi Zhao,25,8,0,2026-09-12 19:52:34
2026-09-12 19:40:23,PHSC388J,0101,Kendall Bustad,20,6,0,2026-09-12 19:52:35
2026-09-12 19:40:23,PHSC399,0101,Shannon Edward,30,8,0,2026-09-12 19:52:36
2026-09-12 19:40:23,PHSC415,0101,Jessica O'Hara,31,0,1,2026-09-12 19:52:36
2026-09-12 19:40:23,PHSC415,0102,Jessica O'Hara,31,0,1,2026-09-12 19:52:36
2026-09-12 19:40:23,PHSC415,0103,Jessica O'Hara,31,0,1,2026-09-12 19:52:36
2026-09-12 19:40:23,PHSC415,0104,Jessica O'Hara,31,2,0,2026-09-12 19:52:36
2026-09-12 19:40:23,PHSC415,0105,Jessica O'Hara,31,2,0,2026-09-12 19:52:36
2026-09-12 19:40:23,PHSC420,0101,Jennifer German,35,4,0,2026-09-12 19:52:36
2026-09-12 19:40:23,PHSC450,0101,Kendall Bustad,20,0,0,2026-09-12 19:52:36
2026-09-12 19:40:23,PHSC450,0102,Kendall Bustad,20,0,0,2026-09-12 19:52:36
2026-09-12 19:40:23,PHSC450,0103,Kendall Bustad,20,0,0,2026-09-12 19:52:36
2026-09-12 19:40:23,PHSC450,0104,Kendall Bustad,20,1,0,2026-09-12 19:52:36
2026-09-12 19:40:23,PHSC450,0105,Kendall Bustad,20,0,0,2026-09-12 19:52:36
2026-09-12 19:40:23,PHSC450,0106,Kendall Bustad,20,0,0,2026-09-12 19:52:36
2026-09-12 19:40:23,PHSC450,0107,Kendall Bustad,20,1,0,2026-09-12 19:52:36
2026-09-12 19:40:23,PHSC450,0108,Kendall Bustad,20,0,0,2026-09-12 19:52:36
2026-09-12 19:40:23,PHSC497,0101,Kendall Bustad,20,2,0,2026-09-12 19:52:37
2026-09-12 19:40:23,PHSC497,0301,Shannon Edward,20,3,0,2026-09-12 19:52:37
2026-09-12 19:40:23,PHSC497,0601,Jennifer German,20,3,0,2026-09-12 19:52:37
2026-09-12 19:40:23,PLCY100,0101,Toby Egan,25,0,1,2026-09-12 19:52:54
2026-09-12 19:40:23,PLCY100,0102,Toby Egan,25,0,0,2026-09-12 19:52:54
2026-09-12 19:40:23,PLCY100,0103,Toby Egan,25,0,0,2026-09-12 19:52:54
2026-09-12 19:40:23,PLCY100,0104,Toby Egan,25,1,0,2026-09-12 19:52:54
2026-09-12 19:40:23,PLCY100,0201,Namrta Sharma,25,12,0,2026-09-12 19:52:54
2026-09-12 19:40:23,PLCY100,0202,Namrta Sharma,25,15,0,2026-09-12 19:52:54
2026-09-12 19:40:23,PLCY100,0203,Namrta Sharma,25,1,0,2026-09-12 19:52:54
2026-09-12 19:40:23,PLCY100,0204,Namrta Sharma,25,10,0,2026-09-12 19:52:54
2026-09-12 19:40:23,PLCY101,0101,Robert Sprinkle,75,0,0,2026-09-12 19:52:54
2026-09-12 19:40:23,PLCY170,0101,Joshua Itzkowitz Shifrinson,20,1,0,2026-09-12 19:52:54
2026-09-12 19:40:23,PLCY170,0102,Joshua Itzkowitz Shifrinson,20,1,0,2026-09-12 19:52:54
2026-09-12 19:40:23,PLCY170,0103,Joshua Itzkowitz Shifrinson,20,1,0,2026-09-12 19:52:54
2026-09-12 19:40:23,PLCY170,0104,Joshua Itzkowitz Shifrinson,20,0,0,2026-09-12 19:52:54
2026-09-12 19:40:23,PLCY170,0105,Joshua Itzkowitz Shifrinson,20,2,0,2026-09-12 19:52:54
2026-09-12 19:40:23,PLCY170,0106,Joshua Itzkowitz Shifrinson,25,2,0,2026-09-12 19:52:54
2026-09-12 19:40:23,PLCY172,0101,Caroline Ritter,95,32,0,2026-09-12 19:52:54
2026-09-12 19:40:23,PLCY200,0101,Shanna Pearson-Merkowitz,35,0,0,2026-09-12 19:52:55
2026-09-12 19:40:23,PLCY200,0201,Shanna Pearson-Merkowitz,35,1,0,2026-09-12 19:52:55
2026-09-12 19:40:23,PLCY200,0301,Namrta Sharma,35,0,1,2026-09-12 19:52:55
2026-09-12 19:40:23,PLCY201,0101,Julio Guzman,70,0,0,2026-09-12 19:52:55
2026-09-12 19:40:23,PLCY201,0201,Gregory Ramsay,60,0,0,2026-09-12 19:52:55
2026-09-12 19:40:23,PLCY201,FC01,Anne Kaiser,32,0,0,2026-09-12 19:52:55
2026-09-12 19:40:23,PLCY201,FC02,Anne Kaiser,32,6,0,2026-09-12 19:52:55
2026-09-12 19:40:23,PLCY201S,0101,Susannah Washburn,80,4,0,2026-09-12 19:52:55
2026-09-12 19:40:23,PLCY203,0101,Thomas Hilde,60,9,0,2026-09-12 19:52:55
2026-09-12 19:40:23,PLCY203,0201,Anne Kaiser,60,38,0,2026-09-12 19:52:55
2026-09-12 19:40:23,PLCY213,0201,Claire Dunning,40,3,0,2026-09-12 19:52:55
2026-09-12 19:40:23,PLCY214,0101,Patricia Bory,65,20,0,2026-09-12 19:52:56
2026-09-12 19:40:23,PLCY240,0101,Timothy Reedy,30,0,0,2026-09-12 19:52:56
2026-09-12 19:40:23,PLCY288K,0101,CHRISTIAN OSTERMANN,25,1,0,2026-09-12 19:52:57
2026-09-12 19:40:23,PLCY300,0101,Alana Hackshaw,45,0,1,2026-09-12 19:52:57
2026-09-12 19:40:23,PLCY300,0201,Namrta Sharma,45,28,0,2026-09-12 19:52:57
2026-09-12 19:40:23,PLCY301,0101,Caroline Boules,165,2,0,2026-09-12 19:52:57
2026-09-12 19:40:23,PLCY302,0101,Niambi Carter,40,2,0,2026-09-12 19:52:57
2026-09-12 19:40:23,PLCY302,0201,Ebonie Johnson Cooper,40,0,0,2026-09-12 19:52:57
2026-09-12 19:40:23,PLCY302,0301,Lindsay Dieudonne,40,0,1,2026-09-12 19:52:57
2026-09-12 19:40:23,PLCY303,0101,Juan Martinez Guzman,40,3,0,2026-09-12 19:52:58
2026-09-12 19:40:23,PLCY304,0101,Michael Busse,40,11,0,2026-09-12 19:52:58
2026-09-12 19:40:23,PLCY304,0201,Michael Busse,40,12,0,2026-09-12 19:52:58
2026-09-12 19:40:23,PLCY309,0101,Martin Sanders,30,16,0,2026-09-12 19:52:58
2026-09-12 19:40:23,PLCY310,0101,Selvon Waldron,35,16,0,2026-09-12 19:52:58
2026-09-12 19:40:23,PLCY313,0101,Gerard Evans,100,3,0,2026-09-12 19:52:59
2026-09-12 19:40:23,PLCY371,0101,Joshua Itzkowitz Shifrinson,35,0,0,2026-09-12 19:52:59
2026-09-12 19:40:23,PLCY380,0101,Isabel O'Malley,40,8,0,2026-09-12 19:52:59
2026-09-12 19:40:23,PLCY380,ESG1,Kisha McNeill,30,0,0,2026-09-12 19:52:59
2026-09-12 19:40:23,PLCY388A,0101,Brandi Onowu,40,8,0,2026-09-12 19:52:59
2026-09-12 19:40:23,PLCY388N,0101,Nina Harris,25,2,0,2026-09-12 19:52:59
2026-09-12 19:40:23,PLCY390,0101,Lena Andrews,20,0,0,2026-09-12 19:53:00
2026-09-12 19:40:23,PLCY399B,0101,Beatrice DeBelen,30,19,0,2026-09-12 19:53:00
2026-09-12 19:40:23,PLCY400,0101,Patricia Bory,25,1,0,2026-09-12 19:53:01
2026-09-12 19:40:23,PLCY401,0101,Anand Patwardhan,20,5,0,2026-09-12 19:53:01
2026-09-12 19:40:23,PLCY401,0201,Tracy Thompson,20,0,0,2026-09-12 19:53:01
2026-09-12 19:40:23,PLCY401,0301,David Mussington,20,9,0,2026-09-12 19:53:01
2026-09-12 19:40:23,PLCY490,0101,Michael Woldemariam,15,2,0,2026-09-12 19:53:01
2026-09-12 19:40:23,PLCY492,0101,Steve Fetter,20,1,0,2026-09-12 19:53:02
2026-09-12 19:40:23,PLCY610,0201,Alec Worsnop,40,9,0,2026-09-12 19:53:02
2026-09-12 19:40:23,PLCY630,0101,Catherine Worsnop,25,2,0,2026-09-12 19:53:02
2026-09-12 19:40:23,PLCY630,0201,Catherine Worsnop,25,3,0,2026-09-12 19:53:02
2026-09-12 19:40:23,PLCY631,0101,Cullen Merritt,25,0,0,2026-09-12 19:53:02
2026-09-12 19:40:23,PLCY640,0201,Thomas Spreen,30,5,0,2026-09-12 19:53:03
2026-09-12 19:40:23,PLCY641,0101,Tyler Kustra,30,2,0,2026-09-12 19:53:03
2026-09-12 19:40:23,PLCY641,0201,Tyler Kustra,30,10,0,2026-09-12 19:53:03
2026-09-12 19:40:23,PLCY670,0101,Philip Joyce,30,0,0,2026-09-12 19:53:03
2026-09-12 19:40:23,PLCY680,0101,Claire Dunning,25,0,0,2026-09-12 19:53:03
2026-09-12 19:40:23,PLCY680,0201,Michael Woldemariam,25,5,0,2026-09-12 19:53:03
2026-09-12 19:40:23,PLCY688C,0101,Charles Harry,20,10,0,2026-09-12 19:53:04
2026-09-12 19:40:23,PLCY688F,PWL1,Nekeya O'Connor,20,0,0,2026-09-12 19:53:04
2026-09-12 19:40:23,PLCY688P,0101,Steve Fetter,10,1,0,2026-09-12 19:53:04
2026-09-12 19:40:23,PLCY688Z,0101,Brandi Onowu,20,5,0,2026-09-12 19:53:04
2026-09-12 19:40:23,PLCY689E,0101,Susan Parker,20,0,0,2026-09-12 19:53:04
2026-09-12 19:40:23,PLCY690,0110,David Mussington,15,3,0,2026-09-12 19:53:05
2026-09-12 19:40:23,PLCY690,0120,Margaret Brindle,15,2,0,2026-09-12 19:53:05
2026-09-12 19:40:23,PLCY690,0130,Douglas Call,15,0,0,2026-09-12 19:53:05
2026-09-12 19:40:23,PLCY690,0150,Paul Brown,15,1,0,2026-09-12 19:53:05
2026-09-12 19:40:23,PLCY690,0170,James Stillwell,15,0,0,2026-09-12 19:53:05
2026-09-12 19:40:23,PLCY698T,0101,Elizabeth Duke,20,7,0,2026-09-12 19:53:05
2026-09-12 19:40:23,PLCY699L,0101,Michael Woldemariam,10,1,0,2026-09-12 19:53:05
2026-09-12 19:40:23,PLCY720,0101,Nancy Gallagher,20,2,0,2026-09-12 19:53:06
2026-09-12 19:40:23,PLCY734,0101,Niambi Carter,20,0,0,2026-09-12 19:53:06
2026-09-12 19:40:23,PLCY735,0101,Robert Sprinkle,20,7,0,2026-09-12 19:53:06
2026-09-12 19:40:23,PLCY741,0101,Anand Patwardhan,20,7,0,2026-09-12 19:53:06
2026-09-12 19:40:23,PLCY742,0101,Thomas Hilde,20,8,0,2026-09-12 19:53:06
2026-09-12 19:40:23,PLCY780,0101,Robert Orr,20,0,0,2026-09-12 19:53:07
2026-09-12 19:40:23,PLCY781,0101,Julio Guzman,20,2,0,2026-09-12 19:53:07
2026-09-12 19:40:23,PLCY783,0101,Margaret Brindle,20,7,0,2026-09-12 19:53:07
2026-09-12 19:40:23,PLCY798F,PWL1,William Nolte,25,18,0,2026-09-12 19:53:08
2026-09-12 19:40:23,PLCY798V,0101,Shanna Pearson-Merkowitz,12,0,0,2026-09-12 19:53:08
2026-09-12 19:40:23,PLCY798W,0101,Martin Sanders,10,9,0,2026-09-12 19:53:08
2026-09-12 19:40:23,PLCY798Y,PWL1,Jeffrey Franco,25,0,0,2026-09-12 19:53:09
2026-09-12 19:40:23,PLCY798Z,0101,Peter Reuter,12,0,0,2026-09-12 19:53:09
2026-09-12 19:40:23,PLSC112,0101,Samuel Daramola,100,10,0,2026-09-12 19:53:11
2026-09-12 19:40:23,PLSC113,0101,Samuel Daramola,24,2,0,2026-09-12 19:53:11
2026-09-12 19:40:23,PLSC113,0102,Samuel Daramola,24,5,0,2026-09-12 19:53:11
2026-09-12 19:40:23,PLSC113,0103,Samuel Daramola,24,12,0,2026-09-12 19:53:11
2026-09-12 19:40:23,PLSC113,0104,Samuel Daramola,24,9,0,2026-09-12 19:53:11
2026-09-12 19:40:23,PLSC115,0101,Shirley Micallef,24,1,0,2026-09-12 19:53:11
2026-09-12 19:40:23,PLSC201,0101,Pierre Jacob,42,15,0,2026-09-12 19:53:11
2026-09-12 19:40:23,PLSC203,0101,Vijay Tiwari,23,17,0,2026-09-12 19:53:12
2026-09-12 19:40:23,PLSC205,0101,Mark Carroll,22,1,0,2026-09-12 19:53:12
2026-09-12 19:40:23,PLSC206,0101,Pierre Jacob,21,8,0,2026-09-12 19:53:12
2026-09-12 19:40:23,PLSC206,0102,Pierre Jacob,21,7,0,2026-09-12 19:53:12
2026-09-12 19:40:23,PLSC253,0101,Karen Petroff,24,1,0,2026-09-12 19:53:12
2026-09-12 19:40:23,PLSC253,0102,Karen Petroff,24,5,0,2026-09-12 19:53:12
2026-09-12 19:40:23,PLSC389,0101,Craig Beyrouty,17,17,0,2026-09-12 19:53:13
2026-09-12 19:40:23,PLSC402,0101,Geoffrey Rinehart,10,3,0,2026-09-12 19:53:13
2026-09-12 19:40:23,PLSC404,0101,Yiping Qi,20,11,0,2026-09-12 19:53:13
2026-09-12 19:40:23,PLSC420,0101,Nidhi Rawat,18,5,0,2026-09-12 19:53:14
2026-09-12 19:40:23,PLSC420,0102,Nidhi Rawat,18,12,0,2026-09-12 19:53:14
2026-09-12 19:40:23,PLSC433,0101,Diana Cochran,10,2,0,2026-09-12 19:53:14
2026-09-12 19:40:23,PLSC453,0101,Samuel Daramola,24,1,0,2026-09-12 19:53:14
2026-09-12 19:40:23,PLSC471,0101,Juanita Choo,20,0,0,2026-09-12 19:53:14
2026-09-12 19:40:23,PLSC476,0101,Maile Neel,23,19,0,2026-09-12 19:53:14
2026-09-12 19:40:23,PLSC608,0101,Shunyuan Xiao,20,13,0,2026-09-12 19:53:15
2026-09-12 19:40:23,PORT103,0101,Parker Brookie,15,6,0,2026-09-12 19:53:17
2026-09-12 19:40:23,PORT205,0101,Parker Brookie,15,4,0,2026-09-12 19:53:17
2026-09-12 19:40:23,PORT332,0101,Parker Brookie,25,0,0,2026-09-12 19:53:17
2026-09-12 19:40:23,RELS120,0101,Antoine Borrut,40,8,0,2026-09-12 19:53:38
2026-09-12 19:40:23,RELS170,0101,Chiara Graf,21,1,0,2026-09-12 19:53:38
2026-09-12 19:40:23,RELS170,0102,Chiara Graf,21,0,0,2026-09-12 19:53:38
2026-09-12 19:40:23,RELS170,0103,Chiara Graf,21,0,0,2026-09-12 19:53:38
2026-09-12 19:40:23,RELS170,0104,Chiara Graf,21,0,0,2026-09-12 19:53:38
2026-09-12 19:40:23,RELS170,0105,Chiara Graf,21,0,0,2026-09-12 19:53:38
2026-09-12 19:40:23,RELS170,0106,Chiara Graf,21,0,0,2026-09-12 19:53:38
2026-09-12 19:40:23,RELS170,0107,Chiara Graf,21,0,0,2026-09-12 19:53:38
2026-09-12 19:40:23,RELS170,0108,Chiara Graf,21,1,0,2026-09-12 19:53:38
2026-09-12 19:40:23,RELS170,0109,Chiara Graf,22,0,0,2026-09-12 19:53:38
2026-09-12 19:40:23,RELS171,0101,Maxine Grossman,40,8,0,2026-09-12 19:53:38
2026-09-12 19:40:23,RELS219K,0101,Shay Hazkani,40,33,0,2026-09-12 19:53:39
2026-09-12 19:40:23,RELS225,0101,Stephanie Cooper,25,3,0,2026-09-12 19:53:39
2026-09-12 19:40:23,RELS273,0101,Hayim Lapin,23,0,0,2026-09-12 19:53:39
2026-09-12 19:40:23,RELS273,0102,Hayim Lapin,23,3,0,2026-09-12 19:53:39
2026-09-12 19:40:23,RELS273,0103,Hayim Lapin,23,1,0,2026-09-12 19:53:39
2026-09-12 19:40:23,RELS274,0101,Matthew Suriano,20,0,0,2026-09-12 19:53:39
2026-09-12 19:40:23,RELS274,0102,Matthew Suriano,20,0,1,2026-09-12 19:53:39
2026-09-12 19:40:23,RELS274,0103,Matthew Suriano,20,0,0,2026-09-12 19:53:39
2026-09-12 19:40:23,RELS274,0104,Matthew Suriano,20,0,0,2026-09-12 19:53:39
2026-09-12 19:40:23,RELS319D,0101,Nathan Levine,35,26,0,2026-09-12 19:53:40
2026-09-12 19:40:23,RELS319Z,0101,Regev Ben-David,30,26,0,2026-09-12 19:53:40
2026-09-12 19:40:23,RELS341,0101,Janna Bianchini,30,0,0,2026-09-12 19:53:40
2026-09-12 19:40:23,RUSS101,0101,Inna Hardman,15,6,0,2026-09-12 19:53:42
2026-09-12 19:40:23,RUSS101,0201,Inna Hardman,15,6,0,2026-09-12 19:53:42
2026-09-12 19:40:23,RUSS201,0101,Zhanna Gerus-Vernola,15,8,0,2026-09-12 19:53:42
2026-09-12 19:40:23,RUSS301,0101,Izolda Savenkova,15,5,0,2026-09-12 19:53:42
2026-09-12 19:40:23,RUSS321,0101,Elizabeth Papazian,15,5,0,2026-09-12 19:53:42
2026-09-12 19:40:23,RUSS334,0101,Elizabeth Papazian,25,0,0,2026-09-12 19:53:43
2026-09-12 19:40:23,RUSS404,0101,Izolda Savenkova,15,1,0,2026-09-12 19:53:43
2026-09-12 19:40:23,SDSB123,0101,Brian Kim,40,7,0,2026-09-12 19:53:45
2026-09-12 19:40:23,SDSB180,0101,Brian Kim,180,126,0,2026-09-12 19:53:45
2026-09-12 19:40:23,SDSB233,0101,Jacob Coutts,25,1,0,2026-09-12 19:53:45
2026-09-12 19:40:23,SDSB233,0102,Jacob Coutts,25,10,0,2026-09-12 19:53:45
2026-09-12 19:40:23,SDSB233,0103,Jacob Coutts,25,9,0,2026-09-12 19:53:45
2026-09-12 19:40:23,SDSB326,0101,Jacob Coutts,50,31,0,2026-09-12 19:53:46
2026-09-12 19:40:23,SDSB340,0101,Neil Lund,40,0,0,2026-09-12 19:53:46
2026-09-12 19:40:23,SDSI414,0201,Maria Krupenkin,34,15,0,2026-09-12 19:53:47
2026-09-12 19:40:23,SDSI414,0202,Maria Krupenkin,34,0,0,2026-09-12 19:53:47
2026-09-12 19:40:23,SDSI492,0101,TJ Rainsford,50,8,0,2026-09-12 19:53:48
2026-09-12 19:40:23,SDSI492,0103,Mary Ann Francis,40,0,2,2026-09-12 19:53:48
2026-09-12 19:40:23,SDSI492,0104,TJ Rainsford,50,0,0,2026-09-12 19:53:48
2026-09-12 19:40:23,SDSI492,0106,Jesse Klein,50,0,5,2026-09-12 19:53:48
2026-09-12 19:40:23,SDSI492,0107,Connie Siebold,40,0,3,2026-09-12 19:53:48
2026-09-12 19:40:23,SDSI492,0110,Patrick Thornton,50,29,0,2026-09-12 19:53:48
2026-09-12 19:40:23,SLLC108I,0101,Instructor: TBA,5,4,0,2026-09-12 19:53:50
2026-09-12 19:40:23,SLLC108J,0101,Instructor: TBA,5,5,0,2026-09-12 19:53:51
2026-09-12 19:40:23,SLLC108W,0101,Instructor: TBA,5,4,0,2026-09-12 19:53:51
2026-09-12 19:40:23,SLLC118A,0101,Sean Pue,10,4,0,2026-09-12 19:53:51
2026-09-12 19:40:23,SLLC200,0101,Chris Lewis,30,4,0,2026-09-12 19:53:51
2026-09-12 19:40:23,SLLC286,0101,Andrew Schonebaum,60,5,0,2026-09-12 19:53:52
2026-09-12 19:40:23,SLLC309,0101,Ahmed Hanafy,10,10,0,2026-09-12 19:53:52
2026-09-12 19:40:23,SLLC309,0102,Ahmed Hanafy,10,8,0,2026-09-12 19:53:52
2026-09-12 19:40:23,SLLC309,0103,Ahmed Hanafy,10,7,0,2026-09-12 19:53:52
2026-09-12 19:40:23,SLLC309,0104,Ahmed Hanafy,10,5,0,2026-09-12 19:53:52
2026-09-12 19:40:23,SLLC309,0105,Ahmed Hanafy,10,6,0,2026-09-12 19:53:52
2026-09-12 19:40:23,SLLC309,0106,Ahmed Hanafy,10,6,0,2026-09-12 19:53:52
2026-09-12 19:40:23,SLLC309,0107,Ahmed Hanafy,10,8,0,2026-09-12 19:53:52
2026-09-12 19:40:23,SLLC309,0108,Ahmed Hanafy,10,9,0,2026-09-12 19:53:52
2026-09-12 19:40:23,SLLC309,0109,Ahmed Hanafy,10,7,0,2026-09-12 19:53:52
2026-09-12 19:40:23,SLLC309,0110,Ahmed Hanafy,10,3,0,2026-09-12 19:53:52
2026-09-12 19:40:23,SLLC309,0111,Ahmed Hanafy,10,10,0,2026-09-12 19:53:52
2026-09-12 19:40:23,SLLC329,0101,Marilyn Matar,13,0,0,2026-09-12 19:53:52
2026-09-12 19:40:23,SLLC329,0102,Marilyn Matar,10,0,0,2026-09-12 19:53:52
2026-09-12 19:40:23,SLLC329,0103,Marilyn Matar,21,2,0,2026-09-12 19:53:52
2026-09-12 19:40:23,SLLC329,0104,Marilyn Matar,10,4,0,2026-09-12 19:53:52
2026-09-12 19:40:23,SLLC329,0105,Marilyn Matar,10,9,0,2026-09-12 19:53:52
2026-09-12 19:40:23,SLLC329,0106,Marilyn Matar,10,1,0,2026-09-12 19:53:52
2026-09-12 19:40:23,SLLC329,0107,Marilyn Matar,10,7,0,2026-09-12 19:53:52
2026-09-12 19:40:23,SLLC329,0108,Marilyn Matar,10,7,0,2026-09-12 19:53:52
2026-09-12 19:40:23,SLLC329,0109,Marilyn Matar,10,4,0,2026-09-12 19:53:52
2026-09-12 19:40:23,SLLC329,0110,Marilyn Matar,20,3,0,2026-09-12 19:53:52
2026-09-12 19:40:23,SLLC350,0101,Michele Mason,30,27,0,2026-09-12 19:53:53
2026-09-12 19:40:23,SMLP470,0101,Brooke Smith,45,13,0,2026-09-12 19:53:54
2026-09-12 19:40:23,SMLP472,0101,Sara Herald,60,19,0,2026-09-12 19:53:54
2026-09-12 19:40:23,TLTC310,0101,Danielle Pafe,0,0,0,2026-09-12 19:54:32
2026-09-12 19:40:23,TLTC310,0201,Yanira Ortiz,20,11,0,2026-09-12 19:54:32
2026-09-12 19:40:23,TLTC333,0101,Mona Thompson,63,1,0,2026-09-12 19:54:32
2026-09-12 19:40:23,TLTC333,0102,Mona Thompson,63,0,0,2026-09-12 19:54:32
2026-09-12 19:40:23,TLTC333,0105,Mona Thompson,63,0,0,2026-09-12 19:54:32
2026-09-12 19:40:23,UMEI005,0101,Charles Duquette,15,2,0,2026-09-12 19:54:34
2026-09-12 19:40:23,UMEI005,0201,Heather Mehrtens,15,9,0,2026-09-12 19:54:34
2026-09-12 19:40:23,UMEI005,0301,Marilena Draganescu,15,11,0,2026-09-12 19:54:34
2026-09-12 19:40:23,UMEI012,0101,Louise Godley,10,10,0,2026-09-12 19:54:34
2026-09-12 19:40:23,UMEI013,0101,Louise Godley,10,7,0,2026-09-12 19:54:34
2026-09-12 19:40:23,UMEI028A,0101,Raymond Smith,16,14,0,2026-09-12 19:54:35
2026-09-12 19:40:23,UMEI506,0101,Heather Mehrtens,16,0,0,2026-09-12 19:54:35
2026-09-12 19:40:23,UMEI506,0201,Heather Mehrtens,16,6,0,2026-09-12 19:54:35
2026-09-12 19:40:23,UMEI507,0101,Marilena Draganescu,15,4,0,2026-09-12 19:54:35
2026-09-12 19:40:23,USLT201,0101,Robert Chester,25,1,0,2026-09-12 19:54:41
2026-09-12 19:40:23,USLT398C,0101,Angela Pico Pinto,25,18,0,2026-09-12 19:54:41
2026-09-12 19:40:23,USLT450,0101,Robert Chester,20,0,0,2026-09-12 19:54:41
2026-09-12 19:40:23,USLT498C,0101,Ana Rodriguez,20,14,0,2026-09-12 19:54:42
2026-09-12 19:40:23,VIPS099,0115,Veronica Kang,5,3,0,2026-09-12 19:54:43
2026-09-12 19:40:23,VIPS208,0101,Mary Bowden,10,10,0,2026-09-12 19:54:43
2026-09-12 19:40:23,VIPS208,0102,Ken Kiger,10,2,0,2026-09-12 19:54:43
2026-09-12 19:40:23,VIPS208,0103,Bryan Quinn,10,9,0,2026-09-12 19:54:43
2026-09-12 19:40:23,VIPS208,0104,Abdil Chowdhury,10,1,0,2026-09-12 19:54:43
2026-09-12 19:40:23,VIPS208,0105,Molly Carton,10,7,0,2026-09-12 19:54:43
2026-09-12 19:40:23,VIPS208,0106,James Baeder,14,2,0,2026-09-12 19:54:43
2026-09-12 19:40:23,VIPS208,0107,Catherine Spirito,10,6,0,2026-09-12 19:54:43
2026-09-12 19:40:23,VIPS208,0108,Ronald Yaros,10,4,0,2026-09-12 19:54:43
2026-09-12 19:40:23,VIPS208,0109,Carinna Ferguson,10,7,0,2026-09-12 19:54:43
2026-09-12 19:40:23,VIPS208,0110,Tracy Riggins,15,0,0,2026-09-12 19:54:43
2026-09-12 19:40:23,VIPS208,0111,Kevin Calabro,13,2,0,2026-09-12 19:54:43
2026-09-12 19:40:23,VIPS208,0112,Raffaele Viglianti,10,5,0,2026-09-12 19:54:43
2026-09-12 19:40:23,VIPS208,0113,Shabnam Jabeen,10,5,0,2026-09-12 19:54:43
2026-09-12 19:40:23,VIPS208,0114,Ning Zeng,15,7,0,2026-09-12 19:54:43
2026-09-12 19:40:23,VIPS208,0115,Veronica Kang,10,5,0,2026-09-12 19:54:43
2026-09-12 19:40:23,VIPS208,0116,David Stewart,10,1,0,2026-09-12 19:54:43
2026-09-12 19:40:23,VIPS208,0117,Meredith Epstein,10,8,0,2026-09-12 19:54:43
2026-09-12 19:40:23,VIPS208,0118,Magaly Toro Ibaceta,10,3,0,2026-09-12 19:54:43
2026-09-12 19:40:23,VIPS208,0120,Marisa Parham,10,6,0,2026-09-12 19:54:43
2026-09-12 19:40:23,VIPS208,0121,Becky Epanchin-Niell,10,1,0,2026-09-12 19:54:43
2026-09-12 19:40:23,VIPS208,0122,Timothy Reedy,10,2,0,2026-09-12 19:54:43
2026-09-12 19:40:23,VIPS208,0123,Lingnan Lin,13,4,0,2026-09-12 19:54:43
2026-09-12 19:40:23,VIPS208,0124,Jeffrey Moro,10,4,0,2026-09-12 19:54:43
2026-09-12 19:40:23,VIPS208,0125,Peter Sunderland,12,4,0,2026-09-12 19:54:43
2026-09-12 19:40:23,VIPS208,0126,Brienna Anderson,10,4,0,2026-09-12 19:54:43
2026-09-12 19:40:23,VIPS308,0101,Mary Bowden,10,9,0,2026-09-12 19:54:44
2026-09-12 19:40:23,VIPS308,0102,Ken Kiger,10,3,0,2026-09-12 19:54:44
2026-09-12 19:40:23,VIPS308,0103,Bryan Quinn,10,2,0,2026-09-12 19:54:44
2026-09-12 19:40:23,VIPS308,0104,Abdil Chowdhury,10,3,0,2026-09-12 19:54:44
2026-09-12 19:40:23,VIPS308,0105,Molly Carton,10,3,0,2026-09-12 19:54:44
2026-09-12 19:40:23,VIPS308,0106,James Baeder,10,4,0,2026-09-12 19:54:44
2026-09-12 19:40:23,VIPS308,0107,Catherine Spirito,10,8,0,2026-09-12 19:54:44
2026-09-12 19:40:23,VIPS308,0108,Ronald Yaros,10,9,0,2026-09-12 19:54:44
2026-09-12 19:40:23,VIPS308,0109,Carinna Ferguson,10,6,0,2026-09-12 19:54:44
2026-09-12 19:40:23,VIPS308,0110,Tracy Riggins,10,0,0,2026-09-12 19:54:44
2026-09-12 19:40:23,VIPS308,0111,Kevin Calabro,10,6,0,2026-09-12 19:54:44
2026-09-12 19:40:23,VIPS308,0112,Raffaele Viglianti,10,10,0,2026-09-12 19:54:44
2026-09-12 19:40:23,VIPS308,0113,Shabnam Jabeen,10,8,0,2026-09-12 19:54:44
2026-09-12 19:40:23,VIPS308,0114,Ning Zeng,10,9,0,2026-09-12 19:54:44
2026-09-12 19:40:23,VIPS308,0115,Veronica Kang,10,10,0,2026-09-12 19:54:44
2026-09-12 19:40:23,VIPS308,0116,David Stewart,10,10,0,2026-09-12 19:54:44
2026-09-12 19:40:23,VIPS308,0117,Meredith Epstein,10,8,0,2026-09-12 19:54:44
2026-09-12 19:40:23,VIPS308,0118,Magaly Toro Ibaceta,10,10,0,2026-09-12 19:54:44
2026-09-12 19:40:23,VIPS308,0120,Marisa Parham,10,9,0,2026-09-12 19:54:44
2026-09-12 19:40:23,VIPS308,0121,Becky Epanchin-Niell,10,10,0,2026-09-12 19:54:44
2026-09-12 19:40:23,VIPS308,0122,Timothy Reedy,10,10,0,2026-09-12 19:54:44
2026-09-12 19:40:23,VIPS308,0123,Lingnan Lin,10,10,0,2026-09-12 19:54:44
2026-09-12 19:40:23,VIPS308,0124,Jeffrey Moro,10,10,0,2026-09-12 19:54:44
2026-09-12 19:40:23,VIPS308,0125,Peter Sunderland,10,10,0,2026-09-12 19:54:44
2026-09-12 19:40:23,VIPS308,0126,Brienna Anderson,10,10,0,2026-09-12 19:54:44
2026-09-12 19:40:23,VIPS408,0101,Mary Bowden,10,4,0,2026-09-12 19:54:44
2026-09-12 19:40:23,VIPS408,0102,Ken Kiger,10,8,0,2026-09-12 19:54:44
2026-09-12 19:40:23,VIPS408,0103,Bryan Quinn,10,3,0,2026-09-12 19:54:44
2026-09-12 19:40:23,VIPS408,0104,Abdil Chowdhury,10,8,0,2026-09-12 19:54:44
2026-09-12 19:40:23,VIPS408,0105,Molly Carton,10,8,0,2026-09-12 19:54:44
2026-09-12 19:40:23,VIPS408,0106,James Baeder,10,7,0,2026-09-12 19:54:44
2026-09-12 19:40:23,VIPS408,0107,Catherine Spirito,10,10,0,2026-09-12 19:54:44
2026-09-12 19:40:23,VIPS408,0108,Ronald Yaros,10,8,0,2026-09-12 19:54:44
2026-09-12 19:40:23,VIPS408,0109,Carinna Ferguson,10,8,0,2026-09-12 19:54:44
2026-09-12 19:40:23,VIPS408,0110,Tracy Riggins,10,10,0,2026-09-12 19:54:44
2026-09-12 19:40:23,VIPS408,0111,Kevin Calabro,10,7,0,2026-09-12 19:54:44
2026-09-12 19:40:23,VIPS408,0112,Raffaele Viglianti,10,9,0,2026-09-12 19:54:44
2026-09-12 19:40:23,VIPS408,0113,Shabnam Jabeen,10,10,0,2026-09-12 19:54:44
2026-09-12 19:40:23,VIPS408,0114,Ning Zeng,10,10,0,2026-09-12 19:54:44
2026-09-12 19:40:23,VIPS408,0115,Veronica Kang,10,10,0,2026-09-12 19:54:44
2026-09-12 19:40:23,VIPS408,0116,David Stewart,10,10,0,2026-09-12 19:54:44
2026-09-12 19:40:23,VIPS408,0117,Meredith Epstein,10,10,0,2026-09-12 19:54:44
2026-09-12 19:40:23,VIPS408,0118,Magaly Toro Ibaceta,10,9,0,2026-09-12 19:54:44
2026-09-12 19:40:23,VIPS408,0120,Marisa Parham,10,10,0,2026-09-12 19:54:44
2026-09-12 19:40:23,VIPS408,0121,Becky Epanchin-Niell,10,10,0,2026-09-12 19:54:44
2026-09-12 19:40:23,VIPS408,0122,Timothy Reedy,10,10,0,2026-09-12 19:54:44
2026-09-12 19:40:23,VIPS408,0123,Lingnan Lin,10,10,0,2026-09-12 19:54:44
2026-09-12 19:40:23,VIPS408,0124,Jeffrey Moro,10,10,0,2026-09-12 19:54:44
2026-09-12 19:40:23,VIPS408,0125,Peter Sunderland,10,10,0,2026-09-12 19:54:44
2026-09-12 19:40:23,VIPS408,0126,Brienna Anderson,10,10,0,2026-09-12 19:54:44
2026-09-12 19:40:23,WEID139B,0101,Denise Joseph,48,6,0,2026-09-12 19:54:47
2026-09-12 19:40:23,WEID139L,0201,Taylor Togafau-Lewis,48,17,0,2026-09-12 19:54:47
