Timestamp,Course,Section,Instructor,Total_Seats,Open_Seats,Waitlist,Fetch_Time
2026-09-13 01:27:26,AAAS100,0101,Shane Walsh,35,0,0,2026-09-13 01:27:29
2026-09-13 01:27:26,AAAS100,0201,Shane Walsh,35,0,0,2026-09-13 01:27:29
2026-09-13 01:27:26,AAAS100,0301,George Kintiba,70,36,0,2026-09-13 01:27:29
2026-09-13 01:27:26,AAAS100,0401,Jason Nichols,30,0,0,2026-09-13 01:27:29
2026-09-13 01:27:26,AAAS100,0501,Jason Nichols,35,0,0,2026-09-13 01:27:29
2026-09-13 01:27:26,AAAS101,0101,Chinyere Osuji,40,1,0,2026-09-13 01:27:30
2026-09-13 01:27:26,AAAS187,0101,Robert Choflet,30,0,0,2026-09-13 01:27:30
2026-09-13 01:27:26,AAAS187,0201,Joseph Richardson,30,0,0,2026-09-13 01:27:30
2026-09-13 01:27:26,AAAS200,0101,George Kintiba,40,5,0,2026-09-13 01:27:31
2026-09-13 01:27:26,AAAS202,0101,Robert Choflet,35,5,0,2026-09-13 01:27:31
2026-09-13 01:27:26,AAAS202,0201,Robert Choflet,35,5,0,2026-09-13 01:27:31
2026-09-13 01:27:26,AAAS202,0301,Angelica Dunbar,35,4,0,2026-09-13 01:27:31
2026-09-13 01:27:26,AAAS202,0401,Ashley Everson,35,0,0,2026-09-13 01:27:31
2026-09-13 01:27:26,AAAS202,0501,Ashley Everson,20,3,0,2026-09-13 01:27:31
2026-09-13 01:27:26,AAAS210,0101,Angelica Dunbar,20,16,0,2026-09-13 01:27:31
2026-09-13 01:27:26,AAAS211,0101,Shane Walsh,30,0,0,2026-09-13 01:27:32
2026-09-13 01:27:26,AAAS230,0101,Ashley Newby,30,0,0,2026-09-13 01:27:32
2026-09-13 01:27:26,AAAS230,0201,Ashley Newby,30,0,0,2026-09-13 01:27:32
2026-09-13 01:27:26,AAAS234,0201,Mike Kolakoski,30,3,0,2026-09-13 01:27:33
2026-09-13 01:27:26,AAAS254,0101,Christopher Bonner,40,2,0,2026-09-13 01:27:33
2026-09-13 01:27:26,AAAS271,0101,Sydney Lewis,30,1,0,2026-09-13 01:27:34
2026-09-13 01:27:26,AAAS310,0101,George Kintiba,25,22,0,2026-09-13 01:27:34
2026-09-13 01:27:26,AAAS320,0101,Cecily Jackson,25,0,0,2026-09-13 01:27:35
2026-09-13 01:27:26,AAAS320,0201,Cecily Jackson,25,0,0,2026-09-13 01:27:35
2026-09-13 01:27:26,AAAS325,0101,Traci Dula,20,4,0,2026-09-13 01:27:35
2026-09-13 01:27:26,AAAS350,0101,John Drabinski,20,0,0,2026-09-13 01:27:36
2026-09-13 01:27:26,AAAS361,0101,Michelle Rowley,35,26,0,2026-09-13 01:27:36
2026-09-13 01:27:26,AAAS386,0101,Marshal Washington,10,10,0,2026-09-13 01:27:37
2026-09-13 01:27:26,AAAS397,0101,John Drabinski,2,2,0,2026-09-13 01:27:37
2026-09-13 01:27:26,AAAS397,0201,Angelica Dunbar,2,2,0,2026-09-13 01:27:37
2026-09-13 01:27:26,AAAS397,0301,Sharon Harley,2,2,0,2026-09-13 01:27:37
2026-09-13 01:27:26,AAAS397,0401,Cecily Jackson,2,2,0,2026-09-13 01:27:37
2026-09-13 01:27:26,AAAS397,0501,Sangeetha Madhavan,2,2,0,2026-09-13 01:27:37
2026-09-13 01:27:26,AAAS397,0601,Ashley Newby,1,1,0,2026-09-13 01:27:37
2026-09-13 01:27:26,AAAS397,0701,Chinyere Osuji,2,2,0,2026-09-13 01:27:37
2026-09-13 01:27:26,AAAS397,0801,Periloux Peay,2,2,0,2026-09-13 01:27:37
2026-09-13 01:27:26,AAAS397,0901,Joseph Richardson,2,2,0,2026-09-13 01:27:37
2026-09-13 01:27:26,AAAS398B,0101,Beka Guluma,20,13,0,2026-09-13 01:27:38
2026-09-13 01:27:26,AAAS398W,0101,Jason Nichols,25,11,0,2026-09-13 01:27:38
2026-09-13 01:27:26,AAAS400,0101,Periloux Peay,25,22,0,2026-09-13 01:27:40
2026-09-13 01:27:26,AAAS415,0101,Periloux Peay,30,0,0,2026-09-13 01:27:40
2026-09-13 01:27:26,AAAS499N,0101,Anne Rosen,25,0,0,2026-09-13 01:27:40
2026-09-13 01:27:26,AAST200,0101,Jennifer Cho,30,0,0,2026-09-13 01:27:43
2026-09-13 01:27:26,AAST200,0102,Binod Paudyal,30,0,0,2026-09-13 01:27:43
2026-09-13 01:27:26,AAST322,0101,Julie Park,30,3,0,2026-09-13 01:27:44
2026-09-13 01:27:26,AAST351,0101,Binod Paudyal,35,0,0,2026-09-13 01:27:44
2026-09-13 01:27:26,AAST355,0101,Jennifer Cho,35,0,1,2026-09-13 01:27:45
2026-09-13 01:27:26,AAST378,0101,Janelle Wong,2,2,0,2026-09-13 01:27:45
2026-09-13 01:27:26,AAST394,0101,Wenxi Yang,30,2,0,2026-09-13 01:27:47
2026-09-13 01:27:26,AAST398I,0101,Michelle Magalong,24,1,0,2026-09-13 01:27:47
2026-09-13 01:27:26,AAST398W,0101,Chris Eng,25,14,0,2026-09-13 01:27:48
2026-09-13 01:27:26,AAST421,0101,Tuyet Duong,20,2,0,2026-09-13 01:27:49
2026-09-13 01:27:26,AAST422,0101,Jennifer Cho,25,7,0,2026-09-13 01:27:49
2026-09-13 01:27:26,AAST424,0101,Dawn Dow,29,10,0,2026-09-13 01:27:49
2026-09-13 01:27:26,AAST440,0101,Binod Paudyal,25,1,0,2026-09-13 01:27:50
2026-09-13 01:27:26,AAST443,0101,Janelle Wong,30,0,0,2026-09-13 01:27:50
2026-09-13 01:27:26,ABRM330,0101,Rashawn Ray,40,0,0,2026-09-13 01:27:52
2026-09-13 01:27:26,ARAB101,0101,Samah Al-salami,15,1,0,2026-09-13 01:28:48
2026-09-13 01:27:26,ARAB101,0201,Ahmed Hanafy,15,5,0,2026-09-13 01:28:48
2026-09-13 01:27:26,ARAB102,0101,Samah Al-salami,15,2,0,2026-09-13 01:28:48
2026-09-13 01:27:26,ARAB102,0201,Lutf Alkebsi,15,12,0,2026-09-13 01:28:48
2026-09-13 01:27:26,ARAB201,0101,Lutf Alkebsi,15,0,0,2026-09-13 01:28:49
2026-09-13 01:27:26,ARAB201,0201,Lutf Alkebsi,15,11,0,2026-09-13 01:28:49
2026-09-13 01:27:26,ARAB208L,0101,Samah Al-salami,15,3,0,2026-09-13 01:28:49
2026-09-13 01:27:26,ARAB225,0101,Ahmed Hanafy,15,3,0,2026-09-13 01:28:49
2026-09-13 01:27:26,ARAB301,0101,Ahmed Hanafy,15,7,0,2026-09-13 01:28:50
2026-09-13 01:27:26,ARAB321,0101,Ahmed Hanafy,15,9,0,2026-09-13 01:28:50
2026-09-13 01:27:26,ARAB322,0101,Samah Al-salami,15,9,0,2026-09-13 01:28:51
2026-09-13 01:27:26,ARAB398A,0101,Lutf Alkebsi,15,5,0,2026-09-13 01:28:52
2026-09-13 01:27:26,ARAB499E,0101,Brendan Kibbee,20,2,0,2026-09-13 01:28:52
2026-09-13 01:27:26,ARMY106,0101,Thomas Battinieri,31,25,0,2026-09-13 01:29:34
2026-09-13 01:27:26,ARMY106,0102,Thomas Battinieri,40,30,0,2026-09-13 01:29:34
2026-09-13 01:27:26,ARMY106,FC01,Andrew Bischoff,15,11,0,2026-09-13 01:29:34
2026-09-13 01:27:26,ARMY106,FC02,Thomas Battinieri,9,8,0,2026-09-13 01:29:34
2026-09-13 01:27:26,ARMY110,0101,Andrew Bischoff,15,15,0,2026-09-13 01:29:34
2026-09-13 01:27:26,ARMY201,0102,Thomas Battinieri,35,14,0,2026-09-13 01:29:35
2026-09-13 01:27:26,ARMY301,0101,Joshua Guiod,40,20,0,2026-09-13 01:29:35
2026-09-13 01:27:26,ARMY401,0102,Andrew Bischoff,50,13,0,2026-09-13 01:29:35
2026-09-13 01:27:26,ARSC059,0101,Kathleen West,220,53,0,2026-09-13 01:29:37
2026-09-13 01:27:26,ARSC059,FC01,Jens Lyndrup,10,5,0,2026-09-13 01:29:37
2026-09-13 01:27:26,ARSC100,0101,Jens Lyndrup,50,33,0,2026-09-13 01:29:38
2026-09-13 01:27:26,ARSC100,0102,Jens Lyndrup,75,16,0,2026-09-13 01:29:38
2026-09-13 01:27:26,ARSC100,0103,Jens Lyndrup,40,31,0,2026-09-13 01:29:38
2026-09-13 01:27:26,ARSC100,FC01,Jens Lyndrup,5,3,0,2026-09-13 01:29:38
2026-09-13 01:27:26,ARSC100,FC02,Jens Lyndrup,10,7,0,2026-09-13 01:29:38
2026-09-13 01:27:26,ARSC200,0101,Alan Snyder,50,14,0,2026-09-13 01:29:38
2026-09-13 01:27:26,ARSC200,0102,Alan Snyder,35,21,0,2026-09-13 01:29:38
2026-09-13 01:27:26,ARSC200,0103,Alan Snyder,40,32,0,2026-09-13 01:29:38
2026-09-13 01:27:26,ARSC300,0101,Kathleen West,30,5,0,2026-09-13 01:29:39
2026-09-13 01:27:26,ARSC300,0102,Kathleen West,20,13,0,2026-09-13 01:29:39
2026-09-13 01:27:26,ARSC400,0101,Walter Mitchell,30,11,0,2026-09-13 01:29:39
2026-09-13 01:27:26,ARSC400,0102,Walter Mitchell,20,18,0,2026-09-13 01:29:39
2026-09-13 01:27:26,ARSC400,0201,Walter Mitchell,10,10,0,2026-09-13 01:29:39
2026-09-13 01:27:26,BMIN210,0101,Darlene Dennison,180,1,0,2026-09-13 01:31:01
2026-09-13 01:27:26,BMIN210,0201,Darlene Dennison,180,94,0,2026-09-13 01:31:01
2026-09-13 01:27:26,BMIN305,0101,Tejwansh Anand,180,14,0,2026-09-13 01:31:01
2026-09-13 01:27:26,BMIN345,0101,Michael Padhi,275,36,0,2026-09-13 01:31:02
2026-09-13 01:27:26,BMIN355,0101,Idil Yaveroglu,180,0,0,2026-09-13 01:31:02
2026-09-13 01:27:26,BMIN355,0201,Idil Yaveroglu,180,24,0,2026-09-13 01:31:02
2026-09-13 01:27:26,BMIN375,0101,Leland Gardner,185,2,0,2026-09-13 01:31:03
2026-09-13 01:27:26,BMIN395,0101,Nima Farshchi,200,1,0,2026-09-13 01:31:03
2026-09-13 01:27:26,BMIN395,0201,Nima Farshchi,200,106,0,2026-09-13 01:31:03
2026-09-13 01:27:26,BOIS602,WI01,Woei-jyh Lee,40,6,0,2026-09-13 01:31:07
2026-09-13 01:27:26,BOIS604,WI01,Manmohan Aseri,40,5,0,2026-09-13 01:31:07
2026-09-13 01:27:26,BOIS631,WI01,Sujin Kim,40,8,0,2026-09-13 01:31:08
2026-09-13 01:27:26,BSOS355,0101,Liza Lebrun,30,30,0,2026-09-13 01:31:21
2026-09-13 01:27:26,BSOS361,0101,TC Lloyd,30,2,0,2026-09-13 01:31:22
2026-09-13 01:27:26,BSOS361,0103,Keia Brown,30,2,0,2026-09-13 01:31:22
2026-09-13 01:27:26,BSOS361,0104,David Tana,30,1,0,2026-09-13 01:31:22
2026-09-13 01:27:26,BSOS361,0105,TC Lloyd,30,2,0,2026-09-13 01:31:22
2026-09-13 01:27:26,BSOS388C,0101,Nikita Kimani,20,0,0,2026-09-13 01:31:22
2026-09-13 01:27:26,BSOS388C,0201,Nikita Kimani,20,0,0,2026-09-13 01:31:22
2026-09-13 01:27:26,BSOS388E,0101,Liza Lebrun,30,30,0,2026-09-13 01:31:23
2026-09-13 01:27:26,BUSO600,SO11,Neta Moye,42,5,0,2026-09-13 01:31:45
2026-09-13 01:27:26,BUSO600,SO12,Neta Moye,42,9,0,2026-09-13 01:31:45
2026-09-13 01:27:26,BUSO603,SO11,Ilya Ryzhov,42,5,0,2026-09-13 01:31:45
2026-09-13 01:27:26,BUSO603,SO12,Ilya Ryzhov,42,4,0,2026-09-13 01:31:45
2026-09-13 01:27:26,BUSO604,SO11,Bennet Zelner,42,6,0,2026-09-13 01:31:46
2026-09-13 01:27:26,BUSO604,SO12,Bennet Zelner,42,6,0,2026-09-13 01:31:46
2026-09-13 01:27:26,BUSO612,SO11,Henry Boyd,42,3,0,2026-09-13 01:31:47
2026-09-13 01:27:26,BUSO612,SO12,Henry Boyd,42,5,0,2026-09-13 01:31:47
2026-09-13 01:27:26,BUSO616,SO31,Brent Solomon,38,2,0,2026-09-13 01:31:47
2026-09-13 01:27:26,BUSO616,SO32,Brent Solomon,38,0,0,2026-09-13 01:31:47
2026-09-13 01:27:26,BUSO624,SO31,Yi Xu,38,2,0,2026-09-13 01:31:48
2026-09-13 01:27:26,BUSO624,SO32,Yi Xu,38,0,0,2026-09-13 01:31:48
2026-09-13 01:27:26,BUSO700,SO91,Paulo Prochno,0,0,0,2026-09-13 01:31:48
2026-09-13 01:27:26,BUSO711,SO31,Gosia Langa Basit,28,0,0,2026-09-13 01:31:50
2026-09-13 01:27:26,BUSO711,SO32,Gosia Langa Basit,28,3,0,2026-09-13 01:31:50
2026-09-13 01:27:26,BUSO711,SO33,Gosia Langa Basit,28,1,0,2026-09-13 01:31:50
2026-09-13 01:27:26,BUSO731,SO51,Tejwansh Anand,49,0,1,2026-09-13 01:31:50
2026-09-13 01:27:26,BUSO752,SO51,Leland Gardner,35,13,0,2026-09-13 01:31:51
2026-09-13 01:27:26,BUSO758G,SO51,James Seward,35,11,0,2026-09-13 01:31:51
2026-09-13 01:27:26,BUSO758M,SO51,Paulo Prochno,49,2,0,2026-09-13 01:31:52
2026-09-13 01:27:26,BUSO758M,SO52,Paulo Prochno,49,3,0,2026-09-13 01:31:52
2026-09-13 01:27:26,BUSO758T,SO51,Michael Cichello,35,18,0,2026-09-13 01:31:52
2026-09-13 01:27:26,BUSO758W,SO51,Yogesh Joshi,33,2,0,2026-09-13 01:31:53
2026-09-13 01:27:26,BUSO758W,SO52,Yogesh Joshi,33,2,0,2026-09-13 01:31:53
2026-09-13 01:27:26,BUSO758X,SO51,Pallassana Kannan,49,3,0,2026-09-13 01:31:54
2026-09-13 01:27:26,BUSO788F,GX01,Judy Frels,25,6,0,2026-09-13 01:31:54
2026-09-13 01:27:26,BUSO788W,GX01,Zhi-Long Chen,30,5,0,2026-09-13 01:31:54
2026-09-13 01:27:26,CHSE200,0101,Betsy Tornquist,10,1,0,2026-09-13 01:32:31
2026-09-13 01:27:26,CHSE205,0101,Yewon Lee,60,0,2,2026-09-13 01:32:31
2026-09-13 01:27:26,CHSE205,0201,Yewon Lee,60,0,1,2026-09-13 01:32:31
2026-09-13 01:27:26,CHSE228C,0101,Nikita Kimani,20,0,0,2026-09-13 01:32:31
2026-09-13 01:27:26,CHSE228C,0201,Nikita Kimani,20,0,0,2026-09-13 01:32:31
2026-09-13 01:27:26,CHSE228C,0301,Nikita Kimani,20,0,0,2026-09-13 01:32:31
2026-09-13 01:27:26,CHSE230,0101,Isabelle Grable,25,16,0,2026-09-13 01:32:32
2026-09-13 01:27:26,CHSE376,0101,Michael Dunham,22,0,3,2026-09-13 01:32:32
2026-09-13 01:27:26,CHSE376,0201,Colleen McGilpin,20,0,4,2026-09-13 01:32:32
2026-09-13 01:27:26,CHSE376,0301,Elizabeth Martinez,20,0,0,2026-09-13 01:32:32
2026-09-13 01:27:26,CHSE376,0401,Chanai Brewster,20,4,0,2026-09-13 01:32:32
2026-09-13 01:27:26,CHSE476,0101,Michael Dunham,20,6,0,2026-09-13 01:32:33
2026-09-13 01:27:26,CHSE477,0101,Michael Dunham,15,4,0,2026-09-13 01:32:33
2026-09-13 01:27:26,CHSE489,1901,Amy D'Agati,15,10,0,2026-09-13 01:32:34
2026-09-13 01:27:26,CINE245,0101,Eric Zakim,22,0,1,2026-09-13 01:32:36
2026-09-13 01:27:26,CINE245,0102,Eric Zakim,22,0,2,2026-09-13 01:32:36
2026-09-13 01:27:26,CINE245,0103,Eric Zakim,22,0,2,2026-09-13 01:32:36
2026-09-13 01:27:26,CINE245,0104,Eric Zakim,22,0,1,2026-09-13 01:32:36
2026-09-13 01:27:26,CINE280,0101,Porter Olsen,30,0,1,2026-09-13 01:32:37
2026-09-13 01:27:26,CINE280,0201,John Tobin,30,0,1,2026-09-13 01:32:37
2026-09-13 01:27:26,CINE298A,0101,Caroline Eades,20,0,0,2026-09-13 01:32:37
2026-09-13 01:27:26,CINE301,0101,Eric Zakim,30,0,0,2026-09-13 01:32:38
2026-09-13 01:27:26,CINE310,0101,Nathaniel Stevens,15,2,0,2026-09-13 01:32:38
2026-09-13 01:27:26,CINE315,0101,Yael Inbar,15,0,0,2026-09-13 01:32:38
2026-09-13 01:27:26,CINE319G,0101,Oliver Gaycken,25,15,0,2026-09-13 01:32:39
2026-09-13 01:27:26,CINE319P,5501,Samuel Crawford,11,0,1,2026-09-13 01:32:39
2026-09-13 01:27:26,CINE319Z,0101,Paul Cote,25,7,0,2026-09-13 01:32:40
2026-09-13 01:27:26,CINE329T,0101,Daniel Richter,25,0,4,2026-09-13 01:32:40
2026-09-13 01:27:26,CINE332,0101,Parker Brookie,25,0,0,2026-09-13 01:32:40
2026-09-13 01:27:26,CINE334,0101,Elizabeth Papazian,25,0,0,2026-09-13 01:32:41
2026-09-13 01:27:26,CINE337,0101,Jason Kuo,25,0,1,2026-09-13 01:32:41
2026-09-13 01:27:26,CINE342,0101,Luka Arsenjuk,20,0,1,2026-09-13 01:32:42
2026-09-13 01:27:26,CINE350,0101,John Drabinski,20,0,0,2026-09-13 01:32:42
2026-09-13 01:27:26,CINE359C,0101,Daniel Richter,25,0,2,2026-09-13 01:32:43
2026-09-13 01:27:26,CINE369B,0101,Eva Hageman,30,1,0,2026-09-13 01:32:43
2026-09-13 01:27:26,CINE369K,0101,Paul Cote,20,0,1,2026-09-13 01:32:43
2026-09-13 01:27:26,CINE376,0101,Ross Angelella,15,3,0,2026-09-13 01:32:44
2026-09-13 01:27:26,CINE376,0102,Ross Angelella,5,2,0,2026-09-13 01:32:44
2026-09-13 01:27:26,CINE415,0101,Mathew Bainbridge,15,0,0,2026-09-13 01:32:45
2026-09-13 01:27:26,CINE419P,0101,Oliver Gaycken,20,14,0,2026-09-13 01:32:45
2026-09-13 01:27:26,CINE459P,0101,Luka Arsenjuk,20,0,2,2026-09-13 01:32:45
2026-09-13 01:27:26,CLAS170,0101,Chiara Graf,21,1,0,2026-09-13 01:32:48
2026-09-13 01:27:26,CLAS170,0102,Chiara Graf,21,0,0,2026-09-13 01:32:48
2026-09-13 01:27:26,CLAS170,0103,Chiara Graf,21,0,0,2026-09-13 01:32:48
2026-09-13 01:27:26,CLAS170,0104,Chiara Graf,21,0,0,2026-09-13 01:32:48
2026-09-13 01:27:26,CLAS170,0105,Chiara Graf,21,0,0,2026-09-13 01:32:48
2026-09-13 01:27:26,CLAS170,0106,Chiara Graf,21,0,0,2026-09-13 01:32:48
2026-09-13 01:27:26,CLAS170,0107,Chiara Graf,21,0,0,2026-09-13 01:32:48
2026-09-13 01:27:26,CLAS170,0108,Chiara Graf,21,1,0,2026-09-13 01:32:48
2026-09-13 01:27:26,CLAS170,0109,Chiara Graf,22,0,0,2026-09-13 01:32:48
2026-09-13 01:27:26,CLAS170,FC01,Chelsea Stolt,28,4,0,2026-09-13 01:32:48
2026-09-13 01:27:26,CLAS170,FC02,Chelsea Stolt,28,0,0,2026-09-13 01:32:48
2026-09-13 01:27:26,CLAS170,FC03,Eugenia Lao,28,8,0,2026-09-13 01:32:48
2026-09-13 01:27:26,CLAS170,FC05,Charis Addai,28,5,0,2026-09-13 01:32:48
2026-09-13 01:27:26,CLAS277,0101,Chiara Graf,25,0,0,2026-09-13 01:32:48
2026-09-13 01:27:26,CLAS277,0102,Chiara Graf,25,1,0,2026-09-13 01:32:48
2026-09-13 01:27:26,CLAS277,0103,Chiara Graf,25,4,0,2026-09-13 01:32:48
2026-09-13 01:27:26,CLAS277,0104,Chiara Graf,25,1,0,2026-09-13 01:32:48
2026-09-13 01:27:26,CLAS277,0105,Chiara Graf,25,0,0,2026-09-13 01:32:48
2026-09-13 01:27:26,CLAS277,0106,Chiara Graf,25,1,0,2026-09-13 01:32:48
2026-09-13 01:27:26,CLAS305,0101,Jorge Bravo,35,1,0,2026-09-13 01:32:49
2026-09-13 01:27:26,CLAS309N,0101,Nathan Levine,35,26,0,2026-09-13 01:32:49
2026-09-13 01:27:26,CLAS310,0101,Rachel Singpurwalla,20,0,1,2026-09-13 01:32:49
2026-09-13 01:27:26,CLAS310,0102,Rachel Singpurwalla,20,0,2,2026-09-13 01:32:49
2026-09-13 01:27:26,CLAS310,0103,Rachel Singpurwalla,20,0,3,2026-09-13 01:32:49
2026-09-13 01:27:26,CLAS312,0101,Polyvia Parara,35,7,0,2026-09-13 01:32:50
2026-09-13 01:27:26,CMLT235,0101,Brielle Gorrell,30,2,0,2026-09-13 01:32:54
2026-09-13 01:27:26,CMLT270,0101,Hannah (Toyin) Adeyemi,30,0,0,2026-09-13 01:32:54
2026-09-13 01:27:26,CMLT270,0201,Shakiba Sharifpour,30,1,0,2026-09-13 01:32:54
2026-09-13 01:27:26,CMLT275,0201,Abhinav Bhardwaj,30,0,1,2026-09-13 01:32:55
2026-09-13 01:27:26,CMLT277,0101,Nahid Ahmadian,30,2,0,2026-09-13 01:32:55
2026-09-13 01:27:26,CMLT280,0101,Porter Olsen,30,0,1,2026-09-13 01:32:55
2026-09-13 01:27:26,CMLT280,0201,John Tobin,30,0,1,2026-09-13 01:32:55
2026-09-13 01:27:26,CPBE100,0101,Oliver Schlake,95,25,0,2026-09-13 01:33:39
2026-09-13 01:27:26,CPBE200,0101,Oliver Schlake,75,33,0,2026-09-13 01:33:39
2026-09-13 01:27:26,CPBE225,0101,Ira Koretsky,38,13,0,2026-09-13 01:33:40
2026-09-13 01:27:26,CPBE225,0102,Ira Koretsky,38,22,0,2026-09-13 01:33:40
2026-09-13 01:27:26,CPCV100,0101,Julie Randolph,40,1,0,2026-09-13 01:33:41
2026-09-13 01:27:26,CPCV100,0201,Julie Randolph,40,8,0,2026-09-13 01:33:41
2026-09-13 01:27:26,CPCV200,0101,Julie Randolph,35,1,0,2026-09-13 01:33:42
2026-09-13 01:27:26,CPCV200,0201,Julie Randolph,35,15,0,2026-09-13 01:33:42
2026-09-13 01:27:26,CPCV225,0101,Korey Rothman,75,4,0,2026-09-13 01:33:42
2026-09-13 01:27:26,CPDJ100,0101,Jess Feltner,75,2,0,2026-09-13 01:33:44
2026-09-13 01:27:26,CPDJ200,0101,Andrew Fellows,75,37,0,2026-09-13 01:33:44
2026-09-13 01:27:26,CPET100,0101,Tim Knight,75,4,0,2026-09-13 01:33:46
2026-09-13 01:27:26,CPET200,0101,Tim Knight,75,7,0,2026-09-13 01:33:47
2026-09-13 01:27:26,CPGH100,0101,John Wiggins,85,7,0,2026-09-13 01:33:48
2026-09-13 01:27:26,CPGH200,0101,John Wiggins,75,18,0,2026-09-13 01:33:49
2026-09-13 01:27:26,CPJT100,0101,Justine DeCamillis,75,7,0,2026-09-13 01:33:51
2026-09-13 01:27:26,CPJT200,0101,Justine DeCamillis,75,21,0,2026-09-13 01:33:51
2026-09-13 01:27:26,CPMS100,0101,Alison Burns,75,0,0,2026-09-13 01:33:53
2026-09-13 01:27:26,CPMS200,0101,Alison Burns,75,11,0,2026-09-13 01:33:53
2026-09-13 01:27:26,CPMS225,0101,Alison Burns,75,0,0,2026-09-13 01:33:54
2026-09-13 01:27:26,CPMS230,0101,Alison Burns,30,11,0,2026-09-13 01:33:54
2026-09-13 01:27:26,CPMS240,0101,Carole Lee,20,18,0,2026-09-13 01:33:54
2026-09-13 01:27:26,CPPL100,0101,Kelly Brower,78,2,0,2026-09-13 01:33:56
2026-09-13 01:27:26,CPPL200,0101,Susannah Washburn,75,15,0,2026-09-13 01:33:57
2026-09-13 01:27:26,CPSA100,0101,Andrea Cesar,75,12,0,2026-09-13 01:33:58
2026-09-13 01:27:26,CPSA200,0101,Andrea Cesar,75,34,0,2026-09-13 01:33:59
2026-09-13 01:27:26,CPSF100,0101,Nicholas Fletcher,85,1,0,2026-09-13 01:34:01
2026-09-13 01:27:26,CPSF200,0101,Nicholas Fletcher,75,5,0,2026-09-13 01:34:01
2026-09-13 01:27:26,CPSG100,0101,Thomas Holtz,85,11,0,2026-09-13 01:34:03
2026-09-13 01:27:26,CPSG200,0101,Thomas Holtz,75,29,0,2026-09-13 01:34:03
2026-09-13 01:27:26,CPSN100,0101,Hansol Kwak,85,5,0,2026-09-13 01:34:05
2026-09-13 01:27:26,CPSN200,0101,Stacy Kosko,75,42,0,2026-09-13 01:34:05
2026-09-13 01:27:26,CPSN230,0101,Sarah Kilmer,20,18,0,2026-09-13 01:34:06
2026-09-13 01:27:26,CPSN240,0101,Sarah Kilmer,10,7,0,2026-09-13 01:34:06
2026-09-13 01:27:26,CPSN250,0101,Sarah Kilmer,5,5,0,2026-09-13 01:34:07
2026-09-13 01:27:26,CPSP110,0101,Markell Saunders,18,8,0,2026-09-13 01:34:08
2026-09-13 01:27:26,CPSP110,0201,Patrice Greene,18,13,0,2026-09-13 01:34:08
2026-09-13 01:27:26,CPSP220,0101,Tiara Thomas,20,1,0,2026-09-13 01:34:09
2026-09-13 01:27:26,CPSP239A,0101,Heather-Erin Bremenstuhl,10,5,0,2026-09-13 01:34:09
2026-09-13 01:27:26,CPSP269C,0101,Korey Rothman,5,5,0,2026-09-13 01:34:10
2026-09-13 01:27:26,CPSP339P,0101,Susannah Washburn,10,7,0,2026-09-13 01:34:10
2026-09-13 01:27:26,CPSS100,0101,Nicole Mogul,85,6,0,2026-09-13 01:34:12
2026-09-13 01:27:26,CPSS220,0101,Nicole Mogul,20,2,0,2026-09-13 01:34:12
2026-09-13 01:27:26,CPSS225,0101,Roan Parrish,20,14,0,2026-09-13 01:34:13
2026-09-13 01:27:26,CPSS340,0101,David Tomblin,20,5,0,2026-09-13 01:34:13
2026-09-13 01:27:26,CRLN101,0103,Myles Alexander,25,1,0,2026-09-13 01:34:15
2026-09-13 01:27:26,CRLN101,0104,Tami Smith,26,0,0,2026-09-13 01:34:15
2026-09-13 01:27:26,CRLN101,0105,Denis Garcia Reyes,25,0,0,2026-09-13 01:34:15
2026-09-13 01:27:26,CRLN101,0106,Mitch Woolley,25,4,0,2026-09-13 01:34:15
2026-09-13 01:27:26,CRLN101,0107,Esohe Owie,25,0,0,2026-09-13 01:34:15
2026-09-13 01:27:26,DATA100,0111,Matthew Griffin,33,4,0,2026-09-13 01:34:27
2026-09-13 01:27:26,DATA100,0112,Matthew Griffin,35,2,0,2026-09-13 01:34:27
2026-09-13 01:27:26,DATA100,0121,Matthew Griffin,35,2,0,2026-09-13 01:34:27
2026-09-13 01:27:26,DATA100,0122,Matthew Griffin,33,0,0,2026-09-13 01:34:27
2026-09-13 01:27:26,DATA100,0123,Matthew Griffin,33,1,0,2026-09-13 01:34:27
2026-09-13 01:27:26,DATA100,0124,Matthew Griffin,33,0,0,2026-09-13 01:34:27
2026-09-13 01:27:26,DATA100,0131,Matthew Griffin,33,1,0,2026-09-13 01:34:27
2026-09-13 01:27:26,DATA100,0141,Matthew Griffin,35,0,0,2026-09-13 01:34:27
2026-09-13 01:27:26,DATA100,0142,Matthew Griffin,33,0,0,2026-09-13 01:34:27
2026-09-13 01:27:26,DATA100,0211,Matthew Griffin,33,1,0,2026-09-13 01:34:27
2026-09-13 01:27:26,DATA100,0212,Matthew Griffin,35,0,0,2026-09-13 01:34:27
2026-09-13 01:27:26,DATA100,0221,Matthew Griffin,30,0,0,2026-09-13 01:34:27
2026-09-13 01:27:26,DATA100,0223,Matthew Griffin,32,0,0,2026-09-13 01:34:27
2026-09-13 01:27:26,DATA100,0224,Matthew Griffin,30,1,0,2026-09-13 01:34:27
2026-09-13 01:27:26,DATA100,0231,Matthew Griffin,33,2,0,2026-09-13 01:34:27
2026-09-13 01:27:26,DATA100,0311,Archana Khurana,35,6,0,2026-09-13 01:34:27
2026-09-13 01:27:26,DATA100,0312,Archana Khurana,35,1,0,2026-09-13 01:34:27
2026-09-13 01:27:26,DATA100,0321,Archana Khurana,35,0,0,2026-09-13 01:34:27
2026-09-13 01:27:26,DATA100,0322,Archana Khurana,35,1,0,2026-09-13 01:34:27
2026-09-13 01:27:26,DATA100,0323,Archana Khurana,35,0,0,2026-09-13 01:34:27
2026-09-13 01:27:26,DATA100,0341,Archana Khurana,35,5,0,2026-09-13 01:34:27
2026-09-13 01:27:26,DATA110,0101,Susan Mazzullo,250,24,0,2026-09-13 01:34:28
2026-09-13 01:27:26,DATA120,0101,Fardina Alam,200,0,1,2026-09-13 01:34:28
2026-09-13 01:27:26,DATA200,0101,Fardina Alam,90,32,0,2026-09-13 01:34:28
2026-09-13 01:27:26,DATA250,0101,Todd Rowland,43,7,0,2026-09-13 01:34:29
2026-09-13 01:27:26,DATA320,0101,Maksym Morawski,15,10,0,2026-09-13 01:34:29
2026-09-13 01:27:26,DATA320,0201,Maksym Morawski,20,10,0,2026-09-13 01:34:29
2026-09-13 01:27:26,DATA320,0301,Fardina Alam,20,1,0,2026-09-13 01:34:29
2026-09-13 01:27:26,DATA350,0101,Raluca Rosca,30,11,0,2026-09-13 01:34:30
2026-09-13 01:27:26,DATA350,0201,Jonathan Fernandes,34,5,0,2026-09-13 01:34:30
2026-09-13 01:27:26,DATA400,0111,Salman Safdar,27,1,0,2026-09-13 01:34:30
2026-09-13 01:27:26,DATA400,0112,Salman Safdar,30,1,0,2026-09-13 01:34:30
2026-09-13 01:27:26,DATA400,0121,Salman Safdar,27,2,0,2026-09-13 01:34:30
2026-09-13 01:27:26,DATA400,0122,Salman Safdar,27,4,0,2026-09-13 01:34:30
2026-09-13 01:27:26,DATA400,0131,Salman Safdar,27,3,0,2026-09-13 01:34:30
2026-09-13 01:27:26,DATA400,0132,Salman Safdar,27,8,0,2026-09-13 01:34:30
2026-09-13 01:27:26,DATA400,0211,Timothy Pilachowski,30,3,0,2026-09-13 01:34:30
2026-09-13 01:27:26,DATA400,0212,Timothy Pilachowski,30,4,0,2026-09-13 01:34:30
2026-09-13 01:27:26,DATA400,0221,Timothy Pilachowski,30,3,0,2026-09-13 01:34:30
2026-09-13 01:27:26,DATA400,0222,Timothy Pilachowski,30,0,0,2026-09-13 01:34:30
2026-09-13 01:27:26,DATA400,0231,Timothy Pilachowski,30,0,0,2026-09-13 01:34:30
2026-09-13 01:27:26,DATA400,0232,Timothy Pilachowski,30,3,0,2026-09-13 01:34:30
2026-09-13 01:27:26,DATA400,0311,Mestiyage Gunatilleka,32,0,1,2026-09-13 01:34:30
2026-09-13 01:27:26,DATA400,0312,Mestiyage Gunatilleka,30,0,2,2026-09-13 01:34:30
2026-09-13 01:27:26,DATA400,0321,Mestiyage Gunatilleka,32,0,1,2026-09-13 01:34:30
2026-09-13 01:27:26,DATA400,0322,Mestiyage Gunatilleka,30,0,1,2026-09-13 01:34:30
2026-09-13 01:27:26,DATA400,0331,Mestiyage Gunatilleka,32,0,1,2026-09-13 01:34:30
2026-09-13 01:27:26,DATA400,0332,Mestiyage Gunatilleka,30,0,1,2026-09-13 01:34:30
2026-09-13 01:27:26,DATA400,0511,Shixin Zheng,35,0,0,2026-09-13 01:34:30
2026-09-13 01:27:26,DATA400,0521,Shixin Zheng,35,0,0,2026-09-13 01:34:30
2026-09-13 01:27:26,DATA400,0531,Shixin Zheng,35,0,0,2026-09-13 01:34:30
2026-09-13 01:27:26,DATA601,PCS1,Sandra Cerrai,50,6,0,2026-09-13 01:34:31
2026-09-13 01:27:26,DATA601,PCS2,Jonathan Fernandes,60,20,0,2026-09-13 01:34:31
2026-09-13 01:27:26,DATA601,PWS1,Leonid Koralov,60,3,0,2026-09-13 01:34:31
2026-09-13 01:27:26,DATA602,PCS1,Sujeong Kim,44,5,0,2026-09-13 01:34:31
2026-09-13 01:27:26,DATA602,PCS2,Sujeong Kim,44,9,0,2026-09-13 01:34:31
2026-09-13 01:27:26,DATA602,PWS1,Fardina Alam,44,3,0,2026-09-13 01:34:31
2026-09-13 01:27:26,DATA603,PCS1,Babak Azimi-Sadjadi,55,14,0,2026-09-13 01:34:31
2026-09-13 01:27:26,DATA603,PWS1,Kemal Davaslioglu,55,19,0,2026-09-13 01:34:31
2026-09-13 01:27:26,DATA605,PCS1,Tammy Perrin,44,30,0,2026-09-13 01:34:32
2026-09-13 01:27:26,DATA605,PCS2,Tammy Perrin,44,21,0,2026-09-13 01:34:32
2026-09-13 01:27:26,DATA605,PWS1,Giacinto Paolo Saggese,44,35,0,2026-09-13 01:34:32
2026-09-13 01:27:26,DATA607,PCS1,Mestiyage Gunatilleka,44,29,0,2026-09-13 01:34:32
2026-09-13 01:27:26,DATA607,PCS2,Kendall Williams,55,0,1,2026-09-13 01:34:32
2026-09-13 01:27:26,DATA607,PCS3,Vincent Lyzinski,44,3,0,2026-09-13 01:34:32
2026-09-13 01:27:26,DATA612,PCS1,Samet Ayhan,50,23,0,2026-09-13 01:34:33
2026-09-13 01:27:26,DATA612,PWS1,Samet Ayhan,44,14,0,2026-09-13 01:34:33
2026-09-13 01:27:26,DATA641,PCS1,Toki Inan,50,19,0,2026-09-13 01:34:33
2026-09-13 01:27:26,DATA641,PWS1,Armin Mehrabian,50,0,0,2026-09-13 01:34:33
2026-09-13 01:27:26,DATA643,PCS1,Charles Forgy,50,30,0,2026-09-13 01:34:33
2026-09-13 01:27:26,DATA650,PCS1,Emre Gunduzhan,54,8,0,2026-09-13 01:34:34
2026-09-13 01:27:26,DATA650,PCS2,Emre Gunduzhan,54,10,0,2026-09-13 01:34:34
2026-09-13 01:27:26,ENAI600,0101,C Ravishankar,35,21,0,2026-09-13 01:35:12
2026-09-13 01:27:26,ENAI600,AEC1,C Ravishankar,20,5,0,2026-09-13 01:35:12
2026-09-13 01:27:26,ENAI601,0101,Richard La,35,22,0,2026-09-13 01:35:13
2026-09-13 01:27:26,ENAI601,AEC1,Richard La,20,8,0,2026-09-13 01:35:13
2026-09-13 01:27:26,ENAI607,0101,Zoltan Safar,29,24,0,2026-09-13 01:35:13
2026-09-13 01:27:26,ENAI607,AEC1,Zoltan Safar,20,9,0,2026-09-13 01:35:13
2026-09-13 01:27:26,ENBC301,ESG1,Sivan Saravanapavan,20,9,0,2026-09-13 01:35:15
2026-09-13 01:27:26,ENBC311,ESG1,Bahaa Ghammraoui,20,11,0,2026-09-13 01:35:15
2026-09-13 01:27:26,ENBC322,ESG1,Kyunghun Lee,20,11,0,2026-09-13 01:35:16
2026-09-13 01:27:26,ENBC331,ESG1,Lan Ma,20,10,0,2026-09-13 01:35:16
2026-09-13 01:27:26,ENBC332,ESG1,Jamasp Azarnoosh,20,11,0,2026-09-13 01:35:17
2026-09-13 01:27:26,ENBC341,ESG1,Jarred Callura,20,12,0,2026-09-13 01:35:24
2026-09-13 01:27:26,ENBC353,ESG1,Jarred Callura,20,15,0,2026-09-13 01:35:24
2026-09-13 01:27:26,ENBC423,ESG1,Jian Su,20,13,0,2026-09-13 01:35:25
2026-09-13 01:27:26,ENBC425,ESG1,Jamasp Azarnoosh,20,13,0,2026-09-13 01:35:26
2026-09-13 01:27:26,ENBC431,ESG1,Lan Ma,20,13,0,2026-09-13 01:35:26
2026-09-13 01:27:26,ENEB302,ESG1,Wesley Lawson,20,3,0,2026-09-13 01:35:42
2026-09-13 01:27:26,ENEB340,ESG1,Nestor Michael Tiglao,20,3,0,2026-09-13 01:35:42
2026-09-13 01:27:26,ENEB341,ESG1,Nestor Michael Tiglao,20,3,0,2026-09-13 01:35:43
2026-09-13 01:27:26,ENEB344,ESG1,Jerry Wu,20,3,0,2026-09-13 01:35:43
2026-09-13 01:27:26,ENEB346,ESG1,Nestor Michael Tiglao,20,13,0,2026-09-13 01:35:44
2026-09-13 01:27:26,ENEB354,ESG1,Yavuz Oruc,20,2,0,2026-09-13 01:35:44
2026-09-13 01:27:26,ENEB408A,ESG1,Nestor Michael Tiglao,20,13,0,2026-09-13 01:35:45
2026-09-13 01:27:26,ENEB444,ESG1,Manoj Franklin,20,13,0,2026-09-13 01:35:45
2026-09-13 01:27:26,ENEB454,ESG1,Jerry Wu,20,13,0,2026-09-13 01:35:46
2026-09-13 01:27:26,ENED036,0101,Hillary Owusu,20,5,0,2026-09-13 01:35:49
2026-09-13 01:27:26,ENED101,0101,Shannon Bate,20,0,0,2026-09-13 01:35:49
2026-09-13 01:27:26,ENED115,0101,Friedrich Alvarez,100,6,0,2026-09-13 01:35:50
2026-09-13 01:27:26,ENED215,0101,Tyler Huddleston,30,0,0,2026-09-13 01:35:50
2026-09-13 01:27:26,ENED215,0102,Samantha Sabihi,40,26,0,2026-09-13 01:35:50
2026-09-13 01:27:26,ENED215,0103,Paige Smith,6,0,0,2026-09-13 01:35:50
2026-09-13 01:27:26,ENED290H,0101,Christopher Troilo,46,1,0,2026-09-13 01:35:51
2026-09-13 01:27:26,ENED390H,0101,Tony Barber,50,13,0,2026-09-13 01:35:51
2026-09-13 01:27:26,ENED394H,0101,Manmohan Aseri,65,14,0,2026-09-13 01:35:52
2026-09-13 01:27:26,ENED397,0101,Emily Marks,9,0,0,2026-09-13 01:35:53
2026-09-13 01:27:26,ENED490H,0101,Maria Bardossy,45,1,0,2026-09-13 01:35:54
2026-09-13 01:27:26,ENED491,0101,Jessica Roffe,10,1,0,2026-09-13 01:35:54
2026-09-13 01:27:26,ENMT301,ESG1,Colleen Murray,15,8,0,2026-09-13 01:37:17
2026-09-13 01:27:26,ENMT322,ESG1,Norman Wereley,15,9,0,2026-09-13 01:37:17
2026-09-13 01:27:26,ENMT361,ESG1,Young Choi,15,8,0,2026-09-13 01:37:18
2026-09-13 01:27:26,ENMT380,ESG1,Gurtajbir Herr,15,8,0,2026-09-13 01:37:18
2026-09-13 01:27:26,ENMT450,ESG1,Nicholas Limparis,7,5,0,2026-09-13 01:37:19
2026-09-13 01:27:26,ENMT471,ESG1,Colleen Murray,7,5,0,2026-09-13 01:37:19
2026-09-13 01:27:26,ENMT473,ESG1,Gurtajbir Herr,7,4,0,2026-09-13 01:37:20
2026-09-13 01:27:26,ENMT483,ESG1,Nicholas Limparis,7,5,0,2026-09-13 01:37:20
2026-09-13 01:27:26,ENMT499,ESG4,Nicholas Limparis,2,1,0,2026-09-13 01:37:20
2026-09-13 01:27:26,ENSE621,0101,Tony Barber,22,16,0,2026-09-13 01:37:29
2026-09-13 01:27:26,ENSE621,SY01,Tony Barber,15,0,0,2026-09-13 01:37:29
2026-09-13 01:27:26,ENSE623,0101,Steven Biemer,17,14,0,2026-09-13 01:37:29
2026-09-13 01:27:26,ENSE623,SY01,Steven Biemer,15,11,0,2026-09-13 01:37:29
2026-09-13 01:27:26,ENSE626,0101,Dane Cooper,20,16,0,2026-09-13 01:37:30
2026-09-13 01:27:26,ENSE626,SY01,Dane Cooper,15,9,0,2026-09-13 01:37:30
2026-09-13 01:27:26,ENSP101,0101,Annette Spivy,25,0,0,2026-09-13 01:37:33
2026-09-13 01:27:26,ENSP101,0102,Annette Spivy,24,0,0,2026-09-13 01:37:33
2026-09-13 01:27:26,ENSP101,0103,Annette Spivy,24,2,0,2026-09-13 01:37:33
2026-09-13 01:27:26,ENSP101,0104,Annette Spivy,24,1,0,2026-09-13 01:37:33
2026-09-13 01:27:26,ENSP101,0105,Annette Spivy,25,1,0,2026-09-13 01:37:33
2026-09-13 01:27:26,ENSP101,0106,Annette Spivy,24,0,0,2026-09-13 01:37:33
2026-09-13 01:27:26,ENSP101,0107,Annette Spivy,24,0,0,2026-09-13 01:37:33
2026-09-13 01:27:26,ENSP101,FC01,Annette Spivy,32,1,0,2026-09-13 01:37:33
2026-09-13 01:27:26,ENSP305,0101,Annette Spivy,23,0,1,2026-09-13 01:37:33
2026-09-13 01:27:26,ENSP330,0101,Joanna Goger,35,0,0,2026-09-13 01:37:33
2026-09-13 01:27:26,ENSP340,0101,Caroline Boules,25,0,0,2026-09-13 01:37:34
2026-09-13 01:27:26,ENSP360,0101,Leena Malayil,25,0,5,2026-09-13 01:37:34
2026-09-13 01:27:26,ENSP399R,0601,Annette Spivy,10,10,0,2026-09-13 01:37:35
2026-09-13 01:27:26,ENSP399R,1001,Jennifer Mullinax,10,10,0,2026-09-13 01:37:35
2026-09-13 01:27:26,ENSP400,0101,Joanna Goger,35,13,0,2026-09-13 01:37:36
2026-09-13 01:27:26,ENSP400,0102,Joanna Goger,35,11,0,2026-09-13 01:37:36
2026-09-13 01:27:26,ENVH121,FC01,Brienna Anderson,20,12,0,2026-09-13 01:37:54
2026-09-13 01:27:26,ENVH381,0101,Donald Milton,30,10,0,2026-09-13 01:37:55
2026-09-13 01:27:26,FGSM310,0101,Peter Owen,24,1,0,2026-09-13 01:38:00
2026-09-13 01:27:26,FGSM315,0101,Emily Shetty,22,0,0,2026-09-13 01:38:01
2026-09-13 01:27:26,FGSM320,0101,Woodie Kessel,24,2,0,2026-09-13 01:38:01
2026-09-13 01:27:26,FGSM325,0101,Rob Long,20,1,0,2026-09-13 01:38:02
2026-09-13 01:27:26,FGSM330,0101,Andrew Fausett,22,2,0,2026-09-13 01:38:02
2026-09-13 01:27:26,FGSM340,0101,Ed Fendley,22,1,0,2026-09-13 01:38:02
2026-09-13 01:27:26,FGSM350,0101,Sean Misko,22,1,0,2026-09-13 01:38:03
2026-09-13 01:27:26,FGSM355,0101,Amanda Schoch,20,0,0,2026-09-13 01:38:03
2026-09-13 01:27:26,FGSM360,0101,Nadia Farra,21,0,0,2026-09-13 01:38:04
2026-09-13 01:27:26,FGSM365,0101,Andrew Nissen,20,2,0,2026-09-13 01:38:04
2026-09-13 01:27:26,FGSM370,0101,Joshua Glasser,20,0,0,2026-09-13 01:38:05
2026-09-13 01:27:26,FGSM390,0101,Sasha Koo-Oshima,20,3,0,2026-09-13 01:38:05
2026-09-13 01:27:26,FGSM398,0101,Jayakumar Arasan,25,21,0,2026-09-13 01:38:05
2026-09-13 01:27:26,FGSM398,0201,Jayakumar Arasan,5,2,0,2026-09-13 01:38:05
2026-09-13 01:27:26,FIRE120,0101,Jessica O'Hara,36,0,0,2026-09-13 01:38:07
2026-09-13 01:27:26,FIRE120,0102,Shannon Hilton,36,7,0,2026-09-13 01:38:07
2026-09-13 01:27:26,FIRE120,0103,Jaclyn Bruner,36,2,0,2026-09-13 01:38:07
2026-09-13 01:27:26,FIRE120,0104,Danielle Niu,36,0,0,2026-09-13 01:38:07
2026-09-13 01:27:26,FIRE120,0105,Cherisse Hall,36,0,0,2026-09-13 01:38:07
2026-09-13 01:27:26,FIRE120,0106,Sara Strey,36,0,0,2026-09-13 01:38:07
2026-09-13 01:27:26,FIRE120,0107,Helene Nguemgaing,36,1,0,2026-09-13 01:38:07
2026-09-13 01:27:26,FIRE120,0108,Mary Chey,36,0,0,2026-09-13 01:38:07
2026-09-13 01:27:26,FIRE120,0109,Shannon Hilton,36,0,0,2026-09-13 01:38:07
2026-09-13 01:27:26,FIRE120,0110,Lena Johnson,36,0,0,2026-09-13 01:38:07
2026-09-13 01:27:26,FIRE120,0111,Benjamin Huffman,36,0,0,2026-09-13 01:38:07
2026-09-13 01:27:26,FIRE120,0112,Mary Chey,36,1,0,2026-09-13 01:38:07
2026-09-13 01:27:26,FIRE120,0113,Elizabeth Massey,36,8,0,2026-09-13 01:38:07
2026-09-13 01:27:26,FIRE120,0114,Benjamin Huffman,36,0,0,2026-09-13 01:38:07
2026-09-13 01:27:26,FIRE120,FC01,Danielle Niu,40,0,7,2026-09-13 01:38:07
2026-09-13 01:27:26,FIRE298,0101,Catherine Spirito,28,3,0,2026-09-13 01:38:08
2026-09-13 01:27:26,FIRE298,0103,Cherisse Hall,36,7,0,2026-09-13 01:38:08
2026-09-13 01:27:26,FIRE298,0104,Jessica O'Hara,36,4,0,2026-09-13 01:38:08
2026-09-13 01:27:26,FIRE298,0105,Kaylee Bloom,36,7,0,2026-09-13 01:38:08
2026-09-13 01:27:26,FIRE298,0106,Danielle Niu,36,16,0,2026-09-13 01:38:08
2026-09-13 01:27:26,FIRE298,0107,Benjamin Huffman,40,1,0,2026-09-13 01:38:08
2026-09-13 01:27:26,FIRE298,0108,Elizabeth Massey,40,14,0,2026-09-13 01:38:08
2026-09-13 01:27:26,FIRE298,0109,Shannon Hilton,40,6,0,2026-09-13 01:38:08
2026-09-13 01:27:26,FIRE298,0110,Jaclyn Bruner,40,19,0,2026-09-13 01:38:08
2026-09-13 01:27:26,FIRE298,0111,Mary Chey,36,4,0,2026-09-13 01:38:08
2026-09-13 01:27:26,FIRE298,0112,Helene Nguemgaing,40,16,0,2026-09-13 01:38:08
2026-09-13 01:27:26,FIRE298,0113,Kristina Kramarczuk,40,11,0,2026-09-13 01:38:08
2026-09-13 01:27:26,FIRE298,0114,Shabnam Jabeen,40,22,0,2026-09-13 01:38:08
2026-09-13 01:27:26,FIRE298,0115,Sara Strey,40,14,0,2026-09-13 01:38:08
2026-09-13 01:27:26,FIRE298,0116,Lena Johnson,40,6,0,2026-09-13 01:38:08
2026-09-13 01:27:26,FIRE398,0101,Catherine Spirito,15,2,0,2026-09-13 01:38:08
2026-09-13 01:27:26,FIRE398,0103,Cherisse Hall,15,5,0,2026-09-13 01:38:08
2026-09-13 01:27:26,FIRE398,0104,Jessica O'Hara,15,1,0,2026-09-13 01:38:08
2026-09-13 01:27:26,FIRE398,0105,Kaylee Bloom,15,2,0,2026-09-13 01:38:08
2026-09-13 01:27:26,FIRE398,0106,Danielle Niu,15,10,0,2026-09-13 01:38:08
2026-09-13 01:27:26,FIRE398,0107,Benjamin Huffman,15,3,0,2026-09-13 01:38:08
2026-09-13 01:27:26,FIRE398,0108,Elizabeth Massey,15,6,0,2026-09-13 01:38:08
2026-09-13 01:27:26,FIRE398,0109,Shannon Hilton,15,6,0,2026-09-13 01:38:08
2026-09-13 01:27:26,FIRE398,0110,Jaclyn Bruner,15,9,0,2026-09-13 01:38:08
2026-09-13 01:27:26,FIRE398,0111,Mary Chey,15,3,0,2026-09-13 01:38:08
2026-09-13 01:27:26,FIRE398,0112,Helene Nguemgaing,15,15,0,2026-09-13 01:38:08
2026-09-13 01:27:26,FIRE398,0113,Kristina Kramarczuk,15,8,0,2026-09-13 01:38:08
2026-09-13 01:27:26,FIRE398,0114,Shabnam Jabeen,15,15,0,2026-09-13 01:38:08
2026-09-13 01:27:26,FIRE398,0115,Sara Strey,15,14,0,2026-09-13 01:38:08
2026-09-13 01:27:26,FIRE398,0116,Lena Johnson,15,11,0,2026-09-13 01:38:08
2026-09-13 01:27:26,GBHL200,0101,Hassanatu Blake,30,0,0,2026-09-13 01:38:32
2026-09-13 01:27:26,GBHL200,FC01,Zandra Andre,25,3,0,2026-09-13 01:38:32
2026-09-13 01:27:26,GBHL210,0101,Leena Malayil,25,8,0,2026-09-13 01:38:32
2026-09-13 01:27:26,GEMS101,0101,Allison Lansverk,10,1,0,2026-09-13 01:38:35
2026-09-13 01:27:26,GEMS101,0103,Allison Lansverk,10,0,0,2026-09-13 01:38:35
2026-09-13 01:27:26,GEMS101,0104,Allison Lansverk,10,0,0,2026-09-13 01:38:35
2026-09-13 01:27:26,GEMS101,0105,Allison Lansverk,10,0,0,2026-09-13 01:38:35
2026-09-13 01:27:26,GEMS101,0106,Allison Lansverk,10,0,0,2026-09-13 01:38:35
2026-09-13 01:27:26,GEMS101,0107,Allison Lansverk,10,0,0,2026-09-13 01:38:35
2026-09-13 01:27:26,GEMS101,0109,Allison Lansverk,10,0,0,2026-09-13 01:38:35
2026-09-13 01:27:26,GEMS101,0111,Allison Lansverk,10,0,0,2026-09-13 01:38:35
2026-09-13 01:27:26,GEMS101,0113,Allison Lansverk,10,0,0,2026-09-13 01:38:35
2026-09-13 01:27:26,GEMS101,0114,Allison Lansverk,10,0,0,2026-09-13 01:38:35
2026-09-13 01:27:26,GEMS202,0101,David Lovell,168,43,0,2026-09-13 01:38:35
2026-09-13 01:27:26,GEMS208A,0101,Allison Lansverk,14,14,0,2026-09-13 01:38:36
2026-09-13 01:27:26,GEMS208B,0101,Allison Lansverk,14,14,0,2026-09-13 01:38:36
2026-09-13 01:27:26,GEMS208C,0101,Allison Lansverk,23,10,0,2026-09-13 01:38:37
2026-09-13 01:27:26,GEMS208D,0101,Allison Lansverk,10,9,0,2026-09-13 01:38:37
2026-09-13 01:27:26,GEMS208P,0101,Allison Lansverk,20,5,0,2026-09-13 01:38:38
2026-09-13 01:27:26,GEMS296,0101,Sehrish Shikarpurya,14,6,0,2026-09-13 01:38:38
2026-09-13 01:27:26,GEMS296,0102,David Lovell,14,1,0,2026-09-13 01:38:38
2026-09-13 01:27:26,GEMS296,0103,Myles Poulin,14,1,0,2026-09-13 01:38:38
2026-09-13 01:27:26,GEMS296,0104,Raymond Adomaitis,14,3,0,2026-09-13 01:38:38
2026-09-13 01:27:26,GEMS296,0105,Rodolphe Gentili,14,4,0,2026-09-13 01:38:38
2026-09-13 01:27:26,GEMS296,0106,Jared Grauer,14,6,0,2026-09-13 01:38:38
2026-09-13 01:27:26,GEMS296,0107,Fengfeng Ke,14,4,0,2026-09-13 01:38:38
2026-09-13 01:27:26,GEMS296,0108,Eric Silk,14,4,0,2026-09-13 01:38:38
2026-09-13 01:27:26,GEMS296,0109,Huang Chiao Huang,14,1,0,2026-09-13 01:38:38
2026-09-13 01:27:26,GEMS296,0110,Mengqiang Zhu,14,6,0,2026-09-13 01:38:38
2026-09-13 01:27:26,GEMS296,0111,Maria Molina,14,6,0,2026-09-13 01:38:38
2026-09-13 01:27:26,GEMS296,0112,Erin Tran,14,1,0,2026-09-13 01:38:38
2026-09-13 01:27:26,GEMS296,0113,Instructor: TBA,5,5,0,2026-09-13 01:38:38
2026-09-13 01:27:26,GEMS296,0114,Instructor: TBA,14,14,0,2026-09-13 01:38:38
2026-09-13 01:27:26,GEMS296,0115,David Lovell,5,5,0,2026-09-13 01:38:38
2026-09-13 01:27:26,GEMS297,0113,Instructor: TBA,5,5,0,2026-09-13 01:38:38
2026-09-13 01:27:26,GEMS396,0101,Michael Humber,14,7,0,2026-09-13 01:38:39
2026-09-13 01:27:26,GEMS396,0102,Seth Dickey,14,2,0,2026-09-13 01:38:39
2026-09-13 01:27:26,GEMS396,0103,Cecilia Huertas Cerdeira,14,7,0,2026-09-13 01:38:39
2026-09-13 01:27:26,GEMS396,0104,Rodolphe Gentili,14,2,0,2026-09-13 01:38:39
2026-09-13 01:27:26,GEMS396,0105,Allison Reilly,14,5,0,2026-09-13 01:38:39
2026-09-13 01:27:26,GEMS396,0106,Peter Sunderland,14,5,0,2026-09-13 01:38:39
2026-09-13 01:27:26,GEMS396,0107,Brett Lacey,14,8,0,2026-09-13 01:38:39
2026-09-13 01:27:26,GEMS396,0108,Natalia Buzulukova,14,4,0,2026-09-13 01:38:39
2026-09-13 01:27:26,GEMS396,0109,Anil Deane,14,4,0,2026-09-13 01:38:39
2026-09-13 01:27:26,GEMS396,0110,Colenso Speer,14,3,0,2026-09-13 01:38:39
2026-09-13 01:27:26,GEMS396,0111,Instructor: TBA,14,14,0,2026-09-13 01:38:39
2026-09-13 01:27:26,GEMS396,0112,Instructor: TBA,14,14,0,2026-09-13 01:38:39
2026-09-13 01:27:26,GEMS396,0113,David Lovell,5,5,0,2026-09-13 01:38:39
2026-09-13 01:27:26,GEMS396,0114,David Lovell,5,5,0,2026-09-13 01:38:39
2026-09-13 01:27:26,GEMS397,0113,David Lovell,5,4,0,2026-09-13 01:38:39
2026-09-13 01:27:26,GEMS496,0101,Eric Haag,14,8,0,2026-09-13 01:38:40
2026-09-13 01:27:26,GEMS496,0102,Mohammad Nayeem Teli,14,10,0,2026-09-13 01:38:40
2026-09-13 01:27:26,GEMS496,0103,Norberto Gonzalez- Juarbe,14,4,0,2026-09-13 01:38:40
2026-09-13 01:27:26,GEMS496,0104,Abhinav Shrivastava,14,6,0,2026-09-13 01:38:40
2026-09-13 01:27:26,GEMS496,0105,Hector Alcala,14,4,0,2026-09-13 01:38:40
2026-09-13 01:27:26,GEMS496,0106,Massimo Ricotti,14,4,0,2026-09-13 01:38:40
2026-09-13 01:27:26,GEMS496,0107,Reza Ghodssi,14,7,0,2026-09-13 01:38:40
2026-09-13 01:27:26,GEMS496,0108,Nikhil Chopra,14,8,0,2026-09-13 01:38:40
2026-09-13 01:27:26,GEMS496,0109,Kimberly Stroka,14,4,0,2026-09-13 01:38:40
2026-09-13 01:27:26,GEMS496,0110,Gorjan Alagic,14,13,0,2026-09-13 01:38:40
2026-09-13 01:27:26,GEMS496,0111,Alisa Clyne,14,6,0,2026-09-13 01:38:40
2026-09-13 01:27:26,GEMS496,0112,Xin Zan,14,10,0,2026-09-13 01:38:40
2026-09-13 01:27:26,GEMS496,0113,Erin Tran,14,14,0,2026-09-13 01:38:40
2026-09-13 01:27:26,GEMS496,0114,David Lovell,5,5,0,2026-09-13 01:38:40
2026-09-13 01:27:26,GEMS497,0107,Instructor: TBA,14,14,0,2026-09-13 01:38:40
2026-09-13 01:27:26,GEMS497,0110,Instructor: TBA,5,5,0,2026-09-13 01:38:40
2026-09-13 01:27:26,GEMS497,0113,David Lovell,5,5,0,2026-09-13 01:38:40
2026-09-13 01:27:26,GFPL100,0101,Joshua Itzkowitz Shifrinson,20,1,0,2026-09-13 01:39:09
2026-09-13 01:27:26,GFPL100,0102,Joshua Itzkowitz Shifrinson,20,1,0,2026-09-13 01:39:09
2026-09-13 01:27:26,GFPL100,0103,Joshua Itzkowitz Shifrinson,20,1,0,2026-09-13 01:39:09
2026-09-13 01:27:26,GFPL100,0104,Joshua Itzkowitz Shifrinson,20,0,0,2026-09-13 01:39:09
2026-09-13 01:27:26,GFPL100,0105,Joshua Itzkowitz Shifrinson,20,2,0,2026-09-13 01:39:09
2026-09-13 01:27:26,GFPL100,0106,Joshua Itzkowitz Shifrinson,25,2,0,2026-09-13 01:39:09
2026-09-13 01:27:26,GFPL100,FC01,Devin Entrikin,30,0,0,2026-09-13 01:39:09
2026-09-13 01:27:26,GFPL102,0101,Caroline Ritter,95,32,0,2026-09-13 01:39:09
2026-09-13 01:27:26,GFPL371,0101,Joshua Itzkowitz Shifrinson,35,0,0,2026-09-13 01:39:10
2026-09-13 01:27:26,GFPL388A,0101,Shannon Carcelli,5,5,0,2026-09-13 01:39:10
2026-09-13 01:27:26,GFPL388B,0101,Hyunki Kim,5,5,0,2026-09-13 01:39:11
2026-09-13 01:27:26,GFPL388C,0101,Scott Kastner,5,0,0,2026-09-13 01:39:11
2026-09-13 01:27:26,GFPL390,0101,Lena Andrews,20,0,0,2026-09-13 01:39:11
2026-09-13 01:27:26,GFPL490,0101,Michael Woldemariam,15,2,0,2026-09-13 01:39:12
2026-09-13 01:27:26,GFPL492,0101,Steve Fetter,20,1,0,2026-09-13 01:39:12
2026-09-13 01:27:26,GLBC200,0101,Chris Lewis,30,4,0,2026-09-13 01:39:14
2026-09-13 01:27:26,GLBC350,0101,Michele Mason,30,27,0,2026-09-13 01:39:14
2026-09-13 01:27:26,HACS100,0101,Cassie Harrington,40,1,0,2026-09-13 01:39:32
2026-09-13 01:27:26,HACS100,0201,Cassie Harrington,40,15,0,2026-09-13 01:39:32
2026-09-13 01:27:26,HACS200,0101,Michel Cukier,34,10,0,2026-09-13 01:39:32
2026-09-13 01:27:26,HACS200,0201,Michel Cukier,34,1,0,2026-09-13 01:39:32
2026-09-13 01:27:26,HACS202,0101,Bertrand Sobesto,52,19,0,2026-09-13 01:39:33
2026-09-13 01:27:26,HACS208A,0101,Lawrence Gordon,20,0,2,2026-09-13 01:39:34
2026-09-13 01:27:26,HACS208C,0101,Lamia Zia,26,9,0,2026-09-13 01:39:34
2026-09-13 01:27:26,HACS208P,0101,Charles Harry,26,0,0,2026-09-13 01:39:34
2026-09-13 01:27:26,HACS297,0101,Sarah Herberger,25,5,0,2026-09-13 01:39:36
2026-09-13 01:27:26,HACS408E,0101,Luke Mains,30,11,0,2026-09-13 01:39:36
2026-09-13 01:27:26,HACS408L,0101,Ian Serbin,30,2,0,2026-09-13 01:39:37
2026-09-13 01:27:26,HACS408M,0101,John McGahagan,30,0,0,2026-09-13 01:39:37
2026-09-13 01:27:26,HACS498,0101,Thomas Woods,7,1,0,2026-09-13 01:39:38
2026-09-13 01:27:26,HACS498,0201,David Trott,9,0,0,2026-09-13 01:39:38
2026-09-13 01:27:26,HACS498,0301,Michel Cukier,8,0,0,2026-09-13 01:39:38
2026-09-13 01:27:26,HBUS100,0101,Jui Ramaprasad,72,4,0,2026-09-13 01:39:40
2026-09-13 01:27:26,HBUS200,0101,Nicole Coomber,60,1,0,2026-09-13 01:39:40
2026-09-13 01:27:26,HDCC105,0101,Antwon Key,70,7,0,2026-09-13 01:39:42
2026-09-13 01:27:26,HDCC201,0101,Jessica Lu,22,0,0,2026-09-13 01:39:42
2026-09-13 01:27:26,HDCC201,0201,Jessica Lu,22,0,0,2026-09-13 01:39:42
2026-09-13 01:27:26,HDCC201,0301,Jessica Lu,22,3,0,2026-09-13 01:39:42
2026-09-13 01:27:26,HDCC208A,0101,William Evans,14,0,0,2026-09-13 01:39:43
2026-09-13 01:27:26,HDCC208J,0101,Grant Bollmer,14,0,0,2026-09-13 01:39:43
2026-09-13 01:27:26,HDCC208P,0101,Cliff Bakalian,14,1,0,2026-09-13 01:39:43
2026-09-13 01:27:26,HDCC208T,0101,Jonathan Reyes,14,0,0,2026-09-13 01:39:44
2026-09-13 01:27:26,HDCC208Z,0101,M Sauter,14,7,0,2026-09-13 01:39:44
2026-09-13 01:27:26,HEBR106,0101,Avital Karpman,15,1,0,2026-09-13 01:39:46
2026-09-13 01:27:26,HEBR106,0201,Avital Karpman,15,5,0,2026-09-13 01:39:46
2026-09-13 01:27:26,HEBR206,0101,Avital Karpman,15,4,0,2026-09-13 01:39:47
2026-09-13 01:27:26,HEBR249C,0101,Aliza Sandalon,15,0,1,2026-09-13 01:39:47
2026-09-13 01:27:26,HEBR298B,0101,Matthew Suriano,25,0,0,2026-09-13 01:39:48
2026-09-13 01:27:26,HEBR313,0101,Aliza Sandalon,20,0,2,2026-09-13 01:39:48
2026-09-13 01:27:26,HGLO100,0101,Alfredo Oliveira,22,7,0,2026-09-13 01:40:14
2026-09-13 01:27:26,HGLO100,0102,Natalie Vinski Ibrahim,22,9,0,2026-09-13 01:40:14
2026-09-13 01:27:26,HGLO100,0103,Natalie Vinski Ibrahim,22,1,0,2026-09-13 01:40:14
2026-09-13 01:27:26,HGLO100,0104,Alfredo Oliveira,22,11,0,2026-09-13 01:40:14
2026-09-13 01:27:26,HGLO101,0101,Sarah Croco,23,3,0,2026-09-13 01:40:14
2026-09-13 01:27:26,HGLO101,0102,Sarah Croco,22,9,0,2026-09-13 01:40:14
2026-09-13 01:27:26,HGLO101,0103,Sarah Croco,22,5,0,2026-09-13 01:40:14
2026-09-13 01:27:26,HGLO101,0104,Sarah Croco,22,13,0,2026-09-13 01:40:14
2026-09-13 01:27:26,HGLO207,0101,Natalie Vinski Ibrahim,25,12,0,2026-09-13 01:40:14
2026-09-13 01:27:26,HGLO208,0101,Sarah Croco,45,25,0,2026-09-13 01:40:15
2026-09-13 01:27:26,HGLO298,0101,Jordan Gouws-Dewar,30,25,0,2026-09-13 01:40:15
2026-09-13 01:27:26,HLSC100,0101,Jalah Townsend,24,3,0,2026-09-13 01:41:01
2026-09-13 01:27:26,HLSC100,0102,Jalah Townsend,24,2,0,2026-09-13 01:41:01
2026-09-13 01:27:26,HLSC100,0103,Jalah Townsend,24,4,0,2026-09-13 01:41:01
2026-09-13 01:27:26,HLSC100,0104,Jalah Townsend,24,7,0,2026-09-13 01:41:01
2026-09-13 01:27:26,HLSC280,0101,Najib El-Sayed,25,3,0,2026-09-13 01:41:02
2026-09-13 01:27:26,HLSC280,0102,Najib El-Sayed,25,4,0,2026-09-13 01:41:02
2026-09-13 01:27:26,HLSC280,0103,Najib El-Sayed,25,4,0,2026-09-13 01:41:02
2026-09-13 01:27:26,HLSC280,0104,Najib El-Sayed,25,9,0,2026-09-13 01:41:02
2026-09-13 01:27:26,HLSC329,0101,Sabrina Kramer,12,4,0,2026-09-13 01:41:02
2026-09-13 01:27:26,HNUH100,0101,Robert Graham,20,3,0,2026-09-13 01:41:21
2026-09-13 01:27:26,HNUH100,0102,Robert Graham,20,0,0,2026-09-13 01:41:21
2026-09-13 01:27:26,HNUH100,0103,Brittany Proudfoot Ginder,20,1,0,2026-09-13 01:41:21
2026-09-13 01:27:26,HNUH100,0104,Max Barnewitz,20,1,0,2026-09-13 01:41:21
2026-09-13 01:27:26,HNUH100,0105,Vasfiye Toprak,20,0,0,2026-09-13 01:41:21
2026-09-13 01:27:26,HNUH100,0106,Vasfiye Toprak,20,2,0,2026-09-13 01:41:21
2026-09-13 01:27:26,HNUH100,0201,Max Barnewitz,20,1,0,2026-09-13 01:41:21
2026-09-13 01:27:26,HNUH100,0202,Max Barnewitz,20,0,0,2026-09-13 01:41:21
2026-09-13 01:27:26,HNUH100,0203,Vasfiye Toprak,20,2,0,2026-09-13 01:41:21
2026-09-13 01:27:26,HNUH100,0204,Vasfiye Toprak,20,0,0,2026-09-13 01:41:21
2026-09-13 01:27:26,HNUH100,0205,Ayondela McDole,20,4,0,2026-09-13 01:41:21
2026-09-13 01:27:26,HNUH100,0206,Ayondela McDole,20,0,0,2026-09-13 01:41:21
2026-09-13 01:27:26,HNUH100,0301,Robert Graham,20,0,0,2026-09-13 01:41:21
2026-09-13 01:27:26,HNUH100,0302,Shauna Rigaud,20,8,0,2026-09-13 01:41:21
2026-09-13 01:27:26,HNUH100,0303,Shauna Rigaud,20,0,0,2026-09-13 01:41:21
2026-09-13 01:27:26,HNUH100,0304,Max Barnewitz,20,3,0,2026-09-13 01:41:21
2026-09-13 01:27:26,HNUH100,0305,Vasfiye Toprak,20,0,0,2026-09-13 01:41:21
2026-09-13 01:27:26,HNUH100,0306,Vasfiye Toprak,20,1,0,2026-09-13 01:41:21
2026-09-13 01:27:26,HNUH100,0401,Gretchen Bella,20,0,0,2026-09-13 01:41:21
2026-09-13 01:27:26,HNUH100,0402,Gretchen Bella,20,6,0,2026-09-13 01:41:21
2026-09-13 01:27:26,HNUH100,0403,Max Barnewitz,20,1,0,2026-09-13 01:41:21
2026-09-13 01:27:26,HNUH100,0404,Ayondela McDole,20,6,0,2026-09-13 01:41:21
2026-09-13 01:27:26,HNUH100,0405,Ayondela McDole,20,0,0,2026-09-13 01:41:21
2026-09-13 01:27:26,HNUH100,0406,Ayondela McDole,20,4,0,2026-09-13 01:41:21
2026-09-13 01:27:26,HNUH100,0501,Leigha McReynolds,10,4,0,2026-09-13 01:41:21
2026-09-13 01:27:26,HNUH100,0601,Brittany Proudfoot Ginder,20,0,0,2026-09-13 01:41:21
2026-09-13 01:27:26,HNUH218D,0101,Brian Gilmore,48,0,2,2026-09-13 01:41:22
2026-09-13 01:27:26,HNUH218L,0101,Shauna Rigaud,20,0,0,2026-09-13 01:41:22
2026-09-13 01:27:26,HNUH218L,0201,Shauna Rigaud,20,0,0,2026-09-13 01:41:22
2026-09-13 01:27:26,HNUH228D,0101,Matthew McLaughlin,60,2,0,2026-09-13 01:41:23
2026-09-13 01:27:26,HNUH228L,0101,Alena Wigodner,20,0,0,2026-09-13 01:41:23
2026-09-13 01:27:26,HNUH228L,0201,Alena Wigodner,20,0,0,2026-09-13 01:41:23
2026-09-13 01:27:26,HNUH228N,0101,Peter Grybauskas,20,0,0,2026-09-13 01:41:23
2026-09-13 01:27:26,HNUH229I,0101,Gretchen Bella,23,3,0,2026-09-13 01:41:24
2026-09-13 01:27:26,HNUH238D,0101,Susan Moeller,60,3,0,2026-09-13 01:41:24
2026-09-13 01:27:26,HNUH238L,0101,Kimberly Johnson,20,2,0,2026-09-13 01:41:25
2026-09-13 01:27:26,HNUH238L,0201,Kimberly Johnson,20,0,0,2026-09-13 01:41:25
2026-09-13 01:27:26,HNUH238N,0101,Hannah Wegmann,20,6,0,2026-09-13 01:41:25
2026-09-13 01:27:26,HNUH239T,0101,Gerald Suarez,20,0,0,2026-09-13 01:41:25
2026-09-13 01:27:26,HNUH248D,0101,Juan Uriagereka,45,3,0,2026-09-13 01:41:26
2026-09-13 01:27:26,HNUH248L,0201,Robert Graham,20,5,0,2026-09-13 01:41:26
2026-09-13 01:27:26,HNUH248M,0101,Hassanatu Blake,20,13,0,2026-09-13 01:41:27
2026-09-13 01:27:26,HNUH248N,0101,Siv Lie,20,0,1,2026-09-13 01:41:27
2026-09-13 01:27:26,HNUH249P,0101,Temim Nusraty,20,2,0,2026-09-13 01:41:27
2026-09-13 01:27:26,HNUH258C,0101,Bill Fagan,55,26,0,2026-09-13 01:41:28
2026-09-13 01:27:26,HNUH258Q,0101,Tiara Thomas,20,1,0,2026-09-13 01:41:28
2026-09-13 01:27:26,HNUH259P,0101,Hooman Koliji,20,2,0,2026-09-13 01:41:29
2026-09-13 01:27:26,HNUH268C,0101,Perla Guerrero,60,35,0,2026-09-13 01:41:29
2026-09-13 01:27:26,HNUH269P,0101,Marisa Franco,20,0,1,2026-09-13 01:41:30
2026-09-13 01:27:26,HNUH278C,0101,Chinyere Osuji,60,37,0,2026-09-13 01:41:30
2026-09-13 01:27:26,HNUH278I,0101,Marisa Franco,20,5,0,2026-09-13 01:41:33
2026-09-13 01:27:26,HNUH278I,0102,Marisa Franco,20,1,0,2026-09-13 01:41:33
2026-09-13 01:27:26,HNUH278R,0101,Max Barnewitz,20,4,0,2026-09-13 01:41:33
2026-09-13 01:27:26,HNUH288C,0101,Julia Steinberg,30,3,0,2026-09-13 01:41:33
2026-09-13 01:27:26,HNUH288C,0103,Julia Steinberg,30,9,0,2026-09-13 01:41:33
2026-09-13 01:27:26,HNUH288O,0101,Ariana Nash,20,1,0,2026-09-13 01:41:34
2026-09-13 01:27:26,HNUH300,0301,Vasfiye Toprak,20,0,0,2026-09-13 01:41:34
2026-09-13 01:27:26,HNUH300,0401,Robert Graham,20,0,0,2026-09-13 01:41:34
2026-09-13 01:27:26,HNUH300,0601,Alena Wigodner,20,0,0,2026-09-13 01:41:34
2026-09-13 01:27:26,HNUH300,0701,Ingrid Satelmajer,20,14,0,2026-09-13 01:41:34
2026-09-13 01:27:26,HNUH300,0801,Shauna Rigaud,20,0,0,2026-09-13 01:41:34
2026-09-13 01:27:26,HNUH300,0901,Kimberly Johnson,20,4,0,2026-09-13 01:41:34
2026-09-13 01:27:26,HNUH300,1001,Ingrid Satelmajer,20,13,0,2026-09-13 01:41:34
2026-09-13 01:27:26,HNUH318T,0101,Peter Owen,24,1,0,2026-09-13 01:41:35
2026-09-13 01:27:26,HNUH319T,0101,Emily Shetty,22,0,0,2026-09-13 01:41:35
2026-09-13 01:27:26,HNUH328T,0101,Woodie Kessel,24,2,0,2026-09-13 01:41:36
2026-09-13 01:27:26,HNUH329T,0101,Rob Long,20,1,0,2026-09-13 01:41:36
2026-09-13 01:27:26,HNUH338T,0101,Andrew Fausett,22,2,0,2026-09-13 01:41:37
2026-09-13 01:27:26,HNUH348T,0101,Ed Fendley,22,1,0,2026-09-13 01:41:37
2026-09-13 01:27:26,HNUH358T,0101,Sean Misko,22,1,0,2026-09-13 01:41:37
2026-09-13 01:27:26,HNUH359T,0101,Amanda Schoch,20,0,0,2026-09-13 01:41:38
2026-09-13 01:27:26,HNUH368T,0101,Nadia Farra,21,0,0,2026-09-13 01:41:38
2026-09-13 01:27:26,HNUH369T,0101,Andrew Nissen,20,2,0,2026-09-13 01:41:39
2026-09-13 01:27:26,HNUH378T,0101,Joshua Glasser,20,0,0,2026-09-13 01:41:39
2026-09-13 01:27:26,HNUH398P,0101,Jayakumar Arasan,25,21,0,2026-09-13 01:41:39
2026-09-13 01:27:26,HNUH398P,0201,Jayakumar Arasan,5,2,0,2026-09-13 01:41:39
2026-09-13 01:27:26,HNUH398T,0101,Sasha Koo-Oshima,20,3,0,2026-09-13 01:41:40
2026-09-13 01:27:26,HONR368A,0101,Blake Wilder,22,0,0,2026-09-13 01:41:42
2026-09-13 01:27:26,IMDM101,0101,Mollye Bendell,30,16,0,2026-09-13 01:41:53
2026-09-13 01:27:26,IMDM101,0201,Myungin Lee,30,17,0,2026-09-13 01:41:53
2026-09-13 01:27:26,IMDM101,0301,Myungin Lee,30,23,0,2026-09-13 01:41:53
2026-09-13 01:27:26,IMDM127,0101,Roger Eastman,36,20,0,2026-09-13 01:41:53
2026-09-13 01:27:26,IMDM150,0101,Stefano Passeri,30,15,0,2026-09-13 01:41:54
2026-09-13 01:27:26,IMDM227,0101,Stevens Miller,30,2,0,2026-09-13 01:41:54
2026-09-13 01:27:26,IMDM227,0201,Stevens Miller,30,17,0,2026-09-13 01:41:54
2026-09-13 01:27:26,IMDM327,0101,Myungin Lee,25,0,0,2026-09-13 01:41:54
2026-09-13 01:27:26,IMDM350,0101,Jason Farman,29,12,0,2026-09-13 01:41:55
2026-09-13 01:27:26,IMDM490,0101,Matthew Nolan,30,0,0,2026-09-13 01:41:56
2026-09-13 01:27:26,IMDM490,0201,Matthew Nolan,30,16,0,2026-09-13 01:41:56
2026-09-13 01:27:26,IMDM498K,0101,Matthew Nolan,15,1,0,2026-09-13 01:41:56
2026-09-13 01:27:26,IMMR319D,0101,Beka Guluma,20,13,0,2026-09-13 01:42:05
2026-09-13 01:27:26,IMMR394,0101,Wenxi Yang,30,2,0,2026-09-13 01:42:05
2026-09-13 01:27:26,IMMR399,0101,Instructor: TBA,2,2,0,2026-09-13 01:42:06
2026-09-13 01:27:26,IMMR400,0101,Gerson Rosales,20,3,0,2026-09-13 01:42:06
2026-09-13 01:27:26,ISRL249J,0101,Aner Tal,30,24,0,2026-09-13 01:42:23
2026-09-13 01:27:26,ISRL249M,0101,Aliza Sandalon,15,0,1,2026-09-13 01:42:23
2026-09-13 01:27:26,ISRL283,0101,Shay Hazkani,35,6,0,2026-09-13 01:42:24
2026-09-13 01:27:26,ISRL349G,0101,Marwa Maziad,30,1,0,2026-09-13 01:42:24
2026-09-13 01:27:26,ISRL349K,0101,Regev Ben-David,30,24,0,2026-09-13 01:42:25
2026-09-13 01:27:26,ISRL349T,0101,Elli Lieberman,35,22,0,2026-09-13 01:42:25
2026-09-13 01:27:26,ISRL349Y,0101,Adina Friedman,35,27,0,2026-09-13 01:42:25
2026-09-13 01:27:26,ISRL382,0101,Ilai Saltzman,35,1,0,2026-09-13 01:42:26
2026-09-13 01:27:26,ISRL448R,0101,Morad Elsana,25,10,0,2026-09-13 01:42:26
2026-09-13 01:27:26,ITAL103,0101,Antonella D'Amario,18,14,0,2026-09-13 01:42:28
2026-09-13 01:27:26,ITAL103,0201,Antonella D'Amario,18,6,0,2026-09-13 01:42:28
2026-09-13 01:27:26,ITAL103,0301,Joseph Falvo,18,6,0,2026-09-13 01:42:28
2026-09-13 01:27:26,ITAL203,0101,Antonella D'Amario,18,9,0,2026-09-13 01:42:28
2026-09-13 01:27:26,ITAL203,0201,Antonella D'Amario,18,13,0,2026-09-13 01:42:28
2026-09-13 01:27:26,ITAL204,0101,Federica Soddu,18,14,0,2026-09-13 01:42:29
2026-09-13 01:27:26,ITAL207,0101,Mirella Vaglio,18,17,0,2026-09-13 01:42:29
2026-09-13 01:27:26,ITAL301,0101,Federica Soddu,20,11,0,2026-09-13 01:42:30
2026-09-13 01:27:26,ITAL362,0101,Federica Soddu,20,12,0,2026-09-13 01:42:30
2026-09-13 01:27:26,ITAL401,0101,Mirella Vaglio,15,12,0,2026-09-13 01:42:31
2026-09-13 01:27:26,ITAL421,0101,Joseph Falvo,25,14,0,2026-09-13 01:42:32
2026-09-13 01:27:26,ITAL478R,0101,Joseph Falvo,5,3,0,2026-09-13 01:42:32
2026-09-13 01:27:26,JAPN101,0101,Kumiko Akikawa,15,4,0,2026-09-13 01:42:34
2026-09-13 01:27:26,JAPN101,0201,Kumiko Akikawa,15,6,0,2026-09-13 01:42:34
2026-09-13 01:27:26,JAPN101,0301,Kumiko Akikawa,15,5,0,2026-09-13 01:42:34
2026-09-13 01:27:26,JAPN201,0101,Makiko Inoue,15,5,0,2026-09-13 01:42:35
2026-09-13 01:27:26,JAPN201,0201,Makiko Inoue,15,8,0,2026-09-13 01:42:35
2026-09-13 01:27:26,JAPN301,0101,Mari Hamada,15,9,0,2026-09-13 01:42:35
2026-09-13 01:27:26,JAPN311,0101,Jyana Browne,15,11,0,2026-09-13 01:42:36
2026-09-13 01:27:26,JAPN315,0101,Michele Mason,20,6,0,2026-09-13 01:42:36
2026-09-13 01:27:26,JAPN320,0101,Lindsay Yotsukura,15,8,0,2026-09-13 01:42:37
2026-09-13 01:27:26,JAPN498B,0101,Jyana Browne,20,3,0,2026-09-13 01:42:37
2026-09-13 01:27:26,KORA101,0101,Saerom Kwak,15,0,1,2026-09-13 01:43:39
2026-09-13 01:27:26,KORA101,0201,Saerom Kwak,15,1,0,2026-09-13 01:43:39
2026-09-13 01:27:26,KORA101,0301,Saerom Kwak,15,5,0,2026-09-13 01:43:39
2026-09-13 01:27:26,KORA101,0401,Saerom Kwak,15,5,0,2026-09-13 01:43:39
2026-09-13 01:27:26,KORA201,0101,Seong Minne Koh,15,4,0,2026-09-13 01:43:40
2026-09-13 01:27:26,KORA201,0201,Seong Minne Koh,15,5,0,2026-09-13 01:43:40
2026-09-13 01:27:26,KORA201,0301,Seong Minne Koh,15,8,0,2026-09-13 01:43:40
2026-09-13 01:27:26,KORA398G,0101,Instructor: TBA,10,7,0,2026-09-13 01:43:40
2026-09-13 01:27:26,KORA398W,0101,Seong Minne Koh,10,3,0,2026-09-13 01:43:41
2026-09-13 01:27:26,LEAD217,0101,Festus Ainoo,25,0,0,2026-09-13 01:44:06
2026-09-13 01:27:26,LEAD217,0201,Adrian Bitton,25,0,0,2026-09-13 01:44:06
2026-09-13 01:27:26,LEAD217,FC01,Festus Ainoo,22,0,1,2026-09-13 01:44:06
2026-09-13 01:27:26,LEAD305,0101,Anastasia Lavrenyuk,20,4,0,2026-09-13 01:44:07
2026-09-13 01:27:26,LEAD315,0101,Anastasia Lavrenyuk,25,11,0,2026-09-13 01:44:07
2026-09-13 01:27:26,LEAD320,0101,Courtney Holder,10,8,0,2026-09-13 01:44:07
2026-09-13 01:27:26,LGBT200,0201,Basanth Babu,25,0,3,2026-09-13 01:44:09
2026-09-13 01:27:26,LGBT265,0101,Tyra Griffin,30,0,0,2026-09-13 01:44:10
2026-09-13 01:27:26,LGBT265,0201,Declan Langton,30,2,0,2026-09-13 01:44:10
2026-09-13 01:27:26,LGBT359J,0101,Chris Eng,25,14,0,2026-09-13 01:44:10
2026-09-13 01:27:26,MLAW100,0101,Christine White,83,15,0,2026-09-13 01:44:59
2026-09-13 01:27:26,MLAW304,0201,Christine White,65,16,0,2026-09-13 01:44:59
2026-09-13 01:27:26,MLAW305,0101,Brian Gilmore,40,2,0,2026-09-13 01:44:59
2026-09-13 01:27:26,MLAW315,0101,Grace Benton,13,3,0,2026-09-13 01:45:00
2026-09-13 01:27:26,MLAW358Q,0101,David Cunningham,0,0,0,2026-09-13 01:45:00
2026-09-13 01:27:26,MLAW358T,0101,Christine White,25,6,0,2026-09-13 01:45:01
2026-09-13 01:27:26,MLAW358X,0101,Martin Kobren,5,0,0,2026-09-13 01:45:01
2026-09-13 01:27:26,MLAW359,0101,Brandee Pettus,10,4,0,2026-09-13 01:45:02
2026-09-13 01:27:26,MLAW378E,0101,Brandee Pettus,5,5,0,2026-09-13 01:45:02
2026-09-13 01:27:26,MLAW378K,0101,Brian Gilmore,20,1,0,2026-09-13 01:45:03
2026-09-13 01:27:26,MLAW378Q,0101,Paul Huth,2,0,0,2026-09-13 01:45:03
2026-09-13 01:27:26,MLAW378R,0101,Nancy Schertzing,13,2,0,2026-09-13 01:45:03
2026-09-13 01:27:26,MLAW388,0101,Brandee Pettus,40,20,0,2026-09-13 01:45:04
2026-09-13 01:27:26,MLSC250,FC01,William Simpson,24,5,0,2026-09-13 01:45:06
2026-09-13 01:27:26,NEUR200,0101,Ana Navarro Cebrian,80,4,0,2026-09-13 01:45:31
2026-09-13 01:27:26,NEUR200,0201,Ana Navarro Cebrian,80,0,2,2026-09-13 01:45:31
2026-09-13 01:27:26,NEUR200,0301,Evan Hart,80,0,1,2026-09-13 01:45:31
2026-09-13 01:27:26,NEUR305,0101,Amanda Chicoli,100,10,0,2026-09-13 01:45:31
2026-09-13 01:27:26,NEUR306,0101,Chan Lin,200,7,0,2026-09-13 01:45:32
2026-09-13 01:27:26,NEUR398H,0101,Nikolas Francis,20,1,0,2026-09-13 01:45:34
2026-09-13 01:27:26,NEUR405,0101,Hilary Bierman,20,1,0,2026-09-13 01:45:34
2026-09-13 01:27:26,NEUR405,0102,Hilary Bierman,20,0,0,2026-09-13 01:45:34
2026-09-13 01:27:26,NEUR405,0103,Hilary Bierman,20,0,0,2026-09-13 01:45:34
2026-09-13 01:27:26,PEER312,0101,Aleia Gardner,15,8,0,2026-09-13 01:45:52
2026-09-13 01:27:26,PEER318,0101,Christina Jay,15,11,0,2026-09-13 01:45:53
2026-09-13 01:27:26,PEER319,0101,Grace Boudreau,15,7,0,2026-09-13 01:45:53
2026-09-13 01:27:26,PHPE308D,0101,Xinzhi Zhao,30,8,0,2026-09-13 01:46:13
2026-09-13 01:27:26,PHPE308F,0101,Regev Ben-David,30,24,0,2026-09-13 01:46:13
2026-09-13 01:27:26,PHPE308O,0101,Jackson Iszler,30,0,0,2026-09-13 01:46:14
2026-09-13 01:27:26,PHPE308T,0101,Hallie Liberto,30,17,0,2026-09-13 01:46:14
2026-09-13 01:27:26,PHPE308Y,0101,Rachel Singpurwalla,20,0,1,2026-09-13 01:46:15
2026-09-13 01:27:26,PHPE308Y,0102,Rachel Singpurwalla,20,0,2,2026-09-13 01:46:15
2026-09-13 01:27:26,PHPE308Y,0103,Rachel Singpurwalla,20,0,3,2026-09-13 01:46:15
2026-09-13 01:27:26,PHPE400,0101,Justin Helms,18,0,0,2026-09-13 01:46:16
2026-09-13 01:27:26,PHPE400,0102,Justin Helms,18,0,0,2026-09-13 01:46:16
2026-09-13 01:27:26,PHPE400,0103,Justin Helms,20,1,0,2026-09-13 01:46:16
2026-09-13 01:27:26,PHPE401,0101,Xinzhi Zhao,25,0,3,2026-09-13 01:46:16
2026-09-13 01:27:26,PHPE402,0101,Dan Moller,30,2,0,2026-09-13 01:46:16
2026-09-13 01:27:26,PHPE408J,0101,Lixing Miao,25,1,0,2026-09-13 01:46:17
2026-09-13 01:27:26,PHPE408R,0101,Xinzhi Zhao,25,9,0,2026-09-13 01:46:17
2026-09-13 01:27:26,PHSC388J,0101,Kendall Bustad,20,6,0,2026-09-13 01:46:19
2026-09-13 01:27:26,PHSC399,0101,Shannon Edward,30,8,0,2026-09-13 01:46:20
2026-09-13 01:27:26,PHSC415,0101,Jessica O'Hara,31,0,1,2026-09-13 01:46:20
2026-09-13 01:27:26,PHSC415,0102,Jessica O'Hara,31,0,1,2026-09-13 01:46:20
2026-09-13 01:27:26,PHSC415,0103,Jessica O'Hara,31,0,1,2026-09-13 01:46:20
2026-09-13 01:27:26,PHSC415,0104,Jessica O'Hara,31,2,0,2026-09-13 01:46:20
2026-09-13 01:27:26,PHSC415,0105,Jessica O'Hara,31,2,0,2026-09-13 01:46:20
2026-09-13 01:27:26,PHSC420,0101,Jennifer German,35,4,0,2026-09-13 01:46:21
2026-09-13 01:27:26,PHSC450,0101,Kendall Bustad,20,0,0,2026-09-13 01:46:21
2026-09-13 01:27:26,PHSC450,0102,Kendall Bustad,20,0,0,2026-09-13 01:46:21
2026-09-13 01:27:26,PHSC450,0103,Kendall Bustad,20,0,0,2026-09-13 01:46:21
2026-09-13 01:27:26,PHSC450,0104,Kendall Bustad,20,1,0,2026-09-13 01:46:21
2026-09-13 01:27:26,PHSC450,0105,Kendall Bustad,20,0,0,2026-09-13 01:46:21
2026-09-13 01:27:26,PHSC450,0106,Kendall Bustad,20,0,0,2026-09-13 01:46:21
2026-09-13 01:27:26,PHSC450,0107,Kendall Bustad,20,1,0,2026-09-13 01:46:21
2026-09-13 01:27:26,PHSC450,0108,Kendall Bustad,20,0,0,2026-09-13 01:46:21
2026-09-13 01:27:26,PHSC497,0101,Kendall Bustad,20,2,0,2026-09-13 01:46:22
2026-09-13 01:27:26,PHSC497,0301,Shannon Edward,20,3,0,2026-09-13 01:46:22
2026-09-13 01:27:26,PHSC497,0601,Jennifer German,20,3,0,2026-09-13 01:46:22
2026-09-13 01:27:26,PLCY100,0101,Toby Egan,25,0,1,2026-09-13 01:46:50
2026-09-13 01:27:26,PLCY100,0102,Toby Egan,25,0,0,2026-09-13 01:46:50
2026-09-13 01:27:26,PLCY100,0103,Toby Egan,25,0,0,2026-09-13 01:46:50
2026-09-13 01:27:26,PLCY100,0104,Toby Egan,25,1,0,2026-09-13 01:46:50
2026-09-13 01:27:26,PLCY100,0201,Namrta Sharma,25,12,0,2026-09-13 01:46:50
2026-09-13 01:27:26,PLCY100,0202,Namrta Sharma,25,15,0,2026-09-13 01:46:50
2026-09-13 01:27:26,PLCY100,0203,Namrta Sharma,25,1,0,2026-09-13 01:46:50
2026-09-13 01:27:26,PLCY100,0204,Namrta Sharma,25,10,0,2026-09-13 01:46:50
2026-09-13 01:27:26,PLCY101,0101,Robert Sprinkle,75,0,0,2026-09-13 01:46:51
2026-09-13 01:27:26,PLCY170,0101,Joshua Itzkowitz Shifrinson,20,1,0,2026-09-13 01:46:51
2026-09-13 01:27:26,PLCY170,0102,Joshua Itzkowitz Shifrinson,20,1,0,2026-09-13 01:46:51
2026-09-13 01:27:26,PLCY170,0103,Joshua Itzkowitz Shifrinson,20,1,0,2026-09-13 01:46:51
2026-09-13 01:27:26,PLCY170,0104,Joshua Itzkowitz Shifrinson,20,0,0,2026-09-13 01:46:51
2026-09-13 01:27:26,PLCY170,0105,Joshua Itzkowitz Shifrinson,20,2,0,2026-09-13 01:46:51
2026-09-13 01:27:26,PLCY170,0106,Joshua Itzkowitz Shifrinson,25,2,0,2026-09-13 01:46:51
2026-09-13 01:27:26,PLCY172,0101,Caroline Ritter,95,32,0,2026-09-13 01:46:52
2026-09-13 01:27:26,PLCY200,0101,Shanna Pearson-Merkowitz,35,0,0,2026-09-13 01:46:52
2026-09-13 01:27:26,PLCY200,0201,Shanna Pearson-Merkowitz,35,1,0,2026-09-13 01:46:52
2026-09-13 01:27:26,PLCY200,0301,Namrta Sharma,35,0,1,2026-09-13 01:46:52
2026-09-13 01:27:26,PLCY201,0101,Julio Guzman,70,0,0,2026-09-13 01:46:52
2026-09-13 01:27:26,PLCY201,0201,Gregory Ramsay,60,0,0,2026-09-13 01:46:52
2026-09-13 01:27:26,PLCY201,FC01,Anne Kaiser,32,0,0,2026-09-13 01:46:52
2026-09-13 01:27:26,PLCY201,FC02,Anne Kaiser,32,6,0,2026-09-13 01:46:52
2026-09-13 01:27:26,PLCY201S,0101,Susannah Washburn,80,4,0,2026-09-13 01:46:53
2026-09-13 01:27:26,PLCY203,0101,Thomas Hilde,60,9,0,2026-09-13 01:46:53
2026-09-13 01:27:26,PLCY203,0201,Anne Kaiser,60,38,0,2026-09-13 01:46:53
2026-09-13 01:27:26,PLCY213,0201,Claire Dunning,40,3,0,2026-09-13 01:46:54
2026-09-13 01:27:26,PLCY214,0101,Patricia Bory,65,20,0,2026-09-13 01:46:54
2026-09-13 01:27:26,PLCY240,0101,Timothy Reedy,30,0,0,2026-09-13 01:46:55
2026-09-13 01:27:26,PLCY288K,0101,CHRISTIAN OSTERMANN,25,1,0,2026-09-13 01:46:55
2026-09-13 01:27:26,PLCY300,0101,Alana Hackshaw,45,0,1,2026-09-13 01:46:55
2026-09-13 01:27:26,PLCY300,0201,Namrta Sharma,45,28,0,2026-09-13 01:46:55
2026-09-13 01:27:26,PLCY301,0101,Caroline Boules,165,2,0,2026-09-13 01:46:56
2026-09-13 01:27:26,PLCY302,0101,Niambi Carter,40,2,0,2026-09-13 01:46:56
2026-09-13 01:27:26,PLCY302,0201,Ebonie Johnson Cooper,40,0,0,2026-09-13 01:46:56
2026-09-13 01:27:26,PLCY302,0301,Lindsay Dieudonne,40,0,1,2026-09-13 01:46:56
2026-09-13 01:27:26,PLCY303,0101,Juan Martinez Guzman,40,3,0,2026-09-13 01:46:57
2026-09-13 01:27:26,PLCY304,0101,Michael Busse,40,11,0,2026-09-13 01:46:57
2026-09-13 01:27:26,PLCY304,0201,Michael Busse,40,12,0,2026-09-13 01:46:57
2026-09-13 01:27:26,PLCY309,0101,Martin Sanders,30,16,0,2026-09-13 01:46:58
2026-09-13 01:27:26,PLCY310,0101,Selvon Waldron,35,16,0,2026-09-13 01:46:58
2026-09-13 01:27:26,PLCY313,0101,Gerard Evans,100,3,0,2026-09-13 01:46:58
2026-09-13 01:27:26,PLCY371,0101,Joshua Itzkowitz Shifrinson,35,0,0,2026-09-13 01:46:59
2026-09-13 01:27:26,PLCY380,0101,Isabel O'Malley,40,8,0,2026-09-13 01:46:59
2026-09-13 01:27:26,PLCY380,ESG1,Kisha McNeill,30,0,0,2026-09-13 01:46:59
2026-09-13 01:27:26,PLCY388A,0101,Brandi Onowu,40,8,0,2026-09-13 01:47:00
2026-09-13 01:27:26,PLCY388N,0101,Nina Harris,25,2,0,2026-09-13 01:47:00
2026-09-13 01:27:26,PLCY390,0101,Lena Andrews,20,0,0,2026-09-13 01:47:00
2026-09-13 01:27:26,PLCY399B,0101,Beatrice DeBelen,30,19,0,2026-09-13 01:47:01
2026-09-13 01:27:26,PLCY400,0101,Patricia Bory,25,1,0,2026-09-13 01:47:02
2026-09-13 01:27:26,PLCY401,0101,Anand Patwardhan,20,5,0,2026-09-13 01:47:03
2026-09-13 01:27:26,PLCY401,0201,Tracy Thompson,20,0,0,2026-09-13 01:47:03
2026-09-13 01:27:26,PLCY401,0301,David Mussington,20,9,0,2026-09-13 01:47:03
2026-09-13 01:27:26,PLCY490,0101,Michael Woldemariam,15,2,0,2026-09-13 01:47:03
2026-09-13 01:27:26,PLCY492,0101,Steve Fetter,20,1,0,2026-09-13 01:47:04
2026-09-13 01:27:26,PLCY610,0201,Alec Worsnop,40,9,0,2026-09-13 01:47:04
2026-09-13 01:27:26,PLCY630,0101,Catherine Worsnop,25,2,0,2026-09-13 01:47:05
2026-09-13 01:27:26,PLCY630,0201,Catherine Worsnop,25,3,0,2026-09-13 01:47:05
2026-09-13 01:27:26,PLCY631,0101,Cullen Merritt,25,0,0,2026-09-13 01:47:05
2026-09-13 01:27:26,PLCY640,0201,Thomas Spreen,30,5,0,2026-09-13 01:47:05
2026-09-13 01:27:26,PLCY641,0101,Tyler Kustra,30,2,0,2026-09-13 01:47:06
2026-09-13 01:27:26,PLCY641,0201,Tyler Kustra,30,10,0,2026-09-13 01:47:06
2026-09-13 01:27:26,PLCY670,0101,Philip Joyce,30,0,0,2026-09-13 01:47:06
2026-09-13 01:27:26,PLCY680,0101,Claire Dunning,25,0,0,2026-09-13 01:47:07
2026-09-13 01:27:26,PLCY680,0201,Michael Woldemariam,25,5,0,2026-09-13 01:47:07
2026-09-13 01:27:26,PLCY688C,0101,Charles Harry,20,10,0,2026-09-13 01:47:07
2026-09-13 01:27:26,PLCY688F,PWL1,Nekeya O'Connor,20,0,0,2026-09-13 01:47:07
2026-09-13 01:27:26,PLCY688P,0101,Steve Fetter,10,1,0,2026-09-13 01:47:08
2026-09-13 01:27:26,PLCY688Z,0101,Brandi Onowu,20,5,0,2026-09-13 01:47:08
2026-09-13 01:27:26,PLCY689E,0101,Susan Parker,20,0,0,2026-09-13 01:47:09
2026-09-13 01:27:26,PLCY690,0110,David Mussington,15,3,0,2026-09-13 01:47:09
2026-09-13 01:27:26,PLCY690,0120,Margaret Brindle,15,2,0,2026-09-13 01:47:09
2026-09-13 01:27:26,PLCY690,0130,Douglas Call,15,0,0,2026-09-13 01:47:09
2026-09-13 01:27:26,PLCY690,0150,Paul Brown,15,1,0,2026-09-13 01:47:09
2026-09-13 01:27:26,PLCY690,0170,James Stillwell,15,0,0,2026-09-13 01:47:09
2026-09-13 01:27:26,PLCY698T,0101,Elizabeth Duke,20,7,0,2026-09-13 01:47:10
2026-09-13 01:27:26,PLCY699L,0101,Michael Woldemariam,10,1,0,2026-09-13 01:47:15
2026-09-13 01:27:26,PLCY720,0101,Nancy Gallagher,20,2,0,2026-09-13 01:47:16
2026-09-13 01:27:26,PLCY734,0101,Niambi Carter,20,0,0,2026-09-13 01:47:16
2026-09-13 01:27:26,PLCY735,0101,Robert Sprinkle,20,7,0,2026-09-13 01:47:16
2026-09-13 01:27:26,PLCY741,0101,Anand Patwardhan,20,7,0,2026-09-13 01:47:17
2026-09-13 01:27:26,PLCY742,0101,Thomas Hilde,20,8,0,2026-09-13 01:47:17
2026-09-13 01:27:26,PLCY780,0101,Robert Orr,20,0,0,2026-09-13 01:47:18
2026-09-13 01:27:26,PLCY781,0101,Julio Guzman,20,2,0,2026-09-13 01:47:18
2026-09-13 01:27:26,PLCY783,0101,Margaret Brindle,20,7,0,2026-09-13 01:47:18
2026-09-13 01:27:26,PLCY798F,PWL1,William Nolte,25,18,0,2026-09-13 01:47:20
2026-09-13 01:27:26,PLCY798V,0101,Shanna Pearson-Merkowitz,12,0,0,2026-09-13 01:47:21
2026-09-13 01:27:26,PLCY798W,0101,Martin Sanders,10,9,0,2026-09-13 01:47:21
2026-09-13 01:27:26,PLCY798Y,PWL1,Jeffrey Franco,25,0,0,2026-09-13 01:47:21
2026-09-13 01:27:26,PLCY798Z,0101,Peter Reuter,12,0,0,2026-09-13 01:47:22
2026-09-13 01:27:26,PLSC112,0101,Samuel Daramola,100,10,0,2026-09-13 01:47:25
2026-09-13 01:27:26,PLSC113,0101,Samuel Daramola,24,2,0,2026-09-13 01:47:25
2026-09-13 01:27:26,PLSC113,0102,Samuel Daramola,24,5,0,2026-09-13 01:47:25
2026-09-13 01:27:26,PLSC113,0103,Samuel Daramola,24,12,0,2026-09-13 01:47:25
2026-09-13 01:27:26,PLSC113,0104,Samuel Daramola,24,9,0,2026-09-13 01:47:25
2026-09-13 01:27:26,PLSC115,0101,Shirley Micallef,24,1,0,2026-09-13 01:47:26
2026-09-13 01:27:26,PLSC201,0101,Pierre Jacob,42,15,0,2026-09-13 01:47:26
2026-09-13 01:27:26,PLSC203,0101,Vijay Tiwari,23,17,0,2026-09-13 01:47:26
2026-09-13 01:27:26,PLSC205,0101,Mark Carroll,22,1,0,2026-09-13 01:47:27
2026-09-13 01:27:26,PLSC206,0101,Pierre Jacob,21,8,0,2026-09-13 01:47:27
2026-09-13 01:27:26,PLSC206,0102,Pierre Jacob,21,7,0,2026-09-13 01:47:27
2026-09-13 01:27:26,PLSC253,0101,Karen Petroff,24,1,0,2026-09-13 01:47:28
2026-09-13 01:27:26,PLSC253,0102,Karen Petroff,24,5,0,2026-09-13 01:47:28
2026-09-13 01:27:26,PLSC389,0101,Craig Beyrouty,17,17,0,2026-09-13 01:47:28
2026-09-13 01:27:26,PLSC402,0101,Geoffrey Rinehart,10,3,0,2026-09-13 01:47:29
2026-09-13 01:27:26,PLSC404,0101,Yiping Qi,20,11,0,2026-09-13 01:47:29
2026-09-13 01:27:26,PLSC420,0101,Nidhi Rawat,18,5,0,2026-09-13 01:47:30
2026-09-13 01:27:26,PLSC420,0102,Nidhi Rawat,18,12,0,2026-09-13 01:47:30
2026-09-13 01:27:26,PLSC433,0101,Diana Cochran,10,2,0,2026-09-13 01:47:30
2026-09-13 01:27:26,PLSC453,0101,Samuel Daramola,24,1,0,2026-09-13 01:47:31
2026-09-13 01:27:26,PLSC471,0101,Juanita Choo,20,0,0,2026-09-13 01:47:31
2026-09-13 01:27:26,PLSC476,0101,Maile Neel,23,19,0,2026-09-13 01:47:31
2026-09-13 01:27:26,PLSC608,0101,Shunyuan Xiao,20,13,0,2026-09-13 01:47:32
2026-09-13 01:27:26,PORT103,0101,Parker Brookie,15,6,0,2026-09-13 01:47:35
2026-09-13 01:27:26,PORT205,0101,Parker Brookie,15,4,0,2026-09-13 01:47:35
2026-09-13 01:27:26,PORT332,0101,Parker Brookie,25,0,0,2026-09-13 01:47:36
2026-09-13 01:27:26,RELS120,0101,Antoine Borrut,40,8,0,2026-09-13 01:48:25
2026-09-13 01:27:26,RELS170,0101,Chiara Graf,21,1,0,2026-09-13 01:48:26
2026-09-13 01:27:26,RELS170,0102,Chiara Graf,21,0,0,2026-09-13 01:48:26
2026-09-13 01:27:26,RELS170,0103,Chiara Graf,21,0,0,2026-09-13 01:48:26
2026-09-13 01:27:26,RELS170,0104,Chiara Graf,21,0,0,2026-09-13 01:48:26
2026-09-13 01:27:26,RELS170,0105,Chiara Graf,21,0,0,2026-09-13 01:48:26
2026-09-13 01:27:26,RELS170,0106,Chiara Graf,21,0,0,2026-09-13 01:48:26
2026-09-13 01:27:26,RELS170,0107,Chiara Graf,21,0,0,2026-09-13 01:48:26
2026-09-13 01:27:26,RELS170,0108,Chiara Graf,21,1,0,2026-09-13 01:48:26
2026-09-13 01:27:26,RELS170,0109,Chiara Graf,22,0,0,2026-09-13 01:48:26
2026-09-13 01:27:26,RELS171,0101,Maxine Grossman,40,8,0,2026-09-13 01:48:27
2026-09-13 01:27:26,RELS219K,0101,Shay Hazkani,40,33,0,2026-09-13 01:48:27
2026-09-13 01:27:26,RELS225,0101,Stephanie Cooper,25,3,0,2026-09-13 01:48:28
2026-09-13 01:27:26,RELS273,0101,Hayim Lapin,23,0,0,2026-09-13 01:48:28
2026-09-13 01:27:26,RELS273,0102,Hayim Lapin,23,3,0,2026-09-13 01:48:28
2026-09-13 01:27:26,RELS273,0103,Hayim Lapin,23,1,0,2026-09-13 01:48:28
2026-09-13 01:27:26,RELS274,0101,Matthew Suriano,20,1,0,2026-09-13 01:48:29
2026-09-13 01:27:26,RELS274,0102,Matthew Suriano,20,0,1,2026-09-13 01:48:29
2026-09-13 01:27:26,RELS274,0103,Matthew Suriano,20,0,0,2026-09-13 01:48:29
2026-09-13 01:27:26,RELS274,0104,Matthew Suriano,20,0,0,2026-09-13 01:48:29
2026-09-13 01:27:26,RELS319D,0101,Nathan Levine,35,26,0,2026-09-13 01:48:29
2026-09-13 01:27:26,RELS319Z,0101,Regev Ben-David,30,26,0,2026-09-13 01:48:30
2026-09-13 01:27:26,RELS341,0101,Janna Bianchini,30,0,0,2026-09-13 01:48:31
2026-09-13 01:27:26,RUSS101,0101,Inna Hardman,15,6,0,2026-09-13 01:48:34
2026-09-13 01:27:26,RUSS101,0201,Inna Hardman,15,6,0,2026-09-13 01:48:34
2026-09-13 01:27:26,RUSS201,0101,Zhanna Gerus-Vernola,15,8,0,2026-09-13 01:48:35
2026-09-13 01:27:26,RUSS301,0101,Izolda Savenkova,15,5,0,2026-09-13 01:48:35
2026-09-13 01:27:26,RUSS321,0101,Elizabeth Papazian,15,5,0,2026-09-13 01:48:36
2026-09-13 01:27:26,RUSS334,0101,Elizabeth Papazian,25,0,0,2026-09-13 01:48:36
2026-09-13 01:27:26,RUSS404,0101,Izolda Savenkova,15,1,0,2026-09-13 01:48:38
2026-09-13 01:27:26,SDSB123,0101,Brian Kim,40,7,0,2026-09-13 01:48:40
2026-09-13 01:27:26,SDSB180,0101,Brian Kim,180,126,0,2026-09-13 01:48:41
2026-09-13 01:27:26,SDSB233,0101,Jacob Coutts,25,1,0,2026-09-13 01:48:41
2026-09-13 01:27:26,SDSB233,0102,Jacob Coutts,25,10,0,2026-09-13 01:48:41
2026-09-13 01:27:26,SDSB233,0103,Jacob Coutts,25,9,0,2026-09-13 01:48:41
2026-09-13 01:27:26,SDSB326,0101,Jacob Coutts,50,31,0,2026-09-13 01:48:42
2026-09-13 01:27:26,SDSB340,0101,Neil Lund,40,0,0,2026-09-13 01:48:42
2026-09-13 01:27:26,SDSI414,0201,Maria Krupenkin,34,15,0,2026-09-13 01:48:44
2026-09-13 01:27:26,SDSI414,0202,Maria Krupenkin,34,0,0,2026-09-13 01:48:44
2026-09-13 01:27:26,SDSI492,0101,TJ Rainsford,50,8,0,2026-09-13 01:48:44
2026-09-13 01:27:26,SDSI492,0103,Mary Ann Francis,40,0,2,2026-09-13 01:48:44
2026-09-13 01:27:26,SDSI492,0104,TJ Rainsford,50,0,0,2026-09-13 01:48:44
2026-09-13 01:27:26,SDSI492,0106,Jesse Klein,50,0,5,2026-09-13 01:48:44
2026-09-13 01:27:26,SDSI492,0107,Connie Siebold,40,0,3,2026-09-13 01:48:44
2026-09-13 01:27:26,SDSI492,0110,Patrick Thornton,50,29,0,2026-09-13 01:48:44
2026-09-13 01:27:26,SLLC108I,0101,Instructor: TBA,5,4,0,2026-09-13 01:48:48
2026-09-13 01:27:26,SLLC108J,0101,Instructor: TBA,5,5,0,2026-09-13 01:48:48
2026-09-13 01:27:26,SLLC108W,0101,Instructor: TBA,5,4,0,2026-09-13 01:48:49
2026-09-13 01:27:26,SLLC118A,0101,Sean Pue,10,4,0,2026-09-13 01:48:49
2026-09-13 01:27:26,SLLC200,0101,Chris Lewis,30,4,0,2026-09-13 01:48:50
2026-09-13 01:27:26,SLLC286,0101,Andrew Schonebaum,60,5,0,2026-09-13 01:48:50
2026-09-13 01:27:26,SLLC309,0101,Ahmed Hanafy,10,10,0,2026-09-13 01:48:51
2026-09-13 01:27:26,SLLC309,0102,Ahmed Hanafy,10,8,0,2026-09-13 01:48:51
2026-09-13 01:27:26,SLLC309,0103,Ahmed Hanafy,10,7,0,2026-09-13 01:48:51
2026-09-13 01:27:26,SLLC309,0104,Ahmed Hanafy,10,5,0,2026-09-13 01:48:51
2026-09-13 01:27:26,SLLC309,0105,Ahmed Hanafy,10,6,0,2026-09-13 01:48:51
2026-09-13 01:27:26,SLLC309,0106,Ahmed Hanafy,10,6,0,2026-09-13 01:48:51
2026-09-13 01:27:26,SLLC309,0107,Ahmed Hanafy,10,8,0,2026-09-13 01:48:51
2026-09-13 01:27:26,SLLC309,0108,Ahmed Hanafy,10,9,0,2026-09-13 01:48:51
2026-09-13 01:27:26,SLLC309,0109,Ahmed Hanafy,10,7,0,2026-09-13 01:48:51
2026-09-13 01:27:26,SLLC309,0110,Ahmed Hanafy,10,3,0,2026-09-13 01:48:51
2026-09-13 01:27:26,SLLC309,0111,Ahmed Hanafy,10,10,0,2026-09-13 01:48:51
2026-09-13 01:27:26,SLLC329,0101,Marilyn Matar,13,0,0,2026-09-13 01:48:51
2026-09-13 01:27:26,SLLC329,0102,Marilyn Matar,10,0,0,2026-09-13 01:48:51
2026-09-13 01:27:26,SLLC329,0103,Marilyn Matar,21,2,0,2026-09-13 01:48:51
2026-09-13 01:27:26,SLLC329,0104,Marilyn Matar,10,4,0,2026-09-13 01:48:51
2026-09-13 01:27:26,SLLC329,0105,Marilyn Matar,10,9,0,2026-09-13 01:48:51
2026-09-13 01:27:26,SLLC329,0106,Marilyn Matar,10,1,0,2026-09-13 01:48:51
2026-09-13 01:27:26,SLLC329,0107,Marilyn Matar,10,7,0,2026-09-13 01:48:51
2026-09-13 01:27:26,SLLC329,0108,Marilyn Matar,10,7,0,2026-09-13 01:48:51
2026-09-13 01:27:26,SLLC329,0109,Marilyn Matar,10,4,0,2026-09-13 01:48:51
2026-09-13 01:27:26,SLLC329,0110,Marilyn Matar,20,3,0,2026-09-13 01:48:51
2026-09-13 01:27:26,SLLC350,0101,Michele Mason,30,27,0,2026-09-13 01:48:52
2026-09-13 01:27:26,SMLP470,0101,Brooke Smith,45,13,0,2026-09-13 01:48:54
2026-09-13 01:27:26,SMLP472,0101,Sara Herald,60,19,0,2026-09-13 01:48:54
2026-09-13 01:27:26,TLTC310,0101,Danielle Pafe,0,0,0,2026-09-13 01:50:35
2026-09-13 01:27:26,TLTC310,0201,Yanira Ortiz,20,11,0,2026-09-13 01:50:35
2026-09-13 01:27:26,TLTC333,0101,Mona Thompson,63,1,0,2026-09-13 01:50:35
2026-09-13 01:27:26,TLTC333,0102,Mona Thompson,63,0,0,2026-09-13 01:50:35
2026-09-13 01:27:26,TLTC333,0105,Mona Thompson,63,0,0,2026-09-13 01:50:35
2026-09-13 01:27:26,UMEI005,0101,Charles Duquette,15,2,0,2026-09-13 01:50:38
2026-09-13 01:27:26,UMEI005,0201,Heather Mehrtens,15,9,0,2026-09-13 01:50:38
2026-09-13 01:27:26,UMEI005,0301,Marilena Draganescu,15,11,0,2026-09-13 01:50:38
2026-09-13 01:27:26,UMEI012,0101,Louise Godley,10,10,0,2026-09-13 01:50:38
2026-09-13 01:27:26,UMEI013,0101,Louise Godley,10,7,0,2026-09-13 01:50:39
2026-09-13 01:27:26,UMEI028A,0101,Raymond Smith,16,14,0,2026-09-13 01:50:39
2026-09-13 01:27:26,UMEI506,0101,Heather Mehrtens,16,0,0,2026-09-13 01:50:39
2026-09-13 01:27:26,UMEI506,0201,Heather Mehrtens,16,6,0,2026-09-13 01:50:39
2026-09-13 01:27:26,UMEI507,0101,Marilena Draganescu,15,4,0,2026-09-13 01:50:40
2026-09-13 01:27:26,USLT201,0101,Robert Chester,25,1,0,2026-09-13 01:50:48
2026-09-13 01:27:26,USLT398C,0101,Angela Pico Pinto,25,18,0,2026-09-13 01:50:49
2026-09-13 01:27:26,USLT450,0101,Robert Chester,20,0,0,2026-09-13 01:50:49
2026-09-13 01:27:26,USLT498C,0101,Ana Rodriguez,20,14,0,2026-09-13 01:50:50
2026-09-13 01:27:26,VIPS099,0115,Veronica Kang,5,3,0,2026-09-13 01:50:51
2026-09-13 01:27:26,VIPS208,0101,Mary Bowden,10,10,0,2026-09-13 01:50:52
2026-09-13 01:27:26,VIPS208,0102,Ken Kiger,10,2,0,2026-09-13 01:50:52
2026-09-13 01:27:26,VIPS208,0103,Bryan Quinn,10,9,0,2026-09-13 01:50:52
2026-09-13 01:27:26,VIPS208,0104,Abdil Chowdhury,10,1,0,2026-09-13 01:50:52
2026-09-13 01:27:26,VIPS208,0105,Molly Carton,10,7,0,2026-09-13 01:50:52
2026-09-13 01:27:26,VIPS208,0106,James Baeder,14,2,0,2026-09-13 01:50:52
2026-09-13 01:27:26,VIPS208,0107,Catherine Spirito,10,6,0,2026-09-13 01:50:52
2026-09-13 01:27:26,VIPS208,0108,Ronald Yaros,10,4,0,2026-09-13 01:50:52
2026-09-13 01:27:26,VIPS208,0109,Carinna Ferguson,10,7,0,2026-09-13 01:50:52
2026-09-13 01:27:26,VIPS208,0110,Tracy Riggins,15,0,0,2026-09-13 01:50:52
2026-09-13 01:27:26,VIPS208,0111,Kevin Calabro,13,2,0,2026-09-13 01:50:52
2026-09-13 01:27:26,VIPS208,0112,Raffaele Viglianti,10,5,0,2026-09-13 01:50:52
2026-09-13 01:27:26,VIPS208,0113,Shabnam Jabeen,10,5,0,2026-09-13 01:50:52
2026-09-13 01:27:26,VIPS208,0114,Ning Zeng,15,7,0,2026-09-13 01:50:52
2026-09-13 01:27:26,VIPS208,0115,Veronica Kang,10,5,0,2026-09-13 01:50:52
2026-09-13 01:27:26,VIPS208,0116,David Stewart,10,1,0,2026-09-13 01:50:52
2026-09-13 01:27:26,VIPS208,0117,Meredith Epstein,10,8,0,2026-09-13 01:50:52
2026-09-13 01:27:26,VIPS208,0118,Magaly Toro Ibaceta,10,3,0,2026-09-13 01:50:52
2026-09-13 01:27:26,VIPS208,0120,Marisa Parham,10,6,0,2026-09-13 01:50:52
2026-09-13 01:27:26,VIPS208,0121,Becky Epanchin-Niell,10,1,0,2026-09-13 01:50:52
2026-09-13 01:27:26,VIPS208,0122,Timothy Reedy,10,2,0,2026-09-13 01:50:52
2026-09-13 01:27:26,VIPS208,0123,Lingnan Lin,13,4,0,2026-09-13 01:50:52
2026-09-13 01:27:26,VIPS208,0124,Jeffrey Moro,10,4,0,2026-09-13 01:50:52
2026-09-13 01:27:26,VIPS208,0125,Peter Sunderland,12,4,0,2026-09-13 01:50:52
2026-09-13 01:27:26,VIPS208,0126,Brienna Anderson,10,4,0,2026-09-13 01:50:52
2026-09-13 01:27:26,VIPS308,0101,Mary Bowden,10,9,0,2026-09-13 01:50:52
2026-09-13 01:27:26,VIPS308,0102,Ken Kiger,10,3,0,2026-09-13 01:50:52
2026-09-13 01:27:26,VIPS308,0103,Bryan Quinn,10,2,0,2026-09-13 01:50:52
2026-09-13 01:27:26,VIPS308,0104,Abdil Chowdhury,10,3,0,2026-09-13 01:50:52
2026-09-13 01:27:26,VIPS308,0105,Molly Carton,10,3,0,2026-09-13 01:50:52
2026-09-13 01:27:26,VIPS308,0106,James Baeder,10,4,0,2026-09-13 01:50:52
2026-09-13 01:27:26,VIPS308,0107,Catherine Spirito,10,8,0,2026-09-13 01:50:52
2026-09-13 01:27:26,VIPS308,0108,Ronald Yaros,10,9,0,2026-09-13 01:50:52
2026-09-13 01:27:26,VIPS308,0109,Carinna Ferguson,10,6,0,2026-09-13 01:50:52
2026-09-13 01:27:26,VIPS308,0110,Tracy Riggins,10,0,0,2026-09-13 01:50:52
2026-09-13 01:27:26,VIPS308,0111,Kevin Calabro,10,6,0,2026-09-13 01:50:52
2026-09-13 01:27:26,VIPS308,0112,Raffaele Viglianti,10,10,0,2026-09-13 01:50:52
2026-09-13 01:27:26,VIPS308,0113,Shabnam Jabeen,10,8,0,2026-09-13 01:50:52
2026-09-13 01:27:26,VIPS308,0114,Ning Zeng,10,9,0,2026-09-13 01:50:52
2026-09-13 01:27:26,VIPS308,0115,Veronica Kang,10,10,0,2026-09-13 01:50:52
2026-09-13 01:27:26,VIPS308,0116,David Stewart,10,10,0,2026-09-13 01:50:52
2026-09-13 01:27:26,VIPS308,0117,Meredith Epstein,10,8,0,2026-09-13 01:50:52
2026-09-13 01:27:26,VIPS308,0118,Magaly Toro Ibaceta,10,10,0,2026-09-13 01:50:52
2026-09-13 01:27:26,VIPS308,0120,Marisa Parham,10,9,0,2026-09-13 01:50:52
2026-09-13 01:27:26,VIPS308,0121,Becky Epanchin-Niell,10,10,0,2026-09-13 01:50:52
2026-09-13 01:27:26,VIPS308,0122,Timothy Reedy,10,10,0,2026-09-13 01:50:52
2026-09-13 01:27:26,VIPS308,0123,Lingnan Lin,10,10,0,2026-09-13 01:50:52
2026-09-13 01:27:26,VIPS308,0124,Jeffrey Moro,10,10,0,2026-09-13 01:50:52
2026-09-13 01:27:26,VIPS308,0125,Peter Sunderland,10,10,0,2026-09-13 01:50:52
2026-09-13 01:27:26,VIPS308,0126,Brienna Anderson,10,10,0,2026-09-13 01:50:52
2026-09-13 01:27:26,VIPS408,0101,Mary Bowden,10,4,0,2026-09-13 01:50:53
2026-09-13 01:27:26,VIPS408,0102,Ken Kiger,10,8,0,2026-09-13 01:50:53
2026-09-13 01:27:26,VIPS408,0103,Bryan Quinn,10,3,0,2026-09-13 01:50:53
2026-09-13 01:27:26,VIPS408,0104,Abdil Chowdhury,10,8,0,2026-09-13 01:50:53
2026-09-13 01:27:26,VIPS408,0105,Molly Carton,10,8,0,2026-09-13 01:50:53
2026-09-13 01:27:26,VIPS408,0106,James Baeder,10,7,0,2026-09-13 01:50:53
2026-09-13 01:27:26,VIPS408,0107,Catherine Spirito,10,10,0,2026-09-13 01:50:53
2026-09-13 01:27:26,VIPS408,0108,Ronald Yaros,10,8,0,2026-09-13 01:50:53
2026-09-13 01:27:26,VIPS408,0109,Carinna Ferguson,10,8,0,2026-09-13 01:50:53
2026-09-13 01:27:26,VIPS408,0110,Tracy Riggins,10,10,0,2026-09-13 01:50:53
2026-09-13 01:27:26,VIPS408,0111,Kevin Calabro,10,7,0,2026-09-13 01:50:53
2026-09-13 01:27:26,VIPS408,0112,Raffaele Viglianti,10,9,0,2026-09-13 01:50:53
2026-09-13 01:27:26,VIPS408,0113,Shabnam Jabeen,10,10,0,2026-09-13 01:50:53
2026-09-13 01:27:26,VIPS408,0114,Ning Zeng,10,10,0,2026-09-13 01:50:53
2026-09-13 01:27:26,VIPS408,0115,Veronica Kang,10,10,0,2026-09-13 01:50:53
2026-09-13 01:27:26,VIPS408,0116,David Stewart,10,10,0,2026-09-13 01:50:53
2026-09-13 01:27:26,VIPS408,0117,Meredith Epstein,10,10,0,2026-09-13 01:50:53
2026-09-13 01:27:26,VIPS408,0118,Magaly Toro Ibaceta,10,9,0,2026-09-13 01:50:53
2026-09-13 01:27:26,VIPS408,0120,Marisa Parham,10,10,0,2026-09-13 01:50:53
2026-09-13 01:27:26,VIPS408,0121,Becky Epanchin-Niell,10,10,0,2026-09-13 01:50:53
2026-09-13 01:27:26,VIPS408,0122,Timothy Reedy,10,10,0,2026-09-13 01:50:53
2026-09-13 01:27:26,VIPS408,0123,Lingnan Lin,10,10,0,2026-09-13 01:50:53
2026-09-13 01:27:26,VIPS408,0124,Jeffrey Moro,10,10,0,2026-09-13 01:50:53
2026-09-13 01:27:26,VIPS408,0125,Peter Sunderland,10,10,0,2026-09-13 01:50:53
2026-09-13 01:27:26,VIPS408,0126,Brienna Anderson,10,10,0,2026-09-13 01:50:53
2026-09-13 01:27:26,WEID139B,0101,Denise Joseph,48,6,0,2026-09-13 01:50:57
2026-09-13 01:27:26,WEID139L,0201,Taylor Togafau-Lewis,48,17,0,2026-09-13 01:50:57
2026-09-13 06:48:15,AAAS100,0101,Shane Walsh,35,0,0,2026-09-13 06:48:17
2026-09-13 06:48:15,AAAS100,0201,Shane Walsh,35,0,0,2026-09-13 06:48:17
2026-09-13 06:48:15,AAAS100,0301,George Kintiba,70,36,0,2026-09-13 06:48:17
2026-09-13 06:48:15,AAAS100,0401,Jason Nichols,30,0,0,2026-09-13 06:48:17
2026-09-13 06:48:15,AAAS100,0501,Jason Nichols,35,0,0,2026-09-13 06:48:17
2026-09-13 06:48:15,AAAS101,0101,Chinyere Osuji,40,1,0,2026-09-13 06:48:17
2026-09-13 06:48:15,AAAS187,0101,Robert Choflet,30,0,0,2026-09-13 06:48:18
2026-09-13 06:48:15,AAAS187,0201,Joseph Richardson,30,0,0,2026-09-13 06:48:18
2026-09-13 06:48:15,AAAS200,0101,George Kintiba,40,5,0,2026-09-13 06:48:19
2026-09-13 06:48:15,AAAS202,0101,Robert Choflet,35,5,0,2026-09-13 06:48:19
2026-09-13 06:48:15,AAAS202,0201,Robert Choflet,35,5,0,2026-09-13 06:48:19
2026-09-13 06:48:15,AAAS202,0301,Angelica Dunbar,35,4,0,2026-09-13 06:48:19
2026-09-13 06:48:15,AAAS202,0401,Ashley Everson,35,0,0,2026-09-13 06:48:19
2026-09-13 06:48:15,AAAS202,0501,Ashley Everson,20,3,0,2026-09-13 06:48:19
2026-09-13 06:48:15,AAAS210,0101,Angelica Dunbar,20,16,0,2026-09-13 06:48:21
2026-09-13 06:48:15,AAAS211,0101,Shane Walsh,30,0,0,2026-09-13 06:48:21
2026-09-13 06:48:15,AAAS230,0101,Ashley Newby,30,0,0,2026-09-13 06:48:22
2026-09-13 06:48:15,AAAS230,0201,Ashley Newby,30,0,0,2026-09-13 06:48:22
2026-09-13 06:48:15,AAAS234,0201,Mike Kolakoski,30,3,0,2026-09-13 06:48:22
2026-09-13 06:48:15,AAAS254,0101,Christopher Bonner,40,2,0,2026-09-13 06:48:23
2026-09-13 06:48:15,AAAS271,0101,Sydney Lewis,30,1,0,2026-09-13 06:48:24
2026-09-13 06:48:15,AAAS310,0101,George Kintiba,25,22,0,2026-09-13 06:48:25
2026-09-13 06:48:15,AAAS320,0101,Cecily Jackson,25,0,0,2026-09-13 06:48:26
2026-09-13 06:48:15,AAAS320,0201,Cecily Jackson,25,0,0,2026-09-13 06:48:26
2026-09-13 06:48:15,AAAS325,0101,Traci Dula,20,4,0,2026-09-13 06:48:26
2026-09-13 06:48:15,AAAS350,0101,John Drabinski,20,0,0,2026-09-13 06:48:27
2026-09-13 06:48:15,AAAS361,0101,Michelle Rowley,35,26,0,2026-09-13 06:48:28
2026-09-13 06:48:15,AAAS386,0101,Marshal Washington,10,10,0,2026-09-13 06:48:28
2026-09-13 06:48:15,AAAS397,0101,John Drabinski,2,2,0,2026-09-13 06:48:29
2026-09-13 06:48:15,AAAS397,0201,Angelica Dunbar,2,2,0,2026-09-13 06:48:29
2026-09-13 06:48:15,AAAS397,0301,Sharon Harley,2,2,0,2026-09-13 06:48:29
2026-09-13 06:48:15,AAAS397,0401,Cecily Jackson,2,2,0,2026-09-13 06:48:29
2026-09-13 06:48:15,AAAS397,0501,Sangeetha Madhavan,2,2,0,2026-09-13 06:48:29
2026-09-13 06:48:15,AAAS397,0601,Ashley Newby,1,1,0,2026-09-13 06:48:29
2026-09-13 06:48:15,AAAS397,0701,Chinyere Osuji,2,2,0,2026-09-13 06:48:29
2026-09-13 06:48:15,AAAS397,0801,Periloux Peay,2,2,0,2026-09-13 06:48:29
2026-09-13 06:48:15,AAAS397,0901,Joseph Richardson,2,2,0,2026-09-13 06:48:29
2026-09-13 06:48:15,AAAS398B,0101,Beka Guluma,20,13,0,2026-09-13 06:48:30
2026-09-13 06:48:15,AAAS398W,0101,Jason Nichols,25,11,0,2026-09-13 06:48:31
2026-09-13 06:48:15,AAAS400,0101,Periloux Peay,25,22,0,2026-09-13 06:48:32
2026-09-13 06:48:15,AAAS415,0101,Periloux Peay,30,0,0,2026-09-13 06:48:33
2026-09-13 06:48:15,AAAS499N,0101,Anne Rosen,25,0,0,2026-09-13 06:48:34
2026-09-13 06:48:15,AAST200,0101,Jennifer Cho,30,0,0,2026-09-13 06:48:36
2026-09-13 06:48:15,AAST200,0102,Binod Paudyal,30,0,0,2026-09-13 06:48:36
2026-09-13 06:48:15,AAST322,0101,Julie Park,30,3,0,2026-09-13 06:48:36
2026-09-13 06:48:15,AAST351,0101,Binod Paudyal,35,0,0,2026-09-13 06:48:37
2026-09-13 06:48:15,AAST355,0101,Jennifer Cho,35,0,1,2026-09-13 06:48:38
2026-09-13 06:48:15,AAST378,0101,Janelle Wong,2,2,0,2026-09-13 06:48:38
2026-09-13 06:48:15,AAST394,0101,Wenxi Yang,30,2,0,2026-09-13 06:48:39
2026-09-13 06:48:15,AAST398I,0101,Michelle Magalong,24,1,0,2026-09-13 06:48:40
2026-09-13 06:48:15,AAST398W,0101,Chris Eng,25,14,0,2026-09-13 06:48:40
2026-09-13 06:48:15,AAST421,0101,Tuyet Duong,20,2,0,2026-09-13 06:48:41
2026-09-13 06:48:15,AAST422,0101,Jennifer Cho,25,7,0,2026-09-13 06:48:41
2026-09-13 06:48:15,AAST424,0101,Dawn Dow,29,10,0,2026-09-13 06:48:42
2026-09-13 06:48:15,AAST440,0101,Binod Paudyal,25,1,0,2026-09-13 06:48:42
2026-09-13 06:48:15,AAST443,0101,Janelle Wong,30,0,0,2026-09-13 06:48:43
2026-09-13 06:48:15,ABRM330,0101,Rashawn Ray,40,0,0,2026-09-13 06:48:46
2026-09-13 06:48:15,ARAB101,0101,Samah Al-salami,15,1,0,2026-09-13 06:49:42
2026-09-13 06:48:15,ARAB101,0201,Ahmed Hanafy,15,5,0,2026-09-13 06:49:42
2026-09-13 06:48:15,ARAB102,0101,Samah Al-salami,15,2,0,2026-09-13 06:49:42
2026-09-13 06:48:15,ARAB102,0201,Lutf Alkebsi,15,12,0,2026-09-13 06:49:42
2026-09-13 06:48:15,ARAB201,0101,Lutf Alkebsi,15,0,0,2026-09-13 06:49:43
2026-09-13 06:48:15,ARAB201,0201,Lutf Alkebsi,15,11,0,2026-09-13 06:49:43
2026-09-13 06:48:15,ARAB208L,0101,Samah Al-salami,15,3,0,2026-09-13 06:49:43
2026-09-13 06:48:15,ARAB225,0101,Ahmed Hanafy,15,3,0,2026-09-13 06:49:44
2026-09-13 06:48:15,ARAB301,0101,Ahmed Hanafy,15,7,0,2026-09-13 06:49:44
2026-09-13 06:48:15,ARAB321,0101,Ahmed Hanafy,15,8,0,2026-09-13 06:49:44
2026-09-13 06:48:15,ARAB322,0101,Samah Al-salami,15,9,0,2026-09-13 06:49:45
2026-09-13 06:48:15,ARAB398A,0101,Lutf Alkebsi,15,5,0,2026-09-13 06:49:46
2026-09-13 06:48:15,ARAB499E,0101,Brendan Kibbee,20,2,0,2026-09-13 06:49:47
2026-09-13 06:48:15,ARMY106,0101,Thomas Battinieri,31,25,0,2026-09-13 06:50:30
2026-09-13 06:48:15,ARMY106,0102,Thomas Battinieri,40,30,0,2026-09-13 06:50:30
2026-09-13 06:48:15,ARMY106,FC01,Andrew Bischoff,15,11,0,2026-09-13 06:50:30
2026-09-13 06:48:15,ARMY106,FC02,Thomas Battinieri,9,8,0,2026-09-13 06:50:30
2026-09-13 06:48:15,ARMY110,0101,Andrew Bischoff,15,15,0,2026-09-13 06:50:31
2026-09-13 06:48:15,ARMY201,0102,Thomas Battinieri,35,14,0,2026-09-13 06:50:31
2026-09-13 06:48:15,ARMY301,0101,Joshua Guiod,40,20,0,2026-09-13 06:50:31
2026-09-13 06:48:15,ARMY401,0102,Andrew Bischoff,50,13,0,2026-09-13 06:50:32
2026-09-13 06:48:15,ARSC059,0101,Kathleen West,220,53,0,2026-09-13 06:50:35
2026-09-13 06:48:15,ARSC059,FC01,Jens Lyndrup,10,5,0,2026-09-13 06:50:35
2026-09-13 06:48:15,ARSC100,0101,Jens Lyndrup,50,33,0,2026-09-13 06:50:35
2026-09-13 06:48:15,ARSC100,0102,Jens Lyndrup,75,16,0,2026-09-13 06:50:35
2026-09-13 06:48:15,ARSC100,0103,Jens Lyndrup,40,31,0,2026-09-13 06:50:35
2026-09-13 06:48:15,ARSC100,FC01,Jens Lyndrup,5,3,0,2026-09-13 06:50:35
2026-09-13 06:48:15,ARSC100,FC02,Jens Lyndrup,10,7,0,2026-09-13 06:50:35
2026-09-13 06:48:15,ARSC200,0101,Alan Snyder,50,14,0,2026-09-13 06:50:36
2026-09-13 06:48:15,ARSC200,0102,Alan Snyder,35,21,0,2026-09-13 06:50:36
2026-09-13 06:48:15,ARSC200,0103,Alan Snyder,40,32,0,2026-09-13 06:50:36
2026-09-13 06:48:15,ARSC300,0101,Kathleen West,30,5,0,2026-09-13 06:50:36
2026-09-13 06:48:15,ARSC300,0102,Kathleen West,20,13,0,2026-09-13 06:50:36
2026-09-13 06:48:15,ARSC400,0101,Walter Mitchell,30,11,0,2026-09-13 06:50:37
2026-09-13 06:48:15,ARSC400,0102,Walter Mitchell,20,18,0,2026-09-13 06:50:37
2026-09-13 06:48:15,ARSC400,0201,Walter Mitchell,10,10,0,2026-09-13 06:50:37
2026-09-13 06:48:15,BMIN210,0101,Darlene Dennison,180,2,0,2026-09-13 06:52:08
2026-09-13 06:48:15,BMIN210,0201,Darlene Dennison,180,94,0,2026-09-13 06:52:08
2026-09-13 06:48:15,BMIN305,0101,Tejwansh Anand,180,14,0,2026-09-13 06:52:09
2026-09-13 06:48:15,BMIN345,0101,Michael Padhi,275,36,0,2026-09-13 06:52:09
2026-09-13 06:48:15,BMIN355,0101,Idil Yaveroglu,180,0,0,2026-09-13 06:52:10
2026-09-13 06:48:15,BMIN355,0201,Idil Yaveroglu,180,24,0,2026-09-13 06:52:10
2026-09-13 06:48:15,BMIN375,0101,Leland Gardner,185,2,0,2026-09-13 06:52:10
2026-09-13 06:48:15,BMIN395,0101,Nima Farshchi,200,1,0,2026-09-13 06:52:10
2026-09-13 06:48:15,BMIN395,0201,Nima Farshchi,200,106,0,2026-09-13 06:52:10
2026-09-13 06:48:15,BOIS602,WI01,Woei-jyh Lee,40,6,0,2026-09-13 06:52:14
2026-09-13 06:48:15,BOIS604,WI01,Manmohan Aseri,40,5,0,2026-09-13 06:52:14
2026-09-13 06:48:15,BOIS631,WI01,Sujin Kim,40,8,0,2026-09-13 06:52:15
2026-09-13 06:48:15,BSOS355,0101,Liza Lebrun,30,30,0,2026-09-13 06:52:29
2026-09-13 06:48:15,BSOS361,0101,TC Lloyd,30,2,0,2026-09-13 06:52:29
2026-09-13 06:48:15,BSOS361,0103,Keia Brown,30,2,0,2026-09-13 06:52:29
2026-09-13 06:48:15,BSOS361,0104,David Tana,30,1,0,2026-09-13 06:52:29
2026-09-13 06:48:15,BSOS361,0105,TC Lloyd,30,2,0,2026-09-13 06:52:29
2026-09-13 06:48:15,BSOS388C,0101,Nikita Kimani,20,0,0,2026-09-13 06:52:30
2026-09-13 06:48:15,BSOS388C,0201,Nikita Kimani,20,0,0,2026-09-13 06:52:30
2026-09-13 06:48:15,BSOS388E,0101,Liza Lebrun,30,30,0,2026-09-13 06:52:30
2026-09-13 06:48:15,BUSO600,SO11,Neta Moye,42,5,0,2026-09-13 06:52:54
2026-09-13 06:48:15,BUSO600,SO12,Neta Moye,42,9,0,2026-09-13 06:52:54
2026-09-13 06:48:15,BUSO603,SO11,Ilya Ryzhov,42,5,0,2026-09-13 06:52:54
2026-09-13 06:48:15,BUSO603,SO12,Ilya Ryzhov,42,4,0,2026-09-13 06:52:54
2026-09-13 06:48:15,BUSO604,SO11,Bennet Zelner,42,6,0,2026-09-13 06:52:55
2026-09-13 06:48:15,BUSO604,SO12,Bennet Zelner,42,6,0,2026-09-13 06:52:55
2026-09-13 06:48:15,BUSO612,SO11,Henry Boyd,42,3,0,2026-09-13 06:52:55
2026-09-13 06:48:15,BUSO612,SO12,Henry Boyd,42,5,0,2026-09-13 06:52:55
2026-09-13 06:48:15,BUSO616,SO31,Brent Solomon,38,2,0,2026-09-13 06:52:55
2026-09-13 06:48:15,BUSO616,SO32,Brent Solomon,38,0,0,2026-09-13 06:52:55
2026-09-13 06:48:15,BUSO624,SO31,Yi Xu,38,2,0,2026-09-13 06:52:56
2026-09-13 06:48:15,BUSO624,SO32,Yi Xu,38,0,0,2026-09-13 06:52:56
2026-09-13 06:48:15,BUSO700,SO91,Paulo Prochno,0,0,0,2026-09-13 06:52:57
2026-09-13 06:48:15,BUSO711,SO31,Gosia Langa Basit,28,0,0,2026-09-13 06:52:58
2026-09-13 06:48:15,BUSO711,SO32,Gosia Langa Basit,28,3,0,2026-09-13 06:52:58
2026-09-13 06:48:15,BUSO711,SO33,Gosia Langa Basit,28,1,0,2026-09-13 06:52:58
2026-09-13 06:48:15,BUSO731,SO51,Tejwansh Anand,49,0,1,2026-09-13 06:52:58
2026-09-13 06:48:15,BUSO752,SO51,Leland Gardner,35,13,0,2026-09-13 06:52:59
2026-09-13 06:48:15,BUSO758G,SO51,James Seward,35,11,0,2026-09-13 06:52:59
2026-09-13 06:48:15,BUSO758M,SO51,Paulo Prochno,49,2,0,2026-09-13 06:53:00
2026-09-13 06:48:15,BUSO758M,SO52,Paulo Prochno,49,3,0,2026-09-13 06:53:00
2026-09-13 06:48:15,BUSO758T,SO51,Michael Cichello,35,18,0,2026-09-13 06:53:00
2026-09-13 06:48:15,BUSO758W,SO51,Yogesh Joshi,33,2,0,2026-09-13 06:53:01
2026-09-13 06:48:15,BUSO758W,SO52,Yogesh Joshi,33,2,0,2026-09-13 06:53:01
2026-09-13 06:48:15,BUSO758X,SO51,Pallassana Kannan,49,3,0,2026-09-13 06:53:01
2026-09-13 06:48:15,BUSO788F,GX01,Judy Frels,25,6,0,2026-09-13 06:53:02
2026-09-13 06:48:15,BUSO788W,GX01,Zhi-Long Chen,30,5,0,2026-09-13 06:53:02
2026-09-13 06:48:15,CHSE200,0101,Betsy Tornquist,10,1,0,2026-09-13 06:53:41
2026-09-13 06:48:15,CHSE205,0101,Yewon Lee,60,0,2,2026-09-13 06:53:41
2026-09-13 06:48:15,CHSE205,0201,Yewon Lee,60,0,1,2026-09-13 06:53:41
2026-09-13 06:48:15,CHSE228C,0101,Nikita Kimani,20,0,0,2026-09-13 06:53:41
2026-09-13 06:48:15,CHSE228C,0201,Nikita Kimani,20,0,0,2026-09-13 06:53:41
2026-09-13 06:48:15,CHSE228C,0301,Nikita Kimani,20,0,0,2026-09-13 06:53:41
2026-09-13 06:48:15,CHSE230,0101,Isabelle Grable,25,16,0,2026-09-13 06:53:42
2026-09-13 06:48:15,CHSE376,0101,Michael Dunham,22,0,3,2026-09-13 06:53:42
2026-09-13 06:48:15,CHSE376,0201,Colleen McGilpin,20,0,4,2026-09-13 06:53:42
2026-09-13 06:48:15,CHSE376,0301,Elizabeth Martinez,20,0,0,2026-09-13 06:53:42
2026-09-13 06:48:15,CHSE376,0401,Chanai Brewster,20,4,0,2026-09-13 06:53:42
2026-09-13 06:48:15,CHSE476,0101,Michael Dunham,20,6,0,2026-09-13 06:53:43
2026-09-13 06:48:15,CHSE477,0101,Michael Dunham,15,4,0,2026-09-13 06:53:43
2026-09-13 06:48:15,CHSE489,1901,Amy D'Agati,15,10,0,2026-09-13 06:53:44
2026-09-13 06:48:15,CINE245,0101,Eric Zakim,22,0,1,2026-09-13 06:53:46
2026-09-13 06:48:15,CINE245,0102,Eric Zakim,22,0,2,2026-09-13 06:53:46
2026-09-13 06:48:15,CINE245,0103,Eric Zakim,22,0,2,2026-09-13 06:53:46
2026-09-13 06:48:15,CINE245,0104,Eric Zakim,22,0,1,2026-09-13 06:53:46
2026-09-13 06:48:15,CINE280,0101,Porter Olsen,30,0,1,2026-09-13 06:53:47
2026-09-13 06:48:15,CINE280,0201,John Tobin,30,0,1,2026-09-13 06:53:47
2026-09-13 06:48:15,CINE298A,0101,Caroline Eades,20,0,0,2026-09-13 06:53:47
2026-09-13 06:48:15,CINE301,0101,Eric Zakim,30,0,0,2026-09-13 06:53:48
2026-09-13 06:48:15,CINE310,0101,Nathaniel Stevens,15,2,0,2026-09-13 06:53:48
2026-09-13 06:48:15,CINE315,0101,Yael Inbar,15,0,0,2026-09-13 06:53:48
2026-09-13 06:48:15,CINE319G,0101,Oliver Gaycken,25,15,0,2026-09-13 06:53:49
2026-09-13 06:48:15,CINE319P,5501,Samuel Crawford,11,0,1,2026-09-13 06:53:49
2026-09-13 06:48:15,CINE319Z,0101,Paul Cote,25,7,0,2026-09-13 06:53:50
2026-09-13 06:48:15,CINE329T,0101,Daniel Richter,25,0,4,2026-09-13 06:53:50
2026-09-13 06:48:15,CINE332,0101,Parker Brookie,25,0,0,2026-09-13 06:53:51
2026-09-13 06:48:15,CINE334,0101,Elizabeth Papazian,25,0,0,2026-09-13 06:53:51
2026-09-13 06:48:15,CINE337,0101,Jason Kuo,25,0,1,2026-09-13 06:53:52
2026-09-13 06:48:15,CINE342,0101,Luka Arsenjuk,20,0,1,2026-09-13 06:53:52
2026-09-13 06:48:15,CINE350,0101,John Drabinski,20,0,0,2026-09-13 06:53:52
2026-09-13 06:48:15,CINE359C,0101,Daniel Richter,25,0,2,2026-09-13 06:53:53
2026-09-13 06:48:15,CINE369B,0101,Eva Hageman,30,1,0,2026-09-13 06:53:53
2026-09-13 06:48:15,CINE369K,0101,Paul Cote,20,0,1,2026-09-13 06:53:54
2026-09-13 06:48:15,CINE376,0101,Ross Angelella,15,3,0,2026-09-13 06:53:55
2026-09-13 06:48:15,CINE376,0102,Ross Angelella,5,2,0,2026-09-13 06:53:55
2026-09-13 06:48:15,CINE415,0101,Mathew Bainbridge,15,0,0,2026-09-13 06:53:56
2026-09-13 06:48:15,CINE419P,0101,Oliver Gaycken,20,14,0,2026-09-13 06:53:56
2026-09-13 06:48:15,CINE459P,0101,Luka Arsenjuk,20,0,2,2026-09-13 06:53:58
2026-09-13 06:48:15,CLAS170,0101,Chiara Graf,21,1,0,2026-09-13 06:54:02
2026-09-13 06:48:15,CLAS170,0102,Chiara Graf,21,0,0,2026-09-13 06:54:02
2026-09-13 06:48:15,CLAS170,0103,Chiara Graf,21,0,0,2026-09-13 06:54:02
2026-09-13 06:48:15,CLAS170,0104,Chiara Graf,21,0,0,2026-09-13 06:54:02
2026-09-13 06:48:15,CLAS170,0105,Chiara Graf,21,0,0,2026-09-13 06:54:02
2026-09-13 06:48:15,CLAS170,0106,Chiara Graf,21,0,0,2026-09-13 06:54:02
2026-09-13 06:48:15,CLAS170,0107,Chiara Graf,21,0,0,2026-09-13 06:54:02
2026-09-13 06:48:15,CLAS170,0108,Chiara Graf,21,1,0,2026-09-13 06:54:02
2026-09-13 06:48:15,CLAS170,0109,Chiara Graf,22,0,0,2026-09-13 06:54:02
2026-09-13 06:48:15,CLAS170,FC01,Chelsea Stolt,28,4,0,2026-09-13 06:54:02
2026-09-13 06:48:15,CLAS170,FC02,Chelsea Stolt,28,0,0,2026-09-13 06:54:02
2026-09-13 06:48:15,CLAS170,FC03,Eugenia Lao,28,8,0,2026-09-13 06:54:02
2026-09-13 06:48:15,CLAS170,FC05,Charis Addai,28,5,0,2026-09-13 06:54:02
2026-09-13 06:48:15,CLAS277,0101,Chiara Graf,25,0,0,2026-09-13 06:54:02
2026-09-13 06:48:15,CLAS277,0102,Chiara Graf,25,1,0,2026-09-13 06:54:02
2026-09-13 06:48:15,CLAS277,0103,Chiara Graf,25,4,0,2026-09-13 06:54:02
2026-09-13 06:48:15,CLAS277,0104,Chiara Graf,25,1,0,2026-09-13 06:54:02
2026-09-13 06:48:15,CLAS277,0105,Chiara Graf,25,0,0,2026-09-13 06:54:02
2026-09-13 06:48:15,CLAS277,0106,Chiara Graf,25,1,0,2026-09-13 06:54:02
2026-09-13 06:48:15,CLAS305,0101,Jorge Bravo,35,1,0,2026-09-13 06:54:02
2026-09-13 06:48:15,CLAS309N,0101,Nathan Levine,35,26,0,2026-09-13 06:54:03
2026-09-13 06:48:15,CLAS310,0101,Rachel Singpurwalla,20,0,1,2026-09-13 06:54:03
2026-09-13 06:48:15,CLAS310,0102,Rachel Singpurwalla,20,0,2,2026-09-13 06:54:03
2026-09-13 06:48:15,CLAS310,0103,Rachel Singpurwalla,20,0,3,2026-09-13 06:54:03
2026-09-13 06:48:15,CLAS312,0101,Polyvia Parara,35,7,0,2026-09-13 06:54:04
2026-09-13 06:48:15,CMLT235,0101,Brielle Gorrell,30,2,0,2026-09-13 06:54:08
2026-09-13 06:48:15,CMLT270,0101,Hannah (Toyin) Adeyemi,30,0,0,2026-09-13 06:54:09
2026-09-13 06:48:15,CMLT270,0201,Shakiba Sharifpour,30,1,0,2026-09-13 06:54:09
2026-09-13 06:48:15,CMLT275,0201,Abhinav Bhardwaj,30,0,1,2026-09-13 06:54:10
2026-09-13 06:48:15,CMLT277,0101,Nahid Ahmadian,30,2,0,2026-09-13 06:54:10
2026-09-13 06:48:15,CMLT280,0101,Porter Olsen,30,0,1,2026-09-13 06:54:10
2026-09-13 06:48:15,CMLT280,0201,John Tobin,30,0,1,2026-09-13 06:54:10
2026-09-13 06:48:15,CPBE100,0101,Oliver Schlake,95,25,0,2026-09-13 06:54:58
2026-09-13 06:48:15,CPBE200,0101,Oliver Schlake,75,33,0,2026-09-13 06:54:59
2026-09-13 06:48:15,CPBE225,0101,Ira Koretsky,38,13,0,2026-09-13 06:54:59
2026-09-13 06:48:15,CPBE225,0102,Ira Koretsky,38,22,0,2026-09-13 06:54:59
2026-09-13 06:48:15,CPCV100,0101,Julie Randolph,40,1,0,2026-09-13 06:55:01
2026-09-13 06:48:15,CPCV100,0201,Julie Randolph,40,8,0,2026-09-13 06:55:01
2026-09-13 06:48:15,CPCV200,0101,Julie Randolph,35,1,0,2026-09-13 06:55:01
2026-09-13 06:48:15,CPCV200,0201,Julie Randolph,35,15,0,2026-09-13 06:55:01
2026-09-13 06:48:15,CPCV225,0101,Korey Rothman,75,4,0,2026-09-13 06:55:02
2026-09-13 06:48:15,CPDJ100,0101,Jess Feltner,75,2,0,2026-09-13 06:55:04
2026-09-13 06:48:15,CPDJ200,0101,Andrew Fellows,75,37,0,2026-09-13 06:55:04
2026-09-13 06:48:15,CPET100,0101,Tim Knight,75,4,0,2026-09-13 06:55:06
2026-09-13 06:48:15,CPET200,0101,Tim Knight,75,7,0,2026-09-13 06:55:06
2026-09-13 06:48:15,CPGH100,0101,John Wiggins,85,7,0,2026-09-13 06:55:08
2026-09-13 06:48:15,CPGH200,0101,John Wiggins,75,18,0,2026-09-13 06:55:09
2026-09-13 06:48:15,CPJT100,0101,Justine DeCamillis,75,7,0,2026-09-13 06:55:10
2026-09-13 06:48:15,CPJT200,0101,Justine DeCamillis,75,21,0,2026-09-13 06:55:11
2026-09-13 06:48:15,CPMS100,0101,Alison Burns,75,0,0,2026-09-13 06:55:13
2026-09-13 06:48:15,CPMS200,0101,Alison Burns,75,11,0,2026-09-13 06:55:13
2026-09-13 06:48:15,CPMS225,0101,Alison Burns,75,0,0,2026-09-13 06:55:13
2026-09-13 06:48:15,CPMS230,0101,Alison Burns,30,11,0,2026-09-13 06:55:14
2026-09-13 06:48:15,CPMS240,0101,Carole Lee,20,18,0,2026-09-13 06:55:14
2026-09-13 06:48:15,CPPL100,0101,Kelly Brower,78,2,0,2026-09-13 06:55:16
2026-09-13 06:48:15,CPPL200,0101,Susannah Washburn,75,15,0,2026-09-13 06:55:16
2026-09-13 06:48:15,CPSA100,0101,Andrea Cesar,75,12,0,2026-09-13 06:55:18
2026-09-13 06:48:15,CPSA200,0101,Andrea Cesar,75,34,0,2026-09-13 06:55:19
2026-09-13 06:48:15,CPSF100,0101,Nicholas Fletcher,85,1,0,2026-09-13 06:55:20
2026-09-13 06:48:15,CPSF200,0101,Nicholas Fletcher,75,5,0,2026-09-13 06:55:21
2026-09-13 06:48:15,CPSG100,0101,Thomas Holtz,85,11,0,2026-09-13 06:55:23
2026-09-13 06:48:15,CPSG200,0101,Thomas Holtz,75,29,0,2026-09-13 06:55:23
2026-09-13 06:48:15,CPSN100,0101,Hansol Kwak,85,5,0,2026-09-13 06:55:25
2026-09-13 06:48:15,CPSN200,0101,Stacy Kosko,75,42,0,2026-09-13 06:55:25
2026-09-13 06:48:15,CPSN230,0101,Sarah Kilmer,20,18,0,2026-09-13 06:55:26
2026-09-13 06:48:15,CPSN240,0101,Sarah Kilmer,10,7,0,2026-09-13 06:55:26
2026-09-13 06:48:15,CPSN250,0101,Sarah Kilmer,5,5,0,2026-09-13 06:55:26
2026-09-13 06:48:15,CPSP110,0101,Markell Saunders,18,8,0,2026-09-13 06:55:28
2026-09-13 06:48:15,CPSP110,0201,Patrice Greene,18,13,0,2026-09-13 06:55:28
2026-09-13 06:48:15,CPSP220,0101,Tiara Thomas,20,1,0,2026-09-13 06:55:29
2026-09-13 06:48:15,CPSP239A,0101,Heather-Erin Bremenstuhl,10,5,0,2026-09-13 06:55:29
2026-09-13 06:48:15,CPSP269C,0101,Korey Rothman,5,5,0,2026-09-13 06:55:30
2026-09-13 06:48:15,CPSP339P,0101,Susannah Washburn,10,7,0,2026-09-13 06:55:30
2026-09-13 06:48:15,CPSS100,0101,Nicole Mogul,85,6,0,2026-09-13 06:55:32
2026-09-13 06:48:15,CPSS220,0101,Nicole Mogul,20,2,0,2026-09-13 06:55:32
2026-09-13 06:48:15,CPSS225,0101,Roan Parrish,20,14,0,2026-09-13 06:55:33
2026-09-13 06:48:15,CPSS340,0101,David Tomblin,20,5,0,2026-09-13 06:55:33
2026-09-13 06:48:15,CRLN101,0103,Myles Alexander,25,1,0,2026-09-13 06:55:35
2026-09-13 06:48:15,CRLN101,0104,Tami Smith,26,0,0,2026-09-13 06:55:35
2026-09-13 06:48:15,CRLN101,0105,Denis Garcia Reyes,25,0,0,2026-09-13 06:55:35
2026-09-13 06:48:15,CRLN101,0106,Mitch Woolley,25,4,0,2026-09-13 06:55:35
2026-09-13 06:48:15,CRLN101,0107,Esohe Owie,25,0,0,2026-09-13 06:55:35
2026-09-13 06:48:15,DATA100,0111,Matthew Griffin,33,4,0,2026-09-13 06:55:47
2026-09-13 06:48:15,DATA100,0112,Matthew Griffin,35,2,0,2026-09-13 06:55:47
2026-09-13 06:48:15,DATA100,0121,Matthew Griffin,35,2,0,2026-09-13 06:55:47
2026-09-13 06:48:15,DATA100,0122,Matthew Griffin,33,0,0,2026-09-13 06:55:47
2026-09-13 06:48:15,DATA100,0123,Matthew Griffin,33,1,0,2026-09-13 06:55:47
2026-09-13 06:48:15,DATA100,0124,Matthew Griffin,33,0,0,2026-09-13 06:55:47
2026-09-13 06:48:15,DATA100,0131,Matthew Griffin,33,1,0,2026-09-13 06:55:47
2026-09-13 06:48:15,DATA100,0141,Matthew Griffin,35,0,0,2026-09-13 06:55:47
2026-09-13 06:48:15,DATA100,0142,Matthew Griffin,33,0,0,2026-09-13 06:55:47
2026-09-13 06:48:15,DATA100,0211,Matthew Griffin,33,1,0,2026-09-13 06:55:47
2026-09-13 06:48:15,DATA100,0212,Matthew Griffin,35,0,0,2026-09-13 06:55:47
2026-09-13 06:48:15,DATA100,0221,Matthew Griffin,30,0,0,2026-09-13 06:55:47
2026-09-13 06:48:15,DATA100,0223,Matthew Griffin,32,0,0,2026-09-13 06:55:47
2026-09-13 06:48:15,DATA100,0224,Matthew Griffin,30,1,0,2026-09-13 06:55:47
2026-09-13 06:48:15,DATA100,0231,Matthew Griffin,33,2,0,2026-09-13 06:55:47
2026-09-13 06:48:15,DATA100,0311,Archana Khurana,35,6,0,2026-09-13 06:55:47
2026-09-13 06:48:15,DATA100,0312,Archana Khurana,35,1,0,2026-09-13 06:55:47
2026-09-13 06:48:15,DATA100,0321,Archana Khurana,35,0,0,2026-09-13 06:55:47
2026-09-13 06:48:15,DATA100,0322,Archana Khurana,35,1,0,2026-09-13 06:55:47
2026-09-13 06:48:15,DATA100,0323,Archana Khurana,35,0,0,2026-09-13 06:55:47
2026-09-13 06:48:15,DATA100,0341,Archana Khurana,35,5,0,2026-09-13 06:55:47
2026-09-13 06:48:15,DATA110,0101,Susan Mazzullo,250,24,0,2026-09-13 06:55:47
2026-09-13 06:48:15,DATA120,0101,Fardina Alam,200,0,2,2026-09-13 06:55:48
2026-09-13 06:48:15,DATA200,0101,Fardina Alam,90,32,0,2026-09-13 06:55:48
2026-09-13 06:48:15,DATA250,0101,Todd Rowland,43,7,0,2026-09-13 06:55:49
2026-09-13 06:48:15,DATA320,0101,Maksym Morawski,15,10,0,2026-09-13 06:55:49
2026-09-13 06:48:15,DATA320,0201,Maksym Morawski,20,10,0,2026-09-13 06:55:49
2026-09-13 06:48:15,DATA320,0301,Fardina Alam,20,1,0,2026-09-13 06:55:49
2026-09-13 06:48:15,DATA350,0101,Raluca Rosca,30,11,0,2026-09-13 06:55:49
2026-09-13 06:48:15,DATA350,0201,Jonathan Fernandes,34,5,0,2026-09-13 06:55:49
2026-09-13 06:48:15,DATA400,0111,Salman Safdar,27,1,0,2026-09-13 06:55:50
2026-09-13 06:48:15,DATA400,0112,Salman Safdar,30,1,0,2026-09-13 06:55:50
2026-09-13 06:48:15,DATA400,0121,Salman Safdar,27,2,0,2026-09-13 06:55:50
2026-09-13 06:48:15,DATA400,0122,Salman Safdar,27,4,0,2026-09-13 06:55:50
2026-09-13 06:48:15,DATA400,0131,Salman Safdar,27,3,0,2026-09-13 06:55:50
2026-09-13 06:48:15,DATA400,0132,Salman Safdar,27,8,0,2026-09-13 06:55:50
2026-09-13 06:48:15,DATA400,0211,Timothy Pilachowski,30,3,0,2026-09-13 06:55:50
2026-09-13 06:48:15,DATA400,0212,Timothy Pilachowski,30,4,0,2026-09-13 06:55:50
2026-09-13 06:48:15,DATA400,0221,Timothy Pilachowski,30,3,0,2026-09-13 06:55:50
2026-09-13 06:48:15,DATA400,0222,Timothy Pilachowski,30,0,0,2026-09-13 06:55:50
2026-09-13 06:48:15,DATA400,0231,Timothy Pilachowski,30,0,0,2026-09-13 06:55:50
2026-09-13 06:48:15,DATA400,0232,Timothy Pilachowski,30,3,0,2026-09-13 06:55:50
2026-09-13 06:48:15,DATA400,0311,Mestiyage Gunatilleka,32,0,1,2026-09-13 06:55:50
2026-09-13 06:48:15,DATA400,0312,Mestiyage Gunatilleka,30,0,2,2026-09-13 06:55:50
2026-09-13 06:48:15,DATA400,0321,Mestiyage Gunatilleka,32,0,1,2026-09-13 06:55:50
2026-09-13 06:48:15,DATA400,0322,Mestiyage Gunatilleka,30,0,1,2026-09-13 06:55:50
2026-09-13 06:48:15,DATA400,0331,Mestiyage Gunatilleka,32,0,1,2026-09-13 06:55:50
2026-09-13 06:48:15,DATA400,0332,Mestiyage Gunatilleka,30,0,1,2026-09-13 06:55:50
2026-09-13 06:48:15,DATA400,0511,Shixin Zheng,35,0,0,2026-09-13 06:55:50
2026-09-13 06:48:15,DATA400,0521,Shixin Zheng,35,0,0,2026-09-13 06:55:50
2026-09-13 06:48:15,DATA400,0531,Shixin Zheng,35,0,0,2026-09-13 06:55:50
2026-09-13 06:48:15,DATA601,PCS1,Sandra Cerrai,50,6,0,2026-09-13 06:55:50
2026-09-13 06:48:15,DATA601,PCS2,Jonathan Fernandes,60,20,0,2026-09-13 06:55:50
2026-09-13 06:48:15,DATA601,PWS1,Leonid Koralov,60,3,0,2026-09-13 06:55:50
2026-09-13 06:48:15,DATA602,PCS1,Sujeong Kim,44,5,0,2026-09-13 06:55:51
2026-09-13 06:48:15,DATA602,PCS2,Sujeong Kim,44,9,0,2026-09-13 06:55:51
2026-09-13 06:48:15,DATA602,PWS1,Fardina Alam,44,3,0,2026-09-13 06:55:51
2026-09-13 06:48:15,DATA603,PCS1,Babak Azimi-Sadjadi,55,14,0,2026-09-13 06:55:51
2026-09-13 06:48:15,DATA603,PWS1,Kemal Davaslioglu,55,19,0,2026-09-13 06:55:51
2026-09-13 06:48:15,DATA605,PCS1,Tammy Perrin,44,30,0,2026-09-13 06:55:52
2026-09-13 06:48:15,DATA605,PCS2,Tammy Perrin,44,21,0,2026-09-13 06:55:52
2026-09-13 06:48:15,DATA605,PWS1,Giacinto Paolo Saggese,44,35,0,2026-09-13 06:55:52
2026-09-13 06:48:15,DATA607,PCS1,Mestiyage Gunatilleka,44,29,0,2026-09-13 06:55:52
2026-09-13 06:48:15,DATA607,PCS2,Kendall Williams,55,0,1,2026-09-13 06:55:52
2026-09-13 06:48:15,DATA607,PCS3,Vincent Lyzinski,44,3,0,2026-09-13 06:55:52
2026-09-13 06:48:15,DATA612,PCS1,Samet Ayhan,50,23,0,2026-09-13 06:55:53
2026-09-13 06:48:15,DATA612,PWS1,Samet Ayhan,44,14,0,2026-09-13 06:55:53
2026-09-13 06:48:15,DATA641,PCS1,Toki Inan,50,19,0,2026-09-13 06:55:53
2026-09-13 06:48:15,DATA641,PWS1,Armin Mehrabian,50,0,0,2026-09-13 06:55:53
2026-09-13 06:48:15,DATA643,PCS1,Charles Forgy,50,30,0,2026-09-13 06:55:53
2026-09-13 06:48:15,DATA650,PCS1,Emre Gunduzhan,54,8,0,2026-09-13 06:55:54
2026-09-13 06:48:15,DATA650,PCS2,Emre Gunduzhan,54,10,0,2026-09-13 06:55:54
2026-09-13 06:48:15,ENAI600,0101,C Ravishankar,35,21,0,2026-09-13 06:56:33
2026-09-13 06:48:15,ENAI600,AEC1,C Ravishankar,20,5,0,2026-09-13 06:56:33
2026-09-13 06:48:15,ENAI601,0101,Richard La,35,22,0,2026-09-13 06:56:33
2026-09-13 06:48:15,ENAI601,AEC1,Richard La,20,8,0,2026-09-13 06:56:33
2026-09-13 06:48:15,ENAI607,0101,Zoltan Safar,29,24,0,2026-09-13 06:56:34
2026-09-13 06:48:15,ENAI607,AEC1,Zoltan Safar,20,9,0,2026-09-13 06:56:34
2026-09-13 06:48:15,ENBC301,ESG1,Sivan Saravanapavan,20,9,0,2026-09-13 06:56:37
2026-09-13 06:48:15,ENBC311,ESG1,Bahaa Ghammraoui,20,11,0,2026-09-13 06:56:37
2026-09-13 06:48:15,ENBC322,ESG1,Kyunghun Lee,20,11,0,2026-09-13 06:56:39
2026-09-13 06:48:15,ENBC331,ESG1,Lan Ma,20,10,0,2026-09-13 06:56:39
2026-09-13 06:48:15,ENBC332,ESG1,Jamasp Azarnoosh,20,11,0,2026-09-13 06:56:40
2026-09-13 06:48:15,ENBC341,ESG1,Jarred Callura,20,12,0,2026-09-13 06:56:40
2026-09-13 06:48:15,ENBC353,ESG1,Jarred Callura,20,15,0,2026-09-13 06:56:41
2026-09-13 06:48:15,ENBC423,ESG1,Jian Su,20,13,0,2026-09-13 06:56:42
2026-09-13 06:48:15,ENBC425,ESG1,Jamasp Azarnoosh,20,13,0,2026-09-13 06:56:42
2026-09-13 06:48:15,ENBC431,ESG1,Lan Ma,20,13,0,2026-09-13 06:56:43
2026-09-13 06:48:15,ENEB302,ESG1,Wesley Lawson,20,3,0,2026-09-13 06:57:00
2026-09-13 06:48:15,ENEB340,ESG1,Nestor Michael Tiglao,20,3,0,2026-09-13 06:57:00
2026-09-13 06:48:15,ENEB341,ESG1,Nestor Michael Tiglao,20,3,0,2026-09-13 06:57:01
2026-09-13 06:48:15,ENEB344,ESG1,Jerry Wu,20,3,0,2026-09-13 06:57:01
2026-09-13 06:48:15,ENEB346,ESG1,Nestor Michael Tiglao,20,13,0,2026-09-13 06:57:02
2026-09-13 06:48:15,ENEB354,ESG1,Yavuz Oruc,20,2,0,2026-09-13 06:57:02
2026-09-13 06:48:15,ENEB408A,ESG1,Nestor Michael Tiglao,20,13,0,2026-09-13 06:57:03
2026-09-13 06:48:15,ENEB444,ESG1,Manoj Franklin,20,13,0,2026-09-13 06:57:03
2026-09-13 06:48:15,ENEB454,ESG1,Jerry Wu,20,13,0,2026-09-13 06:57:03
2026-09-13 06:48:15,ENED036,0101,Hillary Owusu,20,5,0,2026-09-13 06:57:05
2026-09-13 06:48:15,ENED101,0101,Shannon Bate,20,0,0,2026-09-13 06:57:06
2026-09-13 06:48:15,ENED115,0101,Friedrich Alvarez,100,6,0,2026-09-13 06:57:06
2026-09-13 06:48:15,ENED215,0101,Tyler Huddleston,30,0,0,2026-09-13 06:57:06
2026-09-13 06:48:15,ENED215,0102,Samantha Sabihi,40,26,0,2026-09-13 06:57:06
2026-09-13 06:48:15,ENED215,0103,Paige Smith,6,0,0,2026-09-13 06:57:06
2026-09-13 06:48:15,ENED290H,0101,Christopher Troilo,46,1,0,2026-09-13 06:57:07
2026-09-13 06:48:15,ENED390H,0101,Tony Barber,50,13,0,2026-09-13 06:57:07
2026-09-13 06:48:15,ENED394H,0101,Manmohan Aseri,65,14,0,2026-09-13 06:57:08
2026-09-13 06:48:15,ENED397,0101,Emily Marks,9,0,0,2026-09-13 06:57:08
2026-09-13 06:48:15,ENED490H,0101,Maria Bardossy,45,1,0,2026-09-13 06:57:09
2026-09-13 06:48:15,ENED491,0101,Jessica Roffe,10,1,0,2026-09-13 06:57:09
2026-09-13 06:48:15,ENMT301,ESG1,Colleen Murray,15,8,0,2026-09-13 06:58:31
2026-09-13 06:48:15,ENMT322,ESG1,Norman Wereley,15,9,0,2026-09-13 06:58:31
2026-09-13 06:48:15,ENMT361,ESG1,Young Choi,15,8,0,2026-09-13 06:58:31
2026-09-13 06:48:15,ENMT380,ESG1,Gurtajbir Herr,15,8,0,2026-09-13 06:58:32
2026-09-13 06:48:15,ENMT450,ESG1,Nicholas Limparis,7,5,0,2026-09-13 06:58:32
2026-09-13 06:48:15,ENMT471,ESG1,Colleen Murray,7,5,0,2026-09-13 06:58:33
2026-09-13 06:48:15,ENMT473,ESG1,Gurtajbir Herr,7,4,0,2026-09-13 06:58:33
2026-09-13 06:48:15,ENMT483,ESG1,Nicholas Limparis,7,5,0,2026-09-13 06:58:34
2026-09-13 06:48:15,ENMT499,ESG4,Nicholas Limparis,2,1,0,2026-09-13 06:58:34
2026-09-13 06:48:15,ENSE621,0101,Tony Barber,22,16,0,2026-09-13 06:58:43
2026-09-13 06:48:15,ENSE621,SY01,Tony Barber,15,0,0,2026-09-13 06:58:43
2026-09-13 06:48:15,ENSE623,0101,Steven Biemer,17,14,0,2026-09-13 06:58:43
2026-09-13 06:48:15,ENSE623,SY01,Steven Biemer,15,11,0,2026-09-13 06:58:43
2026-09-13 06:48:15,ENSE626,0101,Dane Cooper,20,16,0,2026-09-13 06:58:44
2026-09-13 06:48:15,ENSE626,SY01,Dane Cooper,15,9,0,2026-09-13 06:58:44
2026-09-13 06:48:15,ENSP101,0101,Annette Spivy,25,0,0,2026-09-13 06:58:46
2026-09-13 06:48:15,ENSP101,0102,Annette Spivy,24,0,0,2026-09-13 06:58:46
2026-09-13 06:48:15,ENSP101,0103,Annette Spivy,24,2,0,2026-09-13 06:58:46
2026-09-13 06:48:15,ENSP101,0104,Annette Spivy,24,1,0,2026-09-13 06:58:46
2026-09-13 06:48:15,ENSP101,0105,Annette Spivy,25,1,0,2026-09-13 06:58:46
2026-09-13 06:48:15,ENSP101,0106,Annette Spivy,24,0,0,2026-09-13 06:58:46
2026-09-13 06:48:15,ENSP101,0107,Annette Spivy,24,0,0,2026-09-13 06:58:46
2026-09-13 06:48:15,ENSP101,FC01,Annette Spivy,32,1,0,2026-09-13 06:58:46
2026-09-13 06:48:15,ENSP305,0101,Annette Spivy,23,0,1,2026-09-13 06:58:47
2026-09-13 06:48:15,ENSP330,0101,Joanna Goger,35,0,0,2026-09-13 06:58:47
2026-09-13 06:48:15,ENSP340,0101,Caroline Boules,25,0,0,2026-09-13 06:58:47
2026-09-13 06:48:15,ENSP360,0101,Leena Malayil,25,0,5,2026-09-13 06:58:48
2026-09-13 06:48:15,ENSP399R,0601,Annette Spivy,10,10,0,2026-09-13 06:58:49
2026-09-13 06:48:15,ENSP399R,1001,Jennifer Mullinax,10,10,0,2026-09-13 06:58:49
2026-09-13 06:48:15,ENSP400,0101,Joanna Goger,35,13,0,2026-09-13 06:58:50
2026-09-13 06:48:15,ENSP400,0102,Joanna Goger,35,11,0,2026-09-13 06:58:50
2026-09-13 06:48:15,ENVH121,FC01,Brienna Anderson,20,12,0,2026-09-13 06:59:12
2026-09-13 06:48:15,ENVH381,0101,Donald Milton,30,10,0,2026-09-13 06:59:13
2026-09-13 06:48:15,FGSM310,0101,Peter Owen,24,1,0,2026-09-13 06:59:18
2026-09-13 06:48:15,FGSM315,0101,Emily Shetty,22,0,0,2026-09-13 06:59:19
2026-09-13 06:48:15,FGSM320,0101,Woodie Kessel,24,2,0,2026-09-13 06:59:19
2026-09-13 06:48:15,FGSM325,0101,Rob Long,20,1,0,2026-09-13 06:59:20
2026-09-13 06:48:15,FGSM330,0101,Andrew Fausett,22,2,0,2026-09-13 06:59:20
2026-09-13 06:48:15,FGSM340,0101,Ed Fendley,22,1,0,2026-09-13 06:59:20
2026-09-13 06:48:15,FGSM350,0101,Sean Misko,22,1,0,2026-09-13 06:59:21
2026-09-13 06:48:15,FGSM355,0101,Amanda Schoch,20,0,0,2026-09-13 06:59:21
2026-09-13 06:48:15,FGSM360,0101,Nadia Farra,21,0,0,2026-09-13 06:59:22
2026-09-13 06:48:15,FGSM365,0101,Andrew Nissen,20,2,0,2026-09-13 06:59:22
2026-09-13 06:48:15,FGSM370,0101,Joshua Glasser,20,0,0,2026-09-13 06:59:23
2026-09-13 06:48:15,FGSM390,0101,Sasha Koo-Oshima,20,3,0,2026-09-13 06:59:23
2026-09-13 06:48:15,FGSM398,0101,Jayakumar Arasan,25,21,0,2026-09-13 06:59:23
2026-09-13 06:48:15,FGSM398,0201,Jayakumar Arasan,5,2,0,2026-09-13 06:59:23
2026-09-13 06:48:15,FIRE120,0101,Jessica O'Hara,36,0,0,2026-09-13 06:59:25
2026-09-13 06:48:15,FIRE120,0102,Shannon Hilton,36,7,0,2026-09-13 06:59:25
2026-09-13 06:48:15,FIRE120,0103,Jaclyn Bruner,36,2,0,2026-09-13 06:59:25
2026-09-13 06:48:15,FIRE120,0104,Danielle Niu,36,0,0,2026-09-13 06:59:25
2026-09-13 06:48:15,FIRE120,0105,Cherisse Hall,36,0,0,2026-09-13 06:59:25
2026-09-13 06:48:15,FIRE120,0106,Sara Strey,36,0,0,2026-09-13 06:59:25
2026-09-13 06:48:15,FIRE120,0107,Helene Nguemgaing,36,1,0,2026-09-13 06:59:25
2026-09-13 06:48:15,FIRE120,0108,Mary Chey,36,0,0,2026-09-13 06:59:25
2026-09-13 06:48:15,FIRE120,0109,Shannon Hilton,36,0,0,2026-09-13 06:59:25
2026-09-13 06:48:15,FIRE120,0110,Lena Johnson,36,0,0,2026-09-13 06:59:25
2026-09-13 06:48:15,FIRE120,0111,Benjamin Huffman,36,0,0,2026-09-13 06:59:25
2026-09-13 06:48:15,FIRE120,0112,Mary Chey,36,1,0,2026-09-13 06:59:25
2026-09-13 06:48:15,FIRE120,0113,Elizabeth Massey,36,8,0,2026-09-13 06:59:25
2026-09-13 06:48:15,FIRE120,0114,Benjamin Huffman,36,0,0,2026-09-13 06:59:25
2026-09-13 06:48:15,FIRE120,FC01,Danielle Niu,40,0,7,2026-09-13 06:59:25
2026-09-13 06:48:15,FIRE298,0101,Catherine Spirito,28,3,0,2026-09-13 06:59:26
2026-09-13 06:48:15,FIRE298,0103,Cherisse Hall,36,7,0,2026-09-13 06:59:26
2026-09-13 06:48:15,FIRE298,0104,Jessica O'Hara,36,4,0,2026-09-13 06:59:26
2026-09-13 06:48:15,FIRE298,0105,Kaylee Bloom,36,7,0,2026-09-13 06:59:26
2026-09-13 06:48:15,FIRE298,0106,Danielle Niu,36,16,0,2026-09-13 06:59:26
2026-09-13 06:48:15,FIRE298,0107,Benjamin Huffman,40,1,0,2026-09-13 06:59:26
2026-09-13 06:48:15,FIRE298,0108,Elizabeth Massey,40,14,0,2026-09-13 06:59:26
2026-09-13 06:48:15,FIRE298,0109,Shannon Hilton,40,6,0,2026-09-13 06:59:26
2026-09-13 06:48:15,FIRE298,0110,Jaclyn Bruner,40,19,0,2026-09-13 06:59:26
2026-09-13 06:48:15,FIRE298,0111,Mary Chey,36,4,0,2026-09-13 06:59:26
2026-09-13 06:48:15,FIRE298,0112,Helene Nguemgaing,40,16,0,2026-09-13 06:59:26
2026-09-13 06:48:15,FIRE298,0113,Kristina Kramarczuk,40,11,0,2026-09-13 06:59:26
2026-09-13 06:48:15,FIRE298,0114,Shabnam Jabeen,40,22,0,2026-09-13 06:59:26
2026-09-13 06:48:15,FIRE298,0115,Sara Strey,40,14,0,2026-09-13 06:59:26
2026-09-13 06:48:15,FIRE298,0116,Lena Johnson,40,6,0,2026-09-13 06:59:26
2026-09-13 06:48:15,FIRE398,0101,Catherine Spirito,15,2,0,2026-09-13 06:59:26
2026-09-13 06:48:15,FIRE398,0103,Cherisse Hall,15,5,0,2026-09-13 06:59:26
2026-09-13 06:48:15,FIRE398,0104,Jessica O'Hara,15,1,0,2026-09-13 06:59:26
2026-09-13 06:48:15,FIRE398,0105,Kaylee Bloom,15,2,0,2026-09-13 06:59:26
2026-09-13 06:48:15,FIRE398,0106,Danielle Niu,15,10,0,2026-09-13 06:59:26
2026-09-13 06:48:15,FIRE398,0107,Benjamin Huffman,15,3,0,2026-09-13 06:59:26
2026-09-13 06:48:15,FIRE398,0108,Elizabeth Massey,15,6,0,2026-09-13 06:59:26
2026-09-13 06:48:15,FIRE398,0109,Shannon Hilton,15,6,0,2026-09-13 06:59:26
2026-09-13 06:48:15,FIRE398,0110,Jaclyn Bruner,15,9,0,2026-09-13 06:59:26
2026-09-13 06:48:15,FIRE398,0111,Mary Chey,15,3,0,2026-09-13 06:59:26
2026-09-13 06:48:15,FIRE398,0112,Helene Nguemgaing,15,15,0,2026-09-13 06:59:26
2026-09-13 06:48:15,FIRE398,0113,Kristina Kramarczuk,15,8,0,2026-09-13 06:59:26
2026-09-13 06:48:15,FIRE398,0114,Shabnam Jabeen,15,15,0,2026-09-13 06:59:26
2026-09-13 06:48:15,FIRE398,0115,Sara Strey,15,14,0,2026-09-13 06:59:26
2026-09-13 06:48:15,FIRE398,0116,Lena Johnson,15,11,0,2026-09-13 06:59:26
2026-09-13 06:48:15,GBHL200,0101,Hassanatu Blake,30,0,0,2026-09-13 06:59:48
2026-09-13 06:48:15,GBHL200,FC01,Zandra Andre,25,3,0,2026-09-13 06:59:48
2026-09-13 06:48:15,GBHL210,0101,Leena Malayil,25,8,0,2026-09-13 06:59:49
2026-09-13 06:48:15,GEMS101,0101,Allison Lansverk,10,1,0,2026-09-13 06:59:52
2026-09-13 06:48:15,GEMS101,0103,Allison Lansverk,10,0,0,2026-09-13 06:59:52
2026-09-13 06:48:15,GEMS101,0104,Allison Lansverk,10,0,0,2026-09-13 06:59:52
2026-09-13 06:48:15,GEMS101,0105,Allison Lansverk,10,0,0,2026-09-13 06:59:52
2026-09-13 06:48:15,GEMS101,0106,Allison Lansverk,10,0,0,2026-09-13 06:59:52
2026-09-13 06:48:15,GEMS101,0107,Allison Lansverk,10,0,0,2026-09-13 06:59:52
2026-09-13 06:48:15,GEMS101,0109,Allison Lansverk,10,0,0,2026-09-13 06:59:52
2026-09-13 06:48:15,GEMS101,0111,Allison Lansverk,10,0,0,2026-09-13 06:59:52
2026-09-13 06:48:15,GEMS101,0113,Allison Lansverk,10,0,0,2026-09-13 06:59:52
2026-09-13 06:48:15,GEMS101,0114,Allison Lansverk,10,0,0,2026-09-13 06:59:52
2026-09-13 06:48:15,GEMS202,0101,David Lovell,168,43,0,2026-09-13 06:59:52
2026-09-13 06:48:15,GEMS208A,0101,Allison Lansverk,14,14,0,2026-09-13 06:59:53
2026-09-13 06:48:15,GEMS208B,0101,Allison Lansverk,14,14,0,2026-09-13 06:59:53
2026-09-13 06:48:15,GEMS208C,0101,Allison Lansverk,23,10,0,2026-09-13 06:59:54
2026-09-13 06:48:15,GEMS208D,0101,Allison Lansverk,10,9,0,2026-09-13 06:59:54
2026-09-13 06:48:15,GEMS208P,0101,Allison Lansverk,20,5,0,2026-09-13 06:59:54
2026-09-13 06:48:15,GEMS296,0101,Sehrish Shikarpurya,14,6,0,2026-09-13 06:59:55
2026-09-13 06:48:15,GEMS296,0102,David Lovell,14,1,0,2026-09-13 06:59:55
2026-09-13 06:48:15,GEMS296,0103,Myles Poulin,14,1,0,2026-09-13 06:59:55
2026-09-13 06:48:15,GEMS296,0104,Raymond Adomaitis,14,3,0,2026-09-13 06:59:55
2026-09-13 06:48:15,GEMS296,0105,Rodolphe Gentili,14,4,0,2026-09-13 06:59:55
2026-09-13 06:48:15,GEMS296,0106,Jared Grauer,14,6,0,2026-09-13 06:59:55
2026-09-13 06:48:15,GEMS296,0107,Fengfeng Ke,14,4,0,2026-09-13 06:59:55
2026-09-13 06:48:15,GEMS296,0108,Eric Silk,14,4,0,2026-09-13 06:59:55
2026-09-13 06:48:15,GEMS296,0109,Huang Chiao Huang,14,1,0,2026-09-13 06:59:55
2026-09-13 06:48:15,GEMS296,0110,Mengqiang Zhu,14,6,0,2026-09-13 06:59:55
2026-09-13 06:48:15,GEMS296,0111,Maria Molina,14,6,0,2026-09-13 06:59:55
2026-09-13 06:48:15,GEMS296,0112,Erin Tran,14,1,0,2026-09-13 06:59:55
2026-09-13 06:48:15,GEMS296,0113,Instructor: TBA,5,5,0,2026-09-13 06:59:55
2026-09-13 06:48:15,GEMS296,0114,Instructor: TBA,14,14,0,2026-09-13 06:59:55
2026-09-13 06:48:15,GEMS296,0115,David Lovell,5,5,0,2026-09-13 06:59:55
2026-09-13 06:48:15,GEMS297,0113,Instructor: TBA,5,5,0,2026-09-13 06:59:55
2026-09-13 06:48:15,GEMS396,0101,Michael Humber,14,7,0,2026-09-13 06:59:56
2026-09-13 06:48:15,GEMS396,0102,Seth Dickey,14,2,0,2026-09-13 06:59:56
2026-09-13 06:48:15,GEMS396,0103,Cecilia Huertas Cerdeira,14,7,0,2026-09-13 06:59:56
2026-09-13 06:48:15,GEMS396,0104,Rodolphe Gentili,14,2,0,2026-09-13 06:59:56
2026-09-13 06:48:15,GEMS396,0105,Allison Reilly,14,5,0,2026-09-13 06:59:56
2026-09-13 06:48:15,GEMS396,0106,Peter Sunderland,14,5,0,2026-09-13 06:59:56
2026-09-13 06:48:15,GEMS396,0107,Brett Lacey,14,8,0,2026-09-13 06:59:56
2026-09-13 06:48:15,GEMS396,0108,Natalia Buzulukova,14,4,0,2026-09-13 06:59:56
2026-09-13 06:48:15,GEMS396,0109,Anil Deane,14,4,0,2026-09-13 06:59:56
2026-09-13 06:48:15,GEMS396,0110,Colenso Speer,14,3,0,2026-09-13 06:59:56
2026-09-13 06:48:15,GEMS396,0111,Instructor: TBA,14,14,0,2026-09-13 06:59:56
2026-09-13 06:48:15,GEMS396,0112,Instructor: TBA,14,14,0,2026-09-13 06:59:56
2026-09-13 06:48:15,GEMS396,0113,David Lovell,5,5,0,2026-09-13 06:59:56
2026-09-13 06:48:15,GEMS396,0114,David Lovell,5,5,0,2026-09-13 06:59:56
2026-09-13 06:48:15,GEMS397,0113,David Lovell,5,4,0,2026-09-13 06:59:56
2026-09-13 06:48:15,GEMS496,0101,Eric Haag,14,8,0,2026-09-13 06:59:57
2026-09-13 06:48:15,GEMS496,0102,Mohammad Nayeem Teli,14,10,0,2026-09-13 06:59:57
2026-09-13 06:48:15,GEMS496,0103,Norberto Gonzalez- Juarbe,14,4,0,2026-09-13 06:59:57
2026-09-13 06:48:15,GEMS496,0104,Abhinav Shrivastava,14,6,0,2026-09-13 06:59:57
2026-09-13 06:48:15,GEMS496,0105,Hector Alcala,14,4,0,2026-09-13 06:59:57
2026-09-13 06:48:15,GEMS496,0106,Massimo Ricotti,14,4,0,2026-09-13 06:59:57
2026-09-13 06:48:15,GEMS496,0107,Reza Ghodssi,14,7,0,2026-09-13 06:59:57
2026-09-13 06:48:15,GEMS496,0108,Nikhil Chopra,14,8,0,2026-09-13 06:59:57
2026-09-13 06:48:15,GEMS496,0109,Kimberly Stroka,14,4,0,2026-09-13 06:59:57
2026-09-13 06:48:15,GEMS496,0110,Gorjan Alagic,14,13,0,2026-09-13 06:59:57
2026-09-13 06:48:15,GEMS496,0111,Alisa Clyne,14,6,0,2026-09-13 06:59:57
2026-09-13 06:48:15,GEMS496,0112,Xin Zan,14,10,0,2026-09-13 06:59:57
2026-09-13 06:48:15,GEMS496,0113,Erin Tran,14,14,0,2026-09-13 06:59:57
2026-09-13 06:48:15,GEMS496,0114,David Lovell,5,5,0,2026-09-13 06:59:57
2026-09-13 06:48:15,GEMS497,0107,Instructor: TBA,14,14,0,2026-09-13 06:59:57
2026-09-13 06:48:15,GEMS497,0110,Instructor: TBA,5,5,0,2026-09-13 06:59:57
2026-09-13 06:48:15,GEMS497,0113,David Lovell,5,5,0,2026-09-13 06:59:57
2026-09-13 06:48:15,GFPL100,0101,Joshua Itzkowitz Shifrinson,20,1,0,2026-09-13 07:00:27
2026-09-13 06:48:15,GFPL100,0102,Joshua Itzkowitz Shifrinson,20,1,0,2026-09-13 07:00:27
2026-09-13 06:48:15,GFPL100,0103,Joshua Itzkowitz Shifrinson,20,1,0,2026-09-13 07:00:27
2026-09-13 06:48:15,GFPL100,0104,Joshua Itzkowitz Shifrinson,20,0,0,2026-09-13 07:00:27
2026-09-13 06:48:15,GFPL100,0105,Joshua Itzkowitz Shifrinson,20,2,0,2026-09-13 07:00:27
2026-09-13 06:48:15,GFPL100,0106,Joshua Itzkowitz Shifrinson,25,2,0,2026-09-13 07:00:27
2026-09-13 06:48:15,GFPL100,FC01,Devin Entrikin,30,0,0,2026-09-13 07:00:27
2026-09-13 06:48:15,GFPL102,0101,Caroline Ritter,95,32,0,2026-09-13 07:00:27
2026-09-13 06:48:15,GFPL371,0101,Joshua Itzkowitz Shifrinson,35,0,0,2026-09-13 07:00:28
2026-09-13 06:48:15,GFPL388A,0101,Shannon Carcelli,5,5,0,2026-09-13 07:00:28
2026-09-13 06:48:15,GFPL388B,0101,Hyunki Kim,5,5,0,2026-09-13 07:00:28
2026-09-13 06:48:15,GFPL388C,0101,Scott Kastner,5,0,0,2026-09-13 07:00:29
2026-09-13 06:48:15,GFPL390,0101,Lena Andrews,20,0,0,2026-09-13 07:00:29
2026-09-13 06:48:15,GFPL490,0101,Michael Woldemariam,15,2,0,2026-09-13 07:00:30
2026-09-13 06:48:15,GFPL492,0101,Steve Fetter,20,1,0,2026-09-13 07:00:30
2026-09-13 06:48:15,GLBC200,0101,Chris Lewis,30,4,0,2026-09-13 07:00:32
2026-09-13 06:48:15,GLBC350,0101,Michele Mason,30,27,0,2026-09-13 07:00:32
2026-09-13 06:48:15,HACS100,0101,Cassie Harrington,40,1,0,2026-09-13 07:00:53
2026-09-13 06:48:15,HACS100,0201,Cassie Harrington,40,15,0,2026-09-13 07:00:53
2026-09-13 06:48:15,HACS200,0101,Michel Cukier,34,10,0,2026-09-13 07:00:53
2026-09-13 06:48:15,HACS200,0201,Michel Cukier,34,1,0,2026-09-13 07:00:53
2026-09-13 06:48:15,HACS202,0101,Bertrand Sobesto,52,19,0,2026-09-13 07:00:55
2026-09-13 06:48:15,HACS208A,0101,Lawrence Gordon,20,0,2,2026-09-13 07:00:55
2026-09-13 06:48:15,HACS208C,0101,Lamia Zia,26,9,0,2026-09-13 07:00:56
2026-09-13 06:48:15,HACS208P,0101,Charles Harry,26,0,0,2026-09-13 07:00:56
2026-09-13 06:48:15,HACS297,0101,Sarah Herberger,25,5,0,2026-09-13 07:00:57
2026-09-13 06:48:15,HACS408E,0101,Luke Mains,30,10,0,2026-09-13 07:00:58
2026-09-13 06:48:15,HACS408L,0101,Ian Serbin,30,2,0,2026-09-13 07:00:58
2026-09-13 06:48:15,HACS408M,0101,John McGahagan,30,0,0,2026-09-13 07:00:59
2026-09-13 06:48:15,HACS498,0101,Thomas Woods,7,1,0,2026-09-13 07:01:00
2026-09-13 06:48:15,HACS498,0201,David Trott,9,0,0,2026-09-13 07:01:00
2026-09-13 06:48:15,HACS498,0301,Michel Cukier,8,0,0,2026-09-13 07:01:00
2026-09-13 06:48:15,HBUS100,0101,Jui Ramaprasad,72,4,0,2026-09-13 07:01:01
2026-09-13 06:48:15,HBUS200,0101,Nicole Coomber,60,1,0,2026-09-13 07:01:02
2026-09-13 06:48:15,HDCC105,0101,Antwon Key,70,7,0,2026-09-13 07:01:04
2026-09-13 06:48:15,HDCC201,0101,Jessica Lu,22,0,0,2026-09-13 07:01:04
2026-09-13 06:48:15,HDCC201,0201,Jessica Lu,22,0,0,2026-09-13 07:01:04
2026-09-13 06:48:15,HDCC201,0301,Jessica Lu,22,3,0,2026-09-13 07:01:04
2026-09-13 06:48:15,HDCC208A,0101,William Evans,14,0,0,2026-09-13 07:01:05
2026-09-13 06:48:15,HDCC208J,0101,Grant Bollmer,14,0,0,2026-09-13 07:01:05
2026-09-13 06:48:15,HDCC208P,0101,Cliff Bakalian,14,1,0,2026-09-13 07:01:06
2026-09-13 06:48:15,HDCC208T,0101,Jonathan Reyes,14,0,0,2026-09-13 07:01:06
2026-09-13 06:48:15,HDCC208Z,0101,M Sauter,14,7,0,2026-09-13 07:01:07
2026-09-13 06:48:15,HEBR106,0101,Avital Karpman,15,1,0,2026-09-13 07:01:09
2026-09-13 06:48:15,HEBR106,0201,Avital Karpman,15,5,0,2026-09-13 07:01:09
2026-09-13 06:48:15,HEBR206,0101,Avital Karpman,15,4,0,2026-09-13 07:01:09
2026-09-13 06:48:15,HEBR249C,0101,Aliza Sandalon,15,0,1,2026-09-13 07:01:10
2026-09-13 06:48:15,HEBR298B,0101,Matthew Suriano,25,0,0,2026-09-13 07:01:10
2026-09-13 06:48:15,HEBR313,0101,Aliza Sandalon,20,0,2,2026-09-13 07:01:11
2026-09-13 06:48:15,HGLO100,0101,Alfredo Oliveira,22,7,0,2026-09-13 07:01:31
2026-09-13 06:48:15,HGLO100,0102,Natalie Vinski Ibrahim,22,9,0,2026-09-13 07:01:31
2026-09-13 06:48:15,HGLO100,0103,Natalie Vinski Ibrahim,22,1,0,2026-09-13 07:01:31
2026-09-13 06:48:15,HGLO100,0104,Alfredo Oliveira,22,11,0,2026-09-13 07:01:31
2026-09-13 06:48:15,HGLO101,0101,Sarah Croco,23,3,0,2026-09-13 07:01:31
2026-09-13 06:48:15,HGLO101,0102,Sarah Croco,22,9,0,2026-09-13 07:01:31
2026-09-13 06:48:15,HGLO101,0103,Sarah Croco,22,5,0,2026-09-13 07:01:31
2026-09-13 06:48:15,HGLO101,0104,Sarah Croco,22,13,0,2026-09-13 07:01:31
2026-09-13 06:48:15,HGLO207,0101,Natalie Vinski Ibrahim,25,12,0,2026-09-13 07:01:32
2026-09-13 06:48:15,HGLO208,0101,Sarah Croco,45,25,0,2026-09-13 07:01:32
2026-09-13 06:48:15,HGLO298,0101,Jordan Gouws-Dewar,30,25,0,2026-09-13 07:01:32
2026-09-13 06:48:15,HLSC100,0101,Jalah Townsend,24,3,0,2026-09-13 07:02:18
2026-09-13 06:48:15,HLSC100,0102,Jalah Townsend,24,2,0,2026-09-13 07:02:18
2026-09-13 06:48:15,HLSC100,0103,Jalah Townsend,24,4,0,2026-09-13 07:02:18
2026-09-13 06:48:15,HLSC100,0104,Jalah Townsend,24,7,0,2026-09-13 07:02:18
2026-09-13 06:48:15,HLSC280,0101,Najib El-Sayed,25,3,0,2026-09-13 07:02:18
2026-09-13 06:48:15,HLSC280,0102,Najib El-Sayed,25,4,0,2026-09-13 07:02:18
2026-09-13 06:48:15,HLSC280,0103,Najib El-Sayed,25,4,0,2026-09-13 07:02:18
2026-09-13 06:48:15,HLSC280,0104,Najib El-Sayed,25,9,0,2026-09-13 07:02:18
2026-09-13 06:48:15,HLSC329,0101,Sabrina Kramer,12,4,0,2026-09-13 07:02:19
2026-09-13 06:48:15,HNUH100,0101,Robert Graham,20,3,0,2026-09-13 07:02:38
2026-09-13 06:48:15,HNUH100,0102,Robert Graham,20,0,0,2026-09-13 07:02:38
2026-09-13 06:48:15,HNUH100,0103,Brittany Proudfoot Ginder,20,1,0,2026-09-13 07:02:38
2026-09-13 06:48:15,HNUH100,0104,Max Barnewitz,20,1,0,2026-09-13 07:02:38
2026-09-13 06:48:15,HNUH100,0105,Vasfiye Toprak,20,0,0,2026-09-13 07:02:38
2026-09-13 06:48:15,HNUH100,0106,Vasfiye Toprak,20,2,0,2026-09-13 07:02:38
2026-09-13 06:48:15,HNUH100,0201,Max Barnewitz,20,1,0,2026-09-13 07:02:38
2026-09-13 06:48:15,HNUH100,0202,Max Barnewitz,20,0,0,2026-09-13 07:02:38
2026-09-13 06:48:15,HNUH100,0203,Vasfiye Toprak,20,2,0,2026-09-13 07:02:38
2026-09-13 06:48:15,HNUH100,0204,Vasfiye Toprak,20,0,0,2026-09-13 07:02:38
2026-09-13 06:48:15,HNUH100,0205,Ayondela McDole,20,4,0,2026-09-13 07:02:38
2026-09-13 06:48:15,HNUH100,0206,Ayondela McDole,20,0,0,2026-09-13 07:02:38
2026-09-13 06:48:15,HNUH100,0301,Robert Graham,20,0,0,2026-09-13 07:02:38
2026-09-13 06:48:15,HNUH100,0302,Shauna Rigaud,20,8,0,2026-09-13 07:02:38
2026-09-13 06:48:15,HNUH100,0303,Shauna Rigaud,20,0,0,2026-09-13 07:02:38
2026-09-13 06:48:15,HNUH100,0304,Max Barnewitz,20,3,0,2026-09-13 07:02:38
2026-09-13 06:48:15,HNUH100,0305,Vasfiye Toprak,20,0,0,2026-09-13 07:02:38
2026-09-13 06:48:15,HNUH100,0306,Vasfiye Toprak,20,1,0,2026-09-13 07:02:38
2026-09-13 06:48:15,HNUH100,0401,Gretchen Bella,20,0,0,2026-09-13 07:02:38
2026-09-13 06:48:15,HNUH100,0402,Gretchen Bella,20,6,0,2026-09-13 07:02:38
2026-09-13 06:48:15,HNUH100,0403,Max Barnewitz,20,1,0,2026-09-13 07:02:38
2026-09-13 06:48:15,HNUH100,0404,Ayondela McDole,20,6,0,2026-09-13 07:02:38
2026-09-13 06:48:15,HNUH100,0405,Ayondela McDole,20,0,0,2026-09-13 07:02:38
2026-09-13 06:48:15,HNUH100,0406,Ayondela McDole,20,4,0,2026-09-13 07:02:38
2026-09-13 06:48:15,HNUH100,0501,Leigha McReynolds,10,4,0,2026-09-13 07:02:38
2026-09-13 06:48:15,HNUH100,0601,Brittany Proudfoot Ginder,20,0,0,2026-09-13 07:02:38
2026-09-13 06:48:15,HNUH218D,0101,Brian Gilmore,48,0,2,2026-09-13 07:02:38
2026-09-13 06:48:15,HNUH218L,0101,Shauna Rigaud,20,0,0,2026-09-13 07:02:38
2026-09-13 06:48:15,HNUH218L,0201,Shauna Rigaud,20,0,0,2026-09-13 07:02:38
2026-09-13 06:48:15,HNUH228D,0101,Matthew McLaughlin,60,2,0,2026-09-13 07:02:39
2026-09-13 06:48:15,HNUH228L,0101,Alena Wigodner,20,0,0,2026-09-13 07:02:39
2026-09-13 06:48:15,HNUH228L,0201,Alena Wigodner,20,0,0,2026-09-13 07:02:39
2026-09-13 06:48:15,HNUH228N,0101,Peter Grybauskas,20,0,0,2026-09-13 07:02:40
2026-09-13 06:48:15,HNUH229I,0101,Gretchen Bella,23,3,0,2026-09-13 07:02:40
2026-09-13 06:48:15,HNUH238D,0101,Susan Moeller,60,3,0,2026-09-13 07:02:41
2026-09-13 06:48:15,HNUH238L,0101,Kimberly Johnson,20,2,0,2026-09-13 07:02:41
2026-09-13 06:48:15,HNUH238L,0201,Kimberly Johnson,20,0,0,2026-09-13 07:02:41
2026-09-13 06:48:15,HNUH238N,0101,Hannah Wegmann,20,6,0,2026-09-13 07:02:41
2026-09-13 06:48:15,HNUH239T,0101,Gerald Suarez,20,0,0,2026-09-13 07:02:42
2026-09-13 06:48:15,HNUH248D,0101,Juan Uriagereka,45,3,0,2026-09-13 07:02:42
2026-09-13 06:48:15,HNUH248L,0201,Robert Graham,20,5,0,2026-09-13 07:02:43
2026-09-13 06:48:15,HNUH248M,0101,Hassanatu Blake,20,13,0,2026-09-13 07:02:43
2026-09-13 06:48:15,HNUH248N,0101,Siv Lie,20,0,1,2026-09-13 07:02:43
2026-09-13 06:48:15,HNUH249P,0101,Temim Nusraty,20,2,0,2026-09-13 07:02:44
2026-09-13 06:48:15,HNUH258C,0101,Bill Fagan,55,26,0,2026-09-13 07:02:44
2026-09-13 06:48:15,HNUH258Q,0101,Tiara Thomas,20,1,0,2026-09-13 07:02:45
2026-09-13 06:48:15,HNUH259P,0101,Hooman Koliji,20,2,0,2026-09-13 07:02:45
2026-09-13 06:48:15,HNUH268C,0101,Perla Guerrero,60,35,0,2026-09-13 07:02:46
2026-09-13 06:48:15,HNUH269P,0101,Marisa Franco,20,0,1,2026-09-13 07:02:46
2026-09-13 06:48:15,HNUH278C,0101,Chinyere Osuji,60,37,0,2026-09-13 07:02:46
2026-09-13 06:48:15,HNUH278I,0101,Marisa Franco,20,5,0,2026-09-13 07:02:47
2026-09-13 06:48:15,HNUH278I,0102,Marisa Franco,20,1,0,2026-09-13 07:02:47
2026-09-13 06:48:15,HNUH278R,0101,Max Barnewitz,20,4,0,2026-09-13 07:02:47
2026-09-13 06:48:15,HNUH288C,0101,Julia Steinberg,30,3,0,2026-09-13 07:02:48
2026-09-13 06:48:15,HNUH288C,0103,Julia Steinberg,30,9,0,2026-09-13 07:02:48
2026-09-13 06:48:15,HNUH288O,0101,Ariana Nash,20,1,0,2026-09-13 07:02:48
2026-09-13 06:48:15,HNUH300,0301,Vasfiye Toprak,20,0,0,2026-09-13 07:02:49
2026-09-13 06:48:15,HNUH300,0401,Robert Graham,20,0,0,2026-09-13 07:02:49
2026-09-13 06:48:15,HNUH300,0601,Alena Wigodner,20,0,0,2026-09-13 07:02:49
2026-09-13 06:48:15,HNUH300,0701,Ingrid Satelmajer,20,14,0,2026-09-13 07:02:49
2026-09-13 06:48:15,HNUH300,0801,Shauna Rigaud,20,0,0,2026-09-13 07:02:49
2026-09-13 06:48:15,HNUH300,0901,Kimberly Johnson,20,4,0,2026-09-13 07:02:49
2026-09-13 06:48:15,HNUH300,1001,Ingrid Satelmajer,20,13,0,2026-09-13 07:02:49
2026-09-13 06:48:15,HNUH318T,0101,Peter Owen,24,1,0,2026-09-13 07:02:49
2026-09-13 06:48:15,HNUH319T,0101,Emily Shetty,22,0,0,2026-09-13 07:02:49
2026-09-13 06:48:15,HNUH328T,0101,Woodie Kessel,24,2,0,2026-09-13 07:02:50
2026-09-13 06:48:15,HNUH329T,0101,Rob Long,20,1,0,2026-09-13 07:02:50
2026-09-13 06:48:15,HNUH338T,0101,Andrew Fausett,22,2,0,2026-09-13 07:02:51
2026-09-13 06:48:15,HNUH348T,0101,Ed Fendley,22,1,0,2026-09-13 07:02:51
2026-09-13 06:48:15,HNUH358T,0101,Sean Misko,22,1,0,2026-09-13 07:02:51
2026-09-13 06:48:15,HNUH359T,0101,Amanda Schoch,20,0,0,2026-09-13 07:02:52
2026-09-13 06:48:15,HNUH368T,0101,Nadia Farra,21,0,0,2026-09-13 07:02:52
2026-09-13 06:48:15,HNUH369T,0101,Andrew Nissen,20,2,0,2026-09-13 07:02:53
2026-09-13 06:48:15,HNUH378T,0101,Joshua Glasser,20,0,0,2026-09-13 07:02:53
2026-09-13 06:48:15,HNUH398P,0101,Jayakumar Arasan,25,21,0,2026-09-13 07:02:54
2026-09-13 06:48:15,HNUH398P,0201,Jayakumar Arasan,5,2,0,2026-09-13 07:02:54
2026-09-13 06:48:15,HNUH398T,0101,Sasha Koo-Oshima,20,3,0,2026-09-13 07:02:54
2026-09-13 06:48:15,HONR368A,0101,Blake Wilder,22,0,0,2026-09-13 07:02:56
2026-09-13 06:48:15,IMDM101,0101,Mollye Bendell,30,16,0,2026-09-13 07:03:02
2026-09-13 06:48:15,IMDM101,0201,Myungin Lee,30,17,0,2026-09-13 07:03:02
2026-09-13 06:48:15,IMDM101,0301,Myungin Lee,30,23,0,2026-09-13 07:03:02
2026-09-13 06:48:15,IMDM127,0101,Roger Eastman,36,20,0,2026-09-13 07:03:02
2026-09-13 06:48:15,IMDM150,0101,Stefano Passeri,30,15,0,2026-09-13 07:03:02
2026-09-13 06:48:15,IMDM227,0101,Stevens Miller,30,2,0,2026-09-13 07:03:03
2026-09-13 06:48:15,IMDM227,0201,Stevens Miller,30,17,0,2026-09-13 07:03:03
2026-09-13 06:48:15,IMDM327,0101,Myungin Lee,25,0,0,2026-09-13 07:03:03
2026-09-13 06:48:15,IMDM350,0101,Jason Farman,29,12,0,2026-09-13 07:03:04
2026-09-13 06:48:15,IMDM490,0101,Matthew Nolan,30,0,0,2026-09-13 07:03:05
2026-09-13 06:48:15,IMDM490,0201,Matthew Nolan,30,16,0,2026-09-13 07:03:05
2026-09-13 06:48:15,IMDM498K,0101,Matthew Nolan,15,1,0,2026-09-13 07:03:05
2026-09-13 06:48:15,IMMR319D,0101,Beka Guluma,20,13,0,2026-09-13 07:03:07
2026-09-13 06:48:15,IMMR394,0101,Wenxi Yang,30,2,0,2026-09-13 07:03:08
2026-09-13 06:48:15,IMMR399,0101,Instructor: TBA,2,2,0,2026-09-13 07:03:08
2026-09-13 06:48:15,IMMR400,0101,Gerson Rosales,20,3,0,2026-09-13 07:03:09
2026-09-13 06:48:15,ISRL249J,0101,Aner Tal,30,24,0,2026-09-13 07:03:24
2026-09-13 06:48:15,ISRL249M,0101,Aliza Sandalon,15,0,1,2026-09-13 07:03:24
2026-09-13 06:48:15,ISRL283,0101,Shay Hazkani,35,6,0,2026-09-13 07:03:25
2026-09-13 06:48:15,ISRL349G,0101,Marwa Maziad,30,1,0,2026-09-13 07:03:25
2026-09-13 06:48:15,ISRL349K,0101,Regev Ben-David,30,24,0,2026-09-13 07:03:26
2026-09-13 06:48:15,ISRL349T,0101,Elli Lieberman,35,22,0,2026-09-13 07:03:26
2026-09-13 06:48:15,ISRL349Y,0101,Adina Friedman,35,27,0,2026-09-13 07:03:26
2026-09-13 06:48:15,ISRL382,0101,Ilai Saltzman,35,1,0,2026-09-13 07:03:27
2026-09-13 06:48:15,ISRL448R,0101,Morad Elsana,25,10,0,2026-09-13 07:03:27
2026-09-13 06:48:15,ITAL103,0101,Antonella D'Amario,18,14,0,2026-09-13 07:03:29
2026-09-13 06:48:15,ITAL103,0201,Antonella D'Amario,18,6,0,2026-09-13 07:03:29
2026-09-13 06:48:15,ITAL103,0301,Joseph Falvo,18,6,0,2026-09-13 07:03:29
2026-09-13 06:48:15,ITAL203,0101,Antonella D'Amario,18,9,0,2026-09-13 07:03:29
2026-09-13 06:48:15,ITAL203,0201,Antonella D'Amario,18,13,0,2026-09-13 07:03:29
2026-09-13 06:48:15,ITAL204,0101,Federica Soddu,18,14,0,2026-09-13 07:03:30
2026-09-13 06:48:15,ITAL207,0101,Mirella Vaglio,18,17,0,2026-09-13 07:03:30
2026-09-13 06:48:15,ITAL301,0101,Federica Soddu,20,11,0,2026-09-13 07:03:31
2026-09-13 06:48:15,ITAL362,0101,Federica Soddu,20,12,0,2026-09-13 07:03:31
2026-09-13 06:48:15,ITAL401,0101,Mirella Vaglio,15,12,0,2026-09-13 07:03:32
2026-09-13 06:48:15,ITAL421,0101,Joseph Falvo,25,14,0,2026-09-13 07:03:33
2026-09-13 06:48:15,ITAL478R,0101,Joseph Falvo,5,3,0,2026-09-13 07:03:33
2026-09-13 06:48:15,JAPN101,0101,Kumiko Akikawa,15,4,0,2026-09-13 07:03:35
2026-09-13 06:48:15,JAPN101,0201,Kumiko Akikawa,15,6,0,2026-09-13 07:03:35
2026-09-13 06:48:15,JAPN101,0301,Kumiko Akikawa,15,5,0,2026-09-13 07:03:35
2026-09-13 06:48:15,JAPN201,0101,Makiko Inoue,15,5,0,2026-09-13 07:03:36
2026-09-13 06:48:15,JAPN201,0201,Makiko Inoue,15,8,0,2026-09-13 07:03:36
2026-09-13 06:48:15,JAPN301,0101,Mari Hamada,15,9,0,2026-09-13 07:03:36
2026-09-13 06:48:15,JAPN311,0101,Jyana Browne,15,11,0,2026-09-13 07:03:37
2026-09-13 06:48:15,JAPN315,0101,Michele Mason,20,6,0,2026-09-13 07:03:37
2026-09-13 06:48:15,JAPN320,0101,Lindsay Yotsukura,15,8,0,2026-09-13 07:03:37
2026-09-13 06:48:15,JAPN498B,0101,Jyana Browne,20,3,0,2026-09-13 07:03:38
2026-09-13 06:48:15,KORA101,0101,Saerom Kwak,15,0,1,2026-09-13 07:06:06
2026-09-13 06:48:15,KORA101,0201,Saerom Kwak,15,1,0,2026-09-13 07:06:06
2026-09-13 06:48:15,KORA101,0301,Saerom Kwak,15,5,0,2026-09-13 07:06:06
2026-09-13 06:48:15,KORA101,0401,Saerom Kwak,15,5,0,2026-09-13 07:06:06
2026-09-13 06:48:15,KORA201,0101,Seong Minne Koh,15,4,0,2026-09-13 07:06:06
2026-09-13 06:48:15,KORA201,0201,Seong Minne Koh,15,5,0,2026-09-13 07:06:06
2026-09-13 06:48:15,KORA201,0301,Seong Minne Koh,15,8,0,2026-09-13 07:06:06
2026-09-13 06:48:15,KORA398G,0101,Instructor: TBA,10,7,0,2026-09-13 07:06:06
2026-09-13 06:48:15,KORA398W,0101,Seong Minne Koh,10,3,0,2026-09-13 07:06:07
2026-09-13 06:48:15,LEAD217,0101,Festus Ainoo,25,0,0,2026-09-13 07:06:28
2026-09-13 06:48:15,LEAD217,0201,Adrian Bitton,25,0,0,2026-09-13 07:06:28
2026-09-13 06:48:15,LEAD217,FC01,Festus Ainoo,22,0,1,2026-09-13 07:06:28
2026-09-13 06:48:15,LEAD305,0101,Anastasia Lavrenyuk,20,4,0,2026-09-13 07:06:28
2026-09-13 06:48:15,LEAD315,0101,Anastasia Lavrenyuk,25,11,0,2026-09-13 07:06:29
2026-09-13 06:48:15,LEAD320,0101,Courtney Holder,10,8,0,2026-09-13 07:06:29
2026-09-13 06:48:15,LGBT200,0201,Basanth Babu,25,0,3,2026-09-13 07:06:31
2026-09-13 06:48:15,LGBT265,0101,Tyra Griffin,30,0,0,2026-09-13 07:06:31
2026-09-13 06:48:15,LGBT265,0201,Declan Langton,30,2,0,2026-09-13 07:06:31
2026-09-13 06:48:15,LGBT359J,0101,Chris Eng,25,14,0,2026-09-13 07:06:32
2026-09-13 06:48:15,MLAW100,0101,Christine White,83,15,0,2026-09-13 07:07:21
2026-09-13 06:48:15,MLAW304,0201,Christine White,65,16,0,2026-09-13 07:07:21
2026-09-13 06:48:15,MLAW305,0101,Brian Gilmore,40,2,0,2026-09-13 07:07:22
2026-09-13 06:48:15,MLAW315,0101,Grace Benton,13,3,0,2026-09-13 07:07:22
2026-09-13 06:48:15,MLAW358Q,0101,David Cunningham,0,0,0,2026-09-13 07:07:23
2026-09-13 06:48:15,MLAW358T,0101,Christine White,25,6,0,2026-09-13 07:07:23
2026-09-13 06:48:15,MLAW358X,0101,Martin Kobren,5,0,0,2026-09-13 07:07:23
2026-09-13 06:48:15,MLAW359,0101,Brandee Pettus,10,4,0,2026-09-13 07:07:24
2026-09-13 06:48:15,MLAW378E,0101,Brandee Pettus,5,5,0,2026-09-13 07:07:24
2026-09-13 06:48:15,MLAW378K,0101,Brian Gilmore,20,1,0,2026-09-13 07:07:25
2026-09-13 06:48:15,MLAW378Q,0101,Paul Huth,2,0,0,2026-09-13 07:07:25
2026-09-13 06:48:15,MLAW378R,0101,Nancy Schertzing,13,2,0,2026-09-13 07:07:26
2026-09-13 06:48:15,MLAW388,0101,Brandee Pettus,40,20,0,2026-09-13 07:07:26
2026-09-13 06:48:15,MLSC250,FC01,William Simpson,24,5,0,2026-09-13 07:07:28
2026-09-13 06:48:15,NEUR200,0101,Ana Navarro Cebrian,80,4,0,2026-09-13 07:07:53
2026-09-13 06:48:15,NEUR200,0201,Ana Navarro Cebrian,80,0,2,2026-09-13 07:07:53
2026-09-13 06:48:15,NEUR200,0301,Evan Hart,80,0,1,2026-09-13 07:07:53
2026-09-13 06:48:15,NEUR305,0101,Amanda Chicoli,100,10,0,2026-09-13 07:07:54
2026-09-13 06:48:15,NEUR306,0101,Chan Lin,200,7,0,2026-09-13 07:07:54
2026-09-13 06:48:15,NEUR398H,0101,Nikolas Francis,20,1,0,2026-09-13 07:07:56
2026-09-13 06:48:15,NEUR405,0101,Hilary Bierman,20,1,0,2026-09-13 07:07:56
2026-09-13 06:48:15,NEUR405,0102,Hilary Bierman,20,0,0,2026-09-13 07:07:56
2026-09-13 06:48:15,NEUR405,0103,Hilary Bierman,20,0,0,2026-09-13 07:07:56
2026-09-13 06:48:15,PEER312,0101,Aleia Gardner,15,8,0,2026-09-13 07:08:16
2026-09-13 06:48:15,PEER318,0101,Christina Jay,15,11,0,2026-09-13 07:08:16
2026-09-13 06:48:15,PEER319,0101,Grace Boudreau,15,7,0,2026-09-13 07:08:17
2026-09-13 06:48:15,PHPE308D,0101,Xinzhi Zhao,30,8,0,2026-09-13 07:08:41
2026-09-13 06:48:15,PHPE308F,0101,Regev Ben-David,30,24,0,2026-09-13 07:08:41
2026-09-13 06:48:15,PHPE308O,0101,Jackson Iszler,30,0,0,2026-09-13 07:08:42
2026-09-13 06:48:15,PHPE308T,0101,Hallie Liberto,30,17,0,2026-09-13 07:08:42
2026-09-13 06:48:15,PHPE308Y,0101,Rachel Singpurwalla,20,0,1,2026-09-13 07:08:42
2026-09-13 06:48:15,PHPE308Y,0102,Rachel Singpurwalla,20,0,2,2026-09-13 07:08:42
2026-09-13 06:48:15,PHPE308Y,0103,Rachel Singpurwalla,20,0,3,2026-09-13 07:08:42
2026-09-13 06:48:15,PHPE400,0101,Justin Helms,18,0,0,2026-09-13 07:08:43
2026-09-13 06:48:15,PHPE400,0102,Justin Helms,18,0,0,2026-09-13 07:08:43
2026-09-13 06:48:15,PHPE400,0103,Justin Helms,20,1,0,2026-09-13 07:08:43
2026-09-13 06:48:15,PHPE401,0101,Xinzhi Zhao,25,0,3,2026-09-13 07:08:44
2026-09-13 06:48:15,PHPE402,0101,Dan Moller,30,2,0,2026-09-13 07:08:44
2026-09-13 06:48:15,PHPE408J,0101,Lixing Miao,25,1,0,2026-09-13 07:08:45
2026-09-13 06:48:15,PHPE408R,0101,Xinzhi Zhao,25,9,0,2026-09-13 07:08:45
2026-09-13 06:48:15,PHSC388J,0101,Kendall Bustad,20,6,0,2026-09-13 07:08:47
2026-09-13 06:48:15,PHSC399,0101,Shannon Edward,30,8,0,2026-09-13 07:08:48
2026-09-13 06:48:15,PHSC415,0101,Jessica O'Hara,31,0,1,2026-09-13 07:08:48
2026-09-13 06:48:15,PHSC415,0102,Jessica O'Hara,31,0,1,2026-09-13 07:08:48
2026-09-13 06:48:15,PHSC415,0103,Jessica O'Hara,31,0,1,2026-09-13 07:08:48
2026-09-13 06:48:15,PHSC415,0104,Jessica O'Hara,31,2,0,2026-09-13 07:08:48
2026-09-13 06:48:15,PHSC415,0105,Jessica O'Hara,31,2,0,2026-09-13 07:08:48
2026-09-13 06:48:15,PHSC420,0101,Jennifer German,35,4,0,2026-09-13 07:08:48
2026-09-13 06:48:15,PHSC450,0101,Kendall Bustad,20,0,0,2026-09-13 07:08:49
2026-09-13 06:48:15,PHSC450,0102,Kendall Bustad,20,0,0,2026-09-13 07:08:49
2026-09-13 06:48:15,PHSC450,0103,Kendall Bustad,20,0,0,2026-09-13 07:08:49
2026-09-13 06:48:15,PHSC450,0104,Kendall Bustad,20,1,0,2026-09-13 07:08:49
2026-09-13 06:48:15,PHSC450,0105,Kendall Bustad,20,0,0,2026-09-13 07:08:49
2026-09-13 06:48:15,PHSC450,0106,Kendall Bustad,20,0,0,2026-09-13 07:08:49
2026-09-13 06:48:15,PHSC450,0107,Kendall Bustad,20,1,0,2026-09-13 07:08:49
2026-09-13 06:48:15,PHSC450,0108,Kendall Bustad,20,0,0,2026-09-13 07:08:49
2026-09-13 06:48:15,PHSC497,0101,Kendall Bustad,20,2,0,2026-09-13 07:08:49
2026-09-13 06:48:15,PHSC497,0301,Shannon Edward,20,3,0,2026-09-13 07:08:49
2026-09-13 06:48:15,PHSC497,0601,Jennifer German,20,3,0,2026-09-13 07:08:49
2026-09-13 06:48:15,PLCY100,0101,Toby Egan,25,0,1,2026-09-13 07:09:18
2026-09-13 06:48:15,PLCY100,0102,Toby Egan,25,0,0,2026-09-13 07:09:18
2026-09-13 06:48:15,PLCY100,0103,Toby Egan,25,0,0,2026-09-13 07:09:18
2026-09-13 06:48:15,PLCY100,0104,Toby Egan,25,1,0,2026-09-13 07:09:18
2026-09-13 06:48:15,PLCY100,0201,Namrta Sharma,25,12,0,2026-09-13 07:09:18
2026-09-13 06:48:15,PLCY100,0202,Namrta Sharma,25,15,0,2026-09-13 07:09:18
2026-09-13 06:48:15,PLCY100,0203,Namrta Sharma,25,1,0,2026-09-13 07:09:18
2026-09-13 06:48:15,PLCY100,0204,Namrta Sharma,25,10,0,2026-09-13 07:09:18
2026-09-13 06:48:15,PLCY101,0101,Robert Sprinkle,75,0,0,2026-09-13 07:09:19
2026-09-13 06:48:15,PLCY170,0101,Joshua Itzkowitz Shifrinson,20,1,0,2026-09-13 07:09:19
2026-09-13 06:48:15,PLCY170,0102,Joshua Itzkowitz Shifrinson,20,1,0,2026-09-13 07:09:19
2026-09-13 06:48:15,PLCY170,0103,Joshua Itzkowitz Shifrinson,20,1,0,2026-09-13 07:09:19
2026-09-13 06:48:15,PLCY170,0104,Joshua Itzkowitz Shifrinson,20,0,0,2026-09-13 07:09:19
2026-09-13 06:48:15,PLCY170,0105,Joshua Itzkowitz Shifrinson,20,2,0,2026-09-13 07:09:19
2026-09-13 06:48:15,PLCY170,0106,Joshua Itzkowitz Shifrinson,25,2,0,2026-09-13 07:09:19
2026-09-13 06:48:15,PLCY172,0101,Caroline Ritter,95,32,0,2026-09-13 07:09:19
2026-09-13 06:48:15,PLCY200,0101,Shanna Pearson-Merkowitz,35,0,0,2026-09-13 07:09:20
2026-09-13 06:48:15,PLCY200,0201,Shanna Pearson-Merkowitz,35,1,0,2026-09-13 07:09:20
2026-09-13 06:48:15,PLCY200,0301,Namrta Sharma,35,0,1,2026-09-13 07:09:20
2026-09-13 06:48:15,PLCY201,0101,Julio Guzman,70,0,0,2026-09-13 07:09:20
2026-09-13 06:48:15,PLCY201,0201,Gregory Ramsay,60,0,0,2026-09-13 07:09:20
2026-09-13 06:48:15,PLCY201,FC01,Anne Kaiser,32,0,0,2026-09-13 07:09:20
2026-09-13 06:48:15,PLCY201,FC02,Anne Kaiser,32,6,0,2026-09-13 07:09:20
2026-09-13 06:48:15,PLCY201S,0101,Susannah Washburn,80,4,0,2026-09-13 07:09:21
2026-09-13 06:48:15,PLCY203,0101,Thomas Hilde,60,9,0,2026-09-13 07:09:21
2026-09-13 06:48:15,PLCY203,0201,Anne Kaiser,60,38,0,2026-09-13 07:09:21
2026-09-13 06:48:15,PLCY213,0201,Claire Dunning,40,3,0,2026-09-13 07:09:22
2026-09-13 06:48:15,PLCY214,0101,Patricia Bory,65,20,0,2026-09-13 07:09:22
2026-09-13 06:48:15,PLCY240,0101,Timothy Reedy,30,0,0,2026-09-13 07:09:22
2026-09-13 06:48:15,PLCY288K,0101,CHRISTIAN OSTERMANN,25,1,0,2026-09-13 07:09:23
2026-09-13 06:48:15,PLCY300,0101,Alana Hackshaw,45,0,1,2026-09-13 07:09:23
2026-09-13 06:48:15,PLCY300,0201,Namrta Sharma,45,28,0,2026-09-13 07:09:23
2026-09-13 06:48:15,PLCY301,0101,Caroline Boules,165,2,0,2026-09-13 07:09:24
2026-09-13 06:48:15,PLCY302,0101,Niambi Carter,40,2,0,2026-09-13 07:09:24
2026-09-13 06:48:15,PLCY302,0201,Ebonie Johnson Cooper,40,0,0,2026-09-13 07:09:24
2026-09-13 06:48:15,PLCY302,0301,Lindsay Dieudonne,40,0,1,2026-09-13 07:09:24
2026-09-13 06:48:15,PLCY303,0101,Juan Martinez Guzman,40,3,0,2026-09-13 07:09:24
2026-09-13 06:48:15,PLCY304,0101,Michael Busse,40,11,0,2026-09-13 07:09:25
2026-09-13 06:48:15,PLCY304,0201,Michael Busse,40,12,0,2026-09-13 07:09:25
2026-09-13 06:48:15,PLCY309,0101,Martin Sanders,30,16,0,2026-09-13 07:09:25
2026-09-13 06:48:15,PLCY310,0101,Selvon Waldron,35,16,0,2026-09-13 07:09:26
2026-09-13 06:48:15,PLCY313,0101,Gerard Evans,100,3,0,2026-09-13 07:09:26
2026-09-13 06:48:15,PLCY371,0101,Joshua Itzkowitz Shifrinson,35,0,0,2026-09-13 07:09:27
2026-09-13 06:48:15,PLCY380,0101,Isabel O'Malley,40,8,0,2026-09-13 07:09:28
2026-09-13 06:48:15,PLCY380,ESG1,Kisha McNeill,30,0,0,2026-09-13 07:09:28
2026-09-13 06:48:15,PLCY388A,0101,Brandi Onowu,40,8,0,2026-09-13 07:09:28
2026-09-13 06:48:15,PLCY388N,0101,Nina Harris,25,2,0,2026-09-13 07:09:29
2026-09-13 06:48:15,PLCY390,0101,Lena Andrews,20,0,0,2026-09-13 07:09:29
2026-09-13 06:48:15,PLCY399B,0101,Beatrice DeBelen,30,19,0,2026-09-13 07:09:30
2026-09-13 06:48:15,PLCY400,0101,Patricia Bory,25,1,0,2026-09-13 07:09:32
2026-09-13 06:48:15,PLCY401,0101,Anand Patwardhan,20,5,0,2026-09-13 07:09:32
2026-09-13 06:48:15,PLCY401,0201,Tracy Thompson,20,0,0,2026-09-13 07:09:32
2026-09-13 06:48:15,PLCY401,0301,David Mussington,20,9,0,2026-09-13 07:09:32
2026-09-13 06:48:15,PLCY490,0101,Michael Woldemariam,15,2,0,2026-09-13 07:09:32
2026-09-13 06:48:15,PLCY492,0101,Steve Fetter,20,1,0,2026-09-13 07:09:33
2026-09-13 06:48:15,PLCY610,0201,Alec Worsnop,40,9,0,2026-09-13 07:09:33
2026-09-13 06:48:15,PLCY630,0101,Catherine Worsnop,25,2,0,2026-09-13 07:09:34
2026-09-13 06:48:15,PLCY630,0201,Catherine Worsnop,25,3,0,2026-09-13 07:09:34
2026-09-13 06:48:15,PLCY631,0101,Cullen Merritt,25,0,0,2026-09-13 07:09:34
2026-09-13 06:48:15,PLCY640,0201,Thomas Spreen,30,5,0,2026-09-13 07:09:35
2026-09-13 06:48:15,PLCY641,0101,Tyler Kustra,30,2,0,2026-09-13 07:09:36
2026-09-13 06:48:15,PLCY641,0201,Tyler Kustra,30,10,0,2026-09-13 07:09:36
2026-09-13 06:48:15,PLCY670,0101,Philip Joyce,30,0,0,2026-09-13 07:09:36
2026-09-13 06:48:15,PLCY680,0101,Claire Dunning,25,0,0,2026-09-13 07:09:37
2026-09-13 06:48:15,PLCY680,0201,Michael Woldemariam,25,5,0,2026-09-13 07:09:37
2026-09-13 06:48:15,PLCY688C,0101,Charles Harry,20,10,0,2026-09-13 07:09:37
2026-09-13 06:48:15,PLCY688F,PWL1,Nekeya O'Connor,20,0,0,2026-09-13 07:09:38
2026-09-13 06:48:15,PLCY688P,0101,Steve Fetter,10,1,0,2026-09-13 07:09:38
2026-09-13 06:48:15,PLCY688Z,0101,Brandi Onowu,20,5,0,2026-09-13 07:09:39
2026-09-13 06:48:15,PLCY689E,0101,Susan Parker,20,0,0,2026-09-13 07:09:39
2026-09-13 06:48:15,PLCY690,0110,David Mussington,15,3,0,2026-09-13 07:09:40
2026-09-13 06:48:15,PLCY690,0120,Margaret Brindle,15,2,0,2026-09-13 07:09:40
2026-09-13 06:48:15,PLCY690,0130,Douglas Call,15,0,0,2026-09-13 07:09:40
2026-09-13 06:48:15,PLCY690,0150,Paul Brown,15,1,0,2026-09-13 07:09:40
2026-09-13 06:48:15,PLCY690,0170,James Stillwell,15,0,0,2026-09-13 07:09:40
2026-09-13 06:48:15,PLCY698T,0101,Elizabeth Duke,20,7,0,2026-09-13 07:09:40
2026-09-13 06:48:15,PLCY699L,0101,Michael Woldemariam,10,1,0,2026-09-13 07:09:40
2026-09-13 06:48:15,PLCY720,0101,Nancy Gallagher,20,2,0,2026-09-13 07:09:41
2026-09-13 06:48:15,PLCY734,0101,Niambi Carter,20,0,0,2026-09-13 07:09:41
2026-09-13 06:48:15,PLCY735,0101,Robert Sprinkle,20,7,0,2026-09-13 07:09:42
2026-09-13 06:48:15,PLCY741,0101,Anand Patwardhan,20,7,0,2026-09-13 07:09:42
2026-09-13 06:48:15,PLCY742,0101,Thomas Hilde,20,8,0,2026-09-13 07:09:42
2026-09-13 06:48:15,PLCY780,0101,Robert Orr,20,0,0,2026-09-13 07:09:43
2026-09-13 06:48:15,PLCY781,0101,Julio Guzman,20,2,0,2026-09-13 07:09:43
2026-09-13 06:48:15,PLCY783,0101,Margaret Brindle,20,7,0,2026-09-13 07:09:44
2026-09-13 06:48:15,PLCY798F,PWL1,William Nolte,25,18,0,2026-09-13 07:09:45
2026-09-13 06:48:15,PLCY798V,0101,Shanna Pearson-Merkowitz,12,0,0,2026-09-13 07:09:46
2026-09-13 06:48:15,PLCY798W,0101,Martin Sanders,10,9,0,2026-09-13 07:09:46
2026-09-13 06:48:15,PLCY798Y,PWL1,Jeffrey Franco,25,0,0,2026-09-13 07:09:47
2026-09-13 06:48:15,PLCY798Z,0101,Peter Reuter,12,0,0,2026-09-13 07:09:47
2026-09-13 06:48:15,PLSC112,0101,Samuel Daramola,100,10,0,2026-09-13 07:09:50
2026-09-13 06:48:15,PLSC113,0101,Samuel Daramola,24,2,0,2026-09-13 07:09:50
2026-09-13 06:48:15,PLSC113,0102,Samuel Daramola,24,5,0,2026-09-13 07:09:50
2026-09-13 06:48:15,PLSC113,0103,Samuel Daramola,24,12,0,2026-09-13 07:09:50
2026-09-13 06:48:15,PLSC113,0104,Samuel Daramola,24,9,0,2026-09-13 07:09:50
2026-09-13 06:48:15,PLSC115,0101,Shirley Micallef,24,1,0,2026-09-13 07:09:51
2026-09-13 06:48:15,PLSC201,0101,Pierre Jacob,42,15,0,2026-09-13 07:09:51
2026-09-13 06:48:15,PLSC203,0101,Vijay Tiwari,23,17,0,2026-09-13 07:09:52
2026-09-13 06:48:15,PLSC205,0101,Mark Carroll,22,1,0,2026-09-13 07:09:52
2026-09-13 06:48:15,PLSC206,0101,Pierre Jacob,21,8,0,2026-09-13 07:09:52
2026-09-13 06:48:15,PLSC206,0102,Pierre Jacob,21,7,0,2026-09-13 07:09:52
2026-09-13 06:48:15,PLSC253,0101,Karen Petroff,24,1,0,2026-09-13 07:09:53
2026-09-13 06:48:15,PLSC253,0102,Karen Petroff,24,5,0,2026-09-13 07:09:53
2026-09-13 06:48:15,PLSC389,0101,Craig Beyrouty,17,17,0,2026-09-13 07:09:53
2026-09-13 06:48:15,PLSC402,0101,Geoffrey Rinehart,10,3,0,2026-09-13 07:09:54
2026-09-13 06:48:15,PLSC404,0101,Yiping Qi,20,11,0,2026-09-13 07:09:54
2026-09-13 06:48:15,PLSC420,0101,Nidhi Rawat,18,5,0,2026-09-13 07:09:55
2026-09-13 06:48:15,PLSC420,0102,Nidhi Rawat,18,12,0,2026-09-13 07:09:55
2026-09-13 06:48:15,PLSC433,0101,Diana Cochran,10,2,0,2026-09-13 07:09:55
2026-09-13 06:48:15,PLSC453,0101,Samuel Daramola,24,1,0,2026-09-13 07:09:56
2026-09-13 06:48:15,PLSC471,0101,Juanita Choo,20,0,0,2026-09-13 07:09:56
2026-09-13 06:48:15,PLSC476,0101,Maile Neel,23,19,0,2026-09-13 07:09:57
2026-09-13 06:48:15,PLSC608,0101,Shunyuan Xiao,20,13,0,2026-09-13 07:09:57
2026-09-13 06:48:15,PORT103,0101,Parker Brookie,15,6,0,2026-09-13 07:10:00
2026-09-13 06:48:15,PORT205,0101,Parker Brookie,15,4,0,2026-09-13 07:10:01
2026-09-13 06:48:15,PORT332,0101,Parker Brookie,25,0,0,2026-09-13 07:10:01
2026-09-13 06:48:15,RELS120,0101,Antoine Borrut,40,8,0,2026-09-13 07:10:37
2026-09-13 06:48:15,RELS170,0101,Chiara Graf,21,1,0,2026-09-13 07:10:37
2026-09-13 06:48:15,RELS170,0102,Chiara Graf,21,0,0,2026-09-13 07:10:37
2026-09-13 06:48:15,RELS170,0103,Chiara Graf,21,0,0,2026-09-13 07:10:37
2026-09-13 06:48:15,RELS170,0104,Chiara Graf,21,0,0,2026-09-13 07:10:37
2026-09-13 06:48:15,RELS170,0105,Chiara Graf,21,0,0,2026-09-13 07:10:37
2026-09-13 06:48:15,RELS170,0106,Chiara Graf,21,0,0,2026-09-13 07:10:37
2026-09-13 06:48:15,RELS170,0107,Chiara Graf,21,0,0,2026-09-13 07:10:37
2026-09-13 06:48:15,RELS170,0108,Chiara Graf,21,1,0,2026-09-13 07:10:37
2026-09-13 06:48:15,RELS170,0109,Chiara Graf,22,0,0,2026-09-13 07:10:37
2026-09-13 06:48:15,RELS171,0101,Maxine Grossman,40,8,0,2026-09-13 07:10:38
2026-09-13 06:48:15,RELS219K,0101,Shay Hazkani,40,33,0,2026-09-13 07:10:38
2026-09-13 06:48:15,RELS225,0101,Stephanie Cooper,25,3,0,2026-09-13 07:10:38
2026-09-13 06:48:15,RELS273,0101,Hayim Lapin,23,0,0,2026-09-13 07:10:39
2026-09-13 06:48:15,RELS273,0102,Hayim Lapin,23,3,0,2026-09-13 07:10:39
2026-09-13 06:48:15,RELS273,0103,Hayim Lapin,23,1,0,2026-09-13 07:10:39
2026-09-13 06:48:15,RELS274,0101,Matthew Suriano,20,1,0,2026-09-13 07:10:39
2026-09-13 06:48:15,RELS274,0102,Matthew Suriano,20,0,1,2026-09-13 07:10:39
2026-09-13 06:48:15,RELS274,0103,Matthew Suriano,20,0,0,2026-09-13 07:10:39
2026-09-13 06:48:15,RELS274,0104,Matthew Suriano,20,0,0,2026-09-13 07:10:39
2026-09-13 06:48:15,RELS319D,0101,Nathan Levine,35,26,0,2026-09-13 07:10:40
2026-09-13 06:48:15,RELS319Z,0101,Regev Ben-David,30,26,0,2026-09-13 07:10:40
2026-09-13 06:48:15,RELS341,0101,Janna Bianchini,30,0,0,2026-09-13 07:10:41
2026-09-13 06:48:15,RUSS101,0101,Inna Hardman,15,6,0,2026-09-13 07:10:43
2026-09-13 06:48:15,RUSS101,0201,Inna Hardman,15,6,0,2026-09-13 07:10:43
2026-09-13 06:48:15,RUSS201,0101,Zhanna Gerus-Vernola,15,8,0,2026-09-13 07:10:43
2026-09-13 06:48:15,RUSS301,0101,Izolda Savenkova,15,5,0,2026-09-13 07:10:44
2026-09-13 06:48:15,RUSS321,0101,Elizabeth Papazian,15,5,0,2026-09-13 07:10:44
2026-09-13 06:48:15,RUSS334,0101,Elizabeth Papazian,25,0,0,2026-09-13 07:10:44
2026-09-13 06:48:15,RUSS404,0101,Izolda Savenkova,15,1,0,2026-09-13 07:10:46
2026-09-13 06:48:15,SDSB123,0101,Brian Kim,40,7,0,2026-09-13 07:10:48
2026-09-13 06:48:15,SDSB180,0101,Brian Kim,180,126,0,2026-09-13 07:10:48
2026-09-13 06:48:15,SDSB233,0101,Jacob Coutts,25,1,0,2026-09-13 07:10:49
2026-09-13 06:48:15,SDSB233,0102,Jacob Coutts,25,10,0,2026-09-13 07:10:49
2026-09-13 06:48:15,SDSB233,0103,Jacob Coutts,25,9,0,2026-09-13 07:10:49
2026-09-13 06:48:15,SDSB326,0101,Jacob Coutts,50,31,0,2026-09-13 07:10:49
2026-09-13 06:48:15,SDSB340,0101,Neil Lund,40,0,0,2026-09-13 07:10:50
2026-09-13 06:48:15,SDSI414,0201,Maria Krupenkin,34,15,0,2026-09-13 07:10:51
2026-09-13 06:48:15,SDSI414,0202,Maria Krupenkin,34,0,0,2026-09-13 07:10:51
2026-09-13 06:48:15,SDSI492,0101,TJ Rainsford,50,8,0,2026-09-13 07:10:52
2026-09-13 06:48:15,SDSI492,0103,Mary Ann Francis,40,0,2,2026-09-13 07:10:52
2026-09-13 06:48:15,SDSI492,0104,TJ Rainsford,50,0,0,2026-09-13 07:10:52
2026-09-13 06:48:15,SDSI492,0106,Jesse Klein,50,0,5,2026-09-13 07:10:52
2026-09-13 06:48:15,SDSI492,0107,Connie Siebold,40,0,3,2026-09-13 07:10:52
2026-09-13 06:48:15,SDSI492,0110,Patrick Thornton,50,29,0,2026-09-13 07:10:52
2026-09-13 06:48:15,SLLC108I,0101,Instructor: TBA,5,4,0,2026-09-13 07:10:55
2026-09-13 06:48:15,SLLC108J,0101,Instructor: TBA,5,5,0,2026-09-13 07:10:56
2026-09-13 06:48:15,SLLC108W,0101,Instructor: TBA,5,4,0,2026-09-13 07:10:56
2026-09-13 06:48:15,SLLC118A,0101,Sean Pue,10,4,0,2026-09-13 07:10:57
2026-09-13 06:48:15,SLLC200,0101,Chris Lewis,30,4,0,2026-09-13 07:10:57
2026-09-13 06:48:15,SLLC286,0101,Andrew Schonebaum,60,5,0,2026-09-13 07:10:57
2026-09-13 06:48:15,SLLC309,0101,Ahmed Hanafy,10,10,0,2026-09-13 07:10:58
2026-09-13 06:48:15,SLLC309,0102,Ahmed Hanafy,10,8,0,2026-09-13 07:10:58
2026-09-13 06:48:15,SLLC309,0103,Ahmed Hanafy,10,7,0,2026-09-13 07:10:58
2026-09-13 06:48:15,SLLC309,0104,Ahmed Hanafy,10,5,0,2026-09-13 07:10:58
2026-09-13 06:48:15,SLLC309,0105,Ahmed Hanafy,10,6,0,2026-09-13 07:10:58
2026-09-13 06:48:15,SLLC309,0106,Ahmed Hanafy,10,6,0,2026-09-13 07:10:58
2026-09-13 06:48:15,SLLC309,0107,Ahmed Hanafy,10,8,0,2026-09-13 07:10:58
2026-09-13 06:48:15,SLLC309,0108,Ahmed Hanafy,10,9,0,2026-09-13 07:10:58
2026-09-13 06:48:15,SLLC309,0109,Ahmed Hanafy,10,7,0,2026-09-13 07:10:58
2026-09-13 06:48:15,SLLC309,0110,Ahmed Hanafy,10,3,0,2026-09-13 07:10:58
2026-09-13 06:48:15,SLLC309,0111,Ahmed Hanafy,10,10,0,2026-09-13 07:10:58
2026-09-13 06:48:15,SLLC329,0101,Marilyn Matar,13,0,0,2026-09-13 07:10:58
2026-09-13 06:48:15,SLLC329,0102,Marilyn Matar,10,0,0,2026-09-13 07:10:58
2026-09-13 06:48:15,SLLC329,0103,Marilyn Matar,21,2,0,2026-09-13 07:10:58
2026-09-13 06:48:15,SLLC329,0104,Marilyn Matar,10,4,0,2026-09-13 07:10:58
2026-09-13 06:48:15,SLLC329,0105,Marilyn Matar,10,9,0,2026-09-13 07:10:58
2026-09-13 06:48:15,SLLC329,0106,Marilyn Matar,10,1,0,2026-09-13 07:10:58
2026-09-13 06:48:15,SLLC329,0107,Marilyn Matar,10,7,0,2026-09-13 07:10:58
2026-09-13 06:48:15,SLLC329,0108,Marilyn Matar,10,7,0,2026-09-13 07:10:58
2026-09-13 06:48:15,SLLC329,0109,Marilyn Matar,10,4,0,2026-09-13 07:10:58
2026-09-13 06:48:15,SLLC329,0110,Marilyn Matar,20,3,0,2026-09-13 07:10:58
2026-09-13 06:48:15,SLLC350,0101,Michele Mason,30,27,0,2026-09-13 07:10:59
2026-09-13 06:48:15,SMLP470,0101,Brooke Smith,45,13,0,2026-09-13 07:11:00
2026-09-13 06:48:15,SMLP472,0101,Sara Herald,60,19,0,2026-09-13 07:11:01
2026-09-13 06:48:15,TLTC310,0101,Danielle Pafe,0,0,0,2026-09-13 07:12:00
2026-09-13 06:48:15,TLTC310,0201,Yanira Ortiz,20,11,0,2026-09-13 07:12:00
2026-09-13 06:48:15,TLTC333,0101,Mona Thompson,63,1,0,2026-09-13 07:12:01
2026-09-13 06:48:15,TLTC333,0102,Mona Thompson,63,0,0,2026-09-13 07:12:01
2026-09-13 06:48:15,TLTC333,0105,Mona Thompson,63,0,0,2026-09-13 07:12:01
2026-09-13 06:48:15,UMEI005,0101,Charles Duquette,15,2,0,2026-09-13 07:12:04
2026-09-13 06:48:15,UMEI005,0201,Heather Mehrtens,15,9,0,2026-09-13 07:12:04
2026-09-13 06:48:15,UMEI005,0301,Marilena Draganescu,15,11,0,2026-09-13 07:12:04
2026-09-13 06:48:15,UMEI012,0101,Louise Godley,10,10,0,2026-09-13 07:12:04
2026-09-13 06:48:15,UMEI013,0101,Louise Godley,10,7,0,2026-09-13 07:12:04
2026-09-13 06:48:15,UMEI028A,0101,Raymond Smith,16,14,0,2026-09-13 07:12:05
2026-09-13 06:48:15,UMEI506,0101,Heather Mehrtens,16,0,0,2026-09-13 07:12:05
2026-09-13 06:48:15,UMEI506,0201,Heather Mehrtens,16,6,0,2026-09-13 07:12:05
2026-09-13 06:48:15,UMEI507,0101,Marilena Draganescu,15,4,0,2026-09-13 07:12:06
2026-09-13 06:48:15,USLT201,0101,Robert Chester,25,1,0,2026-09-13 07:12:14
2026-09-13 06:48:15,USLT398C,0101,Angela Pico Pinto,25,18,0,2026-09-13 07:12:15
2026-09-13 06:48:15,USLT450,0101,Robert Chester,20,0,0,2026-09-13 07:12:15
2026-09-13 06:48:15,USLT498C,0101,Ana Rodriguez,20,14,0,2026-09-13 07:12:15
2026-09-13 06:48:15,VIPS099,0115,Veronica Kang,5,3,0,2026-09-13 07:12:17
2026-09-13 06:48:15,VIPS208,0101,Mary Bowden,10,10,0,2026-09-13 07:12:18
2026-09-13 06:48:15,VIPS208,0102,Ken Kiger,10,2,0,2026-09-13 07:12:18
2026-09-13 06:48:15,VIPS208,0103,Bryan Quinn,10,9,0,2026-09-13 07:12:18
2026-09-13 06:48:15,VIPS208,0104,Abdil Chowdhury,10,1,0,2026-09-13 07:12:18
2026-09-13 06:48:15,VIPS208,0105,Molly Carton,10,7,0,2026-09-13 07:12:18
2026-09-13 06:48:15,VIPS208,0106,James Baeder,14,2,0,2026-09-13 07:12:18
2026-09-13 06:48:15,VIPS208,0107,Catherine Spirito,10,6,0,2026-09-13 07:12:18
2026-09-13 06:48:15,VIPS208,0108,Ronald Yaros,10,4,0,2026-09-13 07:12:18
2026-09-13 06:48:15,VIPS208,0109,Carinna Ferguson,10,7,0,2026-09-13 07:12:18
2026-09-13 06:48:15,VIPS208,0110,Tracy Riggins,15,0,0,2026-09-13 07:12:18
2026-09-13 06:48:15,VIPS208,0111,Kevin Calabro,13,2,0,2026-09-13 07:12:18
2026-09-13 06:48:15,VIPS208,0112,Raffaele Viglianti,10,5,0,2026-09-13 07:12:18
2026-09-13 06:48:15,VIPS208,0113,Shabnam Jabeen,10,5,0,2026-09-13 07:12:18
2026-09-13 06:48:15,VIPS208,0114,Ning Zeng,15,7,0,2026-09-13 07:12:18
2026-09-13 06:48:15,VIPS208,0115,Veronica Kang,10,5,0,2026-09-13 07:12:18
2026-09-13 06:48:15,VIPS208,0116,David Stewart,10,1,0,2026-09-13 07:12:18
2026-09-13 06:48:15,VIPS208,0117,Meredith Epstein,10,8,0,2026-09-13 07:12:18
2026-09-13 06:48:15,VIPS208,0118,Magaly Toro Ibaceta,10,3,0,2026-09-13 07:12:18
2026-09-13 06:48:15,VIPS208,0120,Marisa Parham,10,6,0,2026-09-13 07:12:18
2026-09-13 06:48:15,VIPS208,0121,Becky Epanchin-Niell,10,1,0,2026-09-13 07:12:18
2026-09-13 06:48:15,VIPS208,0122,Timothy Reedy,10,2,0,2026-09-13 07:12:18
2026-09-13 06:48:15,VIPS208,0123,Lingnan Lin,13,4,0,2026-09-13 07:12:18
2026-09-13 06:48:15,VIPS208,0124,Jeffrey Moro,10,4,0,2026-09-13 07:12:18
2026-09-13 06:48:15,VIPS208,0125,Peter Sunderland,12,4,0,2026-09-13 07:12:18
2026-09-13 06:48:15,VIPS208,0126,Brienna Anderson,10,4,0,2026-09-13 07:12:18
2026-09-13 06:48:15,VIPS308,0101,Mary Bowden,10,9,0,2026-09-13 07:12:19
2026-09-13 06:48:15,VIPS308,0102,Ken Kiger,10,3,0,2026-09-13 07:12:19
2026-09-13 06:48:15,VIPS308,0103,Bryan Quinn,10,2,0,2026-09-13 07:12:19
2026-09-13 06:48:15,VIPS308,0104,Abdil Chowdhury,10,3,0,2026-09-13 07:12:19
2026-09-13 06:48:15,VIPS308,0105,Molly Carton,10,3,0,2026-09-13 07:12:19
2026-09-13 06:48:15,VIPS308,0106,James Baeder,10,4,0,2026-09-13 07:12:19
2026-09-13 06:48:15,VIPS308,0107,Catherine Spirito,10,8,0,2026-09-13 07:12:19
2026-09-13 06:48:15,VIPS308,0108,Ronald Yaros,10,9,0,2026-09-13 07:12:19
2026-09-13 06:48:15,VIPS308,0109,Carinna Ferguson,10,6,0,2026-09-13 07:12:19
2026-09-13 06:48:15,VIPS308,0110,Tracy Riggins,10,0,0,2026-09-13 07:12:19
2026-09-13 06:48:15,VIPS308,0111,Kevin Calabro,10,6,0,2026-09-13 07:12:19
2026-09-13 06:48:15,VIPS308,0112,Raffaele Viglianti,10,10,0,2026-09-13 07:12:19
2026-09-13 06:48:15,VIPS308,0113,Shabnam Jabeen,10,8,0,2026-09-13 07:12:19
2026-09-13 06:48:15,VIPS308,0114,Ning Zeng,10,9,0,2026-09-13 07:12:19
2026-09-13 06:48:15,VIPS308,0115,Veronica Kang,10,10,0,2026-09-13 07:12:19
2026-09-13 06:48:15,VIPS308,0116,David Stewart,10,10,0,2026-09-13 07:12:19
2026-09-13 06:48:15,VIPS308,0117,Meredith Epstein,10,8,0,2026-09-13 07:12:19
2026-09-13 06:48:15,VIPS308,0118,Magaly Toro Ibaceta,10,10,0,2026-09-13 07:12:19
2026-09-13 06:48:15,VIPS308,0120,Marisa Parham,10,9,0,2026-09-13 07:12:19
2026-09-13 06:48:15,VIPS308,0121,Becky Epanchin-Niell,10,10,0,2026-09-13 07:12:19
2026-09-13 06:48:15,VIPS308,0122,Timothy Reedy,10,10,0,2026-09-13 07:12:19
2026-09-13 06:48:15,VIPS308,0123,Lingnan Lin,10,10,0,2026-09-13 07:12:19
2026-09-13 06:48:15,VIPS308,0124,Jeffrey Moro,10,10,0,2026-09-13 07:12:19
2026-09-13 06:48:15,VIPS308,0125,Peter Sunderland,10,10,0,2026-09-13 07:12:19
2026-09-13 06:48:15,VIPS308,0126,Brienna Anderson,10,10,0,2026-09-13 07:12:19
2026-09-13 06:48:15,VIPS408,0101,Mary Bowden,10,4,0,2026-09-13 07:12:20
2026-09-13 06:48:15,VIPS408,0102,Ken Kiger,10,8,0,2026-09-13 07:12:20
2026-09-13 06:48:15,VIPS408,0103,Bryan Quinn,10,3,0,2026-09-13 07:12:20
2026-09-13 06:48:15,VIPS408,0104,Abdil Chowdhury,10,8,0,2026-09-13 07:12:20
2026-09-13 06:48:15,VIPS408,0105,Molly Carton,10,8,0,2026-09-13 07:12:20
2026-09-13 06:48:15,VIPS408,0106,James Baeder,10,7,0,2026-09-13 07:12:20
2026-09-13 06:48:15,VIPS408,0107,Catherine Spirito,10,10,0,2026-09-13 07:12:20
2026-09-13 06:48:15,VIPS408,0108,Ronald Yaros,10,8,0,2026-09-13 07:12:20
2026-09-13 06:48:15,VIPS408,0109,Carinna Ferguson,10,8,0,2026-09-13 07:12:20
2026-09-13 06:48:15,VIPS408,0110,Tracy Riggins,10,10,0,2026-09-13 07:12:20
2026-09-13 06:48:15,VIPS408,0111,Kevin Calabro,10,7,0,2026-09-13 07:12:20
2026-09-13 06:48:15,VIPS408,0112,Raffaele Viglianti,10,9,0,2026-09-13 07:12:20
2026-09-13 06:48:15,VIPS408,0113,Shabnam Jabeen,10,10,0,2026-09-13 07:12:20
2026-09-13 06:48:15,VIPS408,0114,Ning Zeng,10,10,0,2026-09-13 07:12:20
2026-09-13 06:48:15,VIPS408,0115,Veronica Kang,10,10,0,2026-09-13 07:12:20
2026-09-13 06:48:15,VIPS408,0116,David Stewart,10,10,0,2026-09-13 07:12:20
2026-09-13 06:48:15,VIPS408,0117,Meredith Epstein,10,10,0,2026-09-13 07:12:20
2026-09-13 06:48:15,VIPS408,0118,Magaly Toro Ibaceta,10,9,0,2026-09-13 07:12:20
2026-09-13 06:48:15,VIPS408,0120,Marisa Parham,10,10,0,2026-09-13 07:12:20
2026-09-13 06:48:15,VIPS408,0121,Becky Epanchin-Niell,10,10,0,2026-09-13 07:12:20
2026-09-13 06:48:15,VIPS408,0122,Timothy Reedy,10,10,0,2026-09-13 07:12:20
2026-09-13 06:48:15,VIPS408,0123,Lingnan Lin,10,10,0,2026-09-13 07:12:20
2026-09-13 06:48:15,VIPS408,0124,Jeffrey Moro,10,10,0,2026-09-13 07:12:20
2026-09-13 06:48:15,VIPS408,0125,Peter Sunderland,10,10,0,2026-09-13 07:12:20
2026-09-13 06:48:15,VIPS408,0126,Brienna Anderson,10,10,0,2026-09-13 07:12:20
2026-09-13 06:48:15,WEID139B,0101,Denise Joseph,48,6,0,2026-09-13 07:12:23
2026-09-13 06:48:15,WEID139L,0201,Taylor Togafau-Lewis,48,17,0,2026-09-13 07:12:24
2026-09-13 12:53:11,AAAS100,0101,Shane Walsh,35,0,0,2026-09-13 12:53:14
2026-09-13 12:53:11,AAAS100,0201,Shane Walsh,35,0,0,2026-09-13 12:53:14
2026-09-13 12:53:11,AAAS100,0301,George Kintiba,70,36,0,2026-09-13 12:53:14
2026-09-13 12:53:11,AAAS100,0401,Jason Nichols,30,0,0,2026-09-13 12:53:14
2026-09-13 12:53:11,AAAS100,0501,Jason Nichols,35,0,0,2026-09-13 12:53:14
2026-09-13 12:53:11,AAAS101,0101,Chinyere Osuji,40,1,0,2026-09-13 12:53:15
2026-09-13 12:53:11,AAAS187,0101,Robert Choflet,30,0,0,2026-09-13 12:53:16
2026-09-13 12:53:11,AAAS187,0201,Joseph Richardson,30,0,0,2026-09-13 12:53:16
2026-09-13 12:53:11,AAAS200,0101,George Kintiba,40,5,0,2026-09-13 12:53:17
2026-09-13 12:53:11,AAAS202,0101,Robert Choflet,35,5,0,2026-09-13 12:53:17
2026-09-13 12:53:11,AAAS202,0201,Robert Choflet,35,5,0,2026-09-13 12:53:17
2026-09-13 12:53:11,AAAS202,0301,Angelica Dunbar,35,4,0,2026-09-13 12:53:17
2026-09-13 12:53:11,AAAS202,0401,Ashley Everson,35,0,0,2026-09-13 12:53:17
2026-09-13 12:53:11,AAAS202,0501,Ashley Everson,20,3,0,2026-09-13 12:53:17
2026-09-13 12:53:11,AAAS210,0101,Angelica Dunbar,20,16,0,2026-09-13 12:53:19
2026-09-13 12:53:11,AAAS211,0101,Shane Walsh,30,0,0,2026-09-13 12:53:20
2026-09-13 12:53:11,AAAS230,0101,Ashley Newby,30,0,0,2026-09-13 12:53:20
2026-09-13 12:53:11,AAAS230,0201,Ashley Newby,30,0,0,2026-09-13 12:53:20
2026-09-13 12:53:11,AAAS234,0201,Mike Kolakoski,30,3,0,2026-09-13 12:53:20
2026-09-13 12:53:11,AAAS254,0101,Christopher Bonner,40,2,0,2026-09-13 12:53:21
2026-09-13 12:53:11,AAAS271,0101,Sydney Lewis,30,1,0,2026-09-13 12:53:22
2026-09-13 12:53:11,AAAS310,0101,George Kintiba,25,22,0,2026-09-13 12:53:22
2026-09-13 12:53:11,AAAS320,0101,Cecily Jackson,25,0,0,2026-09-13 12:53:23
2026-09-13 12:53:11,AAAS320,0201,Cecily Jackson,25,0,0,2026-09-13 12:53:23
2026-09-13 12:53:11,AAAS325,0101,Traci Dula,20,4,0,2026-09-13 12:53:23
2026-09-13 12:53:11,AAAS350,0101,John Drabinski,20,0,0,2026-09-13 12:53:24
2026-09-13 12:53:11,AAAS361,0101,Michelle Rowley,35,26,0,2026-09-13 12:53:24
2026-09-13 12:53:11,AAAS386,0101,Marshal Washington,10,10,0,2026-09-13 12:53:24
2026-09-13 12:53:11,AAAS397,0101,John Drabinski,2,2,0,2026-09-13 12:53:25
2026-09-13 12:53:11,AAAS397,0201,Angelica Dunbar,2,2,0,2026-09-13 12:53:25
2026-09-13 12:53:11,AAAS397,0301,Sharon Harley,2,2,0,2026-09-13 12:53:25
2026-09-13 12:53:11,AAAS397,0401,Cecily Jackson,2,2,0,2026-09-13 12:53:25
2026-09-13 12:53:11,AAAS397,0501,Sangeetha Madhavan,2,2,0,2026-09-13 12:53:25
2026-09-13 12:53:11,AAAS397,0601,Ashley Newby,1,1,0,2026-09-13 12:53:25
2026-09-13 12:53:11,AAAS397,0701,Chinyere Osuji,2,2,0,2026-09-13 12:53:25
2026-09-13 12:53:11,AAAS397,0801,Periloux Peay,2,2,0,2026-09-13 12:53:25
2026-09-13 12:53:11,AAAS397,0901,Joseph Richardson,2,2,0,2026-09-13 12:53:25
2026-09-13 12:53:11,AAAS398B,0101,Beka Guluma,20,13,0,2026-09-13 12:53:26
2026-09-13 12:53:11,AAAS398W,0101,Jason Nichols,25,11,0,2026-09-13 12:53:26
2026-09-13 12:53:11,AAAS400,0101,Periloux Peay,25,22,0,2026-09-13 12:53:28
2026-09-13 12:53:11,AAAS415,0101,Periloux Peay,30,0,0,2026-09-13 12:53:28
2026-09-13 12:53:11,AAAS499N,0101,Anne Rosen,25,0,0,2026-09-13 12:53:29
2026-09-13 12:53:11,AAST200,0101,Jennifer Cho,30,0,0,2026-09-13 12:53:30
2026-09-13 12:53:11,AAST200,0102,Binod Paudyal,30,0,0,2026-09-13 12:53:30
2026-09-13 12:53:11,AAST322,0101,Julie Park,30,3,0,2026-09-13 12:53:31
2026-09-13 12:53:11,AAST351,0101,Binod Paudyal,35,0,0,2026-09-13 12:53:32
2026-09-13 12:53:11,AAST355,0101,Jennifer Cho,35,0,1,2026-09-13 12:53:32
2026-09-13 12:53:11,AAST378,0101,Janelle Wong,2,2,0,2026-09-13 12:53:33
2026-09-13 12:53:11,AAST394,0101,Wenxi Yang,30,2,0,2026-09-13 12:53:33
2026-09-13 12:53:11,AAST398I,0101,Michelle Magalong,24,1,0,2026-09-13 12:53:34
2026-09-13 12:53:11,AAST398W,0101,Chris Eng,25,14,0,2026-09-13 12:53:34
2026-09-13 12:53:11,AAST421,0101,Tuyet Duong,20,2,0,2026-09-13 12:53:35
2026-09-13 12:53:11,AAST422,0101,Jennifer Cho,25,7,0,2026-09-13 12:53:36
2026-09-13 12:53:11,AAST424,0101,Dawn Dow,29,10,0,2026-09-13 12:53:36
2026-09-13 12:53:11,AAST440,0101,Binod Paudyal,25,1,0,2026-09-13 12:53:37
2026-09-13 12:53:11,AAST443,0101,Janelle Wong,30,0,0,2026-09-13 12:53:37
2026-09-13 12:53:11,ABRM330,0101,Rashawn Ray,40,0,0,2026-09-13 12:53:39
2026-09-13 12:53:11,ARAB101,0101,Samah Al-salami,15,1,0,2026-09-13 12:54:43
2026-09-13 12:53:11,ARAB101,0201,Ahmed Hanafy,15,5,0,2026-09-13 12:54:43
2026-09-13 12:53:11,ARAB102,0101,Samah Al-salami,15,2,0,2026-09-13 12:54:43
2026-09-13 12:53:11,ARAB102,0201,Lutf Alkebsi,15,12,0,2026-09-13 12:54:43
2026-09-13 12:53:11,ARAB201,0101,Lutf Alkebsi,15,0,0,2026-09-13 12:54:44
2026-09-13 12:53:11,ARAB201,0201,Lutf Alkebsi,15,11,0,2026-09-13 12:54:44
2026-09-13 12:53:11,ARAB208L,0101,Samah Al-salami,15,3,0,2026-09-13 12:54:44
2026-09-13 12:53:11,ARAB225,0101,Ahmed Hanafy,15,3,0,2026-09-13 12:54:44
2026-09-13 12:53:11,ARAB301,0101,Ahmed Hanafy,15,7,0,2026-09-13 12:54:45
2026-09-13 12:53:11,ARAB321,0101,Ahmed Hanafy,15,8,0,2026-09-13 12:54:45
2026-09-13 12:53:11,ARAB322,0101,Samah Al-salami,15,9,0,2026-09-13 12:54:46
2026-09-13 12:53:11,ARAB398A,0101,Lutf Alkebsi,15,5,0,2026-09-13 12:54:47
2026-09-13 12:53:11,ARAB499E,0101,Brendan Kibbee,20,2,0,2026-09-13 12:54:47
2026-09-13 12:53:11,ARMY106,0101,Thomas Battinieri,31,25,0,2026-09-13 12:55:29
2026-09-13 12:53:11,ARMY106,0102,Thomas Battinieri,40,30,0,2026-09-13 12:55:29
2026-09-13 12:53:11,ARMY106,FC01,Andrew Bischoff,15,11,0,2026-09-13 12:55:29
2026-09-13 12:53:11,ARMY106,FC02,Thomas Battinieri,9,8,0,2026-09-13 12:55:29
2026-09-13 12:53:11,ARMY110,0101,Andrew Bischoff,15,15,0,2026-09-13 12:55:30
2026-09-13 12:53:11,ARMY201,0102,Thomas Battinieri,35,14,0,2026-09-13 12:55:30
2026-09-13 12:53:11,ARMY301,0101,Joshua Guiod,40,20,0,2026-09-13 12:55:30
2026-09-13 12:53:11,ARMY401,0102,Andrew Bischoff,50,13,0,2026-09-13 12:55:31
2026-09-13 12:53:11,ARSC059,0101,Kathleen West,220,53,0,2026-09-13 12:55:33
2026-09-13 12:53:11,ARSC059,FC01,Jens Lyndrup,10,5,0,2026-09-13 12:55:33
2026-09-13 12:53:11,ARSC100,0101,Jens Lyndrup,50,33,0,2026-09-13 12:55:33
2026-09-13 12:53:11,ARSC100,0102,Jens Lyndrup,75,16,0,2026-09-13 12:55:33
2026-09-13 12:53:11,ARSC100,0103,Jens Lyndrup,40,31,0,2026-09-13 12:55:33
2026-09-13 12:53:11,ARSC100,FC01,Jens Lyndrup,5,3,0,2026-09-13 12:55:33
2026-09-13 12:53:11,ARSC100,FC02,Jens Lyndrup,10,7,0,2026-09-13 12:55:33
2026-09-13 12:53:11,ARSC200,0101,Alan Snyder,50,14,0,2026-09-13 12:55:34
2026-09-13 12:53:11,ARSC200,0102,Alan Snyder,35,21,0,2026-09-13 12:55:34
2026-09-13 12:53:11,ARSC200,0103,Alan Snyder,40,32,0,2026-09-13 12:55:34
2026-09-13 12:53:11,ARSC300,0101,Kathleen West,30,5,0,2026-09-13 12:55:34
2026-09-13 12:53:11,ARSC300,0102,Kathleen West,20,13,0,2026-09-13 12:55:34
2026-09-13 12:53:11,ARSC400,0101,Walter Mitchell,30,11,0,2026-09-13 12:55:34
2026-09-13 12:53:11,ARSC400,0102,Walter Mitchell,20,18,0,2026-09-13 12:55:34
2026-09-13 12:53:11,ARSC400,0201,Walter Mitchell,10,10,0,2026-09-13 12:55:34
2026-09-13 12:53:11,BMIN210,0101,Darlene Dennison,180,2,0,2026-09-13 12:57:00
2026-09-13 12:53:11,BMIN210,0201,Darlene Dennison,180,94,0,2026-09-13 12:57:00
2026-09-13 12:53:11,BMIN305,0101,Tejwansh Anand,180,14,0,2026-09-13 12:57:00
2026-09-13 12:53:11,BMIN345,0101,Michael Padhi,275,36,0,2026-09-13 12:57:00
2026-09-13 12:53:11,BMIN355,0101,Idil Yaveroglu,180,0,0,2026-09-13 12:57:01
2026-09-13 12:53:11,BMIN355,0201,Idil Yaveroglu,180,24,0,2026-09-13 12:57:01
2026-09-13 12:53:11,BMIN375,0101,Leland Gardner,185,2,0,2026-09-13 12:57:01
2026-09-13 12:53:11,BMIN395,0101,Nima Farshchi,200,1,0,2026-09-13 12:57:02
2026-09-13 12:53:11,BMIN395,0201,Nima Farshchi,200,106,0,2026-09-13 12:57:02
2026-09-13 12:53:11,BOIS602,WI01,Woei-jyh Lee,40,6,0,2026-09-13 12:57:05
2026-09-13 12:53:11,BOIS604,WI01,Manmohan Aseri,40,5,0,2026-09-13 12:57:06
2026-09-13 12:53:11,BOIS631,WI01,Sujin Kim,40,8,0,2026-09-13 12:57:06
2026-09-13 12:53:11,BSOS355,0101,Liza Lebrun,30,30,0,2026-09-13 12:57:19
2026-09-13 12:53:11,BSOS361,0101,TC Lloyd,30,2,0,2026-09-13 12:57:20
2026-09-13 12:53:11,BSOS361,0103,Keia Brown,30,2,0,2026-09-13 12:57:20
2026-09-13 12:53:11,BSOS361,0104,David Tana,30,1,0,2026-09-13 12:57:20
2026-09-13 12:53:11,BSOS361,0105,TC Lloyd,30,2,0,2026-09-13 12:57:20
2026-09-13 12:53:11,BSOS388C,0101,Nikita Kimani,20,0,0,2026-09-13 12:57:20
2026-09-13 12:53:11,BSOS388C,0201,Nikita Kimani,20,0,0,2026-09-13 12:57:20
2026-09-13 12:53:11,BSOS388E,0101,Liza Lebrun,30,30,0,2026-09-13 12:57:21
2026-09-13 12:53:11,BUSO600,SO11,Neta Moye,42,5,0,2026-09-13 12:57:41
2026-09-13 12:53:11,BUSO600,SO12,Neta Moye,42,9,0,2026-09-13 12:57:41
2026-09-13 12:53:11,BUSO603,SO11,Ilya Ryzhov,42,5,0,2026-09-13 12:57:41
2026-09-13 12:53:11,BUSO603,SO12,Ilya Ryzhov,42,4,0,2026-09-13 12:57:41
2026-09-13 12:53:11,BUSO604,SO11,Bennet Zelner,42,6,0,2026-09-13 12:57:41
2026-09-13 12:53:11,BUSO604,SO12,Bennet Zelner,42,6,0,2026-09-13 12:57:41
2026-09-13 12:53:11,BUSO612,SO11,Henry Boyd,42,3,0,2026-09-13 12:57:42
2026-09-13 12:53:11,BUSO612,SO12,Henry Boyd,42,5,0,2026-09-13 12:57:42
2026-09-13 12:53:11,BUSO616,SO31,Brent Solomon,38,2,0,2026-09-13 12:57:42
2026-09-13 12:53:11,BUSO616,SO32,Brent Solomon,38,0,0,2026-09-13 12:57:42
2026-09-13 12:53:11,BUSO624,SO31,Yi Xu,38,2,0,2026-09-13 12:57:43
2026-09-13 12:53:11,BUSO624,SO32,Yi Xu,38,0,0,2026-09-13 12:57:43
2026-09-13 12:53:11,BUSO700,SO91,Paulo Prochno,0,0,0,2026-09-13 12:57:43
2026-09-13 12:53:11,BUSO711,SO31,Gosia Langa Basit,28,0,0,2026-09-13 12:57:44
2026-09-13 12:53:11,BUSO711,SO32,Gosia Langa Basit,28,3,0,2026-09-13 12:57:44
2026-09-13 12:53:11,BUSO711,SO33,Gosia Langa Basit,28,1,0,2026-09-13 12:57:44
2026-09-13 12:53:11,BUSO731,SO51,Tejwansh Anand,49,0,1,2026-09-13 12:57:44
2026-09-13 12:53:11,BUSO752,SO51,Leland Gardner,35,13,0,2026-09-13 12:57:44
2026-09-13 12:53:11,BUSO758G,SO51,James Seward,35,11,0,2026-09-13 12:57:45
2026-09-13 12:53:11,BUSO758M,SO51,Paulo Prochno,49,2,0,2026-09-13 12:57:45
2026-09-13 12:53:11,BUSO758M,SO52,Paulo Prochno,49,3,0,2026-09-13 12:57:45
2026-09-13 12:53:11,BUSO758T,SO51,Michael Cichello,35,18,0,2026-09-13 12:57:46
2026-09-13 12:53:11,BUSO758W,SO51,Yogesh Joshi,33,2,0,2026-09-13 12:57:46
2026-09-13 12:53:11,BUSO758W,SO52,Yogesh Joshi,33,2,0,2026-09-13 12:57:46
2026-09-13 12:53:11,BUSO758X,SO51,Pallassana Kannan,49,3,0,2026-09-13 12:57:46
2026-09-13 12:53:11,BUSO788F,GX01,Judy Frels,25,6,0,2026-09-13 12:57:47
2026-09-13 12:53:11,BUSO788W,GX01,Zhi-Long Chen,30,5,0,2026-09-13 12:57:47
2026-09-13 12:53:11,CHSE200,0101,Betsy Tornquist,10,1,0,2026-09-13 12:58:21
2026-09-13 12:53:11,CHSE205,0101,Yewon Lee,60,0,2,2026-09-13 12:58:21
2026-09-13 12:53:11,CHSE205,0201,Yewon Lee,60,0,1,2026-09-13 12:58:21
2026-09-13 12:53:11,CHSE228C,0101,Nikita Kimani,20,0,0,2026-09-13 12:58:22
2026-09-13 12:53:11,CHSE228C,0201,Nikita Kimani,20,0,0,2026-09-13 12:58:22
2026-09-13 12:53:11,CHSE228C,0301,Nikita Kimani,20,0,0,2026-09-13 12:58:22
2026-09-13 12:53:11,CHSE230,0101,Isabelle Grable,25,16,0,2026-09-13 12:58:22
2026-09-13 12:53:11,CHSE376,0101,Michael Dunham,22,0,3,2026-09-13 12:58:22
2026-09-13 12:53:11,CHSE376,0201,Colleen McGilpin,20,0,4,2026-09-13 12:58:22
2026-09-13 12:53:11,CHSE376,0301,Elizabeth Martinez,20,0,0,2026-09-13 12:58:22
2026-09-13 12:53:11,CHSE376,0401,Chanai Brewster,20,4,0,2026-09-13 12:58:22
2026-09-13 12:53:11,CHSE476,0101,Michael Dunham,20,6,0,2026-09-13 12:58:23
2026-09-13 12:53:11,CHSE477,0101,Michael Dunham,15,4,0,2026-09-13 12:58:24
2026-09-13 12:53:11,CHSE489,1901,Amy D'Agati,15,10,0,2026-09-13 12:58:24
2026-09-13 12:53:11,CINE245,0101,Eric Zakim,22,0,1,2026-09-13 12:58:26
2026-09-13 12:53:11,CINE245,0102,Eric Zakim,22,0,2,2026-09-13 12:58:26
2026-09-13 12:53:11,CINE245,0103,Eric Zakim,22,0,2,2026-09-13 12:58:26
2026-09-13 12:53:11,CINE245,0104,Eric Zakim,22,0,1,2026-09-13 12:58:26
2026-09-13 12:53:11,CINE280,0101,Porter Olsen,30,0,1,2026-09-13 12:58:27
2026-09-13 12:53:11,CINE280,0201,John Tobin,30,0,1,2026-09-13 12:58:27
2026-09-13 12:53:11,CINE298A,0101,Caroline Eades,20,0,0,2026-09-13 12:58:27
2026-09-13 12:53:11,CINE301,0101,Eric Zakim,30,0,0,2026-09-13 12:58:28
2026-09-13 12:53:11,CINE310,0101,Nathaniel Stevens,15,2,0,2026-09-13 12:58:28
2026-09-13 12:53:11,CINE315,0101,Yael Inbar,15,0,0,2026-09-13 12:58:28
2026-09-13 12:53:11,CINE319G,0101,Oliver Gaycken,25,15,0,2026-09-13 12:58:29
2026-09-13 12:53:11,CINE319P,5501,Samuel Crawford,11,0,1,2026-09-13 12:58:29
2026-09-13 12:53:11,CINE319Z,0101,Paul Cote,25,7,0,2026-09-13 12:58:30
2026-09-13 12:53:11,CINE329T,0101,Daniel Richter,25,0,4,2026-09-13 12:58:30
2026-09-13 12:53:11,CINE332,0101,Parker Brookie,25,0,0,2026-09-13 12:58:30
2026-09-13 12:53:11,CINE334,0101,Elizabeth Papazian,25,0,0,2026-09-13 12:58:31
2026-09-13 12:53:11,CINE337,0101,Jason Kuo,25,0,1,2026-09-13 12:58:31
2026-09-13 12:53:11,CINE342,0101,Luka Arsenjuk,20,0,1,2026-09-13 12:58:32
2026-09-13 12:53:11,CINE350,0101,John Drabinski,20,0,0,2026-09-13 12:58:32
2026-09-13 12:53:11,CINE359C,0101,Daniel Richter,25,0,2,2026-09-13 12:58:32
2026-09-13 12:53:11,CINE369B,0101,Eva Hageman,30,1,0,2026-09-13 12:58:33
2026-09-13 12:53:11,CINE369K,0101,Paul Cote,20,0,1,2026-09-13 12:58:33
2026-09-13 12:53:11,CINE376,0101,Ross Angelella,15,3,0,2026-09-13 12:58:34
2026-09-13 12:53:11,CINE376,0102,Ross Angelella,5,2,0,2026-09-13 12:58:34
2026-09-13 12:53:11,CINE415,0101,Mathew Bainbridge,15,0,0,2026-09-13 12:58:34
2026-09-13 12:53:11,CINE419P,0101,Oliver Gaycken,20,14,0,2026-09-13 12:58:35
2026-09-13 12:53:11,CINE459P,0101,Luka Arsenjuk,20,0,2,2026-09-13 12:58:35
2026-09-13 12:53:11,CLAS170,0101,Chiara Graf,21,1,0,2026-09-13 12:58:37
2026-09-13 12:53:11,CLAS170,0102,Chiara Graf,21,0,0,2026-09-13 12:58:37
2026-09-13 12:53:11,CLAS170,0103,Chiara Graf,21,0,0,2026-09-13 12:58:37
2026-09-13 12:53:11,CLAS170,0104,Chiara Graf,21,0,0,2026-09-13 12:58:37
2026-09-13 12:53:11,CLAS170,0105,Chiara Graf,21,0,0,2026-09-13 12:58:37
2026-09-13 12:53:11,CLAS170,0106,Chiara Graf,21,0,0,2026-09-13 12:58:37
2026-09-13 12:53:11,CLAS170,0107,Chiara Graf,21,0,0,2026-09-13 12:58:37
2026-09-13 12:53:11,CLAS170,0108,Chiara Graf,21,1,0,2026-09-13 12:58:37
2026-09-13 12:53:11,CLAS170,0109,Chiara Graf,22,0,0,2026-09-13 12:58:37
2026-09-13 12:53:11,CLAS170,FC01,Chelsea Stolt,28,4,0,2026-09-13 12:58:37
2026-09-13 12:53:11,CLAS170,FC02,Chelsea Stolt,28,0,0,2026-09-13 12:58:37
2026-09-13 12:53:11,CLAS170,FC03,Eugenia Lao,28,8,0,2026-09-13 12:58:37
2026-09-13 12:53:11,CLAS170,FC05,Charis Addai,28,5,0,2026-09-13 12:58:37
2026-09-13 12:53:11,CLAS277,0101,Chiara Graf,25,0,0,2026-09-13 12:58:38
2026-09-13 12:53:11,CLAS277,0102,Chiara Graf,25,1,0,2026-09-13 12:58:38
2026-09-13 12:53:11,CLAS277,0103,Chiara Graf,25,4,0,2026-09-13 12:58:38
2026-09-13 12:53:11,CLAS277,0104,Chiara Graf,25,1,0,2026-09-13 12:58:38
2026-09-13 12:53:11,CLAS277,0105,Chiara Graf,25,0,0,2026-09-13 12:58:38
2026-09-13 12:53:11,CLAS277,0106,Chiara Graf,25,1,0,2026-09-13 12:58:38
2026-09-13 12:53:11,CLAS305,0101,Jorge Bravo,35,1,0,2026-09-13 12:58:38
2026-09-13 12:53:11,CLAS309N,0101,Nathan Levine,35,26,0,2026-09-13 12:58:39
2026-09-13 12:53:11,CLAS310,0101,Rachel Singpurwalla,20,0,1,2026-09-13 12:58:39
2026-09-13 12:53:11,CLAS310,0102,Rachel Singpurwalla,20,0,2,2026-09-13 12:58:39
2026-09-13 12:53:11,CLAS310,0103,Rachel Singpurwalla,20,0,3,2026-09-13 12:58:39
2026-09-13 12:53:11,CLAS312,0101,Polyvia Parara,35,7,0,2026-09-13 12:58:40
2026-09-13 12:53:11,CMLT235,0101,Brielle Gorrell,30,2,0,2026-09-13 12:58:43
2026-09-13 12:53:11,CMLT270,0101,Hannah (Toyin) Adeyemi,30,0,0,2026-09-13 12:58:44
2026-09-13 12:53:11,CMLT270,0201,Shakiba Sharifpour,30,1,0,2026-09-13 12:58:44
2026-09-13 12:53:11,CMLT275,0201,Abhinav Bhardwaj,30,0,1,2026-09-13 12:58:44
2026-09-13 12:53:11,CMLT277,0101,Nahid Ahmadian,30,2,0,2026-09-13 12:58:45
2026-09-13 12:53:11,CMLT280,0101,Porter Olsen,30,0,1,2026-09-13 12:58:45
2026-09-13 12:53:11,CMLT280,0201,John Tobin,30,0,1,2026-09-13 12:58:45
2026-09-13 12:53:11,CPBE100,0101,Oliver Schlake,95,25,0,2026-09-13 12:59:27
2026-09-13 12:53:11,CPBE200,0101,Oliver Schlake,75,33,0,2026-09-13 12:59:27
2026-09-13 12:53:11,CPBE225,0101,Ira Koretsky,38,13,0,2026-09-13 12:59:28
2026-09-13 12:53:11,CPBE225,0102,Ira Koretsky,38,22,0,2026-09-13 12:59:28
2026-09-13 12:53:11,CPCV100,0101,Julie Randolph,40,1,0,2026-09-13 12:59:29
2026-09-13 12:53:11,CPCV100,0201,Julie Randolph,40,8,0,2026-09-13 12:59:29
2026-09-13 12:53:11,CPCV200,0101,Julie Randolph,35,1,0,2026-09-13 12:59:30
2026-09-13 12:53:11,CPCV200,0201,Julie Randolph,35,15,0,2026-09-13 12:59:30
2026-09-13 12:53:11,CPCV225,0101,Korey Rothman,75,4,0,2026-09-13 12:59:30
2026-09-13 12:53:11,CPDJ100,0101,Jess Feltner,75,2,0,2026-09-13 12:59:32
2026-09-13 12:53:11,CPDJ200,0101,Andrew Fellows,75,37,0,2026-09-13 12:59:32
2026-09-13 12:53:11,CPET100,0101,Tim Knight,75,4,0,2026-09-13 12:59:34
2026-09-13 12:53:11,CPET200,0101,Tim Knight,75,7,0,2026-09-13 12:59:35
2026-09-13 12:53:11,CPGH100,0101,John Wiggins,85,7,0,2026-09-13 12:59:36
2026-09-13 12:53:11,CPGH200,0101,John Wiggins,75,18,0,2026-09-13 12:59:37
2026-09-13 12:53:11,CPJT100,0101,Justine DeCamillis,75,7,0,2026-09-13 12:59:39
2026-09-13 12:53:11,CPJT200,0101,Justine DeCamillis,75,21,0,2026-09-13 12:59:39
2026-09-13 12:53:11,CPMS100,0101,Alison Burns,75,0,0,2026-09-13 12:59:41
2026-09-13 12:53:11,CPMS200,0101,Alison Burns,75,11,0,2026-09-13 12:59:41
2026-09-13 12:53:11,CPMS225,0101,Alison Burns,75,0,0,2026-09-13 12:59:42
2026-09-13 12:53:11,CPMS230,0101,Alison Burns,30,11,0,2026-09-13 12:59:42
2026-09-13 12:53:11,CPMS240,0101,Carole Lee,20,18,0,2026-09-13 12:59:42
2026-09-13 12:53:11,CPPL100,0101,Kelly Brower,78,2,0,2026-09-13 12:59:44
2026-09-13 12:53:11,CPPL200,0101,Susannah Washburn,75,15,0,2026-09-13 12:59:44
2026-09-13 12:53:11,CPSA100,0101,Andrea Cesar,75,12,0,2026-09-13 12:59:46
2026-09-13 12:53:11,CPSA200,0101,Andrea Cesar,75,34,0,2026-09-13 12:59:47
2026-09-13 12:53:11,CPSF100,0101,Nicholas Fletcher,85,1,0,2026-09-13 12:59:48
2026-09-13 12:53:11,CPSF200,0101,Nicholas Fletcher,75,5,0,2026-09-13 12:59:49
2026-09-13 12:53:11,CPSG100,0101,Thomas Holtz,85,11,0,2026-09-13 12:59:50
2026-09-13 12:53:11,CPSG200,0101,Thomas Holtz,75,29,0,2026-09-13 12:59:51
2026-09-13 12:53:11,CPSN100,0101,Hansol Kwak,85,5,0,2026-09-13 12:59:53
2026-09-13 12:53:11,CPSN200,0101,Stacy Kosko,75,42,0,2026-09-13 12:59:53
2026-09-13 12:53:11,CPSN230,0101,Sarah Kilmer,20,18,0,2026-09-13 12:59:53
2026-09-13 12:53:11,CPSN240,0101,Sarah Kilmer,10,7,0,2026-09-13 12:59:54
2026-09-13 12:53:11,CPSN250,0101,Sarah Kilmer,5,5,0,2026-09-13 12:59:54
2026-09-13 12:53:11,CPSP110,0101,Markell Saunders,18,8,0,2026-09-13 12:59:56
2026-09-13 12:53:11,CPSP110,0201,Patrice Greene,18,13,0,2026-09-13 12:59:56
2026-09-13 12:53:11,CPSP220,0101,Tiara Thomas,20,1,0,2026-09-13 12:59:56
2026-09-13 12:53:11,CPSP239A,0101,Heather-Erin Bremenstuhl,10,5,0,2026-09-13 12:59:57
2026-09-13 12:53:11,CPSP269C,0101,Korey Rothman,5,5,0,2026-09-13 12:59:57
2026-09-13 12:53:11,CPSP339P,0101,Susannah Washburn,10,7,0,2026-09-13 12:59:58
2026-09-13 12:53:11,CPSS100,0101,Nicole Mogul,85,6,0,2026-09-13 12:59:59
2026-09-13 12:53:11,CPSS220,0101,Nicole Mogul,20,2,0,2026-09-13 13:00:00
2026-09-13 12:53:11,CPSS225,0101,Roan Parrish,20,14,0,2026-09-13 13:00:00
2026-09-13 12:53:11,CPSS340,0101,David Tomblin,20,5,0,2026-09-13 13:00:01
2026-09-13 12:53:11,CRLN101,0103,Myles Alexander,25,1,0,2026-09-13 13:00:03
2026-09-13 12:53:11,CRLN101,0104,Tami Smith,26,0,0,2026-09-13 13:00:03
2026-09-13 12:53:11,CRLN101,0105,Denis Garcia Reyes,25,0,0,2026-09-13 13:00:03
2026-09-13 12:53:11,CRLN101,0106,Mitch Woolley,25,4,0,2026-09-13 13:00:03
2026-09-13 12:53:11,CRLN101,0107,Esohe Owie,25,0,0,2026-09-13 13:00:03
2026-09-13 12:53:11,DATA100,0111,Matthew Griffin,33,4,0,2026-09-13 13:00:16
2026-09-13 12:53:11,DATA100,0112,Matthew Griffin,35,2,0,2026-09-13 13:00:16
2026-09-13 12:53:11,DATA100,0121,Matthew Griffin,35,2,0,2026-09-13 13:00:16
2026-09-13 12:53:11,DATA100,0122,Matthew Griffin,33,0,0,2026-09-13 13:00:16
2026-09-13 12:53:11,DATA100,0123,Matthew Griffin,33,1,0,2026-09-13 13:00:16
2026-09-13 12:53:11,DATA100,0124,Matthew Griffin,33,0,0,2026-09-13 13:00:16
2026-09-13 12:53:11,DATA100,0131,Matthew Griffin,33,1,0,2026-09-13 13:00:16
2026-09-13 12:53:11,DATA100,0141,Matthew Griffin,35,0,0,2026-09-13 13:00:16
2026-09-13 12:53:11,DATA100,0142,Matthew Griffin,33,0,0,2026-09-13 13:00:16
2026-09-13 12:53:11,DATA100,0211,Matthew Griffin,33,1,0,2026-09-13 13:00:16
2026-09-13 12:53:11,DATA100,0212,Matthew Griffin,35,0,0,2026-09-13 13:00:16
2026-09-13 12:53:11,DATA100,0221,Matthew Griffin,30,0,0,2026-09-13 13:00:16
2026-09-13 12:53:11,DATA100,0223,Matthew Griffin,32,0,0,2026-09-13 13:00:16
2026-09-13 12:53:11,DATA100,0224,Matthew Griffin,30,1,0,2026-09-13 13:00:16
2026-09-13 12:53:11,DATA100,0231,Matthew Griffin,33,2,0,2026-09-13 13:00:16
2026-09-13 12:53:11,DATA100,0311,Archana Khurana,35,6,0,2026-09-13 13:00:16
2026-09-13 12:53:11,DATA100,0312,Archana Khurana,35,1,0,2026-09-13 13:00:16
2026-09-13 12:53:11,DATA100,0321,Archana Khurana,35,0,0,2026-09-13 13:00:16
2026-09-13 12:53:11,DATA100,0322,Archana Khurana,35,1,0,2026-09-13 13:00:16
2026-09-13 12:53:11,DATA100,0323,Archana Khurana,35,0,0,2026-09-13 13:00:16
2026-09-13 12:53:11,DATA100,0341,Archana Khurana,35,5,0,2026-09-13 13:00:16
2026-09-13 12:53:11,DATA110,0101,Susan Mazzullo,250,24,0,2026-09-13 13:00:16
2026-09-13 12:53:11,DATA120,0101,Fardina Alam,200,0,2,2026-09-13 13:00:17
2026-09-13 12:53:11,DATA200,0101,Fardina Alam,90,32,0,2026-09-13 13:00:17
2026-09-13 12:53:11,DATA250,0101,Todd Rowland,43,7,0,2026-09-13 13:00:17
2026-09-13 12:53:11,DATA320,0101,Maksym Morawski,15,10,0,2026-09-13 13:00:18
2026-09-13 12:53:11,DATA320,0201,Maksym Morawski,20,10,0,2026-09-13 13:00:18
2026-09-13 12:53:11,DATA320,0301,Fardina Alam,20,1,0,2026-09-13 13:00:18
2026-09-13 12:53:11,DATA350,0101,Raluca Rosca,30,11,0,2026-09-13 13:00:18
2026-09-13 12:53:11,DATA350,0201,Jonathan Fernandes,34,5,0,2026-09-13 13:00:18
2026-09-13 12:53:11,DATA400,0111,Salman Safdar,27,1,0,2026-09-13 13:00:19
2026-09-13 12:53:11,DATA400,0112,Salman Safdar,30,1,0,2026-09-13 13:00:19
2026-09-13 12:53:11,DATA400,0121,Salman Safdar,27,2,0,2026-09-13 13:00:19
2026-09-13 12:53:11,DATA400,0122,Salman Safdar,27,4,0,2026-09-13 13:00:19
2026-09-13 12:53:11,DATA400,0131,Salman Safdar,27,3,0,2026-09-13 13:00:19
2026-09-13 12:53:11,DATA400,0132,Salman Safdar,27,8,0,2026-09-13 13:00:19
2026-09-13 12:53:11,DATA400,0211,Timothy Pilachowski,30,3,0,2026-09-13 13:00:19
2026-09-13 12:53:11,DATA400,0212,Timothy Pilachowski,30,4,0,2026-09-13 13:00:19
2026-09-13 12:53:11,DATA400,0221,Timothy Pilachowski,30,3,0,2026-09-13 13:00:19
2026-09-13 12:53:11,DATA400,0222,Timothy Pilachowski,30,0,0,2026-09-13 13:00:19
2026-09-13 12:53:11,DATA400,0231,Timothy Pilachowski,30,0,0,2026-09-13 13:00:19
2026-09-13 12:53:11,DATA400,0232,Timothy Pilachowski,30,3,0,2026-09-13 13:00:19
2026-09-13 12:53:11,DATA400,0311,Mestiyage Gunatilleka,32,0,1,2026-09-13 13:00:19
2026-09-13 12:53:11,DATA400,0312,Mestiyage Gunatilleka,30,0,2,2026-09-13 13:00:19
2026-09-13 12:53:11,DATA400,0321,Mestiyage Gunatilleka,32,0,1,2026-09-13 13:00:19
2026-09-13 12:53:11,DATA400,0322,Mestiyage Gunatilleka,30,0,1,2026-09-13 13:00:19
2026-09-13 12:53:11,DATA400,0331,Mestiyage Gunatilleka,32,0,1,2026-09-13 13:00:19
2026-09-13 12:53:11,DATA400,0332,Mestiyage Gunatilleka,30,0,1,2026-09-13 13:00:19
2026-09-13 12:53:11,DATA400,0511,Shixin Zheng,35,0,0,2026-09-13 13:00:19
2026-09-13 12:53:11,DATA400,0521,Shixin Zheng,35,0,0,2026-09-13 13:00:19
2026-09-13 12:53:11,DATA400,0531,Shixin Zheng,35,0,0,2026-09-13 13:00:19
2026-09-13 12:53:11,DATA601,PCS1,Sandra Cerrai,50,6,0,2026-09-13 13:00:19
2026-09-13 12:53:11,DATA601,PCS2,Jonathan Fernandes,60,20,0,2026-09-13 13:00:19
2026-09-13 12:53:11,DATA601,PWS1,Leonid Koralov,60,3,0,2026-09-13 13:00:19
2026-09-13 12:53:11,DATA602,PCS1,Sujeong Kim,44,5,0,2026-09-13 13:00:20
2026-09-13 12:53:11,DATA602,PCS2,Sujeong Kim,44,9,0,2026-09-13 13:00:20
2026-09-13 12:53:11,DATA602,PWS1,Fardina Alam,44,3,0,2026-09-13 13:00:20
2026-09-13 12:53:11,DATA603,PCS1,Babak Azimi-Sadjadi,55,14,0,2026-09-13 13:00:20
2026-09-13 12:53:11,DATA603,PWS1,Kemal Davaslioglu,55,19,0,2026-09-13 13:00:20
2026-09-13 12:53:11,DATA605,PCS1,Tammy Perrin,44,30,0,2026-09-13 13:00:20
2026-09-13 12:53:11,DATA605,PCS2,Tammy Perrin,44,21,0,2026-09-13 13:00:20
2026-09-13 12:53:11,DATA605,PWS1,Giacinto Paolo Saggese,44,35,0,2026-09-13 13:00:20
2026-09-13 12:53:11,DATA607,PCS1,Mestiyage Gunatilleka,44,29,0,2026-09-13 13:00:21
2026-09-13 12:53:11,DATA607,PCS2,Kendall Williams,55,0,1,2026-09-13 13:00:21
2026-09-13 12:53:11,DATA607,PCS3,Vincent Lyzinski,44,3,0,2026-09-13 13:00:21
2026-09-13 12:53:11,DATA612,PCS1,Samet Ayhan,50,23,0,2026-09-13 13:00:21
2026-09-13 12:53:11,DATA612,PWS1,Samet Ayhan,44,14,0,2026-09-13 13:00:21
2026-09-13 12:53:11,DATA641,PCS1,Toki Inan,50,19,0,2026-09-13 13:00:22
2026-09-13 12:53:11,DATA641,PWS1,Armin Mehrabian,50,0,0,2026-09-13 13:00:22
2026-09-13 12:53:11,DATA643,PCS1,Charles Forgy,50,30,0,2026-09-13 13:00:22
2026-09-13 12:53:11,DATA650,PCS1,Emre Gunduzhan,54,8,0,2026-09-13 13:00:23
2026-09-13 12:53:11,DATA650,PCS2,Emre Gunduzhan,54,10,0,2026-09-13 13:00:23
2026-09-13 12:53:11,ENAI600,0101,C Ravishankar,35,21,0,2026-09-13 13:01:07
2026-09-13 12:53:11,ENAI600,AEC1,C Ravishankar,20,5,0,2026-09-13 13:01:07
2026-09-13 12:53:11,ENAI601,0101,Richard La,35,22,0,2026-09-13 13:01:07
2026-09-13 12:53:11,ENAI601,AEC1,Richard La,20,8,0,2026-09-13 13:01:07
2026-09-13 12:53:11,ENAI607,0101,Zoltan Safar,29,24,0,2026-09-13 13:01:08
2026-09-13 12:53:11,ENAI607,AEC1,Zoltan Safar,20,9,0,2026-09-13 13:01:08
2026-09-13 12:53:11,ENBC301,ESG1,Sivan Saravanapavan,20,9,0,2026-09-13 13:01:09
2026-09-13 12:53:11,ENBC311,ESG1,Bahaa Ghammraoui,20,11,0,2026-09-13 13:01:10
2026-09-13 12:53:11,ENBC322,ESG1,Kyunghun Lee,20,11,0,2026-09-13 13:01:10
2026-09-13 12:53:11,ENBC331,ESG1,Lan Ma,20,10,0,2026-09-13 13:01:11
2026-09-13 12:53:11,ENBC332,ESG1,Jamasp Azarnoosh,20,11,0,2026-09-13 13:01:11
2026-09-13 12:53:11,ENBC341,ESG1,Jarred Callura,20,12,0,2026-09-13 13:01:11
2026-09-13 12:53:11,ENBC353,ESG1,Jarred Callura,20,15,0,2026-09-13 13:01:12
2026-09-13 12:53:11,ENBC423,ESG1,Jian Su,20,13,0,2026-09-13 13:01:13
2026-09-13 12:53:11,ENBC425,ESG1,Jamasp Azarnoosh,20,13,0,2026-09-13 13:01:13
2026-09-13 12:53:11,ENBC431,ESG1,Lan Ma,20,13,0,2026-09-13 13:01:13
2026-09-13 12:53:11,ENEB302,ESG1,Wesley Lawson,20,3,0,2026-09-13 13:01:30
2026-09-13 12:53:11,ENEB340,ESG1,Nestor Michael Tiglao,20,3,0,2026-09-13 13:01:30
2026-09-13 12:53:11,ENEB341,ESG1,Nestor Michael Tiglao,20,3,0,2026-09-13 13:01:31
2026-09-13 12:53:11,ENEB344,ESG1,Jerry Wu,20,3,0,2026-09-13 13:01:31
2026-09-13 12:53:11,ENEB346,ESG1,Nestor Michael Tiglao,20,13,0,2026-09-13 13:01:31
2026-09-13 12:53:11,ENEB354,ESG1,Yavuz Oruc,20,2,0,2026-09-13 13:01:32
2026-09-13 12:53:11,ENEB408A,ESG1,Nestor Michael Tiglao,20,13,0,2026-09-13 13:01:32
2026-09-13 12:53:11,ENEB444,ESG1,Manoj Franklin,20,13,0,2026-09-13 13:01:33
2026-09-13 12:53:11,ENEB454,ESG1,Jerry Wu,20,13,0,2026-09-13 13:01:33
2026-09-13 12:53:11,ENED036,0101,Hillary Owusu,20,5,0,2026-09-13 13:01:35
2026-09-13 12:53:11,ENED101,0101,Shannon Bate,20,0,0,2026-09-13 13:01:35
2026-09-13 12:53:11,ENED115,0101,Friedrich Alvarez,100,6,0,2026-09-13 13:01:36
2026-09-13 12:53:11,ENED215,0101,Tyler Huddleston,30,0,0,2026-09-13 13:01:36
2026-09-13 12:53:11,ENED215,0102,Samantha Sabihi,40,26,0,2026-09-13 13:01:36
2026-09-13 12:53:11,ENED215,0103,Paige Smith,6,0,0,2026-09-13 13:01:36
2026-09-13 12:53:11,ENED290H,0101,Christopher Troilo,46,1,0,2026-09-13 13:01:37
2026-09-13 12:53:11,ENED390H,0101,Tony Barber,50,13,0,2026-09-13 13:01:37
2026-09-13 12:53:11,ENED394H,0101,Manmohan Aseri,65,14,0,2026-09-13 13:01:37
2026-09-13 12:53:11,ENED397,0101,Emily Marks,9,0,0,2026-09-13 13:01:38
2026-09-13 12:53:11,ENED490H,0101,Maria Bardossy,45,1,0,2026-09-13 13:01:38
2026-09-13 12:53:11,ENED491,0101,Jessica Roffe,10,1,0,2026-09-13 13:01:39
2026-09-13 12:53:11,ENMT301,ESG1,Colleen Murray,15,8,0,2026-09-13 13:02:56
2026-09-13 12:53:11,ENMT322,ESG1,Norman Wereley,15,9,0,2026-09-13 13:02:57
2026-09-13 12:53:11,ENMT361,ESG1,Young Choi,15,8,0,2026-09-13 13:02:57
2026-09-13 12:53:11,ENMT380,ESG1,Gurtajbir Herr,15,8,0,2026-09-13 13:02:58
2026-09-13 12:53:11,ENMT450,ESG1,Nicholas Limparis,7,5,0,2026-09-13 13:02:58
2026-09-13 12:53:11,ENMT471,ESG1,Colleen Murray,7,5,0,2026-09-13 13:02:58
2026-09-13 12:53:11,ENMT473,ESG1,Gurtajbir Herr,7,4,0,2026-09-13 13:02:59
2026-09-13 12:53:11,ENMT483,ESG1,Nicholas Limparis,7,5,0,2026-09-13 13:02:59
2026-09-13 12:53:11,ENMT499,ESG4,Nicholas Limparis,2,1,0,2026-09-13 13:03:00
2026-09-13 12:53:11,ENSE621,0101,Tony Barber,22,16,0,2026-09-13 13:03:09
2026-09-13 12:53:11,ENSE621,SY01,Tony Barber,15,0,0,2026-09-13 13:03:09
2026-09-13 12:53:11,ENSE623,0101,Steven Biemer,17,14,0,2026-09-13 13:03:09
2026-09-13 12:53:11,ENSE623,SY01,Steven Biemer,15,11,0,2026-09-13 13:03:09
2026-09-13 12:53:11,ENSE626,0101,Dane Cooper,20,16,0,2026-09-13 13:03:09
2026-09-13 12:53:11,ENSE626,SY01,Dane Cooper,15,9,0,2026-09-13 13:03:09
2026-09-13 12:53:11,ENSP101,0101,Annette Spivy,25,0,0,2026-09-13 13:03:12
2026-09-13 12:53:11,ENSP101,0102,Annette Spivy,24,0,0,2026-09-13 13:03:12
2026-09-13 12:53:11,ENSP101,0103,Annette Spivy,24,2,0,2026-09-13 13:03:12
2026-09-13 12:53:11,ENSP101,0104,Annette Spivy,24,1,0,2026-09-13 13:03:12
2026-09-13 12:53:11,ENSP101,0105,Annette Spivy,25,1,0,2026-09-13 13:03:12
2026-09-13 12:53:11,ENSP101,0106,Annette Spivy,24,0,0,2026-09-13 13:03:12
2026-09-13 12:53:11,ENSP101,0107,Annette Spivy,24,0,0,2026-09-13 13:03:12
2026-09-13 12:53:11,ENSP101,FC01,Annette Spivy,32,1,0,2026-09-13 13:03:12
2026-09-13 12:53:11,ENSP305,0101,Annette Spivy,23,0,1,2026-09-13 13:03:12
2026-09-13 12:53:11,ENSP330,0101,Joanna Goger,35,0,0,2026-09-13 13:03:13
2026-09-13 12:53:11,ENSP340,0101,Caroline Boules,25,0,0,2026-09-13 13:03:13
2026-09-13 12:53:11,ENSP360,0101,Leena Malayil,25,0,5,2026-09-13 13:03:14
2026-09-13 12:53:11,ENSP399R,0601,Annette Spivy,10,10,0,2026-09-13 13:03:15
2026-09-13 12:53:11,ENSP399R,1001,Jennifer Mullinax,10,10,0,2026-09-13 13:03:15
2026-09-13 12:53:11,ENSP400,0101,Joanna Goger,35,13,0,2026-09-13 13:03:15
2026-09-13 12:53:11,ENSP400,0102,Joanna Goger,35,11,0,2026-09-13 13:03:15
2026-09-13 12:53:11,ENVH121,FC01,Brienna Anderson,20,12,0,2026-09-13 13:03:33
2026-09-13 12:53:11,ENVH381,0101,Donald Milton,30,10,0,2026-09-13 13:03:34
2026-09-13 12:53:11,FGSM310,0101,Peter Owen,24,1,0,2026-09-13 13:03:39
2026-09-13 12:53:11,FGSM315,0101,Emily Shetty,22,0,0,2026-09-13 13:03:39
2026-09-13 12:53:11,FGSM320,0101,Woodie Kessel,24,2,0,2026-09-13 13:03:40
2026-09-13 12:53:11,FGSM325,0101,Rob Long,20,1,0,2026-09-13 13:03:40
2026-09-13 12:53:11,FGSM330,0101,Andrew Fausett,22,2,0,2026-09-13 13:03:41
2026-09-13 12:53:11,FGSM340,0101,Ed Fendley,22,1,0,2026-09-13 13:03:41
2026-09-13 12:53:11,FGSM350,0101,Sean Misko,22,1,0,2026-09-13 13:03:42
2026-09-13 12:53:11,FGSM355,0101,Amanda Schoch,20,0,0,2026-09-13 13:03:42
2026-09-13 12:53:11,FGSM360,0101,Nadia Farra,21,0,0,2026-09-13 13:03:43
2026-09-13 12:53:11,FGSM365,0101,Andrew Nissen,20,2,0,2026-09-13 13:03:43
2026-09-13 12:53:11,FGSM370,0101,Joshua Glasser,20,0,0,2026-09-13 13:03:43
2026-09-13 12:53:11,FGSM390,0101,Sasha Koo-Oshima,20,3,0,2026-09-13 13:03:44
2026-09-13 12:53:11,FGSM398,0101,Jayakumar Arasan,25,21,0,2026-09-13 13:03:44
2026-09-13 12:53:11,FGSM398,0201,Jayakumar Arasan,5,2,0,2026-09-13 13:03:44
2026-09-13 12:53:11,FIRE120,0101,Jessica O'Hara,36,0,0,2026-09-13 13:03:46
2026-09-13 12:53:11,FIRE120,0102,Shannon Hilton,36,7,0,2026-09-13 13:03:46
2026-09-13 12:53:11,FIRE120,0103,Jaclyn Bruner,36,2,0,2026-09-13 13:03:46
2026-09-13 12:53:11,FIRE120,0104,Danielle Niu,36,0,0,2026-09-13 13:03:46
2026-09-13 12:53:11,FIRE120,0105,Cherisse Hall,36,0,0,2026-09-13 13:03:46
2026-09-13 12:53:11,FIRE120,0106,Sara Strey,36,0,0,2026-09-13 13:03:46
2026-09-13 12:53:11,FIRE120,0107,Helene Nguemgaing,36,1,0,2026-09-13 13:03:46
2026-09-13 12:53:11,FIRE120,0108,Mary Chey,36,0,0,2026-09-13 13:03:46
2026-09-13 12:53:11,FIRE120,0109,Shannon Hilton,36,0,0,2026-09-13 13:03:46
2026-09-13 12:53:11,FIRE120,0110,Lena Johnson,36,0,0,2026-09-13 13:03:46
2026-09-13 12:53:11,FIRE120,0111,Benjamin Huffman,36,0,0,2026-09-13 13:03:46
2026-09-13 12:53:11,FIRE120,0112,Mary Chey,36,1,0,2026-09-13 13:03:46
2026-09-13 12:53:11,FIRE120,0113,Elizabeth Massey,36,8,0,2026-09-13 13:03:46
2026-09-13 12:53:11,FIRE120,0114,Benjamin Huffman,36,0,0,2026-09-13 13:03:46
2026-09-13 12:53:11,FIRE120,FC01,Danielle Niu,40,0,7,2026-09-13 13:03:46
2026-09-13 12:53:11,FIRE298,0101,Catherine Spirito,28,3,0,2026-09-13 13:03:47
2026-09-13 12:53:11,FIRE298,0103,Cherisse Hall,36,7,0,2026-09-13 13:03:47
2026-09-13 12:53:11,FIRE298,0104,Jessica O'Hara,36,4,0,2026-09-13 13:03:47
2026-09-13 12:53:11,FIRE298,0105,Kaylee Bloom,36,7,0,2026-09-13 13:03:47
2026-09-13 12:53:11,FIRE298,0106,Danielle Niu,36,16,0,2026-09-13 13:03:47
2026-09-13 12:53:11,FIRE298,0107,Benjamin Huffman,40,1,0,2026-09-13 13:03:47
2026-09-13 12:53:11,FIRE298,0108,Elizabeth Massey,40,14,0,2026-09-13 13:03:47
2026-09-13 12:53:11,FIRE298,0109,Shannon Hilton,40,6,0,2026-09-13 13:03:47
2026-09-13 12:53:11,FIRE298,0110,Jaclyn Bruner,40,19,0,2026-09-13 13:03:47
2026-09-13 12:53:11,FIRE298,0111,Mary Chey,36,4,0,2026-09-13 13:03:47
2026-09-13 12:53:11,FIRE298,0112,Helene Nguemgaing,40,16,0,2026-09-13 13:03:47
2026-09-13 12:53:11,FIRE298,0113,Kristina Kramarczuk,40,11,0,2026-09-13 13:03:47
2026-09-13 12:53:11,FIRE298,0114,Shabnam Jabeen,40,22,0,2026-09-13 13:03:47
2026-09-13 12:53:11,FIRE298,0115,Sara Strey,40,14,0,2026-09-13 13:03:47
2026-09-13 12:53:11,FIRE298,0116,Lena Johnson,40,6,0,2026-09-13 13:03:47
2026-09-13 12:53:11,FIRE398,0101,Catherine Spirito,15,2,0,2026-09-13 13:03:47
2026-09-13 12:53:11,FIRE398,0103,Cherisse Hall,15,5,0,2026-09-13 13:03:47
2026-09-13 12:53:11,FIRE398,0104,Jessica O'Hara,15,1,0,2026-09-13 13:03:47
2026-09-13 12:53:11,FIRE398,0105,Kaylee Bloom,15,2,0,2026-09-13 13:03:47
2026-09-13 12:53:11,FIRE398,0106,Danielle Niu,15,10,0,2026-09-13 13:03:47
2026-09-13 12:53:11,FIRE398,0107,Benjamin Huffman,15,3,0,2026-09-13 13:03:47
2026-09-13 12:53:11,FIRE398,0108,Elizabeth Massey,15,6,0,2026-09-13 13:03:47
2026-09-13 12:53:11,FIRE398,0109,Shannon Hilton,15,6,0,2026-09-13 13:03:47
2026-09-13 12:53:11,FIRE398,0110,Jaclyn Bruner,15,9,0,2026-09-13 13:03:47
2026-09-13 12:53:11,FIRE398,0111,Mary Chey,15,3,0,2026-09-13 13:03:47
2026-09-13 12:53:11,FIRE398,0112,Helene Nguemgaing,15,15,0,2026-09-13 13:03:47
2026-09-13 12:53:11,FIRE398,0113,Kristina Kramarczuk,15,8,0,2026-09-13 13:03:47
2026-09-13 12:53:11,FIRE398,0114,Shabnam Jabeen,15,15,0,2026-09-13 13:03:47
2026-09-13 12:53:11,FIRE398,0115,Sara Strey,15,14,0,2026-09-13 13:03:47
2026-09-13 12:53:11,FIRE398,0116,Lena Johnson,15,11,0,2026-09-13 13:03:47
2026-09-13 12:53:11,GBHL200,0101,Hassanatu Blake,30,0,0,2026-09-13 13:04:09
2026-09-13 12:53:11,GBHL200,FC01,Zandra Andre,25,3,0,2026-09-13 13:04:09
2026-09-13 12:53:11,GBHL210,0101,Leena Malayil,25,8,0,2026-09-13 13:04:09
2026-09-13 12:53:11,GEMS101,0101,Allison Lansverk,10,1,0,2026-09-13 13:04:12
2026-09-13 12:53:11,GEMS101,0103,Allison Lansverk,10,0,0,2026-09-13 13:04:12
2026-09-13 12:53:11,GEMS101,0104,Allison Lansverk,10,0,0,2026-09-13 13:04:12
2026-09-13 12:53:11,GEMS101,0105,Allison Lansverk,10,0,0,2026-09-13 13:04:12
2026-09-13 12:53:11,GEMS101,0106,Allison Lansverk,10,0,0,2026-09-13 13:04:12
2026-09-13 12:53:11,GEMS101,0107,Allison Lansverk,10,0,0,2026-09-13 13:04:12
2026-09-13 12:53:11,GEMS101,0109,Allison Lansverk,10,0,0,2026-09-13 13:04:12
2026-09-13 12:53:11,GEMS101,0111,Allison Lansverk,10,0,0,2026-09-13 13:04:12
2026-09-13 12:53:11,GEMS101,0113,Allison Lansverk,10,0,0,2026-09-13 13:04:12
2026-09-13 12:53:11,GEMS101,0114,Allison Lansverk,10,0,0,2026-09-13 13:04:12
2026-09-13 12:53:11,GEMS202,0101,Allison Lansverk,168,43,0,2026-09-13 13:04:13
2026-09-13 12:53:11,GEMS208A,0101,Allison Lansverk,14,14,0,2026-09-13 13:04:13
2026-09-13 12:53:11,GEMS208B,0101,Allison Lansverk,14,14,0,2026-09-13 13:04:14
2026-09-13 12:53:11,GEMS208C,0101,Allison Lansverk,23,10,0,2026-09-13 13:04:14
2026-09-13 12:53:11,GEMS208D,0101,Allison Lansverk,10,9,0,2026-09-13 13:04:14
2026-09-13 12:53:11,GEMS208P,0101,Allison Lansverk,20,5,0,2026-09-13 13:04:15
2026-09-13 12:53:11,GEMS296,0101,Sehrish Shikarpurya,14,6,0,2026-09-13 13:04:15
2026-09-13 12:53:11,GEMS296,0102,David Lovell,14,1,0,2026-09-13 13:04:15
2026-09-13 12:53:11,GEMS296,0103,Myles Poulin,14,1,0,2026-09-13 13:04:15
2026-09-13 12:53:11,GEMS296,0104,Raymond Adomaitis,14,3,0,2026-09-13 13:04:15
2026-09-13 12:53:11,GEMS296,0105,Rodolphe Gentili,14,4,0,2026-09-13 13:04:15
2026-09-13 12:53:11,GEMS296,0106,Jared Grauer,14,6,0,2026-09-13 13:04:15
2026-09-13 12:53:11,GEMS296,0107,Fengfeng Ke,14,4,0,2026-09-13 13:04:15
2026-09-13 12:53:11,GEMS296,0108,Eric Silk,14,4,0,2026-09-13 13:04:15
2026-09-13 12:53:11,GEMS296,0109,Huang Chiao Huang,14,1,0,2026-09-13 13:04:15
2026-09-13 12:53:11,GEMS296,0110,Mengqiang Zhu,14,6,0,2026-09-13 13:04:15
2026-09-13 12:53:11,GEMS296,0111,Maria Molina,14,6,0,2026-09-13 13:04:15
2026-09-13 12:53:11,GEMS296,0112,Erin Tran,14,1,0,2026-09-13 13:04:15
2026-09-13 12:53:11,GEMS296,0113,Instructor: TBA,5,5,0,2026-09-13 13:04:15
2026-09-13 12:53:11,GEMS296,0114,Instructor: TBA,14,14,0,2026-09-13 13:04:15
2026-09-13 12:53:11,GEMS296,0115,David Lovell,5,5,0,2026-09-13 13:04:15
2026-09-13 12:53:11,GEMS297,0113,Instructor: TBA,5,5,0,2026-09-13 13:04:16
2026-09-13 12:53:11,GEMS396,0101,Michael Humber,14,7,0,2026-09-13 13:04:16
2026-09-13 12:53:11,GEMS396,0102,Seth Dickey,14,2,0,2026-09-13 13:04:16
2026-09-13 12:53:11,GEMS396,0103,Cecilia Huertas Cerdeira,14,7,0,2026-09-13 13:04:16
2026-09-13 12:53:11,GEMS396,0104,Rodolphe Gentili,14,2,0,2026-09-13 13:04:16
2026-09-13 12:53:11,GEMS396,0105,Allison Reilly,14,5,0,2026-09-13 13:04:16
2026-09-13 12:53:11,GEMS396,0106,Peter Sunderland,14,5,0,2026-09-13 13:04:16
2026-09-13 12:53:11,GEMS396,0107,Brett Lacey,14,8,0,2026-09-13 13:04:16
2026-09-13 12:53:11,GEMS396,0108,Natalia Buzulukova,14,4,0,2026-09-13 13:04:16
2026-09-13 12:53:11,GEMS396,0109,Anil Deane,14,4,0,2026-09-13 13:04:16
2026-09-13 12:53:11,GEMS396,0110,Colenso Speer,14,3,0,2026-09-13 13:04:16
2026-09-13 12:53:11,GEMS396,0111,Instructor: TBA,14,14,0,2026-09-13 13:04:16
2026-09-13 12:53:11,GEMS396,0112,Instructor: TBA,14,14,0,2026-09-13 13:04:16
2026-09-13 12:53:11,GEMS396,0113,David Lovell,5,5,0,2026-09-13 13:04:16
2026-09-13 12:53:11,GEMS396,0114,David Lovell,5,5,0,2026-09-13 13:04:16
2026-09-13 12:53:11,GEMS397,0113,David Lovell,5,4,0,2026-09-13 13:04:17
2026-09-13 12:53:11,GEMS496,0101,Eric Haag,14,8,0,2026-09-13 13:04:17
2026-09-13 12:53:11,GEMS496,0102,Mohammad Nayeem Teli,14,10,0,2026-09-13 13:04:17
2026-09-13 12:53:11,GEMS496,0103,Norberto Gonzalez- Juarbe,14,4,0,2026-09-13 13:04:17
2026-09-13 12:53:11,GEMS496,0104,Abhinav Shrivastava,14,6,0,2026-09-13 13:04:17
2026-09-13 12:53:11,GEMS496,0105,Hector Alcala,14,4,0,2026-09-13 13:04:17
2026-09-13 12:53:11,GEMS496,0106,Massimo Ricotti,14,4,0,2026-09-13 13:04:17
2026-09-13 12:53:11,GEMS496,0107,Reza Ghodssi,14,7,0,2026-09-13 13:04:17
2026-09-13 12:53:11,GEMS496,0108,Nikhil Chopra,14,8,0,2026-09-13 13:04:17
2026-09-13 12:53:11,GEMS496,0109,Kimberly Stroka,14,4,0,2026-09-13 13:04:17
2026-09-13 12:53:11,GEMS496,0110,Gorjan Alagic,14,13,0,2026-09-13 13:04:17
2026-09-13 12:53:11,GEMS496,0111,Alisa Clyne,14,6,0,2026-09-13 13:04:17
2026-09-13 12:53:11,GEMS496,0112,Xin Zan,14,10,0,2026-09-13 13:04:17
2026-09-13 12:53:11,GEMS496,0113,Erin Tran,14,14,0,2026-09-13 13:04:17
2026-09-13 12:53:11,GEMS496,0114,David Lovell,5,5,0,2026-09-13 13:04:17
2026-09-13 12:53:11,GEMS497,0107,Instructor: TBA,14,14,0,2026-09-13 13:04:18
2026-09-13 12:53:11,GEMS497,0110,Instructor: TBA,5,5,0,2026-09-13 13:04:18
2026-09-13 12:53:11,GEMS497,0113,David Lovell,5,5,0,2026-09-13 13:04:18
2026-09-13 12:53:11,GFPL100,0101,Joshua Itzkowitz Shifrinson,20,1,0,2026-09-13 13:04:52
2026-09-13 12:53:11,GFPL100,0102,Joshua Itzkowitz Shifrinson,20,1,0,2026-09-13 13:04:52
2026-09-13 12:53:11,GFPL100,0103,Joshua Itzkowitz Shifrinson,20,1,0,2026-09-13 13:04:52
2026-09-13 12:53:11,GFPL100,0104,Joshua Itzkowitz Shifrinson,20,0,0,2026-09-13 13:04:52
2026-09-13 12:53:11,GFPL100,0105,Joshua Itzkowitz Shifrinson,20,2,0,2026-09-13 13:04:52
2026-09-13 12:53:11,GFPL100,0106,Joshua Itzkowitz Shifrinson,25,2,0,2026-09-13 13:04:52
2026-09-13 12:53:11,GFPL100,FC01,Devin Entrikin,30,0,0,2026-09-13 13:04:52
2026-09-13 12:53:11,GFPL102,0101,Caroline Ritter,95,32,0,2026-09-13 13:04:53
2026-09-13 12:53:11,GFPL371,0101,Joshua Itzkowitz Shifrinson,35,0,0,2026-09-13 13:04:53
2026-09-13 12:53:11,GFPL388A,0101,Shannon Carcelli,5,5,0,2026-09-13 13:04:54
2026-09-13 12:53:11,GFPL388B,0101,Hyunki Kim,5,5,0,2026-09-13 13:04:54
2026-09-13 12:53:11,GFPL388C,0101,Scott Kastner,5,0,0,2026-09-13 13:04:54
2026-09-13 12:53:11,GFPL390,0101,Lena Andrews,20,0,0,2026-09-13 13:04:55
2026-09-13 12:53:11,GFPL490,0101,Michael Woldemariam,15,2,0,2026-09-13 13:04:55
2026-09-13 12:53:11,GFPL492,0101,Steve Fetter,20,1,0,2026-09-13 13:04:56
2026-09-13 12:53:11,GLBC200,0101,Chris Lewis,30,4,0,2026-09-13 13:04:58
2026-09-13 12:53:11,GLBC350,0101,Michele Mason,30,27,0,2026-09-13 13:04:58
2026-09-13 12:53:11,HACS100,0101,Cassie Harrington,40,1,0,2026-09-13 13:05:16
2026-09-13 12:53:11,HACS100,0201,Cassie Harrington,40,15,0,2026-09-13 13:05:16
2026-09-13 12:53:11,HACS200,0101,Michel Cukier,34,10,0,2026-09-13 13:05:17
2026-09-13 12:53:11,HACS200,0201,Michel Cukier,34,1,0,2026-09-13 13:05:17
2026-09-13 12:53:11,HACS202,0101,Bertrand Sobesto,52,19,0,2026-09-13 13:05:18
2026-09-13 12:53:11,HACS208A,0101,Lawrence Gordon,20,0,2,2026-09-13 13:05:18
2026-09-13 12:53:11,HACS208C,0101,Lamia Zia,26,9,0,2026-09-13 13:05:19
2026-09-13 12:53:11,HACS208P,0101,Charles Harry,26,0,0,2026-09-13 13:05:19
2026-09-13 12:53:11,HACS297,0101,Sarah Herberger,25,5,0,2026-09-13 13:05:20
2026-09-13 12:53:11,HACS408E,0101,Luke Mains,30,10,0,2026-09-13 13:05:21
2026-09-13 12:53:11,HACS408L,0101,Ian Serbin,30,2,0,2026-09-13 13:05:21
2026-09-13 12:53:11,HACS408M,0101,John McGahagan,30,0,0,2026-09-13 13:05:21
2026-09-13 12:53:11,HACS498,0101,Thomas Woods,7,1,0,2026-09-13 13:05:22
2026-09-13 12:53:11,HACS498,0201,David Trott,9,0,0,2026-09-13 13:05:22
2026-09-13 12:53:11,HACS498,0301,Michel Cukier,8,0,0,2026-09-13 13:05:22
2026-09-13 12:53:11,HBUS100,0101,Jui Ramaprasad,72,4,0,2026-09-13 13:05:24
2026-09-13 12:53:11,HBUS200,0101,Nicole Coomber,60,1,0,2026-09-13 13:05:24
2026-09-13 12:53:11,HDCC105,0101,Antwon Key,70,7,0,2026-09-13 13:05:26
2026-09-13 12:53:11,HDCC201,0101,Jessica Lu,22,0,0,2026-09-13 13:05:27
2026-09-13 12:53:11,HDCC201,0201,Jessica Lu,22,0,0,2026-09-13 13:05:27
2026-09-13 12:53:11,HDCC201,0301,Jessica Lu,22,3,0,2026-09-13 13:05:27
2026-09-13 12:53:11,HDCC208A,0101,William Evans,14,0,0,2026-09-13 13:05:27
2026-09-13 12:53:11,HDCC208J,0101,Grant Bollmer,14,0,0,2026-09-13 13:05:27
2026-09-13 12:53:11,HDCC208P,0101,Cliff Bakalian,14,1,0,2026-09-13 13:05:28
2026-09-13 12:53:11,HDCC208T,0101,Jonathan Reyes,14,0,0,2026-09-13 13:05:28
2026-09-13 12:53:11,HDCC208Z,0101,M Sauter,14,7,0,2026-09-13 13:05:29
2026-09-13 12:53:11,HEBR106,0101,Avital Karpman,15,1,0,2026-09-13 13:05:31
2026-09-13 12:53:11,HEBR106,0201,Avital Karpman,15,5,0,2026-09-13 13:05:31
2026-09-13 12:53:11,HEBR206,0101,Avital Karpman,15,4,0,2026-09-13 13:05:31
2026-09-13 12:53:11,HEBR249C,0101,Aliza Sandalon,15,0,1,2026-09-13 13:05:32
2026-09-13 12:53:11,HEBR298B,0101,Matthew Suriano,25,0,0,2026-09-13 13:05:32
2026-09-13 12:53:11,HEBR313,0101,Aliza Sandalon,20,0,2,2026-09-13 13:05:32
2026-09-13 12:53:11,HGLO100,0101,Alfredo Oliveira,22,7,0,2026-09-13 13:05:52
2026-09-13 12:53:11,HGLO100,0102,Natalie Vinski Ibrahim,22,9,0,2026-09-13 13:05:52
2026-09-13 12:53:11,HGLO100,0103,Natalie Vinski Ibrahim,22,1,0,2026-09-13 13:05:52
2026-09-13 12:53:11,HGLO100,0104,Alfredo Oliveira,22,11,0,2026-09-13 13:05:52
2026-09-13 12:53:11,HGLO101,0101,Sarah Croco,23,3,0,2026-09-13 13:05:52
2026-09-13 12:53:11,HGLO101,0102,Sarah Croco,22,9,0,2026-09-13 13:05:52
2026-09-13 12:53:11,HGLO101,0103,Sarah Croco,22,5,0,2026-09-13 13:05:52
2026-09-13 12:53:11,HGLO101,0104,Sarah Croco,22,13,0,2026-09-13 13:05:52
2026-09-13 12:53:11,HGLO207,0101,Natalie Vinski Ibrahim,25,12,0,2026-09-13 13:05:53
2026-09-13 12:53:11,HGLO208,0101,Alfredo Oliveira,45,25,0,2026-09-13 13:05:53
2026-09-13 12:53:11,HGLO298,0101,Jordan Gouws-Dewar,30,25,0,2026-09-13 13:05:54
2026-09-13 12:53:11,HLSC100,0101,Jalah Townsend,24,3,0,2026-09-13 13:07:04
2026-09-13 12:53:11,HLSC100,0102,Jalah Townsend,24,2,0,2026-09-13 13:07:04
2026-09-13 12:53:11,HLSC100,0103,Jalah Townsend,24,4,0,2026-09-13 13:07:04
2026-09-13 12:53:11,HLSC100,0104,Jalah Townsend,24,7,0,2026-09-13 13:07:04
2026-09-13 12:53:11,HLSC280,0101,Najib El-Sayed,25,3,0,2026-09-13 13:07:04
2026-09-13 12:53:11,HLSC280,0102,Najib El-Sayed,25,4,0,2026-09-13 13:07:04
2026-09-13 12:53:11,HLSC280,0103,Najib El-Sayed,25,4,0,2026-09-13 13:07:04
2026-09-13 12:53:11,HLSC280,0104,Najib El-Sayed,25,9,0,2026-09-13 13:07:04
2026-09-13 12:53:11,HLSC329,0101,Sabrina Kramer,12,4,0,2026-09-13 13:07:05
2026-09-13 12:53:11,HNUH100,0101,Robert Graham,20,3,0,2026-09-13 13:07:24
2026-09-13 12:53:11,HNUH100,0102,Robert Graham,20,0,0,2026-09-13 13:07:24
2026-09-13 12:53:11,HNUH100,0103,Brittany Proudfoot Ginder,20,1,0,2026-09-13 13:07:24
2026-09-13 12:53:11,HNUH100,0104,Max Barnewitz,20,1,0,2026-09-13 13:07:24
2026-09-13 12:53:11,HNUH100,0105,Vasfiye Toprak,20,0,0,2026-09-13 13:07:24
2026-09-13 12:53:11,HNUH100,0106,Vasfiye Toprak,20,2,0,2026-09-13 13:07:24
2026-09-13 12:53:11,HNUH100,0201,Max Barnewitz,20,1,0,2026-09-13 13:07:24
2026-09-13 12:53:11,HNUH100,0202,Max Barnewitz,20,0,0,2026-09-13 13:07:24
2026-09-13 12:53:11,HNUH100,0203,Vasfiye Toprak,20,2,0,2026-09-13 13:07:24
2026-09-13 12:53:11,HNUH100,0204,Vasfiye Toprak,20,0,0,2026-09-13 13:07:24
2026-09-13 12:53:11,HNUH100,0205,Ayondela McDole,20,4,0,2026-09-13 13:07:24
2026-09-13 12:53:11,HNUH100,0206,Ayondela McDole,20,0,0,2026-09-13 13:07:24
2026-09-13 12:53:11,HNUH100,0301,Robert Graham,20,0,0,2026-09-13 13:07:24
2026-09-13 12:53:11,HNUH100,0302,Shauna Rigaud,20,8,0,2026-09-13 13:07:24
2026-09-13 12:53:11,HNUH100,0303,Shauna Rigaud,20,0,0,2026-09-13 13:07:24
2026-09-13 12:53:11,HNUH100,0304,Max Barnewitz,20,3,0,2026-09-13 13:07:24
2026-09-13 12:53:11,HNUH100,0305,Vasfiye Toprak,20,0,0,2026-09-13 13:07:24
2026-09-13 12:53:11,HNUH100,0306,Vasfiye Toprak,20,1,0,2026-09-13 13:07:24
2026-09-13 12:53:11,HNUH100,0401,Gretchen Bella,20,0,0,2026-09-13 13:07:24
2026-09-13 12:53:11,HNUH100,0402,Gretchen Bella,20,6,0,2026-09-13 13:07:24
2026-09-13 12:53:11,HNUH100,0403,Max Barnewitz,20,1,0,2026-09-13 13:07:24
2026-09-13 12:53:11,HNUH100,0404,Ayondela McDole,20,6,0,2026-09-13 13:07:24
2026-09-13 12:53:11,HNUH100,0405,Ayondela McDole,20,0,0,2026-09-13 13:07:24
2026-09-13 12:53:11,HNUH100,0406,Ayondela McDole,20,4,0,2026-09-13 13:07:24
2026-09-13 12:53:11,HNUH100,0501,Leigha McReynolds,10,4,0,2026-09-13 13:07:24
2026-09-13 12:53:11,HNUH100,0601,Brittany Proudfoot Ginder,20,0,0,2026-09-13 13:07:24
2026-09-13 12:53:11,HNUH218D,0101,Brian Gilmore,48,0,2,2026-09-13 13:07:25
2026-09-13 12:53:11,HNUH218L,0101,Shauna Rigaud,20,0,0,2026-09-13 13:07:25
2026-09-13 12:53:11,HNUH218L,0201,Shauna Rigaud,20,0,0,2026-09-13 13:07:25
2026-09-13 12:53:11,HNUH228D,0101,Matthew McLaughlin,60,2,0,2026-09-13 13:07:26
2026-09-13 12:53:11,HNUH228L,0101,Alena Wigodner,20,0,0,2026-09-13 13:07:26
2026-09-13 12:53:11,HNUH228L,0201,Alena Wigodner,20,0,0,2026-09-13 13:07:26
2026-09-13 12:53:11,HNUH228N,0101,Peter Grybauskas,20,0,0,2026-09-13 13:07:26
2026-09-13 12:53:11,HNUH229I,0101,Gretchen Bella,23,3,0,2026-09-13 13:07:27
2026-09-13 12:53:11,HNUH238D,0101,Susan Moeller,60,3,0,2026-09-13 13:07:27
2026-09-13 12:53:11,HNUH238L,0101,Kimberly Johnson,20,2,0,2026-09-13 13:07:28
2026-09-13 12:53:11,HNUH238L,0201,Kimberly Johnson,20,0,0,2026-09-13 13:07:28
2026-09-13 12:53:11,HNUH238N,0101,Hannah Wegmann,20,6,0,2026-09-13 13:07:28
2026-09-13 12:53:11,HNUH239T,0101,Gerald Suarez,20,0,0,2026-09-13 13:07:28
2026-09-13 12:53:11,HNUH248D,0101,Juan Uriagereka,45,3,0,2026-09-13 13:07:29
2026-09-13 12:53:11,HNUH248L,0201,Robert Graham,20,5,0,2026-09-13 13:07:29
2026-09-13 12:53:11,HNUH248M,0101,Hassanatu Blake,20,13,0,2026-09-13 13:07:30
2026-09-13 12:53:11,HNUH248N,0101,Siv Lie,20,0,1,2026-09-13 13:07:30
2026-09-13 12:53:11,HNUH249P,0101,Temim Nusraty,20,2,0,2026-09-13 13:07:30
2026-09-13 12:53:11,HNUH258C,0101,Bill Fagan,55,26,0,2026-09-13 13:07:31
2026-09-13 12:53:11,HNUH258Q,0101,Tiara Thomas,20,1,0,2026-09-13 13:07:31
2026-09-13 12:53:11,HNUH259P,0101,Hooman Koliji,20,2,0,2026-09-13 13:07:32
2026-09-13 12:53:11,HNUH268C,0101,Perla Guerrero,60,35,0,2026-09-13 13:07:32
2026-09-13 12:53:11,HNUH269P,0101,Marisa Franco,20,0,1,2026-09-13 13:07:33
2026-09-13 12:53:11,HNUH278C,0101,Chinyere Osuji,60,37,0,2026-09-13 13:07:33
2026-09-13 12:53:11,HNUH278I,0101,Marisa Franco,20,5,0,2026-09-13 13:07:33
2026-09-13 12:53:11,HNUH278I,0102,Marisa Franco,20,1,0,2026-09-13 13:07:33
2026-09-13 12:53:11,HNUH278R,0101,Max Barnewitz,20,4,0,2026-09-13 13:07:34
2026-09-13 12:53:11,HNUH288C,0101,Julia Steinberg,30,3,0,2026-09-13 13:07:34
2026-09-13 12:53:11,HNUH288C,0103,Julia Steinberg,30,9,0,2026-09-13 13:07:34
2026-09-13 12:53:11,HNUH288O,0101,Ariana Nash,20,1,0,2026-09-13 13:07:35
2026-09-13 12:53:11,HNUH300,0301,Vasfiye Toprak,20,0,0,2026-09-13 13:07:35
2026-09-13 12:53:11,HNUH300,0401,Robert Graham,20,0,0,2026-09-13 13:07:35
2026-09-13 12:53:11,HNUH300,0601,Alena Wigodner,20,0,0,2026-09-13 13:07:35
2026-09-13 12:53:11,HNUH300,0701,Ingrid Satelmajer,20,14,0,2026-09-13 13:07:35
2026-09-13 12:53:11,HNUH300,0801,Shauna Rigaud,20,0,0,2026-09-13 13:07:35
2026-09-13 12:53:11,HNUH300,0901,Kimberly Johnson,20,4,0,2026-09-13 13:07:35
2026-09-13 12:53:11,HNUH300,1001,Ingrid Satelmajer,20,13,0,2026-09-13 13:07:35
2026-09-13 12:53:11,HNUH318T,0101,Peter Owen,24,1,0,2026-09-13 13:07:35
2026-09-13 12:53:11,HNUH319T,0101,Emily Shetty,22,0,0,2026-09-13 13:07:36
2026-09-13 12:53:11,HNUH328T,0101,Woodie Kessel,24,2,0,2026-09-13 13:07:36
2026-09-13 12:53:11,HNUH329T,0101,Rob Long,20,1,0,2026-09-13 13:07:37
2026-09-13 12:53:11,HNUH338T,0101,Andrew Fausett,22,2,0,2026-09-13 13:07:37
2026-09-13 12:53:11,HNUH348T,0101,Ed Fendley,22,1,0,2026-09-13 13:07:37
2026-09-13 12:53:11,HNUH358T,0101,Sean Misko,22,1,0,2026-09-13 13:07:38
2026-09-13 12:53:11,HNUH359T,0101,Amanda Schoch,20,0,0,2026-09-13 13:07:38
2026-09-13 12:53:11,HNUH368T,0101,Nadia Farra,21,0,0,2026-09-13 13:07:39
2026-09-13 12:53:11,HNUH369T,0101,Andrew Nissen,20,2,0,2026-09-13 13:07:39
2026-09-13 12:53:11,HNUH378T,0101,Joshua Glasser,20,0,0,2026-09-13 13:07:39
2026-09-13 12:53:11,HNUH398P,0101,Jayakumar Arasan,25,21,0,2026-09-13 13:07:40
2026-09-13 12:53:11,HNUH398P,0201,Jayakumar Arasan,5,2,0,2026-09-13 13:07:40
2026-09-13 12:53:11,HNUH398T,0101,Sasha Koo-Oshima,20,3,0,2026-09-13 13:07:40
2026-09-13 12:53:11,HONR368A,0101,Blake Wilder,22,0,0,2026-09-13 13:07:42
2026-09-13 12:53:11,IMDM101,0101,Mollye Bendell,30,16,0,2026-09-13 13:07:48
2026-09-13 12:53:11,IMDM101,0201,Myungin Lee,30,17,0,2026-09-13 13:07:48
2026-09-13 12:53:11,IMDM101,0301,Myungin Lee,30,23,0,2026-09-13 13:07:48
2026-09-13 12:53:11,IMDM127,0101,Roger Eastman,36,20,0,2026-09-13 13:07:48
2026-09-13 12:53:11,IMDM150,0101,Stefano Passeri,30,15,0,2026-09-13 13:07:49
2026-09-13 12:53:11,IMDM227,0101,Stevens Miller,30,2,0,2026-09-13 13:07:49
2026-09-13 12:53:11,IMDM227,0201,Stevens Miller,30,17,0,2026-09-13 13:07:49
2026-09-13 12:53:11,IMDM327,0101,Myungin Lee,25,0,0,2026-09-13 13:07:49
2026-09-13 12:53:11,IMDM350,0101,Jason Farman,29,12,0,2026-09-13 13:07:50
2026-09-13 12:53:11,IMDM490,0101,Matthew Nolan,30,0,0,2026-09-13 13:07:51
2026-09-13 12:53:11,IMDM490,0201,Matthew Nolan,30,16,0,2026-09-13 13:07:51
2026-09-13 12:53:11,IMDM498K,0101,Matthew Nolan,15,1,0,2026-09-13 13:07:51
2026-09-13 12:53:11,IMMR319D,0101,Beka Guluma,20,13,0,2026-09-13 13:07:53
2026-09-13 12:53:11,IMMR394,0101,Wenxi Yang,30,2,0,2026-09-13 13:07:54
2026-09-13 12:53:11,IMMR399,0101,Instructor: TBA,2,2,0,2026-09-13 13:07:54
2026-09-13 12:53:11,IMMR400,0101,Gerson Rosales,20,3,0,2026-09-13 13:07:54
2026-09-13 12:53:11,ISRL249J,0101,Aner Tal,30,24,0,2026-09-13 13:08:10
2026-09-13 12:53:11,ISRL249M,0101,Aliza Sandalon,15,0,1,2026-09-13 13:08:10
2026-09-13 12:53:11,ISRL283,0101,Shay Hazkani,35,6,0,2026-09-13 13:08:11
2026-09-13 12:53:11,ISRL349G,0101,Marwa Maziad,30,1,0,2026-09-13 13:08:11
2026-09-13 12:53:11,ISRL349K,0101,Regev Ben-David,30,24,0,2026-09-13 13:08:11
2026-09-13 12:53:11,ISRL349T,0101,Elli Lieberman,35,22,0,2026-09-13 13:08:12
2026-09-13 12:53:11,ISRL349Y,0101,Adina Friedman,35,27,0,2026-09-13 13:08:12
2026-09-13 12:53:11,ISRL382,0101,Ilai Saltzman,35,1,0,2026-09-13 13:08:13
2026-09-13 12:53:11,ISRL448R,0101,Morad Elsana,25,10,0,2026-09-13 13:08:13
2026-09-13 12:53:11,ITAL103,0101,Antonella D'Amario,18,14,0,2026-09-13 13:08:15
2026-09-13 12:53:11,ITAL103,0201,Antonella D'Amario,18,6,0,2026-09-13 13:08:15
2026-09-13 12:53:11,ITAL103,0301,Joseph Falvo,18,6,0,2026-09-13 13:08:15
2026-09-13 12:53:11,ITAL203,0101,Antonella D'Amario,18,9,0,2026-09-13 13:08:15
2026-09-13 12:53:11,ITAL203,0201,Antonella D'Amario,18,13,0,2026-09-13 13:08:15
2026-09-13 12:53:11,ITAL204,0101,Federica Soddu,18,14,0,2026-09-13 13:08:16
2026-09-13 12:53:11,ITAL207,0101,Mirella Vaglio,18,17,0,2026-09-13 13:08:16
2026-09-13 12:53:11,ITAL301,0101,Federica Soddu,20,11,0,2026-09-13 13:08:17
2026-09-13 12:53:11,ITAL362,0101,Federica Soddu,20,12,0,2026-09-13 13:08:17
2026-09-13 12:53:11,ITAL401,0101,Mirella Vaglio,15,12,0,2026-09-13 13:08:18
2026-09-13 12:53:11,ITAL421,0101,Joseph Falvo,25,14,0,2026-09-13 13:08:19
2026-09-13 12:53:11,ITAL478R,0101,Joseph Falvo,5,3,0,2026-09-13 13:08:19
2026-09-13 12:53:11,JAPN101,0101,Kumiko Akikawa,15,4,0,2026-09-13 13:08:21
2026-09-13 12:53:11,JAPN101,0201,Kumiko Akikawa,15,6,0,2026-09-13 13:08:21
2026-09-13 12:53:11,JAPN101,0301,Kumiko Akikawa,15,5,0,2026-09-13 13:08:21
2026-09-13 12:53:11,JAPN201,0101,Makiko Inoue,15,5,0,2026-09-13 13:08:22
2026-09-13 12:53:11,JAPN201,0201,Makiko Inoue,15,8,0,2026-09-13 13:08:22
2026-09-13 12:53:11,JAPN301,0101,Mari Hamada,15,9,0,2026-09-13 13:08:22
2026-09-13 12:53:11,JAPN311,0101,Jyana Browne,15,11,0,2026-09-13 13:08:22
2026-09-13 12:53:11,JAPN315,0101,Michele Mason,20,6,0,2026-09-13 13:08:23
2026-09-13 12:53:11,JAPN320,0101,Lindsay Yotsukura,15,8,0,2026-09-13 13:08:23
2026-09-13 12:53:11,JAPN498B,0101,Jyana Browne,20,3,0,2026-09-13 13:08:24
2026-09-13 12:53:11,KORA101,0101,Saerom Kwak,15,0,1,2026-09-13 13:09:47
2026-09-13 12:53:11,KORA101,0201,Saerom Kwak,15,1,0,2026-09-13 13:09:47
2026-09-13 12:53:11,KORA101,0301,Saerom Kwak,15,5,0,2026-09-13 13:09:47
2026-09-13 12:53:11,KORA101,0401,Saerom Kwak,15,5,0,2026-09-13 13:09:47
2026-09-13 12:53:11,KORA201,0101,Seong Minne Koh,15,4,0,2026-09-13 13:09:47
2026-09-13 12:53:11,KORA201,0201,Seong Minne Koh,15,5,0,2026-09-13 13:09:47
2026-09-13 12:53:11,KORA201,0301,Seong Minne Koh,15,8,0,2026-09-13 13:09:47
2026-09-13 12:53:11,KORA398G,0101,Instructor: TBA,10,7,0,2026-09-13 13:09:47
2026-09-13 12:53:11,KORA398W,0101,Seong Minne Koh,10,3,0,2026-09-13 13:09:48
2026-09-13 12:53:11,LEAD217,0101,Festus Ainoo,25,0,0,2026-09-13 13:10:09
2026-09-13 12:53:11,LEAD217,0201,Adrian Bitton,25,0,0,2026-09-13 13:10:09
2026-09-13 12:53:11,LEAD217,FC01,Festus Ainoo,22,0,1,2026-09-13 13:10:09
2026-09-13 12:53:11,LEAD305,0101,Anastasia Lavrenyuk,20,4,0,2026-09-13 13:10:09
2026-09-13 12:53:11,LEAD315,0101,Anastasia Lavrenyuk,25,11,0,2026-09-13 13:10:10
2026-09-13 12:53:11,LEAD320,0101,Courtney Holder,10,8,0,2026-09-13 13:10:10
2026-09-13 12:53:11,LGBT200,0201,Basanth Babu,25,0,3,2026-09-13 13:10:12
2026-09-13 12:53:11,LGBT265,0101,Tyra Griffin,30,0,0,2026-09-13 13:10:12
2026-09-13 12:53:11,LGBT265,0201,Declan Langton,30,2,0,2026-09-13 13:10:12
2026-09-13 12:53:11,LGBT359J,0101,Chris Eng,25,14,0,2026-09-13 13:10:13
2026-09-13 12:53:11,MLAW100,0101,Christine White,83,15,0,2026-09-13 13:10:59
2026-09-13 12:53:11,MLAW304,0201,Christine White,65,16,0,2026-09-13 13:11:00
2026-09-13 12:53:11,MLAW305,0101,Brian Gilmore,40,2,0,2026-09-13 13:11:00
2026-09-13 12:53:11,MLAW315,0101,Grace Benton,13,3,0,2026-09-13 13:11:01
2026-09-13 12:53:11,MLAW358Q,0101,David Cunningham,0,0,0,2026-09-13 13:11:01
2026-09-13 12:53:11,MLAW358T,0101,Christine White,25,6,0,2026-09-13 13:11:02
2026-09-13 12:53:11,MLAW358X,0101,Martin Kobren,5,0,0,2026-09-13 13:11:02
2026-09-13 12:53:11,MLAW359,0101,Brandee Pettus,10,4,0,2026-09-13 13:11:02
2026-09-13 12:53:11,MLAW378E,0101,Brandee Pettus,5,5,0,2026-09-13 13:11:03
2026-09-13 12:53:11,MLAW378K,0101,Brian Gilmore,20,1,0,2026-09-13 13:11:03
2026-09-13 12:53:11,MLAW378Q,0101,Paul Huth,2,0,0,2026-09-13 13:11:04
2026-09-13 12:53:11,MLAW378R,0101,Nancy Schertzing,13,2,0,2026-09-13 13:11:04
2026-09-13 12:53:11,MLAW388,0101,Brandee Pettus,40,20,0,2026-09-13 13:11:05
2026-09-13 12:53:11,MLSC250,FC01,William Simpson,24,5,0,2026-09-13 13:11:06
2026-09-13 12:53:11,NEUR200,0101,Ana Navarro Cebrian,80,4,0,2026-09-13 13:11:31
2026-09-13 12:53:11,NEUR200,0201,Ana Navarro Cebrian,80,0,2,2026-09-13 13:11:31
2026-09-13 12:53:11,NEUR200,0301,Evan Hart,80,0,1,2026-09-13 13:11:31
2026-09-13 12:53:11,NEUR305,0101,Amanda Chicoli,100,10,0,2026-09-13 13:11:32
2026-09-13 12:53:11,NEUR306,0101,Chan Lin,200,7,0,2026-09-13 13:11:32
2026-09-13 12:53:11,NEUR398H,0101,Nikolas Francis,20,1,0,2026-09-13 13:11:34
2026-09-13 12:53:11,NEUR405,0101,Hilary Bierman,20,1,0,2026-09-13 13:11:34
2026-09-13 12:53:11,NEUR405,0102,Hilary Bierman,20,0,0,2026-09-13 13:11:34
2026-09-13 12:53:11,NEUR405,0103,Hilary Bierman,20,0,0,2026-09-13 13:11:34
2026-09-13 12:53:11,PEER312,0101,Aleia Gardner,15,8,0,2026-09-13 13:11:52
2026-09-13 12:53:11,PEER318,0101,Christina Jay,15,11,0,2026-09-13 13:11:52
2026-09-13 12:53:11,PEER319,0101,Grace Boudreau,15,7,0,2026-09-13 13:11:53
2026-09-13 12:53:11,PHPE308D,0101,Xinzhi Zhao,30,8,0,2026-09-13 13:12:12
2026-09-13 12:53:11,PHPE308F,0101,Regev Ben-David,30,24,0,2026-09-13 13:12:13
2026-09-13 12:53:11,PHPE308O,0101,Jackson Iszler,30,0,0,2026-09-13 13:12:13
2026-09-13 12:53:11,PHPE308T,0101,Hallie Liberto,30,17,0,2026-09-13 13:12:14
2026-09-13 12:53:11,PHPE308Y,0101,Rachel Singpurwalla,20,0,1,2026-09-13 13:12:14
2026-09-13 12:53:11,PHPE308Y,0102,Rachel Singpurwalla,20,0,2,2026-09-13 13:12:14
2026-09-13 12:53:11,PHPE308Y,0103,Rachel Singpurwalla,20,0,3,2026-09-13 13:12:14
2026-09-13 12:53:11,PHPE400,0101,Justin Helms,18,0,0,2026-09-13 13:12:15
2026-09-13 12:53:11,PHPE400,0102,Justin Helms,18,0,0,2026-09-13 13:12:15
2026-09-13 12:53:11,PHPE400,0103,Justin Helms,20,1,0,2026-09-13 13:12:15
2026-09-13 12:53:11,PHPE401,0101,Xinzhi Zhao,25,0,3,2026-09-13 13:12:15
2026-09-13 12:53:11,PHPE402,0101,Dan Moller,30,2,0,2026-09-13 13:12:16
2026-09-13 12:53:11,PHPE408J,0101,Lixing Miao,25,1,0,2026-09-13 13:12:16
2026-09-13 12:53:11,PHPE408R,0101,Xinzhi Zhao,25,9,0,2026-09-13 13:12:16
2026-09-13 12:53:11,PHSC388J,0101,Kendall Bustad,20,6,0,2026-09-13 13:12:18
2026-09-13 12:53:11,PHSC399,0101,Shannon Edward,30,8,0,2026-09-13 13:12:19
2026-09-13 12:53:11,PHSC415,0101,Jessica O'Hara,31,0,1,2026-09-13 13:12:19
2026-09-13 12:53:11,PHSC415,0102,Jessica O'Hara,31,0,1,2026-09-13 13:12:19
2026-09-13 12:53:11,PHSC415,0103,Jessica O'Hara,31,0,1,2026-09-13 13:12:19
2026-09-13 12:53:11,PHSC415,0104,Jessica O'Hara,31,2,0,2026-09-13 13:12:19
2026-09-13 12:53:11,PHSC415,0105,Jessica O'Hara,31,2,0,2026-09-13 13:12:19
2026-09-13 12:53:11,PHSC420,0101,Jennifer German,35,4,0,2026-09-13 13:12:20
2026-09-13 12:53:11,PHSC450,0101,Kendall Bustad,20,0,0,2026-09-13 13:12:20
2026-09-13 12:53:11,PHSC450,0102,Kendall Bustad,20,0,0,2026-09-13 13:12:20
2026-09-13 12:53:11,PHSC450,0103,Kendall Bustad,20,0,0,2026-09-13 13:12:20
2026-09-13 12:53:11,PHSC450,0104,Kendall Bustad,20,1,0,2026-09-13 13:12:20
2026-09-13 12:53:11,PHSC450,0105,Kendall Bustad,20,0,0,2026-09-13 13:12:20
2026-09-13 12:53:11,PHSC450,0106,Kendall Bustad,20,0,0,2026-09-13 13:12:20
2026-09-13 12:53:11,PHSC450,0107,Kendall Bustad,20,1,0,2026-09-13 13:12:20
2026-09-13 12:53:11,PHSC450,0108,Kendall Bustad,20,0,0,2026-09-13 13:12:20
2026-09-13 12:53:11,PHSC497,0101,Kendall Bustad,20,2,0,2026-09-13 13:12:21
2026-09-13 12:53:11,PHSC497,0301,Shannon Edward,20,3,0,2026-09-13 13:12:21
2026-09-13 12:53:11,PHSC497,0601,Jennifer German,20,3,0,2026-09-13 13:12:21
2026-09-13 12:53:11,PLCY100,0101,Toby Egan,25,0,1,2026-09-13 13:13:15
2026-09-13 12:53:11,PLCY100,0102,Toby Egan,25,0,0,2026-09-13 13:13:15
2026-09-13 12:53:11,PLCY100,0103,Toby Egan,25,0,0,2026-09-13 13:13:15
2026-09-13 12:53:11,PLCY100,0104,Toby Egan,25,1,0,2026-09-13 13:13:15
2026-09-13 12:53:11,PLCY100,0201,Namrta Sharma,25,12,0,2026-09-13 13:13:15
2026-09-13 12:53:11,PLCY100,0202,Namrta Sharma,25,15,0,2026-09-13 13:13:15
2026-09-13 12:53:11,PLCY100,0203,Namrta Sharma,25,1,0,2026-09-13 13:13:15
2026-09-13 12:53:11,PLCY100,0204,Namrta Sharma,25,10,0,2026-09-13 13:13:15
2026-09-13 12:53:11,PLCY101,0101,Robert Sprinkle,75,0,0,2026-09-13 13:13:15
2026-09-13 12:53:11,PLCY170,0101,Joshua Itzkowitz Shifrinson,20,1,0,2026-09-13 13:13:16
2026-09-13 12:53:11,PLCY170,0102,Joshua Itzkowitz Shifrinson,20,1,0,2026-09-13 13:13:16
2026-09-13 12:53:11,PLCY170,0103,Joshua Itzkowitz Shifrinson,20,1,0,2026-09-13 13:13:16
2026-09-13 12:53:11,PLCY170,0104,Joshua Itzkowitz Shifrinson,20,0,0,2026-09-13 13:13:16
2026-09-13 12:53:11,PLCY170,0105,Joshua Itzkowitz Shifrinson,20,2,0,2026-09-13 13:13:16
2026-09-13 12:53:11,PLCY170,0106,Joshua Itzkowitz Shifrinson,25,2,0,2026-09-13 13:13:16
2026-09-13 12:53:11,PLCY172,0101,Caroline Ritter,95,32,0,2026-09-13 13:13:16
2026-09-13 12:53:11,PLCY200,0101,Shanna Pearson-Merkowitz,35,0,0,2026-09-13 13:13:17
2026-09-13 12:53:11,PLCY200,0201,Shanna Pearson-Merkowitz,35,1,0,2026-09-13 13:13:17
2026-09-13 12:53:11,PLCY200,0301,Namrta Sharma,35,0,1,2026-09-13 13:13:17
2026-09-13 12:53:11,PLCY201,0101,Julio Guzman,70,0,0,2026-09-13 13:13:17
2026-09-13 12:53:11,PLCY201,0201,Gregory Ramsay,60,0,0,2026-09-13 13:13:17
2026-09-13 12:53:11,PLCY201,FC01,Anne Kaiser,32,0,0,2026-09-13 13:13:17
2026-09-13 12:53:11,PLCY201,FC02,Anne Kaiser,32,6,0,2026-09-13 13:13:17
2026-09-13 12:53:11,PLCY201S,0101,Susannah Washburn,80,4,0,2026-09-13 13:13:17
2026-09-13 12:53:11,PLCY203,0101,Thomas Hilde,60,9,0,2026-09-13 13:13:18
2026-09-13 12:53:11,PLCY203,0201,Anne Kaiser,60,38,0,2026-09-13 13:13:18
2026-09-13 12:53:11,PLCY213,0201,Claire Dunning,40,3,0,2026-09-13 13:13:18
2026-09-13 12:53:11,PLCY214,0101,Patricia Bory,65,20,0,2026-09-13 13:13:19
2026-09-13 12:53:11,PLCY240,0101,Timothy Reedy,30,0,0,2026-09-13 13:13:19
2026-09-13 12:53:11,PLCY288K,0101,CHRISTIAN OSTERMANN,25,1,0,2026-09-13 13:13:20
2026-09-13 12:53:11,PLCY300,0101,Alana Hackshaw,45,0,1,2026-09-13 13:13:20
2026-09-13 12:53:11,PLCY300,0201,Namrta Sharma,45,28,0,2026-09-13 13:13:20
2026-09-13 12:53:11,PLCY301,0101,Caroline Boules,165,2,0,2026-09-13 13:13:20
2026-09-13 12:53:11,PLCY302,0101,Niambi Carter,40,2,0,2026-09-13 13:13:21
2026-09-13 12:53:11,PLCY302,0201,Ebonie Johnson Cooper,40,0,0,2026-09-13 13:13:21
2026-09-13 12:53:11,PLCY302,0301,Lindsay Dieudonne,40,0,1,2026-09-13 13:13:21
2026-09-13 12:53:11,PLCY303,0101,Juan Martinez Guzman,40,3,0,2026-09-13 13:13:21
2026-09-13 12:53:11,PLCY304,0101,Michael Busse,40,11,0,2026-09-13 13:13:22
2026-09-13 12:53:11,PLCY304,0201,Michael Busse,40,12,0,2026-09-13 13:13:22
2026-09-13 12:53:11,PLCY309,0101,Martin Sanders,30,16,0,2026-09-13 13:13:22
2026-09-13 12:53:11,PLCY310,0101,Selvon Waldron,35,16,0,2026-09-13 13:13:22
2026-09-13 12:53:11,PLCY313,0101,Gerard Evans,100,3,0,2026-09-13 13:13:23
2026-09-13 12:53:11,PLCY371,0101,Joshua Itzkowitz Shifrinson,35,0,0,2026-09-13 13:13:23
2026-09-13 12:53:11,PLCY380,0101,Isabel O'Malley,40,8,0,2026-09-13 13:13:24
2026-09-13 12:53:11,PLCY380,ESG1,Kisha McNeill,30,0,0,2026-09-13 13:13:24
2026-09-13 12:53:11,PLCY388A,0101,Brandi Onowu,40,8,0,2026-09-13 13:13:24
2026-09-13 12:53:11,PLCY388N,0101,Nina Harris,25,2,0,2026-09-13 13:13:25
2026-09-13 12:53:11,PLCY390,0101,Lena Andrews,20,0,0,2026-09-13 13:13:26
2026-09-13 12:53:11,PLCY399B,0101,Beatrice DeBelen,30,19,0,2026-09-13 13:13:26
2026-09-13 12:53:11,PLCY400,0101,Patricia Bory,25,1,0,2026-09-13 13:13:27
2026-09-13 12:53:11,PLCY401,0101,Anand Patwardhan,20,5,0,2026-09-13 13:13:28
2026-09-13 12:53:11,PLCY401,0201,Tracy Thompson,20,0,0,2026-09-13 13:13:28
2026-09-13 12:53:11,PLCY401,0301,David Mussington,20,9,0,2026-09-13 13:13:28
2026-09-13 12:53:11,PLCY490,0101,Michael Woldemariam,15,2,0,2026-09-13 13:13:28
2026-09-13 12:53:11,PLCY492,0101,Steve Fetter,20,1,0,2026-09-13 13:13:28
2026-09-13 12:53:11,PLCY610,0201,Alec Worsnop,40,9,0,2026-09-13 13:13:29
2026-09-13 12:53:11,PLCY630,0101,Catherine Worsnop,25,2,0,2026-09-13 13:13:29
2026-09-13 12:53:11,PLCY630,0201,Catherine Worsnop,25,3,0,2026-09-13 13:13:29
2026-09-13 12:53:11,PLCY631,0101,Cullen Merritt,25,0,0,2026-09-13 13:13:30
2026-09-13 12:53:11,PLCY640,0201,Thomas Spreen,30,5,0,2026-09-13 13:13:30
2026-09-13 12:53:11,PLCY641,0101,Tyler Kustra,30,2,0,2026-09-13 13:13:31
2026-09-13 12:53:11,PLCY641,0201,Tyler Kustra,30,10,0,2026-09-13 13:13:31
2026-09-13 12:53:11,PLCY670,0101,Philip Joyce,30,0,0,2026-09-13 13:13:31
2026-09-13 12:53:11,PLCY680,0101,Claire Dunning,25,0,0,2026-09-13 13:13:31
2026-09-13 12:53:11,PLCY680,0201,Michael Woldemariam,25,5,0,2026-09-13 13:13:31
2026-09-13 12:53:11,PLCY688C,0101,Charles Harry,20,10,0,2026-09-13 13:13:32
2026-09-13 12:53:11,PLCY688F,PWL1,Nekeya O'Connor,20,0,0,2026-09-13 13:13:32
2026-09-13 12:53:11,PLCY688P,0101,Steve Fetter,10,1,0,2026-09-13 13:13:33
2026-09-13 12:53:11,PLCY688Z,0101,Brandi Onowu,20,5,0,2026-09-13 13:13:33
2026-09-13 12:53:11,PLCY689E,0101,Susan Parker,20,0,0,2026-09-13 13:13:33
2026-09-13 12:53:11,PLCY690,0110,David Mussington,15,3,0,2026-09-13 13:13:34
2026-09-13 12:53:11,PLCY690,0120,Margaret Brindle,15,2,0,2026-09-13 13:13:34
2026-09-13 12:53:11,PLCY690,0130,Douglas Call,15,0,0,2026-09-13 13:13:34
2026-09-13 12:53:11,PLCY690,0150,Paul Brown,15,1,0,2026-09-13 13:13:34
2026-09-13 12:53:11,PLCY690,0170,James Stillwell,15,0,0,2026-09-13 13:13:34
2026-09-13 12:53:11,PLCY698T,0101,Elizabeth Duke,20,7,0,2026-09-13 13:13:34
2026-09-13 12:53:11,PLCY699L,0101,Michael Woldemariam,10,1,0,2026-09-13 13:13:35
2026-09-13 12:53:11,PLCY720,0101,Nancy Gallagher,20,2,0,2026-09-13 13:13:35
2026-09-13 12:53:11,PLCY734,0101,Niambi Carter,20,0,0,2026-09-13 13:13:36
2026-09-13 12:53:11,PLCY735,0101,Robert Sprinkle,20,7,0,2026-09-13 13:13:36
2026-09-13 12:53:11,PLCY741,0101,Anand Patwardhan,20,7,0,2026-09-13 13:13:36
2026-09-13 12:53:11,PLCY742,0101,Thomas Hilde,20,8,0,2026-09-13 13:13:37
2026-09-13 12:53:11,PLCY780,0101,Robert Orr,20,0,0,2026-09-13 13:13:37
2026-09-13 12:53:11,PLCY781,0101,Julio Guzman,20,2,0,2026-09-13 13:13:38
2026-09-13 12:53:11,PLCY783,0101,Margaret Brindle,20,7,0,2026-09-13 13:13:38
2026-09-13 12:53:11,PLCY798F,PWL1,William Nolte,25,18,0,2026-09-13 13:13:39
2026-09-13 12:53:11,PLCY798V,0101,Shanna Pearson-Merkowitz,12,0,0,2026-09-13 13:13:40
2026-09-13 12:53:11,PLCY798W,0101,Martin Sanders,10,9,0,2026-09-13 13:13:40
2026-09-13 12:53:11,PLCY798Y,PWL1,Jeffrey Franco,25,0,0,2026-09-13 13:13:41
2026-09-13 12:53:11,PLCY798Z,0101,Peter Reuter,12,0,0,2026-09-13 13:13:41
2026-09-13 12:53:11,PLSC112,0101,Samuel Daramola,100,10,0,2026-09-13 13:13:44
2026-09-13 12:53:11,PLSC113,0101,Samuel Daramola,24,2,0,2026-09-13 13:13:44
2026-09-13 12:53:11,PLSC113,0102,Samuel Daramola,24,5,0,2026-09-13 13:13:44
2026-09-13 12:53:11,PLSC113,0103,Samuel Daramola,24,12,0,2026-09-13 13:13:44
2026-09-13 12:53:11,PLSC113,0104,Samuel Daramola,24,9,0,2026-09-13 13:13:44
2026-09-13 12:53:11,PLSC115,0101,Shirley Micallef,24,1,0,2026-09-13 13:13:45
2026-09-13 12:53:11,PLSC201,0101,Pierre Jacob,42,15,0,2026-09-13 13:13:45
2026-09-13 12:53:11,PLSC203,0101,Vijay Tiwari,23,17,0,2026-09-13 13:13:46
2026-09-13 12:53:11,PLSC205,0101,Mark Carroll,22,1,0,2026-09-13 13:13:46
2026-09-13 12:53:11,PLSC206,0101,Pierre Jacob,21,8,0,2026-09-13 13:13:46
2026-09-13 12:53:11,PLSC206,0102,Pierre Jacob,21,7,0,2026-09-13 13:13:46
2026-09-13 12:53:11,PLSC253,0101,Karen Petroff,24,1,0,2026-09-13 13:13:47
2026-09-13 12:53:11,PLSC253,0102,Karen Petroff,24,5,0,2026-09-13 13:13:47
2026-09-13 12:53:11,PLSC389,0101,Craig Beyrouty,17,17,0,2026-09-13 13:13:47
2026-09-13 12:53:11,PLSC402,0101,Geoffrey Rinehart,10,3,0,2026-09-13 13:13:48
2026-09-13 12:53:11,PLSC404,0101,Yiping Qi,20,11,0,2026-09-13 13:13:49
2026-09-13 12:53:11,PLSC420,0101,Nidhi Rawat,18,5,0,2026-09-13 13:13:49
2026-09-13 12:53:11,PLSC420,0102,Nidhi Rawat,18,12,0,2026-09-13 13:13:49
2026-09-13 12:53:11,PLSC433,0101,Diana Cochran,10,2,0,2026-09-13 13:13:49
2026-09-13 12:53:11,PLSC453,0101,Samuel Daramola,24,1,0,2026-09-13 13:13:50
2026-09-13 12:53:11,PLSC471,0101,Juanita Choo,20,0,0,2026-09-13 13:13:50
2026-09-13 12:53:11,PLSC476,0101,Maile Neel,23,19,0,2026-09-13 13:13:51
2026-09-13 12:53:11,PLSC608,0101,Shunyuan Xiao,20,13,0,2026-09-13 13:13:51
2026-09-13 12:53:11,PORT103,0101,Parker Brookie,15,6,0,2026-09-13 13:13:54
2026-09-13 12:53:11,PORT205,0101,Parker Brookie,15,4,0,2026-09-13 13:13:55
2026-09-13 12:53:11,PORT332,0101,Parker Brookie,25,0,0,2026-09-13 13:13:55
2026-09-13 12:53:11,RELS120,0101,Antoine Borrut,40,8,0,2026-09-13 13:14:30
2026-09-13 12:53:11,RELS170,0101,Chiara Graf,21,1,0,2026-09-13 13:14:30
2026-09-13 12:53:11,RELS170,0102,Chiara Graf,21,0,0,2026-09-13 13:14:30
2026-09-13 12:53:11,RELS170,0103,Chiara Graf,21,0,0,2026-09-13 13:14:30
2026-09-13 12:53:11,RELS170,0104,Chiara Graf,21,0,0,2026-09-13 13:14:30
2026-09-13 12:53:11,RELS170,0105,Chiara Graf,21,0,0,2026-09-13 13:14:30
2026-09-13 12:53:11,RELS170,0106,Chiara Graf,21,0,0,2026-09-13 13:14:30
2026-09-13 12:53:11,RELS170,0107,Chiara Graf,21,0,0,2026-09-13 13:14:30
2026-09-13 12:53:11,RELS170,0108,Chiara Graf,21,1,0,2026-09-13 13:14:30
2026-09-13 12:53:11,RELS170,0109,Chiara Graf,22,0,0,2026-09-13 13:14:30
2026-09-13 12:53:11,RELS171,0101,Maxine Grossman,40,8,0,2026-09-13 13:14:31
2026-09-13 12:53:11,RELS219K,0101,Shay Hazkani,40,33,0,2026-09-13 13:14:31
2026-09-13 12:53:11,RELS225,0101,Stephanie Cooper,25,3,0,2026-09-13 13:14:31
2026-09-13 12:53:11,RELS273,0101,Hayim Lapin,23,0,0,2026-09-13 13:14:32
2026-09-13 12:53:11,RELS273,0102,Hayim Lapin,23,3,0,2026-09-13 13:14:32
2026-09-13 12:53:11,RELS273,0103,Hayim Lapin,23,1,0,2026-09-13 13:14:32
2026-09-13 12:53:11,RELS274,0101,Matthew Suriano,20,1,0,2026-09-13 13:14:32
2026-09-13 12:53:11,RELS274,0102,Matthew Suriano,20,0,1,2026-09-13 13:14:32
2026-09-13 12:53:11,RELS274,0103,Matthew Suriano,20,0,0,2026-09-13 13:14:32
2026-09-13 12:53:11,RELS274,0104,Matthew Suriano,20,0,0,2026-09-13 13:14:32
2026-09-13 12:53:11,RELS319D,0101,Nathan Levine,35,26,0,2026-09-13 13:14:33
2026-09-13 12:53:11,RELS319Z,0101,Regev Ben-David,30,26,0,2026-09-13 13:14:33
2026-09-13 12:53:11,RELS341,0101,Janna Bianchini,30,0,0,2026-09-13 13:14:34
2026-09-13 12:53:11,RUSS101,0101,Inna Hardman,15,6,0,2026-09-13 13:14:36
2026-09-13 12:53:11,RUSS101,0201,Inna Hardman,15,6,0,2026-09-13 13:14:36
2026-09-13 12:53:11,RUSS201,0101,Zhanna Gerus-Vernola,15,8,0,2026-09-13 13:14:36
2026-09-13 12:53:11,RUSS301,0101,Izolda Savenkova,15,5,0,2026-09-13 13:14:37
2026-09-13 12:53:11,RUSS321,0101,Elizabeth Papazian,15,5,0,2026-09-13 13:14:37
2026-09-13 12:53:11,RUSS334,0101,Elizabeth Papazian,25,0,0,2026-09-13 13:14:37
2026-09-13 12:53:11,RUSS404,0101,Izolda Savenkova,15,1,0,2026-09-13 13:14:39
2026-09-13 12:53:11,SDSB123,0101,Brian Kim,40,7,0,2026-09-13 13:14:41
2026-09-13 12:53:11,SDSB180,0101,Brian Kim,180,126,0,2026-09-13 13:14:41
2026-09-13 12:53:11,SDSB233,0101,Jacob Coutts,25,1,0,2026-09-13 13:14:42
2026-09-13 12:53:11,SDSB233,0102,Jacob Coutts,25,10,0,2026-09-13 13:14:42
2026-09-13 12:53:11,SDSB233,0103,Jacob Coutts,25,9,0,2026-09-13 13:14:42
2026-09-13 12:53:11,SDSB326,0101,Jacob Coutts,50,31,0,2026-09-13 13:14:42
2026-09-13 12:53:11,SDSB340,0101,Neil Lund,40,0,0,2026-09-13 13:14:42
2026-09-13 12:53:11,SDSI414,0201,Maria Krupenkin,34,15,0,2026-09-13 13:14:44
2026-09-13 12:53:11,SDSI414,0202,Maria Krupenkin,34,0,0,2026-09-13 13:14:44
2026-09-13 12:53:11,SDSI492,0101,TJ Rainsford,50,8,0,2026-09-13 13:14:45
2026-09-13 12:53:11,SDSI492,0103,Mary Ann Francis,40,0,2,2026-09-13 13:14:45
2026-09-13 12:53:11,SDSI492,0104,TJ Rainsford,50,0,0,2026-09-13 13:14:45
2026-09-13 12:53:11,SDSI492,0106,Jesse Klein,50,0,5,2026-09-13 13:14:45
2026-09-13 12:53:11,SDSI492,0107,Connie Siebold,40,0,3,2026-09-13 13:14:45
2026-09-13 12:53:11,SDSI492,0110,Patrick Thornton,50,29,0,2026-09-13 13:14:45
2026-09-13 12:53:11,SLLC108I,0101,Instructor: TBA,5,4,0,2026-09-13 13:14:48
2026-09-13 12:53:11,SLLC108J,0101,Instructor: TBA,5,5,0,2026-09-13 13:14:49
2026-09-13 12:53:11,SLLC108W,0101,Instructor: TBA,5,4,0,2026-09-13 13:14:49
2026-09-13 12:53:11,SLLC118A,0101,Sean Pue,10,4,0,2026-09-13 13:14:49
2026-09-13 12:53:11,SLLC200,0101,Chris Lewis,30,4,0,2026-09-13 13:14:50
2026-09-13 12:53:11,SLLC286,0101,Andrew Schonebaum,60,5,0,2026-09-13 13:14:50
2026-09-13 12:53:11,SLLC309,0101,Ahmed Hanafy,10,10,0,2026-09-13 13:14:51
2026-09-13 12:53:11,SLLC309,0102,Ahmed Hanafy,10,8,0,2026-09-13 13:14:51
2026-09-13 12:53:11,SLLC309,0103,Ahmed Hanafy,10,7,0,2026-09-13 13:14:51
2026-09-13 12:53:11,SLLC309,0104,Ahmed Hanafy,10,5,0,2026-09-13 13:14:51
2026-09-13 12:53:11,SLLC309,0105,Ahmed Hanafy,10,6,0,2026-09-13 13:14:51
2026-09-13 12:53:11,SLLC309,0106,Ahmed Hanafy,10,6,0,2026-09-13 13:14:51
2026-09-13 12:53:11,SLLC309,0107,Ahmed Hanafy,10,8,0,2026-09-13 13:14:51
2026-09-13 12:53:11,SLLC309,0108,Ahmed Hanafy,10,9,0,2026-09-13 13:14:51
2026-09-13 12:53:11,SLLC309,0109,Ahmed Hanafy,10,7,0,2026-09-13 13:14:51
2026-09-13 12:53:11,SLLC309,0110,Ahmed Hanafy,10,3,0,2026-09-13 13:14:51
2026-09-13 12:53:11,SLLC309,0111,Ahmed Hanafy,10,10,0,2026-09-13 13:14:51
2026-09-13 12:53:11,SLLC329,0101,Marilyn Matar,13,0,0,2026-09-13 13:14:51
2026-09-13 12:53:11,SLLC329,0102,Marilyn Matar,10,0,0,2026-09-13 13:14:51
2026-09-13 12:53:11,SLLC329,0103,Marilyn Matar,21,2,0,2026-09-13 13:14:51
2026-09-13 12:53:11,SLLC329,0104,Marilyn Matar,10,4,0,2026-09-13 13:14:51
2026-09-13 12:53:11,SLLC329,0105,Marilyn Matar,10,9,0,2026-09-13 13:14:51
2026-09-13 12:53:11,SLLC329,0106,Marilyn Matar,10,1,0,2026-09-13 13:14:51
2026-09-13 12:53:11,SLLC329,0107,Marilyn Matar,10,7,0,2026-09-13 13:14:51
2026-09-13 12:53:11,SLLC329,0108,Marilyn Matar,10,7,0,2026-09-13 13:14:51
2026-09-13 12:53:11,SLLC329,0109,Marilyn Matar,10,4,0,2026-09-13 13:14:51
2026-09-13 12:53:11,SLLC329,0110,Marilyn Matar,20,3,0,2026-09-13 13:14:51
2026-09-13 12:53:11,SLLC350,0101,Michele Mason,30,27,0,2026-09-13 13:14:51
2026-09-13 12:53:11,SMLP470,0101,Brooke Smith,45,13,0,2026-09-13 13:14:53
2026-09-13 12:53:11,SMLP472,0101,Sara Herald,60,19,0,2026-09-13 13:14:54
2026-09-13 12:53:11,TLTC310,0101,Sarah Kistner,0,0,0,2026-09-13 13:15:53
2026-09-13 12:53:11,TLTC310,0201,Yanira Ortiz,20,11,0,2026-09-13 13:15:53
2026-09-13 12:53:11,TLTC333,0101,Mona Thompson,63,1,0,2026-09-13 13:15:53
2026-09-13 12:53:11,TLTC333,0102,Mona Thompson,63,0,0,2026-09-13 13:15:53
2026-09-13 12:53:11,TLTC333,0105,Mona Thompson,63,0,0,2026-09-13 13:15:53
2026-09-13 12:53:11,UMEI005,0101,Charles Duquette,15,2,0,2026-09-13 13:15:56
2026-09-13 12:53:11,UMEI005,0201,Heather Mehrtens,15,9,0,2026-09-13 13:15:56
2026-09-13 12:53:11,UMEI005,0301,Marilena Draganescu,15,11,0,2026-09-13 13:15:56
2026-09-13 12:53:11,UMEI012,0101,Louise Godley,10,10,0,2026-09-13 13:15:56
2026-09-13 12:53:11,UMEI013,0101,Louise Godley,10,7,0,2026-09-13 13:15:56
2026-09-13 12:53:11,UMEI028A,0101,Raymond Smith,16,14,0,2026-09-13 13:15:57
2026-09-13 12:53:11,UMEI506,0101,Heather Mehrtens,16,0,0,2026-09-13 13:15:57
2026-09-13 12:53:11,UMEI506,0201,Heather Mehrtens,16,6,0,2026-09-13 13:15:57
2026-09-13 12:53:11,UMEI507,0101,Marilena Draganescu,15,4,0,2026-09-13 13:15:58
2026-09-13 12:53:11,USLT201,0101,Robert Chester,25,1,0,2026-09-13 13:16:06
2026-09-13 12:53:11,USLT398C,0101,Angela Pico Pinto,25,18,0,2026-09-13 13:16:07
2026-09-13 12:53:11,USLT450,0101,Robert Chester,20,0,0,2026-09-13 13:16:07
2026-09-13 12:53:11,USLT498C,0101,Ana Rodriguez,20,14,0,2026-09-13 13:16:08
2026-09-13 12:53:11,VIPS099,0115,Veronica Kang,5,3,0,2026-09-13 13:16:09
2026-09-13 12:53:11,VIPS208,0101,Mary Bowden,10,10,0,2026-09-13 13:16:10
2026-09-13 12:53:11,VIPS208,0102,Ken Kiger,10,2,0,2026-09-13 13:16:10
2026-09-13 12:53:11,VIPS208,0103,Bryan Quinn,10,9,0,2026-09-13 13:16:10
2026-09-13 12:53:11,VIPS208,0104,Abdil Chowdhury,10,1,0,2026-09-13 13:16:10
2026-09-13 12:53:11,VIPS208,0105,Molly Carton,10,7,0,2026-09-13 13:16:10
2026-09-13 12:53:11,VIPS208,0106,James Baeder,14,2,0,2026-09-13 13:16:10
2026-09-13 12:53:11,VIPS208,0107,Catherine Spirito,10,6,0,2026-09-13 13:16:10
2026-09-13 12:53:11,VIPS208,0108,Ronald Yaros,10,4,0,2026-09-13 13:16:10
2026-09-13 12:53:11,VIPS208,0109,Carinna Ferguson,10,7,0,2026-09-13 13:16:10
2026-09-13 12:53:11,VIPS208,0110,Tracy Riggins,15,0,0,2026-09-13 13:16:10
2026-09-13 12:53:11,VIPS208,0111,Kevin Calabro,13,2,0,2026-09-13 13:16:10
2026-09-13 12:53:11,VIPS208,0112,Raffaele Viglianti,10,5,0,2026-09-13 13:16:10
2026-09-13 12:53:11,VIPS208,0113,Shabnam Jabeen,10,5,0,2026-09-13 13:16:10
2026-09-13 12:53:11,VIPS208,0114,Ning Zeng,15,7,0,2026-09-13 13:16:10
2026-09-13 12:53:11,VIPS208,0115,Veronica Kang,10,5,0,2026-09-13 13:16:10
2026-09-13 12:53:11,VIPS208,0116,David Stewart,10,1,0,2026-09-13 13:16:10
2026-09-13 12:53:11,VIPS208,0117,Meredith Epstein,10,8,0,2026-09-13 13:16:10
2026-09-13 12:53:11,VIPS208,0118,Magaly Toro Ibaceta,10,3,0,2026-09-13 13:16:10
2026-09-13 12:53:11,VIPS208,0120,Marisa Parham,10,6,0,2026-09-13 13:16:10
2026-09-13 12:53:11,VIPS208,0121,Becky Epanchin-Niell,10,1,0,2026-09-13 13:16:10
2026-09-13 12:53:11,VIPS208,0122,Timothy Reedy,10,2,0,2026-09-13 13:16:10
2026-09-13 12:53:11,VIPS208,0123,Lingnan Lin,13,4,0,2026-09-13 13:16:10
2026-09-13 12:53:11,VIPS208,0124,Jeffrey Moro,10,4,0,2026-09-13 13:16:10
2026-09-13 12:53:11,VIPS208,0125,Peter Sunderland,12,4,0,2026-09-13 13:16:10
2026-09-13 12:53:11,VIPS208,0126,Brienna Anderson,10,4,0,2026-09-13 13:16:10
2026-09-13 12:53:11,VIPS308,0101,Mary Bowden,10,9,0,2026-09-13 13:16:10
2026-09-13 12:53:11,VIPS308,0102,Ken Kiger,10,3,0,2026-09-13 13:16:10
2026-09-13 12:53:11,VIPS308,0103,Bryan Quinn,10,2,0,2026-09-13 13:16:10
2026-09-13 12:53:11,VIPS308,0104,Abdil Chowdhury,10,3,0,2026-09-13 13:16:10
2026-09-13 12:53:11,VIPS308,0105,Molly Carton,10,3,0,2026-09-13 13:16:10
2026-09-13 12:53:11,VIPS308,0106,James Baeder,10,4,0,2026-09-13 13:16:10
2026-09-13 12:53:11,VIPS308,0107,Catherine Spirito,10,8,0,2026-09-13 13:16:10
2026-09-13 12:53:11,VIPS308,0108,Ronald Yaros,10,9,0,2026-09-13 13:16:10
2026-09-13 12:53:11,VIPS308,0109,Carinna Ferguson,10,6,0,2026-09-13 13:16:10
2026-09-13 12:53:11,VIPS308,0110,Tracy Riggins,10,0,0,2026-09-13 13:16:10
2026-09-13 12:53:11,VIPS308,0111,Kevin Calabro,10,6,0,2026-09-13 13:16:10
2026-09-13 12:53:11,VIPS308,0112,Raffaele Viglianti,10,10,0,2026-09-13 13:16:10
2026-09-13 12:53:11,VIPS308,0113,Shabnam Jabeen,10,8,0,2026-09-13 13:16:10
2026-09-13 12:53:11,VIPS308,0114,Ning Zeng,10,9,0,2026-09-13 13:16:10
2026-09-13 12:53:11,VIPS308,0115,Veronica Kang,10,10,0,2026-09-13 13:16:10
2026-09-13 12:53:11,VIPS308,0116,David Stewart,10,10,0,2026-09-13 13:16:10
2026-09-13 12:53:11,VIPS308,0117,Meredith Epstein,10,8,0,2026-09-13 13:16:10
2026-09-13 12:53:11,VIPS308,0118,Magaly Toro Ibaceta,10,10,0,2026-09-13 13:16:10
2026-09-13 12:53:11,VIPS308,0120,Marisa Parham,10,9,0,2026-09-13 13:16:10
2026-09-13 12:53:11,VIPS308,0121,Becky Epanchin-Niell,10,10,0,2026-09-13 13:16:10
2026-09-13 12:53:11,VIPS308,0122,Timothy Reedy,10,10,0,2026-09-13 13:16:10
2026-09-13 12:53:11,VIPS308,0123,Lingnan Lin,10,10,0,2026-09-13 13:16:10
2026-09-13 12:53:11,VIPS308,0124,Jeffrey Moro,10,10,0,2026-09-13 13:16:10
2026-09-13 12:53:11,VIPS308,0125,Peter Sunderland,10,10,0,2026-09-13 13:16:10
2026-09-13 12:53:11,VIPS308,0126,Brienna Anderson,10,10,0,2026-09-13 13:16:10
2026-09-13 12:53:11,VIPS408,0101,Mary Bowden,10,4,0,2026-09-13 13:16:11
2026-09-13 12:53:11,VIPS408,0102,Ken Kiger,10,8,0,2026-09-13 13:16:11
2026-09-13 12:53:11,VIPS408,0103,Bryan Quinn,10,3,0,2026-09-13 13:16:11
2026-09-13 12:53:11,VIPS408,0104,Abdil Chowdhury,10,8,0,2026-09-13 13:16:11
2026-09-13 12:53:11,VIPS408,0105,Molly Carton,10,8,0,2026-09-13 13:16:11
2026-09-13 12:53:11,VIPS408,0106,James Baeder,10,7,0,2026-09-13 13:16:11
2026-09-13 12:53:11,VIPS408,0107,Catherine Spirito,10,10,0,2026-09-13 13:16:11
2026-09-13 12:53:11,VIPS408,0108,Ronald Yaros,10,8,0,2026-09-13 13:16:11
2026-09-13 12:53:11,VIPS408,0109,Carinna Ferguson,10,8,0,2026-09-13 13:16:11
2026-09-13 12:53:11,VIPS408,0110,Tracy Riggins,10,10,0,2026-09-13 13:16:11
2026-09-13 12:53:11,VIPS408,0111,Kevin Calabro,10,7,0,2026-09-13 13:16:11
2026-09-13 12:53:11,VIPS408,0112,Raffaele Viglianti,10,9,0,2026-09-13 13:16:11
2026-09-13 12:53:11,VIPS408,0113,Shabnam Jabeen,10,10,0,2026-09-13 13:16:11
2026-09-13 12:53:11,VIPS408,0114,Ning Zeng,10,10,0,2026-09-13 13:16:11
2026-09-13 12:53:11,VIPS408,0115,Veronica Kang,10,10,0,2026-09-13 13:16:11
2026-09-13 12:53:11,VIPS408,0116,David Stewart,10,10,0,2026-09-13 13:16:11
2026-09-13 12:53:11,VIPS408,0117,Meredith Epstein,10,10,0,2026-09-13 13:16:11
2026-09-13 12:53:11,VIPS408,0118,Magaly Toro Ibaceta,10,9,0,2026-09-13 13:16:11
2026-09-13 12:53:11,VIPS408,0120,Marisa Parham,10,10,0,2026-09-13 13:16:11
2026-09-13 12:53:11,VIPS408,0121,Becky Epanchin-Niell,10,10,0,2026-09-13 13:16:11
2026-09-13 12:53:11,VIPS408,0122,Timothy Reedy,10,10,0,2026-09-13 13:16:11
2026-09-13 12:53:11,VIPS408,0123,Lingnan Lin,10,10,0,2026-09-13 13:16:11
2026-09-13 12:53:11,VIPS408,0124,Jeffrey Moro,10,10,0,2026-09-13 13:16:11
2026-09-13 12:53:11,VIPS408,0125,Peter Sunderland,10,10,0,2026-09-13 13:16:11
2026-09-13 12:53:11,VIPS408,0126,Brienna Anderson,10,10,0,2026-09-13 13:16:11
2026-09-13 12:53:11,WEID139B,0101,Denise Joseph,48,6,0,2026-09-13 13:16:14
2026-09-13 12:53:11,WEID139L,0201,Taylor Togafau-Lewis,48,17,0,2026-09-13 13:16:15
2026-09-13 17:05:45,AAAS100,0101,Shane Walsh,35,0,0,2026-09-13 17:05:47
2026-09-13 17:05:45,AAAS100,0201,Shane Walsh,35,0,0,2026-09-13 17:05:47
2026-09-13 17:05:45,AAAS100,0301,George Kintiba,70,36,0,2026-09-13 17:05:47
2026-09-13 17:05:45,AAAS100,0401,Jason Nichols,30,0,0,2026-09-13 17:05:47
2026-09-13 17:05:45,AAAS100,0501,Jason Nichols,35,0,0,2026-09-13 17:05:47
2026-09-13 17:05:45,AAAS101,0101,Chinyere Osuji,40,1,0,2026-09-13 17:05:48
2026-09-13 17:05:45,AAAS187,0101,Robert Choflet,30,0,0,2026-09-13 17:05:48
2026-09-13 17:05:45,AAAS187,0201,Joseph Richardson,30,0,0,2026-09-13 17:05:48
2026-09-13 17:05:45,AAAS200,0101,George Kintiba,40,5,0,2026-09-13 17:05:49
2026-09-13 17:05:45,AAAS202,0101,Robert Choflet,35,5,0,2026-09-13 17:05:49
2026-09-13 17:05:45,AAAS202,0201,Robert Choflet,35,5,0,2026-09-13 17:05:49
2026-09-13 17:05:45,AAAS202,0301,Angelica Dunbar,35,4,0,2026-09-13 17:05:49
2026-09-13 17:05:45,AAAS202,0401,Ashley Everson,35,0,0,2026-09-13 17:05:49
2026-09-13 17:05:45,AAAS202,0501,Ashley Everson,20,3,0,2026-09-13 17:05:49
2026-09-13 17:05:45,AAAS210,0101,Angelica Dunbar,20,16,0,2026-09-13 17:05:50
2026-09-13 17:05:45,AAAS211,0101,Shane Walsh,30,0,0,2026-09-13 17:05:50
2026-09-13 17:05:45,AAAS230,0101,Ashley Newby,30,0,0,2026-09-13 17:05:50
2026-09-13 17:05:45,AAAS230,0201,Ashley Newby,30,0,0,2026-09-13 17:05:50
2026-09-13 17:05:45,AAAS234,0201,Mike Kolakoski,30,3,0,2026-09-13 17:05:51
2026-09-13 17:05:45,AAAS254,0101,Christopher Bonner,40,2,0,2026-09-13 17:05:51
2026-09-13 17:05:45,AAAS271,0101,Sydney Lewis,30,1,0,2026-09-13 17:05:51
2026-09-13 17:05:45,AAAS310,0101,George Kintiba,25,22,0,2026-09-13 17:05:51
2026-09-13 17:05:45,AAAS320,0101,Cecily Jackson,25,0,0,2026-09-13 17:05:52
2026-09-13 17:05:45,AAAS320,0201,Cecily Jackson,25,0,0,2026-09-13 17:05:52
2026-09-13 17:05:45,AAAS325,0101,Traci Dula,20,4,0,2026-09-13 17:05:52
2026-09-13 17:05:45,AAAS350,0101,John Drabinski,20,0,0,2026-09-13 17:05:52
2026-09-13 17:05:45,AAAS361,0101,Michelle Rowley,35,26,0,2026-09-13 17:05:52
2026-09-13 17:05:45,AAAS386,0101,Marshal Washington,10,10,0,2026-09-13 17:05:53
2026-09-13 17:05:45,AAAS397,0101,John Drabinski,2,2,0,2026-09-13 17:05:53
2026-09-13 17:05:45,AAAS397,0201,Angelica Dunbar,2,2,0,2026-09-13 17:05:53
2026-09-13 17:05:45,AAAS397,0301,Sharon Harley,2,2,0,2026-09-13 17:05:53
2026-09-13 17:05:45,AAAS397,0401,Cecily Jackson,2,2,0,2026-09-13 17:05:53
2026-09-13 17:05:45,AAAS397,0501,Sangeetha Madhavan,2,2,0,2026-09-13 17:05:53
2026-09-13 17:05:45,AAAS397,0601,Ashley Newby,1,1,0,2026-09-13 17:05:53
2026-09-13 17:05:45,AAAS397,0701,Chinyere Osuji,2,2,0,2026-09-13 17:05:53
2026-09-13 17:05:45,AAAS397,0801,Periloux Peay,2,2,0,2026-09-13 17:05:53
2026-09-13 17:05:45,AAAS397,0901,Joseph Richardson,2,2,0,2026-09-13 17:05:53
2026-09-13 17:05:45,AAAS398B,0101,Beka Guluma,20,13,0,2026-09-13 17:05:53
2026-09-13 17:05:45,AAAS398W,0101,Jason Nichols,25,11,0,2026-09-13 17:05:53
2026-09-13 17:05:45,AAAS400,0101,Periloux Peay,25,22,0,2026-09-13 17:05:54
2026-09-13 17:05:45,AAAS415,0101,Periloux Peay,30,0,0,2026-09-13 17:05:54
2026-09-13 17:05:45,AAAS499N,0101,Anne Rosen,25,0,0,2026-09-13 17:05:54
2026-09-13 17:05:45,AAST200,0101,Jennifer Cho,30,0,0,2026-09-13 17:05:56
2026-09-13 17:05:45,AAST200,0102,Binod Paudyal,30,0,0,2026-09-13 17:05:56
2026-09-13 17:05:45,AAST322,0101,Julie Park,30,3,0,2026-09-13 17:05:56
2026-09-13 17:05:45,AAST351,0101,Binod Paudyal,35,0,0,2026-09-13 17:05:56
2026-09-13 17:05:45,AAST355,0101,Jennifer Cho,35,0,1,2026-09-13 17:05:57
2026-09-13 17:05:45,AAST378,0101,Janelle Wong,2,2,0,2026-09-13 17:05:57
2026-09-13 17:05:45,AAST394,0101,Wenxi Yang,30,2,0,2026-09-13 17:05:57
2026-09-13 17:05:45,AAST398I,0101,Michelle Magalong,24,1,0,2026-09-13 17:05:58
2026-09-13 17:05:45,AAST398W,0101,Chris Eng,25,14,0,2026-09-13 17:05:58
2026-09-13 17:05:45,AAST421,0101,Tuyet Duong,20,2,0,2026-09-13 17:05:58
2026-09-13 17:05:45,AAST422,0101,Jennifer Cho,25,7,0,2026-09-13 17:05:58
2026-09-13 17:05:45,AAST424,0101,Dawn Dow,29,10,0,2026-09-13 17:05:58
2026-09-13 17:05:45,AAST440,0101,Binod Paudyal,25,1,0,2026-09-13 17:05:59
2026-09-13 17:05:45,AAST443,0101,Janelle Wong,30,0,0,2026-09-13 17:05:59
2026-09-13 17:05:45,ABRM330,0101,Rashawn Ray,40,0,0,2026-09-13 17:06:00
2026-09-13 17:05:45,ARAB101,0101,Samah Al-salami,15,1,0,2026-09-13 17:06:34
2026-09-13 17:05:45,ARAB101,0201,Ahmed Hanafy,15,5,0,2026-09-13 17:06:34
2026-09-13 17:05:45,ARAB102,0101,Samah Al-salami,15,2,0,2026-09-13 17:06:34
2026-09-13 17:05:45,ARAB102,0201,Lutf Alkebsi,15,12,0,2026-09-13 17:06:34
2026-09-13 17:05:45,ARAB201,0101,Lutf Alkebsi,15,0,0,2026-09-13 17:06:34
2026-09-13 17:05:45,ARAB201,0201,Lutf Alkebsi,15,11,0,2026-09-13 17:06:34
2026-09-13 17:05:45,ARAB208L,0101,Samah Al-salami,15,3,0,2026-09-13 17:06:35
2026-09-13 17:05:45,ARAB225,0101,Ahmed Hanafy,15,3,0,2026-09-13 17:06:35
2026-09-13 17:05:45,ARAB301,0101,Ahmed Hanafy,15,7,0,2026-09-13 17:06:35
2026-09-13 17:05:45,ARAB321,0101,Ahmed Hanafy,15,8,0,2026-09-13 17:06:35
2026-09-13 17:05:45,ARAB322,0101,Samah Al-salami,15,9,0,2026-09-13 17:06:35
2026-09-13 17:05:45,ARAB398A,0101,Lutf Alkebsi,15,5,0,2026-09-13 17:06:36
2026-09-13 17:05:45,ARAB499E,0101,Brendan Kibbee,20,2,0,2026-09-13 17:06:36
2026-09-13 17:05:45,ARMY106,0101,Thomas Battinieri,31,25,0,2026-09-13 17:07:00
2026-09-13 17:05:45,ARMY106,0102,Thomas Battinieri,40,30,0,2026-09-13 17:07:00
2026-09-13 17:05:45,ARMY106,FC01,Andrew Bischoff,15,11,0,2026-09-13 17:07:00
2026-09-13 17:05:45,ARMY106,FC02,Thomas Battinieri,9,8,0,2026-09-13 17:07:00
2026-09-13 17:05:45,ARMY110,0101,Andrew Bischoff,15,15,0,2026-09-13 17:07:00
2026-09-13 17:05:45,ARMY201,0102,Thomas Battinieri,35,14,0,2026-09-13 17:07:00
2026-09-13 17:05:45,ARMY301,0101,Joshua Guiod,40,20,0,2026-09-13 17:07:00
2026-09-13 17:05:45,ARMY401,0102,Andrew Bischoff,50,13,0,2026-09-13 17:07:03
2026-09-13 17:05:45,ARSC059,0101,Kathleen West,220,53,0,2026-09-13 17:07:04
2026-09-13 17:05:45,ARSC059,FC01,Jens Lyndrup,10,5,0,2026-09-13 17:07:04
2026-09-13 17:05:45,ARSC100,0101,Jens Lyndrup,50,33,0,2026-09-13 17:07:05
2026-09-13 17:05:45,ARSC100,0102,Jens Lyndrup,75,16,0,2026-09-13 17:07:05
2026-09-13 17:05:45,ARSC100,0103,Jens Lyndrup,40,31,0,2026-09-13 17:07:05
2026-09-13 17:05:45,ARSC100,FC01,Jens Lyndrup,5,3,0,2026-09-13 17:07:05
2026-09-13 17:05:45,ARSC100,FC02,Jens Lyndrup,10,7,0,2026-09-13 17:07:05
2026-09-13 17:05:45,ARSC200,0101,Alan Snyder,50,14,0,2026-09-13 17:07:05
2026-09-13 17:05:45,ARSC200,0102,Alan Snyder,35,21,0,2026-09-13 17:07:05
2026-09-13 17:05:45,ARSC200,0103,Alan Snyder,40,32,0,2026-09-13 17:07:05
2026-09-13 17:05:45,ARSC300,0101,Kathleen West,30,5,0,2026-09-13 17:07:05
2026-09-13 17:05:45,ARSC300,0102,Kathleen West,20,13,0,2026-09-13 17:07:05
2026-09-13 17:05:45,ARSC400,0101,Walter Mitchell,30,11,0,2026-09-13 17:07:05
2026-09-13 17:05:45,ARSC400,0102,Walter Mitchell,20,18,0,2026-09-13 17:07:05
2026-09-13 17:05:45,ARSC400,0201,Walter Mitchell,10,10,0,2026-09-13 17:07:05
2026-09-13 17:05:45,BMIN210,0101,Darlene Dennison,180,2,0,2026-09-13 17:07:54
2026-09-13 17:05:45,BMIN210,0201,Darlene Dennison,180,94,0,2026-09-13 17:07:54
2026-09-13 17:05:45,BMIN305,0101,Tejwansh Anand,180,14,0,2026-09-13 17:07:54
2026-09-13 17:05:45,BMIN345,0101,Michael Padhi,275,36,0,2026-09-13 17:07:55
2026-09-13 17:05:45,BMIN355,0101,Idil Yaveroglu,180,0,0,2026-09-13 17:07:55
2026-09-13 17:05:45,BMIN355,0201,Idil Yaveroglu,180,24,0,2026-09-13 17:07:55
2026-09-13 17:05:45,BMIN375,0101,Leland Gardner,185,2,0,2026-09-13 17:07:55
2026-09-13 17:05:45,BMIN395,0101,Nima Farshchi,200,1,0,2026-09-13 17:07:55
2026-09-13 17:05:45,BMIN395,0201,Nima Farshchi,200,106,0,2026-09-13 17:07:55
2026-09-13 17:05:45,BOIS602,WI01,Woei-jyh Lee,40,6,0,2026-09-13 17:07:58
2026-09-13 17:05:45,BOIS604,WI01,Manmohan Aseri,40,5,0,2026-09-13 17:07:58
2026-09-13 17:05:45,BOIS631,WI01,Sujin Kim,40,8,0,2026-09-13 17:07:58
2026-09-13 17:05:45,BSOS355,0101,Liza Lebrun,30,30,0,2026-09-13 17:08:07
2026-09-13 17:05:45,BSOS361,0101,TC Lloyd,30,2,0,2026-09-13 17:08:07
2026-09-13 17:05:45,BSOS361,0103,Keia Brown,30,2,0,2026-09-13 17:08:07
2026-09-13 17:05:45,BSOS361,0104,David Tana,30,1,0,2026-09-13 17:08:07
2026-09-13 17:05:45,BSOS361,0105,TC Lloyd,30,2,0,2026-09-13 17:08:07
2026-09-13 17:05:45,BSOS388C,0101,Nikita Kimani,20,0,0,2026-09-13 17:08:07
2026-09-13 17:05:45,BSOS388C,0201,Nikita Kimani,20,0,0,2026-09-13 17:08:07
2026-09-13 17:05:45,BSOS388E,0101,Liza Lebrun,30,30,0,2026-09-13 17:08:08
2026-09-13 17:05:45,BUSO600,SO11,Neta Moye,42,5,0,2026-09-13 17:08:22
2026-09-13 17:05:45,BUSO600,SO12,Neta Moye,42,9,0,2026-09-13 17:08:22
2026-09-13 17:05:45,BUSO603,SO11,Ilya Ryzhov,42,5,0,2026-09-13 17:08:23
2026-09-13 17:05:45,BUSO603,SO12,Ilya Ryzhov,42,4,0,2026-09-13 17:08:23
2026-09-13 17:05:45,BUSO604,SO11,Bennet Zelner,42,6,0,2026-09-13 17:08:23
2026-09-13 17:05:45,BUSO604,SO12,Bennet Zelner,42,6,0,2026-09-13 17:08:23
2026-09-13 17:05:45,BUSO612,SO11,Henry Boyd,42,3,0,2026-09-13 17:08:23
2026-09-13 17:05:45,BUSO612,SO12,Henry Boyd,42,5,0,2026-09-13 17:08:23
2026-09-13 17:05:45,BUSO616,SO31,Brent Solomon,38,2,0,2026-09-13 17:08:23
2026-09-13 17:05:45,BUSO616,SO32,Brent Solomon,38,0,0,2026-09-13 17:08:23
2026-09-13 17:05:45,BUSO624,SO31,Yi Xu,38,2,0,2026-09-13 17:08:24
2026-09-13 17:05:45,BUSO624,SO32,Yi Xu,38,0,0,2026-09-13 17:08:24
2026-09-13 17:05:45,BUSO700,SO91,Paulo Prochno,0,0,0,2026-09-13 17:08:24
2026-09-13 17:05:45,BUSO711,SO31,Gosia Langa Basit,28,0,0,2026-09-13 17:08:24
2026-09-13 17:05:45,BUSO711,SO32,Gosia Langa Basit,28,3,0,2026-09-13 17:08:24
2026-09-13 17:05:45,BUSO711,SO33,Gosia Langa Basit,28,1,0,2026-09-13 17:08:24
2026-09-13 17:05:45,BUSO731,SO51,Tejwansh Anand,49,0,1,2026-09-13 17:08:24
2026-09-13 17:05:45,BUSO752,SO51,Leland Gardner,35,13,0,2026-09-13 17:08:24
2026-09-13 17:05:45,BUSO758G,SO51,James Seward,35,11,0,2026-09-13 17:08:25
2026-09-13 17:05:45,BUSO758M,SO51,Paulo Prochno,49,2,0,2026-09-13 17:08:25
2026-09-13 17:05:45,BUSO758M,SO52,Paulo Prochno,49,3,0,2026-09-13 17:08:25
2026-09-13 17:05:45,BUSO758T,SO51,Michael Cichello,35,18,0,2026-09-13 17:08:25
2026-09-13 17:05:45,BUSO758W,SO51,Yogesh Joshi,33,2,0,2026-09-13 17:08:25
2026-09-13 17:05:45,BUSO758W,SO52,Yogesh Joshi,33,2,0,2026-09-13 17:08:25
2026-09-13 17:05:45,BUSO758X,SO51,Pallassana Kannan,49,3,0,2026-09-13 17:08:26
2026-09-13 17:05:45,BUSO788F,GX01,Judy Frels,25,6,0,2026-09-13 17:08:26
2026-09-13 17:05:45,BUSO788W,GX01,Zhi-Long Chen,30,5,0,2026-09-13 17:08:26
2026-09-13 17:05:45,CHSE200,0101,Betsy Tornquist,10,1,0,2026-09-13 17:08:47
2026-09-13 17:05:45,CHSE205,0101,Yewon Lee,60,0,2,2026-09-13 17:08:48
2026-09-13 17:05:45,CHSE205,0201,Yewon Lee,60,0,1,2026-09-13 17:08:48
2026-09-13 17:05:45,CHSE228C,0101,Nikita Kimani,20,0,0,2026-09-13 17:08:48
2026-09-13 17:05:45,CHSE228C,0201,Nikita Kimani,20,0,0,2026-09-13 17:08:48
2026-09-13 17:05:45,CHSE228C,0301,Nikita Kimani,20,0,0,2026-09-13 17:08:48
2026-09-13 17:05:45,CHSE230,0101,Isabelle Grable,25,16,0,2026-09-13 17:08:48
2026-09-13 17:05:45,CHSE376,0101,Michael Dunham,22,0,3,2026-09-13 17:08:48
2026-09-13 17:05:45,CHSE376,0201,Colleen McGilpin,20,0,4,2026-09-13 17:08:48
2026-09-13 17:05:45,CHSE376,0301,Elizabeth Martinez,20,0,0,2026-09-13 17:08:48
2026-09-13 17:05:45,CHSE376,0401,Chanai Brewster,20,4,0,2026-09-13 17:08:48
2026-09-13 17:05:45,CHSE476,0101,Michael Dunham,20,6,0,2026-09-13 17:08:49
2026-09-13 17:05:45,CHSE477,0101,Michael Dunham,15,4,0,2026-09-13 17:08:49
2026-09-13 17:05:45,CHSE489,1901,Amy D'Agati,15,10,0,2026-09-13 17:08:49
2026-09-13 17:05:45,CINE245,0101,Eric Zakim,22,0,1,2026-09-13 17:08:51
2026-09-13 17:05:45,CINE245,0102,Eric Zakim,22,0,2,2026-09-13 17:08:51
2026-09-13 17:05:45,CINE245,0103,Eric Zakim,22,0,2,2026-09-13 17:08:51
2026-09-13 17:05:45,CINE245,0104,Eric Zakim,22,0,1,2026-09-13 17:08:51
2026-09-13 17:05:45,CINE280,0101,Porter Olsen,30,0,1,2026-09-13 17:08:51
2026-09-13 17:05:45,CINE280,0201,John Tobin,30,0,1,2026-09-13 17:08:51
2026-09-13 17:05:45,CINE298A,0101,Caroline Eades,20,0,0,2026-09-13 17:08:51
2026-09-13 17:05:45,CINE301,0101,Eric Zakim,30,0,0,2026-09-13 17:08:51
2026-09-13 17:05:45,CINE310,0101,Nathaniel Stevens,15,2,0,2026-09-13 17:08:52
2026-09-13 17:05:45,CINE315,0101,Yael Inbar,15,0,0,2026-09-13 17:08:52
2026-09-13 17:05:45,CINE319G,0101,Oliver Gaycken,25,15,0,2026-09-13 17:08:52
2026-09-13 17:05:45,CINE319P,5501,Samuel Crawford,11,0,1,2026-09-13 17:08:52
2026-09-13 17:05:45,CINE319Z,0101,Paul Cote,25,7,0,2026-09-13 17:08:53
2026-09-13 17:05:45,CINE329T,0101,Daniel Richter,25,0,4,2026-09-13 17:08:53
2026-09-13 17:05:45,CINE332,0101,Parker Brookie,25,0,0,2026-09-13 17:08:53
2026-09-13 17:05:45,CINE334,0101,Elizabeth Papazian,25,0,0,2026-09-13 17:08:53
2026-09-13 17:05:45,CINE337,0101,Jason Kuo,25,0,1,2026-09-13 17:08:54
2026-09-13 17:05:45,CINE342,0101,Luka Arsenjuk,20,0,1,2026-09-13 17:08:54
2026-09-13 17:05:45,CINE350,0101,John Drabinski,20,0,0,2026-09-13 17:08:54
2026-09-13 17:05:45,CINE359C,0101,Daniel Richter,25,0,2,2026-09-13 17:08:54
2026-09-13 17:05:45,CINE369B,0101,Eva Hageman,30,1,0,2026-09-13 17:08:54
2026-09-13 17:05:45,CINE369K,0101,Paul Cote,20,0,1,2026-09-13 17:08:55
2026-09-13 17:05:45,CINE376,0101,Ross Angelella,15,3,0,2026-09-13 17:08:55
2026-09-13 17:05:45,CINE376,0102,Ross Angelella,5,2,0,2026-09-13 17:08:55
2026-09-13 17:05:45,CINE415,0101,Mathew Bainbridge,15,0,0,2026-09-13 17:08:55
2026-09-13 17:05:45,CINE419P,0101,Oliver Gaycken,20,14,0,2026-09-13 17:08:56
2026-09-13 17:05:45,CINE459P,0101,Luka Arsenjuk,20,0,2,2026-09-13 17:08:56
2026-09-13 17:05:45,CLAS170,0101,Chiara Graf,21,1,0,2026-09-13 17:08:57
2026-09-13 17:05:45,CLAS170,0102,Chiara Graf,21,0,0,2026-09-13 17:08:57
2026-09-13 17:05:45,CLAS170,0103,Chiara Graf,21,0,0,2026-09-13 17:08:57
2026-09-13 17:05:45,CLAS170,0104,Chiara Graf,21,0,0,2026-09-13 17:08:57
2026-09-13 17:05:45,CLAS170,0105,Chiara Graf,21,0,0,2026-09-13 17:08:57
2026-09-13 17:05:45,CLAS170,0106,Chiara Graf,21,0,0,2026-09-13 17:08:57
2026-09-13 17:05:45,CLAS170,0107,Chiara Graf,21,0,0,2026-09-13 17:08:57
2026-09-13 17:05:45,CLAS170,0108,Chiara Graf,21,1,0,2026-09-13 17:08:57
2026-09-13 17:05:45,CLAS170,0109,Chiara Graf,22,0,0,2026-09-13 17:08:57
2026-09-13 17:05:45,CLAS170,FC01,Chelsea Stolt,28,4,0,2026-09-13 17:08:57
2026-09-13 17:05:45,CLAS170,FC02,Chelsea Stolt,28,0,0,2026-09-13 17:08:57
2026-09-13 17:05:45,CLAS170,FC03,Eugenia Lao,28,8,0,2026-09-13 17:08:57
2026-09-13 17:05:45,CLAS170,FC05,Charis Addai,28,5,0,2026-09-13 17:08:57
2026-09-13 17:05:45,CLAS277,0101,Chiara Graf,25,0,0,2026-09-13 17:08:58
2026-09-13 17:05:45,CLAS277,0102,Chiara Graf,25,1,0,2026-09-13 17:08:58
2026-09-13 17:05:45,CLAS277,0103,Chiara Graf,25,4,0,2026-09-13 17:08:58
2026-09-13 17:05:45,CLAS277,0104,Chiara Graf,25,1,0,2026-09-13 17:08:58
2026-09-13 17:05:45,CLAS277,0105,Chiara Graf,25,0,0,2026-09-13 17:08:58
2026-09-13 17:05:45,CLAS277,0106,Chiara Graf,25,1,0,2026-09-13 17:08:58
2026-09-13 17:05:45,CLAS305,0101,Jorge Bravo,35,1,0,2026-09-13 17:08:58
2026-09-13 17:05:45,CLAS309N,0101,Nathan Levine,35,26,0,2026-09-13 17:08:58
2026-09-13 17:05:45,CLAS310,0101,Rachel Singpurwalla,20,0,1,2026-09-13 17:08:58
2026-09-13 17:05:45,CLAS310,0102,Rachel Singpurwalla,20,0,2,2026-09-13 17:08:58
2026-09-13 17:05:45,CLAS310,0103,Rachel Singpurwalla,20,0,3,2026-09-13 17:08:58
2026-09-13 17:05:45,CLAS312,0101,Polyvia Parara,35,7,0,2026-09-13 17:08:59
2026-09-13 17:05:45,CMLT235,0101,Brielle Gorrell,30,2,0,2026-09-13 17:09:02
2026-09-13 17:05:45,CMLT270,0101,Hannah (Toyin) Adeyemi,30,0,0,2026-09-13 17:09:02
2026-09-13 17:05:45,CMLT270,0201,Shakiba Sharifpour,30,1,0,2026-09-13 17:09:02
2026-09-13 17:05:45,CMLT275,0201,Abhinav Bhardwaj,30,0,1,2026-09-13 17:09:02
2026-09-13 17:05:45,CMLT277,0101,Nahid Ahmadian,30,2,0,2026-09-13 17:09:02
2026-09-13 17:05:45,CMLT280,0101,Porter Olsen,30,0,1,2026-09-13 17:09:02
2026-09-13 17:05:45,CMLT280,0201,John Tobin,30,0,1,2026-09-13 17:09:02
2026-09-13 17:05:45,CPBE100,0101,Oliver Schlake,95,25,0,2026-09-13 17:09:28
2026-09-13 17:05:45,CPBE200,0101,Oliver Schlake,75,33,0,2026-09-13 17:09:28
2026-09-13 17:05:45,CPBE225,0101,Ira Koretsky,38,13,0,2026-09-13 17:09:28
2026-09-13 17:05:45,CPBE225,0102,Ira Koretsky,38,22,0,2026-09-13 17:09:28
2026-09-13 17:05:45,CPCV100,0101,Julie Randolph,40,1,0,2026-09-13 17:09:29
2026-09-13 17:05:45,CPCV100,0201,Julie Randolph,40,8,0,2026-09-13 17:09:29
2026-09-13 17:05:45,CPCV200,0101,Julie Randolph,35,1,0,2026-09-13 17:09:30
2026-09-13 17:05:45,CPCV200,0201,Julie Randolph,35,15,0,2026-09-13 17:09:30
2026-09-13 17:05:45,CPCV225,0101,Korey Rothman,75,4,0,2026-09-13 17:09:30
2026-09-13 17:05:45,CPDJ100,0101,Jess Feltner,75,2,0,2026-09-13 17:09:31
2026-09-13 17:05:45,CPDJ200,0101,Andrew Fellows,75,37,0,2026-09-13 17:09:31
2026-09-13 17:05:45,CPET100,0101,Tim Knight,75,4,0,2026-09-13 17:09:33
2026-09-13 17:05:45,CPET200,0101,Tim Knight,75,7,0,2026-09-13 17:09:33
2026-09-13 17:05:45,CPGH100,0101,John Wiggins,85,7,0,2026-09-13 17:09:34
2026-09-13 17:05:45,CPGH200,0101,John Wiggins,75,18,0,2026-09-13 17:09:35
2026-09-13 17:05:45,CPJT100,0101,Justine DeCamillis,75,7,0,2026-09-13 17:09:37
2026-09-13 17:05:45,CPJT200,0101,Justine DeCamillis,75,21,0,2026-09-13 17:09:37
2026-09-13 17:05:45,CPMS100,0101,Alison Burns,75,0,0,2026-09-13 17:09:38
2026-09-13 17:05:45,CPMS200,0101,Alison Burns,75,11,0,2026-09-13 17:09:39
2026-09-13 17:05:45,CPMS225,0101,Alison Burns,75,0,0,2026-09-13 17:09:39
2026-09-13 17:05:45,CPMS230,0101,Alison Burns,30,11,0,2026-09-13 17:09:39
2026-09-13 17:05:45,CPMS240,0101,Carole Lee,20,18,0,2026-09-13 17:09:39
2026-09-13 17:05:45,CPPL100,0101,Kelly Brower,78,2,0,2026-09-13 17:09:41
2026-09-13 17:05:45,CPPL200,0101,Susannah Washburn,75,15,0,2026-09-13 17:09:41
2026-09-13 17:05:45,CPSA100,0101,Andrea Cesar,75,12,0,2026-09-13 17:09:42
2026-09-13 17:05:45,CPSA200,0101,Andrea Cesar,75,34,0,2026-09-13 17:09:43
2026-09-13 17:05:45,CPSF100,0101,Nicholas Fletcher,85,1,0,2026-09-13 17:09:44
2026-09-13 17:05:45,CPSF200,0101,Nicholas Fletcher,75,5,0,2026-09-13 17:09:44
2026-09-13 17:05:45,CPSG100,0101,Thomas Holtz,85,11,0,2026-09-13 17:09:45
2026-09-13 17:05:45,CPSG200,0101,Thomas Holtz,75,29,0,2026-09-13 17:09:46
2026-09-13 17:05:45,CPSN100,0101,Hansol Kwak,85,5,0,2026-09-13 17:09:47
2026-09-13 17:05:45,CPSN200,0101,Stacy Kosko,75,42,0,2026-09-13 17:09:47
2026-09-13 17:05:45,CPSN230,0101,Sarah Kilmer,20,18,0,2026-09-13 17:09:47
2026-09-13 17:05:45,CPSN240,0101,Sarah Kilmer,10,7,0,2026-09-13 17:09:48
2026-09-13 17:05:45,CPSN250,0101,Sarah Kilmer,5,5,0,2026-09-13 17:09:48
2026-09-13 17:05:45,CPSP110,0101,Markell Saunders,18,8,0,2026-09-13 17:09:49
2026-09-13 17:05:45,CPSP110,0201,Patrice Greene,18,13,0,2026-09-13 17:09:49
2026-09-13 17:05:45,CPSP220,0101,Tiara Thomas,20,1,0,2026-09-13 17:09:49
2026-09-13 17:05:45,CPSP239A,0101,Heather-Erin Bremenstuhl,10,5,0,2026-09-13 17:09:50
2026-09-13 17:05:45,CPSP269C,0101,Korey Rothman,5,5,0,2026-09-13 17:09:50
2026-09-13 17:05:45,CPSP339P,0101,Susannah Washburn,10,7,0,2026-09-13 17:09:50
2026-09-13 17:05:45,CPSS100,0101,Nicole Mogul,85,6,0,2026-09-13 17:09:52
2026-09-13 17:05:45,CPSS220,0101,Nicole Mogul,20,2,0,2026-09-13 17:09:52
2026-09-13 17:05:45,CPSS225,0101,Roan Parrish,20,14,0,2026-09-13 17:09:52
2026-09-13 17:05:45,CPSS340,0101,David Tomblin,20,5,0,2026-09-13 17:09:52
2026-09-13 17:05:45,CRLN101,0103,Myles Alexander,25,1,0,2026-09-13 17:09:54
2026-09-13 17:05:45,CRLN101,0104,Tami Smith,26,0,0,2026-09-13 17:09:54
2026-09-13 17:05:45,CRLN101,0105,Denis Garcia Reyes,25,0,0,2026-09-13 17:09:54
2026-09-13 17:05:45,CRLN101,0106,Mitch Woolley,25,4,0,2026-09-13 17:09:54
2026-09-13 17:05:45,CRLN101,0107,Esohe Owie,25,0,0,2026-09-13 17:09:54
2026-09-13 17:05:45,DATA100,0111,Matthew Griffin,33,4,0,2026-09-13 17:10:45
2026-09-13 17:05:45,DATA100,0112,Matthew Griffin,35,2,0,2026-09-13 17:10:45
2026-09-13 17:05:45,DATA100,0121,Matthew Griffin,35,2,0,2026-09-13 17:10:45
2026-09-13 17:05:45,DATA100,0122,Matthew Griffin,33,0,0,2026-09-13 17:10:45
2026-09-13 17:05:45,DATA100,0123,Matthew Griffin,33,1,0,2026-09-13 17:10:45
2026-09-13 17:05:45,DATA100,0124,Matthew Griffin,33,0,0,2026-09-13 17:10:45
2026-09-13 17:05:45,DATA100,0131,Matthew Griffin,33,1,0,2026-09-13 17:10:45
2026-09-13 17:05:45,DATA100,0141,Matthew Griffin,35,0,0,2026-09-13 17:10:45
2026-09-13 17:05:45,DATA100,0142,Matthew Griffin,33,0,0,2026-09-13 17:10:45
2026-09-13 17:05:45,DATA100,0211,Matthew Griffin,33,1,0,2026-09-13 17:10:45
2026-09-13 17:05:45,DATA100,0212,Matthew Griffin,35,0,0,2026-09-13 17:10:45
2026-09-13 17:05:45,DATA100,0221,Matthew Griffin,30,0,0,2026-09-13 17:10:45
2026-09-13 17:05:45,DATA100,0223,Matthew Griffin,32,0,0,2026-09-13 17:10:45
2026-09-13 17:05:45,DATA100,0224,Matthew Griffin,30,1,0,2026-09-13 17:10:45
2026-09-13 17:05:45,DATA100,0231,Matthew Griffin,33,2,0,2026-09-13 17:10:45
2026-09-13 17:05:45,DATA100,0311,Archana Khurana,35,6,0,2026-09-13 17:10:45
2026-09-13 17:05:45,DATA100,0312,Archana Khurana,35,1,0,2026-09-13 17:10:45
2026-09-13 17:05:45,DATA100,0321,Archana Khurana,35,0,0,2026-09-13 17:10:45
2026-09-13 17:05:45,DATA100,0322,Archana Khurana,35,1,0,2026-09-13 17:10:45
2026-09-13 17:05:45,DATA100,0323,Archana Khurana,35,0,0,2026-09-13 17:10:45
2026-09-13 17:05:45,DATA100,0341,Archana Khurana,35,5,0,2026-09-13 17:10:45
2026-09-13 17:05:45,DATA110,0101,Susan Mazzullo,250,24,0,2026-09-13 17:10:45
2026-09-13 17:05:45,DATA120,0101,Fardina Alam,200,0,2,2026-09-13 17:10:46
2026-09-13 17:05:45,DATA200,0101,Fardina Alam,90,32,0,2026-09-13 17:10:46
2026-09-13 17:05:45,DATA250,0101,Todd Rowland,43,7,0,2026-09-13 17:10:46
2026-09-13 17:05:45,DATA320,0101,Maksym Morawski,15,10,0,2026-09-13 17:10:46
2026-09-13 17:05:45,DATA320,0201,Maksym Morawski,20,10,0,2026-09-13 17:10:46
2026-09-13 17:05:45,DATA320,0301,Fardina Alam,20,1,0,2026-09-13 17:10:46
2026-09-13 17:05:45,DATA350,0101,Raluca Rosca,30,11,0,2026-09-13 17:10:47
2026-09-13 17:05:45,DATA350,0201,Jonathan Fernandes,34,5,0,2026-09-13 17:10:47
2026-09-13 17:05:45,DATA400,0111,Salman Safdar,27,1,0,2026-09-13 17:10:47
2026-09-13 17:05:45,DATA400,0112,Salman Safdar,30,1,0,2026-09-13 17:10:47
2026-09-13 17:05:45,DATA400,0121,Salman Safdar,27,2,0,2026-09-13 17:10:47
2026-09-13 17:05:45,DATA400,0122,Salman Safdar,27,4,0,2026-09-13 17:10:47
2026-09-13 17:05:45,DATA400,0131,Salman Safdar,27,3,0,2026-09-13 17:10:47
2026-09-13 17:05:45,DATA400,0132,Salman Safdar,27,8,0,2026-09-13 17:10:47
2026-09-13 17:05:45,DATA400,0211,Timothy Pilachowski,30,3,0,2026-09-13 17:10:47
2026-09-13 17:05:45,DATA400,0212,Timothy Pilachowski,30,4,0,2026-09-13 17:10:47
2026-09-13 17:05:45,DATA400,0221,Timothy Pilachowski,30,3,0,2026-09-13 17:10:47
2026-09-13 17:05:45,DATA400,0222,Timothy Pilachowski,30,0,0,2026-09-13 17:10:47
2026-09-13 17:05:45,DATA400,0231,Timothy Pilachowski,30,0,0,2026-09-13 17:10:47
2026-09-13 17:05:45,DATA400,0232,Timothy Pilachowski,30,3,0,2026-09-13 17:10:47
2026-09-13 17:05:45,DATA400,0311,Mestiyage Gunatilleka,32,0,1,2026-09-13 17:10:47
2026-09-13 17:05:45,DATA400,0312,Mestiyage Gunatilleka,30,0,2,2026-09-13 17:10:47
2026-09-13 17:05:45,DATA400,0321,Mestiyage Gunatilleka,32,0,1,2026-09-13 17:10:47
2026-09-13 17:05:45,DATA400,0322,Mestiyage Gunatilleka,30,0,1,2026-09-13 17:10:47
2026-09-13 17:05:45,DATA400,0331,Mestiyage Gunatilleka,32,0,1,2026-09-13 17:10:47
2026-09-13 17:05:45,DATA400,0332,Mestiyage Gunatilleka,30,0,1,2026-09-13 17:10:47
2026-09-13 17:05:45,DATA400,0511,Shixin Zheng,35,0,0,2026-09-13 17:10:47
2026-09-13 17:05:45,DATA400,0521,Shixin Zheng,35,0,0,2026-09-13 17:10:47
2026-09-13 17:05:45,DATA400,0531,Shixin Zheng,35,0,0,2026-09-13 17:10:47
2026-09-13 17:05:45,DATA601,PCS1,Sandra Cerrai,50,6,0,2026-09-13 17:10:47
2026-09-13 17:05:45,DATA601,PCS2,Jonathan Fernandes,60,20,0,2026-09-13 17:10:47
2026-09-13 17:05:45,DATA601,PWS1,Leonid Koralov,60,3,0,2026-09-13 17:10:47
2026-09-13 17:05:45,DATA602,PCS1,Sujeong Kim,44,5,0,2026-09-13 17:10:47
2026-09-13 17:05:45,DATA602,PCS2,Sujeong Kim,44,9,0,2026-09-13 17:10:47
2026-09-13 17:05:45,DATA602,PWS1,Fardina Alam,44,3,0,2026-09-13 17:10:47
2026-09-13 17:05:45,DATA603,PCS1,Babak Azimi-Sadjadi,55,14,0,2026-09-13 17:10:48
2026-09-13 17:05:45,DATA603,PWS1,Kemal Davaslioglu,55,19,0,2026-09-13 17:10:48
2026-09-13 17:05:45,DATA605,PCS1,Tammy Perrin,44,30,0,2026-09-13 17:10:48
2026-09-13 17:05:45,DATA605,PCS2,Tammy Perrin,44,21,0,2026-09-13 17:10:48
2026-09-13 17:05:45,DATA605,PWS1,Giacinto Paolo Saggese,44,35,0,2026-09-13 17:10:48
2026-09-13 17:05:45,DATA607,PCS1,Mestiyage Gunatilleka,44,29,0,2026-09-13 17:10:48
2026-09-13 17:05:45,DATA607,PCS2,Kendall Williams,55,0,1,2026-09-13 17:10:48
2026-09-13 17:05:45,DATA607,PCS3,Vincent Lyzinski,44,3,0,2026-09-13 17:10:48
2026-09-13 17:05:45,DATA612,PCS1,Samet Ayhan,50,23,0,2026-09-13 17:10:48
2026-09-13 17:05:45,DATA612,PWS1,Samet Ayhan,44,14,0,2026-09-13 17:10:48
2026-09-13 17:05:45,DATA641,PCS1,Toki Inan,50,19,0,2026-09-13 17:10:49
2026-09-13 17:05:45,DATA641,PWS1,Armin Mehrabian,50,0,0,2026-09-13 17:10:49
2026-09-13 17:05:45,DATA643,PCS1,Charles Forgy,50,30,0,2026-09-13 17:10:49
2026-09-13 17:05:45,DATA650,PCS1,Emre Gunduzhan,54,8,0,2026-09-13 17:10:49
2026-09-13 17:05:45,DATA650,PCS2,Emre Gunduzhan,54,10,0,2026-09-13 17:10:49
2026-09-13 17:05:45,ENAI600,0101,C Ravishankar,35,21,0,2026-09-13 17:11:13
2026-09-13 17:05:45,ENAI600,AEC1,C Ravishankar,20,5,0,2026-09-13 17:11:13
2026-09-13 17:05:45,ENAI601,0101,Richard La,35,22,0,2026-09-13 17:11:14
2026-09-13 17:05:45,ENAI601,AEC1,Richard La,20,8,0,2026-09-13 17:11:14
2026-09-13 17:05:45,ENAI607,0101,Zoltan Safar,29,24,0,2026-09-13 17:11:14
2026-09-13 17:05:45,ENAI607,AEC1,Zoltan Safar,20,9,0,2026-09-13 17:11:14
2026-09-13 17:05:45,ENBC301,ESG1,Sivan Saravanapavan,20,9,0,2026-09-13 17:11:15
2026-09-13 17:05:45,ENBC311,ESG1,Bahaa Ghammraoui,20,11,0,2026-09-13 17:11:16
2026-09-13 17:05:45,ENBC322,ESG1,Kyunghun Lee,20,11,0,2026-09-13 17:11:16
2026-09-13 17:05:45,ENBC331,ESG1,Lan Ma,20,10,0,2026-09-13 17:11:16
2026-09-13 17:05:45,ENBC332,ESG1,Jamasp Azarnoosh,20,11,0,2026-09-13 17:11:16
2026-09-13 17:05:45,ENBC341,ESG1,Jarred Callura,20,12,0,2026-09-13 17:11:16
2026-09-13 17:05:45,ENBC353,ESG1,Jarred Callura,20,15,0,2026-09-13 17:11:17
2026-09-13 17:05:45,ENBC423,ESG1,Jian Su,20,13,0,2026-09-13 17:11:17
2026-09-13 17:05:45,ENBC425,ESG1,Jamasp Azarnoosh,20,13,0,2026-09-13 17:11:17
2026-09-13 17:05:45,ENBC431,ESG1,Lan Ma,20,13,0,2026-09-13 17:11:18
2026-09-13 17:05:45,ENEB302,ESG1,Wesley Lawson,20,3,0,2026-09-13 17:11:27
2026-09-13 17:05:45,ENEB340,ESG1,Nestor Michael Tiglao,20,3,0,2026-09-13 17:11:28
2026-09-13 17:05:45,ENEB341,ESG1,Nestor Michael Tiglao,20,3,0,2026-09-13 17:11:28
2026-09-13 17:05:45,ENEB344,ESG1,Jerry Wu,20,3,0,2026-09-13 17:11:28
2026-09-13 17:05:45,ENEB346,ESG1,Nestor Michael Tiglao,20,13,0,2026-09-13 17:11:28
2026-09-13 17:05:45,ENEB354,ESG1,Yavuz Oruc,20,2,0,2026-09-13 17:11:28
2026-09-13 17:05:45,ENEB408A,ESG1,Nestor Michael Tiglao,20,13,0,2026-09-13 17:11:29
2026-09-13 17:05:45,ENEB444,ESG1,Manoj Franklin,20,13,0,2026-09-13 17:11:29
2026-09-13 17:05:45,ENEB454,ESG1,Jerry Wu,20,13,0,2026-09-13 17:11:29
2026-09-13 17:05:45,ENED036,0101,Hillary Owusu,20,5,0,2026-09-13 17:11:37
2026-09-13 17:05:45,ENED101,0101,Shannon Bate,20,0,0,2026-09-13 17:11:37
2026-09-13 17:05:45,ENED115,0101,Friedrich Alvarez,100,6,0,2026-09-13 17:11:37
2026-09-13 17:05:45,ENED215,0101,Tyler Huddleston,30,0,0,2026-09-13 17:11:38
2026-09-13 17:05:45,ENED215,0102,Samantha Sabihi,40,26,0,2026-09-13 17:11:38
2026-09-13 17:05:45,ENED215,0103,Paige Smith,6,0,0,2026-09-13 17:11:38
2026-09-13 17:05:45,ENED290H,0101,Christopher Troilo,46,1,0,2026-09-13 17:11:38
2026-09-13 17:05:45,ENED390H,0101,Tony Barber,50,13,0,2026-09-13 17:11:38
2026-09-13 17:05:45,ENED394H,0101,Manmohan Aseri,65,14,0,2026-09-13 17:11:38
2026-09-13 17:05:45,ENED397,0101,Emily Marks,9,0,0,2026-09-13 17:11:38
2026-09-13 17:05:45,ENED490H,0101,Maria Bardossy,45,1,0,2026-09-13 17:11:39
2026-09-13 17:05:45,ENED491,0101,Jessica Roffe,10,1,0,2026-09-13 17:11:39
2026-09-13 17:05:45,ENMT301,ESG1,Colleen Murray,15,8,0,2026-09-13 17:12:25
2026-09-13 17:05:45,ENMT322,ESG1,Norman Wereley,15,9,0,2026-09-13 17:12:26
2026-09-13 17:05:45,ENMT361,ESG1,Young Choi,15,8,0,2026-09-13 17:12:26
2026-09-13 17:05:45,ENMT380,ESG1,Gurtajbir Herr,15,8,0,2026-09-13 17:12:26
2026-09-13 17:05:45,ENMT450,ESG1,Nicholas Limparis,7,5,0,2026-09-13 17:12:26
2026-09-13 17:05:45,ENMT471,ESG1,Colleen Murray,7,5,0,2026-09-13 17:12:26
2026-09-13 17:05:45,ENMT473,ESG1,Gurtajbir Herr,7,4,0,2026-09-13 17:12:27
2026-09-13 17:05:45,ENMT483,ESG1,Nicholas Limparis,7,5,0,2026-09-13 17:12:27
2026-09-13 17:05:45,ENMT499,ESG4,Nicholas Limparis,2,1,0,2026-09-13 17:12:27
2026-09-13 17:05:45,ENSE621,0101,Tony Barber,22,16,0,2026-09-13 17:12:33
2026-09-13 17:05:45,ENSE621,SY01,Tony Barber,15,0,0,2026-09-13 17:12:33
2026-09-13 17:05:45,ENSE623,0101,Steven Biemer,17,14,0,2026-09-13 17:12:33
2026-09-13 17:05:45,ENSE623,SY01,Steven Biemer,15,11,0,2026-09-13 17:12:33
2026-09-13 17:05:45,ENSE626,0101,Dane Cooper,20,16,0,2026-09-13 17:12:33
2026-09-13 17:05:45,ENSE626,SY01,Dane Cooper,15,9,0,2026-09-13 17:12:33
2026-09-13 17:05:45,ENSP101,0101,Annette Spivy,25,0,0,2026-09-13 17:12:35
2026-09-13 17:05:45,ENSP101,0102,Annette Spivy,24,0,0,2026-09-13 17:12:35
2026-09-13 17:05:45,ENSP101,0103,Annette Spivy,24,2,0,2026-09-13 17:12:35
2026-09-13 17:05:45,ENSP101,0104,Annette Spivy,24,1,0,2026-09-13 17:12:35
2026-09-13 17:05:45,ENSP101,0105,Annette Spivy,25,1,0,2026-09-13 17:12:35
2026-09-13 17:05:45,ENSP101,0106,Annette Spivy,24,0,0,2026-09-13 17:12:35
2026-09-13 17:05:45,ENSP101,0107,Annette Spivy,24,0,0,2026-09-13 17:12:35
2026-09-13 17:05:45,ENSP101,FC01,Annette Spivy,32,1,0,2026-09-13 17:12:35
2026-09-13 17:05:45,ENSP305,0101,Annette Spivy,23,0,1,2026-09-13 17:12:36
2026-09-13 17:05:45,ENSP330,0101,Joanna Goger,35,0,0,2026-09-13 17:12:36
2026-09-13 17:05:45,ENSP340,0101,Caroline Boules,25,0,0,2026-09-13 17:12:36
2026-09-13 17:05:45,ENSP360,0101,Leena Malayil,25,0,5,2026-09-13 17:12:36
2026-09-13 17:05:45,ENSP399R,0601,Annette Spivy,10,10,0,2026-09-13 17:12:37
2026-09-13 17:05:45,ENSP399R,1001,Jennifer Mullinax,10,10,0,2026-09-13 17:12:37
2026-09-13 17:05:45,ENSP400,0101,Joanna Goger,35,13,0,2026-09-13 17:12:37
2026-09-13 17:05:45,ENSP400,0102,Joanna Goger,35,11,0,2026-09-13 17:12:37
2026-09-13 17:05:45,ENVH121,FC01,Brienna Anderson,20,12,0,2026-09-13 17:12:49
2026-09-13 17:05:45,ENVH381,0101,Donald Milton,30,10,0,2026-09-13 17:12:49
2026-09-13 17:05:45,FGSM310,0101,Peter Owen,24,1,0,2026-09-13 17:12:53
2026-09-13 17:05:45,FGSM315,0101,Emily Shetty,22,0,0,2026-09-13 17:12:53
2026-09-13 17:05:45,FGSM320,0101,Woodie Kessel,24,2,0,2026-09-13 17:12:53
2026-09-13 17:05:45,FGSM325,0101,Rob Long,20,1,0,2026-09-13 17:12:53
2026-09-13 17:05:45,FGSM330,0101,Andrew Fausett,22,2,0,2026-09-13 17:12:54
2026-09-13 17:05:45,FGSM340,0101,Ed Fendley,22,1,0,2026-09-13 17:12:54
2026-09-13 17:05:45,FGSM350,0101,Sean Misko,22,1,0,2026-09-13 17:12:55
2026-09-13 17:05:45,FGSM355,0101,Amanda Schoch,20,0,0,2026-09-13 17:12:55
2026-09-13 17:05:45,FGSM360,0101,Nadia Farra,21,0,0,2026-09-13 17:12:55
2026-09-13 17:05:45,FGSM365,0101,Andrew Nissen,20,2,0,2026-09-13 17:12:55
2026-09-13 17:05:45,FGSM370,0101,Joshua Glasser,20,0,0,2026-09-13 17:12:55
2026-09-13 17:05:45,FGSM390,0101,Sasha Koo-Oshima,20,3,0,2026-09-13 17:12:56
2026-09-13 17:05:45,FGSM398,0101,Jayakumar Arasan,25,21,0,2026-09-13 17:12:56
2026-09-13 17:05:45,FGSM398,0201,Jayakumar Arasan,5,2,0,2026-09-13 17:12:56
2026-09-13 17:05:45,FIRE120,0101,Jessica O'Hara,36,0,0,2026-09-13 17:12:57
2026-09-13 17:05:45,FIRE120,0102,Shannon Hilton,36,7,0,2026-09-13 17:12:57
2026-09-13 17:05:45,FIRE120,0103,Jaclyn Bruner,36,2,0,2026-09-13 17:12:57
2026-09-13 17:05:45,FIRE120,0104,Danielle Niu,36,0,0,2026-09-13 17:12:57
2026-09-13 17:05:45,FIRE120,0105,Cherisse Hall,36,0,0,2026-09-13 17:12:57
2026-09-13 17:05:45,FIRE120,0106,Sara Strey,36,0,0,2026-09-13 17:12:57
2026-09-13 17:05:45,FIRE120,0107,Helene Nguemgaing,36,1,0,2026-09-13 17:12:57
2026-09-13 17:05:45,FIRE120,0108,Mary Chey,36,0,0,2026-09-13 17:12:57
2026-09-13 17:05:45,FIRE120,0109,Shannon Hilton,36,0,0,2026-09-13 17:12:57
2026-09-13 17:05:45,FIRE120,0110,Lena Johnson,36,0,0,2026-09-13 17:12:57
2026-09-13 17:05:45,FIRE120,0111,Benjamin Huffman,36,0,0,2026-09-13 17:12:57
2026-09-13 17:05:45,FIRE120,0112,Mary Chey,36,1,0,2026-09-13 17:12:57
2026-09-13 17:05:45,FIRE120,0113,Elizabeth Massey,36,8,0,2026-09-13 17:12:57
2026-09-13 17:05:45,FIRE120,0114,Benjamin Huffman,36,0,0,2026-09-13 17:12:57
2026-09-13 17:05:45,FIRE120,FC01,Danielle Niu,40,0,7,2026-09-13 17:12:57
2026-09-13 17:05:45,FIRE298,0101,Catherine Spirito,28,3,0,2026-09-13 17:12:58
2026-09-13 17:05:45,FIRE298,0103,Cherisse Hall,36,7,0,2026-09-13 17:12:58
2026-09-13 17:05:45,FIRE298,0104,Jessica O'Hara,36,4,0,2026-09-13 17:12:58
2026-09-13 17:05:45,FIRE298,0105,Kaylee Bloom,36,7,0,2026-09-13 17:12:58
2026-09-13 17:05:45,FIRE298,0106,Danielle Niu,36,16,0,2026-09-13 17:12:58
2026-09-13 17:05:45,FIRE298,0107,Benjamin Huffman,40,1,0,2026-09-13 17:12:58
2026-09-13 17:05:45,FIRE298,0108,Elizabeth Massey,40,14,0,2026-09-13 17:12:58
2026-09-13 17:05:45,FIRE298,0109,Shannon Hilton,40,6,0,2026-09-13 17:12:58
2026-09-13 17:05:45,FIRE298,0110,Jaclyn Bruner,40,19,0,2026-09-13 17:12:58
2026-09-13 17:05:45,FIRE298,0111,Mary Chey,36,4,0,2026-09-13 17:12:58
2026-09-13 17:05:45,FIRE298,0112,Helene Nguemgaing,40,16,0,2026-09-13 17:12:58
2026-09-13 17:05:45,FIRE298,0113,Kristina Kramarczuk,40,11,0,2026-09-13 17:12:58
2026-09-13 17:05:45,FIRE298,0114,Shabnam Jabeen,40,22,0,2026-09-13 17:12:58
2026-09-13 17:05:45,FIRE298,0115,Sara Strey,40,14,0,2026-09-13 17:12:58
2026-09-13 17:05:45,FIRE298,0116,Lena Johnson,40,6,0,2026-09-13 17:12:58
2026-09-13 17:05:45,FIRE398,0101,Catherine Spirito,15,2,0,2026-09-13 17:12:58
2026-09-13 17:05:45,FIRE398,0103,Cherisse Hall,15,5,0,2026-09-13 17:12:58
2026-09-13 17:05:45,FIRE398,0104,Jessica O'Hara,15,1,0,2026-09-13 17:12:58
2026-09-13 17:05:45,FIRE398,0105,Kaylee Bloom,15,2,0,2026-09-13 17:12:58
2026-09-13 17:05:45,FIRE398,0106,Danielle Niu,15,10,0,2026-09-13 17:12:58
2026-09-13 17:05:45,FIRE398,0107,Benjamin Huffman,15,3,0,2026-09-13 17:12:58
2026-09-13 17:05:45,FIRE398,0108,Elizabeth Massey,15,6,0,2026-09-13 17:12:58
2026-09-13 17:05:45,FIRE398,0109,Shannon Hilton,15,6,0,2026-09-13 17:12:58
2026-09-13 17:05:45,FIRE398,0110,Jaclyn Bruner,15,9,0,2026-09-13 17:12:58
2026-09-13 17:05:45,FIRE398,0111,Mary Chey,15,3,0,2026-09-13 17:12:58
2026-09-13 17:05:45,FIRE398,0112,Helene Nguemgaing,15,15,0,2026-09-13 17:12:58
2026-09-13 17:05:45,FIRE398,0113,Kristina Kramarczuk,15,8,0,2026-09-13 17:12:58
2026-09-13 17:05:45,FIRE398,0114,Shabnam Jabeen,15,15,0,2026-09-13 17:12:58
2026-09-13 17:05:45,FIRE398,0115,Sara Strey,15,14,0,2026-09-13 17:12:58
2026-09-13 17:05:45,FIRE398,0116,Lena Johnson,15,11,0,2026-09-13 17:12:58
2026-09-13 17:05:45,GBHL200,0101,Hassanatu Blake,30,0,0,2026-09-13 17:13:11
2026-09-13 17:05:45,GBHL200,FC01,Zandra Andre,25,3,0,2026-09-13 17:13:11
2026-09-13 17:05:45,GBHL210,0101,Leena Malayil,25,8,0,2026-09-13 17:13:11
2026-09-13 17:05:45,GEMS101,0101,Allison Lansverk,10,1,0,2026-09-13 17:13:14
2026-09-13 17:05:45,GEMS101,0103,Allison Lansverk,10,0,0,2026-09-13 17:13:14
2026-09-13 17:05:45,GEMS101,0104,Allison Lansverk,10,0,0,2026-09-13 17:13:14
2026-09-13 17:05:45,GEMS101,0105,Allison Lansverk,10,0,0,2026-09-13 17:13:14
2026-09-13 17:05:45,GEMS101,0106,Allison Lansverk,10,0,0,2026-09-13 17:13:14
2026-09-13 17:05:45,GEMS101,0107,Allison Lansverk,10,0,0,2026-09-13 17:13:14
2026-09-13 17:05:45,GEMS101,0109,Allison Lansverk,10,0,0,2026-09-13 17:13:14
2026-09-13 17:05:45,GEMS101,0111,Allison Lansverk,10,0,0,2026-09-13 17:13:14
2026-09-13 17:05:45,GEMS101,0113,Allison Lansverk,10,0,0,2026-09-13 17:13:14
2026-09-13 17:05:45,GEMS101,0114,Allison Lansverk,10,0,0,2026-09-13 17:13:14
2026-09-13 17:05:45,GEMS202,0101,David Lovell,168,43,0,2026-09-13 17:13:14
2026-09-13 17:05:45,GEMS208A,0101,Allison Lansverk,14,14,0,2026-09-13 17:13:14
2026-09-13 17:05:45,GEMS208B,0101,Allison Lansverk,14,14,0,2026-09-13 17:13:14
2026-09-13 17:05:45,GEMS208C,0101,Allison Lansverk,23,10,0,2026-09-13 17:13:14
2026-09-13 17:05:45,GEMS208D,0101,Allison Lansverk,10,9,0,2026-09-13 17:13:15
2026-09-13 17:05:45,GEMS208P,0101,Allison Lansverk,20,5,0,2026-09-13 17:13:15
2026-09-13 17:05:45,GEMS296,0101,Sehrish Shikarpurya,14,6,0,2026-09-13 17:13:15
2026-09-13 17:05:45,GEMS296,0102,David Lovell,14,1,0,2026-09-13 17:13:15
2026-09-13 17:05:45,GEMS296,0103,Myles Poulin,14,1,0,2026-09-13 17:13:15
2026-09-13 17:05:45,GEMS296,0104,Raymond Adomaitis,14,3,0,2026-09-13 17:13:15
2026-09-13 17:05:45,GEMS296,0105,Rodolphe Gentili,14,4,0,2026-09-13 17:13:15
2026-09-13 17:05:45,GEMS296,0106,Jared Grauer,14,6,0,2026-09-13 17:13:15
2026-09-13 17:05:45,GEMS296,0107,Fengfeng Ke,14,4,0,2026-09-13 17:13:15
2026-09-13 17:05:45,GEMS296,0108,Eric Silk,14,4,0,2026-09-13 17:13:15
2026-09-13 17:05:45,GEMS296,0109,Huang Chiao Huang,14,1,0,2026-09-13 17:13:15
2026-09-13 17:05:45,GEMS296,0110,Mengqiang Zhu,14,6,0,2026-09-13 17:13:15
2026-09-13 17:05:45,GEMS296,0111,Maria Molina,14,6,0,2026-09-13 17:13:15
2026-09-13 17:05:45,GEMS296,0112,Erin Tran,14,1,0,2026-09-13 17:13:15
2026-09-13 17:05:45,GEMS296,0113,Instructor: TBA,5,5,0,2026-09-13 17:13:15
2026-09-13 17:05:45,GEMS296,0114,Instructor: TBA,14,14,0,2026-09-13 17:13:15
2026-09-13 17:05:45,GEMS296,0115,David Lovell,5,5,0,2026-09-13 17:13:15
2026-09-13 17:05:45,GEMS297,0113,Instructor: TBA,5,5,0,2026-09-13 17:13:15
2026-09-13 17:05:45,GEMS396,0101,Michael Humber,14,7,0,2026-09-13 17:13:16
2026-09-13 17:05:45,GEMS396,0102,Seth Dickey,14,2,0,2026-09-13 17:13:16
2026-09-13 17:05:45,GEMS396,0103,Cecilia Huertas Cerdeira,14,7,0,2026-09-13 17:13:16
2026-09-13 17:05:45,GEMS396,0104,Rodolphe Gentili,14,2,0,2026-09-13 17:13:16
2026-09-13 17:05:45,GEMS396,0105,Allison Reilly,14,5,0,2026-09-13 17:13:16
2026-09-13 17:05:45,GEMS396,0106,Peter Sunderland,14,5,0,2026-09-13 17:13:16
2026-09-13 17:05:45,GEMS396,0107,Brett Lacey,14,8,0,2026-09-13 17:13:16
2026-09-13 17:05:45,GEMS396,0108,Natalia Buzulukova,14,4,0,2026-09-13 17:13:16
2026-09-13 17:05:45,GEMS396,0109,Anil Deane,14,4,0,2026-09-13 17:13:16
2026-09-13 17:05:45,GEMS396,0110,Colenso Speer,14,3,0,2026-09-13 17:13:16
2026-09-13 17:05:45,GEMS396,0111,Instructor: TBA,14,14,0,2026-09-13 17:13:16
2026-09-13 17:05:45,GEMS396,0112,Instructor: TBA,14,14,0,2026-09-13 17:13:16
2026-09-13 17:05:45,GEMS396,0113,David Lovell,5,5,0,2026-09-13 17:13:16
2026-09-13 17:05:45,GEMS396,0114,David Lovell,5,5,0,2026-09-13 17:13:16
2026-09-13 17:05:45,GEMS397,0113,David Lovell,5,4,0,2026-09-13 17:13:16
2026-09-13 17:05:45,GEMS496,0101,Eric Haag,14,8,0,2026-09-13 17:13:16
2026-09-13 17:05:45,GEMS496,0102,Mohammad Nayeem Teli,14,10,0,2026-09-13 17:13:16
2026-09-13 17:05:45,GEMS496,0103,Norberto Gonzalez- Juarbe,14,4,0,2026-09-13 17:13:16
2026-09-13 17:05:45,GEMS496,0104,Abhinav Shrivastava,14,6,0,2026-09-13 17:13:16
2026-09-13 17:05:45,GEMS496,0105,Hector Alcala,14,4,0,2026-09-13 17:13:16
2026-09-13 17:05:45,GEMS496,0106,Massimo Ricotti,14,4,0,2026-09-13 17:13:16
2026-09-13 17:05:45,GEMS496,0107,Reza Ghodssi,14,7,0,2026-09-13 17:13:16
2026-09-13 17:05:45,GEMS496,0108,Nikhil Chopra,14,8,0,2026-09-13 17:13:16
2026-09-13 17:05:45,GEMS496,0109,Kimberly Stroka,14,4,0,2026-09-13 17:13:16
2026-09-13 17:05:45,GEMS496,0110,Gorjan Alagic,14,13,0,2026-09-13 17:13:16
2026-09-13 17:05:45,GEMS496,0111,Alisa Clyne,14,6,0,2026-09-13 17:13:16
2026-09-13 17:05:45,GEMS496,0112,Xin Zan,14,10,0,2026-09-13 17:13:16
2026-09-13 17:05:45,GEMS496,0113,Erin Tran,14,14,0,2026-09-13 17:13:16
2026-09-13 17:05:45,GEMS496,0114,David Lovell,5,5,0,2026-09-13 17:13:16
2026-09-13 17:05:45,GEMS497,0107,Instructor: TBA,14,14,0,2026-09-13 17:13:16
2026-09-13 17:05:45,GEMS497,0110,Instructor: TBA,5,5,0,2026-09-13 17:13:16
2026-09-13 17:05:45,GEMS497,0113,David Lovell,5,5,0,2026-09-13 17:13:16
2026-09-13 17:05:45,GFPL100,0101,Joshua Itzkowitz Shifrinson,20,1,0,2026-09-13 17:13:33
2026-09-13 17:05:45,GFPL100,0102,Joshua Itzkowitz Shifrinson,20,1,0,2026-09-13 17:13:33
2026-09-13 17:05:45,GFPL100,0103,Joshua Itzkowitz Shifrinson,20,1,0,2026-09-13 17:13:33
2026-09-13 17:05:45,GFPL100,0104,Joshua Itzkowitz Shifrinson,20,0,0,2026-09-13 17:13:33
2026-09-13 17:05:45,GFPL100,0105,Joshua Itzkowitz Shifrinson,20,2,0,2026-09-13 17:13:33
2026-09-13 17:05:45,GFPL100,0106,Joshua Itzkowitz Shifrinson,25,2,0,2026-09-13 17:13:33
2026-09-13 17:05:45,GFPL100,FC01,Devin Entrikin,30,0,0,2026-09-13 17:13:33
2026-09-13 17:05:45,GFPL102,0101,Caroline Ritter,95,32,0,2026-09-13 17:13:33
2026-09-13 17:05:45,GFPL371,0101,Joshua Itzkowitz Shifrinson,35,0,0,2026-09-13 17:13:34
2026-09-13 17:05:45,GFPL388A,0101,Shannon Carcelli,5,5,0,2026-09-13 17:13:34
2026-09-13 17:05:45,GFPL388B,0101,Hyunki Kim,5,5,0,2026-09-13 17:13:34
2026-09-13 17:05:45,GFPL388C,0101,Scott Kastner,5,0,0,2026-09-13 17:13:34
2026-09-13 17:05:45,GFPL390,0101,Lena Andrews,20,0,0,2026-09-13 17:13:34
2026-09-13 17:05:45,GFPL490,0101,Michael Woldemariam,15,2,0,2026-09-13 17:13:35
2026-09-13 17:05:45,GFPL492,0101,Steve Fetter,20,1,0,2026-09-13 17:13:35
2026-09-13 17:05:45,GLBC200,0101,Chris Lewis,30,4,0,2026-09-13 17:13:36
2026-09-13 17:05:45,GLBC350,0101,Michele Mason,30,27,0,2026-09-13 17:13:36
2026-09-13 17:05:45,HACS100,0101,Cassie Harrington,40,1,0,2026-09-13 17:13:47
2026-09-13 17:05:45,HACS100,0201,Cassie Harrington,40,15,0,2026-09-13 17:13:47
2026-09-13 17:05:45,HACS200,0101,Michel Cukier,34,10,0,2026-09-13 17:13:48
2026-09-13 17:05:45,HACS200,0201,Michel Cukier,34,1,0,2026-09-13 17:13:48
2026-09-13 17:05:45,HACS202,0101,Bertrand Sobesto,52,19,0,2026-09-13 17:13:48
2026-09-13 17:05:45,HACS208A,0101,Lawrence Gordon,20,0,2,2026-09-13 17:13:49
2026-09-13 17:05:45,HACS208C,0101,Lamia Zia,26,9,0,2026-09-13 17:13:49
2026-09-13 17:05:45,HACS208P,0101,Charles Harry,26,0,0,2026-09-13 17:13:49
2026-09-13 17:05:45,HACS297,0101,Sarah Herberger,25,5,0,2026-09-13 17:13:50
2026-09-13 17:05:45,HACS408E,0101,Luke Mains,30,10,0,2026-09-13 17:13:50
2026-09-13 17:05:45,HACS408L,0101,Ian Serbin,30,2,0,2026-09-13 17:13:50
2026-09-13 17:05:45,HACS408M,0101,John McGahagan,30,0,0,2026-09-13 17:13:50
2026-09-13 17:05:45,HACS498,0101,Thomas Woods,7,1,0,2026-09-13 17:13:51
2026-09-13 17:05:45,HACS498,0201,David Trott,9,0,0,2026-09-13 17:13:51
2026-09-13 17:05:45,HACS498,0301,Michel Cukier,8,0,0,2026-09-13 17:13:51
2026-09-13 17:05:45,HBUS100,0101,Jui Ramaprasad,72,4,0,2026-09-13 17:13:52
2026-09-13 17:05:45,HBUS200,0101,Nicole Coomber,60,1,0,2026-09-13 17:13:52
2026-09-13 17:05:45,HDCC105,0101,Antwon Key,70,7,0,2026-09-13 17:13:54
2026-09-13 17:05:45,HDCC201,0101,Jessica Lu,22,0,0,2026-09-13 17:13:54
2026-09-13 17:05:45,HDCC201,0201,Jessica Lu,22,0,0,2026-09-13 17:13:54
2026-09-13 17:05:45,HDCC201,0301,Jessica Lu,22,3,0,2026-09-13 17:13:54
2026-09-13 17:05:45,HDCC208A,0101,William Evans,14,0,0,2026-09-13 17:13:54
2026-09-13 17:05:45,HDCC208J,0101,Grant Bollmer,14,0,0,2026-09-13 17:13:54
2026-09-13 17:05:45,HDCC208P,0101,Cliff Bakalian,14,1,0,2026-09-13 17:13:55
2026-09-13 17:05:45,HDCC208T,0101,Jonathan Reyes,14,0,0,2026-09-13 17:13:55
2026-09-13 17:05:45,HDCC208Z,0101,M Sauter,14,7,0,2026-09-13 17:13:55
2026-09-13 17:05:45,HEBR106,0101,Avital Karpman,15,1,0,2026-09-13 17:13:57
2026-09-13 17:05:45,HEBR106,0201,Avital Karpman,15,5,0,2026-09-13 17:13:57
2026-09-13 17:05:45,HEBR206,0101,Avital Karpman,15,4,0,2026-09-13 17:13:57
2026-09-13 17:05:45,HEBR249C,0101,Aliza Sandalon,15,0,1,2026-09-13 17:13:57
2026-09-13 17:05:45,HEBR298B,0101,Matthew Suriano,25,0,0,2026-09-13 17:13:57
2026-09-13 17:05:45,HEBR313,0101,Aliza Sandalon,20,0,2,2026-09-13 17:13:57
2026-09-13 17:05:45,HGLO100,0101,Alfredo Oliveira,22,7,0,2026-09-13 17:14:09
2026-09-13 17:05:45,HGLO100,0102,Natalie Vinski Ibrahim,22,9,0,2026-09-13 17:14:09
2026-09-13 17:05:45,HGLO100,0103,Natalie Vinski Ibrahim,22,1,0,2026-09-13 17:14:09
2026-09-13 17:05:45,HGLO100,0104,Alfredo Oliveira,22,11,0,2026-09-13 17:14:09
2026-09-13 17:05:45,HGLO101,0101,Sarah Croco,23,3,0,2026-09-13 17:14:09
2026-09-13 17:05:45,HGLO101,0102,Sarah Croco,22,9,0,2026-09-13 17:14:09
2026-09-13 17:05:45,HGLO101,0103,Sarah Croco,22,5,0,2026-09-13 17:14:09
2026-09-13 17:05:45,HGLO101,0104,Sarah Croco,22,13,0,2026-09-13 17:14:09
2026-09-13 17:05:45,HGLO207,0101,Natalie Vinski Ibrahim,25,12,0,2026-09-13 17:14:10
2026-09-13 17:05:45,HGLO208,0101,Sarah Croco,45,25,0,2026-09-13 17:14:10
2026-09-13 17:05:45,HGLO298,0101,Jordan Gouws-Dewar,30,25,0,2026-09-13 17:14:10
2026-09-13 17:05:45,HLSC100,0101,Jalah Townsend,24,3,0,2026-09-13 17:14:36
2026-09-13 17:05:45,HLSC100,0102,Jalah Townsend,24,2,0,2026-09-13 17:14:36
2026-09-13 17:05:45,HLSC100,0103,Jalah Townsend,24,4,0,2026-09-13 17:14:36
2026-09-13 17:05:45,HLSC100,0104,Jalah Townsend,24,7,0,2026-09-13 17:14:36
2026-09-13 17:05:45,HLSC280,0101,Najib El-Sayed,25,3,0,2026-09-13 17:14:36
2026-09-13 17:05:45,HLSC280,0102,Najib El-Sayed,25,4,0,2026-09-13 17:14:36
2026-09-13 17:05:45,HLSC280,0103,Najib El-Sayed,25,4,0,2026-09-13 17:14:36
2026-09-13 17:05:45,HLSC280,0104,Najib El-Sayed,25,9,0,2026-09-13 17:14:36
2026-09-13 17:05:45,HLSC329,0101,Sabrina Kramer,12,4,0,2026-09-13 17:14:36
2026-09-13 17:05:45,HNUH100,0101,Robert Graham,20,3,0,2026-09-13 17:14:49
2026-09-13 17:05:45,HNUH100,0102,Robert Graham,20,0,0,2026-09-13 17:14:49
2026-09-13 17:05:45,HNUH100,0103,Brittany Proudfoot Ginder,20,1,0,2026-09-13 17:14:49
2026-09-13 17:05:45,HNUH100,0104,Max Barnewitz,20,1,0,2026-09-13 17:14:49
2026-09-13 17:05:45,HNUH100,0105,Vasfiye Toprak,20,0,0,2026-09-13 17:14:49
2026-09-13 17:05:45,HNUH100,0106,Vasfiye Toprak,20,2,0,2026-09-13 17:14:49
2026-09-13 17:05:45,HNUH100,0201,Max Barnewitz,20,1,0,2026-09-13 17:14:49
2026-09-13 17:05:45,HNUH100,0202,Max Barnewitz,20,0,0,2026-09-13 17:14:49
2026-09-13 17:05:45,HNUH100,0203,Vasfiye Toprak,20,2,0,2026-09-13 17:14:49
2026-09-13 17:05:45,HNUH100,0204,Vasfiye Toprak,20,0,0,2026-09-13 17:14:49
2026-09-13 17:05:45,HNUH100,0205,Ayondela McDole,20,4,0,2026-09-13 17:14:49
2026-09-13 17:05:45,HNUH100,0206,Ayondela McDole,20,0,0,2026-09-13 17:14:49
2026-09-13 17:05:45,HNUH100,0301,Robert Graham,20,0,0,2026-09-13 17:14:49
2026-09-13 17:05:45,HNUH100,0302,Shauna Rigaud,20,8,0,2026-09-13 17:14:49
2026-09-13 17:05:45,HNUH100,0303,Shauna Rigaud,20,0,0,2026-09-13 17:14:49
2026-09-13 17:05:45,HNUH100,0304,Max Barnewitz,20,3,0,2026-09-13 17:14:49
2026-09-13 17:05:45,HNUH100,0305,Vasfiye Toprak,20,0,0,2026-09-13 17:14:49
2026-09-13 17:05:45,HNUH100,0306,Vasfiye Toprak,20,1,0,2026-09-13 17:14:49
2026-09-13 17:05:45,HNUH100,0401,Gretchen Bella,20,0,0,2026-09-13 17:14:49
2026-09-13 17:05:45,HNUH100,0402,Gretchen Bella,20,6,0,2026-09-13 17:14:49
2026-09-13 17:05:45,HNUH100,0403,Max Barnewitz,20,1,0,2026-09-13 17:14:49
2026-09-13 17:05:45,HNUH100,0404,Ayondela McDole,20,6,0,2026-09-13 17:14:49
2026-09-13 17:05:45,HNUH100,0405,Ayondela McDole,20,0,0,2026-09-13 17:14:49
2026-09-13 17:05:45,HNUH100,0406,Ayondela McDole,20,4,0,2026-09-13 17:14:49
2026-09-13 17:05:45,HNUH100,0501,Leigha McReynolds,10,4,0,2026-09-13 17:14:49
2026-09-13 17:05:45,HNUH100,0601,Brittany Proudfoot Ginder,20,0,0,2026-09-13 17:14:49
2026-09-13 17:05:45,HNUH218D,0101,Brian Gilmore,48,0,2,2026-09-13 17:14:50
2026-09-13 17:05:45,HNUH218L,0101,Shauna Rigaud,20,0,0,2026-09-13 17:14:50
2026-09-13 17:05:45,HNUH218L,0201,Shauna Rigaud,20,0,0,2026-09-13 17:14:50
2026-09-13 17:05:45,HNUH228D,0101,Matthew McLaughlin,60,2,0,2026-09-13 17:14:50
2026-09-13 17:05:45,HNUH228L,0101,Alena Wigodner,20,0,0,2026-09-13 17:14:50
2026-09-13 17:05:45,HNUH228L,0201,Alena Wigodner,20,0,0,2026-09-13 17:14:50
2026-09-13 17:05:45,HNUH228N,0101,Peter Grybauskas,20,0,0,2026-09-13 17:14:50
2026-09-13 17:05:45,HNUH229I,0101,Gretchen Bella,23,3,0,2026-09-13 17:14:51
2026-09-13 17:05:45,HNUH238D,0101,Susan Moeller,60,3,0,2026-09-13 17:14:51
2026-09-13 17:05:45,HNUH238L,0101,Kimberly Johnson,20,2,0,2026-09-13 17:14:51
2026-09-13 17:05:45,HNUH238L,0201,Kimberly Johnson,20,0,0,2026-09-13 17:14:51
2026-09-13 17:05:45,HNUH238N,0101,Hannah Wegmann,20,6,0,2026-09-13 17:14:51
2026-09-13 17:05:45,HNUH239T,0101,Gerald Suarez,20,0,0,2026-09-13 17:14:52
2026-09-13 17:05:45,HNUH248D,0101,Juan Uriagereka,45,3,0,2026-09-13 17:14:52
2026-09-13 17:05:45,HNUH248L,0201,Robert Graham,20,5,0,2026-09-13 17:14:52
2026-09-13 17:05:45,HNUH248M,0101,Hassanatu Blake,20,13,0,2026-09-13 17:14:52
2026-09-13 17:05:45,HNUH248N,0101,Siv Lie,20,0,1,2026-09-13 17:14:52
2026-09-13 17:05:45,HNUH249P,0101,Temim Nusraty,20,2,0,2026-09-13 17:14:53
2026-09-13 17:05:45,HNUH258C,0101,Bill Fagan,55,26,0,2026-09-13 17:14:53
2026-09-13 17:05:45,HNUH258Q,0101,Tiara Thomas,20,1,0,2026-09-13 17:14:53
2026-09-13 17:05:45,HNUH259P,0101,Hooman Koliji,20,2,0,2026-09-13 17:14:53
2026-09-13 17:05:45,HNUH268C,0101,Perla Guerrero,60,35,0,2026-09-13 17:14:54
2026-09-13 17:05:45,HNUH269P,0101,Marisa Franco,20,0,1,2026-09-13 17:14:54
2026-09-13 17:05:45,HNUH278C,0101,Chinyere Osuji,60,37,0,2026-09-13 17:14:54
2026-09-13 17:05:45,HNUH278I,0101,Marisa Franco,20,5,0,2026-09-13 17:14:54
2026-09-13 17:05:45,HNUH278I,0102,Marisa Franco,20,1,0,2026-09-13 17:14:54
2026-09-13 17:05:45,HNUH278R,0101,Max Barnewitz,20,4,0,2026-09-13 17:14:55
2026-09-13 17:05:45,HNUH288C,0101,Julia Steinberg,30,3,0,2026-09-13 17:14:55
2026-09-13 17:05:45,HNUH288C,0103,Julia Steinberg,30,9,0,2026-09-13 17:14:55
2026-09-13 17:05:45,HNUH288O,0101,Ariana Nash,20,1,0,2026-09-13 17:14:55
2026-09-13 17:05:45,HNUH300,0301,Vasfiye Toprak,20,0,0,2026-09-13 17:14:55
2026-09-13 17:05:45,HNUH300,0401,Robert Graham,20,0,0,2026-09-13 17:14:55
2026-09-13 17:05:45,HNUH300,0601,Alena Wigodner,20,0,0,2026-09-13 17:14:55
2026-09-13 17:05:45,HNUH300,0701,Ingrid Satelmajer,20,14,0,2026-09-13 17:14:55
2026-09-13 17:05:45,HNUH300,0801,Shauna Rigaud,20,0,0,2026-09-13 17:14:55
2026-09-13 17:05:45,HNUH300,0901,Kimberly Johnson,20,4,0,2026-09-13 17:14:55
2026-09-13 17:05:45,HNUH300,1001,Ingrid Satelmajer,20,13,0,2026-09-13 17:14:55
2026-09-13 17:05:45,HNUH318T,0101,Peter Owen,24,1,0,2026-09-13 17:14:55
2026-09-13 17:05:45,HNUH319T,0101,Emily Shetty,22,0,0,2026-09-13 17:14:56
2026-09-13 17:05:45,HNUH328T,0101,Woodie Kessel,24,2,0,2026-09-13 17:14:56
2026-09-13 17:05:45,HNUH329T,0101,Rob Long,20,1,0,2026-09-13 17:14:56
2026-09-13 17:05:45,HNUH338T,0101,Andrew Fausett,22,2,0,2026-09-13 17:14:56
2026-09-13 17:05:45,HNUH348T,0101,Ed Fendley,22,1,0,2026-09-13 17:14:57
2026-09-13 17:05:45,HNUH358T,0101,Sean Misko,22,1,0,2026-09-13 17:14:57
2026-09-13 17:05:45,HNUH359T,0101,Amanda Schoch,20,0,0,2026-09-13 17:14:57
2026-09-13 17:05:45,HNUH368T,0101,Nadia Farra,21,0,0,2026-09-13 17:14:57
2026-09-13 17:05:45,HNUH369T,0101,Andrew Nissen,20,2,0,2026-09-13 17:14:57
2026-09-13 17:05:45,HNUH378T,0101,Joshua Glasser,20,0,0,2026-09-13 17:14:58
2026-09-13 17:05:45,HNUH398P,0101,Jayakumar Arasan,25,21,0,2026-09-13 17:14:58
2026-09-13 17:05:45,HNUH398P,0201,Jayakumar Arasan,5,2,0,2026-09-13 17:14:58
2026-09-13 17:05:45,HNUH398T,0101,Sasha Koo-Oshima,20,3,0,2026-09-13 17:14:58
2026-09-13 17:05:45,HONR368A,0101,Blake Wilder,22,0,0,2026-09-13 17:14:59
2026-09-13 17:05:45,IMDM101,0101,Mollye Bendell,30,16,0,2026-09-13 17:15:04
2026-09-13 17:05:45,IMDM101,0201,Myungin Lee,30,17,0,2026-09-13 17:15:04
2026-09-13 17:05:45,IMDM101,0301,Myungin Lee,30,23,0,2026-09-13 17:15:04
2026-09-13 17:05:45,IMDM127,0101,Roger Eastman,36,20,0,2026-09-13 17:15:04
2026-09-13 17:05:45,IMDM150,0101,Stefano Passeri,30,15,0,2026-09-13 17:15:04
2026-09-13 17:05:45,IMDM227,0101,Stevens Miller,30,2,0,2026-09-13 17:15:04
2026-09-13 17:05:45,IMDM227,0201,Stevens Miller,30,17,0,2026-09-13 17:15:04
2026-09-13 17:05:45,IMDM327,0101,Myungin Lee,25,0,0,2026-09-13 17:15:05
2026-09-13 17:05:45,IMDM350,0101,Jason Farman,29,12,0,2026-09-13 17:15:05
2026-09-13 17:05:45,IMDM490,0101,Matthew Nolan,30,0,0,2026-09-13 17:15:05
2026-09-13 17:05:45,IMDM490,0201,Matthew Nolan,30,16,0,2026-09-13 17:15:05
2026-09-13 17:05:45,IMDM498K,0101,Matthew Nolan,15,1,0,2026-09-13 17:15:06
2026-09-13 17:05:45,IMMR319D,0101,Beka Guluma,20,13,0,2026-09-13 17:15:07
2026-09-13 17:05:45,IMMR394,0101,Wenxi Yang,30,2,0,2026-09-13 17:15:07
2026-09-13 17:05:45,IMMR399,0101,Instructor: TBA,2,2,0,2026-09-13 17:15:08
2026-09-13 17:05:45,IMMR400,0101,Gerson Rosales,20,3,0,2026-09-13 17:15:08
2026-09-13 17:05:45,ISRL249J,0101,Aner Tal,30,24,0,2026-09-13 17:15:18
2026-09-13 17:05:45,ISRL249M,0101,Aliza Sandalon,15,0,1,2026-09-13 17:15:18
2026-09-13 17:05:45,ISRL283,0101,Shay Hazkani,35,6,0,2026-09-13 17:15:18
2026-09-13 17:05:45,ISRL349G,0101,Marwa Maziad,30,1,0,2026-09-13 17:15:19
2026-09-13 17:05:45,ISRL349K,0101,Regev Ben-David,30,24,0,2026-09-13 17:15:19
2026-09-13 17:05:45,ISRL349T,0101,Elli Lieberman,35,22,0,2026-09-13 17:15:19
2026-09-13 17:05:45,ISRL349Y,0101,Adina Friedman,35,27,0,2026-09-13 17:15:19
2026-09-13 17:05:45,ISRL382,0101,Ilai Saltzman,35,1,0,2026-09-13 17:15:19
2026-09-13 17:05:45,ISRL448R,0101,Morad Elsana,25,10,0,2026-09-13 17:15:20
2026-09-13 17:05:45,ITAL103,0101,Antonella D'Amario,18,14,0,2026-09-13 17:15:21
2026-09-13 17:05:45,ITAL103,0201,Antonella D'Amario,18,6,0,2026-09-13 17:15:21
2026-09-13 17:05:45,ITAL103,0301,Joseph Falvo,18,6,0,2026-09-13 17:15:21
2026-09-13 17:05:45,ITAL203,0101,Antonella D'Amario,18,9,0,2026-09-13 17:15:21
2026-09-13 17:05:45,ITAL203,0201,Antonella D'Amario,18,13,0,2026-09-13 17:15:21
2026-09-13 17:05:45,ITAL204,0101,Federica Soddu,18,14,0,2026-09-13 17:15:22
2026-09-13 17:05:45,ITAL207,0101,Mirella Vaglio,18,17,0,2026-09-13 17:15:22
2026-09-13 17:05:45,ITAL301,0101,Federica Soddu,20,11,0,2026-09-13 17:15:22
2026-09-13 17:05:45,ITAL362,0101,Federica Soddu,20,12,0,2026-09-13 17:15:22
2026-09-13 17:05:45,ITAL401,0101,Mirella Vaglio,15,12,0,2026-09-13 17:15:23
2026-09-13 17:05:45,ITAL421,0101,Joseph Falvo,25,14,0,2026-09-13 17:15:23
2026-09-13 17:05:45,ITAL478R,0101,Joseph Falvo,5,3,0,2026-09-13 17:15:23
2026-09-13 17:05:45,JAPN101,0101,Kumiko Akikawa,15,4,0,2026-09-13 17:15:25
2026-09-13 17:05:45,JAPN101,0201,Kumiko Akikawa,15,6,0,2026-09-13 17:15:25
2026-09-13 17:05:45,JAPN101,0301,Kumiko Akikawa,15,5,0,2026-09-13 17:15:25
2026-09-13 17:05:45,JAPN201,0101,Makiko Inoue,15,5,0,2026-09-13 17:15:25
2026-09-13 17:05:45,JAPN201,0201,Makiko Inoue,15,8,0,2026-09-13 17:15:25
2026-09-13 17:05:45,JAPN301,0101,Mari Hamada,15,9,0,2026-09-13 17:15:25
2026-09-13 17:05:45,JAPN311,0101,Jyana Browne,15,11,0,2026-09-13 17:15:26
2026-09-13 17:05:45,JAPN315,0101,Michele Mason,20,6,0,2026-09-13 17:15:26
2026-09-13 17:05:45,JAPN320,0101,Lindsay Yotsukura,15,8,0,2026-09-13 17:15:26
2026-09-13 17:05:45,JAPN498B,0101,Jyana Browne,20,3,0,2026-09-13 17:15:26
2026-09-13 17:05:45,KORA101,0101,Saerom Kwak,15,0,1,2026-09-13 17:15:59
2026-09-13 17:05:45,KORA101,0201,Saerom Kwak,15,1,0,2026-09-13 17:15:59
2026-09-13 17:05:45,KORA101,0301,Saerom Kwak,15,5,0,2026-09-13 17:15:59
2026-09-13 17:05:45,KORA101,0401,Saerom Kwak,15,5,0,2026-09-13 17:15:59
2026-09-13 17:05:45,KORA201,0101,Seong Minne Koh,15,4,0,2026-09-13 17:16:00
2026-09-13 17:05:45,KORA201,0201,Seong Minne Koh,15,5,0,2026-09-13 17:16:00
2026-09-13 17:05:45,KORA201,0301,Seong Minne Koh,15,8,0,2026-09-13 17:16:00
2026-09-13 17:05:45,KORA398G,0101,Instructor: TBA,10,7,0,2026-09-13 17:16:00
2026-09-13 17:05:45,KORA398W,0101,Seong Minne Koh,10,3,0,2026-09-13 17:16:00
2026-09-13 17:05:45,LEAD217,0101,Festus Ainoo,25,0,0,2026-09-13 17:16:14
2026-09-13 17:05:45,LEAD217,0201,Adrian Bitton,25,0,0,2026-09-13 17:16:14
2026-09-13 17:05:45,LEAD217,FC01,Festus Ainoo,22,0,1,2026-09-13 17:16:14
2026-09-13 17:05:45,LEAD305,0101,Anastasia Lavrenyuk,20,4,0,2026-09-13 17:16:14
2026-09-13 17:05:45,LEAD315,0101,Anastasia Lavrenyuk,25,11,0,2026-09-13 17:16:14
2026-09-13 17:05:45,LEAD320,0101,Courtney Holder,10,8,0,2026-09-13 17:16:14
2026-09-13 17:05:45,LGBT200,0201,Basanth Babu,25,0,3,2026-09-13 17:16:16
2026-09-13 17:05:45,LGBT265,0101,Tyra Griffin,30,0,0,2026-09-13 17:16:16
2026-09-13 17:05:45,LGBT265,0201,Declan Langton,30,2,0,2026-09-13 17:16:16
2026-09-13 17:05:45,LGBT359J,0101,Chris Eng,25,14,0,2026-09-13 17:16:16
2026-09-13 17:05:45,MLAW100,0101,Christine White,83,15,0,2026-09-13 17:16:44
2026-09-13 17:05:45,MLAW304,0201,Christine White,65,16,0,2026-09-13 17:16:44
2026-09-13 17:05:45,MLAW305,0101,Brian Gilmore,40,2,0,2026-09-13 17:16:44
2026-09-13 17:05:45,MLAW315,0101,Grace Benton,13,3,0,2026-09-13 17:16:45
2026-09-13 17:05:45,MLAW358Q,0101,David Cunningham,0,0,0,2026-09-13 17:16:45
2026-09-13 17:05:45,MLAW358T,0101,Christine White,25,6,0,2026-09-13 17:16:45
2026-09-13 17:05:45,MLAW358X,0101,Martin Kobren,5,0,0,2026-09-13 17:16:45
2026-09-13 17:05:45,MLAW359,0101,Brandee Pettus,10,4,0,2026-09-13 17:16:46
2026-09-13 17:05:45,MLAW378E,0101,Brandee Pettus,5,5,0,2026-09-13 17:16:46
2026-09-13 17:05:45,MLAW378K,0101,Brian Gilmore,20,1,0,2026-09-13 17:16:46
2026-09-13 17:05:45,MLAW378Q,0101,Paul Huth,2,0,0,2026-09-13 17:16:46
2026-09-13 17:05:45,MLAW378R,0101,Nancy Schertzing,13,2,0,2026-09-13 17:16:46
2026-09-13 17:05:45,MLAW388,0101,Brandee Pettus,40,20,0,2026-09-13 17:16:47
2026-09-13 17:05:45,MLSC250,FC01,William Simpson,24,5,0,2026-09-13 17:16:48
2026-09-13 17:05:45,NEUR200,0101,Ana Navarro Cebrian,80,4,0,2026-09-13 17:17:05
2026-09-13 17:05:45,NEUR200,0201,Ana Navarro Cebrian,80,0,2,2026-09-13 17:17:05
2026-09-13 17:05:45,NEUR200,0301,Evan Hart,80,0,1,2026-09-13 17:17:05
2026-09-13 17:05:45,NEUR305,0101,Amanda Chicoli,100,10,0,2026-09-13 17:17:06
2026-09-13 17:05:45,NEUR306,0101,Chan Lin,200,7,0,2026-09-13 17:17:06
2026-09-13 17:05:45,NEUR398H,0101,Nikolas Francis,20,1,0,2026-09-13 17:17:07
2026-09-13 17:05:45,NEUR405,0101,Hilary Bierman,20,1,0,2026-09-13 17:17:07
2026-09-13 17:05:45,NEUR405,0102,Hilary Bierman,20,0,0,2026-09-13 17:17:07
2026-09-13 17:05:45,NEUR405,0103,Hilary Bierman,20,0,0,2026-09-13 17:17:07
2026-09-13 17:05:45,PEER312,0101,Aleia Gardner,15,8,0,2026-09-13 17:17:18
2026-09-13 17:05:45,PEER318,0101,Christina Jay,15,11,0,2026-09-13 17:17:18
2026-09-13 17:05:45,PEER319,0101,Grace Boudreau,15,7,0,2026-09-13 17:17:18
2026-09-13 17:05:45,PHPE308D,0101,Xinzhi Zhao,30,8,0,2026-09-13 17:17:30
2026-09-13 17:05:45,PHPE308F,0101,Regev Ben-David,30,24,0,2026-09-13 17:17:30
2026-09-13 17:05:45,PHPE308O,0101,Jackson Iszler,30,0,0,2026-09-13 17:17:30
2026-09-13 17:05:45,PHPE308T,0101,Hallie Liberto,30,17,0,2026-09-13 17:17:31
2026-09-13 17:05:45,PHPE308Y,0101,Rachel Singpurwalla,20,0,1,2026-09-13 17:17:31
2026-09-13 17:05:45,PHPE308Y,0102,Rachel Singpurwalla,20,0,2,2026-09-13 17:17:31
2026-09-13 17:05:45,PHPE308Y,0103,Rachel Singpurwalla,20,0,3,2026-09-13 17:17:31
2026-09-13 17:05:45,PHPE400,0101,Justin Helms,18,0,0,2026-09-13 17:17:31
2026-09-13 17:05:45,PHPE400,0102,Justin Helms,18,0,0,2026-09-13 17:17:31
2026-09-13 17:05:45,PHPE400,0103,Justin Helms,20,1,0,2026-09-13 17:17:31
2026-09-13 17:05:45,PHPE401,0101,Xinzhi Zhao,25,0,3,2026-09-13 17:17:32
2026-09-13 17:05:45,PHPE402,0101,Dan Moller,30,2,0,2026-09-13 17:17:32
2026-09-13 17:05:45,PHPE408J,0101,Lixing Miao,25,1,0,2026-09-13 17:17:32
2026-09-13 17:05:45,PHPE408R,0101,Xinzhi Zhao,25,9,0,2026-09-13 17:17:32
2026-09-13 17:05:45,PHSC388J,0101,Kendall Bustad,20,6,0,2026-09-13 17:17:34
2026-09-13 17:05:45,PHSC399,0101,Shannon Edward,30,8,0,2026-09-13 17:17:34
2026-09-13 17:05:45,PHSC415,0101,Jessica O'Hara,31,0,1,2026-09-13 17:17:34
2026-09-13 17:05:45,PHSC415,0102,Jessica O'Hara,31,0,1,2026-09-13 17:17:34
2026-09-13 17:05:45,PHSC415,0103,Jessica O'Hara,31,0,1,2026-09-13 17:17:34
2026-09-13 17:05:45,PHSC415,0104,Jessica O'Hara,31,2,0,2026-09-13 17:17:34
2026-09-13 17:05:45,PHSC415,0105,Jessica O'Hara,31,2,0,2026-09-13 17:17:34
2026-09-13 17:05:45,PHSC420,0101,Jennifer German,35,4,0,2026-09-13 17:17:34
2026-09-13 17:05:45,PHSC450,0101,Kendall Bustad,20,0,0,2026-09-13 17:17:35
2026-09-13 17:05:45,PHSC450,0102,Kendall Bustad,20,0,0,2026-09-13 17:17:35
2026-09-13 17:05:45,PHSC450,0103,Kendall Bustad,20,0,0,2026-09-13 17:17:35
2026-09-13 17:05:45,PHSC450,0104,Kendall Bustad,20,1,0,2026-09-13 17:17:35
2026-09-13 17:05:45,PHSC450,0105,Kendall Bustad,20,0,0,2026-09-13 17:17:35
2026-09-13 17:05:45,PHSC450,0106,Kendall Bustad,20,0,0,2026-09-13 17:17:35
2026-09-13 17:05:45,PHSC450,0107,Kendall Bustad,20,1,0,2026-09-13 17:17:35
2026-09-13 17:05:45,PHSC450,0108,Kendall Bustad,20,0,0,2026-09-13 17:17:35
2026-09-13 17:05:45,PHSC497,0101,Kendall Bustad,20,2,0,2026-09-13 17:17:35
2026-09-13 17:05:45,PHSC497,0301,Shannon Edward,20,3,0,2026-09-13 17:17:35
2026-09-13 17:05:45,PHSC497,0601,Jennifer German,20,3,0,2026-09-13 17:17:35
2026-09-13 17:05:45,PLCY100,0101,Toby Egan,25,0,1,2026-09-13 17:17:51
2026-09-13 17:05:45,PLCY100,0102,Toby Egan,25,0,0,2026-09-13 17:17:51
2026-09-13 17:05:45,PLCY100,0103,Toby Egan,25,0,0,2026-09-13 17:17:51
2026-09-13 17:05:45,PLCY100,0104,Toby Egan,25,1,0,2026-09-13 17:17:51
2026-09-13 17:05:45,PLCY100,0201,Namrta Sharma,25,12,0,2026-09-13 17:17:51
2026-09-13 17:05:45,PLCY100,0202,Namrta Sharma,25,15,0,2026-09-13 17:17:51
2026-09-13 17:05:45,PLCY100,0203,Namrta Sharma,25,1,0,2026-09-13 17:17:51
2026-09-13 17:05:45,PLCY100,0204,Namrta Sharma,25,10,0,2026-09-13 17:17:51
2026-09-13 17:05:45,PLCY101,0101,Robert Sprinkle,75,0,0,2026-09-13 17:17:51
2026-09-13 17:05:45,PLCY170,0101,Joshua Itzkowitz Shifrinson,20,1,0,2026-09-13 17:17:52
2026-09-13 17:05:45,PLCY170,0102,Joshua Itzkowitz Shifrinson,20,1,0,2026-09-13 17:17:52
2026-09-13 17:05:45,PLCY170,0103,Joshua Itzkowitz Shifrinson,20,1,0,2026-09-13 17:17:52
2026-09-13 17:05:45,PLCY170,0104,Joshua Itzkowitz Shifrinson,20,0,0,2026-09-13 17:17:52
2026-09-13 17:05:45,PLCY170,0105,Joshua Itzkowitz Shifrinson,20,2,0,2026-09-13 17:17:52
2026-09-13 17:05:45,PLCY170,0106,Joshua Itzkowitz Shifrinson,25,2,0,2026-09-13 17:17:52
2026-09-13 17:05:45,PLCY172,0101,Caroline Ritter,95,32,0,2026-09-13 17:17:52
2026-09-13 17:05:45,PLCY200,0101,Shanna Pearson-Merkowitz,35,0,0,2026-09-13 17:17:52
2026-09-13 17:05:45,PLCY200,0201,Shanna Pearson-Merkowitz,35,1,0,2026-09-13 17:17:52
2026-09-13 17:05:45,PLCY200,0301,Namrta Sharma,35,0,1,2026-09-13 17:17:52
2026-09-13 17:05:45,PLCY201,0101,Julio Guzman,70,0,0,2026-09-13 17:17:52
2026-09-13 17:05:45,PLCY201,0201,Gregory Ramsay,60,0,0,2026-09-13 17:17:52
2026-09-13 17:05:45,PLCY201,FC01,Anne Kaiser,32,0,0,2026-09-13 17:17:52
2026-09-13 17:05:45,PLCY201,FC02,Anne Kaiser,32,6,0,2026-09-13 17:17:52
2026-09-13 17:05:45,PLCY201S,0101,Susannah Washburn,80,4,0,2026-09-13 17:17:53
2026-09-13 17:05:45,PLCY203,0101,Thomas Hilde,60,9,0,2026-09-13 17:17:53
2026-09-13 17:05:45,PLCY203,0201,Anne Kaiser,60,38,0,2026-09-13 17:17:53
2026-09-13 17:05:45,PLCY213,0201,Claire Dunning,40,3,0,2026-09-13 17:17:53
2026-09-13 17:05:45,PLCY214,0101,Patricia Bory,65,20,0,2026-09-13 17:17:53
2026-09-13 17:05:45,PLCY240,0101,Timothy Reedy,30,0,0,2026-09-13 17:17:53
2026-09-13 17:05:45,PLCY288K,0101,CHRISTIAN OSTERMANN,25,1,0,2026-09-13 17:17:54
2026-09-13 17:05:45,PLCY300,0101,Alana Hackshaw,45,0,1,2026-09-13 17:17:54
2026-09-13 17:05:45,PLCY300,0201,Namrta Sharma,45,28,0,2026-09-13 17:17:54
2026-09-13 17:05:45,PLCY301,0101,Caroline Boules,165,2,0,2026-09-13 17:17:54
2026-09-13 17:05:45,PLCY302,0101,Niambi Carter,40,2,0,2026-09-13 17:17:54
2026-09-13 17:05:45,PLCY302,0201,Ebonie Johnson Cooper,40,0,0,2026-09-13 17:17:54
2026-09-13 17:05:45,PLCY302,0301,Lindsay Dieudonne,40,0,1,2026-09-13 17:17:54
2026-09-13 17:05:45,PLCY303,0101,Juan Martinez Guzman,40,3,0,2026-09-13 17:17:55
2026-09-13 17:05:45,PLCY304,0101,Michael Busse,40,11,0,2026-09-13 17:17:55
2026-09-13 17:05:45,PLCY304,0201,Michael Busse,40,12,0,2026-09-13 17:17:55
2026-09-13 17:05:45,PLCY309,0101,Martin Sanders,30,16,0,2026-09-13 17:17:55
2026-09-13 17:05:45,PLCY310,0101,Selvon Waldron,35,16,0,2026-09-13 17:17:55
2026-09-13 17:05:45,PLCY313,0101,Gerard Evans,100,3,0,2026-09-13 17:17:55
2026-09-13 17:05:45,PLCY371,0101,Joshua Itzkowitz Shifrinson,35,0,0,2026-09-13 17:17:56
2026-09-13 17:05:45,PLCY380,0101,Isabel O'Malley,40,8,0,2026-09-13 17:17:56
2026-09-13 17:05:45,PLCY380,ESG1,Kisha McNeill,30,0,0,2026-09-13 17:17:56
2026-09-13 17:05:45,PLCY388A,0101,Brandi Onowu,40,8,0,2026-09-13 17:17:56
2026-09-13 17:05:45,PLCY388N,0101,Nina Harris,25,2,0,2026-09-13 17:17:56
2026-09-13 17:05:45,PLCY390,0101,Lena Andrews,20,0,0,2026-09-13 17:17:57
2026-09-13 17:05:45,PLCY399B,0101,Beatrice DeBelen,30,19,0,2026-09-13 17:17:57
2026-09-13 17:05:45,PLCY400,0101,Patricia Bory,25,1,0,2026-09-13 17:17:57
2026-09-13 17:05:45,PLCY401,0101,Anand Patwardhan,20,5,0,2026-09-13 17:17:58
2026-09-13 17:05:45,PLCY401,0201,Tracy Thompson,20,0,0,2026-09-13 17:17:58
2026-09-13 17:05:45,PLCY401,0301,David Mussington,20,9,0,2026-09-13 17:17:58
2026-09-13 17:05:45,PLCY490,0101,Michael Woldemariam,15,2,0,2026-09-13 17:17:58
2026-09-13 17:05:45,PLCY492,0101,Steve Fetter,20,1,0,2026-09-13 17:17:58
2026-09-13 17:05:45,PLCY610,0201,Alec Worsnop,40,9,0,2026-09-13 17:17:58
2026-09-13 17:05:45,PLCY630,0101,Catherine Worsnop,25,2,0,2026-09-13 17:17:59
2026-09-13 17:05:45,PLCY630,0201,Catherine Worsnop,25,3,0,2026-09-13 17:17:59
2026-09-13 17:05:45,PLCY631,0101,Cullen Merritt,25,0,0,2026-09-13 17:17:59
2026-09-13 17:05:45,PLCY640,0201,Thomas Spreen,30,5,0,2026-09-13 17:17:59
2026-09-13 17:05:45,PLCY641,0101,Tyler Kustra,30,2,0,2026-09-13 17:17:59
2026-09-13 17:05:45,PLCY641,0201,Tyler Kustra,30,10,0,2026-09-13 17:17:59
2026-09-13 17:05:45,PLCY670,0101,Philip Joyce,30,0,0,2026-09-13 17:18:00
2026-09-13 17:05:45,PLCY680,0101,Claire Dunning,25,0,0,2026-09-13 17:18:00
2026-09-13 17:05:45,PLCY680,0201,Michael Woldemariam,25,5,0,2026-09-13 17:18:00
2026-09-13 17:05:45,PLCY688C,0101,Charles Harry,20,10,0,2026-09-13 17:18:00
2026-09-13 17:05:45,PLCY688F,PWL1,Nekeya O'Connor,20,0,0,2026-09-13 17:18:00
2026-09-13 17:05:45,PLCY688P,0101,Steve Fetter,10,1,0,2026-09-13 17:18:01
2026-09-13 17:05:45,PLCY688Z,0101,Brandi Onowu,20,5,0,2026-09-13 17:18:01
2026-09-13 17:05:45,PLCY689E,0101,Susan Parker,20,0,0,2026-09-13 17:18:01
2026-09-13 17:05:45,PLCY690,0110,David Mussington,15,3,0,2026-09-13 17:18:01
2026-09-13 17:05:45,PLCY690,0120,Margaret Brindle,15,2,0,2026-09-13 17:18:01
2026-09-13 17:05:45,PLCY690,0130,Douglas Call,15,0,0,2026-09-13 17:18:01
2026-09-13 17:05:45,PLCY690,0150,Paul Brown,15,1,0,2026-09-13 17:18:01
2026-09-13 17:05:45,PLCY690,0170,James Stillwell,15,0,0,2026-09-13 17:18:01
2026-09-13 17:05:45,PLCY698T,0101,Elizabeth Duke,20,7,0,2026-09-13 17:18:02
2026-09-13 17:05:45,PLCY699L,0101,Michael Woldemariam,10,1,0,2026-09-13 17:18:02
2026-09-13 17:05:45,PLCY720,0101,Nancy Gallagher,20,2,0,2026-09-13 17:18:02
2026-09-13 17:05:45,PLCY734,0101,Niambi Carter,20,0,0,2026-09-13 17:18:02
2026-09-13 17:05:45,PLCY735,0101,Robert Sprinkle,20,7,0,2026-09-13 17:18:03
2026-09-13 17:05:45,PLCY741,0101,Anand Patwardhan,20,7,0,2026-09-13 17:18:03
2026-09-13 17:05:45,PLCY742,0101,Thomas Hilde,20,8,0,2026-09-13 17:18:03
2026-09-13 17:05:45,PLCY780,0101,Robert Orr,20,0,0,2026-09-13 17:18:03
2026-09-13 17:05:45,PLCY781,0101,Julio Guzman,20,2,0,2026-09-13 17:18:04
2026-09-13 17:05:45,PLCY783,0101,Margaret Brindle,20,7,0,2026-09-13 17:18:04
2026-09-13 17:05:45,PLCY798F,PWL1,William Nolte,25,18,0,2026-09-13 17:18:05
2026-09-13 17:05:45,PLCY798V,0101,Shanna Pearson-Merkowitz,12,0,0,2026-09-13 17:18:05
2026-09-13 17:05:45,PLCY798W,0101,Martin Sanders,10,9,0,2026-09-13 17:18:05
2026-09-13 17:05:45,PLCY798Y,PWL1,Jeffrey Franco,25,0,0,2026-09-13 17:18:05
2026-09-13 17:05:45,PLCY798Z,0101,Peter Reuter,12,0,0,2026-09-13 17:18:06
2026-09-13 17:05:45,PLSC112,0101,Samuel Daramola,100,10,0,2026-09-13 17:18:08
2026-09-13 17:05:45,PLSC113,0101,Samuel Daramola,24,2,0,2026-09-13 17:18:08
2026-09-13 17:05:45,PLSC113,0102,Samuel Daramola,24,5,0,2026-09-13 17:18:08
2026-09-13 17:05:45,PLSC113,0103,Samuel Daramola,24,12,0,2026-09-13 17:18:08
2026-09-13 17:05:45,PLSC113,0104,Samuel Daramola,24,9,0,2026-09-13 17:18:08
2026-09-13 17:05:45,PLSC115,0101,Shirley Micallef,24,1,0,2026-09-13 17:18:08
2026-09-13 17:05:45,PLSC201,0101,Pierre Jacob,42,15,0,2026-09-13 17:18:08
2026-09-13 17:05:45,PLSC203,0101,Vijay Tiwari,23,17,0,2026-09-13 17:18:08
2026-09-13 17:05:45,PLSC205,0101,Mark Carroll,22,1,0,2026-09-13 17:18:09
2026-09-13 17:05:45,PLSC206,0101,Pierre Jacob,21,8,0,2026-09-13 17:18:09
2026-09-13 17:05:45,PLSC206,0102,Pierre Jacob,21,7,0,2026-09-13 17:18:09
2026-09-13 17:05:45,PLSC253,0101,Karen Petroff,24,1,0,2026-09-13 17:18:09
2026-09-13 17:05:45,PLSC253,0102,Karen Petroff,24,5,0,2026-09-13 17:18:09
2026-09-13 17:05:45,PLSC389,0101,Craig Beyrouty,17,17,0,2026-09-13 17:18:09
2026-09-13 17:05:45,PLSC402,0101,Geoffrey Rinehart,10,3,0,2026-09-13 17:18:10
2026-09-13 17:05:45,PLSC404,0101,Yiping Qi,20,11,0,2026-09-13 17:18:10
2026-09-13 17:05:45,PLSC420,0101,Nidhi Rawat,18,5,0,2026-09-13 17:18:10
2026-09-13 17:05:45,PLSC420,0102,Nidhi Rawat,18,12,0,2026-09-13 17:18:10
2026-09-13 17:05:45,PLSC433,0101,Diana Cochran,10,2,0,2026-09-13 17:18:10
2026-09-13 17:05:45,PLSC453,0101,Samuel Daramola,24,1,0,2026-09-13 17:18:11
2026-09-13 17:05:45,PLSC471,0101,Juanita Choo,20,0,0,2026-09-13 17:18:11
2026-09-13 17:05:45,PLSC476,0101,Maile Neel,23,19,0,2026-09-13 17:18:11
2026-09-13 17:05:45,PLSC608,0101,Shunyuan Xiao,20,13,0,2026-09-13 17:18:11
2026-09-13 17:05:45,PORT103,0101,Parker Brookie,15,6,0,2026-09-13 17:18:13
2026-09-13 17:05:45,PORT205,0101,Parker Brookie,15,4,0,2026-09-13 17:18:14
2026-09-13 17:05:45,PORT332,0101,Parker Brookie,25,0,0,2026-09-13 17:18:14
2026-09-13 17:05:45,RELS120,0101,Antoine Borrut,40,8,0,2026-09-13 17:18:35
2026-09-13 17:05:45,RELS170,0101,Chiara Graf,21,1,0,2026-09-13 17:18:35
2026-09-13 17:05:45,RELS170,0102,Chiara Graf,21,0,0,2026-09-13 17:18:35
2026-09-13 17:05:45,RELS170,0103,Chiara Graf,21,0,0,2026-09-13 17:18:35
2026-09-13 17:05:45,RELS170,0104,Chiara Graf,21,0,0,2026-09-13 17:18:35
2026-09-13 17:05:45,RELS170,0105,Chiara Graf,21,0,0,2026-09-13 17:18:35
2026-09-13 17:05:45,RELS170,0106,Chiara Graf,21,0,0,2026-09-13 17:18:35
2026-09-13 17:05:45,RELS170,0107,Chiara Graf,21,0,0,2026-09-13 17:18:35
2026-09-13 17:05:45,RELS170,0108,Chiara Graf,21,1,0,2026-09-13 17:18:35
2026-09-13 17:05:45,RELS170,0109,Chiara Graf,22,0,0,2026-09-13 17:18:35
2026-09-13 17:05:45,RELS171,0101,Maxine Grossman,40,8,0,2026-09-13 17:18:35
2026-09-13 17:05:45,RELS219K,0101,Shay Hazkani,40,33,0,2026-09-13 17:18:35
2026-09-13 17:05:45,RELS225,0101,Stephanie Cooper,25,3,0,2026-09-13 17:18:36
2026-09-13 17:05:45,RELS273,0101,Hayim Lapin,23,0,0,2026-09-13 17:18:36
2026-09-13 17:05:45,RELS273,0102,Hayim Lapin,23,3,0,2026-09-13 17:18:36
2026-09-13 17:05:45,RELS273,0103,Hayim Lapin,23,1,0,2026-09-13 17:18:36
2026-09-13 17:05:45,RELS274,0101,Matthew Suriano,20,1,0,2026-09-13 17:18:36
2026-09-13 17:05:45,RELS274,0102,Matthew Suriano,20,0,1,2026-09-13 17:18:36
2026-09-13 17:05:45,RELS274,0103,Matthew Suriano,20,0,0,2026-09-13 17:18:36
2026-09-13 17:05:45,RELS274,0104,Matthew Suriano,20,0,0,2026-09-13 17:18:36
2026-09-13 17:05:45,RELS319D,0101,Nathan Levine,35,26,0,2026-09-13 17:18:36
2026-09-13 17:05:45,RELS319Z,0101,Regev Ben-David,30,26,0,2026-09-13 17:18:37
2026-09-13 17:05:45,RELS341,0101,Janna Bianchini,30,0,0,2026-09-13 17:18:37
2026-09-13 17:05:45,RUSS101,0101,Inna Hardman,15,6,0,2026-09-13 17:18:38
2026-09-13 17:05:45,RUSS101,0201,Inna Hardman,15,6,0,2026-09-13 17:18:38
2026-09-13 17:05:45,RUSS201,0101,Zhanna Gerus-Vernola,15,8,0,2026-09-13 17:18:39
2026-09-13 17:05:45,RUSS301,0101,Izolda Savenkova,15,5,0,2026-09-13 17:18:39
2026-09-13 17:05:45,RUSS321,0101,Elizabeth Papazian,15,5,0,2026-09-13 17:18:39
2026-09-13 17:05:45,RUSS334,0101,Elizabeth Papazian,25,0,0,2026-09-13 17:18:40
2026-09-13 17:05:45,RUSS404,0101,Izolda Savenkova,15,1,0,2026-09-13 17:18:40
2026-09-13 17:05:45,SDSB123,0101,Brian Kim,40,7,0,2026-09-13 17:18:42
2026-09-13 17:05:45,SDSB180,0101,Brian Kim,180,126,0,2026-09-13 17:18:42
2026-09-13 17:05:45,SDSB233,0101,Jacob Coutts,25,1,0,2026-09-13 17:18:43
2026-09-13 17:05:45,SDSB233,0102,Jacob Coutts,25,10,0,2026-09-13 17:18:43
2026-09-13 17:05:45,SDSB233,0103,Jacob Coutts,25,9,0,2026-09-13 17:18:43
2026-09-13 17:05:45,SDSB326,0101,Jacob Coutts,50,31,0,2026-09-13 17:18:43
2026-09-13 17:05:45,SDSB340,0101,Neil Lund,40,0,0,2026-09-13 17:18:43
2026-09-13 17:05:45,SDSI414,0201,Maria Krupenkin,34,15,0,2026-09-13 17:18:45
2026-09-13 17:05:45,SDSI414,0202,Maria Krupenkin,34,0,0,2026-09-13 17:18:45
2026-09-13 17:05:45,SDSI492,0101,TJ Rainsford,50,8,0,2026-09-13 17:18:45
2026-09-13 17:05:45,SDSI492,0103,Mary Ann Francis,40,0,2,2026-09-13 17:18:45
2026-09-13 17:05:45,SDSI492,0104,TJ Rainsford,50,0,0,2026-09-13 17:18:45
2026-09-13 17:05:45,SDSI492,0106,Jesse Klein,50,0,5,2026-09-13 17:18:45
2026-09-13 17:05:45,SDSI492,0107,Connie Siebold,40,0,3,2026-09-13 17:18:45
2026-09-13 17:05:45,SDSI492,0110,Patrick Thornton,50,29,0,2026-09-13 17:18:45
2026-09-13 17:05:45,SLLC108I,0101,Instructor: TBA,5,4,0,2026-09-13 17:18:48
2026-09-13 17:05:45,SLLC108J,0101,Instructor: TBA,5,5,0,2026-09-13 17:18:48
2026-09-13 17:05:45,SLLC108W,0101,Instructor: TBA,5,4,0,2026-09-13 17:18:49
2026-09-13 17:05:45,SLLC118A,0101,Sean Pue,10,4,0,2026-09-13 17:18:49
2026-09-13 17:05:45,SLLC200,0101,Chris Lewis,30,4,0,2026-09-13 17:18:49
2026-09-13 17:05:45,SLLC286,0101,Andrew Schonebaum,60,5,0,2026-09-13 17:18:50
2026-09-13 17:05:45,SLLC309,0101,Ahmed Hanafy,10,10,0,2026-09-13 17:18:50
2026-09-13 17:05:45,SLLC309,0102,Ahmed Hanafy,10,8,0,2026-09-13 17:18:50
2026-09-13 17:05:45,SLLC309,0103,Ahmed Hanafy,10,7,0,2026-09-13 17:18:50
2026-09-13 17:05:45,SLLC309,0104,Ahmed Hanafy,10,5,0,2026-09-13 17:18:50
2026-09-13 17:05:45,SLLC309,0105,Ahmed Hanafy,10,6,0,2026-09-13 17:18:50
2026-09-13 17:05:45,SLLC309,0106,Ahmed Hanafy,10,6,0,2026-09-13 17:18:50
2026-09-13 17:05:45,SLLC309,0107,Ahmed Hanafy,10,8,0,2026-09-13 17:18:50
2026-09-13 17:05:45,SLLC309,0108,Ahmed Hanafy,10,9,0,2026-09-13 17:18:50
2026-09-13 17:05:45,SLLC309,0109,Ahmed Hanafy,10,7,0,2026-09-13 17:18:50
2026-09-13 17:05:45,SLLC309,0110,Ahmed Hanafy,10,3,0,2026-09-13 17:18:50
2026-09-13 17:05:45,SLLC309,0111,Ahmed Hanafy,10,10,0,2026-09-13 17:18:50
2026-09-13 17:05:45,SLLC329,0101,Marilyn Matar,13,0,0,2026-09-13 17:18:50
2026-09-13 17:05:45,SLLC329,0102,Marilyn Matar,10,0,0,2026-09-13 17:18:50
2026-09-13 17:05:45,SLLC329,0103,Marilyn Matar,21,2,0,2026-09-13 17:18:50
2026-09-13 17:05:45,SLLC329,0104,Marilyn Matar,10,4,0,2026-09-13 17:18:50
2026-09-13 17:05:45,SLLC329,0105,Marilyn Matar,10,9,0,2026-09-13 17:18:50
2026-09-13 17:05:45,SLLC329,0106,Marilyn Matar,10,1,0,2026-09-13 17:18:50
2026-09-13 17:05:45,SLLC329,0107,Marilyn Matar,10,7,0,2026-09-13 17:18:50
2026-09-13 17:05:45,SLLC329,0108,Marilyn Matar,10,7,0,2026-09-13 17:18:50
2026-09-13 17:05:45,SLLC329,0109,Marilyn Matar,10,4,0,2026-09-13 17:18:50
2026-09-13 17:05:45,SLLC329,0110,Marilyn Matar,20,3,0,2026-09-13 17:18:50
2026-09-13 17:05:45,SLLC350,0101,Michele Mason,30,27,0,2026-09-13 17:18:50
2026-09-13 17:05:45,SMLP470,0101,Brooke Smith,45,13,0,2026-09-13 17:18:52
2026-09-13 17:05:45,SMLP472,0101,Sara Herald,60,19,0,2026-09-13 17:18:52
2026-09-13 17:05:45,TLTC310,0101,Danielle Pafe,0,0,0,2026-09-13 17:19:29
2026-09-13 17:05:45,TLTC310,0201,Yanira Ortiz,20,11,0,2026-09-13 17:19:29
2026-09-13 17:05:45,TLTC333,0101,Mona Thompson,63,1,0,2026-09-13 17:19:29
2026-09-13 17:05:45,TLTC333,0102,Mona Thompson,63,0,0,2026-09-13 17:19:29
2026-09-13 17:05:45,TLTC333,0105,Mona Thompson,63,0,0,2026-09-13 17:19:29
2026-09-13 17:05:45,UMEI005,0101,Charles Duquette,15,2,0,2026-09-13 17:19:31
2026-09-13 17:05:45,UMEI005,0201,Heather Mehrtens,15,9,0,2026-09-13 17:19:31
2026-09-13 17:05:45,UMEI005,0301,Marilena Draganescu,15,11,0,2026-09-13 17:19:31
2026-09-13 17:05:45,UMEI012,0101,Louise Godley,10,10,0,2026-09-13 17:19:31
2026-09-13 17:05:45,UMEI013,0101,Louise Godley,10,7,0,2026-09-13 17:19:31
2026-09-13 17:05:45,UMEI028A,0101,Raymond Smith,16,14,0,2026-09-13 17:19:32
2026-09-13 17:05:45,UMEI506,0101,Heather Mehrtens,16,0,0,2026-09-13 17:19:32
2026-09-13 17:05:45,UMEI506,0201,Heather Mehrtens,16,6,0,2026-09-13 17:19:32
2026-09-13 17:05:45,UMEI507,0101,Marilena Draganescu,15,4,0,2026-09-13 17:19:32
2026-09-13 17:05:45,USLT201,0101,Robert Chester,25,1,0,2026-09-13 17:19:38
2026-09-13 17:05:45,USLT398C,0101,Angela Pico Pinto,25,18,0,2026-09-13 17:19:38
2026-09-13 17:05:45,USLT450,0101,Robert Chester,20,0,0,2026-09-13 17:19:39
2026-09-13 17:05:45,USLT498C,0101,Ana Rodriguez,20,14,0,2026-09-13 17:19:39
2026-09-13 17:05:45,VIPS099,0115,Veronica Kang,5,3,0,2026-09-13 17:19:40
2026-09-13 17:05:45,VIPS208,0101,Mary Bowden,10,10,0,2026-09-13 17:19:41
2026-09-13 17:05:45,VIPS208,0102,Ken Kiger,10,2,0,2026-09-13 17:19:41
2026-09-13 17:05:45,VIPS208,0103,Bryan Quinn,10,9,0,2026-09-13 17:19:41
2026-09-13 17:05:45,VIPS208,0104,Abdil Chowdhury,10,1,0,2026-09-13 17:19:41
2026-09-13 17:05:45,VIPS208,0105,Molly Carton,10,7,0,2026-09-13 17:19:41
2026-09-13 17:05:45,VIPS208,0106,James Baeder,14,2,0,2026-09-13 17:19:41
2026-09-13 17:05:45,VIPS208,0107,Catherine Spirito,10,6,0,2026-09-13 17:19:41
2026-09-13 17:05:45,VIPS208,0108,Ronald Yaros,10,4,0,2026-09-13 17:19:41
2026-09-13 17:05:45,VIPS208,0109,Carinna Ferguson,10,7,0,2026-09-13 17:19:41
2026-09-13 17:05:45,VIPS208,0110,Tracy Riggins,15,0,0,2026-09-13 17:19:41
2026-09-13 17:05:45,VIPS208,0111,Kevin Calabro,13,2,0,2026-09-13 17:19:41
2026-09-13 17:05:45,VIPS208,0112,Raffaele Viglianti,10,5,0,2026-09-13 17:19:41
2026-09-13 17:05:45,VIPS208,0113,Shabnam Jabeen,10,5,0,2026-09-13 17:19:41
2026-09-13 17:05:45,VIPS208,0114,Ning Zeng,15,7,0,2026-09-13 17:19:41
2026-09-13 17:05:45,VIPS208,0115,Veronica Kang,10,5,0,2026-09-13 17:19:41
2026-09-13 17:05:45,VIPS208,0116,David Stewart,10,1,0,2026-09-13 17:19:41
2026-09-13 17:05:45,VIPS208,0117,Meredith Epstein,10,8,0,2026-09-13 17:19:41
2026-09-13 17:05:45,VIPS208,0118,Magaly Toro Ibaceta,10,3,0,2026-09-13 17:19:41
2026-09-13 17:05:45,VIPS208,0120,Marisa Parham,10,6,0,2026-09-13 17:19:41
2026-09-13 17:05:45,VIPS208,0121,Becky Epanchin-Niell,10,1,0,2026-09-13 17:19:41
2026-09-13 17:05:45,VIPS208,0122,Timothy Reedy,10,2,0,2026-09-13 17:19:41
2026-09-13 17:05:45,VIPS208,0123,Lingnan Lin,13,4,0,2026-09-13 17:19:41
2026-09-13 17:05:45,VIPS208,0124,Jeffrey Moro,10,4,0,2026-09-13 17:19:41
2026-09-13 17:05:45,VIPS208,0125,Peter Sunderland,12,4,0,2026-09-13 17:19:41
2026-09-13 17:05:45,VIPS208,0126,Brienna Anderson,10,4,0,2026-09-13 17:19:41
2026-09-13 17:05:45,VIPS308,0101,Mary Bowden,10,9,0,2026-09-13 17:19:41
2026-09-13 17:05:45,VIPS308,0102,Ken Kiger,10,3,0,2026-09-13 17:19:41
2026-09-13 17:05:45,VIPS308,0103,Bryan Quinn,10,2,0,2026-09-13 17:19:41
2026-09-13 17:05:45,VIPS308,0104,Abdil Chowdhury,10,3,0,2026-09-13 17:19:41
2026-09-13 17:05:45,VIPS308,0105,Molly Carton,10,3,0,2026-09-13 17:19:41
2026-09-13 17:05:45,VIPS308,0106,James Baeder,10,4,0,2026-09-13 17:19:41
2026-09-13 17:05:45,VIPS308,0107,Catherine Spirito,10,8,0,2026-09-13 17:19:41
2026-09-13 17:05:45,VIPS308,0108,Ronald Yaros,10,9,0,2026-09-13 17:19:41
2026-09-13 17:05:45,VIPS308,0109,Carinna Ferguson,10,6,0,2026-09-13 17:19:41
2026-09-13 17:05:45,VIPS308,0110,Tracy Riggins,10,0,0,2026-09-13 17:19:41
2026-09-13 17:05:45,VIPS308,0111,Kevin Calabro,10,6,0,2026-09-13 17:19:41
2026-09-13 17:05:45,VIPS308,0112,Raffaele Viglianti,10,10,0,2026-09-13 17:19:41
2026-09-13 17:05:45,VIPS308,0113,Shabnam Jabeen,10,8,0,2026-09-13 17:19:41
2026-09-13 17:05:45,VIPS308,0114,Ning Zeng,10,9,0,2026-09-13 17:19:41
2026-09-13 17:05:45,VIPS308,0115,Veronica Kang,10,10,0,2026-09-13 17:19:41
2026-09-13 17:05:45,VIPS308,0116,David Stewart,10,10,0,2026-09-13 17:19:41
2026-09-13 17:05:45,VIPS308,0117,Meredith Epstein,10,8,0,2026-09-13 17:19:41
2026-09-13 17:05:45,VIPS308,0118,Magaly Toro Ibaceta,10,10,0,2026-09-13 17:19:41
2026-09-13 17:05:45,VIPS308,0120,Marisa Parham,10,9,0,2026-09-13 17:19:41
2026-09-13 17:05:45,VIPS308,0121,Becky Epanchin-Niell,10,10,0,2026-09-13 17:19:41
2026-09-13 17:05:45,VIPS308,0122,Timothy Reedy,10,10,0,2026-09-13 17:19:41
2026-09-13 17:05:45,VIPS308,0123,Lingnan Lin,10,10,0,2026-09-13 17:19:41
2026-09-13 17:05:45,VIPS308,0124,Jeffrey Moro,10,10,0,2026-09-13 17:19:41
2026-09-13 17:05:45,VIPS308,0125,Peter Sunderland,10,10,0,2026-09-13 17:19:41
2026-09-13 17:05:45,VIPS308,0126,Brienna Anderson,10,10,0,2026-09-13 17:19:41
2026-09-13 17:05:45,VIPS408,0101,Mary Bowden,10,4,0,2026-09-13 17:19:41
2026-09-13 17:05:45,VIPS408,0102,Ken Kiger,10,8,0,2026-09-13 17:19:41
2026-09-13 17:05:45,VIPS408,0103,Bryan Quinn,10,3,0,2026-09-13 17:19:41
2026-09-13 17:05:45,VIPS408,0104,Abdil Chowdhury,10,8,0,2026-09-13 17:19:41
2026-09-13 17:05:45,VIPS408,0105,Molly Carton,10,8,0,2026-09-13 17:19:41
2026-09-13 17:05:45,VIPS408,0106,James Baeder,10,7,0,2026-09-13 17:19:41
2026-09-13 17:05:45,VIPS408,0107,Catherine Spirito,10,10,0,2026-09-13 17:19:41
2026-09-13 17:05:45,VIPS408,0108,Ronald Yaros,10,8,0,2026-09-13 17:19:41
2026-09-13 17:05:45,VIPS408,0109,Carinna Ferguson,10,8,0,2026-09-13 17:19:41
2026-09-13 17:05:45,VIPS408,0110,Tracy Riggins,10,10,0,2026-09-13 17:19:41
2026-09-13 17:05:45,VIPS408,0111,Kevin Calabro,10,7,0,2026-09-13 17:19:41
2026-09-13 17:05:45,VIPS408,0112,Raffaele Viglianti,10,9,0,2026-09-13 17:19:41
2026-09-13 17:05:45,VIPS408,0113,Shabnam Jabeen,10,10,0,2026-09-13 17:19:41
2026-09-13 17:05:45,VIPS408,0114,Ning Zeng,10,10,0,2026-09-13 17:19:41
2026-09-13 17:05:45,VIPS408,0115,Veronica Kang,10,10,0,2026-09-13 17:19:41
2026-09-13 17:05:45,VIPS408,0116,David Stewart,10,10,0,2026-09-13 17:19:41
2026-09-13 17:05:45,VIPS408,0117,Meredith Epstein,10,10,0,2026-09-13 17:19:41
2026-09-13 17:05:45,VIPS408,0118,Magaly Toro Ibaceta,10,9,0,2026-09-13 17:19:41
2026-09-13 17:05:45,VIPS408,0120,Marisa Parham,10,10,0,2026-09-13 17:19:41
2026-09-13 17:05:45,VIPS408,0121,Becky Epanchin-Niell,10,10,0,2026-09-13 17:19:41
2026-09-13 17:05:45,VIPS408,0122,Timothy Reedy,10,10,0,2026-09-13 17:19:41
2026-09-13 17:05:45,VIPS408,0123,Lingnan Lin,10,10,0,2026-09-13 17:19:41
2026-09-13 17:05:45,VIPS408,0124,Jeffrey Moro,10,10,0,2026-09-13 17:19:41
2026-09-13 17:05:45,VIPS408,0125,Peter Sunderland,10,10,0,2026-09-13 17:19:41
2026-09-13 17:05:45,VIPS408,0126,Brienna Anderson,10,10,0,2026-09-13 17:19:41
2026-09-13 17:05:45,WEID139B,0101,Denise Joseph,48,6,0,2026-09-13 17:19:44
2026-09-13 17:05:45,WEID139L,0201,Taylor Togafau-Lewis,48,17,0,2026-09-13 17:19:44
2026-09-13 19:51:17,AAAS100,0101,Shane Walsh,35,0,0,2026-09-13 19:51:18
2026-09-13 19:51:17,AAAS100,0201,Shane Walsh,35,0,0,2026-09-13 19:51:18
2026-09-13 19:51:17,AAAS100,0301,George Kintiba,70,36,0,2026-09-13 19:51:18
2026-09-13 19:51:17,AAAS100,0401,Jason Nichols,30,0,0,2026-09-13 19:51:18
2026-09-13 19:51:17,AAAS100,0501,Jason Nichols,35,0,0,2026-09-13 19:51:18
2026-09-13 19:51:17,AAAS101,0101,Chinyere Osuji,40,1,0,2026-09-13 19:51:19
2026-09-13 19:51:17,AAAS187,0101,Robert Choflet,30,0,0,2026-09-13 19:51:19
2026-09-13 19:51:17,AAAS187,0201,Joseph Richardson,30,0,0,2026-09-13 19:51:19
2026-09-13 19:51:17,AAAS200,0101,George Kintiba,40,5,0,2026-09-13 19:51:19
2026-09-13 19:51:17,AAAS202,0101,Robert Choflet,35,5,0,2026-09-13 19:51:19
2026-09-13 19:51:17,AAAS202,0201,Robert Choflet,35,5,0,2026-09-13 19:51:19
2026-09-13 19:51:17,AAAS202,0301,Angelica Dunbar,35,4,0,2026-09-13 19:51:19
2026-09-13 19:51:17,AAAS202,0401,Ashley Everson,35,0,0,2026-09-13 19:51:19
2026-09-13 19:51:17,AAAS202,0501,Ashley Everson,20,3,0,2026-09-13 19:51:19
2026-09-13 19:51:17,AAAS210,0101,Angelica Dunbar,20,16,0,2026-09-13 19:51:20
2026-09-13 19:51:17,AAAS211,0101,Shane Walsh,30,0,0,2026-09-13 19:51:20
2026-09-13 19:51:17,AAAS230,0101,Ashley Newby,30,0,0,2026-09-13 19:51:20
2026-09-13 19:51:17,AAAS230,0201,Ashley Newby,30,0,0,2026-09-13 19:51:20
2026-09-13 19:51:17,AAAS234,0201,Mike Kolakoski,30,3,0,2026-09-13 19:51:21
2026-09-13 19:51:17,AAAS254,0101,Christopher Bonner,40,2,0,2026-09-13 19:51:21
2026-09-13 19:51:17,AAAS271,0101,Sydney Lewis,30,1,0,2026-09-13 19:51:21
2026-09-13 19:51:17,AAAS310,0101,George Kintiba,25,22,0,2026-09-13 19:51:21
2026-09-13 19:51:17,AAAS320,0101,Cecily Jackson,25,0,0,2026-09-13 19:51:22
2026-09-13 19:51:17,AAAS320,0201,Cecily Jackson,25,0,0,2026-09-13 19:51:22
2026-09-13 19:51:17,AAAS325,0101,Traci Dula,20,4,0,2026-09-13 19:51:22
2026-09-13 19:51:17,AAAS350,0101,John Drabinski,20,0,0,2026-09-13 19:51:22
2026-09-13 19:51:17,AAAS361,0101,Michelle Rowley,35,26,0,2026-09-13 19:51:22
2026-09-13 19:51:17,AAAS386,0101,Marshal Washington,10,10,0,2026-09-13 19:51:22
2026-09-13 19:51:17,AAAS397,0101,John Drabinski,2,2,0,2026-09-13 19:51:22
2026-09-13 19:51:17,AAAS397,0201,Angelica Dunbar,2,2,0,2026-09-13 19:51:22
2026-09-13 19:51:17,AAAS397,0301,Sharon Harley,2,2,0,2026-09-13 19:51:22
2026-09-13 19:51:17,AAAS397,0401,Cecily Jackson,2,2,0,2026-09-13 19:51:22
2026-09-13 19:51:17,AAAS397,0501,Sangeetha Madhavan,2,2,0,2026-09-13 19:51:22
2026-09-13 19:51:17,AAAS397,0601,Ashley Newby,1,1,0,2026-09-13 19:51:22
2026-09-13 19:51:17,AAAS397,0701,Chinyere Osuji,2,2,0,2026-09-13 19:51:22
2026-09-13 19:51:17,AAAS397,0801,Periloux Peay,2,2,0,2026-09-13 19:51:22
2026-09-13 19:51:17,AAAS397,0901,Joseph Richardson,2,2,0,2026-09-13 19:51:22
2026-09-13 19:51:17,AAAS398B,0101,Beka Guluma,20,13,0,2026-09-13 19:51:23
2026-09-13 19:51:17,AAAS398W,0101,Jason Nichols,25,11,0,2026-09-13 19:51:23
2026-09-13 19:51:17,AAAS400,0101,Periloux Peay,25,22,0,2026-09-13 19:51:24
2026-09-13 19:51:17,AAAS415,0101,Periloux Peay,30,0,0,2026-09-13 19:51:24
2026-09-13 19:51:17,AAAS499N,0101,Anne Rosen,25,0,0,2026-09-13 19:51:24
2026-09-13 19:51:17,AAST200,0101,Jennifer Cho,30,0,0,2026-09-13 19:51:25
2026-09-13 19:51:17,AAST200,0102,Binod Paudyal,30,0,0,2026-09-13 19:51:25
2026-09-13 19:51:17,AAST322,0101,Julie Park,30,3,0,2026-09-13 19:51:25
2026-09-13 19:51:17,AAST351,0101,Binod Paudyal,35,0,0,2026-09-13 19:51:25
2026-09-13 19:51:17,AAST355,0101,Jennifer Cho,35,0,1,2026-09-13 19:51:26
2026-09-13 19:51:17,AAST378,0101,Janelle Wong,2,2,0,2026-09-13 19:51:26
2026-09-13 19:51:17,AAST394,0101,Wenxi Yang,30,2,0,2026-09-13 19:51:26
2026-09-13 19:51:17,AAST398I,0101,Michelle Magalong,24,1,0,2026-09-13 19:51:26
2026-09-13 19:51:17,AAST398W,0101,Chris Eng,25,14,0,2026-09-13 19:51:26
2026-09-13 19:51:17,AAST421,0101,Tuyet Duong,20,2,0,2026-09-13 19:51:27
2026-09-13 19:51:17,AAST422,0101,Jennifer Cho,25,7,0,2026-09-13 19:51:27
2026-09-13 19:51:17,AAST424,0101,Dawn Dow,29,10,0,2026-09-13 19:51:27
2026-09-13 19:51:17,AAST440,0101,Binod Paudyal,25,1,0,2026-09-13 19:51:27
2026-09-13 19:51:17,AAST443,0101,Janelle Wong,30,0,0,2026-09-13 19:51:27
2026-09-13 19:51:17,ABRM330,0101,Rashawn Ray,40,0,0,2026-09-13 19:51:29
2026-09-13 19:51:17,ARAB101,0101,Samah Al-salami,15,1,0,2026-09-13 19:51:54
2026-09-13 19:51:17,ARAB101,0201,Ahmed Hanafy,15,5,0,2026-09-13 19:51:54
2026-09-13 19:51:17,ARAB102,0101,Samah Al-salami,15,2,0,2026-09-13 19:51:54
2026-09-13 19:51:17,ARAB102,0201,Lutf Alkebsi,15,12,0,2026-09-13 19:51:54
2026-09-13 19:51:17,ARAB201,0101,Lutf Alkebsi,15,0,0,2026-09-13 19:51:54
2026-09-13 19:51:17,ARAB201,0201,Lutf Alkebsi,15,11,0,2026-09-13 19:51:54
2026-09-13 19:51:17,ARAB208L,0101,Samah Al-salami,15,3,0,2026-09-13 19:51:54
2026-09-13 19:51:17,ARAB225,0101,Ahmed Hanafy,15,3,0,2026-09-13 19:51:54
2026-09-13 19:51:17,ARAB301,0101,Ahmed Hanafy,15,7,0,2026-09-13 19:51:55
2026-09-13 19:51:17,ARAB321,0101,Ahmed Hanafy,15,8,0,2026-09-13 19:51:55
2026-09-13 19:51:17,ARAB322,0101,Samah Al-salami,15,9,0,2026-09-13 19:51:55
2026-09-13 19:51:17,ARAB398A,0101,Lutf Alkebsi,15,5,0,2026-09-13 19:51:55
2026-09-13 19:51:17,ARAB499E,0101,Brendan Kibbee,20,2,0,2026-09-13 19:51:55
2026-09-13 19:51:17,ARMY106,0101,Thomas Battinieri,31,25,0,2026-09-13 19:52:14
2026-09-13 19:51:17,ARMY106,0102,Thomas Battinieri,40,30,0,2026-09-13 19:52:14
2026-09-13 19:51:17,ARMY106,FC01,Andrew Bischoff,15,11,0,2026-09-13 19:52:14
2026-09-13 19:51:17,ARMY106,FC02,Thomas Battinieri,9,8,0,2026-09-13 19:52:14
2026-09-13 19:51:17,ARMY110,0101,Andrew Bischoff,15,15,0,2026-09-13 19:52:14
2026-09-13 19:51:17,ARMY201,0102,Thomas Battinieri,35,14,0,2026-09-13 19:52:14
2026-09-13 19:51:17,ARMY301,0101,Joshua Guiod,40,20,0,2026-09-13 19:52:14
2026-09-13 19:51:17,ARMY401,0102,Andrew Bischoff,50,13,0,2026-09-13 19:52:15
2026-09-13 19:51:17,ARSC059,0101,Kathleen West,220,53,0,2026-09-13 19:52:16
2026-09-13 19:51:17,ARSC059,FC01,Jens Lyndrup,10,5,0,2026-09-13 19:52:16
2026-09-13 19:51:17,ARSC100,0101,Jens Lyndrup,50,33,0,2026-09-13 19:52:16
2026-09-13 19:51:17,ARSC100,0102,Jens Lyndrup,75,16,0,2026-09-13 19:52:16
2026-09-13 19:51:17,ARSC100,0103,Jens Lyndrup,40,31,0,2026-09-13 19:52:16
2026-09-13 19:51:17,ARSC100,FC01,Jens Lyndrup,5,3,0,2026-09-13 19:52:16
2026-09-13 19:51:17,ARSC100,FC02,Jens Lyndrup,10,7,0,2026-09-13 19:52:16
2026-09-13 19:51:17,ARSC200,0101,Alan Snyder,50,14,0,2026-09-13 19:52:16
2026-09-13 19:51:17,ARSC200,0102,Alan Snyder,35,21,0,2026-09-13 19:52:16
2026-09-13 19:51:17,ARSC200,0103,Alan Snyder,40,32,0,2026-09-13 19:52:16
2026-09-13 19:51:17,ARSC300,0101,Kathleen West,30,5,0,2026-09-13 19:52:16
2026-09-13 19:51:17,ARSC300,0102,Kathleen West,20,13,0,2026-09-13 19:52:16
2026-09-13 19:51:17,ARSC400,0101,Walter Mitchell,30,11,0,2026-09-13 19:52:17
2026-09-13 19:51:17,ARSC400,0102,Walter Mitchell,20,18,0,2026-09-13 19:52:17
2026-09-13 19:51:17,ARSC400,0201,Walter Mitchell,10,10,0,2026-09-13 19:52:17
2026-09-13 19:51:17,BMIN210,0101,Darlene Dennison,180,2,0,2026-09-13 19:53:34
2026-09-13 19:51:17,BMIN210,0201,Darlene Dennison,180,94,0,2026-09-13 19:53:34
2026-09-13 19:51:17,BMIN305,0101,Tejwansh Anand,180,14,0,2026-09-13 19:53:34
2026-09-13 19:51:17,BMIN345,0101,Michael Padhi,275,36,0,2026-09-13 19:53:34
2026-09-13 19:51:17,BMIN355,0101,Idil Yaveroglu,180,0,0,2026-09-13 19:53:35
2026-09-13 19:51:17,BMIN355,0201,Idil Yaveroglu,180,24,0,2026-09-13 19:53:35
2026-09-13 19:51:17,BMIN375,0101,Leland Gardner,185,2,0,2026-09-13 19:53:39
2026-09-13 19:51:17,BMIN395,0101,Nima Farshchi,200,1,0,2026-09-13 19:53:39
2026-09-13 19:51:17,BMIN395,0201,Nima Farshchi,200,106,0,2026-09-13 19:53:39
2026-09-13 19:51:17,BOIS602,WI01,Woei-jyh Lee,40,6,0,2026-09-13 19:53:41
2026-09-13 19:51:17,BOIS604,WI01,Manmohan Aseri,40,5,0,2026-09-13 19:53:42
2026-09-13 19:51:17,BOIS631,WI01,Sujin Kim,40,8,0,2026-09-13 19:53:42
2026-09-13 19:51:17,BSOS355,0101,Liza Lebrun,30,30,0,2026-09-13 19:53:52
2026-09-13 19:51:17,BSOS361,0101,TC Lloyd,30,2,0,2026-09-13 19:53:53
2026-09-13 19:51:17,BSOS361,0103,Keia Brown,30,2,0,2026-09-13 19:53:53
2026-09-13 19:51:17,BSOS361,0104,David Tana,30,1,0,2026-09-13 19:53:53
2026-09-13 19:51:17,BSOS361,0105,TC Lloyd,30,2,0,2026-09-13 19:53:53
2026-09-13 19:51:17,BSOS388C,0101,Nikita Kimani,20,0,0,2026-09-13 19:53:53
2026-09-13 19:51:17,BSOS388C,0201,Nikita Kimani,20,0,0,2026-09-13 19:53:53
2026-09-13 19:51:17,BSOS388E,0101,Liza Lebrun,30,30,0,2026-09-13 19:53:53
2026-09-13 19:51:17,BUSO600,SO11,Neta Moye,42,5,0,2026-09-13 19:54:07
2026-09-13 19:51:17,BUSO600,SO12,Neta Moye,42,9,0,2026-09-13 19:54:07
2026-09-13 19:51:17,BUSO603,SO11,Ilya Ryzhov,42,5,0,2026-09-13 19:54:07
2026-09-13 19:51:17,BUSO603,SO12,Ilya Ryzhov,42,4,0,2026-09-13 19:54:07
2026-09-13 19:51:17,BUSO604,SO11,Bennet Zelner,42,6,0,2026-09-13 19:54:08
2026-09-13 19:51:17,BUSO604,SO12,Bennet Zelner,42,6,0,2026-09-13 19:54:08
2026-09-13 19:51:17,BUSO612,SO11,Henry Boyd,42,3,0,2026-09-13 19:54:08
2026-09-13 19:51:17,BUSO612,SO12,Henry Boyd,42,5,0,2026-09-13 19:54:08
2026-09-13 19:51:17,BUSO616,SO31,Brent Solomon,38,2,0,2026-09-13 19:54:08
2026-09-13 19:51:17,BUSO616,SO32,Brent Solomon,38,0,0,2026-09-13 19:54:08
2026-09-13 19:51:17,BUSO624,SO31,Yi Xu,38,2,0,2026-09-13 19:54:08
2026-09-13 19:51:17,BUSO624,SO32,Yi Xu,38,0,0,2026-09-13 19:54:08
2026-09-13 19:51:17,BUSO700,SO91,Paulo Prochno,0,0,0,2026-09-13 19:54:08
2026-09-13 19:51:17,BUSO711,SO31,Gosia Langa Basit,28,0,0,2026-09-13 19:54:09
2026-09-13 19:51:17,BUSO711,SO32,Gosia Langa Basit,28,3,0,2026-09-13 19:54:09
2026-09-13 19:51:17,BUSO711,SO33,Gosia Langa Basit,28,1,0,2026-09-13 19:54:09
2026-09-13 19:51:17,BUSO731,SO51,Tejwansh Anand,49,0,1,2026-09-13 19:54:09
2026-09-13 19:51:17,BUSO752,SO51,Leland Gardner,35,13,0,2026-09-13 19:54:09
2026-09-13 19:51:17,BUSO758G,SO51,James Seward,35,11,0,2026-09-13 19:54:09
2026-09-13 19:51:17,BUSO758M,SO51,Paulo Prochno,49,2,0,2026-09-13 19:54:09
2026-09-13 19:51:17,BUSO758M,SO52,Paulo Prochno,49,3,0,2026-09-13 19:54:09
2026-09-13 19:51:17,BUSO758T,SO51,Michael Cichello,35,18,0,2026-09-13 19:54:09
2026-09-13 19:51:17,BUSO758W,SO51,Yogesh Joshi,33,2,0,2026-09-13 19:54:10
2026-09-13 19:51:17,BUSO758W,SO52,Yogesh Joshi,33,2,0,2026-09-13 19:54:10
2026-09-13 19:51:17,BUSO758X,SO51,Pallassana Kannan,49,3,0,2026-09-13 19:54:10
2026-09-13 19:51:17,BUSO788F,GX01,Judy Frels,25,6,0,2026-09-13 19:54:10
2026-09-13 19:51:17,BUSO788W,GX01,Zhi-Long Chen,30,5,0,2026-09-13 19:54:10
2026-09-13 19:51:17,CHSE200,0101,Betsy Tornquist,10,1,0,2026-09-13 19:54:27
2026-09-13 19:51:17,CHSE205,0101,Yewon Lee,60,0,2,2026-09-13 19:54:28
2026-09-13 19:51:17,CHSE205,0201,Yewon Lee,60,0,1,2026-09-13 19:54:28
2026-09-13 19:51:17,CHSE228C,0101,Nikita Kimani,20,0,0,2026-09-13 19:54:28
2026-09-13 19:51:17,CHSE228C,0201,Nikita Kimani,20,0,0,2026-09-13 19:54:28
2026-09-13 19:51:17,CHSE228C,0301,Nikita Kimani,20,0,0,2026-09-13 19:54:28
2026-09-13 19:51:17,CHSE230,0101,Isabelle Grable,25,16,0,2026-09-13 19:54:28
2026-09-13 19:51:17,CHSE376,0101,Michael Dunham,22,0,3,2026-09-13 19:54:28
2026-09-13 19:51:17,CHSE376,0201,Colleen McGilpin,20,0,4,2026-09-13 19:54:28
2026-09-13 19:51:17,CHSE376,0301,Elizabeth Martinez,20,0,0,2026-09-13 19:54:28
2026-09-13 19:51:17,CHSE376,0401,Chanai Brewster,20,4,0,2026-09-13 19:54:28
2026-09-13 19:51:17,CHSE476,0101,Michael Dunham,20,6,0,2026-09-13 19:54:29
2026-09-13 19:51:17,CHSE477,0101,Michael Dunham,15,4,0,2026-09-13 19:54:29
2026-09-13 19:51:17,CHSE489,1901,Amy D'Agati,15,10,0,2026-09-13 19:54:29
2026-09-13 19:51:17,CINE245,0101,Eric Zakim,22,0,1,2026-09-13 19:54:34
2026-09-13 19:51:17,CINE245,0102,Eric Zakim,22,0,2,2026-09-13 19:54:34
2026-09-13 19:51:17,CINE245,0103,Eric Zakim,22,0,2,2026-09-13 19:54:34
2026-09-13 19:51:17,CINE245,0104,Eric Zakim,22,0,1,2026-09-13 19:54:34
2026-09-13 19:51:17,CINE280,0101,Porter Olsen,30,0,1,2026-09-13 19:54:34
2026-09-13 19:51:17,CINE280,0201,John Tobin,30,0,1,2026-09-13 19:54:34
2026-09-13 19:51:17,CINE298A,0101,Caroline Eades,20,0,0,2026-09-13 19:54:34
2026-09-13 19:51:17,CINE301,0101,Eric Zakim,30,0,0,2026-09-13 19:54:34
2026-09-13 19:51:17,CINE310,0101,Nathaniel Stevens,15,2,0,2026-09-13 19:54:35
2026-09-13 19:51:17,CINE315,0101,Yael Inbar,15,0,0,2026-09-13 19:54:35
2026-09-13 19:51:17,CINE319G,0101,Oliver Gaycken,25,15,0,2026-09-13 19:54:35
2026-09-13 19:51:17,CINE319P,5501,Samuel Crawford,11,0,1,2026-09-13 19:54:35
2026-09-13 19:51:17,CINE319Z,0101,Paul Cote,25,7,0,2026-09-13 19:54:35
2026-09-13 19:51:17,CINE329T,0101,Daniel Richter,25,0,4,2026-09-13 19:54:35
2026-09-13 19:51:17,CINE332,0101,Parker Brookie,25,0,0,2026-09-13 19:54:36
2026-09-13 19:51:17,CINE334,0101,Elizabeth Papazian,25,0,0,2026-09-13 19:54:36
2026-09-13 19:51:17,CINE337,0101,Jason Kuo,25,0,1,2026-09-13 19:54:36
2026-09-13 19:51:17,CINE342,0101,Luka Arsenjuk,20,0,1,2026-09-13 19:54:37
2026-09-13 19:51:17,CINE350,0101,John Drabinski,20,0,0,2026-09-13 19:54:37
2026-09-13 19:51:17,CINE359C,0101,Daniel Richter,25,0,2,2026-09-13 19:54:37
2026-09-13 19:51:17,CINE369B,0101,Eva Hageman,30,1,0,2026-09-13 19:54:37
2026-09-13 19:51:17,CINE369K,0101,Paul Cote,20,0,1,2026-09-13 19:54:37
2026-09-13 19:51:17,CINE376,0101,Ross Angelella,15,3,0,2026-09-13 19:54:37
2026-09-13 19:51:17,CINE376,0102,Ross Angelella,5,2,0,2026-09-13 19:54:37
2026-09-13 19:51:17,CINE415,0101,Mathew Bainbridge,15,0,0,2026-09-13 19:54:38
2026-09-13 19:51:17,CINE419P,0101,Oliver Gaycken,20,14,0,2026-09-13 19:54:38
2026-09-13 19:51:17,CINE459P,0101,Luka Arsenjuk,20,0,2,2026-09-13 19:54:38
2026-09-13 19:51:17,CLAS170,0101,Chiara Graf,21,1,0,2026-09-13 19:54:40
2026-09-13 19:51:17,CLAS170,0102,Chiara Graf,21,0,0,2026-09-13 19:54:40
2026-09-13 19:51:17,CLAS170,0103,Chiara Graf,21,0,0,2026-09-13 19:54:40
2026-09-13 19:51:17,CLAS170,0104,Chiara Graf,21,0,0,2026-09-13 19:54:40
2026-09-13 19:51:17,CLAS170,0105,Chiara Graf,21,0,0,2026-09-13 19:54:40
2026-09-13 19:51:17,CLAS170,0106,Chiara Graf,21,0,0,2026-09-13 19:54:40
2026-09-13 19:51:17,CLAS170,0107,Chiara Graf,21,0,0,2026-09-13 19:54:40
2026-09-13 19:51:17,CLAS170,0108,Chiara Graf,21,1,0,2026-09-13 19:54:40
2026-09-13 19:51:17,CLAS170,0109,Chiara Graf,22,0,0,2026-09-13 19:54:40
2026-09-13 19:51:17,CLAS170,FC01,Chelsea Stolt,28,4,0,2026-09-13 19:54:40
2026-09-13 19:51:17,CLAS170,FC02,Chelsea Stolt,28,0,0,2026-09-13 19:54:40
2026-09-13 19:51:17,CLAS170,FC03,Eugenia Lao,28,8,0,2026-09-13 19:54:40
2026-09-13 19:51:17,CLAS170,FC05,Charis Addai,28,5,0,2026-09-13 19:54:40
2026-09-13 19:51:17,CLAS277,0101,Chiara Graf,25,0,0,2026-09-13 19:54:40
2026-09-13 19:51:17,CLAS277,0102,Chiara Graf,25,1,0,2026-09-13 19:54:40
2026-09-13 19:51:17,CLAS277,0103,Chiara Graf,25,4,0,2026-09-13 19:54:40
2026-09-13 19:51:17,CLAS277,0104,Chiara Graf,25,1,0,2026-09-13 19:54:40
2026-09-13 19:51:17,CLAS277,0105,Chiara Graf,25,0,0,2026-09-13 19:54:40
2026-09-13 19:51:17,CLAS277,0106,Chiara Graf,25,1,0,2026-09-13 19:54:40
2026-09-13 19:51:17,CLAS305,0101,Jorge Bravo,35,1,0,2026-09-13 19:54:40
2026-09-13 19:51:17,CLAS309N,0101,Nathan Levine,35,26,0,2026-09-13 19:54:40
2026-09-13 19:51:17,CLAS310,0101,Rachel Singpurwalla,20,0,1,2026-09-13 19:54:40
2026-09-13 19:51:17,CLAS310,0102,Rachel Singpurwalla,20,0,2,2026-09-13 19:54:40
2026-09-13 19:51:17,CLAS310,0103,Rachel Singpurwalla,20,0,3,2026-09-13 19:54:40
2026-09-13 19:51:17,CLAS312,0101,Polyvia Parara,35,7,0,2026-09-13 19:54:41
2026-09-13 19:51:17,CMLT235,0101,Brielle Gorrell,30,2,0,2026-09-13 19:54:44
2026-09-13 19:51:17,CMLT270,0101,Hannah (Toyin) Adeyemi,30,0,0,2026-09-13 19:54:44
2026-09-13 19:51:17,CMLT270,0201,Shakiba Sharifpour,30,1,0,2026-09-13 19:54:44
2026-09-13 19:51:17,CMLT275,0201,Abhinav Bhardwaj,30,0,1,2026-09-13 19:54:44
2026-09-13 19:51:17,CMLT277,0101,Nahid Ahmadian,30,2,0,2026-09-13 19:54:44
2026-09-13 19:51:17,CMLT280,0101,Porter Olsen,30,0,1,2026-09-13 19:54:44
2026-09-13 19:51:17,CMLT280,0201,John Tobin,30,0,1,2026-09-13 19:54:44
2026-09-13 19:51:17,CPBE100,0101,Oliver Schlake,95,25,0,2026-09-13 19:55:06
2026-09-13 19:51:17,CPBE200,0101,Oliver Schlake,75,33,0,2026-09-13 19:55:06
2026-09-13 19:51:17,CPBE225,0101,Ira Koretsky,38,13,0,2026-09-13 19:55:06
2026-09-13 19:51:17,CPBE225,0102,Ira Koretsky,38,22,0,2026-09-13 19:55:06
2026-09-13 19:51:17,CPCV100,0101,Julie Randolph,40,1,0,2026-09-13 19:55:08
2026-09-13 19:51:17,CPCV100,0201,Julie Randolph,40,8,0,2026-09-13 19:55:08
2026-09-13 19:51:17,CPCV200,0101,Julie Randolph,35,1,0,2026-09-13 19:55:08
2026-09-13 19:51:17,CPCV200,0201,Julie Randolph,35,15,0,2026-09-13 19:55:08
2026-09-13 19:51:17,CPCV225,0101,Korey Rothman,75,4,0,2026-09-13 19:55:08
2026-09-13 19:51:17,CPDJ100,0101,Jess Feltner,75,2,0,2026-09-13 19:55:09
2026-09-13 19:51:17,CPDJ200,0101,Andrew Fellows,75,37,0,2026-09-13 19:55:09
2026-09-13 19:51:17,CPET100,0101,Tim Knight,75,4,0,2026-09-13 19:55:11
2026-09-13 19:51:17,CPET200,0101,Tim Knight,75,7,0,2026-09-13 19:55:11
2026-09-13 19:51:17,CPGH100,0101,John Wiggins,85,7,0,2026-09-13 19:55:12
2026-09-13 19:51:17,CPGH200,0101,John Wiggins,75,18,0,2026-09-13 19:55:12
2026-09-13 19:51:17,CPJT100,0101,Justine DeCamillis,75,7,0,2026-09-13 19:55:14
2026-09-13 19:51:17,CPJT200,0101,Justine DeCamillis,75,21,0,2026-09-13 19:55:14
2026-09-13 19:51:17,CPMS100,0101,Alison Burns,75,0,0,2026-09-13 19:55:15
2026-09-13 19:51:17,CPMS200,0101,Alison Burns,75,11,0,2026-09-13 19:55:15
2026-09-13 19:51:17,CPMS225,0101,Alison Burns,75,0,0,2026-09-13 19:55:16
2026-09-13 19:51:17,CPMS230,0101,Alison Burns,30,11,0,2026-09-13 19:55:16
2026-09-13 19:51:17,CPMS240,0101,Carole Lee,20,18,0,2026-09-13 19:55:16
2026-09-13 19:51:17,CPPL100,0101,Kelly Brower,78,2,0,2026-09-13 19:55:17
2026-09-13 19:51:17,CPPL200,0101,Susannah Washburn,75,15,0,2026-09-13 19:55:17
2026-09-13 19:51:17,CPSA100,0101,Andrea Cesar,75,12,0,2026-09-13 19:55:18
2026-09-13 19:51:17,CPSA200,0101,Andrea Cesar,75,34,0,2026-09-13 19:55:19
2026-09-13 19:51:17,CPSF100,0101,Nicholas Fletcher,85,1,0,2026-09-13 19:55:20
2026-09-13 19:51:17,CPSF200,0101,Nicholas Fletcher,75,5,0,2026-09-13 19:55:20
2026-09-13 19:51:17,CPSG100,0101,Thomas Holtz,85,11,0,2026-09-13 19:55:21
2026-09-13 19:51:17,CPSG200,0101,Thomas Holtz,75,29,0,2026-09-13 19:55:21
2026-09-13 19:51:17,CPSN100,0101,Hansol Kwak,85,5,0,2026-09-13 19:55:23
2026-09-13 19:51:17,CPSN200,0101,Stacy Kosko,75,42,0,2026-09-13 19:55:23
2026-09-13 19:51:17,CPSN230,0101,Sarah Kilmer,20,18,0,2026-09-13 19:55:23
2026-09-13 19:51:17,CPSN240,0101,Sarah Kilmer,10,7,0,2026-09-13 19:55:23
2026-09-13 19:51:17,CPSN250,0101,Sarah Kilmer,5,5,0,2026-09-13 19:55:23
2026-09-13 19:51:17,CPSP110,0101,Markell Saunders,18,8,0,2026-09-13 19:55:25
2026-09-13 19:51:17,CPSP110,0201,Patrice Greene,18,13,0,2026-09-13 19:55:25
2026-09-13 19:51:17,CPSP220,0101,Tiara Thomas,20,1,0,2026-09-13 19:55:25
2026-09-13 19:51:17,CPSP239A,0101,Heather-Erin Bremenstuhl,10,5,0,2026-09-13 19:55:25
2026-09-13 19:51:17,CPSP269C,0101,Korey Rothman,5,5,0,2026-09-13 19:55:25
2026-09-13 19:51:17,CPSP339P,0101,Susannah Washburn,10,7,0,2026-09-13 19:55:25
2026-09-13 19:51:17,CPSS100,0101,Nicole Mogul,85,6,0,2026-09-13 19:55:26
2026-09-13 19:51:17,CPSS220,0101,Nicole Mogul,20,2,0,2026-09-13 19:55:27
2026-09-13 19:51:17,CPSS225,0101,Roan Parrish,20,14,0,2026-09-13 19:55:27
2026-09-13 19:51:17,CPSS340,0101,David Tomblin,20,5,0,2026-09-13 19:55:27
2026-09-13 19:51:17,CRLN101,0103,Myles Alexander,25,1,0,2026-09-13 19:55:32
2026-09-13 19:51:17,CRLN101,0104,Tami Smith,26,0,0,2026-09-13 19:55:32
2026-09-13 19:51:17,CRLN101,0105,Denis Garcia Reyes,25,0,0,2026-09-13 19:55:32
2026-09-13 19:51:17,CRLN101,0106,Mitch Woolley,25,4,0,2026-09-13 19:55:32
2026-09-13 19:51:17,CRLN101,0107,Esohe Owie,25,0,0,2026-09-13 19:55:32
2026-09-13 19:51:17,DATA100,0111,Matthew Griffin,33,4,0,2026-09-13 19:55:42
2026-09-13 19:51:17,DATA100,0112,Matthew Griffin,35,2,0,2026-09-13 19:55:42
2026-09-13 19:51:17,DATA100,0121,Matthew Griffin,35,2,0,2026-09-13 19:55:42
2026-09-13 19:51:17,DATA100,0122,Matthew Griffin,33,0,0,2026-09-13 19:55:42
2026-09-13 19:51:17,DATA100,0123,Matthew Griffin,33,1,0,2026-09-13 19:55:42
2026-09-13 19:51:17,DATA100,0124,Matthew Griffin,33,0,0,2026-09-13 19:55:42
2026-09-13 19:51:17,DATA100,0131,Matthew Griffin,33,1,0,2026-09-13 19:55:42
2026-09-13 19:51:17,DATA100,0141,Matthew Griffin,35,0,0,2026-09-13 19:55:42
2026-09-13 19:51:17,DATA100,0142,Matthew Griffin,33,0,0,2026-09-13 19:55:42
2026-09-13 19:51:17,DATA100,0211,Matthew Griffin,33,1,0,2026-09-13 19:55:42
2026-09-13 19:51:17,DATA100,0212,Matthew Griffin,35,0,0,2026-09-13 19:55:42
2026-09-13 19:51:17,DATA100,0221,Matthew Griffin,30,0,0,2026-09-13 19:55:42
2026-09-13 19:51:17,DATA100,0223,Matthew Griffin,32,0,0,2026-09-13 19:55:42
2026-09-13 19:51:17,DATA100,0224,Matthew Griffin,30,1,0,2026-09-13 19:55:42
2026-09-13 19:51:17,DATA100,0231,Matthew Griffin,33,2,0,2026-09-13 19:55:42
2026-09-13 19:51:17,DATA100,0311,Archana Khurana,35,6,0,2026-09-13 19:55:42
2026-09-13 19:51:17,DATA100,0312,Archana Khurana,35,1,0,2026-09-13 19:55:42
2026-09-13 19:51:17,DATA100,0321,Archana Khurana,35,0,0,2026-09-13 19:55:42
2026-09-13 19:51:17,DATA100,0322,Archana Khurana,35,1,0,2026-09-13 19:55:42
2026-09-13 19:51:17,DATA100,0323,Archana Khurana,35,0,0,2026-09-13 19:55:42
2026-09-13 19:51:17,DATA100,0341,Archana Khurana,35,5,0,2026-09-13 19:55:42
2026-09-13 19:51:17,DATA110,0101,Susan Mazzullo,250,24,0,2026-09-13 19:55:42
2026-09-13 19:51:17,DATA120,0101,Fardina Alam,200,0,2,2026-09-13 19:55:43
2026-09-13 19:51:17,DATA200,0101,Fardina Alam,90,32,0,2026-09-13 19:55:43
2026-09-13 19:51:17,DATA250,0101,Todd Rowland,43,7,0,2026-09-13 19:55:44
2026-09-13 19:51:17,DATA320,0101,Maksym Morawski,15,10,0,2026-09-13 19:55:44
2026-09-13 19:51:17,DATA320,0201,Maksym Morawski,20,10,0,2026-09-13 19:55:44
2026-09-13 19:51:17,DATA320,0301,Fardina Alam,20,1,0,2026-09-13 19:55:44
2026-09-13 19:51:17,DATA350,0101,Raluca Rosca,30,11,0,2026-09-13 19:55:44
2026-09-13 19:51:17,DATA350,0201,Jonathan Fernandes,34,5,0,2026-09-13 19:55:44
2026-09-13 19:51:17,DATA400,0111,Salman Safdar,27,1,0,2026-09-13 19:55:45
2026-09-13 19:51:17,DATA400,0112,Salman Safdar,30,1,0,2026-09-13 19:55:45
2026-09-13 19:51:17,DATA400,0121,Salman Safdar,27,2,0,2026-09-13 19:55:45
2026-09-13 19:51:17,DATA400,0122,Salman Safdar,27,4,0,2026-09-13 19:55:45
2026-09-13 19:51:17,DATA400,0131,Salman Safdar,27,3,0,2026-09-13 19:55:45
2026-09-13 19:51:17,DATA400,0132,Salman Safdar,27,8,0,2026-09-13 19:55:45
2026-09-13 19:51:17,DATA400,0211,Timothy Pilachowski,30,3,0,2026-09-13 19:55:45
2026-09-13 19:51:17,DATA400,0212,Timothy Pilachowski,30,4,0,2026-09-13 19:55:45
2026-09-13 19:51:17,DATA400,0221,Timothy Pilachowski,30,3,0,2026-09-13 19:55:45
2026-09-13 19:51:17,DATA400,0222,Timothy Pilachowski,30,0,0,2026-09-13 19:55:45
2026-09-13 19:51:17,DATA400,0231,Timothy Pilachowski,30,0,0,2026-09-13 19:55:45
2026-09-13 19:51:17,DATA400,0232,Timothy Pilachowski,30,3,0,2026-09-13 19:55:45
2026-09-13 19:51:17,DATA400,0311,Mestiyage Gunatilleka,32,0,1,2026-09-13 19:55:45
2026-09-13 19:51:17,DATA400,0312,Mestiyage Gunatilleka,30,0,2,2026-09-13 19:55:45
2026-09-13 19:51:17,DATA400,0321,Mestiyage Gunatilleka,32,0,1,2026-09-13 19:55:45
2026-09-13 19:51:17,DATA400,0322,Mestiyage Gunatilleka,30,0,1,2026-09-13 19:55:45
2026-09-13 19:51:17,DATA400,0331,Mestiyage Gunatilleka,32,0,1,2026-09-13 19:55:45
2026-09-13 19:51:17,DATA400,0332,Mestiyage Gunatilleka,30,0,1,2026-09-13 19:55:45
2026-09-13 19:51:17,DATA400,0511,Shixin Zheng,35,0,0,2026-09-13 19:55:45
2026-09-13 19:51:17,DATA400,0521,Shixin Zheng,35,0,0,2026-09-13 19:55:45
2026-09-13 19:51:17,DATA400,0531,Shixin Zheng,35,0,0,2026-09-13 19:55:45
2026-09-13 19:51:17,DATA601,PCS1,Sandra Cerrai,50,6,0,2026-09-13 19:55:45
2026-09-13 19:51:17,DATA601,PCS2,Jonathan Fernandes,60,20,0,2026-09-13 19:55:45
2026-09-13 19:51:17,DATA601,PWS1,Leonid Koralov,60,3,0,2026-09-13 19:55:45
2026-09-13 19:51:17,DATA602,PCS1,Sujeong Kim,44,5,0,2026-09-13 19:55:45
2026-09-13 19:51:17,DATA602,PCS2,Sujeong Kim,44,9,0,2026-09-13 19:55:45
2026-09-13 19:51:17,DATA602,PWS1,Fardina Alam,44,3,0,2026-09-13 19:55:45
2026-09-13 19:51:17,DATA603,PCS1,Babak Azimi-Sadjadi,55,14,0,2026-09-13 19:55:45
2026-09-13 19:51:17,DATA603,PWS1,Kemal Davaslioglu,55,19,0,2026-09-13 19:55:45
2026-09-13 19:51:17,DATA605,PCS1,Tammy Perrin,44,30,0,2026-09-13 19:55:45
2026-09-13 19:51:17,DATA605,PCS2,Tammy Perrin,44,21,0,2026-09-13 19:55:45
2026-09-13 19:51:17,DATA605,PWS1,Giacinto Paolo Saggese,44,35,0,2026-09-13 19:55:45
2026-09-13 19:51:17,DATA607,PCS1,Mestiyage Gunatilleka,44,29,0,2026-09-13 19:55:46
2026-09-13 19:51:17,DATA607,PCS2,Kendall Williams,55,0,1,2026-09-13 19:55:46
2026-09-13 19:51:17,DATA607,PCS3,Vincent Lyzinski,44,3,0,2026-09-13 19:55:46
2026-09-13 19:51:17,DATA612,PCS1,Samet Ayhan,50,23,0,2026-09-13 19:55:46
2026-09-13 19:51:17,DATA612,PWS1,Samet Ayhan,44,14,0,2026-09-13 19:55:46
2026-09-13 19:51:17,DATA641,PCS1,Toki Inan,50,19,0,2026-09-13 19:55:46
2026-09-13 19:51:17,DATA641,PWS1,Armin Mehrabian,50,0,0,2026-09-13 19:55:46
2026-09-13 19:51:17,DATA643,PCS1,Charles Forgy,50,30,0,2026-09-13 19:55:46
2026-09-13 19:51:17,DATA650,PCS1,Emre Gunduzhan,54,8,0,2026-09-13 19:55:47
2026-09-13 19:51:17,DATA650,PCS2,Emre Gunduzhan,54,10,0,2026-09-13 19:55:47
2026-09-13 19:51:17,ENAI600,0101,C Ravishankar,35,21,0,2026-09-13 19:56:14
2026-09-13 19:51:17,ENAI600,AEC1,C Ravishankar,20,5,0,2026-09-13 19:56:14
2026-09-13 19:51:17,ENAI601,0101,Richard La,35,22,0,2026-09-13 19:56:14
2026-09-13 19:51:17,ENAI601,AEC1,Richard La,20,8,0,2026-09-13 19:56:14
2026-09-13 19:51:17,ENAI607,0101,Zoltan Safar,29,24,0,2026-09-13 19:56:15
2026-09-13 19:51:17,ENAI607,AEC1,Zoltan Safar,20,9,0,2026-09-13 19:56:15
2026-09-13 19:51:17,ENBC301,ESG1,Sivan Saravanapavan,20,9,0,2026-09-13 19:56:16
2026-09-13 19:51:17,ENBC311,ESG1,Bahaa Ghammraoui,20,11,0,2026-09-13 19:56:16
2026-09-13 19:51:17,ENBC322,ESG1,Kyunghun Lee,20,11,0,2026-09-13 19:56:16
2026-09-13 19:51:17,ENBC331,ESG1,Lan Ma,20,10,0,2026-09-13 19:56:16
2026-09-13 19:51:17,ENBC332,ESG1,Jamasp Azarnoosh,20,11,0,2026-09-13 19:56:16
2026-09-13 19:51:17,ENBC341,ESG1,Jarred Callura,20,12,0,2026-09-13 19:56:17
2026-09-13 19:51:17,ENBC353,ESG1,Jarred Callura,20,15,0,2026-09-13 19:56:17
2026-09-13 19:51:17,ENBC423,ESG1,Jian Su,20,13,0,2026-09-13 19:56:17
2026-09-13 19:51:17,ENBC425,ESG1,Jamasp Azarnoosh,20,13,0,2026-09-13 19:56:17
2026-09-13 19:51:17,ENBC431,ESG1,Lan Ma,20,13,0,2026-09-13 19:56:17
2026-09-13 19:51:17,ENEB302,ESG1,Wesley Lawson,20,3,0,2026-09-13 19:56:27
2026-09-13 19:51:17,ENEB340,ESG1,Nestor Michael Tiglao,20,3,0,2026-09-13 19:56:27
2026-09-13 19:51:17,ENEB341,ESG1,Nestor Michael Tiglao,20,3,0,2026-09-13 19:56:27
2026-09-13 19:51:17,ENEB344,ESG1,Jerry Wu,20,3,0,2026-09-13 19:56:27
2026-09-13 19:51:17,ENEB346,ESG1,Nestor Michael Tiglao,20,13,0,2026-09-13 19:56:27
2026-09-13 19:51:17,ENEB354,ESG1,Yavuz Oruc,20,2,0,2026-09-13 19:56:27
2026-09-13 19:51:17,ENEB408A,ESG1,Nestor Michael Tiglao,20,13,0,2026-09-13 19:56:28
2026-09-13 19:51:17,ENEB444,ESG1,Manoj Franklin,20,13,0,2026-09-13 19:56:28
2026-09-13 19:51:17,ENEB454,ESG1,Jerry Wu,20,13,0,2026-09-13 19:56:28
2026-09-13 19:51:17,ENED036,0101,Hillary Owusu,20,5,0,2026-09-13 19:56:29
2026-09-13 19:51:17,ENED101,0101,Shannon Bate,20,0,0,2026-09-13 19:56:39
2026-09-13 19:51:17,ENED115,0101,Friedrich Alvarez,100,6,0,2026-09-13 19:56:39
2026-09-13 19:51:17,ENED215,0101,Tyler Huddleston,30,0,0,2026-09-13 19:56:39
2026-09-13 19:51:17,ENED215,0102,Samantha Sabihi,40,26,0,2026-09-13 19:56:39
2026-09-13 19:51:17,ENED215,0103,Paige Smith,6,0,0,2026-09-13 19:56:39
2026-09-13 19:51:17,ENED290H,0101,Christopher Troilo,46,1,0,2026-09-13 19:56:39
2026-09-13 19:51:17,ENED390H,0101,Tony Barber,50,13,0,2026-09-13 19:56:39
2026-09-13 19:51:17,ENED394H,0101,Manmohan Aseri,65,14,0,2026-09-13 19:56:40
2026-09-13 19:51:17,ENED397,0101,Emily Marks,9,0,0,2026-09-13 19:56:40
2026-09-13 19:51:17,ENED490H,0101,Maria Bardossy,45,1,0,2026-09-13 19:56:40
2026-09-13 19:51:17,ENED491,0101,Jessica Roffe,10,1,0,2026-09-13 19:56:40
2026-09-13 19:51:17,ENMT301,ESG1,Colleen Murray,15,8,0,2026-09-13 19:57:22
2026-09-13 19:51:17,ENMT322,ESG1,Norman Wereley,15,9,0,2026-09-13 19:57:22
2026-09-13 19:51:17,ENMT361,ESG1,Young Choi,15,8,0,2026-09-13 19:57:22
2026-09-13 19:51:17,ENMT380,ESG1,Gurtajbir Herr,15,8,0,2026-09-13 19:57:22
2026-09-13 19:51:17,ENMT450,ESG1,Nicholas Limparis,7,5,0,2026-09-13 19:57:23
2026-09-13 19:51:17,ENMT471,ESG1,Colleen Murray,7,5,0,2026-09-13 19:57:23
2026-09-13 19:51:17,ENMT473,ESG1,Gurtajbir Herr,7,4,0,2026-09-13 19:57:23
2026-09-13 19:51:17,ENMT483,ESG1,Nicholas Limparis,7,5,0,2026-09-13 19:57:23
2026-09-13 19:51:17,ENMT499,ESG4,Nicholas Limparis,2,1,0,2026-09-13 19:57:23
2026-09-13 19:51:17,ENSE621,0101,Tony Barber,22,16,0,2026-09-13 19:57:29
2026-09-13 19:51:17,ENSE621,SY01,Tony Barber,15,0,0,2026-09-13 19:57:29
2026-09-13 19:51:17,ENSE623,0101,Steven Biemer,17,14,0,2026-09-13 19:57:29
2026-09-13 19:51:17,ENSE623,SY01,Steven Biemer,15,11,0,2026-09-13 19:57:29
2026-09-13 19:51:17,ENSE626,0101,Dane Cooper,20,16,0,2026-09-13 19:57:29
2026-09-13 19:51:17,ENSE626,SY01,Dane Cooper,15,9,0,2026-09-13 19:57:29
2026-09-13 19:51:17,ENSP101,0101,Annette Spivy,25,0,0,2026-09-13 19:57:31
2026-09-13 19:51:17,ENSP101,0102,Annette Spivy,24,0,0,2026-09-13 19:57:31
2026-09-13 19:51:17,ENSP101,0103,Annette Spivy,24,2,0,2026-09-13 19:57:31
2026-09-13 19:51:17,ENSP101,0104,Annette Spivy,24,1,0,2026-09-13 19:57:31
2026-09-13 19:51:17,ENSP101,0105,Annette Spivy,25,1,0,2026-09-13 19:57:31
2026-09-13 19:51:17,ENSP101,0106,Annette Spivy,24,0,0,2026-09-13 19:57:31
2026-09-13 19:51:17,ENSP101,0107,Annette Spivy,24,0,0,2026-09-13 19:57:31
2026-09-13 19:51:17,ENSP101,FC01,Annette Spivy,32,1,0,2026-09-13 19:57:31
2026-09-13 19:51:17,ENSP305,0101,Annette Spivy,23,0,1,2026-09-13 19:57:31
2026-09-13 19:51:17,ENSP330,0101,Joanna Goger,35,0,0,2026-09-13 19:57:32
2026-09-13 19:51:17,ENSP340,0101,Caroline Boules,25,0,0,2026-09-13 19:57:32
2026-09-13 19:51:17,ENSP360,0101,Leena Malayil,25,0,5,2026-09-13 19:57:32
2026-09-13 19:51:17,ENSP399R,0601,Annette Spivy,10,10,0,2026-09-13 19:57:32
2026-09-13 19:51:17,ENSP399R,1001,Jennifer Mullinax,10,10,0,2026-09-13 19:57:32
2026-09-13 19:51:17,ENSP400,0101,Joanna Goger,35,13,0,2026-09-13 19:57:33
2026-09-13 19:51:17,ENSP400,0102,Joanna Goger,35,11,0,2026-09-13 19:57:33
2026-09-13 19:51:17,ENVH121,FC01,Brienna Anderson,20,12,0,2026-09-13 19:57:43
2026-09-13 19:51:17,ENVH381,0101,Donald Milton,30,10,0,2026-09-13 19:57:43
2026-09-13 19:51:17,FGSM310,0101,Peter Owen,24,1,0,2026-09-13 19:57:46
2026-09-13 19:51:17,FGSM315,0101,Emily Shetty,22,0,0,2026-09-13 19:57:47
2026-09-13 19:51:17,FGSM320,0101,Woodie Kessel,24,2,0,2026-09-13 19:57:47
2026-09-13 19:51:17,FGSM325,0101,Rob Long,20,1,0,2026-09-13 19:57:47
2026-09-13 19:51:17,FGSM330,0101,Andrew Fausett,22,2,0,2026-09-13 19:57:47
2026-09-13 19:51:17,FGSM340,0101,Ed Fendley,22,1,0,2026-09-13 19:57:47
2026-09-13 19:51:17,FGSM350,0101,Sean Misko,22,1,0,2026-09-13 19:57:48
2026-09-13 19:51:17,FGSM355,0101,Amanda Schoch,20,0,0,2026-09-13 19:57:48
2026-09-13 19:51:17,FGSM360,0101,Nadia Farra,21,0,0,2026-09-13 19:57:48
2026-09-13 19:51:17,FGSM365,0101,Andrew Nissen,20,2,0,2026-09-13 19:57:48
2026-09-13 19:51:17,FGSM370,0101,Joshua Glasser,20,0,0,2026-09-13 19:57:48
2026-09-13 19:51:17,FGSM390,0101,Sasha Koo-Oshima,20,3,0,2026-09-13 19:57:48
2026-09-13 19:51:17,FGSM398,0101,Jayakumar Arasan,25,21,0,2026-09-13 19:57:49
2026-09-13 19:51:17,FGSM398,0201,Jayakumar Arasan,5,2,0,2026-09-13 19:57:49
2026-09-13 19:51:17,FIRE120,0101,Jessica O'Hara,36,0,0,2026-09-13 19:57:50
2026-09-13 19:51:17,FIRE120,0102,Shannon Hilton,36,7,0,2026-09-13 19:57:50
2026-09-13 19:51:17,FIRE120,0103,Jaclyn Bruner,36,2,0,2026-09-13 19:57:50
2026-09-13 19:51:17,FIRE120,0104,Danielle Niu,36,0,0,2026-09-13 19:57:50
2026-09-13 19:51:17,FIRE120,0105,Cherisse Hall,36,0,0,2026-09-13 19:57:50
2026-09-13 19:51:17,FIRE120,0106,Sara Strey,36,0,0,2026-09-13 19:57:50
2026-09-13 19:51:17,FIRE120,0107,Helene Nguemgaing,36,1,0,2026-09-13 19:57:50
2026-09-13 19:51:17,FIRE120,0108,Mary Chey,36,0,0,2026-09-13 19:57:50
2026-09-13 19:51:17,FIRE120,0109,Shannon Hilton,36,0,0,2026-09-13 19:57:50
2026-09-13 19:51:17,FIRE120,0110,Lena Johnson,36,0,0,2026-09-13 19:57:50
2026-09-13 19:51:17,FIRE120,0111,Benjamin Huffman,36,0,0,2026-09-13 19:57:50
2026-09-13 19:51:17,FIRE120,0112,Mary Chey,36,1,0,2026-09-13 19:57:50
2026-09-13 19:51:17,FIRE120,0113,Elizabeth Massey,36,8,0,2026-09-13 19:57:50
2026-09-13 19:51:17,FIRE120,0114,Benjamin Huffman,36,0,0,2026-09-13 19:57:50
2026-09-13 19:51:17,FIRE120,FC01,Danielle Niu,40,0,7,2026-09-13 19:57:50
2026-09-13 19:51:17,FIRE298,0101,Catherine Spirito,28,3,0,2026-09-13 19:57:51
2026-09-13 19:51:17,FIRE298,0103,Cherisse Hall,36,7,0,2026-09-13 19:57:51
2026-09-13 19:51:17,FIRE298,0104,Jessica O'Hara,36,4,0,2026-09-13 19:57:51
2026-09-13 19:51:17,FIRE298,0105,Kaylee Bloom,36,7,0,2026-09-13 19:57:51
2026-09-13 19:51:17,FIRE298,0106,Danielle Niu,36,16,0,2026-09-13 19:57:51
2026-09-13 19:51:17,FIRE298,0107,Benjamin Huffman,40,1,0,2026-09-13 19:57:51
2026-09-13 19:51:17,FIRE298,0108,Elizabeth Massey,40,14,0,2026-09-13 19:57:51
2026-09-13 19:51:17,FIRE298,0109,Shannon Hilton,40,6,0,2026-09-13 19:57:51
2026-09-13 19:51:17,FIRE298,0110,Jaclyn Bruner,40,19,0,2026-09-13 19:57:51
2026-09-13 19:51:17,FIRE298,0111,Mary Chey,36,4,0,2026-09-13 19:57:51
2026-09-13 19:51:17,FIRE298,0112,Helene Nguemgaing,40,16,0,2026-09-13 19:57:51
2026-09-13 19:51:17,FIRE298,0113,Kristina Kramarczuk,40,11,0,2026-09-13 19:57:51
2026-09-13 19:51:17,FIRE298,0114,Shabnam Jabeen,40,22,0,2026-09-13 19:57:51
2026-09-13 19:51:17,FIRE298,0115,Sara Strey,40,14,0,2026-09-13 19:57:51
2026-09-13 19:51:17,FIRE298,0116,Lena Johnson,40,6,0,2026-09-13 19:57:51
2026-09-13 19:51:17,FIRE398,0101,Catherine Spirito,15,2,0,2026-09-13 19:57:51
2026-09-13 19:51:17,FIRE398,0103,Cherisse Hall,15,5,0,2026-09-13 19:57:51
2026-09-13 19:51:17,FIRE398,0104,Jessica O'Hara,15,1,0,2026-09-13 19:57:51
2026-09-13 19:51:17,FIRE398,0105,Kaylee Bloom,15,2,0,2026-09-13 19:57:51
2026-09-13 19:51:17,FIRE398,0106,Danielle Niu,15,10,0,2026-09-13 19:57:51
2026-09-13 19:51:17,FIRE398,0107,Benjamin Huffman,15,3,0,2026-09-13 19:57:51
2026-09-13 19:51:17,FIRE398,0108,Elizabeth Massey,15,6,0,2026-09-13 19:57:51
2026-09-13 19:51:17,FIRE398,0109,Shannon Hilton,15,6,0,2026-09-13 19:57:51
2026-09-13 19:51:17,FIRE398,0110,Jaclyn Bruner,15,9,0,2026-09-13 19:57:51
2026-09-13 19:51:17,FIRE398,0111,Mary Chey,15,3,0,2026-09-13 19:57:51
2026-09-13 19:51:17,FIRE398,0112,Helene Nguemgaing,15,15,0,2026-09-13 19:57:51
2026-09-13 19:51:17,FIRE398,0113,Kristina Kramarczuk,15,8,0,2026-09-13 19:57:51
2026-09-13 19:51:17,FIRE398,0114,Shabnam Jabeen,15,15,0,2026-09-13 19:57:51
2026-09-13 19:51:17,FIRE398,0115,Sara Strey,15,14,0,2026-09-13 19:57:51
2026-09-13 19:51:17,FIRE398,0116,Lena Johnson,15,11,0,2026-09-13 19:57:51
2026-09-13 19:51:17,GBHL200,0101,Hassanatu Blake,30,0,0,2026-09-13 19:58:03
2026-09-13 19:51:17,GBHL200,FC01,Zandra Andre,25,3,0,2026-09-13 19:58:03
2026-09-13 19:51:17,GBHL210,0101,Leena Malayil,25,8,0,2026-09-13 19:58:03
2026-09-13 19:51:17,GEMS101,0101,Allison Lansverk,10,1,0,2026-09-13 19:58:05
2026-09-13 19:51:17,GEMS101,0103,Allison Lansverk,10,0,0,2026-09-13 19:58:05
2026-09-13 19:51:17,GEMS101,0104,Allison Lansverk,10,0,0,2026-09-13 19:58:05
2026-09-13 19:51:17,GEMS101,0105,Allison Lansverk,10,0,0,2026-09-13 19:58:05
2026-09-13 19:51:17,GEMS101,0106,Allison Lansverk,10,0,0,2026-09-13 19:58:05
2026-09-13 19:51:17,GEMS101,0107,Allison Lansverk,10,0,0,2026-09-13 19:58:05
2026-09-13 19:51:17,GEMS101,0109,Allison Lansverk,10,0,0,2026-09-13 19:58:05
2026-09-13 19:51:17,GEMS101,0111,Allison Lansverk,10,0,0,2026-09-13 19:58:05
2026-09-13 19:51:17,GEMS101,0113,Allison Lansverk,10,0,0,2026-09-13 19:58:05
2026-09-13 19:51:17,GEMS101,0114,Allison Lansverk,10,0,0,2026-09-13 19:58:05
2026-09-13 19:51:17,GEMS202,0101,David Lovell,168,43,0,2026-09-13 19:58:05
2026-09-13 19:51:17,GEMS208A,0101,Allison Lansverk,14,14,0,2026-09-13 19:58:05
2026-09-13 19:51:17,GEMS208B,0101,Allison Lansverk,14,14,0,2026-09-13 19:58:05
2026-09-13 19:51:17,GEMS208C,0101,Allison Lansverk,23,10,0,2026-09-13 19:58:05
2026-09-13 19:51:17,GEMS208D,0101,Allison Lansverk,10,9,0,2026-09-13 19:58:06
2026-09-13 19:51:17,GEMS208P,0101,Allison Lansverk,20,5,0,2026-09-13 19:58:06
2026-09-13 19:51:17,GEMS296,0101,Sehrish Shikarpurya,14,6,0,2026-09-13 19:58:06
2026-09-13 19:51:17,GEMS296,0102,David Lovell,14,1,0,2026-09-13 19:58:06
2026-09-13 19:51:17,GEMS296,0103,Myles Poulin,14,1,0,2026-09-13 19:58:06
2026-09-13 19:51:17,GEMS296,0104,Raymond Adomaitis,14,3,0,2026-09-13 19:58:06
2026-09-13 19:51:17,GEMS296,0105,Rodolphe Gentili,14,4,0,2026-09-13 19:58:06
2026-09-13 19:51:17,GEMS296,0106,Jared Grauer,14,6,0,2026-09-13 19:58:06
2026-09-13 19:51:17,GEMS296,0107,Fengfeng Ke,14,4,0,2026-09-13 19:58:06
2026-09-13 19:51:17,GEMS296,0108,Eric Silk,14,4,0,2026-09-13 19:58:06
2026-09-13 19:51:17,GEMS296,0109,Huang Chiao Huang,14,1,0,2026-09-13 19:58:06
2026-09-13 19:51:17,GEMS296,0110,Mengqiang Zhu,14,6,0,2026-09-13 19:58:06
2026-09-13 19:51:17,GEMS296,0111,Maria Molina,14,6,0,2026-09-13 19:58:06
2026-09-13 19:51:17,GEMS296,0112,Erin Tran,14,1,0,2026-09-13 19:58:06
2026-09-13 19:51:17,GEMS296,0113,Instructor: TBA,5,5,0,2026-09-13 19:58:06
2026-09-13 19:51:17,GEMS296,0114,Instructor: TBA,14,14,0,2026-09-13 19:58:06
2026-09-13 19:51:17,GEMS296,0115,David Lovell,5,5,0,2026-09-13 19:58:06
2026-09-13 19:51:17,GEMS297,0113,Instructor: TBA,5,5,0,2026-09-13 19:58:06
2026-09-13 19:51:17,GEMS396,0101,Michael Humber,14,7,0,2026-09-13 19:58:06
2026-09-13 19:51:17,GEMS396,0102,Seth Dickey,14,2,0,2026-09-13 19:58:06
2026-09-13 19:51:17,GEMS396,0103,Cecilia Huertas Cerdeira,14,7,0,2026-09-13 19:58:06
2026-09-13 19:51:17,GEMS396,0104,Rodolphe Gentili,14,2,0,2026-09-13 19:58:06
2026-09-13 19:51:17,GEMS396,0105,Allison Reilly,14,5,0,2026-09-13 19:58:06
2026-09-13 19:51:17,GEMS396,0106,Peter Sunderland,14,5,0,2026-09-13 19:58:06
2026-09-13 19:51:17,GEMS396,0107,Brett Lacey,14,8,0,2026-09-13 19:58:06
2026-09-13 19:51:17,GEMS396,0108,Natalia Buzulukova,14,4,0,2026-09-13 19:58:06
2026-09-13 19:51:17,GEMS396,0109,Anil Deane,14,4,0,2026-09-13 19:58:06
2026-09-13 19:51:17,GEMS396,0110,Colenso Speer,14,3,0,2026-09-13 19:58:06
2026-09-13 19:51:17,GEMS396,0111,Instructor: TBA,14,14,0,2026-09-13 19:58:06
2026-09-13 19:51:17,GEMS396,0112,Instructor: TBA,14,14,0,2026-09-13 19:58:06
2026-09-13 19:51:17,GEMS396,0113,David Lovell,5,5,0,2026-09-13 19:58:06
2026-09-13 19:51:17,GEMS396,0114,David Lovell,5,5,0,2026-09-13 19:58:06
2026-09-13 19:51:17,GEMS397,0113,David Lovell,5,4,0,2026-09-13 19:58:07
2026-09-13 19:51:17,GEMS496,0101,Eric Haag,14,8,0,2026-09-13 19:58:07
2026-09-13 19:51:17,GEMS496,0102,Mohammad Nayeem Teli,14,10,0,2026-09-13 19:58:07
2026-09-13 19:51:17,GEMS496,0103,Norberto Gonzalez- Juarbe,14,4,0,2026-09-13 19:58:07
2026-09-13 19:51:17,GEMS496,0104,Abhinav Shrivastava,14,6,0,2026-09-13 19:58:07
2026-09-13 19:51:17,GEMS496,0105,Hector Alcala,14,4,0,2026-09-13 19:58:07
2026-09-13 19:51:17,GEMS496,0106,Massimo Ricotti,14,4,0,2026-09-13 19:58:07
2026-09-13 19:51:17,GEMS496,0107,Reza Ghodssi,14,7,0,2026-09-13 19:58:07
2026-09-13 19:51:17,GEMS496,0108,Nikhil Chopra,14,8,0,2026-09-13 19:58:07
2026-09-13 19:51:17,GEMS496,0109,Kimberly Stroka,14,4,0,2026-09-13 19:58:07
2026-09-13 19:51:17,GEMS496,0110,Gorjan Alagic,14,13,0,2026-09-13 19:58:07
2026-09-13 19:51:17,GEMS496,0111,Alisa Clyne,14,6,0,2026-09-13 19:58:07
2026-09-13 19:51:17,GEMS496,0112,Xin Zan,14,10,0,2026-09-13 19:58:07
2026-09-13 19:51:17,GEMS496,0113,Erin Tran,14,14,0,2026-09-13 19:58:07
2026-09-13 19:51:17,GEMS496,0114,David Lovell,5,5,0,2026-09-13 19:58:07
2026-09-13 19:51:17,GEMS497,0107,Instructor: TBA,14,14,0,2026-09-13 19:58:07
2026-09-13 19:51:17,GEMS497,0110,Instructor: TBA,5,5,0,2026-09-13 19:58:07
2026-09-13 19:51:17,GEMS497,0113,David Lovell,5,5,0,2026-09-13 19:58:07
2026-09-13 19:51:17,GFPL100,0101,Joshua Itzkowitz Shifrinson,20,1,0,2026-09-13 19:58:20
2026-09-13 19:51:17,GFPL100,0102,Joshua Itzkowitz Shifrinson,20,1,0,2026-09-13 19:58:20
2026-09-13 19:51:17,GFPL100,0103,Joshua Itzkowitz Shifrinson,20,1,0,2026-09-13 19:58:20
2026-09-13 19:51:17,GFPL100,0104,Joshua Itzkowitz Shifrinson,20,0,0,2026-09-13 19:58:20
2026-09-13 19:51:17,GFPL100,0105,Joshua Itzkowitz Shifrinson,20,2,0,2026-09-13 19:58:20
2026-09-13 19:51:17,GFPL100,0106,Joshua Itzkowitz Shifrinson,25,2,0,2026-09-13 19:58:20
2026-09-13 19:51:17,GFPL100,FC01,Devin Entrikin,30,0,0,2026-09-13 19:58:20
2026-09-13 19:51:17,GFPL102,0101,Caroline Ritter,95,32,0,2026-09-13 19:58:21
2026-09-13 19:51:17,GFPL371,0101,Joshua Itzkowitz Shifrinson,35,0,0,2026-09-13 19:58:21
2026-09-13 19:51:17,GFPL388A,0101,Shannon Carcelli,5,5,0,2026-09-13 19:58:21
2026-09-13 19:51:17,GFPL388B,0101,Hyunki Kim,5,5,0,2026-09-13 19:58:21
2026-09-13 19:51:17,GFPL388C,0101,Scott Kastner,5,0,0,2026-09-13 19:58:21
2026-09-13 19:51:17,GFPL390,0101,Lena Andrews,20,0,0,2026-09-13 19:58:21
2026-09-13 19:51:17,GFPL490,0101,Michael Woldemariam,15,2,0,2026-09-13 19:58:22
2026-09-13 19:51:17,GFPL492,0101,Steve Fetter,20,1,0,2026-09-13 19:58:22
2026-09-13 19:51:17,GLBC200,0101,Chris Lewis,30,4,0,2026-09-13 19:58:23
2026-09-13 19:51:17,GLBC350,0101,Michele Mason,30,27,0,2026-09-13 19:58:23
2026-09-13 19:51:17,HACS100,0101,Cassie Harrington,40,1,0,2026-09-13 19:58:32
2026-09-13 19:51:17,HACS100,0201,Cassie Harrington,40,15,0,2026-09-13 19:58:32
2026-09-13 19:51:17,HACS200,0101,Michel Cukier,34,10,0,2026-09-13 19:58:32
2026-09-13 19:51:17,HACS200,0201,Michel Cukier,34,1,0,2026-09-13 19:58:32
2026-09-13 19:51:17,HACS202,0101,Bertrand Sobesto,52,19,0,2026-09-13 19:58:33
2026-09-13 19:51:17,HACS208A,0101,Lawrence Gordon,20,0,2,2026-09-13 19:58:33
2026-09-13 19:51:17,HACS208C,0101,Lamia Zia,26,9,0,2026-09-13 19:58:33
2026-09-13 19:51:17,HACS208P,0101,Charles Harry,26,0,0,2026-09-13 19:58:33
2026-09-13 19:51:17,HACS297,0101,Sarah Herberger,25,5,0,2026-09-13 19:58:34
2026-09-13 19:51:17,HACS408E,0101,Luke Mains,30,10,0,2026-09-13 19:58:34
2026-09-13 19:51:17,HACS408L,0101,Ian Serbin,30,2,0,2026-09-13 19:58:34
2026-09-13 19:51:17,HACS408M,0101,John McGahagan,30,0,0,2026-09-13 19:58:34
2026-09-13 19:51:17,HACS498,0101,Thomas Woods,7,1,0,2026-09-13 19:58:34
2026-09-13 19:51:17,HACS498,0201,David Trott,9,0,0,2026-09-13 19:58:34
2026-09-13 19:51:17,HACS498,0301,Michel Cukier,8,0,0,2026-09-13 19:58:34
2026-09-13 19:51:17,HBUS100,0101,Jui Ramaprasad,72,4,0,2026-09-13 19:58:36
2026-09-13 19:51:17,HBUS200,0101,Nicole Coomber,60,1,0,2026-09-13 19:58:36
2026-09-13 19:51:17,HDCC105,0101,Antwon Key,70,7,0,2026-09-13 19:58:37
2026-09-13 19:51:17,HDCC201,0101,Jessica Lu,22,0,0,2026-09-13 19:58:37
2026-09-13 19:51:17,HDCC201,0201,Jessica Lu,22,0,0,2026-09-13 19:58:37
2026-09-13 19:51:17,HDCC201,0301,Jessica Lu,22,3,0,2026-09-13 19:58:37
2026-09-13 19:51:17,HDCC208A,0101,William Evans,14,0,0,2026-09-13 19:58:38
2026-09-13 19:51:17,HDCC208J,0101,Grant Bollmer,14,0,0,2026-09-13 19:58:38
2026-09-13 19:51:17,HDCC208P,0101,Cliff Bakalian,14,1,0,2026-09-13 19:58:38
2026-09-13 19:51:17,HDCC208T,0101,Jonathan Reyes,14,0,0,2026-09-13 19:58:38
2026-09-13 19:51:17,HDCC208Z,0101,M Sauter,14,7,0,2026-09-13 19:58:38
2026-09-13 19:51:17,HEBR106,0101,Avital Karpman,15,1,0,2026-09-13 19:58:40
2026-09-13 19:51:17,HEBR106,0201,Avital Karpman,15,5,0,2026-09-13 19:58:40
2026-09-13 19:51:17,HEBR206,0101,Avital Karpman,15,4,0,2026-09-13 19:58:40
2026-09-13 19:51:17,HEBR249C,0101,Aliza Sandalon,15,0,1,2026-09-13 19:58:40
2026-09-13 19:51:17,HEBR298B,0101,Matthew Suriano,25,0,0,2026-09-13 19:58:40
2026-09-13 19:51:17,HEBR313,0101,Aliza Sandalon,20,0,2,2026-09-13 19:58:40
2026-09-13 19:51:17,HGLO100,0101,Alfredo Oliveira,22,7,0,2026-09-13 19:58:49
2026-09-13 19:51:17,HGLO100,0102,Natalie Vinski Ibrahim,22,9,0,2026-09-13 19:58:49
2026-09-13 19:51:17,HGLO100,0103,Natalie Vinski Ibrahim,22,1,0,2026-09-13 19:58:49
2026-09-13 19:51:17,HGLO100,0104,Alfredo Oliveira,22,11,0,2026-09-13 19:58:49
2026-09-13 19:51:17,HGLO101,0101,Sarah Croco,23,3,0,2026-09-13 19:58:49
2026-09-13 19:51:17,HGLO101,0102,Sarah Croco,22,9,0,2026-09-13 19:58:49
2026-09-13 19:51:17,HGLO101,0103,Sarah Croco,22,5,0,2026-09-13 19:58:49
2026-09-13 19:51:17,HGLO101,0104,Sarah Croco,22,13,0,2026-09-13 19:58:49
2026-09-13 19:51:17,HGLO207,0101,Natalie Vinski Ibrahim,25,12,0,2026-09-13 19:58:50
2026-09-13 19:51:17,HGLO208,0101,Sarah Croco,45,25,0,2026-09-13 19:58:50
2026-09-13 19:51:17,HGLO298,0101,Jordan Gouws-Dewar,30,25,0,2026-09-13 19:58:50
2026-09-13 19:51:17,HLSC100,0101,Jalah Townsend,24,3,0,2026-09-13 19:59:10
2026-09-13 19:51:17,HLSC100,0102,Jalah Townsend,24,2,0,2026-09-13 19:59:10
2026-09-13 19:51:17,HLSC100,0103,Jalah Townsend,24,4,0,2026-09-13 19:59:10
2026-09-13 19:51:17,HLSC100,0104,Jalah Townsend,24,7,0,2026-09-13 19:59:10
2026-09-13 19:51:17,HLSC280,0101,Najib El-Sayed,25,3,0,2026-09-13 19:59:10
2026-09-13 19:51:17,HLSC280,0102,Najib El-Sayed,25,4,0,2026-09-13 19:59:10
2026-09-13 19:51:17,HLSC280,0103,Najib El-Sayed,25,4,0,2026-09-13 19:59:10
2026-09-13 19:51:17,HLSC280,0104,Najib El-Sayed,25,9,0,2026-09-13 19:59:10
2026-09-13 19:51:17,HLSC329,0101,Sabrina Kramer,12,4,0,2026-09-13 19:59:11
2026-09-13 19:51:17,HNUH100,0101,Robert Graham,20,3,0,2026-09-13 19:59:19
2026-09-13 19:51:17,HNUH100,0102,Robert Graham,20,0,0,2026-09-13 19:59:19
2026-09-13 19:51:17,HNUH100,0103,Brittany Proudfoot Ginder,20,1,0,2026-09-13 19:59:19
2026-09-13 19:51:17,HNUH100,0104,Max Barnewitz,20,1,0,2026-09-13 19:59:19
2026-09-13 19:51:17,HNUH100,0105,Vasfiye Toprak,20,0,0,2026-09-13 19:59:19
2026-09-13 19:51:17,HNUH100,0106,Vasfiye Toprak,20,2,0,2026-09-13 19:59:19
2026-09-13 19:51:17,HNUH100,0201,Max Barnewitz,20,1,0,2026-09-13 19:59:19
2026-09-13 19:51:17,HNUH100,0202,Max Barnewitz,20,0,0,2026-09-13 19:59:19
2026-09-13 19:51:17,HNUH100,0203,Vasfiye Toprak,20,2,0,2026-09-13 19:59:19
2026-09-13 19:51:17,HNUH100,0204,Vasfiye Toprak,20,0,0,2026-09-13 19:59:19
2026-09-13 19:51:17,HNUH100,0205,Ayondela McDole,20,4,0,2026-09-13 19:59:19
2026-09-13 19:51:17,HNUH100,0206,Ayondela McDole,20,0,0,2026-09-13 19:59:19
2026-09-13 19:51:17,HNUH100,0301,Robert Graham,20,0,0,2026-09-13 19:59:19
2026-09-13 19:51:17,HNUH100,0302,Shauna Rigaud,20,8,0,2026-09-13 19:59:19
2026-09-13 19:51:17,HNUH100,0303,Shauna Rigaud,20,0,0,2026-09-13 19:59:19
2026-09-13 19:51:17,HNUH100,0304,Max Barnewitz,20,3,0,2026-09-13 19:59:19
2026-09-13 19:51:17,HNUH100,0305,Vasfiye Toprak,20,0,0,2026-09-13 19:59:19
2026-09-13 19:51:17,HNUH100,0306,Vasfiye Toprak,20,1,0,2026-09-13 19:59:19
2026-09-13 19:51:17,HNUH100,0401,Gretchen Bella,20,0,0,2026-09-13 19:59:19
2026-09-13 19:51:17,HNUH100,0402,Gretchen Bella,20,6,0,2026-09-13 19:59:19
2026-09-13 19:51:17,HNUH100,0403,Max Barnewitz,20,1,0,2026-09-13 19:59:19
2026-09-13 19:51:17,HNUH100,0404,Ayondela McDole,20,6,0,2026-09-13 19:59:19
2026-09-13 19:51:17,HNUH100,0405,Ayondela McDole,20,0,0,2026-09-13 19:59:19
2026-09-13 19:51:17,HNUH100,0406,Ayondela McDole,20,4,0,2026-09-13 19:59:19
2026-09-13 19:51:17,HNUH100,0501,Leigha McReynolds,10,4,0,2026-09-13 19:59:19
2026-09-13 19:51:17,HNUH100,0601,Brittany Proudfoot Ginder,20,0,0,2026-09-13 19:59:19
2026-09-13 19:51:17,HNUH218D,0101,Brian Gilmore,48,0,2,2026-09-13 19:59:19
2026-09-13 19:51:17,HNUH218L,0101,Shauna Rigaud,20,0,0,2026-09-13 19:59:19
2026-09-13 19:51:17,HNUH218L,0201,Shauna Rigaud,20,0,0,2026-09-13 19:59:19
2026-09-13 19:51:17,HNUH228D,0101,Matthew McLaughlin,60,2,0,2026-09-13 19:59:19
2026-09-13 19:51:17,HNUH228L,0101,Alena Wigodner,20,0,0,2026-09-13 19:59:20
2026-09-13 19:51:17,HNUH228L,0201,Alena Wigodner,20,0,0,2026-09-13 19:59:20
2026-09-13 19:51:17,HNUH228N,0101,Peter Grybauskas,20,0,0,2026-09-13 19:59:20
2026-09-13 19:51:17,HNUH229I,0101,Gretchen Bella,23,3,0,2026-09-13 19:59:20
2026-09-13 19:51:17,HNUH238D,0101,Susan Moeller,60,3,0,2026-09-13 19:59:20
2026-09-13 19:51:17,HNUH238L,0101,Kimberly Johnson,20,2,0,2026-09-13 19:59:20
2026-09-13 19:51:17,HNUH238L,0201,Kimberly Johnson,20,0,0,2026-09-13 19:59:20
2026-09-13 19:51:17,HNUH238N,0101,Hannah Wegmann,20,6,0,2026-09-13 19:59:20
2026-09-13 19:51:17,HNUH239T,0101,Gerald Suarez,20,0,0,2026-09-13 19:59:21
2026-09-13 19:51:17,HNUH248D,0101,Juan Uriagereka,45,3,0,2026-09-13 19:59:21
2026-09-13 19:51:17,HNUH248L,0201,Robert Graham,20,5,0,2026-09-13 19:59:21
2026-09-13 19:51:17,HNUH248M,0101,Hassanatu Blake,20,13,0,2026-09-13 19:59:21
2026-09-13 19:51:17,HNUH248N,0101,Siv Lie,20,0,1,2026-09-13 19:59:21
2026-09-13 19:51:17,HNUH249P,0101,Temim Nusraty,20,2,0,2026-09-13 19:59:21
2026-09-13 19:51:17,HNUH258C,0101,Bill Fagan,55,26,0,2026-09-13 19:59:21
2026-09-13 19:51:17,HNUH258Q,0101,Tiara Thomas,20,1,0,2026-09-13 19:59:22
2026-09-13 19:51:17,HNUH259P,0101,Hooman Koliji,20,2,0,2026-09-13 19:59:22
2026-09-13 19:51:17,HNUH268C,0101,Perla Guerrero,60,35,0,2026-09-13 19:59:22
2026-09-13 19:51:17,HNUH269P,0101,Marisa Franco,20,0,1,2026-09-13 19:59:22
2026-09-13 19:51:17,HNUH278C,0101,Chinyere Osuji,60,37,0,2026-09-13 19:59:22
2026-09-13 19:51:17,HNUH278I,0101,Marisa Franco,20,5,0,2026-09-13 19:59:22
2026-09-13 19:51:17,HNUH278I,0102,Marisa Franco,20,1,0,2026-09-13 19:59:22
2026-09-13 19:51:17,HNUH278R,0101,Max Barnewitz,20,4,0,2026-09-13 19:59:23
2026-09-13 19:51:17,HNUH288C,0101,Julia Steinberg,30,3,0,2026-09-13 19:59:23
2026-09-13 19:51:17,HNUH288C,0103,Julia Steinberg,30,9,0,2026-09-13 19:59:23
2026-09-13 19:51:17,HNUH288O,0101,Ariana Nash,20,1,0,2026-09-13 19:59:23
2026-09-13 19:51:17,HNUH300,0301,Vasfiye Toprak,20,0,0,2026-09-13 19:59:23
2026-09-13 19:51:17,HNUH300,0401,Robert Graham,20,0,0,2026-09-13 19:59:23
2026-09-13 19:51:17,HNUH300,0601,Alena Wigodner,20,0,0,2026-09-13 19:59:23
2026-09-13 19:51:17,HNUH300,0701,Ingrid Satelmajer,20,14,0,2026-09-13 19:59:23
2026-09-13 19:51:17,HNUH300,0801,Shauna Rigaud,20,0,0,2026-09-13 19:59:23
2026-09-13 19:51:17,HNUH300,0901,Kimberly Johnson,20,4,0,2026-09-13 19:59:23
2026-09-13 19:51:17,HNUH300,1001,Ingrid Satelmajer,20,13,0,2026-09-13 19:59:23
2026-09-13 19:51:17,HNUH318T,0101,Peter Owen,24,1,0,2026-09-13 19:59:23
2026-09-13 19:51:17,HNUH319T,0101,Emily Shetty,22,0,0,2026-09-13 19:59:23
2026-09-13 19:51:17,HNUH328T,0101,Woodie Kessel,24,2,0,2026-09-13 19:59:23
2026-09-13 19:51:17,HNUH329T,0101,Rob Long,20,1,0,2026-09-13 19:59:24
2026-09-13 19:51:17,HNUH338T,0101,Andrew Fausett,22,2,0,2026-09-13 19:59:24
2026-09-13 19:51:17,HNUH348T,0101,Ed Fendley,22,1,0,2026-09-13 19:59:24
2026-09-13 19:51:17,HNUH358T,0101,Sean Misko,22,1,0,2026-09-13 19:59:24
2026-09-13 19:51:17,HNUH359T,0101,Amanda Schoch,20,0,0,2026-09-13 19:59:24
2026-09-13 19:51:17,HNUH368T,0101,Nadia Farra,21,0,0,2026-09-13 19:59:24
2026-09-13 19:51:17,HNUH369T,0101,Andrew Nissen,20,2,0,2026-09-13 19:59:25
2026-09-13 19:51:17,HNUH378T,0101,Joshua Glasser,20,0,0,2026-09-13 19:59:25
2026-09-13 19:51:17,HNUH398P,0101,Jayakumar Arasan,25,21,0,2026-09-13 19:59:25
2026-09-13 19:51:17,HNUH398P,0201,Jayakumar Arasan,5,2,0,2026-09-13 19:59:25
2026-09-13 19:51:17,HNUH398T,0101,Sasha Koo-Oshima,20,3,0,2026-09-13 19:59:25
2026-09-13 19:51:17,HONR368A,0101,Blake Wilder,22,0,0,2026-09-13 19:59:26
2026-09-13 19:51:17,IMDM101,0101,Mollye Bendell,30,16,0,2026-09-13 19:59:30
2026-09-13 19:51:17,IMDM101,0201,Myungin Lee,30,17,0,2026-09-13 19:59:30
2026-09-13 19:51:17,IMDM101,0301,Myungin Lee,30,23,0,2026-09-13 19:59:30
2026-09-13 19:51:17,IMDM127,0101,Roger Eastman,36,20,0,2026-09-13 19:59:30
2026-09-13 19:51:17,IMDM150,0101,Stefano Passeri,30,15,0,2026-09-13 19:59:30
2026-09-13 19:51:17,IMDM227,0101,Stevens Miller,30,2,0,2026-09-13 19:59:30
2026-09-13 19:51:17,IMDM227,0201,Stevens Miller,30,17,0,2026-09-13 19:59:30
2026-09-13 19:51:17,IMDM327,0101,Myungin Lee,25,0,0,2026-09-13 19:59:30
2026-09-13 19:51:17,IMDM350,0101,Jason Farman,29,12,0,2026-09-13 19:59:30
2026-09-13 19:51:17,IMDM490,0101,Matthew Nolan,30,0,0,2026-09-13 19:59:31
2026-09-13 19:51:17,IMDM490,0201,Matthew Nolan,30,16,0,2026-09-13 19:59:31
2026-09-13 19:51:17,IMDM498K,0101,Matthew Nolan,15,1,0,2026-09-13 19:59:31
2026-09-13 19:51:17,IMMR319D,0101,Beka Guluma,20,13,0,2026-09-13 19:59:32
2026-09-13 19:51:17,IMMR394,0101,Wenxi Yang,30,2,0,2026-09-13 19:59:32
2026-09-13 19:51:17,IMMR399,0101,Instructor: TBA,2,2,0,2026-09-13 19:59:33
2026-09-13 19:51:17,IMMR400,0101,Gerson Rosales,20,3,0,2026-09-13 19:59:33
2026-09-13 19:51:17,ISRL249J,0101,Aner Tal,30,24,0,2026-09-13 19:59:41
2026-09-13 19:51:17,ISRL249M,0101,Aliza Sandalon,15,0,1,2026-09-13 19:59:41
2026-09-13 19:51:17,ISRL283,0101,Shay Hazkani,35,6,0,2026-09-13 19:59:42
2026-09-13 19:51:17,ISRL349G,0101,Marwa Maziad,30,1,0,2026-09-13 19:59:42
2026-09-13 19:51:17,ISRL349K,0101,Regev Ben-David,30,24,0,2026-09-13 19:59:42
2026-09-13 19:51:17,ISRL349T,0101,Elli Lieberman,35,22,0,2026-09-13 19:59:42
2026-09-13 19:51:17,ISRL349Y,0101,Adina Friedman,35,27,0,2026-09-13 19:59:42
2026-09-13 19:51:17,ISRL382,0101,Ilai Saltzman,35,1,0,2026-09-13 19:59:42
2026-09-13 19:51:17,ISRL448R,0101,Morad Elsana,25,10,0,2026-09-13 19:59:42
2026-09-13 19:51:17,ITAL103,0101,Antonella D'Amario,18,14,0,2026-09-13 19:59:44
2026-09-13 19:51:17,ITAL103,0201,Antonella D'Amario,18,6,0,2026-09-13 19:59:44
2026-09-13 19:51:17,ITAL103,0301,Joseph Falvo,18,6,0,2026-09-13 19:59:44
2026-09-13 19:51:17,ITAL203,0101,Antonella D'Amario,18,9,0,2026-09-13 19:59:44
2026-09-13 19:51:17,ITAL203,0201,Antonella D'Amario,18,13,0,2026-09-13 19:59:44
2026-09-13 19:51:17,ITAL204,0101,Federica Soddu,18,14,0,2026-09-13 19:59:44
2026-09-13 19:51:17,ITAL207,0101,Mirella Vaglio,18,17,0,2026-09-13 19:59:44
2026-09-13 19:51:17,ITAL301,0101,Federica Soddu,20,11,0,2026-09-13 19:59:44
2026-09-13 19:51:17,ITAL362,0101,Federica Soddu,20,12,0,2026-09-13 19:59:45
2026-09-13 19:51:17,ITAL401,0101,Mirella Vaglio,15,12,0,2026-09-13 19:59:45
2026-09-13 19:51:17,ITAL421,0101,Joseph Falvo,25,14,0,2026-09-13 19:59:45
2026-09-13 19:51:17,ITAL478R,0101,Joseph Falvo,5,3,0,2026-09-13 19:59:45
2026-09-13 19:51:17,JAPN101,0101,Kumiko Akikawa,15,4,0,2026-09-13 19:59:47
2026-09-13 19:51:17,JAPN101,0201,Kumiko Akikawa,15,6,0,2026-09-13 19:59:47
2026-09-13 19:51:17,JAPN101,0301,Kumiko Akikawa,15,5,0,2026-09-13 19:59:47
2026-09-13 19:51:17,JAPN201,0101,Makiko Inoue,15,5,0,2026-09-13 19:59:47
2026-09-13 19:51:17,JAPN201,0201,Makiko Inoue,15,8,0,2026-09-13 19:59:47
2026-09-13 19:51:17,JAPN301,0101,Mari Hamada,15,9,0,2026-09-13 19:59:47
2026-09-13 19:51:17,JAPN311,0101,Jyana Browne,15,11,0,2026-09-13 19:59:47
2026-09-13 19:51:17,JAPN315,0101,Michele Mason,20,6,0,2026-09-13 19:59:47
2026-09-13 19:51:17,JAPN320,0101,Lindsay Yotsukura,15,8,0,2026-09-13 19:59:48
2026-09-13 19:51:17,JAPN498B,0101,Jyana Browne,20,3,0,2026-09-13 19:59:48
2026-09-13 19:51:17,KORA101,0101,Saerom Kwak,15,0,1,2026-09-13 20:00:16
2026-09-13 19:51:17,KORA101,0201,Saerom Kwak,15,1,0,2026-09-13 20:00:16
2026-09-13 19:51:17,KORA101,0301,Saerom Kwak,15,5,0,2026-09-13 20:00:16
2026-09-13 19:51:17,KORA101,0401,Saerom Kwak,15,5,0,2026-09-13 20:00:16
2026-09-13 19:51:17,KORA201,0101,Seong Minne Koh,15,4,0,2026-09-13 20:00:16
2026-09-13 19:51:17,KORA201,0201,Seong Minne Koh,15,5,0,2026-09-13 20:00:16
2026-09-13 19:51:17,KORA201,0301,Seong Minne Koh,15,8,0,2026-09-13 20:00:16
2026-09-13 19:51:17,KORA398G,0101,Instructor: TBA,10,7,0,2026-09-13 20:00:16
2026-09-13 19:51:17,KORA398W,0101,Seong Minne Koh,10,3,0,2026-09-13 20:00:17
2026-09-13 19:51:17,LEAD217,0101,Festus Ainoo,25,0,0,2026-09-13 20:00:27
2026-09-13 19:51:17,LEAD217,0201,Adrian Bitton,25,0,0,2026-09-13 20:00:27
2026-09-13 19:51:17,LEAD217,FC01,Festus Ainoo,22,0,1,2026-09-13 20:00:27
2026-09-13 19:51:17,LEAD305,0101,Anastasia Lavrenyuk,20,4,0,2026-09-13 20:00:27
2026-09-13 19:51:17,LEAD315,0101,Anastasia Lavrenyuk,25,11,0,2026-09-13 20:00:28
2026-09-13 19:51:17,LEAD320,0101,Courtney Holder,10,8,0,2026-09-13 20:00:28
2026-09-13 19:51:17,LGBT200,0201,Basanth Babu,25,0,3,2026-09-13 20:00:29
2026-09-13 19:51:17,LGBT265,0101,Tyra Griffin,30,0,0,2026-09-13 20:00:29
2026-09-13 19:51:17,LGBT265,0201,Declan Langton,30,2,0,2026-09-13 20:00:29
2026-09-13 19:51:17,LGBT359J,0101,Chris Eng,25,14,0,2026-09-13 20:00:29
2026-09-13 19:51:17,MLAW100,0101,Christine White,83,15,0,2026-09-13 20:00:52
2026-09-13 19:51:17,MLAW304,0201,Christine White,65,16,0,2026-09-13 20:00:52
2026-09-13 19:51:17,MLAW305,0101,Brian Gilmore,40,2,0,2026-09-13 20:00:52
2026-09-13 19:51:17,MLAW315,0101,Grace Benton,13,3,0,2026-09-13 20:00:52
2026-09-13 19:51:17,MLAW358Q,0101,David Cunningham,0,0,0,2026-09-13 20:00:52
2026-09-13 19:51:17,MLAW358T,0101,Christine White,25,6,0,2026-09-13 20:00:52
2026-09-13 19:51:17,MLAW358X,0101,Martin Kobren,5,0,0,2026-09-13 20:00:53
2026-09-13 19:51:17,MLAW359,0101,Brandee Pettus,10,4,0,2026-09-13 20:00:53
2026-09-13 19:51:17,MLAW378E,0101,Brandee Pettus,5,5,0,2026-09-13 20:00:53
2026-09-13 19:51:17,MLAW378K,0101,Brian Gilmore,20,1,0,2026-09-13 20:00:53
2026-09-13 19:51:17,MLAW378Q,0101,Paul Huth,2,0,0,2026-09-13 20:00:53
2026-09-13 19:51:17,MLAW378R,0101,Nancy Schertzing,13,2,0,2026-09-13 20:00:53
2026-09-13 19:51:17,MLAW388,0101,Brandee Pettus,40,20,0,2026-09-13 20:00:54
2026-09-13 19:51:17,MLSC250,FC01,William Simpson,24,5,0,2026-09-13 20:00:55
2026-09-13 19:51:17,NEUR200,0101,Ana Navarro Cebrian,80,4,0,2026-09-13 20:01:10
2026-09-13 19:51:17,NEUR200,0201,Ana Navarro Cebrian,80,0,2,2026-09-13 20:01:10
2026-09-13 19:51:17,NEUR200,0301,Evan Hart,80,0,1,2026-09-13 20:01:10
2026-09-13 19:51:17,NEUR305,0101,Amanda Chicoli,100,10,0,2026-09-13 20:01:10
2026-09-13 19:51:17,NEUR306,0101,Chan Lin,200,7,0,2026-09-13 20:01:10
2026-09-13 19:51:17,NEUR398H,0101,Nikolas Francis,20,1,0,2026-09-13 20:01:11
2026-09-13 19:51:17,NEUR405,0101,Hilary Bierman,20,1,0,2026-09-13 20:01:11
2026-09-13 19:51:17,NEUR405,0102,Hilary Bierman,20,0,0,2026-09-13 20:01:11
2026-09-13 19:51:17,NEUR405,0103,Hilary Bierman,20,0,0,2026-09-13 20:01:11
2026-09-13 19:51:17,PEER312,0101,Aleia Gardner,15,8,0,2026-09-13 20:01:20
2026-09-13 19:51:17,PEER318,0101,Christina Jay,15,11,0,2026-09-13 20:01:21
2026-09-13 19:51:17,PEER319,0101,Grace Boudreau,15,7,0,2026-09-13 20:01:21
2026-09-13 19:51:17,PHPE308D,0101,Xinzhi Zhao,30,8,0,2026-09-13 20:01:30
2026-09-13 19:51:17,PHPE308F,0101,Regev Ben-David,30,24,0,2026-09-13 20:01:31
2026-09-13 19:51:17,PHPE308O,0101,Jackson Iszler,30,0,0,2026-09-13 20:01:31
2026-09-13 19:51:17,PHPE308T,0101,Hallie Liberto,30,17,0,2026-09-13 20:01:31
2026-09-13 19:51:17,PHPE308Y,0101,Rachel Singpurwalla,20,0,1,2026-09-13 20:01:31
2026-09-13 19:51:17,PHPE308Y,0102,Rachel Singpurwalla,20,0,2,2026-09-13 20:01:31
2026-09-13 19:51:17,PHPE308Y,0103,Rachel Singpurwalla,20,0,3,2026-09-13 20:01:31
2026-09-13 19:51:17,PHPE400,0101,Justin Helms,18,0,0,2026-09-13 20:01:31
2026-09-13 19:51:17,PHPE400,0102,Justin Helms,18,0,0,2026-09-13 20:01:31
2026-09-13 19:51:17,PHPE400,0103,Justin Helms,20,1,0,2026-09-13 20:01:31
2026-09-13 19:51:17,PHPE401,0101,Xinzhi Zhao,25,0,3,2026-09-13 20:01:31
2026-09-13 19:51:17,PHPE402,0101,Dan Moller,30,2,0,2026-09-13 20:01:32
2026-09-13 19:51:17,PHPE408J,0101,Lixing Miao,25,1,0,2026-09-13 20:01:32
2026-09-13 19:51:17,PHPE408R,0101,Xinzhi Zhao,25,9,0,2026-09-13 20:01:32
2026-09-13 19:51:17,PHSC388J,0101,Kendall Bustad,20,6,0,2026-09-13 20:01:33
2026-09-13 19:51:17,PHSC399,0101,Shannon Edward,30,8,0,2026-09-13 20:01:34
2026-09-13 19:51:17,PHSC415,0101,Jessica O'Hara,31,0,1,2026-09-13 20:01:34
2026-09-13 19:51:17,PHSC415,0102,Jessica O'Hara,31,0,1,2026-09-13 20:01:34
2026-09-13 19:51:17,PHSC415,0103,Jessica O'Hara,31,0,1,2026-09-13 20:01:34
2026-09-13 19:51:17,PHSC415,0104,Jessica O'Hara,31,2,0,2026-09-13 20:01:34
2026-09-13 19:51:17,PHSC415,0105,Jessica O'Hara,31,2,0,2026-09-13 20:01:34
2026-09-13 19:51:17,PHSC420,0101,Jennifer German,35,4,0,2026-09-13 20:01:34
2026-09-13 19:51:17,PHSC450,0101,Kendall Bustad,20,0,0,2026-09-13 20:01:34
2026-09-13 19:51:17,PHSC450,0102,Kendall Bustad,20,0,0,2026-09-13 20:01:34
2026-09-13 19:51:17,PHSC450,0103,Kendall Bustad,20,0,0,2026-09-13 20:01:34
2026-09-13 19:51:17,PHSC450,0104,Kendall Bustad,20,1,0,2026-09-13 20:01:34
2026-09-13 19:51:17,PHSC450,0105,Kendall Bustad,20,0,0,2026-09-13 20:01:34
2026-09-13 19:51:17,PHSC450,0106,Kendall Bustad,20,0,0,2026-09-13 20:01:34
2026-09-13 19:51:17,PHSC450,0107,Kendall Bustad,20,1,0,2026-09-13 20:01:34
2026-09-13 19:51:17,PHSC450,0108,Kendall Bustad,20,0,0,2026-09-13 20:01:34
2026-09-13 19:51:17,PHSC497,0101,Kendall Bustad,20,2,0,2026-09-13 20:01:34
2026-09-13 19:51:17,PHSC497,0301,Shannon Edward,20,3,0,2026-09-13 20:01:34
2026-09-13 19:51:17,PHSC497,0601,Jennifer German,20,3,0,2026-09-13 20:01:34
2026-09-13 19:51:17,PLCY100,0101,Toby Egan,25,0,1,2026-09-13 20:01:46
2026-09-13 19:51:17,PLCY100,0102,Toby Egan,25,0,0,2026-09-13 20:01:46
2026-09-13 19:51:17,PLCY100,0103,Toby Egan,25,0,0,2026-09-13 20:01:46
2026-09-13 19:51:17,PLCY100,0104,Toby Egan,25,1,0,2026-09-13 20:01:46
2026-09-13 19:51:17,PLCY100,0201,Namrta Sharma,25,12,0,2026-09-13 20:01:46
2026-09-13 19:51:17,PLCY100,0202,Namrta Sharma,25,15,0,2026-09-13 20:01:46
2026-09-13 19:51:17,PLCY100,0203,Namrta Sharma,25,1,0,2026-09-13 20:01:46
2026-09-13 19:51:17,PLCY100,0204,Namrta Sharma,25,10,0,2026-09-13 20:01:46
2026-09-13 19:51:17,PLCY101,0101,Robert Sprinkle,75,0,0,2026-09-13 20:01:47
2026-09-13 19:51:17,PLCY170,0101,Joshua Itzkowitz Shifrinson,20,1,0,2026-09-13 20:01:47
2026-09-13 19:51:17,PLCY170,0102,Joshua Itzkowitz Shifrinson,20,1,0,2026-09-13 20:01:47
2026-09-13 19:51:17,PLCY170,0103,Joshua Itzkowitz Shifrinson,20,1,0,2026-09-13 20:01:47
2026-09-13 19:51:17,PLCY170,0104,Joshua Itzkowitz Shifrinson,20,0,0,2026-09-13 20:01:47
2026-09-13 19:51:17,PLCY170,0105,Joshua Itzkowitz Shifrinson,20,2,0,2026-09-13 20:01:47
2026-09-13 19:51:17,PLCY170,0106,Joshua Itzkowitz Shifrinson,25,2,0,2026-09-13 20:01:47
2026-09-13 19:51:17,PLCY172,0101,Caroline Ritter,95,32,0,2026-09-13 20:01:47
2026-09-13 19:51:17,PLCY200,0101,Shanna Pearson-Merkowitz,35,0,0,2026-09-13 20:01:47
2026-09-13 19:51:17,PLCY200,0201,Shanna Pearson-Merkowitz,35,1,0,2026-09-13 20:01:47
2026-09-13 19:51:17,PLCY200,0301,Namrta Sharma,35,0,1,2026-09-13 20:01:47
2026-09-13 19:51:17,PLCY201,0101,Julio Guzman,70,0,0,2026-09-13 20:01:47
2026-09-13 19:51:17,PLCY201,0201,Gregory Ramsay,60,0,0,2026-09-13 20:01:47
2026-09-13 19:51:17,PLCY201,FC01,Anne Kaiser,32,0,0,2026-09-13 20:01:47
2026-09-13 19:51:17,PLCY201,FC02,Anne Kaiser,32,6,0,2026-09-13 20:01:47
2026-09-13 19:51:17,PLCY201S,0101,Susannah Washburn,80,4,0,2026-09-13 20:01:47
2026-09-13 19:51:17,PLCY203,0101,Thomas Hilde,60,9,0,2026-09-13 20:01:47
2026-09-13 19:51:17,PLCY203,0201,Anne Kaiser,60,38,0,2026-09-13 20:01:47
2026-09-13 19:51:17,PLCY213,0201,Claire Dunning,40,3,0,2026-09-13 20:01:48
2026-09-13 19:51:17,PLCY214,0101,Patricia Bory,65,20,0,2026-09-13 20:01:48
2026-09-13 19:51:17,PLCY240,0101,Timothy Reedy,30,0,0,2026-09-13 20:01:48
2026-09-13 19:51:17,PLCY288K,0101,CHRISTIAN OSTERMANN,25,1,0,2026-09-13 20:01:48
2026-09-13 19:51:17,PLCY300,0101,Alana Hackshaw,45,0,1,2026-09-13 20:01:48
2026-09-13 19:51:17,PLCY300,0201,Namrta Sharma,45,28,0,2026-09-13 20:01:48
2026-09-13 19:51:17,PLCY301,0101,Caroline Boules,165,2,0,2026-09-13 20:01:48
2026-09-13 19:51:17,PLCY302,0101,Niambi Carter,40,2,0,2026-09-13 20:01:49
2026-09-13 19:51:17,PLCY302,0201,Ebonie Johnson Cooper,40,0,0,2026-09-13 20:01:49
2026-09-13 19:51:17,PLCY302,0301,Lindsay Dieudonne,40,0,1,2026-09-13 20:01:49
2026-09-13 19:51:17,PLCY303,0101,Juan Martinez Guzman,40,3,0,2026-09-13 20:01:49
2026-09-13 19:51:17,PLCY304,0101,Michael Busse,40,11,0,2026-09-13 20:01:49
2026-09-13 19:51:17,PLCY304,0201,Michael Busse,40,12,0,2026-09-13 20:01:49
2026-09-13 19:51:17,PLCY309,0101,Martin Sanders,30,16,0,2026-09-13 20:01:49
2026-09-13 19:51:17,PLCY310,0101,Selvon Waldron,35,16,0,2026-09-13 20:01:49
2026-09-13 19:51:17,PLCY313,0101,Gerard Evans,100,3,0,2026-09-13 20:01:49
2026-09-13 19:51:17,PLCY371,0101,Joshua Itzkowitz Shifrinson,35,0,0,2026-09-13 20:01:50
2026-09-13 19:51:17,PLCY380,0101,Isabel O'Malley,40,8,0,2026-09-13 20:01:50
2026-09-13 19:51:17,PLCY380,ESG1,Kisha McNeill,30,0,0,2026-09-13 20:01:50
2026-09-13 19:51:17,PLCY388A,0101,Brandi Onowu,40,8,0,2026-09-13 20:01:50
2026-09-13 19:51:17,PLCY388N,0101,Nina Harris,25,2,0,2026-09-13 20:01:50
2026-09-13 19:51:17,PLCY390,0101,Lena Andrews,20,0,0,2026-09-13 20:01:50
2026-09-13 19:51:17,PLCY399B,0101,Beatrice DeBelen,30,19,0,2026-09-13 20:01:50
2026-09-13 19:51:17,PLCY400,0101,Patricia Bory,25,1,0,2026-09-13 20:01:51
2026-09-13 19:51:17,PLCY401,0101,Anand Patwardhan,20,5,0,2026-09-13 20:01:51
2026-09-13 19:51:17,PLCY401,0201,Tracy Thompson,20,0,0,2026-09-13 20:01:51
2026-09-13 19:51:17,PLCY401,0301,David Mussington,20,9,0,2026-09-13 20:01:51
2026-09-13 19:51:17,PLCY490,0101,Michael Woldemariam,15,2,0,2026-09-13 20:01:51
2026-09-13 19:51:17,PLCY492,0101,Steve Fetter,20,1,0,2026-09-13 20:01:51
2026-09-13 19:51:17,PLCY610,0201,Alec Worsnop,40,9,0,2026-09-13 20:01:51
2026-09-13 19:51:17,PLCY630,0101,Catherine Worsnop,25,2,0,2026-09-13 20:01:52
2026-09-13 19:51:17,PLCY630,0201,Catherine Worsnop,25,3,0,2026-09-13 20:01:52
2026-09-13 19:51:17,PLCY631,0101,Cullen Merritt,25,0,0,2026-09-13 20:01:52
2026-09-13 19:51:17,PLCY640,0201,Thomas Spreen,30,5,0,2026-09-13 20:01:52
2026-09-13 19:51:17,PLCY641,0101,Tyler Kustra,30,2,0,2026-09-13 20:01:52
2026-09-13 19:51:17,PLCY641,0201,Tyler Kustra,30,10,0,2026-09-13 20:01:52
2026-09-13 19:51:17,PLCY670,0101,Philip Joyce,30,0,0,2026-09-13 20:01:52
2026-09-13 19:51:17,PLCY680,0101,Claire Dunning,25,0,0,2026-09-13 20:01:52
2026-09-13 19:51:17,PLCY680,0201,Michael Woldemariam,25,5,0,2026-09-13 20:01:52
2026-09-13 19:51:17,PLCY688C,0101,Charles Harry,20,10,0,2026-09-13 20:01:52
2026-09-13 19:51:17,PLCY688F,PWL1,Nekeya O'Connor,20,0,0,2026-09-13 20:01:53
2026-09-13 19:51:17,PLCY688P,0101,Steve Fetter,10,1,0,2026-09-13 20:01:53
2026-09-13 19:51:17,PLCY688Z,0101,Brandi Onowu,20,5,0,2026-09-13 20:01:53
2026-09-13 19:51:17,PLCY689E,0101,Susan Parker,20,0,0,2026-09-13 20:01:53
2026-09-13 19:51:17,PLCY690,0110,David Mussington,15,3,0,2026-09-13 20:01:53
2026-09-13 19:51:17,PLCY690,0120,Margaret Brindle,15,2,0,2026-09-13 20:01:53
2026-09-13 19:51:17,PLCY690,0130,Douglas Call,15,0,0,2026-09-13 20:01:53
2026-09-13 19:51:17,PLCY690,0150,Paul Brown,15,1,0,2026-09-13 20:01:53
2026-09-13 19:51:17,PLCY690,0170,James Stillwell,15,0,0,2026-09-13 20:01:53
2026-09-13 19:51:17,PLCY698T,0101,Elizabeth Duke,20,7,0,2026-09-13 20:01:53
2026-09-13 19:51:17,PLCY699L,0101,Michael Woldemariam,10,1,0,2026-09-13 20:01:54
2026-09-13 19:51:17,PLCY720,0101,Nancy Gallagher,20,2,0,2026-09-13 20:01:54
2026-09-13 19:51:17,PLCY734,0101,Niambi Carter,20,0,0,2026-09-13 20:01:54
2026-09-13 19:51:17,PLCY735,0101,Robert Sprinkle,20,7,0,2026-09-13 20:01:54
2026-09-13 19:51:17,PLCY741,0101,Anand Patwardhan,20,7,0,2026-09-13 20:01:54
2026-09-13 19:51:17,PLCY742,0101,Thomas Hilde,20,8,0,2026-09-13 20:01:54
2026-09-13 19:51:17,PLCY780,0101,Robert Orr,20,0,0,2026-09-13 20:01:55
2026-09-13 19:51:17,PLCY781,0101,Julio Guzman,20,2,0,2026-09-13 20:01:55
2026-09-13 19:51:17,PLCY783,0101,Margaret Brindle,20,7,0,2026-09-13 20:01:55
2026-09-13 19:51:17,PLCY798F,PWL1,William Nolte,25,18,0,2026-09-13 20:01:55
2026-09-13 19:51:17,PLCY798V,0101,Shanna Pearson-Merkowitz,12,0,0,2026-09-13 20:01:56
2026-09-13 19:51:17,PLCY798W,0101,Martin Sanders,10,9,0,2026-09-13 20:01:56
2026-09-13 19:51:17,PLCY798Y,PWL1,Jeffrey Franco,25,0,0,2026-09-13 20:01:56
2026-09-13 19:51:17,PLCY798Z,0101,Peter Reuter,12,0,0,2026-09-13 20:01:56
2026-09-13 19:51:17,PLSC112,0101,Samuel Daramola,100,10,0,2026-09-13 20:01:58
2026-09-13 19:51:17,PLSC113,0101,Samuel Daramola,24,2,0,2026-09-13 20:01:58
2026-09-13 19:51:17,PLSC113,0102,Samuel Daramola,24,5,0,2026-09-13 20:01:58
2026-09-13 19:51:17,PLSC113,0103,Samuel Daramola,24,12,0,2026-09-13 20:01:58
2026-09-13 19:51:17,PLSC113,0104,Samuel Daramola,24,9,0,2026-09-13 20:01:58
2026-09-13 19:51:17,PLSC115,0101,Shirley Micallef,24,1,0,2026-09-13 20:01:58
2026-09-13 19:51:17,PLSC201,0101,Pierre Jacob,42,15,0,2026-09-13 20:01:58
2026-09-13 19:51:17,PLSC203,0101,Vijay Tiwari,23,17,0,2026-09-13 20:01:58
2026-09-13 19:51:17,PLSC205,0101,Mark Carroll,22,1,0,2026-09-13 20:01:59
2026-09-13 19:51:17,PLSC206,0101,Pierre Jacob,21,8,0,2026-09-13 20:01:59
2026-09-13 19:51:17,PLSC206,0102,Pierre Jacob,21,7,0,2026-09-13 20:01:59
2026-09-13 19:51:17,PLSC253,0101,Karen Petroff,24,1,0,2026-09-13 20:01:59
2026-09-13 19:51:17,PLSC253,0102,Karen Petroff,24,5,0,2026-09-13 20:01:59
2026-09-13 19:51:17,PLSC389,0101,Craig Beyrouty,17,17,0,2026-09-13 20:01:59
2026-09-13 19:51:17,PLSC402,0101,Geoffrey Rinehart,10,3,0,2026-09-13 20:01:59
2026-09-13 19:51:17,PLSC404,0101,Yiping Qi,20,11,0,2026-09-13 20:01:59
2026-09-13 19:51:17,PLSC420,0101,Nidhi Rawat,18,5,0,2026-09-13 20:02:00
2026-09-13 19:51:17,PLSC420,0102,Nidhi Rawat,18,12,0,2026-09-13 20:02:00
2026-09-13 19:51:17,PLSC433,0101,Diana Cochran,10,2,0,2026-09-13 20:02:00
2026-09-13 19:51:17,PLSC453,0101,Samuel Daramola,24,1,0,2026-09-13 20:02:00
2026-09-13 19:51:17,PLSC471,0101,Juanita Choo,20,0,0,2026-09-13 20:02:00
2026-09-13 19:51:17,PLSC476,0101,Maile Neel,23,19,0,2026-09-13 20:02:00
2026-09-13 19:51:17,PLSC608,0101,Shunyuan Xiao,20,13,0,2026-09-13 20:02:01
2026-09-13 19:51:17,PORT103,0101,Parker Brookie,15,6,0,2026-09-13 20:02:02
2026-09-13 19:51:17,PORT205,0101,Parker Brookie,15,4,0,2026-09-13 20:02:02
2026-09-13 19:51:17,PORT332,0101,Parker Brookie,25,0,0,2026-09-13 20:02:03
2026-09-13 19:51:17,RELS120,0101,Antoine Borrut,40,8,0,2026-09-13 20:02:18
2026-09-13 19:51:17,RELS170,0101,Chiara Graf,21,1,0,2026-09-13 20:02:19
2026-09-13 19:51:17,RELS170,0102,Chiara Graf,21,0,0,2026-09-13 20:02:19
2026-09-13 19:51:17,RELS170,0103,Chiara Graf,21,0,0,2026-09-13 20:02:19
2026-09-13 19:51:17,RELS170,0104,Chiara Graf,21,0,0,2026-09-13 20:02:19
2026-09-13 19:51:17,RELS170,0105,Chiara Graf,21,0,0,2026-09-13 20:02:19
2026-09-13 19:51:17,RELS170,0106,Chiara Graf,21,0,0,2026-09-13 20:02:19
2026-09-13 19:51:17,RELS170,0107,Chiara Graf,21,0,0,2026-09-13 20:02:19
2026-09-13 19:51:17,RELS170,0108,Chiara Graf,21,1,0,2026-09-13 20:02:19
2026-09-13 19:51:17,RELS170,0109,Chiara Graf,22,0,0,2026-09-13 20:02:19
2026-09-13 19:51:17,RELS171,0101,Maxine Grossman,40,8,0,2026-09-13 20:02:19
2026-09-13 19:51:17,RELS219K,0101,Shay Hazkani,40,33,0,2026-09-13 20:02:19
2026-09-13 19:51:17,RELS225,0101,Stephanie Cooper,25,3,0,2026-09-13 20:02:19
2026-09-13 19:51:17,RELS273,0101,Hayim Lapin,23,0,0,2026-09-13 20:02:19
2026-09-13 19:51:17,RELS273,0102,Hayim Lapin,23,3,0,2026-09-13 20:02:19
2026-09-13 19:51:17,RELS273,0103,Hayim Lapin,23,1,0,2026-09-13 20:02:19
2026-09-13 19:51:17,RELS274,0101,Matthew Suriano,20,1,0,2026-09-13 20:02:20
2026-09-13 19:51:17,RELS274,0102,Matthew Suriano,20,0,1,2026-09-13 20:02:20
2026-09-13 19:51:17,RELS274,0103,Matthew Suriano,20,0,0,2026-09-13 20:02:20
2026-09-13 19:51:17,RELS274,0104,Matthew Suriano,20,0,0,2026-09-13 20:02:20
2026-09-13 19:51:17,RELS319D,0101,Nathan Levine,35,26,0,2026-09-13 20:02:20
2026-09-13 19:51:17,RELS319Z,0101,Regev Ben-David,30,26,0,2026-09-13 20:02:20
2026-09-13 19:51:17,RELS341,0101,Janna Bianchini,30,0,0,2026-09-13 20:02:20
2026-09-13 19:51:17,RUSS101,0101,Inna Hardman,15,6,0,2026-09-13 20:02:21
2026-09-13 19:51:17,RUSS101,0201,Inna Hardman,15,6,0,2026-09-13 20:02:21
2026-09-13 19:51:17,RUSS201,0101,Zhanna Gerus-Vernola,15,8,0,2026-09-13 20:02:22
2026-09-13 19:51:17,RUSS301,0101,Izolda Savenkova,15,5,0,2026-09-13 20:02:22
2026-09-13 19:51:17,RUSS321,0101,Elizabeth Papazian,15,5,0,2026-09-13 20:02:22
2026-09-13 19:51:17,RUSS334,0101,Elizabeth Papazian,25,0,0,2026-09-13 20:02:22
2026-09-13 19:51:17,RUSS404,0101,Izolda Savenkova,15,1,0,2026-09-13 20:02:23
2026-09-13 19:51:17,SDSB123,0101,Brian Kim,40,7,0,2026-09-13 20:02:24
2026-09-13 19:51:17,SDSB180,0101,Brian Kim,180,126,0,2026-09-13 20:02:24
2026-09-13 19:51:17,SDSB233,0101,Jacob Coutts,25,1,0,2026-09-13 20:02:24
2026-09-13 19:51:17,SDSB233,0102,Jacob Coutts,25,10,0,2026-09-13 20:02:24
2026-09-13 19:51:17,SDSB233,0103,Jacob Coutts,25,9,0,2026-09-13 20:02:24
2026-09-13 19:51:17,SDSB326,0101,Jacob Coutts,50,31,0,2026-09-13 20:02:24
2026-09-13 19:51:17,SDSB340,0101,Neil Lund,40,0,0,2026-09-13 20:02:25
2026-09-13 19:51:17,SDSI414,0201,Maria Krupenkin,34,15,0,2026-09-13 20:02:26
2026-09-13 19:51:17,SDSI414,0202,Maria Krupenkin,34,0,0,2026-09-13 20:02:26
2026-09-13 19:51:17,SDSI492,0101,TJ Rainsford,50,8,0,2026-09-13 20:02:26
2026-09-13 19:51:17,SDSI492,0103,Mary Ann Francis,40,0,2,2026-09-13 20:02:26
2026-09-13 19:51:17,SDSI492,0104,TJ Rainsford,50,0,0,2026-09-13 20:02:26
2026-09-13 19:51:17,SDSI492,0106,Jesse Klein,50,0,5,2026-09-13 20:02:26
2026-09-13 19:51:17,SDSI492,0107,Connie Siebold,40,0,3,2026-09-13 20:02:26
2026-09-13 19:51:17,SDSI492,0110,Patrick Thornton,50,29,0,2026-09-13 20:02:26
2026-09-13 19:51:17,SLLC108I,0101,Instructor: TBA,5,4,0,2026-09-13 20:02:28
2026-09-13 19:51:17,SLLC108J,0101,Instructor: TBA,5,5,0,2026-09-13 20:02:29
2026-09-13 19:51:17,SLLC108W,0101,Instructor: TBA,5,4,0,2026-09-13 20:02:29
2026-09-13 19:51:17,SLLC118A,0101,Sean Pue,10,4,0,2026-09-13 20:02:29
2026-09-13 19:51:17,SLLC200,0101,Chris Lewis,30,4,0,2026-09-13 20:02:29
2026-09-13 19:51:17,SLLC286,0101,Andrew Schonebaum,60,5,0,2026-09-13 20:02:29
2026-09-13 19:51:17,SLLC309,0101,Ahmed Hanafy,10,10,0,2026-09-13 20:02:29
2026-09-13 19:51:17,SLLC309,0102,Ahmed Hanafy,10,8,0,2026-09-13 20:02:29
2026-09-13 19:51:17,SLLC309,0103,Ahmed Hanafy,10,7,0,2026-09-13 20:02:29
2026-09-13 19:51:17,SLLC309,0104,Ahmed Hanafy,10,5,0,2026-09-13 20:02:29
2026-09-13 19:51:17,SLLC309,0105,Ahmed Hanafy,10,6,0,2026-09-13 20:02:29
2026-09-13 19:51:17,SLLC309,0106,Ahmed Hanafy,10,6,0,2026-09-13 20:02:29
2026-09-13 19:51:17,SLLC309,0107,Ahmed Hanafy,10,8,0,2026-09-13 20:02:29
2026-09-13 19:51:17,SLLC309,0108,Ahmed Hanafy,10,9,0,2026-09-13 20:02:29
2026-09-13 19:51:17,SLLC309,0109,Ahmed Hanafy,10,7,0,2026-09-13 20:02:29
2026-09-13 19:51:17,SLLC309,0110,Ahmed Hanafy,10,3,0,2026-09-13 20:02:29
2026-09-13 19:51:17,SLLC309,0111,Ahmed Hanafy,10,10,0,2026-09-13 20:02:29
2026-09-13 19:51:17,SLLC329,0101,Marilyn Matar,13,0,0,2026-09-13 20:02:30
2026-09-13 19:51:17,SLLC329,0102,Marilyn Matar,10,0,0,2026-09-13 20:02:30
2026-09-13 19:51:17,SLLC329,0103,Marilyn Matar,21,2,0,2026-09-13 20:02:30
2026-09-13 19:51:17,SLLC329,0104,Marilyn Matar,10,4,0,2026-09-13 20:02:30
2026-09-13 19:51:17,SLLC329,0105,Marilyn Matar,10,9,0,2026-09-13 20:02:30
2026-09-13 19:51:17,SLLC329,0106,Marilyn Matar,10,1,0,2026-09-13 20:02:30
2026-09-13 19:51:17,SLLC329,0107,Marilyn Matar,10,7,0,2026-09-13 20:02:30
2026-09-13 19:51:17,SLLC329,0108,Marilyn Matar,10,7,0,2026-09-13 20:02:30
2026-09-13 19:51:17,SLLC329,0109,Marilyn Matar,10,4,0,2026-09-13 20:02:30
2026-09-13 19:51:17,SLLC329,0110,Marilyn Matar,20,3,0,2026-09-13 20:02:30
2026-09-13 19:51:17,SLLC350,0101,Michele Mason,30,27,0,2026-09-13 20:02:30
2026-09-13 19:51:17,SMLP470,0101,Brooke Smith,45,13,0,2026-09-13 20:02:31
2026-09-13 19:51:17,SMLP472,0101,Sara Herald,60,19,0,2026-09-13 20:02:31
2026-09-13 19:51:17,TLTC310,0101,Danielle Pafe,0,0,0,2026-09-13 20:03:00
2026-09-13 19:51:17,TLTC310,0201,Yanira Ortiz,20,11,0,2026-09-13 20:03:00
2026-09-13 19:51:17,TLTC333,0101,Mona Thompson,63,1,0,2026-09-13 20:03:00
2026-09-13 19:51:17,TLTC333,0102,Mona Thompson,63,0,0,2026-09-13 20:03:00
2026-09-13 19:51:17,TLTC333,0105,Mona Thompson,63,0,0,2026-09-13 20:03:00
2026-09-13 19:51:17,UMEI005,0101,Charles Duquette,15,2,0,2026-09-13 20:03:02
2026-09-13 19:51:17,UMEI005,0201,Heather Mehrtens,15,9,0,2026-09-13 20:03:02
2026-09-13 19:51:17,UMEI005,0301,Marilena Draganescu,15,11,0,2026-09-13 20:03:02
2026-09-13 19:51:17,UMEI012,0101,Louise Godley,10,10,0,2026-09-13 20:03:02
2026-09-13 19:51:17,UMEI013,0101,Louise Godley,10,7,0,2026-09-13 20:03:02
2026-09-13 19:51:17,UMEI028A,0101,Raymond Smith,16,14,0,2026-09-13 20:03:02
2026-09-13 19:51:17,UMEI506,0101,Heather Mehrtens,16,0,0,2026-09-13 20:03:02
2026-09-13 19:51:17,UMEI506,0201,Heather Mehrtens,16,6,0,2026-09-13 20:03:02
2026-09-13 19:51:17,UMEI507,0101,Marilena Draganescu,15,4,0,2026-09-13 20:03:03
2026-09-13 19:51:17,USLT201,0101,Robert Chester,25,1,0,2026-09-13 20:03:07
2026-09-13 19:51:17,USLT398C,0101,Angela Pico Pinto,25,18,0,2026-09-13 20:03:08
2026-09-13 19:51:17,USLT450,0101,Robert Chester,20,0,0,2026-09-13 20:03:08
2026-09-13 19:51:17,USLT498C,0101,Ana Rodriguez,20,14,0,2026-09-13 20:03:08
2026-09-13 19:51:17,VIPS099,0115,Veronica Kang,5,3,0,2026-09-13 20:03:09
2026-09-13 19:51:17,VIPS208,0101,Mary Bowden,10,10,0,2026-09-13 20:03:09
2026-09-13 19:51:17,VIPS208,0102,Ken Kiger,10,2,0,2026-09-13 20:03:09
2026-09-13 19:51:17,VIPS208,0103,Bryan Quinn,10,9,0,2026-09-13 20:03:09
2026-09-13 19:51:17,VIPS208,0104,Abdil Chowdhury,10,1,0,2026-09-13 20:03:09
2026-09-13 19:51:17,VIPS208,0105,Molly Carton,10,7,0,2026-09-13 20:03:09
2026-09-13 19:51:17,VIPS208,0106,James Baeder,14,2,0,2026-09-13 20:03:09
2026-09-13 19:51:17,VIPS208,0107,Catherine Spirito,10,6,0,2026-09-13 20:03:09
2026-09-13 19:51:17,VIPS208,0108,Ronald Yaros,10,4,0,2026-09-13 20:03:09
2026-09-13 19:51:17,VIPS208,0109,Carinna Ferguson,10,7,0,2026-09-13 20:03:09
2026-09-13 19:51:17,VIPS208,0110,Tracy Riggins,15,0,0,2026-09-13 20:03:09
2026-09-13 19:51:17,VIPS208,0111,Kevin Calabro,13,2,0,2026-09-13 20:03:09
2026-09-13 19:51:17,VIPS208,0112,Raffaele Viglianti,10,5,0,2026-09-13 20:03:09
2026-09-13 19:51:17,VIPS208,0113,Shabnam Jabeen,10,5,0,2026-09-13 20:03:09
2026-09-13 19:51:17,VIPS208,0114,Ning Zeng,15,7,0,2026-09-13 20:03:09
2026-09-13 19:51:17,VIPS208,0115,Veronica Kang,10,5,0,2026-09-13 20:03:09
2026-09-13 19:51:17,VIPS208,0116,David Stewart,10,1,0,2026-09-13 20:03:09
2026-09-13 19:51:17,VIPS208,0117,Meredith Epstein,10,8,0,2026-09-13 20:03:09
2026-09-13 19:51:17,VIPS208,0118,Magaly Toro Ibaceta,10,3,0,2026-09-13 20:03:09
2026-09-13 19:51:17,VIPS208,0120,Marisa Parham,10,6,0,2026-09-13 20:03:09
2026-09-13 19:51:17,VIPS208,0121,Becky Epanchin-Niell,10,1,0,2026-09-13 20:03:09
2026-09-13 19:51:17,VIPS208,0122,Timothy Reedy,10,2,0,2026-09-13 20:03:09
2026-09-13 19:51:17,VIPS208,0123,Lingnan Lin,13,4,0,2026-09-13 20:03:09
2026-09-13 19:51:17,VIPS208,0124,Jeffrey Moro,10,4,0,2026-09-13 20:03:09
2026-09-13 19:51:17,VIPS208,0125,Peter Sunderland,12,4,0,2026-09-13 20:03:09
2026-09-13 19:51:17,VIPS208,0126,Brienna Anderson,10,4,0,2026-09-13 20:03:09
2026-09-13 19:51:17,VIPS308,0101,Mary Bowden,10,9,0,2026-09-13 20:03:10
2026-09-13 19:51:17,VIPS308,0102,Ken Kiger,10,3,0,2026-09-13 20:03:10
2026-09-13 19:51:17,VIPS308,0103,Bryan Quinn,10,2,0,2026-09-13 20:03:10
2026-09-13 19:51:17,VIPS308,0104,Abdil Chowdhury,10,3,0,2026-09-13 20:03:10
2026-09-13 19:51:17,VIPS308,0105,Molly Carton,10,3,0,2026-09-13 20:03:10
2026-09-13 19:51:17,VIPS308,0106,James Baeder,10,4,0,2026-09-13 20:03:10
2026-09-13 19:51:17,VIPS308,0107,Catherine Spirito,10,8,0,2026-09-13 20:03:10
2026-09-13 19:51:17,VIPS308,0108,Ronald Yaros,10,9,0,2026-09-13 20:03:10
2026-09-13 19:51:17,VIPS308,0109,Carinna Ferguson,10,6,0,2026-09-13 20:03:10
2026-09-13 19:51:17,VIPS308,0110,Tracy Riggins,10,0,0,2026-09-13 20:03:10
2026-09-13 19:51:17,VIPS308,0111,Kevin Calabro,10,6,0,2026-09-13 20:03:10
2026-09-13 19:51:17,VIPS308,0112,Raffaele Viglianti,10,10,0,2026-09-13 20:03:10
2026-09-13 19:51:17,VIPS308,0113,Shabnam Jabeen,10,8,0,2026-09-13 20:03:10
2026-09-13 19:51:17,VIPS308,0114,Ning Zeng,10,9,0,2026-09-13 20:03:10
2026-09-13 19:51:17,VIPS308,0115,Veronica Kang,10,10,0,2026-09-13 20:03:10
2026-09-13 19:51:17,VIPS308,0116,David Stewart,10,10,0,2026-09-13 20:03:10
2026-09-13 19:51:17,VIPS308,0117,Meredith Epstein,10,8,0,2026-09-13 20:03:10
2026-09-13 19:51:17,VIPS308,0118,Magaly Toro Ibaceta,10,10,0,2026-09-13 20:03:10
2026-09-13 19:51:17,VIPS308,0120,Marisa Parham,10,9,0,2026-09-13 20:03:10
2026-09-13 19:51:17,VIPS308,0121,Becky Epanchin-Niell,10,10,0,2026-09-13 20:03:10
2026-09-13 19:51:17,VIPS308,0122,Timothy Reedy,10,10,0,2026-09-13 20:03:10
2026-09-13 19:51:17,VIPS308,0123,Lingnan Lin,10,10,0,2026-09-13 20:03:10
2026-09-13 19:51:17,VIPS308,0124,Jeffrey Moro,10,10,0,2026-09-13 20:03:10
2026-09-13 19:51:17,VIPS308,0125,Peter Sunderland,10,10,0,2026-09-13 20:03:10
2026-09-13 19:51:17,VIPS308,0126,Brienna Anderson,10,10,0,2026-09-13 20:03:10
2026-09-13 19:51:17,VIPS408,0101,Mary Bowden,10,4,0,2026-09-13 20:03:10
2026-09-13 19:51:17,VIPS408,0102,Ken Kiger,10,8,0,2026-09-13 20:03:10
2026-09-13 19:51:17,VIPS408,0103,Bryan Quinn,10,3,0,2026-09-13 20:03:10
2026-09-13 19:51:17,VIPS408,0104,Abdil Chowdhury,10,8,0,2026-09-13 20:03:10
2026-09-13 19:51:17,VIPS408,0105,Molly Carton,10,8,0,2026-09-13 20:03:10
2026-09-13 19:51:17,VIPS408,0106,James Baeder,10,7,0,2026-09-13 20:03:10
2026-09-13 19:51:17,VIPS408,0107,Catherine Spirito,10,10,0,2026-09-13 20:03:10
2026-09-13 19:51:17,VIPS408,0108,Ronald Yaros,10,8,0,2026-09-13 20:03:10
2026-09-13 19:51:17,VIPS408,0109,Carinna Ferguson,10,8,0,2026-09-13 20:03:10
2026-09-13 19:51:17,VIPS408,0110,Tracy Riggins,10,10,0,2026-09-13 20:03:10
2026-09-13 19:51:17,VIPS408,0111,Kevin Calabro,10,7,0,2026-09-13 20:03:10
2026-09-13 19:51:17,VIPS408,0112,Raffaele Viglianti,10,9,0,2026-09-13 20:03:10
2026-09-13 19:51:17,VIPS408,0113,Shabnam Jabeen,10,10,0,2026-09-13 20:03:10
2026-09-13 19:51:17,VIPS408,0114,Ning Zeng,10,10,0,2026-09-13 20:03:10
2026-09-13 19:51:17,VIPS408,0115,Veronica Kang,10,10,0,2026-09-13 20:03:10
2026-09-13 19:51:17,VIPS408,0116,David Stewart,10,10,0,2026-09-13 20:03:10
2026-09-13 19:51:17,VIPS408,0117,Meredith Epstein,10,10,0,2026-09-13 20:03:10
2026-09-13 19:51:17,VIPS408,0118,Magaly Toro Ibaceta,10,9,0,2026-09-13 20:03:10
2026-09-13 19:51:17,VIPS408,0120,Marisa Parham,10,10,0,2026-09-13 20:03:10
2026-09-13 19:51:17,VIPS408,0121,Becky Epanchin-Niell,10,10,0,2026-09-13 20:03:10
2026-09-13 19:51:17,VIPS408,0122,Timothy Reedy,10,10,0,2026-09-13 20:03:10
2026-09-13 19:51:17,VIPS408,0123,Lingnan Lin,10,10,0,2026-09-13 20:03:10
2026-09-13 19:51:17,VIPS408,0124,Jeffrey Moro,10,10,0,2026-09-13 20:03:10
2026-09-13 19:51:17,VIPS408,0125,Peter Sunderland,10,10,0,2026-09-13 20:03:10
2026-09-13 19:51:17,VIPS408,0126,Brienna Anderson,10,10,0,2026-09-13 20:03:10
2026-09-13 19:51:17,WEID139B,0101,Denise Joseph,48,6,0,2026-09-13 20:03:12
2026-09-13 19:51:17,WEID139L,0201,Taylor Togafau-Lewis,48,17,0,2026-09-13 20:03:12
