Timestamp,Course,Section,Instructor,Total_Seats,Open_Seats,Waitlist,Fetch_Time
2026-08-25 00:00:08,AAAS100,0101,Shane Walsh,35,2,0,2026-08-25 00:00:09
2026-08-25 00:00:08,AAAS100,0201,Shane Walsh,35,2,0,2026-08-25 00:00:09
2026-08-25 00:00:08,AAAS100,0301,George Kintiba,70,50,0,2026-08-25 00:00:09
2026-08-25 00:00:08,AAAS100,0401,Jason Nichols,30,2,1,2026-08-25 00:00:09
2026-08-25 00:00:08,AAAS100,0501,Jason Nichols,35,0,1,2026-08-25 00:00:09
2026-08-25 00:00:08,AAAS101,0101,Chinyere Osuji,40,15,1,2026-08-25 00:00:09
2026-08-25 00:00:08,AAAS187,0101,Robert Choflet,30,1,1,2026-08-25 00:00:09
2026-08-25 00:00:08,AAAS187,0201,Joseph Richardson,30,26,0,2026-08-25 00:00:09
2026-08-25 00:00:08,AAAS200,0101,George Kintiba,40,1,0,2026-08-25 00:00:10
2026-08-25 00:00:08,AAAS202,0101,Robert Choflet,35,1,0,2026-08-25 00:00:10
2026-08-25 00:00:08,AAAS202,0201,Robert Choflet,35,0,0,2026-08-25 00:00:10
2026-08-25 00:00:08,AAAS202,0301,Angelica Dunbar,35,1,0,2026-08-25 00:00:10
2026-08-25 00:00:08,AAAS202,0401,Ashley Everson,35,0,0,2026-08-25 00:00:10
2026-08-25 00:00:08,AAAS202,0501,Ashley Everson,20,12,0,2026-08-25 00:00:10
2026-08-25 00:00:08,AAAS210,0101,Angelica Dunbar,20,14,0,2026-08-25 00:00:10
2026-08-25 00:00:08,AAAS211,0101,Shane Walsh,30,0,0,2026-08-25 00:00:11
2026-08-25 00:00:08,AAAS230,0101,Ashley Newby,30,0,1,2026-08-25 00:00:11
2026-08-25 00:00:08,AAAS230,0201,Ashley Newby,30,0,2,2026-08-25 00:00:11
2026-08-25 00:00:08,AAAS234,0201,Mike Kolakoski,30,3,3,2026-08-25 00:00:11
2026-08-25 00:00:08,AAAS254,0101,Christopher Bonner,40,4,0,2026-08-25 00:00:11
2026-08-25 00:00:08,AAAS271,0101,Sydney Lewis,30,0,0,2026-08-25 00:00:11
2026-08-25 00:00:08,AAAS310,0101,George Kintiba,25,19,0,2026-08-25 00:00:12
2026-08-25 00:00:08,AAAS320,0101,Cecily Jackson,25,0,1,2026-08-25 00:00:12
2026-08-25 00:00:08,AAAS320,0201,Cecily Jackson,25,19,0,2026-08-25 00:00:12
2026-08-25 00:00:08,AAAS325,0101,Traci Dula,20,6,0,2026-08-25 00:00:12
2026-08-25 00:00:08,AAAS350,0101,John Drabinski,20,0,0,2026-08-25 00:00:12
2026-08-25 00:00:08,AAAS361,0101,Michelle Rowley,35,24,0,2026-08-25 00:00:13
2026-08-25 00:00:08,AAAS386,0101,Marshal Washington,10,10,0,2026-08-25 00:00:13
2026-08-25 00:00:08,AAAS397,0101,John Drabinski,2,2,0,2026-08-25 00:00:13
2026-08-25 00:00:08,AAAS397,0201,Angelica Dunbar,2,2,0,2026-08-25 00:00:13
2026-08-25 00:00:08,AAAS397,0301,Sharon Harley,2,2,0,2026-08-25 00:00:13
2026-08-25 00:00:08,AAAS397,0401,Cecily Jackson,2,2,0,2026-08-25 00:00:13
2026-08-25 00:00:08,AAAS397,0501,Sangeetha Madhavan,2,2,0,2026-08-25 00:00:13
2026-08-25 00:00:08,AAAS397,0601,Ashley Newby,1,1,0,2026-08-25 00:00:13
2026-08-25 00:00:08,AAAS397,0701,Chinyere Osuji,2,2,0,2026-08-25 00:00:13
2026-08-25 00:00:08,AAAS397,0801,Periloux Peay,2,2,0,2026-08-25 00:00:13
2026-08-25 00:00:08,AAAS397,0901,Joseph Richardson,2,2,0,2026-08-25 00:00:13
2026-08-25 00:00:08,AAAS398B,0101,Beka Guluma,20,14,0,2026-08-25 00:00:13
2026-08-25 00:00:08,AAAS398W,0101,Jason Nichols,25,13,0,2026-08-25 00:00:13
2026-08-25 00:00:08,AAAS399,0101,Robert Choflet,4,4,0,2026-08-25 00:00:14
2026-08-25 00:00:08,AAAS399,0201,John Drabinski,4,4,0,2026-08-25 00:00:14
2026-08-25 00:00:08,AAAS399,0301,Angelica Dunbar,4,3,0,2026-08-25 00:00:14
2026-08-25 00:00:08,AAAS399,0401,Sharon Harley,4,4,0,2026-08-25 00:00:14
2026-08-25 00:00:08,AAAS399,0501,Cecily Jackson,4,4,0,2026-08-25 00:00:14
2026-08-25 00:00:08,AAAS399,0601,Cecily Jackson,4,4,0,2026-08-25 00:00:14
2026-08-25 00:00:08,AAAS399,0701,Sharon Harley,4,4,0,2026-08-25 00:00:14
2026-08-25 00:00:08,AAAS399,0801,George Kintiba,4,4,0,2026-08-25 00:00:14
2026-08-25 00:00:08,AAAS399,0901,Jason Nichols,4,4,0,2026-08-25 00:00:14
2026-08-25 00:00:08,AAAS399,1001,Ashley Newby,4,3,0,2026-08-25 00:00:14
2026-08-25 00:00:08,AAAS399,1101,Jason Nichols,4,4,0,2026-08-25 00:00:14
2026-08-25 00:00:08,AAAS399,1201,Joseph Richardson,4,4,0,2026-08-25 00:00:14
2026-08-25 00:00:08,AAAS399,1301,Shane Walsh,4,4,0,2026-08-25 00:00:14
2026-08-25 00:00:08,AAAS399,1401,Joseph Richardson,4,4,0,2026-08-25 00:00:14
2026-08-25 00:00:08,AAAS399,1501,Shane Walsh,4,4,0,2026-08-25 00:00:14
2026-08-25 00:00:08,AAAS400,0101,Periloux Peay,25,23,0,2026-08-25 00:00:14
2026-08-25 00:00:08,AAAS415,0101,Periloux Peay,30,0,2,2026-08-25 00:00:14
2026-08-25 00:00:08,AAAS499N,0101,Anne Rosen,25,0,0,2026-08-25 00:00:14
2026-08-25 00:00:08,AAST200,0101,Jennifer Cho,25,0,9,2026-08-25 00:00:16
2026-08-25 00:00:08,AAST200,0102,Binod Paudyal,25,0,11,2026-08-25 00:00:16
2026-08-25 00:00:08,AAST322,0101,Julie Park,30,0,1,2026-08-25 00:00:16
2026-08-25 00:00:08,AAST351,0101,Binod Paudyal,29,0,18,2026-08-25 00:00:16
2026-08-25 00:00:08,AAST355,0101,Jennifer Cho,29,0,34,2026-08-25 00:00:16
2026-08-25 00:00:08,AAST378,0101,Janelle Wong,2,2,0,2026-08-25 00:00:17
2026-08-25 00:00:08,AAST394,0101,Wenxi Yang,25,0,6,2026-08-25 00:00:17
2026-08-25 00:00:08,AAST398I,0101,Michelle Magalong,24,0,1,2026-08-25 00:00:17
2026-08-25 00:00:08,AAST398W,0101,Chris Eng,25,14,0,2026-08-25 00:00:17
2026-08-25 00:00:08,AAST421,0101,Tuyet Duong,20,0,4,2026-08-25 00:00:17
2026-08-25 00:00:08,AAST422,0101,Jennifer Cho,25,2,0,2026-08-25 00:00:18
2026-08-25 00:00:08,AAST424,0101,Dawn Dow,29,14,0,2026-08-25 00:00:18
2026-08-25 00:00:08,AAST440,0101,Binod Paudyal,21,0,6,2026-08-25 00:00:18
2026-08-25 00:00:08,AAST443,0101,Janelle Wong,27,0,12,2026-08-25 00:00:18
2026-08-25 00:00:08,ABRM330,0101,Rashawn Ray,40,0,5,2026-08-25 00:00:19
2026-08-25 00:00:08,ARAB101,0101,Samah Al-salami,15,7,10,2026-08-25 00:00:48
2026-08-25 00:00:08,ARAB101,0201,Ahmed Hanafy,15,6,9,2026-08-25 00:00:48
2026-08-25 00:00:08,ARAB102,0101,Samah Al-salami,15,1,0,2026-08-25 00:00:49
2026-08-25 00:00:08,ARAB102,0201,Lutf Alkebsi,15,11,0,2026-08-25 00:00:49
2026-08-25 00:00:08,ARAB201,0101,Lutf Alkebsi,15,0,0,2026-08-25 00:00:49
2026-08-25 00:00:08,ARAB201,0201,Lutf Alkebsi,15,11,0,2026-08-25 00:00:49
2026-08-25 00:00:08,ARAB208L,0101,Samah Al-salami,15,6,0,2026-08-25 00:00:49
2026-08-25 00:00:08,ARAB225,0101,Ahmed Hanafy,15,1,0,2026-08-25 00:00:49
2026-08-25 00:00:08,ARAB301,0101,Ahmed Hanafy,15,5,0,2026-08-25 00:00:49
2026-08-25 00:00:08,ARAB321,0101,Ahmed Hanafy,15,9,0,2026-08-25 00:00:49
2026-08-25 00:00:08,ARAB322,0101,Samah Al-salami,15,6,0,2026-08-25 00:00:49
2026-08-25 00:00:08,ARAB398A,0101,Lutf Alkebsi,15,5,0,2026-08-25 00:00:50
2026-08-25 00:00:08,ARAB499E,0101,Brendan Kibbee,20,4,0,2026-08-25 00:00:50
2026-08-25 00:00:08,ARMY106,0101,Thomas Battinieri,31,24,0,2026-08-25 00:01:08
2026-08-25 00:00:08,ARMY106,0102,Thomas Battinieri,40,30,0,2026-08-25 00:01:08
2026-08-25 00:00:08,ARMY106,FC01,Andrew Bischoff,15,10,0,2026-08-25 00:01:08
2026-08-25 00:00:08,ARMY106,FC02,Thomas Battinieri,9,7,0,2026-08-25 00:01:08
2026-08-25 00:00:08,ARMY110,0101,Andrew Bischoff,15,15,0,2026-08-25 00:01:09
2026-08-25 00:00:08,ARMY201,0102,Thomas Battinieri,35,14,0,2026-08-25 00:01:09
2026-08-25 00:00:08,ARMY301,0101,Joshua Guiod,40,21,0,2026-08-25 00:01:09
2026-08-25 00:00:08,ARMY401,0102,Andrew Bischoff,50,17,0,2026-08-25 00:01:09
2026-08-25 00:00:08,ARSC059,0101,Kathleen West,220,117,0,2026-08-25 00:01:10
2026-08-25 00:00:08,ARSC059,FC01,Jens Lyndrup,10,5,0,2026-08-25 00:01:10
2026-08-25 00:00:08,ARSC100,0101,Jens Lyndrup,50,33,0,2026-08-25 00:01:10
2026-08-25 00:00:08,ARSC100,0102,Jens Lyndrup,75,54,0,2026-08-25 00:01:10
2026-08-25 00:00:08,ARSC100,0103,Jens Lyndrup,40,36,0,2026-08-25 00:01:10
2026-08-25 00:00:08,ARSC100,FC01,Jens Lyndrup,5,0,0,2026-08-25 00:01:10
2026-08-25 00:00:08,ARSC100,FC02,Jens Lyndrup,10,8,0,2026-08-25 00:01:10
2026-08-25 00:00:08,ARSC200,0101,Alan Snyder,50,31,0,2026-08-25 00:01:11
2026-08-25 00:00:08,ARSC200,0102,Alan Snyder,35,26,0,2026-08-25 00:01:11
2026-08-25 00:00:08,ARSC200,0103,Alan Snyder,40,33,0,2026-08-25 00:01:11
2026-08-25 00:00:08,ARSC300,0101,Kathleen West,30,12,0,2026-08-25 00:01:11
2026-08-25 00:00:08,ARSC300,0102,Kathleen West,20,16,0,2026-08-25 00:01:11
2026-08-25 00:00:08,ARSC400,0101,Walter Mitchell,30,19,0,2026-08-25 00:01:11
2026-08-25 00:00:08,ARSC400,0102,Walter Mitchell,20,18,0,2026-08-25 00:01:11
2026-08-25 00:00:08,ARSC400,0201,Walter Mitchell,10,10,0,2026-08-25 00:01:11
2026-08-25 00:00:08,BMIN210,0101,Darlene Dennison,162,0,0,2026-08-25 00:01:50
2026-08-25 00:00:08,BMIN210,0201,Darlene Dennison,162,79,0,2026-08-25 00:01:50
2026-08-25 00:00:08,BMIN305,0101,Tejwansh Anand,162,28,0,2026-08-25 00:01:50
2026-08-25 00:00:08,BMIN345,0101,Michael Padhi,250,0,0,2026-08-25 00:01:50
2026-08-25 00:00:08,BMIN355,0101,Idil Yaveroglu,162,1,0,2026-08-25 00:01:51
2026-08-25 00:00:08,BMIN355,0201,Idil Yaveroglu,162,49,0,2026-08-25 00:01:51
2026-08-25 00:00:08,BMIN375,0101,Leland Gardner,185,2,0,2026-08-25 00:01:51
2026-08-25 00:00:08,BMIN395,0101,Nima Farshchi,180,0,0,2026-08-25 00:01:51
2026-08-25 00:00:08,BMIN395,0201,Nima Farshchi,180,130,0,2026-08-25 00:01:51
2026-08-25 00:00:08,BOIS602,WI01,Woei-jyh Lee,40,4,0,2026-08-25 00:01:53
2026-08-25 00:00:08,BOIS604,WI01,Manmohan Aseri,40,3,0,2026-08-25 00:01:53
2026-08-25 00:00:08,BOIS631,WI01,Sujin Kim,40,5,0,2026-08-25 00:01:54
2026-08-25 00:00:08,BSOS355,0101,Liza Lebrun,30,30,0,2026-08-25 00:02:00
2026-08-25 00:00:08,BSOS361,0101,TC Lloyd,30,0,0,2026-08-25 00:02:01
2026-08-25 00:00:08,BSOS361,0103,Keia Brown,30,8,0,2026-08-25 00:02:01
2026-08-25 00:00:08,BSOS361,0104,David Tana,30,0,0,2026-08-25 00:02:01
2026-08-25 00:00:08,BSOS361,0105,TC Lloyd,30,0,0,2026-08-25 00:02:01
2026-08-25 00:00:08,BSOS388C,0101,Nikita Kimani,20,0,1,2026-08-25 00:02:01
2026-08-25 00:00:08,BSOS388C,0201,Nikita Kimani,20,5,0,2026-08-25 00:02:01
2026-08-25 00:00:08,BSOS388E,0101,Liza Lebrun,30,30,0,2026-08-25 00:02:01
2026-08-25 00:00:08,BUSO600,SO11,Neta Moye,38,0,1,2026-08-25 00:02:14
2026-08-25 00:00:08,BUSO600,SO12,Neta Moye,38,3,0,2026-08-25 00:02:14
2026-08-25 00:00:08,BUSO603,SO11,Ilya Ryzhov,38,2,0,2026-08-25 00:02:15
2026-08-25 00:00:08,BUSO603,SO12,Ilya Ryzhov,38,2,0,2026-08-25 00:02:15
2026-08-25 00:00:08,BUSO604,SO11,Bennet Zelner,38,0,0,2026-08-25 00:02:15
2026-08-25 00:00:08,BUSO604,SO12,Bennet Zelner,38,3,0,2026-08-25 00:02:15
2026-08-25 00:00:08,BUSO612,SO11,Henry Boyd,40,0,0,2026-08-25 00:02:15
2026-08-25 00:00:08,BUSO612,SO12,Henry Boyd,40,2,0,2026-08-25 00:02:15
2026-08-25 00:00:08,BUSO616,SO31,Brent Solomon,38,3,0,2026-08-25 00:02:15
2026-08-25 00:00:08,BUSO616,SO32,Brent Solomon,38,0,0,2026-08-25 00:02:15
2026-08-25 00:00:08,BUSO624,SO31,Yi Xu,38,3,0,2026-08-25 00:02:15
2026-08-25 00:00:08,BUSO624,SO32,Yi Xu,38,0,0,2026-08-25 00:02:15
2026-08-25 00:00:08,BUSO700,SO91,Paulo Prochno,0,0,0,2026-08-25 00:02:15
2026-08-25 00:00:08,BUSO711,SO31,Gosia Langa Basit,28,2,0,2026-08-25 00:02:16
2026-08-25 00:00:08,BUSO711,SO32,Gosia Langa Basit,28,4,0,2026-08-25 00:02:16
2026-08-25 00:00:08,BUSO711,SO33,Gosia Langa Basit,28,2,0,2026-08-25 00:02:16
2026-08-25 00:00:08,BUSO731,SO51,Tejwansh Anand,49,0,2,2026-08-25 00:02:16
2026-08-25 00:00:08,BUSO752,SO51,Leland Gardner,35,12,0,2026-08-25 00:02:16
2026-08-25 00:00:08,BUSO758G,SO51,James Seward,35,13,0,2026-08-25 00:02:16
2026-08-25 00:00:08,BUSO758M,SO51,Paulo Prochno,49,1,0,2026-08-25 00:02:16
2026-08-25 00:00:08,BUSO758M,SO52,Paulo Prochno,49,4,0,2026-08-25 00:02:16
2026-08-25 00:00:08,BUSO758T,SO51,Michael Cichello,35,20,0,2026-08-25 00:02:16
2026-08-25 00:00:08,BUSO758W,SO51,Yogesh Joshi,33,0,0,2026-08-25 00:02:16
2026-08-25 00:00:08,BUSO758W,SO52,Yogesh Joshi,33,6,0,2026-08-25 00:02:16
2026-08-25 00:00:08,BUSO758X,SO51,Pallassana Kannan,49,0,0,2026-08-25 00:02:17
2026-08-25 00:00:08,BUSO788F,GX01,Judy Frels,25,5,0,2026-08-25 00:02:17
2026-08-25 00:00:08,BUSO788W,GX01,Zhi-Long Chen,30,6,0,2026-08-25 00:02:17
2026-08-25 00:00:08,CHSE200,0101,Betsy Tornquist,10,1,0,2026-08-25 00:02:34
2026-08-25 00:00:08,CHSE205,0101,Yewon Lee,60,0,30,2026-08-25 00:02:34
2026-08-25 00:00:08,CHSE205,0201,Yewon Lee,60,0,21,2026-08-25 00:02:34
2026-08-25 00:00:08,CHSE228C,0101,Nikita Kimani,20,0,1,2026-08-25 00:02:35
2026-08-25 00:00:08,CHSE228C,0201,Nikita Kimani,20,5,0,2026-08-25 00:02:35
2026-08-25 00:00:08,CHSE228C,0301,Nikita Kimani,20,0,0,2026-08-25 00:02:35
2026-08-25 00:00:08,CHSE230,0101,Isabelle Grable,25,16,0,2026-08-25 00:02:35
2026-08-25 00:00:08,CHSE376,0101,Michael Dunham,22,0,20,2026-08-25 00:02:35
2026-08-25 00:00:08,CHSE376,0201,Colleen McGilpin,20,0,23,2026-08-25 00:02:35
2026-08-25 00:00:08,CHSE376,0301,Elizabeth Martinez,20,0,24,2026-08-25 00:02:35
2026-08-25 00:00:08,CHSE376,0401,Chanai Brewster,20,0,20,2026-08-25 00:02:35
2026-08-25 00:00:08,CHSE476,0101,Michael Dunham,20,10,0,2026-08-25 00:02:35
2026-08-25 00:00:08,CHSE477,0101,Michael Dunham,15,6,0,2026-08-25 00:02:35
2026-08-25 00:00:08,CHSE489,1901,Amy D'Agati,15,10,0,2026-08-25 00:02:36
2026-08-25 00:00:08,CHSE498,2401,Meredith Gramlich,10,2,0,2026-08-25 00:02:36
2026-08-25 00:00:08,CHSE498,3701,Michael Dunham,2,1,0,2026-08-25 00:02:36
2026-08-25 00:00:08,CINE245,0101,Eric Zakim,22,1,6,2026-08-25 00:02:37
2026-08-25 00:00:08,CINE245,0102,Eric Zakim,22,3,5,2026-08-25 00:02:37
2026-08-25 00:00:08,CINE245,0103,Eric Zakim,22,1,5,2026-08-25 00:02:37
2026-08-25 00:00:08,CINE245,0104,Eric Zakim,22,2,6,2026-08-25 00:02:37
2026-08-25 00:00:08,CINE280,0101,Porter Olsen,30,0,23,2026-08-25 00:02:37
2026-08-25 00:00:08,CINE280,0201,John Tobin,30,1,29,2026-08-25 00:02:37
2026-08-25 00:00:08,CINE298A,0101,Caroline Eades,20,0,1,2026-08-25 00:02:37
2026-08-25 00:00:08,CINE301,0101,Eric Zakim,30,0,0,2026-08-25 00:02:38
2026-08-25 00:00:08,CINE310,0101,Nathaniel Stevens,15,0,0,2026-08-25 00:02:38
2026-08-25 00:00:08,CINE315,0101,Yael Inbar,15,0,4,2026-08-25 00:02:38
2026-08-25 00:00:08,CINE319G,0101,Oliver Gaycken,25,16,0,2026-08-25 00:02:38
2026-08-25 00:00:08,CINE319P,5501,Samuel Crawford,10,0,3,2026-08-25 00:02:38
2026-08-25 00:00:08,CINE319Z,0101,Paul Cote,25,11,0,2026-08-25 00:02:38
2026-08-25 00:00:08,CINE329T,0101,Daniel Richter,25,0,28,2026-08-25 00:02:38
2026-08-25 00:00:08,CINE332,0101,Parker Brookie,25,0,3,2026-08-25 00:02:39
2026-08-25 00:00:08,CINE334,0101,Elizabeth Papazian,25,0,3,2026-08-25 00:02:39
2026-08-25 00:00:08,CINE337,0101,Jason Kuo,25,0,5,2026-08-25 00:02:39
2026-08-25 00:00:08,CINE342,0101,Luka Arsenjuk,20,0,7,2026-08-25 00:02:39
2026-08-25 00:00:08,CINE350,0101,John Drabinski,20,0,0,2026-08-25 00:02:39
2026-08-25 00:00:08,CINE359C,0101,Daniel Richter,25,0,9,2026-08-25 00:02:39
2026-08-25 00:00:08,CINE369B,0101,Eva Hageman,30,0,0,2026-08-25 00:02:40
2026-08-25 00:00:08,CINE369K,0101,Paul Cote,20,0,2,2026-08-25 00:02:40
2026-08-25 00:00:08,CINE376,0101,Ross Angelella,15,3,0,2026-08-25 00:02:40
2026-08-25 00:00:08,CINE376,0102,Ross Angelella,5,2,0,2026-08-25 00:02:40
2026-08-25 00:00:08,CINE415,0101,Mathew Bainbridge,15,0,2,2026-08-25 00:02:40
2026-08-25 00:00:08,CINE419P,0101,Oliver Gaycken,20,13,0,2026-08-25 00:02:40
2026-08-25 00:00:08,CINE459P,0101,Luka Arsenjuk,20,0,0,2026-08-25 00:02:40
2026-08-25 00:00:08,CLAS170,0101,Chiara Graf,21,0,14,2026-08-25 00:02:42
2026-08-25 00:00:08,CLAS170,0102,Chiara Graf,21,1,9,2026-08-25 00:02:42
2026-08-25 00:00:08,CLAS170,0103,Chiara Graf,21,1,16,2026-08-25 00:02:42
2026-08-25 00:00:08,CLAS170,0104,Chiara Graf,21,2,9,2026-08-25 00:02:42
2026-08-25 00:00:08,CLAS170,0105,Chiara Graf,21,1,10,2026-08-25 00:02:42
2026-08-25 00:00:08,CLAS170,0106,Chiara Graf,21,1,17,2026-08-25 00:02:42
2026-08-25 00:00:08,CLAS170,0107,Chiara Graf,21,2,11,2026-08-25 00:02:42
2026-08-25 00:00:08,CLAS170,0108,Chiara Graf,21,3,13,2026-08-25 00:02:42
2026-08-25 00:00:08,CLAS170,0109,Chiara Graf,22,2,7,2026-08-25 00:02:42
2026-08-25 00:00:08,CLAS170,FC01,Chelsea Stolt,24,0,5,2026-08-25 00:02:42
2026-08-25 00:00:08,CLAS170,FC02,Chelsea Stolt,24,0,8,2026-08-25 00:02:42
2026-08-25 00:00:08,CLAS170,FC03,Eugenia Lao,24,1,3,2026-08-25 00:02:42
2026-08-25 00:00:08,CLAS170,FC05,Charis Addai,24,1,3,2026-08-25 00:02:42
2026-08-25 00:00:08,CLAS277,0101,Chiara Graf,25,0,0,2026-08-25 00:02:42
2026-08-25 00:00:08,CLAS277,0102,Chiara Graf,25,0,2,2026-08-25 00:02:42
2026-08-25 00:00:08,CLAS277,0103,Chiara Graf,25,0,0,2026-08-25 00:02:42
2026-08-25 00:00:08,CLAS277,0104,Chiara Graf,25,0,0,2026-08-25 00:02:42
2026-08-25 00:00:08,CLAS277,0105,Chiara Graf,25,0,1,2026-08-25 00:02:42
2026-08-25 00:00:08,CLAS277,0106,Chiara Graf,25,0,0,2026-08-25 00:02:42
2026-08-25 00:00:08,CLAS305,0101,Jorge Bravo,35,0,0,2026-08-25 00:02:42
2026-08-25 00:00:08,CLAS309N,0101,Nathan Levine,35,27,0,2026-08-25 00:02:42
2026-08-25 00:00:08,CLAS310,0101,Rachel Singpurwalla,20,0,3,2026-08-25 00:02:43
2026-08-25 00:00:08,CLAS310,0102,Rachel Singpurwalla,20,0,6,2026-08-25 00:02:43
2026-08-25 00:00:08,CLAS310,0103,Rachel Singpurwalla,20,0,6,2026-08-25 00:02:43
2026-08-25 00:00:08,CLAS312,0101,Polyvia Parara,35,0,1,2026-08-25 00:02:43
2026-08-25 00:00:08,CMLT235,0101,Brielle Gorrell,30,0,0,2026-08-25 00:02:45
2026-08-25 00:00:08,CMLT270,0101,Hannah (Toyin) Adeyemi,30,0,5,2026-08-25 00:02:45
2026-08-25 00:00:08,CMLT270,0201,Shakiba Sharifpour,30,6,9,2026-08-25 00:02:45
2026-08-25 00:00:08,CMLT275,0201,Abhinav Bhardwaj,30,3,4,2026-08-25 00:02:46
2026-08-25 00:00:08,CMLT277,0101,Nahid Ahmadian,30,0,1,2026-08-25 00:02:46
2026-08-25 00:00:08,CMLT280,0101,Porter Olsen,30,0,23,2026-08-25 00:02:46
2026-08-25 00:00:08,CMLT280,0201,John Tobin,30,1,29,2026-08-25 00:02:46
2026-08-25 00:00:08,CPBE100,0101,Oliver Schlake,95,27,0,2026-08-25 00:03:05
2026-08-25 00:00:08,CPBE200,0101,Oliver Schlake,75,32,0,2026-08-25 00:03:05
2026-08-25 00:00:08,CPBE225,0101,Ira Koretsky,38,13,0,2026-08-25 00:03:06
2026-08-25 00:00:08,CPBE225,0102,Ira Koretsky,38,23,0,2026-08-25 00:03:06
2026-08-25 00:00:08,CPCV100,0101,Julie Randolph,40,1,0,2026-08-25 00:03:07
2026-08-25 00:00:08,CPCV100,0201,Julie Randolph,40,9,0,2026-08-25 00:03:07
2026-08-25 00:00:08,CPCV200,0101,Julie Randolph,35,2,0,2026-08-25 00:03:07
2026-08-25 00:00:08,CPCV200,0201,Julie Randolph,35,15,0,2026-08-25 00:03:07
2026-08-25 00:00:08,CPCV225,0101,Korey Rothman,75,6,0,2026-08-25 00:03:07
2026-08-25 00:00:08,CPDJ100,0101,Jess Feltner,75,2,0,2026-08-25 00:03:08
2026-08-25 00:00:08,CPDJ200,0101,Andrew Fellows,75,36,0,2026-08-25 00:03:09
2026-08-25 00:00:08,CPET100,0101,Tim Knight,75,1,0,2026-08-25 00:03:10
2026-08-25 00:00:08,CPET200,0101,Tim Knight,75,8,0,2026-08-25 00:03:10
2026-08-25 00:00:08,CPGH100,0101,John Wiggins,85,7,0,2026-08-25 00:03:11
2026-08-25 00:00:08,CPGH200,0101,John Wiggins,75,18,0,2026-08-25 00:03:11
2026-08-25 00:00:08,CPJT100,0101,Justine DeCamillis,75,7,0,2026-08-25 00:03:13
2026-08-25 00:00:08,CPJT200,0101,Justine DeCamillis,75,20,0,2026-08-25 00:03:13
2026-08-25 00:00:08,CPMS100,0101,Carole Lee,75,2,0,2026-08-25 00:03:14
2026-08-25 00:00:08,CPMS200,0101,Alison Burns,75,15,0,2026-08-25 00:03:14
2026-08-25 00:00:08,CPMS225,0101,Alison Burns,75,1,0,2026-08-25 00:03:14
2026-08-25 00:00:08,CPMS230,0101,Alison Burns,30,14,0,2026-08-25 00:03:15
2026-08-25 00:00:08,CPMS240,0101,Carole Lee,20,18,0,2026-08-25 00:03:15
2026-08-25 00:00:08,CPPL100,0101,Kelly Brower,75,0,0,2026-08-25 00:03:16
2026-08-25 00:00:08,CPPL200,0101,Susannah Washburn,75,16,0,2026-08-25 00:03:16
2026-08-25 00:00:08,CPSA100,0101,Andrea Cesar,75,12,0,2026-08-25 00:03:17
2026-08-25 00:00:08,CPSA200,0101,Andrea Cesar,75,36,0,2026-08-25 00:03:18
2026-08-25 00:00:08,CPSF100,0101,Nicholas Fletcher,85,5,0,2026-08-25 00:03:19
2026-08-25 00:00:08,CPSF200,0101,Nicholas Fletcher,75,5,0,2026-08-25 00:03:19
2026-08-25 00:00:08,CPSG100,0101,Thomas Holtz,85,6,0,2026-08-25 00:03:20
2026-08-25 00:00:08,CPSG200,0101,Thomas Holtz,75,30,0,2026-08-25 00:03:20
2026-08-25 00:00:08,CPSN100,0101,Hansol Kwak,85,3,0,2026-08-25 00:03:22
2026-08-25 00:00:08,CPSN200,0101,Stacy Kosko,75,37,0,2026-08-25 00:03:22
2026-08-25 00:00:08,CPSN230,0101,Sarah Kilmer,20,18,0,2026-08-25 00:03:22
2026-08-25 00:00:08,CPSN240,0101,Sarah Kilmer,10,7,0,2026-08-25 00:03:22
2026-08-25 00:00:08,CPSN250,0101,Sarah Kilmer,5,5,0,2026-08-25 00:03:22
2026-08-25 00:00:08,CPSP110,0101,Instructor: TBA,18,13,0,2026-08-25 00:03:23
2026-08-25 00:00:08,CPSP110,0201,Instructor: TBA,18,16,0,2026-08-25 00:03:23
2026-08-25 00:00:08,CPSP220,0101,Tiara Thomas,20,1,0,2026-08-25 00:03:24
2026-08-25 00:00:08,CPSP239A,0101,Heather-Erin Bremenstuhl,10,6,0,2026-08-25 00:03:24
2026-08-25 00:00:08,CPSP269C,0101,Korey Rothman,5,5,0,2026-08-25 00:03:24
2026-08-25 00:00:08,CPSP339P,0101,Susannah Washburn,10,8,0,2026-08-25 00:03:24
2026-08-25 00:00:08,CPSS100,0101,David Tomblin,85,5,0,2026-08-25 00:03:25
2026-08-25 00:00:08,CPSS220,0101,Nicole Mogul,20,6,0,2026-08-25 00:03:25
2026-08-25 00:00:08,CPSS225,0101,Roan Parrish,20,13,0,2026-08-25 00:03:26
2026-08-25 00:00:08,CPSS340,0101,David Tomblin,20,6,0,2026-08-25 00:03:26
2026-08-25 00:00:08,CRLN101,0103,Myles Alexander,25,0,1,2026-08-25 00:03:27
2026-08-25 00:00:08,CRLN101,0104,Tami Smith,25,0,2,2026-08-25 00:03:27
2026-08-25 00:00:08,CRLN101,0105,Denis Garcia Reyes,25,0,0,2026-08-25 00:03:27
2026-08-25 00:00:08,CRLN101,0106,Mitch Woolley,25,9,0,2026-08-25 00:03:27
2026-08-25 00:00:08,CRLN101,0107,Esohe Owie,25,0,0,2026-08-25 00:03:27
2026-08-25 00:00:08,DATA100,0111,Matthew Griffin,32,0,0,2026-08-25 00:03:33
2026-08-25 00:00:08,DATA100,0112,Matthew Griffin,32,0,0,2026-08-25 00:03:33
2026-08-25 00:00:08,DATA100,0121,Matthew Griffin,32,0,0,2026-08-25 00:03:33
2026-08-25 00:00:08,DATA100,0122,Matthew Griffin,32,0,0,2026-08-25 00:03:33
2026-08-25 00:00:08,DATA100,0123,Matthew Griffin,32,0,0,2026-08-25 00:03:33
2026-08-25 00:00:08,DATA100,0124,Matthew Griffin,32,0,1,2026-08-25 00:03:33
2026-08-25 00:00:08,DATA100,0131,Matthew Griffin,32,0,0,2026-08-25 00:03:33
2026-08-25 00:00:08,DATA100,0141,Matthew Griffin,32,1,0,2026-08-25 00:03:33
2026-08-25 00:00:08,DATA100,0142,Matthew Griffin,32,2,0,2026-08-25 00:03:33
2026-08-25 00:00:08,DATA100,0211,Matthew Griffin,30,0,0,2026-08-25 00:03:33
2026-08-25 00:00:08,DATA100,0212,Matthew Griffin,30,0,0,2026-08-25 00:03:33
2026-08-25 00:00:08,DATA100,0221,Matthew Griffin,30,0,2,2026-08-25 00:03:33
2026-08-25 00:00:08,DATA100,0223,Matthew Griffin,30,0,1,2026-08-25 00:03:33
2026-08-25 00:00:08,DATA100,0224,Matthew Griffin,30,0,1,2026-08-25 00:03:33
2026-08-25 00:00:08,DATA100,0231,Matthew Griffin,30,0,0,2026-08-25 00:03:33
2026-08-25 00:00:08,DATA100,0311,Archana Khurana,30,0,1,2026-08-25 00:03:33
2026-08-25 00:00:08,DATA100,0312,Archana Khurana,30,0,0,2026-08-25 00:03:33
2026-08-25 00:00:08,DATA100,0321,Archana Khurana,30,0,1,2026-08-25 00:03:33
2026-08-25 00:00:08,DATA100,0322,Archana Khurana,30,0,0,2026-08-25 00:03:33
2026-08-25 00:00:08,DATA100,0323,Archana Khurana,30,0,1,2026-08-25 00:03:33
2026-08-25 00:00:08,DATA100,0341,Archana Khurana,30,0,1,2026-08-25 00:03:33
2026-08-25 00:00:08,DATA110,0101,Susan Mazzullo,250,13,0,2026-08-25 00:03:33
2026-08-25 00:00:08,DATA120,0101,Fardina Alam,200,0,0,2026-08-25 00:03:33
2026-08-25 00:00:08,DATA200,0101,Fardina Alam,90,32,0,2026-08-25 00:03:33
2026-08-25 00:00:08,DATA250,0101,Todd Rowland,43,3,0,2026-08-25 00:03:34
2026-08-25 00:00:08,DATA320,0101,Maksym Morawski,15,10,0,2026-08-25 00:03:34
2026-08-25 00:00:08,DATA320,0201,Maksym Morawski,15,3,0,2026-08-25 00:03:34
2026-08-25 00:00:08,DATA320,0301,Fardina Alam,20,0,0,2026-08-25 00:03:34
2026-08-25 00:00:08,DATA350,0101,Raluca Rosca,30,6,0,2026-08-25 00:03:34
2026-08-25 00:00:08,DATA350,0201,Jonathan Fernandes,34,2,0,2026-08-25 00:03:34
2026-08-25 00:00:08,DATA400,0111,Salman Safdar,27,0,0,2026-08-25 00:03:34
2026-08-25 00:00:08,DATA400,0112,Salman Safdar,30,0,0,2026-08-25 00:03:34
2026-08-25 00:00:08,DATA400,0121,Salman Safdar,27,1,0,2026-08-25 00:03:34
2026-08-25 00:00:08,DATA400,0122,Salman Safdar,27,1,0,2026-08-25 00:03:34
2026-08-25 00:00:08,DATA400,0131,Salman Safdar,27,7,0,2026-08-25 00:03:34
2026-08-25 00:00:08,DATA400,0132,Salman Safdar,27,19,0,2026-08-25 00:03:34
2026-08-25 00:00:08,DATA400,0211,Timothy Pilachowski,30,0,0,2026-08-25 00:03:34
2026-08-25 00:00:08,DATA400,0212,Timothy Pilachowski,30,1,0,2026-08-25 00:03:34
2026-08-25 00:00:08,DATA400,0221,Timothy Pilachowski,30,1,0,2026-08-25 00:03:34
2026-08-25 00:00:08,DATA400,0222,Timothy Pilachowski,30,5,0,2026-08-25 00:03:34
2026-08-25 00:00:08,DATA400,0231,Timothy Pilachowski,30,0,0,2026-08-25 00:03:34
2026-08-25 00:00:08,DATA400,0232,Timothy Pilachowski,30,1,0,2026-08-25 00:03:34
2026-08-25 00:00:08,DATA400,0311,Mestiyage Gunatilleka,32,0,0,2026-08-25 00:03:34
2026-08-25 00:00:08,DATA400,0312,Mestiyage Gunatilleka,30,1,0,2026-08-25 00:03:34
2026-08-25 00:00:08,DATA400,0321,Mestiyage Gunatilleka,32,0,0,2026-08-25 00:03:34
2026-08-25 00:00:08,DATA400,0322,Mestiyage Gunatilleka,30,0,0,2026-08-25 00:03:34
2026-08-25 00:00:08,DATA400,0331,Mestiyage Gunatilleka,32,0,0,2026-08-25 00:03:34
2026-08-25 00:00:08,DATA400,0332,Mestiyage Gunatilleka,30,0,0,2026-08-25 00:03:34
2026-08-25 00:00:08,DATA400,0511,Shixin Zheng,35,0,0,2026-08-25 00:03:34
2026-08-25 00:00:08,DATA400,0521,Shixin Zheng,35,0,0,2026-08-25 00:03:34
2026-08-25 00:00:08,DATA400,0531,Shixin Zheng,35,0,0,2026-08-25 00:03:34
2026-08-25 00:00:08,DATA601,PCS1,Sandra Cerrai,50,0,0,2026-08-25 00:03:34
2026-08-25 00:00:08,DATA601,PCS2,Jonathan Fernandes,60,11,0,2026-08-25 00:03:34
2026-08-25 00:00:08,DATA601,PWS1,Leonid Koralov,60,5,0,2026-08-25 00:03:34
2026-08-25 00:00:08,DATA602,PCS1,Sujeong Kim,44,2,0,2026-08-25 00:03:34
2026-08-25 00:00:08,DATA602,PCS2,Sujeong Kim,44,8,0,2026-08-25 00:03:34
2026-08-25 00:00:08,DATA602,PWS1,Fardina Alam,44,0,0,2026-08-25 00:03:34
2026-08-25 00:00:08,DATA603,PCS1,Babak Azimi-Sadjadi,55,10,0,2026-08-25 00:03:35
2026-08-25 00:00:08,DATA603,PWS1,Kemal Davaslioglu,55,16,0,2026-08-25 00:03:35
2026-08-25 00:00:08,DATA605,PCS1,Tammy Perrin,44,32,0,2026-08-25 00:03:35
2026-08-25 00:00:08,DATA605,PCS2,Tammy Perrin,44,19,0,2026-08-25 00:03:35
2026-08-25 00:00:08,DATA605,PWS1,Giacinto Paolo Saggese,44,37,0,2026-08-25 00:03:35
2026-08-25 00:00:08,DATA607,PCS1,Mestiyage Gunatilleka,44,32,0,2026-08-25 00:03:35
2026-08-25 00:00:08,DATA607,PCS2,Kendall Williams,55,0,0,2026-08-25 00:03:35
2026-08-25 00:00:08,DATA607,PCS3,Vincent Lyzinski,44,0,0,2026-08-25 00:03:35
2026-08-25 00:00:08,DATA612,PCS1,Samet Ayhan,50,16,0,2026-08-25 00:03:35
2026-08-25 00:00:08,DATA612,PWS1,Samet Ayhan,44,12,0,2026-08-25 00:03:35
2026-08-25 00:00:08,DATA641,PCS1,Toki Inan,50,12,0,2026-08-25 00:03:35
2026-08-25 00:00:08,DATA641,PWS1,Armin Mehrabian,50,0,5,2026-08-25 00:03:35
2026-08-25 00:00:08,DATA643,PCS1,Charles Forgy,50,21,0,2026-08-25 00:03:35
2026-08-25 00:00:08,DATA650,PCS1,Emre Gunduzhan,54,2,0,2026-08-25 00:03:36
2026-08-25 00:00:08,DATA650,PCS2,Emre Gunduzhan,54,3,0,2026-08-25 00:03:36
2026-08-25 00:00:08,ENAI600,0101,C Ravishankar,35,21,0,2026-08-25 00:03:56
2026-08-25 00:00:08,ENAI600,AEC1,C Ravishankar,20,5,0,2026-08-25 00:03:56
2026-08-25 00:00:08,ENAI601,0101,Richard La,35,24,0,2026-08-25 00:03:56
2026-08-25 00:00:08,ENAI601,AEC1,Richard La,20,5,0,2026-08-25 00:03:56
2026-08-25 00:00:08,ENAI607,0101,Zoltan Safar,29,25,0,2026-08-25 00:03:56
2026-08-25 00:00:08,ENAI607,AEC1,Zoltan Safar,20,9,0,2026-08-25 00:03:56
2026-08-25 00:00:08,ENBC301,ESG1,Sivan Saravanapavan,20,10,0,2026-08-25 00:03:58
2026-08-25 00:00:08,ENBC311,ESG1,Bahaa Ghammraoui,20,12,0,2026-08-25 00:03:58
2026-08-25 00:00:08,ENBC322,ESG1,Kyunghun Lee,20,11,0,2026-08-25 00:03:58
2026-08-25 00:00:08,ENBC331,ESG1,Lan Ma,20,11,0,2026-08-25 00:03:58
2026-08-25 00:00:08,ENBC332,ESG1,Jamasp Azarnoosh,20,12,0,2026-08-25 00:03:58
2026-08-25 00:00:08,ENBC341,ESG1,Jarred Callura,20,13,0,2026-08-25 00:03:59
2026-08-25 00:00:08,ENBC353,ESG1,Jarred Callura,20,16,0,2026-08-25 00:03:59
2026-08-25 00:00:08,ENBC399,ESG1,Nan Xu,1,0,0,2026-08-25 00:03:59
2026-08-25 00:00:08,ENBC399,ESG2,Lan Ma,1,0,0,2026-08-25 00:03:59
2026-08-25 00:00:08,ENBC399,ESG3,Jamasp Azarnoosh,1,1,0,2026-08-25 00:03:59
2026-08-25 00:00:08,ENBC399,ESG4,Lan Ma,1,1,0,2026-08-25 00:03:59
2026-08-25 00:00:08,ENBC399,ESG5,Jamasp Azarnoosh,1,0,0,2026-08-25 00:03:59
2026-08-25 00:00:08,ENBC399,ESG6,Jamasp Azarnoosh,1,0,0,2026-08-25 00:03:59
2026-08-25 00:00:08,ENBC399,ESG7,Jamasp Azarnoosh,1,1,0,2026-08-25 00:03:59
2026-08-25 00:00:08,ENBC423,ESG1,Jian Su,20,13,0,2026-08-25 00:03:59
2026-08-25 00:00:08,ENBC425,ESG1,Jamasp Azarnoosh,20,13,0,2026-08-25 00:03:59
2026-08-25 00:00:08,ENBC431,ESG1,Lan Ma,20,13,0,2026-08-25 00:03:59
2026-08-25 00:00:08,ENEB302,ESG1,Wesley Lawson,20,5,0,2026-08-25 00:04:08
2026-08-25 00:00:08,ENEB340,ESG1,Nestor Michael Tiglao,20,5,0,2026-08-25 00:04:09
2026-08-25 00:00:08,ENEB341,ESG1,Nestor Michael Tiglao,20,5,0,2026-08-25 00:04:09
2026-08-25 00:00:08,ENEB344,ESG1,Jerry Wu,20,5,0,2026-08-25 00:04:09
2026-08-25 00:00:08,ENEB346,ESG1,Nestor Michael Tiglao,20,15,0,2026-08-25 00:04:09
2026-08-25 00:00:08,ENEB354,ESG1,Yavuz Oruc,20,5,0,2026-08-25 00:04:09
2026-08-25 00:00:08,ENEB408A,ESG1,Nestor Michael Tiglao,20,15,0,2026-08-25 00:04:10
2026-08-25 00:00:08,ENEB444,ESG1,Manoj Franklin,20,15,0,2026-08-25 00:04:10
2026-08-25 00:00:08,ENEB454,ESG1,Jerry Wu,20,15,0,2026-08-25 00:04:10
2026-08-25 00:00:08,ENED036,0101,Hillary Owusu,20,20,0,2026-08-25 00:04:11
2026-08-25 00:00:08,ENED101,0101,Shannon Bate,20,1,0,2026-08-25 00:04:11
2026-08-25 00:00:08,ENED115,0101,Danielle Barker,100,6,0,2026-08-25 00:04:12
2026-08-25 00:00:08,ENED215,0101,Tyler Huddleston,30,1,0,2026-08-25 00:04:12
2026-08-25 00:00:08,ENED215,0102,Samantha Sabihi,40,21,0,2026-08-25 00:04:12
2026-08-25 00:00:08,ENED215,0103,Paige Smith,6,0,0,2026-08-25 00:04:12
2026-08-25 00:00:08,ENED290H,0101,Christopher Troilo,46,2,0,2026-08-25 00:04:12
2026-08-25 00:00:08,ENED390H,0101,Tony Barber,50,11,0,2026-08-25 00:04:12
2026-08-25 00:00:08,ENED394H,0101,Manmohan Aseri,65,14,0,2026-08-25 00:04:12
2026-08-25 00:00:08,ENED397,0101,Emily Marks,9,1,0,2026-08-25 00:04:12
2026-08-25 00:00:08,ENED490H,0101,David Ashley,45,7,0,2026-08-25 00:04:12
2026-08-25 00:00:08,ENED491,0101,Jessica Roffe,10,0,0,2026-08-25 00:04:13
2026-08-25 00:00:08,ENMT301,ESG1,Colleen Murray,15,14,0,2026-08-25 00:04:47
2026-08-25 00:00:08,ENMT322,ESG1,Gurtajbir Herr,15,14,0,2026-08-25 00:04:48
2026-08-25 00:00:08,ENMT361,ESG1,Young Choi,15,14,0,2026-08-25 00:04:48
2026-08-25 00:00:08,ENMT380,ESG1,Gurtajbir Herr,15,14,0,2026-08-25 00:04:48
2026-08-25 00:00:08,ENMT450,ESG1,Nicholas Limparis,7,5,0,2026-08-25 00:04:48
2026-08-25 00:00:08,ENMT471,ESG1,Colleen Murray,7,5,0,2026-08-25 00:04:48
2026-08-25 00:00:08,ENMT473,ESG1,Gurtajbir Herr,7,4,0,2026-08-25 00:04:48
2026-08-25 00:00:08,ENMT483,ESG1,Nicholas Limparis,7,5,0,2026-08-25 00:04:49
2026-08-25 00:00:08,ENSE621,0101,Tony Barber,22,18,0,2026-08-25 00:04:54
2026-08-25 00:00:08,ENSE621,SY01,Tony Barber,15,0,1,2026-08-25 00:04:54
2026-08-25 00:00:08,ENSE623,0101,Steven Biemer,17,16,0,2026-08-25 00:04:54
2026-08-25 00:00:08,ENSE623,SY01,Steven Biemer,15,10,0,2026-08-25 00:04:54
2026-08-25 00:00:08,ENSE626,0101,Dane Cooper,20,17,0,2026-08-25 00:04:54
2026-08-25 00:00:08,ENSE626,SY01,Dane Cooper,15,9,0,2026-08-25 00:04:54
2026-08-25 00:00:08,ENSP101,0101,Annette Spivy,25,0,0,2026-08-25 00:04:55
2026-08-25 00:00:08,ENSP101,0102,Annette Spivy,24,0,0,2026-08-25 00:04:55
2026-08-25 00:00:08,ENSP101,0103,Annette Spivy,24,1,0,2026-08-25 00:04:55
2026-08-25 00:00:08,ENSP101,0104,Annette Spivy,24,0,0,2026-08-25 00:04:55
2026-08-25 00:00:08,ENSP101,0105,Annette Spivy,25,0,0,2026-08-25 00:04:55
2026-08-25 00:00:08,ENSP101,0106,Annette Spivy,24,3,0,2026-08-25 00:04:55
2026-08-25 00:00:08,ENSP101,0107,Annette Spivy,24,0,0,2026-08-25 00:04:55
2026-08-25 00:00:08,ENSP101,FC01,Annette Spivy,32,0,1,2026-08-25 00:04:55
2026-08-25 00:00:08,ENSP305,0101,Annette Spivy,23,0,2,2026-08-25 00:04:56
2026-08-25 00:00:08,ENSP330,0101,Joanna Goger,35,1,0,2026-08-25 00:04:56
2026-08-25 00:00:08,ENSP340,0101,Caroline Boules,25,0,1,2026-08-25 00:04:56
2026-08-25 00:00:08,ENSP360,0101,Leena Malayil,25,0,4,2026-08-25 00:04:56
2026-08-25 00:00:08,ENSP399R,0601,Annette Spivy,10,10,0,2026-08-25 00:04:56
2026-08-25 00:00:08,ENSP399R,1001,Jennifer Mullinax,10,10,0,2026-08-25 00:04:56
2026-08-25 00:00:08,ENSP400,0101,Colleen O'Donnell,35,12,0,2026-08-25 00:04:57
2026-08-25 00:00:08,ENSP400,0102,Joanna Goger,35,13,0,2026-08-25 00:04:57
2026-08-25 00:00:08,ENVH121,FC01,Brienna Anderson,20,11,0,2026-08-25 00:05:07
2026-08-25 00:00:08,ENVH381,0101,Donald Milton,30,17,0,2026-08-25 00:05:07
2026-08-25 00:00:08,FGSM310,0101,Peter Owen,24,0,0,2026-08-25 00:05:11
2026-08-25 00:00:08,FGSM315,0101,Emily Shetty,22,0,0,2026-08-25 00:05:11
2026-08-25 00:00:08,FGSM320,0101,Woodie Kessel,24,2,0,2026-08-25 00:05:11
2026-08-25 00:00:08,FGSM325,0101,Rob Long,20,1,0,2026-08-25 00:05:11
2026-08-25 00:00:08,FGSM330,0101,Andrew Fausett,22,1,0,2026-08-25 00:05:11
2026-08-25 00:00:08,FGSM340,0101,Ed Fendley,22,1,0,2026-08-25 00:05:11
2026-08-25 00:00:08,FGSM350,0101,Sean Misko,22,1,0,2026-08-25 00:05:12
2026-08-25 00:00:08,FGSM355,0101,Amanda Schoch,20,0,0,2026-08-25 00:05:12
2026-08-25 00:00:08,FGSM360,0101,Nadia Farra,20,1,0,2026-08-25 00:05:12
2026-08-25 00:00:08,FGSM365,0101,Andrew Nissen,20,0,0,2026-08-25 00:05:12
2026-08-25 00:00:08,FGSM370,0101,Joshua Glasser,20,1,0,2026-08-25 00:05:12
2026-08-25 00:00:08,FGSM390,0101,Sasha Koo-Oshima,20,2,0,2026-08-25 00:05:12
2026-08-25 00:00:08,FGSM398,0101,Jayakumar Arasan,25,24,0,2026-08-25 00:05:13
2026-08-25 00:00:08,FGSM398,0201,Jayakumar Arasan,5,2,0,2026-08-25 00:05:13
2026-08-25 00:00:08,FIRE120,0101,Jessica O'Hara,36,1,0,2026-08-25 00:05:14
2026-08-25 00:00:08,FIRE120,0102,Shannon Hilton,36,7,0,2026-08-25 00:05:14
2026-08-25 00:00:08,FIRE120,0103,Jaclyn Bruner,36,0,1,2026-08-25 00:05:14
2026-08-25 00:00:08,FIRE120,0104,Danielle Niu,36,0,0,2026-08-25 00:05:14
2026-08-25 00:00:08,FIRE120,0105,Cherisse Hall,36,0,0,2026-08-25 00:05:14
2026-08-25 00:00:08,FIRE120,0106,Sara Strey,36,7,0,2026-08-25 00:05:14
2026-08-25 00:00:08,FIRE120,0107,Helene Nguemgaing,36,0,0,2026-08-25 00:05:14
2026-08-25 00:00:08,FIRE120,0108,Mary Chey,36,1,0,2026-08-25 00:05:14
2026-08-25 00:00:08,FIRE120,0109,Shannon Hilton,36,0,0,2026-08-25 00:05:14
2026-08-25 00:00:08,FIRE120,0110,Lena Johnson,36,1,0,2026-08-25 00:05:14
2026-08-25 00:00:08,FIRE120,0111,Benjamin Huffman,36,0,0,2026-08-25 00:05:14
2026-08-25 00:00:08,FIRE120,0112,Mary Chey,36,3,0,2026-08-25 00:05:14
2026-08-25 00:00:08,FIRE120,0113,Elizabeth Massey,36,13,0,2026-08-25 00:05:14
2026-08-25 00:00:08,FIRE120,0114,Benjamin Huffman,36,0,0,2026-08-25 00:05:14
2026-08-25 00:00:08,FIRE120,FC01,Danielle Niu,40,0,49,2026-08-25 00:05:14
2026-08-25 00:00:08,FIRE298,0101,Catherine Spirito,28,3,0,2026-08-25 00:05:14
2026-08-25 00:00:08,FIRE298,0103,Cherisse Hall,36,10,0,2026-08-25 00:05:14
2026-08-25 00:00:08,FIRE298,0104,Jessica O'Hara,36,5,0,2026-08-25 00:05:14
2026-08-25 00:00:08,FIRE298,0105,Quira Zeidan,36,9,0,2026-08-25 00:05:14
2026-08-25 00:00:08,FIRE298,0106,Danielle Niu,36,17,0,2026-08-25 00:05:14
2026-08-25 00:00:08,FIRE298,0107,Benjamin Huffman,40,3,0,2026-08-25 00:05:14
2026-08-25 00:00:08,FIRE298,0108,Elizabeth Massey,40,14,0,2026-08-25 00:05:14
2026-08-25 00:00:08,FIRE298,0109,Shannon Hilton,40,8,0,2026-08-25 00:05:14
2026-08-25 00:00:08,FIRE298,0110,Jaclyn Bruner,40,18,0,2026-08-25 00:05:14
2026-08-25 00:00:08,FIRE298,0111,Mary Chey,36,8,0,2026-08-25 00:05:14
2026-08-25 00:00:08,FIRE298,0112,Helene Nguemgaing,40,16,0,2026-08-25 00:05:14
2026-08-25 00:00:08,FIRE298,0113,Kristina Kramarczuk,40,12,0,2026-08-25 00:05:14
2026-08-25 00:00:08,FIRE298,0114,Shabnam Jabeen,40,24,0,2026-08-25 00:05:14
2026-08-25 00:00:08,FIRE298,0115,Sara Strey,40,15,0,2026-08-25 00:05:14
2026-08-25 00:00:08,FIRE298,0116,Lena Johnson,40,6,0,2026-08-25 00:05:14
2026-08-25 00:00:08,FIRE398,0101,Catherine Spirito,15,4,0,2026-08-25 00:05:14
2026-08-25 00:00:08,FIRE398,0103,Cherisse Hall,15,4,0,2026-08-25 00:05:14
2026-08-25 00:00:08,FIRE398,0104,Jessica O'Hara,15,3,0,2026-08-25 00:05:14
2026-08-25 00:00:08,FIRE398,0105,Quira Zeidan,15,3,0,2026-08-25 00:05:14
2026-08-25 00:00:08,FIRE398,0106,Danielle Niu,15,11,0,2026-08-25 00:05:14
2026-08-25 00:00:08,FIRE398,0107,Benjamin Huffman,15,3,0,2026-08-25 00:05:14
2026-08-25 00:00:08,FIRE398,0108,Elizabeth Massey,15,5,0,2026-08-25 00:05:14
2026-08-25 00:00:08,FIRE398,0109,Shannon Hilton,15,10,0,2026-08-25 00:05:14
2026-08-25 00:00:08,FIRE398,0110,Jaclyn Bruner,15,8,0,2026-08-25 00:05:14
2026-08-25 00:00:08,FIRE398,0111,Mary Chey,15,5,0,2026-08-25 00:05:14
2026-08-25 00:00:08,FIRE398,0112,Helene Nguemgaing,15,15,0,2026-08-25 00:05:14
2026-08-25 00:00:08,FIRE398,0113,Kristina Kramarczuk,15,6,0,2026-08-25 00:05:14
2026-08-25 00:00:08,FIRE398,0114,Shabnam Jabeen,15,15,0,2026-08-25 00:05:14
2026-08-25 00:00:08,FIRE398,0115,Sara Strey,15,14,0,2026-08-25 00:05:14
2026-08-25 00:00:08,FIRE398,0116,Lena Johnson,15,11,0,2026-08-25 00:05:14
2026-08-25 00:00:08,GBHL200,0101,Hassanatu Blake,27,0,3,2026-08-25 00:05:24
2026-08-25 00:00:08,GBHL200,FC01,Zandra Andre,25,3,0,2026-08-25 00:05:24
2026-08-25 00:00:08,GBHL210,0101,Leena Malayil,22,5,0,2026-08-25 00:05:25
2026-08-25 00:00:08,GBHL399,0101,Hassanatu Blake,3,3,0,2026-08-25 00:05:25
2026-08-25 00:00:08,GBHL399,0111,Dina Borzekowski,5,5,0,2026-08-25 00:05:25
2026-08-25 00:00:08,GEMS101,0101,Allison Lansverk,10,0,0,2026-08-25 00:05:26
2026-08-25 00:00:08,GEMS101,0103,Allison Lansverk,10,3,0,2026-08-25 00:05:26
2026-08-25 00:00:08,GEMS101,0104,Allison Lansverk,10,0,0,2026-08-25 00:05:26
2026-08-25 00:00:08,GEMS101,0105,Allison Lansverk,10,0,0,2026-08-25 00:05:26
2026-08-25 00:00:08,GEMS101,0106,Allison Lansverk,10,0,0,2026-08-25 00:05:26
2026-08-25 00:00:08,GEMS101,0107,Allison Lansverk,10,0,0,2026-08-25 00:05:26
2026-08-25 00:00:08,GEMS101,0109,Allison Lansverk,10,0,0,2026-08-25 00:05:26
2026-08-25 00:00:08,GEMS101,0111,Allison Lansverk,10,0,0,2026-08-25 00:05:26
2026-08-25 00:00:08,GEMS101,0113,Allison Lansverk,10,0,0,2026-08-25 00:05:26
2026-08-25 00:00:08,GEMS101,0114,Allison Lansverk,10,0,0,2026-08-25 00:05:26
2026-08-25 00:00:08,GEMS202,0101,David Lovell,168,52,0,2026-08-25 00:05:27
2026-08-25 00:00:08,GEMS208A,0101,Allison Lansverk,14,14,0,2026-08-25 00:05:27
2026-08-25 00:00:08,GEMS208B,0101,Allison Lansverk,14,14,0,2026-08-25 00:05:27
2026-08-25 00:00:08,GEMS208C,0101,Allison Lansverk,23,14,0,2026-08-25 00:05:27
2026-08-25 00:00:08,GEMS208D,0101,Allison Lansverk,10,10,0,2026-08-25 00:05:27
2026-08-25 00:00:08,GEMS208P,0101,Allison Lansverk,20,10,0,2026-08-25 00:05:27
2026-08-25 00:00:08,GEMS296,0101,Sehrish Shikarpurya,14,4,0,2026-08-25 00:05:28
2026-08-25 00:00:08,GEMS296,0102,Instructor: TBA,14,3,0,2026-08-25 00:05:28
2026-08-25 00:00:08,GEMS296,0103,Myles Poulin,14,1,0,2026-08-25 00:05:28
2026-08-25 00:00:08,GEMS296,0104,Raymond Adomaitis,14,2,0,2026-08-25 00:05:28
2026-08-25 00:00:08,GEMS296,0105,Rodolphe Gentili,14,4,0,2026-08-25 00:05:28
2026-08-25 00:00:08,GEMS296,0106,Jared Grauer,14,6,0,2026-08-25 00:05:28
2026-08-25 00:00:08,GEMS296,0107,Fengfeng Ke,14,6,0,2026-08-25 00:05:28
2026-08-25 00:00:08,GEMS296,0108,Instructor: TBA,14,5,0,2026-08-25 00:05:28
2026-08-25 00:00:08,GEMS296,0109,Huang Chiao Huang,14,2,0,2026-08-25 00:05:28
2026-08-25 00:00:08,GEMS296,0110,Mengqiang Zhu,14,8,0,2026-08-25 00:05:28
2026-08-25 00:00:08,GEMS296,0111,Maria Molina,14,7,0,2026-08-25 00:05:28
2026-08-25 00:00:08,GEMS296,0112,Youssef Kousa,14,5,0,2026-08-25 00:05:28
2026-08-25 00:00:08,GEMS296,0113,Instructor: TBA,5,5,0,2026-08-25 00:05:28
2026-08-25 00:00:08,GEMS296,0114,Instructor: TBA,14,14,0,2026-08-25 00:05:28
2026-08-25 00:00:08,GEMS296,0115,David Lovell,5,4,0,2026-08-25 00:05:28
2026-08-25 00:00:08,GEMS297,0113,Instructor: TBA,5,5,0,2026-08-25 00:05:28
2026-08-25 00:00:08,GEMS396,0101,Michael Humber,14,9,0,2026-08-25 00:05:28
2026-08-25 00:00:08,GEMS396,0102,Seth Dickey,14,6,0,2026-08-25 00:05:28
2026-08-25 00:00:08,GEMS396,0103,Cecilia Huertas Cerdeira,14,11,0,2026-08-25 00:05:28
2026-08-25 00:00:08,GEMS396,0104,Rodolphe Gentili,14,6,0,2026-08-25 00:05:28
2026-08-25 00:00:08,GEMS396,0105,Allison Reilly,14,7,0,2026-08-25 00:05:28
2026-08-25 00:00:08,GEMS396,0106,Peter Sunderland,14,5,0,2026-08-25 00:05:28
2026-08-25 00:00:08,GEMS396,0107,Brett Lacey,14,9,0,2026-08-25 00:05:28
2026-08-25 00:00:08,GEMS396,0108,Natalia Buzulukova,14,6,0,2026-08-25 00:05:28
2026-08-25 00:00:08,GEMS396,0109,Anil Deane,14,5,0,2026-08-25 00:05:28
2026-08-25 00:00:08,GEMS396,0110,Colenso Speer,14,7,0,2026-08-25 00:05:28
2026-08-25 00:00:08,GEMS396,0111,Instructor: TBA,14,14,0,2026-08-25 00:05:28
2026-08-25 00:00:08,GEMS396,0112,Instructor: TBA,14,14,0,2026-08-25 00:05:28
2026-08-25 00:00:08,GEMS396,0113,David Lovell,5,4,0,2026-08-25 00:05:28
2026-08-25 00:00:08,GEMS396,0114,David Lovell,5,5,0,2026-08-25 00:05:28
2026-08-25 00:00:08,GEMS397,0113,David Lovell,5,4,0,2026-08-25 00:05:28
2026-08-25 00:00:08,GEMS496,0101,Eric Haag,14,8,0,2026-08-25 00:05:28
2026-08-25 00:00:08,GEMS496,0102,Mohammad Nayeem Teli,14,11,0,2026-08-25 00:05:28
2026-08-25 00:00:08,GEMS496,0103,Norberto Gonzalez- Juarbe,14,4,0,2026-08-25 00:05:28
2026-08-25 00:00:08,GEMS496,0104,Abhinav Shrivastava,14,8,0,2026-08-25 00:05:28
2026-08-25 00:00:08,GEMS496,0105,Hector Alcala,14,7,0,2026-08-25 00:05:28
2026-08-25 00:00:08,GEMS496,0106,Massimo Ricotti,14,5,0,2026-08-25 00:05:28
2026-08-25 00:00:08,GEMS496,0107,Reza Ghodssi,14,9,0,2026-08-25 00:05:28
2026-08-25 00:00:08,GEMS496,0108,Nikhil Chopra,14,11,0,2026-08-25 00:05:28
2026-08-25 00:00:08,GEMS496,0109,Kimberly Stroka,14,5,0,2026-08-25 00:05:28
2026-08-25 00:00:08,GEMS496,0110,Gorjan Alagic,14,14,0,2026-08-25 00:05:28
2026-08-25 00:00:08,GEMS496,0111,Alisa Clyne,14,8,0,2026-08-25 00:05:28
2026-08-25 00:00:08,GEMS496,0112,Xin Zan,14,10,0,2026-08-25 00:05:28
2026-08-25 00:00:08,GEMS496,0113,Erin Tran,14,14,0,2026-08-25 00:05:28
2026-08-25 00:00:08,GEMS496,0114,David Lovell,5,5,0,2026-08-25 00:05:28
2026-08-25 00:00:08,GEMS497,0107,Instructor: TBA,14,14,0,2026-08-25 00:05:28
2026-08-25 00:00:08,GEMS497,0110,Instructor: TBA,5,5,0,2026-08-25 00:05:28
2026-08-25 00:00:08,GEMS497,0113,David Lovell,5,5,0,2026-08-25 00:05:28
2026-08-25 00:00:08,GFPL100,0101,Joshua Itzkowitz Shifrinson,20,0,1,2026-08-25 00:05:51
2026-08-25 00:00:08,GFPL100,0102,Joshua Itzkowitz Shifrinson,20,0,1,2026-08-25 00:05:51
2026-08-25 00:00:08,GFPL100,0103,Joshua Itzkowitz Shifrinson,20,0,1,2026-08-25 00:05:51
2026-08-25 00:00:08,GFPL100,0104,Joshua Itzkowitz Shifrinson,20,0,2,2026-08-25 00:05:51
2026-08-25 00:00:08,GFPL100,0105,Joshua Itzkowitz Shifrinson,20,0,4,2026-08-25 00:05:51
2026-08-25 00:00:08,GFPL100,0106,Joshua Itzkowitz Shifrinson,25,0,1,2026-08-25 00:05:51
2026-08-25 00:00:08,GFPL100,FC01,Devin Entrikin,30,0,0,2026-08-25 00:05:51
2026-08-25 00:00:08,GFPL102,0101,Caroline Ritter,95,31,0,2026-08-25 00:05:51
2026-08-25 00:00:08,GFPL371,0101,Joshua Itzkowitz Shifrinson,35,0,1,2026-08-25 00:05:51
2026-08-25 00:00:08,GFPL388A,0101,Shannon Carcelli,5,5,0,2026-08-25 00:05:51
2026-08-25 00:00:08,GFPL388B,0101,Hyunki Kim,5,5,0,2026-08-25 00:05:51
2026-08-25 00:00:08,GFPL388C,0101,Scott Kastner,5,0,0,2026-08-25 00:05:52
2026-08-25 00:00:08,GFPL390,0101,Lena Andrews,20,0,12,2026-08-25 00:05:52
2026-08-25 00:00:08,GFPL490,0101,Michael Woldemariam,15,0,0,2026-08-25 00:05:52
2026-08-25 00:00:08,GFPL492,0101,Steve Fetter,20,2,0,2026-08-25 00:05:52
2026-08-25 00:00:08,GLBC200,0101,Chris Lewis,30,0,5,2026-08-25 00:05:53
2026-08-25 00:00:08,GLBC350,0101,Michele Mason,30,25,0,2026-08-25 00:05:54
2026-08-25 00:00:08,HACS100,0101,Cassie Harrington,40,0,0,2026-08-25 00:06:03
2026-08-25 00:00:08,HACS100,0201,Cassie Harrington,40,16,0,2026-08-25 00:06:03
2026-08-25 00:00:08,HACS200,0101,Michel Cukier,34,9,0,2026-08-25 00:06:04
2026-08-25 00:00:08,HACS200,0201,Michel Cukier,34,1,0,2026-08-25 00:06:04
2026-08-25 00:00:08,HACS202,0101,Bertrand Sobesto,52,18,0,2026-08-25 00:06:04
2026-08-25 00:00:08,HACS208A,0101,Lawrence Gordon,20,0,5,2026-08-25 00:06:04
2026-08-25 00:00:08,HACS208C,0101,Lamia Zia,26,10,0,2026-08-25 00:06:04
2026-08-25 00:00:08,HACS208P,0101,Charles Harry,26,0,2,2026-08-25 00:06:05
2026-08-25 00:00:08,HACS297,0101,Sarah Herberger,25,8,0,2026-08-25 00:06:05
2026-08-25 00:00:08,HACS408E,0101,Luke Mains,30,11,0,2026-08-25 00:06:05
2026-08-25 00:00:08,HACS408L,0101,Ian Serbin,30,1,0,2026-08-25 00:06:05
2026-08-25 00:00:08,HACS408M,0101,John McGahagan,30,0,2,2026-08-25 00:06:05
2026-08-25 00:00:08,HACS498,0101,Thomas Woods,7,1,0,2026-08-25 00:06:06
2026-08-25 00:00:08,HACS498,0201,David Trott,9,0,0,2026-08-25 00:06:06
2026-08-25 00:00:08,HACS498,0301,Michel Cukier,8,0,0,2026-08-25 00:06:06
2026-08-25 00:00:08,HBUS100,0101,Jui Ramaprasad,72,4,0,2026-08-25 00:06:07
2026-08-25 00:00:08,HBUS200,0101,Nicole Coomber,60,3,0,2026-08-25 00:06:07
2026-08-25 00:00:08,HDCC105,0101,Antwon Key,70,8,0,2026-08-25 00:06:09
2026-08-25 00:00:08,HDCC201,0101,Jessica Lu,22,0,0,2026-08-25 00:06:09
2026-08-25 00:00:08,HDCC201,0201,Jessica Lu,22,0,0,2026-08-25 00:06:09
2026-08-25 00:00:08,HDCC201,0301,Jessica Lu,22,5,0,2026-08-25 00:06:09
2026-08-25 00:00:08,HDCC208A,0101,William Evans,14,0,0,2026-08-25 00:06:09
2026-08-25 00:00:08,HDCC208J,0101,Grant Bollmer,14,0,0,2026-08-25 00:06:09
2026-08-25 00:00:08,HDCC208P,0101,Cliff Bakalian,14,0,0,2026-08-25 00:06:09
2026-08-25 00:00:08,HDCC208T,0101,Jonathan Reyes,14,0,0,2026-08-25 00:06:09
2026-08-25 00:00:08,HDCC208Z,0101,M Sauter,14,6,0,2026-08-25 00:06:10
2026-08-25 00:00:08,HDCC379,0101,Antwon Key,5,4,0,2026-08-25 00:06:10
2026-08-25 00:00:08,HEBR106,0101,Avital Karpman,15,1,0,2026-08-25 00:06:11
2026-08-25 00:00:08,HEBR106,0201,Avital Karpman,15,10,0,2026-08-25 00:06:11
2026-08-25 00:00:08,HEBR206,0101,Avital Karpman,15,6,0,2026-08-25 00:06:11
2026-08-25 00:00:08,HEBR249C,0101,Aliza Sandalon,15,0,0,2026-08-25 00:06:11
2026-08-25 00:00:08,HEBR298B,0101,Matthew Suriano,25,0,0,2026-08-25 00:06:11
2026-08-25 00:00:08,HEBR313,0101,Aliza Sandalon,20,0,5,2026-08-25 00:06:12
2026-08-25 00:00:08,HGLO100,0101,Alfredo Oliveira,22,8,0,2026-08-25 00:06:21
2026-08-25 00:00:08,HGLO100,0102,Natalie Vinski Ibrahim,22,8,0,2026-08-25 00:06:21
2026-08-25 00:00:08,HGLO100,0103,Natalie Vinski Ibrahim,22,1,0,2026-08-25 00:06:21
2026-08-25 00:00:08,HGLO100,0104,Alfredo Oliveira,22,12,0,2026-08-25 00:06:21
2026-08-25 00:00:08,HGLO101,0101,Sarah Croco,23,0,0,2026-08-25 00:06:21
2026-08-25 00:00:08,HGLO101,0102,Sarah Croco,22,9,0,2026-08-25 00:06:21
2026-08-25 00:00:08,HGLO101,0103,Sarah Croco,22,10,0,2026-08-25 00:06:21
2026-08-25 00:00:08,HGLO101,0104,Sarah Croco,22,13,0,2026-08-25 00:06:21
2026-08-25 00:00:08,HGLO207,0101,Natalie Vinski Ibrahim,25,16,0,2026-08-25 00:06:21
2026-08-25 00:00:08,HGLO208,0101,Sarah Croco,45,21,0,2026-08-25 00:06:21
2026-08-25 00:00:08,HGLO298,0101,Jordan Gouws-Dewar,30,29,0,2026-08-25 00:06:22
2026-08-25 00:00:08,HLSC100,0101,Jalah Townsend,24,0,0,2026-08-25 00:06:42
2026-08-25 00:00:08,HLSC100,0102,Jalah Townsend,24,0,0,2026-08-25 00:06:42
2026-08-25 00:00:08,HLSC100,0103,Jalah Townsend,24,1,0,2026-08-25 00:06:42
2026-08-25 00:00:08,HLSC100,0104,Jalah Townsend,24,15,0,2026-08-25 00:06:42
2026-08-25 00:00:08,HLSC280,0101,Najib El-Sayed,25,3,0,2026-08-25 00:06:42
2026-08-25 00:00:08,HLSC280,0102,Najib El-Sayed,25,5,0,2026-08-25 00:06:42
2026-08-25 00:00:08,HLSC280,0103,Najib El-Sayed,25,5,0,2026-08-25 00:06:42
2026-08-25 00:00:08,HLSC280,0104,Najib El-Sayed,25,8,0,2026-08-25 00:06:42
2026-08-25 00:00:08,HLSC329,0101,Sabrina Kramer,12,5,0,2026-08-25 00:06:42
2026-08-25 00:00:08,HNUH100,0101,Robert Graham,20,1,0,2026-08-25 00:06:50
2026-08-25 00:00:08,HNUH100,0102,Robert Graham,20,0,0,2026-08-25 00:06:50
2026-08-25 00:00:08,HNUH100,0103,Brittany Proudfoot Ginder,20,0,0,2026-08-25 00:06:50
2026-08-25 00:00:08,HNUH100,0104,Max Barnewitz,20,0,0,2026-08-25 00:06:50
2026-08-25 00:00:08,HNUH100,0105,Vasfiye Toprak,20,0,0,2026-08-25 00:06:50
2026-08-25 00:00:08,HNUH100,0106,Vasfiye Toprak,20,1,0,2026-08-25 00:06:50
2026-08-25 00:00:08,HNUH100,0201,Max Barnewitz,20,0,0,2026-08-25 00:06:50
2026-08-25 00:00:08,HNUH100,0202,Max Barnewitz,20,0,0,2026-08-25 00:06:50
2026-08-25 00:00:08,HNUH100,0203,Vasfiye Toprak,20,1,0,2026-08-25 00:06:50
2026-08-25 00:00:08,HNUH100,0204,Vasfiye Toprak,20,0,0,2026-08-25 00:06:50
2026-08-25 00:00:08,HNUH100,0205,Max Barnewitz,20,3,0,2026-08-25 00:06:50
2026-08-25 00:00:08,HNUH100,0206,Max Barnewitz,20,0,0,2026-08-25 00:06:50
2026-08-25 00:00:08,HNUH100,0301,Robert Graham,20,0,0,2026-08-25 00:06:50
2026-08-25 00:00:08,HNUH100,0302,Shauna Rigaud,20,8,0,2026-08-25 00:06:50
2026-08-25 00:00:08,HNUH100,0303,Shauna Rigaud,20,0,0,2026-08-25 00:06:50
2026-08-25 00:00:08,HNUH100,0304,Max Barnewitz,20,4,0,2026-08-25 00:06:50
2026-08-25 00:00:08,HNUH100,0305,Vasfiye Toprak,20,0,0,2026-08-25 00:06:50
2026-08-25 00:00:08,HNUH100,0306,Vasfiye Toprak,20,4,0,2026-08-25 00:06:50
2026-08-25 00:00:08,HNUH100,0401,Gretchen Bella,20,0,0,2026-08-25 00:06:50
2026-08-25 00:00:08,HNUH100,0402,Gretchen Bella,20,7,0,2026-08-25 00:06:50
2026-08-25 00:00:08,HNUH100,0403,Max Barnewitz,20,1,0,2026-08-25 00:06:50
2026-08-25 00:00:08,HNUH100,0404,Max Barnewitz,20,7,0,2026-08-25 00:06:50
2026-08-25 00:00:08,HNUH100,0405,Max Barnewitz,20,2,0,2026-08-25 00:06:50
2026-08-25 00:00:08,HNUH100,0406,Max Barnewitz,20,4,0,2026-08-25 00:06:50
2026-08-25 00:00:08,HNUH100,0501,Leigha McReynolds,10,4,0,2026-08-25 00:06:50
2026-08-25 00:00:08,HNUH100,0601,Brittany Proudfoot Ginder,20,1,0,2026-08-25 00:06:50
2026-08-25 00:00:08,HNUH218D,0101,Brian Gilmore,48,0,3,2026-08-25 00:06:51
2026-08-25 00:00:08,HNUH218L,0101,Shauna Rigaud,20,4,2,2026-08-25 00:06:51
2026-08-25 00:00:08,HNUH218L,0201,Shauna Rigaud,20,1,2,2026-08-25 00:06:51
2026-08-25 00:00:08,HNUH228D,0101,Matthew McLaughlin,60,0,9,2026-08-25 00:06:51
2026-08-25 00:00:08,HNUH228L,0101,Alena Wigodner,20,0,2,2026-08-25 00:06:51
2026-08-25 00:00:08,HNUH228L,0201,Alena Wigodner,20,0,1,2026-08-25 00:06:51
2026-08-25 00:00:08,HNUH228N,0101,Peter Grybauskas,20,0,2,2026-08-25 00:06:51
2026-08-25 00:00:08,HNUH229I,0101,Gretchen Bella,20,0,0,2026-08-25 00:06:51
2026-08-25 00:00:08,HNUH238D,0101,Susan Moeller,60,4,7,2026-08-25 00:06:52
2026-08-25 00:00:08,HNUH238L,0101,Kimberly Johnson,20,4,0,2026-08-25 00:06:52
2026-08-25 00:00:08,HNUH238L,0201,Kimberly Johnson,20,0,1,2026-08-25 00:06:52
2026-08-25 00:00:08,HNUH238N,0101,Hannah Wegmann,20,10,0,2026-08-25 00:06:52
2026-08-25 00:00:08,HNUH239T,0101,Gerald Suarez,20,0,3,2026-08-25 00:06:52
2026-08-25 00:00:08,HNUH248D,0101,Juan Uriagereka,45,0,5,2026-08-25 00:06:52
2026-08-25 00:00:08,HNUH248L,0201,Robert Graham,20,11,0,2026-08-25 00:06:52
2026-08-25 00:00:08,HNUH248M,0101,Hassanatu Blake,20,11,0,2026-08-25 00:06:52
2026-08-25 00:00:08,HNUH248N,0101,Siv Lie,20,0,7,2026-08-25 00:06:53
2026-08-25 00:00:08,HNUH249P,0101,Temim Nusraty,20,0,0,2026-08-25 00:06:53
2026-08-25 00:00:08,HNUH258C,0101,Bill Fagan,55,27,0,2026-08-25 00:06:53
2026-08-25 00:00:08,HNUH258Q,0101,Tiara Thomas,20,1,1,2026-08-25 00:06:53
2026-08-25 00:00:08,HNUH259P,0101,Hooman Koliji,20,3,2,2026-08-25 00:06:53
2026-08-25 00:00:08,HNUH268C,0101,Perla Guerrero,60,33,5,2026-08-25 00:06:53
2026-08-25 00:00:08,HNUH269P,0101,Marisa Franco,20,0,10,2026-08-25 00:06:54
2026-08-25 00:00:08,HNUH278C,0101,Chinyere Osuji,60,37,0,2026-08-25 00:06:54
2026-08-25 00:00:08,HNUH278I,0101,Marisa Franco,20,7,0,2026-08-25 00:06:54
2026-08-25 00:00:08,HNUH278I,0102,Marisa Franco,20,2,0,2026-08-25 00:06:54
2026-08-25 00:00:08,HNUH278R,0101,Max Barnewitz,20,4,7,2026-08-25 00:06:54
2026-08-25 00:00:08,HNUH288C,0101,Julia Steinberg,30,2,2,2026-08-25 00:06:54
2026-08-25 00:00:08,HNUH288C,0103,Julia Steinberg,30,11,1,2026-08-25 00:06:54
2026-08-25 00:00:08,HNUH288O,0101,Ariana Nash,20,0,3,2026-08-25 00:06:54
2026-08-25 00:00:08,HNUH300,0301,Vasfiye Toprak,20,0,0,2026-08-25 00:06:55
2026-08-25 00:00:08,HNUH300,0401,Robert Graham,20,0,0,2026-08-25 00:06:55
2026-08-25 00:00:08,HNUH300,0601,Alena Wigodner,20,0,0,2026-08-25 00:06:55
2026-08-25 00:00:08,HNUH300,0701,Ingrid Satelmajer,20,13,0,2026-08-25 00:06:55
2026-08-25 00:00:08,HNUH300,0801,Shauna Rigaud,20,0,0,2026-08-25 00:06:55
2026-08-25 00:00:08,HNUH300,0901,Kimberly Johnson,20,3,0,2026-08-25 00:06:55
2026-08-25 00:00:08,HNUH300,1001,Ingrid Satelmajer,20,12,0,2026-08-25 00:06:55
2026-08-25 00:00:08,HNUH318T,0101,Peter Owen,24,0,0,2026-08-25 00:06:55
2026-08-25 00:00:08,HNUH319T,0101,Emily Shetty,22,0,0,2026-08-25 00:06:55
2026-08-25 00:00:08,HNUH328T,0101,Woodie Kessel,24,2,0,2026-08-25 00:06:55
2026-08-25 00:00:08,HNUH329T,0101,Rob Long,20,1,0,2026-08-25 00:06:55
2026-08-25 00:00:08,HNUH338T,0101,Andrew Fausett,22,1,0,2026-08-25 00:06:55
2026-08-25 00:00:08,HNUH348T,0101,Ed Fendley,22,1,0,2026-08-25 00:06:55
2026-08-25 00:00:08,HNUH358T,0101,Sean Misko,22,1,0,2026-08-25 00:06:56
2026-08-25 00:00:08,HNUH359T,0101,Amanda Schoch,20,0,0,2026-08-25 00:06:56
2026-08-25 00:00:08,HNUH368T,0101,Nadia Farra,20,1,0,2026-08-25 00:06:56
2026-08-25 00:00:08,HNUH369T,0101,Andrew Nissen,20,0,0,2026-08-25 00:06:56
2026-08-25 00:00:08,HNUH378T,0101,Joshua Glasser,20,1,0,2026-08-25 00:06:56
2026-08-25 00:00:08,HNUH398P,0101,Jayakumar Arasan,25,24,0,2026-08-25 00:06:56
2026-08-25 00:00:08,HNUH398P,0201,Jayakumar Arasan,5,2,0,2026-08-25 00:06:56
2026-08-25 00:00:08,HNUH398T,0101,Sasha Koo-Oshima,20,2,0,2026-08-25 00:06:57
2026-08-25 00:00:08,HONR368A,0101,Blake Wilder,22,0,0,2026-08-25 00:06:58
2026-08-25 00:00:08,IMDM101,0101,Mollye Bendell,30,17,0,2026-08-25 00:07:01
2026-08-25 00:00:08,IMDM101,0201,Myungin Lee,30,20,0,2026-08-25 00:07:01
2026-08-25 00:00:08,IMDM101,0301,Myungin Lee,30,23,0,2026-08-25 00:07:01
2026-08-25 00:00:08,IMDM127,0101,Roger Eastman,36,17,0,2026-08-25 00:07:02
2026-08-25 00:00:08,IMDM150,0101,Stefano Passeri,30,22,0,2026-08-25 00:07:02
2026-08-25 00:00:08,IMDM227,0101,Stevens Miller,30,8,0,2026-08-25 00:07:02
2026-08-25 00:00:08,IMDM227,0201,Stevens Miller,30,20,0,2026-08-25 00:07:02
2026-08-25 00:00:08,IMDM327,0101,Myungin Lee,25,2,0,2026-08-25 00:07:02
2026-08-25 00:00:08,IMDM350,0101,Jason Farman,29,13,0,2026-08-25 00:07:02
2026-08-25 00:00:08,IMDM490,0101,Matthew Nolan,30,0,0,2026-08-25 00:07:03
2026-08-25 00:00:08,IMDM490,0201,Matthew Nolan,30,18,0,2026-08-25 00:07:03
2026-08-25 00:00:08,IMDM498K,0101,Matthew Nolan,15,0,0,2026-08-25 00:07:03
2026-08-25 00:00:08,IMMR319D,0101,Beka Guluma,20,14,0,2026-08-25 00:07:04
2026-08-25 00:00:08,IMMR394,0101,Wenxi Yang,25,0,6,2026-08-25 00:07:04
2026-08-25 00:00:08,IMMR399,0101,Instructor: TBA,2,2,0,2026-08-25 00:07:05
2026-08-25 00:00:08,IMMR400,0101,Gerson Rosales,20,6,0,2026-08-25 00:07:05
2026-08-25 00:00:08,ISRL249J,0101,Aner Tal,30,24,0,2026-08-25 00:07:13
2026-08-25 00:00:08,ISRL249M,0101,Aliza Sandalon,15,0,0,2026-08-25 00:07:13
2026-08-25 00:00:08,ISRL283,0101,Shay Hazkani,35,0,1,2026-08-25 00:07:13
2026-08-25 00:00:08,ISRL349G,0101,Marwa Maziad,30,0,1,2026-08-25 00:07:13
2026-08-25 00:00:08,ISRL349K,0101,Regev Ben-David,30,28,0,2026-08-25 00:07:14
2026-08-25 00:00:08,ISRL349T,0101,Elli Lieberman,35,18,0,2026-08-25 00:07:14
2026-08-25 00:00:08,ISRL349Y,0101,Adina Friedman,35,26,0,2026-08-25 00:07:14
2026-08-25 00:00:08,ISRL382,0101,Ilai Saltzman,35,0,0,2026-08-25 00:07:14
2026-08-25 00:00:08,ISRL448R,0101,Morad Elsana,25,9,0,2026-08-25 00:07:14
2026-08-25 00:00:08,ITAL103,0101,Antonella D'Amario,18,12,0,2026-08-25 00:07:16
2026-08-25 00:00:08,ITAL103,0201,Antonella D'Amario,18,8,0,2026-08-25 00:07:16
2026-08-25 00:00:08,ITAL103,0301,Joseph Falvo,18,8,0,2026-08-25 00:07:16
2026-08-25 00:00:08,ITAL203,0101,Antonella D'Amario,18,11,0,2026-08-25 00:07:16
2026-08-25 00:00:08,ITAL203,0201,Antonella D'Amario,18,13,0,2026-08-25 00:07:16
2026-08-25 00:00:08,ITAL204,0101,Federica Soddu,18,15,0,2026-08-25 00:07:16
2026-08-25 00:00:08,ITAL207,0101,Mirella Vaglio,18,16,0,2026-08-25 00:07:16
2026-08-25 00:00:08,ITAL301,0101,Federica Soddu,20,11,0,2026-08-25 00:07:16
2026-08-25 00:00:08,ITAL362,0101,Federica Soddu,20,9,0,2026-08-25 00:07:16
2026-08-25 00:00:08,ITAL401,0101,Mirella Vaglio,15,12,0,2026-08-25 00:07:17
2026-08-25 00:00:08,ITAL421,0101,Joseph Falvo,25,15,0,2026-08-25 00:07:17
2026-08-25 00:00:08,ITAL478R,0101,Joseph Falvo,5,3,0,2026-08-25 00:07:17
2026-08-25 00:00:08,JAPN101,0101,Kumiko Akikawa,15,5,5,2026-08-25 00:07:19
2026-08-25 00:00:08,JAPN101,0201,Kumiko Akikawa,15,6,4,2026-08-25 00:07:19
2026-08-25 00:00:08,JAPN101,0301,Kumiko Akikawa,15,5,1,2026-08-25 00:07:19
2026-08-25 00:00:08,JAPN201,0101,Makiko Inoue,15,6,0,2026-08-25 00:07:19
2026-08-25 00:00:08,JAPN201,0201,Makiko Inoue,15,5,0,2026-08-25 00:07:19
2026-08-25 00:00:08,JAPN301,0101,Mari Hamada,15,9,0,2026-08-25 00:07:19
2026-08-25 00:00:08,JAPN311,0101,Jyana Browne,15,11,0,2026-08-25 00:07:19
2026-08-25 00:00:08,JAPN315,0101,Michele Mason,20,0,1,2026-08-25 00:07:19
2026-08-25 00:00:08,JAPN320,0101,Lindsay Yotsukura,15,9,0,2026-08-25 00:07:20
2026-08-25 00:00:08,JAPN498B,0101,Jyana Browne,20,3,0,2026-08-25 00:07:20
2026-08-25 00:00:08,KORA101,0101,Saerom Kwak,15,3,0,2026-08-25 00:07:45
2026-08-25 00:00:08,KORA101,0201,Saerom Kwak,15,1,0,2026-08-25 00:07:45
2026-08-25 00:00:08,KORA101,0301,Saerom Kwak,15,9,0,2026-08-25 00:07:45
2026-08-25 00:00:08,KORA101,0401,Saerom Kwak,15,8,0,2026-08-25 00:07:45
2026-08-25 00:00:08,KORA201,0101,Seong Minne Koh,15,4,0,2026-08-25 00:07:45
2026-08-25 00:00:08,KORA201,0201,Seong Minne Koh,15,5,0,2026-08-25 00:07:45
2026-08-25 00:00:08,KORA201,0301,Seong Minne Koh,15,9,0,2026-08-25 00:07:45
2026-08-25 00:00:08,KORA398G,0101,Instructor: TBA,10,7,0,2026-08-25 00:07:45
2026-08-25 00:00:08,KORA398W,0101,Seong Minne Koh,10,2,0,2026-08-25 00:07:45
2026-08-25 00:00:08,LEAD217,0101,Festus Ainoo,25,0,0,2026-08-25 00:07:58
2026-08-25 00:00:08,LEAD217,0201,Adrian Bitton,25,0,3,2026-08-25 00:07:58
2026-08-25 00:00:08,LEAD217,FC01,Festus Ainoo,20,0,1,2026-08-25 00:07:58
2026-08-25 00:00:08,LEAD305,0101,Anastasia Lavrenyuk,20,0,0,2026-08-25 00:07:58
2026-08-25 00:00:08,LEAD315,0101,Anastasia Lavrenyuk,22,9,0,2026-08-25 00:07:58
2026-08-25 00:00:08,LEAD320,0101,Courtney Holder,10,9,0,2026-08-25 00:07:58
2026-08-25 00:00:08,LGBT200,0201,Basanth Babu,25,0,2,2026-08-25 00:08:05
2026-08-25 00:00:08,LGBT265,0101,Tyra Griffin,30,2,6,2026-08-25 00:08:05
2026-08-25 00:00:08,LGBT265,0201,Declan Langton,30,4,6,2026-08-25 00:08:05
2026-08-25 00:00:08,LGBT359J,0101,Chris Eng,25,14,0,2026-08-25 00:08:05
2026-08-25 00:00:08,MLAW100,0101,Christine White,83,15,0,2026-08-25 00:08:27
2026-08-25 00:00:08,MLAW304,0201,Christine White,65,18,0,2026-08-25 00:08:27
2026-08-25 00:00:08,MLAW305,0101,Brian Gilmore,40,0,0,2026-08-25 00:08:27
2026-08-25 00:00:08,MLAW315,0101,Grace Benton,13,2,0,2026-08-25 00:08:27
2026-08-25 00:00:08,MLAW358Q,0101,David Cunningham,5,5,0,2026-08-25 00:08:27
2026-08-25 00:00:08,MLAW358T,0101,Christine White,25,3,0,2026-08-25 00:08:27
2026-08-25 00:00:08,MLAW358X,0101,Martin Kobren,5,0,2,2026-08-25 00:08:28
2026-08-25 00:00:08,MLAW359,0101,Brandee Pettus,10,6,0,2026-08-25 00:08:28
2026-08-25 00:00:08,MLAW378E,0101,Brandee Pettus,5,5,0,2026-08-25 00:08:28
2026-08-25 00:00:08,MLAW378K,0101,Brian Gilmore,20,0,2,2026-08-25 00:08:28
2026-08-25 00:00:08,MLAW378Q,0101,Paul Huth,5,3,0,2026-08-25 00:08:28
2026-08-25 00:00:08,MLAW378R,0101,Nancy Schertzing,13,0,1,2026-08-25 00:08:28
2026-08-25 00:00:08,MLAW388,0101,Brandee Pettus,40,23,0,2026-08-25 00:08:29
2026-08-25 00:00:08,MLSC250,FC01,William Simpson,20,0,3,2026-08-25 00:08:30
2026-08-25 00:00:08,NEUR200,0101,Ana Navarro Cebrian,75,0,10,2026-08-25 00:08:44
2026-08-25 00:00:08,NEUR200,0201,Ana Navarro Cebrian,75,0,11,2026-08-25 00:08:44
2026-08-25 00:00:08,NEUR200,0301,Evan Hart,75,0,8,2026-08-25 00:08:44
2026-08-25 00:00:08,NEUR305,0101,Amanda Chicoli,100,12,0,2026-08-25 00:08:44
2026-08-25 00:00:08,NEUR306,0101,Chan Lin,200,0,0,2026-08-25 00:08:44
2026-08-25 00:00:08,NEUR398H,0101,Nikolas Francis,20,20,0,2026-08-25 00:08:45
2026-08-25 00:00:08,NEUR405,0101,Hilary Bierman,20,0,0,2026-08-25 00:08:45
2026-08-25 00:00:08,NEUR405,0102,Hilary Bierman,20,0,0,2026-08-25 00:08:45
2026-08-25 00:00:08,NEUR405,0103,Hilary Bierman,20,0,0,2026-08-25 00:08:45
2026-08-25 00:00:08,PEER312,0101,Aleia Gardner,15,8,0,2026-08-25 00:08:54
2026-08-25 00:00:08,PEER318,0101,Christina Jay,15,11,0,2026-08-25 00:08:55
2026-08-25 00:00:08,PEER319,0101,Grace Boudreau,15,7,0,2026-08-25 00:08:55
2026-08-25 00:00:08,PHPE308D,0101,Xinzhi Zhao,30,5,0,2026-08-25 00:09:04
2026-08-25 00:00:08,PHPE308F,0101,Regev Ben-David,30,28,0,2026-08-25 00:09:04
2026-08-25 00:00:08,PHPE308O,0101,Jackson Iszler,30,1,0,2026-08-25 00:09:05
2026-08-25 00:00:08,PHPE308Y,0101,Rachel Singpurwalla,20,0,3,2026-08-25 00:09:05
2026-08-25 00:00:08,PHPE308Y,0102,Rachel Singpurwalla,20,0,6,2026-08-25 00:09:05
2026-08-25 00:00:08,PHPE308Y,0103,Rachel Singpurwalla,20,0,6,2026-08-25 00:09:05
2026-08-25 00:00:08,PHPE400,0101,Justin Helms,18,1,0,2026-08-25 00:09:05
2026-08-25 00:00:08,PHPE400,0102,Justin Helms,18,0,0,2026-08-25 00:09:05
2026-08-25 00:00:08,PHPE400,0103,Justin Helms,20,3,0,2026-08-25 00:09:05
2026-08-25 00:00:08,PHPE401,0101,Xinzhi Zhao,25,0,13,2026-08-25 00:09:05
2026-08-25 00:00:08,PHPE402,0101,Dan Moller,30,0,2,2026-08-25 00:09:05
2026-08-25 00:00:08,PHPE408J,0101,Lixing Miao,25,0,0,2026-08-25 00:09:06
2026-08-25 00:00:08,PHPE408R,0101,Xinzhi Zhao,25,12,0,2026-08-25 00:09:06
2026-08-25 00:00:08,PHSC388J,0101,Kendall Bustad,20,6,0,2026-08-25 00:09:07
2026-08-25 00:00:08,PHSC389,0101,Shannon Edward,30,21,0,2026-08-25 00:09:07
2026-08-25 00:00:08,PHSC399,0101,Shannon Edward,30,20,0,2026-08-25 00:09:07
2026-08-25 00:00:08,PHSC415,0101,Jessica O'Hara,31,0,1,2026-08-25 00:09:07
2026-08-25 00:00:08,PHSC415,0102,Jessica O'Hara,31,0,0,2026-08-25 00:09:07
2026-08-25 00:00:08,PHSC415,0103,Jessica O'Hara,31,0,0,2026-08-25 00:09:07
2026-08-25 00:00:08,PHSC415,0104,Jessica O'Hara,31,0,0,2026-08-25 00:09:07
2026-08-25 00:00:08,PHSC415,0105,Jessica O'Hara,31,7,0,2026-08-25 00:09:07
2026-08-25 00:00:08,PHSC420,0101,Jennifer German,35,7,0,2026-08-25 00:09:08
2026-08-25 00:00:08,PHSC450,0101,Kendall Bustad,19,0,5,2026-08-25 00:09:08
2026-08-25 00:00:08,PHSC450,0102,Kendall Bustad,19,0,7,2026-08-25 00:09:08
2026-08-25 00:00:08,PHSC450,0103,Kendall Bustad,19,0,5,2026-08-25 00:09:08
2026-08-25 00:00:08,PHSC450,0104,Kendall Bustad,19,0,7,2026-08-25 00:09:08
2026-08-25 00:00:08,PHSC450,0105,Kendall Bustad,19,0,7,2026-08-25 00:09:08
2026-08-25 00:00:08,PHSC450,0106,Kendall Bustad,19,0,5,2026-08-25 00:09:08
2026-08-25 00:00:08,PHSC450,0107,Kendall Bustad,19,0,3,2026-08-25 00:09:08
2026-08-25 00:00:08,PHSC450,0108,Kendall Bustad,19,0,4,2026-08-25 00:09:08
2026-08-25 00:00:08,PHSC497,0101,Kendall Bustad,20,2,0,2026-08-25 00:09:08
2026-08-25 00:00:08,PHSC497,0301,Shannon Edward,20,3,0,2026-08-25 00:09:08
2026-08-25 00:00:08,PHSC497,0601,Jennifer German,20,0,0,2026-08-25 00:09:08
2026-08-25 00:00:08,PLCY100,0101,Toby Egan,25,0,7,2026-08-25 00:09:20
2026-08-25 00:00:08,PLCY100,0102,Toby Egan,25,0,8,2026-08-25 00:09:20
2026-08-25 00:00:08,PLCY100,0103,Toby Egan,25,1,7,2026-08-25 00:09:20
2026-08-25 00:00:08,PLCY100,0104,Toby Egan,25,2,5,2026-08-25 00:09:20
2026-08-25 00:00:08,PLCY100,0201,Namrta Sharma,25,14,2,2026-08-25 00:09:20
2026-08-25 00:00:08,PLCY100,0202,Namrta Sharma,25,14,1,2026-08-25 00:09:20
2026-08-25 00:00:08,PLCY100,0203,Namrta Sharma,25,3,2,2026-08-25 00:09:20
2026-08-25 00:00:08,PLCY100,0204,Namrta Sharma,25,14,1,2026-08-25 00:09:20
2026-08-25 00:00:08,PLCY101,0101,Robert Sprinkle,75,0,3,2026-08-25 00:09:20
2026-08-25 00:00:08,PLCY170,0101,Joshua Itzkowitz Shifrinson,20,0,1,2026-08-25 00:09:20
2026-08-25 00:00:08,PLCY170,0102,Joshua Itzkowitz Shifrinson,20,0,1,2026-08-25 00:09:20
2026-08-25 00:00:08,PLCY170,0103,Joshua Itzkowitz Shifrinson,20,0,1,2026-08-25 00:09:20
2026-08-25 00:00:08,PLCY170,0104,Joshua Itzkowitz Shifrinson,20,0,2,2026-08-25 00:09:20
2026-08-25 00:00:08,PLCY170,0105,Joshua Itzkowitz Shifrinson,20,0,4,2026-08-25 00:09:20
2026-08-25 00:00:08,PLCY170,0106,Joshua Itzkowitz Shifrinson,25,0,1,2026-08-25 00:09:20
2026-08-25 00:00:08,PLCY172,0101,Caroline Ritter,95,31,0,2026-08-25 00:09:21
2026-08-25 00:00:08,PLCY200,0101,Shanna Pearson-Merkowitz,35,0,5,2026-08-25 00:09:21
2026-08-25 00:00:08,PLCY200,0201,Shanna Pearson-Merkowitz,35,0,4,2026-08-25 00:09:21
2026-08-25 00:00:08,PLCY200,0301,Namrta Sharma,35,0,7,2026-08-25 00:09:21
2026-08-25 00:00:08,PLCY201,0101,Julio Guzman,70,0,7,2026-08-25 00:09:21
2026-08-25 00:00:08,PLCY201,0201,Gregory Ramsay,60,0,4,2026-08-25 00:09:21
2026-08-25 00:00:08,PLCY201,FC01,Anne Kaiser,30,0,3,2026-08-25 00:09:21
2026-08-25 00:00:08,PLCY201,FC02,Anne Kaiser,30,0,1,2026-08-25 00:09:21
2026-08-25 00:00:08,PLCY201S,0101,Susannah Washburn,80,7,0,2026-08-25 00:09:21
2026-08-25 00:00:08,PLCY203,0101,Thomas Hilde,60,4,0,2026-08-25 00:09:21
2026-08-25 00:00:08,PLCY203,0201,Anne Kaiser,60,42,0,2026-08-25 00:09:21
2026-08-25 00:00:08,PLCY213,0201,Claire Dunning,40,0,0,2026-08-25 00:09:21
2026-08-25 00:00:08,PLCY214,0101,Patricia Bory,65,22,0,2026-08-25 00:09:22
2026-08-25 00:00:08,PLCY240,0101,Timothy Reedy,30,0,8,2026-08-25 00:09:22
2026-08-25 00:00:08,PLCY288K,0101,CHRISTIAN OSTERMANN,25,2,0,2026-08-25 00:09:22
2026-08-25 00:00:08,PLCY300,0101,Alana Hackshaw,45,0,10,2026-08-25 00:09:22
2026-08-25 00:00:08,PLCY300,0201,Namrta Sharma,45,28,0,2026-08-25 00:09:22
2026-08-25 00:00:08,PLCY301,0101,Caroline Boules,165,18,0,2026-08-25 00:09:22
2026-08-25 00:00:08,PLCY302,0101,Niambi Carter,40,0,0,2026-08-25 00:09:22
2026-08-25 00:00:08,PLCY302,0201,Ebonie Johnson Cooper,40,0,0,2026-08-25 00:09:22
2026-08-25 00:00:08,PLCY302,0301,Lindsay Dieudonne,40,0,3,2026-08-25 00:09:22
2026-08-25 00:00:08,PLCY303,0101,Juan Martinez Guzman,40,4,0,2026-08-25 00:09:22
2026-08-25 00:00:08,PLCY304,0101,Michael Busse,40,11,0,2026-08-25 00:09:23
2026-08-25 00:00:08,PLCY304,0201,Michael Busse,40,13,0,2026-08-25 00:09:23
2026-08-25 00:00:08,PLCY309,0101,Martin Sanders,30,29,0,2026-08-25 00:09:23
2026-08-25 00:00:08,PLCY310,0101,Selvon Waldron,35,16,0,2026-08-25 00:09:23
2026-08-25 00:00:08,PLCY313,0101,Gerard Evans,100,10,0,2026-08-25 00:09:23
2026-08-25 00:00:08,PLCY371,0101,Joshua Itzkowitz Shifrinson,35,0,1,2026-08-25 00:09:23
2026-08-25 00:00:08,PLCY380,0101,Isabel O'Malley,40,0,3,2026-08-25 00:09:23
2026-08-25 00:00:08,PLCY380,ESG1,Kisha McNeill,28,0,2,2026-08-25 00:09:23
2026-08-25 00:00:08,PLCY388A,0101,Brandi Onowu,40,1,0,2026-08-25 00:09:24
2026-08-25 00:00:08,PLCY388N,0101,Nina Harris,25,2,0,2026-08-25 00:09:24
2026-08-25 00:00:08,PLCY390,0101,Lena Andrews,20,0,12,2026-08-25 00:09:24
2026-08-25 00:00:08,PLCY399B,0101,Beatrice DeBelen,30,21,0,2026-08-25 00:09:24
2026-08-25 00:00:08,PLCY400,0101,Patricia Bory,25,4,0,2026-08-25 00:09:24
2026-08-25 00:00:08,PLCY401,0101,Anand Patwardhan,20,6,0,2026-08-25 00:09:25
2026-08-25 00:00:08,PLCY401,0201,Tracy Thompson,20,0,1,2026-08-25 00:09:25
2026-08-25 00:00:08,PLCY401,0301,David Mussington,20,7,0,2026-08-25 00:09:25
2026-08-25 00:00:08,PLCY490,0101,Michael Woldemariam,15,0,0,2026-08-25 00:09:25
2026-08-25 00:00:08,PLCY492,0101,Steve Fetter,20,2,0,2026-08-25 00:09:25
2026-08-25 00:00:08,PLCY610,0201,Alec Worsnop,40,4,0,2026-08-25 00:09:25
2026-08-25 00:00:08,PLCY630,0101,Catherine Worsnop,25,3,0,2026-08-25 00:09:25
2026-08-25 00:00:08,PLCY630,0201,Catherine Worsnop,25,2,0,2026-08-25 00:09:25
2026-08-25 00:00:08,PLCY631,0101,Cullen Merritt,25,0,0,2026-08-25 00:09:25
2026-08-25 00:00:08,PLCY640,0201,Thomas Spreen,30,5,0,2026-08-25 00:09:26
2026-08-25 00:00:08,PLCY641,0101,Tyler Kustra,30,0,0,2026-08-25 00:09:26
2026-08-25 00:00:08,PLCY641,0201,Tyler Kustra,30,9,0,2026-08-25 00:09:26
2026-08-25 00:00:08,PLCY670,0101,Philip Joyce,30,0,0,2026-08-25 00:09:26
2026-08-25 00:00:08,PLCY680,0101,Claire Dunning,25,1,0,2026-08-25 00:09:26
2026-08-25 00:00:08,PLCY680,0201,Michael Woldemariam,25,8,0,2026-08-25 00:09:26
2026-08-25 00:00:08,PLCY688C,0101,Charles Harry,20,9,0,2026-08-25 00:09:26
2026-08-25 00:00:08,PLCY688F,PWL1,Nekeya O'Connor,20,2,0,2026-08-25 00:09:26
2026-08-25 00:00:08,PLCY688P,0101,Steve Fetter,10,0,0,2026-08-25 00:09:27
2026-08-25 00:00:08,PLCY688Z,0101,Brandi Onowu,20,1,0,2026-08-25 00:09:27
2026-08-25 00:00:08,PLCY689E,0101,Susan Parker,20,0,4,2026-08-25 00:09:27
2026-08-25 00:00:08,PLCY690,0110,David Mussington,15,2,0,2026-08-25 00:09:27
2026-08-25 00:00:08,PLCY690,0120,Margaret Brindle,15,3,0,2026-08-25 00:09:27
2026-08-25 00:00:08,PLCY690,0130,Douglas Call,15,1,0,2026-08-25 00:09:27
2026-08-25 00:00:08,PLCY690,0150,Paul Brown,15,0,0,2026-08-25 00:09:27
2026-08-25 00:00:08,PLCY690,0170,James Stillwell,15,1,0,2026-08-25 00:09:27
2026-08-25 00:00:08,PLCY698T,0101,Elizabeth Duke,20,5,0,2026-08-25 00:09:27
2026-08-25 00:00:08,PLCY699L,0101,Michael Woldemariam,10,0,0,2026-08-25 00:09:27
2026-08-25 00:00:08,PLCY720,0101,Nancy Gallagher,20,4,0,2026-08-25 00:09:27
2026-08-25 00:00:08,PLCY734,0101,Niambi Carter,20,0,1,2026-08-25 00:09:28
2026-08-25 00:00:08,PLCY735,0101,Robert Sprinkle,20,8,0,2026-08-25 00:09:28
2026-08-25 00:00:08,PLCY741,0101,Anand Patwardhan,20,8,0,2026-08-25 00:09:28
2026-08-25 00:00:08,PLCY742,0101,Thomas Hilde,20,7,0,2026-08-25 00:09:28
2026-08-25 00:00:08,PLCY780,0101,Robert Orr,20,0,2,2026-08-25 00:09:28
2026-08-25 00:00:08,PLCY781,0101,Julio Guzman,20,4,0,2026-08-25 00:09:28
2026-08-25 00:00:08,PLCY783,0101,Margaret Brindle,20,9,0,2026-08-25 00:09:29
2026-08-25 00:00:08,PLCY798F,PWL1,William Nolte,25,18,0,2026-08-25 00:09:29
2026-08-25 00:00:08,PLCY798V,0101,Shanna Pearson-Merkowitz,12,0,0,2026-08-25 00:09:29
2026-08-25 00:00:08,PLCY798Y,PWL1,Jeffrey Franco,25,0,0,2026-08-25 00:09:30
2026-08-25 00:00:08,PLCY798Z,0101,Peter Reuter,12,0,0,2026-08-25 00:09:30
2026-08-25 00:00:08,PLSC112,0101,Samuel Daramola,100,35,7,2026-08-25 00:09:31
2026-08-25 00:00:08,PLSC113,0101,Samuel Daramola,24,10,4,2026-08-25 00:09:32
2026-08-25 00:00:08,PLSC113,0102,Samuel Daramola,24,11,3,2026-08-25 00:09:32
2026-08-25 00:00:08,PLSC113,0103,Samuel Daramola,24,11,3,2026-08-25 00:09:32
2026-08-25 00:00:08,PLSC113,0104,Samuel Daramola,24,11,3,2026-08-25 00:09:32
2026-08-25 00:00:08,PLSC115,0101,Shirley Micallef,24,4,3,2026-08-25 00:09:32
2026-08-25 00:00:08,PLSC201,0101,Pierre Jacob,42,16,0,2026-08-25 00:09:32
2026-08-25 00:00:08,PLSC203,0101,Vijay Tiwari,23,16,0,2026-08-25 00:09:32
2026-08-25 00:00:08,PLSC205,0101,Mark Carroll,22,3,2,2026-08-25 00:09:32
2026-08-25 00:00:08,PLSC206,0101,Pierre Jacob,21,8,0,2026-08-25 00:09:32
2026-08-25 00:00:08,PLSC206,0102,Pierre Jacob,21,8,0,2026-08-25 00:09:32
2026-08-25 00:00:08,PLSC253,0101,Karen Petroff,24,0,0,2026-08-25 00:09:33
2026-08-25 00:00:08,PLSC253,0102,Karen Petroff,24,11,0,2026-08-25 00:09:33
2026-08-25 00:00:08,PLSC389,0101,Craig Beyrouty,17,17,0,2026-08-25 00:09:33
2026-08-25 00:00:08,PLSC402,0101,Geoffrey Rinehart,10,3,0,2026-08-25 00:09:33
2026-08-25 00:00:08,PLSC404,0101,Yiping Qi,20,9,0,2026-08-25 00:09:33
2026-08-25 00:00:08,PLSC433,0101,Diana Cochran,10,2,0,2026-08-25 00:10:34
2026-08-25 00:00:08,PLSC453,0101,Samuel Daramola,24,3,0,2026-08-25 00:10:34
2026-08-25 00:00:08,PLSC471,0101,Juanita Choo,20,0,0,2026-08-25 00:10:34
2026-08-25 00:00:08,PLSC476,0101,Maile Neel,23,20,0,2026-08-25 00:10:48
2026-08-25 00:00:08,PLSC608,0101,Shunyuan Xiao,20,13,0,2026-08-25 00:10:48
2026-08-25 00:00:08,PORT103,0101,Parker Brookie,15,8,0,2026-08-25 00:10:50
2026-08-25 00:00:08,PORT205,0101,Parker Brookie,15,7,0,2026-08-25 00:10:50
2026-08-25 00:00:08,PORT332,0101,Parker Brookie,25,0,3,2026-08-25 00:10:50
2026-08-25 00:00:08,RELS120,0101,Antoine Borrut,40,0,1,2026-08-25 00:11:07
2026-08-25 00:00:08,RELS170,0101,Chiara Graf,21,0,14,2026-08-25 00:11:07
2026-08-25 00:00:08,RELS170,0102,Chiara Graf,21,1,9,2026-08-25 00:11:07
2026-08-25 00:00:08,RELS170,0103,Chiara Graf,21,1,16,2026-08-25 00:11:07
2026-08-25 00:00:08,RELS170,0104,Chiara Graf,21,2,9,2026-08-25 00:11:07
2026-08-25 00:00:08,RELS170,0105,Chiara Graf,21,1,10,2026-08-25 00:11:07
2026-08-25 00:00:08,RELS170,0106,Chiara Graf,21,1,17,2026-08-25 00:11:07
2026-08-25 00:00:08,RELS170,0107,Chiara Graf,21,2,11,2026-08-25 00:11:07
2026-08-25 00:00:08,RELS170,0108,Chiara Graf,21,3,13,2026-08-25 00:11:07
2026-08-25 00:00:08,RELS170,0109,Chiara Graf,22,2,7,2026-08-25 00:11:07
2026-08-25 00:00:08,RELS171,0101,Maxine Grossman,40,0,0,2026-08-25 00:11:07
2026-08-25 00:00:08,RELS219K,0101,Shay Hazkani,40,31,0,2026-08-25 00:11:07
2026-08-25 00:00:08,RELS225,0101,Stephanie Cooper,25,0,1,2026-08-25 00:11:07
2026-08-25 00:00:08,RELS273,0101,Hayim Lapin,23,1,5,2026-08-25 00:11:08
2026-08-25 00:00:08,RELS273,0102,Hayim Lapin,23,0,2,2026-08-25 00:11:08
2026-08-25 00:00:08,RELS273,0103,Hayim Lapin,23,1,4,2026-08-25 00:11:08
2026-08-25 00:00:08,RELS274,0101,Matthew Suriano,20,0,22,2026-08-25 00:11:08
2026-08-25 00:00:08,RELS274,0102,Matthew Suriano,20,0,17,2026-08-25 00:11:08
2026-08-25 00:00:08,RELS274,0103,Matthew Suriano,20,2,15,2026-08-25 00:11:08
2026-08-25 00:00:08,RELS274,0104,Matthew Suriano,20,2,18,2026-08-25 00:11:08
2026-08-25 00:00:08,RELS319D,0101,Nathan Levine,35,27,0,2026-08-25 00:11:08
2026-08-25 00:00:08,RELS319Z,0101,Regev Ben-David,30,27,0,2026-08-25 00:11:08
2026-08-25 00:00:08,RELS341,0101,Janna Bianchini,27,0,0,2026-08-25 00:11:08
2026-08-25 00:00:08,RUSS101,0101,Inna Hardman,15,4,0,2026-08-25 00:11:10
2026-08-25 00:00:08,RUSS101,0201,Inna Hardman,15,5,1,2026-08-25 00:11:10
2026-08-25 00:00:08,RUSS201,0101,Zhanna Gerus-Vernola,15,8,0,2026-08-25 00:11:10
2026-08-25 00:00:08,RUSS301,0101,Izolda Savenkova,15,5,0,2026-08-25 00:11:10
2026-08-25 00:00:08,RUSS321,0101,Elizabeth Papazian,15,2,0,2026-08-25 00:11:10
2026-08-25 00:00:08,RUSS334,0101,Elizabeth Papazian,25,0,3,2026-08-25 00:11:10
2026-08-25 00:00:08,RUSS404,0101,Izolda Savenkova,15,4,0,2026-08-25 00:11:11
2026-08-25 00:00:08,SDSB123,0101,Brian Kim,40,10,0,2026-08-25 00:11:12
2026-08-25 00:00:08,SDSB180,0101,Brian Kim,180,155,0,2026-08-25 00:11:12
2026-08-25 00:00:08,SDSB233,0101,Jacob Coutts,25,3,0,2026-08-25 00:11:12
2026-08-25 00:00:08,SDSB233,0102,Jacob Coutts,25,11,0,2026-08-25 00:11:12
2026-08-25 00:00:08,SDSB233,0103,Jacob Coutts,25,10,0,2026-08-25 00:11:12
2026-08-25 00:00:08,SDSB326,0101,Jacob Coutts,50,32,0,2026-08-25 00:11:13
2026-08-25 00:00:08,SDSB340,0101,Neil Lund,40,0,1,2026-08-25 00:11:13
2026-08-25 00:00:08,SDSI414,0201,Maria Krupenkin,34,13,0,2026-08-25 00:11:14
2026-08-25 00:00:08,SDSI414,0202,Maria Krupenkin,34,0,0,2026-08-25 00:11:14
2026-08-25 00:00:08,SDSI492,0101,TJ Rainsford,50,10,0,2026-08-25 00:11:14
2026-08-25 00:00:08,SDSI492,0103,Mary Ann Francis,40,0,3,2026-08-25 00:11:14
2026-08-25 00:00:08,SDSI492,0104,TJ Rainsford,50,13,0,2026-08-25 00:11:14
2026-08-25 00:00:08,SDSI492,0106,Jesse Klein,50,0,11,2026-08-25 00:11:14
2026-08-25 00:00:08,SDSI492,0107,Connie Siebold,40,0,4,2026-08-25 00:11:14
2026-08-25 00:00:08,SDSI492,0110,Patrick Thornton,50,31,0,2026-08-25 00:11:14
2026-08-25 00:00:08,SLLC108I,0101,Instructor: TBA,5,4,0,2026-08-25 00:11:17
2026-08-25 00:00:08,SLLC108J,0101,Instructor: TBA,5,5,0,2026-08-25 00:11:17
2026-08-25 00:00:08,SLLC108W,0101,Instructor: TBA,5,5,0,2026-08-25 00:11:17
2026-08-25 00:00:08,SLLC118A,0101,Sean Pue,10,3,0,2026-08-25 00:11:17
2026-08-25 00:00:08,SLLC200,0101,Chris Lewis,30,0,5,2026-08-25 00:11:17
2026-08-25 00:00:08,SLLC286,0101,Andrew Schonebaum,60,26,10,2026-08-25 00:11:17
2026-08-25 00:00:08,SLLC309,0101,Ahmed Hanafy,10,10,0,2026-08-25 00:11:18
2026-08-25 00:00:08,SLLC309,0102,Ahmed Hanafy,10,8,0,2026-08-25 00:11:18
2026-08-25 00:00:08,SLLC309,0103,Ahmed Hanafy,10,8,0,2026-08-25 00:11:18
2026-08-25 00:00:08,SLLC309,0104,Ahmed Hanafy,10,7,0,2026-08-25 00:11:18
2026-08-25 00:00:08,SLLC309,0105,Ahmed Hanafy,10,6,0,2026-08-25 00:11:18
2026-08-25 00:00:08,SLLC309,0106,Ahmed Hanafy,10,7,0,2026-08-25 00:11:18
2026-08-25 00:00:08,SLLC309,0107,Ahmed Hanafy,10,8,0,2026-08-25 00:11:18
2026-08-25 00:00:08,SLLC309,0108,Ahmed Hanafy,10,9,0,2026-08-25 00:11:18
2026-08-25 00:00:08,SLLC309,0109,Ahmed Hanafy,10,7,0,2026-08-25 00:11:18
2026-08-25 00:00:08,SLLC309,0110,Ahmed Hanafy,10,4,0,2026-08-25 00:11:18
2026-08-25 00:00:08,SLLC309,0111,Ahmed Hanafy,10,10,0,2026-08-25 00:11:18
2026-08-25 00:00:08,SLLC329,0101,Marilyn Matar,12,0,0,2026-08-25 00:11:18
2026-08-25 00:00:08,SLLC329,0102,Marilyn Matar,10,5,0,2026-08-25 00:11:18
2026-08-25 00:00:08,SLLC329,0103,Marilyn Matar,21,8,0,2026-08-25 00:11:18
2026-08-25 00:00:08,SLLC329,0104,Marilyn Matar,10,8,0,2026-08-25 00:11:18
2026-08-25 00:00:08,SLLC329,0105,Marilyn Matar,10,9,0,2026-08-25 00:11:18
2026-08-25 00:00:08,SLLC329,0106,Marilyn Matar,10,5,0,2026-08-25 00:11:18
2026-08-25 00:00:08,SLLC329,0107,Marilyn Matar,10,9,0,2026-08-25 00:11:18
2026-08-25 00:00:08,SLLC329,0108,Marilyn Matar,10,8,0,2026-08-25 00:11:18
2026-08-25 00:00:08,SLLC329,0109,Marilyn Matar,10,6,0,2026-08-25 00:11:18
2026-08-25 00:00:08,SLLC329,0110,Marilyn Matar,20,9,0,2026-08-25 00:11:18
2026-08-25 00:00:08,SLLC350,0101,Michele Mason,30,25,0,2026-08-25 00:11:18
2026-08-25 00:00:08,SMLP470,0101,Brooke Smith,45,13,0,2026-08-25 00:11:19
2026-08-25 00:00:08,SMLP472,0101,Sara Herald,60,23,0,2026-08-25 00:11:21
2026-08-25 00:00:08,TLTC310,0101,Danielle Pafe,0,0,0,2026-08-25 00:11:48
2026-08-25 00:00:08,TLTC310,0201,Danielle Pafe,20,15,0,2026-08-25 00:11:48
2026-08-25 00:00:08,TLTC333,0101,Mona Thompson,55,9,0,2026-08-25 00:11:48
2026-08-25 00:00:08,TLTC333,0102,Mona Thompson,55,0,0,2026-08-25 00:11:48
2026-08-25 00:00:08,TLTC333,0105,Mona Thompson,57,18,0,2026-08-25 00:11:48
2026-08-25 00:00:08,TLTC499A,0101,Mona Thompson,10,8,0,2026-08-25 00:11:49
2026-08-25 00:00:08,TLTC499A,0102,Danielle Pafe,10,10,0,2026-08-25 00:11:49
2026-08-25 00:00:08,UMEI005,0101,Charles Duquette,15,5,0,2026-08-25 00:11:50
2026-08-25 00:00:08,UMEI005,0201,Heather Mehrtens,15,12,0,2026-08-25 00:11:50
2026-08-25 00:00:08,UMEI005,0301,Marilena Draganescu,15,12,0,2026-08-25 00:11:50
2026-08-25 00:00:08,UMEI012,0101,Louise Godley,10,10,0,2026-08-25 00:11:50
2026-08-25 00:00:08,UMEI013,0101,Louise Godley,10,10,0,2026-08-25 00:11:50
2026-08-25 00:00:08,UMEI028A,0101,Raymond Smith,16,16,0,2026-08-25 00:11:51
2026-08-25 00:00:08,UMEI506,0101,Heather Mehrtens,16,0,0,2026-08-25 00:11:51
2026-08-25 00:00:08,UMEI506,0201,Heather Mehrtens,16,10,0,2026-08-25 00:11:51
2026-08-25 00:00:08,UMEI507,0101,Marilena Draganescu,15,6,0,2026-08-25 00:11:51
2026-08-25 00:00:08,USLT201,0101,Robert Chester,25,2,0,2026-08-25 00:11:57
2026-08-25 00:00:08,USLT320,0101,Nancy Mirabal,20,19,0,2026-08-25 00:11:57
2026-08-25 00:00:08,USLT398C,0101,Angela Pico Pinto,25,19,0,2026-08-25 00:11:57
2026-08-25 00:00:08,USLT450,0101,Robert Chester,20,0,4,2026-08-25 00:11:57
2026-08-25 00:00:08,USLT498C,0101,Ana Rodriguez,20,16,0,2026-08-25 00:11:57
2026-08-25 00:00:08,VIPS208,0101,Mary Bowden,10,10,0,2026-08-25 00:11:59
2026-08-25 00:00:08,VIPS208,0102,Ken Kiger,10,3,0,2026-08-25 00:11:59
2026-08-25 00:00:08,VIPS208,0103,Bryan Quinn,10,6,0,2026-08-25 00:11:59
2026-08-25 00:00:08,VIPS208,0104,Abdil Chowdhury,10,3,0,2026-08-25 00:11:59
2026-08-25 00:00:08,VIPS208,0105,Molly Carton,10,7,0,2026-08-25 00:11:59
2026-08-25 00:00:08,VIPS208,0106,James Baeder,14,4,0,2026-08-25 00:11:59
2026-08-25 00:00:08,VIPS208,0107,Catherine Spirito,10,6,0,2026-08-25 00:11:59
2026-08-25 00:00:08,VIPS208,0108,Ronald Yaros,10,5,0,2026-08-25 00:11:59
2026-08-25 00:00:08,VIPS208,0109,Carinna Ferguson,10,6,0,2026-08-25 00:11:59
2026-08-25 00:00:08,VIPS208,0110,Tracy Riggins,15,1,0,2026-08-25 00:11:59
2026-08-25 00:00:08,VIPS208,0111,Kevin Calabro,13,3,0,2026-08-25 00:11:59
2026-08-25 00:00:08,VIPS208,0112,Raffaele Viglianti,10,6,0,2026-08-25 00:11:59
2026-08-25 00:00:08,VIPS208,0113,Shabnam Jabeen,10,4,0,2026-08-25 00:11:59
2026-08-25 00:00:08,VIPS208,0114,Ning Zeng,15,7,0,2026-08-25 00:11:59
2026-08-25 00:00:08,VIPS208,0115,Veronica Kang,10,5,0,2026-08-25 00:11:59
2026-08-25 00:00:08,VIPS208,0116,David Stewart,10,0,0,2026-08-25 00:11:59
2026-08-25 00:00:08,VIPS208,0117,Meredith Epstein,10,8,0,2026-08-25 00:11:59
2026-08-25 00:00:08,VIPS208,0118,Magaly Toro Ibaceta,10,3,0,2026-08-25 00:11:59
2026-08-25 00:00:08,VIPS208,0120,Marisa Parham,10,6,0,2026-08-25 00:11:59
2026-08-25 00:00:08,VIPS208,0121,Becky Epanchin-Niell,10,1,0,2026-08-25 00:11:59
2026-08-25 00:00:08,VIPS208,0122,Timothy Reedy,10,4,0,2026-08-25 00:11:59
2026-08-25 00:00:08,VIPS208,0123,Lingnan Lin,13,4,0,2026-08-25 00:11:59
2026-08-25 00:00:08,VIPS208,0124,Jeffrey Moro,10,5,0,2026-08-25 00:11:59
2026-08-25 00:00:08,VIPS208,0125,Peter Sunderland,12,5,0,2026-08-25 00:11:59
2026-08-25 00:00:08,VIPS208,0126,Brienna Anderson,10,2,0,2026-08-25 00:11:59
2026-08-25 00:00:08,VIPS308,0101,Mary Bowden,10,9,0,2026-08-25 00:11:59
2026-08-25 00:00:08,VIPS308,0102,Ken Kiger,10,3,0,2026-08-25 00:11:59
2026-08-25 00:00:08,VIPS308,0103,Bryan Quinn,10,3,0,2026-08-25 00:11:59
2026-08-25 00:00:08,VIPS308,0104,Abdil Chowdhury,10,4,0,2026-08-25 00:11:59
2026-08-25 00:00:08,VIPS308,0105,Molly Carton,10,4,0,2026-08-25 00:11:59
2026-08-25 00:00:08,VIPS308,0106,James Baeder,10,6,0,2026-08-25 00:11:59
2026-08-25 00:00:08,VIPS308,0107,Catherine Spirito,10,7,0,2026-08-25 00:11:59
2026-08-25 00:00:08,VIPS308,0108,Ronald Yaros,10,9,0,2026-08-25 00:11:59
2026-08-25 00:00:08,VIPS308,0109,Carinna Ferguson,10,7,0,2026-08-25 00:11:59
2026-08-25 00:00:08,VIPS308,0110,Tracy Riggins,10,2,0,2026-08-25 00:11:59
2026-08-25 00:00:08,VIPS308,0111,Kevin Calabro,10,6,0,2026-08-25 00:11:59
2026-08-25 00:00:08,VIPS308,0112,Raffaele Viglianti,10,10,0,2026-08-25 00:11:59
2026-08-25 00:00:08,VIPS308,0113,Shabnam Jabeen,10,8,0,2026-08-25 00:11:59
2026-08-25 00:00:08,VIPS308,0114,Ning Zeng,10,9,0,2026-08-25 00:11:59
2026-08-25 00:00:08,VIPS308,0115,Veronica Kang,10,9,0,2026-08-25 00:11:59
2026-08-25 00:00:08,VIPS308,0116,David Stewart,10,10,0,2026-08-25 00:11:59
2026-08-25 00:00:08,VIPS308,0117,Meredith Epstein,10,8,0,2026-08-25 00:11:59
2026-08-25 00:00:08,VIPS308,0118,Magaly Toro Ibaceta,10,10,0,2026-08-25 00:11:59
2026-08-25 00:00:08,VIPS308,0120,Marisa Parham,10,10,0,2026-08-25 00:11:59
2026-08-25 00:00:08,VIPS308,0121,Becky Epanchin-Niell,10,10,0,2026-08-25 00:11:59
2026-08-25 00:00:08,VIPS308,0122,Roan Parrish,10,10,0,2026-08-25 00:11:59
2026-08-25 00:00:08,VIPS308,0123,Lingnan Lin,10,10,0,2026-08-25 00:11:59
2026-08-25 00:00:08,VIPS308,0124,Jeffrey Moro,10,10,0,2026-08-25 00:11:59
2026-08-25 00:00:08,VIPS308,0125,Peter Sunderland,10,10,0,2026-08-25 00:11:59
2026-08-25 00:00:08,VIPS308,0126,Brienna Anderson,10,10,0,2026-08-25 00:11:59
2026-08-25 00:00:08,VIPS408,0101,Mary Bowden,10,5,0,2026-08-25 00:11:59
2026-08-25 00:00:08,VIPS408,0102,Ken Kiger,10,8,0,2026-08-25 00:11:59
2026-08-25 00:00:08,VIPS408,0103,Bryan Quinn,10,3,0,2026-08-25 00:11:59
2026-08-25 00:00:08,VIPS408,0104,Abdil Chowdhury,10,8,0,2026-08-25 00:11:59
2026-08-25 00:00:08,VIPS408,0105,Molly Carton,10,8,0,2026-08-25 00:11:59
2026-08-25 00:00:08,VIPS408,0106,James Baeder,10,7,0,2026-08-25 00:11:59
2026-08-25 00:00:08,VIPS408,0107,Catherine Spirito,10,10,0,2026-08-25 00:11:59
2026-08-25 00:00:08,VIPS408,0108,Ronald Yaros,10,8,0,2026-08-25 00:11:59
2026-08-25 00:00:08,VIPS408,0109,Carinna Ferguson,10,9,0,2026-08-25 00:11:59
2026-08-25 00:00:08,VIPS408,0110,Tracy Riggins,10,10,0,2026-08-25 00:11:59
2026-08-25 00:00:08,VIPS408,0111,Kevin Calabro,10,8,0,2026-08-25 00:11:59
2026-08-25 00:00:08,VIPS408,0112,Raffaele Viglianti,10,9,0,2026-08-25 00:11:59
2026-08-25 00:00:08,VIPS408,0113,Shabnam Jabeen,10,10,0,2026-08-25 00:11:59
2026-08-25 00:00:08,VIPS408,0114,Ning Zeng,10,10,0,2026-08-25 00:11:59
2026-08-25 00:00:08,VIPS408,0115,Veronica Kang,10,10,0,2026-08-25 00:11:59
2026-08-25 00:00:08,VIPS408,0116,David Stewart,10,10,0,2026-08-25 00:11:59
2026-08-25 00:00:08,VIPS408,0117,Meredith Epstein,10,10,0,2026-08-25 00:11:59
2026-08-25 00:00:08,VIPS408,0118,Magaly Toro Ibaceta,10,9,0,2026-08-25 00:11:59
2026-08-25 00:00:08,VIPS408,0120,Marisa Parham,10,10,0,2026-08-25 00:11:59
2026-08-25 00:00:08,VIPS408,0121,Becky Epanchin-Niell,10,10,0,2026-08-25 00:11:59
2026-08-25 00:00:08,VIPS408,0122,Roan Parrish,10,10,0,2026-08-25 00:11:59
2026-08-25 00:00:08,VIPS408,0123,Lingnan Lin,10,10,0,2026-08-25 00:11:59
2026-08-25 00:00:08,VIPS408,0124,Jeffrey Moro,10,10,0,2026-08-25 00:11:59
2026-08-25 00:00:08,VIPS408,0125,Peter Sunderland,10,10,0,2026-08-25 00:11:59
2026-08-25 00:00:08,VIPS408,0126,Brienna Anderson,10,10,0,2026-08-25 00:11:59
2026-08-25 00:00:08,WEID139B,0101,Leslie Krafft,48,17,0,2026-08-25 00:12:02
2026-08-25 00:00:08,WEID139L,0201,Taylor Green,48,20,0,2026-08-25 00:12:02
2026-08-25 02:10:20,AAAS100,0101,Shane Walsh,35,2,0,2026-08-25 02:10:23
2026-08-25 02:10:20,AAAS100,0201,Shane Walsh,35,2,0,2026-08-25 02:10:23
2026-08-25 02:10:20,AAAS100,0301,George Kintiba,70,50,0,2026-08-25 02:10:23
2026-08-25 02:10:20,AAAS100,0401,Jason Nichols,30,2,1,2026-08-25 02:10:23
2026-08-25 02:10:20,AAAS100,0501,Jason Nichols,35,0,1,2026-08-25 02:10:23
2026-08-25 02:10:20,AAAS101,0101,Chinyere Osuji,40,15,1,2026-08-25 02:10:23
2026-08-25 02:10:20,AAAS187,0101,Robert Choflet,30,1,1,2026-08-25 02:10:23
2026-08-25 02:10:20,AAAS187,0201,Joseph Richardson,30,26,0,2026-08-25 02:10:23
2026-08-25 02:10:20,AAAS200,0101,George Kintiba,40,1,0,2026-08-25 02:10:23
2026-08-25 02:10:20,AAAS202,0101,Robert Choflet,35,1,0,2026-08-25 02:10:23
2026-08-25 02:10:20,AAAS202,0201,Robert Choflet,35,0,0,2026-08-25 02:10:23
2026-08-25 02:10:20,AAAS202,0301,Angelica Dunbar,35,1,0,2026-08-25 02:10:23
2026-08-25 02:10:20,AAAS202,0401,Ashley Everson,35,0,0,2026-08-25 02:10:23
2026-08-25 02:10:20,AAAS202,0501,Ashley Everson,20,12,0,2026-08-25 02:10:23
2026-08-25 02:10:20,AAAS210,0101,Angelica Dunbar,20,14,0,2026-08-25 02:10:24
2026-08-25 02:10:20,AAAS211,0101,Shane Walsh,30,0,0,2026-08-25 02:10:24
2026-08-25 02:10:20,AAAS230,0101,Ashley Newby,30,0,1,2026-08-25 02:10:24
2026-08-25 02:10:20,AAAS230,0201,Ashley Newby,30,0,2,2026-08-25 02:10:24
2026-08-25 02:10:20,AAAS234,0201,Mike Kolakoski,30,3,3,2026-08-25 02:10:24
2026-08-25 02:10:20,AAAS254,0101,Christopher Bonner,40,4,0,2026-08-25 02:10:24
2026-08-25 02:10:20,AAAS271,0101,Sydney Lewis,30,0,0,2026-08-25 02:10:25
2026-08-25 02:10:20,AAAS310,0101,George Kintiba,25,19,0,2026-08-25 02:10:25
2026-08-25 02:10:20,AAAS320,0101,Cecily Jackson,25,0,1,2026-08-25 02:10:25
2026-08-25 02:10:20,AAAS320,0201,Cecily Jackson,25,19,0,2026-08-25 02:10:25
2026-08-25 02:10:20,AAAS325,0101,Traci Dula,20,6,0,2026-08-25 02:10:25
2026-08-25 02:10:20,AAAS350,0101,John Drabinski,20,0,0,2026-08-25 02:10:25
2026-08-25 02:10:20,AAAS361,0101,Michelle Rowley,35,24,0,2026-08-25 02:10:25
2026-08-25 02:10:20,AAAS386,0101,Marshal Washington,10,10,0,2026-08-25 02:10:26
2026-08-25 02:10:20,AAAS397,0101,John Drabinski,2,2,0,2026-08-25 02:10:26
2026-08-25 02:10:20,AAAS397,0201,Angelica Dunbar,2,2,0,2026-08-25 02:10:26
2026-08-25 02:10:20,AAAS397,0301,Sharon Harley,2,2,0,2026-08-25 02:10:26
2026-08-25 02:10:20,AAAS397,0401,Cecily Jackson,2,2,0,2026-08-25 02:10:26
2026-08-25 02:10:20,AAAS397,0501,Sangeetha Madhavan,2,2,0,2026-08-25 02:10:26
2026-08-25 02:10:20,AAAS397,0601,Ashley Newby,1,1,0,2026-08-25 02:10:26
2026-08-25 02:10:20,AAAS397,0701,Chinyere Osuji,2,2,0,2026-08-25 02:10:26
2026-08-25 02:10:20,AAAS397,0801,Periloux Peay,2,2,0,2026-08-25 02:10:26
2026-08-25 02:10:20,AAAS397,0901,Joseph Richardson,2,2,0,2026-08-25 02:10:26
2026-08-25 02:10:20,AAAS398B,0101,Beka Guluma,20,14,0,2026-08-25 02:10:26
2026-08-25 02:10:20,AAAS398W,0101,Jason Nichols,25,13,0,2026-08-25 02:10:26
2026-08-25 02:10:20,AAAS399,0101,Robert Choflet,4,4,0,2026-08-25 02:10:26
2026-08-25 02:10:20,AAAS399,0201,John Drabinski,4,4,0,2026-08-25 02:10:26
2026-08-25 02:10:20,AAAS399,0301,Angelica Dunbar,4,3,0,2026-08-25 02:10:26
2026-08-25 02:10:20,AAAS399,0401,Sharon Harley,4,4,0,2026-08-25 02:10:26
2026-08-25 02:10:20,AAAS399,0501,Cecily Jackson,4,4,0,2026-08-25 02:10:26
2026-08-25 02:10:20,AAAS399,0601,Cecily Jackson,4,4,0,2026-08-25 02:10:26
2026-08-25 02:10:20,AAAS399,0701,Sharon Harley,4,4,0,2026-08-25 02:10:26
2026-08-25 02:10:20,AAAS399,0801,George Kintiba,4,4,0,2026-08-25 02:10:26
2026-08-25 02:10:20,AAAS399,0901,Jason Nichols,4,4,0,2026-08-25 02:10:26
2026-08-25 02:10:20,AAAS399,1001,Ashley Newby,4,3,0,2026-08-25 02:10:26
2026-08-25 02:10:20,AAAS399,1101,Jason Nichols,4,4,0,2026-08-25 02:10:26
2026-08-25 02:10:20,AAAS399,1201,Joseph Richardson,4,4,0,2026-08-25 02:10:26
2026-08-25 02:10:20,AAAS399,1301,Shane Walsh,4,4,0,2026-08-25 02:10:26
2026-08-25 02:10:20,AAAS399,1401,Joseph Richardson,4,4,0,2026-08-25 02:10:26
2026-08-25 02:10:20,AAAS399,1501,Shane Walsh,4,4,0,2026-08-25 02:10:26
2026-08-25 02:10:20,AAAS400,0101,Periloux Peay,25,23,0,2026-08-25 02:10:27
2026-08-25 02:10:20,AAAS415,0101,Periloux Peay,30,0,2,2026-08-25 02:10:27
2026-08-25 02:10:20,AAAS499N,0101,Anne Rosen,25,0,0,2026-08-25 02:10:27
2026-08-25 02:10:20,AAST200,0101,Jennifer Cho,25,0,9,2026-08-25 02:10:28
2026-08-25 02:10:20,AAST200,0102,Binod Paudyal,25,0,11,2026-08-25 02:10:28
2026-08-25 02:10:20,AAST322,0101,Julie Park,30,0,1,2026-08-25 02:10:28
2026-08-25 02:10:20,AAST351,0101,Binod Paudyal,29,0,18,2026-08-25 02:10:29
2026-08-25 02:10:20,AAST355,0101,Jennifer Cho,29,0,34,2026-08-25 02:10:29
2026-08-25 02:10:20,AAST378,0101,Janelle Wong,2,2,0,2026-08-25 02:10:29
2026-08-25 02:10:20,AAST394,0101,Wenxi Yang,25,0,6,2026-08-25 02:10:29
2026-08-25 02:10:20,AAST398I,0101,Michelle Magalong,24,0,1,2026-08-25 02:10:29
2026-08-25 02:10:20,AAST398W,0101,Chris Eng,25,14,0,2026-08-25 02:10:29
2026-08-25 02:10:20,AAST421,0101,Tuyet Duong,20,0,4,2026-08-25 02:10:30
2026-08-25 02:10:20,AAST422,0101,Jennifer Cho,25,2,0,2026-08-25 02:10:30
2026-08-25 02:10:20,AAST424,0101,Dawn Dow,29,14,0,2026-08-25 02:10:30
2026-08-25 02:10:20,AAST440,0101,Binod Paudyal,21,0,6,2026-08-25 02:10:30
2026-08-25 02:10:20,AAST443,0101,Janelle Wong,27,0,12,2026-08-25 02:10:30
2026-08-25 02:10:20,ABRM330,0101,Rashawn Ray,40,0,5,2026-08-25 02:10:32
2026-08-25 02:10:20,ARAB101,0101,Samah Al-salami,15,7,10,2026-08-25 02:10:56
2026-08-25 02:10:20,ARAB101,0201,Ahmed Hanafy,15,6,9,2026-08-25 02:10:56
2026-08-25 02:10:20,ARAB102,0101,Samah Al-salami,15,1,0,2026-08-25 02:10:56
2026-08-25 02:10:20,ARAB102,0201,Lutf Alkebsi,15,11,0,2026-08-25 02:10:56
2026-08-25 02:10:20,ARAB201,0101,Lutf Alkebsi,15,0,0,2026-08-25 02:10:56
2026-08-25 02:10:20,ARAB201,0201,Lutf Alkebsi,15,11,0,2026-08-25 02:10:56
2026-08-25 02:10:20,ARAB208L,0101,Samah Al-salami,15,6,0,2026-08-25 02:10:57
2026-08-25 02:10:20,ARAB225,0101,Ahmed Hanafy,15,1,0,2026-08-25 02:10:57
2026-08-25 02:10:20,ARAB301,0101,Ahmed Hanafy,15,5,0,2026-08-25 02:10:57
2026-08-25 02:10:20,ARAB321,0101,Ahmed Hanafy,15,9,0,2026-08-25 02:10:57
2026-08-25 02:10:20,ARAB322,0101,Samah Al-salami,15,6,0,2026-08-25 02:10:57
2026-08-25 02:10:20,ARAB398A,0101,Lutf Alkebsi,15,5,0,2026-08-25 02:10:58
2026-08-25 02:10:20,ARAB499E,0101,Brendan Kibbee,20,4,0,2026-08-25 02:10:58
2026-08-25 02:10:20,ARMY106,0101,Thomas Battinieri,31,24,0,2026-08-25 02:11:16
2026-08-25 02:10:20,ARMY106,0102,Thomas Battinieri,40,30,0,2026-08-25 02:11:16
2026-08-25 02:10:20,ARMY106,FC01,Andrew Bischoff,15,10,0,2026-08-25 02:11:16
2026-08-25 02:10:20,ARMY106,FC02,Thomas Battinieri,9,7,0,2026-08-25 02:11:16
2026-08-25 02:10:20,ARMY110,0101,Andrew Bischoff,15,15,0,2026-08-25 02:11:16
2026-08-25 02:10:20,ARMY201,0102,Thomas Battinieri,35,14,0,2026-08-25 02:11:17
2026-08-25 02:10:20,ARMY301,0101,Joshua Guiod,40,21,0,2026-08-25 02:11:17
2026-08-25 02:10:20,ARMY401,0102,Andrew Bischoff,50,17,0,2026-08-25 02:11:17
2026-08-25 02:10:20,ARSC059,0101,Kathleen West,220,117,0,2026-08-25 02:11:18
2026-08-25 02:10:20,ARSC059,FC01,Jens Lyndrup,10,5,0,2026-08-25 02:11:18
2026-08-25 02:10:20,ARSC100,0101,Jens Lyndrup,50,33,0,2026-08-25 02:11:18
2026-08-25 02:10:20,ARSC100,0102,Jens Lyndrup,75,54,0,2026-08-25 02:11:18
2026-08-25 02:10:20,ARSC100,0103,Jens Lyndrup,40,36,0,2026-08-25 02:11:18
2026-08-25 02:10:20,ARSC100,FC01,Jens Lyndrup,5,0,0,2026-08-25 02:11:18
2026-08-25 02:10:20,ARSC100,FC02,Jens Lyndrup,10,8,0,2026-08-25 02:11:18
2026-08-25 02:10:20,ARSC200,0101,Alan Snyder,50,31,0,2026-08-25 02:11:18
2026-08-25 02:10:20,ARSC200,0102,Alan Snyder,35,26,0,2026-08-25 02:11:18
2026-08-25 02:10:20,ARSC200,0103,Alan Snyder,40,33,0,2026-08-25 02:11:18
2026-08-25 02:10:20,ARSC300,0101,Kathleen West,30,12,0,2026-08-25 02:11:19
2026-08-25 02:10:20,ARSC300,0102,Kathleen West,20,16,0,2026-08-25 02:11:19
2026-08-25 02:10:20,ARSC400,0101,Walter Mitchell,30,19,0,2026-08-25 02:11:19
2026-08-25 02:10:20,ARSC400,0102,Walter Mitchell,20,18,0,2026-08-25 02:11:19
2026-08-25 02:10:20,ARSC400,0201,Walter Mitchell,10,10,0,2026-08-25 02:11:19
2026-08-25 02:10:20,BMIN210,0101,Darlene Dennison,162,0,0,2026-08-25 02:11:57
2026-08-25 02:10:20,BMIN210,0201,Darlene Dennison,162,79,0,2026-08-25 02:11:57
2026-08-25 02:10:20,BMIN305,0101,Tejwansh Anand,162,28,0,2026-08-25 02:11:57
2026-08-25 02:10:20,BMIN345,0101,Michael Padhi,250,0,0,2026-08-25 02:11:57
2026-08-25 02:10:20,BMIN355,0101,Idil Yaveroglu,162,1,0,2026-08-25 02:11:57
2026-08-25 02:10:20,BMIN355,0201,Idil Yaveroglu,162,49,0,2026-08-25 02:11:57
2026-08-25 02:10:20,BMIN375,0101,Leland Gardner,185,2,0,2026-08-25 02:11:57
2026-08-25 02:10:20,BMIN395,0101,Nima Farshchi,180,0,0,2026-08-25 02:11:58
2026-08-25 02:10:20,BMIN395,0201,Nima Farshchi,180,130,0,2026-08-25 02:11:58
2026-08-25 02:10:20,BOIS602,WI01,Woei-jyh Lee,40,4,0,2026-08-25 02:12:00
2026-08-25 02:10:20,BOIS604,WI01,Manmohan Aseri,40,3,0,2026-08-25 02:12:00
2026-08-25 02:10:20,BOIS631,WI01,Sujin Kim,40,5,0,2026-08-25 02:12:00
2026-08-25 02:10:20,BSOS355,0101,Liza Lebrun,30,30,0,2026-08-25 02:12:08
2026-08-25 02:10:20,BSOS361,0101,TC Lloyd,30,0,0,2026-08-25 02:12:08
2026-08-25 02:10:20,BSOS361,0103,Keia Brown,30,8,0,2026-08-25 02:12:08
2026-08-25 02:10:20,BSOS361,0104,David Tana,30,0,0,2026-08-25 02:12:08
2026-08-25 02:10:20,BSOS361,0105,TC Lloyd,30,0,0,2026-08-25 02:12:08
2026-08-25 02:10:20,BSOS388C,0101,Nikita Kimani,20,0,1,2026-08-25 02:12:09
2026-08-25 02:10:20,BSOS388C,0201,Nikita Kimani,20,5,0,2026-08-25 02:12:09
2026-08-25 02:10:20,BSOS388E,0101,Liza Lebrun,30,30,0,2026-08-25 02:12:09
2026-08-25 02:10:20,BUSO600,SO11,Neta Moye,38,0,1,2026-08-25 02:12:22
2026-08-25 02:10:20,BUSO600,SO12,Neta Moye,38,3,0,2026-08-25 02:12:22
2026-08-25 02:10:20,BUSO603,SO11,Ilya Ryzhov,38,2,0,2026-08-25 02:12:22
2026-08-25 02:10:20,BUSO603,SO12,Ilya Ryzhov,38,2,0,2026-08-25 02:12:22
2026-08-25 02:10:20,BUSO604,SO11,Bennet Zelner,38,0,0,2026-08-25 02:12:22
2026-08-25 02:10:20,BUSO604,SO12,Bennet Zelner,38,3,0,2026-08-25 02:12:22
2026-08-25 02:10:20,BUSO612,SO11,Henry Boyd,40,0,0,2026-08-25 02:12:22
2026-08-25 02:10:20,BUSO612,SO12,Henry Boyd,40,2,0,2026-08-25 02:12:22
2026-08-25 02:10:20,BUSO616,SO31,Brent Solomon,38,3,0,2026-08-25 02:12:23
2026-08-25 02:10:20,BUSO616,SO32,Brent Solomon,38,0,0,2026-08-25 02:12:23
2026-08-25 02:10:20,BUSO624,SO31,Yi Xu,38,3,0,2026-08-25 02:12:23
2026-08-25 02:10:20,BUSO624,SO32,Yi Xu,38,0,0,2026-08-25 02:12:23
2026-08-25 02:10:20,BUSO700,SO91,Paulo Prochno,0,0,0,2026-08-25 02:12:23
2026-08-25 02:10:20,BUSO711,SO31,Gosia Langa Basit,28,2,0,2026-08-25 02:12:23
2026-08-25 02:10:20,BUSO711,SO32,Gosia Langa Basit,28,4,0,2026-08-25 02:12:23
2026-08-25 02:10:20,BUSO711,SO33,Gosia Langa Basit,28,2,0,2026-08-25 02:12:23
2026-08-25 02:10:20,BUSO731,SO51,Tejwansh Anand,49,0,2,2026-08-25 02:12:23
2026-08-25 02:10:20,BUSO752,SO51,Leland Gardner,35,12,0,2026-08-25 02:12:23
2026-08-25 02:10:20,BUSO758G,SO51,James Seward,35,13,0,2026-08-25 02:12:24
2026-08-25 02:10:20,BUSO758M,SO51,Paulo Prochno,49,1,0,2026-08-25 02:12:24
2026-08-25 02:10:20,BUSO758M,SO52,Paulo Prochno,49,4,0,2026-08-25 02:12:24
2026-08-25 02:10:20,BUSO758T,SO51,Michael Cichello,35,20,0,2026-08-25 02:12:24
2026-08-25 02:10:20,BUSO758W,SO51,Yogesh Joshi,33,0,0,2026-08-25 02:12:24
2026-08-25 02:10:20,BUSO758W,SO52,Yogesh Joshi,33,6,0,2026-08-25 02:12:24
2026-08-25 02:10:20,BUSO758X,SO51,Pallassana Kannan,49,0,0,2026-08-25 02:12:24
2026-08-25 02:10:20,BUSO788F,GX01,Judy Frels,25,5,0,2026-08-25 02:12:24
2026-08-25 02:10:20,BUSO788W,GX01,Zhi-Long Chen,30,6,0,2026-08-25 02:12:24
2026-08-25 02:10:20,CHSE200,0101,Betsy Tornquist,10,1,0,2026-08-25 02:12:41
2026-08-25 02:10:20,CHSE205,0101,Yewon Lee,60,0,30,2026-08-25 02:12:42
2026-08-25 02:10:20,CHSE205,0201,Yewon Lee,60,0,21,2026-08-25 02:12:42
2026-08-25 02:10:20,CHSE228C,0101,Nikita Kimani,20,0,1,2026-08-25 02:12:42
2026-08-25 02:10:20,CHSE228C,0201,Nikita Kimani,20,5,0,2026-08-25 02:12:42
2026-08-25 02:10:20,CHSE228C,0301,Nikita Kimani,20,0,0,2026-08-25 02:12:42
2026-08-25 02:10:20,CHSE230,0101,Isabelle Grable,25,16,0,2026-08-25 02:12:42
2026-08-25 02:10:20,CHSE376,0101,Michael Dunham,22,0,21,2026-08-25 02:12:42
2026-08-25 02:10:20,CHSE376,0201,Colleen McGilpin,20,0,24,2026-08-25 02:12:42
2026-08-25 02:10:20,CHSE376,0301,Elizabeth Martinez,20,0,25,2026-08-25 02:12:42
2026-08-25 02:10:20,CHSE376,0401,Chanai Brewster,20,0,21,2026-08-25 02:12:42
2026-08-25 02:10:20,CHSE476,0101,Michael Dunham,20,10,0,2026-08-25 02:12:42
2026-08-25 02:10:20,CHSE477,0101,Michael Dunham,15,6,0,2026-08-25 02:12:42
2026-08-25 02:10:20,CHSE489,1901,Amy D'Agati,15,10,0,2026-08-25 02:12:43
2026-08-25 02:10:20,CHSE498,2401,Meredith Gramlich,10,2,0,2026-08-25 02:12:43
2026-08-25 02:10:20,CHSE498,3701,Michael Dunham,2,1,0,2026-08-25 02:12:43
2026-08-25 02:10:20,CINE245,0101,Eric Zakim,22,1,6,2026-08-25 02:12:44
2026-08-25 02:10:20,CINE245,0102,Eric Zakim,22,3,5,2026-08-25 02:12:44
2026-08-25 02:10:20,CINE245,0103,Eric Zakim,22,1,5,2026-08-25 02:12:44
2026-08-25 02:10:20,CINE245,0104,Eric Zakim,22,2,6,2026-08-25 02:12:44
2026-08-25 02:10:20,CINE280,0101,Porter Olsen,30,0,23,2026-08-25 02:12:44
2026-08-25 02:10:20,CINE280,0201,John Tobin,30,1,29,2026-08-25 02:12:44
2026-08-25 02:10:20,CINE298A,0101,Caroline Eades,20,0,1,2026-08-25 02:12:45
2026-08-25 02:10:20,CINE301,0101,Eric Zakim,30,0,0,2026-08-25 02:12:45
2026-08-25 02:10:20,CINE310,0101,Nathaniel Stevens,15,0,0,2026-08-25 02:12:45
2026-08-25 02:10:20,CINE315,0101,Yael Inbar,15,0,4,2026-08-25 02:12:45
2026-08-25 02:10:20,CINE319G,0101,Oliver Gaycken,25,16,0,2026-08-25 02:12:45
2026-08-25 02:10:20,CINE319P,5501,Samuel Crawford,10,0,3,2026-08-25 02:12:45
2026-08-25 02:10:20,CINE319Z,0101,Paul Cote,25,10,0,2026-08-25 02:12:46
2026-08-25 02:10:20,CINE329T,0101,Daniel Richter,25,0,28,2026-08-25 02:12:46
2026-08-25 02:10:20,CINE332,0101,Parker Brookie,25,0,3,2026-08-25 02:12:46
2026-08-25 02:10:20,CINE334,0101,Elizabeth Papazian,25,0,3,2026-08-25 02:12:46
2026-08-25 02:10:20,CINE337,0101,Jason Kuo,25,0,5,2026-08-25 02:12:46
2026-08-25 02:10:20,CINE342,0101,Luka Arsenjuk,20,0,7,2026-08-25 02:12:46
2026-08-25 02:10:20,CINE350,0101,John Drabinski,20,0,0,2026-08-25 02:12:46
2026-08-25 02:10:20,CINE359C,0101,Daniel Richter,25,0,9,2026-08-25 02:12:47
2026-08-25 02:10:20,CINE369B,0101,Eva Hageman,30,0,0,2026-08-25 02:12:47
2026-08-25 02:10:20,CINE369K,0101,Paul Cote,20,0,2,2026-08-25 02:12:47
2026-08-25 02:10:20,CINE376,0101,Ross Angelella,15,3,0,2026-08-25 02:12:47
2026-08-25 02:10:20,CINE376,0102,Ross Angelella,5,2,0,2026-08-25 02:12:47
2026-08-25 02:10:20,CINE415,0101,Mathew Bainbridge,15,0,2,2026-08-25 02:12:47
2026-08-25 02:10:20,CINE419P,0101,Oliver Gaycken,20,13,0,2026-08-25 02:12:48
2026-08-25 02:10:20,CINE459P,0101,Luka Arsenjuk,20,0,0,2026-08-25 02:12:48
2026-08-25 02:10:20,CLAS170,0101,Chiara Graf,21,0,14,2026-08-25 02:12:49
2026-08-25 02:10:20,CLAS170,0102,Chiara Graf,21,1,9,2026-08-25 02:12:49
2026-08-25 02:10:20,CLAS170,0103,Chiara Graf,21,2,16,2026-08-25 02:12:49
2026-08-25 02:10:20,CLAS170,0104,Chiara Graf,21,2,9,2026-08-25 02:12:49
2026-08-25 02:10:20,CLAS170,0105,Chiara Graf,21,1,10,2026-08-25 02:12:49
2026-08-25 02:10:20,CLAS170,0106,Chiara Graf,21,1,17,2026-08-25 02:12:49
2026-08-25 02:10:20,CLAS170,0107,Chiara Graf,21,3,11,2026-08-25 02:12:49
2026-08-25 02:10:20,CLAS170,0108,Chiara Graf,21,3,13,2026-08-25 02:12:49
2026-08-25 02:10:20,CLAS170,0109,Chiara Graf,22,2,7,2026-08-25 02:12:49
2026-08-25 02:10:20,CLAS170,FC01,Chelsea Stolt,24,0,5,2026-08-25 02:12:49
2026-08-25 02:10:20,CLAS170,FC02,Chelsea Stolt,24,0,8,2026-08-25 02:12:49
2026-08-25 02:10:20,CLAS170,FC03,Eugenia Lao,24,1,3,2026-08-25 02:12:49
2026-08-25 02:10:20,CLAS170,FC05,Charis Addai,24,1,3,2026-08-25 02:12:49
2026-08-25 02:10:20,CLAS277,0101,Chiara Graf,25,0,0,2026-08-25 02:12:49
2026-08-25 02:10:20,CLAS277,0102,Chiara Graf,25,0,2,2026-08-25 02:12:49
2026-08-25 02:10:20,CLAS277,0103,Chiara Graf,25,0,0,2026-08-25 02:12:49
2026-08-25 02:10:20,CLAS277,0104,Chiara Graf,25,0,0,2026-08-25 02:12:49
2026-08-25 02:10:20,CLAS277,0105,Chiara Graf,25,0,1,2026-08-25 02:12:49
2026-08-25 02:10:20,CLAS277,0106,Chiara Graf,25,0,1,2026-08-25 02:12:49
2026-08-25 02:10:20,CLAS305,0101,Jorge Bravo,35,0,0,2026-08-25 02:12:49
2026-08-25 02:10:20,CLAS309N,0101,Nathan Levine,35,27,0,2026-08-25 02:12:50
2026-08-25 02:10:20,CLAS310,0101,Rachel Singpurwalla,20,0,3,2026-08-25 02:12:50
2026-08-25 02:10:20,CLAS310,0102,Rachel Singpurwalla,20,0,6,2026-08-25 02:12:50
2026-08-25 02:10:20,CLAS310,0103,Rachel Singpurwalla,20,0,6,2026-08-25 02:12:50
2026-08-25 02:10:20,CLAS312,0101,Polyvia Parara,35,0,2,2026-08-25 02:12:50
2026-08-25 02:10:20,CMLT235,0101,Brielle Gorrell,30,0,0,2026-08-25 02:12:52
2026-08-25 02:10:20,CMLT270,0101,Hannah (Toyin) Adeyemi,30,0,5,2026-08-25 02:12:53
2026-08-25 02:10:20,CMLT270,0201,Shakiba Sharifpour,30,6,9,2026-08-25 02:12:53
2026-08-25 02:10:20,CMLT275,0201,Abhinav Bhardwaj,30,3,4,2026-08-25 02:12:53
2026-08-25 02:10:20,CMLT277,0101,Nahid Ahmadian,30,0,1,2026-08-25 02:12:53
2026-08-25 02:10:20,CMLT280,0101,Porter Olsen,30,0,23,2026-08-25 02:12:53
2026-08-25 02:10:20,CMLT280,0201,John Tobin,30,1,29,2026-08-25 02:12:53
2026-08-25 02:10:20,CPBE100,0101,Oliver Schlake,95,27,0,2026-08-25 02:13:12
2026-08-25 02:10:20,CPBE200,0101,Oliver Schlake,75,32,0,2026-08-25 02:13:12
2026-08-25 02:10:20,CPBE225,0101,Ira Koretsky,38,13,0,2026-08-25 02:13:13
2026-08-25 02:10:20,CPBE225,0102,Ira Koretsky,38,23,0,2026-08-25 02:13:13
2026-08-25 02:10:20,CPCV100,0101,Julie Randolph,40,1,0,2026-08-25 02:13:14
2026-08-25 02:10:20,CPCV100,0201,Julie Randolph,40,9,0,2026-08-25 02:13:14
2026-08-25 02:10:20,CPCV200,0101,Julie Randolph,35,2,0,2026-08-25 02:13:14
2026-08-25 02:10:20,CPCV200,0201,Julie Randolph,35,15,0,2026-08-25 02:13:14
2026-08-25 02:10:20,CPCV225,0101,Korey Rothman,75,6,0,2026-08-25 02:13:14
2026-08-25 02:10:20,CPDJ100,0101,Jess Feltner,75,2,0,2026-08-25 02:13:15
2026-08-25 02:10:20,CPDJ200,0101,Andrew Fellows,75,36,0,2026-08-25 02:13:16
2026-08-25 02:10:20,CPET100,0101,Tim Knight,75,1,0,2026-08-25 02:13:17
2026-08-25 02:10:20,CPET200,0101,Tim Knight,75,8,0,2026-08-25 02:13:17
2026-08-25 02:10:20,CPGH100,0101,John Wiggins,85,7,0,2026-08-25 02:13:18
2026-08-25 02:10:20,CPGH200,0101,John Wiggins,75,18,0,2026-08-25 02:13:18
2026-08-25 02:10:20,CPJT100,0101,Justine DeCamillis,75,7,0,2026-08-25 02:13:20
2026-08-25 02:10:20,CPJT200,0101,Justine DeCamillis,75,20,0,2026-08-25 02:13:20
2026-08-25 02:10:20,CPMS100,0101,Carole Lee,75,2,0,2026-08-25 02:13:21
2026-08-25 02:10:20,CPMS200,0101,Alison Burns,75,15,0,2026-08-25 02:13:21
2026-08-25 02:10:20,CPMS225,0101,Alison Burns,75,1,0,2026-08-25 02:13:21
2026-08-25 02:10:20,CPMS230,0101,Alison Burns,30,14,0,2026-08-25 02:13:22
2026-08-25 02:10:20,CPMS240,0101,Carole Lee,20,18,0,2026-08-25 02:13:22
2026-08-25 02:10:20,CPPL100,0101,Kelly Brower,75,0,0,2026-08-25 02:13:23
2026-08-25 02:10:20,CPPL200,0101,Susannah Washburn,75,16,0,2026-08-25 02:13:23
2026-08-25 02:10:20,CPSA100,0101,Andrea Cesar,75,12,0,2026-08-25 02:13:24
2026-08-25 02:10:20,CPSA200,0101,Andrea Cesar,75,36,0,2026-08-25 02:13:24
2026-08-25 02:10:20,CPSF100,0101,Nicholas Fletcher,85,5,0,2026-08-25 02:13:26
2026-08-25 02:10:20,CPSF200,0101,Nicholas Fletcher,75,5,0,2026-08-25 02:13:26
2026-08-25 02:10:20,CPSG100,0101,Thomas Holtz,85,6,0,2026-08-25 02:13:27
2026-08-25 02:10:20,CPSG200,0101,Thomas Holtz,75,30,0,2026-08-25 02:13:27
2026-08-25 02:10:20,CPSN100,0101,Hansol Kwak,85,3,0,2026-08-25 02:13:29
2026-08-25 02:10:20,CPSN200,0101,Stacy Kosko,75,37,0,2026-08-25 02:13:29
2026-08-25 02:10:20,CPSN230,0101,Sarah Kilmer,20,18,0,2026-08-25 02:13:29
2026-08-25 02:10:20,CPSN240,0101,Sarah Kilmer,10,7,0,2026-08-25 02:13:29
2026-08-25 02:10:20,CPSN250,0101,Sarah Kilmer,5,5,0,2026-08-25 02:13:29
2026-08-25 02:10:20,CPSP110,0101,Instructor: TBA,18,13,0,2026-08-25 02:13:30
2026-08-25 02:10:20,CPSP110,0201,Instructor: TBA,18,16,0,2026-08-25 02:13:30
2026-08-25 02:10:20,CPSP220,0101,Tiara Thomas,20,1,0,2026-08-25 02:13:31
2026-08-25 02:10:20,CPSP239A,0101,Heather-Erin Bremenstuhl,10,6,0,2026-08-25 02:13:31
2026-08-25 02:10:20,CPSP269C,0101,Korey Rothman,5,5,0,2026-08-25 02:13:31
2026-08-25 02:10:20,CPSP339P,0101,Susannah Washburn,10,8,0,2026-08-25 02:13:31
2026-08-25 02:10:20,CPSS100,0101,David Tomblin,85,5,0,2026-08-25 02:13:32
2026-08-25 02:10:20,CPSS220,0101,Nicole Mogul,20,6,0,2026-08-25 02:13:32
2026-08-25 02:10:20,CPSS225,0101,Roan Parrish,20,13,0,2026-08-25 02:13:33
2026-08-25 02:10:20,CPSS340,0101,David Tomblin,20,6,0,2026-08-25 02:13:33
2026-08-25 02:10:20,CRLN101,0103,Myles Alexander,25,0,1,2026-08-25 02:13:34
2026-08-25 02:10:20,CRLN101,0104,Tami Smith,25,0,2,2026-08-25 02:13:34
2026-08-25 02:10:20,CRLN101,0105,Denis Garcia Reyes,25,0,0,2026-08-25 02:13:34
2026-08-25 02:10:20,CRLN101,0106,Mitch Woolley,25,9,0,2026-08-25 02:13:34
2026-08-25 02:10:20,CRLN101,0107,Esohe Owie,25,0,0,2026-08-25 02:13:34
2026-08-25 02:10:20,DATA100,0111,Matthew Griffin,32,0,0,2026-08-25 02:13:40
2026-08-25 02:10:20,DATA100,0112,Matthew Griffin,32,0,0,2026-08-25 02:13:40
2026-08-25 02:10:20,DATA100,0121,Matthew Griffin,32,0,0,2026-08-25 02:13:40
2026-08-25 02:10:20,DATA100,0122,Matthew Griffin,32,0,0,2026-08-25 02:13:40
2026-08-25 02:10:20,DATA100,0123,Matthew Griffin,32,0,0,2026-08-25 02:13:40
2026-08-25 02:10:20,DATA100,0124,Matthew Griffin,32,0,1,2026-08-25 02:13:40
2026-08-25 02:10:20,DATA100,0131,Matthew Griffin,32,0,0,2026-08-25 02:13:40
2026-08-25 02:10:20,DATA100,0141,Matthew Griffin,32,2,0,2026-08-25 02:13:40
2026-08-25 02:10:20,DATA100,0142,Matthew Griffin,32,2,0,2026-08-25 02:13:40
2026-08-25 02:10:20,DATA100,0211,Matthew Griffin,30,0,1,2026-08-25 02:13:40
2026-08-25 02:10:20,DATA100,0212,Matthew Griffin,30,0,0,2026-08-25 02:13:40
2026-08-25 02:10:20,DATA100,0221,Matthew Griffin,30,0,2,2026-08-25 02:13:40
2026-08-25 02:10:20,DATA100,0223,Matthew Griffin,30,0,1,2026-08-25 02:13:40
2026-08-25 02:10:20,DATA100,0224,Matthew Griffin,30,0,1,2026-08-25 02:13:40
2026-08-25 02:10:20,DATA100,0231,Matthew Griffin,30,0,0,2026-08-25 02:13:40
2026-08-25 02:10:20,DATA100,0311,Archana Khurana,30,0,1,2026-08-25 02:13:40
2026-08-25 02:10:20,DATA100,0312,Archana Khurana,30,0,0,2026-08-25 02:13:40
2026-08-25 02:10:20,DATA100,0321,Archana Khurana,30,0,1,2026-08-25 02:13:40
2026-08-25 02:10:20,DATA100,0322,Archana Khurana,30,0,0,2026-08-25 02:13:40
2026-08-25 02:10:20,DATA100,0323,Archana Khurana,30,0,1,2026-08-25 02:13:40
2026-08-25 02:10:20,DATA100,0341,Archana Khurana,30,0,1,2026-08-25 02:13:40
2026-08-25 02:10:20,DATA110,0101,Susan Mazzullo,250,11,0,2026-08-25 02:13:40
2026-08-25 02:10:20,DATA120,0101,Fardina Alam,200,0,0,2026-08-25 02:13:40
2026-08-25 02:10:20,DATA200,0101,Fardina Alam,90,32,0,2026-08-25 02:13:40
2026-08-25 02:10:20,DATA250,0101,Todd Rowland,43,3,0,2026-08-25 02:13:40
2026-08-25 02:10:20,DATA320,0101,Maksym Morawski,15,10,0,2026-08-25 02:13:41
2026-08-25 02:10:20,DATA320,0201,Maksym Morawski,15,3,0,2026-08-25 02:13:41
2026-08-25 02:10:20,DATA320,0301,Fardina Alam,20,0,0,2026-08-25 02:13:41
2026-08-25 02:10:20,DATA350,0101,Raluca Rosca,30,6,0,2026-08-25 02:13:41
2026-08-25 02:10:20,DATA350,0201,Jonathan Fernandes,34,2,0,2026-08-25 02:13:41
2026-08-25 02:10:20,DATA400,0111,Salman Safdar,27,0,0,2026-08-25 02:13:41
2026-08-25 02:10:20,DATA400,0112,Salman Safdar,30,0,0,2026-08-25 02:13:41
2026-08-25 02:10:20,DATA400,0121,Salman Safdar,27,1,0,2026-08-25 02:13:41
2026-08-25 02:10:20,DATA400,0122,Salman Safdar,27,1,0,2026-08-25 02:13:41
2026-08-25 02:10:20,DATA400,0131,Salman Safdar,27,7,0,2026-08-25 02:13:41
2026-08-25 02:10:20,DATA400,0132,Salman Safdar,27,19,0,2026-08-25 02:13:41
2026-08-25 02:10:20,DATA400,0211,Timothy Pilachowski,30,0,0,2026-08-25 02:13:41
2026-08-25 02:10:20,DATA400,0212,Timothy Pilachowski,30,1,0,2026-08-25 02:13:41
2026-08-25 02:10:20,DATA400,0221,Timothy Pilachowski,30,1,0,2026-08-25 02:13:41
2026-08-25 02:10:20,DATA400,0222,Timothy Pilachowski,30,5,0,2026-08-25 02:13:41
2026-08-25 02:10:20,DATA400,0231,Timothy Pilachowski,30,0,0,2026-08-25 02:13:41
2026-08-25 02:10:20,DATA400,0232,Timothy Pilachowski,30,1,0,2026-08-25 02:13:41
2026-08-25 02:10:20,DATA400,0311,Mestiyage Gunatilleka,32,0,0,2026-08-25 02:13:41
2026-08-25 02:10:20,DATA400,0312,Mestiyage Gunatilleka,30,1,0,2026-08-25 02:13:41
2026-08-25 02:10:20,DATA400,0321,Mestiyage Gunatilleka,32,0,0,2026-08-25 02:13:41
2026-08-25 02:10:20,DATA400,0322,Mestiyage Gunatilleka,30,0,0,2026-08-25 02:13:41
2026-08-25 02:10:20,DATA400,0331,Mestiyage Gunatilleka,32,0,0,2026-08-25 02:13:41
2026-08-25 02:10:20,DATA400,0332,Mestiyage Gunatilleka,30,0,0,2026-08-25 02:13:41
2026-08-25 02:10:20,DATA400,0511,Shixin Zheng,35,0,0,2026-08-25 02:13:41
2026-08-25 02:10:20,DATA400,0521,Shixin Zheng,35,0,0,2026-08-25 02:13:41
2026-08-25 02:10:20,DATA400,0531,Shixin Zheng,35,0,0,2026-08-25 02:13:41
2026-08-25 02:10:20,DATA601,PCS1,Sandra Cerrai,50,0,0,2026-08-25 02:13:41
2026-08-25 02:10:20,DATA601,PCS2,Jonathan Fernandes,60,10,0,2026-08-25 02:13:41
2026-08-25 02:10:20,DATA601,PWS1,Leonid Koralov,60,5,0,2026-08-25 02:13:41
2026-08-25 02:10:20,DATA602,PCS1,Sujeong Kim,44,2,0,2026-08-25 02:13:41
2026-08-25 02:10:20,DATA602,PCS2,Sujeong Kim,44,8,0,2026-08-25 02:13:41
2026-08-25 02:10:20,DATA602,PWS1,Fardina Alam,44,0,0,2026-08-25 02:13:41
2026-08-25 02:10:20,DATA603,PCS1,Babak Azimi-Sadjadi,55,10,0,2026-08-25 02:13:41
2026-08-25 02:10:20,DATA603,PWS1,Kemal Davaslioglu,55,16,0,2026-08-25 02:13:41
2026-08-25 02:10:20,DATA605,PCS1,Tammy Perrin,44,32,0,2026-08-25 02:13:42
2026-08-25 02:10:20,DATA605,PCS2,Tammy Perrin,44,19,0,2026-08-25 02:13:42
2026-08-25 02:10:20,DATA605,PWS1,Giacinto Paolo Saggese,44,37,0,2026-08-25 02:13:42
2026-08-25 02:10:20,DATA607,PCS1,Mestiyage Gunatilleka,44,32,0,2026-08-25 02:13:42
2026-08-25 02:10:20,DATA607,PCS2,Kendall Williams,55,0,0,2026-08-25 02:13:42
2026-08-25 02:10:20,DATA607,PCS3,Vincent Lyzinski,44,0,0,2026-08-25 02:13:42
2026-08-25 02:10:20,DATA612,PCS1,Samet Ayhan,50,16,0,2026-08-25 02:13:42
2026-08-25 02:10:20,DATA612,PWS1,Samet Ayhan,44,12,0,2026-08-25 02:13:42
2026-08-25 02:10:20,DATA641,PCS1,Toki Inan,50,12,0,2026-08-25 02:13:42
2026-08-25 02:10:20,DATA641,PWS1,Armin Mehrabian,50,0,5,2026-08-25 02:13:42
2026-08-25 02:10:20,DATA643,PCS1,Charles Forgy,50,21,0,2026-08-25 02:13:42
2026-08-25 02:10:20,DATA650,PCS1,Emre Gunduzhan,54,3,0,2026-08-25 02:13:42
2026-08-25 02:10:20,DATA650,PCS2,Emre Gunduzhan,54,3,0,2026-08-25 02:13:42
2026-08-25 02:10:20,ENAI600,0101,C Ravishankar,35,21,0,2026-08-25 02:14:18
2026-08-25 02:10:20,ENAI600,AEC1,C Ravishankar,20,5,0,2026-08-25 02:14:18
2026-08-25 02:10:20,ENAI601,0101,Richard La,35,24,0,2026-08-25 02:14:18
2026-08-25 02:10:20,ENAI601,AEC1,Richard La,20,5,0,2026-08-25 02:14:18
2026-08-25 02:10:20,ENAI607,0101,Zoltan Safar,29,25,0,2026-08-25 02:14:18
2026-08-25 02:10:20,ENAI607,AEC1,Zoltan Safar,20,9,0,2026-08-25 02:14:18
2026-08-25 02:10:20,ENBC301,ESG1,Sivan Saravanapavan,20,10,0,2026-08-25 02:14:19
2026-08-25 02:10:20,ENBC311,ESG1,Bahaa Ghammraoui,20,12,0,2026-08-25 02:14:20
2026-08-25 02:10:20,ENBC322,ESG1,Kyunghun Lee,20,11,0,2026-08-25 02:14:20
2026-08-25 02:10:20,ENBC331,ESG1,Lan Ma,20,11,0,2026-08-25 02:14:20
2026-08-25 02:10:20,ENBC332,ESG1,Jamasp Azarnoosh,20,12,0,2026-08-25 02:14:20
2026-08-25 02:10:20,ENBC341,ESG1,Jarred Callura,20,13,0,2026-08-25 02:14:21
2026-08-25 02:10:20,ENBC353,ESG1,Jarred Callura,20,16,0,2026-08-25 02:14:21
2026-08-25 02:10:20,ENBC399,ESG1,Nan Xu,1,0,0,2026-08-25 02:14:21
2026-08-25 02:10:20,ENBC399,ESG2,Lan Ma,1,0,0,2026-08-25 02:14:21
2026-08-25 02:10:20,ENBC399,ESG3,Jamasp Azarnoosh,1,1,0,2026-08-25 02:14:21
2026-08-25 02:10:20,ENBC399,ESG4,Lan Ma,1,1,0,2026-08-25 02:14:21
2026-08-25 02:10:20,ENBC399,ESG5,Jamasp Azarnoosh,1,0,0,2026-08-25 02:14:21
2026-08-25 02:10:20,ENBC399,ESG6,Jamasp Azarnoosh,1,0,0,2026-08-25 02:14:21
2026-08-25 02:10:20,ENBC399,ESG7,Jamasp Azarnoosh,1,1,0,2026-08-25 02:14:21
2026-08-25 02:10:20,ENBC423,ESG1,Jian Su,20,13,0,2026-08-25 02:14:21
2026-08-25 02:10:20,ENBC425,ESG1,Jamasp Azarnoosh,20,13,0,2026-08-25 02:14:22
2026-08-25 02:10:20,ENBC431,ESG1,Lan Ma,20,13,0,2026-08-25 02:14:22
2026-08-25 02:10:20,ENEB302,ESG1,Wesley Lawson,20,5,0,2026-08-25 02:14:31
2026-08-25 02:10:20,ENEB340,ESG1,Nestor Michael Tiglao,20,5,0,2026-08-25 02:14:31
2026-08-25 02:10:20,ENEB341,ESG1,Nestor Michael Tiglao,20,5,0,2026-08-25 02:14:31
2026-08-25 02:10:20,ENEB344,ESG1,Jerry Wu,20,5,0,2026-08-25 02:14:31
2026-08-25 02:10:20,ENEB346,ESG1,Nestor Michael Tiglao,20,15,0,2026-08-25 02:14:31
2026-08-25 02:10:20,ENEB354,ESG1,Yavuz Oruc,20,5,0,2026-08-25 02:14:31
2026-08-25 02:10:20,ENEB408A,ESG1,Nestor Michael Tiglao,20,15,0,2026-08-25 02:14:32
2026-08-25 02:10:20,ENEB444,ESG1,Manoj Franklin,20,15,0,2026-08-25 02:14:32
2026-08-25 02:10:20,ENEB454,ESG1,Jerry Wu,20,15,0,2026-08-25 02:14:32
2026-08-25 02:10:20,ENED036,0101,Hillary Owusu,20,20,0,2026-08-25 02:14:33
2026-08-25 02:10:20,ENED101,0101,Shannon Bate,20,1,0,2026-08-25 02:14:33
2026-08-25 02:10:20,ENED115,0101,Danielle Barker,100,6,0,2026-08-25 02:14:34
2026-08-25 02:10:20,ENED215,0101,Tyler Huddleston,30,1,0,2026-08-25 02:14:34
2026-08-25 02:10:20,ENED215,0102,Samantha Sabihi,40,21,0,2026-08-25 02:14:34
2026-08-25 02:10:20,ENED215,0103,Paige Smith,6,0,0,2026-08-25 02:14:34
2026-08-25 02:10:20,ENED290H,0101,Christopher Troilo,46,2,0,2026-08-25 02:14:34
2026-08-25 02:10:20,ENED390H,0101,Tony Barber,50,11,0,2026-08-25 02:14:34
2026-08-25 02:10:20,ENED394H,0101,Manmohan Aseri,65,14,0,2026-08-25 02:14:34
2026-08-25 02:10:20,ENED397,0101,Emily Marks,9,1,0,2026-08-25 02:14:35
2026-08-25 02:10:20,ENED490H,0101,David Ashley,45,7,0,2026-08-25 02:14:35
2026-08-25 02:10:20,ENED491,0101,Jessica Roffe,10,0,0,2026-08-25 02:14:35
2026-08-25 02:10:20,ENMT301,ESG1,Colleen Murray,15,14,0,2026-08-25 02:15:11
2026-08-25 02:10:20,ENMT322,ESG1,Gurtajbir Herr,15,14,0,2026-08-25 02:15:11
2026-08-25 02:10:20,ENMT361,ESG1,Young Choi,15,14,0,2026-08-25 02:15:11
2026-08-25 02:10:20,ENMT380,ESG1,Gurtajbir Herr,15,14,0,2026-08-25 02:15:11
2026-08-25 02:10:20,ENMT450,ESG1,Nicholas Limparis,7,5,0,2026-08-25 02:15:11
2026-08-25 02:10:20,ENMT471,ESG1,Colleen Murray,7,5,0,2026-08-25 02:15:12
2026-08-25 02:10:20,ENMT473,ESG1,Gurtajbir Herr,7,4,0,2026-08-25 02:15:12
2026-08-25 02:10:20,ENMT483,ESG1,Nicholas Limparis,7,5,0,2026-08-25 02:15:12
2026-08-25 02:10:20,ENSE621,0101,Tony Barber,22,18,0,2026-08-25 02:15:17
2026-08-25 02:10:20,ENSE621,SY01,Tony Barber,15,0,1,2026-08-25 02:15:17
2026-08-25 02:10:20,ENSE623,0101,Steven Biemer,17,16,0,2026-08-25 02:15:17
2026-08-25 02:10:20,ENSE623,SY01,Steven Biemer,15,10,0,2026-08-25 02:15:17
2026-08-25 02:10:20,ENSE626,0101,Dane Cooper,20,17,0,2026-08-25 02:15:17
2026-08-25 02:10:20,ENSE626,SY01,Dane Cooper,15,9,0,2026-08-25 02:15:17
2026-08-25 02:10:20,ENSP101,0101,Annette Spivy,25,0,0,2026-08-25 02:15:19
2026-08-25 02:10:20,ENSP101,0102,Annette Spivy,24,0,0,2026-08-25 02:15:19
2026-08-25 02:10:20,ENSP101,0103,Annette Spivy,24,1,0,2026-08-25 02:15:19
2026-08-25 02:10:20,ENSP101,0104,Annette Spivy,24,0,0,2026-08-25 02:15:19
2026-08-25 02:10:20,ENSP101,0105,Annette Spivy,25,0,0,2026-08-25 02:15:19
2026-08-25 02:10:20,ENSP101,0106,Annette Spivy,24,3,0,2026-08-25 02:15:19
2026-08-25 02:10:20,ENSP101,0107,Annette Spivy,24,0,0,2026-08-25 02:15:19
2026-08-25 02:10:20,ENSP101,FC01,Annette Spivy,32,0,1,2026-08-25 02:15:19
2026-08-25 02:10:20,ENSP305,0101,Annette Spivy,23,0,2,2026-08-25 02:15:19
2026-08-25 02:10:20,ENSP330,0101,Joanna Goger,35,1,0,2026-08-25 02:15:19
2026-08-25 02:10:20,ENSP340,0101,Caroline Boules,25,0,1,2026-08-25 02:15:19
2026-08-25 02:10:20,ENSP360,0101,Leena Malayil,25,0,3,2026-08-25 02:15:19
2026-08-25 02:10:20,ENSP399R,0601,Annette Spivy,10,10,0,2026-08-25 02:15:20
2026-08-25 02:10:20,ENSP399R,1001,Jennifer Mullinax,10,10,0,2026-08-25 02:15:20
2026-08-25 02:10:20,ENSP400,0101,Colleen O'Donnell,35,12,0,2026-08-25 02:15:20
2026-08-25 02:10:20,ENSP400,0102,Joanna Goger,35,13,0,2026-08-25 02:15:20
2026-08-25 02:10:20,ENVH121,FC01,Brienna Anderson,20,11,0,2026-08-25 02:15:30
2026-08-25 02:10:20,ENVH381,0101,Donald Milton,30,17,0,2026-08-25 02:15:31
2026-08-25 02:10:20,FGSM310,0101,Peter Owen,24,0,0,2026-08-25 02:15:34
2026-08-25 02:10:20,FGSM315,0101,Emily Shetty,22,0,0,2026-08-25 02:15:34
2026-08-25 02:10:20,FGSM320,0101,Woodie Kessel,24,2,0,2026-08-25 02:15:34
2026-08-25 02:10:20,FGSM325,0101,Rob Long,20,1,0,2026-08-25 02:15:34
2026-08-25 02:10:20,FGSM330,0101,Andrew Fausett,22,1,0,2026-08-25 02:15:34
2026-08-25 02:10:20,FGSM340,0101,Ed Fendley,22,1,0,2026-08-25 02:15:35
2026-08-25 02:10:20,FGSM350,0101,Sean Misko,22,1,0,2026-08-25 02:15:35
2026-08-25 02:10:20,FGSM355,0101,Amanda Schoch,20,0,0,2026-08-25 02:15:35
2026-08-25 02:10:20,FGSM360,0101,Nadia Farra,20,1,0,2026-08-25 02:15:35
2026-08-25 02:10:20,FGSM365,0101,Andrew Nissen,20,0,0,2026-08-25 02:15:35
2026-08-25 02:10:20,FGSM370,0101,Joshua Glasser,20,1,0,2026-08-25 02:15:35
2026-08-25 02:10:20,FGSM390,0101,Sasha Koo-Oshima,20,2,0,2026-08-25 02:15:35
2026-08-25 02:10:20,FGSM398,0101,Jayakumar Arasan,25,24,0,2026-08-25 02:15:36
2026-08-25 02:10:20,FGSM398,0201,Jayakumar Arasan,5,2,0,2026-08-25 02:15:36
2026-08-25 02:10:20,FIRE120,0101,Jessica O'Hara,36,0,0,2026-08-25 02:15:37
2026-08-25 02:10:20,FIRE120,0102,Shannon Hilton,36,8,0,2026-08-25 02:15:37
2026-08-25 02:10:20,FIRE120,0103,Jaclyn Bruner,36,0,1,2026-08-25 02:15:37
2026-08-25 02:10:20,FIRE120,0104,Danielle Niu,36,0,0,2026-08-25 02:15:37
2026-08-25 02:10:20,FIRE120,0105,Cherisse Hall,36,0,0,2026-08-25 02:15:37
2026-08-25 02:10:20,FIRE120,0106,Sara Strey,36,7,0,2026-08-25 02:15:37
2026-08-25 02:10:20,FIRE120,0107,Helene Nguemgaing,36,0,0,2026-08-25 02:15:37
2026-08-25 02:10:20,FIRE120,0108,Mary Chey,36,1,0,2026-08-25 02:15:37
2026-08-25 02:10:20,FIRE120,0109,Shannon Hilton,36,0,0,2026-08-25 02:15:37
2026-08-25 02:10:20,FIRE120,0110,Lena Johnson,36,1,0,2026-08-25 02:15:37
2026-08-25 02:10:20,FIRE120,0111,Benjamin Huffman,36,0,0,2026-08-25 02:15:37
2026-08-25 02:10:20,FIRE120,0112,Mary Chey,36,3,0,2026-08-25 02:15:37
2026-08-25 02:10:20,FIRE120,0113,Elizabeth Massey,36,13,0,2026-08-25 02:15:37
2026-08-25 02:10:20,FIRE120,0114,Benjamin Huffman,36,0,0,2026-08-25 02:15:37
2026-08-25 02:10:20,FIRE120,FC01,Danielle Niu,40,0,49,2026-08-25 02:15:37
2026-08-25 02:10:20,FIRE298,0101,Catherine Spirito,28,3,0,2026-08-25 02:15:37
2026-08-25 02:10:20,FIRE298,0103,Cherisse Hall,36,10,0,2026-08-25 02:15:37
2026-08-25 02:10:20,FIRE298,0104,Jessica O'Hara,36,5,0,2026-08-25 02:15:37
2026-08-25 02:10:20,FIRE298,0105,Quira Zeidan,36,9,0,2026-08-25 02:15:37
2026-08-25 02:10:20,FIRE298,0106,Danielle Niu,36,17,0,2026-08-25 02:15:37
2026-08-25 02:10:20,FIRE298,0107,Benjamin Huffman,40,3,0,2026-08-25 02:15:37
2026-08-25 02:10:20,FIRE298,0108,Elizabeth Massey,40,14,0,2026-08-25 02:15:37
2026-08-25 02:10:20,FIRE298,0109,Shannon Hilton,40,8,0,2026-08-25 02:15:37
2026-08-25 02:10:20,FIRE298,0110,Jaclyn Bruner,40,18,0,2026-08-25 02:15:37
2026-08-25 02:10:20,FIRE298,0111,Mary Chey,36,8,0,2026-08-25 02:15:37
2026-08-25 02:10:20,FIRE298,0112,Helene Nguemgaing,40,16,0,2026-08-25 02:15:37
2026-08-25 02:10:20,FIRE298,0113,Kristina Kramarczuk,40,12,0,2026-08-25 02:15:37
2026-08-25 02:10:20,FIRE298,0114,Shabnam Jabeen,40,24,0,2026-08-25 02:15:37
2026-08-25 02:10:20,FIRE298,0115,Sara Strey,40,15,0,2026-08-25 02:15:37
2026-08-25 02:10:20,FIRE298,0116,Lena Johnson,40,6,0,2026-08-25 02:15:37
2026-08-25 02:10:20,FIRE398,0101,Catherine Spirito,15,4,0,2026-08-25 02:15:37
2026-08-25 02:10:20,FIRE398,0103,Cherisse Hall,15,4,0,2026-08-25 02:15:37
2026-08-25 02:10:20,FIRE398,0104,Jessica O'Hara,15,3,0,2026-08-25 02:15:37
2026-08-25 02:10:20,FIRE398,0105,Quira Zeidan,15,2,0,2026-08-25 02:15:37
2026-08-25 02:10:20,FIRE398,0106,Danielle Niu,15,11,0,2026-08-25 02:15:37
2026-08-25 02:10:20,FIRE398,0107,Benjamin Huffman,15,3,0,2026-08-25 02:15:37
2026-08-25 02:10:20,FIRE398,0108,Elizabeth Massey,15,5,0,2026-08-25 02:15:37
2026-08-25 02:10:20,FIRE398,0109,Shannon Hilton,15,10,0,2026-08-25 02:15:37
2026-08-25 02:10:20,FIRE398,0110,Jaclyn Bruner,15,8,0,2026-08-25 02:15:37
2026-08-25 02:10:20,FIRE398,0111,Mary Chey,15,5,0,2026-08-25 02:15:37
2026-08-25 02:10:20,FIRE398,0112,Helene Nguemgaing,15,15,0,2026-08-25 02:15:37
2026-08-25 02:10:20,FIRE398,0113,Kristina Kramarczuk,15,6,0,2026-08-25 02:15:37
2026-08-25 02:10:20,FIRE398,0114,Shabnam Jabeen,15,15,0,2026-08-25 02:15:37
2026-08-25 02:10:20,FIRE398,0115,Sara Strey,15,14,0,2026-08-25 02:15:37
2026-08-25 02:10:20,FIRE398,0116,Lena Johnson,15,11,0,2026-08-25 02:15:37
2026-08-25 02:10:20,GBHL200,0101,Hassanatu Blake,27,0,3,2026-08-25 02:15:56
2026-08-25 02:10:20,GBHL200,FC01,Zandra Andre,25,3,0,2026-08-25 02:15:56
2026-08-25 02:10:20,GBHL210,0101,Leena Malayil,22,5,0,2026-08-25 02:15:56
2026-08-25 02:10:20,GBHL399,0101,Hassanatu Blake,3,3,0,2026-08-25 02:15:56
2026-08-25 02:10:20,GBHL399,0111,Dina Borzekowski,5,5,0,2026-08-25 02:15:56
2026-08-25 02:10:20,GEMS101,0101,Allison Lansverk,10,0,0,2026-08-25 02:15:58
2026-08-25 02:10:20,GEMS101,0103,Allison Lansverk,10,3,0,2026-08-25 02:15:58
2026-08-25 02:10:20,GEMS101,0104,Allison Lansverk,10,0,0,2026-08-25 02:15:58
2026-08-25 02:10:20,GEMS101,0105,Allison Lansverk,10,0,0,2026-08-25 02:15:58
2026-08-25 02:10:20,GEMS101,0106,Allison Lansverk,10,0,0,2026-08-25 02:15:58
2026-08-25 02:10:20,GEMS101,0107,Allison Lansverk,10,0,0,2026-08-25 02:15:58
2026-08-25 02:10:20,GEMS101,0109,Allison Lansverk,10,0,0,2026-08-25 02:15:58
2026-08-25 02:10:20,GEMS101,0111,Allison Lansverk,10,0,0,2026-08-25 02:15:58
2026-08-25 02:10:20,GEMS101,0113,Allison Lansverk,10,0,0,2026-08-25 02:15:58
2026-08-25 02:10:20,GEMS101,0114,Allison Lansverk,10,0,0,2026-08-25 02:15:58
2026-08-25 02:10:20,GEMS202,0101,David Lovell,168,52,0,2026-08-25 02:15:58
2026-08-25 02:10:20,GEMS208A,0101,Allison Lansverk,14,14,0,2026-08-25 02:15:58
2026-08-25 02:10:20,GEMS208B,0101,Allison Lansverk,14,14,0,2026-08-25 02:15:58
2026-08-25 02:10:20,GEMS208C,0101,Allison Lansverk,23,14,0,2026-08-25 02:15:58
2026-08-25 02:10:20,GEMS208D,0101,Allison Lansverk,10,10,0,2026-08-25 02:15:58
2026-08-25 02:10:20,GEMS208P,0101,Allison Lansverk,20,10,0,2026-08-25 02:15:59
2026-08-25 02:10:20,GEMS296,0101,Sehrish Shikarpurya,14,4,0,2026-08-25 02:15:59
2026-08-25 02:10:20,GEMS296,0102,Instructor: TBA,14,3,0,2026-08-25 02:15:59
2026-08-25 02:10:20,GEMS296,0103,Myles Poulin,14,1,0,2026-08-25 02:15:59
2026-08-25 02:10:20,GEMS296,0104,Raymond Adomaitis,14,2,0,2026-08-25 02:15:59
2026-08-25 02:10:20,GEMS296,0105,Rodolphe Gentili,14,4,0,2026-08-25 02:15:59
2026-08-25 02:10:20,GEMS296,0106,Jared Grauer,14,6,0,2026-08-25 02:15:59
2026-08-25 02:10:20,GEMS296,0107,Fengfeng Ke,14,6,0,2026-08-25 02:15:59
2026-08-25 02:10:20,GEMS296,0108,Instructor: TBA,14,5,0,2026-08-25 02:15:59
2026-08-25 02:10:20,GEMS296,0109,Huang Chiao Huang,14,2,0,2026-08-25 02:15:59
2026-08-25 02:10:20,GEMS296,0110,Mengqiang Zhu,14,8,0,2026-08-25 02:15:59
2026-08-25 02:10:20,GEMS296,0111,Maria Molina,14,7,0,2026-08-25 02:15:59
2026-08-25 02:10:20,GEMS296,0112,Youssef Kousa,14,5,0,2026-08-25 02:15:59
2026-08-25 02:10:20,GEMS296,0113,Instructor: TBA,5,5,0,2026-08-25 02:15:59
2026-08-25 02:10:20,GEMS296,0114,Instructor: TBA,14,14,0,2026-08-25 02:15:59
2026-08-25 02:10:20,GEMS296,0115,David Lovell,5,4,0,2026-08-25 02:15:59
2026-08-25 02:10:20,GEMS297,0113,Instructor: TBA,5,5,0,2026-08-25 02:15:59
2026-08-25 02:10:20,GEMS396,0101,Michael Humber,14,9,0,2026-08-25 02:15:59
2026-08-25 02:10:20,GEMS396,0102,Seth Dickey,14,6,0,2026-08-25 02:15:59
2026-08-25 02:10:20,GEMS396,0103,Cecilia Huertas Cerdeira,14,11,0,2026-08-25 02:15:59
2026-08-25 02:10:20,GEMS396,0104,Rodolphe Gentili,14,6,0,2026-08-25 02:15:59
2026-08-25 02:10:20,GEMS396,0105,Allison Reilly,14,7,0,2026-08-25 02:15:59
2026-08-25 02:10:20,GEMS396,0106,Peter Sunderland,14,5,0,2026-08-25 02:15:59
2026-08-25 02:10:20,GEMS396,0107,Brett Lacey,14,9,0,2026-08-25 02:15:59
2026-08-25 02:10:20,GEMS396,0108,Natalia Buzulukova,14,6,0,2026-08-25 02:15:59
2026-08-25 02:10:20,GEMS396,0109,Anil Deane,14,5,0,2026-08-25 02:15:59
2026-08-25 02:10:20,GEMS396,0110,Colenso Speer,14,7,0,2026-08-25 02:15:59
2026-08-25 02:10:20,GEMS396,0111,Instructor: TBA,14,14,0,2026-08-25 02:15:59
2026-08-25 02:10:20,GEMS396,0112,Instructor: TBA,14,14,0,2026-08-25 02:15:59
2026-08-25 02:10:20,GEMS396,0113,David Lovell,5,4,0,2026-08-25 02:15:59
2026-08-25 02:10:20,GEMS396,0114,David Lovell,5,5,0,2026-08-25 02:15:59
2026-08-25 02:10:20,GEMS397,0113,David Lovell,5,4,0,2026-08-25 02:15:59
2026-08-25 02:10:20,GEMS496,0101,Eric Haag,14,8,0,2026-08-25 02:15:59
2026-08-25 02:10:20,GEMS496,0102,Mohammad Nayeem Teli,14,11,0,2026-08-25 02:15:59
2026-08-25 02:10:20,GEMS496,0103,Norberto Gonzalez- Juarbe,14,4,0,2026-08-25 02:15:59
2026-08-25 02:10:20,GEMS496,0104,Abhinav Shrivastava,14,8,0,2026-08-25 02:15:59
2026-08-25 02:10:20,GEMS496,0105,Hector Alcala,14,7,0,2026-08-25 02:15:59
2026-08-25 02:10:20,GEMS496,0106,Massimo Ricotti,14,5,0,2026-08-25 02:15:59
2026-08-25 02:10:20,GEMS496,0107,Reza Ghodssi,14,9,0,2026-08-25 02:15:59
2026-08-25 02:10:20,GEMS496,0108,Nikhil Chopra,14,11,0,2026-08-25 02:15:59
2026-08-25 02:10:20,GEMS496,0109,Kimberly Stroka,14,5,0,2026-08-25 02:15:59
2026-08-25 02:10:20,GEMS496,0110,Gorjan Alagic,14,14,0,2026-08-25 02:15:59
2026-08-25 02:10:20,GEMS496,0111,Alisa Clyne,14,8,0,2026-08-25 02:15:59
2026-08-25 02:10:20,GEMS496,0112,Xin Zan,14,10,0,2026-08-25 02:15:59
2026-08-25 02:10:20,GEMS496,0113,Erin Tran,14,14,0,2026-08-25 02:15:59
2026-08-25 02:10:20,GEMS496,0114,David Lovell,5,5,0,2026-08-25 02:15:59
2026-08-25 02:10:20,GEMS497,0107,Instructor: TBA,14,14,0,2026-08-25 02:16:00
2026-08-25 02:10:20,GEMS497,0110,Instructor: TBA,5,5,0,2026-08-25 02:16:00
2026-08-25 02:10:20,GEMS497,0113,David Lovell,5,5,0,2026-08-25 02:16:00
2026-08-25 02:10:20,GFPL100,0101,Joshua Itzkowitz Shifrinson,20,0,1,2026-08-25 02:16:13
2026-08-25 02:10:20,GFPL100,0102,Joshua Itzkowitz Shifrinson,20,0,1,2026-08-25 02:16:13
2026-08-25 02:10:20,GFPL100,0103,Joshua Itzkowitz Shifrinson,20,0,1,2026-08-25 02:16:13
2026-08-25 02:10:20,GFPL100,0104,Joshua Itzkowitz Shifrinson,20,0,2,2026-08-25 02:16:13
2026-08-25 02:10:20,GFPL100,0105,Joshua Itzkowitz Shifrinson,20,0,4,2026-08-25 02:16:13
2026-08-25 02:10:20,GFPL100,0106,Joshua Itzkowitz Shifrinson,25,0,1,2026-08-25 02:16:13
2026-08-25 02:10:20,GFPL100,FC01,Devin Entrikin,30,0,0,2026-08-25 02:16:13
2026-08-25 02:10:20,GFPL102,0101,Caroline Ritter,95,31,0,2026-08-25 02:16:13
2026-08-25 02:10:20,GFPL371,0101,Joshua Itzkowitz Shifrinson,35,0,1,2026-08-25 02:16:14
2026-08-25 02:10:20,GFPL388A,0101,Shannon Carcelli,5,5,0,2026-08-25 02:16:14
2026-08-25 02:10:20,GFPL388B,0101,Hyunki Kim,5,5,0,2026-08-25 02:16:14
2026-08-25 02:10:20,GFPL388C,0101,Scott Kastner,5,0,0,2026-08-25 02:16:14
2026-08-25 02:10:20,GFPL390,0101,Lena Andrews,20,0,12,2026-08-25 02:16:14
2026-08-25 02:10:20,GFPL490,0101,Michael Woldemariam,15,0,0,2026-08-25 02:16:14
2026-08-25 02:10:20,GFPL492,0101,Steve Fetter,20,2,0,2026-08-25 02:16:15
2026-08-25 02:10:20,GLBC200,0101,Chris Lewis,30,0,5,2026-08-25 02:16:16
2026-08-25 02:10:20,GLBC350,0101,Michele Mason,30,25,0,2026-08-25 02:16:16
2026-08-25 02:10:20,HACS100,0101,Cassie Harrington,40,0,0,2026-08-25 02:16:25
2026-08-25 02:10:20,HACS100,0201,Cassie Harrington,40,16,0,2026-08-25 02:16:25
2026-08-25 02:10:20,HACS200,0101,Michel Cukier,34,9,0,2026-08-25 02:16:25
2026-08-25 02:10:20,HACS200,0201,Michel Cukier,34,1,0,2026-08-25 02:16:25
2026-08-25 02:10:20,HACS202,0101,Bertrand Sobesto,52,18,0,2026-08-25 02:16:25
2026-08-25 02:10:20,HACS208A,0101,Lawrence Gordon,20,0,5,2026-08-25 02:16:26
2026-08-25 02:10:20,HACS208C,0101,Lamia Zia,26,10,0,2026-08-25 02:16:26
2026-08-25 02:10:20,HACS208P,0101,Charles Harry,26,0,2,2026-08-25 02:16:26
2026-08-25 02:10:20,HACS297,0101,Sarah Herberger,25,8,0,2026-08-25 02:16:26
2026-08-25 02:10:20,HACS408E,0101,Luke Mains,30,11,0,2026-08-25 02:16:26
2026-08-25 02:10:20,HACS408L,0101,Ian Serbin,30,1,0,2026-08-25 02:16:27
2026-08-25 02:10:20,HACS408M,0101,John McGahagan,30,0,2,2026-08-25 02:16:27
2026-08-25 02:10:20,HACS498,0101,Thomas Woods,7,1,0,2026-08-25 02:16:27
2026-08-25 02:10:20,HACS498,0201,David Trott,9,0,0,2026-08-25 02:16:27
2026-08-25 02:10:20,HACS498,0301,Michel Cukier,8,0,0,2026-08-25 02:16:27
2026-08-25 02:10:20,HBUS100,0101,Jui Ramaprasad,72,4,0,2026-08-25 02:16:28
2026-08-25 02:10:20,HBUS200,0101,Nicole Coomber,60,3,0,2026-08-25 02:16:28
2026-08-25 02:10:20,HDCC105,0101,Antwon Key,70,8,0,2026-08-25 02:16:30
2026-08-25 02:10:20,HDCC201,0101,Jessica Lu,22,0,0,2026-08-25 02:16:30
2026-08-25 02:10:20,HDCC201,0201,Jessica Lu,22,0,0,2026-08-25 02:16:30
2026-08-25 02:10:20,HDCC201,0301,Jessica Lu,22,5,0,2026-08-25 02:16:30
2026-08-25 02:10:20,HDCC208A,0101,William Evans,14,0,0,2026-08-25 02:16:30
2026-08-25 02:10:20,HDCC208J,0101,Grant Bollmer,14,0,0,2026-08-25 02:16:30
2026-08-25 02:10:20,HDCC208P,0101,Cliff Bakalian,14,0,0,2026-08-25 02:16:30
2026-08-25 02:10:20,HDCC208T,0101,Jonathan Reyes,14,0,0,2026-08-25 02:16:31
2026-08-25 02:10:20,HDCC208Z,0101,M Sauter,14,6,0,2026-08-25 02:16:31
2026-08-25 02:10:20,HDCC379,0101,Antwon Key,5,4,0,2026-08-25 02:16:31
2026-08-25 02:10:20,HEBR106,0101,Avital Karpman,15,1,0,2026-08-25 02:16:32
2026-08-25 02:10:20,HEBR106,0201,Avital Karpman,15,10,0,2026-08-25 02:16:32
2026-08-25 02:10:20,HEBR206,0101,Avital Karpman,15,6,0,2026-08-25 02:16:32
2026-08-25 02:10:20,HEBR249C,0101,Aliza Sandalon,15,0,0,2026-08-25 02:16:32
2026-08-25 02:10:20,HEBR298B,0101,Matthew Suriano,25,0,0,2026-08-25 02:16:33
2026-08-25 02:10:20,HEBR313,0101,Aliza Sandalon,20,0,5,2026-08-25 02:16:33
2026-08-25 02:10:20,HGLO100,0101,Alfredo Oliveira,22,8,0,2026-08-25 02:16:42
2026-08-25 02:10:20,HGLO100,0102,Natalie Vinski Ibrahim,22,8,0,2026-08-25 02:16:42
2026-08-25 02:10:20,HGLO100,0103,Natalie Vinski Ibrahim,22,1,0,2026-08-25 02:16:42
2026-08-25 02:10:20,HGLO100,0104,Alfredo Oliveira,22,12,0,2026-08-25 02:16:42
2026-08-25 02:10:20,HGLO101,0101,Sarah Croco,23,0,0,2026-08-25 02:16:42
2026-08-25 02:10:20,HGLO101,0102,Sarah Croco,22,9,0,2026-08-25 02:16:42
2026-08-25 02:10:20,HGLO101,0103,Sarah Croco,22,10,0,2026-08-25 02:16:42
2026-08-25 02:10:20,HGLO101,0104,Sarah Croco,22,13,0,2026-08-25 02:16:42
2026-08-25 02:10:20,HGLO207,0101,Natalie Vinski Ibrahim,25,16,0,2026-08-25 02:16:42
2026-08-25 02:10:20,HGLO208,0101,Sarah Croco,45,21,0,2026-08-25 02:16:42
2026-08-25 02:10:20,HGLO298,0101,Jordan Gouws-Dewar,30,29,0,2026-08-25 02:16:43
2026-08-25 02:10:20,HLSC100,0101,Jalah Townsend,24,0,0,2026-08-25 02:17:04
2026-08-25 02:10:20,HLSC100,0102,Jalah Townsend,24,0,0,2026-08-25 02:17:04
2026-08-25 02:10:20,HLSC100,0103,Jalah Townsend,24,1,0,2026-08-25 02:17:04
2026-08-25 02:10:20,HLSC100,0104,Jalah Townsend,24,15,0,2026-08-25 02:17:04
2026-08-25 02:10:20,HLSC280,0101,Najib El-Sayed,25,3,0,2026-08-25 02:17:04
2026-08-25 02:10:20,HLSC280,0102,Najib El-Sayed,25,5,0,2026-08-25 02:17:04
2026-08-25 02:10:20,HLSC280,0103,Najib El-Sayed,25,5,0,2026-08-25 02:17:04
2026-08-25 02:10:20,HLSC280,0104,Najib El-Sayed,25,8,0,2026-08-25 02:17:04
2026-08-25 02:10:20,HLSC329,0101,Sabrina Kramer,12,5,0,2026-08-25 02:17:04
2026-08-25 02:10:20,HNUH100,0101,Robert Graham,20,1,0,2026-08-25 02:17:12
2026-08-25 02:10:20,HNUH100,0102,Robert Graham,20,0,0,2026-08-25 02:17:12
2026-08-25 02:10:20,HNUH100,0103,Brittany Proudfoot Ginder,20,0,0,2026-08-25 02:17:12
2026-08-25 02:10:20,HNUH100,0104,Max Barnewitz,20,0,0,2026-08-25 02:17:12
2026-08-25 02:10:20,HNUH100,0105,Vasfiye Toprak,20,0,0,2026-08-25 02:17:12
2026-08-25 02:10:20,HNUH100,0106,Vasfiye Toprak,20,1,0,2026-08-25 02:17:12
2026-08-25 02:10:20,HNUH100,0201,Max Barnewitz,20,0,0,2026-08-25 02:17:12
2026-08-25 02:10:20,HNUH100,0202,Max Barnewitz,20,0,0,2026-08-25 02:17:12
2026-08-25 02:10:20,HNUH100,0203,Vasfiye Toprak,20,1,0,2026-08-25 02:17:12
2026-08-25 02:10:20,HNUH100,0204,Vasfiye Toprak,20,0,0,2026-08-25 02:17:12
2026-08-25 02:10:20,HNUH100,0205,Max Barnewitz,20,3,0,2026-08-25 02:17:12
2026-08-25 02:10:20,HNUH100,0206,Max Barnewitz,20,0,0,2026-08-25 02:17:12
2026-08-25 02:10:20,HNUH100,0301,Robert Graham,20,0,0,2026-08-25 02:17:12
2026-08-25 02:10:20,HNUH100,0302,Shauna Rigaud,20,8,0,2026-08-25 02:17:12
2026-08-25 02:10:20,HNUH100,0303,Shauna Rigaud,20,0,0,2026-08-25 02:17:12
2026-08-25 02:10:20,HNUH100,0304,Max Barnewitz,20,4,0,2026-08-25 02:17:12
2026-08-25 02:10:20,HNUH100,0305,Vasfiye Toprak,20,0,0,2026-08-25 02:17:12
2026-08-25 02:10:20,HNUH100,0306,Vasfiye Toprak,20,4,0,2026-08-25 02:17:12
2026-08-25 02:10:20,HNUH100,0401,Gretchen Bella,20,0,0,2026-08-25 02:17:12
2026-08-25 02:10:20,HNUH100,0402,Gretchen Bella,20,7,0,2026-08-25 02:17:12
2026-08-25 02:10:20,HNUH100,0403,Max Barnewitz,20,1,0,2026-08-25 02:17:12
2026-08-25 02:10:20,HNUH100,0404,Max Barnewitz,20,7,0,2026-08-25 02:17:12
2026-08-25 02:10:20,HNUH100,0405,Max Barnewitz,20,2,0,2026-08-25 02:17:12
2026-08-25 02:10:20,HNUH100,0406,Max Barnewitz,20,4,0,2026-08-25 02:17:12
2026-08-25 02:10:20,HNUH100,0501,Leigha McReynolds,10,4,0,2026-08-25 02:17:12
2026-08-25 02:10:20,HNUH100,0601,Brittany Proudfoot Ginder,20,1,0,2026-08-25 02:17:12
2026-08-25 02:10:20,HNUH218D,0101,Brian Gilmore,48,0,3,2026-08-25 02:17:12
2026-08-25 02:10:20,HNUH218L,0101,Shauna Rigaud,20,4,2,2026-08-25 02:17:13
2026-08-25 02:10:20,HNUH218L,0201,Shauna Rigaud,20,1,2,2026-08-25 02:17:13
2026-08-25 02:10:20,HNUH228D,0101,Matthew McLaughlin,60,0,9,2026-08-25 02:17:13
2026-08-25 02:10:20,HNUH228L,0101,Alena Wigodner,20,0,2,2026-08-25 02:17:13
2026-08-25 02:10:20,HNUH228L,0201,Alena Wigodner,20,0,1,2026-08-25 02:17:13
2026-08-25 02:10:20,HNUH228N,0101,Peter Grybauskas,20,0,2,2026-08-25 02:17:13
2026-08-25 02:10:20,HNUH229I,0101,Gretchen Bella,20,0,0,2026-08-25 02:17:13
2026-08-25 02:10:20,HNUH238D,0101,Susan Moeller,60,3,7,2026-08-25 02:17:13
2026-08-25 02:10:20,HNUH238L,0101,Kimberly Johnson,20,4,0,2026-08-25 02:17:14
2026-08-25 02:10:20,HNUH238L,0201,Kimberly Johnson,20,0,1,2026-08-25 02:17:14
2026-08-25 02:10:20,HNUH238N,0101,Hannah Wegmann,20,10,0,2026-08-25 02:17:14
2026-08-25 02:10:20,HNUH239T,0101,Gerald Suarez,20,0,3,2026-08-25 02:17:14
2026-08-25 02:10:20,HNUH248D,0101,Juan Uriagereka,45,0,5,2026-08-25 02:17:14
2026-08-25 02:10:20,HNUH248L,0201,Robert Graham,20,11,0,2026-08-25 02:17:14
2026-08-25 02:10:20,HNUH248M,0101,Hassanatu Blake,20,11,0,2026-08-25 02:17:15
2026-08-25 02:10:20,HNUH248N,0101,Siv Lie,20,0,7,2026-08-25 02:17:15
2026-08-25 02:10:20,HNUH249P,0101,Temim Nusraty,20,0,0,2026-08-25 02:17:15
2026-08-25 02:10:20,HNUH258C,0101,Bill Fagan,55,27,0,2026-08-25 02:17:15
2026-08-25 02:10:20,HNUH258Q,0101,Tiara Thomas,20,1,1,2026-08-25 02:17:15
2026-08-25 02:10:20,HNUH259P,0101,Hooman Koliji,20,3,2,2026-08-25 02:17:15
2026-08-25 02:10:20,HNUH268C,0101,Perla Guerrero,60,34,5,2026-08-25 02:17:15
2026-08-25 02:10:20,HNUH269P,0101,Marisa Franco,20,0,10,2026-08-25 02:17:16
2026-08-25 02:10:20,HNUH278C,0101,Chinyere Osuji,60,37,0,2026-08-25 02:17:16
2026-08-25 02:10:20,HNUH278I,0101,Marisa Franco,20,7,0,2026-08-25 02:17:16
2026-08-25 02:10:20,HNUH278I,0102,Marisa Franco,20,2,0,2026-08-25 02:17:16
2026-08-25 02:10:20,HNUH278R,0101,Max Barnewitz,20,4,7,2026-08-25 02:17:16
2026-08-25 02:10:20,HNUH288C,0101,Julia Steinberg,30,2,2,2026-08-25 02:17:16
2026-08-25 02:10:20,HNUH288C,0103,Julia Steinberg,30,11,1,2026-08-25 02:17:16
2026-08-25 02:10:20,HNUH288O,0101,Ariana Nash,20,0,3,2026-08-25 02:17:16
2026-08-25 02:10:20,HNUH300,0301,Vasfiye Toprak,20,0,0,2026-08-25 02:17:17
2026-08-25 02:10:20,HNUH300,0401,Robert Graham,20,0,0,2026-08-25 02:17:17
2026-08-25 02:10:20,HNUH300,0601,Alena Wigodner,20,0,0,2026-08-25 02:17:17
2026-08-25 02:10:20,HNUH300,0701,Ingrid Satelmajer,20,13,0,2026-08-25 02:17:17
2026-08-25 02:10:20,HNUH300,0801,Shauna Rigaud,20,0,0,2026-08-25 02:17:17
2026-08-25 02:10:20,HNUH300,0901,Kimberly Johnson,20,3,0,2026-08-25 02:17:17
2026-08-25 02:10:20,HNUH300,1001,Ingrid Satelmajer,20,12,0,2026-08-25 02:17:17
2026-08-25 02:10:20,HNUH318T,0101,Peter Owen,24,0,0,2026-08-25 02:17:17
2026-08-25 02:10:20,HNUH319T,0101,Emily Shetty,22,0,0,2026-08-25 02:17:17
2026-08-25 02:10:20,HNUH328T,0101,Woodie Kessel,24,2,0,2026-08-25 02:17:17
2026-08-25 02:10:20,HNUH329T,0101,Rob Long,20,1,0,2026-08-25 02:17:17
2026-08-25 02:10:20,HNUH338T,0101,Andrew Fausett,22,1,0,2026-08-25 02:17:17
2026-08-25 02:10:20,HNUH348T,0101,Ed Fendley,22,1,0,2026-08-25 02:17:18
2026-08-25 02:10:20,HNUH358T,0101,Sean Misko,22,1,0,2026-08-25 02:17:18
2026-08-25 02:10:20,HNUH359T,0101,Amanda Schoch,20,0,0,2026-08-25 02:17:18
2026-08-25 02:10:20,HNUH368T,0101,Nadia Farra,20,1,0,2026-08-25 02:17:18
2026-08-25 02:10:20,HNUH369T,0101,Andrew Nissen,20,0,0,2026-08-25 02:17:18
2026-08-25 02:10:20,HNUH378T,0101,Joshua Glasser,20,1,0,2026-08-25 02:17:18
2026-08-25 02:10:20,HNUH398P,0101,Jayakumar Arasan,25,24,0,2026-08-25 02:17:18
2026-08-25 02:10:20,HNUH398P,0201,Jayakumar Arasan,5,2,0,2026-08-25 02:17:18
2026-08-25 02:10:20,HNUH398T,0101,Sasha Koo-Oshima,20,2,0,2026-08-25 02:17:19
2026-08-25 02:10:20,HONR368A,0101,Blake Wilder,22,0,0,2026-08-25 02:17:20
2026-08-25 02:10:20,IMDM101,0101,Mollye Bendell,30,17,0,2026-08-25 02:17:23
2026-08-25 02:10:20,IMDM101,0201,Myungin Lee,30,20,0,2026-08-25 02:17:23
2026-08-25 02:10:20,IMDM101,0301,Myungin Lee,30,23,0,2026-08-25 02:17:23
2026-08-25 02:10:20,IMDM127,0101,Roger Eastman,36,17,0,2026-08-25 02:17:24
2026-08-25 02:10:20,IMDM150,0101,Stefano Passeri,30,22,0,2026-08-25 02:17:24
2026-08-25 02:10:20,IMDM227,0101,Stevens Miller,30,8,0,2026-08-25 02:17:24
2026-08-25 02:10:20,IMDM227,0201,Stevens Miller,30,19,0,2026-08-25 02:17:24
2026-08-25 02:10:20,IMDM327,0101,Myungin Lee,25,2,0,2026-08-25 02:17:24
2026-08-25 02:10:20,IMDM350,0101,Jason Farman,29,13,0,2026-08-25 02:17:24
2026-08-25 02:10:20,IMDM490,0101,Matthew Nolan,30,0,0,2026-08-25 02:17:24
2026-08-25 02:10:20,IMDM490,0201,Matthew Nolan,30,18,0,2026-08-25 02:17:24
2026-08-25 02:10:20,IMDM498K,0101,Matthew Nolan,15,0,0,2026-08-25 02:17:25
2026-08-25 02:10:20,IMMR319D,0101,Beka Guluma,20,14,0,2026-08-25 02:17:26
2026-08-25 02:10:20,IMMR394,0101,Wenxi Yang,25,0,6,2026-08-25 02:17:26
2026-08-25 02:10:20,IMMR399,0101,Instructor: TBA,2,2,0,2026-08-25 02:17:26
2026-08-25 02:10:20,IMMR400,0101,Gerson Rosales,20,6,0,2026-08-25 02:17:27
2026-08-25 02:10:20,ISRL249J,0101,Aner Tal,30,24,0,2026-08-25 02:17:35
2026-08-25 02:10:20,ISRL249M,0101,Aliza Sandalon,15,0,0,2026-08-25 02:17:35
2026-08-25 02:10:20,ISRL283,0101,Shay Hazkani,35,0,1,2026-08-25 02:17:35
2026-08-25 02:10:20,ISRL349G,0101,Marwa Maziad,30,0,1,2026-08-25 02:17:35
2026-08-25 02:10:20,ISRL349K,0101,Regev Ben-David,30,28,0,2026-08-25 02:17:36
2026-08-25 02:10:20,ISRL349T,0101,Elli Lieberman,35,18,0,2026-08-25 02:17:36
2026-08-25 02:10:20,ISRL349Y,0101,Adina Friedman,35,26,0,2026-08-25 02:17:36
2026-08-25 02:10:20,ISRL382,0101,Ilai Saltzman,35,1,0,2026-08-25 02:17:36
2026-08-25 02:10:20,ISRL448R,0101,Morad Elsana,25,9,0,2026-08-25 02:17:36
2026-08-25 02:10:20,ITAL103,0101,Antonella D'Amario,18,12,0,2026-08-25 02:17:38
2026-08-25 02:10:20,ITAL103,0201,Antonella D'Amario,18,8,0,2026-08-25 02:17:38
2026-08-25 02:10:20,ITAL103,0301,Joseph Falvo,18,8,0,2026-08-25 02:17:38
2026-08-25 02:10:20,ITAL203,0101,Antonella D'Amario,18,11,0,2026-08-25 02:17:38
2026-08-25 02:10:20,ITAL203,0201,Antonella D'Amario,18,13,0,2026-08-25 02:17:38
2026-08-25 02:10:20,ITAL204,0101,Federica Soddu,18,15,0,2026-08-25 02:17:38
2026-08-25 02:10:20,ITAL207,0101,Mirella Vaglio,18,16,0,2026-08-25 02:17:38
2026-08-25 02:10:20,ITAL301,0101,Federica Soddu,20,11,0,2026-08-25 02:17:38
2026-08-25 02:10:20,ITAL362,0101,Federica Soddu,20,9,0,2026-08-25 02:17:38
2026-08-25 02:10:20,ITAL401,0101,Mirella Vaglio,15,12,0,2026-08-25 02:17:39
2026-08-25 02:10:20,ITAL421,0101,Joseph Falvo,25,15,0,2026-08-25 02:17:39
2026-08-25 02:10:20,ITAL478R,0101,Joseph Falvo,5,3,0,2026-08-25 02:17:39
2026-08-25 02:10:20,JAPN101,0101,Kumiko Akikawa,15,5,5,2026-08-25 02:17:41
2026-08-25 02:10:20,JAPN101,0201,Kumiko Akikawa,15,6,4,2026-08-25 02:17:41
2026-08-25 02:10:20,JAPN101,0301,Kumiko Akikawa,15,5,1,2026-08-25 02:17:41
2026-08-25 02:10:20,JAPN201,0101,Makiko Inoue,15,6,0,2026-08-25 02:17:41
2026-08-25 02:10:20,JAPN201,0201,Makiko Inoue,15,5,0,2026-08-25 02:17:41
2026-08-25 02:10:20,JAPN301,0101,Mari Hamada,15,9,0,2026-08-25 02:17:41
2026-08-25 02:10:20,JAPN311,0101,Jyana Browne,15,11,0,2026-08-25 02:17:41
2026-08-25 02:10:20,JAPN315,0101,Michele Mason,20,0,1,2026-08-25 02:17:41
2026-08-25 02:10:20,JAPN320,0101,Lindsay Yotsukura,15,9,0,2026-08-25 02:17:41
2026-08-25 02:10:20,JAPN498B,0101,Jyana Browne,20,3,0,2026-08-25 02:17:42
2026-08-25 02:10:20,KORA101,0101,Saerom Kwak,15,3,0,2026-08-25 02:18:15
2026-08-25 02:10:20,KORA101,0201,Saerom Kwak,15,1,0,2026-08-25 02:18:15
2026-08-25 02:10:20,KORA101,0301,Saerom Kwak,15,9,0,2026-08-25 02:18:15
2026-08-25 02:10:20,KORA101,0401,Saerom Kwak,15,8,0,2026-08-25 02:18:15
2026-08-25 02:10:20,KORA201,0101,Seong Minne Koh,15,4,0,2026-08-25 02:18:15
2026-08-25 02:10:20,KORA201,0201,Seong Minne Koh,15,5,0,2026-08-25 02:18:16
2026-08-25 02:10:20,KORA201,0301,Seong Minne Koh,15,9,0,2026-08-25 02:18:16
2026-08-25 02:10:20,KORA398G,0101,Instructor: TBA,10,7,0,2026-08-25 02:18:16
2026-08-25 02:10:20,KORA398W,0101,Seong Minne Koh,10,2,0,2026-08-25 02:18:16
2026-08-25 02:10:20,LEAD217,0101,Festus Ainoo,25,0,0,2026-08-25 02:18:28
2026-08-25 02:10:20,LEAD217,0201,Adrian Bitton,25,0,3,2026-08-25 02:18:28
2026-08-25 02:10:20,LEAD217,FC01,Festus Ainoo,20,0,1,2026-08-25 02:18:28
2026-08-25 02:10:20,LEAD305,0101,Anastasia Lavrenyuk,20,0,0,2026-08-25 02:18:29
2026-08-25 02:10:20,LEAD315,0101,Anastasia Lavrenyuk,22,9,0,2026-08-25 02:18:29
2026-08-25 02:10:20,LEAD320,0101,Courtney Holder,10,9,0,2026-08-25 02:18:29
2026-08-25 02:10:20,LGBT200,0201,Basanth Babu,25,0,2,2026-08-25 02:18:30
2026-08-25 02:10:20,LGBT265,0101,Tyra Griffin,30,2,6,2026-08-25 02:18:30
2026-08-25 02:10:20,LGBT265,0201,Declan Langton,30,4,6,2026-08-25 02:18:30
2026-08-25 02:10:20,LGBT359J,0101,Chris Eng,25,14,0,2026-08-25 02:18:30
2026-08-25 02:10:20,MLAW100,0101,Christine White,83,15,0,2026-08-25 02:18:58
2026-08-25 02:10:20,MLAW304,0201,Christine White,65,18,0,2026-08-25 02:18:58
2026-08-25 02:10:20,MLAW305,0101,Brian Gilmore,40,0,0,2026-08-25 02:18:58
2026-08-25 02:10:20,MLAW315,0101,Grace Benton,13,2,0,2026-08-25 02:18:58
2026-08-25 02:10:20,MLAW358Q,0101,David Cunningham,5,5,0,2026-08-25 02:18:58
2026-08-25 02:10:20,MLAW358T,0101,Christine White,25,3,0,2026-08-25 02:18:59
2026-08-25 02:10:20,MLAW358X,0101,Martin Kobren,5,0,2,2026-08-25 02:18:59
2026-08-25 02:10:20,MLAW359,0101,Brandee Pettus,10,6,0,2026-08-25 02:18:59
2026-08-25 02:10:20,MLAW378E,0101,Brandee Pettus,5,5,0,2026-08-25 02:18:59
2026-08-25 02:10:20,MLAW378K,0101,Brian Gilmore,20,0,2,2026-08-25 02:18:59
2026-08-25 02:10:20,MLAW378Q,0101,Paul Huth,5,3,0,2026-08-25 02:19:00
2026-08-25 02:10:20,MLAW378R,0101,Nancy Schertzing,13,0,1,2026-08-25 02:19:00
2026-08-25 02:10:20,MLAW388,0101,Brandee Pettus,40,23,0,2026-08-25 02:19:00
2026-08-25 02:10:20,MLSC250,FC01,William Simpson,20,0,3,2026-08-25 02:19:01
2026-08-25 02:10:20,NEUR200,0101,Ana Navarro Cebrian,75,0,10,2026-08-25 02:19:16
2026-08-25 02:10:20,NEUR200,0201,Ana Navarro Cebrian,75,0,11,2026-08-25 02:19:16
2026-08-25 02:10:20,NEUR200,0301,Evan Hart,75,0,8,2026-08-25 02:19:16
2026-08-25 02:10:20,NEUR305,0101,Amanda Chicoli,100,12,0,2026-08-25 02:19:16
2026-08-25 02:10:20,NEUR306,0101,Chan Lin,200,0,0,2026-08-25 02:19:16
2026-08-25 02:10:20,NEUR398H,0101,Nikolas Francis,20,20,0,2026-08-25 02:19:17
2026-08-25 02:10:20,NEUR405,0101,Hilary Bierman,20,0,0,2026-08-25 02:19:17
2026-08-25 02:10:20,NEUR405,0102,Hilary Bierman,20,0,0,2026-08-25 02:19:17
2026-08-25 02:10:20,NEUR405,0103,Hilary Bierman,20,0,0,2026-08-25 02:19:17
2026-08-25 02:10:20,PEER312,0101,Aleia Gardner,15,8,0,2026-08-25 02:19:26
2026-08-25 02:10:20,PEER318,0101,Christina Jay,15,11,0,2026-08-25 02:19:27
2026-08-25 02:10:20,PEER319,0101,Grace Boudreau,15,7,0,2026-08-25 02:19:27
2026-08-25 02:10:20,PHPE308D,0101,Xinzhi Zhao,30,5,0,2026-08-25 02:19:36
2026-08-25 02:10:20,PHPE308F,0101,Regev Ben-David,30,28,0,2026-08-25 02:19:36
2026-08-25 02:10:20,PHPE308O,0101,Jackson Iszler,30,1,0,2026-08-25 02:19:36
2026-08-25 02:10:20,PHPE308Y,0101,Rachel Singpurwalla,20,0,3,2026-08-25 02:19:36
2026-08-25 02:10:20,PHPE308Y,0102,Rachel Singpurwalla,20,0,6,2026-08-25 02:19:36
2026-08-25 02:10:20,PHPE308Y,0103,Rachel Singpurwalla,20,0,6,2026-08-25 02:19:36
2026-08-25 02:10:20,PHPE400,0101,Justin Helms,18,1,0,2026-08-25 02:19:37
2026-08-25 02:10:20,PHPE400,0102,Justin Helms,18,0,0,2026-08-25 02:19:37
2026-08-25 02:10:20,PHPE400,0103,Justin Helms,20,3,0,2026-08-25 02:19:37
2026-08-25 02:10:20,PHPE401,0101,Xinzhi Zhao,25,0,13,2026-08-25 02:19:37
2026-08-25 02:10:20,PHPE402,0101,Dan Moller,30,0,2,2026-08-25 02:19:37
2026-08-25 02:10:20,PHPE408J,0101,Lixing Miao,25,0,0,2026-08-25 02:19:37
2026-08-25 02:10:20,PHPE408R,0101,Xinzhi Zhao,25,12,0,2026-08-25 02:19:37
2026-08-25 02:10:20,PHSC388J,0101,Kendall Bustad,20,6,0,2026-08-25 02:19:39
2026-08-25 02:10:20,PHSC389,0101,Shannon Edward,30,21,0,2026-08-25 02:19:39
2026-08-25 02:10:20,PHSC399,0101,Shannon Edward,30,20,0,2026-08-25 02:19:39
2026-08-25 02:10:20,PHSC415,0101,Jessica O'Hara,31,0,1,2026-08-25 02:19:39
2026-08-25 02:10:20,PHSC415,0102,Jessica O'Hara,31,0,0,2026-08-25 02:19:39
2026-08-25 02:10:20,PHSC415,0103,Jessica O'Hara,31,0,0,2026-08-25 02:19:39
2026-08-25 02:10:20,PHSC415,0104,Jessica O'Hara,31,0,0,2026-08-25 02:19:39
2026-08-25 02:10:20,PHSC415,0105,Jessica O'Hara,31,6,0,2026-08-25 02:19:39
2026-08-25 02:10:20,PHSC420,0101,Jennifer German,35,7,0,2026-08-25 02:19:39
2026-08-25 02:10:20,PHSC450,0101,Kendall Bustad,19,0,5,2026-08-25 02:19:40
2026-08-25 02:10:20,PHSC450,0102,Kendall Bustad,19,0,7,2026-08-25 02:19:40
2026-08-25 02:10:20,PHSC450,0103,Kendall Bustad,19,0,5,2026-08-25 02:19:40
2026-08-25 02:10:20,PHSC450,0104,Kendall Bustad,19,0,7,2026-08-25 02:19:40
2026-08-25 02:10:20,PHSC450,0105,Kendall Bustad,19,0,7,2026-08-25 02:19:40
2026-08-25 02:10:20,PHSC450,0106,Kendall Bustad,19,0,5,2026-08-25 02:19:40
2026-08-25 02:10:20,PHSC450,0107,Kendall Bustad,19,0,3,2026-08-25 02:19:40
2026-08-25 02:10:20,PHSC450,0108,Kendall Bustad,19,0,4,2026-08-25 02:19:40
2026-08-25 02:10:20,PHSC497,0101,Kendall Bustad,20,2,0,2026-08-25 02:19:40
2026-08-25 02:10:20,PHSC497,0301,Shannon Edward,20,3,0,2026-08-25 02:19:40
2026-08-25 02:10:20,PHSC497,0601,Jennifer German,20,0,0,2026-08-25 02:19:40
2026-08-25 02:10:20,PLCY100,0101,Toby Egan,25,0,7,2026-08-25 02:19:53
2026-08-25 02:10:20,PLCY100,0102,Toby Egan,25,0,8,2026-08-25 02:19:53
2026-08-25 02:10:20,PLCY100,0103,Toby Egan,25,1,7,2026-08-25 02:19:53
2026-08-25 02:10:20,PLCY100,0104,Toby Egan,25,2,5,2026-08-25 02:19:53
2026-08-25 02:10:20,PLCY100,0201,Namrta Sharma,25,14,2,2026-08-25 02:19:53
2026-08-25 02:10:20,PLCY100,0202,Namrta Sharma,25,14,1,2026-08-25 02:19:53
2026-08-25 02:10:20,PLCY100,0203,Namrta Sharma,25,3,2,2026-08-25 02:19:53
2026-08-25 02:10:20,PLCY100,0204,Namrta Sharma,25,14,1,2026-08-25 02:19:53
2026-08-25 02:10:20,PLCY101,0101,Robert Sprinkle,75,0,3,2026-08-25 02:19:53
2026-08-25 02:10:20,PLCY170,0101,Joshua Itzkowitz Shifrinson,20,0,1,2026-08-25 02:19:53
2026-08-25 02:10:20,PLCY170,0102,Joshua Itzkowitz Shifrinson,20,0,1,2026-08-25 02:19:53
2026-08-25 02:10:20,PLCY170,0103,Joshua Itzkowitz Shifrinson,20,0,1,2026-08-25 02:19:53
2026-08-25 02:10:20,PLCY170,0104,Joshua Itzkowitz Shifrinson,20,0,2,2026-08-25 02:19:53
2026-08-25 02:10:20,PLCY170,0105,Joshua Itzkowitz Shifrinson,20,0,4,2026-08-25 02:19:53
2026-08-25 02:10:20,PLCY170,0106,Joshua Itzkowitz Shifrinson,25,0,1,2026-08-25 02:19:53
2026-08-25 02:10:20,PLCY172,0101,Caroline Ritter,95,31,0,2026-08-25 02:19:53
2026-08-25 02:10:20,PLCY200,0101,Shanna Pearson-Merkowitz,35,0,5,2026-08-25 02:19:54
2026-08-25 02:10:20,PLCY200,0201,Shanna Pearson-Merkowitz,35,0,4,2026-08-25 02:19:54
2026-08-25 02:10:20,PLCY200,0301,Namrta Sharma,35,0,7,2026-08-25 02:19:54
2026-08-25 02:10:20,PLCY201,0101,Julio Guzman,70,0,7,2026-08-25 02:19:54
2026-08-25 02:10:20,PLCY201,0201,Gregory Ramsay,60,0,4,2026-08-25 02:19:54
2026-08-25 02:10:20,PLCY201,FC01,Anne Kaiser,30,0,3,2026-08-25 02:19:54
2026-08-25 02:10:20,PLCY201,FC02,Anne Kaiser,30,0,1,2026-08-25 02:19:54
2026-08-25 02:10:20,PLCY201S,0101,Susannah Washburn,80,7,0,2026-08-25 02:19:54
2026-08-25 02:10:20,PLCY203,0101,Thomas Hilde,60,4,0,2026-08-25 02:19:54
2026-08-25 02:10:20,PLCY203,0201,Anne Kaiser,60,42,0,2026-08-25 02:19:54
2026-08-25 02:10:20,PLCY213,0201,Claire Dunning,40,0,0,2026-08-25 02:19:54
2026-08-25 02:10:20,PLCY214,0101,Patricia Bory,65,22,0,2026-08-25 02:19:54
2026-08-25 02:10:20,PLCY240,0101,Timothy Reedy,30,0,8,2026-08-25 02:19:55
2026-08-25 02:10:20,PLCY288K,0101,CHRISTIAN OSTERMANN,25,2,0,2026-08-25 02:19:55
2026-08-25 02:10:20,PLCY300,0101,Alana Hackshaw,45,0,10,2026-08-25 02:19:55
2026-08-25 02:10:20,PLCY300,0201,Namrta Sharma,45,28,0,2026-08-25 02:19:55
2026-08-25 02:10:20,PLCY301,0101,Caroline Boules,165,18,0,2026-08-25 02:19:55
2026-08-25 02:10:20,PLCY302,0101,Niambi Carter,40,0,0,2026-08-25 02:19:55
2026-08-25 02:10:20,PLCY302,0201,Ebonie Johnson Cooper,40,0,0,2026-08-25 02:19:55
2026-08-25 02:10:20,PLCY302,0301,Lindsay Dieudonne,40,0,3,2026-08-25 02:19:55
2026-08-25 02:10:20,PLCY303,0101,Juan Martinez Guzman,40,4,0,2026-08-25 02:19:55
2026-08-25 02:10:20,PLCY304,0101,Michael Busse,40,11,0,2026-08-25 02:19:56
2026-08-25 02:10:20,PLCY304,0201,Michael Busse,40,13,0,2026-08-25 02:19:56
2026-08-25 02:10:20,PLCY309,0101,Martin Sanders,30,29,0,2026-08-25 02:19:56
2026-08-25 02:10:20,PLCY310,0101,Selvon Waldron,35,16,0,2026-08-25 02:19:56
2026-08-25 02:10:20,PLCY313,0101,Gerard Evans,100,10,0,2026-08-25 02:19:56
2026-08-25 02:10:20,PLCY371,0101,Joshua Itzkowitz Shifrinson,35,0,1,2026-08-25 02:19:56
2026-08-25 02:10:20,PLCY380,0101,Isabel O'Malley,40,0,3,2026-08-25 02:19:57
2026-08-25 02:10:20,PLCY380,ESG1,Kisha McNeill,28,0,2,2026-08-25 02:19:57
2026-08-25 02:10:20,PLCY388A,0101,Brandi Onowu,40,1,0,2026-08-25 02:19:57
2026-08-25 02:10:20,PLCY388N,0101,Nina Harris,25,2,0,2026-08-25 02:19:57
2026-08-25 02:10:20,PLCY390,0101,Lena Andrews,20,0,12,2026-08-25 02:19:57
2026-08-25 02:10:20,PLCY399B,0101,Beatrice DeBelen,30,21,0,2026-08-25 02:19:57
2026-08-25 02:10:20,PLCY400,0101,Patricia Bory,25,4,0,2026-08-25 02:19:58
2026-08-25 02:10:20,PLCY401,0101,Anand Patwardhan,20,6,0,2026-08-25 02:19:58
2026-08-25 02:10:20,PLCY401,0201,Tracy Thompson,20,0,1,2026-08-25 02:19:58
2026-08-25 02:10:20,PLCY401,0301,David Mussington,20,7,0,2026-08-25 02:19:58
2026-08-25 02:10:20,PLCY490,0101,Michael Woldemariam,15,0,0,2026-08-25 02:19:58
2026-08-25 02:10:20,PLCY492,0101,Steve Fetter,20,2,0,2026-08-25 02:19:58
2026-08-25 02:10:20,PLCY610,0201,Alec Worsnop,40,4,0,2026-08-25 02:19:58
2026-08-25 02:10:20,PLCY630,0101,Catherine Worsnop,25,3,0,2026-08-25 02:19:58
2026-08-25 02:10:20,PLCY630,0201,Catherine Worsnop,25,2,0,2026-08-25 02:19:58
2026-08-25 02:10:20,PLCY631,0101,Cullen Merritt,25,0,0,2026-08-25 02:19:59
2026-08-25 02:10:20,PLCY640,0201,Thomas Spreen,30,5,0,2026-08-25 02:19:59
2026-08-25 02:10:20,PLCY641,0101,Tyler Kustra,30,0,0,2026-08-25 02:19:59
2026-08-25 02:10:20,PLCY641,0201,Tyler Kustra,30,9,0,2026-08-25 02:19:59
2026-08-25 02:10:20,PLCY670,0101,Philip Joyce,30,0,0,2026-08-25 02:19:59
2026-08-25 02:10:20,PLCY680,0101,Claire Dunning,25,1,0,2026-08-25 02:19:59
2026-08-25 02:10:20,PLCY680,0201,Michael Woldemariam,25,8,0,2026-08-25 02:19:59
2026-08-25 02:10:20,PLCY688C,0101,Charles Harry,20,9,0,2026-08-25 02:19:59
2026-08-25 02:10:20,PLCY688F,PWL1,Nekeya O'Connor,20,2,0,2026-08-25 02:20:00
2026-08-25 02:10:20,PLCY688P,0101,Steve Fetter,10,0,0,2026-08-25 02:20:00
2026-08-25 02:10:20,PLCY688Z,0101,Brandi Onowu,20,1,0,2026-08-25 02:20:00
2026-08-25 02:10:20,PLCY689E,0101,Susan Parker,20,0,4,2026-08-25 02:20:00
2026-08-25 02:10:20,PLCY690,0110,David Mussington,15,2,0,2026-08-25 02:20:00
2026-08-25 02:10:20,PLCY690,0120,Margaret Brindle,15,3,0,2026-08-25 02:20:00
2026-08-25 02:10:20,PLCY690,0130,Douglas Call,15,1,0,2026-08-25 02:20:00
2026-08-25 02:10:20,PLCY690,0150,Paul Brown,15,0,0,2026-08-25 02:20:00
2026-08-25 02:10:20,PLCY690,0170,James Stillwell,15,1,0,2026-08-25 02:20:00
2026-08-25 02:10:20,PLCY698T,0101,Elizabeth Duke,20,5,0,2026-08-25 02:20:01
2026-08-25 02:10:20,PLCY699L,0101,Michael Woldemariam,10,0,0,2026-08-25 02:20:01
2026-08-25 02:10:20,PLCY720,0101,Nancy Gallagher,20,4,0,2026-08-25 02:20:01
2026-08-25 02:10:20,PLCY734,0101,Niambi Carter,20,0,1,2026-08-25 02:20:01
2026-08-25 02:10:20,PLCY735,0101,Robert Sprinkle,20,8,0,2026-08-25 02:20:02
2026-08-25 02:10:20,PLCY741,0101,Anand Patwardhan,20,8,0,2026-08-25 02:20:02
2026-08-25 02:10:20,PLCY742,0101,Thomas Hilde,20,7,0,2026-08-25 02:20:02
2026-08-25 02:10:20,PLCY780,0101,Robert Orr,20,0,2,2026-08-25 02:20:02
2026-08-25 02:10:20,PLCY781,0101,Julio Guzman,20,4,0,2026-08-25 02:20:03
2026-08-25 02:10:20,PLCY783,0101,Margaret Brindle,20,9,0,2026-08-25 02:20:03
2026-08-25 02:10:20,PLCY798F,PWL1,William Nolte,25,18,0,2026-08-25 02:20:04
2026-08-25 02:10:20,PLCY798V,0101,Shanna Pearson-Merkowitz,12,0,0,2026-08-25 02:20:04
2026-08-25 02:10:20,PLCY798Y,PWL1,Jeffrey Franco,25,0,0,2026-08-25 02:20:04
2026-08-25 02:10:20,PLCY798Z,0101,Peter Reuter,12,0,0,2026-08-25 02:20:04
2026-08-25 02:10:20,PLSC112,0101,Samuel Daramola,100,35,7,2026-08-25 02:20:06
2026-08-25 02:10:20,PLSC113,0101,Samuel Daramola,24,10,4,2026-08-25 02:20:06
2026-08-25 02:10:20,PLSC113,0102,Samuel Daramola,24,11,3,2026-08-25 02:20:06
2026-08-25 02:10:20,PLSC113,0103,Samuel Daramola,24,11,3,2026-08-25 02:20:06
2026-08-25 02:10:20,PLSC113,0104,Samuel Daramola,24,11,3,2026-08-25 02:20:06
2026-08-25 02:10:20,PLSC115,0101,Shirley Micallef,24,4,3,2026-08-25 02:20:06
2026-08-25 02:10:20,PLSC201,0101,Pierre Jacob,42,16,0,2026-08-25 02:20:06
2026-08-25 02:10:20,PLSC203,0101,Vijay Tiwari,23,16,0,2026-08-25 02:20:07
2026-08-25 02:10:20,PLSC205,0101,Mark Carroll,22,3,2,2026-08-25 02:20:07
2026-08-25 02:10:20,PLSC206,0101,Pierre Jacob,21,8,0,2026-08-25 02:20:07
2026-08-25 02:10:20,PLSC206,0102,Pierre Jacob,21,8,0,2026-08-25 02:20:07
2026-08-25 02:10:20,PLSC253,0101,Karen Petroff,24,0,0,2026-08-25 02:20:07
2026-08-25 02:10:20,PLSC253,0102,Karen Petroff,24,11,0,2026-08-25 02:20:07
2026-08-25 02:10:20,PLSC389,0101,Craig Beyrouty,17,17,0,2026-08-25 02:20:07
2026-08-25 02:10:20,PLSC402,0101,Geoffrey Rinehart,10,3,0,2026-08-25 02:20:08
2026-08-25 02:10:20,PLSC404,0101,Yiping Qi,20,9,0,2026-08-25 02:20:08
2026-08-25 02:10:20,PLSC420,0101,Nidhi Rawat,18,5,0,2026-08-25 02:20:08
2026-08-25 02:10:20,PLSC420,0102,Nidhi Rawat,18,12,0,2026-08-25 02:20:08
2026-08-25 02:10:20,PLSC433,0101,Diana Cochran,10,2,0,2026-08-25 02:20:08
2026-08-25 02:10:20,PLSC453,0101,Samuel Daramola,24,3,0,2026-08-25 02:20:08
2026-08-25 02:10:20,PLSC471,0101,Juanita Choo,20,0,0,2026-08-25 02:20:08
2026-08-25 02:10:20,PLSC476,0101,Maile Neel,23,20,0,2026-08-25 02:20:09
2026-08-25 02:10:20,PLSC608,0101,Shunyuan Xiao,20,13,0,2026-08-25 02:20:09
2026-08-25 02:10:20,PORT103,0101,Parker Brookie,15,8,0,2026-08-25 02:20:10
2026-08-25 02:10:20,PORT205,0101,Parker Brookie,15,7,0,2026-08-25 02:20:11
2026-08-25 02:10:20,PORT332,0101,Parker Brookie,25,0,3,2026-08-25 02:20:11
2026-08-25 02:10:20,RELS120,0101,Antoine Borrut,40,0,1,2026-08-25 02:20:28
2026-08-25 02:10:20,RELS170,0101,Chiara Graf,21,0,14,2026-08-25 02:20:28
2026-08-25 02:10:20,RELS170,0102,Chiara Graf,21,1,9,2026-08-25 02:20:28
2026-08-25 02:10:20,RELS170,0103,Chiara Graf,21,2,16,2026-08-25 02:20:28
2026-08-25 02:10:20,RELS170,0104,Chiara Graf,21,2,9,2026-08-25 02:20:28
2026-08-25 02:10:20,RELS170,0105,Chiara Graf,21,1,10,2026-08-25 02:20:28
2026-08-25 02:10:20,RELS170,0106,Chiara Graf,21,1,17,2026-08-25 02:20:28
2026-08-25 02:10:20,RELS170,0107,Chiara Graf,21,3,11,2026-08-25 02:20:28
2026-08-25 02:10:20,RELS170,0108,Chiara Graf,21,3,13,2026-08-25 02:20:28
2026-08-25 02:10:20,RELS170,0109,Chiara Graf,22,2,7,2026-08-25 02:20:28
2026-08-25 02:10:20,RELS171,0101,Maxine Grossman,40,0,0,2026-08-25 02:20:28
2026-08-25 02:10:20,RELS219K,0101,Shay Hazkani,40,31,0,2026-08-25 02:20:29
2026-08-25 02:10:20,RELS225,0101,Stephanie Cooper,25,0,1,2026-08-25 02:20:29
2026-08-25 02:10:20,RELS273,0101,Hayim Lapin,23,1,5,2026-08-25 02:20:29
2026-08-25 02:10:20,RELS273,0102,Hayim Lapin,23,0,2,2026-08-25 02:20:29
2026-08-25 02:10:20,RELS273,0103,Hayim Lapin,23,1,4,2026-08-25 02:20:29
2026-08-25 02:10:20,RELS274,0101,Matthew Suriano,20,0,22,2026-08-25 02:20:29
2026-08-25 02:10:20,RELS274,0102,Matthew Suriano,20,0,17,2026-08-25 02:20:29
2026-08-25 02:10:20,RELS274,0103,Matthew Suriano,20,2,15,2026-08-25 02:20:29
2026-08-25 02:10:20,RELS274,0104,Matthew Suriano,20,2,18,2026-08-25 02:20:29
2026-08-25 02:10:20,RELS319D,0101,Nathan Levine,35,27,0,2026-08-25 02:20:29
2026-08-25 02:10:20,RELS319Z,0101,Regev Ben-David,30,27,0,2026-08-25 02:20:29
2026-08-25 02:10:20,RELS341,0101,Janna Bianchini,27,0,0,2026-08-25 02:20:30
2026-08-25 02:10:20,RUSS101,0101,Inna Hardman,15,4,0,2026-08-25 02:20:31
2026-08-25 02:10:20,RUSS101,0201,Inna Hardman,15,5,1,2026-08-25 02:20:31
2026-08-25 02:10:20,RUSS201,0101,Zhanna Gerus-Vernola,15,8,0,2026-08-25 02:20:31
2026-08-25 02:10:20,RUSS301,0101,Izolda Savenkova,15,5,0,2026-08-25 02:20:31
2026-08-25 02:10:20,RUSS321,0101,Elizabeth Papazian,15,2,0,2026-08-25 02:20:31
2026-08-25 02:10:20,RUSS334,0101,Elizabeth Papazian,25,0,3,2026-08-25 02:20:32
2026-08-25 02:10:20,RUSS404,0101,Izolda Savenkova,15,4,0,2026-08-25 02:20:32
2026-08-25 02:10:20,SDSB123,0101,Brian Kim,40,10,0,2026-08-25 02:20:34
2026-08-25 02:10:20,SDSB180,0101,Brian Kim,180,155,0,2026-08-25 02:20:34
2026-08-25 02:10:20,SDSB233,0101,Jacob Coutts,25,3,0,2026-08-25 02:20:34
2026-08-25 02:10:20,SDSB233,0102,Jacob Coutts,25,11,0,2026-08-25 02:20:34
2026-08-25 02:10:20,SDSB233,0103,Jacob Coutts,25,10,0,2026-08-25 02:20:34
2026-08-25 02:10:20,SDSB326,0101,Jacob Coutts,50,32,0,2026-08-25 02:20:34
2026-08-25 02:10:20,SDSB340,0101,Neil Lund,40,0,1,2026-08-25 02:20:34
2026-08-25 02:10:20,SDSI414,0201,Maria Krupenkin,34,13,0,2026-08-25 02:20:35
2026-08-25 02:10:20,SDSI414,0202,Maria Krupenkin,34,0,0,2026-08-25 02:20:35
2026-08-25 02:10:20,SDSI492,0101,TJ Rainsford,50,10,0,2026-08-25 02:20:36
2026-08-25 02:10:20,SDSI492,0103,Mary Ann Francis,40,0,3,2026-08-25 02:20:36
2026-08-25 02:10:20,SDSI492,0104,TJ Rainsford,50,13,0,2026-08-25 02:20:36
2026-08-25 02:10:20,SDSI492,0106,Jesse Klein,50,0,11,2026-08-25 02:20:36
2026-08-25 02:10:20,SDSI492,0107,Connie Siebold,40,0,4,2026-08-25 02:20:36
2026-08-25 02:10:20,SDSI492,0110,Patrick Thornton,50,31,0,2026-08-25 02:20:36
2026-08-25 02:10:20,SLLC108I,0101,Instructor: TBA,5,4,0,2026-08-25 02:20:38
2026-08-25 02:10:20,SLLC108J,0101,Instructor: TBA,5,5,0,2026-08-25 02:20:38
2026-08-25 02:10:20,SLLC108W,0101,Instructor: TBA,5,5,0,2026-08-25 02:20:38
2026-08-25 02:10:20,SLLC118A,0101,Sean Pue,10,3,0,2026-08-25 02:20:38
2026-08-25 02:10:20,SLLC200,0101,Chris Lewis,30,0,5,2026-08-25 02:20:39
2026-08-25 02:10:20,SLLC286,0101,Andrew Schonebaum,60,26,10,2026-08-25 02:20:39
2026-08-25 02:10:20,SLLC309,0101,Ahmed Hanafy,10,10,0,2026-08-25 02:20:39
2026-08-25 02:10:20,SLLC309,0102,Ahmed Hanafy,10,8,0,2026-08-25 02:20:39
2026-08-25 02:10:20,SLLC309,0103,Ahmed Hanafy,10,8,0,2026-08-25 02:20:39
2026-08-25 02:10:20,SLLC309,0104,Ahmed Hanafy,10,7,0,2026-08-25 02:20:39
2026-08-25 02:10:20,SLLC309,0105,Ahmed Hanafy,10,6,0,2026-08-25 02:20:39
2026-08-25 02:10:20,SLLC309,0106,Ahmed Hanafy,10,7,0,2026-08-25 02:20:39
2026-08-25 02:10:20,SLLC309,0107,Ahmed Hanafy,10,8,0,2026-08-25 02:20:39
2026-08-25 02:10:20,SLLC309,0108,Ahmed Hanafy,10,9,0,2026-08-25 02:20:39
2026-08-25 02:10:20,SLLC309,0109,Ahmed Hanafy,10,7,0,2026-08-25 02:20:39
2026-08-25 02:10:20,SLLC309,0110,Ahmed Hanafy,10,4,0,2026-08-25 02:20:39
2026-08-25 02:10:20,SLLC309,0111,Ahmed Hanafy,10,10,0,2026-08-25 02:20:39
2026-08-25 02:10:20,SLLC329,0101,Marilyn Matar,12,0,0,2026-08-25 02:20:39
2026-08-25 02:10:20,SLLC329,0102,Marilyn Matar,10,5,0,2026-08-25 02:20:39
2026-08-25 02:10:20,SLLC329,0103,Marilyn Matar,21,8,0,2026-08-25 02:20:39
2026-08-25 02:10:20,SLLC329,0104,Marilyn Matar,10,8,0,2026-08-25 02:20:39
2026-08-25 02:10:20,SLLC329,0105,Marilyn Matar,10,9,0,2026-08-25 02:20:39
2026-08-25 02:10:20,SLLC329,0106,Marilyn Matar,10,5,0,2026-08-25 02:20:39
2026-08-25 02:10:20,SLLC329,0107,Marilyn Matar,10,9,0,2026-08-25 02:20:39
2026-08-25 02:10:20,SLLC329,0108,Marilyn Matar,10,8,0,2026-08-25 02:20:39
2026-08-25 02:10:20,SLLC329,0109,Marilyn Matar,10,6,0,2026-08-25 02:20:39
2026-08-25 02:10:20,SLLC329,0110,Marilyn Matar,20,9,0,2026-08-25 02:20:39
2026-08-25 02:10:20,SLLC350,0101,Michele Mason,30,25,0,2026-08-25 02:20:39
2026-08-25 02:10:20,SMLP470,0101,Brooke Smith,45,13,0,2026-08-25 02:20:41
2026-08-25 02:10:20,SMLP472,0101,Sara Herald,60,23,0,2026-08-25 02:20:41
2026-08-25 02:10:20,TLTC310,0101,Danielle Pafe,0,0,0,2026-08-25 02:21:09
2026-08-25 02:10:20,TLTC310,0201,Danielle Pafe,20,15,0,2026-08-25 02:21:09
2026-08-25 02:10:20,TLTC333,0101,Mona Thompson,55,9,0,2026-08-25 02:21:09
2026-08-25 02:10:20,TLTC333,0102,Mona Thompson,55,0,0,2026-08-25 02:21:09
2026-08-25 02:10:20,TLTC333,0105,Mona Thompson,57,18,0,2026-08-25 02:21:09
2026-08-25 02:10:20,TLTC499A,0101,Mona Thompson,10,8,0,2026-08-25 02:21:09
2026-08-25 02:10:20,TLTC499A,0102,Danielle Pafe,10,10,0,2026-08-25 02:21:09
2026-08-25 02:10:20,UMEI005,0101,Charles Duquette,15,5,0,2026-08-25 02:21:11
2026-08-25 02:10:20,UMEI005,0201,Heather Mehrtens,15,12,0,2026-08-25 02:21:11
2026-08-25 02:10:20,UMEI005,0301,Marilena Draganescu,15,12,0,2026-08-25 02:21:11
2026-08-25 02:10:20,UMEI012,0101,Louise Godley,10,10,0,2026-08-25 02:21:11
2026-08-25 02:10:20,UMEI013,0101,Louise Godley,10,10,0,2026-08-25 02:21:11
2026-08-25 02:10:20,UMEI028A,0101,Raymond Smith,16,16,0,2026-08-25 02:21:11
2026-08-25 02:10:20,UMEI506,0101,Heather Mehrtens,16,0,0,2026-08-25 02:21:11
2026-08-25 02:10:20,UMEI506,0201,Heather Mehrtens,16,10,0,2026-08-25 02:21:11
2026-08-25 02:10:20,UMEI507,0101,Marilena Draganescu,15,6,0,2026-08-25 02:21:11
2026-08-25 02:10:20,USLT201,0101,Robert Chester,25,2,0,2026-08-25 02:21:17
2026-08-25 02:10:20,USLT320,0101,Nancy Mirabal,20,19,0,2026-08-25 02:21:17
2026-08-25 02:10:20,USLT398C,0101,Angela Pico Pinto,25,19,0,2026-08-25 02:21:17
2026-08-25 02:10:20,USLT450,0101,Robert Chester,20,0,4,2026-08-25 02:21:18
2026-08-25 02:10:20,USLT498C,0101,Ana Rodriguez,20,16,0,2026-08-25 02:21:18
2026-08-25 02:10:20,VIPS208,0101,Mary Bowden,10,10,0,2026-08-25 02:21:19
2026-08-25 02:10:20,VIPS208,0102,Ken Kiger,10,3,0,2026-08-25 02:21:19
2026-08-25 02:10:20,VIPS208,0103,Bryan Quinn,10,6,0,2026-08-25 02:21:19
2026-08-25 02:10:20,VIPS208,0104,Abdil Chowdhury,10,3,0,2026-08-25 02:21:19
2026-08-25 02:10:20,VIPS208,0105,Molly Carton,10,7,0,2026-08-25 02:21:19
2026-08-25 02:10:20,VIPS208,0106,James Baeder,14,4,0,2026-08-25 02:21:19
2026-08-25 02:10:20,VIPS208,0107,Catherine Spirito,10,6,0,2026-08-25 02:21:19
2026-08-25 02:10:20,VIPS208,0108,Ronald Yaros,10,5,0,2026-08-25 02:21:19
2026-08-25 02:10:20,VIPS208,0109,Carinna Ferguson,10,6,0,2026-08-25 02:21:19
2026-08-25 02:10:20,VIPS208,0110,Tracy Riggins,15,1,0,2026-08-25 02:21:19
2026-08-25 02:10:20,VIPS208,0111,Kevin Calabro,13,3,0,2026-08-25 02:21:19
2026-08-25 02:10:20,VIPS208,0112,Raffaele Viglianti,10,6,0,2026-08-25 02:21:19
2026-08-25 02:10:20,VIPS208,0113,Shabnam Jabeen,10,4,0,2026-08-25 02:21:19
2026-08-25 02:10:20,VIPS208,0114,Ning Zeng,15,7,0,2026-08-25 02:21:19
2026-08-25 02:10:20,VIPS208,0115,Veronica Kang,10,5,0,2026-08-25 02:21:19
2026-08-25 02:10:20,VIPS208,0116,David Stewart,10,0,0,2026-08-25 02:21:19
2026-08-25 02:10:20,VIPS208,0117,Meredith Epstein,10,8,0,2026-08-25 02:21:19
2026-08-25 02:10:20,VIPS208,0118,Magaly Toro Ibaceta,10,3,0,2026-08-25 02:21:19
2026-08-25 02:10:20,VIPS208,0120,Marisa Parham,10,6,0,2026-08-25 02:21:19
2026-08-25 02:10:20,VIPS208,0121,Becky Epanchin-Niell,10,1,0,2026-08-25 02:21:19
2026-08-25 02:10:20,VIPS208,0122,Timothy Reedy,10,4,0,2026-08-25 02:21:19
2026-08-25 02:10:20,VIPS208,0123,Lingnan Lin,13,4,0,2026-08-25 02:21:19
2026-08-25 02:10:20,VIPS208,0124,Jeffrey Moro,10,5,0,2026-08-25 02:21:19
2026-08-25 02:10:20,VIPS208,0125,Peter Sunderland,12,5,0,2026-08-25 02:21:19
2026-08-25 02:10:20,VIPS208,0126,Brienna Anderson,10,2,0,2026-08-25 02:21:19
2026-08-25 02:10:20,VIPS308,0101,Mary Bowden,10,9,0,2026-08-25 02:21:19
2026-08-25 02:10:20,VIPS308,0102,Ken Kiger,10,3,0,2026-08-25 02:21:19
2026-08-25 02:10:20,VIPS308,0103,Bryan Quinn,10,3,0,2026-08-25 02:21:19
2026-08-25 02:10:20,VIPS308,0104,Abdil Chowdhury,10,4,0,2026-08-25 02:21:19
2026-08-25 02:10:20,VIPS308,0105,Molly Carton,10,4,0,2026-08-25 02:21:19
2026-08-25 02:10:20,VIPS308,0106,James Baeder,10,6,0,2026-08-25 02:21:19
2026-08-25 02:10:20,VIPS308,0107,Catherine Spirito,10,7,0,2026-08-25 02:21:19
2026-08-25 02:10:20,VIPS308,0108,Ronald Yaros,10,9,0,2026-08-25 02:21:19
2026-08-25 02:10:20,VIPS308,0109,Carinna Ferguson,10,7,0,2026-08-25 02:21:19
2026-08-25 02:10:20,VIPS308,0110,Tracy Riggins,10,2,0,2026-08-25 02:21:19
2026-08-25 02:10:20,VIPS308,0111,Kevin Calabro,10,6,0,2026-08-25 02:21:19
2026-08-25 02:10:20,VIPS308,0112,Raffaele Viglianti,10,10,0,2026-08-25 02:21:19
2026-08-25 02:10:20,VIPS308,0113,Shabnam Jabeen,10,8,0,2026-08-25 02:21:19
2026-08-25 02:10:20,VIPS308,0114,Ning Zeng,10,9,0,2026-08-25 02:21:19
2026-08-25 02:10:20,VIPS308,0115,Veronica Kang,10,9,0,2026-08-25 02:21:19
2026-08-25 02:10:20,VIPS308,0116,David Stewart,10,10,0,2026-08-25 02:21:19
2026-08-25 02:10:20,VIPS308,0117,Meredith Epstein,10,8,0,2026-08-25 02:21:19
2026-08-25 02:10:20,VIPS308,0118,Magaly Toro Ibaceta,10,10,0,2026-08-25 02:21:19
2026-08-25 02:10:20,VIPS308,0120,Marisa Parham,10,10,0,2026-08-25 02:21:19
2026-08-25 02:10:20,VIPS308,0121,Becky Epanchin-Niell,10,10,0,2026-08-25 02:21:19
2026-08-25 02:10:20,VIPS308,0122,Roan Parrish,10,10,0,2026-08-25 02:21:19
2026-08-25 02:10:20,VIPS308,0123,Lingnan Lin,10,10,0,2026-08-25 02:21:19
2026-08-25 02:10:20,VIPS308,0124,Jeffrey Moro,10,10,0,2026-08-25 02:21:19
2026-08-25 02:10:20,VIPS308,0125,Peter Sunderland,10,10,0,2026-08-25 02:21:19
2026-08-25 02:10:20,VIPS308,0126,Brienna Anderson,10,10,0,2026-08-25 02:21:19
2026-08-25 02:10:20,VIPS408,0101,Mary Bowden,10,5,0,2026-08-25 02:21:20
2026-08-25 02:10:20,VIPS408,0102,Ken Kiger,10,8,0,2026-08-25 02:21:20
2026-08-25 02:10:20,VIPS408,0103,Bryan Quinn,10,3,0,2026-08-25 02:21:20
2026-08-25 02:10:20,VIPS408,0104,Abdil Chowdhury,10,8,0,2026-08-25 02:21:20
2026-08-25 02:10:20,VIPS408,0105,Molly Carton,10,8,0,2026-08-25 02:21:20
2026-08-25 02:10:20,VIPS408,0106,James Baeder,10,7,0,2026-08-25 02:21:20
2026-08-25 02:10:20,VIPS408,0107,Catherine Spirito,10,10,0,2026-08-25 02:21:20
2026-08-25 02:10:20,VIPS408,0108,Ronald Yaros,10,8,0,2026-08-25 02:21:20
2026-08-25 02:10:20,VIPS408,0109,Carinna Ferguson,10,9,0,2026-08-25 02:21:20
2026-08-25 02:10:20,VIPS408,0110,Tracy Riggins,10,10,0,2026-08-25 02:21:20
2026-08-25 02:10:20,VIPS408,0111,Kevin Calabro,10,8,0,2026-08-25 02:21:20
2026-08-25 02:10:20,VIPS408,0112,Raffaele Viglianti,10,9,0,2026-08-25 02:21:20
2026-08-25 02:10:20,VIPS408,0113,Shabnam Jabeen,10,10,0,2026-08-25 02:21:20
2026-08-25 02:10:20,VIPS408,0114,Ning Zeng,10,10,0,2026-08-25 02:21:20
2026-08-25 02:10:20,VIPS408,0115,Veronica Kang,10,10,0,2026-08-25 02:21:20
2026-08-25 02:10:20,VIPS408,0116,David Stewart,10,10,0,2026-08-25 02:21:20
2026-08-25 02:10:20,VIPS408,0117,Meredith Epstein,10,10,0,2026-08-25 02:21:20
2026-08-25 02:10:20,VIPS408,0118,Magaly Toro Ibaceta,10,9,0,2026-08-25 02:21:20
2026-08-25 02:10:20,VIPS408,0120,Marisa Parham,10,10,0,2026-08-25 02:21:20
2026-08-25 02:10:20,VIPS408,0121,Becky Epanchin-Niell,10,10,0,2026-08-25 02:21:20
2026-08-25 02:10:20,VIPS408,0122,Roan Parrish,10,10,0,2026-08-25 02:21:20
2026-08-25 02:10:20,VIPS408,0123,Lingnan Lin,10,10,0,2026-08-25 02:21:20
2026-08-25 02:10:20,VIPS408,0124,Jeffrey Moro,10,10,0,2026-08-25 02:21:20
2026-08-25 02:10:20,VIPS408,0125,Peter Sunderland,10,10,0,2026-08-25 02:21:20
2026-08-25 02:10:20,VIPS408,0126,Brienna Anderson,10,10,0,2026-08-25 02:21:20
2026-08-25 02:10:20,WEID139B,0101,Leslie Krafft,48,17,0,2026-08-25 02:21:22
2026-08-25 02:10:20,WEID139L,0201,Taylor Green,48,20,0,2026-08-25 02:21:22
