Timestamp,Course,Section,Instructor,Total_Seats,Open_Seats,Waitlist,Fetch_Time
2026-07-23 23:40:40,ENSP101,0101,Annette Spivy,25,1,0,2026-07-23 23:59:56
2026-07-23 23:40:40,ENSP101,0102,Annette Spivy,24,2,0,2026-07-23 23:59:56
2026-07-23 23:40:40,ENSP101,0103,Annette Spivy,24,3,0,2026-07-23 23:59:56
2026-07-23 23:40:40,ENSP101,0104,Annette Spivy,24,4,0,2026-07-23 23:59:56
2026-07-23 23:40:40,ENSP101,0105,Annette Spivy,25,2,0,2026-07-23 23:59:56
2026-07-23 23:40:40,ENSP101,0106,Annette Spivy,24,6,0,2026-07-23 23:59:56
2026-07-23 23:40:40,ENSP101,0107,Annette Spivy,24,0,0,2026-07-23 23:59:56
2026-07-23 23:40:40,ENSP101,FC01,Annette Spivy,32,0,1,2026-07-23 23:59:56
2026-07-23 23:40:40,ENSP305,0101,Annette Spivy,23,0,1,2026-07-23 23:59:57
2026-07-23 23:40:40,ENSP330,0101,Joanna Goger,35,1,0,2026-07-23 23:59:57
2026-07-23 23:40:40,ENSP340,0101,Caroline Boules,25,0,1,2026-07-23 23:59:58
2026-07-23 23:40:40,ENSP360,0101,Leena Malayil,25,0,1,2026-07-23 23:59:58
2026-07-23 23:40:40,ENSP399N,0101,Annette Spivy,30,27,0,2026-07-23 23:59:59
2026-07-23 23:40:40,ENSP399R,0601,Annette Spivy,10,10,0,2026-07-24 00:00:00
2026-07-23 23:40:40,ENSP399R,1001,Jennifer Mullinax,10,10,0,2026-07-24 00:00:00
2026-07-23 23:40:40,ENSP400,0101,Instructor: TBA,35,12,0,2026-07-24 00:00:00
2026-07-23 23:40:40,ENSP400,0102,Joanna Goger,35,13,0,2026-07-24 00:00:00
2026-07-23 23:40:40,ENST111,0101,Jennifer Gunnulfsen,25,7,0,2026-07-24 00:00:04
2026-07-23 23:40:40,ENST115,0101,Shannon Browne,27,0,0,2026-07-24 00:00:04
2026-07-23 23:40:40,ENST200,0101,Eni Baballari,20,0,0,2026-07-24 00:00:05
2026-07-23 23:40:40,ENST200,0102,Eni Baballari,20,9,0,2026-07-24 00:00:05
2026-07-23 23:40:40,ENST200,0103,Raymond Weil,20,7,0,2026-07-24 00:00:05
2026-07-23 23:40:40,ENST200,0104,Raymond Weil,20,0,0,2026-07-24 00:00:05
2026-07-23 23:40:40,ENST220,0101,Eni Baballari,24,4,0,2026-07-24 00:00:05
2026-07-23 23:40:40,ENST231,0101,Bijoychandra Takhellambam,50,0,1,2026-07-24 00:00:06
2026-07-23 23:40:40,ENST233,0101,Lance Yonkos,22,0,0,2026-07-24 00:00:06
2026-07-23 23:40:40,ENST233,0103,Lance Yonkos,22,1,0,2026-07-24 00:00:06
2026-07-23 23:40:40,ENST233,0104,Lance Yonkos,22,0,0,2026-07-24 00:00:06
2026-07-23 23:40:40,ENST233,FC01,Lance Yonkos,22,9,0,2026-07-24 00:00:06
2026-07-23 23:40:40,ENST281,0101,Jose-Luis Izursa,20,1,0,2026-07-24 00:00:07
2026-07-23 23:40:40,ENST281,0102,Jose-Luis Izursa,20,13,0,2026-07-24 00:00:07
2026-07-23 23:40:40,ENST282,0101,David Tilley,20,5,0,2026-07-24 00:00:07
2026-07-23 23:40:40,ENST301,0101,Brian Needelman,10,3,0,2026-07-24 00:00:08
2026-07-23 23:40:40,ENST302,0101,Brian Needelman,7,4,0,2026-07-24 00:00:08
2026-07-23 23:40:40,ENST303,0101,Brian Needelman,15,12,0,2026-07-24 00:00:09
2026-07-23 23:40:40,ENST321,0101,Henry Gallo,40,0,0,2026-07-24 00:00:09
2026-07-23 23:40:40,ENST333,0101,Jennifer Gunnulfsen,45,20,0,2026-07-24 00:00:09
2026-07-23 23:40:40,ENST360,0101,Mitchell Pavao-Zuckerman,20,0,4,2026-07-24 00:00:10
2026-07-23 23:40:40,ENST360,0102,Mitchell Pavao-Zuckerman,20,0,2,2026-07-24 00:00:10
2026-07-23 23:40:40,ENST361,0101,Henry Gallo,40,20,0,2026-07-24 00:00:10
2026-07-23 23:40:40,ENST379,0101,Eni Baballari,15,12,0,2026-07-24 00:00:11
2026-07-23 23:40:40,ENST389,0101,Shannon Browne,50,49,0,2026-07-24 00:00:12
2026-07-23 23:40:40,ENST403,0101,Paul Leisnham,30,0,2,2026-07-24 00:00:12
2026-07-23 23:40:40,ENST411,0101,Raymond Weil,20,14,0,2026-07-24 00:00:12
2026-07-23 23:40:40,ENST414,0101,Brian Needelman,20,10,0,2026-07-24 00:00:13
2026-07-23 23:40:40,ENST417,0101,Robert Hill,35,31,0,2026-07-24 00:00:13
2026-07-23 23:40:40,ENST432,0101,Stephanie Yarwood,30,6,0,2026-07-24 00:00:14
2026-07-23 23:40:40,ENST441,0101,Raymond Weil,40,28,0,2026-07-24 00:00:14
2026-07-23 23:40:40,ENST450,0101,Andrew Baldwin,28,0,11,2026-07-24 00:00:15
2026-07-23 23:40:40,ENST456,0101,Shannon Browne,20,13,0,2026-07-24 00:00:15
2026-07-23 23:40:40,ENST460,0101,Jennifer Mullinax,40,0,1,2026-07-24 00:00:15
2026-07-23 23:40:40,ENST472,1201,Andrew Baldwin,10,10,0,2026-07-24 00:00:16
2026-07-23 23:40:40,ENST472,1205,William Bowerman,15,15,0,2026-07-24 00:00:16
2026-07-23 23:40:40,ENST472,1401,Frank Coale,5,5,0,2026-07-24 00:00:16
2026-07-23 23:40:40,ENST472,1501,Gary Felton,10,10,0,2026-07-24 00:00:16
2026-07-23 23:40:40,ENST472,1508,Reginal Harrell,10,10,0,2026-07-24 00:00:16
2026-07-23 23:40:40,ENST472,1601,Robert Hill,10,10,0,2026-07-24 00:00:16
2026-07-23 23:40:40,ENST472,1801,Patrick Kangas,10,10,0,2026-07-24 00:00:16
2026-07-23 23:40:40,ENST472,1802,Stephanie Lansing,10,10,0,2026-07-24 00:00:16
2026-07-23 23:40:40,ENST472,1803,Paul Leisnham,10,10,0,2026-07-24 00:00:16
2026-07-23 23:40:40,ENST472,2005,Jennifer Mullinax,10,10,0,2026-07-24 00:00:16
2026-07-23 23:40:40,ENST472,2101,Brian Needelman,10,10,0,2026-07-24 00:00:16
2026-07-23 23:40:40,ENST472,2102,Masoud Negahban-Azar,10,10,0,2026-07-24 00:00:16
2026-07-23 23:40:40,ENST472,2103,Mitchell Pavao-Zuckerman,10,10,0,2026-07-24 00:00:16
2026-07-23 23:40:40,ENST472,2104,Shannon Browne,10,10,0,2026-07-24 00:00:16
2026-07-23 23:40:40,ENST472,2105,Wendy Peer,10,10,0,2026-07-24 00:00:16
2026-07-23 23:40:40,ENST472,2201,Martin Rabenhorst,10,10,0,2026-07-24 00:00:16
2026-07-23 23:40:40,ENST472,2601,David Tilley,10,10,0,2026-07-24 00:00:16
2026-07-23 23:40:40,ENST472,2701,Raymond Weil,10,10,0,2026-07-24 00:00:16
2026-07-23 23:40:40,ENST472,2804,Jose-Luis Izursa,10,10,0,2026-07-24 00:00:16
2026-07-23 23:40:40,ENST472,2805,Gurpal Toor,10,10,0,2026-07-24 00:00:16
2026-07-23 23:40:40,ENST472,2905,Stephanie Yarwood,10,10,0,2026-07-24 00:00:16
2026-07-23 23:40:40,ENST472,3001,Lance Yonkos,10,10,0,2026-07-24 00:00:16
2026-07-23 23:40:40,ENST472,3201,Peter May,10,10,0,2026-07-24 00:00:16
2026-07-23 23:40:40,ENST472,3202,Candice Duncan,5,5,0,2026-07-24 00:00:16
2026-07-23 23:40:40,ENST472,3301,Adel Shirmohammadi,4,4,0,2026-07-24 00:00:16
2026-07-23 23:40:40,ENST472,3401,Jared Wilmoth,10,10,0,2026-07-24 00:00:16
2026-07-23 23:40:40,ENST472,3601,Henry Gallo,10,10,0,2026-07-24 00:00:16
2026-07-23 23:40:40,ENST472,3602,Juanita Choo,10,10,0,2026-07-24 00:00:16
2026-07-23 23:40:40,ENST486,0101,Eni Baballari,10,10,0,2026-07-24 00:00:16
2026-07-23 23:40:40,ENST499X,0101,Raymond Weil,5,5,0,2026-07-24 00:00:18
2026-07-23 23:40:40,ENST603,0101,Paul Leisnham,5,4,0,2026-07-24 00:00:18
2026-07-23 23:40:40,ENST606,0101,Paul Leisnham,20,20,0,2026-07-24 00:00:18
2026-07-23 23:40:40,ENST611,0101,Raymond Weil,10,10,0,2026-07-24 00:00:19
2026-07-23 23:40:40,ENST650,0101,Andrew Baldwin,6,1,0,2026-07-24 00:00:19
2026-07-23 23:40:40,ENST689,1201,Andrew Baldwin,5,5,0,2026-07-24 00:00:20
2026-07-23 23:40:40,ENST689,1205,William Bowerman,5,5,0,2026-07-24 00:00:20
2026-07-23 23:40:40,ENST689,1401,Frank Coale,5,5,0,2026-07-24 00:00:20
2026-07-23 23:40:40,ENST689,1501,Gary Felton,5,5,0,2026-07-24 00:00:20
2026-07-23 23:40:40,ENST689,1508,Reginal Harrell,5,5,0,2026-07-24 00:00:20
2026-07-23 23:40:40,ENST689,1601,Robert Hill,5,5,0,2026-07-24 00:00:20
2026-07-23 23:40:40,ENST689,1801,Patrick Kangas,5,5,0,2026-07-24 00:00:20
2026-07-23 23:40:40,ENST689,1802,Stephanie Lansing,5,5,0,2026-07-24 00:00:20
2026-07-23 23:40:40,ENST689,1803,Paul Leisnham,5,5,0,2026-07-24 00:00:20
2026-07-23 23:40:40,ENST689,1805,Michael Kearney,5,5,0,2026-07-24 00:00:20
2026-07-23 23:40:40,ENST689,2001,Bahram Momen,5,5,0,2026-07-24 00:00:20
2026-07-23 23:40:40,ENST689,2005,Jennifer Mullinax,5,5,0,2026-07-24 00:00:20
2026-07-23 23:40:40,ENST689,2101,Brian Needelman,5,5,0,2026-07-24 00:00:20
2026-07-23 23:40:40,ENST689,2102,Masoud Negahban-Azar,5,5,0,2026-07-24 00:00:20
2026-07-23 23:40:40,ENST689,2103,Mitchell Pavao-Zuckerman,5,5,0,2026-07-24 00:00:20
2026-07-23 23:40:40,ENST689,2105,Wendy Peer,5,5,0,2026-07-24 00:00:20
2026-07-23 23:40:40,ENST689,2201,Martin Rabenhorst,3,3,0,2026-07-24 00:00:20
2026-07-23 23:40:40,ENST689,2601,David Tilley,5,5,0,2026-07-24 00:00:20
2026-07-23 23:40:40,ENST689,2701,Raymond Weil,5,5,0,2026-07-24 00:00:20
2026-07-23 23:40:40,ENST689,2805,Gurpal Toor,5,5,0,2026-07-24 00:00:20
2026-07-23 23:40:40,ENST689,2905,Stephanie Yarwood,5,5,0,2026-07-24 00:00:20
2026-07-23 23:40:40,ENST689,3001,Lance Yonkos,2,2,0,2026-07-24 00:00:20
2026-07-23 23:40:40,ENST689,3401,Jared Wilmoth,10,10,0,2026-07-24 00:00:20
2026-07-23 23:40:40,ENST689,3601,Henry Gallo,10,10,0,2026-07-24 00:00:20
2026-07-23 23:40:40,ENST689M,0101,Jared Wilmoth,10,6,0,2026-07-24 00:00:20
2026-07-23 23:40:40,ENST689X,0101,Raymond Weil,1,1,0,2026-07-24 00:00:21
2026-07-23 23:40:40,ENST689Y,0101,Wendy Peer,10,10,0,2026-07-24 00:00:21
2026-07-23 23:40:40,ENST798,0101,Henry Gallo,40,39,0,2026-07-24 00:00:22
2026-07-23 23:40:40,ENTM699K,0101,Gili Ad-Marbach,12,9,0,2026-07-24 00:00:25
2026-07-23 23:40:40,ENTM701,0101,Wade Winkler,20,14,0,2026-07-24 00:00:25
2026-07-23 23:40:40,ENTM701,0201,Kelly Hamby,20,13,0,2026-07-24 00:00:25
2026-07-23 23:40:40,ENTM788C,0101,Instructor: TBA,45,35,0,2026-07-24 00:00:26
2026-07-23 23:40:40,ENTM788F,0101,Megan Fritz,1,0,0,2026-07-24 00:00:26
2026-07-23 23:40:40,ENTM798E,0101,Anahi Espindola,26,14,0,2026-07-24 00:00:27
2026-07-23 23:40:40,ENTS622,0101,Alejandra Mercado,16,16,0,2026-07-24 00:00:30
2026-07-23 23:40:40,ENTS630,0101,Joseph Augustine,35,32,0,2026-07-24 00:00:30
2026-07-23 23:40:40,ENTS635,0101,Peter Rankel,40,32,0,2026-07-24 00:00:31
2026-07-23 23:40:40,ENTS640,0101,Zoltan Safar,24,24,0,2026-07-24 00:00:31
2026-07-23 23:40:40,ENTS657,0101,Alejandra Mercado,10,6,0,2026-07-24 00:00:31
2026-07-23 23:40:40,ENTS669B,0101,Jeff McKinney,24,21,0,2026-07-24 00:00:32
2026-07-23 23:40:40,ENTS669D,0101,Richard La,5,4,0,2026-07-24 00:00:32
2026-07-23 23:40:40,ENTS699B,0101,Shuvra Bhattacharyya,1,0,0,2026-07-24 00:00:33
2026-07-23 23:40:40,ENTS759I,0101,Kamran Etemad,16,14,0,2026-07-24 00:00:33
2026-07-23 23:40:40,ENVH121,FC01,Brienna Anderson,20,20,0,2026-07-24 00:00:35
2026-07-23 23:40:40,ENVH381,0101,Instructor: TBA,30,25,0,2026-07-24 00:00:35
2026-07-23 23:40:40,EPIB301,0101,Typhanye Dyer,20,0,14,2026-07-24 00:00:37
2026-07-23 23:40:40,EPIB301,0102,Typhanye Dyer,20,0,15,2026-07-24 00:00:37
2026-07-23 23:40:40,EPIB301,0103,Typhanye Dyer,20,0,14,2026-07-24 00:00:37
2026-07-23 23:40:40,EPIB301,0104,Typhanye Dyer,20,0,16,2026-07-24 00:00:37
2026-07-23 23:40:40,EPIB301,0201,Typhanye Dyer,20,0,11,2026-07-24 00:00:37
2026-07-23 23:40:40,EPIB301,0202,Typhanye Dyer,20,0,16,2026-07-24 00:00:37
2026-07-23 23:40:40,EPIB301,0203,Typhanye Dyer,20,0,11,2026-07-24 00:00:37
2026-07-23 23:40:40,EPIB301,0204,Typhanye Dyer,20,0,15,2026-07-24 00:00:37
2026-07-23 23:40:40,EPIB315,0101,Jeremy Rubin,16,0,0,2026-07-24 00:00:38
2026-07-23 23:40:40,EPIB315,0102,Jeremy Rubin,16,0,0,2026-07-24 00:00:38
2026-07-23 23:40:40,EPIB315,0103,Jeremy Rubin,16,0,3,2026-07-24 00:00:38
2026-07-23 23:40:40,EPIB315,0104,Jeremy Rubin,16,0,1,2026-07-24 00:00:38
2026-07-23 23:40:40,EPIB315,0201,Jeremy Rubin,16,9,0,2026-07-24 00:00:38
2026-07-23 23:40:40,EPIB315,0202,Jeremy Rubin,16,0,1,2026-07-24 00:00:38
2026-07-23 23:40:40,EPIB315,0203,Jeremy Rubin,16,0,0,2026-07-24 00:00:38
2026-07-23 23:40:40,EPIB315,0204,Jeremy Rubin,16,0,0,2026-07-24 00:00:38
2026-07-23 23:40:40,EPIB445,0101,Yulin Hswen,15,7,0,2026-07-24 00:00:38
2026-07-23 23:40:40,EPIB610,0101,Edmond Shenassa,40,23,0,2026-07-24 00:00:39
2026-07-23 23:40:40,EPIB612,0101,Hongjie Liu,20,16,0,2026-07-24 00:00:39
2026-07-23 23:40:40,EPIB644,0101,Cher Dallal,15,14,0,2026-07-24 00:00:40
2026-07-23 23:40:40,EPIB645,0101,Yulin Hswen,10,9,0,2026-07-24 00:00:40
2026-07-23 23:40:40,EPIB650,0101,Yan Li,40,13,0,2026-07-24 00:00:41
2026-07-23 23:40:40,EPIB651,0101,Mei-Ling Lee,20,16,0,2026-07-24 00:00:41
2026-07-23 23:40:40,EPIB652,0101,Jeremy Rubin,20,11,0,2026-07-24 00:00:41
2026-07-23 23:40:40,EPIB655,0101,Xin He,20,0,0,2026-07-24 00:00:42
2026-07-23 23:40:40,EPIB685,0101,Paula Strassle,25,21,0,2026-07-24 00:00:42
2026-07-23 23:40:40,EPIB697,0101,Farrah Askari,30,20,0,2026-07-24 00:00:43
2026-07-23 23:40:40,EPIB742,0101,Hongjie Liu,25,24,0,2026-07-24 00:00:43
2026-07-23 23:40:40,EPIB788,0101,Instructor: TBA,15,12,0,2026-07-24 00:00:44
2026-07-23 23:40:40,FGSM310,0101,Peter Owen,24,2,0,2026-07-24 00:00:48
2026-07-23 23:40:40,FGSM315,0101,Emily Shetty,22,1,0,2026-07-24 00:00:48
2026-07-23 23:40:40,FGSM320,0101,Woodie Kessel,24,2,0,2026-07-24 00:00:49
2026-07-23 23:40:40,FGSM325,0101,Instructor: TBA,20,2,0,2026-07-24 00:00:49
2026-07-23 23:40:40,FGSM330,0101,Casie Antalis,22,1,0,2026-07-24 00:00:50
2026-07-23 23:40:40,FGSM340,0101,Ed Fendley,22,1,0,2026-07-24 00:00:50
2026-07-23 23:40:40,FGSM350,0101,Danusia Hubah,22,1,0,2026-07-24 00:00:51
2026-07-23 23:40:40,FGSM355,0101,Amanda Schoch,20,0,0,2026-07-24 00:00:51
2026-07-23 23:40:40,FGSM360,0101,Nadia Farra,20,1,0,2026-07-24 00:00:51
2026-07-23 23:40:40,FGSM365,0101,Andrew Nissen,20,0,0,2026-07-24 00:00:52
2026-07-23 23:40:40,FGSM370,0101,Jeffrey Haeni,20,1,0,2026-07-24 00:00:52
2026-07-23 23:40:40,FGSM390,0101,Sasha Koo-Oshima,20,1,0,2026-07-24 00:00:53
2026-07-23 23:40:40,FGSM398,0101,Jayakumar Arasan,25,24,0,2026-07-24 00:00:53
2026-07-23 23:40:40,FGSM398,0201,Jayakumar Arasan,5,2,0,2026-07-24 00:00:53
2026-07-23 23:40:40,FIRE120,0101,Jessica O'Hara,36,6,0,2026-07-24 00:00:55
2026-07-23 23:40:40,FIRE120,0102,Quira Zeidan,36,11,0,2026-07-24 00:00:55
2026-07-23 23:40:40,FIRE120,0103,Jaclyn Bruner,36,0,1,2026-07-24 00:00:55
2026-07-23 23:40:40,FIRE120,0104,Danielle Niu,36,0,0,2026-07-24 00:00:55
2026-07-23 23:40:40,FIRE120,0105,Cherisse Hall,36,0,0,2026-07-24 00:00:55
2026-07-23 23:40:40,FIRE120,0106,Sara Strey,36,14,0,2026-07-24 00:00:55
2026-07-23 23:40:40,FIRE120,0107,Helene Nguemgaing,36,3,0,2026-07-24 00:00:55
2026-07-23 23:40:40,FIRE120,0108,Mary Chey,36,4,0,2026-07-24 00:00:55
2026-07-23 23:40:40,FIRE120,0109,Shannon Hilton,36,0,0,2026-07-24 00:00:55
2026-07-23 23:40:40,FIRE120,0110,Lena Johnson,36,1,0,2026-07-24 00:00:55
2026-07-23 23:40:40,FIRE120,0111,Benjamin Huffman,36,0,0,2026-07-24 00:00:55
2026-07-23 23:40:40,FIRE120,0112,Mary Chey,36,12,0,2026-07-24 00:00:55
2026-07-23 23:40:40,FIRE120,0113,Elizabeth Massey,36,16,0,2026-07-24 00:00:55
2026-07-23 23:40:40,FIRE120,0114,Benjamin Huffman,36,2,0,2026-07-24 00:00:55
2026-07-23 23:40:40,FIRE120,FC01,Danielle Niu,36,0,57,2026-07-24 00:00:55
2026-07-23 23:40:40,FIRE298,0101,Catherine Spirito,28,3,0,2026-07-24 00:00:55
2026-07-23 23:40:40,FIRE298,0103,Cherisse Hall,36,12,0,2026-07-24 00:00:55
2026-07-23 23:40:40,FIRE298,0104,Jessica O'Hara,36,5,0,2026-07-24 00:00:55
2026-07-23 23:40:40,FIRE298,0105,Quira Zeidan,36,8,0,2026-07-24 00:00:55
2026-07-23 23:40:40,FIRE298,0106,Danielle Niu,36,19,0,2026-07-24 00:00:55
2026-07-23 23:40:40,FIRE298,0107,Benjamin Huffman,40,3,0,2026-07-24 00:00:55
2026-07-23 23:40:40,FIRE298,0108,Elizabeth Massey,40,15,0,2026-07-24 00:00:55
2026-07-23 23:40:40,FIRE298,0109,Shannon Hilton,40,8,0,2026-07-24 00:00:55
2026-07-23 23:40:40,FIRE298,0110,Jaclyn Bruner,40,18,0,2026-07-24 00:00:55
2026-07-23 23:40:40,FIRE298,0111,Mary Chey,36,8,0,2026-07-24 00:00:55
2026-07-23 23:40:40,FIRE298,0112,Helene Nguemgaing,40,15,0,2026-07-24 00:00:55
2026-07-23 23:40:40,FIRE298,0113,Kristina Kramarczuk,40,11,0,2026-07-24 00:00:55
2026-07-23 23:40:40,FIRE298,0114,Shabnam Jabeen,40,25,0,2026-07-24 00:00:55
2026-07-23 23:40:40,FIRE298,0115,Sara Strey,40,13,0,2026-07-24 00:00:55
2026-07-23 23:40:40,FIRE298,0116,Lena Johnson,40,5,0,2026-07-24 00:00:55
2026-07-23 23:40:40,FIRE398,0101,Catherine Spirito,15,3,0,2026-07-24 00:00:56
2026-07-23 23:40:40,FIRE398,0103,Cherisse Hall,15,4,0,2026-07-24 00:00:56
2026-07-23 23:40:40,FIRE398,0104,Jessica O'Hara,15,4,0,2026-07-24 00:00:56
2026-07-23 23:40:40,FIRE398,0105,Quira Zeidan,15,3,0,2026-07-24 00:00:56
2026-07-23 23:40:40,FIRE398,0106,Danielle Niu,15,10,0,2026-07-24 00:00:56
2026-07-23 23:40:40,FIRE398,0107,Benjamin Huffman,15,3,0,2026-07-24 00:00:56
2026-07-23 23:40:40,FIRE398,0108,Elizabeth Massey,15,5,0,2026-07-24 00:00:56
2026-07-23 23:40:40,FIRE398,0109,Shannon Hilton,15,9,0,2026-07-24 00:00:56
2026-07-23 23:40:40,FIRE398,0110,Jaclyn Bruner,15,8,0,2026-07-24 00:00:56
2026-07-23 23:40:40,FIRE398,0111,Mary Chey,15,5,0,2026-07-24 00:00:56
2026-07-23 23:40:40,FIRE398,0112,Helene Nguemgaing,15,15,0,2026-07-24 00:00:56
2026-07-23 23:40:40,FIRE398,0113,Kristina Kramarczuk,15,7,0,2026-07-24 00:00:56
2026-07-23 23:40:40,FIRE398,0114,Shabnam Jabeen,15,15,0,2026-07-24 00:00:56
2026-07-23 23:40:40,FIRE398,0115,Sara Strey,15,14,0,2026-07-24 00:00:56
2026-07-23 23:40:40,FIRE398,0116,Lena Johnson,15,11,0,2026-07-24 00:00:56
2026-07-23 23:40:40,FMSC110,0301,Martha Yumiseva,20,5,0,2026-07-24 00:00:58
2026-07-23 23:40:40,FMSC110,0302,Martha Yumiseva,20,0,0,2026-07-24 00:00:58
2026-07-23 23:40:40,FMSC110S,0101,Elisabeth Maring,96,22,0,2026-07-24 00:00:58
2026-07-23 23:40:40,FMSC123,0101,Manouchehr Mokhtari,40,0,48,2026-07-24 00:00:59
2026-07-23 23:40:40,FMSC126,0101,Kerry Tripp,15,0,5,2026-07-24 00:00:59
2026-07-23 23:40:40,FMSC177,0101,Maria Graviet,30,4,0,2026-07-24 00:01:00
2026-07-23 23:40:40,FMSC177,0102,Amy Morgan,30,29,0,2026-07-24 00:01:00
2026-07-23 23:40:40,FMSC190S,0101,Kevin Roy,36,8,0,2026-07-24 00:01:00
2026-07-23 23:40:40,FMSC260,0101,Liann Brown,25,15,0,2026-07-24 00:01:01
2026-07-23 23:40:40,FMSC260,0102,Liann Brown,25,5,0,2026-07-24 00:01:01
2026-07-23 23:40:40,FMSC270,0101,Amy Lewin,27,0,0,2026-07-24 00:01:01
2026-07-23 23:40:40,FMSC286,0101,Kerry Tripp,15,0,2,2026-07-24 00:01:02
2026-07-23 23:40:40,FMSC290,0101,Dina Rady,48,29,0,2026-07-24 00:01:02
2026-07-23 23:40:40,FMSC302,0101,Julie Donney,45,27,0,2026-07-24 00:01:03
2026-07-23 23:40:40,FMSC310,0101,Maria Steenland,45,0,3,2026-07-24 00:01:03
2026-07-23 23:40:40,FMSC310,0401,Cinthya Alberto,45,0,1,2026-07-24 00:01:03
2026-07-23 23:40:40,FMSC310,0501,Marie Thoma,45,0,10,2026-07-24 00:01:03
2026-07-23 23:40:40,FMSC330,0101,Sherri-Chanelle Brighthaupt,45,0,3,2026-07-24 00:01:03
2026-07-23 23:40:40,FMSC330,0201,Kevin Roy,45,0,7,2026-07-24 00:01:03
2026-07-23 23:40:40,FMSC332,0101,Amy Lewin,65,0,0,2026-07-24 00:01:04
2026-07-23 23:40:40,FMSC332,0201,Christine Schull,60,0,10,2026-07-24 00:01:04
2026-07-23 23:40:40,FMSC340,0101,Amy Morgan,35,21,0,2026-07-24 00:01:04
2026-07-23 23:40:40,FMSC340,0102,Amy Morgan,13,0,17,2026-07-24 00:01:04
2026-07-23 23:40:40,FMSC341,0101,Manouchehr Mokhtari,40,0,0,2026-07-24 00:01:05
2026-07-23 23:40:40,FMSC374,0101,Rabiatu Barrie,40,0,0,2026-07-24 00:01:05
2026-07-23 23:40:40,FMSC381,0201,Natasha Williams,40,20,0,2026-07-24 00:01:06
2026-07-23 23:40:40,FMSC383,0101,Ghaffar Hurtado Choque,48,22,0,2026-07-24 00:01:06
2026-07-23 23:40:40,FMSC405,0101,M Bishop,40,40,0,2026-07-24 00:01:07
2026-07-23 23:40:40,FMSC432,0201,Christine Schull,40,2,0,2026-07-24 00:01:07
2026-07-23 23:40:40,FMSC460,0101,Christine Schull,45,0,19,2026-07-24 00:01:08
2026-07-23 23:40:40,FMSC477,0101,Suzanne Muir,48,45,0,2026-07-24 00:01:08
2026-07-23 23:40:40,FMSC485,0201,Liann Brown,40,19,0,2026-07-24 00:01:09
2026-07-23 23:40:40,FMSC487,0101,Kerry Tripp,44,19,0,2026-07-24 00:01:09
2026-07-23 23:40:40,FMSC487,0201,Kerry Tripp,45,3,0,2026-07-24 00:01:09
2026-07-23 23:40:40,FMSC498P,0101,Brandi Onowu,40,0,1,2026-07-24 00:01:10
2026-07-23 23:40:40,FMSC631,0101,Mona Mittal,15,14,0,2026-07-24 00:01:11
2026-07-23 23:40:40,FMSC640,0101,Tiara Fennell,11,1,0,2026-07-24 00:01:11
2026-07-23 23:40:40,FMSC642,0101,Tiara Fennell,15,14,0,2026-07-24 00:01:12
2026-07-23 23:40:40,FMSC650,0101,Erica Turner,25,15,0,2026-07-24 00:01:12
2026-07-23 23:40:40,FMSC652,0101,Stella Li,20,19,0,2026-07-24 00:01:12
2026-07-23 23:40:40,FMSC658,0101,Tiara Fennell,20,9,0,2026-07-24 00:01:13
2026-07-23 23:40:40,FMSC745,0101,Jasmine Ferrill,15,5,0,2026-07-24 00:01:15
2026-07-23 23:40:40,FMSC750,0101,Christine Schull,15,9,0,2026-07-24 00:01:15
2026-07-23 23:40:40,FMSC850,0101,Marie Thoma,8,5,0,2026-07-24 00:01:16
2026-07-23 23:40:40,FMSC879,0101,Mia Smith-Bynum,30,26,0,2026-07-24 00:01:17
2026-07-23 23:40:40,FREN103,0101,Melina Kritikopoulos,18,10,0,2026-07-24 00:01:20
2026-07-23 23:40:40,FREN103,0201,Yaovi Modjinou,18,13,0,2026-07-24 00:01:20
2026-07-23 23:40:40,FREN103,0301,Hamdia Braimah,18,6,0,2026-07-24 00:01:20
2026-07-23 23:40:40,FREN203,0101,Gabriel Fennemore,20,8,0,2026-07-24 00:01:20
2026-07-23 23:40:40,FREN203,0201,Saenab Tidjani,20,6,0,2026-07-24 00:01:20
2026-07-23 23:40:40,FREN203,0301,Madeline Muravchik,20,0,0,2026-07-24 00:01:20
2026-07-23 23:40:40,FREN203,FC01,Victor Abioye,20,17,0,2026-07-24 00:01:20
2026-07-23 23:40:40,FREN204,0101,Loic Filipe-Hemery,18,9,0,2026-07-24 00:01:20
2026-07-23 23:40:40,FREN204,0201,Loic Filipe-Hemery,18,5,0,2026-07-24 00:01:20
2026-07-23 23:40:40,FREN243,0101,Caroline Eades,20,0,1,2026-07-24 00:01:21
2026-07-23 23:40:40,FREN250,0101,Apolline Lagarde,18,13,0,2026-07-24 00:01:21
2026-07-23 23:40:40,FREN250,0201,Apolline Lagarde,18,10,0,2026-07-24 00:01:21
2026-07-23 23:40:40,FREN250H,0101,Apolline Lagarde,18,13,0,2026-07-24 00:01:22
2026-07-23 23:40:40,FREN250H,0201,Apolline Lagarde,18,10,0,2026-07-24 00:01:22
2026-07-23 23:40:40,FREN301,0101,Madeline Muravchik,15,4,0,2026-07-24 00:01:22
2026-07-23 23:40:40,FREN301,0201,Sarah Labat,15,9,0,2026-07-24 00:01:22
2026-07-23 23:40:40,FREN313,0101,Marilyn Matar,20,5,0,2026-07-24 00:01:23
2026-07-23 23:40:40,FREN351,0101,Hannah Wegmann,20,0,0,2026-07-24 00:01:23
2026-07-23 23:40:40,FREN351H,0101,Hannah Wegmann,20,0,0,2026-07-24 00:01:23
2026-07-23 23:40:40,FREN387,0101,Andrea Frisch,20,2,0,2026-07-24 00:01:24
2026-07-23 23:40:40,FREN413,0101,Cecile Accilien,20,1,0,2026-07-24 00:01:25
2026-07-23 23:40:40,FREN439L,0101,Andrea Frisch,20,6,0,2026-07-24 00:01:26
2026-07-23 23:40:40,FREN601,0101,Mel Scullen,10,8,0,2026-07-24 00:01:26
2026-07-23 23:40:40,FREN639L,0101,Andrea Frisch,20,6,0,2026-07-24 00:01:27
2026-07-23 23:40:40,FREN699U,0101,Cecile Accilien,10,6,0,2026-07-24 00:01:27
2026-07-23 23:40:40,FREN709,0101,Madeline Muravchik,10,9,0,2026-07-24 00:01:28
2026-07-23 23:40:40,GBHL200,0101,Hassanatu Blake,27,0,2,2026-07-24 00:01:32
2026-07-23 23:40:40,GBHL200,FC01,Zandra Andre,25,9,0,2026-07-24 00:01:32
2026-07-23 23:40:40,GBHL210,0101,Leena Malayil,22,8,0,2026-07-24 00:01:32
2026-07-23 23:40:40,GBHL399,0101,Hassanatu Blake,3,3,0,2026-07-24 00:01:33
2026-07-23 23:40:40,GBHL399,0111,Dina Borzekowski,5,5,0,2026-07-24 00:01:33
2026-07-23 23:40:40,GEMS101,0101,Allison Lansverk,10,0,0,2026-07-24 00:01:35
2026-07-23 23:40:40,GEMS101,0103,Allison Lansverk,10,5,0,2026-07-24 00:01:35
2026-07-23 23:40:40,GEMS101,0104,Allison Lansverk,10,0,0,2026-07-24 00:01:35
2026-07-23 23:40:40,GEMS101,0105,Allison Lansverk,10,0,0,2026-07-24 00:01:35
2026-07-23 23:40:40,GEMS101,0106,Allison Lansverk,10,0,0,2026-07-24 00:01:35
2026-07-23 23:40:40,GEMS101,0107,Allison Lansverk,10,0,0,2026-07-24 00:01:35
2026-07-23 23:40:40,GEMS101,0109,Allison Lansverk,10,1,0,2026-07-24 00:01:35
2026-07-23 23:40:40,GEMS101,0111,Allison Lansverk,10,0,0,2026-07-24 00:01:35
2026-07-23 23:40:40,GEMS101,0113,Allison Lansverk,10,3,0,2026-07-24 00:01:35
2026-07-23 23:40:40,GEMS101,0114,Allison Lansverk,10,4,0,2026-07-24 00:01:35
2026-07-23 23:40:40,GEMS202,0101,Allison Lansverk,168,57,0,2026-07-24 00:01:36
2026-07-23 23:40:40,GEMS208A,0101,Allison Lansverk,14,14,0,2026-07-24 00:01:36
2026-07-23 23:40:40,GEMS208B,0101,Allison Lansverk,14,14,0,2026-07-24 00:01:36
2026-07-23 23:40:40,GEMS208C,0101,Allison Lansverk,23,17,0,2026-07-24 00:01:37
2026-07-23 23:40:40,GEMS208D,0101,Allison Lansverk,10,10,0,2026-07-24 00:01:37
2026-07-23 23:40:40,GEMS208P,0101,Allison Lansverk,20,10,0,2026-07-24 00:01:38
2026-07-23 23:40:40,GEMS296,0101,Instructor: TBA,14,5,0,2026-07-24 00:01:38
2026-07-23 23:40:40,GEMS296,0102,Instructor: TBA,14,4,0,2026-07-24 00:01:38
2026-07-23 23:40:40,GEMS296,0103,Instructor: TBA,14,1,0,2026-07-24 00:01:38
2026-07-23 23:40:40,GEMS296,0104,Instructor: TBA,14,3,0,2026-07-24 00:01:38
2026-07-23 23:40:40,GEMS296,0105,Instructor: TBA,14,6,0,2026-07-24 00:01:38
2026-07-23 23:40:40,GEMS296,0106,Instructor: TBA,14,6,0,2026-07-24 00:01:38
2026-07-23 23:40:40,GEMS296,0107,Instructor: TBA,14,6,0,2026-07-24 00:01:38
2026-07-23 23:40:40,GEMS296,0108,Instructor: TBA,14,6,0,2026-07-24 00:01:38
2026-07-23 23:40:40,GEMS296,0109,Instructor: TBA,14,2,0,2026-07-24 00:01:38
2026-07-23 23:40:40,GEMS296,0110,Instructor: TBA,14,8,0,2026-07-24 00:01:38
2026-07-23 23:40:40,GEMS296,0111,Instructor: TBA,14,7,0,2026-07-24 00:01:38
2026-07-23 23:40:40,GEMS296,0112,Instructor: TBA,14,6,0,2026-07-24 00:01:38
2026-07-23 23:40:40,GEMS296,0113,Instructor: TBA,5,5,0,2026-07-24 00:01:38
2026-07-23 23:40:40,GEMS296,0114,Instructor: TBA,14,14,0,2026-07-24 00:01:38
2026-07-23 23:40:40,GEMS296,0115,David Lovell,5,4,0,2026-07-24 00:01:38
2026-07-23 23:40:40,GEMS297,0113,Instructor: TBA,5,5,0,2026-07-24 00:01:39
2026-07-23 23:40:40,GEMS396,0101,Michael Humber,14,10,0,2026-07-24 00:01:39
2026-07-23 23:40:40,GEMS396,0102,Seth Dickey,14,7,0,2026-07-24 00:01:39
2026-07-23 23:40:40,GEMS396,0103,Cecilia Huertas Cerdeira,14,11,0,2026-07-24 00:01:39
2026-07-23 23:40:40,GEMS396,0104,Rodolphe Gentili,14,6,0,2026-07-24 00:01:39
2026-07-23 23:40:40,GEMS396,0105,Allison Reilly,14,7,0,2026-07-24 00:01:39
2026-07-23 23:40:40,GEMS396,0106,Peter Sunderland,14,5,0,2026-07-24 00:01:39
2026-07-23 23:40:40,GEMS396,0107,Brett Lacey,14,10,0,2026-07-24 00:01:39
2026-07-23 23:40:40,GEMS396,0108,Natalia Buzulukova,14,7,0,2026-07-24 00:01:39
2026-07-23 23:40:40,GEMS396,0109,Anil Deane,14,5,0,2026-07-24 00:01:39
2026-07-23 23:40:40,GEMS396,0110,Colenso Speer,14,7,0,2026-07-24 00:01:39
2026-07-23 23:40:40,GEMS396,0111,Instructor: TBA,14,14,0,2026-07-24 00:01:39
2026-07-23 23:40:40,GEMS396,0112,Instructor: TBA,14,14,0,2026-07-24 00:01:39
2026-07-23 23:40:40,GEMS396,0113,David Lovell,5,4,0,2026-07-24 00:01:39
2026-07-23 23:40:40,GEMS396,0114,David Lovell,5,5,0,2026-07-24 00:01:39
2026-07-23 23:40:40,GEMS397,0113,David Lovell,5,5,0,2026-07-24 00:01:39
2026-07-23 23:40:40,GEMS496,0101,Eric Haag,14,8,0,2026-07-24 00:01:40
2026-07-23 23:40:40,GEMS496,0102,Mohammad Nayeem Teli,14,11,0,2026-07-24 00:01:40
2026-07-23 23:40:40,GEMS496,0103,Norberto Gonzalez- Juarbe,14,5,0,2026-07-24 00:01:40
2026-07-23 23:40:40,GEMS496,0104,Abhinav Shrivastava,14,8,0,2026-07-24 00:01:40
2026-07-23 23:40:40,GEMS496,0105,Hector Alcala,14,7,0,2026-07-24 00:01:40
2026-07-23 23:40:40,GEMS496,0106,Massimo Ricotti,14,6,0,2026-07-24 00:01:40
2026-07-23 23:40:40,GEMS496,0107,Reza Ghodssi,14,9,0,2026-07-24 00:01:40
2026-07-23 23:40:40,GEMS496,0108,Nikhil Chopra,14,11,0,2026-07-24 00:01:40
2026-07-23 23:40:40,GEMS496,0109,Kimberly Stroka,14,5,0,2026-07-24 00:01:40
2026-07-23 23:40:40,GEMS496,0110,Gorjan Alagic,14,14,0,2026-07-24 00:01:40
2026-07-23 23:40:40,GEMS496,0111,Alisa Clyne,14,9,0,2026-07-24 00:01:40
2026-07-23 23:40:40,GEMS496,0112,Xin Zan,14,10,0,2026-07-24 00:01:40
2026-07-23 23:40:40,GEMS496,0113,Erin Tran,14,14,0,2026-07-24 00:01:40
2026-07-23 23:40:40,GEMS496,0114,David Lovell,5,5,0,2026-07-24 00:01:40
2026-07-23 23:40:40,GEMS497,0107,Instructor: TBA,14,14,0,2026-07-24 00:01:40
2026-07-23 23:40:40,GEMS497,0110,Instructor: TBA,5,5,0,2026-07-24 00:01:40
2026-07-23 23:40:40,GEMS497,0113,David Lovell,5,5,0,2026-07-24 00:01:40
2026-07-23 23:40:40,GEOG140,0101,Danghan Xie,216,71,0,2026-07-24 00:01:42
2026-07-23 23:40:40,GEOG140,FC01,Byron Marroquin,48,4,0,2026-07-24 00:01:42
2026-07-23 23:40:40,GEOG156,0101,Sergii Skakun,45,15,0,2026-07-24 00:01:43
2026-07-23 23:40:40,GEOG170,0101,Naijun Zhou,100,5,0,2026-07-24 00:01:43
2026-07-23 23:40:40,GEOG170,FC01,Obinna Anige,25,20,0,2026-07-24 00:01:43
2026-07-23 23:40:40,GEOG172,FC01,Evan Ellicott,24,0,0,2026-07-24 00:01:44
2026-07-23 23:40:40,GEOG201,0101,George Hurtt,216,52,0,2026-07-24 00:01:44
2026-07-23 23:40:40,GEOG202,0101,Xiangjie Chen,200,20,0,2026-07-24 00:01:44
2026-07-23 23:40:40,GEOG211,0101,George Hurtt,24,0,0,2026-07-24 00:01:45
2026-07-23 23:40:40,GEOG211,0201,George Hurtt,24,0,0,2026-07-24 00:01:45
2026-07-23 23:40:40,GEOG211,0301,George Hurtt,24,0,0,2026-07-24 00:01:45
2026-07-23 23:40:40,GEOG211,0401,George Hurtt,24,0,0,2026-07-24 00:01:45
2026-07-23 23:40:40,GEOG211,0501,George Hurtt,24,0,0,2026-07-24 00:01:45
2026-07-23 23:40:40,GEOG211,0601,George Hurtt,24,0,0,2026-07-24 00:01:45
2026-07-23 23:40:40,GEOG211,0701,George Hurtt,24,0,0,2026-07-24 00:01:45
2026-07-23 23:40:40,GEOG211,0801,George Hurtt,24,9,0,2026-07-24 00:01:45
2026-07-23 23:40:40,GEOG211,0901,George Hurtt,24,20,0,2026-07-24 00:01:45
2026-07-23 23:40:40,GEOG211,1001,George Hurtt,24,20,0,2026-07-24 00:01:45
2026-07-23 23:40:40,GEOG276,0101,Taylor Oshan,24,0,0,2026-07-24 00:01:45
2026-07-23 23:40:40,GEOG276,0102,Taylor Oshan,24,11,0,2026-07-24 00:01:45
2026-07-23 23:40:40,GEOG276,FC01,Ruohan Li,24,17,0,2026-07-24 00:01:45
2026-07-23 23:40:40,GEOG330,0101,Rachel Haber,22,3,0,2026-07-24 00:01:46
2026-07-23 23:40:40,GEOG330,0102,Rachel Haber,22,1,0,2026-07-24 00:01:46
2026-07-23 23:40:40,GEOG330,0103,Rachel Haber,22,1,0,2026-07-24 00:01:46
2026-07-23 23:40:40,GEOG330,0104,Rachel Haber,22,1,0,2026-07-24 00:01:46
2026-07-23 23:40:40,GEOG330,0105,Rachel Haber,22,3,0,2026-07-24 00:01:46
2026-07-23 23:40:40,GEOG330,0106,Rachel Haber,22,1,0,2026-07-24 00:01:46
2026-07-23 23:40:40,GEOG373,0101,Naijun Zhou,25,0,3,2026-07-24 00:01:46
2026-07-23 23:40:40,GEOG373,0102,Naijun Zhou,25,0,3,2026-07-24 00:01:46
2026-07-23 23:40:40,GEOG373,0103,Naijun Zhou,25,0,2,2026-07-24 00:01:46
2026-07-23 23:40:40,GEOG377,0101,Yiqun Xie,30,0,6,2026-07-24 00:01:47
2026-07-23 23:40:40,GEOG384,0101,Keith Yearwood,25,22,0,2026-07-24 00:01:47
2026-07-23 23:40:40,GEOG385,0101,Keith Yearwood,25,25,0,2026-07-24 00:01:48
2026-07-23 23:40:40,GEOG416,0101,Laixiang Sun,25,0,3,2026-07-24 00:01:49
2026-07-23 23:40:40,GEOG417,0101,Matthew Hansen,25,5,0,2026-07-24 00:01:49
2026-07-23 23:40:40,GEOG422,0101,Catherine Nakalembe,25,11,0,2026-07-24 00:01:49
2026-07-23 23:40:40,GEOG472,0101,John Armston,25,5,0,2026-07-24 00:01:50
2026-07-23 23:40:40,GEOG475,0101,Kathleen Stewart,24,3,0,2026-07-24 00:01:50
2026-07-23 23:40:40,GEOG475,0102,Kathleen Stewart,24,0,0,2026-07-24 00:01:50
2026-07-23 23:40:40,GEOG498B,0101,Meredith Gore,25,9,0,2026-07-24 00:01:51
2026-07-23 23:40:40,GEOG601,0101,Giovanni Baiocchi,30,21,0,2026-07-24 00:01:51
2026-07-23 23:40:40,GEOG617,0101,Matthew Hansen,15,15,0,2026-07-24 00:01:52
2026-07-23 23:40:40,GEOG652,PGS1,Xin Tao,35,19,0,2026-07-24 00:01:53
2026-07-23 23:40:40,GEOG652,PLG1,Xin Tao,20,15,0,2026-07-24 00:01:53
2026-07-23 23:40:40,GEOG653,PGS1,Jianguo Ma,40,23,0,2026-07-24 00:01:53
2026-07-23 23:40:40,GEOG653,PLG1,Jianguo Ma,25,22,0,2026-07-24 00:01:53
2026-07-23 23:40:40,GEOG654,PGS1,Jonathan Resop,35,30,0,2026-07-24 00:01:54
2026-07-23 23:40:40,GEOG654,PLG1,Jonathan Resop,25,23,0,2026-07-24 00:01:54
2026-07-23 23:40:40,GEOG661,PGS1,Jonathon Hathaway,20,13,0,2026-07-24 00:01:54
2026-07-23 23:40:40,GEOG661,PLG1,Jonathon Hathaway,15,5,0,2026-07-24 00:01:54
2026-07-23 23:40:40,GEOG662,PGS1,Ruibo Han,35,29,0,2026-07-24 00:01:54
2026-07-23 23:40:40,GEOG662,PLG1,Ruibo Han,25,18,0,2026-07-24 00:01:54
2026-07-23 23:40:40,GEOG686,PGS1,David Cook,25,24,0,2026-07-24 00:01:55
2026-07-23 23:40:40,GEOG686,PLG1,David Cook,15,13,0,2026-07-24 00:01:55
2026-07-23 23:40:40,GEOG788A,0101,Catherine Nakalembe,10,10,0,2026-07-24 00:01:56
2026-07-23 23:40:40,GEOG788B,0101,Meredith Gore,10,10,0,2026-07-24 00:01:56
2026-07-23 23:40:40,GEOG788Z,0101,Giovanni Baiocchi,25,25,0,2026-07-24 00:01:57
2026-07-23 23:40:40,GEOG797,PGS1,Jonathon Hathaway,35,33,0,2026-07-24 00:01:58
2026-07-23 23:40:40,GEOG797,PLG1,Jianguo Ma,35,32,0,2026-07-24 00:01:58
2026-07-23 23:40:40,GEOG798,0101,Tatiana Loboda,48,43,0,2026-07-24 00:01:58
2026-07-23 23:40:40,GEOL100,0101,Tracey Centorbi,99,0,0,2026-07-24 00:02:02
2026-07-23 23:40:40,GEOL100,0201,Ricardo Arevalo,99,22,0,2026-07-24 00:02:02
2026-07-23 23:40:40,GEOL104,0101,Thomas Holtz,60,0,2,2026-07-24 00:02:02
2026-07-23 23:40:40,GEOL110,0101,Instructor: TBA,24,6,0,2026-07-24 00:02:03
2026-07-23 23:40:40,GEOL110,0102,Instructor: TBA,24,0,0,2026-07-24 00:02:03
2026-07-23 23:40:40,GEOL110,0103,Instructor: TBA,24,1,0,2026-07-24 00:02:03
2026-07-23 23:40:40,GEOL110,0104,Instructor: TBA,24,0,1,2026-07-24 00:02:03
2026-07-23 23:40:40,GEOL110,0106,Instructor: TBA,24,0,2,2026-07-24 00:02:03
2026-07-23 23:40:40,GEOL110,0107,Instructor: TBA,24,0,7,2026-07-24 00:02:03
2026-07-23 23:40:40,GEOL110,0109,Instructor: TBA,24,0,0,2026-07-24 00:02:03
2026-07-23 23:40:40,GEOL120,0101,Tracey Centorbi,18,0,0,2026-07-24 00:02:03
2026-07-23 23:40:40,GEOL120,0102,Tracey Centorbi,18,0,0,2026-07-24 00:02:03
2026-07-23 23:40:40,GEOL120,0103,Tracey Centorbi,20,16,0,2026-07-24 00:02:03
2026-07-23 23:40:40,GEOL120,FC01,Tracey Centorbi,20,17,0,2026-07-24 00:02:03
2026-07-23 23:40:40,GEOL123,0201,Instructor: TBA,35,26,0,2026-07-24 00:02:04
2026-07-23 23:40:40,GEOL123,0202,Instructor: TBA,35,31,0,2026-07-24 00:02:04
2026-07-23 23:40:40,GEOL124,0101,Alan Kaufman,18,14,0,2026-07-24 00:02:04
2026-07-23 23:40:40,GEOL124,0102,Alan Kaufman,18,15,0,2026-07-24 00:02:04
2026-07-23 23:40:40,GEOL124,0103,Alan Kaufman,18,16,0,2026-07-24 00:02:04
2026-07-23 23:40:40,GEOL212,0101,John Merck,24,9,0,2026-07-24 00:02:05
2026-07-23 23:40:40,GEOL331,0101,John Merck,20,0,8,2026-07-24 00:02:05
2026-07-23 23:40:40,GEOL341,0101,Mong-Han Huang,20,5,0,2026-07-24 00:02:05
2026-07-23 23:40:40,GEOL342,0101,Cecilia Sanders,15,9,0,2026-07-24 00:02:06
2026-07-23 23:40:40,GEOL351,0101,Michael Evans,20,13,0,2026-07-24 00:02:06
2026-07-23 23:40:40,GEOL375,0101,James Carton,60,2,0,2026-07-24 00:02:07
2026-07-23 23:40:40,GEOL375,0201,James Carton,30,0,4,2026-07-24 00:02:07
2026-07-23 23:40:40,GEOL386,0301,Ricardo Arevalo,25,25,0,2026-07-24 00:02:07
2026-07-23 23:40:40,GEOL386,0501,Richard Walker,25,25,0,2026-07-24 00:02:07
2026-07-23 23:40:40,GEOL386,0601,Laurent Montesi,25,25,0,2026-07-24 00:02:07
2026-07-23 23:40:40,GEOL386,0701,Karen Prestegaard,25,25,0,2026-07-24 00:02:07
2026-07-23 23:40:40,GEOL386,0801,Ann Wylie,25,25,0,2026-07-24 00:02:07
2026-07-23 23:40:40,GEOL386,0901,Sarah Penniston-Dorland,25,25,0,2026-07-24 00:02:07
2026-07-23 23:40:40,GEOL386,1101,Michael Brown,25,25,0,2026-07-24 00:02:07
2026-07-23 23:40:40,GEOL386,1201,Alan Kaufman,25,25,0,2026-07-24 00:02:07
2026-07-23 23:40:40,GEOL386,1301,Philip Piccoli,25,25,0,2026-07-24 00:02:07
2026-07-23 23:40:40,GEOL386,1401,William McDonough,25,25,0,2026-07-24 00:02:07
2026-07-23 23:40:40,GEOL386,1501,Wenlu Zhu,25,25,0,2026-07-24 00:02:07
2026-07-23 23:40:40,GEOL386,1601,Igor Puchtel,25,25,0,2026-07-24 00:02:07
2026-07-23 23:40:40,GEOL386,1701,James Farquhar,25,25,0,2026-07-24 00:02:07
2026-07-23 23:40:40,GEOL386,1801,Thomas Holtz,25,25,0,2026-07-24 00:02:07
2026-07-23 23:40:40,GEOL386,1901,Michael Evans,25,25,0,2026-07-24 00:02:07
2026-07-23 23:40:40,GEOL386,2002,John Merck,25,25,0,2026-07-24 00:02:07
2026-07-23 23:40:40,GEOL386,2003,Sujay Kaushal,25,25,0,2026-07-24 00:02:07
2026-07-23 23:40:40,GEOL386,2004,Vedran Lekic,25,25,0,2026-07-24 00:02:07
2026-07-23 23:40:40,GEOL386,2006,Nicholas Schmerr,25,25,0,2026-07-24 00:02:07
2026-07-23 23:40:40,GEOL386,2007,Richard Ash,25,25,0,2026-07-24 00:02:07
2026-07-23 23:40:40,GEOL386,2008,Mong-Han Huang,25,25,0,2026-07-24 00:02:07
2026-07-23 23:40:40,GEOL386,2009,Megan Newcombe,25,25,0,2026-07-24 00:02:07
2026-07-23 23:40:40,GEOL386,2010,Daniel Lathrop,25,25,0,2026-07-24 00:02:07
2026-07-23 23:40:40,GEOL386,2011,Cedric Magen,25,25,0,2026-07-24 00:02:07
2026-07-23 23:40:40,GEOL386,2012,Mengqiang Zhu,25,25,0,2026-07-24 00:02:07
2026-07-23 23:40:40,GEOL393,0101,Philip Piccoli,15,5,0,2026-07-24 00:02:08
2026-07-23 23:40:40,GEOL423,0101,Sarah Penniston-Dorland,12,5,0,2026-07-24 00:02:08
2026-07-23 23:40:40,GEOL436,0101,Alan Kaufman,10,7,0,2026-07-24 00:02:09
2026-07-23 23:40:40,GEOL444,0101,Mengqiang Zhu,18,11,0,2026-07-24 00:02:09
2026-07-23 23:40:40,GEOL446,0101,Wenlu Zhu,23,15,0,2026-07-24 00:02:10
2026-07-23 23:40:40,GEOL451,0101,Wenlu Zhu,20,15,0,2026-07-24 00:02:10
2026-07-23 23:40:40,GEOL452,0101,Karen Prestegaard,39,22,0,2026-07-24 00:02:11
2026-07-23 23:40:40,GEOL453,0101,Sujay Kaushal,25,0,0,2026-07-24 00:02:11
2026-07-23 23:40:40,GEOL455,0101,Laurent Montesi,10,5,0,2026-07-24 00:02:11
2026-07-23 23:40:40,GEOL460,0101,Nicholas Schmerr,15,10,0,2026-07-24 00:02:12
2026-07-23 23:40:40,GEOL472,0101,Mong-Han Huang,20,20,0,2026-07-24 00:02:12
2026-07-23 23:40:40,GEOL488,0101,Cecilia Sanders,25,25,0,2026-07-24 00:02:13
2026-07-23 23:40:40,GEOL499,0301,Ricardo Arevalo,25,24,0,2026-07-24 00:02:13
2026-07-23 23:40:40,GEOL499,0501,Richard Walker,25,25,0,2026-07-24 00:02:13
2026-07-23 23:40:40,GEOL499,0601,Laurent Montesi,25,25,0,2026-07-24 00:02:13
2026-07-23 23:40:40,GEOL499,0701,Karen Prestegaard,25,25,0,2026-07-24 00:02:13
2026-07-23 23:40:40,GEOL499,0901,Sarah Penniston-Dorland,25,25,0,2026-07-24 00:02:13
2026-07-23 23:40:40,GEOL499,1201,Alan Kaufman,25,25,0,2026-07-24 00:02:13
2026-07-23 23:40:40,GEOL499,1301,Philip Piccoli,25,25,0,2026-07-24 00:02:13
2026-07-23 23:40:40,GEOL499,1501,Wenlu Zhu,25,25,0,2026-07-24 00:02:13
2026-07-23 23:40:40,GEOL499,1601,Igor Puchtel,25,25,0,2026-07-24 00:02:13
2026-07-23 23:40:40,GEOL499,1701,James Farquhar,25,25,0,2026-07-24 00:02:13
2026-07-23 23:40:40,GEOL499,1801,Thomas Holtz,25,25,0,2026-07-24 00:02:13
2026-07-23 23:40:40,GEOL499,1901,Michael Evans,25,25,0,2026-07-24 00:02:13
2026-07-23 23:40:40,GEOL499,2002,John Merck,25,25,0,2026-07-24 00:02:13
2026-07-23 23:40:40,GEOL499,2003,Sujay Kaushal,25,24,0,2026-07-24 00:02:13
2026-07-23 23:40:40,GEOL499,2004,Vedran Lekic,25,25,0,2026-07-24 00:02:13
2026-07-23 23:40:40,GEOL499,2006,Nicholas Schmerr,25,25,0,2026-07-24 00:02:13
2026-07-23 23:40:40,GEOL499,2007,Richard Ash,25,25,0,2026-07-24 00:02:13
2026-07-23 23:40:40,GEOL499,2008,Mong-Han Huang,25,25,0,2026-07-24 00:02:13
2026-07-23 23:40:40,GEOL499,2009,Megan Newcombe,25,25,0,2026-07-24 00:02:13
2026-07-23 23:40:40,GEOL499,2012,Mengqiang Zhu,25,25,0,2026-07-24 00:02:13
2026-07-23 23:40:40,GEOL499,2013,Cedric Magen,25,25,0,2026-07-24 00:02:13
2026-07-23 23:40:40,GEOL499,2014,Cecilia Sanders,25,25,0,2026-07-24 00:02:13
2026-07-23 23:40:40,GEOL636,0101,Sujay Kaushal,25,0,0,2026-07-24 00:02:14
2026-07-23 23:40:40,GEOL650,0101,Richard Walker,10,8,0,2026-07-24 00:02:14
2026-07-23 23:40:40,GEOL651,0101,Michael Evans,20,17,0,2026-07-24 00:02:14
2026-07-23 23:40:40,GEOL652,0101,Karen Prestegaard,39,38,0,2026-07-24 00:02:15
2026-07-23 23:40:40,GEOL655,0101,Laurent Montesi,10,10,0,2026-07-24 00:02:15
2026-07-23 23:40:40,GEOL670,0101,Jacob Wenegrat,6,5,0,2026-07-24 00:02:16
2026-07-23 23:40:40,GEOL670,AM01,Jacob Wenegrat,1,1,0,2026-07-24 00:02:16
2026-07-23 23:40:40,GEOL672,0101,Mong-Han Huang,20,20,0,2026-07-24 00:02:16
2026-07-23 23:40:40,GEOL688,0101,Cecilia Sanders,50,50,0,2026-07-24 00:02:17
2026-07-23 23:40:40,GEOL789A,0101,Instructor: TBA,20,20,0,2026-07-24 00:02:17
2026-07-23 23:40:40,GEOL789C,0101,Alan Kaufman,10,10,0,2026-07-24 00:02:17
2026-07-23 23:40:40,GEOL789F,0101,James Farquhar,12,12,0,2026-07-24 00:02:18
2026-07-23 23:40:40,GERS103,0101,Magnus Jensen,18,10,0,2026-07-24 00:02:21
2026-07-23 23:40:40,GERS103,0201,Magnus Jensen,18,15,0,2026-07-24 00:02:21
2026-07-23 23:40:40,GERS150,0101,Josh Alvizu,54,23,0,2026-07-24 00:02:22
2026-07-23 23:40:40,GERS203,0101,Magnus Jensen,18,12,0,2026-07-24 00:02:22
2026-07-23 23:40:40,GERS204,0101,Regina Haag,18,11,0,2026-07-24 00:02:23
2026-07-23 23:40:40,GERS303,0101,Regina Haag,15,10,0,2026-07-24 00:02:23
2026-07-23 23:40:40,GERS322,0101,Regina Haag,20,15,0,2026-07-24 00:02:23
2026-07-23 23:40:40,GERS322H,0101,Regina Haag,20,15,0,2026-07-24 00:02:24
2026-07-23 23:40:40,GERS442,0101,Julie Koser,20,16,0,2026-07-24 00:02:25
2026-07-23 23:40:40,GERS689L,0101,Julie Koser,20,16,0,2026-07-24 00:02:26
2026-07-23 23:40:40,GFPL100,0101,Joshua Itzkowitz Shifrinson,20,0,1,2026-07-24 00:02:29
2026-07-23 23:40:40,GFPL100,0102,Joshua Itzkowitz Shifrinson,20,0,1,2026-07-24 00:02:29
2026-07-23 23:40:40,GFPL100,0103,Joshua Itzkowitz Shifrinson,20,0,1,2026-07-24 00:02:29
2026-07-23 23:40:40,GFPL100,0104,Joshua Itzkowitz Shifrinson,20,0,1,2026-07-24 00:02:29
2026-07-23 23:40:40,GFPL100,0105,Joshua Itzkowitz Shifrinson,20,0,2,2026-07-24 00:02:29
2026-07-23 23:40:40,GFPL100,0106,Joshua Itzkowitz Shifrinson,25,0,1,2026-07-24 00:02:29
2026-07-23 23:40:40,GFPL100,FC01,Devin Entrikin,26,0,0,2026-07-24 00:02:29
2026-07-23 23:40:40,GFPL102,0101,Caroline Ritter,95,47,0,2026-07-24 00:02:29
2026-07-23 23:40:40,GFPL371,0101,Joshua Itzkowitz Shifrinson,35,0,0,2026-07-24 00:02:29
2026-07-23 23:40:40,GFPL388A,0101,Shannon Carcelli,5,5,0,2026-07-24 00:02:30
2026-07-23 23:40:40,GFPL388B,0101,Hyunki Kim,5,5,0,2026-07-24 00:02:30
2026-07-23 23:40:40,GFPL388C,0101,Scott Kastner,5,0,0,2026-07-24 00:02:31
2026-07-23 23:40:40,GFPL390,0101,Lena Andrews,20,0,11,2026-07-24 00:02:31
2026-07-23 23:40:40,GFPL490,0101,Michael Woldemariam,15,4,0,2026-07-24 00:02:32
2026-07-23 23:40:40,GFPL492,0101,Steven Fetter,20,6,0,2026-07-24 00:02:32
2026-07-23 23:40:40,GLBC200,0101,Chris Lewis,30,0,0,2026-07-24 00:02:34
2026-07-23 23:40:40,GLBC350,0101,Michele Mason,30,25,0,2026-07-24 00:02:34
2026-07-23 23:40:40,GRAD508,0101,Peter Steiner,20,20,0,2026-07-24 00:02:36
2026-07-23 23:40:40,GRAD508,0102,Wendy Sanhai,20,20,0,2026-07-24 00:02:36
2026-07-23 23:40:40,GRAD508,0103,Qingbin Cui,20,20,0,2026-07-24 00:02:36
2026-07-23 23:40:40,GREK101,0101,Gregory Bucher,10,4,0,2026-07-24 00:02:38
2026-07-23 23:40:40,GREK101,PBU1,Gregory Bucher,3,0,0,2026-07-24 00:02:38
2026-07-23 23:40:40,GREK111,0101,Polyvia Parara,15,10,0,2026-07-24 00:02:39
2026-07-23 23:40:40,GREK201,0101,Instructor: TBA,5,4,0,2026-07-24 00:02:40
2026-07-23 23:40:40,GREK201,PBU1,Instructor: TBA,3,2,0,2026-07-24 00:02:40
2026-07-23 23:40:40,GREK211,0101,Polyvia Parara,10,4,0,2026-07-24 00:02:41
2026-07-23 23:40:40,GREK398,0101,Polyvia Parara,5,4,0,2026-07-24 00:02:41
2026-07-23 23:40:40,GREK401,0101,Instructor: TBA,5,5,0,2026-07-24 00:02:42
2026-07-23 23:40:40,GREK488J,0101,Francisco Barrenechea,5,5,0,2026-07-24 00:02:43
2026-07-23 23:40:40,GREK488J,PBU1,Francisco Barrenechea,3,3,0,2026-07-24 00:02:43
2026-07-23 23:40:40,GREK688J,0101,Francisco Barrenechea,7,3,0,2026-07-24 00:02:44
2026-07-23 23:40:40,GVPT170,0101,Martin Kobren,22,6,0,2026-07-24 00:02:48
2026-07-23 23:40:40,GVPT170,0102,Martin Kobren,22,0,0,2026-07-24 00:02:48
2026-07-23 23:40:40,GVPT170,0103,Martin Kobren,22,1,0,2026-07-24 00:02:48
2026-07-23 23:40:40,GVPT170,0104,Martin Kobren,22,17,0,2026-07-24 00:02:48
2026-07-23 23:40:40,GVPT170,0105,Martin Kobren,22,6,0,2026-07-24 00:02:48
2026-07-23 23:40:40,GVPT170,0106,Martin Kobren,22,0,0,2026-07-24 00:02:48
2026-07-23 23:40:40,GVPT170,0107,Martin Kobren,22,10,0,2026-07-24 00:02:48
2026-07-23 23:40:40,GVPT170,0108,Martin Kobren,22,2,0,2026-07-24 00:02:48
2026-07-23 23:40:40,GVPT170,0109,Martin Kobren,22,8,0,2026-07-24 00:02:48
2026-07-23 23:40:40,GVPT170,FC01,Landon Blacknall,35,0,0,2026-07-24 00:02:48
2026-07-23 23:40:40,GVPT200,0101,Todd Allee,20,0,0,2026-07-24 00:02:49
2026-07-23 23:40:40,GVPT200,0102,Todd Allee,20,0,2,2026-07-24 00:02:49
2026-07-23 23:40:40,GVPT200,0103,Todd Allee,20,0,1,2026-07-24 00:02:49
2026-07-23 23:40:40,GVPT200,0104,Todd Allee,20,0,0,2026-07-24 00:02:49
2026-07-23 23:40:40,GVPT200,0105,Todd Allee,20,0,2,2026-07-24 00:02:49
2026-07-23 23:40:40,GVPT200,0106,Todd Allee,20,0,1,2026-07-24 00:02:49
2026-07-23 23:40:40,GVPT200,0107,Todd Allee,20,0,0,2026-07-24 00:02:49
2026-07-23 23:40:40,GVPT200,0108,Todd Allee,20,0,1,2026-07-24 00:02:49
2026-07-23 23:40:40,GVPT200,0109,Todd Allee,20,0,0,2026-07-24 00:02:49
2026-07-23 23:40:40,GVPT200,FC01,Zhenze Huang,32,0,2,2026-07-24 00:02:49
2026-07-23 23:40:40,GVPT201,0101,Johanna Birnir,22,9,0,2026-07-24 00:02:49
2026-07-23 23:40:40,GVPT201,0102,Johanna Birnir,22,1,0,2026-07-24 00:02:49
2026-07-23 23:40:40,GVPT201,0103,Johanna Birnir,22,0,0,2026-07-24 00:02:49
2026-07-23 23:40:40,GVPT201,0201,Johanna Birnir,22,10,0,2026-07-24 00:02:49
2026-07-23 23:40:40,GVPT201,0202,Johanna Birnir,22,2,0,2026-07-24 00:02:49
2026-07-23 23:40:40,GVPT201,0203,Johanna Birnir,21,6,0,2026-07-24 00:02:49
2026-07-23 23:40:40,GVPT201,0204,Johanna Birnir,22,19,0,2026-07-24 00:02:49
2026-07-23 23:40:40,GVPT201,0205,Johanna Birnir,22,7,0,2026-07-24 00:02:49
2026-07-23 23:40:40,GVPT201,0206,Johanna Birnir,22,10,0,2026-07-24 00:02:49
2026-07-23 23:40:40,GVPT202,0101,Patrick Wohlfarth,20,7,0,2026-07-24 00:02:50
2026-07-23 23:40:40,GVPT202,0102,Patrick Wohlfarth,20,5,0,2026-07-24 00:02:50
2026-07-23 23:40:40,GVPT202,0103,Patrick Wohlfarth,20,18,0,2026-07-24 00:02:50
2026-07-23 23:40:40,GVPT203,0101,Calvert Jones,18,0,0,2026-07-24 00:02:50
2026-07-23 23:40:40,GVPT203,0102,Calvert Jones,18,0,0,2026-07-24 00:02:50
2026-07-23 23:40:40,GVPT203,0103,Calvert Jones,18,2,0,2026-07-24 00:02:50
2026-07-23 23:40:40,GVPT203,0104,Calvert Jones,18,10,0,2026-07-24 00:02:50
2026-07-23 23:40:40,GVPT203,0105,Calvert Jones,18,5,0,2026-07-24 00:02:50
2026-07-23 23:40:40,GVPT203,0106,Calvert Jones,18,2,0,2026-07-24 00:02:50
2026-07-23 23:40:40,GVPT217,0101,William Mundy,38,38,0,2026-07-24 00:02:51
2026-07-23 23:40:40,GVPT221,0101,Piotr Swistak,25,0,3,2026-07-24 00:02:51
2026-07-23 23:40:40,GVPT241,0101,Sujith Kumar,22,0,0,2026-07-24 00:02:52
2026-07-23 23:40:40,GVPT241,0102,Sujith Kumar,22,0,0,2026-07-24 00:02:52
2026-07-23 23:40:40,GVPT241,0103,Sujith Kumar,22,9,0,2026-07-24 00:02:52
2026-07-23 23:40:40,GVPT241,0104,Sujith Kumar,22,0,0,2026-07-24 00:02:52
2026-07-23 23:40:40,GVPT241,0105,Sujith Kumar,22,0,0,2026-07-24 00:02:52
2026-07-23 23:40:40,GVPT241,0106,Sujith Kumar,22,0,0,2026-07-24 00:02:52
2026-07-23 23:40:40,GVPT241,0107,Sujith Kumar,22,0,0,2026-07-24 00:02:52
2026-07-23 23:40:40,GVPT241,0108,Sujith Kumar,22,0,0,2026-07-24 00:02:52
2026-07-23 23:40:40,GVPT241,FC01,Sujith Kumar,32,1,0,2026-07-24 00:02:52
2026-07-23 23:40:40,GVPT273,FC01,Conny Kazungu Sigel,32,5,0,2026-07-24 00:02:52
2026-07-23 23:40:40,GVPT280,0101,Marcus Johnson,108,0,12,2026-07-24 00:02:52
2026-07-23 23:40:40,GVPT306,0101,Conny Kazungu Sigel,27,0,8,2026-07-24 00:02:53
2026-07-23 23:40:40,GVPT318C,0101,Allison Berland,20,9,0,2026-07-24 00:02:53
2026-07-23 23:40:40,GVPT319N,0101,Grace Benton,5,0,1,2026-07-24 00:02:54
2026-07-23 23:40:40,GVPT320,0101,Candace Turitto,27,0,12,2026-07-24 00:02:54
2026-07-23 23:40:40,GVPT354,0101,John McCauley,16,11,0,2026-07-24 00:02:55
2026-07-23 23:40:40,GVPT354,0102,John McCauley,16,7,0,2026-07-24 00:02:55
2026-07-23 23:40:40,GVPT354,0103,John McCauley,16,0,0,2026-07-24 00:02:55
2026-07-23 23:40:40,GVPT354,0104,John McCauley,9,3,0,2026-07-24 00:02:55
2026-07-23 23:40:40,GVPT354,0105,John McCauley,9,4,0,2026-07-24 00:02:55
2026-07-23 23:40:40,GVPT354,0106,John McCauley,9,1,0,2026-07-24 00:02:55
2026-07-23 23:40:40,GVPT356,0101,Stacy Kosko,30,22,0,2026-07-24 00:02:55
2026-07-23 23:40:40,GVPT357,0101,Jacob Lamason,30,25,0,2026-07-24 00:02:56
2026-07-23 23:40:40,GVPT368A,0101,Ilai Saltzman,35,0,2,2026-07-24 00:02:56
2026-07-23 23:40:40,GVPT368C,0101,Janelle Wong,27,0,12,2026-07-24 00:02:57
2026-07-23 23:40:40,GVPT368F,0101,Marwa Maziad,30,2,0,2026-07-24 00:02:57
2026-07-23 23:40:40,GVPT368K,0101,Adina Friedman,35,27,0,2026-07-24 00:02:57
2026-07-23 23:40:40,GVPT368R,0101,Morad Elsana,25,12,0,2026-07-24 00:02:58
2026-07-23 23:40:40,GVPT368T,0101,Elli Lieberman,35,19,0,2026-07-24 00:02:58
2026-07-23 23:40:40,GVPT368V,0101,Joshua Itzkowitz Shifrinson,5,0,8,2026-07-24 00:02:59
2026-07-23 23:40:40,GVPT368W,0101,Periloux Peay,30,0,5,2026-07-24 00:02:59
2026-07-23 23:40:40,GVPT368X,0101,Lena Andrews,5,0,17,2026-07-24 00:03:00
2026-07-23 23:40:40,GVPT368Z,0101,Michael Woldemariam,5,0,0,2026-07-24 00:03:00
2026-07-23 23:40:40,GVPT377,0101,Sam Novey,40,40,0,2026-07-24 00:03:01
2026-07-23 23:40:40,GVPT388M,0101,William Mundy,38,38,0,2026-07-24 00:03:02
2026-07-23 23:40:40,GVPT390,0101,Piotr Swistak,25,0,3,2026-07-24 00:03:02
2026-07-23 23:40:40,GVPT404,0101,Shannon Carcelli,22,0,14,2026-07-24 00:03:03
2026-07-23 23:40:40,GVPT406,0101,Todd Allee,27,10,0,2026-07-24 00:03:04
2026-07-23 23:40:40,GVPT409B,0101,Sean Ashley,27,21,0,2026-07-24 00:03:04
2026-07-23 23:40:40,GVPT409C,0101,Instructor: TBA,27,2,0,2026-07-24 00:03:05
2026-07-23 23:40:40,GVPT409I,0101,Paul Huth,22,0,3,2026-07-24 00:03:05
2026-07-23 23:40:40,GVPT409R,0101,Sean Ashley,27,23,0,2026-07-24 00:03:06
2026-07-23 23:40:40,GVPT410,0101,Kathleen Cunningham,27,0,4,2026-07-24 00:03:06
2026-07-23 23:40:40,GVPT411,0101,David Cunningham,22,0,0,2026-07-24 00:03:06
2026-07-23 23:40:40,GVPT412,0101,Kathleen Cunningham,22,0,1,2026-07-24 00:03:07
2026-07-23 23:40:40,GVPT413,0101,Hyunki Kim,22,0,3,2026-07-24 00:03:08
2026-07-23 23:40:40,GVPT414,0101,Scott Kastner,22,0,6,2026-07-24 00:03:08
2026-07-23 23:40:40,GVPT429F,0101,Fiona Shen-Bayh,22,7,0,2026-07-24 00:03:08
2026-07-23 23:40:40,GVPT429K,0101,Neil Lund,22,1,0,2026-07-24 00:03:09
2026-07-23 23:40:40,GVPT429T,0101,Ernesto Calvo,22,0,5,2026-07-24 00:03:09
2026-07-23 23:40:40,GVPT431,0101,Martin Kobren,70,16,0,2026-07-24 00:03:10
2026-07-23 23:40:40,GVPT439K,0101,Brian Gilmore,5,0,8,2026-07-24 00:03:10
2026-07-23 23:40:40,GVPT439M,0101,Michael Spivey,20,13,0,2026-07-24 00:03:10
2026-07-23 23:40:40,GVPT439N,0101,Michael Spivey,15,11,0,2026-07-24 00:03:11
2026-07-23 23:40:40,GVPT439O,0101,Michael Spivey,5,4,0,2026-07-24 00:03:11
2026-07-23 23:40:40,GVPT439R,0101,Nancy Schertzing,5,0,0,2026-07-24 00:03:12
2026-07-23 23:40:40,GVPT439T,0101,Christine White,5,0,2,2026-07-24 00:03:12
2026-07-23 23:40:40,GVPT449D,0101,Justin Helms,2,1,0,2026-07-24 00:03:13
2026-07-23 23:40:40,GVPT449D,0102,Justin Helms,2,1,0,2026-07-24 00:03:13
2026-07-23 23:40:40,GVPT449D,0103,Justin Helms,2,1,0,2026-07-24 00:03:13
2026-07-23 23:40:40,GVPT454,0101,Margaret Pearson,27,8,0,2026-07-24 00:03:13
2026-07-23 23:40:40,GVPT457,0101,Shannon Carcelli,27,0,0,2026-07-24 00:03:13
2026-07-23 23:40:40,GVPT459D,0101,Allison Berland,27,2,0,2026-07-24 00:03:14
2026-07-23 23:40:40,GVPT459F,0101,Allison Berland,27,0,0,2026-07-24 00:03:14
2026-07-23 23:40:40,GVPT459H,0101,Isabella Alcaniz,20,15,0,2026-07-24 00:03:15
2026-07-23 23:40:40,GVPT459K,0101,Vladimir Tismaneanu,27,0,3,2026-07-24 00:03:15
2026-07-23 23:40:40,GVPT459O,0101,John McCauley,27,16,0,2026-07-24 00:03:16
2026-07-23 23:40:40,GVPT459R,0101,Vladimir Tismaneanu,27,0,1,2026-07-24 00:03:16
2026-07-23 23:40:40,GVPT459Y,0101,Calvert Jones,27,21,0,2026-07-24 00:03:16
2026-07-23 23:40:40,GVPT461,0101,Richard Engstrom,27,9,0,2026-07-24 00:03:17
2026-07-23 23:40:40,GVPT474,0101,David Karol,27,16,0,2026-07-24 00:03:17
2026-07-23 23:40:40,GVPT479Q,0101,Chryl Laird,27,0,0,2026-07-24 00:03:18
2026-07-23 23:40:40,GVPT482,0101,Isabella Alcaniz,27,0,1,2026-07-24 00:03:18
2026-07-23 23:40:40,GVPT600,0101,Kristina Miler,12,5,0,2026-07-24 00:03:19
2026-07-23 23:40:40,GVPT601,0101,Richard Engstrom,15,13,0,2026-07-24 00:03:19
2026-07-23 23:40:40,GVPT601,PCA1,Richard Engstrom,10,7,0,2026-07-24 00:03:19
2026-07-23 23:40:40,GVPT604,0101,Deniz Cil,20,4,0,2026-07-24 00:03:19
2026-07-23 23:40:40,GVPT604,PCR1,Deniz Cil,20,15,0,2026-07-24 00:03:19
2026-07-23 23:40:40,GVPT622,0101,David Cunningham,12,5,0,2026-07-24 00:03:20
2026-07-23 23:40:40,GVPT622,PCA1,Jacob Aronson,15,5,0,2026-07-24 00:03:20
2026-07-23 23:40:40,GVPT622,PCR1,Jacob Aronson,45,17,0,2026-07-24 00:03:20
2026-07-23 23:40:40,GVPT628,0101,Neil Lund,20,18,0,2026-07-24 00:03:20
2026-07-23 23:40:40,GVPT628,PCA1,Neil Lund,10,7,0,2026-07-24 00:03:20
2026-07-23 23:40:40,GVPT635,PCA1,Candace Turitto,15,6,0,2026-07-24 00:03:21
2026-07-23 23:40:40,GVPT708A,0101,Scott Kastner,12,8,0,2026-07-24 00:03:21
2026-07-23 23:40:40,GVPT708A,0201,Hyunki Kim,15,14,0,2026-07-24 00:03:21
2026-07-23 23:40:40,GVPT708A,PCR1,Hyunki Kim,40,19,0,2026-07-24 00:03:21
2026-07-23 23:40:40,GVPT729A,0101,Michael Hanmer,12,9,0,2026-07-24 00:03:21
2026-07-23 23:40:40,GVPT729M,0101,Ernesto Calvo,12,4,0,2026-07-24 00:03:22
2026-07-23 23:40:40,GVPT735,PCA1,Richard Engstrom,15,7,0,2026-07-24 00:03:22
2026-07-23 23:40:40,GVPT761,0101,Virginia Haufler,12,9,0,2026-07-24 00:03:23
2026-07-23 23:40:40,GVPT761,PCR1,Jennifer Wallace,37,5,0,2026-07-24 00:03:23
2026-07-23 23:40:40,GVPT770,0101,Kristina Miler,12,9,0,2026-07-24 00:03:23
2026-07-23 23:40:40,GVPT803,PCR1,Deniz Cil,35,5,0,2026-07-24 00:03:24
2026-07-23 23:40:40,GVPT874,0101,David Karol,12,8,0,2026-07-24 00:03:24
2026-07-23 23:40:40,GVPT888D,0101,Margaret Pearson,12,3,0,2026-07-24 00:03:25
2026-07-23 23:40:40,HACS100,0101,Cassie Harrington,40,0,0,2026-07-24 00:03:28
2026-07-23 23:40:40,HACS100,0201,Cassie Harrington,40,18,0,2026-07-24 00:03:28
2026-07-23 23:40:40,HACS200,0101,Michel Cukier,34,10,0,2026-07-24 00:03:28
2026-07-23 23:40:40,HACS200,0201,Michel Cukier,34,0,0,2026-07-24 00:03:28
2026-07-23 23:40:40,HACS202,0101,Bertrand Sobesto,52,15,0,2026-07-24 00:03:28
2026-07-23 23:40:40,HACS208A,0101,Lawrence Gordon,20,0,5,2026-07-24 00:03:29
2026-07-23 23:40:40,HACS208C,0101,Lamia Zia,26,10,0,2026-07-24 00:03:29
2026-07-23 23:40:40,HACS208P,0101,Charles Harry,26,0,1,2026-07-24 00:03:30
2026-07-23 23:40:40,HACS297,0101,Sarah Herberger,25,10,0,2026-07-24 00:03:31
2026-07-23 23:40:40,HACS408E,0101,Luke Mains,30,10,0,2026-07-24 00:03:31
2026-07-23 23:40:40,HACS408L,0101,Ian Serbin,30,0,0,2026-07-24 00:03:32
2026-07-23 23:40:40,HACS408M,0101,John McGahagan,30,0,4,2026-07-24 00:03:32
2026-07-23 23:40:40,HACS498,0101,Thomas Woods,7,1,0,2026-07-24 00:03:33
2026-07-23 23:40:40,HACS498,0201,Instructor: TBA,9,0,0,2026-07-24 00:03:33
2026-07-23 23:40:40,HACS498,0301,Kaitlyn Laohoo,8,0,0,2026-07-24 00:03:33
2026-07-23 23:40:40,HBUS100,0101,Jui Ramaprasad,72,7,0,2026-07-24 00:03:35
2026-07-23 23:40:40,HBUS200,0101,Nicole Coomber,60,4,0,2026-07-24 00:03:35
2026-07-23 23:40:40,HDCC105,0101,Instructor: TBA,70,10,0,2026-07-24 00:03:37
2026-07-23 23:40:40,HDCC201,0101,Jessica Lu,22,0,0,2026-07-24 00:03:38
2026-07-23 23:40:40,HDCC201,0201,Jessica Lu,22,0,0,2026-07-24 00:03:38
2026-07-23 23:40:40,HDCC201,0301,Jessica Lu,22,6,0,2026-07-24 00:03:38
2026-07-23 23:40:40,HDCC208A,0101,William Evans,14,0,0,2026-07-24 00:03:38
2026-07-23 23:40:40,HDCC208J,0101,Grant Bollmer,14,0,0,2026-07-24 00:03:38
2026-07-23 23:40:40,HDCC208P,0101,Cliff Bakalian,14,0,0,2026-07-24 00:03:39
2026-07-23 23:40:40,HDCC208T,0101,Instructor: TBA,14,0,0,2026-07-24 00:03:39
2026-07-23 23:40:40,HDCC208Z,0101,M Sauter,14,6,0,2026-07-24 00:03:40
2026-07-23 23:40:40,HDCC379,0101,Instructor: TBA,5,4,0,2026-07-24 00:03:40
2026-07-23 23:40:40,HEBR106,0101,Avital Karpman,15,2,0,2026-07-24 00:03:42
2026-07-23 23:40:40,HEBR106,0201,Avital Karpman,15,10,0,2026-07-24 00:03:42
2026-07-23 23:40:40,HEBR206,0101,Avital Karpman,15,8,0,2026-07-24 00:03:42
2026-07-23 23:40:40,HEBR249C,0101,Aliza Sandalon,15,0,0,2026-07-24 00:03:43
2026-07-23 23:40:40,HEBR298B,0101,Matthew Suriano,25,0,0,2026-07-24 00:03:43
2026-07-23 23:40:40,HEBR313,0101,Aliza Sandalon,20,0,2,2026-07-24 00:03:44
2026-07-23 23:40:40,HESI202,0101,Julie Park,18,18,0,2026-07-24 00:03:46
2026-07-23 23:40:40,HESI310,0101,Mike Golze,25,22,0,2026-07-24 00:03:47
2026-07-23 23:40:40,HESI310,0201,Laura Widener,25,15,0,2026-07-24 00:03:47
2026-07-23 23:40:40,HESI318K,0101,Swati Sah,20,20,0,2026-07-24 00:03:47
2026-07-23 23:40:40,HESI318R,0101,Meghan Loughry,12,12,0,2026-07-24 00:03:47
2026-07-23 23:40:40,HESI318T,0101,Meghan Loughry,10,1,0,2026-07-24 00:03:48
2026-07-23 23:40:40,HESI423,0101,Brandon Dula,25,0,4,2026-07-24 00:03:48
2026-07-23 23:40:40,HESI424,0101,Ari Israel,35,0,0,2026-07-24 00:03:49
2026-07-23 23:40:40,HESI672,0101,Kristan Skendall,15,11,0,2026-07-24 00:03:49
2026-07-23 23:40:40,HESP120,0101,Jose Ortiz,40,0,0,2026-07-24 00:03:51
2026-07-23 23:40:40,HESP120,FC01,Mairin Batten,36,19,0,2026-07-24 00:03:51
2026-07-23 23:40:40,HESP202,0101,Monica Allgauer,100,56,0,2026-07-24 00:03:52
2026-07-23 23:40:40,HESP214,0101,Jared Novick,27,0,0,2026-07-24 00:03:52
2026-07-23 23:40:40,HESP214,FC02,Emily Lord,20,0,0,2026-07-24 00:03:52
2026-07-23 23:40:40,HESP250,PDH1,Manaar Zuhurudeen,30,27,0,2026-07-24 00:03:53
2026-07-23 23:40:40,HESP300,0101,Yi Ting Huang,45,10,0,2026-07-24 00:03:53
2026-07-23 23:40:40,HESP305,0101,Jennifer Myers,40,2,0,2026-07-24 00:03:54
2026-07-23 23:40:40,HESP311,0101,Lacey Curry,40,31,0,2026-07-24 00:03:54
2026-07-23 23:40:40,HESP313,PDH1,Jessica Duran,30,23,0,2026-07-24 00:03:54
2026-07-23 23:40:40,HESP396,0101,Candace Nuzzo Michiels,10,5,0,2026-07-24 00:03:56
2026-07-23 23:40:40,HESP397,0101,Candace Nuzzo Michiels,10,6,0,2026-07-24 00:03:56
2026-07-23 23:40:40,HESP400,0101,Rochelle Newman,45,23,0,2026-07-24 00:03:57
2026-07-23 23:40:40,HESP400,PDH1,Tonya Williams-Walker,30,25,0,2026-07-24 00:03:57
2026-07-23 23:40:40,HESP403,0101,Rochelle Newman,45,13,0,2026-07-24 00:03:57
2026-07-23 23:40:40,HESP411,0101,Stacey Kane,50,2,0,2026-07-24 00:03:57
2026-07-23 23:40:40,HESP411,PDH1,Christopher Zalewski,30,21,0,2026-07-24 00:03:57
2026-07-23 23:40:40,HESP413,PDH1,Monica Allgauer,30,23,0,2026-07-24 00:03:58
2026-07-23 23:40:40,HESP415,0101,Jessica Wertz,45,12,0,2026-07-24 00:03:58
2026-07-23 23:40:40,HESP416,0101,Danielle Powell,25,18,0,2026-07-24 00:03:59
2026-07-23 23:40:40,HESP468H,0101,Jared Novick,10,5,0,2026-07-24 00:03:59
2026-07-23 23:40:40,HESP601,0101,Rochelle Newman,10,10,0,2026-07-24 00:04:03
2026-07-23 23:40:40,HESP606,0101,Kimberly Jenkins,9,9,0,2026-07-24 00:04:03
2026-07-23 23:40:40,HESP610,0101,Yasmeen Shah,30,30,0,2026-07-24 00:04:03
2026-07-23 23:40:40,HESP613,0101,Jonet Artis,31,31,0,2026-07-24 00:04:04
2026-07-23 23:40:40,HESP616,0101,Nan Ratner,30,30,0,2026-07-24 00:04:04
2026-07-23 23:40:40,HESP624,0101,Clarissa Ocampo,30,20,0,2026-07-24 00:04:05
2026-07-23 23:40:40,HESP626,0101,Nan Ratner,30,19,0,2026-07-24 00:04:05
2026-07-23 23:40:40,HESP630,0101,Samira Anderson,15,13,0,2026-07-24 00:04:06
2026-07-23 23:40:40,HESP639D,0101,Ashley Webb,30,24,0,2026-07-24 00:04:06
2026-07-23 23:40:40,HESP645,0101,Stacey Kane,15,13,0,2026-07-24 00:04:07
2026-07-23 23:40:40,HESP648A,2101,Jessica Wertz,5,5,0,2026-07-24 00:04:07
2026-07-23 23:40:40,HESP648A,2301,Eliza Thompson,5,5,0,2026-07-24 00:04:07
2026-07-23 23:40:40,HESP648A,2801,Eusebia Mont,5,5,0,2026-07-24 00:04:07
2026-07-23 23:40:40,HESP648A,3401,Ashley Webb,5,5,0,2026-07-24 00:04:07
2026-07-23 23:40:40,HESP648A,3601,Kristin Slawson,5,5,0,2026-07-24 00:04:07
2026-07-23 23:40:40,HESP648A,3701,Kathy Dow-Burger,5,5,0,2026-07-24 00:04:07
2026-07-23 23:40:40,HESP648A,XHE1,Instructor: TBA,5,5,0,2026-07-24 00:04:07
2026-07-23 23:40:40,HESP648B,2101,Jessica Wertz,5,5,0,2026-07-24 00:04:08
2026-07-23 23:40:40,HESP648B,2301,Eliza Thompson,5,5,0,2026-07-24 00:04:08
2026-07-23 23:40:40,HESP648B,2801,Eusebia Mont,5,5,0,2026-07-24 00:04:08
2026-07-23 23:40:40,HESP648B,3301,Courtney Overton,5,5,0,2026-07-24 00:04:08
2026-07-23 23:40:40,HESP648B,3401,Ashley Webb,5,5,0,2026-07-24 00:04:08
2026-07-23 23:40:40,HESP648B,3701,Kathy Dow-Burger,5,5,0,2026-07-24 00:04:08
2026-07-23 23:40:40,HESP649A,1101,Lacey Curry,10,9,0,2026-07-24 00:04:08
2026-07-23 23:40:40,HESP649A,1501,Sarah Menendez,5,5,0,2026-07-24 00:04:08
2026-07-23 23:40:40,HESP649A,2401,Christina Shields,5,5,0,2026-07-24 00:04:08
2026-07-23 23:40:40,HESP649A,3201,Nicole Nguyen,5,5,0,2026-07-24 00:04:08
2026-07-23 23:40:40,HESP649A,3501,Instructor: TBA,5,5,0,2026-07-24 00:04:08
2026-07-23 23:40:40,HESP700,0101,Eric Hoover,10,10,0,2026-07-24 00:04:09
2026-07-23 23:40:40,HESP702,0101,Eliza Thompson,30,30,0,2026-07-24 00:04:09
2026-07-23 23:40:40,HESP710,0101,Eric Hoover,20,16,0,2026-07-24 00:04:10
2026-07-23 23:40:40,HESP712,0101,Matthew Goupell,12,9,0,2026-07-24 00:04:11
2026-07-23 23:40:40,HESP722,0101,Matthew Goupell,15,14,0,2026-07-24 00:04:11
2026-07-23 23:40:40,HESP729,1301,Instructor: TBA,20,20,0,2026-07-24 00:04:12
2026-07-23 23:40:40,HESP729,3201,Nicole Nguyen,20,17,0,2026-07-24 00:04:12
2026-07-23 23:40:40,HESP732,0101,Lacey Curry,15,15,0,2026-07-24 00:04:12
2026-07-23 23:40:40,HESP734,0101,Christina Shields,25,25,0,2026-07-24 00:04:13
2026-07-23 23:40:40,HESP736,2201,Samira Anderson,15,13,0,2026-07-24 00:04:13
2026-07-23 23:40:40,HESP829,1301,Instructor: TBA,5,5,0,2026-07-24 00:04:14
2026-07-23 23:40:40,HESP829,3201,Nicole Nguyen,5,2,0,2026-07-24 00:04:14
2026-07-23 23:40:40,HGLO100,0101,Alfredo Oliveira,22,8,0,2026-07-24 00:04:17
2026-07-23 23:40:40,HGLO100,0102,Natalie Vinski Ibrahim,22,9,0,2026-07-24 00:04:17
2026-07-23 23:40:40,HGLO100,0103,Natalie Vinski Ibrahim,22,2,0,2026-07-24 00:04:17
2026-07-23 23:40:40,HGLO100,0104,Alfredo Oliveira,22,14,0,2026-07-24 00:04:17
2026-07-23 23:40:40,HGLO101,0101,Sarah Croco,23,0,0,2026-07-24 00:04:18
2026-07-23 23:40:40,HGLO101,0102,Sarah Croco,22,9,0,2026-07-24 00:04:18
2026-07-23 23:40:40,HGLO101,0103,Sarah Croco,22,10,0,2026-07-24 00:04:18
2026-07-23 23:40:40,HGLO101,0104,Sarah Croco,22,16,0,2026-07-24 00:04:18
2026-07-23 23:40:40,HGLO208,0101,Sarah Croco,45,11,0,2026-07-24 00:04:18
2026-07-23 23:40:40,HHUM105,0101,Carla Della Gatta,17,7,0,2026-07-24 00:04:20
2026-07-23 23:40:40,HHUM105,0102,Carla Della Gatta,17,4,0,2026-07-24 00:04:20
2026-07-23 23:40:40,HHUM105,0103,Carla Della Gatta,17,2,0,2026-07-24 00:04:20
2026-07-23 23:40:40,HHUM105,0104,Carla Della Gatta,17,2,0,2026-07-24 00:04:20
2026-07-23 23:40:40,HHUM205,0101,Kate Spanos,18,2,0,2026-07-24 00:04:21
2026-07-23 23:40:40,HHUM205,0102,Kristopher Oliveira,18,0,0,2026-07-24 00:04:21
2026-07-23 23:40:40,HHUM205,0104,Max Barnewitz,18,3,0,2026-07-24 00:04:21
2026-07-23 23:40:40,HHUM328,0101,Sarah Humud,12,10,0,2026-07-24 00:04:21
2026-07-23 23:40:40,HHUM328,0102,Sarah Humud,12,11,0,2026-07-24 00:04:21
2026-07-23 23:40:40,HHUM328,0103,Sarah Humud,12,12,0,2026-07-24 00:04:21
2026-07-23 23:40:40,HHUM329,0101,Carla Della Gatta,8,7,0,2026-07-24 00:04:21
2026-07-23 23:40:40,HISP200,0101,Stefan Woehlke,17,0,0,2026-07-24 00:04:23
2026-07-23 23:40:40,HISP200,0102,Stefan Woehlke,21,0,0,2026-07-24 00:04:23
2026-07-23 23:40:40,HISP200,0103,Stefan Woehlke,21,1,0,2026-07-24 00:04:23
2026-07-23 23:40:40,HISP200,0104,Stefan Woehlke,21,6,0,2026-07-24 00:04:23
2026-07-23 23:40:40,HISP200,0105,Stefan Woehlke,17,6,0,2026-07-24 00:04:23
2026-07-23 23:40:40,HISP319K,0101,Michelle Magalong,24,5,0,2026-07-24 00:04:24
2026-07-23 23:40:40,HISP319P,0101,Stefan Woehlke,20,19,0,2026-07-24 00:04:24
2026-07-23 23:40:40,HISP600,0101,Susan Kern,20,16,0,2026-07-24 00:04:25
2026-07-23 23:40:40,HISP611,0101,Donald Linebaugh,15,12,0,2026-07-24 00:04:25
2026-07-23 23:40:40,HISP619K,0101,Michelle Magalong,5,5,0,2026-07-24 00:04:25
2026-07-23 23:40:40,HISP619P,0101,Stefan Woehlke,10,10,0,2026-07-24 00:04:26
2026-07-23 23:40:40,HISP619S,0101,Susan Kern,17,17,0,2026-07-24 00:04:26
2026-07-23 23:40:40,HISP619T,0101,Stefan Woehlke,12,12,0,2026-07-24 00:04:27
2026-07-23 23:40:40,HISP629,0101,Susan Kern,1,1,0,2026-07-24 00:04:27
2026-07-23 23:40:40,HISP629,0102,Michelle Magalong,1,1,0,2026-07-24 00:04:27
2026-07-23 23:40:40,HISP650,0101,Stefan Woehlke,15,14,0,2026-07-24 00:04:28
2026-07-23 23:40:40,HISP655,0101,Donald Linebaugh,15,11,0,2026-07-24 00:04:28
2026-07-23 23:40:40,HISP660,0101,Susan Kern,10,10,0,2026-07-24 00:04:28
2026-07-23 23:40:40,HISP680,0101,Cristina Amoruso,15,11,0,2026-07-24 00:04:29
2026-07-23 23:40:40,HISP701,0101,Susan Kern,10,10,0,2026-07-24 00:04:29
2026-07-23 23:40:40,HISP710,0101,Susan Kern,10,10,0,2026-07-24 00:04:30
2026-07-23 23:40:40,HISP711,0101,Susan Kern,10,10,0,2026-07-24 00:04:30
2026-07-23 23:40:40,HIST106,0101,Marsha Rozenblit,40,28,0,2026-07-24 00:04:32
2026-07-23 23:40:40,HIST110,0101,Christopher Halsted,23,12,0,2026-07-24 00:04:33
2026-07-23 23:40:40,HIST110,0102,Christopher Halsted,23,0,0,2026-07-24 00:04:33
2026-07-23 23:40:40,HIST110,0103,Christopher Halsted,23,13,0,2026-07-24 00:04:33
2026-07-23 23:40:40,HIST111,0101,Janna Bianchini,23,7,0,2026-07-24 00:04:33
2026-07-23 23:40:40,HIST111,0102,Janna Bianchini,23,1,0,2026-07-24 00:04:33
2026-07-23 23:40:40,HIST111,0103,Janna Bianchini,23,0,0,2026-07-24 00:04:33
2026-07-23 23:40:40,HIST111,0104,Janna Bianchini,23,0,0,2026-07-24 00:04:33
2026-07-23 23:40:40,HIST111,0105,Janna Bianchini,23,0,0,2026-07-24 00:04:33
2026-07-23 23:40:40,HIST111,0106,Janna Bianchini,23,2,0,2026-07-24 00:04:33
2026-07-23 23:40:40,HIST111,FC01,Christopher Halsted,25,0,0,2026-07-24 00:04:33
2026-07-23 23:40:40,HIST113,0101,Caroline Ritter,40,26,0,2026-07-24 00:04:34
2026-07-23 23:40:40,HIST120,0101,Antoine Borrut,40,0,1,2026-07-24 00:04:34
2026-07-23 23:40:40,HIST122,0101,Paul Landau,40,13,0,2026-07-24 00:04:35
2026-07-23 23:40:40,HIST134,0101,Michael Ross,20,0,0,2026-07-24 00:04:35
2026-07-23 23:40:40,HIST134,0102,Michael Ross,20,0,0,2026-07-24 00:04:35
2026-07-23 23:40:40,HIST134,0103,Michael Ross,20,0,0,2026-07-24 00:04:35
2026-07-23 23:40:40,HIST134,0104,Michael Ross,20,0,0,2026-07-24 00:04:35
2026-07-23 23:40:40,HIST134,0105,Michael Ross,20,0,0,2026-07-24 00:04:35
2026-07-23 23:40:40,HIST134,0106,Michael Ross,20,0,0,2026-07-24 00:04:35
2026-07-23 23:40:40,HIST134S,0201,Michael Ross,27,11,0,2026-07-24 00:04:35
2026-07-23 23:40:40,HIST135,0101,Bernard Cooperman,20,5,0,2026-07-24 00:04:36
2026-07-23 23:40:40,HIST135,0102,Bernard Cooperman,20,1,0,2026-07-24 00:04:36
2026-07-23 23:40:40,HIST135,0103,Bernard Cooperman,20,2,0,2026-07-24 00:04:36
2026-07-23 23:40:40,HIST143,0101,Alejandro Caneque,40,17,0,2026-07-24 00:04:36
2026-07-23 23:40:40,HIST200,0101,Richard Bell,20,4,0,2026-07-24 00:04:37
2026-07-23 23:40:40,HIST200,0102,Richard Bell,20,11,0,2026-07-24 00:04:37
2026-07-23 23:40:40,HIST200,0103,Richard Bell,20,11,0,2026-07-24 00:04:37
2026-07-23 23:40:40,HIST200,0104,Richard Bell,20,15,0,2026-07-24 00:04:37
2026-07-23 23:40:40,HIST200,0105,Richard Bell,20,12,0,2026-07-24 00:04:37
2026-07-23 23:40:40,HIST200,0106,Richard Bell,20,17,0,2026-07-24 00:04:37
2026-07-23 23:40:40,HIST200,FC01,Howard Smead,20,0,0,2026-07-24 00:04:37
2026-07-23 23:40:40,HIST201,0101,Howard Smead,20,5,0,2026-07-24 00:04:37
2026-07-23 23:40:40,HIST201,0102,Howard Smead,20,2,0,2026-07-24 00:04:37
2026-07-23 23:40:40,HIST201,0103,Howard Smead,20,0,0,2026-07-24 00:04:37
2026-07-23 23:40:40,HIST201,0104,Howard Smead,20,8,0,2026-07-24 00:04:37
2026-07-23 23:40:40,HIST201,0105,Howard Smead,20,2,0,2026-07-24 00:04:37
2026-07-23 23:40:40,HIST201,0106,Howard Smead,20,0,0,2026-07-24 00:04:37
2026-07-23 23:40:40,HIST201,0107,Howard Smead,20,15,0,2026-07-24 00:04:37
2026-07-23 23:40:40,HIST201,0108,Howard Smead,20,10,0,2026-07-24 00:04:37
2026-07-23 23:40:40,HIST201,0109,Howard Smead,20,1,0,2026-07-24 00:04:37
2026-07-23 23:40:40,HIST201,0201,Robert Chiles,20,0,0,2026-07-24 00:04:37
2026-07-23 23:40:40,HIST201,0202,Robert Chiles,20,0,0,2026-07-24 00:04:37
2026-07-23 23:40:40,HIST201,0203,Robert Chiles,20,2,0,2026-07-24 00:04:37
2026-07-23 23:40:40,HIST201,0204,Robert Chiles,20,0,0,2026-07-24 00:04:37
2026-07-23 23:40:40,HIST201,0205,Robert Chiles,20,0,0,2026-07-24 00:04:37
2026-07-23 23:40:40,HIST201,0206,Robert Chiles,20,0,0,2026-07-24 00:04:37
2026-07-23 23:40:40,HIST201,0207,Robert Chiles,20,18,0,2026-07-24 00:04:37
2026-07-23 23:40:40,HIST201,0208,Robert Chiles,20,15,0,2026-07-24 00:04:37
2026-07-23 23:40:40,HIST201,0209,Robert Chiles,20,13,0,2026-07-24 00:04:37
2026-07-23 23:40:40,HIST201,FC01,Robert Chiles,25,0,0,2026-07-24 00:04:37
2026-07-23 23:40:40,HIST205,0101,Jayson Porter,40,0,0,2026-07-24 00:04:38
2026-07-23 23:40:40,HIST208R,0101,Anna Wenzel,12,0,0,2026-07-24 00:04:38
2026-07-23 23:40:40,HIST208R,0201,Anna Wenzel,12,1,0,2026-07-24 00:04:38
2026-07-23 23:40:40,HIST208T,0101,Angelina Lincoln,12,0,0,2026-07-24 00:04:38
2026-07-23 23:40:40,HIST208T,0201,Angelina Lincoln,12,0,1,2026-07-24 00:04:38
2026-07-23 23:40:40,HIST211,0101,Katarina Keane,23,0,0,2026-07-24 00:04:39
2026-07-23 23:40:40,HIST211,0102,Katarina Keane,23,0,0,2026-07-24 00:04:39
2026-07-23 23:40:40,HIST211,0103,Katarina Keane,23,0,0,2026-07-24 00:04:39
2026-07-23 23:40:40,HIST215,0101,Sabrina Baron,40,0,8,2026-07-24 00:04:39
2026-07-23 23:40:40,HIST219I,0101,Instructor: TBA,25,0,0,2026-07-24 00:04:40
2026-07-23 23:40:40,HIST224,0101,Patrick Chung,40,13,0,2026-07-24 00:04:40
2026-07-23 23:40:40,HIST226,0101,Robert Chiles,30,0,10,2026-07-24 00:04:41
2026-07-23 23:40:40,HIST234,0101,Sabrina Baron,40,0,1,2026-07-24 00:04:41
2026-07-23 23:40:40,HIST236,0101,Julie Taddeo,40,18,0,2026-07-24 00:04:41
2026-07-23 23:40:40,HIST237,0101,Mikhail Dolbilov,40,35,0,2026-07-24 00:04:42
2026-07-23 23:40:40,HIST245,0101,Shay Hazkani,40,34,0,2026-07-24 00:04:42
2026-07-23 23:40:40,HIST246,0101,Shay Hazkani,35,9,0,2026-07-24 00:04:43
2026-07-23 23:40:40,HIST250,0101,David Sartorius,40,19,0,2026-07-24 00:04:43
2026-07-23 23:40:40,HIST254,0101,Christopher Bonner,40,18,0,2026-07-24 00:04:44
2026-07-23 23:40:40,HIST261,0101,Zachary Dorner,55,0,0,2026-07-24 00:04:44
2026-07-23 23:40:40,HIST266,0101,Howard Smead,30,0,1,2026-07-24 00:04:44
2026-07-23 23:40:40,HIST284,0101,Ting Zhang,23,2,0,2026-07-24 00:04:45
2026-07-23 23:40:40,HIST284,0102,Ting Zhang,23,5,0,2026-07-24 00:04:45
2026-07-23 23:40:40,HIST284,0103,Ting Zhang,23,13,0,2026-07-24 00:04:45
2026-07-23 23:40:40,HIST285,0101,Deokhyo Choi,40,37,0,2026-07-24 00:04:45
2026-07-23 23:40:40,HIST289T,0101,Hayim Lapin,23,1,0,2026-07-24 00:04:46
2026-07-23 23:40:40,HIST289T,0102,Hayim Lapin,23,8,0,2026-07-24 00:04:46
2026-07-23 23:40:40,HIST289T,0103,Hayim Lapin,23,9,0,2026-07-24 00:04:46
2026-07-23 23:40:40,HIST289V,0101,Howard Smead,30,0,3,2026-07-24 00:04:46
2026-07-23 23:40:40,HIST310,0101,Paul Landau,27,21,0,2026-07-24 00:04:47
2026-07-23 23:40:40,HIST319F,0101,Erin Mosely,27,9,0,2026-07-24 00:04:47
2026-07-23 23:40:40,HIST319P,0101,Mikhail Dolbilov,27,2,0,2026-07-24 00:04:48
2026-07-23 23:40:40,HIST328F,0101,Regev Ben-David,30,30,0,2026-07-24 00:04:48
2026-07-23 23:40:40,HIST328O,0101,Alejandro Caneque,27,8,0,2026-07-24 00:04:49
2026-07-23 23:40:40,HIST329A,0101,Julie Taddeo,27,0,0,2026-07-24 00:04:49
2026-07-23 23:40:40,HIST329O,0101,Peter Wien,27,10,0,2026-07-24 00:04:50
2026-07-23 23:40:40,HIST331,0101,Janna Bianchini,27,0,2,2026-07-24 00:04:50
2026-07-23 23:40:40,HIST338F,0101,David Freund,27,3,0,2026-07-24 00:04:51
2026-07-23 23:40:40,HIST338L,0101,Jayson Porter,27,9,0,2026-07-24 00:04:51
2026-07-23 23:40:40,HIST338Y,0101,Gerson Rosales,27,0,2,2026-07-24 00:04:51
2026-07-23 23:40:40,HIST339T,0101,Peter Wien,27,13,0,2026-07-24 00:04:52
2026-07-23 23:40:40,HIST343,0101,Piotr H Kosicki,36,0,6,2026-07-24 00:04:52
2026-07-23 23:40:40,HIST353,0101,Holly Brewer,27,9,0,2026-07-24 00:04:53
2026-07-23 23:40:40,HIST355,0101,Robert Chiles,31,0,6,2026-07-24 00:04:53
2026-07-23 23:40:40,HIST357,0101,Howard Smead,27,0,2,2026-07-24 00:04:54
2026-07-23 23:40:40,HIST363,0101,Thomas Zeller,27,0,1,2026-07-24 00:04:54
2026-07-23 23:40:40,HIST373,0101,Bernard Cooperman,27,2,0,2026-07-24 00:04:54
2026-07-23 23:40:40,HIST382,0101,Ting Zhang,27,0,5,2026-07-24 00:04:55
2026-07-23 23:40:40,HIST395,0101,Clare Lyons,13,1,0,2026-07-24 00:04:56
2026-07-23 23:40:40,HIST399,0101,Clare Lyons,12,5,0,2026-07-24 00:05:03
2026-07-23 23:40:40,HIST403,0101,Thomas Zeller,27,0,0,2026-07-24 00:05:03
2026-07-23 23:40:40,HIST408E,0101,Richard Bell,12,0,0,2026-07-24 00:05:04
2026-07-23 23:40:40,HIST408I,0101,Robyn Muncy,12,0,2,2026-07-24 00:05:04
2026-07-23 23:40:40,HIST408M,0101,Zachary Dorner,12,3,0,2026-07-24 00:05:04
2026-07-23 23:40:40,HIST408W,0101,Antoine Borrut,12,9,0,2026-07-24 00:05:05
2026-07-23 23:40:40,HIST412,0101,Erin Mosely,18,15,0,2026-07-24 00:05:05
2026-07-23 23:40:40,HIST419E,0101,Hayim Lapin,5,0,0,2026-07-24 00:05:06
2026-07-23 23:40:40,HIST419G,0101,Piotr H Kosicki,12,0,0,2026-07-24 00:05:06
2026-07-23 23:40:40,HIST419K,0101,Melinda Baldwin,13,3,0,2026-07-24 00:05:07
2026-07-23 23:40:40,HIST419R,0101,William Horne,27,27,0,2026-07-24 00:05:07
2026-07-23 23:40:40,HIST429J,0101,Michael Ross,27,8,0,2026-07-24 00:05:07
2026-07-23 23:40:40,HIST429P,0101,Deokhyo Choi,13,0,1,2026-07-24 00:05:08
2026-07-23 23:40:40,HIST429Z,0101,David Freund,13,0,0,2026-07-24 00:05:08
2026-07-23 23:40:40,HIST452,0101,Colleen Woods,27,12,0,2026-07-24 00:05:09
2026-07-23 23:40:40,HIST466,0101,Robert Chiles,18,0,0,2026-07-24 00:05:09
2026-07-23 23:40:40,HIST467,0101,Robyn Muncy,27,14,0,2026-07-24 00:05:10
2026-07-23 23:40:40,HIST470,0101,Mircea Raianu,13,0,3,2026-07-24 00:05:10
2026-07-23 23:40:40,HIST601,0101,Colleen Woods,15,0,5,2026-07-24 00:05:11
2026-07-23 23:40:40,HIST607,0101,Saverio Giovacchini,15,10,0,2026-07-24 00:05:11
2026-07-23 23:40:40,HIST607,0201,Mircea Raianu,6,6,0,2026-07-24 00:05:11
2026-07-23 23:40:40,HIST608A,0101,Christopher Bonner,12,4,0,2026-07-24 00:05:12
2026-07-23 23:40:40,HIST608C,0101,Marsha Rozenblit,12,10,0,2026-07-24 00:05:12
2026-07-23 23:40:40,HIST608N,0101,David Sartorius,12,8,0,2026-07-24 00:05:13
2026-07-23 23:40:40,HIST610,0201,Lesley Langa,30,20,0,2026-07-24 00:05:13
2026-07-23 23:40:40,HIST619D,0101,Hayim Lapin,5,0,0,2026-07-24 00:05:14
2026-07-23 23:40:40,HIST619P,0101,Patrick Chung,12,6,0,2026-07-24 00:05:15
2026-07-23 23:40:40,HIST619V,0101,Karin Rosemblatt,12,6,0,2026-07-24 00:05:15
2026-07-23 23:40:40,HIST638G,0101,Madeline Hsu,12,3,0,2026-07-24 00:05:16
2026-07-23 23:40:40,HIST638L,0101,Holly Brewer,12,10,0,2026-07-24 00:05:16
2026-07-23 23:40:40,HIST720,0101,Piotr H Kosicki,12,9,0,2026-07-24 00:05:17
2026-07-23 23:40:40,HIST811,0101,Henry Gregory,12,7,0,2026-07-24 00:05:18
2026-07-23 23:40:40,HIST819K,0101,Saverio Giovacchini,12,9,0,2026-07-24 00:05:19
2026-07-23 23:40:40,HLSA300,0101,Mia DeSoto,19,0,14,2026-07-24 00:05:22
2026-07-23 23:40:40,HLSA300,0102,Mia DeSoto,19,0,10,2026-07-24 00:05:22
2026-07-23 23:40:40,HLSA300,0103,Mia DeSoto,19,0,12,2026-07-24 00:05:22
2026-07-23 23:40:40,HLSA300,0104,Mia DeSoto,19,0,14,2026-07-24 00:05:22
2026-07-23 23:40:40,HLSA300,0105,Mia DeSoto,19,0,8,2026-07-24 00:05:22
2026-07-23 23:40:40,HLSA300,0106,Mia DeSoto,19,0,9,2026-07-24 00:05:22
2026-07-23 23:40:40,HLSA300,0107,Mia DeSoto,19,0,10,2026-07-24 00:05:22
2026-07-23 23:40:40,HLSA300,0108,Mia DeSoto,19,0,9,2026-07-24 00:05:22
2026-07-23 23:40:40,HLSA320,0101,Negin Fouladi,24,16,0,2026-07-24 00:05:23
2026-07-23 23:40:40,HLSA484,0101,Stephen Thomas,24,0,0,2026-07-24 00:05:23
2026-07-23 23:40:40,HLSA601,0102,Michel Boudreaux,60,38,0,2026-07-24 00:05:23
2026-07-23 23:40:40,HLSA601,PLH1,Negin Fouladi,40,22,0,2026-07-24 00:05:23
2026-07-23 23:40:40,HLSA601,PLP1,Negin Fouladi,30,10,0,2026-07-24 00:05:23
2026-07-23 23:40:40,HLSA611,0101,Kellee White Whilby,25,18,0,2026-07-24 00:05:24
2026-07-23 23:40:40,HLSA702,0101,Rebecca Gourevitch,35,25,0,2026-07-24 00:05:25
2026-07-23 23:40:40,HLSA711,0101,Nathan Apathy,20,9,0,2026-07-24 00:05:25
2026-07-23 23:40:40,HLSA716,0101,Xuanzi Qin,15,14,0,2026-07-24 00:05:26
2026-07-23 23:40:40,HLSA720,0101,Merianne Spencer,25,21,0,2026-07-24 00:05:26
2026-07-23 23:40:40,HLSA731,0101,Mika Hamer,10,4,0,2026-07-24 00:05:26
2026-07-23 23:40:40,HLSA742,PLP1,Rick Sperling,35,26,0,2026-07-24 00:05:27
2026-07-23 23:40:40,HLSA745,PLH1,Portia Buchongo,35,16,0,2026-07-24 00:05:27
2026-07-23 23:40:40,HLSA750,0501,Melvin Seale,20,17,0,2026-07-24 00:05:28
2026-07-23 23:40:40,HLSA750,PLP1,Melvin Seale,35,26,0,2026-07-24 00:05:28
2026-07-23 23:40:40,HLSA765,0101,Jie Chen,15,11,0,2026-07-24 00:05:28
2026-07-23 23:40:40,HLSA770,0101,Priscilla Novak,20,17,0,2026-07-24 00:05:29
2026-07-23 23:40:40,HLSA770,PLP1,Lauren Edelstein,35,26,0,2026-07-24 00:05:29
2026-07-23 23:40:40,HLSA772,PLH1,Sherry Maykrantz,25,12,0,2026-07-24 00:05:29
2026-07-23 23:40:40,HLSA772,PLP1,Sherry Maykrantz,25,17,0,2026-07-24 00:05:29
2026-07-23 23:40:40,HLSA775,0101,Michel Boudreaux,25,14,0,2026-07-24 00:05:29
2026-07-23 23:40:40,HLSC100,0101,Jalah Townsend,24,0,0,2026-07-24 00:05:33
2026-07-23 23:40:40,HLSC100,0102,Jalah Townsend,24,0,0,2026-07-24 00:05:33
2026-07-23 23:40:40,HLSC100,0103,Jalah Townsend,24,1,0,2026-07-24 00:05:33
2026-07-23 23:40:40,HLSC100,0104,Jalah Townsend,24,15,0,2026-07-24 00:05:33
2026-07-23 23:40:40,HLSC280,0101,Najib El-Sayed,25,3,0,2026-07-24 00:05:34
2026-07-23 23:40:40,HLSC280,0102,Najib El-Sayed,25,7,0,2026-07-24 00:05:34
2026-07-23 23:40:40,HLSC280,0103,Najib El-Sayed,25,3,0,2026-07-24 00:05:34
2026-07-23 23:40:40,HLSC280,0104,Najib El-Sayed,25,8,0,2026-07-24 00:05:34
2026-07-23 23:40:40,HLSC329,0101,Sabrina Kramer,12,5,0,2026-07-24 00:05:34
2026-07-23 23:40:40,HLTH124,0101,M Reynolds,40,0,0,2026-07-24 00:05:36
2026-07-23 23:40:40,HLTH140,0101,Instructor: TBA,150,98,0,2026-07-24 00:05:37
2026-07-23 23:40:40,HLTH140H,0101,Instructor: TBA,150,98,0,2026-07-24 00:05:37
2026-07-23 23:40:40,HLTH200,0101,Dina Borzekowski,40,6,0,2026-07-24 00:05:37
2026-07-23 23:40:40,HLTH212,0101,Katherine Sharp,50,33,0,2026-07-24 00:05:38
2026-07-23 23:40:40,HLTH230,0101,Craig Fryer,70,0,0,2026-07-24 00:05:38
2026-07-23 23:40:40,HLTH234,0101,Dina Borzekowski,36,0,0,2026-07-24 00:05:39
2026-07-23 23:40:40,HLTH234H,0101,Dina Borzekowski,4,0,0,2026-07-24 00:05:39
2026-07-23 23:40:40,HLTH285,0101,M Reynolds,100,0,2,2026-07-24 00:05:40
2026-07-23 23:40:40,HLTH285H,0101,M Reynolds,100,0,2,2026-07-24 00:05:40
2026-07-23 23:40:40,HLTH302,0101,Kirsten Stoebenau,35,0,3,2026-07-24 00:05:41
2026-07-23 23:40:40,HLTH302H,0101,Kirsten Stoebenau,5,3,0,2026-07-24 00:05:41
2026-07-23 23:40:40,HLTH306,0101,Sharifah Holder,35,0,7,2026-07-24 00:05:42
2026-07-23 23:40:40,HLTH306H,0101,Sharifah Holder,5,4,0,2026-07-24 00:05:42
2026-07-23 23:40:40,HLTH364,0101,Sandra Saperstein,30,0,8,2026-07-24 00:05:43
2026-07-23 23:40:40,HLTH364H,0101,Sandra Saperstein,5,5,0,2026-07-24 00:05:43
2026-07-23 23:40:40,HLTH366,0101,Evelyn King-Marshall,21,0,11,2026-07-24 00:05:43
2026-07-23 23:40:40,HLTH366,0102,Evelyn King-Marshall,21,0,13,2026-07-24 00:05:43
2026-07-23 23:40:40,HLTH366,0103,Evelyn King-Marshall,21,0,11,2026-07-24 00:05:43
2026-07-23 23:40:40,HLTH366,0104,Evelyn King-Marshall,21,0,11,2026-07-24 00:05:43
2026-07-23 23:40:40,HLTH366,0105,Evelyn King-Marshall,21,0,8,2026-07-24 00:05:43
2026-07-23 23:40:40,HLTH366,0106,Evelyn King-Marshall,21,0,10,2026-07-24 00:05:43
2026-07-23 23:40:40,HLTH377,0101,Jenna Messman,200,0,101,2026-07-24 00:05:44
2026-07-23 23:40:40,HLTH377H,0101,Jenna Messman,200,0,101,2026-07-24 00:05:44
2026-07-23 23:40:40,HLTH391,0101,Instructor: TBA,45,8,0,2026-07-24 00:05:45
2026-07-23 23:40:40,HLTH391H,0101,Instructor: TBA,3,2,0,2026-07-24 00:05:46
2026-07-23 23:40:40,HLTH410,0101,Kirsten Stoebenau,12,7,0,2026-07-24 00:05:47
2026-07-23 23:40:40,HLTH420,0101,M Reynolds,23,5,0,2026-07-24 00:05:47
2026-07-23 23:40:40,HLTH420,0201,M Reynolds,23,0,1,2026-07-24 00:05:47
2026-07-23 23:40:40,HLTH431,0101,Catherine Maybury,10,2,0,2026-07-24 00:05:48
2026-07-23 23:40:40,HLTH431,0201,Catherine Maybury,25,0,1,2026-07-24 00:05:48
2026-07-23 23:40:40,HLTH431H,0101,Catherine Maybury,5,4,0,2026-07-24 00:05:48
2026-07-23 23:40:40,HLTH434,0101,Sandra Saperstein,10,5,0,2026-07-24 00:05:48
2026-07-23 23:40:40,HLTH434,0201,Sandra Saperstein,30,20,0,2026-07-24 00:05:48
2026-07-23 23:40:40,HLTH434H,0101,Sandra Saperstein,5,5,0,2026-07-24 00:05:49
2026-07-23 23:40:40,HLTH460,0101,Craig Fryer,20,14,0,2026-07-24 00:05:49
2026-07-23 23:40:40,HLTH460,0201,Craig Fryer,20,17,0,2026-07-24 00:05:49
2026-07-23 23:40:40,HLTH460H,0101,Craig Fryer,5,5,0,2026-07-24 00:05:50
2026-07-23 23:40:40,HLTH490,0101,Jennifer Hodgson,16,0,0,2026-07-24 00:05:51
2026-07-23 23:40:40,HLTH490,0201,Jennifer Hodgson,16,0,0,2026-07-24 00:05:51
2026-07-23 23:40:40,HLTH490H,0101,Jennifer Hodgson,3,3,0,2026-07-24 00:05:51
2026-07-23 23:40:40,HLTH490H,0201,Jennifer Hodgson,3,2,0,2026-07-24 00:05:51
2026-07-23 23:40:40,HLTH491,0101,Tracy Kennedy,40,37,0,2026-07-24 00:05:51
2026-07-23 23:40:40,HLTH492,0101,Tracy Kennedy,10,9,0,2026-07-24 00:05:52
2026-07-23 23:40:40,HLTH498J,0101,Ruth Enid Zambrana,10,9,0,2026-07-24 00:05:52
2026-07-23 23:40:40,HLTH609,0101,Kerry Green,15,10,0,2026-07-24 00:05:53
2026-07-23 23:40:40,HLTH653,0101,Ebbie Kalan,10,2,0,2026-07-24 00:05:53
2026-07-23 23:40:40,HLTH665,0101,Hector Alcala,25,17,0,2026-07-24 00:05:54
2026-07-23 23:40:40,HLTH674,0101,Cynthia Baur,25,20,0,2026-07-24 00:05:54
2026-07-23 23:40:40,HLTH674,PLB1,Katherine Raymond,25,21,0,2026-07-24 00:05:54
2026-07-23 23:40:40,HLTH688J,0101,Ruth Enid Zambrana,10,3,0,2026-07-24 00:05:55
2026-07-23 23:40:40,HLTH701,0101,Elizabeth Norell,15,7,0,2026-07-24 00:05:55
2026-07-23 23:40:40,HLTH710,0101,Elaine Doherty,25,15,0,2026-07-24 00:05:56
2026-07-23 23:40:40,HLTH710,PLB1,Elaine Doherty,16,4,0,2026-07-24 00:05:56
2026-07-23 23:40:40,HLTH711,0101,Min Wang,10,4,0,2026-07-24 00:05:56
2026-07-23 23:40:40,HLTH778,0101,Evelyn King-Marshall,10,10,0,2026-07-24 00:05:57
2026-07-23 23:40:40,HLTH778,PLB1,Evelyn King-Marshall,10,8,0,2026-07-24 00:05:57
2026-07-23 23:40:40,HLTH780,0101,Meaghan McHugh,25,25,0,2026-07-24 00:05:57
2026-07-23 23:40:40,HLTH780,PLB1,Tracy Zeeger,25,17,0,2026-07-24 00:05:57
2026-07-23 23:40:40,HLTH784,0101,Evelyn King-Marshall,10,6,0,2026-07-24 00:05:57
2026-07-23 23:40:40,HLTH784,PLB1,Evelyn King-Marshall,17,9,0,2026-07-24 00:05:57
2026-07-23 23:40:40,HNUH100,0101,Max Barnewitz,20,0,0,2026-07-24 00:06:01
2026-07-23 23:40:40,HNUH100,0102,Max Barnewitz,20,0,0,2026-07-24 00:06:01
2026-07-23 23:40:40,HNUH100,0103,Max Barnewitz,20,0,0,2026-07-24 00:06:01
2026-07-23 23:40:40,HNUH100,0104,Max Barnewitz,20,0,0,2026-07-24 00:06:01
2026-07-23 23:40:40,HNUH100,0105,Max Barnewitz,20,0,0,2026-07-24 00:06:01
2026-07-23 23:40:40,HNUH100,0106,Max Barnewitz,20,0,0,2026-07-24 00:06:01
2026-07-23 23:40:40,HNUH100,0201,Max Barnewitz,20,0,0,2026-07-24 00:06:01
2026-07-23 23:40:40,HNUH100,0202,Max Barnewitz,20,0,0,2026-07-24 00:06:01
2026-07-23 23:40:40,HNUH100,0203,Max Barnewitz,20,5,0,2026-07-24 00:06:01
2026-07-23 23:40:40,HNUH100,0204,Max Barnewitz,20,0,0,2026-07-24 00:06:01
2026-07-23 23:40:40,HNUH100,0205,Max Barnewitz,20,4,0,2026-07-24 00:06:01
2026-07-23 23:40:40,HNUH100,0206,Max Barnewitz,20,0,0,2026-07-24 00:06:01
2026-07-23 23:40:40,HNUH100,0301,Max Barnewitz,20,0,0,2026-07-24 00:06:01
2026-07-23 23:40:40,HNUH100,0302,Max Barnewitz,20,8,0,2026-07-24 00:06:01
2026-07-23 23:40:40,HNUH100,0303,Max Barnewitz,20,0,0,2026-07-24 00:06:01
2026-07-23 23:40:40,HNUH100,0304,Max Barnewitz,20,6,0,2026-07-24 00:06:01
2026-07-23 23:40:40,HNUH100,0305,Max Barnewitz,20,1,0,2026-07-24 00:06:01
2026-07-23 23:40:40,HNUH100,0306,Max Barnewitz,20,5,0,2026-07-24 00:06:01
2026-07-23 23:40:40,HNUH100,0401,Max Barnewitz,20,0,0,2026-07-24 00:06:01
2026-07-23 23:40:40,HNUH100,0402,Max Barnewitz,20,7,0,2026-07-24 00:06:01
2026-07-23 23:40:40,HNUH100,0403,Max Barnewitz,20,6,0,2026-07-24 00:06:01
2026-07-23 23:40:40,HNUH100,0404,Max Barnewitz,20,8,0,2026-07-24 00:06:01
2026-07-23 23:40:40,HNUH100,0405,Leigha McReynolds,20,5,0,2026-07-24 00:06:01
2026-07-23 23:40:40,HNUH100,0406,Max Barnewitz,20,6,0,2026-07-24 00:06:01
2026-07-23 23:40:40,HNUH100,0601,Max Barnewitz,20,2,0,2026-07-24 00:06:01
2026-07-23 23:40:40,HNUH218D,0101,Brian Gilmore,48,1,0,2026-07-24 00:06:01
2026-07-23 23:40:40,HNUH218L,0101,Shauna Rigaud,20,5,0,2026-07-24 00:06:02
2026-07-23 23:40:40,HNUH218L,0201,Shauna Rigaud,20,1,0,2026-07-24 00:06:02
2026-07-23 23:40:40,HNUH228D,0101,Matthew McLaughlin,60,5,0,2026-07-24 00:06:03
2026-07-23 23:40:40,HNUH228L,0101,Alena Wigodner,20,2,0,2026-07-24 00:06:03
2026-07-23 23:40:40,HNUH228L,0201,Alena Wigodner,20,2,0,2026-07-24 00:06:03
2026-07-23 23:40:40,HNUH228N,0101,Peter Grybauskas,20,3,0,2026-07-24 00:06:03
2026-07-23 23:40:40,HNUH229I,0101,Ross Salawitch,20,0,0,2026-07-24 00:06:04
2026-07-23 23:40:40,HNUH238D,0101,Susan Moeller,60,13,0,2026-07-24 00:06:04
2026-07-23 23:40:40,HNUH238L,0101,Kimberly Johnson,20,7,0,2026-07-24 00:06:05
2026-07-23 23:40:40,HNUH238L,0201,Kimberly Johnson,20,4,0,2026-07-24 00:06:05
2026-07-23 23:40:40,HNUH238N,0101,Hannah Wegmann,20,10,0,2026-07-24 00:06:05
2026-07-23 23:40:40,HNUH239T,0101,Gerald Suarez,20,1,0,2026-07-24 00:06:06
2026-07-23 23:40:40,HNUH248D,0101,Juan Uriagereka,45,1,0,2026-07-24 00:06:06
2026-07-23 23:40:40,HNUH248L,0201,Robert Graham,20,12,0,2026-07-24 00:06:07
2026-07-23 23:40:40,HNUH248M,0101,Hassanatu Blake,20,11,0,2026-07-24 00:06:07
2026-07-23 23:40:40,HNUH248N,0101,Siv Lie,20,0,0,2026-07-24 00:06:07
2026-07-23 23:40:40,HNUH249P,0101,Temim Nusraty,20,0,0,2026-07-24 00:06:08
2026-07-23 23:40:40,HNUH258C,0101,Bill Fagan,55,27,0,2026-07-24 00:06:08
2026-07-23 23:40:40,HNUH258Q,0101,Tiara Thomas,20,2,0,2026-07-24 00:06:09
2026-07-23 23:40:40,HNUH259P,0101,Hooman Koliji,20,3,0,2026-07-24 00:06:09
2026-07-23 23:40:40,HNUH268C,0101,Perla Guerrero,60,31,0,2026-07-24 00:06:10
2026-07-23 23:40:40,HNUH268R,0101,Vasfiye Toprak,20,17,0,2026-07-24 00:06:10
2026-07-23 23:40:40,HNUH269P,0101,Marisa Franco,20,1,0,2026-07-24 00:06:10
2026-07-23 23:40:40,HNUH278C,0101,Chinyere Osuji,60,38,0,2026-07-24 00:06:11
2026-07-23 23:40:40,HNUH278I,0101,Marisa Franco,20,6,0,2026-07-24 00:06:11
2026-07-23 23:40:40,HNUH278I,0102,Marisa Franco,20,4,0,2026-07-24 00:06:11
2026-07-23 23:40:40,HNUH278O,0101,Deneen Brown,20,19,0,2026-07-24 00:06:12
2026-07-23 23:40:40,HNUH278R,0101,Max Barnewitz,20,5,0,2026-07-24 00:06:12
2026-07-23 23:40:40,HNUH288C,0101,Julia Steinberg,30,2,0,2026-07-24 00:06:12
2026-07-23 23:40:40,HNUH288C,0103,Julia Steinberg,30,11,0,2026-07-24 00:06:12
2026-07-23 23:40:40,HNUH288O,0101,Ariana Nash,20,1,0,2026-07-24 00:06:13
2026-07-23 23:40:40,HNUH300,0301,Vasfiye Toprak,20,0,1,2026-07-24 00:06:13
2026-07-23 23:40:40,HNUH300,0401,Robert Graham,20,0,1,2026-07-24 00:06:13
2026-07-23 23:40:40,HNUH300,0601,Alena Wigodner,20,0,0,2026-07-24 00:06:13
2026-07-23 23:40:40,HNUH300,0701,Ingrid Satelmajer,20,14,0,2026-07-24 00:06:13
2026-07-23 23:40:40,HNUH300,0801,Shauna Rigaud,20,0,0,2026-07-24 00:06:13
2026-07-23 23:40:40,HNUH300,0901,Kimberly Johnson,20,6,0,2026-07-24 00:06:13
2026-07-23 23:40:40,HNUH300,1001,Ingrid Satelmajer,20,12,0,2026-07-24 00:06:13
2026-07-23 23:40:40,HNUH318T,0101,Peter Owen,24,2,0,2026-07-24 00:06:14
2026-07-23 23:40:40,HNUH319T,0101,Emily Shetty,22,1,0,2026-07-24 00:06:14
2026-07-23 23:40:40,HNUH328T,0101,Woodie Kessel,24,2,0,2026-07-24 00:06:15
2026-07-23 23:40:40,HNUH329T,0101,Instructor: TBA,20,2,0,2026-07-24 00:06:15
2026-07-23 23:40:40,HNUH338T,0101,Casie Antalis,22,1,0,2026-07-24 00:06:15
2026-07-23 23:40:40,HNUH348T,0101,Ed Fendley,22,1,0,2026-07-24 00:06:16
2026-07-23 23:40:40,HNUH358T,0101,Danusia Hubah,22,1,0,2026-07-24 00:06:16
2026-07-23 23:40:40,HNUH359T,0101,Amanda Schoch,20,0,0,2026-07-24 00:06:17
2026-07-23 23:40:40,HNUH368T,0101,Nadia Farra,20,1,0,2026-07-24 00:06:17
2026-07-23 23:40:40,HNUH369T,0101,Andrew Nissen,20,0,0,2026-07-24 00:06:18
2026-07-23 23:40:40,HNUH378T,0101,Jeffrey Haeni,20,1,0,2026-07-24 00:06:18
2026-07-23 23:40:40,HNUH398P,0101,Jayakumar Arasan,25,24,0,2026-07-24 00:06:18
2026-07-23 23:40:40,HNUH398P,0201,Jayakumar Arasan,5,2,0,2026-07-24 00:06:18
2026-07-23 23:40:40,HNUH398T,0101,Sasha Koo-Oshima,20,1,0,2026-07-24 00:06:19
2026-07-23 23:40:40,HONR368A,0101,Blake Wilder,22,1,0,2026-07-24 00:06:21
2026-07-23 23:40:40,IDEA201,0101,Mira Azarm,20,12,0,2026-07-24 00:06:23
2026-07-23 23:40:40,IDEA201,0102,Brooke Smith,60,0,0,2026-07-24 00:06:23
2026-07-23 23:40:40,IDEA201,0103,Brooke Smith,60,2,0,2026-07-24 00:06:23
2026-07-23 23:40:40,IDEA311,0101,Christina Hnatov,40,0,1,2026-07-24 00:06:23
2026-07-23 23:40:40,IDEA312,0101,Meredith Kaunitz,15,13,0,2026-07-24 00:06:24
2026-07-23 23:40:40,IDEA389,0101,Mira Azarm,5,5,0,2026-07-24 00:06:24
2026-07-23 23:40:40,IDEA459,0101,Christina Hnatov,15,11,0,2026-07-24 00:06:25
2026-07-23 23:40:40,IDEA498,0101,Mira Azarm,3,3,0,2026-07-24 00:06:25
2026-07-23 23:40:40,IDEA659,0101,Christina Hnatov,15,11,0,2026-07-24 00:06:26
2026-07-23 23:40:40,IDEA698,0101,Mira Azarm,3,3,0,2026-07-24 00:06:26
2026-07-23 23:40:40,IMDM101,0101,Mollye Bendell,30,18,0,2026-07-24 00:06:28
2026-07-23 23:40:40,IMDM101,0201,Myungin Lee,30,24,0,2026-07-24 00:06:28
2026-07-23 23:40:40,IMDM101,0301,Myungin Lee,30,26,0,2026-07-24 00:06:28
2026-07-23 23:40:40,IMDM127,0101,Roger Eastman,36,24,0,2026-07-24 00:06:28
2026-07-23 23:40:40,IMDM150,0101,Stefano Passeri,30,25,0,2026-07-24 00:06:29
2026-07-23 23:40:40,IMDM227,0101,Stevens Miller,30,12,0,2026-07-24 00:06:29
2026-07-23 23:40:40,IMDM227,0201,Stevens Miller,30,23,0,2026-07-24 00:06:29
2026-07-23 23:40:40,IMDM327,0101,Myungin Lee,25,4,0,2026-07-24 00:06:29
2026-07-23 23:40:40,IMDM350,0101,Jason Farman,29,12,0,2026-07-24 00:06:30
2026-07-23 23:40:40,IMDM490,0101,Matthew Nolan,30,0,0,2026-07-24 00:06:31
2026-07-23 23:40:40,IMDM490,0201,Matthew Nolan,30,19,0,2026-07-24 00:06:31
2026-07-23 23:40:40,IMDM498K,0101,Matthew Nolan,15,0,1,2026-07-24 00:06:31
2026-07-23 23:40:40,IMMR319D,0101,Beka Guluma,20,19,0,2026-07-24 00:06:33
2026-07-23 23:40:40,IMMR394,0101,Wenxi Yang,25,0,8,2026-07-24 00:06:34
2026-07-23 23:40:40,IMMR399,0101,Instructor: TBA,2,2,0,2026-07-24 00:06:34
2026-07-23 23:40:40,IMMR400,0101,Gerson Rosales,20,8,0,2026-07-24 00:06:35
2026-07-23 23:40:40,INAG100,0101,Kenneth Ingram,25,8,0,2026-07-24 00:06:37
2026-07-23 23:40:40,INAG102,0101,Dane Grossnickle,35,0,1,2026-07-24 00:06:37
2026-07-23 23:40:40,INAG103,0101,Meredith Epstein,45,3,0,2026-07-24 00:06:37
2026-07-23 23:40:40,INAG106,0101,Ronald Myers,30,2,0,2026-07-24 00:06:38
2026-07-23 23:40:40,INAG110,0101,Samuel Rubin,19,0,0,2026-07-24 00:06:38
2026-07-23 23:40:40,INAG110,0201,Chelsea Mays-Williams,19,0,0,2026-07-24 00:06:38
2026-07-23 23:40:40,INAG110,0301,Eric Dunning,19,0,0,2026-07-24 00:06:38
2026-07-23 23:40:40,INAG110,0401,Robert Ballenger,19,0,1,2026-07-24 00:06:38
2026-07-23 23:40:40,INAG110,0501,Chelsea Mays-Williams,19,0,0,2026-07-24 00:06:38
2026-07-23 23:40:40,INAG110,0701,Chelsea Mays-Williams,19,0,2,2026-07-24 00:06:38
2026-07-23 23:40:40,INAG110,0801,Instructor: TBA,19,0,2,2026-07-24 00:06:38
2026-07-23 23:40:40,INAG110,0901,Eric Dunning,19,0,2,2026-07-24 00:06:38
2026-07-23 23:40:40,INAG110,1001,Chelsea Mays-Williams,19,0,2,2026-07-24 00:06:38
2026-07-23 23:40:40,INAG110,1101,Robert Ballenger,19,0,4,2026-07-24 00:06:38
2026-07-23 23:40:40,INAG110,1201,Instructor: TBA,19,0,3,2026-07-24 00:06:38
2026-07-23 23:40:40,INAG110,1301,Chelsea Mays-Williams,19,0,2,2026-07-24 00:06:38
2026-07-23 23:40:40,INAG110,1401,David Gormong,19,0,2,2026-07-24 00:06:38
2026-07-23 23:40:40,INAG110,1501,David Gormong,19,0,3,2026-07-24 00:06:38
2026-07-23 23:40:40,INAG110,1601,Robert Ballenger,19,0,4,2026-07-24 00:06:38
2026-07-23 23:40:40,INAG110,1701,Instructor: TBA,19,0,2,2026-07-24 00:06:38
2026-07-23 23:40:40,INAG110,1801,David Gormong,19,0,0,2026-07-24 00:06:38
2026-07-23 23:40:40,INAG110,1901,Instructor: TBA,19,0,0,2026-07-24 00:06:38
2026-07-23 23:40:40,INAG110,2001,Robert Ballenger,19,0,1,2026-07-24 00:06:38
2026-07-23 23:40:40,INAG110,2101,Instructor: TBA,19,0,0,2026-07-24 00:06:38
2026-07-23 23:40:40,INAG110,2201,Samuel Rubin,19,0,1,2026-07-24 00:06:38
2026-07-23 23:40:40,INAG110,2301,Samuel Rubin,19,0,1,2026-07-24 00:06:38
2026-07-23 23:40:40,INAG110,2401,Lori Sefton,19,0,1,2026-07-24 00:06:38
2026-07-23 23:40:40,INAG110,2501,Eric Dunning,19,0,1,2026-07-24 00:06:38
2026-07-23 23:40:40,INAG110,2601,Amy Fisher,19,0,5,2026-07-24 00:06:38
2026-07-23 23:40:40,INAG110,2701,Eric Dunning,19,0,3,2026-07-24 00:06:38
2026-07-23 23:40:40,INAG110,2801,Lori Sefton,19,0,3,2026-07-24 00:06:38
2026-07-23 23:40:40,INAG110,2901,Lori Sefton,19,0,1,2026-07-24 00:06:38
2026-07-23 23:40:40,INAG110,3001,David Gormong,19,0,3,2026-07-24 00:06:38
2026-07-23 23:40:40,INAG110,3101,Amy Fisher,19,0,7,2026-07-24 00:06:38
2026-07-23 23:40:40,INAG110,3201,Amy Fisher,19,0,4,2026-07-24 00:06:38
2026-07-23 23:40:40,INAG110,3301,Lori Sefton,19,0,0,2026-07-24 00:06:38
2026-07-23 23:40:40,INAG110,3401,David Gormong,19,0,2,2026-07-24 00:06:38
2026-07-23 23:40:40,INAG110,3501,Lori Sefton,19,0,1,2026-07-24 00:06:38
2026-07-23 23:40:40,INAG110,3601,Amy Fisher,19,0,5,2026-07-24 00:06:38
2026-07-23 23:40:40,INAG110,3701,Samuel Rubin,19,0,2,2026-07-24 00:06:38
2026-07-23 23:40:40,INAG110,3801,Samuel Rubin,19,0,2,2026-07-24 00:06:38
2026-07-23 23:40:40,INAG110,3901,Amy Fisher,19,0,8,2026-07-24 00:06:38
2026-07-23 23:40:40,INAG110,4001,Samuel Rubin,19,0,1,2026-07-24 00:06:38
2026-07-23 23:40:40,INAG110S,0601,Robert Ballenger,19,0,2,2026-07-24 00:06:39
2026-07-23 23:40:40,INAG123,0101,Mary Christensen,22,0,0,2026-07-24 00:06:40
2026-07-23 23:40:40,INAG199,0101,Geoffrey Rinehart,10,10,0,2026-07-24 00:06:41
2026-07-23 23:40:40,INAG199,0201,Meredith Epstein,10,10,0,2026-07-24 00:06:41
2026-07-23 23:40:40,INAG199,0301,Kenneth Ingram,10,10,0,2026-07-24 00:06:41
2026-07-23 23:40:40,INAG199,0401,Dane Grossnickle,5,5,0,2026-07-24 00:06:41
2026-07-23 23:40:40,INAG199,0501,Heather McHale,10,9,0,2026-07-24 00:06:41
2026-07-23 23:40:40,INAG199,0601,Thomas Mazzone,10,10,0,2026-07-24 00:06:41
2026-07-23 23:40:40,INAG199,0701,Rebecka Tetter,5,5,0,2026-07-24 00:06:41
2026-07-23 23:40:40,INAG199,0801,Mary Christensen,5,5,0,2026-07-24 00:06:41
2026-07-23 23:40:40,INAG199C,0101,Heather McHale,10,0,0,2026-07-24 00:06:42
2026-07-23 23:40:40,INAG199D,0101,Jeff Semler,14,6,0,2026-07-24 00:06:42
2026-07-23 23:40:40,INAG199E,0101,Heather McHale,10,9,0,2026-07-24 00:06:43
2026-07-23 23:40:40,INAG203,0101,Dane Grossnickle,25,10,0,2026-07-24 00:06:44
2026-07-23 23:40:40,INAG208,0101,Geoffrey Rinehart,10,5,0,2026-07-24 00:06:44
2026-07-23 23:40:40,INAG226,0101,Geoffrey Rinehart,15,1,0,2026-07-24 00:06:45
2026-07-23 23:40:40,INAG231,0101,Geoffrey Rinehart,18,0,0,2026-07-24 00:06:45
2026-07-23 23:40:40,INAG237,0101,Instructor: TBA,8,0,2,2026-07-24 00:06:46
2026-07-23 23:40:40,INAG242,0101,Kenneth Ingram,22,3,0,2026-07-24 00:06:47
2026-07-23 23:40:40,INAG250,0201,Thomas Mazzone,15,0,1,2026-07-24 00:06:47
2026-07-23 23:40:40,INAG250,0301,Thomas Mazzone,15,0,0,2026-07-24 00:06:47
2026-07-23 23:40:40,INAG251,0101,Thomas Mazzone,25,11,0,2026-07-24 00:06:48
2026-07-23 23:40:40,INAG252,0101,Eric Dunning,22,17,0,2026-07-24 00:06:49
2026-07-23 23:40:40,INAG288,0101,Geoffrey Rinehart,5,5,0,2026-07-24 00:06:49
2026-07-23 23:40:40,INAG288,0201,Meredith Epstein,5,3,0,2026-07-24 00:06:49
2026-07-23 23:40:40,INAG288,0301,Kenneth Ingram,5,5,0,2026-07-24 00:06:49
2026-07-23 23:40:40,INAG288,0401,Dane Grossnickle,5,5,0,2026-07-24 00:06:49
2026-07-23 23:40:40,INAG288,0501,Heather McHale,5,5,0,2026-07-24 00:06:49
2026-07-23 23:40:40,INAG288,0601,Thomas Mazzone,5,5,0,2026-07-24 00:06:49
2026-07-23 23:40:40,INAG288,0701,Rebecka Tetter,5,5,0,2026-07-24 00:06:49
2026-07-23 23:40:40,INAG289,0101,Dane Grossnickle,20,0,0,2026-07-24 00:06:50
2026-07-23 23:40:40,INAG289,0102,Rebecka Tetter,20,3,0,2026-07-24 00:06:50
2026-07-23 23:40:40,INAG299B,0101,Geoffrey Rinehart,5,5,0,2026-07-24 00:06:51
2026-07-23 23:40:40,INFM600,IM01,Waqas Shah,40,5,0,2026-07-24 00:06:53
2026-07-23 23:40:40,INFM737,IM01,David Loshin,40,36,0,2026-07-24 00:06:53
2026-07-23 23:40:40,INST101,0101,Instructor: TBA,35,15,0,2026-07-24 00:06:55
2026-07-23 23:40:40,INST101,0201,Instructor: TBA,35,14,0,2026-07-24 00:06:55
2026-07-23 23:40:40,INST101,0301,Instructor: TBA,35,23,0,2026-07-24 00:06:55
2026-07-23 23:40:40,INST104,0101,Noha Elansary,90,3,0,2026-07-24 00:06:57
2026-07-23 23:40:40,INST104,0201,Samantha McDonald,90,0,0,2026-07-24 00:06:57
2026-07-23 23:40:40,INST104,0301,Ciara Fabian,90,0,0,2026-07-24 00:06:57
2026-07-23 23:40:40,INST104,0401,Katherine Izsak,90,86,0,2026-07-24 00:06:57
2026-07-23 23:40:40,INST123,0101,Nekabari Sigalo,44,26,0,2026-07-24 00:06:57
2026-07-23 23:40:40,INST123,0102,Nekabari Sigalo,44,13,0,2026-07-24 00:06:57
2026-07-23 23:40:40,INST123,0103,Nekabari Sigalo,44,16,0,2026-07-24 00:06:57
2026-07-23 23:40:40,INST126,0101,Scott Jackson,54,34,0,2026-07-24 00:06:57
2026-07-23 23:40:40,INST126,0102,Joel Chan,54,0,0,2026-07-24 00:06:57
2026-07-23 23:40:40,INST126,0201,Erik Jones,27,18,0,2026-07-24 00:06:57
2026-07-23 23:40:40,INST126,0202,Erik Jones,27,0,0,2026-07-24 00:06:57
2026-07-23 23:40:40,INST126,0301,Maria Krupenkin,27,20,0,2026-07-24 00:06:57
2026-07-23 23:40:40,INST126,0302,Maria Krupenkin,27,19,0,2026-07-24 00:06:57
2026-07-23 23:40:40,INST151,0101,Jennifer Golbeck,103,3,0,2026-07-24 00:06:58
2026-07-23 23:40:40,INST152,0101,Phillip Thompkins,135,92,0,2026-07-24 00:06:59
2026-07-23 23:40:40,INST153,0101,Jason Baron,90,26,0,2026-07-24 00:06:59
2026-07-23 23:40:40,INST155,0101,Hananya Cohen,135,0,0,2026-07-24 00:06:59
2026-07-23 23:40:40,INST156,0101,Sergii Skakun,45,16,0,2026-07-24 00:07:00
2026-07-23 23:40:40,INST201,0201,Samantha McDonald,45,1,0,2026-07-24 00:07:00
2026-07-23 23:40:40,INST201,0202,Samantha McDonald,45,0,0,2026-07-24 00:07:00
2026-07-23 23:40:40,INST201,0203,Samantha McDonald,45,6,0,2026-07-24 00:07:00
2026-07-23 23:40:40,INST201,0301,Jieun Yeon,45,0,0,2026-07-24 00:07:00
2026-07-23 23:40:40,INST201,0302,Jieun Yeon,45,16,0,2026-07-24 00:07:00
2026-07-23 23:40:40,INST201,0303,Jieun Yeon,45,22,0,2026-07-24 00:07:00
2026-07-23 23:40:40,INST201,0401,Samantha McDonald,45,28,0,2026-07-24 00:07:00
2026-07-23 23:40:40,INST201,0402,Samantha McDonald,45,8,0,2026-07-24 00:07:00
2026-07-23 23:40:40,INST201,0403,Samantha McDonald,45,0,0,2026-07-24 00:07:00
2026-07-23 23:40:40,INST201,FC01,M Sauter,40,8,0,2026-07-24 00:07:00
2026-07-23 23:40:40,INST204,0101,Alia Reza,90,28,0,2026-07-24 00:07:01
2026-07-23 23:40:40,INST204S,0101,Andrew Fellows,76,4,0,2026-07-24 00:07:01
2026-07-23 23:40:40,INST210,0101,John Galliano,50,14,0,2026-07-24 00:07:02
2026-07-23 23:40:40,INST228,0126,Instructor: TBA,15,15,0,2026-07-24 00:07:02
2026-07-23 23:40:40,INST228,0201,Instructor: TBA,15,15,0,2026-07-24 00:07:02
2026-07-23 23:40:40,INST228,0314,Instructor: TBA,15,7,0,2026-07-24 00:07:02
2026-07-23 23:40:40,INST228,0327,Instructor: TBA,15,15,0,2026-07-24 00:07:02
2026-07-23 23:40:40,INST228,0346,Instructor: TBA,15,15,0,2026-07-24 00:07:02
2026-07-23 23:40:40,INST232C,0101,Beth St Jean,45,15,0,2026-07-24 00:07:03
2026-07-23 23:40:40,INST301,ESG1,Jacob Davidson,60,29,0,2026-07-24 00:07:03
2026-07-23 23:40:40,INST311,0101,Ryan O'Grady,40,0,0,2026-07-24 00:07:04
2026-07-23 23:40:40,INST311,0102,Ryan O'Grady,40,0,2,2026-07-24 00:07:04
2026-07-23 23:40:40,INST311,0103,Ryan O'Grady,40,0,6,2026-07-24 00:07:04
2026-07-23 23:40:40,INST311,0201,Galina Reitz,40,0,1,2026-07-24 00:07:04
2026-07-23 23:40:40,INST311,0202,Galina Reitz,40,0,0,2026-07-24 00:07:04
2026-07-23 23:40:40,INST311,0203,Galina Reitz,40,10,0,2026-07-24 00:07:04
2026-07-23 23:40:40,INST311,ESG1,Ramita Shrestha,60,29,0,2026-07-24 00:07:04
2026-07-23 23:40:40,INST314,0101,Sarah Lee,34,0,3,2026-07-24 00:07:05
2026-07-23 23:40:40,INST314,0102,Sarah Lee,34,0,3,2026-07-24 00:07:05
2026-07-23 23:40:40,INST314,0103,Sarah Lee,34,0,3,2026-07-24 00:07:05
2026-07-23 23:40:40,INST314,0201,Sarah Lee,34,0,1,2026-07-24 00:07:05
2026-07-23 23:40:40,INST314,0202,Sarah Lee,34,0,0,2026-07-24 00:07:05
2026-07-23 23:40:40,INST314,0203,Sarah Lee,34,0,0,2026-07-24 00:07:05
2026-07-23 23:40:40,INST314,0301,Sarah Lee,50,0,1,2026-07-24 00:07:05
2026-07-23 23:40:40,INST314,ESG1,Faisal Quader,60,26,0,2026-07-24 00:07:05
2026-07-23 23:40:40,INST326,0101,Aric Bills,67,48,0,2026-07-24 00:07:05
2026-07-23 23:40:40,INST326,0102,Aric Bills,67,0,0,2026-07-24 00:07:05
2026-07-23 23:40:40,INST326,0201,J Bern Jordan,27,0,0,2026-07-24 00:07:05
2026-07-23 23:40:40,INST326,0202,J Bern Jordan,27,0,1,2026-07-24 00:07:05
2026-07-23 23:40:40,INST326,0203,J Bern Jordan,27,0,0,2026-07-24 00:07:05
2026-07-23 23:40:40,INST326,0401,Matthew Patrick,27,0,0,2026-07-24 00:07:05
2026-07-23 23:40:40,INST326,0402,Matthew Patrick,27,0,0,2026-07-24 00:07:05
2026-07-23 23:40:40,INST326,0403,Matthew Patrick,27,7,0,2026-07-24 00:07:05
2026-07-23 23:40:40,INST326,ESG1,Instructor: TBA,60,28,0,2026-07-24 00:07:05
2026-07-23 23:40:40,INST327,0101,Pamela Duffy,40,27,0,2026-07-24 00:07:06
2026-07-23 23:40:40,INST327,0102,Pamela Duffy,40,29,0,2026-07-24 00:07:06
2026-07-23 23:40:40,INST327,0103,Pamela Duffy,40,0,0,2026-07-24 00:07:06
2026-07-23 23:40:40,INST327,0201,Nicholas DeWitt,40,0,1,2026-07-24 00:07:06
2026-07-23 23:40:40,INST327,0202,Nicholas DeWitt,40,3,0,2026-07-24 00:07:06
2026-07-23 23:40:40,INST327,0203,Nicholas DeWitt,40,26,0,2026-07-24 00:07:06
2026-07-23 23:40:40,INST327,0301,Nicholas DeWitt,40,17,0,2026-07-24 00:07:06
2026-07-23 23:40:40,INST327,0302,Nicholas DeWitt,40,0,0,2026-07-24 00:07:06
2026-07-23 23:40:40,INST327,0303,Nicholas DeWitt,40,0,0,2026-07-24 00:07:06
2026-07-23 23:40:40,INST330,0101,Dennis Frezzo,28,4,0,2026-07-24 00:07:06
2026-07-23 23:40:40,INST335,0101,Susannah Paletz,27,20,0,2026-07-24 00:07:07
2026-07-23 23:40:40,INST335,0102,Susannah Paletz,27,2,0,2026-07-24 00:07:07
2026-07-23 23:40:40,INST335,0103,Susannah Paletz,27,0,2,2026-07-24 00:07:07
2026-07-23 23:40:40,INST335,0104,Susannah Paletz,27,0,4,2026-07-24 00:07:07
2026-07-23 23:40:40,INST335,0201,Francesca Polito,27,8,0,2026-07-24 00:07:07
2026-07-23 23:40:40,INST335,0202,Francesca Polito,27,0,2,2026-07-24 00:07:07
2026-07-23 23:40:40,INST335,0203,Francesca Polito,27,0,1,2026-07-24 00:07:07
2026-07-23 23:40:40,INST335,0204,Francesca Polito,27,2,0,2026-07-24 00:07:07
2026-07-23 23:40:40,INST335,0301,Tatyana Yevgrafova,27,18,0,2026-07-24 00:07:07
2026-07-23 23:40:40,INST335,0302,Tatyana Yevgrafova,27,19,0,2026-07-24 00:07:07
2026-07-23 23:40:40,INST335,0303,Tatyana Yevgrafova,27,21,0,2026-07-24 00:07:07
2026-07-23 23:40:40,INST335,0304,Tatyana Yevgrafova,27,22,0,2026-07-24 00:07:07
2026-07-23 23:40:40,INST335,ESG1,Francesca Polito,60,31,0,2026-07-24 00:07:07
2026-07-23 23:40:40,INST341,0101,Dina Herbert,49,0,5,2026-07-24 00:07:07
2026-07-23 23:40:40,INST346,0101,Dennis Frezzo,40,1,0,2026-07-24 00:07:07
2026-07-23 23:40:40,INST346,0102,Dennis Frezzo,40,0,1,2026-07-24 00:07:07
2026-07-23 23:40:40,INST346,0103,Dennis Frezzo,40,0,3,2026-07-24 00:07:07
2026-07-23 23:40:40,INST346,0201,Elizabeth Bonsignore,40,1,0,2026-07-24 00:07:07
2026-07-23 23:40:40,INST346,0202,Elizabeth Bonsignore,40,17,0,2026-07-24 00:07:07
2026-07-23 23:40:40,INST346,0203,Elizabeth Bonsignore,40,24,0,2026-07-24 00:07:07
2026-07-23 23:40:40,INST346,0301,Dennis Frezzo,40,0,0,2026-07-24 00:07:07
2026-07-23 23:40:40,INST346,0302,Dennis Frezzo,40,0,3,2026-07-24 00:07:07
2026-07-23 23:40:40,INST346,0303,Dennis Frezzo,40,0,9,2026-07-24 00:07:07
2026-07-23 23:40:40,INST346,ESG1,Nestor Michael Tiglao,25,8,0,2026-07-24 00:07:07
2026-07-23 23:40:40,INST346,ESG2,Nestor Michael Tiglao,25,0,1,2026-07-24 00:07:07
2026-07-23 23:40:40,INST347,0101,Danyil Butkovskyi,50,0,4,2026-07-24 00:07:08
2026-07-23 23:40:40,INST352,0101,Vera Rhoads,40,0,0,2026-07-24 00:07:08
2026-07-23 23:40:40,INST352,0102,Vera Rhoads,40,0,2,2026-07-24 00:07:08
2026-07-23 23:40:40,INST352,0103,Vera Rhoads,40,0,3,2026-07-24 00:07:08
2026-07-23 23:40:40,INST352,0104,Vera Rhoads,40,0,5,2026-07-24 00:07:08
2026-07-23 23:40:40,INST352,0201,Nicole Miller,38,0,3,2026-07-24 00:07:08
2026-07-23 23:40:40,INST352,0202,Nicole Miller,38,1,0,2026-07-24 00:07:08
2026-07-23 23:40:40,INST352,0203,Nicole Miller,38,16,0,2026-07-24 00:07:08
2026-07-23 23:40:40,INST352,0204,Nicole Miller,38,34,0,2026-07-24 00:07:08
2026-07-23 23:40:40,INST352,0301,Jane Behre,37,24,0,2026-07-24 00:07:08
2026-07-23 23:40:40,INST352,0302,Jane Behre,37,22,0,2026-07-24 00:07:08
2026-07-23 23:40:40,INST352,0303,Jane Behre,37,29,0,2026-07-24 00:07:08
2026-07-23 23:40:40,INST354,0101,Kathy Weaver,100,0,3,2026-07-24 00:07:09
2026-07-23 23:40:40,INST354,0102,Christopher Antoun,100,0,5,2026-07-24 00:07:09
2026-07-23 23:40:40,INST362,0101,Heera Lee,40,31,0,2026-07-24 00:07:09
2026-07-23 23:40:40,INST362,0102,Heera Lee,40,33,0,2026-07-24 00:07:09
2026-07-23 23:40:40,INST362,0103,Heera Lee,40,5,0,2026-07-24 00:07:09
2026-07-23 23:40:40,INST362,0104,Heera Lee,40,0,0,2026-07-24 00:07:09
2026-07-23 23:40:40,INST362,0201,Wesley Lewis,40,0,8,2026-07-24 00:07:09
2026-07-23 23:40:40,INST362,0202,Wesley Lewis,40,0,4,2026-07-24 00:07:09
2026-07-23 23:40:40,INST362,0203,Wesley Lewis,40,0,4,2026-07-24 00:07:09
2026-07-23 23:40:40,INST362,0204,Wesley Lewis,40,0,3,2026-07-24 00:07:09
2026-07-23 23:40:40,INST362,0301,Vera Rhoads,40,0,0,2026-07-24 00:07:09
2026-07-23 23:40:40,INST362,0302,Vera Rhoads,40,17,0,2026-07-24 00:07:09
2026-07-23 23:40:40,INST362,0303,Vera Rhoads,40,29,0,2026-07-24 00:07:09
2026-07-23 23:40:40,INST362,0304,Vera Rhoads,40,30,0,2026-07-24 00:07:09
2026-07-23 23:40:40,INST363,ESG1,LaRia Conley,60,39,0,2026-07-24 00:07:10
2026-07-23 23:40:40,INST364,0101,Susan Campbell,75,3,0,2026-07-24 00:07:10
2026-07-23 23:40:40,INST364,0102,Padric Mylod,50,0,20,2026-07-24 00:07:10
2026-07-23 23:40:40,INST364,ESG1,Padric Mylod,60,24,0,2026-07-24 00:07:10
2026-07-23 23:40:40,INST366,0101,Jwan Al Faili,75,15,0,2026-07-24 00:07:10
2026-07-23 23:40:40,INST366,0102,Jwan Al Faili,75,1,0,2026-07-24 00:07:10
2026-07-23 23:40:40,INST366,0103,Amir Ghaemi,75,41,0,2026-07-24 00:07:10
2026-07-23 23:40:40,INST367,0101,Stephanie Valencia Valencia,35,3,0,2026-07-24 00:07:11
2026-07-23 23:40:40,INST372,0101,Angela Boley,60,40,0,2026-07-24 00:07:11
2026-07-23 23:40:40,INST377,0101,Anmol Dash,35,16,0,2026-07-24 00:07:12
2026-07-23 23:40:40,INST377,0102,Anmol Dash,35,0,1,2026-07-24 00:07:12
2026-07-23 23:40:40,INST377,0103,Anmol Dash,35,0,4,2026-07-24 00:07:12
2026-07-23 23:40:40,INST377,0201,Anmol Dash,35,21,0,2026-07-24 00:07:12
2026-07-23 23:40:40,INST377,0202,Anmol Dash,35,0,0,2026-07-24 00:07:12
2026-07-23 23:40:40,INST377,0203,Anmol Dash,35,0,2,2026-07-24 00:07:12
2026-07-23 23:40:40,INST377,ESG1,Timothy Suh,40,19,0,2026-07-24 00:07:12
2026-07-23 23:40:40,INST380,0101,Elizabeth Bonsignore,50,25,0,2026-07-24 00:07:12
2026-07-23 23:40:40,INST381,0101,Galina Reitz,25,12,0,2026-07-24 00:07:13
2026-07-23 23:40:40,INST388E,0101,Pamela Duffy,25,16,0,2026-07-24 00:07:13
2026-07-23 23:40:40,INST388L,0101,Brian Gillikin,20,19,0,2026-07-24 00:07:13
2026-07-23 23:40:40,INST388Q,0101,Pamela Duffy,25,17,0,2026-07-24 00:07:14
2026-07-23 23:40:40,INST388R,0101,Pamela Duffy,25,24,0,2026-07-24 00:07:14
2026-07-23 23:40:40,INST388U,0101,Brian Gillikin,20,15,0,2026-07-24 00:07:15
2026-07-23 23:40:40,INST398K,0101,Susannah Paletz,40,27,0,2026-07-24 00:07:15
2026-07-23 23:40:40,INST398N,0101,Angel Jones,40,0,1,2026-07-24 00:07:16
2026-07-23 23:40:40,INST402,0101,Elia Shahbazi,40,10,0,2026-07-24 00:07:16
2026-07-23 23:40:40,INST406,0101,Elia Shahbazi,40,3,0,2026-07-24 00:07:16
2026-07-23 23:40:40,INST407,ESG1,Brian Gillikin,60,43,0,2026-07-24 00:07:17
2026-07-23 23:40:40,INST408B,0101,Heera Lee,30,26,0,2026-07-24 00:07:17
2026-07-23 23:40:40,INST408C,0101,Leveque Levec,28,10,0,2026-07-24 00:07:18
2026-07-23 23:40:40,INST408C,0102,Leveque Levec,28,2,0,2026-07-24 00:07:18
2026-07-23 23:40:40,INST408G,0101,Eun Kyoung Choe,30,24,0,2026-07-24 00:07:18
2026-07-23 23:40:40,INST408I,0101,Mustafa Sikder,50,0,6,2026-07-24 00:07:19
2026-07-23 23:40:40,INST408I,ESG1,William Farmer,60,59,0,2026-07-24 00:07:19
2026-07-23 23:40:40,INST408V,0101,Alex Leitch,30,0,3,2026-07-24 00:07:19
2026-07-23 23:40:40,INST408Z,0101,Kari Kraus,25,10,0,2026-07-24 00:07:19
2026-07-23 23:40:40,INST410,0101,Pamela Duffy,60,0,2,2026-07-24 00:07:20
2026-07-23 23:40:40,INST414,0101,Cody Buntain,40,23,0,2026-07-24 00:07:20
2026-07-23 23:40:40,INST414,0102,Cody Buntain,40,0,1,2026-07-24 00:07:20
2026-07-23 23:40:40,INST414,0201,Maria Krupenkin,34,15,0,2026-07-24 00:07:20
2026-07-23 23:40:40,INST414,0202,Maria Krupenkin,34,0,4,2026-07-24 00:07:20
2026-07-23 23:40:40,INST414,0301,Naeemul Hassan,40,25,0,2026-07-24 00:07:20
2026-07-23 23:40:40,INST420,0101,Nekabari Sigalo,20,0,0,2026-07-24 00:07:21
2026-07-23 23:40:40,INST420,0102,Nekabari Sigalo,18,15,0,2026-07-24 00:07:21
2026-07-23 23:40:40,INST423,0101,Vanessa Frias Martinez,10,9,0,2026-07-24 00:07:21
2026-07-23 23:40:40,INST424,0101,Mega Subramaniam,25,12,0,2026-07-24 00:07:22
2026-07-23 23:40:40,INST425,0101,Julia Mendelsohn,30,19,0,2026-07-24 00:07:22
2026-07-23 23:40:40,INST427,0101,Pamela Duffy,40,11,0,2026-07-24 00:07:22
2026-07-23 23:40:40,INST437,0101,Stacy Surla,40,0,4,2026-07-24 00:07:23
2026-07-23 23:40:40,INST441,0101,Phillip Thompkins,60,18,0,2026-07-24 00:07:23
2026-07-23 23:40:40,INST442,0101,Amanda Sorensen,50,30,0,2026-07-24 00:07:24
2026-07-23 23:40:40,INST446,0101,Dennis Frezzo,28,0,6,2026-07-24 00:07:24
2026-07-23 23:40:40,INST447,0101,Wei Ai,40,0,0,2026-07-24 00:07:25
2026-07-23 23:40:40,INST447,0102,Wei Ai,40,29,0,2026-07-24 00:07:25
2026-07-23 23:40:40,INST447,0103,Wei Ai,40,28,0,2026-07-24 00:07:25
2026-07-23 23:40:40,INST447,0201,Matthew Patrick,40,0,1,2026-07-24 00:07:25
2026-07-23 23:40:40,INST447,0202,Matthew Patrick,40,26,0,2026-07-24 00:07:25
2026-07-23 23:40:40,INST447,0203,Matthew Patrick,40,34,0,2026-07-24 00:07:25
2026-07-23 23:40:40,INST451,0101,Miranda Downey,55,37,0,2026-07-24 00:07:25
2026-07-23 23:40:40,INST453,ESG2,Mohammad Hanaee,60,41,0,2026-07-24 00:07:25
2026-07-23 23:40:40,INST454,0101,Wesley Lewis,40,7,0,2026-07-24 00:07:26
2026-07-23 23:40:40,INST455,ESG1,Michael Prakhye,60,5,0,2026-07-24 00:07:26
2026-07-23 23:40:40,INST461,ESG1,Arjav Shah,60,6,0,2026-07-24 00:07:27
2026-07-23 23:40:40,INST462,0101,Jesse Klein,100,0,2,2026-07-24 00:07:27
2026-07-23 23:40:40,INST462,0201,Scott Jackson,40,23,0,2026-07-24 00:07:27
2026-07-23 23:40:40,INST462,0202,Scott Jackson,40,21,0,2026-07-24 00:07:27
2026-07-23 23:40:40,INST462,0203,Scott Jackson,40,30,0,2026-07-24 00:07:27
2026-07-23 23:40:40,INST462H,0101,Jesse Klein,20,16,0,2026-07-24 00:07:28
2026-07-23 23:40:40,INST463,ESG1,Ryan Elza,60,56,0,2026-07-24 00:07:28
2026-07-23 23:40:40,INST464,0101,Faisal Quader,50,0,10,2026-07-24 00:07:28
2026-07-23 23:40:40,INST466,0101,Alia Reza,75,27,0,2026-07-24 00:07:29
2026-07-23 23:40:40,INST466,0102,Irene Pasquetto,75,0,1,2026-07-24 00:07:29
2026-07-23 23:40:40,INST466,0103,Irene Pasquetto,75,40,0,2026-07-24 00:07:29
2026-07-23 23:40:40,INST480,0101,Katie Shilton,50,43,0,2026-07-24 00:07:29
2026-07-23 23:40:40,INST490,0101,TJ Rainsford,50,15,0,2026-07-24 00:07:30
2026-07-23 23:40:40,INST490,0103,Mary Ann Francis,40,0,2,2026-07-24 00:07:30
2026-07-23 23:40:40,INST490,0104,TJ Rainsford,50,12,0,2026-07-24 00:07:30
2026-07-23 23:40:40,INST490,0106,Jesse Klein,50,0,9,2026-07-24 00:07:30
2026-07-23 23:40:40,INST490,0107,Connie Siebold,40,0,4,2026-07-24 00:07:30
2026-07-23 23:40:40,INST490,0110,Patrick Thornton,50,32,0,2026-07-24 00:07:30
2026-07-23 23:40:40,INST491,0101,TJ Rainsford,50,15,0,2026-07-24 00:07:30
2026-07-23 23:40:40,INST491,0103,Mary Ann Francis,40,0,2,2026-07-24 00:07:30
2026-07-23 23:40:40,INST491,0104,TJ Rainsford,50,12,0,2026-07-24 00:07:30
2026-07-23 23:40:40,INST491,0106,Jesse Klein,50,0,9,2026-07-24 00:07:30
2026-07-23 23:40:40,INST491,0107,Connie Siebold,40,0,4,2026-07-24 00:07:30
2026-07-23 23:40:40,INST491,0110,Patrick Thornton,50,32,0,2026-07-24 00:07:30
2026-07-23 23:40:40,INST600,IM01,Victoria Van Hyning,40,0,0,2026-07-24 00:07:31
2026-07-23 23:40:40,INST600,IM02,Ryan O'Grady,40,0,0,2026-07-24 00:07:31
2026-07-23 23:40:40,INST600,IM03,Kevin Washburn,40,24,0,2026-07-24 00:07:31
2026-07-23 23:40:40,INST604,IM01,Paul Bazile,40,0,4,2026-07-24 00:07:31
2026-07-23 23:40:40,INST604,IM02,Melissa Wertheimer,25,0,4,2026-07-24 00:07:31
2026-07-23 23:40:40,INST607,IM01,Jason Baron,30,17,0,2026-07-24 00:07:31
2026-07-23 23:40:40,INST608C,IM01,Richard Marciano,30,24,0,2026-07-24 00:07:32
2026-07-23 23:40:40,INST608E,IM01,Heera Lee,20,18,0,2026-07-24 00:07:32
2026-07-23 23:40:40,INST608Q,IM01,Miranda Downey,10,3,0,2026-07-24 00:07:33
2026-07-23 23:40:40,INST610,IM01,Paul Bazile,30,14,0,2026-07-24 00:07:33
2026-07-23 23:40:40,INST613,IM01,Paul Jaeger,30,12,0,2026-07-24 00:07:33
2026-07-23 23:40:40,INST615,IM01,Laura Moorer,30,24,0,2026-07-24 00:07:34
2026-07-23 23:40:40,INST620,IM01,Renee Hill,30,0,0,2026-07-24 00:07:34
2026-07-23 23:40:40,INST623,IM01,Vanessa Frias Martinez,10,8,0,2026-07-24 00:07:35
2026-07-23 23:40:40,INST624,IM01,Scott Jackson,40,33,0,2026-07-24 00:07:35
2026-07-23 23:40:40,INST627,IM01,Christopher Antoun,40,21,0,2026-07-24 00:07:36
2026-07-23 23:40:40,INST630,IM01,Alex Leitch,30,3,0,2026-07-24 00:07:36
2026-07-23 23:40:40,INST630,IM02,David Patrick,30,0,3,2026-07-24 00:07:36
2026-07-23 23:40:40,INST631,IM01,Joel Chan,30,0,1,2026-07-24 00:07:37
2026-07-23 23:40:40,INST631,IM02,Rohit Mallick,30,5,0,2026-07-24 00:07:37
2026-07-23 23:40:40,INST631,IM03,Instructor: TBA,30,17,0,2026-07-24 00:07:37
2026-07-23 23:40:40,INST639U,IM01,Michelle Shableski,25,22,0,2026-07-24 00:07:37
2026-07-23 23:40:40,INST643,IM01,Lesley Langa,25,0,0,2026-07-24 00:07:37
2026-07-23 23:40:40,INST650,IM01,Kevin Washburn,30,13,0,2026-07-24 00:07:38
2026-07-23 23:40:40,INST651,IM01,Francesca Polito,30,3,0,2026-07-24 00:07:38
2026-07-23 23:40:40,INST653,0201,Lesley Langa,30,20,0,2026-07-24 00:07:39
2026-07-23 23:40:40,INST700,IM01,Stacy Surla,20,15,0,2026-07-24 00:07:39
2026-07-23 23:40:40,INST704,IM01,Hernisa Kacorri,30,0,0,2026-07-24 00:07:39
2026-07-23 23:40:40,INST710,IM01,Heera Lee,40,1,0,2026-07-24 00:07:40
2026-07-23 23:40:40,INST711,IM01,Alex Leitch,25,14,0,2026-07-24 00:07:41
2026-07-23 23:40:40,INST711,IM02,Instructor: TBA,25,20,0,2026-07-24 00:07:41
2026-07-23 23:40:40,INST713,0101,Daniel Greene,20,11,0,2026-07-24 00:07:41
2026-07-23 23:40:40,INST728A,IM01,Jonathan Lazar,30,24,0,2026-07-24 00:07:42
2026-07-23 23:40:40,INST728F,IM01,Tom Brinck,30,18,0,2026-07-24 00:07:42
2026-07-23 23:40:40,INST735,0101,Mohit Iyyer,38,0,7,2026-07-24 00:07:42
2026-07-23 23:40:40,INST752,IM01,Patricia Bunnell,40,35,0,2026-07-24 00:07:43
2026-07-23 23:40:40,INST753,IM01,David Patrick,30,16,0,2026-07-24 00:07:43
2026-07-23 23:40:40,INST756,IM01,Waqas Shah,30,15,0,2026-07-24 00:07:44
2026-07-23 23:40:40,INST760,IM01,Keke Wu,30,18,0,2026-07-24 00:07:44
2026-07-23 23:40:40,INST762,IM01,Zubin Jelveh,30,17,0,2026-07-24 00:07:45
2026-07-23 23:40:40,INST767,IM01,Zach Drake,30,18,0,2026-07-24 00:07:45
2026-07-23 23:40:40,INST771,IM01,Leveque Levec,25,8,0,2026-07-24 00:07:45
2026-07-23 23:40:40,INST774,IM01,Susan Campbell,25,16,0,2026-07-24 00:07:46
2026-07-23 23:40:40,INST775,IM01,Stacy Surla,25,0,0,2026-07-24 00:07:46
2026-07-23 23:40:40,INST775,IM02,Galina Reitz,25,0,0,2026-07-24 00:07:46
2026-07-23 23:40:40,INST779,0101,Eun Kyoung Choe,10,7,0,2026-07-24 00:07:47
2026-07-23 23:40:40,INST782,IM01,Jordon Steele,30,14,0,2026-07-24 00:07:47
2026-07-23 23:40:40,INST784,IM01,Chad Doran,30,9,0,2026-07-24 00:07:48
2026-07-23 23:40:40,INST787,0101,Henry Gregory,12,7,0,2026-07-24 00:07:48
2026-07-23 23:40:40,INST798,IM01,Keke Wu,10,2,0,2026-07-24 00:07:48
2026-07-23 23:40:40,INST798,IM02,Giovanni Luca Ciampaglia,10,9,0,2026-07-24 00:07:48
2026-07-23 23:40:40,INST800,0101,Vedat Diker,16,1,0,2026-07-24 00:07:49
2026-07-23 23:40:40,INST801,0101,Yiwei Xu,15,0,1,2026-07-24 00:07:50
2026-07-23 23:40:40,INST808,IM01,Keke Wu,10,5,0,2026-07-24 00:07:50
2026-07-23 23:40:40,INST808,IM02,Giovanni Luca Ciampaglia,10,1,0,2026-07-24 00:07:50
2026-07-23 23:40:40,INST820,0101,Paul Jaeger,30,23,0,2026-07-24 00:07:51
2026-07-23 23:40:40,INST821,0101,Beth St Jean,30,22,0,2026-07-24 00:07:52
2026-07-23 23:40:40,INST828,0101,Eun Kyoung Choe,10,7,0,2026-07-24 00:07:52
2026-07-23 23:40:40,INST832,IM01,Paul Jaeger,30,12,0,2026-07-24 00:07:53
2026-07-23 23:40:40,INST878,0101,Daniel Greene,20,11,0,2026-07-24 00:07:53
2026-07-23 23:40:40,ISRL249J,0101,Aner Tal,30,25,0,2026-07-24 00:07:56
2026-07-23 23:40:40,ISRL249M,0101,Aliza Sandalon,15,0,0,2026-07-24 00:07:56
2026-07-23 23:40:40,ISRL283,0101,Shay Hazkani,35,9,0,2026-07-24 00:07:57
2026-07-23 23:40:40,ISRL349G,0101,Marwa Maziad,30,2,0,2026-07-24 00:07:57
2026-07-23 23:40:40,ISRL349K,0101,Regev Ben-David,30,30,0,2026-07-24 00:07:57
2026-07-23 23:40:40,ISRL349T,0101,Elli Lieberman,35,19,0,2026-07-24 00:07:58
2026-07-23 23:40:40,ISRL349Y,0101,Adina Friedman,35,27,0,2026-07-24 00:07:58
2026-07-23 23:40:40,ISRL372,0101,Shirelle Doughty,40,38,0,2026-07-24 00:07:59
2026-07-23 23:40:40,ISRL382,0101,Ilai Saltzman,35,0,2,2026-07-24 00:07:59
2026-07-23 23:40:40,ISRL448R,0101,Morad Elsana,25,12,0,2026-07-24 00:08:00
2026-07-23 23:40:40,ITAL103,0101,Antonella D'Amario,18,13,0,2026-07-24 00:08:02
2026-07-23 23:40:40,ITAL103,0201,Antonella D'Amario,18,7,0,2026-07-24 00:08:02
2026-07-23 23:40:40,ITAL103,0301,Joseph Falvo,18,8,0,2026-07-24 00:08:02
2026-07-23 23:40:40,ITAL203,0101,Antonella D'Amario,18,12,0,2026-07-24 00:08:02
2026-07-23 23:40:40,ITAL203,0201,Antonella D'Amario,18,13,0,2026-07-24 00:08:02
2026-07-23 23:40:40,ITAL204,0101,Federica Soddu,18,16,0,2026-07-24 00:08:02
2026-07-23 23:40:40,ITAL207,0101,Mirella Vaglio,18,16,0,2026-07-24 00:08:03
2026-07-23 23:40:40,ITAL301,0101,Federica Soddu,20,10,0,2026-07-24 00:08:03
2026-07-23 23:40:40,ITAL362,0101,Federica Soddu,20,9,0,2026-07-24 00:08:04
2026-07-23 23:40:40,ITAL401,0101,Mirella Vaglio,15,13,0,2026-07-24 00:08:05
2026-07-23 23:40:40,ITAL421,0101,Joseph Falvo,25,15,0,2026-07-24 00:08:06
2026-07-23 23:40:40,ITAL478R,0101,Joseph Falvo,5,3,0,2026-07-24 00:08:06
2026-07-23 23:40:40,JAPN101,0101,Kumiko Akikawa,13,3,0,2026-07-24 00:08:08
2026-07-23 23:40:40,JAPN101,0201,Kumiko Akikawa,13,5,0,2026-07-24 00:08:08
2026-07-23 23:40:40,JAPN101,0301,Kumiko Akikawa,13,5,0,2026-07-24 00:08:08
2026-07-23 23:40:40,JAPN201,0101,Makiko Inoue,15,7,0,2026-07-24 00:08:09
2026-07-23 23:40:40,JAPN201,0201,Makiko Inoue,15,5,0,2026-07-24 00:08:09
2026-07-23 23:40:40,JAPN301,0101,Mari Hamada,15,10,0,2026-07-24 00:08:09
2026-07-23 23:40:40,JAPN311,0101,Jyana Browne,15,11,0,2026-07-24 00:08:10
2026-07-23 23:40:40,JAPN315,0101,Michele Mason,20,0,0,2026-07-24 00:08:10
2026-07-23 23:40:40,JAPN320,0101,Lindsay Yotsukura,15,8,0,2026-07-24 00:08:10
2026-07-23 23:40:40,JAPN498B,0101,Jyana Browne,20,5,0,2026-07-24 00:08:11
2026-07-23 23:40:40,JOUR130,0201,George Lanum,22,0,5,2026-07-24 00:08:14
2026-07-23 23:40:40,JOUR130,FC02,Daria Davydova,18,0,1,2026-07-24 00:08:14
2026-07-23 23:40:40,JOUR130,FC03,Mark Gray,18,0,1,2026-07-24 00:08:14
2026-07-23 23:40:40,JOUR130,FC05,Mark Gray,18,0,4,2026-07-24 00:08:14
2026-07-23 23:40:40,JOUR130,FC06,Sara Browning,18,0,4,2026-07-24 00:08:14
2026-07-23 23:40:40,JOUR130,FC07,Sharon O'Malley,18,0,4,2026-07-24 00:08:14
2026-07-23 23:40:40,JOUR150,0101,Mohammed Ademo,27,6,0,2026-07-24 00:08:15
2026-07-23 23:40:40,JOUR150,0201,Sally Farhat,27,10,0,2026-07-24 00:08:15
2026-07-23 23:40:40,JOUR150,0301,Sally Farhat,27,7,0,2026-07-24 00:08:15
2026-07-23 23:40:40,JOUR150,0401,Denitsa Yotova,27,5,0,2026-07-24 00:08:15
2026-07-23 23:40:40,JOUR150,0701,Denitsa Yotova,27,9,0,2026-07-24 00:08:15
2026-07-23 23:40:40,JOUR152,0201,Naeemul Hassan,100,74,0,2026-07-24 00:08:15
2026-07-23 23:40:40,JOUR175,0101,Nino Mtchedlishvili,31,0,0,2026-07-24 00:08:15
2026-07-23 23:40:40,JOUR175,0201,Yara Mabrouk,31,0,0,2026-07-24 00:08:15
2026-07-23 23:40:40,JOUR175,0301,Teona Goderdzishvili,31,0,0,2026-07-24 00:08:15
2026-07-23 23:40:40,JOUR181,0101,Justin Thompson,170,96,0,2026-07-24 00:08:16
2026-07-23 23:40:40,JOUR181,FCW1,Justin Thompson,18,12,0,2026-07-24 00:08:16
2026-07-23 23:40:40,JOUR199,0101,Karen Denny,40,40,0,2026-07-24 00:08:16
2026-07-23 23:40:40,JOUR200,0301,Michael Sessa,30,0,0,2026-07-24 00:08:17
2026-07-23 23:40:40,JOUR200,0401,Sharon O'Malley,30,22,0,2026-07-24 00:08:17
2026-07-23 23:40:40,JOUR200,0501,Christoph Mergerson,30,1,0,2026-07-24 00:08:17
2026-07-23 23:40:40,JOUR200,0601,Christoph Mergerson,30,10,0,2026-07-24 00:08:17
2026-07-23 23:40:40,JOUR200,FC01,Carole Lee,30,23,0,2026-07-24 00:08:17
2026-07-23 23:40:40,JOUR201,0101,Darcy Costello,18,4,0,2026-07-24 00:08:17
2026-07-23 23:40:40,JOUR201,0501,Holly Morris,18,10,0,2026-07-24 00:08:17
2026-07-23 23:40:40,JOUR202,0201,Instructor: TBA,18,3,0,2026-07-24 00:08:18
2026-07-23 23:40:40,JOUR282,0201,Wei-Ping Li,31,0,0,2026-07-24 00:08:18
2026-07-23 23:40:40,JOUR283,0101,Christopher Hanson,27,0,0,2026-07-24 00:08:18
2026-07-23 23:40:40,JOUR284,0101,Mark Feldstein,54,2,0,2026-07-24 00:08:19
2026-07-23 23:40:40,JOUR289I,0101,Ronald Yaros,63,7,0,2026-07-24 00:08:19
2026-07-23 23:40:40,JOUR320,0101,Jerry Zremski,18,0,3,2026-07-24 00:08:20
2026-07-23 23:40:40,JOUR320,0201,David Lightman,18,0,0,2026-07-24 00:08:20
2026-07-23 23:40:40,JOUR320,0401,David Lightman,18,0,1,2026-07-24 00:08:20
2026-07-23 23:40:40,JOUR320,0501,Abbie Bennett,18,0,2,2026-07-24 00:08:20
2026-07-23 23:40:40,JOUR320,0601,Clarence Williams,18,11,0,2026-07-24 00:08:20
2026-07-23 23:40:40,JOUR325,0101,Christi Parsons,9,9,0,2026-07-24 00:08:20
2026-07-23 23:40:40,JOUR325,0201,Deborah Berry,9,9,0,2026-07-24 00:08:20
2026-07-23 23:40:40,JOUR325,0301,Adam Marton,9,9,0,2026-07-24 00:08:20
2026-07-23 23:40:40,JOUR325,0401,Stacey Decker,9,9,0,2026-07-24 00:08:20
2026-07-23 23:40:40,JOUR328G,0101,Mark Hyman,11,1,0,2026-07-24 00:08:21
2026-07-23 23:40:40,JOUR328I,0101,Andrea Koppel,40,31,0,2026-07-24 00:08:21
2026-07-23 23:40:40,JOUR328P,0101,Jerry Zremski,7,2,0,2026-07-24 00:08:21
2026-07-23 23:40:40,JOUR334,0101,Robert Little,6,4,0,2026-07-24 00:08:22
2026-07-23 23:40:40,JOUR347,0101,Kimberly Fleming,11,0,0,2026-07-24 00:08:22
2026-07-23 23:40:40,JOUR347,0201,Alanna Kopania,7,0,2,2026-07-24 00:08:22
2026-07-23 23:40:40,JOUR347,0301,Bridget McGeady,12,0,0,2026-07-24 00:08:22
2026-07-23 23:40:40,JOUR352,0201,Emma Harris,16,4,0,2026-07-24 00:08:23
2026-07-23 23:40:40,JOUR352,0301,Kalani Gordon,18,6,0,2026-07-24 00:08:23
2026-07-23 23:40:40,JOUR352,0401,Adam Marton,12,0,0,2026-07-24 00:08:23
2026-07-23 23:40:40,JOUR352,0501,Gagan Nirula,17,7,0,2026-07-24 00:08:23
2026-07-23 23:40:40,JOUR353,0201,Deborah Berry,7,2,0,2026-07-24 00:08:23
2026-07-23 23:40:40,JOUR353,0301,Christi Parsons,7,1,0,2026-07-24 00:08:23
2026-07-23 23:40:40,JOUR353,0401,Deborah Nelson,9,2,0,2026-07-24 00:08:23
2026-07-23 23:40:40,JOUR355,0101,Adam Marton,10,9,0,2026-07-24 00:08:24
2026-07-23 23:40:40,JOUR355,0201,Stacey Decker,10,5,0,2026-07-24 00:08:24
2026-07-23 23:40:40,JOUR355,0501,Christi Parsons,1,1,0,2026-07-24 00:08:24
2026-07-23 23:40:40,JOUR355,0601,Deborah Nelson,4,3,0,2026-07-24 00:08:24
2026-07-23 23:40:40,JOUR357,0101,Melvin Coffee,7,5,0,2026-07-24 00:08:24
2026-07-23 23:40:40,JOUR360,0201,Robyne McCullough,12,6,0,2026-07-24 00:08:24
2026-07-23 23:40:40,JOUR360,0401,Liz Feldman,18,6,0,2026-07-24 00:08:24
2026-07-23 23:40:40,JOUR361,0301,Joshua Davidsburg,11,5,0,2026-07-24 00:08:25
2026-07-23 23:40:40,JOUR362,0102,Cindy Wright,3,0,0,2026-07-24 00:08:25
2026-07-23 23:40:40,JOUR362,0104,Cindy Wright,3,1,0,2026-07-24 00:08:25
2026-07-23 23:40:40,JOUR367,0101,Melvin Coffee,15,10,0,2026-07-24 00:08:26
2026-07-23 23:40:40,JOUR368A,0101,Alexander Flum,10,4,0,2026-07-24 00:08:26
2026-07-23 23:40:40,JOUR368B,0101,Krishnan Vasudevan,6,3,0,2026-07-24 00:08:27
2026-07-23 23:40:40,JOUR368E,0101,Nathaniel Stevens,10,7,0,2026-07-24 00:08:27
2026-07-23 23:40:40,JOUR368K,0101,Joshua Davidsburg,6,0,0,2026-07-24 00:08:27
2026-07-23 23:40:40,JOUR368O,0101,Nathaniel Stevens,8,0,0,2026-07-24 00:08:28
2026-07-23 23:40:40,JOUR368R,0101,Joshua Davidsburg,6,3,0,2026-07-24 00:08:28
2026-07-23 23:40:40,JOUR368T,0101,Alanna Kopania,10,2,0,2026-07-24 00:08:29
2026-07-23 23:40:40,JOUR368Y,0101,Joseph Yasharoff,10,7,0,2026-07-24 00:08:29
2026-07-23 23:40:40,JOUR370,0101,Timothy Jacobsen,14,1,0,2026-07-24 00:08:29
2026-07-23 23:40:40,JOUR370,0301,Timothy Jacobsen,11,0,0,2026-07-24 00:08:29
2026-07-23 23:40:40,JOUR371,0101,David Oliver,17,3,0,2026-07-24 00:08:30
2026-07-23 23:40:40,JOUR382,0101,Kate Yanchulis,9,0,1,2026-07-24 00:08:30
2026-07-23 23:40:40,JOUR383,0101,Timothy Jacobsen,8,4,0,2026-07-24 00:08:31
2026-07-23 23:40:40,JOUR384,0101,Shuning Lu,18,0,1,2026-07-24 00:08:31
2026-07-23 23:40:40,JOUR389N,0101,Dana Priest,6,2,0,2026-07-24 00:08:32
2026-07-23 23:40:40,JOUR389R,0101,Rob Wells,6,4,0,2026-07-24 00:08:32
2026-07-23 23:40:40,JOUR389W,0101,Derek Willis,9,3,0,2026-07-24 00:08:32
2026-07-23 23:40:40,JOUR396,0101,Karen Denny,45,45,0,2026-07-24 00:08:33
2026-07-23 23:40:40,JOUR402,0201,Danielle McLean,38,4,0,2026-07-24 00:08:34
2026-07-23 23:40:40,JOUR402,0301,Danielle McLean,38,0,0,2026-07-24 00:08:34
2026-07-23 23:40:40,JOUR405,0101,Derek Willis,38,0,0,2026-07-24 00:08:34
2026-07-23 23:40:40,JOUR447,0101,Kevin Blackistone,15,0,2,2026-07-24 00:08:35
2026-07-23 23:40:40,JOUR453,0101,Anne Rosen,25,2,0,2026-07-24 00:08:35
2026-07-23 23:40:40,JOUR456,0101,Christopher Hanson,18,6,0,2026-07-24 00:08:35
2026-07-23 23:40:40,JOUR458B,0101,Rose DiPaula,26,9,0,2026-07-24 00:08:36
2026-07-23 23:40:40,JOUR458I,0101,Stacey Decker,12,0,0,2026-07-24 00:08:36
2026-07-23 23:40:40,JOUR458V,0101,Deneen Brown,18,0,0,2026-07-24 00:08:37
2026-07-23 23:40:40,JOUR458Y,0101,Shuning Lu,18,8,0,2026-07-24 00:08:37
2026-07-23 23:40:40,JOUR458Z,0101,Tom Bettag,12,4,0,2026-07-24 00:08:38
2026-07-23 23:40:40,JOUR459I,0101,Mark Feldstein,13,2,0,2026-07-24 00:08:38
2026-07-23 23:40:40,JOUR472,0201,Aidan Hughes,15,8,0,2026-07-24 00:08:38
2026-07-23 23:40:40,JOUR473,0101,Naeemul Hassan,6,2,0,2026-07-24 00:08:39
2026-07-23 23:40:40,JOUR475,0101,Ronald Yaros,15,0,0,2026-07-24 00:08:39
2026-07-23 23:40:40,JOUR479L,0101,Thomas Rosenstiel,16,0,0,2026-07-24 00:08:40
2026-07-23 23:40:40,JOUR502,0101,Christine Harvey,18,10,0,2026-07-24 00:08:40
2026-07-23 23:40:40,JOUR601,0101,Linda Steiner,9,4,0,2026-07-24 00:08:40
2026-07-23 23:40:40,JOUR603,0101,Alanna Kopania,5,0,0,2026-07-24 00:08:41
2026-07-23 23:40:40,JOUR603,0201,Kimberly Fleming,1,1,0,2026-07-24 00:08:41
2026-07-23 23:40:40,JOUR620,0101,Christine Harvey,12,5,0,2026-07-24 00:08:41
2026-07-23 23:40:40,JOUR620,0201,Kaitlyn Wilson,12,4,0,2026-07-24 00:08:41
2026-07-23 23:40:40,JOUR625,0101,Christi Parsons,10,6,0,2026-07-24 00:08:42
2026-07-23 23:40:40,JOUR625,0201,Deborah Berry,10,10,0,2026-07-24 00:08:42
2026-07-23 23:40:40,JOUR628C,0101,Sean Mussenden,5,5,0,2026-07-24 00:08:42
2026-07-23 23:40:40,JOUR628G,0101,Mark Hyman,2,2,0,2026-07-24 00:08:43
2026-07-23 23:40:40,JOUR628H,0101,Dana Priest,6,2,0,2026-07-24 00:08:43
2026-07-23 23:40:40,JOUR628I,0101,Sean Mussenden,5,5,0,2026-07-24 00:08:43
2026-07-23 23:40:40,JOUR628P,0101,Jerry Zremski,3,3,0,2026-07-24 00:08:44
2026-07-23 23:40:40,JOUR634,0101,Robert Little,3,2,0,2026-07-24 00:08:44
2026-07-23 23:40:40,JOUR635,0101,Deborah Nelson,12,12,0,2026-07-24 00:08:45
2026-07-23 23:40:40,JOUR652,0101,Adam Marton,6,2,0,2026-07-24 00:08:45
2026-07-23 23:40:40,JOUR652,0201,Emma Harris,2,2,0,2026-07-24 00:08:45
2026-07-23 23:40:40,JOUR652,0301,Gagan Nirula,1,1,0,2026-07-24 00:08:45
2026-07-23 23:40:40,JOUR652,PWJ1,Instructor: TBA,15,12,0,2026-07-24 00:08:45
2026-07-23 23:40:40,JOUR655,0101,Adam Marton,7,3,0,2026-07-24 00:08:46
2026-07-23 23:40:40,JOUR655,0201,Stacey Decker,4,4,0,2026-07-24 00:08:46
2026-07-23 23:40:40,JOUR657,0201,Alexander Pyles,4,0,0,2026-07-24 00:08:46
2026-07-23 23:40:40,JOUR660,0101,Robyne McCullough,6,1,0,2026-07-24 00:08:46
2026-07-23 23:40:40,JOUR661,0301,Joshua Davidsburg,1,1,0,2026-07-24 00:08:47
2026-07-23 23:40:40,JOUR662,0102,Cindy Wright,1,1,0,2026-07-24 00:08:47
2026-07-23 23:40:40,JOUR662,0104,Cindy Wright,1,1,0,2026-07-24 00:08:47
2026-07-23 23:40:40,JOUR667,0101,Melvin Coffee,15,10,0,2026-07-24 00:08:48
2026-07-23 23:40:40,JOUR668A,0101,Alexander Flum,2,2,0,2026-07-24 00:08:48
2026-07-23 23:40:40,JOUR668B,0101,Krishnan Vasudevan,6,5,0,2026-07-24 00:08:49
2026-07-23 23:40:40,JOUR668E,0101,Nathaniel Stevens,2,2,0,2026-07-24 00:08:49
2026-07-23 23:40:40,JOUR668K,0101,Joshua Davidsburg,4,2,0,2026-07-24 00:08:49
2026-07-23 23:40:40,JOUR668O,0101,Nathaniel Stevens,2,2,0,2026-07-24 00:08:50
2026-07-23 23:40:40,JOUR668R,0101,Joshua Davidsburg,6,4,0,2026-07-24 00:08:50
2026-07-23 23:40:40,JOUR668T,0101,Alanna Kopania,2,1,0,2026-07-24 00:08:51
2026-07-23 23:40:40,JOUR668Y,0101,Joseph Yasharoff,2,2,0,2026-07-24 00:08:51
2026-07-23 23:40:40,JOUR670,0101,Timothy Jacobsen,3,3,0,2026-07-24 00:08:52
2026-07-23 23:40:40,JOUR682,0101,Kate Yanchulis,5,5,0,2026-07-24 00:08:52
2026-07-23 23:40:40,JOUR683,0101,Timothy Jacobsen,6,6,0,2026-07-24 00:08:52
2026-07-23 23:40:40,JOUR689R,0101,Rob Wells,6,2,0,2026-07-24 00:08:53
2026-07-23 23:40:40,JOUR689U,0101,David Oliver,1,0,0,2026-07-24 00:08:53
2026-07-23 23:40:40,JOUR689W,0101,Derek Willis,9,8,0,2026-07-24 00:08:54
2026-07-23 23:40:40,JOUR702,0101,Lucy Dalglish,36,20,0,2026-07-24 00:08:55
2026-07-23 23:40:40,JOUR757,0101,Mark Feldstein,5,5,0,2026-07-24 00:08:55
2026-07-23 23:40:40,JOUR772,0201,Daniel Trielli,18,7,0,2026-07-24 00:08:55
2026-07-23 23:40:40,JOUR773,0101,Naeemul Hassan,9,7,0,2026-07-24 00:08:56
2026-07-23 23:40:40,JOUR776,0101,Daniel Trielli,6,0,0,2026-07-24 00:08:56
2026-07-23 23:40:40,JOUR800,0101,Krishnan Vasudevan,10,7,0,2026-07-24 00:08:58
2026-07-23 23:40:40,JWST141,0101,Marsha Rozenblit,40,28,0,2026-07-24 00:09:01
2026-07-23 23:40:40,JWST171,0101,Maxine Grossman,36,1,0,2026-07-24 00:09:02
2026-07-23 23:40:40,JWST225,0101,Instructor: TBA,25,0,0,2026-07-24 00:09:02
2026-07-23 23:40:40,JWST262,0101,Matthew Suriano,25,0,0,2026-07-24 00:09:02
2026-07-23 23:40:40,JWST274,0101,Matthew Suriano,18,1,0,2026-07-24 00:09:03
2026-07-23 23:40:40,JWST274,0102,Matthew Suriano,18,1,0,2026-07-24 00:09:03
2026-07-23 23:40:40,JWST274,0103,Matthew Suriano,18,1,0,2026-07-24 00:09:03
2026-07-23 23:40:40,JWST274,0104,Matthew Suriano,18,2,0,2026-07-24 00:09:03
2026-07-23 23:40:40,JWST289E,0101,Bernard Cooperman,20,5,0,2026-07-24 00:09:03
2026-07-23 23:40:40,JWST289E,0102,Bernard Cooperman,20,1,0,2026-07-24 00:09:03
2026-07-23 23:40:40,JWST289E,0103,Bernard Cooperman,20,2,0,2026-07-24 00:09:03
2026-07-23 23:40:40,JWST319Y,0101,Jorge Bravo,35,1,0,2026-07-24 00:09:04
2026-07-23 23:40:40,JWST319Z,0101,Regev Ben-David,30,27,0,2026-07-24 00:09:04
2026-07-23 23:40:40,JWST333,0101,Bernard Cooperman,27,2,0,2026-07-24 00:09:05
2026-07-23 23:40:40,JWST372,0101,Shirelle Doughty,40,38,0,2026-07-24 00:09:05
2026-07-23 23:40:40,JWST409B,0101,Hayim Lapin,5,0,0,2026-07-24 00:09:05
2026-07-23 23:40:40,JWST498,0102,Matthew Suriano,5,5,0,2026-07-24 00:09:06
2026-07-23 23:40:40,JWST648B,0101,Hayim Lapin,5,0,0,2026-07-24 00:09:08
2026-07-23 23:40:40,KNES110,0101,Jo Zimmerman,20,1,0,2026-07-24 00:09:10
2026-07-23 23:40:40,KNES110,0201,Jo Zimmerman,20,16,0,2026-07-24 00:09:10
2026-07-23 23:40:40,KNES120,0101,Instructor: TBA,24,0,15,2026-07-24 00:09:11
2026-07-23 23:40:40,KNES120,0102,Instructor: TBA,24,0,14,2026-07-24 00:09:11
2026-07-23 23:40:40,KNES122,0101,Tim Henkel,24,0,24,2026-07-24 00:09:11
2026-07-23 23:40:40,KNES136,0101,Jeff Maynor,19,0,29,2026-07-24 00:09:12
2026-07-23 23:40:40,KNES137,0101,Jeff Maynor,19,0,13,2026-07-24 00:09:12
2026-07-23 23:40:40,KNES141,0201,Joshua Montfort,19,0,0,2026-07-24 00:09:12
2026-07-23 23:40:40,KNES142,0101,Joshua Montfort,19,0,4,2026-07-24 00:09:13
2026-07-23 23:40:40,KNES154,0101,Stephanie Draminski,16,0,2,2026-07-24 00:09:13
2026-07-23 23:40:40,KNES156,0102,Andrea Liberto,19,0,0,2026-07-24 00:09:14
2026-07-23 23:40:40,KNES156,0202,Andrea Liberto,19,0,0,2026-07-24 00:09:14
2026-07-23 23:40:40,KNES165,0101,Tami Lee,24,0,1,2026-07-24 00:09:14
2026-07-23 23:40:40,KNES165,0201,Tami Lee,30,12,0,2026-07-24 00:09:14
2026-07-23 23:40:40,KNES166,0101,Lauren Filocco,24,10,0,2026-07-24 00:09:14
2026-07-23 23:40:40,KNES166,0201,Lauren Filocco,24,8,0,2026-07-24 00:09:15
2026-07-23 23:40:40,KNES170,0101,Kenneth Klotz,24,0,1,2026-07-24 00:09:15
2026-07-23 23:40:40,KNES172,0101,Kenneth Klotz,24,0,4,2026-07-24 00:09:15
2026-07-23 23:40:40,KNES172,0102,Kenneth Klotz,24,0,0,2026-07-24 00:09:15
2026-07-23 23:40:40,KNES173,0101,Michael Dorothy,28,0,1,2026-07-24 00:09:16
2026-07-23 23:40:40,KNES190,0101,Tim Henkel,19,0,0,2026-07-24 00:09:16
2026-07-23 23:40:40,KNES192,0201,Tim Henkel,19,5,0,2026-07-24 00:09:17
2026-07-23 23:40:40,KNES200,0101,Andrea Liberto,24,0,0,2026-07-24 00:09:17
2026-07-23 23:40:40,KNES200,0102,Andrea Liberto,24,0,2,2026-07-24 00:09:17
2026-07-23 23:40:40,KNES200,0103,Andrea Liberto,24,0,0,2026-07-24 00:09:17
2026-07-23 23:40:40,KNES200,FC01,Emma Powell,35,0,1,2026-07-24 00:09:17
2026-07-23 23:40:40,KNES225,0101,Ronald Mower,40,3,0,2026-07-24 00:09:17
2026-07-23 23:40:40,KNES226,0101,Tim Kiemel,18,1,0,2026-07-24 00:09:18
2026-07-23 23:40:40,KNES226,0102,Tim Kiemel,18,9,0,2026-07-24 00:09:18
2026-07-23 23:40:40,KNES226,0103,Tim Kiemel,18,11,0,2026-07-24 00:09:18
2026-07-23 23:40:40,KNES226,0104,Tim Kiemel,18,0,0,2026-07-24 00:09:18
2026-07-23 23:40:40,KNES260,0101,James Hagberg,22,0,1,2026-07-24 00:09:18
2026-07-23 23:40:40,KNES260,0102,James Hagberg,22,0,2,2026-07-24 00:09:18
2026-07-23 23:40:40,KNES265,0101,Jae Kun Shim,24,0,2,2026-07-24 00:09:19
2026-07-23 23:40:40,KNES282,0101,Joanne Klossner,32,0,0,2026-07-24 00:09:19
2026-07-23 23:40:40,KNES285,0101,Shannon Jette,14,0,0,2026-07-24 00:09:20
2026-07-23 23:40:40,KNES285,0102,Shannon Jette,14,0,0,2026-07-24 00:09:20
2026-07-23 23:40:40,KNES285,0103,Shannon Jette,14,0,0,2026-07-24 00:09:20
2026-07-23 23:40:40,KNES285,0106,Shannon Jette,14,0,0,2026-07-24 00:09:20
2026-07-23 23:40:40,KNES286,0101,Jo Zimmerman,19,6,0,2026-07-24 00:09:20
2026-07-23 23:40:40,KNES287,0101,David Andrews,14,0,4,2026-07-24 00:09:20
2026-07-23 23:40:40,KNES287,0102,David Andrews,14,0,7,2026-07-24 00:09:20
2026-07-23 23:40:40,KNES287,0104,David Andrews,14,0,6,2026-07-24 00:09:20
2026-07-23 23:40:40,KNES287,0105,David Andrews,14,0,5,2026-07-24 00:09:20
2026-07-23 23:40:40,KNES289Z,0101,Polly Sebastian Schurer,19,7,0,2026-07-24 00:09:21
2026-07-23 23:40:40,KNES289Z,0102,Polly Sebastian Schurer,19,3,0,2026-07-24 00:09:21
2026-07-23 23:40:40,KNES300,0101,Maria Ayoub,12,0,11,2026-07-24 00:09:22
2026-07-23 23:40:40,KNES300,0102,Maria Ayoub,12,0,17,2026-07-24 00:09:22
2026-07-23 23:40:40,KNES300,0103,Maria Ayoub,12,0,15,2026-07-24 00:09:22
2026-07-23 23:40:40,KNES300,0104,Maria Ayoub,12,0,16,2026-07-24 00:09:22
2026-07-23 23:40:40,KNES300,0105,Maria Ayoub,12,0,12,2026-07-24 00:09:22
2026-07-23 23:40:40,KNES300,0106,Maria Ayoub,12,0,15,2026-07-24 00:09:22
2026-07-23 23:40:40,KNES305,0101,Larry Plotkin,30,6,0,2026-07-24 00:09:22
2026-07-23 23:40:40,KNES305H,0101,Larry Plotkin,3,0,0,2026-07-24 00:09:23
2026-07-23 23:40:40,KNES306,0101,Michelle Jamin,28,8,0,2026-07-24 00:09:23
2026-07-23 23:40:40,KNES306H,0101,Michelle Jamin,2,1,0,2026-07-24 00:09:23
2026-07-23 23:40:40,KNES320,0101,Jeffrey Beans,17,0,2,2026-07-24 00:09:24
2026-07-23 23:40:40,KNES320,0102,Jeffrey Beans,17,0,0,2026-07-24 00:09:24
2026-07-23 23:40:40,KNES320,0103,Jeffrey Beans,17,0,0,2026-07-24 00:09:24
2026-07-23 23:40:40,KNES320,0104,Jeffrey Beans,17,0,3,2026-07-24 00:09:24
2026-07-23 23:40:40,KNES320,0105,Jeffrey Beans,17,0,1,2026-07-24 00:09:24
2026-07-23 23:40:40,KNES320,0106,Jeffrey Beans,17,0,2,2026-07-24 00:09:24
2026-07-23 23:40:40,KNES320,0107,Jeffrey Beans,17,0,0,2026-07-24 00:09:24
2026-07-23 23:40:40,KNES320,0108,Jeffrey Beans,17,1,0,2026-07-24 00:09:24
2026-07-23 23:40:40,KNES332,0101,Jo Zimmerman,25,11,0,2026-07-24 00:09:24
2026-07-23 23:40:40,KNES332H,0101,Jo Zimmerman,2,2,0,2026-07-24 00:09:25
2026-07-23 23:40:40,KNES340,0101,Emma Powell,30,0,0,2026-07-24 00:09:25
2026-07-23 23:40:40,KNES345,0101,Ronald Mower,30,16,0,2026-07-24 00:09:26
2026-07-23 23:40:40,KNES347,0101,Michael Friedman,35,30,0,2026-07-24 00:09:26
2026-07-23 23:40:40,KNES350,0101,Elizabeth Brown,36,0,6,2026-07-24 00:09:26
2026-07-23 23:40:40,KNES350,0102,Elizabeth Brown,24,0,10,2026-07-24 00:09:26
2026-07-23 23:40:40,KNES350,0103,J Carson Smith,36,17,0,2026-07-24 00:09:26
2026-07-23 23:40:40,KNES350,0104,J Carson Smith,24,5,0,2026-07-24 00:09:26
2026-07-23 23:40:40,KNES350H,0101,Elizabeth Brown,3,3,0,2026-07-24 00:09:27
2026-07-23 23:40:40,KNES354,0101,Thomas Nagle,30,0,23,2026-07-24 00:09:27
2026-07-23 23:40:40,KNES355,0101,Jay Goldstein,30,14,0,2026-07-24 00:09:28
2026-07-23 23:40:40,KNES360,0101,Sushant Ranadive,12,0,7,2026-07-24 00:09:28
2026-07-23 23:40:40,KNES360,0102,Sushant Ranadive,12,0,9,2026-07-24 00:09:28
2026-07-23 23:40:40,KNES360,0103,Sushant Ranadive,12,0,10,2026-07-24 00:09:28
2026-07-23 23:40:40,KNES360,0104,Sushant Ranadive,12,0,7,2026-07-24 00:09:28
2026-07-23 23:40:40,KNES360,0107,Sushant Ranadive,12,0,11,2026-07-24 00:09:28
2026-07-23 23:40:40,KNES360,0108,Sushant Ranadive,12,0,7,2026-07-24 00:09:28
2026-07-23 23:40:40,KNES370,0101,Tim Kiemel,14,0,7,2026-07-24 00:09:29
2026-07-23 23:40:40,KNES370,0105,Tim Kiemel,14,0,7,2026-07-24 00:09:29
2026-07-23 23:40:40,KNES370,0107,Tim Kiemel,14,0,7,2026-07-24 00:09:29
2026-07-23 23:40:40,KNES370,0108,Tim Kiemel,14,0,9,2026-07-24 00:09:29
2026-07-23 23:40:40,KNES385,0101,Rodolphe Gentili,14,0,12,2026-07-24 00:09:29
2026-07-23 23:40:40,KNES385,0102,Rodolphe Gentili,14,0,16,2026-07-24 00:09:29
2026-07-23 23:40:40,KNES385,0103,Rodolphe Gentili,14,0,10,2026-07-24 00:09:29
2026-07-23 23:40:40,KNES385,0104,Rodolphe Gentili,14,0,12,2026-07-24 00:09:29
2026-07-23 23:40:40,KNES385,0106,Rodolphe Gentili,14,0,15,2026-07-24 00:09:29
2026-07-23 23:40:40,KNES385,0107,Rodolphe Gentili,14,0,12,2026-07-24 00:09:29
2026-07-23 23:40:40,KNES385H,0101,Rodolphe Gentili,4,2,0,2026-07-24 00:09:29
2026-07-23 23:40:40,KNES386,0101,Emma Powell,4,3,0,2026-07-24 00:09:30
2026-07-23 23:40:40,KNES386,0102,Emma Powell,4,4,0,2026-07-24 00:09:30
2026-07-23 23:40:40,KNES386,0103,Emma Powell,4,4,0,2026-07-24 00:09:30
2026-07-23 23:40:40,KNES386,0104,Emma Powell,4,4,0,2026-07-24 00:09:30
2026-07-23 23:40:40,KNES386,0105,Emma Powell,10,3,0,2026-07-24 00:09:30
2026-07-23 23:40:40,KNES401,0101,Jennifer Roberts,26,0,8,2026-07-24 00:09:31
2026-07-23 23:40:40,KNES401H,0101,Jennifer Roberts,2,2,0,2026-07-24 00:09:32
2026-07-23 23:40:40,KNES405,0101,Larry Plotkin,14,0,8,2026-07-24 00:09:32
2026-07-23 23:40:40,KNES405H,0101,Larry Plotkin,2,1,0,2026-07-24 00:09:32
2026-07-23 23:40:40,KNES406,0101,Jae Kun Shim,24,1,0,2026-07-24 00:09:33
2026-07-23 23:40:40,KNES440,0101,Seppo Iso-Ahola,30,8,0,2026-07-24 00:09:33
2026-07-23 23:40:40,KNES440H,0101,Seppo Iso-Ahola,3,3,0,2026-07-24 00:09:34
2026-07-23 23:40:40,KNES441,0101,Seppo Iso-Ahola,15,2,0,2026-07-24 00:09:34
2026-07-23 23:40:40,KNES450,0101,Jay Goldstein,20,7,0,2026-07-24 00:09:35
2026-07-23 23:40:40,KNES451,0101,Elizabeth Brown,24,0,6,2026-07-24 00:09:35
2026-07-23 23:40:40,KNES451H,0101,Elizabeth Brown,1,1,0,2026-07-24 00:09:35
2026-07-23 23:40:40,KNES457,0101,Jay Goldstein,36,27,0,2026-07-24 00:09:36
2026-07-23 23:40:40,KNES460,0101,Steven Prior,26,12,0,2026-07-24 00:09:36
2026-07-23 23:40:40,KNES460H,0101,Steven Prior,4,4,0,2026-07-24 00:09:37
2026-07-23 23:40:40,KNES464,0101,Sarah Glancy,25,4,0,2026-07-24 00:09:37
2026-07-23 23:40:40,KNES464H,0101,Sarah Glancy,3,2,0,2026-07-24 00:09:38
2026-07-23 23:40:40,KNES467,0101,James Hagberg,20,15,0,2026-07-24 00:09:38
2026-07-23 23:40:40,KNES476,0101,Tim Kiemel,20,20,0,2026-07-24 00:09:38
2026-07-23 23:40:40,KNES476,0102,Sushant Ranadive,5,3,0,2026-07-24 00:09:38
2026-07-23 23:40:40,KNES476,0103,Jennifer Roberts,5,5,0,2026-07-24 00:09:38
2026-07-23 23:40:40,KNES476,0104,Ronald Mower,5,5,0,2026-07-24 00:09:38
2026-07-23 23:40:40,KNES476,0105,Steven Prior,5,5,0,2026-07-24 00:09:38
2026-07-23 23:40:40,KNES476,0106,Bradley Hatfield,5,4,0,2026-07-24 00:09:38
2026-07-23 23:40:40,KNES476,0107,David Andrews,5,5,0,2026-07-24 00:09:38
2026-07-23 23:40:40,KNES476,0108,Sarah Glancy,5,5,0,2026-07-24 00:09:38
2026-07-23 23:40:40,KNES476,0109,Jae Kun Shim,5,4,0,2026-07-24 00:09:38
2026-07-23 23:40:40,KNES476,0110,Shannon Jette,5,4,0,2026-07-24 00:09:38
2026-07-23 23:40:40,KNES476,0111,J Carson Smith,5,4,0,2026-07-24 00:09:38
2026-07-23 23:40:40,KNES476,0112,Rodolphe Gentili,5,4,0,2026-07-24 00:09:38
2026-07-23 23:40:40,KNES476,0113,Instructor: TBA,5,5,0,2026-07-24 00:09:38
2026-07-23 23:40:40,KNES478,0101,Tim Kiemel,20,11,0,2026-07-24 00:09:39
2026-07-23 23:40:40,KNES486,0101,Ronald Mower,24,8,0,2026-07-24 00:09:39
2026-07-23 23:40:40,KNES613,0101,David Andrews,15,12,0,2026-07-24 00:09:40
2026-07-23 23:40:40,KNES618,0101,Sarah Glancy,15,12,0,2026-07-24 00:09:41
2026-07-23 23:40:40,KNES619,0101,Jennifer Roberts,15,12,0,2026-07-24 00:09:41
2026-07-23 23:40:40,KNES660,0101,Seppo Iso-Ahola,30,8,0,2026-07-24 00:09:42
2026-07-23 23:40:40,KNES691,0101,Sarah Glancy,15,12,0,2026-07-24 00:09:43
2026-07-23 23:40:40,KNES780,PLK1,Valerie Cholet,15,14,0,2026-07-24 00:09:43
2026-07-23 23:40:40,KORA101,0101,Saerom Kwak,15,4,0,2026-07-24 00:09:46
2026-07-23 23:40:40,KORA101,0201,Saerom Kwak,15,5,0,2026-07-24 00:09:46
2026-07-23 23:40:40,KORA101,0301,Saerom Kwak,15,13,0,2026-07-24 00:09:46
2026-07-23 23:40:40,KORA101,0401,Saerom Kwak,15,9,0,2026-07-24 00:09:46
2026-07-23 23:40:40,KORA201,0101,Seong Minne Koh,15,3,0,2026-07-24 00:09:47
2026-07-23 23:40:40,KORA201,0201,Seong Minne Koh,15,5,0,2026-07-24 00:09:47
2026-07-23 23:40:40,KORA201,0301,Seong Minne Koh,15,8,0,2026-07-24 00:09:47
2026-07-23 23:40:40,KORA398G,0101,Instructor: TBA,10,7,0,2026-07-24 00:09:47
2026-07-23 23:40:40,KORA398W,0101,Seong Minne Koh,10,3,0,2026-07-24 00:09:48
2026-07-23 23:40:40,LACS234,0101,Francisco Barrenechea,30,5,0,2026-07-24 00:09:50
2026-07-23 23:40:40,LACS234,0102,Jonathan Brower,35,1,0,2026-07-24 00:09:50
2026-07-23 23:40:40,LACS234H,0101,Francisco Barrenechea,5,0,0,2026-07-24 00:09:50
2026-07-23 23:40:40,LACS250,0101,David Sartorius,40,19,0,2026-07-24 00:09:51
2026-07-23 23:40:40,LACS348K,0101,Angela Pico Pinto,25,20,0,2026-07-24 00:09:51
2026-07-23 23:40:40,LACS348P,0101,Michelle Rowley,35,26,0,2026-07-24 00:09:52
2026-07-23 23:40:40,LACS458,0101,Jonathan Brower,10,10,0,2026-07-24 00:09:52
2026-07-23 23:40:40,LACS609,0101,Ryan Long,18,15,0,2026-07-24 00:09:53
2026-07-23 23:40:40,LACS688,0101,Ryan Long,5,5,0,2026-07-24 00:09:53
2026-07-23 23:40:40,LACS689,0101,Ryan Long,5,5,0,2026-07-24 00:09:54
2026-07-23 23:40:40,LARC121,FC01,Instructor: TBA,18,12,0,2026-07-24 00:09:56
2026-07-23 23:40:40,LARC151,0101,Instructor: TBA,18,3,0,2026-07-24 00:09:56
2026-07-23 23:40:40,LARC151,0102,Instructor: TBA,18,13,0,2026-07-24 00:09:56
2026-07-23 23:40:40,LARC151,0103,Instructor: TBA,18,16,0,2026-07-24 00:09:56
2026-07-23 23:40:40,LARC151,0104,Instructor: TBA,18,15,0,2026-07-24 00:09:56
2026-07-23 23:40:40,LARC151,0105,Instructor: TBA,18,15,0,2026-07-24 00:09:56
2026-07-23 23:40:40,LARC151,0106,Instructor: TBA,18,14,0,2026-07-24 00:09:56
2026-07-23 23:40:40,LARC151,FC01,Instructor: TBA,18,0,0,2026-07-24 00:09:56
2026-07-23 23:40:40,LARC160,0101,Jonathan Gemmell,18,0,0,2026-07-24 00:09:57
2026-07-23 23:40:40,LARC160,0102,Jonathan Gemmell,18,2,0,2026-07-24 00:09:57
2026-07-23 23:40:40,LARC160,0104,Jonathan Gemmell,18,13,0,2026-07-24 00:09:57
2026-07-23 23:40:40,LARC160,0105,Jonathan Gemmell,18,12,0,2026-07-24 00:09:57
2026-07-23 23:40:40,LARC160,0106,Jonathan Gemmell,18,17,0,2026-07-24 00:09:57
2026-07-23 23:40:40,LARC160,FC01,Colleen Vacelet,18,2,0,2026-07-24 00:09:57
2026-07-23 23:40:40,LARC220,0101,Instructor: TBA,15,2,0,2026-07-24 00:09:57
2026-07-23 23:40:40,LARC230,0101,Christopher Ellis,15,1,0,2026-07-24 00:09:57
2026-07-23 23:40:40,LARC265,0101,David Myers,32,18,0,2026-07-24 00:09:58
2026-07-23 23:40:40,LARC330,0101,Byoung-Suk Kweon,15,5,0,2026-07-24 00:09:58
2026-07-23 23:40:40,LARC389,0101,David Myers,17,17,0,2026-07-24 00:09:59
2026-07-23 23:40:40,LARC415,0101,Instructor: TBA,20,10,0,2026-07-24 00:09:59
2026-07-23 23:40:40,LARC415,0102,Instructor: TBA,12,4,0,2026-07-24 00:09:59
2026-07-23 23:40:40,LARC420,0101,Instructor: TBA,32,15,0,2026-07-24 00:10:00
2026-07-23 23:40:40,LARC430,0101,Instructor: TBA,15,1,0,2026-07-24 00:10:00
2026-07-23 23:40:40,LARC470,0101,Instructor: TBA,13,6,0,2026-07-24 00:10:01
2026-07-23 23:40:40,LARC620,0101,Christopher Ellis,10,10,0,2026-07-24 00:10:02
2026-07-23 23:40:40,LARC640,0101,Jonathan Gemmell,10,10,0,2026-07-24 00:10:02
2026-07-23 23:40:40,LARC642,0101,Deni Ruggeri,10,2,0,2026-07-24 00:10:03
2026-07-23 23:40:40,LARC670,0101,Instructor: TBA,10,1,0,2026-07-24 00:10:03
2026-07-23 23:40:40,LARC748,0101,Instructor: TBA,10,7,0,2026-07-24 00:10:04
2026-07-23 23:40:40,LATN101,0101,Jorge Bravo,20,13,0,2026-07-24 00:10:06
2026-07-23 23:40:40,LATN101,PBU1,Jorge Bravo,3,3,0,2026-07-24 00:10:06
2026-07-23 23:40:40,LATN201,0101,Gregory Bucher,15,11,0,2026-07-24 00:10:07
2026-07-23 23:40:40,LATN201,PBU1,Gregory Bucher,3,3,0,2026-07-24 00:10:07
2026-07-23 23:40:40,LATN351,0101,Katherine Wasdin,10,7,0,2026-07-24 00:10:07
2026-07-23 23:40:40,LATN351,PBU1,Katherine Wasdin,3,3,0,2026-07-24 00:10:07
2026-07-23 23:40:40,LATN472,0101,Katherine Wasdin,5,5,0,2026-07-24 00:10:08
2026-07-23 23:40:40,LATN472,PBU1,Katherine Wasdin,3,1,0,2026-07-24 00:10:08
2026-07-23 23:40:40,LATN488I,0101,Gregory Bucher,5,4,0,2026-07-24 00:10:08
2026-07-23 23:40:40,LATN488I,PBU1,Gregory Bucher,3,3,0,2026-07-24 00:10:08
2026-07-23 23:40:40,LATN672,0101,Katherine Wasdin,7,3,0,2026-07-24 00:10:09
2026-07-23 23:40:40,LATN688I,0101,Gregory Bucher,7,3,0,2026-07-24 00:10:09
2026-07-23 23:40:40,LBSC602,IM01,Renee Hill,40,0,3,2026-07-24 00:10:12
2026-07-23 23:40:40,LBSC602,IM02,Ana Ndumu,40,0,3,2026-07-24 00:10:12
2026-07-23 23:40:40,LBSC631,IM01,Ryan O'Grady,40,0,3,2026-07-24 00:10:12
2026-07-23 23:40:40,LBSC631,IM02,Eric Hung,40,7,0,2026-07-24 00:10:12
2026-07-23 23:40:40,LBSC644,IM01,Lindsay Carpenter,40,0,0,2026-07-24 00:10:13
2026-07-23 23:40:40,LBSC645,IM01,Jennifer Sturge,30,0,0,2026-07-24 00:10:13
2026-07-23 23:40:40,LBSC671,IM01,Kathy Weaver,40,0,0,2026-07-24 00:10:14
2026-07-23 23:40:40,LBSC671,IM02,Michelle McDaniel,40,12,0,2026-07-24 00:10:14
2026-07-23 23:40:40,LBSC702,IM01,Kathy Weaver,30,20,0,2026-07-24 00:10:14
2026-07-23 23:40:40,LBSC707,IM01,Abbie Basile,50,25,0,2026-07-24 00:10:15
2026-07-23 23:40:40,LBSC708Y,IM01,Eric Hung,30,14,0,2026-07-24 00:10:15
2026-07-23 23:40:40,LBSC723,IM01,Jieun Yeon,30,21,0,2026-07-24 00:10:15
2026-07-23 23:40:40,LBSC724,IM01,Mega Subramaniam,30,24,0,2026-07-24 00:10:16
2026-07-23 23:40:40,LBSC731,IM01,Victoria Van Hyning,30,4,0,2026-07-24 00:10:16
2026-07-23 23:40:40,LBSC742,IM01,Jennifer Sturge,30,22,0,2026-07-24 00:10:17
2026-07-23 23:40:40,LBSC749,IM01,Bridgette Comanda,30,29,0,2026-07-24 00:10:17
2026-07-23 23:40:40,LBSC751,IM01,Lexi Kadis,8,3,0,2026-07-24 00:10:18
2026-07-23 23:40:40,LBSC770,IM01,Katrina Fenlon,30,0,0,2026-07-24 00:10:18
2026-07-23 23:40:40,LBSC786,IM01,Mark Coulbourne,30,9,0,2026-07-24 00:10:18
2026-07-23 23:40:40,LEAD217,0101,Anastasia Lavrenyuk,25,0,0,2026-07-24 00:10:20
2026-07-23 23:40:40,LEAD217,0201,Festus Ainoo,25,0,4,2026-07-24 00:10:20
2026-07-23 23:40:40,LEAD217,FC01,Festus Ainoo,20,0,0,2026-07-24 00:10:20
2026-07-23 23:40:40,LEAD305,0101,Anastasia Lavrenyuk,20,5,0,2026-07-24 00:10:21
2026-07-23 23:40:40,LEAD315,0101,Adrian Bitton,22,8,0,2026-07-24 00:10:21
2026-07-23 23:40:40,LEAD320,0101,Courtney Holder,10,9,0,2026-07-24 00:10:22
2026-07-23 23:40:40,LGBT200,0201,Instructor: TBA,25,0,1,2026-07-24 00:10:23
2026-07-23 23:40:40,LGBT265,0101,Tyra Griffin,27,0,0,2026-07-24 00:10:24
2026-07-23 23:40:40,LGBT265,0201,Declan Langton,27,4,0,2026-07-24 00:10:24
2026-07-23 23:40:40,LGBT359J,0101,Chris Eng,25,16,0,2026-07-24 00:10:24
2026-07-23 23:40:40,LING200,0101,Penelope Daniel,21,16,0,2026-07-24 00:10:27
2026-07-23 23:40:40,LING200,0102,Penelope Daniel,21,0,0,2026-07-24 00:10:27
2026-07-23 23:40:40,LING200,0103,Penelope Daniel,21,9,0,2026-07-24 00:10:27
2026-07-23 23:40:40,LING240,0101,Instructor: TBA,40,21,0,2026-07-24 00:10:27
2026-07-23 23:40:40,LING248,0101,Jeffrey Lidz,5,2,0,2026-07-24 00:10:27
2026-07-23 23:40:40,LING260,0101,Omar Agha,54,3,0,2026-07-24 00:10:28
2026-07-23 23:40:40,LING262,0101,Andrea Zukowski,30,17,0,2026-07-24 00:10:28
2026-07-23 23:40:40,LING311,0101,Tonia Bleam,23,0,0,2026-07-24 00:10:29
2026-07-23 23:40:40,LING320,0101,William Idsardi,50,24,0,2026-07-24 00:10:29
2026-07-23 23:40:40,LING321,0101,Kate Mooney,26,3,0,2026-07-24 00:10:30
2026-07-23 23:40:40,LING410,0101,Valentine Hacquard,29,9,0,2026-07-24 00:10:30
2026-07-23 23:40:40,LING419A,0101,Aron Hirsch,10,2,0,2026-07-24 00:10:30
2026-07-23 23:40:40,LING419T,0101,Tonia Bleam,10,0,1,2026-07-24 00:10:31
2026-07-23 23:40:40,LING429C,0101,Cassandra Caragine,10,7,0,2026-07-24 00:10:31
2026-07-23 23:40:40,LING448,0101,Jeffrey Lidz,5,4,0,2026-07-24 00:10:32
2026-07-23 23:40:40,LING449U,0101,Utku Turk,10,4,0,2026-07-24 00:10:32
2026-07-23 23:40:40,LING460,0101,Andrea Zukowski,30,19,0,2026-07-24 00:10:33
2026-07-23 23:40:40,LING499C,0101,Penelope Daniel,4,4,0,2026-07-24 00:10:33
2026-07-23 23:40:40,LING499C,0201,Tonia Bleam,4,3,0,2026-07-24 00:10:33
2026-07-23 23:40:40,LING610,0101,Juan Uriagereka,15,12,0,2026-07-24 00:10:34
2026-07-23 23:40:40,LING625,0101,William Idsardi,15,13,0,2026-07-24 00:10:35
2026-07-23 23:40:40,LING644,0101,Jeffrey Lidz,15,10,0,2026-07-24 00:10:35
2026-07-23 23:40:40,LING660,0101,Alexander Williams,10,9,0,2026-07-24 00:10:35
2026-07-23 23:40:40,LING678,0101,Kate Mooney,15,15,0,2026-07-24 00:10:36
2026-07-23 23:40:40,LING698,0101,William Idsardi,10,10,0,2026-07-24 00:10:37
2026-07-23 23:40:40,LING698C,0101,Naomi Feldman,15,11,0,2026-07-24 00:10:37
2026-07-23 23:40:40,LING698P,0101,Instructor: TBA,15,15,0,2026-07-24 00:10:38
2026-07-23 23:40:40,LING698T,0101,Penelope Daniel,6,6,0,2026-07-24 00:10:38
2026-07-23 23:40:40,LING723,0101,Mohit Iyyer,38,0,7,2026-07-24 00:10:38
2026-07-23 23:40:40,LING849C,0101,Philip Resnik,10,0,0,2026-07-24 00:10:40
2026-07-23 23:40:40,LING879C,0101,Aron Hirsch,15,14,0,2026-07-24 00:10:40
2026-07-23 23:40:40,LING888,0301,Tonia Bleam,3,3,0,2026-07-24 00:10:41
2026-07-23 23:40:40,LING888,0401,Jeffrey Lidz,3,3,0,2026-07-24 00:10:41
2026-07-23 23:40:40,LING888,0501,Andrea Zukowski,3,3,0,2026-07-24 00:10:41
2026-07-23 23:40:40,LING888,0601,Juan Uriagereka,3,3,0,2026-07-24 00:10:41
2026-07-23 23:40:40,LING888,0801,William Idsardi,3,3,0,2026-07-24 00:10:41
2026-07-23 23:40:40,LING888,0901,Philip Resnik,3,3,0,2026-07-24 00:10:41
2026-07-23 23:40:40,LING888,1201,Colin Phillips,3,3,0,2026-07-24 00:10:41
2026-07-23 23:40:40,LING888,1401,Valentine Hacquard,3,3,0,2026-07-24 00:10:41
2026-07-23 23:40:40,LING888,1501,Alexander Williams,3,3,0,2026-07-24 00:10:41
2026-07-23 23:40:40,LING888,1601,Naomi Feldman,3,3,0,2026-07-24 00:10:41
2026-07-23 23:40:40,LING888,1701,Ellen Lau,3,3,0,2026-07-24 00:10:41
2026-07-23 23:40:40,LING888,1801,Aron Hirsch,3,3,0,2026-07-24 00:10:41
2026-07-23 23:40:40,LING888,1901,Kate Mooney,3,1,0,2026-07-24 00:10:41
2026-07-23 23:40:40,LING888,2001,Omar Agha,3,3,0,2026-07-24 00:10:41
2026-07-23 23:40:40,LING888,3301,Valentine Hacquard,5,5,0,2026-07-24 00:10:41
2026-07-23 23:40:40,MATH003,0101,Colleen Terpos,40,33,0,2026-07-24 00:10:46
2026-07-23 23:40:40,MATH003,0201,Colleen Terpos,40,32,0,2026-07-24 00:10:46
2026-07-23 23:40:40,MATH003,0301,Colleen Terpos,42,35,0,2026-07-24 00:10:46
2026-07-23 23:40:40,MATH003,FC01,Instructor: TBA,22,11,0,2026-07-24 00:10:46
2026-07-23 23:40:40,MATH007,1101,Matthew Wilson,22,0,3,2026-07-24 00:10:48
2026-07-23 23:40:40,MATH013,1101,Steven Sax,25,0,5,2026-07-24 00:10:48
2026-07-23 23:40:40,MATH013,1201,Steven Sax,25,0,3,2026-07-24 00:10:48
2026-07-23 23:40:40,MATH013,1301,Instructor: TBA,23,17,0,2026-07-24 00:10:48
2026-07-23 23:40:40,MATH015,1101,Ben Bezejouh,25,0,0,2026-07-24 00:10:49
2026-07-23 23:40:40,MATH015,1102,Instructor: TBA,23,11,0,2026-07-24 00:10:49
2026-07-23 23:40:40,MATH015,1201,Ben Bezejouh,25,1,0,2026-07-24 00:10:49
2026-07-23 23:40:40,MATH107,0101,Instructor: TBA,23,14,0,2026-07-24 00:10:50
2026-07-23 23:40:40,MATH107,0201,Instructor: TBA,23,5,0,2026-07-24 00:10:50
2026-07-23 23:40:40,MATH107,0301,Ben Bezejouh,23,17,0,2026-07-24 00:10:50
2026-07-23 23:40:40,MATH107,0401,Ayala Nuriely Kimel,23,0,0,2026-07-24 00:10:50
2026-07-23 23:40:40,MATH107,FC01,Julie Daberkow,23,0,0,2026-07-24 00:10:50
2026-07-23 23:40:40,MATH113,0111,Barbara Michelato,28,2,0,2026-07-24 00:10:50
2026-07-23 23:40:40,MATH113,0121,Barbara Michelato,30,1,0,2026-07-24 00:10:50
2026-07-23 23:40:40,MATH113,0122,Barbara Michelato,30,27,0,2026-07-24 00:10:50
2026-07-23 23:40:40,MATH113,0131,Barbara Michelato,28,1,0,2026-07-24 00:10:50
2026-07-23 23:40:40,MATH113,0132,Barbara Michelato,30,28,0,2026-07-24 00:10:50
2026-07-23 23:40:40,MATH113,0141,Barbara Michelato,30,1,0,2026-07-24 00:10:50
2026-07-23 23:40:40,MATH113,0211,Barbara Michelato,28,0,0,2026-07-24 00:10:50
2026-07-23 23:40:40,MATH113,0221,Barbara Michelato,28,1,0,2026-07-24 00:10:50
2026-07-23 23:40:40,MATH113,0231,Barbara Michelato,30,4,0,2026-07-24 00:10:50
2026-07-23 23:40:40,MATH113,0241,Barbara Michelato,30,2,0,2026-07-24 00:10:50
2026-07-23 23:40:40,MATH113,FC01,Jocelyn Menecio,24,3,0,2026-07-24 00:10:50
2026-07-23 23:40:40,MATH113,FC02,Jocelyn Menecio,24,0,0,2026-07-24 00:10:50
2026-07-23 23:40:40,MATH113,FC03,Jocelyn Menecio,24,1,0,2026-07-24 00:10:50
2026-07-23 23:40:40,MATH113,FC04,Jocelyn Menecio,24,17,0,2026-07-24 00:10:50
2026-07-23 23:40:40,MATH115,0111,Sean Gruber,26,6,0,2026-07-24 00:10:51
2026-07-23 23:40:40,MATH115,0121,Sean Gruber,26,0,0,2026-07-24 00:10:51
2026-07-23 23:40:40,MATH115,0131,Sean Gruber,26,0,0,2026-07-24 00:10:51
2026-07-23 23:40:40,MATH115,0141,Sean Gruber,26,12,0,2026-07-24 00:10:51
2026-07-23 23:40:40,MATH115,0171,Sean Gruber,26,4,0,2026-07-24 00:10:51
2026-07-23 23:40:40,MATH115,0181,Sean Gruber,26,0,0,2026-07-24 00:10:51
2026-07-23 23:40:40,MATH115,FC01,Sean Gruber,24,16,0,2026-07-24 00:10:51
2026-07-23 23:40:40,MATH115,FC02,Sean Gruber,24,13,0,2026-07-24 00:10:51
2026-07-23 23:40:40,MATH115,FC03,Sean Gruber,24,18,0,2026-07-24 00:10:51
2026-07-23 23:40:40,MATH115,FC04,Sean Gruber,24,15,0,2026-07-24 00:10:51
2026-07-23 23:40:40,MATH120,0111,Timothy Pilachowski,30,1,0,2026-07-24 00:10:52
2026-07-23 23:40:40,MATH120,0121,Timothy Pilachowski,30,1,0,2026-07-24 00:10:52
2026-07-23 23:40:40,MATH120,0131,Timothy Pilachowski,30,1,0,2026-07-24 00:10:52
2026-07-23 23:40:40,MATH120,0141,Timothy Pilachowski,30,0,0,2026-07-24 00:10:52
2026-07-23 23:40:40,MATH120,0211,Dong Quan Nguyen,31,0,0,2026-07-24 00:10:52
2026-07-23 23:40:40,MATH120,0221,Dong Quan Nguyen,31,0,1,2026-07-24 00:10:52
2026-07-23 23:40:40,MATH120,0231,Dong Quan Nguyen,31,0,0,2026-07-24 00:10:52
2026-07-23 23:40:40,MATH120,0232,Dong Quan Nguyen,30,10,0,2026-07-24 00:10:52
2026-07-23 23:40:40,MATH120,0241,Dong Quan Nguyen,31,0,0,2026-07-24 00:10:52
2026-07-23 23:40:40,MATH120,0242,Dong Quan Nguyen,30,13,0,2026-07-24 00:10:52
2026-07-23 23:40:40,MATH120,0311,Mestiyage Gunatilleka,30,0,0,2026-07-24 00:10:52
2026-07-23 23:40:40,MATH120,0321,Mestiyage Gunatilleka,30,0,1,2026-07-24 00:10:52
2026-07-23 23:40:40,MATH120,0331,Mestiyage Gunatilleka,30,0,0,2026-07-24 00:10:52
2026-07-23 23:40:40,MATH120,0332,Mestiyage Gunatilleka,33,0,1,2026-07-24 00:10:52
2026-07-23 23:40:40,MATH120,0341,Mestiyage Gunatilleka,30,0,0,2026-07-24 00:10:52
2026-07-23 23:40:40,MATH120,0342,Mestiyage Gunatilleka,33,0,0,2026-07-24 00:10:52
2026-07-23 23:40:40,MATH120,0411,Kaitlyn Loyd,30,0,2,2026-07-24 00:10:52
2026-07-23 23:40:40,MATH120,0412,Kaitlyn Loyd,33,0,2,2026-07-24 00:10:52
2026-07-23 23:40:40,MATH120,0421,Kaitlyn Loyd,30,0,2,2026-07-24 00:10:52
2026-07-23 23:40:40,MATH120,0422,Kaitlyn Loyd,33,0,3,2026-07-24 00:10:52
2026-07-23 23:40:40,MATH120,0431,Kaitlyn Loyd,30,1,0,2026-07-24 00:10:52
2026-07-23 23:40:40,MATH120,0432,Kaitlyn Loyd,27,19,0,2026-07-24 00:10:52
2026-07-23 23:40:40,MATH120,0441,Kaitlyn Loyd,30,0,0,2026-07-24 00:10:52
2026-07-23 23:40:40,MATH120,0442,Kaitlyn Loyd,27,22,0,2026-07-24 00:10:52
2026-07-23 23:40:40,MATH120,0511,Qendrim Gashi,30,0,0,2026-07-24 00:10:52
2026-07-23 23:40:40,MATH120,0521,Qendrim Gashi,30,0,2,2026-07-24 00:10:52
2026-07-23 23:40:40,MATH120,0531,Qendrim Gashi,30,0,0,2026-07-24 00:10:52
2026-07-23 23:40:40,MATH120,0532,Qendrim Gashi,30,0,0,2026-07-24 00:10:52
2026-07-23 23:40:40,MATH120,0541,Qendrim Gashi,30,0,0,2026-07-24 00:10:52
2026-07-23 23:40:40,MATH120,0542,Qendrim Gashi,30,0,0,2026-07-24 00:10:52
2026-07-23 23:40:40,MATH120,FC01,Jason Schultz,24,0,33,2026-07-24 00:10:52
2026-07-23 23:40:40,MATH120,FC02,Jason Schultz,24,0,34,2026-07-24 00:10:52
2026-07-23 23:40:40,MATH120,FC03,Jason Schultz,24,0,30,2026-07-24 00:10:52
2026-07-23 23:40:40,MATH120,FC04,Jason Schultz,24,0,31,2026-07-24 00:10:52
2026-07-23 23:40:40,MATH121,0101,Raluca Rosca,30,0,1,2026-07-24 00:10:52
2026-07-23 23:40:40,MATH135,0111,Todd Rowland,30,0,0,2026-07-24 00:10:53
2026-07-23 23:40:40,MATH135,0121,Todd Rowland,20,0,0,2026-07-24 00:10:53
2026-07-23 23:40:40,MATH135,0131,Todd Rowland,30,0,0,2026-07-24 00:10:53
2026-07-23 23:40:40,MATH135,0141,Todd Rowland,30,0,0,2026-07-24 00:10:53
2026-07-23 23:40:40,MATH135,0211,Anna Szczekutowicz,30,0,0,2026-07-24 00:10:53
2026-07-23 23:40:40,MATH135,0212,Anna Szczekutowicz,28,0,0,2026-07-24 00:10:53
2026-07-23 23:40:40,MATH135,0221,Anna Szczekutowicz,30,0,0,2026-07-24 00:10:53
2026-07-23 23:40:40,MATH135,0222,Anna Szczekutowicz,28,0,0,2026-07-24 00:10:53
2026-07-23 23:40:40,MATH135,0231,Anna Szczekutowicz,30,0,0,2026-07-24 00:10:53
2026-07-23 23:40:40,MATH135,0232,Anna Szczekutowicz,28,0,0,2026-07-24 00:10:53
2026-07-23 23:40:40,MATH135,0241,Anna Szczekutowicz,30,0,0,2026-07-24 00:10:53
2026-07-23 23:40:40,MATH135,0242,Anna Szczekutowicz,28,0,0,2026-07-24 00:10:53
2026-07-23 23:40:40,MATH136,0111,Zengrui Han,28,18,0,2026-07-24 00:10:53
2026-07-23 23:40:40,MATH136,0121,Zengrui Han,28,12,0,2026-07-24 00:10:53
2026-07-23 23:40:40,MATH136,0131,Zengrui Han,28,11,0,2026-07-24 00:10:53
2026-07-23 23:40:40,MATH136,0141,Zengrui Han,28,16,0,2026-07-24 00:10:53
2026-07-23 23:40:40,MATH140,0111,Matthew Wilson,30,0,2,2026-07-24 00:10:54
2026-07-23 23:40:40,MATH140,0113,Matthew Wilson,30,0,1,2026-07-24 00:10:54
2026-07-23 23:40:40,MATH140,0121,Matthew Wilson,30,0,2,2026-07-24 00:10:54
2026-07-23 23:40:40,MATH140,0123,Matthew Wilson,30,0,2,2026-07-24 00:10:54
2026-07-23 23:40:40,MATH140,0131,Matthew Wilson,30,0,0,2026-07-24 00:10:54
2026-07-23 23:40:40,MATH140,0211,Amin Gholampour,27,0,2,2026-07-24 00:10:54
2026-07-23 23:40:40,MATH140,0213,Amin Gholampour,30,0,2,2026-07-24 00:10:54
2026-07-23 23:40:40,MATH140,0221,Amin Gholampour,27,0,2,2026-07-24 00:10:54
2026-07-23 23:40:40,MATH140,0223,Amin Gholampour,30,0,1,2026-07-24 00:10:54
2026-07-23 23:40:40,MATH140,0231,Amin Gholampour,27,0,2,2026-07-24 00:10:54
2026-07-23 23:40:40,MATH140,0311,James Conway,29,0,0,2026-07-24 00:10:54
2026-07-23 23:40:40,MATH140,0313,James Conway,29,0,0,2026-07-24 00:10:54
2026-07-23 23:40:40,MATH140,0321,James Conway,29,0,0,2026-07-24 00:10:54
2026-07-23 23:40:40,MATH140,0323,James Conway,29,0,0,2026-07-24 00:10:54
2026-07-23 23:40:40,MATH140,0331,James Conway,29,0,0,2026-07-24 00:10:54
2026-07-23 23:40:40,MATH140,0411,Steven Chadwick,30,0,0,2026-07-24 00:10:54
2026-07-23 23:40:40,MATH140,0421,Steven Chadwick,30,0,0,2026-07-24 00:10:54
2026-07-23 23:40:40,MATH140,0423,Steven Chadwick,30,0,0,2026-07-24 00:10:54
2026-07-23 23:40:40,MATH140,0431,Steven Chadwick,30,0,0,2026-07-24 00:10:54
2026-07-23 23:40:40,MATH140,0433,Steven Chadwick,30,0,0,2026-07-24 00:10:54
2026-07-23 23:40:40,MATH140,0511,Steven Chadwick,30,14,0,2026-07-24 00:10:54
2026-07-23 23:40:40,MATH140,0513,Steven Chadwick,30,21,0,2026-07-24 00:10:54
2026-07-23 23:40:40,MATH140,0521,Steven Chadwick,30,0,0,2026-07-24 00:10:54
2026-07-23 23:40:40,MATH140,0523,Steven Chadwick,30,4,0,2026-07-24 00:10:54
2026-07-23 23:40:40,MATH140,0531,Steven Chadwick,30,0,0,2026-07-24 00:10:54
2026-07-23 23:40:40,MATH140,FC01,Arnaja Mitra,26,0,8,2026-07-24 00:10:54
2026-07-23 23:40:40,MATH140,FC02,Arnaja Mitra,26,0,8,2026-07-24 00:10:54
2026-07-23 23:40:40,MATH140,FC03,Arnaja Mitra,26,0,11,2026-07-24 00:10:54
2026-07-23 23:40:40,MATH140,FC04,Arnaja Mitra,26,0,11,2026-07-24 00:10:54
2026-07-23 23:40:40,MATH140,FC07,Arnaja Mitra,26,0,8,2026-07-24 00:10:54
2026-07-23 23:40:40,MATH140,FC08,Arnaja Mitra,26,0,9,2026-07-24 00:10:54
2026-07-23 23:40:40,MATH140,FC09,Craig Schlenoff,24,0,8,2026-07-24 00:10:54
2026-07-23 23:40:40,MATH140,FC10,Craig Schlenoff,24,0,7,2026-07-24 00:10:54
2026-07-23 23:40:40,MATH141,0111,Ariel Rosenfield,29,0,2,2026-07-24 00:10:54
2026-07-23 23:40:40,MATH141,0121,Ariel Rosenfield,29,0,2,2026-07-24 00:10:54
2026-07-23 23:40:40,MATH141,0131,Ariel Rosenfield,29,0,2,2026-07-24 00:10:54
2026-07-23 23:40:40,MATH141,0141,Ariel Rosenfield,30,0,1,2026-07-24 00:10:54
2026-07-23 23:40:40,MATH141,0211,Ariel Rosenfield,30,1,0,2026-07-24 00:10:54
2026-07-23 23:40:40,MATH141,0221,Ariel Rosenfield,30,1,0,2026-07-24 00:10:54
2026-07-23 23:40:40,MATH141,0231,Ariel Rosenfield,30,0,0,2026-07-24 00:10:54
2026-07-23 23:40:40,MATH141,0232,Ariel Rosenfield,20,8,0,2026-07-24 00:10:54
2026-07-23 23:40:40,MATH141,0241,Ariel Rosenfield,30,0,0,2026-07-24 00:10:54
2026-07-23 23:40:40,MATH141,0242,Ariel Rosenfield,30,0,0,2026-07-24 00:10:54
2026-07-23 23:40:40,MATH141,0311,Shin Song,30,0,0,2026-07-24 00:10:54
2026-07-23 23:40:40,MATH141,0312,Shin Song,27,23,0,2026-07-24 00:10:54
2026-07-23 23:40:40,MATH141,0321,Shin Song,30,0,0,2026-07-24 00:10:54
2026-07-23 23:40:40,MATH141,0322,Shin Song,27,20,0,2026-07-24 00:10:54
2026-07-23 23:40:40,MATH141,0331,Shin Song,30,0,0,2026-07-24 00:10:54
2026-07-23 23:40:40,MATH141,0341,Shin Song,30,0,0,2026-07-24 00:10:54
2026-07-23 23:40:40,MATH141,0411,Jonathan Fernandes,30,4,0,2026-07-24 00:10:54
2026-07-23 23:40:40,MATH141,0421,Jonathan Fernandes,30,0,0,2026-07-24 00:10:54
2026-07-23 23:40:40,MATH141,0422,Jonathan Fernandes,30,2,0,2026-07-24 00:10:54
2026-07-23 23:40:40,MATH141,0431,Jonathan Fernandes,30,1,0,2026-07-24 00:10:54
2026-07-23 23:40:40,MATH141,0441,Jonathan Fernandes,30,0,0,2026-07-24 00:10:54
2026-07-23 23:40:40,MATH141,FC01,Junyan Zhao,24,1,0,2026-07-24 00:10:54
2026-07-23 23:40:40,MATH141,FC02,Junyan Zhao,24,0,0,2026-07-24 00:10:54
2026-07-23 23:40:40,MATH141,FC03,Junyan Zhao,24,0,0,2026-07-24 00:10:54
2026-07-23 23:40:40,MATH206,0101,Terence Long,450,222,0,2026-07-24 00:10:55
2026-07-23 23:40:40,MATH212,0101,Instructor: TBA,25,0,0,2026-07-24 00:10:55
2026-07-23 23:40:40,MATH213,0101,Instructor: TBA,20,0,2,2026-07-24 00:10:56
2026-07-23 23:40:40,MATH213,0201,Instructor: TBA,20,10,0,2026-07-24 00:10:56
2026-07-23 23:40:40,MATH214,0201,Instructor: TBA,25,0,1,2026-07-24 00:10:56
2026-07-23 23:40:40,MATH240,0111,Wiseley Wong,30,1,0,2026-07-24 00:10:57
2026-07-23 23:40:40,MATH240,0121,Wiseley Wong,30,0,0,2026-07-24 00:10:57
2026-07-23 23:40:40,MATH240,0131,Wiseley Wong,30,0,0,2026-07-24 00:10:57
2026-07-23 23:40:40,MATH240,0132,Wiseley Wong,27,8,0,2026-07-24 00:10:57
2026-07-23 23:40:40,MATH240,0141,Wiseley Wong,30,0,0,2026-07-24 00:10:57
2026-07-23 23:40:40,MATH240,0142,Wiseley Wong,27,12,0,2026-07-24 00:10:57
2026-07-23 23:40:40,MATH240,0211,Junyan Zhao,30,0,0,2026-07-24 00:10:57
2026-07-23 23:40:40,MATH240,0221,Junyan Zhao,30,0,0,2026-07-24 00:10:57
2026-07-23 23:40:40,MATH240,0231,Junyan Zhao,30,0,0,2026-07-24 00:10:57
2026-07-23 23:40:40,MATH240,0241,Junyan Zhao,30,0,0,2026-07-24 00:10:57
2026-07-23 23:40:40,MATH240,0311,Raluca Rosca,30,0,0,2026-07-24 00:10:57
2026-07-23 23:40:40,MATH240,0321,Raluca Rosca,30,7,0,2026-07-24 00:10:57
2026-07-23 23:40:40,MATH240,0331,Raluca Rosca,30,7,0,2026-07-24 00:10:57
2026-07-23 23:40:40,MATH240,0341,Raluca Rosca,30,5,0,2026-07-24 00:10:57
2026-07-23 23:40:40,MATH240,FC01,Instructor: TBA,26,15,0,2026-07-24 00:10:57
2026-07-23 23:40:40,MATH241,0111,Jiwoong Jang,35,0,3,2026-07-24 00:10:57
2026-07-23 23:40:40,MATH241,0112,Jiwoong Jang,27,0,4,2026-07-24 00:10:57
2026-07-23 23:40:40,MATH241,0121,Jiwoong Jang,35,0,5,2026-07-24 00:10:57
2026-07-23 23:40:40,MATH241,0122,Jiwoong Jang,27,0,4,2026-07-24 00:10:57
2026-07-23 23:40:40,MATH241,0131,Jiwoong Jang,35,0,5,2026-07-24 00:10:57
2026-07-23 23:40:40,MATH241,0132,Jiwoong Jang,30,0,5,2026-07-24 00:10:57
2026-07-23 23:40:40,MATH241,0141,Jiwoong Jang,35,0,1,2026-07-24 00:10:57
2026-07-23 23:40:40,MATH241,0142,Jiwoong Jang,35,0,1,2026-07-24 00:10:57
2026-07-23 23:40:40,MATH241,0211,Stefan Doboszczak,32,0,0,2026-07-24 00:10:57
2026-07-23 23:40:40,MATH241,0221,Stefan Doboszczak,32,0,0,2026-07-24 00:10:57
2026-07-23 23:40:40,MATH241,0231,Stefan Doboszczak,32,0,0,2026-07-24 00:10:57
2026-07-23 23:40:40,MATH241,0232,Stefan Doboszczak,35,0,0,2026-07-24 00:10:57
2026-07-23 23:40:40,MATH241,0241,Stefan Doboszczak,32,0,0,2026-07-24 00:10:57
2026-07-23 23:40:40,MATH241,0242,Stefan Doboszczak,30,0,0,2026-07-24 00:10:57
2026-07-23 23:40:40,MATH241,0311,Kendall Williams,31,0,1,2026-07-24 00:10:57
2026-07-23 23:40:40,MATH241,0321,Kendall Williams,31,0,3,2026-07-24 00:10:57
2026-07-23 23:40:40,MATH241,0331,Kendall Williams,31,0,4,2026-07-24 00:10:57
2026-07-23 23:40:40,MATH241,0332,Kendall Williams,25,0,4,2026-07-24 00:10:57
2026-07-23 23:40:40,MATH241,0341,Kendall Williams,31,0,4,2026-07-24 00:10:57
2026-07-23 23:40:40,MATH241,0342,Kendall Williams,25,0,4,2026-07-24 00:10:57
2026-07-23 23:40:40,MATH241,0411,Manoussos Grillakis,35,0,2,2026-07-24 00:10:57
2026-07-23 23:40:40,MATH241,0421,Manoussos Grillakis,35,0,3,2026-07-24 00:10:57
2026-07-23 23:40:40,MATH241,0431,Manoussos Grillakis,35,0,4,2026-07-24 00:10:57
2026-07-23 23:40:40,MATH241,0432,Manoussos Grillakis,27,0,3,2026-07-24 00:10:57
2026-07-23 23:40:40,MATH241,0441,Manoussos Grillakis,35,0,4,2026-07-24 00:10:57
2026-07-23 23:40:40,MATH241,0442,Manoussos Grillakis,27,0,3,2026-07-24 00:10:57
2026-07-23 23:40:40,MATH241,0511,Panagiotis Dimakis,30,0,1,2026-07-24 00:10:57
2026-07-23 23:40:40,MATH241,0512,Panagiotis Dimakis,27,2,0,2026-07-24 00:10:57
2026-07-23 23:40:40,MATH241,0521,Panagiotis Dimakis,30,0,3,2026-07-24 00:10:57
2026-07-23 23:40:40,MATH241,0522,Panagiotis Dimakis,32,0,3,2026-07-24 00:10:57
2026-07-23 23:40:40,MATH241,0531,Panagiotis Dimakis,30,0,4,2026-07-24 00:10:57
2026-07-23 23:40:40,MATH241,0532,Panagiotis Dimakis,32,0,6,2026-07-24 00:10:57
2026-07-23 23:40:40,MATH241,0541,Panagiotis Dimakis,30,0,6,2026-07-24 00:10:57
2026-07-23 23:40:40,MATH241,0542,Panagiotis Dimakis,27,0,7,2026-07-24 00:10:57
2026-07-23 23:40:40,MATH241,0611,David Hamilton,35,0,2,2026-07-24 00:10:57
2026-07-23 23:40:40,MATH241,0621,David Hamilton,35,0,3,2026-07-24 00:10:57
2026-07-23 23:40:40,MATH241,FC01,Instructor: TBA,23,0,0,2026-07-24 00:10:57
2026-07-23 23:40:40,MATH241,FC02,Instructor: TBA,23,0,0,2026-07-24 00:10:57
2026-07-23 23:40:40,MATH243,0111,Terence Long,30,1,0,2026-07-24 00:10:58
2026-07-23 23:40:40,MATH243,0121,Terence Long,30,16,0,2026-07-24 00:10:58
2026-07-23 23:40:40,MATH243,0131,Terence Long,30,1,0,2026-07-24 00:10:58
2026-07-23 23:40:40,MATH243,0141,Terence Long,30,19,0,2026-07-24 00:10:58
2026-07-23 23:40:40,MATH243,0211,Allan Yashinski,35,0,0,2026-07-24 00:10:58
2026-07-23 23:40:40,MATH243,0212,Allan Yashinski,30,1,0,2026-07-24 00:10:58
2026-07-23 23:40:40,MATH243,0221,Allan Yashinski,35,0,0,2026-07-24 00:10:58
2026-07-23 23:40:40,MATH243,0222,Allan Yashinski,30,0,0,2026-07-24 00:10:58
2026-07-23 23:40:40,MATH246,0111,Kendall Williams,31,1,0,2026-07-24 00:10:58
2026-07-23 23:40:40,MATH246,0121,Kendall Williams,31,1,0,2026-07-24 00:10:58
2026-07-23 23:40:40,MATH246,0131,Kendall Williams,31,0,0,2026-07-24 00:10:58
2026-07-23 23:40:40,MATH246,0141,Kendall Williams,31,5,0,2026-07-24 00:10:58
2026-07-23 23:40:40,MATH246,0211,Antoine Mellet,34,0,0,2026-07-24 00:10:58
2026-07-23 23:40:40,MATH246,0212,Antoine Mellet,30,0,0,2026-07-24 00:10:58
2026-07-23 23:40:40,MATH246,0221,Antoine Mellet,34,0,0,2026-07-24 00:10:58
2026-07-23 23:40:40,MATH246,0222,Antoine Mellet,30,0,0,2026-07-24 00:10:58
2026-07-23 23:40:40,MATH246,0231,Antoine Mellet,34,0,0,2026-07-24 00:10:58
2026-07-23 23:40:40,MATH246,0232,Antoine Mellet,30,0,0,2026-07-24 00:10:58
2026-07-23 23:40:40,MATH246,0241,Antoine Mellet,34,0,0,2026-07-24 00:10:58
2026-07-23 23:40:40,MATH246,0242,Antoine Mellet,27,0,0,2026-07-24 00:10:58
2026-07-23 23:40:40,MATH246,0411,Alice Wang,31,3,0,2026-07-24 00:10:58
2026-07-23 23:40:40,MATH246,0412,Alice Wang,31,1,0,2026-07-24 00:10:58
2026-07-23 23:40:40,MATH246,0413,Alice Wang,31,6,0,2026-07-24 00:10:58
2026-07-23 23:40:40,MATH246,0414,Alice Wang,31,16,0,2026-07-24 00:10:58
2026-07-23 23:40:40,MATH274,0101,Sean Gruber,27,15,0,2026-07-24 00:10:59
2026-07-23 23:40:40,MATH299B,0101,Roohollah Ebrahimian,25,7,0,2026-07-24 00:10:59
2026-07-23 23:40:40,MATH299P,0101,Oliver Andrews,20,0,6,2026-07-24 00:11:00
2026-07-23 23:40:40,MATH310,0101,Kathryn Truman,30,0,0,2026-07-24 00:11:01
2026-07-23 23:40:40,MATH310,0201,Stefan Doboszczak,30,0,6,2026-07-24 00:11:01
2026-07-23 23:40:40,MATH310,0301,Jiwoong Jang,30,3,0,2026-07-24 00:11:01
2026-07-23 23:40:40,MATH314,0101,Instructor: TBA,20,10,0,2026-07-24 00:11:01
2026-07-23 23:40:40,MATH340,0101,Niranjan Ramachandran,36,9,0,2026-07-24 00:11:02
2026-07-23 23:40:40,MATH340,0201,Roohollah Ebrahimian,36,22,0,2026-07-24 00:11:02
2026-07-23 23:40:40,MATH401,0111,Guillaume Dumas,30,0,0,2026-07-24 00:11:03
2026-07-23 23:40:40,MATH401,0112,Guillaume Dumas,30,0,0,2026-07-24 00:11:03
2026-07-23 23:40:40,MATH401,0113,Guillaume Dumas,30,0,1,2026-07-24 00:11:03
2026-07-23 23:40:40,MATH401,0211,Haizhao Yang,34,0,1,2026-07-24 00:11:03
2026-07-23 23:40:40,MATH401,0212,Haizhao Yang,34,0,3,2026-07-24 00:11:03
2026-07-23 23:40:40,MATH401,0213,Haizhao Yang,34,0,1,2026-07-24 00:11:03
2026-07-23 23:40:40,MATH401,0301,Guillaume Dumas,35,0,1,2026-07-24 00:11:03
2026-07-23 23:40:40,MATH401,0601,Aditya Kumar,35,0,1,2026-07-24 00:11:03
2026-07-23 23:40:40,MATH402,0101,Wiseley Wong,30,18,0,2026-07-24 00:11:03
2026-07-23 23:40:40,MATH403,0101,Amin Gholampour,35,0,2,2026-07-24 00:11:04
2026-07-23 23:40:40,MATH405,0101,Bogdan Zavyalov,30,0,0,2026-07-24 00:11:04
2026-07-23 23:40:40,MATH405,0201,Christian Zickert,30,0,0,2026-07-24 00:11:04
2026-07-23 23:40:40,MATH405,0301,Patrick Brosnan,30,17,0,2026-07-24 00:11:04
2026-07-23 23:40:40,MATH406,0101,Niranjan Ramachandran,30,0,0,2026-07-24 00:11:04
2026-07-23 23:40:40,MATH406,0201,Shin Song,30,0,0,2026-07-24 00:11:04
2026-07-23 23:40:40,MATH406,0301,Giovanni Forni,30,11,0,2026-07-24 00:11:04
2026-07-23 23:40:40,MATH407,0101,Thomas Haines,25,11,0,2026-07-24 00:11:05
2026-07-23 23:40:40,MATH410,0101,James Conway,30,0,0,2026-07-24 00:11:06
2026-07-23 23:40:40,MATH410,0201,Stefan Doboszczak,32,0,0,2026-07-24 00:11:06
2026-07-23 23:40:40,MATH410,0301,Terence Long,32,0,0,2026-07-24 00:11:06
2026-07-23 23:40:40,MATH410,0401,Kendall Williams,32,14,0,2026-07-24 00:11:06
2026-07-23 23:40:40,MATH410,0501,Zhongtian Hu,32,1,0,2026-07-24 00:11:06
2026-07-23 23:40:40,MATH410,0601,Andrew Lawrie,32,0,0,2026-07-24 00:11:06
2026-07-23 23:40:40,MATH410,0701,Sandra Cerrai,32,0,0,2026-07-24 00:11:06
2026-07-23 23:40:40,MATH411,0101,Christian Rosendal,32,0,0,2026-07-24 00:11:06
2026-07-23 23:40:40,MATH411,0201,Antoine Mellet,32,6,0,2026-07-24 00:11:06
2026-07-23 23:40:40,MATH416,0101,Wojciech Czaja,30,16,0,2026-07-24 00:11:07
2026-07-23 23:40:40,MATH423,0101,Archana Khurana,35,0,9,2026-07-24 00:11:07
2026-07-23 23:40:40,MATH423,0201,James Conway,35,0,6,2026-07-24 00:11:07
2026-07-23 23:40:40,MATH423,0301,Anna Szczekutowicz,35,0,6,2026-07-24 00:11:07
2026-07-23 23:40:40,MATH424,0101,Steven Chadwick,33,0,0,2026-07-24 00:11:07
2026-07-23 23:40:40,MATH424,0201,Dmitry Dolgopyat,30,7,0,2026-07-24 00:11:07
2026-07-23 23:40:40,MATH430,0101,Instructor: TBA,30,7,0,2026-07-24 00:11:08
2026-07-23 23:40:40,MATH431,0101,William Goldman,35,1,0,2026-07-24 00:11:08
2026-07-23 23:40:40,MATH432,0101,Boyu Zhang,33,13,0,2026-07-24 00:11:09
2026-07-23 23:40:40,MATH436,0101,Richard Wentworth,25,17,0,2026-07-24 00:11:09
2026-07-23 23:40:40,MATH440,0101,Yanir Rubinstein,21,3,0,2026-07-24 00:11:10
2026-07-23 23:40:40,MATH445,0101,Roohollah Ebrahimian,30,22,0,2026-07-24 00:11:10
2026-07-23 23:40:40,MATH452,0101,Margaret Doucette,30,0,0,2026-07-24 00:11:10
2026-07-23 23:40:40,MATH456,0101,Shin Song,35,0,1,2026-07-24 00:11:11
2026-07-23 23:40:40,MATH456,0201,Aravind Srinivasan,52,0,0,2026-07-24 00:11:11
2026-07-23 23:40:40,MATH456,0401,Jonathan Rosenberg,35,26,0,2026-07-24 00:11:11
2026-07-23 23:40:40,MATH461,0111,Allan Yashinski,32,0,0,2026-07-24 00:11:11
2026-07-23 23:40:40,MATH461,0112,Allan Yashinski,32,0,0,2026-07-24 00:11:11
2026-07-23 23:40:40,MATH461,0121,Allan Yashinski,32,1,0,2026-07-24 00:11:11
2026-07-23 23:40:40,MATH461,0122,Allan Yashinski,31,7,0,2026-07-24 00:11:11
2026-07-23 23:40:40,MATH461,0131,Allan Yashinski,31,21,0,2026-07-24 00:11:11
2026-07-23 23:40:40,MATH461,0132,Allan Yashinski,31,27,0,2026-07-24 00:11:11
2026-07-23 23:40:40,MATH462,0201,Ricardo Nochetto,23,0,0,2026-07-24 00:11:12
2026-07-23 23:40:40,MATH463,0101,David Hamilton,30,25,0,2026-07-24 00:11:12
2026-07-23 23:40:40,MATH463,0201,Shiferaw Berhanu,35,0,0,2026-07-24 00:11:12
2026-07-23 23:40:40,MATH463,0301,Allan Yashinski,35,0,0,2026-07-24 00:11:12
2026-07-23 23:40:40,MATH463,0401,Alexey Okunev,30,0,0,2026-07-24 00:11:12
2026-07-23 23:40:40,MATH464,0101,Shiferaw Berhanu,33,0,1,2026-07-24 00:11:13
2026-07-23 23:40:40,MATH475,0101,Wiseley Wong,35,0,4,2026-07-24 00:11:13
2026-07-23 23:40:40,MATH475,0201,Qendrim Gashi,35,0,4,2026-07-24 00:11:13
2026-07-23 23:40:40,MATH498T,0101,Archana Khurana,30,19,0,2026-07-24 00:11:14
2026-07-23 23:40:40,MATH600,0101,Dori Bejleri,30,15,0,2026-07-24 00:11:15
2026-07-23 23:40:40,MATH606,0101,Harry Tamvakis,20,13,0,2026-07-24 00:11:15
2026-07-23 23:40:40,MATH610,0101,Yu Gu,30,17,0,2026-07-24 00:11:16
2026-07-23 23:40:40,MATH630,0101,Huy Nguyen,25,19,0,2026-07-24 00:11:16
2026-07-23 23:40:40,MATH632,0101,Radu Balan,18,3,0,2026-07-24 00:11:16
2026-07-23 23:40:40,MATH642,0101,Giovanni Forni,18,16,0,2026-07-24 00:11:17
2026-07-23 23:40:40,MATH661,0101,Tamas Darvas,18,10,0,2026-07-24 00:11:17
2026-07-23 23:40:40,MATH673,0101,Chris Henderson,18,10,0,2026-07-24 00:11:18
2026-07-23 23:40:40,MATH675,0101,Matei Machedon,20,7,0,2026-07-24 00:11:18
2026-07-23 23:40:40,MATH695,0101,Terence Long,35,35,0,2026-07-24 00:11:19
2026-07-23 23:40:40,MATH712,0101,Michael Laskowski,20,19,0,2026-07-24 00:11:19
2026-07-23 23:40:40,MATH721,0101,Abba Gumel,30,26,0,2026-07-24 00:11:20
2026-07-23 23:40:40,MATH730,0101,Or Hershkovits,20,14,0,2026-07-24 00:11:20
2026-07-23 23:40:40,MATH740,0101,Andrew Senger,20,20,0,2026-07-24 00:11:21
2026-07-23 23:40:40,MATH808B,0101,Thomas Haines,20,12,0,2026-07-24 00:11:22
2026-07-23 23:40:40,MATH848E,0101,Daniel Cristofaro-Gardiner,18,13,0,2026-07-24 00:11:23
2026-07-23 23:40:40,MATH848J,0101,Yanir Rubinstein,20,11,0,2026-07-24 00:11:24
2026-07-23 23:40:40,MATH858D,0101,Henri Berestycki,18,10,0,2026-07-24 00:11:24
2026-07-23 23:40:40,MATH858J,0101,Eitan Tadmor,18,12,0,2026-07-24 00:11:25
2026-07-23 23:40:40,MATH858U,0101,Wojciech Czaja,20,8,0,2026-07-24 00:11:25
2026-07-23 23:40:40,MEES498I,0101,Carys Mitchelmore,20,18,0,2026-07-24 00:11:28
2026-07-23 23:40:40,MEES602,0101,Vyacheslav Lyubchich,30,27,0,2026-07-24 00:11:29
2026-07-23 23:40:40,MEES603,0101,Cynthia Palinkas,20,17,0,2026-07-24 00:11:30
2026-07-23 23:40:40,MEES607,0101,Silvia Regina Santos Da Silva,20,18,0,2026-07-24 00:11:30
2026-07-23 23:40:40,MEES608O,0101,Jum Sook Chung,20,20,0,2026-07-24 00:11:30
2026-07-23 23:40:40,MEES613,0101,Vyacheslav Lyubchich,30,23,0,2026-07-24 00:11:31
2026-07-23 23:40:40,MEES615,0101,Joaquin Martinez Martinez,15,8,0,2026-07-24 00:11:31
2026-07-23 23:40:40,MEES620,0101,Matthew Houser,20,17,0,2026-07-24 00:11:32
2026-07-23 23:40:40,MEES640,0101,Johan Schijf,20,17,0,2026-07-24 00:11:32
2026-07-23 23:40:40,MEES660,0101,Lora Harris,20,16,0,2026-07-24 00:11:33
2026-07-23 23:40:40,MEES680,0101,Tsvetan Bachvaroff,20,18,0,2026-07-24 00:11:33
2026-07-23 23:40:40,MEES682,0101,Michael Wilberg,20,18,0,2026-07-24 00:11:33
2026-07-23 23:40:40,MEES698A,0101,Clara Fuchsman,20,19,0,2026-07-24 00:11:34
2026-07-23 23:40:40,MEES698C,0101,Matthew Fitzpatrick,20,15,0,2026-07-24 00:11:34
2026-07-23 23:40:40,MEES698I,0101,Carys Mitchelmore,20,18,0,2026-07-24 00:11:35
2026-07-23 23:40:40,MEES698V,0101,Judith O'Neil,20,20,0,2026-07-24 00:11:35
2026-07-23 23:40:40,MEES702,0101,Vyacheslav Lyubchich,30,29,0,2026-07-24 00:11:36
2026-07-23 23:40:40,MEES718P,0101,William Nardin,20,18,0,2026-07-24 00:11:36
2026-07-23 23:40:40,MEES718S,0101,Gerrit Schipper,20,16,0,2026-07-24 00:11:37
2026-07-23 23:40:40,MIEH300,0101,Meleah Boyle,18,0,4,2026-07-24 00:11:40
2026-07-23 23:40:40,MIEH300,0102,Meleah Boyle,18,0,1,2026-07-24 00:11:40
2026-07-23 23:40:40,MIEH300,0103,Meleah Boyle,18,0,3,2026-07-24 00:11:40
2026-07-23 23:40:40,MIEH300,0104,Meleah Boyle,18,0,4,2026-07-24 00:11:40
2026-07-23 23:40:40,MIEH300,0105,Meleah Boyle,18,2,0,2026-07-24 00:11:40
2026-07-23 23:40:40,MIEH300,0106,Meleah Boyle,18,0,1,2026-07-24 00:11:40
2026-07-23 23:40:40,MIEH300,0107,Meleah Boyle,18,0,0,2026-07-24 00:11:40
2026-07-23 23:40:40,MIEH300,0108,Meleah Boyle,18,0,4,2026-07-24 00:11:40
2026-07-23 23:40:40,MIEH321,0101,Heather Amato,13,0,0,2026-07-24 00:11:41
2026-07-23 23:40:40,MIEH321,0201,Heather Amato,10,0,0,2026-07-24 00:11:41
2026-07-23 23:40:40,MIEH331,0101,Pin Wang,25,9,0,2026-07-24 00:11:41
2026-07-23 23:40:40,MIEH331H,0101,Pin Wang,2,2,0,2026-07-24 00:11:42
2026-07-23 23:40:40,MIEH333,0101,Leena Malayil,25,0,1,2026-07-24 00:11:42
2026-07-23 23:40:40,MIEH600,0201,Kristen Coleman,20,12,0,2026-07-24 00:11:42
2026-07-23 23:40:40,MIEH605,GH01,Suhana Chattopadhyay,25,10,0,2026-07-24 00:11:43
2026-07-23 23:40:40,MIEH691,0101,Rianna Murray,15,8,0,2026-07-24 00:11:43
2026-07-23 23:40:40,MIEH740,0201,Abdel-Razak Kadry,15,7,0,2026-07-24 00:11:44
2026-07-23 23:40:40,MIEH778,0201,Rianna Murray,5,5,0,2026-07-24 00:11:44
2026-07-23 23:40:40,MIEH780,0101,Kathleen McPhaul,10,4,0,2026-07-24 00:11:45
2026-07-23 23:40:40,MIEH783,0101,Donald Milton,15,12,0,2026-07-24 00:11:45
2026-07-23 23:40:40,MITH388,0101,Jeffrey Moro,10,10,0,2026-07-24 00:11:49
2026-07-23 23:40:40,MITH388,0201,Raffaele Viglianti,5,5,0,2026-07-24 00:11:49
2026-07-23 23:40:40,MITH388,0301,Stephanie Sapienza,5,5,0,2026-07-24 00:11:49
2026-07-23 23:40:40,MITH388T,0101,Jeffrey Moro,5,5,0,2026-07-24 00:11:50
2026-07-23 23:40:40,MITH610,0101,Jeffrey Moro,15,15,0,2026-07-24 00:11:50
2026-07-23 23:40:40,MITH628B,0101,Raffaele Viglianti,15,15,0,2026-07-24 00:11:51
2026-07-23 23:40:40,MITH628B,0201,Raffaele Viglianti,5,5,0,2026-07-24 00:11:51
2026-07-23 23:40:40,MITH729,0101,Marisa Parham,25,23,0,2026-07-24 00:11:51
2026-07-23 23:40:40,MLAW100,0101,Christine White,83,19,0,2026-07-24 00:11:53
2026-07-23 23:40:40,MLAW304,0201,Christine White,65,20,0,2026-07-24 00:11:53
2026-07-23 23:40:40,MLAW305,0101,Brian Gilmore,40,0,0,2026-07-24 00:11:54
2026-07-23 23:40:40,MLAW315,0101,Grace Benton,13,2,0,2026-07-24 00:11:54
2026-07-23 23:40:40,MLAW358Q,0101,David Cunningham,5,5,0,2026-07-24 00:11:55
2026-07-23 23:40:40,MLAW358T,0101,Christine White,25,1,0,2026-07-24 00:11:55
2026-07-23 23:40:40,MLAW358X,0101,Martin Kobren,5,0,3,2026-07-24 00:11:56
2026-07-23 23:40:40,MLAW359,0101,Brandee Pettus,10,7,0,2026-07-24 00:11:56
2026-07-23 23:40:40,MLAW378E,0101,Brandee Pettus,5,5,0,2026-07-24 00:11:56
2026-07-23 23:40:40,MLAW378K,0101,Brian Gilmore,20,0,5,2026-07-24 00:11:57
2026-07-23 23:40:40,MLAW378Q,0101,Paul Huth,5,3,0,2026-07-24 00:11:57
2026-07-23 23:40:40,MLAW378R,0101,Nancy Schertzing,13,0,0,2026-07-24 00:11:58
2026-07-23 23:40:40,MLAW388,0101,Brandee Pettus,40,25,0,2026-07-24 00:11:58
2026-07-23 23:40:40,MLSC250,FC01,Instructor: TBA,20,0,1,2026-07-24 00:12:00
2026-07-23 23:40:40,MSAI601,PCS1,Sandra Cerrai,50,0,0,2026-07-24 00:12:02
2026-07-23 23:40:40,MSAI601,PCS2,Jonathan Fernandes,60,6,0,2026-07-24 00:12:02
2026-07-23 23:40:40,MSAI601,PWS1,Leonid Koralov,60,6,0,2026-07-24 00:12:02
2026-07-23 23:40:40,MSAI602,PCS1,Sujeong Kim,44,0,0,2026-07-24 00:12:03
2026-07-23 23:40:40,MSAI602,PCS2,Sujeong Kim,44,14,0,2026-07-24 00:12:03
2026-07-23 23:40:40,MSAI602,PWS1,Fardina Alam,44,0,5,2026-07-24 00:12:03
2026-07-23 23:40:40,MSAI603,PCS4,Clarke Safsten,55,17,0,2026-07-24 00:12:03
2026-07-23 23:40:40,MSAI603,PCS5,Instructor: TBA,44,41,0,2026-07-24 00:12:03
2026-07-23 23:40:40,MSAI631,PCS1,Lamia Zia,44,5,0,2026-07-24 00:12:04
2026-07-23 23:40:40,MSAI632,PCS1,Mohammad Nayeem Teli,15,2,0,2026-07-24 00:12:04
2026-07-23 23:40:40,MSAI632,PCS2,Mohammad Nayeem Teli,40,0,9,2026-07-24 00:12:04
2026-07-23 23:40:40,MSAI633,PCS1,Tammy Perrin,15,6,0,2026-07-24 00:12:04
2026-07-23 23:40:40,MSAI633,PCS2,Tammy Perrin,40,0,25,2026-07-24 00:12:04
2026-07-23 23:40:40,MSAI633,PCS3,Tammy Perrin,5,0,4,2026-07-24 00:12:04
2026-07-23 23:40:40,MSAI633,PCS4,Tammy Perrin,25,0,35,2026-07-24 00:12:04
2026-07-23 23:40:40,MSAI635,PCS1,Samet Ayhan,50,18,0,2026-07-24 00:12:05
2026-07-23 23:40:40,MSML601,PCS1,Sandra Cerrai,50,0,0,2026-07-24 00:12:07
2026-07-23 23:40:40,MSML601,PCS2,Jonathan Fernandes,60,6,0,2026-07-24 00:12:07
2026-07-23 23:40:40,MSML601,PWS1,Leonid Koralov,60,6,0,2026-07-24 00:12:07
2026-07-23 23:40:40,MSML602,PCS1,Sujeong Kim,44,0,0,2026-07-24 00:12:07
2026-07-23 23:40:40,MSML602,PCS2,Sujeong Kim,44,14,0,2026-07-24 00:12:07
2026-07-23 23:40:40,MSML602,PWS1,Fardina Alam,44,0,5,2026-07-24 00:12:07
2026-07-23 23:40:40,MSML603,PCS1,Babak Azimi-Sadjadi,44,1,0,2026-07-24 00:12:08
2026-07-23 23:40:40,MSML603,PWS1,Kemal Davaslioglu,44,9,0,2026-07-24 00:12:08
2026-07-23 23:40:40,MSML610,PCS1,Giacinto Paolo Saggese,70,0,5,2026-07-24 00:12:08
2026-07-23 23:40:40,MSML612,PCS1,Samet Ayhan,50,7,0,2026-07-24 00:12:08
2026-07-23 23:40:40,MSML612,PWS1,Samet Ayhan,44,16,0,2026-07-24 00:12:08
2026-07-23 23:40:40,MSML635,PCS1,Samet Ayhan,50,18,0,2026-07-24 00:12:09
2026-07-23 23:40:40,MSML641,PCS1,Toki Inan,50,0,1,2026-07-24 00:12:09
2026-07-23 23:40:40,MSML641,PCS2,Toki Inan,50,41,0,2026-07-24 00:12:09
2026-07-23 23:40:40,MSML641,PWS1,Armin Mehrabian,50,0,6,2026-07-24 00:12:09
2026-07-23 23:40:40,MSML642,PCS1,Jerry Wu,50,4,0,2026-07-24 00:12:10
2026-07-23 23:40:40,MSML650,PCS1,Emre Gunduzhan,54,0,3,2026-07-24 00:12:10
2026-07-23 23:40:40,MSML650,PCS2,Emre Gunduzhan,54,0,0,2026-07-24 00:12:10
2026-07-23 23:40:40,MSQC601,PCS1,Stefan Doboszczak,30,8,0,2026-07-24 00:12:12
2026-07-23 23:40:40,MSQC602,PCS1,Anil Zenginoglu,30,9,0,2026-07-24 00:12:13
2026-07-23 23:40:40,MSQC603,PCS1,Babak Azimi-Sadjadi,44,1,0,2026-07-24 00:12:13
2026-07-23 23:40:40,MSQC603,PWS1,Kemal Davaslioglu,44,9,0,2026-07-24 00:12:13
2026-07-23 23:40:40,MSQC605,PCS1,Erik Gustafson,30,18,0,2026-07-24 00:12:13
2026-07-23 23:40:40,MSQC607,PWS1,Paul Lott,30,18,0,2026-07-24 00:12:14
2026-07-23 23:40:40,MSQC615,PCS1,Maicol Ochoa,30,24,0,2026-07-24 00:12:14
2026-07-23 23:40:40,MUED155,0101,Allison Durbin,15,14,0,2026-07-24 00:12:16
2026-07-23 23:40:40,MUED186,0101,Mike Hewitt,30,13,0,2026-07-24 00:12:17
2026-07-23 23:40:40,MUED213,0101,Allison Durbin,25,9,0,2026-07-24 00:12:17
2026-07-23 23:40:40,MUED320,0101,Stephanie Prichard,20,7,0,2026-07-24 00:12:17
2026-07-23 23:40:40,MUED333,0101,Kenneth Elpus,10,5,0,2026-07-24 00:12:18
2026-07-23 23:40:40,MUED420,0101,Mike Hewitt,20,11,0,2026-07-24 00:12:18
2026-07-23 23:40:40,MUED422,0101,Robin Giebelhausen,15,12,0,2026-07-24 00:12:19
2026-07-23 23:40:40,MUED474,0101,Instructor: TBA,15,11,0,2026-07-24 00:12:19
2026-07-23 23:40:40,MUED484,0101,Instructor: TBA,15,13,0,2026-07-24 00:12:20
2026-07-23 23:40:40,MUED494,0101,Instructor: TBA,15,13,0,2026-07-24 00:12:20
2026-07-23 23:40:40,MUED669,0101,Stephanie Prichard,5,5,0,2026-07-24 00:12:20
2026-07-23 23:40:40,MUED679,0101,Stephanie Prichard,5,5,0,2026-07-24 00:12:21
2026-07-23 23:40:40,MUED689,0101,Stephanie Prichard,5,5,0,2026-07-24 00:12:21
2026-07-23 23:40:40,MUED692,0101,Robin Giebelhausen,15,13,0,2026-07-24 00:12:22
2026-07-23 23:40:40,MUED698V,0101,Kenneth Elpus,5,5,0,2026-07-24 00:12:22
2026-07-23 23:40:40,MUED729,0101,Stephanie Prichard,10,6,0,2026-07-24 00:12:23
2026-07-23 23:40:40,MUED790,0101,Kenneth Elpus,10,6,0,2026-07-24 00:12:23
2026-07-23 23:40:40,MUSC099,0101,Matilda Smolij,200,59,0,2026-07-24 00:12:26
2026-07-23 23:40:40,MUSC102,0101,Instructor: TBA,14,7,0,2026-07-24 00:12:26
2026-07-23 23:40:40,MUSC102,0201,Instructor: TBA,14,7,0,2026-07-24 00:12:26
2026-07-23 23:40:40,MUSC102,0301,Instructor: TBA,12,1,0,2026-07-24 00:12:26
2026-07-23 23:40:40,MUSC102,0401,Instructor: TBA,14,0,1,2026-07-24 00:12:26
2026-07-23 23:40:40,MUSC102B,0101,Athanasios Ramadanidis,14,0,20,2026-07-24 00:12:26
2026-07-23 23:40:40,MUSC106,0101,Instructor: TBA,12,0,17,2026-07-24 00:12:27
2026-07-23 23:40:40,MUSC123,0101,Allison Brault,15,8,0,2026-07-24 00:12:27
2026-07-23 23:40:40,MUSC127,0101,Diba Alvi,15,6,0,2026-07-24 00:12:28
2026-07-23 23:40:40,MUSC128,0101,Benjamin Daly,5,3,0,2026-07-24 00:12:28
2026-07-23 23:40:40,MUSC129A,0101,Eric Kutz,45,28,0,2026-07-24 00:12:28
2026-07-23 23:40:40,MUSC129B,0101,Joseph Grimmer,40,26,0,2026-07-24 00:12:29
2026-07-23 23:40:40,MUSC129C,0101,Myles Blakemore,30,20,0,2026-07-24 00:12:29
2026-07-23 23:40:40,MUSC129D,0101,Josanne Francis,18,11,0,2026-07-24 00:12:30
2026-07-23 23:40:40,MUSC129E,0101,Josanne Francis,18,13,0,2026-07-24 00:12:30
2026-07-23 23:40:40,MUSC129F,0101,Willie Clark,45,39,0,2026-07-24 00:12:31
2026-07-23 23:40:40,MUSC129G,0101,I Suadin,20,13,0,2026-07-24 00:12:31
2026-07-23 23:40:40,MUSC129K,0101,Yuriko Gandolfo,7,0,11,2026-07-24 00:12:31
2026-07-23 23:40:40,MUSC129L,0101,Yuriko Gandolfo,4,2,0,2026-07-24 00:12:32
2026-07-23 23:40:40,MUSC129P,0101,Jonathan Bisesi,15,11,0,2026-07-24 00:12:32
2026-07-23 23:40:40,MUSC129Q,0101,Sebastian Wang,8,7,0,2026-07-24 00:12:33
2026-07-23 23:40:40,MUSC140,0101,Instructor: TBA,18,0,7,2026-07-24 00:12:33
2026-07-23 23:40:40,MUSC140,0201,Johannes Visser,18,0,12,2026-07-24 00:12:33
2026-07-23 23:40:40,MUSC140,FC01,Johannes Visser,17,8,0,2026-07-24 00:12:33
2026-07-23 23:40:40,MUSC150,0101,Richard Layton,8,0,0,2026-07-24 00:12:34
2026-07-23 23:40:40,MUSC150,0102,Richard Layton,8,1,0,2026-07-24 00:12:34
2026-07-23 23:40:40,MUSC150,0201,Richard Layton,8,0,0,2026-07-24 00:12:34
2026-07-23 23:40:40,MUSC150,0202,Richard Layton,8,4,0,2026-07-24 00:12:34
2026-07-23 23:40:40,MUSC150,0301,Michael Sauer,8,3,0,2026-07-24 00:12:34
2026-07-23 23:40:40,MUSC150,0302,Michael Sauer,8,1,0,2026-07-24 00:12:34
2026-07-23 23:40:40,MUSC202,0101,Instructor: TBA,15,6,0,2026-07-24 00:12:34
2026-07-23 23:40:40,MUSC204,0101,Brendan Kibbee,15,0,2,2026-07-24 00:12:35
2026-07-23 23:40:40,MUSC204,0102,Brendan Kibbee,15,0,1,2026-07-24 00:12:35
2026-07-23 23:40:40,MUSC204,0103,Brendan Kibbee,15,0,3,2026-07-24 00:12:35
2026-07-23 23:40:40,MUSC204,0104,Brendan Kibbee,15,0,2,2026-07-24 00:12:35
2026-07-23 23:40:40,MUSC204,0105,Brendan Kibbee,15,0,1,2026-07-24 00:12:35
2026-07-23 23:40:40,MUSC204,0106,Brendan Kibbee,15,0,4,2026-07-24 00:12:35
2026-07-23 23:40:40,MUSC204,0107,Brendan Kibbee,15,0,2,2026-07-24 00:12:35
2026-07-23 23:40:40,MUSC204,0108,Brendan Kibbee,15,0,2,2026-07-24 00:12:35
2026-07-23 23:40:40,MUSC204,0109,Brendan Kibbee,15,0,3,2026-07-24 00:12:35
2026-07-23 23:40:40,MUSC205,0101,Kelsey Klotz,14,0,0,2026-07-24 00:12:35
2026-07-23 23:40:40,MUSC205,0102,Kelsey Klotz,14,0,0,2026-07-24 00:12:35
2026-07-23 23:40:40,MUSC205,0103,Kelsey Klotz,14,0,0,2026-07-24 00:12:35
2026-07-23 23:40:40,MUSC205,0104,Kelsey Klotz,14,0,0,2026-07-24 00:12:35
2026-07-23 23:40:40,MUSC205,0105,Kelsey Klotz,14,0,0,2026-07-24 00:12:35
2026-07-23 23:40:40,MUSC205,0106,Kelsey Klotz,14,0,0,2026-07-24 00:12:35
2026-07-23 23:40:40,MUSC205,0107,Kelsey Klotz,14,0,0,2026-07-24 00:12:35
2026-07-23 23:40:40,MUSC205,0108,Kelsey Klotz,14,0,0,2026-07-24 00:12:35
2026-07-23 23:40:40,MUSC205,0109,Kelsey Klotz,14,0,0,2026-07-24 00:12:35
2026-07-23 23:40:40,MUSC205,0110,Kelsey Klotz,14,1,0,2026-07-24 00:12:35
2026-07-23 23:40:40,MUSC205,0111,Kelsey Klotz,14,0,0,2026-07-24 00:12:35
2026-07-23 23:40:40,MUSC205,0112,Kelsey Klotz,14,0,0,2026-07-24 00:12:35
2026-07-23 23:40:40,MUSC205,FC01,Nicole Steinberg,32,0,0,2026-07-24 00:12:35
2026-07-23 23:40:40,MUSC210,0101,Nicole Steinberg,14,1,0,2026-07-24 00:12:35
2026-07-23 23:40:40,MUSC210,0102,Nicole Steinberg,14,0,0,2026-07-24 00:12:35
2026-07-23 23:40:40,MUSC210,0103,Nicole Steinberg,14,0,0,2026-07-24 00:12:35
2026-07-23 23:40:40,MUSC210,0104,Nicole Steinberg,14,0,0,2026-07-24 00:12:35
2026-07-23 23:40:40,MUSC210,0105,Nicole Steinberg,14,4,0,2026-07-24 00:12:35
2026-07-23 23:40:40,MUSC210,0106,Nicole Steinberg,14,2,0,2026-07-24 00:12:35
2026-07-23 23:40:40,MUSC210,0107,Nicole Steinberg,14,5,0,2026-07-24 00:12:35
2026-07-23 23:40:40,MUSC210,0108,Nicole Steinberg,14,1,0,2026-07-24 00:12:35
2026-07-23 23:40:40,MUSC210,0109,Nicole Steinberg,14,5,0,2026-07-24 00:12:35
2026-07-23 23:40:40,MUSC210,0110,Nicole Steinberg,14,2,0,2026-07-24 00:12:35
2026-07-23 23:40:40,MUSC210,0111,Nicole Steinberg,14,5,0,2026-07-24 00:12:35
2026-07-23 23:40:40,MUSC210,0112,Nicole Steinberg,14,4,0,2026-07-24 00:12:35
2026-07-23 23:40:40,MUSC215,0101,Laura Schnitker,15,1,0,2026-07-24 00:12:36
2026-07-23 23:40:40,MUSC215,0102,Laura Schnitker,15,3,0,2026-07-24 00:12:36
2026-07-23 23:40:40,MUSC215,0103,Laura Schnitker,15,5,0,2026-07-24 00:12:36
2026-07-23 23:40:40,MUSC215,0104,Laura Schnitker,15,4,0,2026-07-24 00:12:36
2026-07-23 23:40:40,MUSC215,0105,Laura Schnitker,15,5,0,2026-07-24 00:12:36
2026-07-23 23:40:40,MUSC215,0106,Laura Schnitker,15,6,0,2026-07-24 00:12:36
2026-07-23 23:40:40,MUSC215,0107,Laura Schnitker,15,1,0,2026-07-24 00:12:36
2026-07-23 23:40:40,MUSC215,0108,Laura Schnitker,15,4,0,2026-07-24 00:12:36
2026-07-23 23:40:40,MUSC215,0109,Laura Schnitker,15,5,0,2026-07-24 00:12:36
2026-07-23 23:40:40,MUSC227,0101,Instructor: TBA,15,7,0,2026-07-24 00:12:37
2026-07-23 23:40:40,MUSC228,0101,Mai-Linh Pham,8,0,0,2026-07-24 00:12:38
2026-07-23 23:40:40,MUSC229A,0101,David Neely,70,40,0,2026-07-24 00:12:38
2026-07-23 23:40:40,MUSC229A,FC01,David Neely,1,1,0,2026-07-24 00:12:38
2026-07-23 23:40:40,MUSC229D,0101,Michael Votta,75,59,0,2026-07-24 00:12:39
2026-07-23 23:40:40,MUSC229E,0101,Andrea Brown,75,28,0,2026-07-24 00:12:39
2026-07-23 23:40:40,MUSC229E,FC01,Andrea Brown,5,5,0,2026-07-24 00:12:39
2026-07-23 23:40:40,MUSC229F,0101,Andrea Brown,300,123,0,2026-07-24 00:12:40
2026-07-23 23:40:40,MUSC229F,FC01,Andrea Brown,10,2,0,2026-07-24 00:12:40
2026-07-23 23:40:40,MUSC229G,0101,Andrea Brown,300,166,0,2026-07-24 00:12:40
2026-07-23 23:40:40,MUSC229G,FC01,Andrea Brown,10,5,0,2026-07-24 00:12:40
2026-07-23 23:40:40,MUSC229I,0101,Jeremy Maytum,75,29,0,2026-07-24 00:12:40
2026-07-23 23:40:40,MUSC229I,FC01,Andrea Brown,10,9,0,2026-07-24 00:12:40
2026-07-23 23:40:40,MUSC229J,0101,Mark Williams,25,15,0,2026-07-24 00:12:41
2026-07-23 23:40:40,MUSC229J,0201,Tim Powell,30,30,0,2026-07-24 00:12:41
2026-07-23 23:40:40,MUSC229J,0301,Hart Guonjian-Pettit,30,26,0,2026-07-24 00:12:41
2026-07-23 23:40:40,MUSC229J,FC01,Tim Powell,3,3,0,2026-07-24 00:12:41
2026-07-23 23:40:40,MUSC229K,0101,Ann Kennedy,35,14,0,2026-07-24 00:12:41
2026-07-23 23:40:40,MUSC229K,FC01,Ann Kennedy,10,8,0,2026-07-24 00:12:41
2026-07-23 23:40:40,MUSC229P,0101,Kevin Niese,120,69,0,2026-07-24 00:12:42
2026-07-23 23:40:40,MUSC229P,FC01,Kevin Niese,60,60,0,2026-07-24 00:12:42
2026-07-23 23:40:40,MUSC229R,0101,Alexander Kandybin,55,42,0,2026-07-24 00:12:42
2026-07-23 23:40:40,MUSC229R,FC01,Alexander Kandybin,10,10,0,2026-07-24 00:12:42
2026-07-23 23:40:40,MUSC229U,0101,Kevin Niese,100,55,0,2026-07-24 00:12:43
2026-07-23 23:40:40,MUSC229U,FC01,Kevin Niese,10,10,0,2026-07-24 00:12:43
2026-07-23 23:40:40,MUSC229Z,0101,Gerard Kunkel,10,8,0,2026-07-24 00:12:43
2026-07-23 23:40:40,MUSC229Z,0201,Thomas Baldwin,10,6,0,2026-07-24 00:12:43
2026-07-23 23:40:40,MUSC229Z,0401,Leigh Pilzer,10,8,0,2026-07-24 00:12:43
2026-07-23 23:40:40,MUSC229Z,0501,Mark Williams,10,10,0,2026-07-24 00:12:43
2026-07-23 23:40:40,MUSC240,0101,William Evans,18,0,0,2026-07-24 00:12:43
2026-07-23 23:40:40,MUSC250,0101,Anna Nelson,8,0,4,2026-07-24 00:12:44
2026-07-23 23:40:40,MUSC250,0102,Anna Nelson,8,0,0,2026-07-24 00:12:44
2026-07-23 23:40:40,MUSC250,0201,Anna Nelson,8,0,1,2026-07-24 00:12:44
2026-07-23 23:40:40,MUSC250,0202,Anna Nelson,8,0,3,2026-07-24 00:12:44
2026-07-23 23:40:40,MUSC250,0301,Instructor: TBA,8,0,0,2026-07-24 00:12:44
2026-07-23 23:40:40,MUSC250,0302,Instructor: TBA,8,2,0,2026-07-24 00:12:44
2026-07-23 23:40:40,MUSC260,0101,Brendan Kibbee,16,3,0,2026-07-24 00:12:44
2026-07-23 23:40:40,MUSC260,0102,Brendan Kibbee,16,0,3,2026-07-24 00:12:44
2026-07-23 23:40:40,MUSC260,0103,Brendan Kibbee,16,0,2,2026-07-24 00:12:44
2026-07-23 23:40:40,MUSC260,0104,Brendan Kibbee,16,11,0,2026-07-24 00:12:44
2026-07-23 23:40:40,MUSC329A,0101,Jason Ferdinand,75,61,0,2026-07-24 00:12:45
2026-07-23 23:40:40,MUSC329A,FC01,Jason Ferdinand,10,10,0,2026-07-24 00:12:45
2026-07-23 23:40:40,MUSC329B,0101,Jason Ferdinand,50,33,0,2026-07-24 00:12:45
2026-07-23 23:40:40,MUSC329E,0101,Anne Carswell,60,52,0,2026-07-24 00:12:46
2026-07-23 23:40:40,MUSC329M,0101,Jason Ferdinand,40,34,0,2026-07-24 00:12:46
2026-07-23 23:40:40,MUSC329M,FC01,Jason Ferdinand,10,10,0,2026-07-24 00:12:46
2026-07-23 23:40:40,MUSC329O,0101,Jason Ferdinand,30,30,0,2026-07-24 00:12:47
2026-07-23 23:40:40,MUSC329W,0101,Kenneth Elpus,60,34,0,2026-07-24 00:12:47
2026-07-23 23:40:40,MUSC329W,FC01,Kenneth Elpus,10,6,0,2026-07-24 00:12:47
2026-07-23 23:40:40,MUSC361,0101,William Robin,16,0,0,2026-07-24 00:12:47
2026-07-23 23:40:40,MUSC361,0102,William Robin,16,0,0,2026-07-24 00:12:47
2026-07-23 23:40:40,MUSC361,0103,William Robin,16,0,0,2026-07-24 00:12:47
2026-07-23 23:40:40,MUSC361,0104,William Robin,16,14,0,2026-07-24 00:12:47
2026-07-23 23:40:40,MUSC379,0101,Mai-Linh Pham,15,7,0,2026-07-24 00:12:48
2026-07-23 23:40:40,MUSC400S,0101,Philip Kramp,20,5,0,2026-07-24 00:12:48
2026-07-23 23:40:40,MUSC428,0101,Futaba Niekawa,5,5,0,2026-07-24 00:12:49
2026-07-23 23:40:40,MUSC438A,0101,Fernando Rios,20,14,0,2026-07-24 00:12:49
2026-07-23 23:40:40,MUSC438M,0101,Brendan Kibbee,20,7,0,2026-07-24 00:12:50
2026-07-23 23:40:40,MUSC443,0101,Instructor: TBA,10,1,0,2026-07-24 00:12:50
2026-07-23 23:40:40,MUSC448E,0101,Elizabeth Schurgin,13,11,0,2026-07-24 00:12:52
2026-07-23 23:40:40,MUSC448E,0102,Elizabeth Schurgin,13,0,0,2026-07-24 00:12:52
2026-07-23 23:40:40,MUSC448O,0101,La Marr Bruce,20,17,0,2026-07-24 00:12:52
2026-07-23 23:40:40,MUSC448Y,0101,Gretchen Horlacher,12,5,0,2026-07-24 00:12:53
2026-07-23 23:40:40,MUSC450,0101,Daniel Zimmerman,18,0,2,2026-07-24 00:12:53
2026-07-23 23:40:40,MUSC453,0101,Mark Williams,8,4,0,2026-07-24 00:12:54
2026-07-23 23:40:40,MUSC455,0101,Leigh Pilzer,12,3,0,2026-07-24 00:12:54
2026-07-23 23:40:40,MUSC460,0101,Johannes Visser,8,1,0,2026-07-24 00:12:55
2026-07-23 23:40:40,MUSC464,0101,Thomas DeLio,12,8,0,2026-07-24 00:12:55
2026-07-23 23:40:40,MUSC467,0101,Instructor: TBA,14,12,0,2026-07-24 00:12:56
2026-07-23 23:40:40,MUSC469F,0101,Richard Barber,15,12,0,2026-07-24 00:12:56
2026-07-23 23:40:40,MUSC469V,0101,Greta Asgeirsson,10,9,0,2026-07-24 00:12:56
2026-07-23 23:40:40,MUSC484,0101,Olga Haldey,20,16,0,2026-07-24 00:12:57
2026-07-23 23:40:40,MUSC490,0101,Andrea Brown,12,0,0,2026-07-24 00:12:57
2026-07-23 23:40:40,MUSC490,0201,Jason Ferdinand,12,0,0,2026-07-24 00:12:57
2026-07-23 23:40:40,MUSC550,0101,Anna Nelson,15,15,0,2026-07-24 00:12:58
2026-07-23 23:40:40,MUSC601,0101,John Holiday,15,15,0,2026-07-24 00:12:58
2026-07-23 23:40:40,MUSC604,0101,Natalie Conte,15,7,0,2026-07-24 00:12:59
2026-07-23 23:40:40,MUSC605,0101,Jason Baker,10,2,0,2026-07-24 00:12:59
2026-07-23 23:40:40,MUSC609,0101,Futaba Niekawa,10,9,0,2026-07-24 00:13:00
2026-07-23 23:40:40,MUSC611,0101,Corinne Hayes,10,10,0,2026-07-24 00:13:01
2026-07-23 23:40:40,MUSC613,0101,Corinne Hayes,10,2,0,2026-07-24 00:13:01
2026-07-23 23:40:40,MUSC629A,0101,David Neely,50,49,0,2026-07-24 00:13:02
2026-07-23 23:40:40,MUSC629C,0101,Andrea Brown,20,20,0,2026-07-24 00:13:02
2026-07-23 23:40:40,MUSC629D,0101,Josanne Francis,18,11,0,2026-07-24 00:13:03
2026-07-23 23:40:40,MUSC629E,0101,Josanne Francis,18,13,0,2026-07-24 00:13:03
2026-07-23 23:40:40,MUSC629F,0101,Andrea Brown,175,175,0,2026-07-24 00:13:03
2026-07-23 23:40:40,MUSC629G,0101,I Suadin,5,5,0,2026-07-24 00:13:04
2026-07-23 23:40:40,MUSC629H,0101,Instructor: TBA,1,1,0,2026-07-24 00:13:04
2026-07-23 23:40:40,MUSC629J,0101,Mark Williams,20,19,0,2026-07-24 00:13:05
2026-07-23 23:40:40,MUSC629J,0201,Tim Powell,10,10,0,2026-07-24 00:13:05
2026-07-23 23:40:40,MUSC629J,0301,Instructor: TBA,10,10,0,2026-07-24 00:13:05
2026-07-23 23:40:40,MUSC629K,0101,Yuriko Gandolfo,2,2,0,2026-07-24 00:13:05
2026-07-23 23:40:40,MUSC629L,0101,Yuriko Gandolfo,4,3,0,2026-07-24 00:13:06
2026-07-23 23:40:40,MUSC629P,0101,Jonathan Bisesi,5,5,0,2026-07-24 00:13:06
2026-07-23 23:40:40,MUSC629P,0201,Jonathan Bisesi,5,5,0,2026-07-24 00:13:06
2026-07-23 23:40:40,MUSC629Q,0101,Sebastian Wang,2,2,0,2026-07-24 00:13:07
2026-07-23 23:40:40,MUSC629R,0101,David Neely,10,10,0,2026-07-24 00:13:07
2026-07-23 23:40:40,MUSC629U,0101,Craig Potter,10,10,0,2026-07-24 00:13:08
2026-07-23 23:40:40,MUSC629W,0101,Michael Votta,30,18,0,2026-07-24 00:13:08
2026-07-23 23:40:40,MUSC629Z,0101,Gerard Kunkel,10,10,0,2026-07-24 00:13:09
2026-07-23 23:40:40,MUSC629Z,0201,Thomas Baldwin,10,10,0,2026-07-24 00:13:09
2026-07-23 23:40:40,MUSC629Z,0301,Mark Williams,10,10,0,2026-07-24 00:13:09
2026-07-23 23:40:40,MUSC629Z,0401,Instructor: TBA,10,10,0,2026-07-24 00:13:09
2026-07-23 23:40:40,MUSC629Z,0501,Mark Williams,10,10,0,2026-07-24 00:13:09
2026-07-23 23:40:40,MUSC643,0101,Natalie Conte,15,14,0,2026-07-24 00:13:09
2026-07-23 23:40:40,MUSC646,0101,William Robin,10,10,0,2026-07-24 00:13:10
2026-07-23 23:40:40,MUSC648,0101,Lars Helgert,25,25,0,2026-07-24 00:13:10
2026-07-23 23:40:40,MUSC648,0102,Lars Helgert,25,25,0,2026-07-24 00:13:10
2026-07-23 23:40:40,MUSC649A,0101,Jason Ferdinand,10,10,0,2026-07-24 00:13:11
2026-07-23 23:40:40,MUSC649B,0101,Jason Ferdinand,10,10,0,2026-07-24 00:13:11
2026-07-23 23:40:40,MUSC649E,0101,Anne Carswell,10,9,0,2026-07-24 00:13:11
2026-07-23 23:40:40,MUSC649M,0101,Jason Ferdinand,10,10,0,2026-07-24 00:13:12
2026-07-23 23:40:40,MUSC649O,0101,Jason Ferdinand,15,15,0,2026-07-24 00:13:12
2026-07-23 23:40:40,MUSC649W,0101,Kenneth Elpus,10,10,0,2026-07-24 00:13:13
2026-07-23 23:40:40,MUSC651,0101,Thomas DeLio,12,8,0,2026-07-24 00:13:13
2026-07-23 23:40:40,MUSC653,0101,Mark Williams,8,4,0,2026-07-24 00:13:14
2026-07-23 23:40:40,MUSC655,0101,Leigh Pilzer,12,3,0,2026-07-24 00:13:14
2026-07-23 23:40:40,MUSC659A,0101,Jason Ferdinand,6,4,0,2026-07-24 00:13:14
2026-07-23 23:40:40,MUSC659B,0101,David Neely,6,6,0,2026-07-24 00:13:15
2026-07-23 23:40:40,MUSC659C,0101,Michael Votta,5,5,0,2026-07-24 00:13:15
2026-07-23 23:40:40,MUSC660,0101,Philip Kramp,20,5,0,2026-07-24 00:13:16
2026-07-23 23:40:40,MUSC669F,0101,Richard Barber,15,12,0,2026-07-24 00:13:16
2026-07-23 23:40:40,MUSC669V,0101,Greta Asgeirsson,5,5,0,2026-07-24 00:13:17
2026-07-23 23:40:40,MUSC675,0101,Daniel Zimmerman,8,6,0,2026-07-24 00:13:17
2026-07-23 23:40:40,MUSC677,0101,Fernando Rios,12,10,0,2026-07-24 00:13:17
2026-07-23 23:40:40,MUSC679A,0101,Fernando Rios,20,14,0,2026-07-24 00:13:18
2026-07-23 23:40:40,MUSC679J,0101,Brendan Kibbee,20,7,0,2026-07-24 00:13:18
2026-07-23 23:40:40,MUSC679S,0101,Siv Lie,12,7,0,2026-07-24 00:13:19
2026-07-23 23:40:40,MUSC684,0101,Olga Haldey,20,16,0,2026-07-24 00:13:19
2026-07-23 23:40:40,MUSC689,0101,Michael Votta,5,5,0,2026-07-24 00:13:20
2026-07-23 23:40:40,MUSC689,0201,Instructor: TBA,5,5,0,2026-07-24 00:13:20
2026-07-23 23:40:40,MUSC699D,0101,Mai-Linh Pham,5,5,0,2026-07-24 00:13:20
2026-07-23 23:40:40,MUSC699P,0101,Kelsey Klotz,12,0,2,2026-07-24 00:13:21
2026-07-23 23:40:40,MUSC699Y,0101,Gretchen Horlacher,12,5,0,2026-07-24 00:13:22
2026-07-23 23:40:40,MUSC757,0101,Michael Votta,5,5,0,2026-07-24 00:13:22
2026-07-23 23:40:40,MUSC758,0101,Michael Votta,5,3,0,2026-07-24 00:13:23
2026-07-23 23:40:40,MUSC800P,0101,Instructor: TBA,7,7,0,2026-07-24 00:13:24
2026-07-23 23:40:40,MUSC800S,0101,Philip Kramp,20,5,0,2026-07-24 00:13:25
2026-07-23 23:40:40,MUSC800W,0101,Sarah Frisof,10,10,0,2026-07-24 00:13:25
2026-07-23 23:40:40,MUSC800W,0201,Emily Tsai,10,9,0,2026-07-24 00:13:25
2026-07-23 23:40:40,MUSC800W,0301,Robert DiLutis,10,10,0,2026-07-24 00:13:25
2026-07-23 23:40:40,MUSC800W,0401,Instructor: TBA,10,10,0,2026-07-24 00:13:25
2026-07-23 23:40:40,MUSC800W,0501,Tim Powell,10,10,0,2026-07-24 00:13:25
2026-07-23 23:40:40,MUSC800W,0601,Gregory Miller,10,10,0,2026-07-24 00:13:25
2026-07-23 23:40:40,MUSC800W,0701,Paul Gekker,10,10,0,2026-07-24 00:13:25
2026-07-23 23:40:40,MUSC800W,0801,Myles Blakemore,10,10,0,2026-07-24 00:13:25
2026-07-23 23:40:40,MUSC800W,0901,Willie Clark,10,10,0,2026-07-24 00:13:25
2026-07-23 23:40:40,MUSC800W,1001,Instructor: TBA,10,10,0,2026-07-24 00:13:25
2026-07-23 23:40:40,MUSC800W,1101,Jonathan Bisesi,10,10,0,2026-07-24 00:13:25
2026-07-23 23:40:40,MUSC800W,1201,Joseph Grimmer,5,5,0,2026-07-24 00:13:25
2026-07-23 23:40:40,MUSC800W,1301,Instructor: TBA,5,5,0,2026-07-24 00:13:25
2026-07-23 23:40:40,MUSC811,0101,Corinne Hayes,5,5,0,2026-07-24 00:13:25
2026-07-23 23:40:40,MUSC813,0101,Corinne Hayes,5,5,0,2026-07-24 00:13:26
2026-07-23 23:40:40,MUSC830A,0101,Instructor: TBA,10,10,0,2026-07-24 00:13:26
2026-07-23 23:40:40,MUSC830V,0101,Natalie Conte,15,14,0,2026-07-24 00:13:27
2026-07-23 23:40:40,MUSC830W,0101,Sarah Frisof,10,9,0,2026-07-24 00:13:27
2026-07-23 23:40:40,MUSC830W,0201,Emily Tsai,10,10,0,2026-07-24 00:13:27
2026-07-23 23:40:40,MUSC830W,0301,Robert DiLutis,10,10,0,2026-07-24 00:13:27
2026-07-23 23:40:40,MUSC830W,0401,Instructor: TBA,10,10,0,2026-07-24 00:13:27
2026-07-23 23:40:40,MUSC830W,0501,Tim Powell,10,10,0,2026-07-24 00:13:27
2026-07-23 23:40:40,MUSC830W,0601,Gregory Miller,10,10,0,2026-07-24 00:13:27
2026-07-23 23:40:40,MUSC830W,0701,Paul Gekker,10,10,0,2026-07-24 00:13:27
2026-07-23 23:40:40,MUSC830W,0801,Myles Blakemore,10,10,0,2026-07-24 00:13:27
2026-07-23 23:40:40,MUSC830W,1001,Willie Clark,10,9,0,2026-07-24 00:13:27
2026-07-23 23:40:40,MUSC830W,1101,Jonathan Bisesi,10,10,0,2026-07-24 00:13:27
2026-07-23 23:40:40,MUSC830W,1201,Joseph Grimmer,5,4,0,2026-07-24 00:13:27
2026-07-23 23:40:40,MUSC830W,1301,Instructor: TBA,5,5,0,2026-07-24 00:13:27
2026-07-23 23:40:40,MUSC832A,0101,Futaba Niekawa,5,5,0,2026-07-24 00:13:28
2026-07-23 23:40:40,NACS608,0101,Ricardo Araneda,20,13,0,2026-07-24 00:13:31
2026-07-23 23:40:40,NACS640,0101,Rodolphe Gentili,12,7,0,2026-07-24 00:13:31
2026-07-23 23:40:40,NACS641,0101,Jens Herberholz,20,9,0,2026-07-24 00:13:31
2026-07-23 23:40:40,NACS645,0101,Robert Slevc,10,0,0,2026-07-24 00:13:32
2026-07-23 23:40:40,NACS728B,0101,Jonathan Simon,15,6,0,2026-07-24 00:13:32
2026-07-23 23:40:40,NACS728E,0101,Ricardo Araneda,10,10,0,2026-07-24 00:13:33
2026-07-23 23:40:40,NACS728I,0101,Melissa Caras,5,5,0,2026-07-24 00:13:33
2026-07-23 23:40:40,NACS728M,0101,Joo Yun Jun,12,9,0,2026-07-24 00:13:33
2026-07-23 23:40:40,NACS728W,0101,Philip Resnik,10,0,0,2026-07-24 00:13:34
2026-07-23 23:40:40,NACS728X,0101,Elizabeth Redcay,20,16,0,2026-07-24 00:13:34
2026-07-23 23:40:40,NACS728Z,0101,Nan Xu,5,1,0,2026-07-24 00:13:35
2026-07-23 23:40:40,NAVY100,0101,Austin Cranfill,75,64,0,2026-07-24 00:13:38
2026-07-23 23:40:40,NAVY100,2401,Austin Cranfill,35,32,0,2026-07-24 00:13:38
2026-07-23 23:40:40,NAVY100,FC01,Austin Cranfill,10,3,0,2026-07-24 00:13:38
2026-07-23 23:40:40,NAVY108,0101,Jenna Weiner,130,89,0,2026-07-24 00:13:39
2026-07-23 23:40:40,NAVY108,FC01,John Gonser,10,9,0,2026-07-24 00:13:39
2026-07-23 23:40:40,NAVY200,0101,Christopher Boehm,40,30,0,2026-07-24 00:13:39
2026-07-23 23:40:40,NAVY300,0101,Beau Cisneros,25,13,0,2026-07-24 00:13:39
2026-07-23 23:40:40,NAVY400,0101,Austin Cranfill,30,22,0,2026-07-24 00:13:40
2026-07-23 23:40:40,NEUR200,0101,Ana Navarro Cebrian,75,0,3,2026-07-24 00:13:42
2026-07-23 23:40:40,NEUR200,0201,Ana Navarro Cebrian,75,0,4,2026-07-24 00:13:42
2026-07-23 23:40:40,NEUR200,0301,Evan Hart,75,0,2,2026-07-24 00:13:42
2026-07-23 23:40:40,NEUR305,0101,Amanda Chicoli,100,12,0,2026-07-24 00:13:42
2026-07-23 23:40:40,NEUR306,0101,Chan Lin,200,6,0,2026-07-24 00:13:43
2026-07-23 23:40:40,NEUR398H,0101,Nikolas Francis,20,20,0,2026-07-24 00:13:44
2026-07-23 23:40:40,NEUR405,0101,Hilary Bierman,20,0,0,2026-07-24 00:13:45
2026-07-23 23:40:40,NEUR405,0102,Hilary Bierman,20,0,0,2026-07-24 00:13:45
2026-07-23 23:40:40,NEUR405,0103,Hilary Bierman,20,0,0,2026-07-24 00:13:45
2026-07-23 23:40:40,NFSC100,0101,Margaret Slavin,25,11,0,2026-07-24 00:13:48
2026-07-23 23:40:40,NFSC100,0102,Margaret Slavin,25,21,0,2026-07-24 00:13:48
2026-07-23 23:40:40,NFSC100,0103,Margaret Slavin,25,2,0,2026-07-24 00:13:48
2026-07-23 23:40:40,NFSC100,0104,Margaret Slavin,25,4,0,2026-07-24 00:13:48
2026-07-23 23:40:40,NFSC100,0105,Margaret Slavin,25,0,0,2026-07-24 00:13:48
2026-07-23 23:40:40,NFSC100,0106,Margaret Slavin,25,4,0,2026-07-24 00:13:48
2026-07-23 23:40:40,NFSC100,0107,Margaret Slavin,25,1,0,2026-07-24 00:13:48
2026-07-23 23:40:40,NFSC100,0108,Margaret Slavin,25,17,0,2026-07-24 00:13:48
2026-07-23 23:40:40,NFSC100,0109,Margaret Slavin,25,15,0,2026-07-24 00:13:48
2026-07-23 23:40:40,NFSC100,0112,Margaret Slavin,25,23,0,2026-07-24 00:13:48
2026-07-23 23:40:40,NFSC100,0113,Margaret Slavin,25,7,0,2026-07-24 00:13:48
2026-07-23 23:40:40,NFSC100,0114,Margaret Slavin,25,10,0,2026-07-24 00:13:48
2026-07-23 23:40:40,NFSC100,0115,Margaret Slavin,25,13,0,2026-07-24 00:13:48
2026-07-23 23:40:40,NFSC100,FC01,Margaret Slavin,24,11,0,2026-07-24 00:13:48
2026-07-23 23:40:40,NFSC100,FC02,Margaret Slavin,24,13,0,2026-07-24 00:13:48
2026-07-23 23:40:40,NFSC100H,0101,Margaret Slavin,12,12,0,2026-07-24 00:13:48
2026-07-23 23:40:40,NFSC112,0101,Abani Pradhan,30,10,0,2026-07-24 00:13:49
2026-07-23 23:40:40,NFSC112,0102,Qin Wang,30,16,0,2026-07-24 00:13:49
2026-07-23 23:40:40,NFSC112,0103,Qin Wang,30,23,0,2026-07-24 00:13:49
2026-07-23 23:40:40,NFSC112,0104,Qin Wang,30,23,0,2026-07-24 00:13:49
2026-07-23 23:40:40,NFSC112,0105,Qin Wang,30,9,0,2026-07-24 00:13:49
2026-07-23 23:40:40,NFSC112,0106,Qin Wang,30,24,0,2026-07-24 00:13:49
2026-07-23 23:40:40,NFSC112,FC01,Abani Pradhan,30,10,0,2026-07-24 00:13:49
2026-07-23 23:40:40,NFSC220,0101,Rebecca Rosenstein,54,0,0,2026-07-24 00:13:49
2026-07-23 23:40:40,NFSC298,0101,Colleen Carrion,16,12,0,2026-07-24 00:13:49
2026-07-23 23:40:40,NFSC341,0101,Behrouz Meyssami,10,4,0,2026-07-24 00:13:50
2026-07-23 23:40:40,NFSC341,ESG1,Behrouz Meyssami,12,11,0,2026-07-24 00:13:50
2026-07-23 23:40:40,NFSC350,0101,Margaret Udahogora,9,0,0,2026-07-24 00:13:50
2026-07-23 23:40:40,NFSC350,0102,Margaret Udahogora,9,8,0,2026-07-24 00:13:50
2026-07-23 23:40:40,NFSC350,0103,Margaret Udahogora,9,7,0,2026-07-24 00:13:50
2026-07-23 23:40:40,NFSC350,0104,Margaret Udahogora,9,8,0,2026-07-24 00:13:50
2026-07-23 23:40:40,NFSC380,0101,Margaret Udahogora,15,2,0,2026-07-24 00:13:51
2026-07-23 23:40:40,NFSC380,0102,Margaret Udahogora,15,13,0,2026-07-24 00:13:51
2026-07-23 23:40:40,NFSC388,1301,Qin Wang,10,10,0,2026-07-24 00:13:52
2026-07-23 23:40:40,NFSC415,0101,Ryan Blaustein,15,15,0,2026-07-24 00:13:52
2026-07-23 23:40:40,NFSC416,0101,Rohan Tikekar,15,14,0,2026-07-24 00:13:53
2026-07-23 23:40:40,NFSC421,0101,Liangli Yu,30,17,0,2026-07-24 00:13:53
2026-07-23 23:40:40,NFSC422,0101,Qin Wang,15,11,0,2026-07-24 00:13:54
2026-07-23 23:40:40,NFSC423,0101,Diana Obanda,15,9,0,2026-07-24 00:13:54
2026-07-23 23:40:40,NFSC426,0101,Shaik Rahaman,20,14,0,2026-07-24 00:13:55
2026-07-23 23:40:40,NFSC427,0101,Diana Obanda,15,13,0,2026-07-24 00:13:55
2026-07-23 23:40:40,NFSC437,0101,Yuanyuan Li,15,15,0,2026-07-24 00:13:55
2026-07-23 23:40:40,NFSC440,0101,Seong-Ho Lee,49,31,0,2026-07-24 00:13:56
2026-07-23 23:40:40,NFSC455,0101,Yuanyuan Li,30,17,0,2026-07-24 00:13:56
2026-07-23 23:40:40,NFSC463,0101,Thomas Flores,10,7,0,2026-07-24 00:13:57
2026-07-23 23:40:40,NFSC615,0101,Ryan Blaustein,15,9,0,2026-07-24 00:13:58
2026-07-23 23:40:40,NFSC620,0101,Seong-Ho Lee,15,14,0,2026-07-24 00:13:59
2026-07-23 23:40:40,NFSC621,0101,Shaik Rahaman,20,14,0,2026-07-24 00:13:59
2026-07-23 23:40:40,NFSC624,0101,Hee-Jung Song,15,12,0,2026-07-24 00:14:00
2026-07-23 23:40:40,NFSC627,0101,Diana Obanda,15,13,0,2026-07-24 00:14:00
2026-07-23 23:40:40,NFSC637,0101,Yuanyuan Li,15,15,0,2026-07-24 00:14:01
2026-07-23 23:40:40,NFSC641,0101,Behrouz Meyssami,5,4,0,2026-07-24 00:14:01
2026-07-23 23:40:40,NFSC678R,0101,Seong-Ho Lee,49,31,0,2026-07-24 00:14:02
2026-07-23 23:40:40,NFSC679J,0101,Liangli Yu,10,10,0,2026-07-24 00:14:03
2026-07-23 23:40:40,NFSC679R,0101,Abani Pradhan,15,15,0,2026-07-24 00:14:03
2026-07-23 23:40:40,NFSC679T,0101,Rohan Tikekar,15,14,0,2026-07-24 00:14:03
2026-07-23 23:40:40,NFSC688,0101,Shaik Rahaman,25,20,0,2026-07-24 00:14:04
2026-07-23 23:40:40,NFSC690,0101,Nadine Sahyoun,15,13,0,2026-07-24 00:14:04
2026-07-23 23:40:40,NIAS788W,TV01,Instructor: TBA,1,1,0,2026-07-24 00:14:08
2026-07-23 23:40:40,OURS100,0101,Jennifer Lieb,40,0,4,2026-07-24 00:14:10
2026-07-23 23:40:40,OURS308,0101,Jennifer Lieb,20,11,0,2026-07-24 00:14:10
2026-07-23 23:40:40,OURS309,0101,Sara Strey,40,12,0,2026-07-24 00:14:10
2026-07-23 23:40:40,PEER312,0101,Aleia Gardner,15,8,0,2026-07-24 00:14:12
2026-07-23 23:40:40,PEER318,0101,Christina Jay,15,11,0,2026-07-24 00:14:13
2026-07-23 23:40:40,PEER319,0101,Grace Boudreau,15,7,0,2026-07-24 00:14:13
2026-07-23 23:40:40,PERS103,0101,Bahareh Jalehmahmoudi,15,5,0,2026-07-24 00:14:15
2026-07-23 23:40:40,PERS201,0101,Manizhe Galledari,15,4,0,2026-07-24 00:14:15
2026-07-23 23:40:40,PERS280,0101,Bahareh Jalehmahmoudi,25,20,0,2026-07-24 00:14:16
2026-07-23 23:40:40,PERS301,0101,Ali Abasi,15,8,0,2026-07-24 00:14:16
2026-07-23 23:40:40,PERS311,0101,Manizhe Galledari,15,10,0,2026-07-24 00:14:17
2026-07-23 23:40:40,PERS371,0101,Mohammad Bazargan,25,16,0,2026-07-24 00:14:17
2026-07-23 23:40:40,PERS601,0101,Mohammad Bazargan,10,7,0,2026-07-24 00:14:18
2026-07-23 23:40:40,PERS632,0101,Nahal Akbari-Saneh,10,7,0,2026-07-24 00:14:19
2026-07-23 23:40:40,PERS641,0101,Ali Abasi,10,7,0,2026-07-24 00:14:19
2026-07-23 23:40:40,PERS689I,0101,Manizhe Galledari,10,7,0,2026-07-24 00:14:20
2026-07-23 23:40:40,PERS689J,0101,Bahareh Jalehmahmoudi,10,7,0,2026-07-24 00:14:20
2026-07-23 23:40:40,PHIL100,0101,Elizabeth Schechter,18,2,0,2026-07-24 00:14:22
2026-07-23 23:40:40,PHIL100,0102,Elizabeth Schechter,18,1,0,2026-07-24 00:14:22
2026-07-23 23:40:40,PHIL100,0103,Elizabeth Schechter,18,11,0,2026-07-24 00:14:22
2026-07-23 23:40:40,PHIL100,0104,Elizabeth Schechter,18,7,0,2026-07-24 00:14:22
2026-07-23 23:40:40,PHIL100,0105,Elizabeth Schechter,18,2,0,2026-07-24 00:14:22
2026-07-23 23:40:40,PHIL100,0106,Elizabeth Schechter,18,16,0,2026-07-24 00:14:22
2026-07-23 23:40:40,PHIL100,FC01,Yunhui Bai,28,0,0,2026-07-24 00:14:22
2026-07-23 23:40:40,PHIL101,0101,Ilaria Canavotto,20,0,0,2026-07-24 00:14:22
2026-07-23 23:40:40,PHIL101,0102,Ilaria Canavotto,20,0,0,2026-07-24 00:14:22
2026-07-23 23:40:40,PHIL101,0103,Ilaria Canavotto,20,0,1,2026-07-24 00:14:22
2026-07-23 23:40:40,PHIL121,0101,Eric Pacuit,30,22,0,2026-07-24 00:14:23
2026-07-23 23:40:40,PHIL140,0101,Hallie Liberto,20,0,0,2026-07-24 00:14:23
2026-07-23 23:40:40,PHIL140,0102,Hallie Liberto,20,0,0,2026-07-24 00:14:23
2026-07-23 23:40:40,PHIL140,0103,Hallie Liberto,20,2,0,2026-07-24 00:14:23
2026-07-23 23:40:40,PHIL140,0104,Hallie Liberto,20,0,0,2026-07-24 00:14:23
2026-07-23 23:40:40,PHIL140,0105,Hallie Liberto,20,9,0,2026-07-24 00:14:23
2026-07-23 23:40:40,PHIL140,0106,Hallie Liberto,20,1,0,2026-07-24 00:14:23
2026-07-23 23:40:40,PHIL140,FC01,Instructor: TBA,28,0,0,2026-07-24 00:14:23
2026-07-23 23:40:40,PHIL140,FC02,Ben Fan,28,1,0,2026-07-24 00:14:23
2026-07-23 23:40:40,PHIL140,FC03,Ben Fan,28,0,3,2026-07-24 00:14:23
2026-07-23 23:40:40,PHIL140,FC04,Ben Fan,28,0,2,2026-07-24 00:14:23
2026-07-23 23:40:40,PHIL170,0101,Paolo Santorio,20,6,0,2026-07-24 00:14:24
2026-07-23 23:40:40,PHIL170,0102,Paolo Santorio,20,0,0,2026-07-24 00:14:24
2026-07-23 23:40:40,PHIL170,0103,Paolo Santorio,20,12,0,2026-07-24 00:14:24
2026-07-23 23:40:40,PHIL170,0104,Paolo Santorio,20,5,0,2026-07-24 00:14:24
2026-07-23 23:40:40,PHIL170,0105,Paolo Santorio,20,10,0,2026-07-24 00:14:24
2026-07-23 23:40:40,PHIL170,0106,Paolo Santorio,20,16,0,2026-07-24 00:14:24
2026-07-23 23:40:40,PHIL202,0101,Peter Carruthers,20,0,0,2026-07-24 00:14:24
2026-07-23 23:40:40,PHIL202,0102,Peter Carruthers,20,0,0,2026-07-24 00:14:24
2026-07-23 23:40:40,PHIL202,0103,Peter Carruthers,20,0,0,2026-07-24 00:14:24
2026-07-23 23:40:40,PHIL202,0104,Peter Carruthers,20,0,0,2026-07-24 00:14:24
2026-07-23 23:40:40,PHIL202,0105,Peter Carruthers,20,0,0,2026-07-24 00:14:24
2026-07-23 23:40:40,PHIL202,0106,Peter Carruthers,20,0,0,2026-07-24 00:14:24
2026-07-23 23:40:40,PHIL203,0101,Daniel Blair,20,0,1,2026-07-24 00:14:25
2026-07-23 23:40:40,PHIL203,0102,Daniel Blair,20,0,3,2026-07-24 00:14:25
2026-07-23 23:40:40,PHIL203,0103,Daniel Blair,20,0,0,2026-07-24 00:14:25
2026-07-23 23:40:40,PHIL203,0104,Daniel Blair,20,0,1,2026-07-24 00:14:25
2026-07-23 23:40:40,PHIL203,0105,Daniel Blair,20,0,2,2026-07-24 00:14:25
2026-07-23 23:40:40,PHIL203,0106,Daniel Blair,20,0,0,2026-07-24 00:14:25
2026-07-23 23:40:40,PHIL211,0101,Robert Ragsdale,20,0,0,2026-07-24 00:14:25
2026-07-23 23:40:40,PHIL211,0102,Robert Ragsdale,20,0,1,2026-07-24 00:14:25
2026-07-23 23:40:40,PHIL211,0103,Robert Ragsdale,20,8,0,2026-07-24 00:14:25
2026-07-23 23:40:40,PHIL220,0101,Samuel Kerstein,20,0,0,2026-07-24 00:14:25
2026-07-23 23:40:40,PHIL220,0102,Samuel Kerstein,20,0,0,2026-07-24 00:14:25
2026-07-23 23:40:40,PHIL220,0103,Samuel Kerstein,20,0,0,2026-07-24 00:14:25
2026-07-23 23:40:40,PHIL245,0101,Avia Pasternak,20,0,1,2026-07-24 00:14:26
2026-07-23 23:40:40,PHIL245,0102,Avia Pasternak,20,0,1,2026-07-24 00:14:26
2026-07-23 23:40:40,PHIL245,0103,Avia Pasternak,20,0,1,2026-07-24 00:14:26
2026-07-23 23:40:40,PHIL250,0101,Harjit Bhogal,30,0,1,2026-07-24 00:14:26
2026-07-23 23:40:40,PHIL310,0101,Rachel Singpurwalla,20,0,1,2026-07-24 00:14:27
2026-07-23 23:40:40,PHIL310,0102,Rachel Singpurwalla,20,0,4,2026-07-24 00:14:27
2026-07-23 23:40:40,PHIL310,0103,Rachel Singpurwalla,20,0,6,2026-07-24 00:14:27
2026-07-23 23:40:40,PHIL338T,0101,Hallie Liberto,30,23,0,2026-07-24 00:14:27
2026-07-23 23:40:40,PHIL341,0101,Jackson Iszler,30,9,0,2026-07-24 00:14:28
2026-07-23 23:40:40,PHIL344,0101,Kodie Lustig,30,0,1,2026-07-24 00:14:28
2026-07-23 23:40:40,PHIL364,0101,Harjit Bhogal,30,0,3,2026-07-24 00:14:28
2026-07-23 23:40:40,PHIL370,0101,Chung-Yeh Yang,30,6,0,2026-07-24 00:14:29
2026-07-23 23:40:40,PHIL412,0101,Lixing Miao,25,4,0,2026-07-24 00:14:30
2026-07-23 23:40:40,PHIL418O,0101,Daniel Blair,30,4,0,2026-07-24 00:14:30
2026-07-23 23:40:40,PHIL428D,0101,Xinzhi Zhao,30,10,0,2026-07-24 00:14:31
2026-07-23 23:40:40,PHIL438,0101,Samuel Kerstein,30,22,0,2026-07-24 00:14:31
2026-07-23 23:40:40,PHIL445,0101,Xinzhi Zhao,25,9,0,2026-07-24 00:14:31
2026-07-23 23:40:40,PHIL660,0101,Paolo Santorio,15,13,0,2026-07-24 00:14:33
2026-07-23 23:40:40,PHIL808K,0101,Eric Pacuit,15,13,0,2026-07-24 00:14:34
2026-07-23 23:40:40,PHIL808Q,0101,Nicholas Laskowski,30,27,0,2026-07-24 00:14:35
2026-07-23 23:40:40,PHIL878B,0101,Elizabeth Schechter,15,12,0,2026-07-24 00:14:35
2026-07-23 23:40:40,PHPE308D,0101,Xinzhi Zhao,30,10,0,2026-07-24 00:14:39
2026-07-23 23:40:40,PHPE308F,0101,Regev Ben-David,30,30,0,2026-07-24 00:14:39
2026-07-23 23:40:40,PHPE308O,0101,Jackson Iszler,30,9,0,2026-07-24 00:14:39
2026-07-23 23:40:40,PHPE308Y,0101,Rachel Singpurwalla,20,0,1,2026-07-24 00:14:40
2026-07-23 23:40:40,PHPE308Y,0102,Rachel Singpurwalla,20,0,4,2026-07-24 00:14:40
2026-07-23 23:40:40,PHPE308Y,0103,Rachel Singpurwalla,20,0,6,2026-07-24 00:14:40
2026-07-23 23:40:40,PHPE400,0101,Justin Helms,18,0,0,2026-07-24 00:14:41
2026-07-23 23:40:40,PHPE400,0102,Justin Helms,18,0,0,2026-07-24 00:14:41
2026-07-23 23:40:40,PHPE400,0103,Justin Helms,20,3,0,2026-07-24 00:14:41
2026-07-23 23:40:40,PHPE401,0101,Xinzhi Zhao,25,0,15,2026-07-24 00:14:41
2026-07-23 23:40:40,PHPE402,0101,Dan Moller,30,0,3,2026-07-24 00:14:42
2026-07-23 23:40:40,PHPE408J,0101,Lixing Miao,25,4,0,2026-07-24 00:14:43
2026-07-23 23:40:40,PHPE408R,0101,Xinzhi Zhao,25,9,0,2026-07-24 00:14:44
2026-07-23 23:40:40,PHSC388J,0101,Kendall Bustad,20,11,0,2026-07-24 00:14:46
2026-07-23 23:40:40,PHSC389,0101,Shannon Edward,30,24,0,2026-07-24 00:14:47
2026-07-23 23:40:40,PHSC399,0101,Shannon Edward,30,25,0,2026-07-24 00:14:47
2026-07-23 23:40:40,PHSC415,0101,Jessica O'Hara,31,0,2,2026-07-24 00:14:48
2026-07-23 23:40:40,PHSC415,0102,Jessica O'Hara,31,3,0,2026-07-24 00:14:48
2026-07-23 23:40:40,PHSC415,0103,Jessica O'Hara,31,0,0,2026-07-24 00:14:48
2026-07-23 23:40:40,PHSC415,0104,Jessica O'Hara,31,0,1,2026-07-24 00:14:48
2026-07-23 23:40:40,PHSC415,0105,Jessica O'Hara,31,11,0,2026-07-24 00:14:48
2026-07-23 23:40:40,PHSC420,0101,Jennifer German,35,14,0,2026-07-24 00:14:48
2026-07-23 23:40:40,PHSC450,0101,Kendall Bustad,19,0,3,2026-07-24 00:14:49
2026-07-23 23:40:40,PHSC450,0102,Kendall Bustad,19,0,7,2026-07-24 00:14:49
2026-07-23 23:40:40,PHSC450,0103,Kendall Bustad,19,0,4,2026-07-24 00:14:49
2026-07-23 23:40:40,PHSC450,0104,Kendall Bustad,19,0,4,2026-07-24 00:14:49
2026-07-23 23:40:40,PHSC450,0105,Kendall Bustad,19,0,5,2026-07-24 00:14:49
2026-07-23 23:40:40,PHSC450,0106,Kendall Bustad,19,0,7,2026-07-24 00:14:49
2026-07-23 23:40:40,PHSC450,0107,Kendall Bustad,19,0,5,2026-07-24 00:14:49
2026-07-23 23:40:40,PHSC450,0108,Kendall Bustad,19,0,3,2026-07-24 00:14:49
2026-07-23 23:40:40,PHSC497,0101,Kendall Bustad,20,4,0,2026-07-24 00:14:50
2026-07-23 23:40:40,PHSC497,0301,Shannon Edward,20,0,0,2026-07-24 00:14:50
2026-07-23 23:40:40,PHSC497,0601,Jennifer German,20,0,2,2026-07-24 00:14:50
2026-07-23 23:40:40,PHYS102,0101,Matt Severson,142,64,0,2026-07-24 00:14:52
2026-07-23 23:40:40,PHYS103,0101,Abolhassan Jawahery,24,16,0,2026-07-24 00:14:53
2026-07-23 23:40:40,PHYS103,0501,Abolhassan Jawahery,24,0,0,2026-07-24 00:14:53
2026-07-23 23:40:40,PHYS103,0701,Abolhassan Jawahery,24,5,0,2026-07-24 00:14:53
2026-07-23 23:40:40,PHYS103,0801,Abolhassan Jawahery,24,0,0,2026-07-24 00:14:53
2026-07-23 23:40:40,PHYS105,0103,Jordan Goodman,27,11,0,2026-07-24 00:14:53
2026-07-23 23:40:40,PHYS115,0101,Laura Lising,20,4,0,2026-07-24 00:14:54
2026-07-23 23:40:40,PHYS115,0201,Arpita Upadhyaya,20,5,0,2026-07-24 00:14:54
2026-07-23 23:40:40,PHYS121,0201,Aria Heidarian,28,0,5,2026-07-24 00:14:55
2026-07-23 23:40:40,PHYS121,0202,Aria Heidarian,29,0,9,2026-07-24 00:14:55
2026-07-23 23:40:40,PHYS121,0203,Aria Heidarian,29,0,1,2026-07-24 00:14:55
2026-07-23 23:40:40,PHYS121,0204,Aria Heidarian,29,0,1,2026-07-24 00:14:55
2026-07-23 23:40:40,PHYS121,0205,Aria Heidarian,28,0,6,2026-07-24 00:14:55
2026-07-23 23:40:40,PHYS121,0206,Aria Heidarian,28,0,8,2026-07-24 00:14:55
2026-07-23 23:40:40,PHYS121,0401,Peter Shawhan,28,2,0,2026-07-24 00:14:55
2026-07-23 23:40:40,PHYS121,0402,Peter Shawhan,28,4,0,2026-07-24 00:14:55
2026-07-23 23:40:40,PHYS121,0405,Peter Shawhan,17,0,0,2026-07-24 00:14:55
2026-07-23 23:40:40,PHYS121,SEF1,Peter Shawhan,11,6,0,2026-07-24 00:14:55
2026-07-23 23:40:40,PHYS122,0101,Aria Heidarian,24,0,7,2026-07-24 00:14:55
2026-07-23 23:40:40,PHYS122,0102,Aria Heidarian,24,0,11,2026-07-24 00:14:55
2026-07-23 23:40:40,PHYS122,0105,Aria Heidarian,24,0,7,2026-07-24 00:14:55
2026-07-23 23:40:40,PHYS122,0401,Hailu Gebremariam,15,1,0,2026-07-24 00:14:55
2026-07-23 23:40:40,PHYS122,SEF1,Hailu Gebremariam,9,8,0,2026-07-24 00:14:55
2026-07-23 23:40:40,PHYS131,0101,David Buehrle,30,0,1,2026-07-24 00:14:56
2026-07-23 23:40:40,PHYS131,0102,David Buehrle,30,0,0,2026-07-24 00:14:56
2026-07-23 23:40:40,PHYS131,0103,David Buehrle,30,0,0,2026-07-24 00:14:56
2026-07-23 23:40:40,PHYS131,0104,David Buehrle,30,6,0,2026-07-24 00:14:56
2026-07-23 23:40:40,PHYS131,0105,David Buehrle,30,0,0,2026-07-24 00:14:56
2026-07-23 23:40:40,PHYS131,0106,David Buehrle,30,0,0,2026-07-24 00:14:56
2026-07-23 23:40:40,PHYS131,0107,David Buehrle,30,0,0,2026-07-24 00:14:56
2026-07-23 23:40:40,PHYS131,0108,David Buehrle,30,0,0,2026-07-24 00:14:56
2026-07-23 23:40:40,PHYS131,0127,David Buehrle,8,0,0,2026-07-24 00:14:56
2026-07-23 23:40:40,PHYS131,0128,David Buehrle,6,0,0,2026-07-24 00:14:56
2026-07-23 23:40:40,PHYS131,0201,David Buehrle,30,8,0,2026-07-24 00:14:56
2026-07-23 23:40:40,PHYS131,0202,David Buehrle,30,2,0,2026-07-24 00:14:56
2026-07-23 23:40:40,PHYS131,0203,David Buehrle,30,1,0,2026-07-24 00:14:56
2026-07-23 23:40:40,PHYS131,0204,David Buehrle,30,2,0,2026-07-24 00:14:56
2026-07-23 23:40:40,PHYS131,0205,David Buehrle,30,1,0,2026-07-24 00:14:56
2026-07-23 23:40:40,PHYS131,0206,David Buehrle,30,0,0,2026-07-24 00:14:56
2026-07-23 23:40:40,PHYS131,0207,David Buehrle,19,2,0,2026-07-24 00:14:56
2026-07-23 23:40:40,PHYS131,0208,David Buehrle,21,1,0,2026-07-24 00:14:56
2026-07-23 23:40:40,PHYS132,0101,David Buehrle,24,5,0,2026-07-24 00:14:56
2026-07-23 23:40:40,PHYS132,0103,David Buehrle,24,7,0,2026-07-24 00:14:56
2026-07-23 23:40:40,PHYS132,0105,David Buehrle,24,0,0,2026-07-24 00:14:56
2026-07-23 23:40:40,PHYS132,0106,David Buehrle,24,0,0,2026-07-24 00:14:56
2026-07-23 23:40:40,PHYS132,0107,David Buehrle,24,8,0,2026-07-24 00:14:56
2026-07-23 23:40:40,PHYS132,0201,Matt Severson,24,0,2,2026-07-24 00:14:56
2026-07-23 23:40:40,PHYS132,0202,Matt Severson,24,6,0,2026-07-24 00:14:56
2026-07-23 23:40:40,PHYS132,0203,Matt Severson,24,0,1,2026-07-24 00:14:56
2026-07-23 23:40:40,PHYS132,0204,Matt Severson,24,0,1,2026-07-24 00:14:56
2026-07-23 23:40:40,PHYS132,0205,Matt Severson,24,0,5,2026-07-24 00:14:56
2026-07-23 23:40:40,PHYS132,0206,Matt Severson,24,0,2,2026-07-24 00:14:56
2026-07-23 23:40:40,PHYS132,0208,Matt Severson,24,0,0,2026-07-24 00:14:56
2026-07-23 23:40:40,PHYS161,0101,Alexander Conte,35,0,7,2026-07-24 00:14:57
2026-07-23 23:40:40,PHYS161,0102,Alexander Conte,35,0,8,2026-07-24 00:14:57
2026-07-23 23:40:40,PHYS161,0103,Alexander Conte,35,0,9,2026-07-24 00:14:57
2026-07-23 23:40:40,PHYS161,0104,Alexander Conte,35,0,5,2026-07-24 00:14:57
2026-07-23 23:40:40,PHYS161,0201,Chandra Turpen,35,0,2,2026-07-24 00:14:57
2026-07-23 23:40:40,PHYS161,0202,Chandra Turpen,35,0,5,2026-07-24 00:14:57
2026-07-23 23:40:40,PHYS161,0203,Chandra Turpen,35,0,5,2026-07-24 00:14:57
2026-07-23 23:40:40,PHYS161,0204,Chandra Turpen,35,0,3,2026-07-24 00:14:57
2026-07-23 23:40:40,PHYS161,0301,Alberto Belloni,35,0,4,2026-07-24 00:14:57
2026-07-23 23:40:40,PHYS161,0302,Alberto Belloni,35,0,4,2026-07-24 00:14:57
2026-07-23 23:40:40,PHYS161,0303,Alberto Belloni,35,0,2,2026-07-24 00:14:57
2026-07-23 23:40:40,PHYS161,0304,Alberto Belloni,35,0,3,2026-07-24 00:14:57
2026-07-23 23:40:40,PHYS161,FC01,Aria Heidarian,34,0,0,2026-07-24 00:14:57
2026-07-23 23:40:40,PHYS161,FC02,Alexander Conte,34,0,0,2026-07-24 00:14:57
2026-07-23 23:40:40,PHYS170,0101,Donna Hammer,25,0,0,2026-07-24 00:14:58
2026-07-23 23:40:40,PHYS170,0102,Donna Hammer,25,13,0,2026-07-24 00:14:58
2026-07-23 23:40:40,PHYS171,0201,James Drake,58,0,0,2026-07-24 00:14:58
2026-07-23 23:40:40,PHYS171H,0201,James Drake,58,0,0,2026-07-24 00:14:59
2026-07-23 23:40:40,PHYS172,0101,Peter Shawhan,15,11,0,2026-07-24 00:14:59
2026-07-23 23:40:40,PHYS174,0101,Anwar Bhatti,16,2,0,2026-07-24 00:15:00
2026-07-23 23:40:40,PHYS174,0201,Anwar Bhatti,16,0,3,2026-07-24 00:15:00
2026-07-23 23:40:40,PHYS235,0101,Johnpierre Paglione,22,5,0,2026-07-24 00:15:00
2026-07-23 23:40:40,PHYS235,0103,Johnpierre Paglione,22,14,0,2026-07-24 00:15:00
2026-07-23 23:40:40,PHYS260,0101,Hailu Gebremariam,35,0,5,2026-07-24 00:15:01
2026-07-23 23:40:40,PHYS260,0102,Hailu Gebremariam,35,0,4,2026-07-24 00:15:01
2026-07-23 23:40:40,PHYS260,0103,Hailu Gebremariam,35,0,4,2026-07-24 00:15:01
2026-07-23 23:40:40,PHYS260,0104,Hailu Gebremariam,35,0,5,2026-07-24 00:15:01
2026-07-23 23:40:40,PHYS260,0105,Hailu Gebremariam,35,0,3,2026-07-24 00:15:01
2026-07-23 23:40:40,PHYS260,0106,Hailu Gebremariam,35,0,3,2026-07-24 00:15:01
2026-07-23 23:40:40,PHYS260,0107,Hailu Gebremariam,35,0,3,2026-07-24 00:15:01
2026-07-23 23:40:40,PHYS260,0201,Wendell Hill,39,17,0,2026-07-24 00:15:01
2026-07-23 23:40:40,PHYS260,0202,Wendell Hill,39,20,0,2026-07-24 00:15:01
2026-07-23 23:40:40,PHYS260,0203,Wendell Hill,39,6,0,2026-07-24 00:15:01
2026-07-23 23:40:40,PHYS260,0204,Wendell Hill,39,13,0,2026-07-24 00:15:01
2026-07-23 23:40:40,PHYS260,0205,Wendell Hill,39,0,0,2026-07-24 00:15:01
2026-07-23 23:40:40,PHYS260,0206,Wendell Hill,39,6,0,2026-07-24 00:15:01
2026-07-23 23:40:40,PHYS260,0207,Wendell Hill,39,20,0,2026-07-24 00:15:01
2026-07-23 23:40:40,PHYS260,0301,Michelle Girvan,38,0,3,2026-07-24 00:15:01
2026-07-23 23:40:40,PHYS260,0302,Michelle Girvan,38,0,4,2026-07-24 00:15:01
2026-07-23 23:40:40,PHYS260,0303,Michelle Girvan,38,0,3,2026-07-24 00:15:01
2026-07-23 23:40:40,PHYS260,0304,Michelle Girvan,38,0,4,2026-07-24 00:15:01
2026-07-23 23:40:40,PHYS260,0305,Michelle Girvan,38,0,3,2026-07-24 00:15:01
2026-07-23 23:40:40,PHYS260,0306,Michelle Girvan,38,0,2,2026-07-24 00:15:01
2026-07-23 23:40:40,PHYS260,0501,Hailu Gebremariam,40,0,1,2026-07-24 00:15:01
2026-07-23 23:40:40,PHYS260,0502,Hailu Gebremariam,40,0,3,2026-07-24 00:15:01
2026-07-23 23:40:40,PHYS260,0503,Hailu Gebremariam,40,0,2,2026-07-24 00:15:01
2026-07-23 23:40:40,PHYS260,0504,Hailu Gebremariam,40,0,2,2026-07-24 00:15:01
2026-07-23 23:40:40,PHYS260,0505,Hailu Gebremariam,40,0,2,2026-07-24 00:15:01
2026-07-23 23:40:40,PHYS260,0506,Hailu Gebremariam,40,0,3,2026-07-24 00:15:01
2026-07-23 23:40:40,PHYS260H,0301,Michelle Girvan,10,3,0,2026-07-24 00:15:01
2026-07-23 23:40:40,PHYS261,0201,Wendell Hill,36,0,1,2026-07-24 00:15:02
2026-07-23 23:40:40,PHYS261,0202,Wendell Hill,36,0,6,2026-07-24 00:15:02
2026-07-23 23:40:40,PHYS261,0203,Wendell Hill,36,0,3,2026-07-24 00:15:02
2026-07-23 23:40:40,PHYS261,0204,Wendell Hill,36,0,6,2026-07-24 00:15:02
2026-07-23 23:40:40,PHYS261,0205,Wendell Hill,36,0,5,2026-07-24 00:15:02
2026-07-23 23:40:40,PHYS261,0206,Wendell Hill,36,0,4,2026-07-24 00:15:02
2026-07-23 23:40:40,PHYS261,0207,Wendell Hill,36,0,5,2026-07-24 00:15:02
2026-07-23 23:40:40,PHYS261,0208,Wendell Hill,36,0,3,2026-07-24 00:15:02
2026-07-23 23:40:40,PHYS261,0209,Wendell Hill,36,0,10,2026-07-24 00:15:02
2026-07-23 23:40:40,PHYS261,0210,Wendell Hill,36,0,9,2026-07-24 00:15:02
2026-07-23 23:40:40,PHYS261,0211,Wendell Hill,36,0,5,2026-07-24 00:15:02
2026-07-23 23:40:40,PHYS261,0212,Wendell Hill,36,0,6,2026-07-24 00:15:02
2026-07-23 23:40:40,PHYS261,0213,Wendell Hill,36,0,6,2026-07-24 00:15:02
2026-07-23 23:40:40,PHYS261,0214,Wendell Hill,36,0,5,2026-07-24 00:15:02
2026-07-23 23:40:40,PHYS261,0215,Wendell Hill,36,0,9,2026-07-24 00:15:02
2026-07-23 23:40:40,PHYS261,0216,Wendell Hill,36,0,7,2026-07-24 00:15:02
2026-07-23 23:40:40,PHYS261,0217,Wendell Hill,36,0,3,2026-07-24 00:15:02
2026-07-23 23:40:40,PHYS261,0218,Wendell Hill,36,0,4,2026-07-24 00:15:02
2026-07-23 23:40:40,PHYS261,0219,Wendell Hill,36,0,4,2026-07-24 00:15:02
2026-07-23 23:40:40,PHYS261,0220,Wendell Hill,36,0,2,2026-07-24 00:15:02
2026-07-23 23:40:40,PHYS261,0221,Wendell Hill,36,0,2,2026-07-24 00:15:02
2026-07-23 23:40:40,PHYS261,0222,Instructor: TBA,36,10,0,2026-07-24 00:15:02
2026-07-23 23:40:40,PHYS265,0101,Gregory Sullivan,58,1,0,2026-07-24 00:15:02
2026-07-23 23:40:40,PHYS270,0101,Min Ouyang,38,0,9,2026-07-24 00:15:03
2026-07-23 23:40:40,PHYS270,0102,Min Ouyang,38,0,14,2026-07-24 00:15:03
2026-07-23 23:40:40,PHYS270,0103,Min Ouyang,38,0,12,2026-07-24 00:15:03
2026-07-23 23:40:40,PHYS270,0301,Anson Hook,35,0,9,2026-07-24 00:15:03
2026-07-23 23:40:40,PHYS270,0302,Anson Hook,35,0,9,2026-07-24 00:15:03
2026-07-23 23:40:40,PHYS270,0303,Anson Hook,36,0,8,2026-07-24 00:15:03
2026-07-23 23:40:40,PHYS270,0304,Anson Hook,35,0,3,2026-07-24 00:15:03
2026-07-23 23:40:40,PHYS271,0102,Wendell Hill,36,0,12,2026-07-24 00:15:03
2026-07-23 23:40:40,PHYS271,0103,Wendell Hill,36,0,14,2026-07-24 00:15:03
2026-07-23 23:40:40,PHYS271,0104,Wendell Hill,36,0,17,2026-07-24 00:15:03
2026-07-23 23:40:40,PHYS271,0106,Wendell Hill,36,0,12,2026-07-24 00:15:03
2026-07-23 23:40:40,PHYS271,0108,Wendell Hill,36,0,15,2026-07-24 00:15:03
2026-07-23 23:40:40,PHYS271,0117,Wendell Hill,36,0,12,2026-07-24 00:15:03
2026-07-23 23:40:40,PHYS271,0118,Wendell Hill,36,0,15,2026-07-24 00:15:03
2026-07-23 23:40:40,PHYS272,0201,Eun-Suk Seo,70,12,0,2026-07-24 00:15:04
2026-07-23 23:40:40,PHYS272H,0201,Eun-Suk Seo,70,12,0,2026-07-24 00:15:04
2026-07-23 23:40:40,PHYS273,0101,Brian Clark,65,3,0,2026-07-24 00:15:05
2026-07-23 23:40:40,PHYS273H,0101,Brian Clark,65,3,0,2026-07-24 00:15:06
2026-07-23 23:40:40,PHYS275,0101,Simone-Gunde Kulin,24,0,0,2026-07-24 00:15:06
2026-07-23 23:40:40,PHYS275,0201,Carter Hall,24,0,3,2026-07-24 00:15:06
2026-07-23 23:40:40,PHYS275,0301,Carter Hall,24,6,0,2026-07-24 00:15:06
2026-07-23 23:40:40,PHYS276,0101,William Fox,12,2,0,2026-07-24 00:15:06
2026-07-23 23:40:40,PHYS276,0201,William Fox,14,0,3,2026-07-24 00:15:06
2026-07-23 23:40:40,PHYS276,0301,Simone-Gunde Kulin,14,0,1,2026-07-24 00:15:06
2026-07-23 23:40:40,PHYS276,0401,Simone-Gunde Kulin,12,7,0,2026-07-24 00:15:06
2026-07-23 23:40:40,PHYS282,0101,Peter Shawhan,15,15,0,2026-07-24 00:15:07
2026-07-23 23:40:40,PHYS313,0101,Steve Anlage,90,12,0,2026-07-24 00:15:08
2026-07-23 23:40:40,PHYS331,ESG1,Nidhi Verma,15,1,0,2026-07-24 00:15:08
2026-07-23 23:40:40,PHYS331,ESG2,Nidhi Verma,15,0,0,2026-07-24 00:15:08
2026-07-23 23:40:40,PHYS360,0101,Theodore Jacobson,44,6,0,2026-07-24 00:15:09
2026-07-23 23:40:40,PHYS371,0101,Paulo Bedaque,105,30,0,2026-07-24 00:15:09
2026-07-23 23:40:40,PHYS375,0101,Ki-Yong Kim,14,0,8,2026-07-24 00:15:09
2026-07-23 23:40:40,PHYS375,0102,Ki-Yong Kim,14,0,9,2026-07-24 00:15:09
2026-07-23 23:40:40,PHYS375,0103,Ki-Yong Kim,14,0,7,2026-07-24 00:15:09
2026-07-23 23:40:40,PHYS399Z,0101,Stephanie Williams,10,10,0,2026-07-24 00:15:11
2026-07-23 23:40:40,PHYS401,0101,Phoebe Hamilton,68,24,0,2026-07-24 00:15:12
2026-07-23 23:40:40,PHYS402,0101,Aaron Sternbach,49,8,0,2026-07-24 00:15:12
2026-07-23 23:40:40,PHYS404,0101,Nathan Schine,60,18,0,2026-07-24 00:15:13
2026-07-23 23:40:40,PHYS405,0101,Maria Mukhina,15,3,0,2026-07-24 00:15:13
2026-07-23 23:40:40,PHYS406,0101,Carter Hall,10,10,0,2026-07-24 00:15:14
2026-07-23 23:40:40,PHYS407,0101,Carter Hall,10,8,0,2026-07-24 00:15:14
2026-07-23 23:40:40,PHYS410,0101,Manuel Franco Sevilla,60,4,0,2026-07-24 00:15:14
2026-07-23 23:40:40,PHYS413,0101,Kaustubh Agashe,54,3,0,2026-07-24 00:15:15
2026-07-23 23:40:40,PHYS417,0101,Sylvester Gates,30,19,0,2026-07-24 00:15:15
2026-07-23 23:40:40,PHYS431,0101,Nicholas Butch,45,12,0,2026-07-24 00:15:16
2026-07-23 23:40:40,PHYS456,0101,Daniel Lathrop,15,4,0,2026-07-24 00:15:16
2026-07-23 23:40:40,PHYS467,0101,Steven Rolston,49,0,0,2026-07-24 00:15:17
2026-07-23 23:40:40,PHYS485,0101,Sarah Eno,10,1,0,2026-07-24 00:15:17
2026-07-23 23:40:40,PHYS485,0102,Sarah Eno,10,5,0,2026-07-24 00:15:17
2026-07-23 23:40:40,PHYS488P,0101,Steven Fetter,20,6,0,2026-07-24 00:15:17
2026-07-23 23:40:40,PHYS499U,0101,Instructor: TBA,15,10,0,2026-07-24 00:15:19
2026-07-23 23:40:40,PHYS499V,0101,Instructor: TBA,60,60,0,2026-07-24 00:15:19
2026-07-23 23:40:40,PHYS610,0101,Zohreh Davoudi,54,49,0,2026-07-24 00:15:20
2026-07-23 23:40:40,PHYS612,0101,Thomas Cohen,65,59,0,2026-07-24 00:15:20
2026-07-23 23:40:40,PHYS624,0101,Zackaria Chacko,24,20,0,2026-07-24 00:15:21
2026-07-23 23:40:40,PHYS675,0101,Bei Lok Hu,25,23,0,2026-07-24 00:15:21
2026-07-23 23:40:40,PHYS685,0101,Sarah Eno,6,3,0,2026-07-24 00:15:21
2026-07-23 23:40:40,PHYS685,0102,Sarah Eno,6,2,0,2026-07-24 00:15:21
2026-07-23 23:40:40,PHYS688P,0101,Steven Fetter,10,0,0,2026-07-24 00:15:22
2026-07-23 23:40:40,PHYS709,0101,Pratyush Tiwary,30,30,0,2026-07-24 00:15:22
2026-07-23 23:40:40,PHYS711,0101,Sylvester Gates,30,29,0,2026-07-24 00:15:23
2026-07-23 23:40:40,PHYS728J,0101,Steven Rolston,60,51,0,2026-07-24 00:15:23
2026-07-23 23:40:40,PHYS738,0101,Johnpierre Paglione,100,100,0,2026-07-24 00:15:24
2026-07-23 23:40:40,PHYS739,0101,Sankar Das Sarma,15,15,0,2026-07-24 00:15:24
2026-07-23 23:40:40,PHYS749,0101,Paulo Bedaque,20,19,0,2026-07-24 00:15:24
2026-07-23 23:40:40,PHYS758E,0101,Manuel Franco Sevilla,25,25,0,2026-07-24 00:15:25
2026-07-23 23:40:40,PHYS759,0101,Kaustubh Agashe,15,15,0,2026-07-24 00:15:25
2026-07-23 23:40:40,PHYS761,0101,Alexander Philippov,30,30,0,2026-07-24 00:15:26
2026-07-23 23:40:40,PHYS769,0101,Alexander Philippov,20,20,0,2026-07-24 00:15:26
2026-07-23 23:40:40,PHYS778,0101,Eun-Suk Seo,20,20,0,2026-07-24 00:15:27
2026-07-23 23:40:40,PHYS798B,0101,Thomas Cohen,142,139,0,2026-07-24 00:15:27
2026-07-23 23:40:40,PHYS798L,0101,Arpita Upadhyaya,20,15,0,2026-07-24 00:15:28
2026-07-23 23:40:40,PHYS798Q,0101,Alexey Gorshkov,100,97,0,2026-07-24 00:15:28
2026-07-23 23:40:40,PHYS798Z,0101,Mihai Pop,25,19,0,2026-07-24 00:15:29
2026-07-23 23:40:40,PHYS838C,0101,Johnpierre Paglione,50,49,0,2026-07-24 00:15:30
2026-07-23 23:40:40,PHYS839A,0101,Sankar Das Sarma,20,20,0,2026-07-24 00:15:30
2026-07-23 23:40:40,PHYS859B,0101,Raman Sundrum,15,15,0,2026-07-24 00:15:31
2026-07-23 23:40:40,PHYS879G,0101,Alessandra Buonanno,20,19,0,2026-07-24 00:15:31
2026-07-23 23:40:40,PLCY100,0101,Toby Egan,22,0,0,2026-07-24 00:15:34
2026-07-23 23:40:40,PLCY100,0102,Toby Egan,22,1,0,2026-07-24 00:15:34
2026-07-23 23:40:40,PLCY100,0103,Toby Egan,22,0,0,2026-07-24 00:15:34
2026-07-23 23:40:40,PLCY100,0104,Toby Egan,22,0,0,2026-07-24 00:15:34
2026-07-23 23:40:40,PLCY100,0201,Namrta Sharma,22,13,0,2026-07-24 00:15:34
2026-07-23 23:40:40,PLCY100,0202,Namrta Sharma,22,11,0,2026-07-24 00:15:34
2026-07-23 23:40:40,PLCY100,0203,Namrta Sharma,22,2,0,2026-07-24 00:15:34
2026-07-23 23:40:40,PLCY100,0204,Namrta Sharma,22,11,0,2026-07-24 00:15:34
2026-07-23 23:40:40,PLCY101,0101,Robert Sprinkle,67,0,0,2026-07-24 00:15:35
2026-07-23 23:40:40,PLCY170,0101,Joshua Itzkowitz Shifrinson,20,0,1,2026-07-24 00:15:35
2026-07-23 23:40:40,PLCY170,0102,Joshua Itzkowitz Shifrinson,20,0,1,2026-07-24 00:15:35
2026-07-23 23:40:40,PLCY170,0103,Joshua Itzkowitz Shifrinson,20,0,1,2026-07-24 00:15:35
2026-07-23 23:40:40,PLCY170,0104,Joshua Itzkowitz Shifrinson,20,0,1,2026-07-24 00:15:35
2026-07-23 23:40:40,PLCY170,0105,Joshua Itzkowitz Shifrinson,20,0,2,2026-07-24 00:15:35
2026-07-23 23:40:40,PLCY170,0106,Joshua Itzkowitz Shifrinson,25,0,1,2026-07-24 00:15:35
2026-07-23 23:40:40,PLCY172,0101,Caroline Ritter,95,47,0,2026-07-24 00:15:35
2026-07-23 23:40:40,PLCY200,0101,Shanna Pearson-Merkowitz,35,0,3,2026-07-24 00:15:36
2026-07-23 23:40:40,PLCY200,0201,Shanna Pearson-Merkowitz,35,0,3,2026-07-24 00:15:36
2026-07-23 23:40:40,PLCY200,0301,Namrta Sharma,35,0,6,2026-07-24 00:15:36
2026-07-23 23:40:40,PLCY201,0101,Julio Guzman,63,15,0,2026-07-24 00:15:36
2026-07-23 23:40:40,PLCY201,0201,Gregory Ramsay,54,2,0,2026-07-24 00:15:36
2026-07-23 23:40:40,PLCY201,FC01,Anne Kaiser,30,0,0,2026-07-24 00:15:36
2026-07-23 23:40:40,PLCY201,FC02,Anne Kaiser,30,12,0,2026-07-24 00:15:36
2026-07-23 23:40:40,PLCY201S,0101,Susannah Washburn,80,12,0,2026-07-24 00:15:37
2026-07-23 23:40:40,PLCY203,0101,Thomas Hilde,60,18,0,2026-07-24 00:15:37
2026-07-23 23:40:40,PLCY203,0201,Anne Kaiser,60,41,0,2026-07-24 00:15:37
2026-07-23 23:40:40,PLCY213,0201,Claire Dunning,40,4,0,2026-07-24 00:15:38
2026-07-23 23:40:40,PLCY214,0101,Patricia Bory,65,25,0,2026-07-24 00:15:38
2026-07-23 23:40:40,PLCY240,0101,Timothy Reedy,30,0,7,2026-07-24 00:15:38
2026-07-23 23:40:40,PLCY288K,0101,CHRISTIAN OSTERMANN,25,5,0,2026-07-24 00:15:39
2026-07-23 23:40:40,PLCY300,0101,Alana Hackshaw,45,0,10,2026-07-24 00:15:39
2026-07-23 23:40:40,PLCY300,0201,Namrta Sharma,45,28,0,2026-07-24 00:15:39
2026-07-23 23:40:40,PLCY301,0101,Caroline Boules,165,44,0,2026-07-24 00:15:40
2026-07-23 23:40:40,PLCY302,0101,Niambi Carter,40,0,1,2026-07-24 00:15:40
2026-07-23 23:40:40,PLCY302,0201,Ebonie Johnson Cooper,40,3,0,2026-07-24 00:15:40
2026-07-23 23:40:40,PLCY302,0301,Lindsay Dieudonne,40,0,3,2026-07-24 00:15:40
2026-07-23 23:40:40,PLCY303,0101,Juan Martinez Guzman,40,4,0,2026-07-24 00:15:41
2026-07-23 23:40:40,PLCY304,0101,Michael Busse,40,14,0,2026-07-24 00:15:41
2026-07-23 23:40:40,PLCY304,0201,Michael Busse,40,14,0,2026-07-24 00:15:41
2026-07-23 23:40:40,PLCY309,0101,Martin Sanders,30,29,0,2026-07-24 00:15:41
2026-07-23 23:40:40,PLCY310,0101,Selvon Waldron,35,13,0,2026-07-24 00:15:42
2026-07-23 23:40:40,PLCY313,0101,Gerard Evans,100,17,0,2026-07-24 00:15:42
2026-07-23 23:40:40,PLCY371,0101,Joshua Itzkowitz Shifrinson,35,0,0,2026-07-24 00:15:43
2026-07-23 23:40:40,PLCY380,0101,Isabel O'Malley,40,0,5,2026-07-24 00:15:43
2026-07-23 23:40:40,PLCY380,ESG1,Kisha McNeill,28,0,1,2026-07-24 00:15:43
2026-07-23 23:40:40,PLCY388A,0101,Brandi Onowu,40,0,1,2026-07-24 00:15:44
2026-07-23 23:40:40,PLCY388N,0101,Nina Harris,25,2,0,2026-07-24 00:15:44
2026-07-23 23:40:40,PLCY390,0101,Lena Andrews,20,0,11,2026-07-24 00:15:44
2026-07-23 23:40:40,PLCY399B,0101,Beatrice DeBelen,30,21,0,2026-07-24 00:15:45
2026-07-23 23:40:40,PLCY400,0101,Patricia Bory,25,4,0,2026-07-24 00:15:46
2026-07-23 23:40:40,PLCY401,0101,Anand Patwardhan,20,6,0,2026-07-24 00:15:47
2026-07-23 23:40:40,PLCY401,0201,Tracy Thompson,20,0,0,2026-07-24 00:15:47
2026-07-23 23:40:40,PLCY401,0301,David Mussington,20,7,0,2026-07-24 00:15:47
2026-07-23 23:40:40,PLCY490,0101,Michael Woldemariam,15,4,0,2026-07-24 00:15:47
2026-07-23 23:40:40,PLCY492,0101,Steven Fetter,20,6,0,2026-07-24 00:15:47
2026-07-23 23:40:40,PLCY610,0201,Alec Worsnop,40,9,0,2026-07-24 00:15:48
2026-07-23 23:40:40,PLCY630,0101,Catherine Worsnop,25,10,0,2026-07-24 00:15:48
2026-07-23 23:40:40,PLCY630,0201,Catherine Worsnop,25,4,0,2026-07-24 00:15:48
2026-07-23 23:40:40,PLCY631,0101,Cullen Merritt,25,12,0,2026-07-24 00:15:49
2026-07-23 23:40:40,PLCY631,0201,Elizabeth Duke,25,8,0,2026-07-24 00:15:49
2026-07-23 23:40:40,PLCY640,0201,Thomas Spreen,30,4,0,2026-07-24 00:15:49
2026-07-23 23:40:40,PLCY641,0101,Tyler Kustra,30,3,0,2026-07-24 00:15:50
2026-07-23 23:40:40,PLCY641,0201,Tyler Kustra,30,10,0,2026-07-24 00:15:50
2026-07-23 23:40:40,PLCY670,0101,Philip Joyce,30,2,0,2026-07-24 00:15:50
2026-07-23 23:40:40,PLCY680,0101,Claire Dunning,25,5,0,2026-07-24 00:15:50
2026-07-23 23:40:40,PLCY680,0201,Michael Woldemariam,25,14,0,2026-07-24 00:15:50
2026-07-23 23:40:40,PLCY688C,0101,Charles Harry,20,11,0,2026-07-24 00:15:51
2026-07-23 23:40:40,PLCY688F,PWL1,Nekeya O'Connor,20,5,0,2026-07-24 00:15:51
2026-07-23 23:40:40,PLCY688P,0101,Steven Fetter,10,0,0,2026-07-24 00:15:52
2026-07-23 23:40:40,PLCY688Z,0101,Brandi Onowu,20,6,0,2026-07-24 00:15:52
2026-07-23 23:40:40,PLCY689E,0101,Susan Parker,20,0,4,2026-07-24 00:15:52
2026-07-23 23:40:40,PLCY690,0110,David Mussington,15,3,0,2026-07-24 00:15:53
2026-07-23 23:40:40,PLCY690,0120,Margaret Brindle,15,2,0,2026-07-24 00:15:53
2026-07-23 23:40:40,PLCY690,0130,Douglas Call,15,1,0,2026-07-24 00:15:53
2026-07-23 23:40:40,PLCY690,0150,Paul Brown,15,0,0,2026-07-24 00:15:53
2026-07-23 23:40:40,PLCY690,0170,James Stillwell,15,3,0,2026-07-24 00:15:53
2026-07-23 23:40:40,PLCY698T,0101,Elizabeth Duke,20,8,0,2026-07-24 00:15:53
2026-07-23 23:40:40,PLCY699L,0101,Michael Woldemariam,10,0,0,2026-07-24 00:15:54
2026-07-23 23:40:40,PLCY720,0101,Nancy Gallagher,20,7,0,2026-07-24 00:15:54
2026-07-23 23:40:40,PLCY734,0101,Niambi Carter,20,0,2,2026-07-24 00:15:55
2026-07-23 23:40:40,PLCY735,0101,Robert Sprinkle,20,12,0,2026-07-24 00:15:55
2026-07-23 23:40:40,PLCY741,0101,Anand Patwardhan,20,9,0,2026-07-24 00:15:55
2026-07-23 23:40:40,PLCY742,0101,Thomas Hilde,20,9,0,2026-07-24 00:15:56
2026-07-23 23:40:40,PLCY780,0101,Robert Orr,20,0,1,2026-07-24 00:15:56
2026-07-23 23:40:40,PLCY781,0101,Julio Guzman,20,4,0,2026-07-24 00:15:57
2026-07-23 23:40:40,PLCY783,0101,Margaret Brindle,20,10,0,2026-07-24 00:15:57
2026-07-23 23:40:40,PLCY798F,PWL1,William Nolte,25,19,0,2026-07-24 00:15:58
2026-07-23 23:40:40,PLCY798N,0101,Jiehong Lou,20,18,0,2026-07-24 00:15:59
2026-07-23 23:40:40,PLCY798V,0101,Shanna Pearson-Merkowitz,12,2,0,2026-07-24 00:16:00
2026-07-23 23:40:40,PLCY798Y,PWL1,Jeffrey Franco,25,2,0,2026-07-24 00:16:01
2026-07-23 23:40:40,PLCY798Z,0101,Peter Reuter,12,4,0,2026-07-24 00:16:01
2026-07-23 23:40:40,PLSC112,0101,Samuel Daramola,90,28,0,2026-07-24 00:16:04
2026-07-23 23:40:40,PLSC113,0101,Samuel Daramola,21,8,0,2026-07-24 00:16:04
2026-07-23 23:40:40,PLSC113,0102,Samuel Daramola,21,8,0,2026-07-24 00:16:04
2026-07-23 23:40:40,PLSC113,0103,Samuel Daramola,21,10,0,2026-07-24 00:16:04
2026-07-23 23:40:40,PLSC113,0104,Samuel Daramola,21,6,0,2026-07-24 00:16:04
2026-07-23 23:40:40,PLSC115,0101,Shirley Micallef,21,1,0,2026-07-24 00:16:05
2026-07-23 23:40:40,PLSC201,0101,Pierre Jacob,42,15,0,2026-07-24 00:16:05
2026-07-23 23:40:40,PLSC203,0101,Vijay Tiwari,23,16,0,2026-07-24 00:16:06
2026-07-23 23:40:40,PLSC205,0101,Mark Carroll,19,0,0,2026-07-24 00:16:06
2026-07-23 23:40:40,PLSC206,0101,Pierre Jacob,21,8,0,2026-07-24 00:16:07
2026-07-23 23:40:40,PLSC206,0102,Pierre Jacob,21,7,0,2026-07-24 00:16:07
2026-07-23 23:40:40,PLSC253,0101,Karen Petroff,24,0,0,2026-07-24 00:16:07
2026-07-23 23:40:40,PLSC253,0102,Karen Petroff,24,13,0,2026-07-24 00:16:07
2026-07-23 23:40:40,PLSC389,0101,Craig Beyrouty,17,17,0,2026-07-24 00:16:07
2026-07-23 23:40:40,PLSC402,0101,Geoffrey Rinehart,10,3,0,2026-07-24 00:16:08
2026-07-23 23:40:40,PLSC404,0101,Yiping Qi,20,12,0,2026-07-24 00:16:09
2026-07-23 23:40:40,PLSC420,0101,Nidhi Rawat,18,5,0,2026-07-24 00:16:09
2026-07-23 23:40:40,PLSC420,0102,Nidhi Rawat,18,12,0,2026-07-24 00:16:09
2026-07-23 23:40:40,PLSC433,0101,Diana Cochran,10,3,0,2026-07-24 00:16:10
2026-07-23 23:40:40,PLSC453,0101,Samuel Daramola,24,4,0,2026-07-24 00:16:10
2026-07-23 23:40:40,PLSC471,0101,Juanita Choo,20,0,0,2026-07-24 00:16:10
2026-07-23 23:40:40,PLSC476,0101,Maile Neel,23,22,0,2026-07-24 00:16:11
2026-07-23 23:40:40,PLSC608,0101,Shunyuan Xiao,20,16,0,2026-07-24 00:16:11
2026-07-23 23:40:40,PORT103,0101,Parker Brookie,15,11,0,2026-07-24 00:16:14
2026-07-23 23:40:40,PORT205,0101,Parker Brookie,15,8,0,2026-07-24 00:16:15
2026-07-23 23:40:40,PORT332,0101,Parker Brookie,25,0,6,2026-07-24 00:16:15
2026-07-23 23:40:40,PSYC100,0101,Benjamin Jones,24,0,0,2026-07-24 00:16:18
2026-07-23 23:40:40,PSYC100,0102,Benjamin Jones,24,0,0,2026-07-24 00:16:18
2026-07-23 23:40:40,PSYC100,0103,Benjamin Jones,24,0,0,2026-07-24 00:16:18
2026-07-23 23:40:40,PSYC100,0104,Benjamin Jones,24,0,0,2026-07-24 00:16:18
2026-07-23 23:40:40,PSYC100,0105,Benjamin Jones,24,0,0,2026-07-24 00:16:18
2026-07-23 23:40:40,PSYC100,0106,Benjamin Jones,24,0,0,2026-07-24 00:16:18
2026-07-23 23:40:40,PSYC100,0107,Benjamin Jones,24,0,0,2026-07-24 00:16:18
2026-07-23 23:40:40,PSYC100,0108,Benjamin Jones,24,0,0,2026-07-24 00:16:18
2026-07-23 23:40:40,PSYC100,0109,Benjamin Jones,24,0,0,2026-07-24 00:16:18
2026-07-23 23:40:40,PSYC100,0110,Benjamin Jones,24,0,0,2026-07-24 00:16:18
2026-07-23 23:40:40,PSYC100,0201,Abigail Nicolas,24,0,0,2026-07-24 00:16:18
2026-07-23 23:40:40,PSYC100,0202,Abigail Nicolas,24,0,0,2026-07-24 00:16:18
2026-07-23 23:40:40,PSYC100,0203,Abigail Nicolas,24,0,0,2026-07-24 00:16:18
2026-07-23 23:40:40,PSYC100,0204,Abigail Nicolas,24,0,0,2026-07-24 00:16:18
2026-07-23 23:40:40,PSYC100,0205,Abigail Nicolas,24,0,0,2026-07-24 00:16:18
2026-07-23 23:40:40,PSYC100,0206,Abigail Nicolas,24,0,0,2026-07-24 00:16:18
2026-07-23 23:40:40,PSYC100,0207,Abigail Nicolas,24,0,0,2026-07-24 00:16:18
2026-07-23 23:40:40,PSYC100,0208,Abigail Nicolas,24,0,0,2026-07-24 00:16:18
2026-07-23 23:40:40,PSYC100,0209,Abigail Nicolas,24,0,0,2026-07-24 00:16:18
2026-07-23 23:40:40,PSYC100,0210,Abigail Nicolas,24,0,0,2026-07-24 00:16:18
2026-07-23 23:40:40,PSYC100,0301,Joseph Barnet,24,0,0,2026-07-24 00:16:18
2026-07-23 23:40:40,PSYC100,0302,Joseph Barnet,24,1,0,2026-07-24 00:16:18
2026-07-23 23:40:40,PSYC100,0303,Joseph Barnet,24,0,0,2026-07-24 00:16:18
2026-07-23 23:40:40,PSYC100,0304,Joseph Barnet,24,0,0,2026-07-24 00:16:18
2026-07-23 23:40:40,PSYC100,0305,Joseph Barnet,24,0,0,2026-07-24 00:16:18
2026-07-23 23:40:40,PSYC100,0306,Joseph Barnet,24,2,0,2026-07-24 00:16:18
2026-07-23 23:40:40,PSYC100,0401,Dirk Parham,40,0,0,2026-07-24 00:16:18
2026-07-23 23:40:40,PSYC100,FC01,Heather Ganginis DelPino,32,0,0,2026-07-24 00:16:18
2026-07-23 23:40:40,PSYC100,FC02,Heather Ganginis DelPino,32,0,0,2026-07-24 00:16:18
2026-07-23 23:40:40,PSYC100,FC03,Benjamin Jones,32,0,0,2026-07-24 00:16:18
2026-07-23 23:40:40,PSYC100,FC04,Jacob Coutts,32,0,0,2026-07-24 00:16:18
2026-07-23 23:40:40,PSYC123,0101,Erica Ely,90,0,4,2026-07-24 00:16:19
2026-07-23 23:40:40,PSYC123,0201,Erica Ely,90,0,4,2026-07-24 00:16:19
2026-07-23 23:40:40,PSYC200,0101,Tracy Tomlinson,25,16,0,2026-07-24 00:16:19
2026-07-23 23:40:40,PSYC200,0102,Tracy Tomlinson,25,11,0,2026-07-24 00:16:19
2026-07-23 23:40:40,PSYC200,0103,Tracy Tomlinson,25,15,0,2026-07-24 00:16:19
2026-07-23 23:40:40,PSYC200,0104,Tracy Tomlinson,25,15,0,2026-07-24 00:16:19
2026-07-23 23:40:40,PSYC200,0105,Tracy Tomlinson,25,19,0,2026-07-24 00:16:19
2026-07-23 23:40:40,PSYC200,0201,Tracy Tomlinson,25,0,1,2026-07-24 00:16:19
2026-07-23 23:40:40,PSYC200,0202,Tracy Tomlinson,25,0,3,2026-07-24 00:16:19
2026-07-23 23:40:40,PSYC200,0203,Tracy Tomlinson,25,0,3,2026-07-24 00:16:19
2026-07-23 23:40:40,PSYC200,0204,Tracy Tomlinson,25,0,5,2026-07-24 00:16:19
2026-07-23 23:40:40,PSYC200,0205,Tracy Tomlinson,25,0,6,2026-07-24 00:16:19
2026-07-23 23:40:40,PSYC221,0101,Abigail Nicolas,135,0,0,2026-07-24 00:16:20
2026-07-23 23:40:40,PSYC221,0201,Joseph Barnet,135,1,0,2026-07-24 00:16:20
2026-07-23 23:40:40,PSYC221,0301,Joseph Barnet,135,31,0,2026-07-24 00:16:20
2026-07-23 23:40:40,PSYC221,FC01,Joseph Barnet,32,0,0,2026-07-24 00:16:20
2026-07-23 23:40:40,PSYC232,0101,Linda Zou,36,0,23,2026-07-24 00:16:20
2026-07-23 23:40:40,PSYC234,0101,Abigail Nicolas,121,0,0,2026-07-24 00:16:21
2026-07-23 23:40:40,PSYC234,FC01,Heather Ganginis DelPino,34,0,0,2026-07-24 00:16:21
2026-07-23 23:40:40,PSYC300,0101,Amanda Chicoli,16,0,4,2026-07-24 00:16:21
2026-07-23 23:40:40,PSYC300,0102,Amanda Chicoli,16,0,4,2026-07-24 00:16:21
2026-07-23 23:40:40,PSYC300,0103,Amanda Chicoli,16,0,4,2026-07-24 00:16:21
2026-07-23 23:40:40,PSYC300,0104,Amanda Chicoli,16,0,3,2026-07-24 00:16:21
2026-07-23 23:40:40,PSYC300,0105,Amanda Chicoli,16,0,3,2026-07-24 00:16:21
2026-07-23 23:40:40,PSYC300,0201,Ana Navarro Cebrian,16,0,20,2026-07-24 00:16:21
2026-07-23 23:40:40,PSYC300,0202,Ana Navarro Cebrian,16,0,12,2026-07-24 00:16:21
2026-07-23 23:40:40,PSYC300,0203,Ana Navarro Cebrian,16,0,16,2026-07-24 00:16:21
2026-07-23 23:40:40,PSYC300,0204,Ana Navarro Cebrian,16,0,13,2026-07-24 00:16:21
2026-07-23 23:40:40,PSYC300,0205,Ana Navarro Cebrian,16,0,19,2026-07-24 00:16:21
2026-07-23 23:40:40,PSYC302,0101,Amanda Chicoli,45,0,11,2026-07-24 00:16:21
2026-07-23 23:40:40,PSYC303,0101,Jose Lima Rosas,45,25,0,2026-07-24 00:16:22
2026-07-23 23:40:40,PSYC304,0101,Anna Li,105,0,2,2026-07-24 00:16:22
2026-07-23 23:40:40,PSYC309D,0101,David Yager,22,2,0,2026-07-24 00:16:23
2026-07-23 23:40:40,PSYC309F,0101,Nazish Salahuddin,25,10,0,2026-07-24 00:16:23
2026-07-23 23:40:40,PSYC330,0101,Andrea Chronis-Tuscano,90,0,2,2026-07-24 00:16:24
2026-07-23 23:40:40,PSYC336,0101,Karoline Trovato,99,0,26,2026-07-24 00:16:24
2026-07-23 23:40:40,PSYC341,0101,Timothy George,105,29,0,2026-07-24 00:16:24
2026-07-23 23:40:40,PSYC344,0101,Joseph Barnet,67,0,8,2026-07-24 00:16:25
2026-07-23 23:40:40,PSYC353,0101,Susanna Crowell McQuarrie,105,0,2,2026-07-24 00:16:25
2026-07-23 23:40:40,PSYC354,0101,Monica Cushnie,135,0,7,2026-07-24 00:16:26
2026-07-23 23:40:40,PSYC355,0101,Fanita Tyrell,135,0,3,2026-07-24 00:16:26
2026-07-23 23:40:40,PSYC355,0201,Desi Jones,150,47,0,2026-07-24 00:16:26
2026-07-23 23:40:40,PSYC361,0101,James Grand,67,0,1,2026-07-24 00:16:27
2026-07-23 23:40:40,PSYC381,0101,Karen O'Brien,27,0,7,2026-07-24 00:16:27
2026-07-23 23:40:40,PSYC389,0101,Steven Young,18,17,0,2026-07-24 00:16:27
2026-07-23 23:40:40,PSYC404,0101,Ana Navarro Cebrian,45,0,25,2026-07-24 00:16:28
2026-07-23 23:40:40,PSYC407,0101,Matthew Roesch,7,0,9,2026-07-24 00:16:28
2026-07-23 23:40:40,PSYC407,0201,Matthew Roesch,7,0,11,2026-07-24 00:16:28
2026-07-23 23:40:40,PSYC407,0301,Matthew Roesch,7,0,8,2026-07-24 00:16:28
2026-07-23 23:40:40,PSYC409,0101,Gregory Ball,36,2,0,2026-07-24 00:16:29
2026-07-23 23:40:40,PSYC413,0101,Tracy Riggins,40,0,4,2026-07-24 00:16:29
2026-07-23 23:40:40,PSYC417,0101,Jacob Coutts,21,0,7,2026-07-24 00:16:30
2026-07-23 23:40:40,PSYC417,0201,Caroline Charpentier,21,5,0,2026-07-24 00:16:30
2026-07-23 23:40:40,PSYC420,0101,Edward Lemay,13,0,4,2026-07-24 00:16:30
2026-07-23 23:40:40,PSYC420,0102,Edward Lemay,13,0,4,2026-07-24 00:16:30
2026-07-23 23:40:40,PSYC425,0101,Tracy Tomlinson,27,0,8,2026-07-24 00:16:30
2026-07-23 23:40:40,PSYC432,0201,Monica Cushnie,90,0,2,2026-07-24 00:16:31
2026-07-23 23:40:40,PSYC433,0101,Terrill Taylor,9,0,2,2026-07-24 00:16:31
2026-07-23 23:40:40,PSYC433,0102,Terrill Taylor,9,0,4,2026-07-24 00:16:31
2026-07-23 23:40:40,PSYC433,0103,Terrill Taylor,9,0,2,2026-07-24 00:16:31
2026-07-23 23:40:40,PSYC433,0104,Terrill Taylor,9,0,3,2026-07-24 00:16:31
2026-07-23 23:40:40,PSYC433,0105,Terrill Taylor,9,0,2,2026-07-24 00:16:31
2026-07-23 23:40:40,PSYC433,0106,Terrill Taylor,9,0,3,2026-07-24 00:16:31
2026-07-23 23:40:40,PSYC433,0107,Terrill Taylor,9,1,0,2026-07-24 00:16:31
2026-07-23 23:40:40,PSYC433,0108,Terrill Taylor,9,0,3,2026-07-24 00:16:31
2026-07-23 23:40:40,PSYC433,0109,Terrill Taylor,9,0,2,2026-07-24 00:16:31
2026-07-23 23:40:40,PSYC436,0101,Andres De Los Reyes,67,0,5,2026-07-24 00:16:32
2026-07-23 23:40:40,PSYC437,0101,Abigail Nicolas,45,0,13,2026-07-24 00:16:32
2026-07-23 23:40:40,PSYC437,0201,Cristina Risco,72,0,14,2026-07-24 00:16:32
2026-07-23 23:40:40,PSYC440,0101,Tracy Tomlinson,21,9,0,2026-07-24 00:16:33
2026-07-23 23:40:40,PSYC447,0101,Jennifer Wessel,36,0,16,2026-07-24 00:16:33
2026-07-23 23:40:40,PSYC450,0101,Benjamin Jones,13,0,4,2026-07-24 00:16:33
2026-07-23 23:40:40,PSYC450,0102,Benjamin Jones,13,0,4,2026-07-24 00:16:33
2026-07-23 23:40:40,PSYC450,0201,Benjamin Jones,13,0,4,2026-07-24 00:16:33
2026-07-23 23:40:40,PSYC450,0202,Benjamin Jones,13,0,4,2026-07-24 00:16:33
2026-07-23 23:40:40,PSYC464,0101,Paul Hanges,36,2,0,2026-07-24 00:16:34
2026-07-23 23:40:40,PSYC468H,0403,Jennifer Wessel,5,5,0,2026-07-24 00:16:34
2026-07-23 23:40:40,PSYC489A,0101,Alexander Shackman,67,0,1,2026-07-24 00:16:36
2026-07-23 23:40:40,PSYC489B,0101,Arianna Gard,30,19,0,2026-07-24 00:16:36
2026-07-23 23:40:40,PSYC489E,0101,Ethan Mereish,40,24,0,2026-07-24 00:16:37
2026-07-23 23:40:40,PSYC489I,0101,Cassandra Phetmisy,36,29,0,2026-07-24 00:16:37
2026-07-23 23:40:40,PSYC601,0101,Weizhen Xie,21,12,0,2026-07-24 00:16:38
2026-07-23 23:40:40,PSYC603,PCI1,Nikita Arun,40,14,0,2026-07-24 00:16:39
2026-07-23 23:40:40,PSYC614,0101,Alexander Shackman,20,12,0,2026-07-24 00:16:39
2026-07-23 23:40:40,PSYC622,PCC1,Christina Danko,40,10,0,2026-07-24 00:16:39
2026-07-23 23:40:40,PSYC624,0101,Henry Willis,15,11,0,2026-07-24 00:16:40
2026-07-23 23:40:40,PSYC629B,0101,Yevgeny Botanov,10,8,0,2026-07-24 00:16:40
2026-07-23 23:40:40,PSYC629C,0101,Lea Dougherty,10,10,0,2026-07-24 00:16:41
2026-07-23 23:40:40,PSYC629D,0101,Mary Byrne,10,10,0,2026-07-24 00:16:41
2026-07-23 23:40:40,PSYC638,0101,Lea Dougherty,20,20,0,2026-07-24 00:16:41
2026-07-23 23:40:40,PSYC638,0201,Derek Iwamoto,20,15,0,2026-07-24 00:16:41
2026-07-23 23:40:40,PSYC639,0101,Lea Dougherty,20,18,0,2026-07-24 00:16:42
2026-07-23 23:40:40,PSYC643,0101,Mary Byrne,10,8,0,2026-07-24 00:16:42
2026-07-23 23:40:40,PSYC643,PCC1,Rachel Singer,35,32,0,2026-07-24 00:16:42
2026-07-23 23:40:40,PSYC643,PCC2,Susanna Crowell McQuarrie,40,12,0,2026-07-24 00:16:42
2026-07-23 23:40:40,PSYC651,PCC1,Christina Danko,20,19,0,2026-07-24 00:16:43
2026-07-23 23:40:40,PSYC651,PCC2,Cristina Risco,20,18,0,2026-07-24 00:16:43
2026-07-23 23:40:40,PSYC653,PCI1,Andrew Naber,40,15,0,2026-07-24 00:16:43
2026-07-23 23:40:40,PSYC654,PWI1,Joselito Lualhati,40,40,0,2026-07-24 00:16:44
2026-07-23 23:40:40,PSYC660,PCI1,Vineet Gambhir,36,35,0,2026-07-24 00:16:44
2026-07-23 23:40:40,PSYC661,PCI1,David Shar,36,35,0,2026-07-24 00:16:44
2026-07-23 23:40:40,PSYC692,0101,Jonathan Mohr,10,2,0,2026-07-24 00:16:45
2026-07-23 23:40:40,PSYC700,0101,Terrill Taylor,15,14,0,2026-07-24 00:16:45
2026-07-23 23:40:40,PSYC732,PWI1,David Shar,40,40,0,2026-07-24 00:16:46
2026-07-23 23:40:40,PSYC789K,0101,James Grand,20,18,0,2026-07-24 00:16:46
2026-07-23 23:40:40,PSYC798D,0101,Arianna Gard,10,6,0,2026-07-24 00:16:47
2026-07-23 23:40:40,PSYC798P,0101,Linda Zou,20,15,0,2026-07-24 00:16:47
2026-07-23 23:40:40,PSYC798R,0101,Elizabeth Redcay,20,16,0,2026-07-24 00:16:47
2026-07-23 23:40:40,PSYC798W,0101,Cassandra Phetmisy,20,17,0,2026-07-24 00:16:48
2026-07-23 23:40:40,PSYC798Z,0101,Edward Lemay,15,4,0,2026-07-24 00:16:48
2026-07-23 23:40:40,PSYC819D,0101,Jude Cassidy,10,10,0,2026-07-24 00:16:49
2026-07-23 23:40:40,PSYC888A,0101,Jude Cassidy,10,6,0,2026-07-24 00:16:50
2026-07-23 23:40:40,QMMS451,0101,Tracy Sweet,80,21,0,2026-07-24 00:16:52
2026-07-23 23:40:40,QMMS623,0101,Yang Liu,25,9,0,2026-07-24 00:16:53
2026-07-23 23:40:40,QMMS645,0101,Gregory Hancock,30,15,0,2026-07-24 00:16:53
2026-07-23 23:40:40,QMMS646,0101,Peter Steiner,30,22,0,2026-07-24 00:16:53
2026-07-23 23:40:40,QMMS651,0101,Jeffrey Harring,30,14,0,2026-07-24 00:16:54
2026-07-23 23:40:40,QMMS655,0101,Tracy Sweet,25,3,0,2026-07-24 00:16:54
2026-07-23 23:40:40,QMMS657,0101,Gregory Hancock,20,0,3,2026-07-24 00:16:55
2026-07-23 23:40:40,QMMS769I,0101,Peter Steiner,20,5,0,2026-07-24 00:16:55
2026-07-23 23:40:40,QMMS779M,0101,Jeffrey Harring,20,10,0,2026-07-24 00:16:56
2026-07-23 23:40:40,RDEV250,0101,Wayne Curtis,67,0,0,2026-07-24 00:17:00
2026-07-23 23:40:40,RDEV250,0102,Wayne Curtis,67,8,0,2026-07-24 00:17:00
2026-07-23 23:40:40,RDEV270,0101,John Park,33,10,0,2026-07-24 00:17:00
2026-07-23 23:40:40,RDEV350,0101,Instructor: TBA,40,10,0,2026-07-24 00:17:00
2026-07-23 23:40:40,RDEV350,0102,Jesse Saginor,30,8,0,2026-07-24 00:17:00
2026-07-23 23:40:40,RDEV440,0101,Robert McClennan,16,1,0,2026-07-24 00:17:01
2026-07-23 23:40:40,RDEV450,0101,Kathryn  Corby,23,0,0,2026-07-24 00:17:01
2026-07-23 23:40:40,RDEV450,0102,Thomas Dwyer,25,20,0,2026-07-24 00:17:01
2026-07-23 23:40:40,RDEV450,0103,John Park,24,0,0,2026-07-24 00:17:01
2026-07-23 23:40:40,RDEV473,0101,Jesse Saginor,12,0,6,2026-07-24 00:17:02
2026-07-23 23:40:40,RDEV600,0101,Jesse Saginor,15,12,0,2026-07-24 00:17:02
2026-07-23 23:40:40,RDEV603,0101,Thomas Dwyer,10,7,0,2026-07-24 00:17:03
2026-07-23 23:40:40,RDEV605,0101,John Park,18,11,0,2026-07-24 00:17:03
2026-07-23 23:40:40,RDEV620,0101,Abigail Ferretti,30,10,0,2026-07-24 00:17:04
2026-07-23 23:40:40,RDEV630,0101,Mansur Abdul-Malik,20,15,0,2026-07-24 00:17:04
2026-07-23 23:40:40,RDEV635,0101,Instructor: TBA,15,7,0,2026-07-24 00:17:04
2026-07-23 23:40:40,RDEV640,0101,Robert McClennan,15,6,0,2026-07-24 00:17:05
2026-07-23 23:40:40,RDEV660,0101,Suzanne White,30,21,0,2026-07-24 00:17:05
2026-07-23 23:40:40,RDEV670,0101,Ronald McDonald,20,12,0,2026-07-24 00:17:06
2026-07-23 23:40:40,RDEV688C,0101,Jesse Saginor,12,12,0,2026-07-24 00:17:06
2026-07-23 23:40:40,RDEV689D,0101,David Jefferson,20,9,0,2026-07-24 00:17:07
2026-07-23 23:40:40,RDEV689Y,0101,Instructor: TBA,4,4,0,2026-07-24 00:17:07
2026-07-23 23:40:40,RDEV690,0101,Tanya Bansal,10,3,0,2026-07-24 00:17:07
2026-07-23 23:40:40,RELS120,0101,Antoine Borrut,40,0,1,2026-07-24 00:17:09
2026-07-23 23:40:40,RELS170,0101,Chiara Graf,18,0,0,2026-07-24 00:17:10
2026-07-23 23:40:40,RELS170,0102,Chiara Graf,18,0,0,2026-07-24 00:17:10
2026-07-23 23:40:40,RELS170,0103,Chiara Graf,18,0,0,2026-07-24 00:17:10
2026-07-23 23:40:40,RELS170,0104,Chiara Graf,18,0,0,2026-07-24 00:17:10
2026-07-23 23:40:40,RELS170,0105,Chiara Graf,18,0,0,2026-07-24 00:17:10
2026-07-23 23:40:40,RELS170,0106,Chiara Graf,18,0,0,2026-07-24 00:17:10
2026-07-23 23:40:40,RELS170,0107,Chiara Graf,18,0,0,2026-07-24 00:17:10
2026-07-23 23:40:40,RELS170,0108,Chiara Graf,18,0,0,2026-07-24 00:17:10
2026-07-23 23:40:40,RELS170,0109,Chiara Graf,19,0,0,2026-07-24 00:17:10
2026-07-23 23:40:40,RELS219K,0101,Shay Hazkani,40,34,0,2026-07-24 00:17:10
2026-07-23 23:40:40,RELS225,0101,Instructor: TBA,25,0,0,2026-07-24 00:17:10
2026-07-23 23:40:40,RELS273,0101,Hayim Lapin,20,0,0,2026-07-24 00:17:11
2026-07-23 23:40:40,RELS273,0102,Hayim Lapin,20,5,0,2026-07-24 00:17:11
2026-07-23 23:40:40,RELS273,0103,Hayim Lapin,20,6,0,2026-07-24 00:17:11
2026-07-23 23:40:40,RELS274,0101,Matthew Suriano,18,1,0,2026-07-24 00:17:11
2026-07-23 23:40:40,RELS274,0102,Matthew Suriano,18,1,0,2026-07-24 00:17:11
2026-07-23 23:40:40,RELS274,0103,Matthew Suriano,18,1,0,2026-07-24 00:17:11
2026-07-23 23:40:40,RELS274,0104,Matthew Suriano,18,2,0,2026-07-24 00:17:11
2026-07-23 23:40:40,RELS319D,0101,Instructor: TBA,35,31,0,2026-07-24 00:17:12
2026-07-23 23:40:40,RELS319Z,0101,Regev Ben-David,30,27,0,2026-07-24 00:17:12
2026-07-23 23:40:40,RELS341,0101,Janna Bianchini,27,0,2,2026-07-24 00:17:13
2026-07-23 23:40:40,RUSS101,0101,Inna Hardman,15,5,0,2026-07-24 00:17:15
2026-07-23 23:40:40,RUSS101,0201,Inna Hardman,15,4,0,2026-07-24 00:17:15
2026-07-23 23:40:40,RUSS201,0101,Zhanna Gerus-Vernola,15,9,0,2026-07-24 00:17:15
2026-07-23 23:40:40,RUSS301,0101,Izolda Savenkova,15,5,0,2026-07-24 00:17:16
2026-07-23 23:40:40,RUSS321,0101,Elizabeth Papazian,15,3,0,2026-07-24 00:17:16
2026-07-23 23:40:40,RUSS334,0101,Elizabeth Papazian,25,0,1,2026-07-24 00:17:17
2026-07-23 23:40:40,RUSS404,0101,Izolda Savenkova,15,6,0,2026-07-24 00:17:18
2026-07-23 23:40:40,SDSB123,0101,Brian Kim,25,3,0,2026-07-24 00:17:20
2026-07-23 23:40:40,SDSB180,0101,Brian Kim,180,157,0,2026-07-24 00:17:20
2026-07-23 23:40:40,SDSB233,0101,Jacob Coutts,25,6,0,2026-07-24 00:17:21
2026-07-23 23:40:40,SDSB233,0102,Jacob Coutts,25,16,0,2026-07-24 00:17:21
2026-07-23 23:40:40,SDSB233,0103,Jacob Coutts,25,16,0,2026-07-24 00:17:21
2026-07-23 23:40:40,SDSB326,0101,Jacob Coutts,50,32,0,2026-07-24 00:17:21
2026-07-23 23:40:40,SDSB340,0101,Neil Lund,40,5,0,2026-07-24 00:17:22
2026-07-23 23:40:40,SDSI414,0201,Maria Krupenkin,34,15,0,2026-07-24 00:17:24
2026-07-23 23:40:40,SDSI414,0202,Maria Krupenkin,34,0,4,2026-07-24 00:17:24
2026-07-23 23:40:40,SDSI492,0101,TJ Rainsford,50,15,0,2026-07-24 00:17:24
2026-07-23 23:40:40,SDSI492,0103,Mary Ann Francis,40,0,2,2026-07-24 00:17:24
2026-07-23 23:40:40,SDSI492,0104,TJ Rainsford,50,12,0,2026-07-24 00:17:24
2026-07-23 23:40:40,SDSI492,0106,Jesse Klein,50,0,9,2026-07-24 00:17:24
2026-07-23 23:40:40,SDSI492,0107,Connie Siebold,40,0,4,2026-07-24 00:17:24
2026-07-23 23:40:40,SDSI492,0110,Patrick Thornton,50,32,0,2026-07-24 00:17:24
2026-07-23 23:40:40,SLAA649R,0101,Nan Jiang,15,12,0,2026-07-24 00:17:26
2026-07-23 23:40:40,SLAA749B,0101,Ekaterina Sudina,15,12,0,2026-07-24 00:17:27
2026-07-23 23:40:40,SLAA759L,0101,Bronson Hui,15,8,0,2026-07-24 00:17:27
2026-07-23 23:40:40,SLAA760,0101,Ekaterina Sudina,15,13,0,2026-07-24 00:17:28
2026-07-23 23:40:40,SLLC108J,0101,Instructor: TBA,5,4,0,2026-07-24 00:17:32
2026-07-23 23:40:40,SLLC108W,0101,Instructor: TBA,5,5,0,2026-07-24 00:17:32
2026-07-23 23:40:40,SLLC118A,0101,Sean Pue,10,5,0,2026-07-24 00:17:33
2026-07-23 23:40:40,SLLC200,0101,Chris Lewis,30,0,0,2026-07-24 00:17:33
2026-07-23 23:40:40,SLLC286,0101,Andrew Schonebaum,54,19,0,2026-07-24 00:17:34
2026-07-23 23:40:40,SLLC309,0101,Ahmed Hanafy,10,10,0,2026-07-24 00:17:34
2026-07-23 23:40:40,SLLC309,0102,Ahmed Hanafy,10,8,0,2026-07-24 00:17:34
2026-07-23 23:40:40,SLLC309,0103,Ahmed Hanafy,10,8,0,2026-07-24 00:17:34
2026-07-23 23:40:40,SLLC309,0104,Ahmed Hanafy,10,6,0,2026-07-24 00:17:34
2026-07-23 23:40:40,SLLC309,0105,Ahmed Hanafy,10,7,0,2026-07-24 00:17:34
2026-07-23 23:40:40,SLLC309,0106,Ahmed Hanafy,10,9,0,2026-07-24 00:17:34
2026-07-23 23:40:40,SLLC309,0107,Ahmed Hanafy,10,8,0,2026-07-24 00:17:34
2026-07-23 23:40:40,SLLC309,0108,Ahmed Hanafy,10,10,0,2026-07-24 00:17:34
2026-07-23 23:40:40,SLLC309,0109,Ahmed Hanafy,10,7,0,2026-07-24 00:17:34
2026-07-23 23:40:40,SLLC309,0110,Ahmed Hanafy,10,4,0,2026-07-24 00:17:34
2026-07-23 23:40:40,SLLC309,0111,Ahmed Hanafy,10,10,0,2026-07-24 00:17:34
2026-07-23 23:40:40,SLLC329,0101,Marilyn Matar,12,0,0,2026-07-24 00:17:35
2026-07-23 23:40:40,SLLC329,0102,Marilyn Matar,10,5,0,2026-07-24 00:17:35
2026-07-23 23:40:40,SLLC329,0103,Marilyn Matar,21,8,0,2026-07-24 00:17:35
2026-07-23 23:40:40,SLLC329,0104,Marilyn Matar,10,7,0,2026-07-24 00:17:35
2026-07-23 23:40:40,SLLC329,0105,Marilyn Matar,10,10,0,2026-07-24 00:17:35
2026-07-23 23:40:40,SLLC329,0106,Marilyn Matar,10,6,0,2026-07-24 00:17:35
2026-07-23 23:40:40,SLLC329,0107,Marilyn Matar,10,9,0,2026-07-24 00:17:35
2026-07-23 23:40:40,SLLC329,0108,Marilyn Matar,10,8,0,2026-07-24 00:17:35
2026-07-23 23:40:40,SLLC329,0109,Marilyn Matar,10,7,0,2026-07-24 00:17:35
2026-07-23 23:40:40,SLLC329,0110,Marilyn Matar,20,11,0,2026-07-24 00:17:35
2026-07-23 23:40:40,SLLC350,0101,Michele Mason,30,25,0,2026-07-24 00:17:35
2026-07-23 23:40:40,SMLP470,0101,Brooke Smith,45,22,0,2026-07-24 00:17:37
2026-07-23 23:40:40,SMLP472,0101,Sara Herald,60,25,0,2026-07-24 00:17:37
2026-07-23 23:40:40,SOCY100,0101,Amy McLaughlin,108,56,0,2026-07-24 00:17:39
2026-07-23 23:40:40,SOCY100,0201,Philip Cohen,99,24,0,2026-07-24 00:17:39
2026-07-23 23:40:40,SOCY100,0301,Jennifer Ashlock,94,19,0,2026-07-24 00:17:39
2026-07-23 23:40:40,SOCY100,0501,Julia Chuang,99,47,0,2026-07-24 00:17:39
2026-07-23 23:40:40,SOCY100,0601,Kris Marsh,99,1,0,2026-07-24 00:17:39
2026-07-23 23:40:40,SOCY100,FC01,Christopher Tamborini,32,0,0,2026-07-24 00:17:39
2026-07-23 23:40:40,SOCY100,FC02,Christopher Tamborini,32,0,0,2026-07-24 00:17:39
2026-07-23 23:40:40,SOCY105,0101,Christopher Malackany,31,19,0,2026-07-24 00:17:40
2026-07-23 23:40:40,SOCY105,0201,Christopher Malackany,31,8,0,2026-07-24 00:17:40
2026-07-23 23:40:40,SOCY200,0101,Jeffrey Parsells-Johnson,108,55,0,2026-07-24 00:17:40
2026-07-23 23:40:40,SOCY201,0101,Meredith Kleykamp,20,0,1,2026-07-24 00:17:41
2026-07-23 23:40:40,SOCY201,0102,Meredith Kleykamp,20,0,4,2026-07-24 00:17:41
2026-07-23 23:40:40,SOCY202,0101,Katharine Khanna,27,10,0,2026-07-24 00:17:41
2026-07-23 23:40:40,SOCY202,0102,Katharine Khanna,27,18,0,2026-07-24 00:17:41
2026-07-23 23:40:40,SOCY203,0101,Brian Connor,78,17,0,2026-07-24 00:17:41
2026-07-23 23:40:40,SOCY223,0101,Jeffrey Lucas,108,19,0,2026-07-24 00:17:42
2026-07-23 23:40:40,SOCY224,0101,Dawn Dow,45,32,0,2026-07-24 00:17:42
2026-07-23 23:40:40,SOCY224,0201,Wayne Santoro,45,24,0,2026-07-24 00:17:42
2026-07-23 23:40:40,SOCY227,0101,Christopher Malackany,30,0,2,2026-07-24 00:17:43
2026-07-23 23:40:40,SOCY230,0101,Jeffrey Lucas,120,26,0,2026-07-24 00:17:43
2026-07-23 23:40:40,SOCY237,0101,Brian Connor,60,0,1,2026-07-24 00:17:43
2026-07-23 23:40:40,SOCY241,0101,Collin Mueller,60,0,6,2026-07-24 00:17:44
2026-07-23 23:40:40,SOCY241,0201,Roberto Korzeniewicz,60,0,3,2026-07-24 00:17:44
2026-07-23 23:40:40,SOCY245,0101,Philip Cohen,60,44,0,2026-07-24 00:17:44
2026-07-23 23:40:40,SOCY320,0101,Cecily Jackson,25,0,1,2026-07-24 00:17:45
2026-07-23 23:40:40,SOCY322,0101,Julie Park,30,0,1,2026-07-24 00:17:45
2026-07-23 23:40:40,SOCY335,0101,Jennifer Ashlock,81,24,0,2026-07-24 00:17:46
2026-07-23 23:40:40,SOCY340,0101,Julia Chuang,27,4,0,2026-07-24 00:17:46
2026-07-23 23:40:40,SOCY380,0101,Nicole De Loatch,5,4,0,2026-07-24 00:17:47
2026-07-23 23:40:40,SOCY410,0101,Liana Sayer,25,15,0,2026-07-24 00:17:49
2026-07-23 23:40:40,SOCY424,0101,Dawn Dow,29,20,0,2026-07-24 00:17:49
2026-07-23 23:40:40,SOCY427,0101,Roberto Korzeniewicz,29,24,0,2026-07-24 00:17:50
2026-07-23 23:40:40,SOCY433,0101,Wayne Santoro,29,13,0,2026-07-24 00:17:50
2026-07-23 23:40:40,SOCY435,0101,Amelia Branigan,29,4,0,2026-07-24 00:17:51
2026-07-23 23:40:40,SOCY451,0101,Brian Connor,29,0,5,2026-07-24 00:17:51
2026-07-23 23:40:40,SOCY460,0101,Kris Marsh,29,9,0,2026-07-24 00:17:52
2026-07-23 23:40:40,SOCY462,0101,Jennifer Ashlock,29,19,0,2026-07-24 00:17:52
2026-07-23 23:40:40,SOCY463,0101,Jeffrey Parsells-Johnson,29,21,0,2026-07-24 00:17:52
2026-07-23 23:40:40,SOCY465,0101,Meyer Kestnbaum,29,11,0,2026-07-24 00:17:53
2026-07-23 23:40:40,SOCY467,0101,Nicole De Loatch,29,8,0,2026-07-24 00:17:53
2026-07-23 23:40:40,SOCY470,0101,Monica Caudillo,29,7,0,2026-07-24 00:17:54
2026-07-23 23:40:40,SOCY601,0101,Amelia Branigan,20,19,0,2026-07-24 00:17:54
2026-07-23 23:40:40,SOCY610,0101,Collin Mueller,20,18,0,2026-07-24 00:17:55
2026-07-23 23:40:40,SOCY617,0101,Stanley Presser,10,5,0,2026-07-24 00:17:55
2026-07-23 23:40:40,SOCY621,0101,Meyer Kestnbaum,20,11,0,2026-07-24 00:17:55
2026-07-23 23:40:40,SOCY709,0101,Long Doan,20,11,0,2026-07-24 00:17:56
2026-07-23 23:40:40,SPAN103,0101,Soraya Aguayo Roman,18,0,0,2026-07-24 00:18:00
2026-07-23 23:40:40,SPAN103,0201,Maria Ceballos Paz,18,2,0,2026-07-24 00:18:00
2026-07-23 23:40:40,SPAN103,0301,Jordan Mosquera Mendoza,18,3,0,2026-07-24 00:18:00
2026-07-23 23:40:40,SPAN103,0401,Samus Price,18,4,0,2026-07-24 00:18:00
2026-07-23 23:40:40,SPAN103,0501,Instructor: TBA,18,15,0,2026-07-24 00:18:00
2026-07-23 23:40:40,SPAN203,0201,Camila Maidana,20,0,0,2026-07-24 00:18:00
2026-07-23 23:40:40,SPAN203,0301,Camila Maidana,20,0,0,2026-07-24 00:18:00
2026-07-23 23:40:40,SPAN203,0401,Jackson Monzon,20,0,0,2026-07-24 00:18:00
2026-07-23 23:40:40,SPAN203,0501,Jackson Monzon,20,0,0,2026-07-24 00:18:00
2026-07-23 23:40:40,SPAN203,0601,Paula Teuta,20,6,0,2026-07-24 00:18:00
2026-07-23 23:40:40,SPAN204,0101,Ricardo Mariani,18,10,0,2026-07-24 00:18:01
2026-07-23 23:40:40,SPAN204,0201,Ana Acedo Garcia,18,2,0,2026-07-24 00:18:01
2026-07-23 23:40:40,SPAN204,0301,Ana Acedo Garcia,18,5,0,2026-07-24 00:18:01
2026-07-23 23:40:40,SPAN204,0401,Chila Hidalgo,18,3,0,2026-07-24 00:18:01
2026-07-23 23:40:40,SPAN206,0101,Evelyn Canabal-Torres,18,13,0,2026-07-24 00:18:01
2026-07-23 23:40:40,SPAN207,0101,Chila Hidalgo,18,6,0,2026-07-24 00:18:02
2026-07-23 23:40:40,SPAN207,0201,Chila Hidalgo,18,0,1,2026-07-24 00:18:02
2026-07-23 23:40:40,SPAN207,0301,Chila Hidalgo,18,1,0,2026-07-24 00:18:02
2026-07-23 23:40:40,SPAN207,0401,Jan Varela,18,3,0,2026-07-24 00:18:02
2026-07-23 23:40:40,SPAN207,0501,Jan Varela,18,0,0,2026-07-24 00:18:02
2026-07-23 23:40:40,SPAN234,0101,Francisco Barrenechea,30,5,0,2026-07-24 00:18:02
2026-07-23 23:40:40,SPAN234,0102,Jonathan Brower,35,1,0,2026-07-24 00:18:02
2026-07-23 23:40:40,SPAN234H,0101,Francisco Barrenechea,5,0,0,2026-07-24 00:18:03
2026-07-23 23:40:40,SPAN301,0101,Jose Cabrera,20,13,0,2026-07-24 00:18:03
2026-07-23 23:40:40,SPAN301,0201,Jose Cabrera,20,3,0,2026-07-24 00:18:03
2026-07-23 23:40:40,SPAN301,0301,Ginette Eldredge,20,14,0,2026-07-24 00:18:03
2026-07-23 23:40:40,SPAN301,0401,Shadi Mohammadi,20,0,0,2026-07-24 00:18:03
2026-07-23 23:40:40,SPAN303,0101,Samuel Aguayo,20,5,0,2026-07-24 00:18:04
2026-07-23 23:40:40,SPAN303,0201,Samuel Aguayo,20,1,0,2026-07-24 00:18:04
2026-07-23 23:40:40,SPAN303,0301,Maria Srur,20,9,0,2026-07-24 00:18:04
2026-07-23 23:40:40,SPAN303,0401,Maria Srur,20,8,0,2026-07-24 00:18:04
2026-07-23 23:40:40,SPAN303,0501,Laura Demaria,20,14,0,2026-07-24 00:18:04
2026-07-23 23:40:40,SPAN306,0101,Evelyn Canabal-Torres,20,11,0,2026-07-24 00:18:04
2026-07-23 23:40:40,SPAN311,0101,Ramiro Caces Barbosa,20,12,0,2026-07-24 00:18:04
2026-07-23 23:40:40,SPAN311,0201,Ramiro Caces Barbosa,20,17,0,2026-07-24 00:18:04
2026-07-23 23:40:40,SPAN311,0301,Ginette Eldredge,20,3,0,2026-07-24 00:18:04
2026-07-23 23:40:40,SPAN316,0201,Luciana Alberio,20,6,0,2026-07-24 00:18:05
2026-07-23 23:40:40,SPAN325,0101,Ana Acedo Garcia,20,10,0,2026-07-24 00:18:05
2026-07-23 23:40:40,SPAN325,ESG1,Ana Acedo Garcia,25,22,0,2026-07-24 00:18:05
2026-07-23 23:40:40,SPAN331,0101,Ginette Eldredge,20,12,0,2026-07-24 00:18:06
2026-07-23 23:40:40,SPAN333,0101,Mehl Penrose,20,3,0,2026-07-24 00:18:06
2026-07-23 23:40:40,SPAN359T,0101,Angela Pico Pinto,25,20,0,2026-07-24 00:18:07
2026-07-23 23:40:40,SPAN361,0201,Miguel Valerio,20,0,0,2026-07-24 00:18:07
2026-07-23 23:40:40,SPAN363,0101,Karina De Sande,20,13,0,2026-07-24 00:18:07
2026-07-23 23:40:40,SPAN363,0201,Juan Quintero-Herencia,20,10,0,2026-07-24 00:18:07
2026-07-23 23:40:40,SPAN370,0101,Karina De Sande,25,14,0,2026-07-24 00:18:08
2026-07-23 23:40:40,SPAN371,0101,Evelyn Canabal-Torres,25,11,0,2026-07-24 00:18:08
2026-07-23 23:40:40,SPAN372,0101,Jose Magro,25,17,0,2026-07-24 00:18:09
2026-07-23 23:40:40,SPAN374,0101,Ana Rodriguez,25,13,0,2026-07-24 00:18:09
2026-07-23 23:40:40,SPAN374,ESG1,Jackson Monzon,25,24,0,2026-07-24 00:18:09
2026-07-23 23:40:40,SPAN388W,0101,Thomas Earles,20,14,0,2026-07-24 00:18:10
2026-07-23 23:40:40,SPAN388W,2001,Thomas Earles,4,4,0,2026-07-24 00:18:10
2026-07-23 23:40:40,SPAN425,0101,Manel Lacorte,20,5,0,2026-07-24 00:18:11
2026-07-23 23:40:40,SPAN434,0101,Laura Demaria,20,16,0,2026-07-24 00:18:11
2026-07-23 23:40:40,SPAN456,0101,Mehl Penrose,20,13,0,2026-07-24 00:18:12
2026-07-23 23:40:40,SPAN476,0101,Ana Rodriguez,20,18,0,2026-07-24 00:18:12
2026-07-23 23:40:40,SPAN478D,0101,Elisa Gironzetti,20,11,0,2026-07-24 00:18:13
2026-07-23 23:40:40,SPAN605,0101,Jose Magro,10,7,0,2026-07-24 00:18:14
2026-07-23 23:40:40,SPAN611,0101,Elisa Gironzetti,20,11,0,2026-07-24 00:18:14
2026-07-23 23:40:40,SPAN611,PCQ1,Elisa Gironzetti,8,5,0,2026-07-24 00:18:14
2026-07-23 23:40:40,SPAN625,0101,Manel Lacorte,20,5,0,2026-07-24 00:18:15
2026-07-23 23:40:40,SPAN798A,0101,Miguel Valerio,10,7,0,2026-07-24 00:18:15
2026-07-23 23:40:40,SPAN798N,0101,Thayse Leal Lima,10,5,0,2026-07-24 00:18:16
2026-07-23 23:40:40,SPAN798V,0101,Juan Quintero-Herencia,10,7,0,2026-07-24 00:18:16
2026-07-23 23:40:40,SPHL100,0101,Shuling Wu,16,0,3,2026-07-24 00:18:19
2026-07-23 23:40:40,SPHL100,0102,Shuling Wu,16,0,6,2026-07-24 00:18:19
2026-07-23 23:40:40,SPHL100,0103,Shuling Wu,16,0,11,2026-07-24 00:18:19
2026-07-23 23:40:40,SPHL100,0104,Shuling Wu,16,0,8,2026-07-24 00:18:19
2026-07-23 23:40:40,SPHL100,0105,Shuling Wu,16,0,8,2026-07-24 00:18:19
2026-07-23 23:40:40,SPHL100,0106,Shuling Wu,16,0,7,2026-07-24 00:18:19
2026-07-23 23:40:40,SPHL100,0107,Shuling Wu,16,0,7,2026-07-24 00:18:19
2026-07-23 23:40:40,SPHL100,0108,Shuling Wu,16,0,4,2026-07-24 00:18:19
2026-07-23 23:40:40,SPHL100,0201,Shuling Wu,16,0,3,2026-07-24 00:18:19
2026-07-23 23:40:40,SPHL100,0202,Shuling Wu,16,0,5,2026-07-24 00:18:19
2026-07-23 23:40:40,SPHL100,0203,Shuling Wu,16,0,5,2026-07-24 00:18:19
2026-07-23 23:40:40,SPHL100,0204,Shuling Wu,16,0,6,2026-07-24 00:18:19
2026-07-23 23:40:40,SPHL100,0205,Shuling Wu,16,0,5,2026-07-24 00:18:19
2026-07-23 23:40:40,SPHL100,0206,Shuling Wu,16,0,2,2026-07-24 00:18:19
2026-07-23 23:40:40,SPHL100,0207,Shuling Wu,16,0,1,2026-07-24 00:18:19
2026-07-23 23:40:40,SPHL100,0208,Shuling Wu,16,0,2,2026-07-24 00:18:19
2026-07-23 23:40:40,SPHL100,FC01,Tracy Zeeger,30,0,13,2026-07-24 00:18:19
2026-07-23 23:40:40,SPHL246,0101,April Khaing,20,20,0,2026-07-24 00:18:20
2026-07-23 23:40:40,SPHL600,0101,Sylvette La Touche-Howard,12,4,0,2026-07-24 00:18:21
2026-07-23 23:40:40,SPHL600,PLP1,Sylvette La Touche-Howard,35,19,0,2026-07-24 00:18:21
2026-07-23 23:40:40,SPHL601,0101,Danielle Catona,90,46,0,2026-07-24 00:18:21
2026-07-23 23:40:40,SPHL601,PLB1,Danielle Catona,17,16,0,2026-07-24 00:18:21
2026-07-23 23:40:40,SPHL601,PLH1,Danielle Catona,27,13,0,2026-07-24 00:18:21
2026-07-23 23:40:40,SPHL601,PLK1,Danielle Catona,6,4,0,2026-07-24 00:18:21
2026-07-23 23:40:40,SPHL602,0101,Jamie Trevitt,94,62,0,2026-07-24 00:18:21
2026-07-23 23:40:40,SPHL602,PLB1,Jamie Trevitt,17,16,0,2026-07-24 00:18:21
2026-07-23 23:40:40,SPHL602,PLH1,Jamie Trevitt,27,12,0,2026-07-24 00:18:21
2026-07-23 23:40:40,SPHL602,PLK1,Jamie Trevitt,5,3,0,2026-07-24 00:18:21
2026-07-23 23:40:40,SPHL603,0101,Jamie Trevitt,24,0,1,2026-07-24 00:18:22
2026-07-23 23:40:40,SPHL603,0102,Jamie Trevitt,24,18,0,2026-07-24 00:18:22
2026-07-23 23:40:40,SPHL603,PLB1,Jamie Trevitt,17,15,0,2026-07-24 00:18:22
2026-07-23 23:40:40,SPHL603,PLH1,Jamie Trevitt,27,12,0,2026-07-24 00:18:22
2026-07-23 23:40:40,SPHL603,PLK1,Jamie Trevitt,5,3,0,2026-07-24 00:18:22
2026-07-23 23:40:40,SPHL612,0101,James Hagberg,12,9,0,2026-07-24 00:18:22
2026-07-23 23:40:40,SPHL620,0101,Danielle Catona,90,59,0,2026-07-24 00:18:23
2026-07-23 23:40:40,SPHL620,PLB1,Sherry Maykrantz,17,6,0,2026-07-24 00:18:23
2026-07-23 23:40:40,SPHL620,PLH1,Sherry Maykrantz,27,12,0,2026-07-24 00:18:23
2026-07-23 23:40:40,SPHL620,PLK1,Sherry Maykrantz,6,5,0,2026-07-24 00:18:23
2026-07-23 23:40:40,STAT100,0111,Matthew Griffin,30,0,0,2026-07-24 00:18:25
2026-07-23 23:40:40,STAT100,0112,Matthew Griffin,30,0,0,2026-07-24 00:18:25
2026-07-23 23:40:40,STAT100,0121,Matthew Griffin,30,0,0,2026-07-24 00:18:25
2026-07-23 23:40:40,STAT100,0122,Matthew Griffin,30,0,0,2026-07-24 00:18:25
2026-07-23 23:40:40,STAT100,0123,Matthew Griffin,30,0,0,2026-07-24 00:18:25
2026-07-23 23:40:40,STAT100,0124,Matthew Griffin,30,0,0,2026-07-24 00:18:25
2026-07-23 23:40:40,STAT100,0131,Matthew Griffin,30,9,0,2026-07-24 00:18:25
2026-07-23 23:40:40,STAT100,0141,Matthew Griffin,30,12,0,2026-07-24 00:18:25
2026-07-23 23:40:40,STAT100,0142,Matthew Griffin,30,3,0,2026-07-24 00:18:25
2026-07-23 23:40:40,STAT100,0211,Matthew Griffin,30,21,0,2026-07-24 00:18:25
2026-07-23 23:40:40,STAT100,0212,Matthew Griffin,30,1,0,2026-07-24 00:18:25
2026-07-23 23:40:40,STAT100,0221,Matthew Griffin,30,14,0,2026-07-24 00:18:25
2026-07-23 23:40:40,STAT100,0223,Matthew Griffin,30,0,0,2026-07-24 00:18:25
2026-07-23 23:40:40,STAT100,0224,Matthew Griffin,30,3,0,2026-07-24 00:18:25
2026-07-23 23:40:40,STAT100,0231,Matthew Griffin,30,19,0,2026-07-24 00:18:25
2026-07-23 23:40:40,STAT100,0311,Archana Khurana,30,2,0,2026-07-24 00:18:25
2026-07-23 23:40:40,STAT100,0312,Archana Khurana,30,0,0,2026-07-24 00:18:25
2026-07-23 23:40:40,STAT100,0321,Archana Khurana,30,0,0,2026-07-24 00:18:25
2026-07-23 23:40:40,STAT100,0322,Archana Khurana,30,0,0,2026-07-24 00:18:25
2026-07-23 23:40:40,STAT100,0323,Archana Khurana,30,0,1,2026-07-24 00:18:25
2026-07-23 23:40:40,STAT100,0341,Archana Khurana,30,0,0,2026-07-24 00:18:25
2026-07-23 23:40:40,STAT100,FC01,Matthew Griffin,30,0,5,2026-07-24 00:18:25
2026-07-23 23:40:40,STAT100,FC02,Matthew Griffin,30,0,5,2026-07-24 00:18:25
2026-07-23 23:40:40,STAT110,0101,Susan Mazzullo,250,33,0,2026-07-24 00:18:25
2026-07-23 23:40:40,STAT386,2801,Instructor: TBA,10,10,0,2026-07-24 00:18:26
2026-07-23 23:40:40,STAT386,3903,Instructor: TBA,10,10,0,2026-07-24 00:18:26
2026-07-23 23:40:40,STAT386,5001,Instructor: TBA,10,10,0,2026-07-24 00:18:26
2026-07-23 23:40:40,STAT400,0111,Salman Safdar,27,0,0,2026-07-24 00:18:26
2026-07-23 23:40:40,STAT400,0112,Salman Safdar,27,0,0,2026-07-24 00:18:26
2026-07-23 23:40:40,STAT400,0121,Salman Safdar,27,6,0,2026-07-24 00:18:26
2026-07-23 23:40:40,STAT400,0122,Salman Safdar,27,15,0,2026-07-24 00:18:26
2026-07-23 23:40:40,STAT400,0131,Salman Safdar,27,13,0,2026-07-24 00:18:26
2026-07-23 23:40:40,STAT400,0132,Salman Safdar,27,18,0,2026-07-24 00:18:26
2026-07-23 23:40:40,STAT400,0211,Timothy Pilachowski,27,0,0,2026-07-24 00:18:26
2026-07-23 23:40:40,STAT400,0212,Timothy Pilachowski,27,1,0,2026-07-24 00:18:26
2026-07-23 23:40:40,STAT400,0221,Timothy Pilachowski,27,0,0,2026-07-24 00:18:26
2026-07-23 23:40:40,STAT400,0222,Timothy Pilachowski,27,0,0,2026-07-24 00:18:26
2026-07-23 23:40:40,STAT400,0231,Timothy Pilachowski,27,0,0,2026-07-24 00:18:26
2026-07-23 23:40:40,STAT400,0232,Timothy Pilachowski,27,0,0,2026-07-24 00:18:26
2026-07-23 23:40:40,STAT400,0311,Mestiyage Gunatilleka,27,0,2,2026-07-24 00:18:26
2026-07-23 23:40:40,STAT400,0312,Mestiyage Gunatilleka,30,0,1,2026-07-24 00:18:26
2026-07-23 23:40:40,STAT400,0321,Mestiyage Gunatilleka,32,0,0,2026-07-24 00:18:26
2026-07-23 23:40:40,STAT400,0322,Mestiyage Gunatilleka,30,0,1,2026-07-24 00:18:26
2026-07-23 23:40:40,STAT400,0331,Mestiyage Gunatilleka,32,0,0,2026-07-24 00:18:26
2026-07-23 23:40:40,STAT400,0332,Mestiyage Gunatilleka,30,0,0,2026-07-24 00:18:26
2026-07-23 23:40:40,STAT400,0511,Shixin Zheng,35,0,3,2026-07-24 00:18:26
2026-07-23 23:40:40,STAT400,0521,Shixin Zheng,35,0,4,2026-07-24 00:18:26
2026-07-23 23:40:40,STAT400,0531,Shixin Zheng,35,0,6,2026-07-24 00:18:26
2026-07-23 23:40:40,STAT401,0111,Hatice Sahinoglu,40,0,0,2026-07-24 00:18:26
2026-07-23 23:40:40,STAT401,0211,Hatice Sahinoglu,32,5,0,2026-07-24 00:18:26
2026-07-23 23:40:40,STAT401,0213,Hatice Sahinoglu,32,2,0,2026-07-24 00:18:26
2026-07-23 23:40:40,STAT410,0101,Dong Quan Nguyen,32,0,1,2026-07-24 00:18:27
2026-07-23 23:40:40,STAT410,0201,Sudeshna Bhattacharjee,30,1,0,2026-07-24 00:18:27
2026-07-23 23:40:40,STAT410,0301,Mestiyage Gunatilleka,32,0,0,2026-07-24 00:18:27
2026-07-23 23:40:40,STAT410,0401,Sandra Cerrai,30,1,0,2026-07-24 00:18:27
2026-07-23 23:40:40,STAT410,0501,Instructor: TBA,32,4,0,2026-07-24 00:18:27
2026-07-23 23:40:40,STAT410,0601,Anna Szczekutowicz,30,0,0,2026-07-24 00:18:27
2026-07-23 23:40:40,STAT410,0701,Hatice Sahinoglu,32,1,0,2026-07-24 00:18:27
2026-07-23 23:40:40,STAT420,0201,Joan Ren,30,25,0,2026-07-24 00:18:27
2026-07-23 23:40:40,STAT426,0101,Maria Cameron,30,11,0,2026-07-24 00:18:28
2026-07-23 23:40:40,STAT430,0101,Natalia Tchetcherina,30,10,0,2026-07-24 00:18:28
2026-07-23 23:40:40,STAT430,0201,Timothy Pilachowski,30,0,3,2026-07-24 00:18:28
2026-07-23 23:40:40,STAT430,0301,Natalia Tchetcherina,30,12,0,2026-07-24 00:18:28
2026-07-23 23:40:40,STAT430,0401,Christine Nickel,30,11,0,2026-07-24 00:18:28
2026-07-23 23:40:40,STAT440,0201,Lizhen Lin,30,4,0,2026-07-24 00:18:29
2026-07-23 23:40:40,STAT470,0101,Natalia Tchetcherina,30,16,0,2026-07-24 00:18:29
2026-07-23 23:40:40,STAT470,0201,Matthew Griffin,35,0,6,2026-07-24 00:18:29
2026-07-23 23:40:40,STAT600,0101,Arka Adhikari,30,12,0,2026-07-24 00:18:30
2026-07-23 23:40:40,STAT610,0101,Yu Gu,30,17,0,2026-07-24 00:18:30
2026-07-23 23:40:40,STAT698,6509,Lizhen Lin,10,10,0,2026-07-24 00:18:31
2026-07-23 23:40:40,STAT700,0101,Takumi Saegusa,18,14,0,2026-07-24 00:18:32
2026-07-23 23:40:40,STAT705,0101,Vincent Lyzinski,22,13,0,2026-07-24 00:18:32
2026-07-23 23:40:40,STAT712,0101,Yun Yang,30,17,0,2026-07-24 00:18:32
2026-07-23 23:40:40,STAT740,0101,Yun Yang,25,24,0,2026-07-24 00:18:33
2026-07-23 23:40:40,STAT818R,0101,Eric Slud,20,17,0,2026-07-24 00:18:34
2026-07-23 23:40:40,SURV400,PLS1,Joao Areal Neto,20,12,0,2026-07-24 00:18:37
2026-07-23 23:40:40,SURV410,0101,Dong Quan Nguyen,32,0,1,2026-07-24 00:18:38
2026-07-23 23:40:40,SURV410,0201,Sudeshna Bhattacharjee,30,1,0,2026-07-24 00:18:38
2026-07-23 23:40:40,SURV410,0301,Mestiyage Gunatilleka,32,0,0,2026-07-24 00:18:38
2026-07-23 23:40:40,SURV410,0501,Instructor: TBA,32,4,0,2026-07-24 00:18:38
2026-07-23 23:40:40,SURV410,0601,Anna Szczekutowicz,30,0,0,2026-07-24 00:18:38
2026-07-23 23:40:40,SURV605,PLS1,Mario Callegaro,15,13,0,2026-07-24 00:18:38
2026-07-23 23:40:40,SURV611,PLS1,Anna-Carolina Haensch,15,12,0,2026-07-24 00:18:38
2026-07-23 23:40:40,SURV612,PLS1,Jacob Coutts,20,14,0,2026-07-24 00:18:39
2026-07-23 23:40:40,SURV617,0101,John Kubale,20,18,0,2026-07-24 00:18:39
2026-07-23 23:40:40,SURV626,PLS1,Raphael Nishimura,15,6,0,2026-07-24 00:18:40
2026-07-23 23:40:40,SURV626,PLS2,Raphael Nishimura,15,15,0,2026-07-24 00:18:40
2026-07-23 23:40:40,SURV627,PLS1,Stephanie Coffey,15,6,0,2026-07-24 00:18:40
2026-07-23 23:40:40,SURV632,0101,John Kubale,15,14,0,2026-07-24 00:18:41
2026-07-23 23:40:40,SURV665,PLS1,Alexandru Cernat,15,14,0,2026-07-24 00:18:41
2026-07-23 23:40:40,SURV667,PLS1,Fiona Draxler,15,13,0,2026-07-24 00:18:41
2026-07-23 23:40:40,SURV699,0101,Partha Lahiri,10,10,0,2026-07-24 00:18:42
2026-07-23 23:40:40,SURV699,0301,Stanley Presser,10,10,0,2026-07-24 00:18:42
2026-07-23 23:40:40,SURV699,0401,Frauke Kreuter,2,2,0,2026-07-24 00:18:42
2026-07-23 23:40:40,SURV720,0101,Sharan Sharma,20,19,0,2026-07-24 00:18:42
2026-07-23 23:40:40,SURV726,PLS1,Joerg Drechsler,15,11,0,2026-07-24 00:18:43
2026-07-23 23:40:40,SURV727,0101,Instructor: TBA,20,15,0,2026-07-24 00:18:44
2026-07-23 23:40:40,SURV727,PCA1,Instructor: TBA,15,4,0,2026-07-24 00:18:44
2026-07-23 23:40:40,SURV740,0101,Partha Lahiri,20,16,0,2026-07-24 00:18:44
2026-07-23 23:40:40,SURV752,PLS1,Olga Kononykhina,15,10,0,2026-07-24 00:18:45
2026-07-23 23:40:40,SURV753,PLS1,Trent Buskirk,15,12,0,2026-07-24 00:18:45
2026-07-23 23:40:40,TDPS201,5501,Michael Driggers,25,4,0,2026-07-24 00:18:49
2026-07-23 23:40:40,TDPS240,0101,Ed Spitzberg,15,0,0,2026-07-24 00:18:49
2026-07-23 23:40:40,TDPS441,0101,Kate Keeney,4,0,0,2026-07-24 00:18:49
2026-07-23 23:40:40,TDPS469,0101,Jennifer Schwartz,8,8,0,2026-07-24 00:18:50
2026-07-23 23:40:40,TDPS479,1001,Andrew Cissna,25,25,0,2026-07-24 00:18:50
2026-07-23 23:40:40,TDPS479,1002,Andrew Cissna,15,15,0,2026-07-24 00:18:50
2026-07-23 23:40:40,TDPS479,1003,Andrew Cissna,15,15,0,2026-07-24 00:18:50
2026-07-23 23:40:40,TDPS479,1004,Andrew Cissna,15,15,0,2026-07-24 00:18:50
2026-07-23 23:40:40,TDPS479,1005,Andrew Cissna,60,60,0,2026-07-24 00:18:50
2026-07-23 23:40:40,TDPS479,2001,Andrew Cissna,15,15,0,2026-07-24 00:18:50
2026-07-23 23:40:40,TDPS640,0101,Kate Keeney,4,0,0,2026-07-24 00:18:51
2026-07-23 23:40:40,THET110,0201,Faedra Carpenter,54,18,0,2026-07-24 00:18:53
2026-07-23 23:40:40,THET116,5501,Alondra Santos-Castillo,17,0,0,2026-07-24 00:18:54
2026-07-23 23:40:40,THET116,5502,Kelly Colburn,15,14,0,2026-07-24 00:18:54
2026-07-23 23:40:40,THET120,5501,Lindsey Snyder,14,0,6,2026-07-24 00:18:54
2026-07-23 23:40:40,THET222,5501,Jennifer  Newsham,14,0,0,2026-07-24 00:18:54
2026-07-23 23:40:40,THET222,5502,Fatima Quander,14,2,0,2026-07-24 00:18:54
2026-07-23 23:40:40,THET223,0101,Patrick Saunders,25,7,0,2026-07-24 00:18:55
2026-07-23 23:40:40,THET240,5501,Jennifer  Newsham,4,0,0,2026-07-24 00:18:56
2026-07-23 23:40:40,THET251,0101,Courtney Lau,22,0,0,2026-07-24 00:18:56
2026-07-23 23:40:40,THET251,0102,Courtney Lau,22,0,0,2026-07-24 00:18:56
2026-07-23 23:40:40,THET251,FC01,Erin Steele,18,0,0,2026-07-24 00:18:56
2026-07-23 23:40:40,THET274,0101,Jennifer Schwartz,10,5,0,2026-07-24 00:18:57
2026-07-23 23:40:40,THET285,0101,Zainab Jeffrey,25,0,2,2026-07-24 00:18:57
2026-07-23 23:40:40,THET285,0102,Rebecca Steinberg,25,0,1,2026-07-24 00:18:57
2026-07-23 23:40:40,THET285,FC01,Instructor: TBA,22,1,0,2026-07-24 00:18:57
2026-07-23 23:40:40,THET285,FC02,Drew Barker,22,0,0,2026-07-24 00:18:57
2026-07-23 23:40:40,THET285,FC03,Robert Smith,22,0,0,2026-07-24 00:18:57
2026-07-23 23:40:40,THET285,FC04,Robert Smith,22,1,0,2026-07-24 00:18:57
2026-07-23 23:40:40,THET286,0101,Instructor: TBA,5,5,0,2026-07-24 00:18:58
2026-07-23 23:40:40,THET286,0210,Instructor: TBA,5,5,0,2026-07-24 00:18:58
2026-07-23 23:40:40,THET286,0301,Instructor: TBA,5,5,0,2026-07-24 00:18:58
2026-07-23 23:40:40,THET286,0401,Instructor: TBA,5,5,0,2026-07-24 00:18:58
2026-07-23 23:40:40,THET286,0501,Instructor: TBA,5,5,0,2026-07-24 00:18:58
2026-07-23 23:40:40,THET286,0601,Instructor: TBA,5,5,0,2026-07-24 00:18:58
2026-07-23 23:40:40,THET286,0901,Instructor: TBA,5,5,0,2026-07-24 00:18:58
2026-07-23 23:40:40,THET286,1301,Instructor: TBA,5,5,0,2026-07-24 00:18:58
2026-07-23 23:40:40,THET286,1501,Instructor: TBA,5,5,0,2026-07-24 00:18:58
2026-07-23 23:40:40,THET286,1601,Instructor: TBA,5,5,0,2026-07-24 00:18:58
2026-07-23 23:40:40,THET286,1701,Instructor: TBA,5,5,0,2026-07-24 00:18:58
2026-07-23 23:40:40,THET286,1801,Instructor: TBA,5,5,0,2026-07-24 00:18:58
2026-07-23 23:40:40,THET286,2001,Instructor: TBA,5,5,0,2026-07-24 00:18:58
2026-07-23 23:40:40,THET286,2003,Instructor: TBA,5,5,0,2026-07-24 00:18:58
2026-07-23 23:40:40,THET286,2005,Instructor: TBA,5,5,0,2026-07-24 00:18:58
2026-07-23 23:40:40,THET286,2007,Instructor: TBA,5,5,0,2026-07-24 00:18:58
2026-07-23 23:40:40,THET293,0101,Instructor: TBA,22,7,0,2026-07-24 00:18:58
2026-07-23 23:40:40,THET310,5501,Instructor: TBA,14,0,0,2026-07-24 00:18:59
2026-07-23 23:40:40,THET324,5501,Lindsey Snyder,14,2,0,2026-07-24 00:19:00
2026-07-23 23:40:40,THET330,5501,KenYatta Rogers,12,0,0,2026-07-24 00:19:00
2026-07-23 23:40:40,THET340,5501,Jennifer  Newsham,8,0,0,2026-07-24 00:19:01
2026-07-23 23:40:40,THET351,5501,Instructor: TBA,12,3,0,2026-07-24 00:19:02
2026-07-23 23:40:40,THET371,5501,Sarah Hall,12,1,0,2026-07-24 00:19:02
2026-07-23 23:40:40,THET380,5501,Samuel Crawford,10,0,3,2026-07-24 00:19:03
2026-07-23 23:40:40,THET386,0101,Instructor: TBA,5,5,0,2026-07-24 00:19:03
2026-07-23 23:40:40,THET386,0201,Instructor: TBA,5,5,0,2026-07-24 00:19:03
2026-07-23 23:40:40,THET386,0301,Instructor: TBA,5,5,0,2026-07-24 00:19:03
2026-07-23 23:40:40,THET386,0401,Instructor: TBA,5,5,0,2026-07-24 00:19:03
2026-07-23 23:40:40,THET386,0501,Instructor: TBA,5,5,0,2026-07-24 00:19:03
2026-07-23 23:40:40,THET386,0601,Instructor: TBA,5,5,0,2026-07-24 00:19:03
2026-07-23 23:40:40,THET386,0801,Instructor: TBA,5,5,0,2026-07-24 00:19:03
2026-07-23 23:40:40,THET386,0901,Instructor: TBA,5,5,0,2026-07-24 00:19:03
2026-07-23 23:40:40,THET386,1101,Misha Kachman,5,5,0,2026-07-24 00:19:03
2026-07-23 23:40:40,THET386,1301,Instructor: TBA,5,5,0,2026-07-24 00:19:03
2026-07-23 23:40:40,THET386,1501,Lisa Nathans,5,5,0,2026-07-24 00:19:03
2026-07-23 23:40:40,THET386,1601,Instructor: TBA,5,5,0,2026-07-24 00:19:03
2026-07-23 23:40:40,THET386,1701,Instructor: TBA,5,5,0,2026-07-24 00:19:03
2026-07-23 23:40:40,THET386,1801,Instructor: TBA,5,5,0,2026-07-24 00:19:03
2026-07-23 23:40:40,THET386,2001,Instructor: TBA,5,5,0,2026-07-24 00:19:03
2026-07-23 23:40:40,THET386,2002,Instructor: TBA,3,3,0,2026-07-24 00:19:03
2026-07-23 23:40:40,THET386,2003,Jennifer Schwartz,5,5,0,2026-07-24 00:19:03
2026-07-23 23:40:40,THET386,2005,Instructor: TBA,5,5,0,2026-07-24 00:19:03
2026-07-23 23:40:40,THET386,2007,Instructor: TBA,5,5,0,2026-07-24 00:19:03
2026-07-23 23:40:40,THET386,2009,Instructor: TBA,5,5,0,2026-07-24 00:19:03
2026-07-23 23:40:40,THET390,0101,Caitlin Marshall,25,0,1,2026-07-24 00:19:04
2026-07-23 23:40:40,THET399,0102,Samuel Crawford,5,5,0,2026-07-24 00:19:04
2026-07-23 23:40:40,THET399,0201,Instructor: TBA,5,5,0,2026-07-24 00:19:04
2026-07-23 23:40:40,THET399,0301,Instructor: TBA,5,5,0,2026-07-24 00:19:04
2026-07-23 23:40:40,THET399,0401,Instructor: TBA,5,5,0,2026-07-24 00:19:04
2026-07-23 23:40:40,THET399,0501,Fatima Quander,5,5,0,2026-07-24 00:19:04
2026-07-23 23:40:40,THET399,0601,Instructor: TBA,5,5,0,2026-07-24 00:19:04
2026-07-23 23:40:40,THET399,0701,Jennifer  Newsham,5,5,0,2026-07-24 00:19:04
2026-07-23 23:40:40,THET399,0801,Instructor: TBA,5,5,0,2026-07-24 00:19:04
2026-07-23 23:40:40,THET399,0901,Instructor: TBA,5,5,0,2026-07-24 00:19:04
2026-07-23 23:40:40,THET399,1101,Misha Kachman,5,5,0,2026-07-24 00:19:04
2026-07-23 23:40:40,THET399,1301,Amith Chandrashaker,5,5,0,2026-07-24 00:19:04
2026-07-23 23:40:40,THET399,1401,Caitlin Marshall,5,5,0,2026-07-24 00:19:04
2026-07-23 23:40:40,THET399,1501,Lisa Nathans,5,4,0,2026-07-24 00:19:04
2026-07-23 23:40:40,THET399,1601,Instructor: TBA,5,5,0,2026-07-24 00:19:04
2026-07-23 23:40:40,THET399,1701,Ivania Stack,5,5,0,2026-07-24 00:19:04
2026-07-23 23:40:40,THET399,1801,Andrew Cissna,5,5,0,2026-07-24 00:19:04
2026-07-23 23:40:40,THET399,2001,Instructor: TBA,5,5,0,2026-07-24 00:19:04
2026-07-23 23:40:40,THET399,2002,KenYatta Rogers,5,5,0,2026-07-24 00:19:04
2026-07-23 23:40:40,THET399,2003,Jennifer Schwartz,5,5,0,2026-07-24 00:19:04
2026-07-23 23:40:40,THET399,2005,Instructor: TBA,5,5,0,2026-07-24 00:19:04
2026-07-23 23:40:40,THET399,2007,Instructor: TBA,5,5,0,2026-07-24 00:19:04
2026-07-23 23:40:40,THET399,2009,Instructor: TBA,5,5,0,2026-07-24 00:19:04
2026-07-23 23:40:40,THET411,5501,Lisa Nathans,12,6,0,2026-07-24 00:19:04
2026-07-23 23:40:40,THET425,5501,Fatima Quander,12,6,0,2026-07-24 00:19:05
2026-07-23 23:40:40,THET471,5501,Misha Kachman,2,1,0,2026-07-24 00:19:05
2026-07-23 23:40:40,THET473,5501,Ivania Stack,3,3,0,2026-07-24 00:19:06
2026-07-23 23:40:40,THET475,0101,Emma McClendon,2,2,0,2026-07-24 00:19:06
2026-07-23 23:40:40,THET477,5501,Amith Chandrashaker,3,3,0,2026-07-24 00:19:07
2026-07-23 23:40:40,THET481,5501,Andrew Cissna,3,1,0,2026-07-24 00:19:07
2026-07-23 23:40:40,THET489B,0101,Caitlin Marshall,15,3,0,2026-07-24 00:19:08
2026-07-23 23:40:40,THET499B,5501,Susan O'Neill,6,5,0,2026-07-24 00:19:09
2026-07-23 23:40:40,THET600,0101,Carla Della Gatta,12,6,0,2026-07-24 00:19:09
2026-07-23 23:40:40,THET606,0101,Misha Kachman,7,0,0,2026-07-24 00:19:09
2026-07-23 23:40:40,THET606,0102,Faedra Carpenter,18,13,0,2026-07-24 00:19:09
2026-07-23 23:40:40,THET608C,0101,Jill Bradbury,10,7,0,2026-07-24 00:19:10
2026-07-23 23:40:40,THET619O,5501,Amith Chandrashaker,10,7,0,2026-07-24 00:19:10
2026-07-23 23:40:40,THET619V,0101,Sarah Hall,8,5,0,2026-07-24 00:19:11
2026-07-23 23:40:40,THET633,5501,Susan O'Neill,10,2,0,2026-07-24 00:19:11
2026-07-23 23:40:40,THET639,5501,Misha Kachman,10,7,0,2026-07-24 00:19:12
2026-07-23 23:40:40,THET645,5501,Ivania Stack,8,4,0,2026-07-24 00:19:13
2026-07-23 23:40:40,THET649,5501,Ivania Stack,6,2,0,2026-07-24 00:19:13
2026-07-23 23:40:40,THET659,5501,Amith Chandrashaker,6,4,0,2026-07-24 00:19:14
2026-07-23 23:40:40,THET669T,5501,Andrew Cissna,8,4,0,2026-07-24 00:19:14
2026-07-23 23:40:40,THET670,0101,Emma McClendon,14,8,0,2026-07-24 00:19:15
2026-07-23 23:40:40,THET679,5501,Kelly Colburn,8,5,0,2026-07-24 00:19:15
2026-07-23 23:40:40,THET700,0101,Carla Della Gatta,12,6,0,2026-07-24 00:19:16
2026-07-23 23:40:40,THET702,0101,Carla Della Gatta,5,5,0,2026-07-24 00:19:16
2026-07-23 23:40:40,THET713,0101,Courtney Lau,12,3,0,2026-07-24 00:19:17
2026-07-23 23:40:40,TLPL101,0101,Luis Royo Romero,24,10,0,2026-07-24 00:19:22
2026-07-23 23:40:40,TLPL101,0201,Khusbu Dalal,24,15,0,2026-07-24 00:19:22
2026-07-23 23:40:40,TLPL101,0301,Aaron Kyei-Asare,24,6,0,2026-07-24 00:19:22
2026-07-23 23:40:40,TLPL102,0101,Steven Karig,22,8,0,2026-07-24 00:19:22
2026-07-23 23:40:40,TLPL102,0201,Victoria Fernandez,24,17,0,2026-07-24 00:19:22
2026-07-23 23:40:40,TLPL155,0101,Justice Walker,16,12,0,2026-07-24 00:19:23
2026-07-23 23:40:40,TLPL206,0101,Wayne Slater,54,6,0,2026-07-24 00:19:23
2026-07-23 23:40:40,TLPL250,0101,Campbell Scribner,30,0,0,2026-07-24 00:19:24
2026-07-23 23:40:40,TLPL250,0201,Sarah Moore,30,0,0,2026-07-24 00:19:24
2026-07-23 23:40:40,TLPL250,0301,Instructor: TBA,30,2,0,2026-07-24 00:19:24
2026-07-23 23:40:40,TLPL250,0401,Instructor: TBA,30,6,0,2026-07-24 00:19:24
2026-07-23 23:40:40,TLPL251,0101,Karen Rehder,12,0,2,2026-07-24 00:19:24
2026-07-23 23:40:40,TLPL251,0102,Karen Rehder,12,8,0,2026-07-24 00:19:24
2026-07-23 23:40:40,TLPL251,0103,Karen Rehder,12,0,3,2026-07-24 00:19:24
2026-07-23 23:40:40,TLPL253,0101,Sarah Moore,54,46,0,2026-07-24 00:19:24
2026-07-23 23:40:40,TLPL267,0101,Shannon Kane,54,30,0,2026-07-24 00:19:25
2026-07-23 23:40:40,TLPL288D,0101,Sharon Vanwright,115,115,0,2026-07-24 00:19:25
2026-07-23 23:40:40,TLPL305B,0101,Instructor: TBA,30,16,0,2026-07-24 00:19:26
2026-07-23 23:40:40,TLPL305B,0201,Instructor: TBA,28,16,0,2026-07-24 00:19:26
2026-07-23 23:40:40,TLPL305B,0301,Instructor: TBA,30,19,0,2026-07-24 00:19:26
2026-07-23 23:40:40,TLPL305M,0101,Instructor: TBA,20,13,0,2026-07-24 00:19:27
2026-07-23 23:40:40,TLPL312,0101,Beatriz Quintos Alonso,0,0,0,2026-07-24 00:19:27
2026-07-23 23:40:40,TLPL312,0201,Instructor: TBA,0,0,0,2026-07-24 00:19:27
2026-07-23 23:40:40,TLPL312,0301,Sara Kirschner,0,0,0,2026-07-24 00:19:27
2026-07-23 23:40:40,TLPL321,0101,Instructor: TBA,0,0,0,2026-07-24 00:19:27
2026-07-23 23:40:40,TLPL321,0201,Amy Green,0,0,0,2026-07-24 00:19:27
2026-07-23 23:40:40,TLPL321,0301,Instructor: TBA,0,0,0,2026-07-24 00:19:27
2026-07-23 23:40:40,TLPL340,0101,Reka Barton,22,8,0,2026-07-24 00:19:28
2026-07-23 23:40:40,TLPL340,0201,Ayanna Baccus,25,17,0,2026-07-24 00:19:28
2026-07-23 23:40:40,TLPL341,0101,Shannon Kane,24,14,0,2026-07-24 00:19:28
2026-07-23 23:40:40,TLPL341,0201,Margaret Peterson,20,15,0,2026-07-24 00:19:28
2026-07-23 23:40:40,TLPL341,0301,Shannon Kane,28,12,0,2026-07-24 00:19:28
2026-07-23 23:40:40,TLPL343,0101,Kerry Alexander,0,0,0,2026-07-24 00:19:29
2026-07-23 23:40:40,TLPL343,0201,Kerry Alexander,0,0,0,2026-07-24 00:19:29
2026-07-23 23:40:40,TLPL343,0301,Ayanna Baccus,0,0,0,2026-07-24 00:19:29
2026-07-23 23:40:40,TLPL360,0101,Instructor: TBA,30,22,0,2026-07-24 00:19:29
2026-07-23 23:40:40,TLPL360,0201,Keisha Allen,30,2,0,2026-07-24 00:19:29
2026-07-23 23:40:40,TLPL360,0301,Instructor: TBA,30,6,0,2026-07-24 00:19:29
2026-07-23 23:40:40,TLPL401,0101,Sarah Henson-Darko,24,19,0,2026-07-24 00:19:29
2026-07-23 23:40:40,TLPL401,0201,Dana Grosser-Clarkson,24,16,0,2026-07-24 00:19:29
2026-07-23 23:40:40,TLPL403,0101,Farhaana Nyamekye,24,21,0,2026-07-24 00:19:30
2026-07-23 23:40:40,TLPL413,0101,Instructor: TBA,25,25,0,2026-07-24 00:19:30
2026-07-23 23:40:40,TLPL414,0101,Anita Sanyal,24,14,0,2026-07-24 00:19:31
2026-07-23 23:40:40,TLPL420,0101,Justice Walker,0,0,0,2026-07-24 00:19:31
2026-07-23 23:40:40,TLPL423,0101,Angela Stoltz,0,0,0,2026-07-24 00:19:32
2026-07-23 23:40:40,TLPL425,0101,Sarah Henson-Darko,24,24,0,2026-07-24 00:19:32
2026-07-23 23:40:40,TLPL433,0101,Margaret Walker,19,9,0,2026-07-24 00:19:32
2026-07-23 23:40:40,TLPL436,0101,Margaret Walker,15,6,0,2026-07-24 00:19:33
2026-07-23 23:40:40,TLPL440,0101,Instructor: TBA,22,0,4,2026-07-24 00:19:33
2026-07-23 23:40:40,TLPL442,0101,Melinda Martin-Beltran,22,6,0,2026-07-24 00:19:34
2026-07-23 23:40:40,TLPL443,0101,Instructor: TBA,25,8,0,2026-07-24 00:19:34
2026-07-23 23:40:40,TLPL444,0101,Kellie Rolstad,15,6,0,2026-07-24 00:19:35
2026-07-23 23:40:40,TLPL445,0101,Antonio Perez Belda,15,11,0,2026-07-24 00:19:35
2026-07-23 23:40:40,TLPL446,0101,Xinhang Hu,0,0,0,2026-07-24 00:19:35
2026-07-23 23:40:40,TLPL446,0201,Kellie Rolstad,0,0,0,2026-07-24 00:19:35
2026-07-23 23:40:40,TLPL446,0301,Sarah Moore,0,0,0,2026-07-24 00:19:35
2026-07-23 23:40:40,TLPL447,0101,Katherine Coogan,18,14,0,2026-07-24 00:19:36
2026-07-23 23:40:40,TLPL450,0101,Antonio Perez Belda,5,2,0,2026-07-24 00:19:36
2026-07-23 23:40:40,TLPL451,0101,Peggy Wilson,25,15,0,2026-07-24 00:19:37
2026-07-23 23:40:40,TLPL456,0101,Wayne Slater,25,22,0,2026-07-24 00:19:37
2026-07-23 23:40:40,TLPL457,0101,Margaret Peterson,30,22,0,2026-07-24 00:19:37
2026-07-23 23:40:40,TLPL470,0101,Joann Kang,30,15,0,2026-07-24 00:19:38
2026-07-23 23:40:40,TLPL471,0101,Alison Jovanovic,15,9,0,2026-07-24 00:19:38
2026-07-23 23:40:40,TLPL477,0201,Instructor: TBA,20,12,0,2026-07-24 00:19:39
2026-07-23 23:40:40,TLPL478A,0101,Katherine Coogan,20,16,0,2026-07-24 00:19:39
2026-07-23 23:40:40,TLPL478E,0101,Angela Stoltz,0,0,0,2026-07-24 00:19:40
2026-07-23 23:40:40,TLPL478G,0101,Deborah Lewin,0,0,0,2026-07-24 00:19:40
2026-07-23 23:40:40,TLPL478G,0201,Brooke Dalesio,0,0,0,2026-07-24 00:19:40
2026-07-23 23:40:40,TLPL478G,0301,Tracy Dunheimer,0,0,0,2026-07-24 00:19:40
2026-07-23 23:40:40,TLPL479A,0101,Katherine Coogan,10,6,0,2026-07-24 00:19:40
2026-07-23 23:40:40,TLPL479B,0101,Alison Jovanovic,35,29,0,2026-07-24 00:19:41
2026-07-23 23:40:40,TLPL479C,0101,Peggy Wilson,25,22,0,2026-07-24 00:19:41
2026-07-23 23:40:40,TLPL479D,0101,Farhaana Nyamekye,20,17,0,2026-07-24 00:19:42
2026-07-23 23:40:40,TLPL479E,0101,Angela Stoltz,0,0,0,2026-07-24 00:19:42
2026-07-23 23:40:40,TLPL479F,0101,Instructor: TBA,15,15,0,2026-07-24 00:19:43
2026-07-23 23:40:40,TLPL479G,0102,Sora Kim,12,7,0,2026-07-24 00:19:43
2026-07-23 23:40:40,TLPL479G,0103,Sora Kim,12,8,0,2026-07-24 00:19:43
2026-07-23 23:40:40,TLPL479G,0104,Sora Kim,12,10,0,2026-07-24 00:19:43
2026-07-23 23:40:40,TLPL479G,0106,Sora Kim,15,4,0,2026-07-24 00:19:43
2026-07-23 23:40:40,TLPL479G,0107,Sora Kim,15,9,0,2026-07-24 00:19:43
2026-07-23 23:40:40,TLPL479G,0108,Sora Kim,15,10,0,2026-07-24 00:19:43
2026-07-23 23:40:40,TLPL479J,0101,Antonio Perez Belda,10,7,0,2026-07-24 00:19:43
2026-07-23 23:40:40,TLPL479L,0101,Melissa Welsh,10,10,0,2026-07-24 00:19:44
2026-07-23 23:40:40,TLPL481,0101,Instructor: TBA,0,0,0,2026-07-24 00:19:44
2026-07-23 23:40:40,TLPL488T,0101,Laura Mahalingappa,10,10,0,2026-07-24 00:19:45
2026-07-23 23:40:40,TLPL489G,0101,Deborah Lewin,0,0,0,2026-07-24 00:19:46
2026-07-23 23:40:40,TLPL489G,0201,Brooke Dalesio,0,0,0,2026-07-24 00:19:46
2026-07-23 23:40:40,TLPL489G,0301,Tracy Dunheimer,0,0,0,2026-07-24 00:19:46
2026-07-23 23:40:40,TLPL489Z,0201,Brooke Dalesio,1,0,0,2026-07-24 00:19:46
2026-07-23 23:40:40,TLPL610,PVL1,Sara Kirschner,20,17,0,2026-07-24 00:19:47
2026-07-23 23:40:40,TLPL611,PXT1,Candice Love,25,16,0,2026-07-24 00:19:47
2026-07-23 23:40:40,TLPL612,PXT2,Carolina Napp-Avelli,25,15,0,2026-07-24 00:19:48
2026-07-23 23:40:40,TLPL625,PXK1,Jennifer Orodeckis,20,18,0,2026-07-24 00:19:48
2026-07-23 23:40:40,TLPL625,PXK4,Jennifer Orodeckis,20,18,0,2026-07-24 00:19:48
2026-07-23 23:40:40,TLPL645,0101,Ying Zhang,20,14,0,2026-07-24 00:19:48
2026-07-23 23:40:40,TLPL647,PXK1,Instructor: TBA,20,18,0,2026-07-24 00:19:49
2026-07-23 23:40:40,TLPL647,PXK4,Instructor: TBA,20,17,0,2026-07-24 00:19:49
2026-07-23 23:40:40,TLPL654,0101,Ayanna Baccus,20,16,0,2026-07-24 00:19:49
2026-07-23 23:40:40,TLPL656,0101,Instructor: TBA,15,10,0,2026-07-24 00:19:50
2026-07-23 23:40:40,TLPL657,0101,Instructor: TBA,25,8,0,2026-07-24 00:19:50
2026-07-23 23:40:40,TLPL661,0101,Shenika Hankerson,15,11,0,2026-07-24 00:19:51
2026-07-23 23:40:40,TLPL664,0101,Jeff MacSwan,20,17,0,2026-07-24 00:19:51
2026-07-23 23:40:40,TLPL665,0101,Instructor: TBA,25,21,0,2026-07-24 00:19:51
2026-07-23 23:40:40,TLPL666,0101,Kellie Rolstad,10,4,0,2026-07-24 00:19:52
2026-07-23 23:40:40,TLPL671,0101,Meghan Comstock,20,2,0,2026-07-24 00:19:52
2026-07-23 23:40:40,TLPL678,0101,Antonio Perez Belda,10,1,0,2026-07-24 00:19:53
2026-07-23 23:40:40,TLPL678,IH69,Cara Grant,5,0,0,2026-07-24 00:19:53
2026-07-23 23:40:40,TLPL681,0101,Campbell Scribner,20,10,0,2026-07-24 00:19:53
2026-07-23 23:40:40,TLPL683,0101,Claudia Galindo,20,6,0,2026-07-24 00:19:54
2026-07-23 23:40:40,TLPL688J,0101,Laura Mahalingappa,15,10,0,2026-07-24 00:19:54
2026-07-23 23:40:40,TLPL688K,0101,Jordan Bell,20,18,0,2026-07-24 00:19:54
2026-07-23 23:40:40,TLPL688X,PVJ1,Andrew Elby,20,15,0,2026-07-24 00:19:55
2026-07-23 23:40:40,TLPL688Y,0101,Meghan Comstock,20,16,0,2026-07-24 00:19:55
2026-07-23 23:40:40,TLPL689,0101,Antonio Perez Belda,10,2,0,2026-07-24 00:19:56
2026-07-23 23:40:40,TLPL689,0201,Loren Jones,10,7,0,2026-07-24 00:19:56
2026-07-23 23:40:40,TLPL689,CE11,Cara Grant,5,0,0,2026-07-24 00:19:56
2026-07-23 23:40:40,TLPL695,0101,Antonio Perez Belda,14,6,0,2026-07-24 00:19:56
2026-07-23 23:40:40,TLPL696,0101,Antonio Perez Belda,5,0,0,2026-07-24 00:19:56
2026-07-23 23:40:40,TLPL698,PXK1,Theresa Robinson,20,18,0,2026-07-24 00:19:57
2026-07-23 23:40:40,TLPL698,PXK4,Theresa Robinson,20,17,0,2026-07-24 00:19:57
2026-07-23 23:40:40,TLPL704,0101,Fengfeng Ke,20,14,0,2026-07-24 00:19:58
2026-07-23 23:40:40,TLPL708A,0101,David Weintrop,10,7,0,2026-07-24 00:19:58
2026-07-23 23:40:40,TLPL708G,0101,David Weintrop,20,14,0,2026-07-24 00:19:59
2026-07-23 23:40:40,TLPL708X,0101,Fengfeng Ke,20,12,0,2026-07-24 00:19:59
2026-07-23 23:40:40,TLPL728,0101,Candice Love,20,18,0,2026-07-24 00:20:00
2026-07-23 23:40:40,TLPL740,PUH3,Laura Mahalingappa,20,20,0,2026-07-24 00:20:00
2026-07-23 23:40:40,TLPL764,0101,Instructor: TBA,20,17,0,2026-07-24 00:20:00
2026-07-23 23:40:40,TLPL774,0101,Tara Brown,20,10,0,2026-07-24 00:20:01
2026-07-23 23:40:40,TLPL777,0101,Rossina Liu,20,7,0,2026-07-24 00:20:02
2026-07-23 23:40:40,TLPL788K,0101,Janet Walkoe,20,14,0,2026-07-24 00:20:02
2026-07-23 23:40:40,TLPL788M,0101,Meghan Comstock,15,9,0,2026-07-24 00:20:03
2026-07-23 23:40:40,TLPL788Z,0101,Keisha Allen,25,23,0,2026-07-24 00:20:03
2026-07-23 23:40:40,TLPL791,0101,Jennifer Turner,20,12,0,2026-07-24 00:20:04
2026-07-23 23:40:40,TLPL792,0101,Reka Barton,20,10,0,2026-07-24 00:20:04
2026-07-23 23:40:40,TLPL794,0101,Andrew Brantlinger,24,16,0,2026-07-24 00:20:05
2026-07-23 23:40:40,TLPL795,0101,Andrew Elby,25,9,0,2026-07-24 00:20:05
2026-07-23 23:40:40,TLPL796,0101,Jordan Bell,18,8,0,2026-07-24 00:20:06
2026-07-23 23:40:40,TLPL840,0101,Jennifer Turner,25,17,0,2026-07-24 00:20:07
2026-07-23 23:40:40,TLPL868,0101,Instructor: TBA,20,19,0,2026-07-24 00:20:07
2026-07-23 23:40:40,TLTC310,0101,Danielle Pafe,0,0,0,2026-07-24 00:20:11
2026-07-23 23:40:40,TLTC310,0201,Danielle Pafe,20,20,0,2026-07-24 00:20:11
2026-07-23 23:40:40,TLTC333,0101,Mona Thompson,55,31,0,2026-07-24 00:20:11
2026-07-23 23:40:40,TLTC333,0102,Mona Thompson,55,33,0,2026-07-24 00:20:11
2026-07-23 23:40:40,TLTC333,0105,Mona Thompson,57,41,0,2026-07-24 00:20:11
2026-07-23 23:40:40,TLTC499A,0101,Mona Thompson,10,8,0,2026-07-24 00:20:12
2026-07-23 23:40:40,TLTC499A,0102,Danielle Pafe,10,10,0,2026-07-24 00:20:12
2026-07-23 23:40:40,UMEI005,0101,Marilena Draganescu,15,11,0,2026-07-24 00:20:14
2026-07-23 23:40:40,UMEI005,0201,Marilena Draganescu,15,12,0,2026-07-24 00:20:14
2026-07-23 23:40:40,UMEI005,0301,Charles Duquette,15,15,0,2026-07-24 00:20:14
2026-07-23 23:40:40,UMEI012,0101,Heather Mehrtens,10,10,0,2026-07-24 00:20:14
2026-07-23 23:40:40,UMEI013,0101,Heather Mehrtens,16,16,0,2026-07-24 00:20:15
2026-07-23 23:40:40,UMEI028A,0101,Louise Godley,16,16,0,2026-07-24 00:20:15
2026-07-23 23:40:40,UMEI506,0101,Louise Godley,16,3,0,2026-07-24 00:20:16
2026-07-23 23:40:40,UMEI506,0201,Raymond Smith,16,14,0,2026-07-24 00:20:16
2026-07-23 23:40:40,UMEI507,0101,Charles Duquette,15,9,0,2026-07-24 00:20:16
2026-07-23 23:40:40,UMEI507,0201,Charles Duquette,15,13,0,2026-07-24 00:20:16
2026-07-23 23:40:40,UNIV099,0101,Xiaotong Lu,90,71,0,2026-07-24 00:20:18
2026-07-23 23:40:40,UNIV100,0101,Ulysses Crawford,20,0,0,2026-07-24 00:20:19
2026-07-23 23:40:40,UNIV100,0102,Gregory Shaffer,20,0,1,2026-07-24 00:20:19
2026-07-23 23:40:40,UNIV100,0201,Kenneth Kokason,27,0,1,2026-07-24 00:20:19
2026-07-23 23:40:40,UNIV100,0202,Emily Sessa,27,0,1,2026-07-24 00:20:19
2026-07-23 23:40:40,UNIV100,0204,Emily Sessa,27,0,3,2026-07-24 00:20:19
2026-07-23 23:40:40,UNIV100,0206,Miriam Fraga,25,0,2,2026-07-24 00:20:19
2026-07-23 23:40:40,UNIV100,0207,Rosalyn Anderson-Howell,27,0,3,2026-07-24 00:20:19
2026-07-23 23:40:40,UNIV100,0208,Instructor: TBA,27,0,3,2026-07-24 00:20:19
2026-07-23 23:40:40,UNIV100,0210,TC Lloyd,27,0,1,2026-07-24 00:20:19
2026-07-23 23:40:40,UNIV100,0214,Kimberly Bellafiore,27,0,2,2026-07-24 00:20:19
2026-07-23 23:40:40,UNIV100,0305,Christopher Lester,40,16,0,2026-07-24 00:20:19
2026-07-23 23:40:40,UNIV100,0306,Christopher Lester,40,24,0,2026-07-24 00:20:19
2026-07-23 23:40:40,UNIV100,0501,Andrea Torres Negron,25,5,0,2026-07-24 00:20:19
2026-07-23 23:40:40,UNIV100,0502,Christie De Leon,20,9,0,2026-07-24 00:20:19
2026-07-23 23:40:40,UNIV100,0505,Amber Dickson,20,9,0,2026-07-24 00:20:19
2026-07-23 23:40:40,UNIV100,0802,Kelly Marbury,20,3,0,2026-07-24 00:20:19
2026-07-23 23:40:40,UNIV100,0804,Christopher Villalobos,20,0,0,2026-07-24 00:20:19
2026-07-23 23:40:40,UNIV100,0806,Caroline Marr,20,8,0,2026-07-24 00:20:19
2026-07-23 23:40:40,UNIV100,0807,Lambert Aryee,20,0,2,2026-07-24 00:20:19
2026-07-23 23:40:40,UNIV100,0808,Amanda Dennis Wheeler,20,2,0,2026-07-24 00:20:19
2026-07-23 23:40:40,UNIV100,0820,Tara Feikes,20,0,1,2026-07-24 00:20:19
2026-07-23 23:40:40,UNIV100,0841,Isaiah Willett,20,0,1,2026-07-24 00:20:19
2026-07-23 23:40:40,UNIV100,0852,Alexander Willie,20,0,1,2026-07-24 00:20:19
2026-07-23 23:40:40,UNIV100,1101,Instructor: TBA,15,0,0,2026-07-24 00:20:19
2026-07-23 23:40:40,UNIV100,1103,Instructor: TBA,15,0,4,2026-07-24 00:20:19
2026-07-23 23:40:40,UNIV100,1105,Instructor: TBA,15,5,0,2026-07-24 00:20:19
2026-07-23 23:40:40,UNIV100,1201,Michelle Kong,20,0,0,2026-07-24 00:20:19
2026-07-23 23:40:40,UNIV100,1202,Michelle Kong,20,6,0,2026-07-24 00:20:19
2026-07-23 23:40:40,UNIV100,1203,Kayla Hoffman,24,11,0,2026-07-24 00:20:19
2026-07-23 23:40:40,UNIV100,1204,Lawrence Hoffman,20,1,0,2026-07-24 00:20:19
2026-07-23 23:40:40,UNIV100,1205,Felicia Low,24,8,0,2026-07-24 00:20:19
2026-07-23 23:40:40,UNIV100,1206,April Khaing,20,0,0,2026-07-24 00:20:19
2026-07-23 23:40:40,UNIV100,1207,Elaine Rudder,20,8,0,2026-07-24 00:20:19
2026-07-23 23:40:40,UNIV100,1208,Tia Cunningham,20,2,0,2026-07-24 00:20:19
2026-07-23 23:40:40,UNIV100,1209,Samantha Griffin,24,0,0,2026-07-24 00:20:19
2026-07-23 23:40:40,UNIV100,1210,Caitlin Minch,20,1,0,2026-07-24 00:20:19
2026-07-23 23:40:40,UNIV100,1211,Kendyl Oliver,24,4,0,2026-07-24 00:20:19
2026-07-23 23:40:40,UNIV100,1212,Lindsey Winter,20,0,0,2026-07-24 00:20:19
2026-07-23 23:40:40,UNIV100,1213,Instructor: TBA,20,12,0,2026-07-24 00:20:19
2026-07-23 23:40:40,UNIV100,1214,Renee Stokes,24,0,0,2026-07-24 00:20:19
2026-07-23 23:40:40,UNIV100,1503,Heather Buchanan,20,19,0,2026-07-24 00:20:19
2026-07-23 23:40:40,UNIV100,1504,Instructor: TBA,20,18,0,2026-07-24 00:20:19
2026-07-23 23:40:40,UNIV100,FC01,Neil Dhingra,20,0,0,2026-07-24 00:20:19
2026-07-23 23:40:40,UNIV100,FC02,Jeanea Wallace,20,0,0,2026-07-24 00:20:19
2026-07-23 23:40:40,UNIV100,FC03,Ryan Knapp,20,0,0,2026-07-24 00:20:19
2026-07-23 23:40:40,UNIV100,FC04,Monica Simonsen,20,0,0,2026-07-24 00:20:19
2026-07-23 23:40:40,UNIV100,FC05,Tristen Mayer,20,0,0,2026-07-24 00:20:19
2026-07-23 23:40:40,UNIV100,FC06,Olga Rozman,20,0,0,2026-07-24 00:20:19
2026-07-23 23:40:40,UNIV100,FC07,Denise McHugh,20,0,0,2026-07-24 00:20:19
2026-07-23 23:40:40,UNIV100,FC08,Carla Partlow,20,0,0,2026-07-24 00:20:19
2026-07-23 23:40:40,UNIV100,FC09,Rosalyn Anderson-Howell,20,0,0,2026-07-24 00:20:19
2026-07-23 23:40:40,UNIV100,FC10,Sandra Crespin Melgar,20,0,0,2026-07-24 00:20:19
2026-07-23 23:40:40,UNIV100,FC11,Valencia Brown,20,0,0,2026-07-24 00:20:19
2026-07-23 23:40:40,UNIV100,FC12,Steven Young,20,0,0,2026-07-24 00:20:19
2026-07-23 23:40:40,UNIV100,FC13,Brianna Ladd,20,2,0,2026-07-24 00:20:19
2026-07-23 23:40:40,UNIV100,FC14,Lynn Truong,20,1,0,2026-07-24 00:20:19
2026-07-23 23:40:40,UNIV100,FC15,Phylicia Nance,20,1,0,2026-07-24 00:20:19
2026-07-23 23:40:40,UNIV100,FC16,Alana Ebert-Zavos,20,0,0,2026-07-24 00:20:19
2026-07-23 23:40:40,UNIV100,FC17,Emily Sessa,19,0,0,2026-07-24 00:20:19
2026-07-23 23:40:40,UNIV100,FC18,Uma Balaji,20,1,0,2026-07-24 00:20:19
2026-07-23 23:40:40,UNIV100,FC20,Heather Gray,20,0,0,2026-07-24 00:20:19
2026-07-23 23:40:40,UNIV100,FC21,Caroline Marr,20,0,0,2026-07-24 00:20:19
2026-07-23 23:40:40,UNIV100,FC22,Gerard Boulin,20,0,0,2026-07-24 00:20:19
2026-07-23 23:40:40,UNIV100,FC23,Gregory Shaffer,20,0,0,2026-07-24 00:20:19
2026-07-23 23:40:40,UNIV100,FC24,Jeany Cadet,20,0,0,2026-07-24 00:20:19
2026-07-23 23:40:40,UNIV100,FC25,Tara Feikes,20,0,0,2026-07-24 00:20:19
2026-07-23 23:40:40,UNIV100,FC27,Jaime Theilen,20,1,0,2026-07-24 00:20:19
2026-07-23 23:40:40,UNIV100,FC29,Sofia Carrasco,20,0,0,2026-07-24 00:20:19
2026-07-23 23:40:40,UNIV100,FC30,Teniqua Coates-Singh,20,0,0,2026-07-24 00:20:19
2026-07-23 23:40:40,UNIV100,FC31,Instructor: TBA,20,0,0,2026-07-24 00:20:19
2026-07-23 23:40:40,UNIV100,FC32,Sharon Vanwright,20,0,0,2026-07-24 00:20:19
2026-07-23 23:40:40,UNIV100,FC36,Nicki Kern,20,0,0,2026-07-24 00:20:19
2026-07-23 23:40:40,UNIV100,FC38,Juan Henry,20,0,0,2026-07-24 00:20:19
2026-07-23 23:40:40,UNIV100,FC39,Diana Bridgett,19,0,0,2026-07-24 00:20:19
2026-07-23 23:40:40,UNIV100,FC40,Ashley Sankowski,20,0,0,2026-07-24 00:20:19
2026-07-23 23:40:40,UNIV100,FC41,Jonathan Johnson,20,0,0,2026-07-24 00:20:19
2026-07-23 23:40:40,UNIV100,FC42,Julia Crooks,20,1,0,2026-07-24 00:20:19
2026-07-23 23:40:40,UNIV100,FC43,Tyrese Fenty,20,0,0,2026-07-24 00:20:19
2026-07-23 23:40:40,UNIV100,FC44,Christopher Villalobos,20,7,0,2026-07-24 00:20:19
2026-07-23 23:40:40,UNIV100,FC45,Julie Steinhorn,20,0,0,2026-07-24 00:20:19
2026-07-23 23:40:40,UNIV100,FC46,Marcal Graham,20,9,0,2026-07-24 00:20:19
2026-07-23 23:40:40,UNIV100,FC47,Chamika Ellis,20,1,0,2026-07-24 00:20:19
2026-07-23 23:40:40,UNIV100,FC50,MaryAnn Santos,20,4,0,2026-07-24 00:20:19
2026-07-23 23:40:40,UNIV100,FC51,Bobbie Tchopev,20,1,0,2026-07-24 00:20:19
2026-07-23 23:40:40,UNIV100,FC53,Daniel Hairfield,20,1,0,2026-07-24 00:20:19
2026-07-23 23:40:40,UNIV100,FC56,Andrew Muir,20,0,0,2026-07-24 00:20:19
2026-07-23 23:40:40,UNIV100,FC60,Ayanna Samuels-Francis,20,0,0,2026-07-24 00:20:19
2026-07-23 23:40:40,UNIV100,FC61,Eric Johnson,20,0,0,2026-07-24 00:20:19
2026-07-23 23:40:40,UNIV100,FCW1,Sue Johnston,18,0,0,2026-07-24 00:20:19
2026-07-23 23:40:40,UNIV100,FCW2,Instructor: TBA,18,0,0,2026-07-24 00:20:19
2026-07-23 23:40:40,UNIV100,FCW3,Erik Hanson,18,0,0,2026-07-24 00:20:19
2026-07-23 23:40:40,UNIV100,FCW6,Vanessa Georgiadis,18,0,0,2026-07-24 00:20:19
2026-07-23 23:40:40,UNIV100,FCW7,Genna Godley,20,0,0,2026-07-24 00:20:19
2026-07-23 23:40:40,UNIV106,0401,Keanu Stovall,20,0,0,2026-07-24 00:20:19
2026-07-23 23:40:40,UNIV106,0402,Melissa Hyre,20,7,0,2026-07-24 00:20:19
2026-07-23 23:40:40,UNIV106,0403,JV Sapinoso,20,1,0,2026-07-24 00:20:19
2026-07-23 23:40:40,UNIV108,FC02,Kelly Marbury,30,11,0,2026-07-24 00:20:19
2026-07-23 23:40:40,UNIV110,0101,Lisa Kiely,19,0,0,2026-07-24 00:20:20
2026-07-23 23:40:40,UNIV110,0102,Lisa Kiely,19,0,0,2026-07-24 00:20:20
2026-07-23 23:40:40,UNIV110,0103,Lisa Kiely,19,9,0,2026-07-24 00:20:20
2026-07-23 23:40:40,UNIV110,0104,Lisa Kiely,19,17,0,2026-07-24 00:20:20
2026-07-23 23:40:40,UNIV110,0105,Lisa Kiely,19,19,0,2026-07-24 00:20:20
2026-07-23 23:40:40,UNIV362,0101,Instructor: TBA,25,0,0,2026-07-24 00:20:20
2026-07-23 23:40:40,UNIV362,0102,Instructor: TBA,20,0,1,2026-07-24 00:20:20
2026-07-23 23:40:40,UNIV362,0106,Instructor: TBA,25,4,0,2026-07-24 00:20:20
2026-07-23 23:40:40,UNIV389J,0101,Jayakumar Arasan,25,14,0,2026-07-24 00:20:21
2026-07-23 23:40:40,UNIV389J,0201,Jayakumar Arasan,25,25,0,2026-07-24 00:20:21
2026-07-23 23:40:40,UNIV399,0101,Jayakumar Arasan,10,8,0,2026-07-24 00:20:21
2026-07-23 23:40:40,UNIV399,0201,Jayakumar Arasan,10,9,0,2026-07-24 00:20:21
2026-07-23 23:40:40,URSP250,0101,Eric Burnstein,36,0,0,2026-07-24 00:20:23
2026-07-23 23:40:40,URSP250,0102,Eric Burnstein,36,12,0,2026-07-24 00:20:23
2026-07-23 23:40:40,URSP250,0103,Eric Burnstein,13,0,0,2026-07-24 00:20:23
2026-07-23 23:40:40,URSP250,0104,Eric Burnstein,13,12,0,2026-07-24 00:20:23
2026-07-23 23:40:40,URSP601,0101,Chengri Ding,25,8,0,2026-07-24 00:20:24
2026-07-23 23:40:40,URSP604,0101,Ariel Bierbaum,20,0,1,2026-07-24 00:20:24
2026-07-23 23:40:40,URSP605,0101,Kathryn Howell,25,6,0,2026-07-24 00:20:25
2026-07-23 23:40:40,URSP606,0101,Chengri Ding,15,4,0,2026-07-24 00:20:25
2026-07-23 23:40:40,URSP611,0101,Md Alam,20,8,0,2026-07-24 00:20:25
2026-07-23 23:40:40,URSP672,0101,Riem ElZoghbi,16,13,0,2026-07-24 00:20:26
2026-07-23 23:40:40,URSP688I,0101,David Rouse,15,11,0,2026-07-24 00:20:26
2026-07-23 23:40:40,URSP688O,0101,Casey Dawkins,20,5,0,2026-07-24 00:20:27
2026-07-23 23:40:40,URSP708,0101,Gerrit Knaap,12,7,0,2026-07-24 00:20:27
2026-07-23 23:40:40,URSP709,0101,Casey Dawkins,20,20,0,2026-07-24 00:20:27
2026-07-23 23:40:40,URSP709,0102,Kathryn Howell,5,5,0,2026-07-24 00:20:27
2026-07-23 23:40:40,URSP709,1001,Gerrit Knaap,20,20,0,2026-07-24 00:20:27
2026-07-23 23:40:40,URSP709,1201,Chengri Ding,20,20,0,2026-07-24 00:20:27
2026-07-23 23:40:40,URSP709,1401,Marccus Hendricks,20,20,0,2026-07-24 00:20:27
2026-07-23 23:40:40,URSP709,1501,Ariel Bierbaum,20,20,0,2026-07-24 00:20:27
2026-07-23 23:40:40,URSP709,1601,Hiroyuki Iseki,20,20,0,2026-07-24 00:20:27
2026-07-23 23:40:40,URSP709,1701,Instructor: TBA,20,20,0,2026-07-24 00:20:27
2026-07-23 23:40:40,URSP709,1801,Instructor: TBA,20,20,0,2026-07-24 00:20:27
2026-07-23 23:40:40,URSP709,2103,Willow Lung,20,20,0,2026-07-24 00:20:27
2026-07-23 23:40:40,URSP709,2107,Clara Irazabal Zurita,20,19,0,2026-07-24 00:20:27
2026-07-23 23:40:40,URSP709,2108,Nicholas Finio,3,3,0,2026-07-24 00:20:27
2026-07-23 23:40:40,USLT201,0101,Robert Chester,25,6,0,2026-07-24 00:20:31
2026-07-23 23:40:40,USLT320,0101,Nancy Mirabal,20,20,0,2026-07-24 00:20:32
2026-07-23 23:40:40,USLT398C,0101,Angela Pico Pinto,25,20,0,2026-07-24 00:20:32
2026-07-23 23:40:40,USLT450,0101,Robert Chester,20,0,5,2026-07-24 00:20:33
2026-07-23 23:40:40,USLT498C,0101,Ana Rodriguez,20,18,0,2026-07-24 00:20:33
2026-07-23 23:40:40,VIPS208,0101,Mary Bowden,10,10,0,2026-07-24 00:20:35
2026-07-23 23:40:40,VIPS208,0102,Ken Kiger,10,6,0,2026-07-24 00:20:35
2026-07-23 23:40:40,VIPS208,0103,Bryan Quinn,10,6,0,2026-07-24 00:20:35
2026-07-23 23:40:40,VIPS208,0104,Ryan Sochol,10,3,0,2026-07-24 00:20:35
2026-07-23 23:40:40,VIPS208,0105,Molly Carton,10,7,0,2026-07-24 00:20:35
2026-07-23 23:40:40,VIPS208,0106,James Baeder,10,4,0,2026-07-24 00:20:35
2026-07-23 23:40:40,VIPS208,0107,Catherine Spirito,10,6,0,2026-07-24 00:20:35
2026-07-23 23:40:40,VIPS208,0108,Ronald Yaros,10,4,0,2026-07-24 00:20:35
2026-07-23 23:40:40,VIPS208,0109,Carinna Ferguson,10,6,0,2026-07-24 00:20:35
2026-07-23 23:40:40,VIPS208,0110,Tracy Riggins,15,2,0,2026-07-24 00:20:35
2026-07-23 23:40:40,VIPS208,0111,Kevin Calabro,13,5,0,2026-07-24 00:20:35
2026-07-23 23:40:40,VIPS208,0112,Raffaele Viglianti,10,6,0,2026-07-24 00:20:35
2026-07-23 23:40:40,VIPS208,0113,Shabnam Jabeen,10,4,0,2026-07-24 00:20:35
2026-07-23 23:40:40,VIPS208,0114,Ning Zeng,15,6,0,2026-07-24 00:20:35
2026-07-23 23:40:40,VIPS208,0115,Veronica Kang,10,5,0,2026-07-24 00:20:35
2026-07-23 23:40:40,VIPS208,0116,David Stewart,10,0,0,2026-07-24 00:20:35
2026-07-23 23:40:40,VIPS208,0117,Meredith Epstein,10,8,0,2026-07-24 00:20:35
2026-07-23 23:40:40,VIPS208,0118,Magaly Toro Ibaceta,10,8,0,2026-07-24 00:20:35
2026-07-23 23:40:40,VIPS208,0120,Marisa Parham,10,6,0,2026-07-24 00:20:35
2026-07-23 23:40:40,VIPS208,0121,Becky Epanchin-Niell,10,3,0,2026-07-24 00:20:35
2026-07-23 23:40:40,VIPS208,0122,Timothy Reedy,10,4,0,2026-07-24 00:20:35
2026-07-23 23:40:40,VIPS208,0123,Lingnan Lin,10,1,0,2026-07-24 00:20:35
2026-07-23 23:40:40,VIPS208,0124,Jeffrey Moro,10,5,0,2026-07-24 00:20:35
2026-07-23 23:40:40,VIPS208,0125,Peter Sunderland,10,4,0,2026-07-24 00:20:35
2026-07-23 23:40:40,VIPS208,0126,Brienna Anderson,10,3,0,2026-07-24 00:20:35
2026-07-23 23:40:40,VIPS308,0101,Mary Bowden,10,9,0,2026-07-24 00:20:35
2026-07-23 23:40:40,VIPS308,0102,Ken Kiger,10,3,0,2026-07-24 00:20:35
2026-07-23 23:40:40,VIPS308,0103,Bryan Quinn,10,3,0,2026-07-24 00:20:35
2026-07-23 23:40:40,VIPS308,0104,Ryan Sochol,10,6,0,2026-07-24 00:20:35
2026-07-23 23:40:40,VIPS308,0105,Molly Carton,10,4,0,2026-07-24 00:20:35
2026-07-23 23:40:40,VIPS308,0106,James Baeder,10,6,0,2026-07-24 00:20:35
2026-07-23 23:40:40,VIPS308,0107,Catherine Spirito,10,8,0,2026-07-24 00:20:35
2026-07-23 23:40:40,VIPS308,0108,Ronald Yaros,10,10,0,2026-07-24 00:20:35
2026-07-23 23:40:40,VIPS308,0109,Carinna Ferguson,10,7,0,2026-07-24 00:20:35
2026-07-23 23:40:40,VIPS308,0110,Tracy Riggins,10,4,0,2026-07-24 00:20:35
2026-07-23 23:40:40,VIPS308,0111,Kevin Calabro,10,6,0,2026-07-24 00:20:35
2026-07-23 23:40:40,VIPS308,0112,Raffaele Viglianti,10,10,0,2026-07-24 00:20:35
2026-07-23 23:40:40,VIPS308,0113,Shabnam Jabeen,10,8,0,2026-07-24 00:20:35
2026-07-23 23:40:40,VIPS308,0114,Ning Zeng,10,9,0,2026-07-24 00:20:35
2026-07-23 23:40:40,VIPS308,0115,Veronica Kang,10,9,0,2026-07-24 00:20:35
2026-07-23 23:40:40,VIPS308,0116,David Stewart,10,10,0,2026-07-24 00:20:35
2026-07-23 23:40:40,VIPS308,0117,Meredith Epstein,10,8,0,2026-07-24 00:20:35
2026-07-23 23:40:40,VIPS308,0118,Magaly Toro Ibaceta,10,10,0,2026-07-24 00:20:35
2026-07-23 23:40:40,VIPS308,0120,Marisa Parham,10,10,0,2026-07-24 00:20:35
2026-07-23 23:40:40,VIPS308,0121,Becky Epanchin-Niell,10,10,0,2026-07-24 00:20:35
2026-07-23 23:40:40,VIPS308,0122,Timothy Reedy,10,10,0,2026-07-24 00:20:35
2026-07-23 23:40:40,VIPS308,0123,Lingnan Lin,10,10,0,2026-07-24 00:20:35
2026-07-23 23:40:40,VIPS308,0124,Jeffrey Moro,10,10,0,2026-07-24 00:20:35
2026-07-23 23:40:40,VIPS308,0125,Peter Sunderland,10,10,0,2026-07-24 00:20:35
2026-07-23 23:40:40,VIPS308,0126,Brienna Anderson,10,10,0,2026-07-24 00:20:35
2026-07-23 23:40:40,VIPS408,0101,Mary Bowden,10,6,0,2026-07-24 00:20:36
2026-07-23 23:40:40,VIPS408,0102,Ken Kiger,10,8,0,2026-07-24 00:20:36
2026-07-23 23:40:40,VIPS408,0103,Bryan Quinn,10,4,0,2026-07-24 00:20:36
2026-07-23 23:40:40,VIPS408,0104,Ryan Sochol,10,8,0,2026-07-24 00:20:36
2026-07-23 23:40:40,VIPS408,0105,Molly Carton,10,8,0,2026-07-24 00:20:36
2026-07-23 23:40:40,VIPS408,0106,James Baeder,10,7,0,2026-07-24 00:20:36
2026-07-23 23:40:40,VIPS408,0107,Catherine Spirito,10,10,0,2026-07-24 00:20:36
2026-07-23 23:40:40,VIPS408,0108,Ronald Yaros,10,8,0,2026-07-24 00:20:36
2026-07-23 23:40:40,VIPS408,0109,Carinna Ferguson,10,9,0,2026-07-24 00:20:36
2026-07-23 23:40:40,VIPS408,0110,Tracy Riggins,10,10,0,2026-07-24 00:20:36
2026-07-23 23:40:40,VIPS408,0111,Kevin Calabro,10,8,0,2026-07-24 00:20:36
2026-07-23 23:40:40,VIPS408,0112,Raffaele Viglianti,10,9,0,2026-07-24 00:20:36
2026-07-23 23:40:40,VIPS408,0113,Shabnam Jabeen,10,10,0,2026-07-24 00:20:36
2026-07-23 23:40:40,VIPS408,0114,Ning Zeng,10,10,0,2026-07-24 00:20:36
2026-07-23 23:40:40,VIPS408,0115,Veronica Kang,10,10,0,2026-07-24 00:20:36
2026-07-23 23:40:40,VIPS408,0116,David Stewart,10,10,0,2026-07-24 00:20:36
2026-07-23 23:40:40,VIPS408,0117,Meredith Epstein,10,10,0,2026-07-24 00:20:36
2026-07-23 23:40:40,VIPS408,0118,Magaly Toro Ibaceta,10,9,0,2026-07-24 00:20:36
2026-07-23 23:40:40,VIPS408,0120,Marisa Parham,10,10,0,2026-07-24 00:20:36
2026-07-23 23:40:40,VIPS408,0121,Becky Epanchin-Niell,10,10,0,2026-07-24 00:20:36
2026-07-23 23:40:40,VIPS408,0122,Timothy Reedy,10,10,0,2026-07-24 00:20:36
2026-07-23 23:40:40,VIPS408,0123,Lingnan Lin,10,10,0,2026-07-24 00:20:36
2026-07-23 23:40:40,VIPS408,0124,Jeffrey Moro,10,10,0,2026-07-24 00:20:36
2026-07-23 23:40:40,VIPS408,0125,Peter Sunderland,10,10,0,2026-07-24 00:20:36
2026-07-23 23:40:40,VIPS408,0126,Brienna Anderson,10,10,0,2026-07-24 00:20:36
2026-07-23 23:40:40,VMSC610,0101,George Belov,10,7,0,2026-07-24 00:20:38
2026-07-23 23:40:40,VMSC698,0101,Weizhong Li,20,18,0,2026-07-24 00:20:38
2026-07-23 23:40:40,VMSC758,0101,Seth Dickey,10,8,0,2026-07-24 00:20:39
2026-07-23 23:40:40,VMSC760,0101,Jaekeun Park,20,20,0,2026-07-24 00:20:39
2026-07-23 23:40:40,WEID139B,0101,Leslie Krafft,48,25,0,2026-07-24 00:20:42
2026-07-23 23:40:40,WEID139L,0201,Taylor Green,48,22,0,2026-07-24 00:20:43
2026-07-23 23:40:40,WGSS200,0101,Sydney Lewis,25,16,0,2026-07-24 00:20:45
2026-07-23 23:40:40,WGSS200,0102,Sydney Lewis,25,14,0,2026-07-24 00:20:45
2026-07-23 23:40:40,WGSS205,0101,Aisha Matthews,25,0,37,2026-07-24 00:20:45
2026-07-23 23:40:40,WGSS205,FC01,Shameem Razack,25,0,2,2026-07-24 00:20:45
2026-07-23 23:40:40,WGSS211,0101,Katarina Keane,23,0,0,2026-07-24 00:20:46
2026-07-23 23:40:40,WGSS211,0102,Katarina Keane,23,0,0,2026-07-24 00:20:46
2026-07-23 23:40:40,WGSS211,0103,Katarina Keane,23,0,0,2026-07-24 00:20:46
2026-07-23 23:40:40,WGSS250,0101,Michelle Rowley,20,8,0,2026-07-24 00:20:46
2026-07-23 23:40:40,WGSS250,0102,Michelle Rowley,20,18,0,2026-07-24 00:20:46
2026-07-23 23:40:40,WGSS250,0103,Michelle Rowley,20,16,0,2026-07-24 00:20:46
2026-07-23 23:40:40,WGSS250,0301,Lidia Garcia Berrelleza,24,7,0,2026-07-24 00:20:46
2026-07-23 23:40:40,WGSS255,0101,Rashi Maheshwari,27,0,0,2026-07-24 00:20:47
2026-07-23 23:40:40,WGSS271,0101,Sydney Lewis,30,0,0,2026-07-24 00:20:47
2026-07-23 23:40:40,WGSS275,0201,Abhinav Bhardwaj,27,1,0,2026-07-24 00:20:47
2026-07-23 23:40:40,WGSS290,0101,Jessica Mathiason,30,0,7,2026-07-24 00:20:48
2026-07-23 23:40:40,WGSS290,0301,Jessica Mathiason,30,0,6,2026-07-24 00:20:48
2026-07-23 23:40:40,WGSS291,0101,Will Mosley,25,9,0,2026-07-24 00:20:48
2026-07-23 23:40:40,WGSS298Q,0201,Instructor: TBA,25,0,1,2026-07-24 00:20:49
2026-07-23 23:40:40,WGSS301,0101,Shelbi Meissner,15,1,0,2026-07-24 00:20:49
2026-07-23 23:40:40,WGSS305,0101,Jessica Mathiason,30,0,2,2026-07-24 00:20:49
2026-07-23 23:40:40,WGSS319E,0101,Eva Hageman,30,0,0,2026-07-24 00:20:50
2026-07-23 23:40:40,WGSS336,0101,Karoline Trovato,99,0,26,2026-07-24 00:20:50
2026-07-23 23:40:40,WGSS360,0101,Michelle Rowley,35,26,0,2026-07-24 00:20:51
2026-07-23 23:40:40,WGSS379I,0101,Shelbi Meissner,18,13,0,2026-07-24 00:20:52
2026-07-23 23:40:40,WGSS379I,0201,Shelbi Meissner,18,0,1,2026-07-24 00:20:52
2026-07-23 23:40:40,WGSS422,0101,Jennifer Cho,25,5,0,2026-07-24 00:20:53
2026-07-23 23:40:40,WGSS428J,0101,Ruth Enid Zambrana,10,9,0,2026-07-24 00:20:53
2026-07-23 23:40:40,WGSS488G,0101,Sayan Bhattacharya,20,12,0,2026-07-24 00:20:54
2026-07-23 23:40:40,WGSS498A,0101,Karen O'Brien,27,0,7,2026-07-24 00:20:55
2026-07-23 23:40:40,WGSS601,0101,Sayan Bhattacharya,12,7,0,2026-07-24 00:20:56
2026-07-23 23:40:40,WGSS618,0101,Michelle Rowley,3,0,0,2026-07-24 00:20:56
2026-07-23 23:40:40,WGSS628,0101,Shelbi Meissner,12,4,0,2026-07-24 00:20:57
2026-07-23 23:40:40,WGSS698E,0101,Eva Hageman,15,10,0,2026-07-24 00:20:58
2026-07-23 23:40:40,WGSS698J,0101,Ruth Enid Zambrana,10,3,0,2026-07-24 00:20:58
2026-07-23 23:40:40,WGSS698U,0101,Will Mosley,14,12,0,2026-07-24 00:20:58
