Timestamp,Course,Section,Instructor,Total_Seats,Open_Seats,Waitlist,Fetch_Time
2026-09-06 01:22:33,AAAS100,0101,Shane Walsh,35,0,0,2026-09-06 01:22:35
2026-09-06 01:22:33,AAAS100,0201,Shane Walsh,35,0,0,2026-09-06 01:22:35
2026-09-06 01:22:33,AAAS100,0301,George Kintiba,70,37,0,2026-09-06 01:22:35
2026-09-06 01:22:33,AAAS100,0401,Jason Nichols,30,0,0,2026-09-06 01:22:35
2026-09-06 01:22:33,AAAS100,0501,Jason Nichols,35,0,0,2026-09-06 01:22:35
2026-09-06 01:22:33,AAAS101,0101,Chinyere Osuji,40,1,0,2026-09-06 01:22:36
2026-09-06 01:22:33,AAAS187,0101,Robert Choflet,30,1,0,2026-09-06 01:22:38
2026-09-06 01:22:33,AAAS187,0201,Joseph Richardson,30,0,0,2026-09-06 01:22:38
2026-09-06 01:22:33,AAAS200,0101,George Kintiba,40,4,0,2026-09-06 01:22:38
2026-09-06 01:22:33,AAAS202,0101,Robert Choflet,35,5,0,2026-09-06 01:22:38
2026-09-06 01:22:33,AAAS202,0201,Robert Choflet,35,6,0,2026-09-06 01:22:38
2026-09-06 01:22:33,AAAS202,0301,Angelica Dunbar,35,3,0,2026-09-06 01:22:38
2026-09-06 01:22:33,AAAS202,0401,Ashley Everson,35,0,0,2026-09-06 01:22:38
2026-09-06 01:22:33,AAAS202,0501,Ashley Everson,20,1,0,2026-09-06 01:22:38
2026-09-06 01:22:33,AAAS210,0101,Angelica Dunbar,20,16,0,2026-09-06 01:22:39
2026-09-06 01:22:33,AAAS211,0101,Shane Walsh,30,0,0,2026-09-06 01:22:40
2026-09-06 01:22:33,AAAS230,0101,Ashley Newby,30,0,0,2026-09-06 01:22:40
2026-09-06 01:22:33,AAAS230,0201,Ashley Newby,30,0,0,2026-09-06 01:22:40
2026-09-06 01:22:33,AAAS234,0201,Mike Kolakoski,30,2,0,2026-09-06 01:22:40
2026-09-06 01:22:33,AAAS254,0101,Christopher Bonner,40,2,0,2026-09-06 01:22:41
2026-09-06 01:22:33,AAAS271,0101,Sydney Lewis,30,0,0,2026-09-06 01:22:42
2026-09-06 01:22:33,AAAS310,0101,George Kintiba,25,20,0,2026-09-06 01:22:42
2026-09-06 01:22:33,AAAS320,0101,Cecily Jackson,25,0,0,2026-09-06 01:22:43
2026-09-06 01:22:33,AAAS320,0201,Cecily Jackson,25,0,0,2026-09-06 01:22:43
2026-09-06 01:22:33,AAAS325,0101,Traci Dula,20,3,0,2026-09-06 01:22:44
2026-09-06 01:22:33,AAAS350,0101,John Drabinski,20,0,0,2026-09-06 01:22:44
2026-09-06 01:22:33,AAAS361,0101,Michelle Rowley,35,24,0,2026-09-06 01:22:44
2026-09-06 01:22:33,AAAS386,0101,Marshal Washington,10,10,0,2026-09-06 01:22:45
2026-09-06 01:22:33,AAAS397,0101,John Drabinski,2,2,0,2026-09-06 01:22:45
2026-09-06 01:22:33,AAAS397,0201,Angelica Dunbar,2,2,0,2026-09-06 01:22:45
2026-09-06 01:22:33,AAAS397,0301,Sharon Harley,2,2,0,2026-09-06 01:22:45
2026-09-06 01:22:33,AAAS397,0401,Cecily Jackson,2,2,0,2026-09-06 01:22:45
2026-09-06 01:22:33,AAAS397,0501,Sangeetha Madhavan,2,2,0,2026-09-06 01:22:45
2026-09-06 01:22:33,AAAS397,0601,Ashley Newby,1,1,0,2026-09-06 01:22:45
2026-09-06 01:22:33,AAAS397,0701,Chinyere Osuji,2,2,0,2026-09-06 01:22:45
2026-09-06 01:22:33,AAAS397,0801,Periloux Peay,2,2,0,2026-09-06 01:22:45
2026-09-06 01:22:33,AAAS397,0901,Joseph Richardson,2,2,0,2026-09-06 01:22:45
2026-09-06 01:22:33,AAAS398B,0101,Beka Guluma,20,12,0,2026-09-06 01:22:46
2026-09-06 01:22:33,AAAS398W,0101,Jason Nichols,25,10,0,2026-09-06 01:22:46
2026-09-06 01:22:33,AAAS399,0101,Robert Choflet,4,4,0,2026-09-06 01:22:47
2026-09-06 01:22:33,AAAS399,0201,John Drabinski,4,4,0,2026-09-06 01:22:47
2026-09-06 01:22:33,AAAS399,0301,Angelica Dunbar,4,3,0,2026-09-06 01:22:47
2026-09-06 01:22:33,AAAS399,0401,Sharon Harley,4,4,0,2026-09-06 01:22:47
2026-09-06 01:22:33,AAAS399,0501,Cecily Jackson,4,4,0,2026-09-06 01:22:47
2026-09-06 01:22:33,AAAS399,0601,Cecily Jackson,4,4,0,2026-09-06 01:22:47
2026-09-06 01:22:33,AAAS399,0701,Sharon Harley,4,4,0,2026-09-06 01:22:47
2026-09-06 01:22:33,AAAS399,0801,George Kintiba,4,4,0,2026-09-06 01:22:47
2026-09-06 01:22:33,AAAS399,0901,Jason Nichols,4,4,0,2026-09-06 01:22:47
2026-09-06 01:22:33,AAAS399,1001,Ashley Newby,4,3,0,2026-09-06 01:22:47
2026-09-06 01:22:33,AAAS399,1101,Jason Nichols,4,4,0,2026-09-06 01:22:47
2026-09-06 01:22:33,AAAS399,1201,Joseph Richardson,4,4,0,2026-09-06 01:22:47
2026-09-06 01:22:33,AAAS399,1301,Shane Walsh,4,4,0,2026-09-06 01:22:47
2026-09-06 01:22:33,AAAS399,1401,Joseph Richardson,4,4,0,2026-09-06 01:22:47
2026-09-06 01:22:33,AAAS399,1501,Shane Walsh,4,4,0,2026-09-06 01:22:47
2026-09-06 01:22:33,AAAS400,0101,Periloux Peay,25,22,0,2026-09-06 01:22:47
2026-09-06 01:22:33,AAAS415,0101,Periloux Peay,30,0,0,2026-09-06 01:22:48
2026-09-06 01:22:33,AAAS499N,0101,Anne Rosen,25,1,0,2026-09-06 01:22:48
2026-09-06 01:22:33,AAST200,0101,Jennifer Cho,30,0,0,2026-09-06 01:22:50
2026-09-06 01:22:33,AAST200,0102,Binod Paudyal,30,0,1,2026-09-06 01:22:50
2026-09-06 01:22:33,AAST322,0101,Julie Park,30,2,0,2026-09-06 01:22:51
2026-09-06 01:22:33,AAST351,0101,Binod Paudyal,35,0,0,2026-09-06 01:22:51
2026-09-06 01:22:33,AAST355,0101,Jennifer Cho,35,0,3,2026-09-06 01:22:52
2026-09-06 01:22:33,AAST378,0101,Janelle Wong,2,2,0,2026-09-06 01:22:53
2026-09-06 01:22:33,AAST394,0101,Wenxi Yang,30,2,0,2026-09-06 01:22:53
2026-09-06 01:22:33,AAST398I,0101,Michelle Magalong,24,1,0,2026-09-06 01:22:54
2026-09-06 01:22:33,AAST398W,0101,Chris Eng,25,14,0,2026-09-06 01:22:54
2026-09-06 01:22:33,AAST421,0101,Tuyet Duong,20,1,0,2026-09-06 01:22:55
2026-09-06 01:22:33,AAST422,0101,Jennifer Cho,25,4,0,2026-09-06 01:22:55
2026-09-06 01:22:33,AAST424,0101,Dawn Dow,29,9,0,2026-09-06 01:22:56
2026-09-06 01:22:33,AAST440,0101,Binod Paudyal,25,0,1,2026-09-06 01:22:56
2026-09-06 01:22:33,AAST443,0101,Janelle Wong,30,0,0,2026-09-06 01:22:56
2026-09-06 01:22:33,ABRM330,0101,Rashawn Ray,40,1,0,2026-09-06 01:22:58
2026-09-06 01:22:33,ARAB101,0101,Samah Al-salami,15,1,0,2026-09-06 01:23:50
2026-09-06 01:22:33,ARAB101,0201,Ahmed Hanafy,15,3,0,2026-09-06 01:23:50
2026-09-06 01:22:33,ARAB102,0101,Samah Al-salami,15,0,0,2026-09-06 01:23:51
2026-09-06 01:22:33,ARAB102,0201,Lutf Alkebsi,15,12,0,2026-09-06 01:23:51
2026-09-06 01:22:33,ARAB201,0101,Lutf Alkebsi,15,1,0,2026-09-06 01:23:51
2026-09-06 01:22:33,ARAB201,0201,Lutf Alkebsi,15,11,0,2026-09-06 01:23:51
2026-09-06 01:22:33,ARAB208L,0101,Samah Al-salami,15,4,0,2026-09-06 01:23:51
2026-09-06 01:22:33,ARAB225,0101,Ahmed Hanafy,15,1,0,2026-09-06 01:23:52
2026-09-06 01:22:33,ARAB301,0101,Ahmed Hanafy,15,6,0,2026-09-06 01:23:52
2026-09-06 01:22:33,ARAB321,0101,Ahmed Hanafy,15,9,0,2026-09-06 01:23:53
2026-09-06 01:22:33,ARAB322,0101,Samah Al-salami,15,9,0,2026-09-06 01:23:53
2026-09-06 01:22:33,ARAB398A,0101,Lutf Alkebsi,15,5,0,2026-09-06 01:23:54
2026-09-06 01:22:33,ARAB499E,0101,Brendan Kibbee,20,0,0,2026-09-06 01:23:55
2026-09-06 01:22:33,ARMY106,0101,Thomas Battinieri,31,26,0,2026-09-06 01:26:34
2026-09-06 01:22:33,ARMY106,0102,Thomas Battinieri,40,30,0,2026-09-06 01:26:34
2026-09-06 01:22:33,ARMY106,FC01,Andrew Bischoff,15,11,0,2026-09-06 01:26:34
2026-09-06 01:22:33,ARMY106,FC02,Thomas Battinieri,9,8,0,2026-09-06 01:26:34
2026-09-06 01:22:33,ARMY110,0101,Andrew Bischoff,15,15,0,2026-09-06 01:26:35
2026-09-06 01:22:33,ARMY201,0102,Thomas Battinieri,35,14,0,2026-09-06 01:26:36
2026-09-06 01:22:33,ARMY301,0101,Joshua Guiod,40,20,0,2026-09-06 01:26:37
2026-09-06 01:22:33,ARMY401,0102,Andrew Bischoff,50,13,0,2026-09-06 01:26:37
2026-09-06 01:22:33,ARSC059,0101,Kathleen West,220,65,0,2026-09-06 01:26:39
2026-09-06 01:22:33,ARSC059,FC01,Jens Lyndrup,10,4,0,2026-09-06 01:26:39
2026-09-06 01:22:33,ARSC100,0101,Jens Lyndrup,50,35,0,2026-09-06 01:26:40
2026-09-06 01:22:33,ARSC100,0102,Jens Lyndrup,75,21,0,2026-09-06 01:26:40
2026-09-06 01:22:33,ARSC100,0103,Jens Lyndrup,40,32,0,2026-09-06 01:26:40
2026-09-06 01:22:33,ARSC100,FC01,Jens Lyndrup,5,3,0,2026-09-06 01:26:40
2026-09-06 01:22:33,ARSC100,FC02,Jens Lyndrup,10,6,0,2026-09-06 01:26:40
2026-09-06 01:22:33,ARSC200,0101,Alan Snyder,50,15,0,2026-09-06 01:26:40
2026-09-06 01:22:33,ARSC200,0102,Alan Snyder,35,22,0,2026-09-06 01:26:40
2026-09-06 01:22:33,ARSC200,0103,Alan Snyder,40,32,0,2026-09-06 01:26:40
2026-09-06 01:22:33,ARSC300,0101,Kathleen West,30,5,0,2026-09-06 01:26:41
2026-09-06 01:22:33,ARSC300,0102,Kathleen West,20,13,0,2026-09-06 01:26:41
2026-09-06 01:22:33,ARSC400,0101,Walter Mitchell,30,16,0,2026-09-06 01:26:42
2026-09-06 01:22:33,ARSC400,0102,Walter Mitchell,20,18,0,2026-09-06 01:26:42
2026-09-06 01:22:33,ARSC400,0201,Walter Mitchell,10,10,0,2026-09-06 01:26:42
2026-09-06 01:22:33,BMIN210,0101,Darlene Dennison,180,3,0,2026-09-06 01:28:23
2026-09-06 01:22:33,BMIN210,0201,Darlene Dennison,180,87,0,2026-09-06 01:28:23
2026-09-06 01:22:33,BMIN305,0101,Tejwansh Anand,180,21,0,2026-09-06 01:28:23
2026-09-06 01:22:33,BMIN345,0101,Michael Padhi,275,35,0,2026-09-06 01:28:23
2026-09-06 01:22:33,BMIN355,0101,Idil Yaveroglu,180,1,0,2026-09-06 01:28:24
2026-09-06 01:22:33,BMIN355,0201,Idil Yaveroglu,180,27,0,2026-09-06 01:28:24
2026-09-06 01:22:33,BMIN375,0101,Leland Gardner,185,0,0,2026-09-06 01:28:24
2026-09-06 01:22:33,BMIN395,0101,Nima Farshchi,200,0,0,2026-09-06 01:28:25
2026-09-06 01:22:33,BMIN395,0201,Nima Farshchi,200,107,0,2026-09-06 01:28:25
2026-09-06 01:22:33,BOIS602,WI01,Woei-jyh Lee,40,6,0,2026-09-06 01:28:28
2026-09-06 01:22:33,BOIS604,WI01,Manmohan Aseri,40,5,0,2026-09-06 01:28:29
2026-09-06 01:22:33,BOIS631,WI01,Sujin Kim,40,8,0,2026-09-06 01:28:29
2026-09-06 01:22:33,BSOS355,0101,Liza Lebrun,30,30,0,2026-09-06 01:28:43
2026-09-06 01:22:33,BSOS361,0101,TC Lloyd,30,2,0,2026-09-06 01:28:44
2026-09-06 01:22:33,BSOS361,0103,Keia Brown,30,2,0,2026-09-06 01:28:44
2026-09-06 01:22:33,BSOS361,0104,David Tana,30,1,0,2026-09-06 01:28:44
2026-09-06 01:22:33,BSOS361,0105,TC Lloyd,30,1,0,2026-09-06 01:28:44
2026-09-06 01:22:33,BSOS388C,0101,Nikita Kimani,20,0,0,2026-09-06 01:28:44
2026-09-06 01:22:33,BSOS388C,0201,Nikita Kimani,20,3,0,2026-09-06 01:28:44
2026-09-06 01:22:33,BSOS388E,0101,Liza Lebrun,30,30,0,2026-09-06 01:28:44
2026-09-06 01:22:33,BUSO600,SO11,Neta Moye,42,4,0,2026-09-06 01:29:06
2026-09-06 01:22:33,BUSO600,SO12,Neta Moye,42,7,0,2026-09-06 01:29:06
2026-09-06 01:22:33,BUSO603,SO11,Ilya Ryzhov,42,4,0,2026-09-06 01:29:06
2026-09-06 01:22:33,BUSO603,SO12,Ilya Ryzhov,42,4,0,2026-09-06 01:29:06
2026-09-06 01:22:33,BUSO604,SO11,Bennet Zelner,42,5,0,2026-09-06 01:29:06
2026-09-06 01:22:33,BUSO604,SO12,Bennet Zelner,42,5,0,2026-09-06 01:29:06
2026-09-06 01:22:33,BUSO612,SO11,Henry Boyd,42,4,0,2026-09-06 01:29:07
2026-09-06 01:22:33,BUSO612,SO12,Henry Boyd,42,2,0,2026-09-06 01:29:07
2026-09-06 01:22:33,BUSO616,SO31,Brent Solomon,38,2,0,2026-09-06 01:29:07
2026-09-06 01:22:33,BUSO616,SO32,Brent Solomon,38,0,0,2026-09-06 01:29:07
2026-09-06 01:22:33,BUSO624,SO31,Yi Xu,38,3,0,2026-09-06 01:29:08
2026-09-06 01:22:33,BUSO624,SO32,Yi Xu,38,0,0,2026-09-06 01:29:08
2026-09-06 01:22:33,BUSO700,SO91,Paulo Prochno,0,0,0,2026-09-06 01:29:08
2026-09-06 01:22:33,BUSO711,SO31,Gosia Langa Basit,28,0,0,2026-09-06 01:29:08
2026-09-06 01:22:33,BUSO711,SO32,Gosia Langa Basit,28,4,0,2026-09-06 01:29:08
2026-09-06 01:22:33,BUSO711,SO33,Gosia Langa Basit,28,3,0,2026-09-06 01:29:08
2026-09-06 01:22:33,BUSO731,SO51,Tejwansh Anand,49,0,0,2026-09-06 01:29:09
2026-09-06 01:22:33,BUSO752,SO51,Leland Gardner,35,13,0,2026-09-06 01:29:09
2026-09-06 01:22:33,BUSO758G,SO51,James Seward,35,13,0,2026-09-06 01:29:10
2026-09-06 01:22:33,BUSO758M,SO51,Paulo Prochno,49,2,0,2026-09-06 01:29:10
2026-09-06 01:22:33,BUSO758M,SO52,Paulo Prochno,49,2,0,2026-09-06 01:29:10
2026-09-06 01:22:33,BUSO758T,SO51,Michael Cichello,35,18,0,2026-09-06 01:29:11
2026-09-06 01:22:33,BUSO758W,SO51,Yogesh Joshi,33,1,0,2026-09-06 01:29:11
2026-09-06 01:22:33,BUSO758W,SO52,Yogesh Joshi,33,3,0,2026-09-06 01:29:11
2026-09-06 01:22:33,BUSO758X,SO51,Pallassana Kannan,49,3,0,2026-09-06 01:29:11
2026-09-06 01:22:33,BUSO788F,GX01,Judy Frels,25,5,0,2026-09-06 01:29:12
2026-09-06 01:22:33,BUSO788W,GX01,Zhi-Long Chen,30,5,0,2026-09-06 01:29:13
2026-09-06 01:22:33,CHSE200,0101,Betsy Tornquist,10,1,0,2026-09-06 01:29:47
2026-09-06 01:22:33,CHSE205,0101,Yewon Lee,60,0,7,2026-09-06 01:29:47
2026-09-06 01:22:33,CHSE205,0201,Yewon Lee,60,0,0,2026-09-06 01:29:47
2026-09-06 01:22:33,CHSE228C,0101,Nikita Kimani,20,0,0,2026-09-06 01:29:48
2026-09-06 01:22:33,CHSE228C,0201,Nikita Kimani,20,3,0,2026-09-06 01:29:48
2026-09-06 01:22:33,CHSE228C,0301,Nikita Kimani,20,0,0,2026-09-06 01:29:48
2026-09-06 01:22:33,CHSE230,0101,Isabelle Grable,25,16,0,2026-09-06 01:29:48
2026-09-06 01:22:33,CHSE376,0101,Michael Dunham,22,0,7,2026-09-06 01:29:49
2026-09-06 01:22:33,CHSE376,0201,Colleen McGilpin,20,0,9,2026-09-06 01:29:49
2026-09-06 01:22:33,CHSE376,0301,Elizabeth Martinez,20,0,4,2026-09-06 01:29:49
2026-09-06 01:22:33,CHSE376,0401,Chanai Brewster,20,0,3,2026-09-06 01:29:49
2026-09-06 01:22:33,CHSE476,0101,Michael Dunham,20,6,0,2026-09-06 01:29:50
2026-09-06 01:22:33,CHSE477,0101,Michael Dunham,15,4,0,2026-09-06 01:29:50
2026-09-06 01:22:33,CHSE489,1901,Amy D'Agati,15,10,0,2026-09-06 01:29:50
2026-09-06 01:22:33,CHSE498,2401,Meredith Gramlich,10,1,0,2026-09-06 01:29:51
2026-09-06 01:22:33,CHSE498,3701,Michael Dunham,2,1,0,2026-09-06 01:29:51
2026-09-06 01:22:33,CINE245,0101,Eric Zakim,22,0,2,2026-09-06 01:29:53
2026-09-06 01:22:33,CINE245,0102,Eric Zakim,22,0,1,2026-09-06 01:29:53
2026-09-06 01:22:33,CINE245,0103,Eric Zakim,22,0,3,2026-09-06 01:29:53
2026-09-06 01:22:33,CINE245,0104,Eric Zakim,22,0,1,2026-09-06 01:29:53
2026-09-06 01:22:33,CINE280,0101,Porter Olsen,30,0,0,2026-09-06 01:29:54
2026-09-06 01:22:33,CINE280,0201,John Tobin,30,0,1,2026-09-06 01:29:54
2026-09-06 01:22:33,CINE298A,0101,Caroline Eades,20,0,0,2026-09-06 01:29:54
2026-09-06 01:22:33,CINE301,0101,Eric Zakim,30,0,0,2026-09-06 01:29:54
2026-09-06 01:22:33,CINE310,0101,Nathaniel Stevens,15,1,0,2026-09-06 01:29:55
2026-09-06 01:22:33,CINE315,0101,Yael Inbar,15,0,0,2026-09-06 01:29:55
2026-09-06 01:22:33,CINE319G,0101,Oliver Gaycken,25,15,0,2026-09-06 01:29:56
2026-09-06 01:22:33,CINE319P,5501,Samuel Crawford,11,0,0,2026-09-06 01:29:56
2026-09-06 01:22:33,CINE319Z,0101,Paul Cote,25,7,0,2026-09-06 01:29:57
2026-09-06 01:22:33,CINE329T,0101,Daniel Richter,25,0,10,2026-09-06 01:29:57
2026-09-06 01:22:33,CINE332,0101,Parker Brookie,25,1,0,2026-09-06 01:29:57
2026-09-06 01:22:33,CINE334,0101,Elizabeth Papazian,25,0,0,2026-09-06 01:29:58
2026-09-06 01:22:33,CINE337,0101,Jason Kuo,25,0,2,2026-09-06 01:29:58
2026-09-06 01:22:33,CINE342,0101,Luka Arsenjuk,20,0,3,2026-09-06 01:29:59
2026-09-06 01:22:33,CINE350,0101,John Drabinski,20,0,0,2026-09-06 01:29:59
2026-09-06 01:22:33,CINE359C,0101,Daniel Richter,25,0,5,2026-09-06 01:30:00
2026-09-06 01:22:33,CINE369B,0101,Eva Hageman,30,1,0,2026-09-06 01:30:00
2026-09-06 01:22:33,CINE369K,0101,Paul Cote,20,0,0,2026-09-06 01:30:00
2026-09-06 01:22:33,CINE376,0101,Ross Angelella,15,3,0,2026-09-06 01:30:01
2026-09-06 01:22:33,CINE376,0102,Ross Angelella,5,2,0,2026-09-06 01:30:01
2026-09-06 01:22:33,CINE415,0101,Mathew Bainbridge,15,0,0,2026-09-06 01:30:02
2026-09-06 01:22:33,CINE419P,0101,Oliver Gaycken,20,14,0,2026-09-06 01:30:03
2026-09-06 01:22:33,CINE459P,0101,Luka Arsenjuk,20,0,1,2026-09-06 01:30:03
2026-09-06 01:22:33,CLAS170,0101,Chiara Graf,21,4,0,2026-09-06 01:30:06
2026-09-06 01:22:33,CLAS170,0102,Chiara Graf,21,0,0,2026-09-06 01:30:06
2026-09-06 01:22:33,CLAS170,0103,Chiara Graf,21,1,0,2026-09-06 01:30:06
2026-09-06 01:22:33,CLAS170,0104,Chiara Graf,21,0,0,2026-09-06 01:30:06
2026-09-06 01:22:33,CLAS170,0105,Chiara Graf,21,0,0,2026-09-06 01:30:06
2026-09-06 01:22:33,CLAS170,0106,Chiara Graf,21,0,1,2026-09-06 01:30:06
2026-09-06 01:22:33,CLAS170,0107,Chiara Graf,21,0,1,2026-09-06 01:30:06
2026-09-06 01:22:33,CLAS170,0108,Chiara Graf,21,0,0,2026-09-06 01:30:06
2026-09-06 01:22:33,CLAS170,0109,Chiara Graf,22,0,0,2026-09-06 01:30:06
2026-09-06 01:22:33,CLAS170,FC01,Chelsea Stolt,28,4,0,2026-09-06 01:30:06
2026-09-06 01:22:33,CLAS170,FC02,Chelsea Stolt,28,0,0,2026-09-06 01:30:06
2026-09-06 01:22:33,CLAS170,FC03,Eugenia Lao,28,9,0,2026-09-06 01:30:06
2026-09-06 01:22:33,CLAS170,FC05,Charis Addai,28,5,0,2026-09-06 01:30:06
2026-09-06 01:22:33,CLAS277,0101,Chiara Graf,25,0,0,2026-09-06 01:30:06
2026-09-06 01:22:33,CLAS277,0102,Chiara Graf,25,2,0,2026-09-06 01:30:06
2026-09-06 01:22:33,CLAS277,0103,Chiara Graf,25,4,0,2026-09-06 01:30:06
2026-09-06 01:22:33,CLAS277,0104,Chiara Graf,25,3,0,2026-09-06 01:30:06
2026-09-06 01:22:33,CLAS277,0105,Chiara Graf,25,1,0,2026-09-06 01:30:06
2026-09-06 01:22:33,CLAS277,0106,Chiara Graf,25,2,0,2026-09-06 01:30:06
2026-09-06 01:22:33,CLAS305,0101,Jorge Bravo,35,3,0,2026-09-06 01:30:07
2026-09-06 01:22:33,CLAS309N,0101,Nathan Levine,35,25,0,2026-09-06 01:30:07
2026-09-06 01:22:33,CLAS310,0101,Rachel Singpurwalla,20,1,0,2026-09-06 01:30:07
2026-09-06 01:22:33,CLAS310,0102,Rachel Singpurwalla,20,0,2,2026-09-06 01:30:07
2026-09-06 01:22:33,CLAS310,0103,Rachel Singpurwalla,20,0,1,2026-09-06 01:30:07
2026-09-06 01:22:33,CLAS312,0101,Polyvia Parara,35,6,0,2026-09-06 01:30:08
2026-09-06 01:22:33,CMLT235,0101,Brielle Gorrell,30,2,0,2026-09-06 01:30:12
2026-09-06 01:22:33,CMLT270,0101,Hannah (Toyin) Adeyemi,30,0,0,2026-09-06 01:30:12
2026-09-06 01:22:33,CMLT270,0201,Shakiba Sharifpour,30,1,0,2026-09-06 01:30:12
2026-09-06 01:22:33,CMLT275,0201,Abhinav Bhardwaj,30,0,1,2026-09-06 01:30:13
2026-09-06 01:22:33,CMLT277,0101,Nahid Ahmadian,30,0,1,2026-09-06 01:30:13
2026-09-06 01:22:33,CMLT280,0101,Porter Olsen,30,0,0,2026-09-06 01:30:13
2026-09-06 01:22:33,CMLT280,0201,John Tobin,30,0,1,2026-09-06 01:30:13
2026-09-06 01:22:33,CPBE100,0101,Oliver Schlake,95,25,0,2026-09-06 01:31:00
2026-09-06 01:22:33,CPBE200,0101,Oliver Schlake,75,33,0,2026-09-06 01:31:01
2026-09-06 01:22:33,CPBE225,0101,Ira Koretsky,38,13,0,2026-09-06 01:31:01
2026-09-06 01:22:33,CPBE225,0102,Ira Koretsky,38,23,0,2026-09-06 01:31:01
2026-09-06 01:22:33,CPCV100,0101,Julie Randolph,40,1,0,2026-09-06 01:31:03
2026-09-06 01:22:33,CPCV100,0201,Julie Randolph,40,8,0,2026-09-06 01:31:03
2026-09-06 01:22:33,CPCV200,0101,Julie Randolph,35,0,0,2026-09-06 01:31:03
2026-09-06 01:22:33,CPCV200,0201,Julie Randolph,35,16,0,2026-09-06 01:31:03
2026-09-06 01:22:33,CPCV225,0101,Korey Rothman,75,4,0,2026-09-06 01:31:04
2026-09-06 01:22:33,CPDJ100,0101,Jess Feltner,75,1,0,2026-09-06 01:31:06
2026-09-06 01:22:33,CPDJ200,0101,Andrew Fellows,75,37,0,2026-09-06 01:31:06
2026-09-06 01:22:33,CPET100,0101,Tim Knight,75,2,0,2026-09-06 01:31:08
2026-09-06 01:22:33,CPET200,0101,Tim Knight,75,7,0,2026-09-06 01:31:08
2026-09-06 01:22:33,CPGH100,0101,John Wiggins,85,7,0,2026-09-06 01:31:10
2026-09-06 01:22:33,CPGH200,0101,John Wiggins,75,17,0,2026-09-06 01:31:10
2026-09-06 01:22:33,CPJT100,0101,Justine DeCamillis,75,6,0,2026-09-06 01:31:12
2026-09-06 01:22:33,CPJT200,0101,Justine DeCamillis,75,20,0,2026-09-06 01:31:13
2026-09-06 01:22:33,CPMS100,0101,Carole Lee,75,0,0,2026-09-06 01:31:14
2026-09-06 01:22:33,CPMS200,0101,Alison Burns,75,11,0,2026-09-06 01:31:15
2026-09-06 01:22:33,CPMS225,0101,Alison Burns,75,0,0,2026-09-06 01:31:15
2026-09-06 01:22:33,CPMS230,0101,Alison Burns,30,12,0,2026-09-06 01:31:16
2026-09-06 01:22:33,CPMS240,0101,Carole Lee,20,18,0,2026-09-06 01:31:16
2026-09-06 01:22:33,CPPL100,0101,Kelly Brower,78,2,0,2026-09-06 01:31:18
2026-09-06 01:22:33,CPPL200,0101,Kelly Brower,75,16,0,2026-09-06 01:31:18
2026-09-06 01:22:33,CPSA100,0101,Andrea Cesar,75,11,0,2026-09-06 01:31:20
2026-09-06 01:22:33,CPSA200,0101,Andrea Cesar,75,33,0,2026-09-06 01:31:20
2026-09-06 01:22:33,CPSF100,0101,Nicholas Fletcher,85,1,0,2026-09-06 01:31:22
2026-09-06 01:22:33,CPSF200,0101,Nicholas Fletcher,75,5,0,2026-09-06 01:31:23
2026-09-06 01:22:33,CPSG100,0101,Thomas Holtz,85,7,0,2026-09-06 01:31:25
2026-09-06 01:22:33,CPSG200,0101,Thomas Holtz,75,28,0,2026-09-06 01:31:25
2026-09-06 01:22:33,CPSN100,0101,Hansol Kwak,85,5,0,2026-09-06 01:31:27
2026-09-06 01:22:33,CPSN200,0101,Stacy Kosko,75,41,0,2026-09-06 01:31:27
2026-09-06 01:22:33,CPSN230,0101,Sarah Kilmer,20,18,0,2026-09-06 01:31:28
2026-09-06 01:22:33,CPSN240,0101,Sarah Kilmer,10,7,0,2026-09-06 01:31:28
2026-09-06 01:22:33,CPSN250,0101,Sarah Kilmer,5,5,0,2026-09-06 01:31:29
2026-09-06 01:22:33,CPSP110,0101,Markell Saunders,18,10,0,2026-09-06 01:31:30
2026-09-06 01:22:33,CPSP110,0201,Patrice Greene,18,14,0,2026-09-06 01:31:30
2026-09-06 01:22:33,CPSP220,0101,Tiara Thomas,20,1,0,2026-09-06 01:31:31
2026-09-06 01:22:33,CPSP239A,0101,Heather-Erin Bremenstuhl,10,6,0,2026-09-06 01:31:31
2026-09-06 01:22:33,CPSP269C,0101,Korey Rothman,5,5,0,2026-09-06 01:31:32
2026-09-06 01:22:33,CPSP339P,0101,Susannah Washburn,10,7,0,2026-09-06 01:31:32
2026-09-06 01:22:33,CPSS100,0101,David Tomblin,85,6,0,2026-09-06 01:31:34
2026-09-06 01:22:33,CPSS220,0101,Nicole Mogul,20,2,0,2026-09-06 01:31:34
2026-09-06 01:22:33,CPSS225,0101,Roan Parrish,20,14,0,2026-09-06 01:31:35
2026-09-06 01:22:33,CPSS340,0101,David Tomblin,20,4,0,2026-09-06 01:31:35
2026-09-06 01:22:33,CRLN101,0103,Myles Alexander,25,1,0,2026-09-06 01:31:37
2026-09-06 01:22:33,CRLN101,0104,Tami Smith,26,0,0,2026-09-06 01:31:37
2026-09-06 01:22:33,CRLN101,0105,Denis Garcia Reyes,25,0,0,2026-09-06 01:31:37
2026-09-06 01:22:33,CRLN101,0106,Mitch Woolley,25,4,0,2026-09-06 01:31:37
2026-09-06 01:22:33,CRLN101,0107,Esohe Owie,25,0,0,2026-09-06 01:31:37
2026-09-06 01:22:33,DATA100,0111,Matthew Griffin,33,3,0,2026-09-06 01:31:49
2026-09-06 01:22:33,DATA100,0112,Matthew Griffin,35,2,0,2026-09-06 01:31:49
2026-09-06 01:22:33,DATA100,0121,Matthew Griffin,35,1,0,2026-09-06 01:31:49
2026-09-06 01:22:33,DATA100,0122,Matthew Griffin,33,0,0,2026-09-06 01:31:49
2026-09-06 01:22:33,DATA100,0123,Matthew Griffin,33,0,0,2026-09-06 01:31:49
2026-09-06 01:22:33,DATA100,0124,Matthew Griffin,33,3,0,2026-09-06 01:31:49
2026-09-06 01:22:33,DATA100,0131,Matthew Griffin,33,1,0,2026-09-06 01:31:49
2026-09-06 01:22:33,DATA100,0141,Matthew Griffin,35,0,0,2026-09-06 01:31:49
2026-09-06 01:22:33,DATA100,0142,Matthew Griffin,33,0,0,2026-09-06 01:31:49
2026-09-06 01:22:33,DATA100,0211,Matthew Griffin,33,1,0,2026-09-06 01:31:49
2026-09-06 01:22:33,DATA100,0212,Matthew Griffin,35,0,0,2026-09-06 01:31:49
2026-09-06 01:22:33,DATA100,0221,Matthew Griffin,30,0,0,2026-09-06 01:31:49
2026-09-06 01:22:33,DATA100,0223,Matthew Griffin,32,0,0,2026-09-06 01:31:49
2026-09-06 01:22:33,DATA100,0224,Matthew Griffin,30,0,0,2026-09-06 01:31:49
2026-09-06 01:22:33,DATA100,0231,Matthew Griffin,33,1,0,2026-09-06 01:31:49
2026-09-06 01:22:33,DATA100,0311,Archana Khurana,35,7,0,2026-09-06 01:31:49
2026-09-06 01:22:33,DATA100,0312,Archana Khurana,35,1,0,2026-09-06 01:31:49
2026-09-06 01:22:33,DATA100,0321,Archana Khurana,35,1,0,2026-09-06 01:31:49
2026-09-06 01:22:33,DATA100,0322,Archana Khurana,35,0,0,2026-09-06 01:31:49
2026-09-06 01:22:33,DATA100,0323,Archana Khurana,35,2,0,2026-09-06 01:31:49
2026-09-06 01:22:33,DATA100,0341,Archana Khurana,35,8,0,2026-09-06 01:31:49
2026-09-06 01:22:33,DATA110,0101,Susan Mazzullo,250,20,0,2026-09-06 01:31:49
2026-09-06 01:22:33,DATA120,0101,Fardina Alam,200,0,0,2026-09-06 01:31:50
2026-09-06 01:22:33,DATA200,0101,Fardina Alam,90,31,0,2026-09-06 01:31:50
2026-09-06 01:22:33,DATA250,0101,Todd Rowland,43,7,0,2026-09-06 01:31:51
2026-09-06 01:22:33,DATA320,0101,Maksym Morawski,15,10,0,2026-09-06 01:31:51
2026-09-06 01:22:33,DATA320,0201,Maksym Morawski,20,7,0,2026-09-06 01:31:51
2026-09-06 01:22:33,DATA320,0301,Fardina Alam,20,0,0,2026-09-06 01:31:51
2026-09-06 01:22:33,DATA350,0101,Raluca Rosca,30,10,0,2026-09-06 01:31:52
2026-09-06 01:22:33,DATA350,0201,Jonathan Fernandes,34,2,0,2026-09-06 01:31:52
2026-09-06 01:22:33,DATA400,0111,Salman Safdar,27,0,0,2026-09-06 01:31:52
2026-09-06 01:22:33,DATA400,0112,Salman Safdar,30,3,0,2026-09-06 01:31:52
2026-09-06 01:22:33,DATA400,0121,Salman Safdar,27,1,0,2026-09-06 01:31:52
2026-09-06 01:22:33,DATA400,0122,Salman Safdar,27,4,0,2026-09-06 01:31:52
2026-09-06 01:22:33,DATA400,0131,Salman Safdar,27,1,0,2026-09-06 01:31:52
2026-09-06 01:22:33,DATA400,0132,Salman Safdar,27,8,0,2026-09-06 01:31:52
2026-09-06 01:22:33,DATA400,0211,Timothy Pilachowski,30,3,0,2026-09-06 01:31:52
2026-09-06 01:22:33,DATA400,0212,Timothy Pilachowski,30,4,0,2026-09-06 01:31:52
2026-09-06 01:22:33,DATA400,0221,Timothy Pilachowski,30,2,0,2026-09-06 01:31:52
2026-09-06 01:22:33,DATA400,0222,Timothy Pilachowski,30,1,0,2026-09-06 01:31:52
2026-09-06 01:22:33,DATA400,0231,Timothy Pilachowski,30,1,0,2026-09-06 01:31:52
2026-09-06 01:22:33,DATA400,0232,Timothy Pilachowski,30,0,0,2026-09-06 01:31:52
2026-09-06 01:22:33,DATA400,0311,Mestiyage Gunatilleka,32,0,0,2026-09-06 01:31:52
2026-09-06 01:22:33,DATA400,0312,Mestiyage Gunatilleka,30,0,0,2026-09-06 01:31:52
2026-09-06 01:22:33,DATA400,0321,Mestiyage Gunatilleka,32,0,1,2026-09-06 01:31:52
2026-09-06 01:22:33,DATA400,0322,Mestiyage Gunatilleka,30,0,0,2026-09-06 01:31:52
2026-09-06 01:22:33,DATA400,0331,Mestiyage Gunatilleka,32,0,0,2026-09-06 01:31:52
2026-09-06 01:22:33,DATA400,0332,Mestiyage Gunatilleka,30,0,0,2026-09-06 01:31:52
2026-09-06 01:22:33,DATA400,0511,Shixin Zheng,35,0,1,2026-09-06 01:31:52
2026-09-06 01:22:33,DATA400,0521,Shixin Zheng,35,0,0,2026-09-06 01:31:52
2026-09-06 01:22:33,DATA400,0531,Shixin Zheng,35,0,1,2026-09-06 01:31:52
2026-09-06 01:22:33,DATA601,PCS1,Sandra Cerrai,50,5,0,2026-09-06 01:31:52
2026-09-06 01:22:33,DATA601,PCS2,Jonathan Fernandes,60,20,0,2026-09-06 01:31:52
2026-09-06 01:22:33,DATA601,PWS1,Leonid Koralov,60,3,0,2026-09-06 01:31:52
2026-09-06 01:22:33,DATA602,PCS1,Sujeong Kim,44,5,0,2026-09-06 01:31:53
2026-09-06 01:22:33,DATA602,PCS2,Sujeong Kim,44,8,0,2026-09-06 01:31:53
2026-09-06 01:22:33,DATA602,PWS1,Fardina Alam,44,2,0,2026-09-06 01:31:53
2026-09-06 01:22:33,DATA603,PCS1,Babak Azimi-Sadjadi,55,12,0,2026-09-06 01:31:53
2026-09-06 01:22:33,DATA603,PWS1,Kemal Davaslioglu,55,17,0,2026-09-06 01:31:53
2026-09-06 01:22:33,DATA605,PCS1,Tammy Perrin,44,29,0,2026-09-06 01:31:54
2026-09-06 01:22:33,DATA605,PCS2,Tammy Perrin,44,20,0,2026-09-06 01:31:54
2026-09-06 01:22:33,DATA605,PWS1,Giacinto Paolo Saggese,44,35,0,2026-09-06 01:31:54
2026-09-06 01:22:33,DATA607,PCS1,Mestiyage Gunatilleka,44,27,0,2026-09-06 01:31:54
2026-09-06 01:22:33,DATA607,PCS2,Kendall Williams,55,1,0,2026-09-06 01:31:54
2026-09-06 01:22:33,DATA607,PCS3,Vincent Lyzinski,44,3,0,2026-09-06 01:31:54
2026-09-06 01:22:33,DATA612,PCS1,Samet Ayhan,50,21,0,2026-09-06 01:31:55
2026-09-06 01:22:33,DATA612,PWS1,Samet Ayhan,44,15,0,2026-09-06 01:31:55
2026-09-06 01:22:33,DATA641,PCS1,Toki Inan,50,15,0,2026-09-06 01:31:55
2026-09-06 01:22:33,DATA641,PWS1,Armin Mehrabian,50,0,0,2026-09-06 01:31:55
2026-09-06 01:22:33,DATA643,PCS1,Charles Forgy,50,28,0,2026-09-06 01:31:55
2026-09-06 01:22:33,DATA650,PCS1,Emre Gunduzhan,54,5,0,2026-09-06 01:31:56
2026-09-06 01:22:33,DATA650,PCS2,Emre Gunduzhan,54,8,0,2026-09-06 01:31:56
2026-09-06 01:22:33,ENAI600,0101,C Ravishankar,35,21,0,2026-09-06 01:32:34
2026-09-06 01:22:33,ENAI600,AEC1,C Ravishankar,20,4,0,2026-09-06 01:32:34
2026-09-06 01:22:33,ENAI601,0101,Richard La,35,23,0,2026-09-06 01:32:35
2026-09-06 01:22:33,ENAI601,AEC1,Richard La,20,6,0,2026-09-06 01:32:35
2026-09-06 01:22:33,ENAI607,0101,Zoltan Safar,29,24,0,2026-09-06 01:32:35
2026-09-06 01:22:33,ENAI607,AEC1,Zoltan Safar,20,9,0,2026-09-06 01:32:35
2026-09-06 01:22:33,ENBC301,ESG1,Sivan Saravanapavan,20,9,0,2026-09-06 01:32:37
2026-09-06 01:22:33,ENBC311,ESG1,Bahaa Ghammraoui,20,11,0,2026-09-06 01:32:37
2026-09-06 01:22:33,ENBC322,ESG1,Kyunghun Lee,20,11,0,2026-09-06 01:32:38
2026-09-06 01:22:33,ENBC331,ESG1,Lan Ma,20,10,0,2026-09-06 01:32:38
2026-09-06 01:22:33,ENBC332,ESG1,Jamasp Azarnoosh,20,11,0,2026-09-06 01:32:39
2026-09-06 01:22:33,ENBC341,ESG1,Jarred Callura,20,12,0,2026-09-06 01:32:39
2026-09-06 01:22:33,ENBC353,ESG1,Jarred Callura,20,15,0,2026-09-06 01:32:39
2026-09-06 01:22:33,ENBC399,ESG1,Nan Xu,1,1,0,2026-09-06 01:32:40
2026-09-06 01:22:33,ENBC399,ESG2,Lan Ma,1,0,0,2026-09-06 01:32:40
2026-09-06 01:22:33,ENBC399,ESG3,Jamasp Azarnoosh,1,0,0,2026-09-06 01:32:40
2026-09-06 01:22:33,ENBC399,ESG4,Lan Ma,1,0,0,2026-09-06 01:32:40
2026-09-06 01:22:33,ENBC399,ESG5,Jamasp Azarnoosh,1,0,0,2026-09-06 01:32:40
2026-09-06 01:22:33,ENBC399,ESG6,Jamasp Azarnoosh,1,0,0,2026-09-06 01:32:40
2026-09-06 01:22:33,ENBC399,ESG7,Jamasp Azarnoosh,1,1,0,2026-09-06 01:32:40
2026-09-06 01:22:33,ENBC423,ESG1,Jian Su,20,13,0,2026-09-06 01:32:40
2026-09-06 01:22:33,ENBC425,ESG1,Jamasp Azarnoosh,20,13,0,2026-09-06 01:32:41
2026-09-06 01:22:33,ENBC431,ESG1,Lan Ma,20,13,0,2026-09-06 01:32:41
2026-09-06 01:22:33,ENEB302,ESG1,Wesley Lawson,20,4,0,2026-09-06 01:32:57
2026-09-06 01:22:33,ENEB340,ESG1,Nestor Michael Tiglao,20,4,0,2026-09-06 01:32:57
2026-09-06 01:22:33,ENEB341,ESG1,Nestor Michael Tiglao,20,4,0,2026-09-06 01:32:58
2026-09-06 01:22:33,ENEB344,ESG1,Jerry Wu,20,4,0,2026-09-06 01:32:58
2026-09-06 01:22:33,ENEB346,ESG1,Nestor Michael Tiglao,20,13,0,2026-09-06 01:32:59
2026-09-06 01:22:33,ENEB354,ESG1,Yavuz Oruc,20,4,0,2026-09-06 01:32:59
2026-09-06 01:22:33,ENEB408A,ESG1,Nestor Michael Tiglao,20,13,0,2026-09-06 01:32:59
2026-09-06 01:22:33,ENEB444,ESG1,Manoj Franklin,20,13,0,2026-09-06 01:33:00
2026-09-06 01:22:33,ENEB454,ESG1,Jerry Wu,20,13,0,2026-09-06 01:33:00
2026-09-06 01:22:33,ENED036,0101,Hillary Owusu,20,7,0,2026-09-06 01:33:02
2026-09-06 01:22:33,ENED101,0101,Shannon Bate,20,1,0,2026-09-06 01:33:03
2026-09-06 01:22:33,ENED115,0101,Friedrich Alvarez,100,5,0,2026-09-06 01:33:03
2026-09-06 01:22:33,ENED215,0101,Tyler Huddleston,30,0,0,2026-09-06 01:33:03
2026-09-06 01:22:33,ENED215,0102,Samantha Sabihi,40,24,0,2026-09-06 01:33:03
2026-09-06 01:22:33,ENED215,0103,Paige Smith,6,0,0,2026-09-06 01:33:03
2026-09-06 01:22:33,ENED290H,0101,Christopher Troilo,46,1,0,2026-09-06 01:33:04
2026-09-06 01:22:33,ENED390H,0101,Tony Barber,50,13,0,2026-09-06 01:33:04
2026-09-06 01:22:33,ENED394H,0101,Manmohan Aseri,65,14,0,2026-09-06 01:33:05
2026-09-06 01:22:33,ENED397,0101,Emily Marks,9,0,0,2026-09-06 01:33:05
2026-09-06 01:22:33,ENED490H,0101,Maria Bardossy,45,1,0,2026-09-06 01:33:06
2026-09-06 01:22:33,ENED491,0101,Jessica Roffe,10,1,0,2026-09-06 01:33:06
2026-09-06 01:22:33,ENMT301,ESG1,Colleen Murray,15,8,0,2026-09-06 01:36:03
2026-09-06 01:22:33,ENMT322,ESG1,Norman Wereley,15,8,0,2026-09-06 01:36:03
2026-09-06 01:22:33,ENMT361,ESG1,Young Choi,15,8,0,2026-09-06 01:36:04
2026-09-06 01:22:33,ENMT380,ESG1,Gurtajbir Herr,15,8,0,2026-09-06 01:36:04
2026-09-06 01:22:33,ENMT450,ESG1,Nicholas Limparis,7,5,0,2026-09-06 01:36:04
2026-09-06 01:22:33,ENMT471,ESG1,Colleen Murray,7,5,0,2026-09-06 01:36:05
2026-09-06 01:22:33,ENMT473,ESG1,Gurtajbir Herr,7,4,0,2026-09-06 01:36:05
2026-09-06 01:22:33,ENMT483,ESG1,Nicholas Limparis,7,5,0,2026-09-06 01:36:06
2026-09-06 01:22:33,ENMT499,ESG4,Nicholas Limparis,2,0,0,2026-09-06 01:36:06
2026-09-06 01:22:33,ENSE621,0101,Tony Barber,22,17,0,2026-09-06 01:36:15
2026-09-06 01:22:33,ENSE621,SY01,Tony Barber,15,0,0,2026-09-06 01:36:15
2026-09-06 01:22:33,ENSE623,0101,Steven Biemer,17,14,0,2026-09-06 01:36:15
2026-09-06 01:22:33,ENSE623,SY01,Steven Biemer,15,11,0,2026-09-06 01:36:15
2026-09-06 01:22:33,ENSE626,0101,Dane Cooper,20,16,0,2026-09-06 01:36:16
2026-09-06 01:22:33,ENSE626,SY01,Dane Cooper,15,9,0,2026-09-06 01:36:16
2026-09-06 01:22:33,ENSP101,0101,Annette Spivy,25,0,0,2026-09-06 01:36:19
2026-09-06 01:22:33,ENSP101,0102,Annette Spivy,24,1,0,2026-09-06 01:36:19
2026-09-06 01:22:33,ENSP101,0103,Annette Spivy,24,2,0,2026-09-06 01:36:19
2026-09-06 01:22:33,ENSP101,0104,Annette Spivy,24,0,0,2026-09-06 01:36:19
2026-09-06 01:22:33,ENSP101,0105,Annette Spivy,25,0,0,2026-09-06 01:36:19
2026-09-06 01:22:33,ENSP101,0106,Annette Spivy,24,0,0,2026-09-06 01:36:19
2026-09-06 01:22:33,ENSP101,0107,Annette Spivy,24,0,1,2026-09-06 01:36:19
2026-09-06 01:22:33,ENSP101,FC01,Annette Spivy,32,4,0,2026-09-06 01:36:19
2026-09-06 01:22:33,ENSP305,0101,Annette Spivy,23,0,2,2026-09-06 01:36:19
2026-09-06 01:22:33,ENSP330,0101,Joanna Goger,35,0,0,2026-09-06 01:36:19
2026-09-06 01:22:33,ENSP340,0101,Caroline Boules,25,0,0,2026-09-06 01:36:39
2026-09-06 01:22:33,ENSP360,0101,Leena Malayil,25,0,4,2026-09-06 01:36:39
2026-09-06 01:22:33,ENSP399R,0601,Annette Spivy,10,10,0,2026-09-06 01:36:40
2026-09-06 01:22:33,ENSP399R,1001,Jennifer Mullinax,10,10,0,2026-09-06 01:36:40
2026-09-06 01:22:33,ENSP400,0101,Joanna Goger,35,13,0,2026-09-06 01:36:41
2026-09-06 01:22:33,ENSP400,0102,Joanna Goger,35,10,0,2026-09-06 01:36:41
2026-09-06 01:22:33,ENVH121,FC01,Brienna Anderson,20,12,0,2026-09-06 01:37:00
2026-09-06 01:22:33,ENVH381,0101,Donald Milton,30,10,0,2026-09-06 01:37:00
2026-09-06 01:22:33,FGSM310,0101,Peter Owen,24,0,0,2026-09-06 01:37:05
2026-09-06 01:22:33,FGSM315,0101,Emily Shetty,22,0,0,2026-09-06 01:37:06
2026-09-06 01:22:33,FGSM320,0101,Woodie Kessel,24,2,0,2026-09-06 01:37:06
2026-09-06 01:22:33,FGSM325,0101,Rob Long,20,1,0,2026-09-06 01:37:07
2026-09-06 01:22:33,FGSM330,0101,Andrew Fausett,22,1,0,2026-09-06 01:37:07
2026-09-06 01:22:33,FGSM340,0101,Ed Fendley,22,1,0,2026-09-06 01:37:08
2026-09-06 01:22:33,FGSM350,0101,Sean Misko,22,1,0,2026-09-06 01:37:08
2026-09-06 01:22:33,FGSM355,0101,Amanda Schoch,20,0,0,2026-09-06 01:37:08
2026-09-06 01:22:33,FGSM360,0101,Nadia Farra,21,0,0,2026-09-06 01:37:09
2026-09-06 01:22:33,FGSM365,0101,Andrew Nissen,20,2,0,2026-09-06 01:37:09
2026-09-06 01:22:33,FGSM370,0101,Joshua Glasser,20,0,0,2026-09-06 01:37:10
2026-09-06 01:22:33,FGSM390,0101,Sasha Koo-Oshima,20,3,0,2026-09-06 01:37:10
2026-09-06 01:22:33,FGSM398,0101,Jayakumar Arasan,25,22,0,2026-09-06 01:37:11
2026-09-06 01:22:33,FGSM398,0201,Jayakumar Arasan,5,1,0,2026-09-06 01:37:11
2026-09-06 01:22:33,FIRE120,0101,Jessica O'Hara,36,0,0,2026-09-06 01:37:12
2026-09-06 01:22:33,FIRE120,0102,Shannon Hilton,36,6,0,2026-09-06 01:37:12
2026-09-06 01:22:33,FIRE120,0103,Jaclyn Bruner,36,0,0,2026-09-06 01:37:12
2026-09-06 01:22:33,FIRE120,0104,Danielle Niu,36,0,0,2026-09-06 01:37:12
2026-09-06 01:22:33,FIRE120,0105,Cherisse Hall,36,0,0,2026-09-06 01:37:12
2026-09-06 01:22:33,FIRE120,0106,Sara Strey,36,0,0,2026-09-06 01:37:12
2026-09-06 01:22:33,FIRE120,0107,Helene Nguemgaing,36,1,0,2026-09-06 01:37:12
2026-09-06 01:22:33,FIRE120,0108,Mary Chey,36,1,0,2026-09-06 01:37:12
2026-09-06 01:22:33,FIRE120,0109,Shannon Hilton,36,0,0,2026-09-06 01:37:12
2026-09-06 01:22:33,FIRE120,0110,Lena Johnson,36,0,0,2026-09-06 01:37:12
2026-09-06 01:22:33,FIRE120,0111,Benjamin Huffman,36,0,0,2026-09-06 01:37:12
2026-09-06 01:22:33,FIRE120,0112,Mary Chey,36,0,0,2026-09-06 01:37:12
2026-09-06 01:22:33,FIRE120,0113,Elizabeth Massey,36,8,0,2026-09-06 01:37:12
2026-09-06 01:22:33,FIRE120,0114,Benjamin Huffman,36,0,0,2026-09-06 01:37:12
2026-09-06 01:22:33,FIRE120,FC01,Danielle Niu,40,0,11,2026-09-06 01:37:12
2026-09-06 01:22:33,FIRE298,0101,Catherine Spirito,28,3,0,2026-09-06 01:37:13
2026-09-06 01:22:33,FIRE298,0103,Cherisse Hall,36,8,0,2026-09-06 01:37:13
2026-09-06 01:22:33,FIRE298,0104,Jessica O'Hara,36,4,0,2026-09-06 01:37:13
2026-09-06 01:22:33,FIRE298,0105,Kaylee Bloom,36,7,0,2026-09-06 01:37:13
2026-09-06 01:22:33,FIRE298,0106,Danielle Niu,36,17,0,2026-09-06 01:37:13
2026-09-06 01:22:33,FIRE298,0107,Benjamin Huffman,40,0,0,2026-09-06 01:37:13
2026-09-06 01:22:33,FIRE298,0108,Elizabeth Massey,40,14,0,2026-09-06 01:37:13
2026-09-06 01:22:33,FIRE298,0109,Shannon Hilton,40,6,0,2026-09-06 01:37:13
2026-09-06 01:22:33,FIRE298,0110,Jaclyn Bruner,40,19,0,2026-09-06 01:37:13
2026-09-06 01:22:33,FIRE298,0111,Mary Chey,36,5,0,2026-09-06 01:37:13
2026-09-06 01:22:33,FIRE298,0112,Helene Nguemgaing,40,15,0,2026-09-06 01:37:13
2026-09-06 01:22:33,FIRE298,0113,Kristina Kramarczuk,40,10,0,2026-09-06 01:37:13
2026-09-06 01:22:33,FIRE298,0114,Shabnam Jabeen,40,22,0,2026-09-06 01:37:13
2026-09-06 01:22:33,FIRE298,0115,Sara Strey,40,14,0,2026-09-06 01:37:13
2026-09-06 01:22:33,FIRE298,0116,Lena Johnson,40,4,0,2026-09-06 01:37:13
2026-09-06 01:22:33,FIRE398,0101,Catherine Spirito,15,2,0,2026-09-06 01:37:13
2026-09-06 01:22:33,FIRE398,0103,Cherisse Hall,15,4,0,2026-09-06 01:37:13
2026-09-06 01:22:33,FIRE398,0104,Jessica O'Hara,15,1,0,2026-09-06 01:37:13
2026-09-06 01:22:33,FIRE398,0105,Kaylee Bloom,15,2,0,2026-09-06 01:37:13
2026-09-06 01:22:33,FIRE398,0106,Danielle Niu,15,10,0,2026-09-06 01:37:13
2026-09-06 01:22:33,FIRE398,0107,Benjamin Huffman,15,3,0,2026-09-06 01:37:13
2026-09-06 01:22:33,FIRE398,0108,Elizabeth Massey,15,6,0,2026-09-06 01:37:13
2026-09-06 01:22:33,FIRE398,0109,Shannon Hilton,15,6,0,2026-09-06 01:37:13
2026-09-06 01:22:33,FIRE398,0110,Jaclyn Bruner,15,9,0,2026-09-06 01:37:13
2026-09-06 01:22:33,FIRE398,0111,Mary Chey,15,3,0,2026-09-06 01:37:13
2026-09-06 01:22:33,FIRE398,0112,Helene Nguemgaing,15,15,0,2026-09-06 01:37:13
2026-09-06 01:22:33,FIRE398,0113,Kristina Kramarczuk,15,7,0,2026-09-06 01:37:13
2026-09-06 01:22:33,FIRE398,0114,Shabnam Jabeen,15,15,0,2026-09-06 01:37:13
2026-09-06 01:22:33,FIRE398,0115,Sara Strey,15,14,0,2026-09-06 01:37:13
2026-09-06 01:22:33,FIRE398,0116,Lena Johnson,15,11,0,2026-09-06 01:37:13
2026-09-06 01:22:33,GBHL200,0101,Hassanatu Blake,30,0,0,2026-09-06 01:37:36
2026-09-06 01:22:33,GBHL200,FC01,Zandra Andre,25,3,0,2026-09-06 01:37:36
2026-09-06 01:22:33,GBHL210,0101,Leena Malayil,25,9,0,2026-09-06 01:37:36
2026-09-06 01:22:33,GBHL399,0101,Hassanatu Blake,3,3,0,2026-09-06 01:37:37
2026-09-06 01:22:33,GBHL399,0111,Dina Borzekowski,5,5,0,2026-09-06 01:37:37
2026-09-06 01:22:33,GEMS101,0101,Allison Lansverk,10,1,0,2026-09-06 01:37:39
2026-09-06 01:22:33,GEMS101,0103,Allison Lansverk,10,0,0,2026-09-06 01:37:39
2026-09-06 01:22:33,GEMS101,0104,Allison Lansverk,10,0,0,2026-09-06 01:37:39
2026-09-06 01:22:33,GEMS101,0105,Allison Lansverk,10,0,0,2026-09-06 01:37:39
2026-09-06 01:22:33,GEMS101,0106,Allison Lansverk,10,0,0,2026-09-06 01:37:39
2026-09-06 01:22:33,GEMS101,0107,Allison Lansverk,10,0,0,2026-09-06 01:37:39
2026-09-06 01:22:33,GEMS101,0109,Allison Lansverk,10,0,0,2026-09-06 01:37:39
2026-09-06 01:22:33,GEMS101,0111,Allison Lansverk,10,0,0,2026-09-06 01:37:39
2026-09-06 01:22:33,GEMS101,0113,Allison Lansverk,10,0,0,2026-09-06 01:37:39
2026-09-06 01:22:33,GEMS101,0114,Allison Lansverk,10,1,0,2026-09-06 01:37:39
2026-09-06 01:22:33,GEMS202,0101,Allison Lansverk,168,43,0,2026-09-06 01:37:40
2026-09-06 01:22:33,GEMS208A,0101,Allison Lansverk,14,14,0,2026-09-06 01:37:40
2026-09-06 01:22:33,GEMS208B,0101,Allison Lansverk,14,14,0,2026-09-06 01:37:40
2026-09-06 01:22:33,GEMS208C,0101,Allison Lansverk,23,12,0,2026-09-06 01:37:41
2026-09-06 01:22:33,GEMS208D,0101,Allison Lansverk,10,10,0,2026-09-06 01:37:41
2026-09-06 01:22:33,GEMS208P,0101,Allison Lansverk,20,8,0,2026-09-06 01:37:42
2026-09-06 01:22:33,GEMS296,0101,Sehrish Shikarpurya,14,5,0,2026-09-06 01:37:42
2026-09-06 01:22:33,GEMS296,0102,David Lovell,14,1,0,2026-09-06 01:37:42
2026-09-06 01:22:33,GEMS296,0103,Myles Poulin,14,1,0,2026-09-06 01:37:42
2026-09-06 01:22:33,GEMS296,0104,Raymond Adomaitis,14,3,0,2026-09-06 01:37:42
2026-09-06 01:22:33,GEMS296,0105,Rodolphe Gentili,14,4,0,2026-09-06 01:37:42
2026-09-06 01:22:33,GEMS296,0106,Jared Grauer,14,6,0,2026-09-06 01:37:42
2026-09-06 01:22:33,GEMS296,0107,Fengfeng Ke,14,4,0,2026-09-06 01:37:42
2026-09-06 01:22:33,GEMS296,0108,Eric Silk,14,4,0,2026-09-06 01:37:42
2026-09-06 01:22:33,GEMS296,0109,Huang Chiao Huang,14,1,0,2026-09-06 01:37:42
2026-09-06 01:22:33,GEMS296,0110,Mengqiang Zhu,14,6,0,2026-09-06 01:37:42
2026-09-06 01:22:33,GEMS296,0111,Maria Molina,14,6,0,2026-09-06 01:37:42
2026-09-06 01:22:33,GEMS296,0112,Youssef Kousa,14,2,0,2026-09-06 01:37:42
2026-09-06 01:22:33,GEMS296,0113,Instructor: TBA,5,5,0,2026-09-06 01:37:42
2026-09-06 01:22:33,GEMS296,0114,Instructor: TBA,14,14,0,2026-09-06 01:37:42
2026-09-06 01:22:33,GEMS296,0115,David Lovell,5,5,0,2026-09-06 01:37:42
2026-09-06 01:22:33,GEMS297,0113,Instructor: TBA,5,5,0,2026-09-06 01:37:43
2026-09-06 01:22:33,GEMS396,0101,Michael Humber,14,7,0,2026-09-06 01:37:43
2026-09-06 01:22:33,GEMS396,0102,Joshua Weitz,14,2,0,2026-09-06 01:37:43
2026-09-06 01:22:33,GEMS396,0103,Cecilia Huertas Cerdeira,14,8,0,2026-09-06 01:37:43
2026-09-06 01:22:33,GEMS396,0104,Rodolphe Gentili,14,3,0,2026-09-06 01:37:43
2026-09-06 01:22:33,GEMS396,0105,Allison Reilly,14,5,0,2026-09-06 01:37:43
2026-09-06 01:22:33,GEMS396,0106,Peter Sunderland,14,5,0,2026-09-06 01:37:43
2026-09-06 01:22:33,GEMS396,0107,Brett Lacey,14,8,0,2026-09-06 01:37:43
2026-09-06 01:22:33,GEMS396,0108,Natalia Buzulukova,14,4,0,2026-09-06 01:37:43
2026-09-06 01:22:33,GEMS396,0109,Anil Deane,14,4,0,2026-09-06 01:37:43
2026-09-06 01:22:33,GEMS396,0110,Colenso Speer,14,3,0,2026-09-06 01:37:43
2026-09-06 01:22:33,GEMS396,0111,Instructor: TBA,14,14,0,2026-09-06 01:37:43
2026-09-06 01:22:33,GEMS396,0112,Instructor: TBA,14,14,0,2026-09-06 01:37:43
2026-09-06 01:22:33,GEMS396,0113,David Lovell,5,5,0,2026-09-06 01:37:43
2026-09-06 01:22:33,GEMS396,0114,David Lovell,5,5,0,2026-09-06 01:37:43
2026-09-06 01:22:33,GEMS397,0113,David Lovell,5,4,0,2026-09-06 01:37:43
2026-09-06 01:22:33,GEMS496,0101,Eric Haag,14,7,0,2026-09-06 01:37:44
2026-09-06 01:22:33,GEMS496,0102,Mohammad Nayeem Teli,14,11,0,2026-09-06 01:37:44
2026-09-06 01:22:33,GEMS496,0103,Norberto Gonzalez- Juarbe,14,4,0,2026-09-06 01:37:44
2026-09-06 01:22:33,GEMS496,0104,Abhinav Shrivastava,14,6,0,2026-09-06 01:37:44
2026-09-06 01:22:33,GEMS496,0105,Hector Alcala,14,4,0,2026-09-06 01:37:44
2026-09-06 01:22:33,GEMS496,0106,Massimo Ricotti,14,5,0,2026-09-06 01:37:44
2026-09-06 01:22:33,GEMS496,0107,Reza Ghodssi,14,7,0,2026-09-06 01:37:44
2026-09-06 01:22:33,GEMS496,0108,Nikhil Chopra,14,8,0,2026-09-06 01:37:44
2026-09-06 01:22:33,GEMS496,0109,Kimberly Stroka,14,5,0,2026-09-06 01:37:44
2026-09-06 01:22:33,GEMS496,0110,Gorjan Alagic,14,13,0,2026-09-06 01:37:44
2026-09-06 01:22:33,GEMS496,0111,Alisa Clyne,14,6,0,2026-09-06 01:37:44
2026-09-06 01:22:33,GEMS496,0112,Xin Zan,14,10,0,2026-09-06 01:37:44
2026-09-06 01:22:33,GEMS496,0113,Erin Tran,14,14,0,2026-09-06 01:37:44
2026-09-06 01:22:33,GEMS496,0114,David Lovell,5,5,0,2026-09-06 01:37:44
2026-09-06 01:22:33,GEMS497,0107,Instructor: TBA,14,14,0,2026-09-06 01:37:44
2026-09-06 01:22:33,GEMS497,0110,Instructor: TBA,5,5,0,2026-09-06 01:37:44
2026-09-06 01:22:33,GEMS497,0113,David Lovell,5,5,0,2026-09-06 01:37:44
2026-09-06 01:22:33,GFPL100,0101,Joshua Itzkowitz Shifrinson,20,0,0,2026-09-06 01:38:16
2026-09-06 01:22:33,GFPL100,0102,Joshua Itzkowitz Shifrinson,20,1,0,2026-09-06 01:38:16
2026-09-06 01:22:33,GFPL100,0103,Joshua Itzkowitz Shifrinson,20,0,0,2026-09-06 01:38:16
2026-09-06 01:22:33,GFPL100,0104,Joshua Itzkowitz Shifrinson,20,0,0,2026-09-06 01:38:16
2026-09-06 01:22:33,GFPL100,0105,Joshua Itzkowitz Shifrinson,20,2,0,2026-09-06 01:38:16
2026-09-06 01:22:33,GFPL100,0106,Joshua Itzkowitz Shifrinson,25,1,0,2026-09-06 01:38:16
2026-09-06 01:22:33,GFPL100,FC01,Devin Entrikin,30,0,1,2026-09-06 01:38:16
2026-09-06 01:22:33,GFPL102,0101,Caroline Ritter,95,25,0,2026-09-06 01:38:17
2026-09-06 01:22:33,GFPL371,0101,Joshua Itzkowitz Shifrinson,35,0,1,2026-09-06 01:38:17
2026-09-06 01:22:33,GFPL388A,0101,Shannon Carcelli,5,5,0,2026-09-06 01:38:17
2026-09-06 01:22:33,GFPL388B,0101,Hyunki Kim,5,5,0,2026-09-06 01:38:18
2026-09-06 01:22:33,GFPL388C,0101,Scott Kastner,5,0,0,2026-09-06 01:38:18
2026-09-06 01:22:33,GFPL390,0101,Lena Andrews,20,0,1,2026-09-06 01:38:19
2026-09-06 01:22:33,GFPL490,0101,Michael Woldemariam,15,1,0,2026-09-06 01:38:19
2026-09-06 01:22:33,GFPL492,0101,Steve Fetter,20,1,0,2026-09-06 01:38:19
2026-09-06 01:22:33,GLBC200,0101,Chris Lewis,30,1,0,2026-09-06 01:38:21
2026-09-06 01:22:33,GLBC350,0101,Michele Mason,30,27,0,2026-09-06 01:38:22
2026-09-06 01:22:33,HACS100,0101,Cassie Harrington,40,2,0,2026-09-06 01:38:45
2026-09-06 01:22:33,HACS100,0201,Cassie Harrington,40,14,0,2026-09-06 01:38:45
2026-09-06 01:22:33,HACS200,0101,Michel Cukier,34,10,0,2026-09-06 01:38:46
2026-09-06 01:22:33,HACS200,0201,Michel Cukier,34,1,0,2026-09-06 01:38:46
2026-09-06 01:22:33,HACS202,0101,Bertrand Sobesto,52,19,0,2026-09-06 01:38:47
2026-09-06 01:22:33,HACS208A,0101,Lawrence Gordon,20,0,2,2026-09-06 01:38:47
2026-09-06 01:22:33,HACS208C,0101,Lamia Zia,26,9,0,2026-09-06 01:38:47
2026-09-06 01:22:33,HACS208P,0101,Charles Harry,26,0,0,2026-09-06 01:38:48
2026-09-06 01:22:33,HACS297,0101,Sarah Herberger,25,5,0,2026-09-06 01:38:50
2026-09-06 01:22:33,HACS408E,0101,Luke Mains,30,11,0,2026-09-06 01:38:50
2026-09-06 01:22:33,HACS408L,0101,Ian Serbin,30,3,0,2026-09-06 01:38:51
2026-09-06 01:22:33,HACS408M,0101,John McGahagan,30,1,0,2026-09-06 01:38:51
2026-09-06 01:22:33,HACS498,0101,Thomas Woods,7,1,0,2026-09-06 01:38:52
2026-09-06 01:22:33,HACS498,0201,David Trott,9,0,0,2026-09-06 01:38:52
2026-09-06 01:22:33,HACS498,0301,Michel Cukier,8,0,0,2026-09-06 01:38:52
2026-09-06 01:22:33,HBUS100,0101,Jui Ramaprasad,72,4,0,2026-09-06 01:38:55
2026-09-06 01:22:33,HBUS200,0101,Nicole Coomber,60,1,0,2026-09-06 01:38:55
2026-09-06 01:22:33,HDCC105,0101,Antwon Key,70,7,0,2026-09-06 01:38:57
2026-09-06 01:22:33,HDCC201,0101,Jessica Lu,22,0,0,2026-09-06 01:38:58
2026-09-06 01:22:33,HDCC201,0201,Jessica Lu,22,0,0,2026-09-06 01:38:58
2026-09-06 01:22:33,HDCC201,0301,Jessica Lu,22,3,0,2026-09-06 01:38:58
2026-09-06 01:22:33,HDCC208A,0101,William Evans,14,0,0,2026-09-06 01:38:58
2026-09-06 01:22:33,HDCC208J,0101,Grant Bollmer,14,0,0,2026-09-06 01:38:59
2026-09-06 01:22:33,HDCC208P,0101,Cliff Bakalian,14,0,0,2026-09-06 01:38:59
2026-09-06 01:22:33,HDCC208T,0101,Jonathan Reyes,14,0,0,2026-09-06 01:39:00
2026-09-06 01:22:33,HDCC208Z,0101,M Sauter,14,7,0,2026-09-06 01:39:00
2026-09-06 01:22:33,HDCC379,0101,Antwon Key,5,4,0,2026-09-06 01:39:00
2026-09-06 01:22:33,HEBR106,0101,Avital Karpman,15,2,0,2026-09-06 01:39:03
2026-09-06 01:22:33,HEBR106,0201,Avital Karpman,15,6,0,2026-09-06 01:39:03
2026-09-06 01:22:33,HEBR206,0101,Avital Karpman,15,7,0,2026-09-06 01:39:04
2026-09-06 01:22:33,HEBR249C,0101,Aliza Sandalon,15,0,0,2026-09-06 01:39:04
2026-09-06 01:22:33,HEBR298B,0101,Matthew Suriano,25,0,0,2026-09-06 01:39:04
2026-09-06 01:22:33,HEBR313,0101,Aliza Sandalon,20,0,3,2026-09-06 01:39:05
2026-09-06 01:22:33,HGLO100,0101,Alfredo Oliveira,22,7,0,2026-09-06 01:39:26
2026-09-06 01:22:33,HGLO100,0102,Natalie Vinski Ibrahim,22,8,0,2026-09-06 01:39:26
2026-09-06 01:22:33,HGLO100,0103,Natalie Vinski Ibrahim,22,1,0,2026-09-06 01:39:26
2026-09-06 01:22:33,HGLO100,0104,Alfredo Oliveira,22,11,0,2026-09-06 01:39:26
2026-09-06 01:22:33,HGLO101,0101,Sarah Croco,23,2,0,2026-09-06 01:39:26
2026-09-06 01:22:33,HGLO101,0102,Sarah Croco,22,9,0,2026-09-06 01:39:26
2026-09-06 01:22:33,HGLO101,0103,Sarah Croco,22,5,0,2026-09-06 01:39:26
2026-09-06 01:22:33,HGLO101,0104,Sarah Croco,22,13,0,2026-09-06 01:39:26
2026-09-06 01:22:33,HGLO207,0101,Natalie Vinski Ibrahim,25,12,0,2026-09-06 01:39:27
2026-09-06 01:22:33,HGLO208,0101,Alfredo Oliveira,45,25,0,2026-09-06 01:39:27
2026-09-06 01:22:33,HGLO298,0101,Jordan Gouws-Dewar,30,25,0,2026-09-06 01:39:28
2026-09-06 01:22:33,HLSC100,0101,Jalah Townsend,24,3,0,2026-09-06 01:40:13
2026-09-06 01:22:33,HLSC100,0102,Jalah Townsend,24,2,0,2026-09-06 01:40:13
2026-09-06 01:22:33,HLSC100,0103,Jalah Townsend,24,4,0,2026-09-06 01:40:13
2026-09-06 01:22:33,HLSC100,0104,Jalah Townsend,24,7,0,2026-09-06 01:40:13
2026-09-06 01:22:33,HLSC280,0101,Najib El-Sayed,25,3,0,2026-09-06 01:40:13
2026-09-06 01:22:33,HLSC280,0102,Najib El-Sayed,25,4,0,2026-09-06 01:40:13
2026-09-06 01:22:33,HLSC280,0103,Najib El-Sayed,25,4,0,2026-09-06 01:40:13
2026-09-06 01:22:33,HLSC280,0104,Najib El-Sayed,25,9,0,2026-09-06 01:40:13
2026-09-06 01:22:33,HLSC329,0101,Sabrina Kramer,12,4,0,2026-09-06 01:40:14
2026-09-06 01:22:33,HNUH100,0101,Robert Graham,20,3,0,2026-09-06 01:40:34
2026-09-06 01:22:33,HNUH100,0102,Robert Graham,20,0,0,2026-09-06 01:40:34
2026-09-06 01:22:33,HNUH100,0103,Brittany Proudfoot Ginder,20,1,0,2026-09-06 01:40:34
2026-09-06 01:22:33,HNUH100,0104,Max Barnewitz,20,1,0,2026-09-06 01:40:34
2026-09-06 01:22:33,HNUH100,0105,Vasfiye Toprak,20,0,0,2026-09-06 01:40:34
2026-09-06 01:22:33,HNUH100,0106,Vasfiye Toprak,20,1,0,2026-09-06 01:40:34
2026-09-06 01:22:33,HNUH100,0201,Max Barnewitz,20,1,0,2026-09-06 01:40:34
2026-09-06 01:22:33,HNUH100,0202,Max Barnewitz,20,0,0,2026-09-06 01:40:34
2026-09-06 01:22:33,HNUH100,0203,Vasfiye Toprak,20,1,0,2026-09-06 01:40:34
2026-09-06 01:22:33,HNUH100,0204,Vasfiye Toprak,20,0,0,2026-09-06 01:40:34
2026-09-06 01:22:33,HNUH100,0205,Ayondela McDole,20,2,0,2026-09-06 01:40:34
2026-09-06 01:22:33,HNUH100,0206,Ayondela McDole,20,0,0,2026-09-06 01:40:34
2026-09-06 01:22:33,HNUH100,0301,Robert Graham,20,1,0,2026-09-06 01:40:34
2026-09-06 01:22:33,HNUH100,0302,Shauna Rigaud,20,8,0,2026-09-06 01:40:34
2026-09-06 01:22:33,HNUH100,0303,Shauna Rigaud,20,1,0,2026-09-06 01:40:34
2026-09-06 01:22:33,HNUH100,0304,Max Barnewitz,20,3,0,2026-09-06 01:40:34
2026-09-06 01:22:33,HNUH100,0305,Vasfiye Toprak,20,0,0,2026-09-06 01:40:34
2026-09-06 01:22:33,HNUH100,0306,Vasfiye Toprak,20,2,0,2026-09-06 01:40:34
2026-09-06 01:22:33,HNUH100,0401,Gretchen Bella,20,0,0,2026-09-06 01:40:34
2026-09-06 01:22:33,HNUH100,0402,Gretchen Bella,20,6,0,2026-09-06 01:40:34
2026-09-06 01:22:33,HNUH100,0403,Max Barnewitz,20,1,0,2026-09-06 01:40:34
2026-09-06 01:22:33,HNUH100,0404,Ayondela McDole,20,6,0,2026-09-06 01:40:34
2026-09-06 01:22:33,HNUH100,0405,Ayondela McDole,20,0,0,2026-09-06 01:40:34
2026-09-06 01:22:33,HNUH100,0406,Ayondela McDole,20,4,0,2026-09-06 01:40:34
2026-09-06 01:22:33,HNUH100,0501,Leigha McReynolds,10,3,0,2026-09-06 01:40:34
2026-09-06 01:22:33,HNUH100,0601,Brittany Proudfoot Ginder,20,0,0,2026-09-06 01:40:34
2026-09-06 01:22:33,HNUH218D,0101,Brian Gilmore,48,0,2,2026-09-06 01:40:35
2026-09-06 01:22:33,HNUH218L,0101,Shauna Rigaud,20,0,0,2026-09-06 01:40:35
2026-09-06 01:22:33,HNUH218L,0201,Shauna Rigaud,20,0,1,2026-09-06 01:40:35
2026-09-06 01:22:33,HNUH228D,0101,Matthew McLaughlin,60,0,0,2026-09-06 01:40:35
2026-09-06 01:22:33,HNUH228L,0101,Alena Wigodner,20,0,0,2026-09-06 01:40:36
2026-09-06 01:22:33,HNUH228L,0201,Alena Wigodner,20,0,0,2026-09-06 01:40:36
2026-09-06 01:22:33,HNUH228N,0101,Peter Grybauskas,20,0,0,2026-09-06 01:40:36
2026-09-06 01:22:33,HNUH229I,0101,Gretchen Bella,20,0,0,2026-09-06 01:40:37
2026-09-06 01:22:33,HNUH238D,0101,Susan Moeller,60,0,0,2026-09-06 01:40:37
2026-09-06 01:22:33,HNUH238L,0101,Kimberly Johnson,20,2,0,2026-09-06 01:40:38
2026-09-06 01:22:33,HNUH238L,0201,Kimberly Johnson,20,0,0,2026-09-06 01:40:38
2026-09-06 01:22:33,HNUH238N,0101,Hannah Wegmann,20,6,0,2026-09-06 01:40:38
2026-09-06 01:22:33,HNUH239T,0101,Gerald Suarez,20,0,0,2026-09-06 01:40:38
2026-09-06 01:22:33,HNUH248D,0101,Juan Uriagereka,45,0,0,2026-09-06 01:40:39
2026-09-06 01:22:33,HNUH248L,0201,Robert Graham,20,6,0,2026-09-06 01:40:39
2026-09-06 01:22:33,HNUH248M,0101,Hassanatu Blake,20,13,0,2026-09-06 01:40:40
2026-09-06 01:22:33,HNUH248N,0101,Siv Lie,20,0,2,2026-09-06 01:40:40
2026-09-06 01:22:33,HNUH249P,0101,Temim Nusraty,20,2,0,2026-09-06 01:40:40
2026-09-06 01:22:33,HNUH258C,0101,Bill Fagan,55,27,0,2026-09-06 01:40:42
2026-09-06 01:22:33,HNUH258Q,0101,Tiara Thomas,20,1,0,2026-09-06 01:40:43
2026-09-06 01:22:33,HNUH259P,0101,Hooman Koliji,20,2,0,2026-09-06 01:40:43
2026-09-06 01:22:33,HNUH268C,0101,Perla Guerrero,60,35,0,2026-09-06 01:40:44
2026-09-06 01:22:33,HNUH269P,0101,Marisa Franco,20,0,2,2026-09-06 01:40:44
2026-09-06 01:22:33,HNUH278C,0101,Chinyere Osuji,60,38,0,2026-09-06 01:40:44
2026-09-06 01:22:33,HNUH278I,0101,Marisa Franco,20,4,0,2026-09-06 01:40:45
2026-09-06 01:22:33,HNUH278I,0102,Marisa Franco,20,1,0,2026-09-06 01:40:45
2026-09-06 01:22:33,HNUH278R,0101,Max Barnewitz,20,3,0,2026-09-06 01:40:45
2026-09-06 01:22:33,HNUH288C,0101,Julia Steinberg,30,3,0,2026-09-06 01:40:46
2026-09-06 01:22:33,HNUH288C,0103,Julia Steinberg,30,9,0,2026-09-06 01:40:46
2026-09-06 01:22:33,HNUH288O,0101,Ariana Nash,20,1,0,2026-09-06 01:40:46
2026-09-06 01:22:33,HNUH300,0301,Vasfiye Toprak,20,0,0,2026-09-06 01:40:47
2026-09-06 01:22:33,HNUH300,0401,Robert Graham,20,0,0,2026-09-06 01:40:47
2026-09-06 01:22:33,HNUH300,0601,Alena Wigodner,20,0,0,2026-09-06 01:40:47
2026-09-06 01:22:33,HNUH300,0701,Ingrid Satelmajer,20,13,0,2026-09-06 01:40:47
2026-09-06 01:22:33,HNUH300,0801,Shauna Rigaud,20,0,0,2026-09-06 01:40:47
2026-09-06 01:22:33,HNUH300,0901,Kimberly Johnson,20,5,0,2026-09-06 01:40:47
2026-09-06 01:22:33,HNUH300,1001,Ingrid Satelmajer,20,14,0,2026-09-06 01:40:47
2026-09-06 01:22:33,HNUH318T,0101,Peter Owen,24,0,0,2026-09-06 01:40:47
2026-09-06 01:22:33,HNUH319T,0101,Emily Shetty,22,0,0,2026-09-06 01:40:47
2026-09-06 01:22:33,HNUH328T,0101,Woodie Kessel,24,2,0,2026-09-06 01:40:48
2026-09-06 01:22:33,HNUH329T,0101,Rob Long,20,1,0,2026-09-06 01:40:48
2026-09-06 01:22:33,HNUH338T,0101,Andrew Fausett,22,1,0,2026-09-06 01:40:49
2026-09-06 01:22:33,HNUH348T,0101,Ed Fendley,22,1,0,2026-09-06 01:40:49
2026-09-06 01:22:33,HNUH358T,0101,Sean Misko,22,1,0,2026-09-06 01:40:49
2026-09-06 01:22:33,HNUH359T,0101,Amanda Schoch,20,0,0,2026-09-06 01:40:50
2026-09-06 01:22:33,HNUH368T,0101,Nadia Farra,21,0,0,2026-09-06 01:40:50
2026-09-06 01:22:33,HNUH369T,0101,Andrew Nissen,20,2,0,2026-09-06 01:40:51
2026-09-06 01:22:33,HNUH378T,0101,Joshua Glasser,20,0,0,2026-09-06 01:40:51
2026-09-06 01:22:33,HNUH398P,0101,Jayakumar Arasan,25,22,0,2026-09-06 01:40:52
2026-09-06 01:22:33,HNUH398P,0201,Jayakumar Arasan,5,1,0,2026-09-06 01:40:52
2026-09-06 01:22:33,HNUH398T,0101,Sasha Koo-Oshima,20,3,0,2026-09-06 01:40:52
2026-09-06 01:22:33,HONR368A,0101,Blake Wilder,22,1,0,2026-09-06 01:40:54
2026-09-06 01:22:33,IMDM101,0101,Mollye Bendell,30,15,0,2026-09-06 01:41:00
2026-09-06 01:22:33,IMDM101,0201,Myungin Lee,30,17,0,2026-09-06 01:41:00
2026-09-06 01:22:33,IMDM101,0301,Myungin Lee,30,23,0,2026-09-06 01:41:00
2026-09-06 01:22:33,IMDM127,0101,Roger Eastman,36,19,0,2026-09-06 01:41:01
2026-09-06 01:22:33,IMDM150,0101,Stefano Passeri,30,16,0,2026-09-06 01:41:01
2026-09-06 01:22:33,IMDM227,0101,Stevens Miller,30,1,0,2026-09-06 01:41:02
2026-09-06 01:22:33,IMDM227,0201,Stevens Miller,30,19,0,2026-09-06 01:41:02
2026-09-06 01:22:33,IMDM327,0101,Myungin Lee,25,0,0,2026-09-06 01:41:02
2026-09-06 01:22:33,IMDM350,0101,Jason Farman,29,12,0,2026-09-06 01:41:02
2026-09-06 01:22:33,IMDM490,0101,Matthew Nolan,30,0,0,2026-09-06 01:41:03
2026-09-06 01:22:33,IMDM490,0201,Matthew Nolan,30,16,0,2026-09-06 01:41:03
2026-09-06 01:22:33,IMDM498K,0101,Matthew Nolan,15,0,0,2026-09-06 01:41:04
2026-09-06 01:22:33,IMMR319D,0101,Beka Guluma,20,12,0,2026-09-06 01:41:06
2026-09-06 01:22:33,IMMR394,0101,Wenxi Yang,30,2,0,2026-09-06 01:41:06
2026-09-06 01:22:33,IMMR399,0101,Instructor: TBA,2,2,0,2026-09-06 01:41:07
2026-09-06 01:22:33,IMMR400,0101,Gerson Rosales,20,2,0,2026-09-06 01:41:07
2026-09-06 01:22:33,ISRL249J,0101,Aner Tal,30,24,0,2026-09-06 01:41:23
2026-09-06 01:22:33,ISRL249M,0101,Aliza Sandalon,15,0,0,2026-09-06 01:41:23
2026-09-06 01:22:33,ISRL283,0101,Shay Hazkani,35,2,0,2026-09-06 01:41:24
2026-09-06 01:22:33,ISRL349G,0101,Marwa Maziad,30,2,0,2026-09-06 01:41:24
2026-09-06 01:22:33,ISRL349K,0101,Regev Ben-David,30,23,0,2026-09-06 01:41:24
2026-09-06 01:22:33,ISRL349T,0101,Elli Lieberman,35,20,0,2026-09-06 01:41:25
2026-09-06 01:22:33,ISRL349Y,0101,Adina Friedman,35,26,0,2026-09-06 01:41:25
2026-09-06 01:22:33,ISRL382,0101,Ilai Saltzman,35,0,0,2026-09-06 01:41:26
2026-09-06 01:22:33,ISRL448R,0101,Morad Elsana,25,9,0,2026-09-06 01:41:26
2026-09-06 01:22:33,ITAL103,0101,Antonella D'Amario,18,14,0,2026-09-06 01:41:28
2026-09-06 01:22:33,ITAL103,0201,Antonella D'Amario,18,5,0,2026-09-06 01:41:28
2026-09-06 01:22:33,ITAL103,0301,Joseph Falvo,18,7,0,2026-09-06 01:41:28
2026-09-06 01:22:33,ITAL203,0101,Antonella D'Amario,18,9,0,2026-09-06 01:41:29
2026-09-06 01:22:33,ITAL203,0201,Antonella D'Amario,18,13,0,2026-09-06 01:41:29
2026-09-06 01:22:33,ITAL204,0101,Federica Soddu,18,14,0,2026-09-06 01:41:29
2026-09-06 01:22:33,ITAL207,0101,Mirella Vaglio,18,17,0,2026-09-06 01:41:31
2026-09-06 01:22:33,ITAL301,0101,Federica Soddu,20,12,0,2026-09-06 01:41:32
2026-09-06 01:22:33,ITAL362,0101,Federica Soddu,20,11,0,2026-09-06 01:41:32
2026-09-06 01:22:33,ITAL401,0101,Mirella Vaglio,15,12,0,2026-09-06 01:41:33
2026-09-06 01:22:33,ITAL421,0101,Joseph Falvo,25,14,0,2026-09-06 01:41:34
2026-09-06 01:22:33,ITAL478R,0101,Joseph Falvo,5,3,0,2026-09-06 01:41:34
2026-09-06 01:22:33,JAPN101,0101,Kumiko Akikawa,15,3,0,2026-09-06 01:41:36
2026-09-06 01:22:33,JAPN101,0201,Kumiko Akikawa,15,6,0,2026-09-06 01:41:36
2026-09-06 01:22:33,JAPN101,0301,Kumiko Akikawa,15,5,0,2026-09-06 01:41:36
2026-09-06 01:22:33,JAPN201,0101,Makiko Inoue,15,5,0,2026-09-06 01:41:37
2026-09-06 01:22:33,JAPN201,0201,Makiko Inoue,15,8,0,2026-09-06 01:41:37
2026-09-06 01:22:33,JAPN301,0101,Mari Hamada,15,9,0,2026-09-06 01:41:37
2026-09-06 01:22:33,JAPN311,0101,Jyana Browne,15,11,0,2026-09-06 01:41:38
2026-09-06 01:22:33,JAPN315,0101,Michele Mason,20,4,0,2026-09-06 01:41:38
2026-09-06 01:22:33,JAPN320,0101,Lindsay Yotsukura,15,9,0,2026-09-06 01:41:39
2026-09-06 01:22:33,JAPN498B,0101,Jyana Browne,20,2,0,2026-09-06 01:41:39
2026-09-06 01:22:33,KORA101,0101,Saerom Kwak,15,0,1,2026-09-06 01:42:39
2026-09-06 01:22:33,KORA101,0201,Saerom Kwak,15,3,0,2026-09-06 01:42:39
2026-09-06 01:22:33,KORA101,0301,Saerom Kwak,15,6,0,2026-09-06 01:42:39
2026-09-06 01:22:33,KORA101,0401,Saerom Kwak,15,5,0,2026-09-06 01:42:39
2026-09-06 01:22:33,KORA201,0101,Seong Minne Koh,15,4,0,2026-09-06 01:42:39
2026-09-06 01:22:33,KORA201,0201,Seong Minne Koh,15,5,0,2026-09-06 01:42:39
2026-09-06 01:22:33,KORA201,0301,Seong Minne Koh,15,8,0,2026-09-06 01:42:39
2026-09-06 01:22:33,KORA398G,0101,Instructor: TBA,10,7,0,2026-09-06 01:42:40
2026-09-06 01:22:33,KORA398W,0101,Seong Minne Koh,10,4,0,2026-09-06 01:42:40
2026-09-06 01:22:33,LEAD217,0101,Festus Ainoo,25,0,0,2026-09-06 01:43:05
2026-09-06 01:22:33,LEAD217,0201,Adrian Bitton,25,0,0,2026-09-06 01:43:05
2026-09-06 01:22:33,LEAD217,FC01,Festus Ainoo,22,0,0,2026-09-06 01:43:05
2026-09-06 01:22:33,LEAD305,0101,Anastasia Lavrenyuk,20,4,0,2026-09-06 01:43:06
2026-09-06 01:22:33,LEAD315,0101,Anastasia Lavrenyuk,25,11,0,2026-09-06 01:43:06
2026-09-06 01:22:33,LEAD320,0101,Courtney Holder,10,9,0,2026-09-06 01:43:07
2026-09-06 01:22:33,LGBT200,0201,Basanth Babu,25,0,5,2026-09-06 01:43:09
2026-09-06 01:22:33,LGBT265,0101,Tyra Griffin,30,4,0,2026-09-06 01:43:09
2026-09-06 01:22:33,LGBT265,0201,Declan Langton,30,2,0,2026-09-06 01:43:09
2026-09-06 01:22:33,LGBT359J,0101,Chris Eng,25,14,0,2026-09-06 01:43:09
2026-09-06 01:22:33,MLAW100,0101,Christine White,83,14,0,2026-09-06 01:44:20
2026-09-06 01:22:33,MLAW304,0201,Christine White,65,16,0,2026-09-06 01:44:20
2026-09-06 01:22:33,MLAW305,0101,Brian Gilmore,40,2,0,2026-09-06 01:44:21
2026-09-06 01:22:33,MLAW315,0101,Grace Benton,13,3,0,2026-09-06 01:44:21
2026-09-06 01:22:33,MLAW358Q,0101,David Cunningham,0,0,0,2026-09-06 01:44:22
2026-09-06 01:22:33,MLAW358T,0101,Christine White,25,5,0,2026-09-06 01:44:22
2026-09-06 01:22:33,MLAW358X,0101,Martin Kobren,5,0,0,2026-09-06 01:44:22
2026-09-06 01:22:33,MLAW359,0101,Brandee Pettus,10,4,0,2026-09-06 01:44:23
2026-09-06 01:22:33,MLAW378E,0101,Brandee Pettus,5,5,0,2026-09-06 01:44:23
2026-09-06 01:22:33,MLAW378K,0101,Brian Gilmore,20,0,0,2026-09-06 01:44:24
2026-09-06 01:22:33,MLAW378Q,0101,Paul Huth,2,0,1,2026-09-06 01:44:24
2026-09-06 01:22:33,MLAW378R,0101,Nancy Schertzing,13,2,0,2026-09-06 01:44:25
2026-09-06 01:22:33,MLAW388,0101,Brandee Pettus,40,21,0,2026-09-06 01:44:25
2026-09-06 01:22:33,MLSC250,FC01,William Simpson,24,5,0,2026-09-06 01:44:27
2026-09-06 01:22:33,NEUR200,0101,Ana Navarro Cebrian,80,8,0,2026-09-06 01:44:52
2026-09-06 01:22:33,NEUR200,0201,Ana Navarro Cebrian,80,0,2,2026-09-06 01:44:52
2026-09-06 01:22:33,NEUR200,0301,Evan Hart,80,0,0,2026-09-06 01:44:52
2026-09-06 01:22:33,NEUR305,0101,Amanda Chicoli,100,12,0,2026-09-06 01:44:52
2026-09-06 01:22:33,NEUR306,0101,Chan Lin,200,7,0,2026-09-06 01:44:53
2026-09-06 01:22:33,NEUR398H,0101,Nikolas Francis,20,2,0,2026-09-06 01:44:54
2026-09-06 01:22:33,NEUR405,0101,Hilary Bierman,20,0,0,2026-09-06 01:44:55
2026-09-06 01:22:33,NEUR405,0102,Hilary Bierman,20,1,0,2026-09-06 01:44:55
2026-09-06 01:22:33,NEUR405,0103,Hilary Bierman,20,0,0,2026-09-06 01:44:55
2026-09-06 01:22:33,PEER312,0101,Aleia Gardner,15,8,0,2026-09-06 01:45:13
2026-09-06 01:22:33,PEER318,0101,Christina Jay,15,11,0,2026-09-06 01:45:14
2026-09-06 01:22:33,PEER319,0101,Grace Boudreau,15,7,0,2026-09-06 01:45:14
2026-09-06 01:22:33,PHPE308D,0101,Xinzhi Zhao,30,7,0,2026-09-06 01:45:34
2026-09-06 01:22:33,PHPE308F,0101,Regev Ben-David,30,23,0,2026-09-06 01:45:34
2026-09-06 01:22:33,PHPE308M,0101,Hallie Liberto,30,17,0,2026-09-06 01:45:35
2026-09-06 01:22:33,PHPE308O,0101,Jackson Iszler,30,0,0,2026-09-06 01:45:35
2026-09-06 01:22:33,PHPE308Y,0101,Rachel Singpurwalla,20,1,0,2026-09-06 01:45:36
2026-09-06 01:22:33,PHPE308Y,0102,Rachel Singpurwalla,20,0,2,2026-09-06 01:45:36
2026-09-06 01:22:33,PHPE308Y,0103,Rachel Singpurwalla,20,0,1,2026-09-06 01:45:36
2026-09-06 01:22:33,PHPE400,0101,Justin Helms,18,1,0,2026-09-06 01:45:36
2026-09-06 01:22:33,PHPE400,0102,Justin Helms,18,1,0,2026-09-06 01:45:36
2026-09-06 01:22:33,PHPE400,0103,Justin Helms,20,1,0,2026-09-06 01:45:36
2026-09-06 01:22:33,PHPE401,0101,Xinzhi Zhao,25,0,8,2026-09-06 01:45:37
2026-09-06 01:22:33,PHPE402,0101,Dan Moller,30,0,0,2026-09-06 01:45:37
2026-09-06 01:22:33,PHPE408J,0101,Lixing Miao,25,0,0,2026-09-06 01:45:38
2026-09-06 01:22:33,PHPE408R,0101,Xinzhi Zhao,25,9,0,2026-09-06 01:45:38
2026-09-06 01:22:33,PHSC388J,0101,Kendall Bustad,20,6,0,2026-09-06 01:45:40
2026-09-06 01:22:33,PHSC389,0101,Shannon Edward,30,14,0,2026-09-06 01:45:40
2026-09-06 01:22:33,PHSC399,0101,Shannon Edward,30,9,0,2026-09-06 01:45:41
2026-09-06 01:22:33,PHSC415,0101,Jessica O'Hara,31,0,1,2026-09-06 01:45:41
2026-09-06 01:22:33,PHSC415,0102,Jessica O'Hara,31,0,1,2026-09-06 01:45:41
2026-09-06 01:22:33,PHSC415,0103,Jessica O'Hara,31,0,1,2026-09-06 01:45:41
2026-09-06 01:22:33,PHSC415,0104,Jessica O'Hara,31,0,1,2026-09-06 01:45:41
2026-09-06 01:22:33,PHSC415,0105,Jessica O'Hara,31,0,1,2026-09-06 01:45:41
2026-09-06 01:22:33,PHSC420,0101,Jennifer German,35,3,0,2026-09-06 01:45:41
2026-09-06 01:22:33,PHSC450,0101,Kendall Bustad,20,0,3,2026-09-06 01:45:42
2026-09-06 01:22:33,PHSC450,0102,Kendall Bustad,20,0,2,2026-09-06 01:45:42
2026-09-06 01:22:33,PHSC450,0103,Kendall Bustad,20,0,1,2026-09-06 01:45:42
2026-09-06 01:22:33,PHSC450,0104,Kendall Bustad,20,0,2,2026-09-06 01:45:42
2026-09-06 01:22:33,PHSC450,0105,Kendall Bustad,20,0,1,2026-09-06 01:45:42
2026-09-06 01:22:33,PHSC450,0106,Kendall Bustad,20,0,0,2026-09-06 01:45:42
2026-09-06 01:22:33,PHSC450,0107,Kendall Bustad,20,0,2,2026-09-06 01:45:42
2026-09-06 01:22:33,PHSC450,0108,Kendall Bustad,20,0,3,2026-09-06 01:45:42
2026-09-06 01:22:33,PHSC497,0101,Kendall Bustad,20,2,0,2026-09-06 01:45:42
2026-09-06 01:22:33,PHSC497,0301,Shannon Edward,20,3,0,2026-09-06 01:45:42
2026-09-06 01:22:33,PHSC497,0601,Jennifer German,20,2,0,2026-09-06 01:45:42
2026-09-06 01:22:33,PLCY100,0101,Toby Egan,25,0,1,2026-09-06 01:46:11
2026-09-06 01:22:33,PLCY100,0102,Toby Egan,25,0,0,2026-09-06 01:46:11
2026-09-06 01:22:33,PLCY100,0103,Toby Egan,25,0,0,2026-09-06 01:46:11
2026-09-06 01:22:33,PLCY100,0104,Toby Egan,25,0,0,2026-09-06 01:46:11
2026-09-06 01:22:33,PLCY100,0201,Namrta Sharma,25,12,0,2026-09-06 01:46:11
2026-09-06 01:22:33,PLCY100,0202,Namrta Sharma,25,15,0,2026-09-06 01:46:11
2026-09-06 01:22:33,PLCY100,0203,Namrta Sharma,25,0,0,2026-09-06 01:46:11
2026-09-06 01:22:33,PLCY100,0204,Namrta Sharma,25,10,0,2026-09-06 01:46:11
2026-09-06 01:22:33,PLCY101,0101,Robert Sprinkle,75,0,1,2026-09-06 01:46:12
2026-09-06 01:22:33,PLCY170,0101,Joshua Itzkowitz Shifrinson,20,0,0,2026-09-06 01:46:12
2026-09-06 01:22:33,PLCY170,0102,Joshua Itzkowitz Shifrinson,20,1,0,2026-09-06 01:46:12
2026-09-06 01:22:33,PLCY170,0103,Joshua Itzkowitz Shifrinson,20,0,0,2026-09-06 01:46:12
2026-09-06 01:22:33,PLCY170,0104,Joshua Itzkowitz Shifrinson,20,0,0,2026-09-06 01:46:12
2026-09-06 01:22:33,PLCY170,0105,Joshua Itzkowitz Shifrinson,20,2,0,2026-09-06 01:46:12
2026-09-06 01:22:33,PLCY170,0106,Joshua Itzkowitz Shifrinson,25,1,0,2026-09-06 01:46:12
2026-09-06 01:22:33,PLCY172,0101,Caroline Ritter,95,25,0,2026-09-06 01:46:12
2026-09-06 01:22:33,PLCY200,0101,Shanna Pearson-Merkowitz,35,0,2,2026-09-06 01:46:13
2026-09-06 01:22:33,PLCY200,0201,Shanna Pearson-Merkowitz,35,0,2,2026-09-06 01:46:13
2026-09-06 01:22:33,PLCY200,0301,Namrta Sharma,35,0,3,2026-09-06 01:46:13
2026-09-06 01:22:33,PLCY201,0101,Julio Guzman,70,0,0,2026-09-06 01:46:13
2026-09-06 01:22:33,PLCY201,0201,Gregory Ramsay,60,0,0,2026-09-06 01:46:13
2026-09-06 01:22:33,PLCY201,FC01,Anne Kaiser,32,1,0,2026-09-06 01:46:13
2026-09-06 01:22:33,PLCY201,FC02,Anne Kaiser,32,6,0,2026-09-06 01:46:13
2026-09-06 01:22:33,PLCY201S,0101,Susannah Washburn,80,4,0,2026-09-06 01:46:14
2026-09-06 01:22:33,PLCY203,0101,Thomas Hilde,60,7,0,2026-09-06 01:46:14
2026-09-06 01:22:33,PLCY203,0201,Anne Kaiser,60,38,0,2026-09-06 01:46:14
2026-09-06 01:22:33,PLCY213,0201,Claire Dunning,40,5,0,2026-09-06 01:46:14
2026-09-06 01:22:33,PLCY214,0101,Patricia Bory,65,20,0,2026-09-06 01:46:15
2026-09-06 01:22:33,PLCY240,0101,Timothy Reedy,30,0,0,2026-09-06 01:46:15
2026-09-06 01:22:33,PLCY288K,0101,CHRISTIAN OSTERMANN,25,2,0,2026-09-06 01:46:16
2026-09-06 01:22:33,PLCY300,0101,Alana Hackshaw,45,0,6,2026-09-06 01:46:16
2026-09-06 01:22:33,PLCY300,0201,Namrta Sharma,45,30,0,2026-09-06 01:46:16
2026-09-06 01:22:33,PLCY301,0101,Caroline Boules,165,7,0,2026-09-06 01:46:17
2026-09-06 01:22:33,PLCY302,0101,Niambi Carter,40,1,0,2026-09-06 01:46:17
2026-09-06 01:22:33,PLCY302,0201,Ebonie Johnson Cooper,40,2,0,2026-09-06 01:46:17
2026-09-06 01:22:33,PLCY302,0301,Lindsay Dieudonne,40,0,1,2026-09-06 01:46:17
2026-09-06 01:22:33,PLCY303,0101,Juan Martinez Guzman,40,4,0,2026-09-06 01:46:17
2026-09-06 01:22:33,PLCY304,0101,Michael Busse,40,11,0,2026-09-06 01:46:18
2026-09-06 01:22:33,PLCY304,0201,Michael Busse,40,12,0,2026-09-06 01:46:18
2026-09-06 01:22:33,PLCY309,0101,Martin Sanders,30,25,0,2026-09-06 01:46:18
2026-09-06 01:22:33,PLCY310,0101,Selvon Waldron,35,15,0,2026-09-06 01:46:19
2026-09-06 01:22:33,PLCY313,0101,Gerard Evans,100,2,0,2026-09-06 01:46:19
2026-09-06 01:22:33,PLCY371,0101,Joshua Itzkowitz Shifrinson,35,0,1,2026-09-06 01:46:19
2026-09-06 01:22:33,PLCY380,0101,Isabel O'Malley,40,3,0,2026-09-06 01:46:20
2026-09-06 01:22:33,PLCY380,ESG1,Kisha McNeill,30,1,0,2026-09-06 01:46:20
2026-09-06 01:22:33,PLCY388A,0101,Brandi Onowu,40,8,0,2026-09-06 01:46:20
2026-09-06 01:22:33,PLCY388N,0101,Nina Harris,25,2,0,2026-09-06 01:46:21
2026-09-06 01:22:33,PLCY390,0101,Lena Andrews,20,0,1,2026-09-06 01:46:21
2026-09-06 01:22:33,PLCY399B,0101,Beatrice DeBelen,30,19,0,2026-09-06 01:46:22
2026-09-06 01:22:33,PLCY400,0101,Patricia Bory,25,2,0,2026-09-06 01:46:23
2026-09-06 01:22:33,PLCY401,0101,Anand Patwardhan,20,5,0,2026-09-06 01:46:23
2026-09-06 01:22:33,PLCY401,0201,Tracy Thompson,20,0,0,2026-09-06 01:46:23
2026-09-06 01:22:33,PLCY401,0301,David Mussington,20,9,0,2026-09-06 01:46:23
2026-09-06 01:22:33,PLCY490,0101,Michael Woldemariam,15,1,0,2026-09-06 01:46:24
2026-09-06 01:22:33,PLCY492,0101,Steve Fetter,20,1,0,2026-09-06 01:46:24
2026-09-06 01:22:33,PLCY610,0201,Alec Worsnop,40,8,0,2026-09-06 01:46:24
2026-09-06 01:22:33,PLCY630,0101,Catherine Worsnop,25,2,0,2026-09-06 01:46:25
2026-09-06 01:22:33,PLCY630,0201,Catherine Worsnop,25,3,0,2026-09-06 01:46:25
2026-09-06 01:22:33,PLCY631,0101,Cullen Merritt,25,0,1,2026-09-06 01:46:25
2026-09-06 01:22:33,PLCY640,0201,Thomas Spreen,30,5,0,2026-09-06 01:46:26
2026-09-06 01:22:33,PLCY641,0101,Tyler Kustra,30,1,0,2026-09-06 01:46:26
2026-09-06 01:22:33,PLCY641,0201,Tyler Kustra,30,10,0,2026-09-06 01:46:26
2026-09-06 01:22:33,PLCY670,0101,Philip Joyce,30,0,0,2026-09-06 01:46:27
2026-09-06 01:22:33,PLCY680,0101,Claire Dunning,25,0,0,2026-09-06 01:46:27
2026-09-06 01:22:33,PLCY680,0201,Michael Woldemariam,25,5,0,2026-09-06 01:46:27
2026-09-06 01:22:33,PLCY688C,0101,Charles Harry,20,10,0,2026-09-06 01:46:27
2026-09-06 01:22:33,PLCY688F,PWL1,Nekeya O'Connor,20,1,0,2026-09-06 01:46:28
2026-09-06 01:22:33,PLCY688P,0101,Steve Fetter,10,1,0,2026-09-06 01:46:28
2026-09-06 01:22:33,PLCY688Z,0101,Brandi Onowu,20,6,0,2026-09-06 01:46:29
2026-09-06 01:22:33,PLCY689E,0101,Susan Parker,20,0,0,2026-09-06 01:46:29
2026-09-06 01:22:33,PLCY690,0110,David Mussington,15,3,0,2026-09-06 01:46:29
2026-09-06 01:22:33,PLCY690,0120,Margaret Brindle,15,2,0,2026-09-06 01:46:29
2026-09-06 01:22:33,PLCY690,0130,Douglas Call,15,0,0,2026-09-06 01:46:29
2026-09-06 01:22:33,PLCY690,0150,Paul Brown,15,1,0,2026-09-06 01:46:29
2026-09-06 01:22:33,PLCY690,0170,James Stillwell,15,0,0,2026-09-06 01:46:29
2026-09-06 01:22:33,PLCY698T,0101,Elizabeth Duke,20,7,0,2026-09-06 01:46:30
2026-09-06 01:22:33,PLCY699L,0101,Michael Woldemariam,10,1,0,2026-09-06 01:46:30
2026-09-06 01:22:33,PLCY720,0101,Nancy Gallagher,20,3,0,2026-09-06 01:46:31
2026-09-06 01:22:33,PLCY734,0101,Niambi Carter,20,1,0,2026-09-06 01:46:31
2026-09-06 01:22:33,PLCY735,0101,Robert Sprinkle,20,7,0,2026-09-06 01:46:32
2026-09-06 01:22:33,PLCY741,0101,Anand Patwardhan,20,7,0,2026-09-06 01:46:32
2026-09-06 01:22:33,PLCY742,0101,Thomas Hilde,20,9,0,2026-09-06 01:46:32
2026-09-06 01:22:33,PLCY780,0101,Robert Orr,20,0,0,2026-09-06 01:46:33
2026-09-06 01:22:33,PLCY781,0101,Julio Guzman,20,2,0,2026-09-06 01:46:33
2026-09-06 01:22:33,PLCY783,0101,Margaret Brindle,20,7,0,2026-09-06 01:46:34
2026-09-06 01:22:33,PLCY798F,PWL1,William Nolte,25,18,0,2026-09-06 01:46:35
2026-09-06 01:22:33,PLCY798V,0101,Shanna Pearson-Merkowitz,12,0,0,2026-09-06 01:46:36
2026-09-06 01:22:33,PLCY798W,0101,Martin Sanders,10,10,0,2026-09-06 01:46:36
2026-09-06 01:22:33,PLCY798Y,PWL1,Jeffrey Franco,25,0,0,2026-09-06 01:46:36
2026-09-06 01:22:33,PLCY798Z,0101,Peter Reuter,12,0,0,2026-09-06 01:46:37
2026-09-06 01:22:33,PLSC112,0101,Samuel Daramola,100,16,0,2026-09-06 01:46:40
2026-09-06 01:22:33,PLSC113,0101,Samuel Daramola,24,3,0,2026-09-06 01:46:40
2026-09-06 01:22:33,PLSC113,0102,Samuel Daramola,24,5,0,2026-09-06 01:46:40
2026-09-06 01:22:33,PLSC113,0103,Samuel Daramola,24,13,0,2026-09-06 01:46:40
2026-09-06 01:22:33,PLSC113,0104,Samuel Daramola,24,10,0,2026-09-06 01:46:40
2026-09-06 01:22:33,PLSC115,0101,Shirley Micallef,24,0,1,2026-09-06 01:46:41
2026-09-06 01:22:33,PLSC201,0101,Pierre Jacob,42,15,0,2026-09-06 01:46:41
2026-09-06 01:22:33,PLSC203,0101,Vijay Tiwari,23,17,0,2026-09-06 01:46:42
2026-09-06 01:22:33,PLSC205,0101,Mark Carroll,22,0,0,2026-09-06 01:46:42
2026-09-06 01:22:33,PLSC206,0101,Pierre Jacob,21,8,0,2026-09-06 01:46:42
2026-09-06 01:22:33,PLSC206,0102,Pierre Jacob,21,7,0,2026-09-06 01:46:42
2026-09-06 01:22:33,PLSC253,0101,Karen Petroff,24,0,0,2026-09-06 01:46:43
2026-09-06 01:22:33,PLSC253,0102,Karen Petroff,24,5,0,2026-09-06 01:46:43
2026-09-06 01:22:33,PLSC389,0101,Craig Beyrouty,17,17,0,2026-09-06 01:46:43
2026-09-06 01:22:33,PLSC402,0101,Geoffrey Rinehart,10,3,0,2026-09-06 01:46:44
2026-09-06 01:22:33,PLSC404,0101,Yiping Qi,20,9,0,2026-09-06 01:46:44
2026-09-06 01:22:33,PLSC420,0101,Nidhi Rawat,18,3,0,2026-09-06 01:46:45
2026-09-06 01:22:33,PLSC420,0102,Nidhi Rawat,18,13,0,2026-09-06 01:46:45
2026-09-06 01:22:33,PLSC433,0101,Diana Cochran,10,2,0,2026-09-06 01:46:45
2026-09-06 01:22:33,PLSC453,0101,Samuel Daramola,24,1,0,2026-09-06 01:46:46
2026-09-06 01:22:33,PLSC471,0101,Juanita Choo,20,0,0,2026-09-06 01:46:46
2026-09-06 01:22:33,PLSC476,0101,Maile Neel,23,19,0,2026-09-06 01:46:46
2026-09-06 01:22:33,PLSC608,0101,Shunyuan Xiao,20,13,0,2026-09-06 01:46:47
2026-09-06 01:22:33,PORT103,0101,Parker Brookie,15,8,0,2026-09-06 01:46:50
2026-09-06 01:22:33,PORT205,0101,Parker Brookie,15,4,0,2026-09-06 01:46:50
2026-09-06 01:22:33,PORT332,0101,Parker Brookie,25,1,0,2026-09-06 01:46:51
2026-09-06 01:22:33,RELS120,0101,Antoine Borrut,40,6,0,2026-09-06 01:47:31
2026-09-06 01:22:33,RELS170,0101,Chiara Graf,21,4,0,2026-09-06 01:47:31
2026-09-06 01:22:33,RELS170,0102,Chiara Graf,21,0,0,2026-09-06 01:47:31
2026-09-06 01:22:33,RELS170,0103,Chiara Graf,21,1,0,2026-09-06 01:47:31
2026-09-06 01:22:33,RELS170,0104,Chiara Graf,21,0,0,2026-09-06 01:47:31
2026-09-06 01:22:33,RELS170,0105,Chiara Graf,21,0,0,2026-09-06 01:47:31
2026-09-06 01:22:33,RELS170,0106,Chiara Graf,21,0,1,2026-09-06 01:47:31
2026-09-06 01:22:33,RELS170,0107,Chiara Graf,21,0,1,2026-09-06 01:47:31
2026-09-06 01:22:33,RELS170,0108,Chiara Graf,21,0,0,2026-09-06 01:47:31
2026-09-06 01:22:33,RELS170,0109,Chiara Graf,22,0,0,2026-09-06 01:47:31
2026-09-06 01:22:33,RELS171,0101,Maxine Grossman,40,0,0,2026-09-06 01:47:32
2026-09-06 01:22:33,RELS219K,0101,Shay Hazkani,40,32,0,2026-09-06 01:47:32
2026-09-06 01:22:33,RELS225,0101,Stephanie Cooper,25,0,0,2026-09-06 01:47:33
2026-09-06 01:22:33,RELS273,0101,Hayim Lapin,23,1,0,2026-09-06 01:47:33
2026-09-06 01:22:33,RELS273,0102,Hayim Lapin,23,1,0,2026-09-06 01:47:33
2026-09-06 01:22:33,RELS273,0103,Hayim Lapin,23,2,0,2026-09-06 01:47:33
2026-09-06 01:22:33,RELS274,0101,Matthew Suriano,20,0,1,2026-09-06 01:47:34
2026-09-06 01:22:33,RELS274,0102,Matthew Suriano,20,0,1,2026-09-06 01:47:34
2026-09-06 01:22:33,RELS274,0103,Matthew Suriano,20,0,2,2026-09-06 01:47:34
2026-09-06 01:22:33,RELS274,0104,Matthew Suriano,20,0,0,2026-09-06 01:47:34
2026-09-06 01:22:33,RELS319D,0101,Nathan Levine,35,25,0,2026-09-06 01:47:34
2026-09-06 01:22:33,RELS319Z,0101,Regev Ben-David,30,27,0,2026-09-06 01:47:34
2026-09-06 01:22:33,RELS341,0101,Janna Bianchini,30,0,0,2026-09-06 01:47:35
2026-09-06 01:22:33,RUSS101,0101,Inna Hardman,15,6,0,2026-09-06 01:47:37
2026-09-06 01:22:33,RUSS101,0201,Inna Hardman,15,5,0,2026-09-06 01:47:37
2026-09-06 01:22:33,RUSS201,0101,Zhanna Gerus-Vernola,15,8,0,2026-09-06 01:47:37
2026-09-06 01:22:33,RUSS301,0101,Izolda Savenkova,15,5,0,2026-09-06 01:47:38
2026-09-06 01:22:33,RUSS321,0101,Elizabeth Papazian,15,5,0,2026-09-06 01:47:38
2026-09-06 01:22:33,RUSS334,0101,Elizabeth Papazian,25,0,0,2026-09-06 01:47:39
2026-09-06 01:22:33,RUSS404,0101,Izolda Savenkova,15,1,0,2026-09-06 01:47:40
2026-09-06 01:22:33,SDSB123,0101,Brian Kim,40,7,0,2026-09-06 01:47:42
2026-09-06 01:22:33,SDSB180,0101,Brian Kim,180,135,0,2026-09-06 01:47:42
2026-09-06 01:22:33,SDSB233,0101,Jacob Coutts,25,1,0,2026-09-06 01:47:43
2026-09-06 01:22:33,SDSB233,0102,Jacob Coutts,25,10,0,2026-09-06 01:47:43
2026-09-06 01:22:33,SDSB233,0103,Jacob Coutts,25,8,0,2026-09-06 01:47:43
2026-09-06 01:22:33,SDSB326,0101,Jacob Coutts,50,31,0,2026-09-06 01:47:43
2026-09-06 01:22:33,SDSB340,0101,Neil Lund,40,0,0,2026-09-06 01:47:44
2026-09-06 01:22:33,SDSI414,0201,Maria Krupenkin,34,13,0,2026-09-06 01:47:46
2026-09-06 01:22:33,SDSI414,0202,Maria Krupenkin,34,0,0,2026-09-06 01:47:46
2026-09-06 01:22:33,SDSI492,0101,TJ Rainsford,50,11,0,2026-09-06 01:47:46
2026-09-06 01:22:33,SDSI492,0103,Mary Ann Francis,40,0,4,2026-09-06 01:47:46
2026-09-06 01:22:33,SDSI492,0104,TJ Rainsford,50,3,0,2026-09-06 01:47:46
2026-09-06 01:22:33,SDSI492,0106,Jesse Klein,50,0,10,2026-09-06 01:47:46
2026-09-06 01:22:33,SDSI492,0107,Connie Siebold,40,0,5,2026-09-06 01:47:46
2026-09-06 01:22:33,SDSI492,0110,Patrick Thornton,50,27,0,2026-09-06 01:47:46
2026-09-06 01:22:33,SLLC108I,0101,Instructor: TBA,5,4,0,2026-09-06 01:47:49
2026-09-06 01:22:33,SLLC108J,0101,Instructor: TBA,5,5,0,2026-09-06 01:47:50
2026-09-06 01:22:33,SLLC108W,0101,Instructor: TBA,5,4,0,2026-09-06 01:47:50
2026-09-06 01:22:33,SLLC118A,0101,Sean Pue,10,3,0,2026-09-06 01:47:51
2026-09-06 01:22:33,SLLC200,0101,Chris Lewis,30,1,0,2026-09-06 01:47:51
2026-09-06 01:22:33,SLLC286,0101,Andrew Schonebaum,60,5,0,2026-09-06 01:47:52
2026-09-06 01:22:33,SLLC309,0101,Ahmed Hanafy,10,10,0,2026-09-06 01:47:52
2026-09-06 01:22:33,SLLC309,0102,Ahmed Hanafy,10,8,0,2026-09-06 01:47:52
2026-09-06 01:22:33,SLLC309,0103,Ahmed Hanafy,10,8,0,2026-09-06 01:47:52
2026-09-06 01:22:33,SLLC309,0104,Ahmed Hanafy,10,6,0,2026-09-06 01:47:52
2026-09-06 01:22:33,SLLC309,0105,Ahmed Hanafy,10,6,0,2026-09-06 01:47:52
2026-09-06 01:22:33,SLLC309,0106,Ahmed Hanafy,10,7,0,2026-09-06 01:47:52
2026-09-06 01:22:33,SLLC309,0107,Ahmed Hanafy,10,8,0,2026-09-06 01:47:52
2026-09-06 01:22:33,SLLC309,0108,Ahmed Hanafy,10,9,0,2026-09-06 01:47:52
2026-09-06 01:22:33,SLLC309,0109,Ahmed Hanafy,10,7,0,2026-09-06 01:47:52
2026-09-06 01:22:33,SLLC309,0110,Ahmed Hanafy,10,4,0,2026-09-06 01:47:52
2026-09-06 01:22:33,SLLC309,0111,Ahmed Hanafy,10,10,0,2026-09-06 01:47:52
2026-09-06 01:22:33,SLLC329,0101,Marilyn Matar,12,0,0,2026-09-06 01:47:52
2026-09-06 01:22:33,SLLC329,0102,Marilyn Matar,10,1,0,2026-09-06 01:47:52
2026-09-06 01:22:33,SLLC329,0103,Marilyn Matar,21,2,0,2026-09-06 01:47:52
2026-09-06 01:22:33,SLLC329,0104,Marilyn Matar,10,4,0,2026-09-06 01:47:52
2026-09-06 01:22:33,SLLC329,0105,Marilyn Matar,10,9,0,2026-09-06 01:47:52
2026-09-06 01:22:33,SLLC329,0106,Marilyn Matar,10,1,0,2026-09-06 01:47:52
2026-09-06 01:22:33,SLLC329,0107,Marilyn Matar,10,7,0,2026-09-06 01:47:52
2026-09-06 01:22:33,SLLC329,0108,Marilyn Matar,10,7,0,2026-09-06 01:47:52
2026-09-06 01:22:33,SLLC329,0109,Marilyn Matar,10,4,0,2026-09-06 01:47:52
2026-09-06 01:22:33,SLLC329,0110,Marilyn Matar,20,4,0,2026-09-06 01:47:52
2026-09-06 01:22:33,SLLC350,0101,Michele Mason,30,27,0,2026-09-06 01:47:53
2026-09-06 01:22:33,SMLP470,0101,Brooke Smith,45,13,0,2026-09-06 01:47:55
2026-09-06 01:22:33,SMLP472,0101,Sara Herald,60,19,0,2026-09-06 01:47:55
2026-09-06 01:22:33,TLTC310,0101,Sarah Kistner,0,0,0,2026-09-06 01:48:55
2026-09-06 01:22:33,TLTC310,0201,Yanira Ortiz,20,11,0,2026-09-06 01:48:55
2026-09-06 01:22:33,TLTC333,0101,Mona Thompson,60,0,0,2026-09-06 01:48:55
2026-09-06 01:22:33,TLTC333,0102,Mona Thompson,60,0,0,2026-09-06 01:48:55
2026-09-06 01:22:33,TLTC333,0105,Mona Thompson,60,2,0,2026-09-06 01:48:55
2026-09-06 01:22:33,TLTC499A,0101,Mona Thompson,10,7,0,2026-09-06 01:48:56
2026-09-06 01:22:33,TLTC499A,0102,Danielle Pafe,10,6,0,2026-09-06 01:48:56
2026-09-06 01:22:33,UMEI005,0101,Charles Duquette,15,2,0,2026-09-06 01:48:58
2026-09-06 01:22:33,UMEI005,0201,Heather Mehrtens,15,9,0,2026-09-06 01:48:58
2026-09-06 01:22:33,UMEI005,0301,Marilena Draganescu,15,11,0,2026-09-06 01:48:58
2026-09-06 01:22:33,UMEI012,0101,Louise Godley,10,10,0,2026-09-06 01:48:58
2026-09-06 01:22:33,UMEI013,0101,Louise Godley,10,7,0,2026-09-06 01:48:59
2026-09-06 01:22:33,UMEI028A,0101,Raymond Smith,16,14,0,2026-09-06 01:48:59
2026-09-06 01:22:33,UMEI506,0101,Heather Mehrtens,16,0,0,2026-09-06 01:48:59
2026-09-06 01:22:33,UMEI506,0201,Heather Mehrtens,16,6,0,2026-09-06 01:48:59
2026-09-06 01:22:33,UMEI507,0101,Marilena Draganescu,15,4,0,2026-09-06 01:49:00
2026-09-06 01:22:33,USLT201,0101,Robert Chester,25,1,0,2026-09-06 01:49:08
2026-09-06 01:22:33,USLT398C,0101,Angela Pico Pinto,25,17,0,2026-09-06 01:49:09
2026-09-06 01:22:33,USLT450,0101,Robert Chester,20,0,2,2026-09-06 01:49:09
2026-09-06 01:22:33,USLT498C,0101,Ana Rodriguez,20,14,0,2026-09-06 01:49:10
2026-09-06 01:22:33,VIPS099,0115,Veronica Kang,5,3,0,2026-09-06 01:49:12
2026-09-06 01:22:33,VIPS208,0101,Mary Bowden,10,10,0,2026-09-06 01:49:12
2026-09-06 01:22:33,VIPS208,0102,Ken Kiger,10,2,0,2026-09-06 01:49:12
2026-09-06 01:22:33,VIPS208,0103,Bryan Quinn,10,7,0,2026-09-06 01:49:12
2026-09-06 01:22:33,VIPS208,0104,Abdil Chowdhury,10,1,0,2026-09-06 01:49:12
2026-09-06 01:22:33,VIPS208,0105,Molly Carton,10,7,0,2026-09-06 01:49:12
2026-09-06 01:22:33,VIPS208,0106,James Baeder,14,2,0,2026-09-06 01:49:12
2026-09-06 01:22:33,VIPS208,0107,Catherine Spirito,10,6,0,2026-09-06 01:49:12
2026-09-06 01:22:33,VIPS208,0108,Ronald Yaros,10,4,0,2026-09-06 01:49:12
2026-09-06 01:22:33,VIPS208,0109,Carinna Ferguson,10,6,0,2026-09-06 01:49:12
2026-09-06 01:22:33,VIPS208,0110,Tracy Riggins,15,0,0,2026-09-06 01:49:12
2026-09-06 01:22:33,VIPS208,0111,Kevin Calabro,13,2,0,2026-09-06 01:49:12
2026-09-06 01:22:33,VIPS208,0112,Raffaele Viglianti,10,5,0,2026-09-06 01:49:12
2026-09-06 01:22:33,VIPS208,0113,Shabnam Jabeen,10,4,0,2026-09-06 01:49:12
2026-09-06 01:22:33,VIPS208,0114,Ning Zeng,15,7,0,2026-09-06 01:49:12
2026-09-06 01:22:33,VIPS208,0115,Veronica Kang,10,5,0,2026-09-06 01:49:12
2026-09-06 01:22:33,VIPS208,0116,David Stewart,10,0,0,2026-09-06 01:49:12
2026-09-06 01:22:33,VIPS208,0117,Meredith Epstein,10,8,0,2026-09-06 01:49:12
2026-09-06 01:22:33,VIPS208,0118,Magaly Toro Ibaceta,10,3,0,2026-09-06 01:49:12
2026-09-06 01:22:33,VIPS208,0120,Marisa Parham,10,6,0,2026-09-06 01:49:12
2026-09-06 01:22:33,VIPS208,0121,Becky Epanchin-Niell,10,1,0,2026-09-06 01:49:12
2026-09-06 01:22:33,VIPS208,0122,Timothy Reedy,10,2,0,2026-09-06 01:49:12
2026-09-06 01:22:33,VIPS208,0123,Lingnan Lin,13,4,0,2026-09-06 01:49:12
2026-09-06 01:22:33,VIPS208,0124,Jeffrey Moro,10,4,0,2026-09-06 01:49:12
2026-09-06 01:22:33,VIPS208,0125,Peter Sunderland,12,4,0,2026-09-06 01:49:12
2026-09-06 01:22:33,VIPS208,0126,Brienna Anderson,10,3,0,2026-09-06 01:49:12
2026-09-06 01:22:33,VIPS308,0101,Mary Bowden,10,9,0,2026-09-06 01:49:13
2026-09-06 01:22:33,VIPS308,0102,Ken Kiger,10,3,0,2026-09-06 01:49:13
2026-09-06 01:22:33,VIPS308,0103,Bryan Quinn,10,2,0,2026-09-06 01:49:13
2026-09-06 01:22:33,VIPS308,0104,Abdil Chowdhury,10,3,0,2026-09-06 01:49:13
2026-09-06 01:22:33,VIPS308,0105,Molly Carton,10,3,0,2026-09-06 01:49:13
2026-09-06 01:22:33,VIPS308,0106,James Baeder,10,4,0,2026-09-06 01:49:13
2026-09-06 01:22:33,VIPS308,0107,Catherine Spirito,10,7,0,2026-09-06 01:49:13
2026-09-06 01:22:33,VIPS308,0108,Ronald Yaros,10,9,0,2026-09-06 01:49:13
2026-09-06 01:22:33,VIPS308,0109,Carinna Ferguson,10,6,0,2026-09-06 01:49:13
2026-09-06 01:22:33,VIPS308,0110,Tracy Riggins,10,0,0,2026-09-06 01:49:13
2026-09-06 01:22:33,VIPS308,0111,Kevin Calabro,10,6,0,2026-09-06 01:49:13
2026-09-06 01:22:33,VIPS308,0112,Raffaele Viglianti,10,10,0,2026-09-06 01:49:13
2026-09-06 01:22:33,VIPS308,0113,Shabnam Jabeen,10,8,0,2026-09-06 01:49:13
2026-09-06 01:22:33,VIPS308,0114,Ning Zeng,10,9,0,2026-09-06 01:49:13
2026-09-06 01:22:33,VIPS308,0115,Veronica Kang,10,10,0,2026-09-06 01:49:13
2026-09-06 01:22:33,VIPS308,0116,David Stewart,10,10,0,2026-09-06 01:49:13
2026-09-06 01:22:33,VIPS308,0117,Meredith Epstein,10,8,0,2026-09-06 01:49:13
2026-09-06 01:22:33,VIPS308,0118,Magaly Toro Ibaceta,10,10,0,2026-09-06 01:49:13
2026-09-06 01:22:33,VIPS308,0120,Marisa Parham,10,9,0,2026-09-06 01:49:13
2026-09-06 01:22:33,VIPS308,0121,Becky Epanchin-Niell,10,10,0,2026-09-06 01:49:13
2026-09-06 01:22:33,VIPS308,0122,Timothy Reedy,10,10,0,2026-09-06 01:49:13
2026-09-06 01:22:33,VIPS308,0123,Lingnan Lin,10,10,0,2026-09-06 01:49:13
2026-09-06 01:22:33,VIPS308,0124,Jeffrey Moro,10,10,0,2026-09-06 01:49:13
2026-09-06 01:22:33,VIPS308,0125,Peter Sunderland,10,10,0,2026-09-06 01:49:13
2026-09-06 01:22:33,VIPS308,0126,Brienna Anderson,10,10,0,2026-09-06 01:49:13
2026-09-06 01:22:33,VIPS408,0101,Mary Bowden,10,4,0,2026-09-06 01:49:13
2026-09-06 01:22:33,VIPS408,0102,Ken Kiger,10,8,0,2026-09-06 01:49:13
2026-09-06 01:22:33,VIPS408,0103,Bryan Quinn,10,3,0,2026-09-06 01:49:13
2026-09-06 01:22:33,VIPS408,0104,Abdil Chowdhury,10,8,0,2026-09-06 01:49:13
2026-09-06 01:22:33,VIPS408,0105,Molly Carton,10,8,0,2026-09-06 01:49:13
2026-09-06 01:22:33,VIPS408,0106,James Baeder,10,7,0,2026-09-06 01:49:13
2026-09-06 01:22:33,VIPS408,0107,Catherine Spirito,10,10,0,2026-09-06 01:49:13
2026-09-06 01:22:33,VIPS408,0108,Ronald Yaros,10,8,0,2026-09-06 01:49:13
2026-09-06 01:22:33,VIPS408,0109,Carinna Ferguson,10,8,0,2026-09-06 01:49:13
2026-09-06 01:22:33,VIPS408,0110,Tracy Riggins,10,10,0,2026-09-06 01:49:13
2026-09-06 01:22:33,VIPS408,0111,Kevin Calabro,10,7,0,2026-09-06 01:49:13
2026-09-06 01:22:33,VIPS408,0112,Raffaele Viglianti,10,9,0,2026-09-06 01:49:13
2026-09-06 01:22:33,VIPS408,0113,Shabnam Jabeen,10,10,0,2026-09-06 01:49:13
2026-09-06 01:22:33,VIPS408,0114,Ning Zeng,10,10,0,2026-09-06 01:49:13
2026-09-06 01:22:33,VIPS408,0115,Veronica Kang,10,10,0,2026-09-06 01:49:13
2026-09-06 01:22:33,VIPS408,0116,David Stewart,10,10,0,2026-09-06 01:49:13
2026-09-06 01:22:33,VIPS408,0117,Meredith Epstein,10,10,0,2026-09-06 01:49:13
2026-09-06 01:22:33,VIPS408,0118,Magaly Toro Ibaceta,10,9,0,2026-09-06 01:49:13
2026-09-06 01:22:33,VIPS408,0120,Marisa Parham,10,10,0,2026-09-06 01:49:13
2026-09-06 01:22:33,VIPS408,0121,Becky Epanchin-Niell,10,10,0,2026-09-06 01:49:13
2026-09-06 01:22:33,VIPS408,0122,Timothy Reedy,10,10,0,2026-09-06 01:49:13
2026-09-06 01:22:33,VIPS408,0123,Lingnan Lin,10,10,0,2026-09-06 01:49:13
2026-09-06 01:22:33,VIPS408,0124,Jeffrey Moro,10,10,0,2026-09-06 01:49:13
2026-09-06 01:22:33,VIPS408,0125,Peter Sunderland,10,10,0,2026-09-06 01:49:13
2026-09-06 01:22:33,VIPS408,0126,Brienna Anderson,10,10,0,2026-09-06 01:49:13
2026-09-06 01:22:33,WEID139B,0101,Denise Joseph,48,10,0,2026-09-06 01:49:17
2026-09-06 01:22:33,WEID139L,0201,Taylor Togafau-Lewis,48,18,0,2026-09-06 01:49:17
2026-09-06 06:32:41,AAAS100,0101,Shane Walsh,35,0,0,2026-09-06 06:32:43
2026-09-06 06:32:41,AAAS100,0201,Shane Walsh,35,0,0,2026-09-06 06:32:43
2026-09-06 06:32:41,AAAS100,0301,George Kintiba,70,37,0,2026-09-06 06:32:43
2026-09-06 06:32:41,AAAS100,0401,Jason Nichols,30,0,0,2026-09-06 06:32:43
2026-09-06 06:32:41,AAAS100,0501,Jason Nichols,35,0,0,2026-09-06 06:32:43
2026-09-06 06:32:41,AAAS101,0101,Chinyere Osuji,40,1,0,2026-09-06 06:32:44
2026-09-06 06:32:41,AAAS187,0101,Robert Choflet,30,1,0,2026-09-06 06:32:45
2026-09-06 06:32:41,AAAS187,0201,Joseph Richardson,30,0,0,2026-09-06 06:32:45
2026-09-06 06:32:41,AAAS200,0101,George Kintiba,40,4,0,2026-09-06 06:32:45
2026-09-06 06:32:41,AAAS202,0101,Robert Choflet,35,5,0,2026-09-06 06:32:46
2026-09-06 06:32:41,AAAS202,0201,Robert Choflet,35,6,0,2026-09-06 06:32:46
2026-09-06 06:32:41,AAAS202,0301,Angelica Dunbar,35,3,0,2026-09-06 06:32:46
2026-09-06 06:32:41,AAAS202,0401,Ashley Everson,35,0,0,2026-09-06 06:32:46
2026-09-06 06:32:41,AAAS202,0501,Ashley Everson,20,1,0,2026-09-06 06:32:46
2026-09-06 06:32:41,AAAS210,0101,Angelica Dunbar,20,16,0,2026-09-06 06:32:46
2026-09-06 06:32:41,AAAS211,0101,Shane Walsh,30,0,0,2026-09-06 06:32:47
2026-09-06 06:32:41,AAAS230,0101,Ashley Newby,30,0,0,2026-09-06 06:32:48
2026-09-06 06:32:41,AAAS230,0201,Ashley Newby,30,0,0,2026-09-06 06:32:48
2026-09-06 06:32:41,AAAS234,0201,Mike Kolakoski,30,2,0,2026-09-06 06:32:48
2026-09-06 06:32:41,AAAS254,0101,Christopher Bonner,40,2,0,2026-09-06 06:32:49
2026-09-06 06:32:41,AAAS271,0101,Sydney Lewis,30,0,0,2026-09-06 06:32:49
2026-09-06 06:32:41,AAAS310,0101,George Kintiba,25,20,0,2026-09-06 06:32:49
2026-09-06 06:32:41,AAAS320,0101,Cecily Jackson,25,0,0,2026-09-06 06:32:50
2026-09-06 06:32:41,AAAS320,0201,Cecily Jackson,25,0,0,2026-09-06 06:32:50
2026-09-06 06:32:41,AAAS325,0101,Traci Dula,20,3,0,2026-09-06 06:32:50
2026-09-06 06:32:41,AAAS350,0101,John Drabinski,20,0,0,2026-09-06 06:32:50
2026-09-06 06:32:41,AAAS361,0101,Michelle Rowley,35,24,0,2026-09-06 06:32:51
2026-09-06 06:32:41,AAAS386,0101,Marshal Washington,10,10,0,2026-09-06 06:32:51
2026-09-06 06:32:41,AAAS397,0101,John Drabinski,2,2,0,2026-09-06 06:32:52
2026-09-06 06:32:41,AAAS397,0201,Angelica Dunbar,2,2,0,2026-09-06 06:32:52
2026-09-06 06:32:41,AAAS397,0301,Sharon Harley,2,2,0,2026-09-06 06:32:52
2026-09-06 06:32:41,AAAS397,0401,Cecily Jackson,2,2,0,2026-09-06 06:32:52
2026-09-06 06:32:41,AAAS397,0501,Sangeetha Madhavan,2,2,0,2026-09-06 06:32:52
2026-09-06 06:32:41,AAAS397,0601,Ashley Newby,1,1,0,2026-09-06 06:32:52
2026-09-06 06:32:41,AAAS397,0701,Chinyere Osuji,2,2,0,2026-09-06 06:32:52
2026-09-06 06:32:41,AAAS397,0801,Periloux Peay,2,2,0,2026-09-06 06:32:52
2026-09-06 06:32:41,AAAS397,0901,Joseph Richardson,2,2,0,2026-09-06 06:32:52
2026-09-06 06:32:41,AAAS398B,0101,Beka Guluma,20,12,0,2026-09-06 06:32:52
2026-09-06 06:32:41,AAAS398W,0101,Jason Nichols,25,10,0,2026-09-06 06:32:52
2026-09-06 06:32:41,AAAS399,0101,Robert Choflet,4,4,0,2026-09-06 06:32:52
2026-09-06 06:32:41,AAAS399,0201,John Drabinski,4,4,0,2026-09-06 06:32:52
2026-09-06 06:32:41,AAAS399,0301,Angelica Dunbar,4,3,0,2026-09-06 06:32:52
2026-09-06 06:32:41,AAAS399,0401,Sharon Harley,4,4,0,2026-09-06 06:32:52
2026-09-06 06:32:41,AAAS399,0501,Cecily Jackson,4,4,0,2026-09-06 06:32:52
2026-09-06 06:32:41,AAAS399,0601,Cecily Jackson,4,4,0,2026-09-06 06:32:52
2026-09-06 06:32:41,AAAS399,0701,Sharon Harley,4,4,0,2026-09-06 06:32:52
2026-09-06 06:32:41,AAAS399,0801,George Kintiba,4,4,0,2026-09-06 06:32:52
2026-09-06 06:32:41,AAAS399,0901,Jason Nichols,4,4,0,2026-09-06 06:32:52
2026-09-06 06:32:41,AAAS399,1001,Ashley Newby,4,3,0,2026-09-06 06:32:52
2026-09-06 06:32:41,AAAS399,1101,Jason Nichols,4,4,0,2026-09-06 06:32:52
2026-09-06 06:32:41,AAAS399,1201,Joseph Richardson,4,4,0,2026-09-06 06:32:52
2026-09-06 06:32:41,AAAS399,1301,Shane Walsh,4,4,0,2026-09-06 06:32:52
2026-09-06 06:32:41,AAAS399,1401,Joseph Richardson,4,4,0,2026-09-06 06:32:52
2026-09-06 06:32:41,AAAS399,1501,Shane Walsh,4,4,0,2026-09-06 06:32:52
2026-09-06 06:32:41,AAAS400,0101,Periloux Peay,25,22,0,2026-09-06 06:32:53
2026-09-06 06:32:41,AAAS415,0101,Periloux Peay,30,0,0,2026-09-06 06:32:53
2026-09-06 06:32:41,AAAS499N,0101,Anne Rosen,25,1,0,2026-09-06 06:32:54
2026-09-06 06:32:41,AAST200,0101,Jennifer Cho,30,0,0,2026-09-06 06:32:56
2026-09-06 06:32:41,AAST200,0102,Binod Paudyal,30,0,1,2026-09-06 06:32:56
2026-09-06 06:32:41,AAST322,0101,Julie Park,30,2,0,2026-09-06 06:32:56
2026-09-06 06:32:41,AAST351,0101,Binod Paudyal,35,0,0,2026-09-06 06:32:56
2026-09-06 06:32:41,AAST355,0101,Jennifer Cho,35,0,3,2026-09-06 06:32:56
2026-09-06 06:32:41,AAST378,0101,Janelle Wong,2,2,0,2026-09-06 06:32:57
2026-09-06 06:32:41,AAST394,0101,Wenxi Yang,30,2,0,2026-09-06 06:32:57
2026-09-06 06:32:41,AAST398I,0101,Michelle Magalong,24,1,0,2026-09-06 06:32:58
2026-09-06 06:32:41,AAST398W,0101,Chris Eng,25,14,0,2026-09-06 06:32:58
2026-09-06 06:32:41,AAST421,0101,Tuyet Duong,20,1,0,2026-09-06 06:32:58
2026-09-06 06:32:41,AAST422,0101,Jennifer Cho,25,4,0,2026-09-06 06:32:59
2026-09-06 06:32:41,AAST424,0101,Dawn Dow,29,9,0,2026-09-06 06:32:59
2026-09-06 06:32:41,AAST440,0101,Binod Paudyal,25,0,1,2026-09-06 06:32:59
2026-09-06 06:32:41,AAST443,0101,Janelle Wong,30,0,0,2026-09-06 06:33:00
2026-09-06 06:32:41,ABRM330,0101,Rashawn Ray,40,1,0,2026-09-06 06:33:01
2026-09-06 06:32:41,ARAB101,0101,Samah Al-salami,15,1,0,2026-09-06 06:33:43
2026-09-06 06:32:41,ARAB101,0201,Ahmed Hanafy,15,3,0,2026-09-06 06:33:43
2026-09-06 06:32:41,ARAB102,0101,Samah Al-salami,15,0,0,2026-09-06 06:33:43
2026-09-06 06:32:41,ARAB102,0201,Lutf Alkebsi,15,12,0,2026-09-06 06:33:43
2026-09-06 06:32:41,ARAB201,0101,Lutf Alkebsi,15,1,0,2026-09-06 06:33:44
2026-09-06 06:32:41,ARAB201,0201,Lutf Alkebsi,15,11,0,2026-09-06 06:33:44
2026-09-06 06:32:41,ARAB208L,0101,Samah Al-salami,15,4,0,2026-09-06 06:33:44
2026-09-06 06:32:41,ARAB225,0101,Ahmed Hanafy,15,1,0,2026-09-06 06:33:44
2026-09-06 06:32:41,ARAB301,0101,Ahmed Hanafy,15,6,0,2026-09-06 06:33:44
2026-09-06 06:32:41,ARAB321,0101,Ahmed Hanafy,15,9,0,2026-09-06 06:33:45
2026-09-06 06:32:41,ARAB322,0101,Samah Al-salami,15,9,0,2026-09-06 06:33:45
2026-09-06 06:32:41,ARAB398A,0101,Lutf Alkebsi,15,5,0,2026-09-06 06:33:45
2026-09-06 06:32:41,ARAB499E,0101,Brendan Kibbee,20,0,0,2026-09-06 06:33:46
2026-09-06 06:32:41,ARMY106,0101,Thomas Battinieri,31,26,0,2026-09-06 06:34:14
2026-09-06 06:32:41,ARMY106,0102,Thomas Battinieri,40,30,0,2026-09-06 06:34:14
2026-09-06 06:32:41,ARMY106,FC01,Andrew Bischoff,15,11,0,2026-09-06 06:34:14
2026-09-06 06:32:41,ARMY106,FC02,Thomas Battinieri,9,8,0,2026-09-06 06:34:14
2026-09-06 06:32:41,ARMY110,0101,Andrew Bischoff,15,15,0,2026-09-06 06:34:14
2026-09-06 06:32:41,ARMY201,0102,Thomas Battinieri,35,14,0,2026-09-06 06:34:15
2026-09-06 06:32:41,ARMY301,0101,Joshua Guiod,40,20,0,2026-09-06 06:34:15
2026-09-06 06:32:41,ARMY401,0102,Andrew Bischoff,50,13,0,2026-09-06 06:34:15
2026-09-06 06:32:41,ARSC059,0101,Kathleen West,220,65,0,2026-09-06 06:34:17
2026-09-06 06:32:41,ARSC059,FC01,Jens Lyndrup,10,4,0,2026-09-06 06:34:17
2026-09-06 06:32:41,ARSC100,0101,Jens Lyndrup,50,35,0,2026-09-06 06:34:17
2026-09-06 06:32:41,ARSC100,0102,Jens Lyndrup,75,20,0,2026-09-06 06:34:17
2026-09-06 06:32:41,ARSC100,0103,Jens Lyndrup,40,32,0,2026-09-06 06:34:17
2026-09-06 06:32:41,ARSC100,FC01,Jens Lyndrup,5,3,0,2026-09-06 06:34:17
2026-09-06 06:32:41,ARSC100,FC02,Jens Lyndrup,10,6,0,2026-09-06 06:34:17
2026-09-06 06:32:41,ARSC200,0101,Alan Snyder,50,15,0,2026-09-06 06:34:17
2026-09-06 06:32:41,ARSC200,0102,Alan Snyder,35,22,0,2026-09-06 06:34:17
2026-09-06 06:32:41,ARSC200,0103,Alan Snyder,40,32,0,2026-09-06 06:34:17
2026-09-06 06:32:41,ARSC300,0101,Kathleen West,30,5,0,2026-09-06 06:34:17
2026-09-06 06:32:41,ARSC300,0102,Kathleen West,20,13,0,2026-09-06 06:34:17
2026-09-06 06:32:41,ARSC400,0101,Walter Mitchell,30,16,0,2026-09-06 06:34:18
2026-09-06 06:32:41,ARSC400,0102,Walter Mitchell,20,18,0,2026-09-06 06:34:18
2026-09-06 06:32:41,ARSC400,0201,Walter Mitchell,10,10,0,2026-09-06 06:34:18
2026-09-06 06:32:41,BMIN210,0101,Darlene Dennison,180,4,0,2026-09-06 06:35:14
2026-09-06 06:32:41,BMIN210,0201,Darlene Dennison,180,87,0,2026-09-06 06:35:14
2026-09-06 06:32:41,BMIN305,0101,Tejwansh Anand,180,20,0,2026-09-06 06:35:14
2026-09-06 06:32:41,BMIN345,0101,Michael Padhi,275,35,0,2026-09-06 06:35:15
2026-09-06 06:32:41,BMIN355,0101,Idil Yaveroglu,180,1,0,2026-09-06 06:35:15
2026-09-06 06:32:41,BMIN355,0201,Idil Yaveroglu,180,27,0,2026-09-06 06:35:15
2026-09-06 06:32:41,BMIN375,0101,Leland Gardner,185,0,0,2026-09-06 06:35:15
2026-09-06 06:32:41,BMIN395,0101,Nima Farshchi,200,1,0,2026-09-06 06:35:15
2026-09-06 06:32:41,BMIN395,0201,Nima Farshchi,200,106,0,2026-09-06 06:35:15
2026-09-06 06:32:41,BOIS602,WI01,Woei-jyh Lee,40,6,0,2026-09-06 06:35:18
2026-09-06 06:32:41,BOIS604,WI01,Manmohan Aseri,40,5,0,2026-09-06 06:35:19
2026-09-06 06:32:41,BOIS631,WI01,Sujin Kim,40,8,0,2026-09-06 06:35:19
2026-09-06 06:32:41,BSOS355,0101,Liza Lebrun,30,30,0,2026-09-06 06:35:28
2026-09-06 06:32:41,BSOS361,0101,TC Lloyd,30,2,0,2026-09-06 06:35:29
2026-09-06 06:32:41,BSOS361,0103,Keia Brown,30,2,0,2026-09-06 06:35:29
2026-09-06 06:32:41,BSOS361,0104,David Tana,30,1,0,2026-09-06 06:35:29
2026-09-06 06:32:41,BSOS361,0105,TC Lloyd,30,1,0,2026-09-06 06:35:29
2026-09-06 06:32:41,BSOS388C,0101,Nikita Kimani,20,0,0,2026-09-06 06:35:29
2026-09-06 06:32:41,BSOS388C,0201,Nikita Kimani,20,3,0,2026-09-06 06:35:29
2026-09-06 06:32:41,BSOS388E,0101,Liza Lebrun,30,30,0,2026-09-06 06:35:29
2026-09-06 06:32:41,BUSO600,SO11,Neta Moye,42,4,0,2026-09-06 06:35:46
2026-09-06 06:32:41,BUSO600,SO12,Neta Moye,42,7,0,2026-09-06 06:35:46
2026-09-06 06:32:41,BUSO603,SO11,Ilya Ryzhov,42,4,0,2026-09-06 06:35:46
2026-09-06 06:32:41,BUSO603,SO12,Ilya Ryzhov,42,4,0,2026-09-06 06:35:46
2026-09-06 06:32:41,BUSO604,SO11,Bennet Zelner,42,5,0,2026-09-06 06:35:46
2026-09-06 06:32:41,BUSO604,SO12,Bennet Zelner,42,5,0,2026-09-06 06:35:46
2026-09-06 06:32:41,BUSO612,SO11,Henry Boyd,42,4,0,2026-09-06 06:35:46
2026-09-06 06:32:41,BUSO612,SO12,Henry Boyd,42,2,0,2026-09-06 06:35:46
2026-09-06 06:32:41,BUSO616,SO31,Brent Solomon,38,2,0,2026-09-06 06:35:47
2026-09-06 06:32:41,BUSO616,SO32,Brent Solomon,38,0,0,2026-09-06 06:35:47
2026-09-06 06:32:41,BUSO624,SO31,Yi Xu,38,3,0,2026-09-06 06:35:47
2026-09-06 06:32:41,BUSO624,SO32,Yi Xu,38,0,0,2026-09-06 06:35:47
2026-09-06 06:32:41,BUSO700,SO91,Paulo Prochno,0,0,0,2026-09-06 06:35:47
2026-09-06 06:32:41,BUSO711,SO31,Gosia Langa Basit,28,0,0,2026-09-06 06:35:47
2026-09-06 06:32:41,BUSO711,SO32,Gosia Langa Basit,28,4,0,2026-09-06 06:35:47
2026-09-06 06:32:41,BUSO711,SO33,Gosia Langa Basit,28,3,0,2026-09-06 06:35:47
2026-09-06 06:32:41,BUSO731,SO51,Tejwansh Anand,49,0,0,2026-09-06 06:35:48
2026-09-06 06:32:41,BUSO752,SO51,Leland Gardner,35,13,0,2026-09-06 06:35:48
2026-09-06 06:32:41,BUSO758G,SO51,James Seward,35,13,0,2026-09-06 06:35:48
2026-09-06 06:32:41,BUSO758M,SO51,Paulo Prochno,49,2,0,2026-09-06 06:35:48
2026-09-06 06:32:41,BUSO758M,SO52,Paulo Prochno,49,2,0,2026-09-06 06:35:48
2026-09-06 06:32:41,BUSO758T,SO51,Michael Cichello,35,18,0,2026-09-06 06:35:49
2026-09-06 06:32:41,BUSO758W,SO51,Yogesh Joshi,33,1,0,2026-09-06 06:35:49
2026-09-06 06:32:41,BUSO758W,SO52,Yogesh Joshi,33,3,0,2026-09-06 06:35:49
2026-09-06 06:32:41,BUSO758X,SO51,Pallassana Kannan,49,3,0,2026-09-06 06:35:49
2026-09-06 06:32:41,BUSO788F,GX01,Judy Frels,25,5,0,2026-09-06 06:35:50
2026-09-06 06:32:41,BUSO788W,GX01,Zhi-Long Chen,30,5,0,2026-09-06 06:35:50
2026-09-06 06:32:41,CHSE200,0101,Betsy Tornquist,10,1,0,2026-09-06 06:36:15
2026-09-06 06:32:41,CHSE205,0101,Yewon Lee,60,0,7,2026-09-06 06:36:16
2026-09-06 06:32:41,CHSE205,0201,Yewon Lee,60,0,0,2026-09-06 06:36:16
2026-09-06 06:32:41,CHSE228C,0101,Nikita Kimani,20,0,0,2026-09-06 06:36:16
2026-09-06 06:32:41,CHSE228C,0201,Nikita Kimani,20,3,0,2026-09-06 06:36:16
2026-09-06 06:32:41,CHSE228C,0301,Nikita Kimani,20,0,0,2026-09-06 06:36:16
2026-09-06 06:32:41,CHSE230,0101,Isabelle Grable,25,16,0,2026-09-06 06:36:16
2026-09-06 06:32:41,CHSE376,0101,Michael Dunham,22,0,7,2026-09-06 06:36:16
2026-09-06 06:32:41,CHSE376,0201,Colleen McGilpin,20,0,9,2026-09-06 06:36:16
2026-09-06 06:32:41,CHSE376,0301,Elizabeth Martinez,20,0,4,2026-09-06 06:36:16
2026-09-06 06:32:41,CHSE376,0401,Chanai Brewster,20,0,3,2026-09-06 06:36:16
2026-09-06 06:32:41,CHSE476,0101,Michael Dunham,20,6,0,2026-09-06 06:36:17
2026-09-06 06:32:41,CHSE477,0101,Michael Dunham,15,4,0,2026-09-06 06:36:17
2026-09-06 06:32:41,CHSE489,1901,Amy D'Agati,15,10,0,2026-09-06 06:36:18
2026-09-06 06:32:41,CHSE498,2401,Meredith Gramlich,10,1,0,2026-09-06 06:36:18
2026-09-06 06:32:41,CHSE498,3701,Michael Dunham,2,1,0,2026-09-06 06:36:18
2026-09-06 06:32:41,CINE245,0101,Eric Zakim,22,0,2,2026-09-06 06:36:19
2026-09-06 06:32:41,CINE245,0102,Eric Zakim,22,0,1,2026-09-06 06:36:19
2026-09-06 06:32:41,CINE245,0103,Eric Zakim,22,0,3,2026-09-06 06:36:19
2026-09-06 06:32:41,CINE245,0104,Eric Zakim,22,0,1,2026-09-06 06:36:19
2026-09-06 06:32:41,CINE280,0101,Porter Olsen,30,0,0,2026-09-06 06:36:20
2026-09-06 06:32:41,CINE280,0201,John Tobin,30,0,1,2026-09-06 06:36:20
2026-09-06 06:32:41,CINE298A,0101,Caroline Eades,20,0,0,2026-09-06 06:36:20
2026-09-06 06:32:41,CINE301,0101,Eric Zakim,30,0,0,2026-09-06 06:36:20
2026-09-06 06:32:41,CINE310,0101,Nathaniel Stevens,15,1,0,2026-09-06 06:36:21
2026-09-06 06:32:41,CINE315,0101,Yael Inbar,15,0,0,2026-09-06 06:36:21
2026-09-06 06:32:41,CINE319G,0101,Oliver Gaycken,25,15,0,2026-09-06 06:36:21
2026-09-06 06:32:41,CINE319P,5501,Samuel Crawford,11,0,0,2026-09-06 06:36:21
2026-09-06 06:32:41,CINE319Z,0101,Paul Cote,25,7,0,2026-09-06 06:36:22
2026-09-06 06:32:41,CINE329T,0101,Daniel Richter,25,0,10,2026-09-06 06:36:22
2026-09-06 06:32:41,CINE332,0101,Parker Brookie,25,1,0,2026-09-06 06:36:30
2026-09-06 06:32:41,CINE334,0101,Elizabeth Papazian,25,0,0,2026-09-06 06:36:30
2026-09-06 06:32:41,CINE337,0101,Jason Kuo,25,0,2,2026-09-06 06:36:31
2026-09-06 06:32:41,CINE342,0101,Luka Arsenjuk,20,0,3,2026-09-06 06:36:31
2026-09-06 06:32:41,CINE350,0101,John Drabinski,20,0,0,2026-09-06 06:36:31
2026-09-06 06:32:41,CINE359C,0101,Daniel Richter,25,0,5,2026-09-06 06:36:31
2026-09-06 06:32:41,CINE369B,0101,Eva Hageman,30,1,0,2026-09-06 06:36:32
2026-09-06 06:32:41,CINE369K,0101,Paul Cote,20,0,0,2026-09-06 06:36:32
2026-09-06 06:32:41,CINE376,0101,Ross Angelella,15,3,0,2026-09-06 06:36:32
2026-09-06 06:32:41,CINE376,0102,Ross Angelella,5,2,0,2026-09-06 06:36:32
2026-09-06 06:32:41,CINE415,0101,Mathew Bainbridge,15,0,0,2026-09-06 06:36:33
2026-09-06 06:32:41,CINE419P,0101,Oliver Gaycken,20,14,0,2026-09-06 06:36:33
2026-09-06 06:32:41,CINE459P,0101,Luka Arsenjuk,20,0,1,2026-09-06 06:36:33
2026-09-06 06:32:41,CLAS170,0101,Chiara Graf,21,4,0,2026-09-06 06:36:35
2026-09-06 06:32:41,CLAS170,0102,Chiara Graf,21,0,0,2026-09-06 06:36:35
2026-09-06 06:32:41,CLAS170,0103,Chiara Graf,21,1,0,2026-09-06 06:36:35
2026-09-06 06:32:41,CLAS170,0104,Chiara Graf,21,0,0,2026-09-06 06:36:35
2026-09-06 06:32:41,CLAS170,0105,Chiara Graf,21,0,0,2026-09-06 06:36:35
2026-09-06 06:32:41,CLAS170,0106,Chiara Graf,21,0,1,2026-09-06 06:36:35
2026-09-06 06:32:41,CLAS170,0107,Chiara Graf,21,0,1,2026-09-06 06:36:35
2026-09-06 06:32:41,CLAS170,0108,Chiara Graf,21,0,0,2026-09-06 06:36:35
2026-09-06 06:32:41,CLAS170,0109,Chiara Graf,22,0,0,2026-09-06 06:36:35
2026-09-06 06:32:41,CLAS170,FC01,Chelsea Stolt,28,4,0,2026-09-06 06:36:35
2026-09-06 06:32:41,CLAS170,FC02,Chelsea Stolt,28,0,0,2026-09-06 06:36:35
2026-09-06 06:32:41,CLAS170,FC03,Eugenia Lao,28,9,0,2026-09-06 06:36:35
2026-09-06 06:32:41,CLAS170,FC05,Charis Addai,28,5,0,2026-09-06 06:36:35
2026-09-06 06:32:41,CLAS277,0101,Chiara Graf,25,0,0,2026-09-06 06:36:35
2026-09-06 06:32:41,CLAS277,0102,Chiara Graf,25,2,0,2026-09-06 06:36:35
2026-09-06 06:32:41,CLAS277,0103,Chiara Graf,25,4,0,2026-09-06 06:36:35
2026-09-06 06:32:41,CLAS277,0104,Chiara Graf,25,3,0,2026-09-06 06:36:35
2026-09-06 06:32:41,CLAS277,0105,Chiara Graf,25,1,0,2026-09-06 06:36:35
2026-09-06 06:32:41,CLAS277,0106,Chiara Graf,25,2,0,2026-09-06 06:36:35
2026-09-06 06:32:41,CLAS305,0101,Jorge Bravo,35,3,0,2026-09-06 06:36:36
2026-09-06 06:32:41,CLAS309N,0101,Nathan Levine,35,25,0,2026-09-06 06:36:36
2026-09-06 06:32:41,CLAS310,0101,Rachel Singpurwalla,20,1,0,2026-09-06 06:36:36
2026-09-06 06:32:41,CLAS310,0102,Rachel Singpurwalla,20,0,2,2026-09-06 06:36:36
2026-09-06 06:32:41,CLAS310,0103,Rachel Singpurwalla,20,0,1,2026-09-06 06:36:36
2026-09-06 06:32:41,CLAS312,0101,Polyvia Parara,35,6,0,2026-09-06 06:36:36
2026-09-06 06:32:41,CMLT235,0101,Brielle Gorrell,30,2,0,2026-09-06 06:36:40
2026-09-06 06:32:41,CMLT270,0101,Hannah (Toyin) Adeyemi,30,0,0,2026-09-06 06:36:40
2026-09-06 06:32:41,CMLT270,0201,Shakiba Sharifpour,30,1,0,2026-09-06 06:36:40
2026-09-06 06:32:41,CMLT275,0201,Abhinav Bhardwaj,30,0,1,2026-09-06 06:36:40
2026-09-06 06:32:41,CMLT277,0101,Nahid Ahmadian,30,0,1,2026-09-06 06:36:40
2026-09-06 06:32:41,CMLT280,0101,Porter Olsen,30,0,0,2026-09-06 06:36:41
2026-09-06 06:32:41,CMLT280,0201,John Tobin,30,0,1,2026-09-06 06:36:41
2026-09-06 06:32:41,CPBE100,0101,Oliver Schlake,95,25,0,2026-09-06 06:37:13
2026-09-06 06:32:41,CPBE200,0101,Oliver Schlake,75,33,0,2026-09-06 06:37:14
2026-09-06 06:32:41,CPBE225,0101,Ira Koretsky,38,13,0,2026-09-06 06:37:14
2026-09-06 06:32:41,CPBE225,0102,Ira Koretsky,38,23,0,2026-09-06 06:37:14
2026-09-06 06:32:41,CPCV100,0101,Julie Randolph,40,1,0,2026-09-06 06:37:15
2026-09-06 06:32:41,CPCV100,0201,Julie Randolph,40,8,0,2026-09-06 06:37:15
2026-09-06 06:32:41,CPCV200,0101,Julie Randolph,35,0,0,2026-09-06 06:37:16
2026-09-06 06:32:41,CPCV200,0201,Julie Randolph,35,16,0,2026-09-06 06:37:16
2026-09-06 06:32:41,CPCV225,0101,Korey Rothman,75,4,0,2026-09-06 06:37:16
2026-09-06 06:32:41,CPDJ100,0101,Jess Feltner,75,1,0,2026-09-06 06:37:17
2026-09-06 06:32:41,CPDJ200,0101,Andrew Fellows,75,37,0,2026-09-06 06:37:18
2026-09-06 06:32:41,CPET100,0101,Tim Knight,75,2,0,2026-09-06 06:37:20
2026-09-06 06:32:41,CPET200,0101,Tim Knight,75,7,0,2026-09-06 06:37:20
2026-09-06 06:32:41,CPGH100,0101,John Wiggins,85,7,0,2026-09-06 06:37:22
2026-09-06 06:32:41,CPGH200,0101,John Wiggins,75,17,0,2026-09-06 06:37:22
2026-09-06 06:32:41,CPJT100,0101,Justine DeCamillis,75,6,0,2026-09-06 06:37:23
2026-09-06 06:32:41,CPJT200,0101,Justine DeCamillis,75,20,0,2026-09-06 06:37:24
2026-09-06 06:32:41,CPMS100,0101,Carole Lee,75,0,0,2026-09-06 06:37:25
2026-09-06 06:32:41,CPMS200,0101,Alison Burns,75,11,0,2026-09-06 06:37:26
2026-09-06 06:32:41,CPMS225,0101,Alison Burns,75,0,0,2026-09-06 06:37:26
2026-09-06 06:32:41,CPMS230,0101,Alison Burns,30,12,0,2026-09-06 06:37:26
2026-09-06 06:32:41,CPMS240,0101,Carole Lee,20,18,0,2026-09-06 06:37:27
2026-09-06 06:32:41,CPPL100,0101,Kelly Brower,78,2,0,2026-09-06 06:37:28
2026-09-06 06:32:41,CPPL200,0101,Kelly Brower,75,16,0,2026-09-06 06:37:28
2026-09-06 06:32:41,CPSA100,0101,Andrea Cesar,75,11,0,2026-09-06 06:37:30
2026-09-06 06:32:41,CPSA200,0101,Andrea Cesar,75,33,0,2026-09-06 06:37:30
2026-09-06 06:32:41,CPSF100,0101,Nicholas Fletcher,85,1,0,2026-09-06 06:37:32
2026-09-06 06:32:41,CPSF200,0101,Nicholas Fletcher,75,5,0,2026-09-06 06:37:32
2026-09-06 06:32:41,CPSG100,0101,Thomas Holtz,85,7,0,2026-09-06 06:37:33
2026-09-06 06:32:41,CPSG200,0101,Thomas Holtz,75,28,0,2026-09-06 06:37:34
2026-09-06 06:32:41,CPSN100,0101,Hansol Kwak,85,5,0,2026-09-06 06:37:35
2026-09-06 06:32:41,CPSN200,0101,Stacy Kosko,75,41,0,2026-09-06 06:37:35
2026-09-06 06:32:41,CPSN230,0101,Sarah Kilmer,20,18,0,2026-09-06 06:37:36
2026-09-06 06:32:41,CPSN240,0101,Sarah Kilmer,10,7,0,2026-09-06 06:37:36
2026-09-06 06:32:41,CPSN250,0101,Sarah Kilmer,5,5,0,2026-09-06 06:37:36
2026-09-06 06:32:41,CPSP110,0101,Markell Saunders,18,10,0,2026-09-06 06:37:38
2026-09-06 06:32:41,CPSP110,0201,Patrice Greene,18,14,0,2026-09-06 06:37:38
2026-09-06 06:32:41,CPSP220,0101,Tiara Thomas,20,1,0,2026-09-06 06:37:38
2026-09-06 06:32:41,CPSP239A,0101,Heather-Erin Bremenstuhl,10,6,0,2026-09-06 06:37:38
2026-09-06 06:32:41,CPSP269C,0101,Korey Rothman,5,5,0,2026-09-06 06:37:39
2026-09-06 06:32:41,CPSP339P,0101,Susannah Washburn,10,7,0,2026-09-06 06:37:39
2026-09-06 06:32:41,CPSS100,0101,David Tomblin,85,6,0,2026-09-06 06:37:40
2026-09-06 06:32:41,CPSS220,0101,Nicole Mogul,20,2,0,2026-09-06 06:37:41
2026-09-06 06:32:41,CPSS225,0101,Roan Parrish,20,14,0,2026-09-06 06:37:41
2026-09-06 06:32:41,CPSS340,0101,David Tomblin,20,4,0,2026-09-06 06:37:41
2026-09-06 06:32:41,CRLN101,0103,Myles Alexander,25,1,0,2026-09-06 06:37:43
2026-09-06 06:32:41,CRLN101,0104,Tami Smith,26,0,0,2026-09-06 06:37:43
2026-09-06 06:32:41,CRLN101,0105,Denis Garcia Reyes,25,0,0,2026-09-06 06:37:43
2026-09-06 06:32:41,CRLN101,0106,Mitch Woolley,25,4,0,2026-09-06 06:37:43
2026-09-06 06:32:41,CRLN101,0107,Esohe Owie,25,0,0,2026-09-06 06:37:43
2026-09-06 06:32:41,DATA100,0111,Matthew Griffin,33,3,0,2026-09-06 06:37:52
2026-09-06 06:32:41,DATA100,0112,Matthew Griffin,35,2,0,2026-09-06 06:37:52
2026-09-06 06:32:41,DATA100,0121,Matthew Griffin,35,0,0,2026-09-06 06:37:52
2026-09-06 06:32:41,DATA100,0122,Matthew Griffin,33,0,0,2026-09-06 06:37:52
2026-09-06 06:32:41,DATA100,0123,Matthew Griffin,33,0,0,2026-09-06 06:37:52
2026-09-06 06:32:41,DATA100,0124,Matthew Griffin,33,3,0,2026-09-06 06:37:52
2026-09-06 06:32:41,DATA100,0131,Matthew Griffin,33,1,0,2026-09-06 06:37:52
2026-09-06 06:32:41,DATA100,0141,Matthew Griffin,35,0,0,2026-09-06 06:37:52
2026-09-06 06:32:41,DATA100,0142,Matthew Griffin,33,0,0,2026-09-06 06:37:52
2026-09-06 06:32:41,DATA100,0211,Matthew Griffin,33,1,0,2026-09-06 06:37:52
2026-09-06 06:32:41,DATA100,0212,Matthew Griffin,35,0,0,2026-09-06 06:37:52
2026-09-06 06:32:41,DATA100,0221,Matthew Griffin,30,0,0,2026-09-06 06:37:52
2026-09-06 06:32:41,DATA100,0223,Matthew Griffin,32,0,0,2026-09-06 06:37:52
2026-09-06 06:32:41,DATA100,0224,Matthew Griffin,30,0,0,2026-09-06 06:37:52
2026-09-06 06:32:41,DATA100,0231,Matthew Griffin,33,1,0,2026-09-06 06:37:52
2026-09-06 06:32:41,DATA100,0311,Archana Khurana,35,7,0,2026-09-06 06:37:52
2026-09-06 06:32:41,DATA100,0312,Archana Khurana,35,1,0,2026-09-06 06:37:52
2026-09-06 06:32:41,DATA100,0321,Archana Khurana,35,1,0,2026-09-06 06:37:52
2026-09-06 06:32:41,DATA100,0322,Archana Khurana,35,0,0,2026-09-06 06:37:52
2026-09-06 06:32:41,DATA100,0323,Archana Khurana,35,2,0,2026-09-06 06:37:52
2026-09-06 06:32:41,DATA100,0341,Archana Khurana,35,8,0,2026-09-06 06:37:52
2026-09-06 06:32:41,DATA110,0101,Susan Mazzullo,250,20,0,2026-09-06 06:37:52
2026-09-06 06:32:41,DATA120,0101,Fardina Alam,200,0,0,2026-09-06 06:37:52
2026-09-06 06:32:41,DATA200,0101,Fardina Alam,90,31,0,2026-09-06 06:37:52
2026-09-06 06:32:41,DATA250,0101,Todd Rowland,43,7,0,2026-09-06 06:37:53
2026-09-06 06:32:41,DATA320,0101,Maksym Morawski,15,10,0,2026-09-06 06:37:53
2026-09-06 06:32:41,DATA320,0201,Maksym Morawski,20,7,0,2026-09-06 06:37:53
2026-09-06 06:32:41,DATA320,0301,Fardina Alam,20,0,0,2026-09-06 06:37:53
2026-09-06 06:32:41,DATA350,0101,Raluca Rosca,30,10,0,2026-09-06 06:37:53
2026-09-06 06:32:41,DATA350,0201,Jonathan Fernandes,34,2,0,2026-09-06 06:37:53
2026-09-06 06:32:41,DATA400,0111,Salman Safdar,27,0,0,2026-09-06 06:37:54
2026-09-06 06:32:41,DATA400,0112,Salman Safdar,30,3,0,2026-09-06 06:37:54
2026-09-06 06:32:41,DATA400,0121,Salman Safdar,27,1,0,2026-09-06 06:37:54
2026-09-06 06:32:41,DATA400,0122,Salman Safdar,27,4,0,2026-09-06 06:37:54
2026-09-06 06:32:41,DATA400,0131,Salman Safdar,27,1,0,2026-09-06 06:37:54
2026-09-06 06:32:41,DATA400,0132,Salman Safdar,27,8,0,2026-09-06 06:37:54
2026-09-06 06:32:41,DATA400,0211,Timothy Pilachowski,30,3,0,2026-09-06 06:37:54
2026-09-06 06:32:41,DATA400,0212,Timothy Pilachowski,30,4,0,2026-09-06 06:37:54
2026-09-06 06:32:41,DATA400,0221,Timothy Pilachowski,30,2,0,2026-09-06 06:37:54
2026-09-06 06:32:41,DATA400,0222,Timothy Pilachowski,30,1,0,2026-09-06 06:37:54
2026-09-06 06:32:41,DATA400,0231,Timothy Pilachowski,30,1,0,2026-09-06 06:37:54
2026-09-06 06:32:41,DATA400,0232,Timothy Pilachowski,30,0,0,2026-09-06 06:37:54
2026-09-06 06:32:41,DATA400,0311,Mestiyage Gunatilleka,32,0,0,2026-09-06 06:37:54
2026-09-06 06:32:41,DATA400,0312,Mestiyage Gunatilleka,30,0,0,2026-09-06 06:37:54
2026-09-06 06:32:41,DATA400,0321,Mestiyage Gunatilleka,32,0,1,2026-09-06 06:37:54
2026-09-06 06:32:41,DATA400,0322,Mestiyage Gunatilleka,30,0,0,2026-09-06 06:37:54
2026-09-06 06:32:41,DATA400,0331,Mestiyage Gunatilleka,32,0,0,2026-09-06 06:37:54
2026-09-06 06:32:41,DATA400,0332,Mestiyage Gunatilleka,30,0,0,2026-09-06 06:37:54
2026-09-06 06:32:41,DATA400,0511,Shixin Zheng,35,0,1,2026-09-06 06:37:54
2026-09-06 06:32:41,DATA400,0521,Shixin Zheng,35,0,0,2026-09-06 06:37:54
2026-09-06 06:32:41,DATA400,0531,Shixin Zheng,35,0,1,2026-09-06 06:37:54
2026-09-06 06:32:41,DATA601,PCS1,Sandra Cerrai,50,5,0,2026-09-06 06:37:54
2026-09-06 06:32:41,DATA601,PCS2,Jonathan Fernandes,60,20,0,2026-09-06 06:37:54
2026-09-06 06:32:41,DATA601,PWS1,Leonid Koralov,60,3,0,2026-09-06 06:37:54
2026-09-06 06:32:41,DATA602,PCS1,Sujeong Kim,44,5,0,2026-09-06 06:37:54
2026-09-06 06:32:41,DATA602,PCS2,Sujeong Kim,44,8,0,2026-09-06 06:37:54
2026-09-06 06:32:41,DATA602,PWS1,Fardina Alam,44,2,0,2026-09-06 06:37:54
2026-09-06 06:32:41,DATA603,PCS1,Babak Azimi-Sadjadi,55,12,0,2026-09-06 06:37:54
2026-09-06 06:32:41,DATA603,PWS1,Kemal Davaslioglu,55,17,0,2026-09-06 06:37:54
2026-09-06 06:32:41,DATA605,PCS1,Tammy Perrin,44,29,0,2026-09-06 06:37:55
2026-09-06 06:32:41,DATA605,PCS2,Tammy Perrin,44,20,0,2026-09-06 06:37:55
2026-09-06 06:32:41,DATA605,PWS1,Giacinto Paolo Saggese,44,35,0,2026-09-06 06:37:55
2026-09-06 06:32:41,DATA607,PCS1,Mestiyage Gunatilleka,44,27,0,2026-09-06 06:37:55
2026-09-06 06:32:41,DATA607,PCS2,Kendall Williams,55,1,0,2026-09-06 06:37:55
2026-09-06 06:32:41,DATA607,PCS3,Vincent Lyzinski,44,3,0,2026-09-06 06:37:55
2026-09-06 06:32:41,DATA612,PCS1,Samet Ayhan,50,21,0,2026-09-06 06:37:55
2026-09-06 06:32:41,DATA612,PWS1,Samet Ayhan,44,15,0,2026-09-06 06:37:55
2026-09-06 06:32:41,DATA641,PCS1,Toki Inan,50,15,0,2026-09-06 06:37:56
2026-09-06 06:32:41,DATA641,PWS1,Armin Mehrabian,50,0,0,2026-09-06 06:37:56
2026-09-06 06:32:41,DATA643,PCS1,Charles Forgy,50,28,0,2026-09-06 06:37:56
2026-09-06 06:32:41,DATA650,PCS1,Emre Gunduzhan,54,5,0,2026-09-06 06:37:56
2026-09-06 06:32:41,DATA650,PCS2,Emre Gunduzhan,54,8,0,2026-09-06 06:37:56
2026-09-06 06:32:41,ENAI600,0101,C Ravishankar,35,21,0,2026-09-06 06:38:26
2026-09-06 06:32:41,ENAI600,AEC1,C Ravishankar,20,4,0,2026-09-06 06:38:26
2026-09-06 06:32:41,ENAI601,0101,Richard La,35,23,0,2026-09-06 06:38:26
2026-09-06 06:32:41,ENAI601,AEC1,Richard La,20,6,0,2026-09-06 06:38:26
2026-09-06 06:32:41,ENAI607,0101,Zoltan Safar,29,24,0,2026-09-06 06:38:27
2026-09-06 06:32:41,ENAI607,AEC1,Zoltan Safar,20,9,0,2026-09-06 06:38:27
2026-09-06 06:32:41,ENBC301,ESG1,Sivan Saravanapavan,20,9,0,2026-09-06 06:38:28
2026-09-06 06:32:41,ENBC311,ESG1,Bahaa Ghammraoui,20,11,0,2026-09-06 06:38:28
2026-09-06 06:32:41,ENBC322,ESG1,Kyunghun Lee,20,11,0,2026-09-06 06:38:29
2026-09-06 06:32:41,ENBC331,ESG1,Lan Ma,20,10,0,2026-09-06 06:38:29
2026-09-06 06:32:41,ENBC332,ESG1,Jamasp Azarnoosh,20,11,0,2026-09-06 06:38:29
2026-09-06 06:32:41,ENBC341,ESG1,Jarred Callura,20,12,0,2026-09-06 06:38:29
2026-09-06 06:32:41,ENBC353,ESG1,Jarred Callura,20,15,0,2026-09-06 06:38:30
2026-09-06 06:32:41,ENBC399,ESG1,Nan Xu,1,1,0,2026-09-06 06:38:30
2026-09-06 06:32:41,ENBC399,ESG2,Lan Ma,1,0,0,2026-09-06 06:38:30
2026-09-06 06:32:41,ENBC399,ESG3,Jamasp Azarnoosh,1,0,0,2026-09-06 06:38:30
2026-09-06 06:32:41,ENBC399,ESG4,Lan Ma,1,0,0,2026-09-06 06:38:30
2026-09-06 06:32:41,ENBC399,ESG5,Jamasp Azarnoosh,1,0,0,2026-09-06 06:38:30
2026-09-06 06:32:41,ENBC399,ESG6,Jamasp Azarnoosh,1,0,0,2026-09-06 06:38:30
2026-09-06 06:32:41,ENBC399,ESG7,Jamasp Azarnoosh,1,1,0,2026-09-06 06:38:30
2026-09-06 06:32:41,ENBC423,ESG1,Jian Su,20,13,0,2026-09-06 06:38:30
2026-09-06 06:32:41,ENBC425,ESG1,Jamasp Azarnoosh,20,13,0,2026-09-06 06:38:31
2026-09-06 06:32:41,ENBC431,ESG1,Lan Ma,20,13,0,2026-09-06 06:38:31
2026-09-06 06:32:41,ENEB302,ESG1,Wesley Lawson,20,4,0,2026-09-06 06:38:42
2026-09-06 06:32:41,ENEB340,ESG1,Nestor Michael Tiglao,20,4,0,2026-09-06 06:38:43
2026-09-06 06:32:41,ENEB341,ESG1,Nestor Michael Tiglao,20,4,0,2026-09-06 06:38:43
2026-09-06 06:32:41,ENEB344,ESG1,Jerry Wu,20,4,0,2026-09-06 06:38:43
2026-09-06 06:32:41,ENEB346,ESG1,Nestor Michael Tiglao,20,13,0,2026-09-06 06:38:43
2026-09-06 06:32:41,ENEB354,ESG1,Yavuz Oruc,20,4,0,2026-09-06 06:38:44
2026-09-06 06:32:41,ENEB408A,ESG1,Nestor Michael Tiglao,20,13,0,2026-09-06 06:38:44
2026-09-06 06:32:41,ENEB444,ESG1,Manoj Franklin,20,13,0,2026-09-06 06:38:44
2026-09-06 06:32:41,ENEB454,ESG1,Jerry Wu,20,13,0,2026-09-06 06:38:45
2026-09-06 06:32:41,ENED036,0101,Hillary Owusu,20,7,0,2026-09-06 06:38:46
2026-09-06 06:32:41,ENED101,0101,Shannon Bate,20,1,0,2026-09-06 06:38:46
2026-09-06 06:32:41,ENED115,0101,Friedrich Alvarez,100,5,0,2026-09-06 06:38:47
2026-09-06 06:32:41,ENED215,0101,Tyler Huddleston,30,0,0,2026-09-06 06:38:47
2026-09-06 06:32:41,ENED215,0102,Samantha Sabihi,40,24,0,2026-09-06 06:38:47
2026-09-06 06:32:41,ENED215,0103,Paige Smith,6,0,0,2026-09-06 06:38:47
2026-09-06 06:32:41,ENED290H,0101,Christopher Troilo,46,1,0,2026-09-06 06:38:47
2026-09-06 06:32:41,ENED390H,0101,Tony Barber,50,13,0,2026-09-06 06:38:47
2026-09-06 06:32:41,ENED394H,0101,Manmohan Aseri,65,14,0,2026-09-06 06:38:48
2026-09-06 06:32:41,ENED397,0101,Emily Marks,9,0,0,2026-09-06 06:38:48
2026-09-06 06:32:41,ENED490H,0101,Maria Bardossy,45,1,0,2026-09-06 06:38:48
2026-09-06 06:32:41,ENED491,0101,Jessica Roffe,10,1,0,2026-09-06 06:38:49
2026-09-06 06:32:41,ENMT301,ESG1,Colleen Murray,15,8,0,2026-09-06 06:39:44
2026-09-06 06:32:41,ENMT322,ESG1,Norman Wereley,15,8,0,2026-09-06 06:39:45
2026-09-06 06:32:41,ENMT361,ESG1,Young Choi,15,8,0,2026-09-06 06:39:45
2026-09-06 06:32:41,ENMT380,ESG1,Gurtajbir Herr,15,8,0,2026-09-06 06:39:45
2026-09-06 06:32:41,ENMT450,ESG1,Nicholas Limparis,7,5,0,2026-09-06 06:39:45
2026-09-06 06:32:41,ENMT471,ESG1,Colleen Murray,7,5,0,2026-09-06 06:39:46
2026-09-06 06:32:41,ENMT473,ESG1,Gurtajbir Herr,7,4,0,2026-09-06 06:39:46
2026-09-06 06:32:41,ENMT483,ESG1,Nicholas Limparis,7,5,0,2026-09-06 06:39:46
2026-09-06 06:32:41,ENMT499,ESG4,Nicholas Limparis,2,0,0,2026-09-06 06:39:46
2026-09-06 06:32:41,ENSE621,0101,Tony Barber,22,17,0,2026-09-06 06:39:53
2026-09-06 06:32:41,ENSE621,SY01,Tony Barber,15,0,0,2026-09-06 06:39:53
2026-09-06 06:32:41,ENSE623,0101,Steven Biemer,17,14,0,2026-09-06 06:39:53
2026-09-06 06:32:41,ENSE623,SY01,Steven Biemer,15,11,0,2026-09-06 06:39:53
2026-09-06 06:32:41,ENSE626,0101,Dane Cooper,20,16,0,2026-09-06 06:39:54
2026-09-06 06:32:41,ENSE626,SY01,Dane Cooper,15,9,0,2026-09-06 06:39:54
2026-09-06 06:32:41,ENSP101,0101,Annette Spivy,25,0,0,2026-09-06 06:39:56
2026-09-06 06:32:41,ENSP101,0102,Annette Spivy,24,1,0,2026-09-06 06:39:56
2026-09-06 06:32:41,ENSP101,0103,Annette Spivy,24,2,0,2026-09-06 06:39:56
2026-09-06 06:32:41,ENSP101,0104,Annette Spivy,24,0,0,2026-09-06 06:39:56
2026-09-06 06:32:41,ENSP101,0105,Annette Spivy,25,0,0,2026-09-06 06:39:56
2026-09-06 06:32:41,ENSP101,0106,Annette Spivy,24,0,0,2026-09-06 06:39:56
2026-09-06 06:32:41,ENSP101,0107,Annette Spivy,24,0,1,2026-09-06 06:39:56
2026-09-06 06:32:41,ENSP101,FC01,Annette Spivy,32,4,0,2026-09-06 06:39:56
2026-09-06 06:32:41,ENSP305,0101,Annette Spivy,23,0,2,2026-09-06 06:39:56
2026-09-06 06:32:41,ENSP330,0101,Joanna Goger,35,0,0,2026-09-06 06:39:56
2026-09-06 06:32:41,ENSP340,0101,Caroline Boules,25,0,0,2026-09-06 06:39:56
2026-09-06 06:32:41,ENSP360,0101,Leena Malayil,25,0,4,2026-09-06 06:39:57
2026-09-06 06:32:41,ENSP399R,0601,Annette Spivy,10,10,0,2026-09-06 06:39:58
2026-09-06 06:32:41,ENSP399R,1001,Jennifer Mullinax,10,10,0,2026-09-06 06:39:58
2026-09-06 06:32:41,ENSP400,0101,Joanna Goger,35,13,0,2026-09-06 06:39:58
2026-09-06 06:32:41,ENSP400,0102,Joanna Goger,35,10,0,2026-09-06 06:39:58
2026-09-06 06:32:41,ENVH121,FC01,Brienna Anderson,20,12,0,2026-09-06 06:40:12
2026-09-06 06:32:41,ENVH381,0101,Donald Milton,30,10,0,2026-09-06 06:40:12
2026-09-06 06:32:41,FGSM310,0101,Peter Owen,24,0,0,2026-09-06 06:40:16
2026-09-06 06:32:41,FGSM315,0101,Emily Shetty,22,0,0,2026-09-06 06:40:16
2026-09-06 06:32:41,FGSM320,0101,Woodie Kessel,24,2,0,2026-09-06 06:40:16
2026-09-06 06:32:41,FGSM325,0101,Rob Long,20,1,0,2026-09-06 06:40:17
2026-09-06 06:32:41,FGSM330,0101,Andrew Fausett,22,1,0,2026-09-06 06:40:17
2026-09-06 06:32:41,FGSM340,0101,Ed Fendley,22,1,0,2026-09-06 06:40:17
2026-09-06 06:32:41,FGSM350,0101,Sean Misko,22,1,0,2026-09-06 06:40:18
2026-09-06 06:32:41,FGSM355,0101,Amanda Schoch,20,0,0,2026-09-06 06:40:18
2026-09-06 06:32:41,FGSM360,0101,Nadia Farra,21,0,0,2026-09-06 06:40:18
2026-09-06 06:32:41,FGSM365,0101,Andrew Nissen,20,2,0,2026-09-06 06:40:18
2026-09-06 06:32:41,FGSM370,0101,Joshua Glasser,20,0,0,2026-09-06 06:40:19
2026-09-06 06:32:41,FGSM390,0101,Sasha Koo-Oshima,20,3,0,2026-09-06 06:40:19
2026-09-06 06:32:41,FGSM398,0101,Jayakumar Arasan,25,22,0,2026-09-06 06:40:19
2026-09-06 06:32:41,FGSM398,0201,Jayakumar Arasan,5,1,0,2026-09-06 06:40:19
2026-09-06 06:32:41,FIRE120,0101,Jessica O'Hara,36,0,0,2026-09-06 06:40:21
2026-09-06 06:32:41,FIRE120,0102,Shannon Hilton,36,6,0,2026-09-06 06:40:21
2026-09-06 06:32:41,FIRE120,0103,Jaclyn Bruner,36,0,0,2026-09-06 06:40:21
2026-09-06 06:32:41,FIRE120,0104,Danielle Niu,36,0,0,2026-09-06 06:40:21
2026-09-06 06:32:41,FIRE120,0105,Cherisse Hall,36,0,0,2026-09-06 06:40:21
2026-09-06 06:32:41,FIRE120,0106,Sara Strey,36,0,0,2026-09-06 06:40:21
2026-09-06 06:32:41,FIRE120,0107,Helene Nguemgaing,36,1,0,2026-09-06 06:40:21
2026-09-06 06:32:41,FIRE120,0108,Mary Chey,36,1,0,2026-09-06 06:40:21
2026-09-06 06:32:41,FIRE120,0109,Shannon Hilton,36,0,0,2026-09-06 06:40:21
2026-09-06 06:32:41,FIRE120,0110,Lena Johnson,36,0,0,2026-09-06 06:40:21
2026-09-06 06:32:41,FIRE120,0111,Benjamin Huffman,36,0,0,2026-09-06 06:40:21
2026-09-06 06:32:41,FIRE120,0112,Mary Chey,36,0,0,2026-09-06 06:40:21
2026-09-06 06:32:41,FIRE120,0113,Elizabeth Massey,36,8,0,2026-09-06 06:40:21
2026-09-06 06:32:41,FIRE120,0114,Benjamin Huffman,36,0,0,2026-09-06 06:40:21
2026-09-06 06:32:41,FIRE120,FC01,Danielle Niu,40,0,11,2026-09-06 06:40:21
2026-09-06 06:32:41,FIRE298,0101,Catherine Spirito,28,3,0,2026-09-06 06:40:21
2026-09-06 06:32:41,FIRE298,0103,Cherisse Hall,36,8,0,2026-09-06 06:40:21
2026-09-06 06:32:41,FIRE298,0104,Jessica O'Hara,36,4,0,2026-09-06 06:40:21
2026-09-06 06:32:41,FIRE298,0105,Kaylee Bloom,36,7,0,2026-09-06 06:40:21
2026-09-06 06:32:41,FIRE298,0106,Danielle Niu,36,17,0,2026-09-06 06:40:21
2026-09-06 06:32:41,FIRE298,0107,Benjamin Huffman,40,0,0,2026-09-06 06:40:21
2026-09-06 06:32:41,FIRE298,0108,Elizabeth Massey,40,14,0,2026-09-06 06:40:21
2026-09-06 06:32:41,FIRE298,0109,Shannon Hilton,40,6,0,2026-09-06 06:40:21
2026-09-06 06:32:41,FIRE298,0110,Jaclyn Bruner,40,19,0,2026-09-06 06:40:21
2026-09-06 06:32:41,FIRE298,0111,Mary Chey,36,5,0,2026-09-06 06:40:21
2026-09-06 06:32:41,FIRE298,0112,Helene Nguemgaing,40,15,0,2026-09-06 06:40:21
2026-09-06 06:32:41,FIRE298,0113,Kristina Kramarczuk,40,10,0,2026-09-06 06:40:21
2026-09-06 06:32:41,FIRE298,0114,Shabnam Jabeen,40,22,0,2026-09-06 06:40:21
2026-09-06 06:32:41,FIRE298,0115,Sara Strey,40,14,0,2026-09-06 06:40:21
2026-09-06 06:32:41,FIRE298,0116,Lena Johnson,40,4,0,2026-09-06 06:40:21
2026-09-06 06:32:41,FIRE398,0101,Catherine Spirito,15,2,0,2026-09-06 06:40:21
2026-09-06 06:32:41,FIRE398,0103,Cherisse Hall,15,4,0,2026-09-06 06:40:21
2026-09-06 06:32:41,FIRE398,0104,Jessica O'Hara,15,1,0,2026-09-06 06:40:21
2026-09-06 06:32:41,FIRE398,0105,Kaylee Bloom,15,2,0,2026-09-06 06:40:21
2026-09-06 06:32:41,FIRE398,0106,Danielle Niu,15,10,0,2026-09-06 06:40:21
2026-09-06 06:32:41,FIRE398,0107,Benjamin Huffman,15,3,0,2026-09-06 06:40:21
2026-09-06 06:32:41,FIRE398,0108,Elizabeth Massey,15,6,0,2026-09-06 06:40:21
2026-09-06 06:32:41,FIRE398,0109,Shannon Hilton,15,6,0,2026-09-06 06:40:21
2026-09-06 06:32:41,FIRE398,0110,Jaclyn Bruner,15,9,0,2026-09-06 06:40:21
2026-09-06 06:32:41,FIRE398,0111,Mary Chey,15,3,0,2026-09-06 06:40:21
2026-09-06 06:32:41,FIRE398,0112,Helene Nguemgaing,15,15,0,2026-09-06 06:40:21
2026-09-06 06:32:41,FIRE398,0113,Kristina Kramarczuk,15,7,0,2026-09-06 06:40:21
2026-09-06 06:32:41,FIRE398,0114,Shabnam Jabeen,15,15,0,2026-09-06 06:40:21
2026-09-06 06:32:41,FIRE398,0115,Sara Strey,15,14,0,2026-09-06 06:40:21
2026-09-06 06:32:41,FIRE398,0116,Lena Johnson,15,11,0,2026-09-06 06:40:21
2026-09-06 06:32:41,GBHL200,0101,Hassanatu Blake,30,0,0,2026-09-06 06:40:37
2026-09-06 06:32:41,GBHL200,FC01,Zandra Andre,25,3,0,2026-09-06 06:40:37
2026-09-06 06:32:41,GBHL210,0101,Leena Malayil,25,9,0,2026-09-06 06:40:37
2026-09-06 06:32:41,GBHL399,0101,Hassanatu Blake,3,3,0,2026-09-06 06:40:38
2026-09-06 06:32:41,GBHL399,0111,Dina Borzekowski,5,5,0,2026-09-06 06:40:38
2026-09-06 06:32:41,GEMS101,0101,Allison Lansverk,10,1,0,2026-09-06 06:40:39
2026-09-06 06:32:41,GEMS101,0103,Allison Lansverk,10,0,0,2026-09-06 06:40:39
2026-09-06 06:32:41,GEMS101,0104,Allison Lansverk,10,0,0,2026-09-06 06:40:39
2026-09-06 06:32:41,GEMS101,0105,Allison Lansverk,10,0,0,2026-09-06 06:40:39
2026-09-06 06:32:41,GEMS101,0106,Allison Lansverk,10,0,0,2026-09-06 06:40:39
2026-09-06 06:32:41,GEMS101,0107,Allison Lansverk,10,0,0,2026-09-06 06:40:39
2026-09-06 06:32:41,GEMS101,0109,Allison Lansverk,10,0,0,2026-09-06 06:40:39
2026-09-06 06:32:41,GEMS101,0111,Allison Lansverk,10,0,0,2026-09-06 06:40:39
2026-09-06 06:32:41,GEMS101,0113,Allison Lansverk,10,0,0,2026-09-06 06:40:39
2026-09-06 06:32:41,GEMS101,0114,Allison Lansverk,10,1,0,2026-09-06 06:40:39
2026-09-06 06:32:41,GEMS202,0101,Allison Lansverk,168,43,0,2026-09-06 06:40:40
2026-09-06 06:32:41,GEMS208A,0101,Allison Lansverk,14,14,0,2026-09-06 06:40:40
2026-09-06 06:32:41,GEMS208B,0101,Allison Lansverk,14,14,0,2026-09-06 06:40:40
2026-09-06 06:32:41,GEMS208C,0101,Allison Lansverk,23,12,0,2026-09-06 06:40:40
2026-09-06 06:32:41,GEMS208D,0101,Allison Lansverk,10,10,0,2026-09-06 06:40:41
2026-09-06 06:32:41,GEMS208P,0101,Allison Lansverk,20,8,0,2026-09-06 06:40:41
2026-09-06 06:32:41,GEMS296,0101,Sehrish Shikarpurya,14,5,0,2026-09-06 06:40:41
2026-09-06 06:32:41,GEMS296,0102,David Lovell,14,1,0,2026-09-06 06:40:41
2026-09-06 06:32:41,GEMS296,0103,Myles Poulin,14,1,0,2026-09-06 06:40:41
2026-09-06 06:32:41,GEMS296,0104,Raymond Adomaitis,14,3,0,2026-09-06 06:40:41
2026-09-06 06:32:41,GEMS296,0105,Rodolphe Gentili,14,4,0,2026-09-06 06:40:41
2026-09-06 06:32:41,GEMS296,0106,Jared Grauer,14,6,0,2026-09-06 06:40:41
2026-09-06 06:32:41,GEMS296,0107,Fengfeng Ke,14,4,0,2026-09-06 06:40:41
2026-09-06 06:32:41,GEMS296,0108,Eric Silk,14,4,0,2026-09-06 06:40:41
2026-09-06 06:32:41,GEMS296,0109,Huang Chiao Huang,14,1,0,2026-09-06 06:40:41
2026-09-06 06:32:41,GEMS296,0110,Mengqiang Zhu,14,6,0,2026-09-06 06:40:41
2026-09-06 06:32:41,GEMS296,0111,Maria Molina,14,6,0,2026-09-06 06:40:41
2026-09-06 06:32:41,GEMS296,0112,Youssef Kousa,14,2,0,2026-09-06 06:40:41
2026-09-06 06:32:41,GEMS296,0113,Instructor: TBA,5,5,0,2026-09-06 06:40:41
2026-09-06 06:32:41,GEMS296,0114,Instructor: TBA,14,14,0,2026-09-06 06:40:41
2026-09-06 06:32:41,GEMS296,0115,David Lovell,5,5,0,2026-09-06 06:40:41
2026-09-06 06:32:41,GEMS297,0113,Instructor: TBA,5,5,0,2026-09-06 06:40:42
2026-09-06 06:32:41,GEMS396,0101,Michael Humber,14,7,0,2026-09-06 06:40:42
2026-09-06 06:32:41,GEMS396,0102,Joshua Weitz,14,2,0,2026-09-06 06:40:42
2026-09-06 06:32:41,GEMS396,0103,Cecilia Huertas Cerdeira,14,8,0,2026-09-06 06:40:42
2026-09-06 06:32:41,GEMS396,0104,Rodolphe Gentili,14,3,0,2026-09-06 06:40:42
2026-09-06 06:32:41,GEMS396,0105,Allison Reilly,14,5,0,2026-09-06 06:40:42
2026-09-06 06:32:41,GEMS396,0106,Peter Sunderland,14,5,0,2026-09-06 06:40:42
2026-09-06 06:32:41,GEMS396,0107,Brett Lacey,14,8,0,2026-09-06 06:40:42
2026-09-06 06:32:41,GEMS396,0108,Natalia Buzulukova,14,4,0,2026-09-06 06:40:42
2026-09-06 06:32:41,GEMS396,0109,Anil Deane,14,4,0,2026-09-06 06:40:42
2026-09-06 06:32:41,GEMS396,0110,Colenso Speer,14,3,0,2026-09-06 06:40:42
2026-09-06 06:32:41,GEMS396,0111,Instructor: TBA,14,14,0,2026-09-06 06:40:42
2026-09-06 06:32:41,GEMS396,0112,Instructor: TBA,14,14,0,2026-09-06 06:40:42
2026-09-06 06:32:41,GEMS396,0113,David Lovell,5,5,0,2026-09-06 06:40:42
2026-09-06 06:32:41,GEMS396,0114,David Lovell,5,5,0,2026-09-06 06:40:42
2026-09-06 06:32:41,GEMS397,0113,David Lovell,5,4,0,2026-09-06 06:40:42
2026-09-06 06:32:41,GEMS496,0101,Eric Haag,14,7,0,2026-09-06 06:40:43
2026-09-06 06:32:41,GEMS496,0102,Mohammad Nayeem Teli,14,11,0,2026-09-06 06:40:43
2026-09-06 06:32:41,GEMS496,0103,Norberto Gonzalez- Juarbe,14,4,0,2026-09-06 06:40:43
2026-09-06 06:32:41,GEMS496,0104,Abhinav Shrivastava,14,6,0,2026-09-06 06:40:43
2026-09-06 06:32:41,GEMS496,0105,Hector Alcala,14,4,0,2026-09-06 06:40:43
2026-09-06 06:32:41,GEMS496,0106,Massimo Ricotti,14,5,0,2026-09-06 06:40:43
2026-09-06 06:32:41,GEMS496,0107,Reza Ghodssi,14,7,0,2026-09-06 06:40:43
2026-09-06 06:32:41,GEMS496,0108,Nikhil Chopra,14,8,0,2026-09-06 06:40:43
2026-09-06 06:32:41,GEMS496,0109,Kimberly Stroka,14,5,0,2026-09-06 06:40:43
2026-09-06 06:32:41,GEMS496,0110,Gorjan Alagic,14,13,0,2026-09-06 06:40:43
2026-09-06 06:32:41,GEMS496,0111,Alisa Clyne,14,6,0,2026-09-06 06:40:43
2026-09-06 06:32:41,GEMS496,0112,Xin Zan,14,10,0,2026-09-06 06:40:43
2026-09-06 06:32:41,GEMS496,0113,Erin Tran,14,14,0,2026-09-06 06:40:43
2026-09-06 06:32:41,GEMS496,0114,David Lovell,5,5,0,2026-09-06 06:40:43
2026-09-06 06:32:41,GEMS497,0107,Instructor: TBA,14,14,0,2026-09-06 06:40:43
2026-09-06 06:32:41,GEMS497,0110,Instructor: TBA,5,5,0,2026-09-06 06:40:43
2026-09-06 06:32:41,GEMS497,0113,David Lovell,5,5,0,2026-09-06 06:40:43
2026-09-06 06:32:41,GFPL100,0101,Joshua Itzkowitz Shifrinson,20,0,0,2026-09-06 06:41:04
2026-09-06 06:32:41,GFPL100,0102,Joshua Itzkowitz Shifrinson,20,1,0,2026-09-06 06:41:04
2026-09-06 06:32:41,GFPL100,0103,Joshua Itzkowitz Shifrinson,20,0,0,2026-09-06 06:41:04
2026-09-06 06:32:41,GFPL100,0104,Joshua Itzkowitz Shifrinson,20,0,0,2026-09-06 06:41:04
2026-09-06 06:32:41,GFPL100,0105,Joshua Itzkowitz Shifrinson,20,2,0,2026-09-06 06:41:04
2026-09-06 06:32:41,GFPL100,0106,Joshua Itzkowitz Shifrinson,25,1,0,2026-09-06 06:41:04
2026-09-06 06:32:41,GFPL100,FC01,Devin Entrikin,30,0,1,2026-09-06 06:41:04
2026-09-06 06:32:41,GFPL102,0101,Caroline Ritter,95,25,0,2026-09-06 06:41:04
2026-09-06 06:32:41,GFPL371,0101,Joshua Itzkowitz Shifrinson,35,0,1,2026-09-06 06:41:04
2026-09-06 06:32:41,GFPL388A,0101,Shannon Carcelli,5,5,0,2026-09-06 06:41:05
2026-09-06 06:32:41,GFPL388B,0101,Hyunki Kim,5,5,0,2026-09-06 06:41:05
2026-09-06 06:32:41,GFPL388C,0101,Scott Kastner,5,0,0,2026-09-06 06:41:05
2026-09-06 06:32:41,GFPL390,0101,Lena Andrews,20,0,1,2026-09-06 06:41:05
2026-09-06 06:32:41,GFPL490,0101,Michael Woldemariam,15,1,0,2026-09-06 06:41:06
2026-09-06 06:32:41,GFPL492,0101,Steve Fetter,20,1,0,2026-09-06 06:41:06
2026-09-06 06:32:41,GLBC200,0101,Chris Lewis,30,1,0,2026-09-06 06:41:07
2026-09-06 06:32:41,GLBC350,0101,Michele Mason,30,27,0,2026-09-06 06:41:08
2026-09-06 06:32:41,HACS100,0101,Cassie Harrington,40,2,0,2026-09-06 06:41:24
2026-09-06 06:32:41,HACS100,0201,Cassie Harrington,40,14,0,2026-09-06 06:41:24
2026-09-06 06:32:41,HACS200,0101,Michel Cukier,34,10,0,2026-09-06 06:41:24
2026-09-06 06:32:41,HACS200,0201,Michel Cukier,34,1,0,2026-09-06 06:41:24
2026-09-06 06:32:41,HACS202,0101,Bertrand Sobesto,52,19,0,2026-09-06 06:41:24
2026-09-06 06:32:41,HACS208A,0101,Lawrence Gordon,20,0,2,2026-09-06 06:41:25
2026-09-06 06:32:41,HACS208C,0101,Lamia Zia,26,9,0,2026-09-06 06:41:25
2026-09-06 06:32:41,HACS208P,0101,Charles Harry,26,0,0,2026-09-06 06:41:25
2026-09-06 06:32:41,HACS297,0101,Sarah Herberger,25,5,0,2026-09-06 06:41:26
2026-09-06 06:32:41,HACS408E,0101,Luke Mains,30,11,0,2026-09-06 06:41:27
2026-09-06 06:32:41,HACS408L,0101,Ian Serbin,30,3,0,2026-09-06 06:41:27
2026-09-06 06:32:41,HACS408M,0101,John McGahagan,30,1,0,2026-09-06 06:41:27
2026-09-06 06:32:41,HACS498,0101,Thomas Woods,7,1,0,2026-09-06 06:41:28
2026-09-06 06:32:41,HACS498,0201,David Trott,9,0,0,2026-09-06 06:41:28
2026-09-06 06:32:41,HACS498,0301,Michel Cukier,8,0,0,2026-09-06 06:41:28
2026-09-06 06:32:41,HBUS100,0101,Jui Ramaprasad,72,4,0,2026-09-06 06:41:29
2026-09-06 06:32:41,HBUS200,0101,Nicole Coomber,60,1,0,2026-09-06 06:41:30
2026-09-06 06:32:41,HDCC105,0101,Antwon Key,70,7,0,2026-09-06 06:41:31
2026-09-06 06:32:41,HDCC201,0101,Jessica Lu,22,0,0,2026-09-06 06:41:31
2026-09-06 06:32:41,HDCC201,0201,Jessica Lu,22,0,0,2026-09-06 06:41:31
2026-09-06 06:32:41,HDCC201,0301,Jessica Lu,22,3,0,2026-09-06 06:41:31
2026-09-06 06:32:41,HDCC208A,0101,William Evans,14,0,0,2026-09-06 06:41:32
2026-09-06 06:32:41,HDCC208J,0101,Grant Bollmer,14,0,0,2026-09-06 06:41:32
2026-09-06 06:32:41,HDCC208P,0101,Cliff Bakalian,14,0,0,2026-09-06 06:41:32
2026-09-06 06:32:41,HDCC208T,0101,Jonathan Reyes,14,0,0,2026-09-06 06:41:33
2026-09-06 06:32:41,HDCC208Z,0101,M Sauter,14,7,0,2026-09-06 06:41:33
2026-09-06 06:32:41,HDCC379,0101,Antwon Key,5,4,0,2026-09-06 06:41:33
2026-09-06 06:32:41,HEBR106,0101,Avital Karpman,15,2,0,2026-09-06 06:41:35
2026-09-06 06:32:41,HEBR106,0201,Avital Karpman,15,6,0,2026-09-06 06:41:35
2026-09-06 06:32:41,HEBR206,0101,Avital Karpman,15,7,0,2026-09-06 06:41:35
2026-09-06 06:32:41,HEBR249C,0101,Aliza Sandalon,15,0,0,2026-09-06 06:41:35
2026-09-06 06:32:41,HEBR298B,0101,Matthew Suriano,25,0,0,2026-09-06 06:41:35
2026-09-06 06:32:41,HEBR313,0101,Aliza Sandalon,20,0,3,2026-09-06 06:41:36
2026-09-06 06:32:41,HGLO100,0101,Alfredo Oliveira,22,7,0,2026-09-06 06:41:50
2026-09-06 06:32:41,HGLO100,0102,Natalie Vinski Ibrahim,22,8,0,2026-09-06 06:41:50
2026-09-06 06:32:41,HGLO100,0103,Natalie Vinski Ibrahim,22,1,0,2026-09-06 06:41:50
2026-09-06 06:32:41,HGLO100,0104,Alfredo Oliveira,22,11,0,2026-09-06 06:41:50
2026-09-06 06:32:41,HGLO101,0101,Sarah Croco,23,2,0,2026-09-06 06:41:50
2026-09-06 06:32:41,HGLO101,0102,Sarah Croco,22,9,0,2026-09-06 06:41:50
2026-09-06 06:32:41,HGLO101,0103,Sarah Croco,22,5,0,2026-09-06 06:41:50
2026-09-06 06:32:41,HGLO101,0104,Sarah Croco,22,13,0,2026-09-06 06:41:50
2026-09-06 06:32:41,HGLO207,0101,Natalie Vinski Ibrahim,25,12,0,2026-09-06 06:41:50
2026-09-06 06:32:41,HGLO208,0101,Alfredo Oliveira,45,25,0,2026-09-06 06:41:50
2026-09-06 06:32:41,HGLO298,0101,Jordan Gouws-Dewar,30,25,0,2026-09-06 06:41:51
2026-09-06 06:32:41,HLSC100,0101,Jalah Townsend,24,3,0,2026-09-06 06:42:32
2026-09-06 06:32:41,HLSC100,0102,Jalah Townsend,24,2,0,2026-09-06 06:42:32
2026-09-06 06:32:41,HLSC100,0103,Jalah Townsend,24,4,0,2026-09-06 06:42:32
2026-09-06 06:32:41,HLSC100,0104,Jalah Townsend,24,7,0,2026-09-06 06:42:32
2026-09-06 06:32:41,HLSC280,0101,Najib El-Sayed,25,3,0,2026-09-06 06:42:33
2026-09-06 06:32:41,HLSC280,0102,Najib El-Sayed,25,4,0,2026-09-06 06:42:33
2026-09-06 06:32:41,HLSC280,0103,Najib El-Sayed,25,4,0,2026-09-06 06:42:33
2026-09-06 06:32:41,HLSC280,0104,Najib El-Sayed,25,9,0,2026-09-06 06:42:33
2026-09-06 06:32:41,HLSC329,0101,Sabrina Kramer,12,4,0,2026-09-06 06:42:33
2026-09-06 06:32:41,HNUH100,0101,Robert Graham,20,3,0,2026-09-06 06:42:46
2026-09-06 06:32:41,HNUH100,0102,Robert Graham,20,0,0,2026-09-06 06:42:46
2026-09-06 06:32:41,HNUH100,0103,Brittany Proudfoot Ginder,20,1,0,2026-09-06 06:42:46
2026-09-06 06:32:41,HNUH100,0104,Max Barnewitz,20,1,0,2026-09-06 06:42:46
2026-09-06 06:32:41,HNUH100,0105,Vasfiye Toprak,20,0,0,2026-09-06 06:42:46
2026-09-06 06:32:41,HNUH100,0106,Vasfiye Toprak,20,1,0,2026-09-06 06:42:46
2026-09-06 06:32:41,HNUH100,0201,Max Barnewitz,20,1,0,2026-09-06 06:42:46
2026-09-06 06:32:41,HNUH100,0202,Max Barnewitz,20,0,0,2026-09-06 06:42:46
2026-09-06 06:32:41,HNUH100,0203,Vasfiye Toprak,20,1,0,2026-09-06 06:42:46
2026-09-06 06:32:41,HNUH100,0204,Vasfiye Toprak,20,0,0,2026-09-06 06:42:46
2026-09-06 06:32:41,HNUH100,0205,Ayondela McDole,20,2,0,2026-09-06 06:42:46
2026-09-06 06:32:41,HNUH100,0206,Ayondela McDole,20,0,0,2026-09-06 06:42:46
2026-09-06 06:32:41,HNUH100,0301,Robert Graham,20,1,0,2026-09-06 06:42:46
2026-09-06 06:32:41,HNUH100,0302,Shauna Rigaud,20,8,0,2026-09-06 06:42:46
2026-09-06 06:32:41,HNUH100,0303,Shauna Rigaud,20,1,0,2026-09-06 06:42:46
2026-09-06 06:32:41,HNUH100,0304,Max Barnewitz,20,3,0,2026-09-06 06:42:46
2026-09-06 06:32:41,HNUH100,0305,Vasfiye Toprak,20,0,0,2026-09-06 06:42:46
2026-09-06 06:32:41,HNUH100,0306,Vasfiye Toprak,20,2,0,2026-09-06 06:42:46
2026-09-06 06:32:41,HNUH100,0401,Gretchen Bella,20,0,0,2026-09-06 06:42:46
2026-09-06 06:32:41,HNUH100,0402,Gretchen Bella,20,6,0,2026-09-06 06:42:46
2026-09-06 06:32:41,HNUH100,0403,Max Barnewitz,20,1,0,2026-09-06 06:42:46
2026-09-06 06:32:41,HNUH100,0404,Ayondela McDole,20,6,0,2026-09-06 06:42:46
2026-09-06 06:32:41,HNUH100,0405,Ayondela McDole,20,0,0,2026-09-06 06:42:46
2026-09-06 06:32:41,HNUH100,0406,Ayondela McDole,20,4,0,2026-09-06 06:42:46
2026-09-06 06:32:41,HNUH100,0501,Leigha McReynolds,10,3,0,2026-09-06 06:42:46
2026-09-06 06:32:41,HNUH100,0601,Brittany Proudfoot Ginder,20,0,0,2026-09-06 06:42:46
2026-09-06 06:32:41,HNUH218D,0101,Brian Gilmore,48,0,2,2026-09-06 06:42:46
2026-09-06 06:32:41,HNUH218L,0101,Shauna Rigaud,20,0,0,2026-09-06 06:42:46
2026-09-06 06:32:41,HNUH218L,0201,Shauna Rigaud,20,0,1,2026-09-06 06:42:46
2026-09-06 06:32:41,HNUH228D,0101,Matthew McLaughlin,60,0,0,2026-09-06 06:42:46
2026-09-06 06:32:41,HNUH228L,0101,Alena Wigodner,20,0,0,2026-09-06 06:42:47
2026-09-06 06:32:41,HNUH228L,0201,Alena Wigodner,20,0,0,2026-09-06 06:42:47
2026-09-06 06:32:41,HNUH228N,0101,Peter Grybauskas,20,0,0,2026-09-06 06:42:47
2026-09-06 06:32:41,HNUH229I,0101,Gretchen Bella,20,0,0,2026-09-06 06:42:47
2026-09-06 06:32:41,HNUH238D,0101,Susan Moeller,60,0,0,2026-09-06 06:42:47
2026-09-06 06:32:41,HNUH238L,0101,Kimberly Johnson,20,2,0,2026-09-06 06:42:48
2026-09-06 06:32:41,HNUH238L,0201,Kimberly Johnson,20,0,0,2026-09-06 06:42:48
2026-09-06 06:32:41,HNUH238N,0101,Hannah Wegmann,20,6,0,2026-09-06 06:42:48
2026-09-06 06:32:41,HNUH239T,0101,Gerald Suarez,20,0,0,2026-09-06 06:42:48
2026-09-06 06:32:41,HNUH248D,0101,Juan Uriagereka,45,0,0,2026-09-06 06:42:49
2026-09-06 06:32:41,HNUH248L,0201,Robert Graham,20,6,0,2026-09-06 06:42:49
2026-09-06 06:32:41,HNUH248M,0101,Hassanatu Blake,20,13,0,2026-09-06 06:42:49
2026-09-06 06:32:41,HNUH248N,0101,Siv Lie,20,0,2,2026-09-06 06:42:49
2026-09-06 06:32:41,HNUH249P,0101,Temim Nusraty,20,2,0,2026-09-06 06:42:50
2026-09-06 06:32:41,HNUH258C,0101,Bill Fagan,55,27,0,2026-09-06 06:42:50
2026-09-06 06:32:41,HNUH258Q,0101,Tiara Thomas,20,1,0,2026-09-06 06:42:50
2026-09-06 06:32:41,HNUH259P,0101,Hooman Koliji,20,2,0,2026-09-06 06:42:50
2026-09-06 06:32:41,HNUH268C,0101,Perla Guerrero,60,35,0,2026-09-06 06:42:51
2026-09-06 06:32:41,HNUH269P,0101,Marisa Franco,20,0,2,2026-09-06 06:42:51
2026-09-06 06:32:41,HNUH278C,0101,Chinyere Osuji,60,38,0,2026-09-06 06:42:51
2026-09-06 06:32:41,HNUH278I,0101,Marisa Franco,20,4,0,2026-09-06 06:42:52
2026-09-06 06:32:41,HNUH278I,0102,Marisa Franco,20,1,0,2026-09-06 06:42:52
2026-09-06 06:32:41,HNUH278R,0101,Max Barnewitz,20,3,0,2026-09-06 06:42:52
2026-09-06 06:32:41,HNUH288C,0101,Julia Steinberg,30,3,0,2026-09-06 06:42:52
2026-09-06 06:32:41,HNUH288C,0103,Julia Steinberg,30,9,0,2026-09-06 06:42:52
2026-09-06 06:32:41,HNUH288O,0101,Ariana Nash,20,1,0,2026-09-06 06:42:52
2026-09-06 06:32:41,HNUH300,0301,Vasfiye Toprak,20,0,0,2026-09-06 06:42:53
2026-09-06 06:32:41,HNUH300,0401,Robert Graham,20,0,0,2026-09-06 06:42:53
2026-09-06 06:32:41,HNUH300,0601,Alena Wigodner,20,0,0,2026-09-06 06:42:53
2026-09-06 06:32:41,HNUH300,0701,Ingrid Satelmajer,20,13,0,2026-09-06 06:42:53
2026-09-06 06:32:41,HNUH300,0801,Shauna Rigaud,20,0,0,2026-09-06 06:42:53
2026-09-06 06:32:41,HNUH300,0901,Kimberly Johnson,20,5,0,2026-09-06 06:42:53
2026-09-06 06:32:41,HNUH300,1001,Ingrid Satelmajer,20,14,0,2026-09-06 06:42:53
2026-09-06 06:32:41,HNUH318T,0101,Peter Owen,24,0,0,2026-09-06 06:42:53
2026-09-06 06:32:41,HNUH319T,0101,Emily Shetty,22,0,0,2026-09-06 06:42:53
2026-09-06 06:32:41,HNUH328T,0101,Woodie Kessel,24,2,0,2026-09-06 06:42:53
2026-09-06 06:32:41,HNUH329T,0101,Rob Long,20,1,0,2026-09-06 06:42:54
2026-09-06 06:32:41,HNUH338T,0101,Andrew Fausett,22,1,0,2026-09-06 06:42:54
2026-09-06 06:32:41,HNUH348T,0101,Ed Fendley,22,1,0,2026-09-06 06:42:54
2026-09-06 06:32:41,HNUH358T,0101,Sean Misko,22,1,0,2026-09-06 06:42:54
2026-09-06 06:32:41,HNUH359T,0101,Amanda Schoch,20,0,0,2026-09-06 06:42:55
2026-09-06 06:32:41,HNUH368T,0101,Nadia Farra,21,0,0,2026-09-06 06:42:55
2026-09-06 06:32:41,HNUH369T,0101,Andrew Nissen,20,2,0,2026-09-06 06:42:55
2026-09-06 06:32:41,HNUH378T,0101,Joshua Glasser,20,0,0,2026-09-06 06:42:56
2026-09-06 06:32:41,HNUH398P,0101,Jayakumar Arasan,25,22,0,2026-09-06 06:42:56
2026-09-06 06:32:41,HNUH398P,0201,Jayakumar Arasan,5,1,0,2026-09-06 06:42:56
2026-09-06 06:32:41,HNUH398T,0101,Sasha Koo-Oshima,20,3,0,2026-09-06 06:42:56
2026-09-06 06:32:41,HONR368A,0101,Blake Wilder,22,1,0,2026-09-06 06:42:58
2026-09-06 06:32:41,IMDM101,0101,Mollye Bendell,30,15,0,2026-09-06 06:43:02
2026-09-06 06:32:41,IMDM101,0201,Myungin Lee,30,17,0,2026-09-06 06:43:02
2026-09-06 06:32:41,IMDM101,0301,Myungin Lee,30,23,0,2026-09-06 06:43:02
2026-09-06 06:32:41,IMDM127,0101,Roger Eastman,36,19,0,2026-09-06 06:43:02
2026-09-06 06:32:41,IMDM150,0101,Stefano Passeri,30,16,0,2026-09-06 06:43:03
2026-09-06 06:32:41,IMDM227,0101,Stevens Miller,30,1,0,2026-09-06 06:43:03
2026-09-06 06:32:41,IMDM227,0201,Stevens Miller,30,19,0,2026-09-06 06:43:03
2026-09-06 06:32:41,IMDM327,0101,Myungin Lee,25,0,0,2026-09-06 06:43:03
2026-09-06 06:32:41,IMDM350,0101,Jason Farman,29,12,0,2026-09-06 06:43:03
2026-09-06 06:32:41,IMDM490,0101,Matthew Nolan,30,0,0,2026-09-06 06:43:04
2026-09-06 06:32:41,IMDM490,0201,Matthew Nolan,30,16,0,2026-09-06 06:43:04
2026-09-06 06:32:41,IMDM498K,0101,Matthew Nolan,15,0,0,2026-09-06 06:43:04
2026-09-06 06:32:41,IMMR319D,0101,Beka Guluma,20,12,0,2026-09-06 06:43:06
2026-09-06 06:32:41,IMMR394,0101,Wenxi Yang,30,2,0,2026-09-06 06:43:06
2026-09-06 06:32:41,IMMR399,0101,Instructor: TBA,2,2,0,2026-09-06 06:43:06
2026-09-06 06:32:41,IMMR400,0101,Gerson Rosales,20,2,0,2026-09-06 06:43:07
2026-09-06 06:32:41,ISRL249J,0101,Aner Tal,30,24,0,2026-09-06 06:43:18
2026-09-06 06:32:41,ISRL249M,0101,Aliza Sandalon,15,0,0,2026-09-06 06:43:18
2026-09-06 06:32:41,ISRL283,0101,Shay Hazkani,35,2,0,2026-09-06 06:43:18
2026-09-06 06:32:41,ISRL349G,0101,Marwa Maziad,30,2,0,2026-09-06 06:43:19
2026-09-06 06:32:41,ISRL349K,0101,Regev Ben-David,30,23,0,2026-09-06 06:43:19
2026-09-06 06:32:41,ISRL349T,0101,Elli Lieberman,35,20,0,2026-09-06 06:43:19
2026-09-06 06:32:41,ISRL349Y,0101,Adina Friedman,35,26,0,2026-09-06 06:43:19
2026-09-06 06:32:41,ISRL382,0101,Ilai Saltzman,35,0,0,2026-09-06 06:43:20
2026-09-06 06:32:41,ISRL448R,0101,Morad Elsana,25,9,0,2026-09-06 06:43:20
2026-09-06 06:32:41,ITAL103,0101,Antonella D'Amario,18,14,0,2026-09-06 06:43:21
2026-09-06 06:32:41,ITAL103,0201,Antonella D'Amario,18,5,0,2026-09-06 06:43:21
2026-09-06 06:32:41,ITAL103,0301,Joseph Falvo,18,7,0,2026-09-06 06:43:21
2026-09-06 06:32:41,ITAL203,0101,Antonella D'Amario,18,9,0,2026-09-06 06:43:22
2026-09-06 06:32:41,ITAL203,0201,Antonella D'Amario,18,13,0,2026-09-06 06:43:22
2026-09-06 06:32:41,ITAL204,0101,Federica Soddu,18,14,0,2026-09-06 06:43:22
2026-09-06 06:32:41,ITAL207,0101,Mirella Vaglio,18,17,0,2026-09-06 06:43:22
2026-09-06 06:32:41,ITAL301,0101,Federica Soddu,20,12,0,2026-09-06 06:43:23
2026-09-06 06:32:41,ITAL362,0101,Federica Soddu,20,11,0,2026-09-06 06:43:23
2026-09-06 06:32:41,ITAL401,0101,Mirella Vaglio,15,12,0,2026-09-06 06:43:24
2026-09-06 06:32:41,ITAL421,0101,Joseph Falvo,25,14,0,2026-09-06 06:43:24
2026-09-06 06:32:41,ITAL478R,0101,Joseph Falvo,5,3,0,2026-09-06 06:43:24
2026-09-06 06:32:41,JAPN101,0101,Kumiko Akikawa,15,3,0,2026-09-06 06:43:26
2026-09-06 06:32:41,JAPN101,0201,Kumiko Akikawa,15,6,0,2026-09-06 06:43:26
2026-09-06 06:32:41,JAPN101,0301,Kumiko Akikawa,15,5,0,2026-09-06 06:43:26
2026-09-06 06:32:41,JAPN201,0101,Makiko Inoue,15,5,0,2026-09-06 06:43:26
2026-09-06 06:32:41,JAPN201,0201,Makiko Inoue,15,8,0,2026-09-06 06:43:26
2026-09-06 06:32:41,JAPN301,0101,Mari Hamada,15,9,0,2026-09-06 06:43:26
2026-09-06 06:32:41,JAPN311,0101,Jyana Browne,15,11,0,2026-09-06 06:43:27
2026-09-06 06:32:41,JAPN315,0101,Michele Mason,20,4,0,2026-09-06 06:43:27
2026-09-06 06:32:41,JAPN320,0101,Lindsay Yotsukura,15,9,0,2026-09-06 06:43:27
2026-09-06 06:32:41,JAPN498B,0101,Jyana Browne,20,2,0,2026-09-06 06:43:28
2026-09-06 06:32:41,KORA101,0101,Saerom Kwak,15,0,1,2026-09-06 06:44:15
2026-09-06 06:32:41,KORA101,0201,Saerom Kwak,15,3,0,2026-09-06 06:44:15
2026-09-06 06:32:41,KORA101,0301,Saerom Kwak,15,6,0,2026-09-06 06:44:15
2026-09-06 06:32:41,KORA101,0401,Saerom Kwak,15,5,0,2026-09-06 06:44:15
2026-09-06 06:32:41,KORA201,0101,Seong Minne Koh,15,4,0,2026-09-06 06:44:15
2026-09-06 06:32:41,KORA201,0201,Seong Minne Koh,15,5,0,2026-09-06 06:44:15
2026-09-06 06:32:41,KORA201,0301,Seong Minne Koh,15,8,0,2026-09-06 06:44:15
2026-09-06 06:32:41,KORA398G,0101,Instructor: TBA,10,7,0,2026-09-06 06:44:15
2026-09-06 06:32:41,KORA398W,0101,Seong Minne Koh,10,4,0,2026-09-06 06:44:15
2026-09-06 06:32:41,LEAD217,0101,Festus Ainoo,25,0,0,2026-09-06 06:44:31
2026-09-06 06:32:41,LEAD217,0201,Adrian Bitton,25,0,0,2026-09-06 06:44:31
2026-09-06 06:32:41,LEAD217,FC01,Festus Ainoo,22,0,0,2026-09-06 06:44:31
2026-09-06 06:32:41,LEAD305,0101,Anastasia Lavrenyuk,20,4,0,2026-09-06 06:44:31
2026-09-06 06:32:41,LEAD315,0101,Anastasia Lavrenyuk,25,11,0,2026-09-06 06:44:31
2026-09-06 06:32:41,LEAD320,0101,Courtney Holder,10,9,0,2026-09-06 06:44:31
2026-09-06 06:32:41,LGBT200,0201,Basanth Babu,25,0,5,2026-09-06 06:44:33
2026-09-06 06:32:41,LGBT265,0101,Tyra Griffin,30,4,0,2026-09-06 06:44:33
2026-09-06 06:32:41,LGBT265,0201,Declan Langton,30,2,0,2026-09-06 06:44:33
2026-09-06 06:32:41,LGBT359J,0101,Chris Eng,25,14,0,2026-09-06 06:44:33
2026-09-06 06:32:41,MLAW100,0101,Christine White,83,14,0,2026-09-06 06:45:08
2026-09-06 06:32:41,MLAW304,0201,Christine White,65,16,0,2026-09-06 06:45:09
2026-09-06 06:32:41,MLAW305,0101,Brian Gilmore,40,2,0,2026-09-06 06:45:09
2026-09-06 06:32:41,MLAW315,0101,Grace Benton,13,3,0,2026-09-06 06:45:09
2026-09-06 06:32:41,MLAW358Q,0101,David Cunningham,0,0,0,2026-09-06 06:45:09
2026-09-06 06:32:41,MLAW358T,0101,Christine White,25,5,0,2026-09-06 06:45:10
2026-09-06 06:32:41,MLAW358X,0101,Martin Kobren,5,0,0,2026-09-06 06:45:11
2026-09-06 06:32:41,MLAW359,0101,Brandee Pettus,10,4,0,2026-09-06 06:45:11
2026-09-06 06:32:41,MLAW378E,0101,Brandee Pettus,5,5,0,2026-09-06 06:45:11
2026-09-06 06:32:41,MLAW378K,0101,Brian Gilmore,20,0,0,2026-09-06 06:45:12
2026-09-06 06:32:41,MLAW378Q,0101,Paul Huth,2,0,1,2026-09-06 06:45:12
2026-09-06 06:32:41,MLAW378R,0101,Nancy Schertzing,13,2,0,2026-09-06 06:45:13
2026-09-06 06:32:41,MLAW388,0101,Brandee Pettus,40,21,0,2026-09-06 06:45:13
2026-09-06 06:32:41,MLSC250,FC01,William Simpson,24,5,0,2026-09-06 06:45:15
2026-09-06 06:32:41,NEUR200,0101,Ana Navarro Cebrian,80,8,0,2026-09-06 06:45:36
2026-09-06 06:32:41,NEUR200,0201,Ana Navarro Cebrian,80,0,2,2026-09-06 06:45:36
2026-09-06 06:32:41,NEUR200,0301,Evan Hart,80,0,0,2026-09-06 06:45:36
2026-09-06 06:32:41,NEUR305,0101,Amanda Chicoli,100,12,0,2026-09-06 06:45:36
2026-09-06 06:32:41,NEUR306,0101,Chan Lin,200,7,0,2026-09-06 06:45:36
2026-09-06 06:32:41,NEUR398H,0101,Nikolas Francis,20,2,0,2026-09-06 06:45:37
2026-09-06 06:32:41,NEUR405,0101,Hilary Bierman,20,0,0,2026-09-06 06:45:38
2026-09-06 06:32:41,NEUR405,0102,Hilary Bierman,20,1,0,2026-09-06 06:45:38
2026-09-06 06:32:41,NEUR405,0103,Hilary Bierman,20,0,0,2026-09-06 06:45:38
2026-09-06 06:32:41,PEER312,0101,Aleia Gardner,15,8,0,2026-09-06 06:45:51
2026-09-06 06:32:41,PEER318,0101,Christina Jay,15,11,0,2026-09-06 06:45:51
2026-09-06 06:32:41,PEER319,0101,Grace Boudreau,15,7,0,2026-09-06 06:45:52
2026-09-06 06:32:41,PHPE308D,0101,Xinzhi Zhao,30,7,0,2026-09-06 06:46:05
2026-09-06 06:32:41,PHPE308F,0101,Regev Ben-David,30,23,0,2026-09-06 06:46:06
2026-09-06 06:32:41,PHPE308M,0101,Hallie Liberto,30,17,0,2026-09-06 06:46:06
2026-09-06 06:32:41,PHPE308O,0101,Jackson Iszler,30,0,1,2026-09-06 06:46:06
2026-09-06 06:32:41,PHPE308Y,0101,Rachel Singpurwalla,20,1,0,2026-09-06 06:46:06
2026-09-06 06:32:41,PHPE308Y,0102,Rachel Singpurwalla,20,0,2,2026-09-06 06:46:06
2026-09-06 06:32:41,PHPE308Y,0103,Rachel Singpurwalla,20,0,1,2026-09-06 06:46:06
2026-09-06 06:32:41,PHPE400,0101,Justin Helms,18,1,0,2026-09-06 06:46:07
2026-09-06 06:32:41,PHPE400,0102,Justin Helms,18,1,0,2026-09-06 06:46:07
2026-09-06 06:32:41,PHPE400,0103,Justin Helms,20,1,0,2026-09-06 06:46:07
2026-09-06 06:32:41,PHPE401,0101,Xinzhi Zhao,25,0,8,2026-09-06 06:46:07
2026-09-06 06:32:41,PHPE402,0101,Dan Moller,30,0,0,2026-09-06 06:46:07
2026-09-06 06:32:41,PHPE408J,0101,Lixing Miao,25,0,0,2026-09-06 06:46:08
2026-09-06 06:32:41,PHPE408R,0101,Xinzhi Zhao,25,9,0,2026-09-06 06:46:08
2026-09-06 06:32:41,PHSC388J,0101,Kendall Bustad,20,6,0,2026-09-06 06:46:10
2026-09-06 06:32:41,PHSC389,0101,Shannon Edward,30,14,0,2026-09-06 06:46:10
2026-09-06 06:32:41,PHSC399,0101,Shannon Edward,30,9,0,2026-09-06 06:46:10
2026-09-06 06:32:41,PHSC415,0101,Jessica O'Hara,31,0,1,2026-09-06 06:46:10
2026-09-06 06:32:41,PHSC415,0102,Jessica O'Hara,31,0,1,2026-09-06 06:46:10
2026-09-06 06:32:41,PHSC415,0103,Jessica O'Hara,31,0,1,2026-09-06 06:46:10
2026-09-06 06:32:41,PHSC415,0104,Jessica O'Hara,31,0,1,2026-09-06 06:46:10
2026-09-06 06:32:41,PHSC415,0105,Jessica O'Hara,31,0,1,2026-09-06 06:46:10
2026-09-06 06:32:41,PHSC420,0101,Jennifer German,35,3,0,2026-09-06 06:46:11
2026-09-06 06:32:41,PHSC450,0101,Kendall Bustad,20,0,3,2026-09-06 06:46:11
2026-09-06 06:32:41,PHSC450,0102,Kendall Bustad,20,0,2,2026-09-06 06:46:11
2026-09-06 06:32:41,PHSC450,0103,Kendall Bustad,20,0,1,2026-09-06 06:46:11
2026-09-06 06:32:41,PHSC450,0104,Kendall Bustad,20,0,2,2026-09-06 06:46:11
2026-09-06 06:32:41,PHSC450,0105,Kendall Bustad,20,0,1,2026-09-06 06:46:11
2026-09-06 06:32:41,PHSC450,0106,Kendall Bustad,20,0,0,2026-09-06 06:46:11
2026-09-06 06:32:41,PHSC450,0107,Kendall Bustad,20,0,2,2026-09-06 06:46:11
2026-09-06 06:32:41,PHSC450,0108,Kendall Bustad,20,0,3,2026-09-06 06:46:11
2026-09-06 06:32:41,PHSC497,0101,Kendall Bustad,20,2,0,2026-09-06 06:46:11
2026-09-06 06:32:41,PHSC497,0301,Shannon Edward,20,3,0,2026-09-06 06:46:11
2026-09-06 06:32:41,PHSC497,0601,Jennifer German,20,2,0,2026-09-06 06:46:11
2026-09-06 06:32:41,PLCY100,0101,Toby Egan,25,0,1,2026-09-06 06:46:31
2026-09-06 06:32:41,PLCY100,0102,Toby Egan,25,0,0,2026-09-06 06:46:31
2026-09-06 06:32:41,PLCY100,0103,Toby Egan,25,0,0,2026-09-06 06:46:31
2026-09-06 06:32:41,PLCY100,0104,Toby Egan,25,0,0,2026-09-06 06:46:31
2026-09-06 06:32:41,PLCY100,0201,Namrta Sharma,25,12,0,2026-09-06 06:46:31
2026-09-06 06:32:41,PLCY100,0202,Namrta Sharma,25,15,0,2026-09-06 06:46:31
2026-09-06 06:32:41,PLCY100,0203,Namrta Sharma,25,0,0,2026-09-06 06:46:31
2026-09-06 06:32:41,PLCY100,0204,Namrta Sharma,25,10,0,2026-09-06 06:46:31
2026-09-06 06:32:41,PLCY101,0101,Robert Sprinkle,75,0,1,2026-09-06 06:46:31
2026-09-06 06:32:41,PLCY170,0101,Joshua Itzkowitz Shifrinson,20,0,0,2026-09-06 06:46:31
2026-09-06 06:32:41,PLCY170,0102,Joshua Itzkowitz Shifrinson,20,1,0,2026-09-06 06:46:31
2026-09-06 06:32:41,PLCY170,0103,Joshua Itzkowitz Shifrinson,20,0,0,2026-09-06 06:46:31
2026-09-06 06:32:41,PLCY170,0104,Joshua Itzkowitz Shifrinson,20,0,0,2026-09-06 06:46:31
2026-09-06 06:32:41,PLCY170,0105,Joshua Itzkowitz Shifrinson,20,2,0,2026-09-06 06:46:31
2026-09-06 06:32:41,PLCY170,0106,Joshua Itzkowitz Shifrinson,25,1,0,2026-09-06 06:46:31
2026-09-06 06:32:41,PLCY172,0101,Caroline Ritter,95,25,0,2026-09-06 06:46:32
2026-09-06 06:32:41,PLCY200,0101,Shanna Pearson-Merkowitz,35,0,2,2026-09-06 06:46:32
2026-09-06 06:32:41,PLCY200,0201,Shanna Pearson-Merkowitz,35,0,2,2026-09-06 06:46:32
2026-09-06 06:32:41,PLCY200,0301,Namrta Sharma,35,0,3,2026-09-06 06:46:32
2026-09-06 06:32:41,PLCY201,0101,Julio Guzman,70,0,0,2026-09-06 06:46:32
2026-09-06 06:32:41,PLCY201,0201,Gregory Ramsay,60,0,0,2026-09-06 06:46:32
2026-09-06 06:32:41,PLCY201,FC01,Anne Kaiser,32,1,0,2026-09-06 06:46:32
2026-09-06 06:32:41,PLCY201,FC02,Anne Kaiser,32,6,0,2026-09-06 06:46:32
2026-09-06 06:32:41,PLCY201S,0101,Susannah Washburn,80,4,0,2026-09-06 06:46:32
2026-09-06 06:32:41,PLCY203,0101,Thomas Hilde,60,7,0,2026-09-06 06:46:33
2026-09-06 06:32:41,PLCY203,0201,Anne Kaiser,60,38,0,2026-09-06 06:46:33
2026-09-06 06:32:41,PLCY213,0201,Claire Dunning,40,5,0,2026-09-06 06:46:33
2026-09-06 06:32:41,PLCY214,0101,Patricia Bory,65,20,0,2026-09-06 06:46:33
2026-09-06 06:32:41,PLCY240,0101,Timothy Reedy,30,0,0,2026-09-06 06:46:34
2026-09-06 06:32:41,PLCY288K,0101,CHRISTIAN OSTERMANN,25,2,0,2026-09-06 06:46:38
2026-09-06 06:32:41,PLCY300,0101,Alana Hackshaw,45,0,6,2026-09-06 06:46:38
2026-09-06 06:32:41,PLCY300,0201,Namrta Sharma,45,30,0,2026-09-06 06:46:38
2026-09-06 06:32:41,PLCY301,0101,Caroline Boules,165,7,0,2026-09-06 06:46:38
2026-09-06 06:32:41,PLCY302,0101,Niambi Carter,40,1,0,2026-09-06 06:46:39
2026-09-06 06:32:41,PLCY302,0201,Ebonie Johnson Cooper,40,2,0,2026-09-06 06:46:39
2026-09-06 06:32:41,PLCY302,0301,Lindsay Dieudonne,40,0,1,2026-09-06 06:46:39
2026-09-06 06:32:41,PLCY303,0101,Juan Martinez Guzman,40,4,0,2026-09-06 06:46:39
2026-09-06 06:32:41,PLCY304,0101,Michael Busse,40,11,0,2026-09-06 06:46:39
2026-09-06 06:32:41,PLCY304,0201,Michael Busse,40,12,0,2026-09-06 06:46:39
2026-09-06 06:32:41,PLCY309,0101,Martin Sanders,30,25,0,2026-09-06 06:46:39
2026-09-06 06:32:41,PLCY310,0101,Selvon Waldron,35,15,0,2026-09-06 06:46:40
2026-09-06 06:32:41,PLCY313,0101,Gerard Evans,100,2,0,2026-09-06 06:46:40
2026-09-06 06:32:41,PLCY371,0101,Joshua Itzkowitz Shifrinson,35,0,1,2026-09-06 06:46:40
2026-09-06 06:32:41,PLCY380,0101,Isabel O'Malley,40,3,0,2026-09-06 06:46:41
2026-09-06 06:32:41,PLCY380,ESG1,Kisha McNeill,30,1,0,2026-09-06 06:46:41
2026-09-06 06:32:41,PLCY388A,0101,Brandi Onowu,40,8,0,2026-09-06 06:46:41
2026-09-06 06:32:41,PLCY388N,0101,Nina Harris,25,2,0,2026-09-06 06:46:41
2026-09-06 06:32:41,PLCY390,0101,Lena Andrews,20,0,1,2026-09-06 06:46:41
2026-09-06 06:32:41,PLCY399B,0101,Beatrice DeBelen,30,19,0,2026-09-06 06:46:42
2026-09-06 06:32:41,PLCY400,0101,Patricia Bory,25,2,0,2026-09-06 06:46:42
2026-09-06 06:32:41,PLCY401,0101,Anand Patwardhan,20,5,0,2026-09-06 06:46:43
2026-09-06 06:32:41,PLCY401,0201,Tracy Thompson,20,0,0,2026-09-06 06:46:43
2026-09-06 06:32:41,PLCY401,0301,David Mussington,20,9,0,2026-09-06 06:46:43
2026-09-06 06:32:41,PLCY490,0101,Michael Woldemariam,15,1,0,2026-09-06 06:46:43
2026-09-06 06:32:41,PLCY492,0101,Steve Fetter,20,1,0,2026-09-06 06:46:43
2026-09-06 06:32:41,PLCY610,0201,Alec Worsnop,40,8,0,2026-09-06 06:46:43
2026-09-06 06:32:41,PLCY630,0101,Catherine Worsnop,25,2,0,2026-09-06 06:46:44
2026-09-06 06:32:41,PLCY630,0201,Catherine Worsnop,25,3,0,2026-09-06 06:46:44
2026-09-06 06:32:41,PLCY631,0101,Cullen Merritt,25,0,1,2026-09-06 06:46:44
2026-09-06 06:32:41,PLCY640,0201,Thomas Spreen,30,5,0,2026-09-06 06:46:44
2026-09-06 06:32:41,PLCY641,0101,Tyler Kustra,30,1,0,2026-09-06 06:46:45
2026-09-06 06:32:41,PLCY641,0201,Tyler Kustra,30,10,0,2026-09-06 06:46:45
2026-09-06 06:32:41,PLCY670,0101,Philip Joyce,30,0,0,2026-09-06 06:46:45
2026-09-06 06:32:41,PLCY680,0101,Claire Dunning,25,0,0,2026-09-06 06:46:45
2026-09-06 06:32:41,PLCY680,0201,Michael Woldemariam,25,5,0,2026-09-06 06:46:45
2026-09-06 06:32:41,PLCY688C,0101,Charles Harry,20,10,0,2026-09-06 06:46:45
2026-09-06 06:32:41,PLCY688F,PWL1,Nekeya O'Connor,20,1,0,2026-09-06 06:46:46
2026-09-06 06:32:41,PLCY688P,0101,Steve Fetter,10,1,0,2026-09-06 06:46:46
2026-09-06 06:32:41,PLCY688Z,0101,Brandi Onowu,20,6,0,2026-09-06 06:46:46
2026-09-06 06:32:41,PLCY689E,0101,Susan Parker,20,0,0,2026-09-06 06:46:46
2026-09-06 06:32:41,PLCY690,0110,David Mussington,15,3,0,2026-09-06 06:46:47
2026-09-06 06:32:41,PLCY690,0120,Margaret Brindle,15,2,0,2026-09-06 06:46:47
2026-09-06 06:32:41,PLCY690,0130,Douglas Call,15,0,0,2026-09-06 06:46:47
2026-09-06 06:32:41,PLCY690,0150,Paul Brown,15,1,0,2026-09-06 06:46:47
2026-09-06 06:32:41,PLCY690,0170,James Stillwell,15,0,0,2026-09-06 06:46:47
2026-09-06 06:32:41,PLCY698T,0101,Elizabeth Duke,20,7,0,2026-09-06 06:46:47
2026-09-06 06:32:41,PLCY699L,0101,Michael Woldemariam,10,1,0,2026-09-06 06:46:47
2026-09-06 06:32:41,PLCY720,0101,Nancy Gallagher,20,3,0,2026-09-06 06:46:47
2026-09-06 06:32:41,PLCY734,0101,Niambi Carter,20,1,0,2026-09-06 06:46:48
2026-09-06 06:32:41,PLCY735,0101,Robert Sprinkle,20,7,0,2026-09-06 06:46:48
2026-09-06 06:32:41,PLCY741,0101,Anand Patwardhan,20,7,0,2026-09-06 06:46:48
2026-09-06 06:32:41,PLCY742,0101,Thomas Hilde,20,9,0,2026-09-06 06:46:49
2026-09-06 06:32:41,PLCY780,0101,Robert Orr,20,0,0,2026-09-06 06:46:49
2026-09-06 06:32:41,PLCY781,0101,Julio Guzman,20,2,0,2026-09-06 06:46:49
2026-09-06 06:32:41,PLCY783,0101,Margaret Brindle,20,7,0,2026-09-06 06:46:50
2026-09-06 06:32:41,PLCY798F,PWL1,William Nolte,25,18,0,2026-09-06 06:46:50
2026-09-06 06:32:41,PLCY798V,0101,Shanna Pearson-Merkowitz,12,0,0,2026-09-06 06:46:51
2026-09-06 06:32:41,PLCY798W,0101,Martin Sanders,10,10,0,2026-09-06 06:46:51
2026-09-06 06:32:41,PLCY798Y,PWL1,Jeffrey Franco,25,0,0,2026-09-06 06:46:51
2026-09-06 06:32:41,PLCY798Z,0101,Peter Reuter,12,0,0,2026-09-06 06:46:52
2026-09-06 06:32:41,PLSC112,0101,Samuel Daramola,100,16,0,2026-09-06 06:46:54
2026-09-06 06:32:41,PLSC113,0101,Samuel Daramola,24,3,0,2026-09-06 06:46:54
2026-09-06 06:32:41,PLSC113,0102,Samuel Daramola,24,5,0,2026-09-06 06:46:54
2026-09-06 06:32:41,PLSC113,0103,Samuel Daramola,24,13,0,2026-09-06 06:46:54
2026-09-06 06:32:41,PLSC113,0104,Samuel Daramola,24,10,0,2026-09-06 06:46:54
2026-09-06 06:32:41,PLSC115,0101,Shirley Micallef,24,0,1,2026-09-06 06:47:00
2026-09-06 06:32:41,PLSC201,0101,Pierre Jacob,42,15,0,2026-09-06 06:47:00
2026-09-06 06:32:41,PLSC203,0101,Vijay Tiwari,23,17,0,2026-09-06 06:47:01
2026-09-06 06:32:41,PLSC205,0101,Mark Carroll,22,0,0,2026-09-06 06:47:01
2026-09-06 06:32:41,PLSC206,0101,Pierre Jacob,21,8,0,2026-09-06 06:47:09
2026-09-06 06:32:41,PLSC206,0102,Pierre Jacob,21,7,0,2026-09-06 06:47:09
2026-09-06 06:32:41,PLSC253,0101,Karen Petroff,24,0,0,2026-09-06 06:47:09
2026-09-06 06:32:41,PLSC253,0102,Karen Petroff,24,5,0,2026-09-06 06:47:09
2026-09-06 06:32:41,PLSC389,0101,Craig Beyrouty,17,17,0,2026-09-06 06:47:10
2026-09-06 06:32:41,PLSC402,0101,Geoffrey Rinehart,10,3,0,2026-09-06 06:47:10
2026-09-06 06:32:41,PLSC404,0101,Yiping Qi,20,9,0,2026-09-06 06:47:10
2026-09-06 06:32:41,PLSC420,0101,Nidhi Rawat,18,3,0,2026-09-06 06:47:11
2026-09-06 06:32:41,PLSC420,0102,Nidhi Rawat,18,13,0,2026-09-06 06:47:11
2026-09-06 06:32:41,PLSC433,0101,Diana Cochran,10,2,0,2026-09-06 06:47:11
2026-09-06 06:32:41,PLSC453,0101,Samuel Daramola,24,1,0,2026-09-06 06:47:11
2026-09-06 06:32:41,PLSC471,0101,Juanita Choo,20,0,0,2026-09-06 06:47:11
2026-09-06 06:32:41,PLSC476,0101,Maile Neel,23,19,0,2026-09-06 06:47:12
2026-09-06 06:32:41,PLSC608,0101,Shunyuan Xiao,20,13,0,2026-09-06 06:47:12
2026-09-06 06:32:41,PORT103,0101,Parker Brookie,15,8,0,2026-09-06 06:47:14
2026-09-06 06:32:41,PORT205,0101,Parker Brookie,15,4,0,2026-09-06 06:47:15
2026-09-06 06:32:41,PORT332,0101,Parker Brookie,25,1,0,2026-09-06 06:47:15
2026-09-06 06:32:41,RELS120,0101,Antoine Borrut,40,6,0,2026-09-06 06:47:46
2026-09-06 06:32:41,RELS170,0101,Chiara Graf,21,4,0,2026-09-06 06:47:47
2026-09-06 06:32:41,RELS170,0102,Chiara Graf,21,0,0,2026-09-06 06:47:47
2026-09-06 06:32:41,RELS170,0103,Chiara Graf,21,1,0,2026-09-06 06:47:47
2026-09-06 06:32:41,RELS170,0104,Chiara Graf,21,0,0,2026-09-06 06:47:47
2026-09-06 06:32:41,RELS170,0105,Chiara Graf,21,0,0,2026-09-06 06:47:47
2026-09-06 06:32:41,RELS170,0106,Chiara Graf,21,0,1,2026-09-06 06:47:47
2026-09-06 06:32:41,RELS170,0107,Chiara Graf,21,0,1,2026-09-06 06:47:47
2026-09-06 06:32:41,RELS170,0108,Chiara Graf,21,0,0,2026-09-06 06:47:47
2026-09-06 06:32:41,RELS170,0109,Chiara Graf,22,0,0,2026-09-06 06:47:47
2026-09-06 06:32:41,RELS171,0101,Maxine Grossman,40,0,0,2026-09-06 06:47:47
2026-09-06 06:32:41,RELS219K,0101,Shay Hazkani,40,32,0,2026-09-06 06:47:47
2026-09-06 06:32:41,RELS225,0101,Stephanie Cooper,25,0,0,2026-09-06 06:47:47
2026-09-06 06:32:41,RELS273,0101,Hayim Lapin,23,1,0,2026-09-06 06:47:48
2026-09-06 06:32:41,RELS273,0102,Hayim Lapin,23,1,0,2026-09-06 06:47:48
2026-09-06 06:32:41,RELS273,0103,Hayim Lapin,23,2,0,2026-09-06 06:47:48
2026-09-06 06:32:41,RELS274,0101,Matthew Suriano,20,0,1,2026-09-06 06:47:48
2026-09-06 06:32:41,RELS274,0102,Matthew Suriano,20,0,1,2026-09-06 06:47:48
2026-09-06 06:32:41,RELS274,0103,Matthew Suriano,20,0,2,2026-09-06 06:47:48
2026-09-06 06:32:41,RELS274,0104,Matthew Suriano,20,0,0,2026-09-06 06:47:48
2026-09-06 06:32:41,RELS319D,0101,Nathan Levine,35,25,0,2026-09-06 06:47:48
2026-09-06 06:32:41,RELS319Z,0101,Regev Ben-David,30,27,0,2026-09-06 06:47:49
2026-09-06 06:32:41,RELS341,0101,Janna Bianchini,30,0,0,2026-09-06 06:47:49
2026-09-06 06:32:41,RUSS101,0101,Inna Hardman,15,6,0,2026-09-06 06:47:51
2026-09-06 06:32:41,RUSS101,0201,Inna Hardman,15,5,0,2026-09-06 06:47:51
2026-09-06 06:32:41,RUSS201,0101,Zhanna Gerus-Vernola,15,8,0,2026-09-06 06:47:51
2026-09-06 06:32:41,RUSS301,0101,Izolda Savenkova,15,5,0,2026-09-06 06:47:51
2026-09-06 06:32:41,RUSS321,0101,Elizabeth Papazian,15,5,0,2026-09-06 06:47:51
2026-09-06 06:32:41,RUSS334,0101,Elizabeth Papazian,25,0,0,2026-09-06 06:47:52
2026-09-06 06:32:41,RUSS404,0101,Izolda Savenkova,15,1,0,2026-09-06 06:47:52
2026-09-06 06:32:41,SDSB123,0101,Brian Kim,40,7,0,2026-09-06 06:47:54
2026-09-06 06:32:41,SDSB180,0101,Brian Kim,180,135,0,2026-09-06 06:47:54
2026-09-06 06:32:41,SDSB233,0101,Jacob Coutts,25,1,0,2026-09-06 06:47:55
2026-09-06 06:32:41,SDSB233,0102,Jacob Coutts,25,10,0,2026-09-06 06:47:55
2026-09-06 06:32:41,SDSB233,0103,Jacob Coutts,25,8,0,2026-09-06 06:47:55
2026-09-06 06:32:41,SDSB326,0101,Jacob Coutts,50,31,0,2026-09-06 06:47:55
2026-09-06 06:32:41,SDSB340,0101,Neil Lund,40,0,0,2026-09-06 06:47:55
2026-09-06 06:32:41,SDSI414,0201,Maria Krupenkin,34,13,0,2026-09-06 06:47:57
2026-09-06 06:32:41,SDSI414,0202,Maria Krupenkin,34,0,0,2026-09-06 06:47:57
2026-09-06 06:32:41,SDSI492,0101,TJ Rainsford,50,11,0,2026-09-06 06:47:57
2026-09-06 06:32:41,SDSI492,0103,Mary Ann Francis,40,0,4,2026-09-06 06:47:57
2026-09-06 06:32:41,SDSI492,0104,TJ Rainsford,50,3,0,2026-09-06 06:47:57
2026-09-06 06:32:41,SDSI492,0106,Jesse Klein,50,0,10,2026-09-06 06:47:57
2026-09-06 06:32:41,SDSI492,0107,Connie Siebold,40,0,5,2026-09-06 06:47:57
2026-09-06 06:32:41,SDSI492,0110,Patrick Thornton,50,27,0,2026-09-06 06:47:57
2026-09-06 06:32:41,SLLC108I,0101,Instructor: TBA,5,4,0,2026-09-06 06:48:00
2026-09-06 06:32:41,SLLC108J,0101,Instructor: TBA,5,5,0,2026-09-06 06:48:00
2026-09-06 06:32:41,SLLC108W,0101,Instructor: TBA,5,4,0,2026-09-06 06:48:01
2026-09-06 06:32:41,SLLC118A,0101,Sean Pue,10,3,0,2026-09-06 06:48:01
2026-09-06 06:32:41,SLLC200,0101,Chris Lewis,30,1,0,2026-09-06 06:48:01
2026-09-06 06:32:41,SLLC286,0101,Andrew Schonebaum,60,5,0,2026-09-06 06:48:02
2026-09-06 06:32:41,SLLC309,0101,Ahmed Hanafy,10,10,0,2026-09-06 06:48:02
2026-09-06 06:32:41,SLLC309,0102,Ahmed Hanafy,10,8,0,2026-09-06 06:48:02
2026-09-06 06:32:41,SLLC309,0103,Ahmed Hanafy,10,8,0,2026-09-06 06:48:02
2026-09-06 06:32:41,SLLC309,0104,Ahmed Hanafy,10,6,0,2026-09-06 06:48:02
2026-09-06 06:32:41,SLLC309,0105,Ahmed Hanafy,10,6,0,2026-09-06 06:48:02
2026-09-06 06:32:41,SLLC309,0106,Ahmed Hanafy,10,7,0,2026-09-06 06:48:02
2026-09-06 06:32:41,SLLC309,0107,Ahmed Hanafy,10,8,0,2026-09-06 06:48:02
2026-09-06 06:32:41,SLLC309,0108,Ahmed Hanafy,10,9,0,2026-09-06 06:48:02
2026-09-06 06:32:41,SLLC309,0109,Ahmed Hanafy,10,7,0,2026-09-06 06:48:02
2026-09-06 06:32:41,SLLC309,0110,Ahmed Hanafy,10,4,0,2026-09-06 06:48:02
2026-09-06 06:32:41,SLLC309,0111,Ahmed Hanafy,10,10,0,2026-09-06 06:48:02
2026-09-06 06:32:41,SLLC329,0101,Marilyn Matar,12,0,0,2026-09-06 06:48:02
2026-09-06 06:32:41,SLLC329,0102,Marilyn Matar,10,1,0,2026-09-06 06:48:02
2026-09-06 06:32:41,SLLC329,0103,Marilyn Matar,21,2,0,2026-09-06 06:48:02
2026-09-06 06:32:41,SLLC329,0104,Marilyn Matar,10,4,0,2026-09-06 06:48:02
2026-09-06 06:32:41,SLLC329,0105,Marilyn Matar,10,9,0,2026-09-06 06:48:02
2026-09-06 06:32:41,SLLC329,0106,Marilyn Matar,10,1,0,2026-09-06 06:48:02
2026-09-06 06:32:41,SLLC329,0107,Marilyn Matar,10,7,0,2026-09-06 06:48:02
2026-09-06 06:32:41,SLLC329,0108,Marilyn Matar,10,7,0,2026-09-06 06:48:02
2026-09-06 06:32:41,SLLC329,0109,Marilyn Matar,10,4,0,2026-09-06 06:48:02
2026-09-06 06:32:41,SLLC329,0110,Marilyn Matar,20,4,0,2026-09-06 06:48:02
2026-09-06 06:32:41,SLLC350,0101,Michele Mason,30,27,0,2026-09-06 06:48:03
2026-09-06 06:32:41,SMLP470,0101,Brooke Smith,45,13,0,2026-09-06 06:48:04
2026-09-06 06:32:41,SMLP472,0101,Sara Herald,60,19,0,2026-09-06 06:48:04
2026-09-06 06:32:41,TLTC310,0101,Sarah Kistner,0,0,0,2026-09-06 06:48:46
2026-09-06 06:32:41,TLTC310,0201,Yanira Ortiz,20,11,0,2026-09-06 06:48:46
2026-09-06 06:32:41,TLTC333,0101,Mona Thompson,60,0,0,2026-09-06 06:48:46
2026-09-06 06:32:41,TLTC333,0102,Mona Thompson,60,0,0,2026-09-06 06:48:46
2026-09-06 06:32:41,TLTC333,0105,Mona Thompson,60,2,0,2026-09-06 06:48:46
2026-09-06 06:32:41,TLTC499A,0101,Mona Thompson,10,7,0,2026-09-06 06:48:47
2026-09-06 06:32:41,TLTC499A,0102,Danielle Pafe,10,6,0,2026-09-06 06:48:47
2026-09-06 06:32:41,UMEI005,0101,Charles Duquette,15,2,0,2026-09-06 06:48:48
2026-09-06 06:32:41,UMEI005,0201,Heather Mehrtens,15,9,0,2026-09-06 06:48:48
2026-09-06 06:32:41,UMEI005,0301,Marilena Draganescu,15,11,0,2026-09-06 06:48:48
2026-09-06 06:32:41,UMEI012,0101,Louise Godley,10,10,0,2026-09-06 06:48:48
2026-09-06 06:32:41,UMEI013,0101,Louise Godley,10,7,0,2026-09-06 06:48:49
2026-09-06 06:32:41,UMEI028A,0101,Raymond Smith,16,14,0,2026-09-06 06:48:49
2026-09-06 06:32:41,UMEI506,0101,Heather Mehrtens,16,0,0,2026-09-06 06:48:49
2026-09-06 06:32:41,UMEI506,0201,Heather Mehrtens,16,6,0,2026-09-06 06:48:49
2026-09-06 06:32:41,UMEI507,0101,Marilena Draganescu,15,4,0,2026-09-06 06:48:50
2026-09-06 06:32:41,USLT201,0101,Robert Chester,25,1,0,2026-09-06 06:48:56
2026-09-06 06:32:41,USLT398C,0101,Angela Pico Pinto,25,17,0,2026-09-06 06:48:56
2026-09-06 06:32:41,USLT450,0101,Robert Chester,20,0,2,2026-09-06 06:48:57
2026-09-06 06:32:41,USLT498C,0101,Ana Rodriguez,20,14,0,2026-09-06 06:48:57
2026-09-06 06:32:41,VIPS099,0115,Veronica Kang,5,3,0,2026-09-06 06:48:58
2026-09-06 06:32:41,VIPS208,0101,Mary Bowden,10,10,0,2026-09-06 06:48:59
2026-09-06 06:32:41,VIPS208,0102,Ken Kiger,10,2,0,2026-09-06 06:48:59
2026-09-06 06:32:41,VIPS208,0103,Bryan Quinn,10,7,0,2026-09-06 06:48:59
2026-09-06 06:32:41,VIPS208,0104,Abdil Chowdhury,10,1,0,2026-09-06 06:48:59
2026-09-06 06:32:41,VIPS208,0105,Molly Carton,10,7,0,2026-09-06 06:48:59
2026-09-06 06:32:41,VIPS208,0106,James Baeder,14,2,0,2026-09-06 06:48:59
2026-09-06 06:32:41,VIPS208,0107,Catherine Spirito,10,6,0,2026-09-06 06:48:59
2026-09-06 06:32:41,VIPS208,0108,Ronald Yaros,10,4,0,2026-09-06 06:48:59
2026-09-06 06:32:41,VIPS208,0109,Carinna Ferguson,10,6,0,2026-09-06 06:48:59
2026-09-06 06:32:41,VIPS208,0110,Tracy Riggins,15,0,0,2026-09-06 06:48:59
2026-09-06 06:32:41,VIPS208,0111,Kevin Calabro,13,2,0,2026-09-06 06:48:59
2026-09-06 06:32:41,VIPS208,0112,Raffaele Viglianti,10,5,0,2026-09-06 06:48:59
2026-09-06 06:32:41,VIPS208,0113,Shabnam Jabeen,10,4,0,2026-09-06 06:48:59
2026-09-06 06:32:41,VIPS208,0114,Ning Zeng,15,7,0,2026-09-06 06:48:59
2026-09-06 06:32:41,VIPS208,0115,Veronica Kang,10,5,0,2026-09-06 06:48:59
2026-09-06 06:32:41,VIPS208,0116,David Stewart,10,0,0,2026-09-06 06:48:59
2026-09-06 06:32:41,VIPS208,0117,Meredith Epstein,10,8,0,2026-09-06 06:48:59
2026-09-06 06:32:41,VIPS208,0118,Magaly Toro Ibaceta,10,3,0,2026-09-06 06:48:59
2026-09-06 06:32:41,VIPS208,0120,Marisa Parham,10,6,0,2026-09-06 06:48:59
2026-09-06 06:32:41,VIPS208,0121,Becky Epanchin-Niell,10,1,0,2026-09-06 06:48:59
2026-09-06 06:32:41,VIPS208,0122,Timothy Reedy,10,2,0,2026-09-06 06:48:59
2026-09-06 06:32:41,VIPS208,0123,Lingnan Lin,13,4,0,2026-09-06 06:48:59
2026-09-06 06:32:41,VIPS208,0124,Jeffrey Moro,10,4,0,2026-09-06 06:48:59
2026-09-06 06:32:41,VIPS208,0125,Peter Sunderland,12,4,0,2026-09-06 06:48:59
2026-09-06 06:32:41,VIPS208,0126,Brienna Anderson,10,3,0,2026-09-06 06:48:59
2026-09-06 06:32:41,VIPS308,0101,Mary Bowden,10,9,0,2026-09-06 06:48:59
2026-09-06 06:32:41,VIPS308,0102,Ken Kiger,10,3,0,2026-09-06 06:48:59
2026-09-06 06:32:41,VIPS308,0103,Bryan Quinn,10,2,0,2026-09-06 06:48:59
2026-09-06 06:32:41,VIPS308,0104,Abdil Chowdhury,10,3,0,2026-09-06 06:48:59
2026-09-06 06:32:41,VIPS308,0105,Molly Carton,10,3,0,2026-09-06 06:48:59
2026-09-06 06:32:41,VIPS308,0106,James Baeder,10,4,0,2026-09-06 06:48:59
2026-09-06 06:32:41,VIPS308,0107,Catherine Spirito,10,7,0,2026-09-06 06:48:59
2026-09-06 06:32:41,VIPS308,0108,Ronald Yaros,10,9,0,2026-09-06 06:48:59
2026-09-06 06:32:41,VIPS308,0109,Carinna Ferguson,10,6,0,2026-09-06 06:48:59
2026-09-06 06:32:41,VIPS308,0110,Tracy Riggins,10,0,0,2026-09-06 06:48:59
2026-09-06 06:32:41,VIPS308,0111,Kevin Calabro,10,6,0,2026-09-06 06:48:59
2026-09-06 06:32:41,VIPS308,0112,Raffaele Viglianti,10,10,0,2026-09-06 06:48:59
2026-09-06 06:32:41,VIPS308,0113,Shabnam Jabeen,10,8,0,2026-09-06 06:48:59
2026-09-06 06:32:41,VIPS308,0114,Ning Zeng,10,9,0,2026-09-06 06:48:59
2026-09-06 06:32:41,VIPS308,0115,Veronica Kang,10,10,0,2026-09-06 06:48:59
2026-09-06 06:32:41,VIPS308,0116,David Stewart,10,10,0,2026-09-06 06:48:59
2026-09-06 06:32:41,VIPS308,0117,Meredith Epstein,10,8,0,2026-09-06 06:48:59
2026-09-06 06:32:41,VIPS308,0118,Magaly Toro Ibaceta,10,10,0,2026-09-06 06:48:59
2026-09-06 06:32:41,VIPS308,0120,Marisa Parham,10,9,0,2026-09-06 06:48:59
2026-09-06 06:32:41,VIPS308,0121,Becky Epanchin-Niell,10,10,0,2026-09-06 06:48:59
2026-09-06 06:32:41,VIPS308,0122,Timothy Reedy,10,10,0,2026-09-06 06:48:59
2026-09-06 06:32:41,VIPS308,0123,Lingnan Lin,10,10,0,2026-09-06 06:48:59
2026-09-06 06:32:41,VIPS308,0124,Jeffrey Moro,10,10,0,2026-09-06 06:48:59
2026-09-06 06:32:41,VIPS308,0125,Peter Sunderland,10,10,0,2026-09-06 06:48:59
2026-09-06 06:32:41,VIPS308,0126,Brienna Anderson,10,10,0,2026-09-06 06:48:59
2026-09-06 06:32:41,VIPS408,0101,Mary Bowden,10,4,0,2026-09-06 06:48:59
2026-09-06 06:32:41,VIPS408,0102,Ken Kiger,10,8,0,2026-09-06 06:48:59
2026-09-06 06:32:41,VIPS408,0103,Bryan Quinn,10,3,0,2026-09-06 06:48:59
2026-09-06 06:32:41,VIPS408,0104,Abdil Chowdhury,10,8,0,2026-09-06 06:48:59
2026-09-06 06:32:41,VIPS408,0105,Molly Carton,10,8,0,2026-09-06 06:48:59
2026-09-06 06:32:41,VIPS408,0106,James Baeder,10,7,0,2026-09-06 06:48:59
2026-09-06 06:32:41,VIPS408,0107,Catherine Spirito,10,10,0,2026-09-06 06:48:59
2026-09-06 06:32:41,VIPS408,0108,Ronald Yaros,10,8,0,2026-09-06 06:48:59
2026-09-06 06:32:41,VIPS408,0109,Carinna Ferguson,10,8,0,2026-09-06 06:48:59
2026-09-06 06:32:41,VIPS408,0110,Tracy Riggins,10,10,0,2026-09-06 06:48:59
2026-09-06 06:32:41,VIPS408,0111,Kevin Calabro,10,7,0,2026-09-06 06:48:59
2026-09-06 06:32:41,VIPS408,0112,Raffaele Viglianti,10,9,0,2026-09-06 06:48:59
2026-09-06 06:32:41,VIPS408,0113,Shabnam Jabeen,10,10,0,2026-09-06 06:48:59
2026-09-06 06:32:41,VIPS408,0114,Ning Zeng,10,10,0,2026-09-06 06:48:59
2026-09-06 06:32:41,VIPS408,0115,Veronica Kang,10,10,0,2026-09-06 06:48:59
2026-09-06 06:32:41,VIPS408,0116,David Stewart,10,10,0,2026-09-06 06:48:59
2026-09-06 06:32:41,VIPS408,0117,Meredith Epstein,10,10,0,2026-09-06 06:48:59
2026-09-06 06:32:41,VIPS408,0118,Magaly Toro Ibaceta,10,9,0,2026-09-06 06:48:59
2026-09-06 06:32:41,VIPS408,0120,Marisa Parham,10,10,0,2026-09-06 06:48:59
2026-09-06 06:32:41,VIPS408,0121,Becky Epanchin-Niell,10,10,0,2026-09-06 06:48:59
2026-09-06 06:32:41,VIPS408,0122,Timothy Reedy,10,10,0,2026-09-06 06:48:59
2026-09-06 06:32:41,VIPS408,0123,Lingnan Lin,10,10,0,2026-09-06 06:48:59
2026-09-06 06:32:41,VIPS408,0124,Jeffrey Moro,10,10,0,2026-09-06 06:48:59
2026-09-06 06:32:41,VIPS408,0125,Peter Sunderland,10,10,0,2026-09-06 06:48:59
2026-09-06 06:32:41,VIPS408,0126,Brienna Anderson,10,10,0,2026-09-06 06:48:59
2026-09-06 06:32:41,WEID139B,0101,Denise Joseph,48,10,0,2026-09-06 06:49:02
2026-09-06 06:32:41,WEID139L,0201,Taylor Togafau-Lewis,48,18,0,2026-09-06 06:49:03
2026-09-06 11:23:29,AAAS100,0101,Shane Walsh,35,0,0,2026-09-06 11:23:32
2026-09-06 11:23:29,AAAS100,0201,Shane Walsh,35,0,0,2026-09-06 11:23:32
2026-09-06 11:23:29,AAAS100,0301,George Kintiba,70,37,0,2026-09-06 11:23:32
2026-09-06 11:23:29,AAAS100,0401,Jason Nichols,30,0,0,2026-09-06 11:23:32
2026-09-06 11:23:29,AAAS100,0501,Jason Nichols,35,0,0,2026-09-06 11:23:32
2026-09-06 11:23:29,AAAS101,0101,Chinyere Osuji,40,1,0,2026-09-06 11:23:33
2026-09-06 11:23:29,AAAS187,0101,Robert Choflet,30,1,0,2026-09-06 11:23:33
2026-09-06 11:23:29,AAAS187,0201,Joseph Richardson,30,0,0,2026-09-06 11:23:33
2026-09-06 11:23:29,AAAS200,0101,George Kintiba,40,4,0,2026-09-06 11:23:34
2026-09-06 11:23:29,AAAS202,0101,Robert Choflet,35,5,0,2026-09-06 11:23:34
2026-09-06 11:23:29,AAAS202,0201,Robert Choflet,35,6,0,2026-09-06 11:23:34
2026-09-06 11:23:29,AAAS202,0301,Angelica Dunbar,35,3,0,2026-09-06 11:23:34
2026-09-06 11:23:29,AAAS202,0401,Ashley Everson,35,0,0,2026-09-06 11:23:34
2026-09-06 11:23:29,AAAS202,0501,Ashley Everson,20,1,0,2026-09-06 11:23:34
2026-09-06 11:23:29,AAAS210,0101,Angelica Dunbar,20,16,0,2026-09-06 11:23:34
2026-09-06 11:23:29,AAAS211,0101,Shane Walsh,30,0,0,2026-09-06 11:23:35
2026-09-06 11:23:29,AAAS230,0101,Ashley Newby,30,0,0,2026-09-06 11:23:35
2026-09-06 11:23:29,AAAS230,0201,Ashley Newby,30,0,0,2026-09-06 11:23:35
2026-09-06 11:23:29,AAAS234,0201,Mike Kolakoski,30,2,0,2026-09-06 11:23:35
2026-09-06 11:23:29,AAAS254,0101,Christopher Bonner,40,2,0,2026-09-06 11:23:35
2026-09-06 11:23:29,AAAS271,0101,Sydney Lewis,30,0,0,2026-09-06 11:23:36
2026-09-06 11:23:29,AAAS310,0101,George Kintiba,25,20,0,2026-09-06 11:23:36
2026-09-06 11:23:29,AAAS320,0101,Cecily Jackson,25,0,0,2026-09-06 11:23:36
2026-09-06 11:23:29,AAAS320,0201,Cecily Jackson,25,0,0,2026-09-06 11:23:36
2026-09-06 11:23:29,AAAS325,0101,Traci Dula,20,3,0,2026-09-06 11:23:37
2026-09-06 11:23:29,AAAS350,0101,John Drabinski,20,0,0,2026-09-06 11:23:37
2026-09-06 11:23:29,AAAS361,0101,Michelle Rowley,35,24,0,2026-09-06 11:23:38
2026-09-06 11:23:29,AAAS386,0101,Marshal Washington,10,10,0,2026-09-06 11:23:38
2026-09-06 11:23:29,AAAS397,0101,John Drabinski,2,2,0,2026-09-06 11:23:38
2026-09-06 11:23:29,AAAS397,0201,Angelica Dunbar,2,2,0,2026-09-06 11:23:38
2026-09-06 11:23:29,AAAS397,0301,Sharon Harley,2,2,0,2026-09-06 11:23:38
2026-09-06 11:23:29,AAAS397,0401,Cecily Jackson,2,2,0,2026-09-06 11:23:38
2026-09-06 11:23:29,AAAS397,0501,Sangeetha Madhavan,2,2,0,2026-09-06 11:23:38
2026-09-06 11:23:29,AAAS397,0601,Ashley Newby,1,1,0,2026-09-06 11:23:38
2026-09-06 11:23:29,AAAS397,0701,Chinyere Osuji,2,2,0,2026-09-06 11:23:38
2026-09-06 11:23:29,AAAS397,0801,Periloux Peay,2,2,0,2026-09-06 11:23:38
2026-09-06 11:23:29,AAAS397,0901,Joseph Richardson,2,2,0,2026-09-06 11:23:38
2026-09-06 11:23:29,AAAS398B,0101,Beka Guluma,20,12,0,2026-09-06 11:23:38
2026-09-06 11:23:29,AAAS398W,0101,Jason Nichols,25,10,0,2026-09-06 11:23:39
2026-09-06 11:23:29,AAAS399,0101,Robert Choflet,4,4,0,2026-09-06 11:23:39
2026-09-06 11:23:29,AAAS399,0201,John Drabinski,4,4,0,2026-09-06 11:23:39
2026-09-06 11:23:29,AAAS399,0301,Angelica Dunbar,4,3,0,2026-09-06 11:23:39
2026-09-06 11:23:29,AAAS399,0401,Sharon Harley,4,4,0,2026-09-06 11:23:39
2026-09-06 11:23:29,AAAS399,0501,Cecily Jackson,4,4,0,2026-09-06 11:23:39
2026-09-06 11:23:29,AAAS399,0601,Cecily Jackson,4,4,0,2026-09-06 11:23:39
2026-09-06 11:23:29,AAAS399,0701,Sharon Harley,4,4,0,2026-09-06 11:23:39
2026-09-06 11:23:29,AAAS399,0801,George Kintiba,4,4,0,2026-09-06 11:23:39
2026-09-06 11:23:29,AAAS399,0901,Jason Nichols,4,4,0,2026-09-06 11:23:39
2026-09-06 11:23:29,AAAS399,1001,Ashley Newby,4,3,0,2026-09-06 11:23:39
2026-09-06 11:23:29,AAAS399,1101,Jason Nichols,4,4,0,2026-09-06 11:23:39
2026-09-06 11:23:29,AAAS399,1201,Joseph Richardson,4,4,0,2026-09-06 11:23:39
2026-09-06 11:23:29,AAAS399,1301,Shane Walsh,4,4,0,2026-09-06 11:23:39
2026-09-06 11:23:29,AAAS399,1401,Joseph Richardson,4,4,0,2026-09-06 11:23:39
2026-09-06 11:23:29,AAAS399,1501,Shane Walsh,4,4,0,2026-09-06 11:23:39
2026-09-06 11:23:29,AAAS400,0101,Periloux Peay,25,22,0,2026-09-06 11:23:39
2026-09-06 11:23:29,AAAS415,0101,Periloux Peay,30,0,0,2026-09-06 11:23:40
2026-09-06 11:23:29,AAAS499N,0101,Anne Rosen,25,1,0,2026-09-06 11:23:40
2026-09-06 11:23:29,AAST200,0101,Jennifer Cho,30,0,0,2026-09-06 11:23:42
2026-09-06 11:23:29,AAST200,0102,Binod Paudyal,30,0,1,2026-09-06 11:23:42
2026-09-06 11:23:29,AAST322,0101,Julie Park,30,2,0,2026-09-06 11:23:42
2026-09-06 11:23:29,AAST351,0101,Binod Paudyal,35,0,0,2026-09-06 11:23:42
2026-09-06 11:23:29,AAST355,0101,Jennifer Cho,35,0,3,2026-09-06 11:23:43
2026-09-06 11:23:29,AAST378,0101,Janelle Wong,2,2,0,2026-09-06 11:23:44
2026-09-06 11:23:29,AAST394,0101,Wenxi Yang,30,2,0,2026-09-06 11:23:44
2026-09-06 11:23:29,AAST398I,0101,Michelle Magalong,24,1,0,2026-09-06 11:23:44
2026-09-06 11:23:29,AAST398W,0101,Chris Eng,25,14,0,2026-09-06 11:23:45
2026-09-06 11:23:29,AAST421,0101,Tuyet Duong,20,1,0,2026-09-06 11:23:45
2026-09-06 11:23:29,AAST422,0101,Jennifer Cho,25,4,0,2026-09-06 11:23:45
2026-09-06 11:23:29,AAST424,0101,Dawn Dow,29,9,0,2026-09-06 11:23:46
2026-09-06 11:23:29,AAST440,0101,Binod Paudyal,25,0,1,2026-09-06 11:23:46
2026-09-06 11:23:29,AAST443,0101,Janelle Wong,30,0,0,2026-09-06 11:23:46
2026-09-06 11:23:29,ABRM330,0101,Rashawn Ray,40,1,0,2026-09-06 11:23:48
2026-09-06 11:23:29,ARAB101,0101,Samah Al-salami,15,1,0,2026-09-06 11:24:24
2026-09-06 11:23:29,ARAB101,0201,Ahmed Hanafy,15,3,0,2026-09-06 11:24:24
2026-09-06 11:23:29,ARAB102,0101,Samah Al-salami,15,0,0,2026-09-06 11:24:25
2026-09-06 11:23:29,ARAB102,0201,Lutf Alkebsi,15,12,0,2026-09-06 11:24:25
2026-09-06 11:23:29,ARAB201,0101,Lutf Alkebsi,15,1,0,2026-09-06 11:24:25
2026-09-06 11:23:29,ARAB201,0201,Lutf Alkebsi,15,11,0,2026-09-06 11:24:25
2026-09-06 11:23:29,ARAB208L,0101,Samah Al-salami,15,4,0,2026-09-06 11:24:25
2026-09-06 11:23:29,ARAB225,0101,Ahmed Hanafy,15,1,0,2026-09-06 11:24:26
2026-09-06 11:23:29,ARAB301,0101,Ahmed Hanafy,15,6,0,2026-09-06 11:24:26
2026-09-06 11:23:29,ARAB321,0101,Ahmed Hanafy,15,9,0,2026-09-06 11:24:26
2026-09-06 11:23:29,ARAB322,0101,Samah Al-salami,15,9,0,2026-09-06 11:24:26
2026-09-06 11:23:29,ARAB398A,0101,Lutf Alkebsi,15,5,0,2026-09-06 11:24:27
2026-09-06 11:23:29,ARAB499E,0101,Brendan Kibbee,20,0,0,2026-09-06 11:24:27
2026-09-06 11:23:29,ARMY106,0101,Thomas Battinieri,31,26,0,2026-09-06 11:24:55
2026-09-06 11:23:29,ARMY106,0102,Thomas Battinieri,40,30,0,2026-09-06 11:24:55
2026-09-06 11:23:29,ARMY106,FC01,Andrew Bischoff,15,11,0,2026-09-06 11:24:55
2026-09-06 11:23:29,ARMY106,FC02,Thomas Battinieri,9,8,0,2026-09-06 11:24:55
2026-09-06 11:23:29,ARMY110,0101,Andrew Bischoff,15,15,0,2026-09-06 11:24:56
2026-09-06 11:23:29,ARMY201,0102,Thomas Battinieri,35,14,0,2026-09-06 11:24:56
2026-09-06 11:23:29,ARMY301,0101,Joshua Guiod,40,20,0,2026-09-06 11:24:56
2026-09-06 11:23:29,ARMY401,0102,Andrew Bischoff,50,13,0,2026-09-06 11:24:56
2026-09-06 11:23:29,ARSC059,0101,Kathleen West,220,65,0,2026-09-06 11:24:58
2026-09-06 11:23:29,ARSC059,FC01,Jens Lyndrup,10,4,0,2026-09-06 11:24:58
2026-09-06 11:23:29,ARSC100,0101,Jens Lyndrup,50,35,0,2026-09-06 11:24:58
2026-09-06 11:23:29,ARSC100,0102,Jens Lyndrup,75,20,0,2026-09-06 11:24:58
2026-09-06 11:23:29,ARSC100,0103,Jens Lyndrup,40,32,0,2026-09-06 11:24:58
2026-09-06 11:23:29,ARSC100,FC01,Jens Lyndrup,5,3,0,2026-09-06 11:24:58
2026-09-06 11:23:29,ARSC100,FC02,Jens Lyndrup,10,6,0,2026-09-06 11:24:58
2026-09-06 11:23:29,ARSC200,0101,Alan Snyder,50,15,0,2026-09-06 11:24:59
2026-09-06 11:23:29,ARSC200,0102,Alan Snyder,35,22,0,2026-09-06 11:24:59
2026-09-06 11:23:29,ARSC200,0103,Alan Snyder,40,32,0,2026-09-06 11:24:59
2026-09-06 11:23:29,ARSC300,0101,Kathleen West,30,5,0,2026-09-06 11:24:59
2026-09-06 11:23:29,ARSC300,0102,Kathleen West,20,13,0,2026-09-06 11:24:59
2026-09-06 11:23:29,ARSC400,0101,Walter Mitchell,30,16,0,2026-09-06 11:24:59
2026-09-06 11:23:29,ARSC400,0102,Walter Mitchell,20,18,0,2026-09-06 11:24:59
2026-09-06 11:23:29,ARSC400,0201,Walter Mitchell,10,10,0,2026-09-06 11:24:59
2026-09-06 11:23:29,BMIN210,0101,Darlene Dennison,180,4,0,2026-09-06 11:25:59
2026-09-06 11:23:29,BMIN210,0201,Darlene Dennison,180,87,0,2026-09-06 11:25:59
2026-09-06 11:23:29,BMIN305,0101,Tejwansh Anand,180,20,0,2026-09-06 11:25:59
2026-09-06 11:23:29,BMIN345,0101,Michael Padhi,275,35,0,2026-09-06 11:25:59
2026-09-06 11:23:29,BMIN355,0101,Idil Yaveroglu,180,1,0,2026-09-06 11:26:00
2026-09-06 11:23:29,BMIN355,0201,Idil Yaveroglu,180,27,0,2026-09-06 11:26:00
2026-09-06 11:23:29,BMIN375,0101,Leland Gardner,185,0,0,2026-09-06 11:26:00
2026-09-06 11:23:29,BMIN395,0101,Nima Farshchi,200,1,0,2026-09-06 11:26:00
2026-09-06 11:23:29,BMIN395,0201,Nima Farshchi,200,106,0,2026-09-06 11:26:00
2026-09-06 11:23:29,BOIS602,WI01,Woei-jyh Lee,40,6,0,2026-09-06 11:26:03
2026-09-06 11:23:29,BOIS604,WI01,Manmohan Aseri,40,5,0,2026-09-06 11:26:04
2026-09-06 11:23:29,BOIS631,WI01,Sujin Kim,40,8,0,2026-09-06 11:26:04
2026-09-06 11:23:29,BSOS355,0101,Liza Lebrun,30,30,0,2026-09-06 11:26:14
2026-09-06 11:23:29,BSOS361,0101,TC Lloyd,30,2,0,2026-09-06 11:26:15
2026-09-06 11:23:29,BSOS361,0103,Keia Brown,30,2,0,2026-09-06 11:26:15
2026-09-06 11:23:29,BSOS361,0104,David Tana,30,1,0,2026-09-06 11:26:15
2026-09-06 11:23:29,BSOS361,0105,TC Lloyd,30,1,0,2026-09-06 11:26:15
2026-09-06 11:23:29,BSOS388C,0101,Nikita Kimani,20,0,0,2026-09-06 11:26:16
2026-09-06 11:23:29,BSOS388C,0201,Nikita Kimani,20,3,0,2026-09-06 11:26:16
2026-09-06 11:23:29,BSOS388E,0101,Liza Lebrun,30,30,0,2026-09-06 11:26:16
2026-09-06 11:23:29,BUSO600,SO11,Neta Moye,42,4,0,2026-09-06 11:26:37
2026-09-06 11:23:29,BUSO600,SO12,Neta Moye,42,7,0,2026-09-06 11:26:37
2026-09-06 11:23:29,BUSO603,SO11,Ilya Ryzhov,42,4,0,2026-09-06 11:26:37
2026-09-06 11:23:29,BUSO603,SO12,Ilya Ryzhov,42,4,0,2026-09-06 11:26:37
2026-09-06 11:23:29,BUSO604,SO11,Bennet Zelner,42,5,0,2026-09-06 11:26:38
2026-09-06 11:23:29,BUSO604,SO12,Bennet Zelner,42,5,0,2026-09-06 11:26:38
2026-09-06 11:23:29,BUSO612,SO11,Henry Boyd,42,4,0,2026-09-06 11:26:38
2026-09-06 11:23:29,BUSO612,SO12,Henry Boyd,42,2,0,2026-09-06 11:26:38
2026-09-06 11:23:29,BUSO616,SO31,Brent Solomon,38,2,0,2026-09-06 11:26:38
2026-09-06 11:23:29,BUSO616,SO32,Brent Solomon,38,0,0,2026-09-06 11:26:38
2026-09-06 11:23:29,BUSO624,SO31,Yi Xu,38,3,0,2026-09-06 11:26:39
2026-09-06 11:23:29,BUSO624,SO32,Yi Xu,38,0,0,2026-09-06 11:26:39
2026-09-06 11:23:29,BUSO700,SO91,Paulo Prochno,0,0,0,2026-09-06 11:26:39
2026-09-06 11:23:29,BUSO711,SO31,Gosia Langa Basit,28,0,0,2026-09-06 11:26:39
2026-09-06 11:23:29,BUSO711,SO32,Gosia Langa Basit,28,4,0,2026-09-06 11:26:39
2026-09-06 11:23:29,BUSO711,SO33,Gosia Langa Basit,28,3,0,2026-09-06 11:26:39
2026-09-06 11:23:29,BUSO731,SO51,Tejwansh Anand,49,0,0,2026-09-06 11:26:39
2026-09-06 11:23:29,BUSO752,SO51,Leland Gardner,35,13,0,2026-09-06 11:26:40
2026-09-06 11:23:29,BUSO758G,SO51,James Seward,35,13,0,2026-09-06 11:26:40
2026-09-06 11:23:29,BUSO758M,SO51,Paulo Prochno,49,2,0,2026-09-06 11:26:40
2026-09-06 11:23:29,BUSO758M,SO52,Paulo Prochno,49,2,0,2026-09-06 11:26:40
2026-09-06 11:23:29,BUSO758T,SO51,Michael Cichello,35,18,0,2026-09-06 11:26:40
2026-09-06 11:23:29,BUSO758W,SO51,Yogesh Joshi,33,1,0,2026-09-06 11:26:41
2026-09-06 11:23:29,BUSO758W,SO52,Yogesh Joshi,33,3,0,2026-09-06 11:26:41
2026-09-06 11:23:29,BUSO758X,SO51,Pallassana Kannan,49,3,0,2026-09-06 11:26:41
2026-09-06 11:23:29,BUSO788F,GX01,Judy Frels,25,5,0,2026-09-06 11:26:41
2026-09-06 11:23:29,BUSO788W,GX01,Zhi-Long Chen,30,5,0,2026-09-06 11:26:41
2026-09-06 11:23:29,CHSE200,0101,Betsy Tornquist,10,1,0,2026-09-06 11:27:06
2026-09-06 11:23:29,CHSE205,0101,Yewon Lee,60,0,7,2026-09-06 11:27:07
2026-09-06 11:23:29,CHSE205,0201,Yewon Lee,60,0,0,2026-09-06 11:27:07
2026-09-06 11:23:29,CHSE228C,0101,Nikita Kimani,20,0,0,2026-09-06 11:27:07
2026-09-06 11:23:29,CHSE228C,0201,Nikita Kimani,20,3,0,2026-09-06 11:27:07
2026-09-06 11:23:29,CHSE228C,0301,Nikita Kimani,20,0,0,2026-09-06 11:27:07
2026-09-06 11:23:29,CHSE230,0101,Isabelle Grable,25,16,0,2026-09-06 11:27:07
2026-09-06 11:23:29,CHSE376,0101,Michael Dunham,22,0,7,2026-09-06 11:27:07
2026-09-06 11:23:29,CHSE376,0201,Colleen McGilpin,20,0,9,2026-09-06 11:27:07
2026-09-06 11:23:29,CHSE376,0301,Elizabeth Martinez,20,0,4,2026-09-06 11:27:07
2026-09-06 11:23:29,CHSE376,0401,Chanai Brewster,20,0,3,2026-09-06 11:27:07
2026-09-06 11:23:29,CHSE476,0101,Michael Dunham,20,6,0,2026-09-06 11:27:08
2026-09-06 11:23:29,CHSE477,0101,Michael Dunham,15,4,0,2026-09-06 11:27:08
2026-09-06 11:23:29,CHSE489,1901,Amy D'Agati,15,10,0,2026-09-06 11:27:09
2026-09-06 11:23:29,CHSE498,2401,Meredith Gramlich,10,1,0,2026-09-06 11:27:09
2026-09-06 11:23:29,CHSE498,3701,Michael Dunham,2,1,0,2026-09-06 11:27:09
2026-09-06 11:23:29,CINE245,0101,Eric Zakim,22,0,2,2026-09-06 11:27:10
2026-09-06 11:23:29,CINE245,0102,Eric Zakim,22,0,1,2026-09-06 11:27:10
2026-09-06 11:23:29,CINE245,0103,Eric Zakim,22,0,3,2026-09-06 11:27:10
2026-09-06 11:23:29,CINE245,0104,Eric Zakim,22,0,1,2026-09-06 11:27:10
2026-09-06 11:23:29,CINE280,0101,Porter Olsen,30,0,0,2026-09-06 11:27:11
2026-09-06 11:23:29,CINE280,0201,John Tobin,30,0,1,2026-09-06 11:27:11
2026-09-06 11:23:29,CINE298A,0101,Caroline Eades,20,0,0,2026-09-06 11:27:11
2026-09-06 11:23:29,CINE301,0101,Eric Zakim,30,0,0,2026-09-06 11:27:11
2026-09-06 11:23:29,CINE310,0101,Nathaniel Stevens,15,1,0,2026-09-06 11:27:12
2026-09-06 11:23:29,CINE315,0101,Yael Inbar,15,0,0,2026-09-06 11:27:12
2026-09-06 11:23:29,CINE319G,0101,Oliver Gaycken,25,15,0,2026-09-06 11:27:12
2026-09-06 11:23:29,CINE319P,5501,Samuel Crawford,11,0,0,2026-09-06 11:27:12
2026-09-06 11:23:29,CINE319Z,0101,Paul Cote,25,7,0,2026-09-06 11:27:13
2026-09-06 11:23:29,CINE329T,0101,Daniel Richter,25,0,10,2026-09-06 11:27:13
2026-09-06 11:23:29,CINE332,0101,Parker Brookie,25,1,0,2026-09-06 11:27:13
2026-09-06 11:23:29,CINE334,0101,Elizabeth Papazian,25,0,0,2026-09-06 11:27:13
2026-09-06 11:23:29,CINE337,0101,Jason Kuo,25,0,2,2026-09-06 11:27:14
2026-09-06 11:23:29,CINE342,0101,Luka Arsenjuk,20,0,3,2026-09-06 11:27:14
2026-09-06 11:23:29,CINE350,0101,John Drabinski,20,0,0,2026-09-06 11:27:14
2026-09-06 11:23:29,CINE359C,0101,Daniel Richter,25,0,5,2026-09-06 11:27:14
2026-09-06 11:23:29,CINE369B,0101,Eva Hageman,30,1,0,2026-09-06 11:27:15
2026-09-06 11:23:29,CINE369K,0101,Paul Cote,20,0,0,2026-09-06 11:27:15
2026-09-06 11:23:29,CINE376,0101,Ross Angelella,15,3,0,2026-09-06 11:27:15
2026-09-06 11:23:29,CINE376,0102,Ross Angelella,5,2,0,2026-09-06 11:27:15
2026-09-06 11:23:29,CINE415,0101,Mathew Bainbridge,15,0,0,2026-09-06 11:27:16
2026-09-06 11:23:29,CINE419P,0101,Oliver Gaycken,20,14,0,2026-09-06 11:27:16
2026-09-06 11:23:29,CINE459P,0101,Luka Arsenjuk,20,0,1,2026-09-06 11:27:16
2026-09-06 11:23:29,CLAS170,0101,Chiara Graf,21,4,0,2026-09-06 11:27:18
2026-09-06 11:23:29,CLAS170,0102,Chiara Graf,21,0,0,2026-09-06 11:27:18
2026-09-06 11:23:29,CLAS170,0103,Chiara Graf,21,1,0,2026-09-06 11:27:18
2026-09-06 11:23:29,CLAS170,0104,Chiara Graf,21,0,0,2026-09-06 11:27:18
2026-09-06 11:23:29,CLAS170,0105,Chiara Graf,21,0,0,2026-09-06 11:27:18
2026-09-06 11:23:29,CLAS170,0106,Chiara Graf,21,0,1,2026-09-06 11:27:18
2026-09-06 11:23:29,CLAS170,0107,Chiara Graf,21,0,1,2026-09-06 11:27:18
2026-09-06 11:23:29,CLAS170,0108,Chiara Graf,21,0,0,2026-09-06 11:27:18
2026-09-06 11:23:29,CLAS170,0109,Chiara Graf,22,0,0,2026-09-06 11:27:18
2026-09-06 11:23:29,CLAS170,FC01,Chelsea Stolt,28,4,0,2026-09-06 11:27:18
2026-09-06 11:23:29,CLAS170,FC02,Chelsea Stolt,28,0,0,2026-09-06 11:27:18
2026-09-06 11:23:29,CLAS170,FC03,Eugenia Lao,28,9,0,2026-09-06 11:27:18
2026-09-06 11:23:29,CLAS170,FC05,Charis Addai,28,5,0,2026-09-06 11:27:18
2026-09-06 11:23:29,CLAS277,0101,Chiara Graf,25,0,0,2026-09-06 11:27:18
2026-09-06 11:23:29,CLAS277,0102,Chiara Graf,25,2,0,2026-09-06 11:27:18
2026-09-06 11:23:29,CLAS277,0103,Chiara Graf,25,4,0,2026-09-06 11:27:18
2026-09-06 11:23:29,CLAS277,0104,Chiara Graf,25,3,0,2026-09-06 11:27:18
2026-09-06 11:23:29,CLAS277,0105,Chiara Graf,25,1,0,2026-09-06 11:27:18
2026-09-06 11:23:29,CLAS277,0106,Chiara Graf,25,2,0,2026-09-06 11:27:18
2026-09-06 11:23:29,CLAS305,0101,Jorge Bravo,35,3,0,2026-09-06 11:27:19
2026-09-06 11:23:29,CLAS309N,0101,Nathan Levine,35,25,0,2026-09-06 11:27:19
2026-09-06 11:23:29,CLAS310,0101,Rachel Singpurwalla,20,1,0,2026-09-06 11:27:19
2026-09-06 11:23:29,CLAS310,0102,Rachel Singpurwalla,20,0,2,2026-09-06 11:27:19
2026-09-06 11:23:29,CLAS310,0103,Rachel Singpurwalla,20,0,1,2026-09-06 11:27:19
2026-09-06 11:23:29,CLAS312,0101,Polyvia Parara,35,6,0,2026-09-06 11:27:20
2026-09-06 11:23:29,CMLT235,0101,Brielle Gorrell,30,2,0,2026-09-06 11:27:23
2026-09-06 11:23:29,CMLT270,0101,Hannah (Toyin) Adeyemi,30,0,0,2026-09-06 11:27:23
2026-09-06 11:23:29,CMLT270,0201,Shakiba Sharifpour,30,1,0,2026-09-06 11:27:23
2026-09-06 11:23:29,CMLT275,0201,Abhinav Bhardwaj,30,0,1,2026-09-06 11:27:23
2026-09-06 11:23:29,CMLT277,0101,Nahid Ahmadian,30,0,1,2026-09-06 11:27:24
2026-09-06 11:23:29,CMLT280,0101,Porter Olsen,30,0,0,2026-09-06 11:27:24
2026-09-06 11:23:29,CMLT280,0201,John Tobin,30,0,1,2026-09-06 11:27:24
2026-09-06 11:23:29,CPBE100,0101,Oliver Schlake,95,25,0,2026-09-06 11:27:57
2026-09-06 11:23:29,CPBE200,0101,Oliver Schlake,75,33,0,2026-09-06 11:27:58
2026-09-06 11:23:29,CPBE225,0101,Ira Koretsky,38,13,0,2026-09-06 11:27:58
2026-09-06 11:23:29,CPBE225,0102,Ira Koretsky,38,23,0,2026-09-06 11:27:58
2026-09-06 11:23:29,CPCV100,0101,Julie Randolph,40,1,0,2026-09-06 11:27:59
2026-09-06 11:23:29,CPCV100,0201,Julie Randolph,40,8,0,2026-09-06 11:27:59
2026-09-06 11:23:29,CPCV200,0101,Julie Randolph,35,0,0,2026-09-06 11:28:00
2026-09-06 11:23:29,CPCV200,0201,Julie Randolph,35,16,0,2026-09-06 11:28:00
2026-09-06 11:23:29,CPCV225,0101,Korey Rothman,75,4,0,2026-09-06 11:28:00
2026-09-06 11:23:29,CPDJ100,0101,Jess Feltner,75,1,0,2026-09-06 11:28:02
2026-09-06 11:23:29,CPDJ200,0101,Andrew Fellows,75,37,0,2026-09-06 11:28:02
2026-09-06 11:23:29,CPET100,0101,Tim Knight,75,2,0,2026-09-06 11:28:04
2026-09-06 11:23:29,CPET200,0101,Tim Knight,75,7,0,2026-09-06 11:28:04
2026-09-06 11:23:29,CPGH100,0101,John Wiggins,85,7,0,2026-09-06 11:28:05
2026-09-06 11:23:29,CPGH200,0101,John Wiggins,75,17,0,2026-09-06 11:28:06
2026-09-06 11:23:29,CPJT100,0101,Justine DeCamillis,75,6,0,2026-09-06 11:28:07
2026-09-06 11:23:29,CPJT200,0101,Justine DeCamillis,75,20,0,2026-09-06 11:28:07
2026-09-06 11:23:29,CPMS100,0101,Carole Lee,75,0,0,2026-09-06 11:28:09
2026-09-06 11:23:29,CPMS200,0101,Alison Burns,75,11,0,2026-09-06 11:28:09
2026-09-06 11:23:29,CPMS225,0101,Alison Burns,75,0,0,2026-09-06 11:28:09
2026-09-06 11:23:29,CPMS230,0101,Alison Burns,30,12,0,2026-09-06 11:28:10
2026-09-06 11:23:29,CPMS240,0101,Carole Lee,20,18,0,2026-09-06 11:28:10
2026-09-06 11:23:29,CPPL100,0101,Kelly Brower,78,2,0,2026-09-06 11:28:11
2026-09-06 11:23:29,CPPL200,0101,Kelly Brower,75,16,0,2026-09-06 11:28:12
2026-09-06 11:23:29,CPSA100,0101,Andrea Cesar,75,11,0,2026-09-06 11:28:13
2026-09-06 11:23:29,CPSA200,0101,Andrea Cesar,75,33,0,2026-09-06 11:28:13
2026-09-06 11:23:29,CPSF100,0101,Nicholas Fletcher,85,1,0,2026-09-06 11:28:15
2026-09-06 11:23:29,CPSF200,0101,Nicholas Fletcher,75,5,0,2026-09-06 11:28:15
2026-09-06 11:23:29,CPSG100,0101,Thomas Holtz,85,7,0,2026-09-06 11:28:16
2026-09-06 11:23:29,CPSG200,0101,Thomas Holtz,75,28,0,2026-09-06 11:28:17
2026-09-06 11:23:29,CPSN100,0101,Hansol Kwak,85,5,0,2026-09-06 11:28:18
2026-09-06 11:23:29,CPSN200,0101,Stacy Kosko,75,41,0,2026-09-06 11:28:18
2026-09-06 11:23:29,CPSN230,0101,Sarah Kilmer,20,18,0,2026-09-06 11:28:19
2026-09-06 11:23:29,CPSN240,0101,Sarah Kilmer,10,7,0,2026-09-06 11:28:19
2026-09-06 11:23:29,CPSN250,0101,Sarah Kilmer,5,5,0,2026-09-06 11:28:19
2026-09-06 11:23:29,CPSP110,0101,Markell Saunders,18,10,0,2026-09-06 11:28:21
2026-09-06 11:23:29,CPSP110,0201,Patrice Greene,18,14,0,2026-09-06 11:28:21
2026-09-06 11:23:29,CPSP220,0101,Tiara Thomas,20,1,0,2026-09-06 11:28:21
2026-09-06 11:23:29,CPSP239A,0101,Heather-Erin Bremenstuhl,10,6,0,2026-09-06 11:28:21
2026-09-06 11:23:29,CPSP269C,0101,Korey Rothman,5,5,0,2026-09-06 11:28:22
2026-09-06 11:23:29,CPSP339P,0101,Susannah Washburn,10,7,0,2026-09-06 11:28:22
2026-09-06 11:23:29,CPSS100,0101,David Tomblin,85,6,0,2026-09-06 11:28:23
2026-09-06 11:23:29,CPSS220,0101,Nicole Mogul,20,2,0,2026-09-06 11:28:24
2026-09-06 11:23:29,CPSS225,0101,Roan Parrish,20,14,0,2026-09-06 11:28:24
2026-09-06 11:23:29,CPSS340,0101,David Tomblin,20,4,0,2026-09-06 11:28:24
2026-09-06 11:23:29,CRLN101,0103,Myles Alexander,25,1,0,2026-09-06 11:28:26
2026-09-06 11:23:29,CRLN101,0104,Tami Smith,26,0,0,2026-09-06 11:28:26
2026-09-06 11:23:29,CRLN101,0105,Denis Garcia Reyes,25,0,0,2026-09-06 11:28:26
2026-09-06 11:23:29,CRLN101,0106,Mitch Woolley,25,4,0,2026-09-06 11:28:26
2026-09-06 11:23:29,CRLN101,0107,Esohe Owie,25,0,0,2026-09-06 11:28:26
2026-09-06 11:23:29,DATA100,0111,Matthew Griffin,33,3,0,2026-09-06 11:28:34
2026-09-06 11:23:29,DATA100,0112,Matthew Griffin,35,2,0,2026-09-06 11:28:34
2026-09-06 11:23:29,DATA100,0121,Matthew Griffin,35,0,0,2026-09-06 11:28:34
2026-09-06 11:23:29,DATA100,0122,Matthew Griffin,33,0,0,2026-09-06 11:28:34
2026-09-06 11:23:29,DATA100,0123,Matthew Griffin,33,0,0,2026-09-06 11:28:34
2026-09-06 11:23:29,DATA100,0124,Matthew Griffin,33,3,0,2026-09-06 11:28:34
2026-09-06 11:23:29,DATA100,0131,Matthew Griffin,33,1,0,2026-09-06 11:28:34
2026-09-06 11:23:29,DATA100,0141,Matthew Griffin,35,0,0,2026-09-06 11:28:34
2026-09-06 11:23:29,DATA100,0142,Matthew Griffin,33,0,0,2026-09-06 11:28:34
2026-09-06 11:23:29,DATA100,0211,Matthew Griffin,33,1,0,2026-09-06 11:28:34
2026-09-06 11:23:29,DATA100,0212,Matthew Griffin,35,0,0,2026-09-06 11:28:34
2026-09-06 11:23:29,DATA100,0221,Matthew Griffin,30,0,0,2026-09-06 11:28:34
2026-09-06 11:23:29,DATA100,0223,Matthew Griffin,32,0,0,2026-09-06 11:28:34
2026-09-06 11:23:29,DATA100,0224,Matthew Griffin,30,0,0,2026-09-06 11:28:34
2026-09-06 11:23:29,DATA100,0231,Matthew Griffin,33,1,0,2026-09-06 11:28:34
2026-09-06 11:23:29,DATA100,0311,Archana Khurana,35,7,0,2026-09-06 11:28:34
2026-09-06 11:23:29,DATA100,0312,Archana Khurana,35,1,0,2026-09-06 11:28:34
2026-09-06 11:23:29,DATA100,0321,Archana Khurana,35,1,0,2026-09-06 11:28:34
2026-09-06 11:23:29,DATA100,0322,Archana Khurana,35,0,0,2026-09-06 11:28:34
2026-09-06 11:23:29,DATA100,0323,Archana Khurana,35,2,0,2026-09-06 11:28:34
2026-09-06 11:23:29,DATA100,0341,Archana Khurana,35,8,0,2026-09-06 11:28:34
2026-09-06 11:23:29,DATA110,0101,Susan Mazzullo,250,20,0,2026-09-06 11:28:35
2026-09-06 11:23:29,DATA120,0101,Fardina Alam,200,0,0,2026-09-06 11:28:35
2026-09-06 11:23:29,DATA200,0101,Fardina Alam,90,31,0,2026-09-06 11:28:35
2026-09-06 11:23:29,DATA250,0101,Todd Rowland,43,7,0,2026-09-06 11:28:35
2026-09-06 11:23:29,DATA320,0101,Maksym Morawski,15,10,0,2026-09-06 11:28:36
2026-09-06 11:23:29,DATA320,0201,Maksym Morawski,20,7,0,2026-09-06 11:28:36
2026-09-06 11:23:29,DATA320,0301,Fardina Alam,20,0,0,2026-09-06 11:28:36
2026-09-06 11:23:29,DATA350,0101,Raluca Rosca,30,10,0,2026-09-06 11:28:36
2026-09-06 11:23:29,DATA350,0201,Jonathan Fernandes,34,2,0,2026-09-06 11:28:36
2026-09-06 11:23:29,DATA400,0111,Salman Safdar,27,0,0,2026-09-06 11:28:36
2026-09-06 11:23:29,DATA400,0112,Salman Safdar,30,3,0,2026-09-06 11:28:36
2026-09-06 11:23:29,DATA400,0121,Salman Safdar,27,1,0,2026-09-06 11:28:36
2026-09-06 11:23:29,DATA400,0122,Salman Safdar,27,4,0,2026-09-06 11:28:36
2026-09-06 11:23:29,DATA400,0131,Salman Safdar,27,1,0,2026-09-06 11:28:36
2026-09-06 11:23:29,DATA400,0132,Salman Safdar,27,8,0,2026-09-06 11:28:36
2026-09-06 11:23:29,DATA400,0211,Timothy Pilachowski,30,3,0,2026-09-06 11:28:36
2026-09-06 11:23:29,DATA400,0212,Timothy Pilachowski,30,4,0,2026-09-06 11:28:36
2026-09-06 11:23:29,DATA400,0221,Timothy Pilachowski,30,2,0,2026-09-06 11:28:36
2026-09-06 11:23:29,DATA400,0222,Timothy Pilachowski,30,1,0,2026-09-06 11:28:36
2026-09-06 11:23:29,DATA400,0231,Timothy Pilachowski,30,1,0,2026-09-06 11:28:36
2026-09-06 11:23:29,DATA400,0232,Timothy Pilachowski,30,0,0,2026-09-06 11:28:36
2026-09-06 11:23:29,DATA400,0311,Mestiyage Gunatilleka,32,0,0,2026-09-06 11:28:36
2026-09-06 11:23:29,DATA400,0312,Mestiyage Gunatilleka,30,0,0,2026-09-06 11:28:36
2026-09-06 11:23:29,DATA400,0321,Mestiyage Gunatilleka,32,0,1,2026-09-06 11:28:36
2026-09-06 11:23:29,DATA400,0322,Mestiyage Gunatilleka,30,0,0,2026-09-06 11:28:36
2026-09-06 11:23:29,DATA400,0331,Mestiyage Gunatilleka,32,0,0,2026-09-06 11:28:36
2026-09-06 11:23:29,DATA400,0332,Mestiyage Gunatilleka,30,0,0,2026-09-06 11:28:36
2026-09-06 11:23:29,DATA400,0511,Shixin Zheng,35,0,1,2026-09-06 11:28:36
2026-09-06 11:23:29,DATA400,0521,Shixin Zheng,35,0,0,2026-09-06 11:28:36
2026-09-06 11:23:29,DATA400,0531,Shixin Zheng,35,0,1,2026-09-06 11:28:36
2026-09-06 11:23:29,DATA601,PCS1,Sandra Cerrai,50,5,0,2026-09-06 11:28:36
2026-09-06 11:23:29,DATA601,PCS2,Jonathan Fernandes,60,20,0,2026-09-06 11:28:36
2026-09-06 11:23:29,DATA601,PWS1,Leonid Koralov,60,3,0,2026-09-06 11:28:36
2026-09-06 11:23:29,DATA602,PCS1,Sujeong Kim,44,5,0,2026-09-06 11:28:37
2026-09-06 11:23:29,DATA602,PCS2,Sujeong Kim,44,8,0,2026-09-06 11:28:37
2026-09-06 11:23:29,DATA602,PWS1,Fardina Alam,44,2,0,2026-09-06 11:28:37
2026-09-06 11:23:29,DATA603,PCS1,Babak Azimi-Sadjadi,55,12,0,2026-09-06 11:28:37
2026-09-06 11:23:29,DATA603,PWS1,Kemal Davaslioglu,55,17,0,2026-09-06 11:28:37
2026-09-06 11:23:29,DATA605,PCS1,Tammy Perrin,44,29,0,2026-09-06 11:28:37
2026-09-06 11:23:29,DATA605,PCS2,Tammy Perrin,44,20,0,2026-09-06 11:28:37
2026-09-06 11:23:29,DATA605,PWS1,Giacinto Paolo Saggese,44,35,0,2026-09-06 11:28:37
2026-09-06 11:23:29,DATA607,PCS1,Mestiyage Gunatilleka,44,27,0,2026-09-06 11:28:38
2026-09-06 11:23:29,DATA607,PCS2,Kendall Williams,55,1,0,2026-09-06 11:28:38
2026-09-06 11:23:29,DATA607,PCS3,Vincent Lyzinski,44,3,0,2026-09-06 11:28:38
2026-09-06 11:23:29,DATA612,PCS1,Samet Ayhan,50,21,0,2026-09-06 11:28:38
2026-09-06 11:23:29,DATA612,PWS1,Samet Ayhan,44,15,0,2026-09-06 11:28:38
2026-09-06 11:23:29,DATA641,PCS1,Toki Inan,50,15,0,2026-09-06 11:28:38
2026-09-06 11:23:29,DATA641,PWS1,Armin Mehrabian,50,0,0,2026-09-06 11:28:38
2026-09-06 11:23:29,DATA643,PCS1,Charles Forgy,50,28,0,2026-09-06 11:28:38
2026-09-06 11:23:29,DATA650,PCS1,Emre Gunduzhan,54,5,0,2026-09-06 11:28:39
2026-09-06 11:23:29,DATA650,PCS2,Emre Gunduzhan,54,8,0,2026-09-06 11:28:39
2026-09-06 11:23:29,ENAI600,0101,C Ravishankar,35,21,0,2026-09-06 11:29:06
2026-09-06 11:23:29,ENAI600,AEC1,C Ravishankar,20,4,0,2026-09-06 11:29:06
2026-09-06 11:23:29,ENAI601,0101,Richard La,35,23,0,2026-09-06 11:29:06
2026-09-06 11:23:29,ENAI601,AEC1,Richard La,20,6,0,2026-09-06 11:29:06
2026-09-06 11:23:29,ENAI607,0101,Zoltan Safar,29,24,0,2026-09-06 11:29:07
2026-09-06 11:23:29,ENAI607,AEC1,Zoltan Safar,20,9,0,2026-09-06 11:29:07
2026-09-06 11:23:29,ENBC301,ESG1,Sivan Saravanapavan,20,9,0,2026-09-06 11:29:08
2026-09-06 11:23:29,ENBC311,ESG1,Bahaa Ghammraoui,20,11,0,2026-09-06 11:29:08
2026-09-06 11:23:29,ENBC322,ESG1,Kyunghun Lee,20,11,0,2026-09-06 11:29:09
2026-09-06 11:23:29,ENBC331,ESG1,Lan Ma,20,10,0,2026-09-06 11:29:09
2026-09-06 11:23:29,ENBC332,ESG1,Jamasp Azarnoosh,20,11,0,2026-09-06 11:29:09
2026-09-06 11:23:29,ENBC341,ESG1,Jarred Callura,20,12,0,2026-09-06 11:29:10
2026-09-06 11:23:29,ENBC353,ESG1,Jarred Callura,20,15,0,2026-09-06 11:29:10
2026-09-06 11:23:29,ENBC399,ESG1,Nan Xu,1,1,0,2026-09-06 11:29:10
2026-09-06 11:23:29,ENBC399,ESG2,Lan Ma,1,0,0,2026-09-06 11:29:10
2026-09-06 11:23:29,ENBC399,ESG3,Jamasp Azarnoosh,1,0,0,2026-09-06 11:29:10
2026-09-06 11:23:29,ENBC399,ESG4,Lan Ma,1,0,0,2026-09-06 11:29:10
2026-09-06 11:23:29,ENBC399,ESG5,Jamasp Azarnoosh,1,0,0,2026-09-06 11:29:10
2026-09-06 11:23:29,ENBC399,ESG6,Jamasp Azarnoosh,1,0,0,2026-09-06 11:29:10
2026-09-06 11:23:29,ENBC399,ESG7,Jamasp Azarnoosh,1,1,0,2026-09-06 11:29:10
2026-09-06 11:23:29,ENBC423,ESG1,Jian Su,20,13,0,2026-09-06 11:29:10
2026-09-06 11:23:29,ENBC425,ESG1,Jamasp Azarnoosh,20,13,0,2026-09-06 11:29:11
2026-09-06 11:23:29,ENBC431,ESG1,Lan Ma,20,13,0,2026-09-06 11:29:11
2026-09-06 11:23:29,ENEB302,ESG1,Wesley Lawson,20,4,0,2026-09-06 11:29:24
2026-09-06 11:23:29,ENEB340,ESG1,Nestor Michael Tiglao,20,4,0,2026-09-06 11:29:25
2026-09-06 11:23:29,ENEB341,ESG1,Nestor Michael Tiglao,20,4,0,2026-09-06 11:29:25
2026-09-06 11:23:29,ENEB344,ESG1,Jerry Wu,20,4,0,2026-09-06 11:29:25
2026-09-06 11:23:29,ENEB346,ESG1,Nestor Michael Tiglao,20,13,0,2026-09-06 11:29:26
2026-09-06 11:23:29,ENEB354,ESG1,Yavuz Oruc,20,4,0,2026-09-06 11:29:26
2026-09-06 11:23:29,ENEB408A,ESG1,Nestor Michael Tiglao,20,13,0,2026-09-06 11:29:26
2026-09-06 11:23:29,ENEB444,ESG1,Manoj Franklin,20,13,0,2026-09-06 11:29:27
2026-09-06 11:23:29,ENEB454,ESG1,Jerry Wu,20,13,0,2026-09-06 11:29:27
2026-09-06 11:23:29,ENED036,0101,Hillary Owusu,20,7,0,2026-09-06 11:29:28
2026-09-06 11:23:29,ENED101,0101,Shannon Bate,20,1,0,2026-09-06 11:29:29
2026-09-06 11:23:29,ENED115,0101,Friedrich Alvarez,100,5,0,2026-09-06 11:29:29
2026-09-06 11:23:29,ENED215,0101,Tyler Huddleston,30,0,0,2026-09-06 11:29:30
2026-09-06 11:23:29,ENED215,0102,Samantha Sabihi,40,24,0,2026-09-06 11:29:30
2026-09-06 11:23:29,ENED215,0103,Paige Smith,6,0,0,2026-09-06 11:29:30
2026-09-06 11:23:29,ENED290H,0101,Christopher Troilo,46,1,0,2026-09-06 11:29:30
2026-09-06 11:23:29,ENED390H,0101,Tony Barber,50,13,0,2026-09-06 11:29:31
2026-09-06 11:23:29,ENED394H,0101,Manmohan Aseri,65,14,0,2026-09-06 11:29:31
2026-09-06 11:23:29,ENED397,0101,Emily Marks,9,0,0,2026-09-06 11:29:36
2026-09-06 11:23:29,ENED490H,0101,Maria Bardossy,45,1,0,2026-09-06 11:29:36
2026-09-06 11:23:29,ENED491,0101,Jessica Roffe,10,1,0,2026-09-06 11:29:36
2026-09-06 11:23:29,ENMT301,ESG1,Colleen Murray,15,8,0,2026-09-06 11:30:32
2026-09-06 11:23:29,ENMT322,ESG1,Norman Wereley,15,8,0,2026-09-06 11:30:32
2026-09-06 11:23:29,ENMT361,ESG1,Young Choi,15,8,0,2026-09-06 11:30:32
2026-09-06 11:23:29,ENMT380,ESG1,Gurtajbir Herr,15,8,0,2026-09-06 11:30:32
2026-09-06 11:23:29,ENMT450,ESG1,Nicholas Limparis,7,5,0,2026-09-06 11:30:33
2026-09-06 11:23:29,ENMT471,ESG1,Colleen Murray,7,5,0,2026-09-06 11:30:33
2026-09-06 11:23:29,ENMT473,ESG1,Gurtajbir Herr,7,4,0,2026-09-06 11:30:33
2026-09-06 11:23:29,ENMT483,ESG1,Nicholas Limparis,7,5,0,2026-09-06 11:30:34
2026-09-06 11:23:29,ENMT499,ESG4,Nicholas Limparis,2,0,0,2026-09-06 11:30:34
2026-09-06 11:23:29,ENSE621,0101,Tony Barber,22,17,0,2026-09-06 11:30:40
2026-09-06 11:23:29,ENSE621,SY01,Tony Barber,15,0,0,2026-09-06 11:30:40
2026-09-06 11:23:29,ENSE623,0101,Steven Biemer,17,14,0,2026-09-06 11:30:41
2026-09-06 11:23:29,ENSE623,SY01,Steven Biemer,15,11,0,2026-09-06 11:30:41
2026-09-06 11:23:29,ENSE626,0101,Dane Cooper,20,16,0,2026-09-06 11:30:41
2026-09-06 11:23:29,ENSE626,SY01,Dane Cooper,15,9,0,2026-09-06 11:30:41
2026-09-06 11:23:29,ENSP101,0101,Annette Spivy,25,0,0,2026-09-06 11:30:43
2026-09-06 11:23:29,ENSP101,0102,Annette Spivy,24,1,0,2026-09-06 11:30:43
2026-09-06 11:23:29,ENSP101,0103,Annette Spivy,24,2,0,2026-09-06 11:30:43
2026-09-06 11:23:29,ENSP101,0104,Annette Spivy,24,0,0,2026-09-06 11:30:43
2026-09-06 11:23:29,ENSP101,0105,Annette Spivy,25,0,0,2026-09-06 11:30:43
2026-09-06 11:23:29,ENSP101,0106,Annette Spivy,24,0,0,2026-09-06 11:30:43
2026-09-06 11:23:29,ENSP101,0107,Annette Spivy,24,0,1,2026-09-06 11:30:43
2026-09-06 11:23:29,ENSP101,FC01,Annette Spivy,32,4,0,2026-09-06 11:30:43
2026-09-06 11:23:29,ENSP305,0101,Annette Spivy,23,0,2,2026-09-06 11:30:43
2026-09-06 11:23:29,ENSP330,0101,Joanna Goger,35,0,0,2026-09-06 11:30:44
2026-09-06 11:23:29,ENSP340,0101,Caroline Boules,25,0,0,2026-09-06 11:30:44
2026-09-06 11:23:29,ENSP360,0101,Leena Malayil,25,0,4,2026-09-06 11:30:44
2026-09-06 11:23:29,ENSP399R,0601,Annette Spivy,10,10,0,2026-09-06 11:30:45
2026-09-06 11:23:29,ENSP399R,1001,Jennifer Mullinax,10,10,0,2026-09-06 11:30:45
2026-09-06 11:23:29,ENSP400,0101,Joanna Goger,35,13,0,2026-09-06 11:30:45
2026-09-06 11:23:29,ENSP400,0102,Joanna Goger,35,10,0,2026-09-06 11:30:45
2026-09-06 11:23:29,ENVH121,FC01,Brienna Anderson,20,12,0,2026-09-06 11:30:59
2026-09-06 11:23:29,ENVH381,0101,Donald Milton,30,10,0,2026-09-06 11:30:59
2026-09-06 11:23:29,FGSM310,0101,Peter Owen,24,0,0,2026-09-06 11:31:04
2026-09-06 11:23:29,FGSM315,0101,Emily Shetty,22,0,0,2026-09-06 11:31:04
2026-09-06 11:23:29,FGSM320,0101,Woodie Kessel,24,2,0,2026-09-06 11:31:04
2026-09-06 11:23:29,FGSM325,0101,Rob Long,20,1,0,2026-09-06 11:31:05
2026-09-06 11:23:29,FGSM330,0101,Andrew Fausett,22,1,0,2026-09-06 11:31:05
2026-09-06 11:23:29,FGSM340,0101,Ed Fendley,22,1,0,2026-09-06 11:31:05
2026-09-06 11:23:29,FGSM350,0101,Sean Misko,22,1,0,2026-09-06 11:31:05
2026-09-06 11:23:29,FGSM355,0101,Amanda Schoch,20,0,0,2026-09-06 11:31:06
2026-09-06 11:23:29,FGSM360,0101,Nadia Farra,21,0,0,2026-09-06 11:31:06
2026-09-06 11:23:29,FGSM365,0101,Andrew Nissen,20,2,0,2026-09-06 11:31:06
2026-09-06 11:23:29,FGSM370,0101,Joshua Glasser,20,0,0,2026-09-06 11:31:06
2026-09-06 11:23:29,FGSM390,0101,Sasha Koo-Oshima,20,3,0,2026-09-06 11:31:07
2026-09-06 11:23:29,FGSM398,0101,Jayakumar Arasan,25,22,0,2026-09-06 11:31:07
2026-09-06 11:23:29,FGSM398,0201,Jayakumar Arasan,5,1,0,2026-09-06 11:31:07
2026-09-06 11:23:29,FIRE120,0101,Jessica O'Hara,36,0,0,2026-09-06 11:31:08
2026-09-06 11:23:29,FIRE120,0102,Shannon Hilton,36,6,0,2026-09-06 11:31:08
2026-09-06 11:23:29,FIRE120,0103,Jaclyn Bruner,36,0,0,2026-09-06 11:31:08
2026-09-06 11:23:29,FIRE120,0104,Danielle Niu,36,0,0,2026-09-06 11:31:08
2026-09-06 11:23:29,FIRE120,0105,Cherisse Hall,36,0,0,2026-09-06 11:31:08
2026-09-06 11:23:29,FIRE120,0106,Sara Strey,36,0,0,2026-09-06 11:31:08
2026-09-06 11:23:29,FIRE120,0107,Helene Nguemgaing,36,1,0,2026-09-06 11:31:08
2026-09-06 11:23:29,FIRE120,0108,Mary Chey,36,1,0,2026-09-06 11:31:08
2026-09-06 11:23:29,FIRE120,0109,Shannon Hilton,36,0,0,2026-09-06 11:31:08
2026-09-06 11:23:29,FIRE120,0110,Lena Johnson,36,0,0,2026-09-06 11:31:08
2026-09-06 11:23:29,FIRE120,0111,Benjamin Huffman,36,0,0,2026-09-06 11:31:08
2026-09-06 11:23:29,FIRE120,0112,Mary Chey,36,0,0,2026-09-06 11:31:08
2026-09-06 11:23:29,FIRE120,0113,Elizabeth Massey,36,8,0,2026-09-06 11:31:08
2026-09-06 11:23:29,FIRE120,0114,Benjamin Huffman,36,0,0,2026-09-06 11:31:08
2026-09-06 11:23:29,FIRE120,FC01,Danielle Niu,40,0,11,2026-09-06 11:31:08
2026-09-06 11:23:29,FIRE298,0101,Catherine Spirito,28,3,0,2026-09-06 11:31:09
2026-09-06 11:23:29,FIRE298,0103,Cherisse Hall,36,8,0,2026-09-06 11:31:09
2026-09-06 11:23:29,FIRE298,0104,Jessica O'Hara,36,4,0,2026-09-06 11:31:09
2026-09-06 11:23:29,FIRE298,0105,Kaylee Bloom,36,7,0,2026-09-06 11:31:09
2026-09-06 11:23:29,FIRE298,0106,Danielle Niu,36,17,0,2026-09-06 11:31:09
2026-09-06 11:23:29,FIRE298,0107,Benjamin Huffman,40,0,0,2026-09-06 11:31:09
2026-09-06 11:23:29,FIRE298,0108,Elizabeth Massey,40,14,0,2026-09-06 11:31:09
2026-09-06 11:23:29,FIRE298,0109,Shannon Hilton,40,6,0,2026-09-06 11:31:09
2026-09-06 11:23:29,FIRE298,0110,Jaclyn Bruner,40,19,0,2026-09-06 11:31:09
2026-09-06 11:23:29,FIRE298,0111,Mary Chey,36,5,0,2026-09-06 11:31:09
2026-09-06 11:23:29,FIRE298,0112,Helene Nguemgaing,40,15,0,2026-09-06 11:31:09
2026-09-06 11:23:29,FIRE298,0113,Kristina Kramarczuk,40,10,0,2026-09-06 11:31:09
2026-09-06 11:23:29,FIRE298,0114,Shabnam Jabeen,40,22,0,2026-09-06 11:31:09
2026-09-06 11:23:29,FIRE298,0115,Sara Strey,40,14,0,2026-09-06 11:31:09
2026-09-06 11:23:29,FIRE298,0116,Lena Johnson,40,4,0,2026-09-06 11:31:09
2026-09-06 11:23:29,FIRE398,0101,Catherine Spirito,15,2,0,2026-09-06 11:31:09
2026-09-06 11:23:29,FIRE398,0103,Cherisse Hall,15,4,0,2026-09-06 11:31:09
2026-09-06 11:23:29,FIRE398,0104,Jessica O'Hara,15,1,0,2026-09-06 11:31:09
2026-09-06 11:23:29,FIRE398,0105,Kaylee Bloom,15,2,0,2026-09-06 11:31:09
2026-09-06 11:23:29,FIRE398,0106,Danielle Niu,15,10,0,2026-09-06 11:31:09
2026-09-06 11:23:29,FIRE398,0107,Benjamin Huffman,15,3,0,2026-09-06 11:31:09
2026-09-06 11:23:29,FIRE398,0108,Elizabeth Massey,15,6,0,2026-09-06 11:31:09
2026-09-06 11:23:29,FIRE398,0109,Shannon Hilton,15,6,0,2026-09-06 11:31:09
2026-09-06 11:23:29,FIRE398,0110,Jaclyn Bruner,15,9,0,2026-09-06 11:31:09
2026-09-06 11:23:29,FIRE398,0111,Mary Chey,15,3,0,2026-09-06 11:31:09
2026-09-06 11:23:29,FIRE398,0112,Helene Nguemgaing,15,15,0,2026-09-06 11:31:09
2026-09-06 11:23:29,FIRE398,0113,Kristina Kramarczuk,15,7,0,2026-09-06 11:31:09
2026-09-06 11:23:29,FIRE398,0114,Shabnam Jabeen,15,15,0,2026-09-06 11:31:09
2026-09-06 11:23:29,FIRE398,0115,Sara Strey,15,14,0,2026-09-06 11:31:09
2026-09-06 11:23:29,FIRE398,0116,Lena Johnson,15,11,0,2026-09-06 11:31:09
2026-09-06 11:23:29,GBHL200,0101,Hassanatu Blake,30,0,0,2026-09-06 11:31:24
2026-09-06 11:23:29,GBHL200,FC01,Zandra Andre,25,3,0,2026-09-06 11:31:24
2026-09-06 11:23:29,GBHL210,0101,Leena Malayil,25,9,0,2026-09-06 11:31:24
2026-09-06 11:23:29,GBHL399,0101,Hassanatu Blake,3,3,0,2026-09-06 11:31:25
2026-09-06 11:23:29,GBHL399,0111,Dina Borzekowski,5,5,0,2026-09-06 11:31:25
2026-09-06 11:23:29,GEMS101,0101,Allison Lansverk,10,1,0,2026-09-06 11:31:27
2026-09-06 11:23:29,GEMS101,0103,Allison Lansverk,10,0,0,2026-09-06 11:31:27
2026-09-06 11:23:29,GEMS101,0104,Allison Lansverk,10,0,0,2026-09-06 11:31:27
2026-09-06 11:23:29,GEMS101,0105,Allison Lansverk,10,0,0,2026-09-06 11:31:27
2026-09-06 11:23:29,GEMS101,0106,Allison Lansverk,10,0,0,2026-09-06 11:31:27
2026-09-06 11:23:29,GEMS101,0107,Allison Lansverk,10,0,0,2026-09-06 11:31:27
2026-09-06 11:23:29,GEMS101,0109,Allison Lansverk,10,0,0,2026-09-06 11:31:27
2026-09-06 11:23:29,GEMS101,0111,Allison Lansverk,10,0,0,2026-09-06 11:31:27
2026-09-06 11:23:29,GEMS101,0113,Allison Lansverk,10,0,0,2026-09-06 11:31:27
2026-09-06 11:23:29,GEMS101,0114,Allison Lansverk,10,1,0,2026-09-06 11:31:27
2026-09-06 11:23:29,GEMS202,0101,Allison Lansverk,168,43,0,2026-09-06 11:31:27
2026-09-06 11:23:29,GEMS208A,0101,Allison Lansverk,14,14,0,2026-09-06 11:31:27
2026-09-06 11:23:29,GEMS208B,0101,Allison Lansverk,14,14,0,2026-09-06 11:31:28
2026-09-06 11:23:29,GEMS208C,0101,Allison Lansverk,23,12,0,2026-09-06 11:31:28
2026-09-06 11:23:29,GEMS208D,0101,Allison Lansverk,10,10,0,2026-09-06 11:31:29
2026-09-06 11:23:29,GEMS208P,0101,Allison Lansverk,20,8,0,2026-09-06 11:31:29
2026-09-06 11:23:29,GEMS296,0101,Sehrish Shikarpurya,14,5,0,2026-09-06 11:31:29
2026-09-06 11:23:29,GEMS296,0102,David Lovell,14,1,0,2026-09-06 11:31:29
2026-09-06 11:23:29,GEMS296,0103,Myles Poulin,14,1,0,2026-09-06 11:31:29
2026-09-06 11:23:29,GEMS296,0104,Raymond Adomaitis,14,3,0,2026-09-06 11:31:29
2026-09-06 11:23:29,GEMS296,0105,Rodolphe Gentili,14,4,0,2026-09-06 11:31:29
2026-09-06 11:23:29,GEMS296,0106,Jared Grauer,14,6,0,2026-09-06 11:31:29
2026-09-06 11:23:29,GEMS296,0107,Fengfeng Ke,14,4,0,2026-09-06 11:31:29
2026-09-06 11:23:29,GEMS296,0108,Eric Silk,14,4,0,2026-09-06 11:31:29
2026-09-06 11:23:29,GEMS296,0109,Huang Chiao Huang,14,1,0,2026-09-06 11:31:29
2026-09-06 11:23:29,GEMS296,0110,Mengqiang Zhu,14,6,0,2026-09-06 11:31:29
2026-09-06 11:23:29,GEMS296,0111,Maria Molina,14,6,0,2026-09-06 11:31:29
2026-09-06 11:23:29,GEMS296,0112,Youssef Kousa,14,2,0,2026-09-06 11:31:29
2026-09-06 11:23:29,GEMS296,0113,Instructor: TBA,5,5,0,2026-09-06 11:31:29
2026-09-06 11:23:29,GEMS296,0114,Instructor: TBA,14,14,0,2026-09-06 11:31:29
2026-09-06 11:23:29,GEMS296,0115,David Lovell,5,5,0,2026-09-06 11:31:29
2026-09-06 11:23:29,GEMS297,0113,Instructor: TBA,5,5,0,2026-09-06 11:31:30
2026-09-06 11:23:29,GEMS396,0101,Michael Humber,14,7,0,2026-09-06 11:31:30
2026-09-06 11:23:29,GEMS396,0102,Joshua Weitz,14,2,0,2026-09-06 11:31:30
2026-09-06 11:23:29,GEMS396,0103,Cecilia Huertas Cerdeira,14,8,0,2026-09-06 11:31:30
2026-09-06 11:23:29,GEMS396,0104,Rodolphe Gentili,14,3,0,2026-09-06 11:31:30
2026-09-06 11:23:29,GEMS396,0105,Allison Reilly,14,5,0,2026-09-06 11:31:30
2026-09-06 11:23:29,GEMS396,0106,Peter Sunderland,14,5,0,2026-09-06 11:31:30
2026-09-06 11:23:29,GEMS396,0107,Brett Lacey,14,8,0,2026-09-06 11:31:30
2026-09-06 11:23:29,GEMS396,0108,Natalia Buzulukova,14,4,0,2026-09-06 11:31:30
2026-09-06 11:23:29,GEMS396,0109,Anil Deane,14,4,0,2026-09-06 11:31:30
2026-09-06 11:23:29,GEMS396,0110,Colenso Speer,14,3,0,2026-09-06 11:31:30
2026-09-06 11:23:29,GEMS396,0111,Instructor: TBA,14,14,0,2026-09-06 11:31:30
2026-09-06 11:23:29,GEMS396,0112,Instructor: TBA,14,14,0,2026-09-06 11:31:30
2026-09-06 11:23:29,GEMS396,0113,David Lovell,5,5,0,2026-09-06 11:31:30
2026-09-06 11:23:29,GEMS396,0114,David Lovell,5,5,0,2026-09-06 11:31:30
2026-09-06 11:23:29,GEMS397,0113,David Lovell,5,4,0,2026-09-06 11:31:31
2026-09-06 11:23:29,GEMS496,0101,Eric Haag,14,7,0,2026-09-06 11:31:31
2026-09-06 11:23:29,GEMS496,0102,Mohammad Nayeem Teli,14,11,0,2026-09-06 11:31:31
2026-09-06 11:23:29,GEMS496,0103,Norberto Gonzalez- Juarbe,14,4,0,2026-09-06 11:31:31
2026-09-06 11:23:29,GEMS496,0104,Abhinav Shrivastava,14,6,0,2026-09-06 11:31:31
2026-09-06 11:23:29,GEMS496,0105,Hector Alcala,14,4,0,2026-09-06 11:31:31
2026-09-06 11:23:29,GEMS496,0106,Massimo Ricotti,14,5,0,2026-09-06 11:31:31
2026-09-06 11:23:29,GEMS496,0107,Reza Ghodssi,14,7,0,2026-09-06 11:31:31
2026-09-06 11:23:29,GEMS496,0108,Nikhil Chopra,14,8,0,2026-09-06 11:31:31
2026-09-06 11:23:29,GEMS496,0109,Kimberly Stroka,14,5,0,2026-09-06 11:31:31
2026-09-06 11:23:29,GEMS496,0110,Gorjan Alagic,14,13,0,2026-09-06 11:31:31
2026-09-06 11:23:29,GEMS496,0111,Alisa Clyne,14,6,0,2026-09-06 11:31:31
2026-09-06 11:23:29,GEMS496,0112,Xin Zan,14,10,0,2026-09-06 11:31:31
2026-09-06 11:23:29,GEMS496,0113,Erin Tran,14,14,0,2026-09-06 11:31:31
2026-09-06 11:23:29,GEMS496,0114,David Lovell,5,5,0,2026-09-06 11:31:31
2026-09-06 11:23:29,GEMS497,0107,Instructor: TBA,14,14,0,2026-09-06 11:31:31
2026-09-06 11:23:29,GEMS497,0110,Instructor: TBA,5,5,0,2026-09-06 11:31:31
2026-09-06 11:23:29,GEMS497,0113,David Lovell,5,5,0,2026-09-06 11:31:31
2026-09-06 11:23:29,GFPL100,0101,Joshua Itzkowitz Shifrinson,20,0,0,2026-09-06 11:31:54
2026-09-06 11:23:29,GFPL100,0102,Joshua Itzkowitz Shifrinson,20,1,0,2026-09-06 11:31:54
2026-09-06 11:23:29,GFPL100,0103,Joshua Itzkowitz Shifrinson,20,0,0,2026-09-06 11:31:54
2026-09-06 11:23:29,GFPL100,0104,Joshua Itzkowitz Shifrinson,20,0,0,2026-09-06 11:31:54
2026-09-06 11:23:29,GFPL100,0105,Joshua Itzkowitz Shifrinson,20,2,0,2026-09-06 11:31:54
2026-09-06 11:23:29,GFPL100,0106,Joshua Itzkowitz Shifrinson,25,1,0,2026-09-06 11:31:54
2026-09-06 11:23:29,GFPL100,FC01,Devin Entrikin,30,0,1,2026-09-06 11:31:54
2026-09-06 11:23:29,GFPL102,0101,Caroline Ritter,95,25,0,2026-09-06 11:31:55
2026-09-06 11:23:29,GFPL371,0101,Joshua Itzkowitz Shifrinson,35,0,1,2026-09-06 11:31:55
2026-09-06 11:23:29,GFPL388A,0101,Shannon Carcelli,5,5,0,2026-09-06 11:31:55
2026-09-06 11:23:29,GFPL388B,0101,Hyunki Kim,5,5,0,2026-09-06 11:31:55
2026-09-06 11:23:29,GFPL388C,0101,Scott Kastner,5,0,0,2026-09-06 11:31:56
2026-09-06 11:23:29,GFPL390,0101,Lena Andrews,20,0,1,2026-09-06 11:31:56
2026-09-06 11:23:29,GFPL490,0101,Michael Woldemariam,15,1,0,2026-09-06 11:31:56
2026-09-06 11:23:29,GFPL492,0101,Steve Fetter,20,1,0,2026-09-06 11:31:57
2026-09-06 11:23:29,GLBC200,0101,Chris Lewis,30,1,0,2026-09-06 11:31:58
2026-09-06 11:23:29,GLBC350,0101,Michele Mason,30,27,0,2026-09-06 11:31:58
2026-09-06 11:23:29,HACS100,0101,Cassie Harrington,40,2,0,2026-09-06 11:32:11
2026-09-06 11:23:29,HACS100,0201,Cassie Harrington,40,14,0,2026-09-06 11:32:11
2026-09-06 11:23:29,HACS200,0101,Michel Cukier,34,10,0,2026-09-06 11:32:12
2026-09-06 11:23:29,HACS200,0201,Michel Cukier,34,1,0,2026-09-06 11:32:12
2026-09-06 11:23:29,HACS202,0101,Bertrand Sobesto,52,19,0,2026-09-06 11:32:12
2026-09-06 11:23:29,HACS208A,0101,Lawrence Gordon,20,0,2,2026-09-06 11:32:12
2026-09-06 11:23:29,HACS208C,0101,Lamia Zia,26,9,0,2026-09-06 11:32:13
2026-09-06 11:23:29,HACS208P,0101,Charles Harry,26,0,0,2026-09-06 11:32:13
2026-09-06 11:23:29,HACS297,0101,Sarah Herberger,25,5,0,2026-09-06 11:32:14
2026-09-06 11:23:29,HACS408E,0101,Luke Mains,30,11,0,2026-09-06 11:32:14
2026-09-06 11:23:29,HACS408L,0101,Ian Serbin,30,3,0,2026-09-06 11:32:14
2026-09-06 11:23:29,HACS408M,0101,John McGahagan,30,1,0,2026-09-06 11:32:15
2026-09-06 11:23:29,HACS498,0101,Thomas Woods,7,1,0,2026-09-06 11:32:15
2026-09-06 11:23:29,HACS498,0201,David Trott,9,0,0,2026-09-06 11:32:15
2026-09-06 11:23:29,HACS498,0301,Michel Cukier,8,0,0,2026-09-06 11:32:15
2026-09-06 11:23:29,HBUS100,0101,Jui Ramaprasad,72,4,0,2026-09-06 11:32:17
2026-09-06 11:23:29,HBUS200,0101,Nicole Coomber,60,1,0,2026-09-06 11:32:17
2026-09-06 11:23:29,HDCC105,0101,Antwon Key,70,7,0,2026-09-06 11:32:18
2026-09-06 11:23:29,HDCC201,0101,Jessica Lu,22,0,0,2026-09-06 11:32:19
2026-09-06 11:23:29,HDCC201,0201,Jessica Lu,22,0,0,2026-09-06 11:32:19
2026-09-06 11:23:29,HDCC201,0301,Jessica Lu,22,3,0,2026-09-06 11:32:19
2026-09-06 11:23:29,HDCC208A,0101,William Evans,14,0,0,2026-09-06 11:32:19
2026-09-06 11:23:29,HDCC208J,0101,Grant Bollmer,14,0,0,2026-09-06 11:32:19
2026-09-06 11:23:29,HDCC208P,0101,Cliff Bakalian,14,0,0,2026-09-06 11:32:19
2026-09-06 11:23:29,HDCC208T,0101,Jonathan Reyes,14,0,0,2026-09-06 11:32:20
2026-09-06 11:23:29,HDCC208Z,0101,M Sauter,14,7,0,2026-09-06 11:32:20
2026-09-06 11:23:29,HDCC379,0101,Antwon Key,5,4,0,2026-09-06 11:32:20
2026-09-06 11:23:29,HEBR106,0101,Avital Karpman,15,2,0,2026-09-06 11:32:22
2026-09-06 11:23:29,HEBR106,0201,Avital Karpman,15,6,0,2026-09-06 11:32:22
2026-09-06 11:23:29,HEBR206,0101,Avital Karpman,15,7,0,2026-09-06 11:32:22
2026-09-06 11:23:29,HEBR249C,0101,Aliza Sandalon,15,0,0,2026-09-06 11:32:22
2026-09-06 11:23:29,HEBR298B,0101,Matthew Suriano,25,0,0,2026-09-06 11:32:23
2026-09-06 11:23:29,HEBR313,0101,Aliza Sandalon,20,0,3,2026-09-06 11:32:23
2026-09-06 11:23:29,HGLO100,0101,Alfredo Oliveira,22,7,0,2026-09-06 11:32:36
2026-09-06 11:23:29,HGLO100,0102,Natalie Vinski Ibrahim,22,8,0,2026-09-06 11:32:36
2026-09-06 11:23:29,HGLO100,0103,Natalie Vinski Ibrahim,22,1,0,2026-09-06 11:32:36
2026-09-06 11:23:29,HGLO100,0104,Alfredo Oliveira,22,11,0,2026-09-06 11:32:36
2026-09-06 11:23:29,HGLO101,0101,Sarah Croco,23,2,0,2026-09-06 11:32:37
2026-09-06 11:23:29,HGLO101,0102,Sarah Croco,22,9,0,2026-09-06 11:32:37
2026-09-06 11:23:29,HGLO101,0103,Sarah Croco,22,5,0,2026-09-06 11:32:37
2026-09-06 11:23:29,HGLO101,0104,Sarah Croco,22,13,0,2026-09-06 11:32:37
2026-09-06 11:23:29,HGLO207,0101,Natalie Vinski Ibrahim,25,12,0,2026-09-06 11:32:37
2026-09-06 11:23:29,HGLO208,0101,Alfredo Oliveira,45,25,0,2026-09-06 11:32:37
2026-09-06 11:23:29,HGLO298,0101,Jordan Gouws-Dewar,30,25,0,2026-09-06 11:32:38
2026-09-06 11:23:29,HLSC100,0101,Jalah Townsend,24,3,0,2026-09-06 11:33:09
2026-09-06 11:23:29,HLSC100,0102,Jalah Townsend,24,2,0,2026-09-06 11:33:09
2026-09-06 11:23:29,HLSC100,0103,Jalah Townsend,24,4,0,2026-09-06 11:33:09
2026-09-06 11:23:29,HLSC100,0104,Jalah Townsend,24,7,0,2026-09-06 11:33:09
2026-09-06 11:23:29,HLSC280,0101,Najib El-Sayed,25,3,0,2026-09-06 11:33:09
2026-09-06 11:23:29,HLSC280,0102,Najib El-Sayed,25,4,0,2026-09-06 11:33:09
2026-09-06 11:23:29,HLSC280,0103,Najib El-Sayed,25,4,0,2026-09-06 11:33:09
2026-09-06 11:23:29,HLSC280,0104,Najib El-Sayed,25,9,0,2026-09-06 11:33:09
2026-09-06 11:23:29,HLSC329,0101,Sabrina Kramer,12,4,0,2026-09-06 11:33:10
2026-09-06 11:23:29,HNUH100,0101,Robert Graham,20,3,0,2026-09-06 11:33:23
2026-09-06 11:23:29,HNUH100,0102,Robert Graham,20,0,0,2026-09-06 11:33:23
2026-09-06 11:23:29,HNUH100,0103,Brittany Proudfoot Ginder,20,1,0,2026-09-06 11:33:23
2026-09-06 11:23:29,HNUH100,0104,Max Barnewitz,20,1,0,2026-09-06 11:33:23
2026-09-06 11:23:29,HNUH100,0105,Vasfiye Toprak,20,0,0,2026-09-06 11:33:23
2026-09-06 11:23:29,HNUH100,0106,Vasfiye Toprak,20,1,0,2026-09-06 11:33:23
2026-09-06 11:23:29,HNUH100,0201,Max Barnewitz,20,1,0,2026-09-06 11:33:23
2026-09-06 11:23:29,HNUH100,0202,Max Barnewitz,20,0,0,2026-09-06 11:33:23
2026-09-06 11:23:29,HNUH100,0203,Vasfiye Toprak,20,1,0,2026-09-06 11:33:23
2026-09-06 11:23:29,HNUH100,0204,Vasfiye Toprak,20,0,0,2026-09-06 11:33:23
2026-09-06 11:23:29,HNUH100,0205,Ayondela McDole,20,2,0,2026-09-06 11:33:23
2026-09-06 11:23:29,HNUH100,0206,Ayondela McDole,20,0,0,2026-09-06 11:33:23
2026-09-06 11:23:29,HNUH100,0301,Robert Graham,20,1,0,2026-09-06 11:33:23
2026-09-06 11:23:29,HNUH100,0302,Shauna Rigaud,20,8,0,2026-09-06 11:33:23
2026-09-06 11:23:29,HNUH100,0303,Shauna Rigaud,20,1,0,2026-09-06 11:33:23
2026-09-06 11:23:29,HNUH100,0304,Max Barnewitz,20,3,0,2026-09-06 11:33:23
2026-09-06 11:23:29,HNUH100,0305,Vasfiye Toprak,20,0,0,2026-09-06 11:33:23
2026-09-06 11:23:29,HNUH100,0306,Vasfiye Toprak,20,2,0,2026-09-06 11:33:23
2026-09-06 11:23:29,HNUH100,0401,Gretchen Bella,20,0,0,2026-09-06 11:33:23
2026-09-06 11:23:29,HNUH100,0402,Gretchen Bella,20,6,0,2026-09-06 11:33:23
2026-09-06 11:23:29,HNUH100,0403,Max Barnewitz,20,1,0,2026-09-06 11:33:23
2026-09-06 11:23:29,HNUH100,0404,Ayondela McDole,20,6,0,2026-09-06 11:33:23
2026-09-06 11:23:29,HNUH100,0405,Ayondela McDole,20,0,0,2026-09-06 11:33:23
2026-09-06 11:23:29,HNUH100,0406,Ayondela McDole,20,4,0,2026-09-06 11:33:23
2026-09-06 11:23:29,HNUH100,0501,Leigha McReynolds,10,3,0,2026-09-06 11:33:23
2026-09-06 11:23:29,HNUH100,0601,Brittany Proudfoot Ginder,20,0,0,2026-09-06 11:33:23
2026-09-06 11:23:29,HNUH218D,0101,Brian Gilmore,48,0,2,2026-09-06 11:33:23
2026-09-06 11:23:29,HNUH218L,0101,Shauna Rigaud,20,0,0,2026-09-06 11:33:24
2026-09-06 11:23:29,HNUH218L,0201,Shauna Rigaud,20,0,1,2026-09-06 11:33:24
2026-09-06 11:23:29,HNUH228D,0101,Matthew McLaughlin,60,0,0,2026-09-06 11:33:24
2026-09-06 11:23:29,HNUH228L,0101,Alena Wigodner,20,0,0,2026-09-06 11:33:24
2026-09-06 11:23:29,HNUH228L,0201,Alena Wigodner,20,0,0,2026-09-06 11:33:24
2026-09-06 11:23:29,HNUH228N,0101,Peter Grybauskas,20,0,0,2026-09-06 11:33:24
2026-09-06 11:23:29,HNUH229I,0101,Gretchen Bella,20,0,0,2026-09-06 11:33:25
2026-09-06 11:23:29,HNUH238D,0101,Susan Moeller,60,0,0,2026-09-06 11:33:25
2026-09-06 11:23:29,HNUH238L,0101,Kimberly Johnson,20,2,0,2026-09-06 11:33:25
2026-09-06 11:23:29,HNUH238L,0201,Kimberly Johnson,20,0,0,2026-09-06 11:33:25
2026-09-06 11:23:29,HNUH238N,0101,Hannah Wegmann,20,6,0,2026-09-06 11:33:26
2026-09-06 11:23:29,HNUH239T,0101,Gerald Suarez,20,0,0,2026-09-06 11:33:26
2026-09-06 11:23:29,HNUH248D,0101,Juan Uriagereka,45,0,0,2026-09-06 11:33:26
2026-09-06 11:23:29,HNUH248L,0201,Robert Graham,20,6,0,2026-09-06 11:33:26
2026-09-06 11:23:29,HNUH248M,0101,Hassanatu Blake,20,13,0,2026-09-06 11:33:27
2026-09-06 11:23:29,HNUH248N,0101,Siv Lie,20,0,2,2026-09-06 11:33:27
2026-09-06 11:23:29,HNUH249P,0101,Temim Nusraty,20,2,0,2026-09-06 11:33:27
2026-09-06 11:23:29,HNUH258C,0101,Bill Fagan,55,27,0,2026-09-06 11:33:27
2026-09-06 11:23:29,HNUH258Q,0101,Tiara Thomas,20,1,0,2026-09-06 11:33:28
2026-09-06 11:23:29,HNUH259P,0101,Hooman Koliji,20,2,0,2026-09-06 11:33:28
2026-09-06 11:23:29,HNUH268C,0101,Perla Guerrero,60,35,0,2026-09-06 11:33:28
2026-09-06 11:23:29,HNUH269P,0101,Marisa Franco,20,0,2,2026-09-06 11:33:28
2026-09-06 11:23:29,HNUH278C,0101,Chinyere Osuji,60,38,0,2026-09-06 11:33:29
2026-09-06 11:23:29,HNUH278I,0101,Marisa Franco,20,4,0,2026-09-06 11:33:29
2026-09-06 11:23:29,HNUH278I,0102,Marisa Franco,20,1,0,2026-09-06 11:33:29
2026-09-06 11:23:29,HNUH278R,0101,Max Barnewitz,20,3,0,2026-09-06 11:33:29
2026-09-06 11:23:29,HNUH288C,0101,Julia Steinberg,30,3,0,2026-09-06 11:33:30
2026-09-06 11:23:29,HNUH288C,0103,Julia Steinberg,30,9,0,2026-09-06 11:33:30
2026-09-06 11:23:29,HNUH288O,0101,Ariana Nash,20,1,0,2026-09-06 11:33:30
2026-09-06 11:23:29,HNUH300,0301,Vasfiye Toprak,20,0,0,2026-09-06 11:33:30
2026-09-06 11:23:29,HNUH300,0401,Robert Graham,20,0,0,2026-09-06 11:33:30
2026-09-06 11:23:29,HNUH300,0601,Alena Wigodner,20,0,0,2026-09-06 11:33:30
2026-09-06 11:23:29,HNUH300,0701,Ingrid Satelmajer,20,13,0,2026-09-06 11:33:30
2026-09-06 11:23:29,HNUH300,0801,Shauna Rigaud,20,0,0,2026-09-06 11:33:30
2026-09-06 11:23:29,HNUH300,0901,Kimberly Johnson,20,5,0,2026-09-06 11:33:30
2026-09-06 11:23:29,HNUH300,1001,Ingrid Satelmajer,20,14,0,2026-09-06 11:33:30
2026-09-06 11:23:29,HNUH318T,0101,Peter Owen,24,0,0,2026-09-06 11:33:30
2026-09-06 11:23:29,HNUH319T,0101,Emily Shetty,22,0,0,2026-09-06 11:33:31
2026-09-06 11:23:29,HNUH328T,0101,Woodie Kessel,24,2,0,2026-09-06 11:33:31
2026-09-06 11:23:29,HNUH329T,0101,Rob Long,20,1,0,2026-09-06 11:33:31
2026-09-06 11:23:29,HNUH338T,0101,Andrew Fausett,22,1,0,2026-09-06 11:33:31
2026-09-06 11:23:29,HNUH348T,0101,Ed Fendley,22,1,0,2026-09-06 11:33:32
2026-09-06 11:23:29,HNUH358T,0101,Sean Misko,22,1,0,2026-09-06 11:33:32
2026-09-06 11:23:29,HNUH359T,0101,Amanda Schoch,20,0,0,2026-09-06 11:33:32
2026-09-06 11:23:29,HNUH368T,0101,Nadia Farra,21,0,0,2026-09-06 11:33:32
2026-09-06 11:23:29,HNUH369T,0101,Andrew Nissen,20,2,0,2026-09-06 11:33:33
2026-09-06 11:23:29,HNUH378T,0101,Joshua Glasser,20,0,0,2026-09-06 11:33:33
2026-09-06 11:23:29,HNUH398P,0101,Jayakumar Arasan,25,22,0,2026-09-06 11:33:33
2026-09-06 11:23:29,HNUH398P,0201,Jayakumar Arasan,5,1,0,2026-09-06 11:33:33
2026-09-06 11:23:29,HNUH398T,0101,Sasha Koo-Oshima,20,3,0,2026-09-06 11:33:33
2026-09-06 11:23:29,HONR368A,0101,Blake Wilder,22,1,0,2026-09-06 11:33:35
2026-09-06 11:23:29,IMDM101,0101,Mollye Bendell,30,15,0,2026-09-06 11:33:39
2026-09-06 11:23:29,IMDM101,0201,Myungin Lee,30,17,0,2026-09-06 11:33:39
2026-09-06 11:23:29,IMDM101,0301,Myungin Lee,30,23,0,2026-09-06 11:33:39
2026-09-06 11:23:29,IMDM127,0101,Roger Eastman,36,19,0,2026-09-06 11:33:39
2026-09-06 11:23:29,IMDM150,0101,Stefano Passeri,30,16,0,2026-09-06 11:33:40
2026-09-06 11:23:29,IMDM227,0101,Stevens Miller,30,1,0,2026-09-06 11:33:40
2026-09-06 11:23:29,IMDM227,0201,Stevens Miller,30,19,0,2026-09-06 11:33:40
2026-09-06 11:23:29,IMDM327,0101,Myungin Lee,25,0,0,2026-09-06 11:33:40
2026-09-06 11:23:29,IMDM350,0101,Jason Farman,29,12,0,2026-09-06 11:33:40
2026-09-06 11:23:29,IMDM490,0101,Matthew Nolan,30,0,0,2026-09-06 11:33:41
2026-09-06 11:23:29,IMDM490,0201,Matthew Nolan,30,16,0,2026-09-06 11:33:41
2026-09-06 11:23:29,IMDM498K,0101,Matthew Nolan,15,0,0,2026-09-06 11:33:41
2026-09-06 11:23:29,IMMR319D,0101,Beka Guluma,20,12,0,2026-09-06 11:33:43
2026-09-06 11:23:29,IMMR394,0101,Wenxi Yang,30,2,0,2026-09-06 11:33:43
2026-09-06 11:23:29,IMMR399,0101,Instructor: TBA,2,2,0,2026-09-06 11:33:44
2026-09-06 11:23:29,IMMR400,0101,Gerson Rosales,20,2,0,2026-09-06 11:33:44
2026-09-06 11:23:29,ISRL249J,0101,Aner Tal,30,24,0,2026-09-06 11:33:55
2026-09-06 11:23:29,ISRL249M,0101,Aliza Sandalon,15,0,0,2026-09-06 11:33:55
2026-09-06 11:23:29,ISRL283,0101,Shay Hazkani,35,2,0,2026-09-06 11:33:55
2026-09-06 11:23:29,ISRL349G,0101,Marwa Maziad,30,2,0,2026-09-06 11:33:55
2026-09-06 11:23:29,ISRL349K,0101,Regev Ben-David,30,23,0,2026-09-06 11:33:56
2026-09-06 11:23:29,ISRL349T,0101,Elli Lieberman,35,20,0,2026-09-06 11:33:56
2026-09-06 11:23:29,ISRL349Y,0101,Adina Friedman,35,26,0,2026-09-06 11:33:56
2026-09-06 11:23:29,ISRL382,0101,Ilai Saltzman,35,0,0,2026-09-06 11:33:57
2026-09-06 11:23:29,ISRL448R,0101,Morad Elsana,25,9,0,2026-09-06 11:33:57
2026-09-06 11:23:29,ITAL103,0101,Antonella D'Amario,18,14,0,2026-09-06 11:33:59
2026-09-06 11:23:29,ITAL103,0201,Antonella D'Amario,18,5,0,2026-09-06 11:33:59
2026-09-06 11:23:29,ITAL103,0301,Joseph Falvo,18,7,0,2026-09-06 11:33:59
2026-09-06 11:23:29,ITAL203,0101,Antonella D'Amario,18,9,0,2026-09-06 11:33:59
2026-09-06 11:23:29,ITAL203,0201,Antonella D'Amario,18,13,0,2026-09-06 11:33:59
2026-09-06 11:23:29,ITAL204,0101,Federica Soddu,18,14,0,2026-09-06 11:33:59
2026-09-06 11:23:29,ITAL207,0101,Mirella Vaglio,18,17,0,2026-09-06 11:33:59
2026-09-06 11:23:29,ITAL301,0101,Federica Soddu,20,12,0,2026-09-06 11:34:00
2026-09-06 11:23:29,ITAL362,0101,Federica Soddu,20,11,0,2026-09-06 11:34:00
2026-09-06 11:23:29,ITAL401,0101,Mirella Vaglio,15,12,0,2026-09-06 11:34:01
2026-09-06 11:23:29,ITAL421,0101,Joseph Falvo,25,14,0,2026-09-06 11:34:01
2026-09-06 11:23:29,ITAL478R,0101,Joseph Falvo,5,3,0,2026-09-06 11:34:01
2026-09-06 11:23:29,JAPN101,0101,Kumiko Akikawa,15,3,0,2026-09-06 11:34:03
2026-09-06 11:23:29,JAPN101,0201,Kumiko Akikawa,15,6,0,2026-09-06 11:34:03
2026-09-06 11:23:29,JAPN101,0301,Kumiko Akikawa,15,5,0,2026-09-06 11:34:03
2026-09-06 11:23:29,JAPN201,0101,Makiko Inoue,15,5,0,2026-09-06 11:34:03
2026-09-06 11:23:29,JAPN201,0201,Makiko Inoue,15,8,0,2026-09-06 11:34:03
2026-09-06 11:23:29,JAPN301,0101,Mari Hamada,15,9,0,2026-09-06 11:34:04
2026-09-06 11:23:29,JAPN311,0101,Jyana Browne,15,11,0,2026-09-06 11:34:04
2026-09-06 11:23:29,JAPN315,0101,Michele Mason,20,4,0,2026-09-06 11:34:04
2026-09-06 11:23:29,JAPN320,0101,Lindsay Yotsukura,15,9,0,2026-09-06 11:34:04
2026-09-06 11:23:29,JAPN498B,0101,Jyana Browne,20,2,0,2026-09-06 11:34:05
2026-09-06 11:23:29,KORA101,0101,Saerom Kwak,15,0,1,2026-09-06 11:34:45
2026-09-06 11:23:29,KORA101,0201,Saerom Kwak,15,3,0,2026-09-06 11:34:45
2026-09-06 11:23:29,KORA101,0301,Saerom Kwak,15,6,0,2026-09-06 11:34:45
2026-09-06 11:23:29,KORA101,0401,Saerom Kwak,15,5,0,2026-09-06 11:34:45
2026-09-06 11:23:29,KORA201,0101,Seong Minne Koh,15,4,0,2026-09-06 11:34:45
2026-09-06 11:23:29,KORA201,0201,Seong Minne Koh,15,5,0,2026-09-06 11:34:45
2026-09-06 11:23:29,KORA201,0301,Seong Minne Koh,15,8,0,2026-09-06 11:34:45
2026-09-06 11:23:29,KORA398G,0101,Instructor: TBA,10,7,0,2026-09-06 11:34:45
2026-09-06 11:23:29,KORA398W,0101,Seong Minne Koh,10,4,0,2026-09-06 11:34:45
2026-09-06 11:23:29,LEAD217,0101,Festus Ainoo,25,0,0,2026-09-06 11:35:00
2026-09-06 11:23:29,LEAD217,0201,Adrian Bitton,25,0,0,2026-09-06 11:35:00
2026-09-06 11:23:29,LEAD217,FC01,Festus Ainoo,22,0,0,2026-09-06 11:35:00
2026-09-06 11:23:29,LEAD305,0101,Anastasia Lavrenyuk,20,4,0,2026-09-06 11:35:01
2026-09-06 11:23:29,LEAD315,0101,Anastasia Lavrenyuk,25,11,0,2026-09-06 11:35:01
2026-09-06 11:23:29,LEAD320,0101,Courtney Holder,10,9,0,2026-09-06 11:35:01
2026-09-06 11:23:29,LGBT200,0201,Basanth Babu,25,0,5,2026-09-06 11:35:03
2026-09-06 11:23:29,LGBT265,0101,Tyra Griffin,30,4,0,2026-09-06 11:35:03
2026-09-06 11:23:29,LGBT265,0201,Declan Langton,30,2,0,2026-09-06 11:35:03
2026-09-06 11:23:29,LGBT359J,0101,Chris Eng,25,14,0,2026-09-06 11:35:03
2026-09-06 11:23:29,MLAW100,0101,Christine White,83,14,0,2026-09-06 11:35:38
2026-09-06 11:23:29,MLAW304,0201,Christine White,65,16,0,2026-09-06 11:35:38
2026-09-06 11:23:29,MLAW305,0101,Brian Gilmore,40,2,0,2026-09-06 11:35:39
2026-09-06 11:23:29,MLAW315,0101,Grace Benton,13,3,0,2026-09-06 11:35:39
2026-09-06 11:23:29,MLAW358Q,0101,David Cunningham,0,0,0,2026-09-06 11:35:40
2026-09-06 11:23:29,MLAW358T,0101,Christine White,25,5,0,2026-09-06 11:35:40
2026-09-06 11:23:29,MLAW358X,0101,Martin Kobren,5,0,0,2026-09-06 11:35:40
2026-09-06 11:23:29,MLAW359,0101,Brandee Pettus,10,4,0,2026-09-06 11:35:41
2026-09-06 11:23:29,MLAW378E,0101,Brandee Pettus,5,5,0,2026-09-06 11:35:41
2026-09-06 11:23:29,MLAW378K,0101,Brian Gilmore,20,0,0,2026-09-06 11:35:41
2026-09-06 11:23:29,MLAW378Q,0101,Paul Huth,2,0,1,2026-09-06 11:35:42
2026-09-06 11:23:29,MLAW378R,0101,Nancy Schertzing,13,2,0,2026-09-06 11:35:42
2026-09-06 11:23:29,MLAW388,0101,Brandee Pettus,40,21,0,2026-09-06 11:35:42
2026-09-06 11:23:29,MLSC250,FC01,William Simpson,24,5,0,2026-09-06 11:35:44
2026-09-06 11:23:29,NEUR200,0101,Ana Navarro Cebrian,80,8,0,2026-09-06 11:36:07
2026-09-06 11:23:29,NEUR200,0201,Ana Navarro Cebrian,80,0,2,2026-09-06 11:36:07
2026-09-06 11:23:29,NEUR200,0301,Evan Hart,80,0,0,2026-09-06 11:36:07
2026-09-06 11:23:29,NEUR305,0101,Amanda Chicoli,100,12,0,2026-09-06 11:36:07
2026-09-06 11:23:29,NEUR306,0101,Chan Lin,200,7,0,2026-09-06 11:36:07
2026-09-06 11:23:29,NEUR398H,0101,Nikolas Francis,20,2,0,2026-09-06 11:36:08
2026-09-06 11:23:29,NEUR405,0101,Hilary Bierman,20,0,0,2026-09-06 11:36:09
2026-09-06 11:23:29,NEUR405,0102,Hilary Bierman,20,1,0,2026-09-06 11:36:09
2026-09-06 11:23:29,NEUR405,0103,Hilary Bierman,20,0,0,2026-09-06 11:36:09
2026-09-06 11:23:29,PEER312,0101,Aleia Gardner,15,8,0,2026-09-06 11:36:22
2026-09-06 11:23:29,PEER318,0101,Christina Jay,15,11,0,2026-09-06 11:36:22
2026-09-06 11:23:29,PEER319,0101,Grace Boudreau,15,7,0,2026-09-06 11:36:23
2026-09-06 11:23:29,PHPE308D,0101,Xinzhi Zhao,30,7,0,2026-09-06 11:36:36
2026-09-06 11:23:29,PHPE308F,0101,Regev Ben-David,30,23,0,2026-09-06 11:36:36
2026-09-06 11:23:29,PHPE308M,0101,Hallie Liberto,30,17,0,2026-09-06 11:36:37
2026-09-06 11:23:29,PHPE308O,0101,Jackson Iszler,30,0,1,2026-09-06 11:36:37
2026-09-06 11:23:29,PHPE308Y,0101,Rachel Singpurwalla,20,1,0,2026-09-06 11:36:37
2026-09-06 11:23:29,PHPE308Y,0102,Rachel Singpurwalla,20,0,2,2026-09-06 11:36:37
2026-09-06 11:23:29,PHPE308Y,0103,Rachel Singpurwalla,20,0,1,2026-09-06 11:36:37
2026-09-06 11:23:29,PHPE400,0101,Justin Helms,18,1,0,2026-09-06 11:36:38
2026-09-06 11:23:29,PHPE400,0102,Justin Helms,18,1,0,2026-09-06 11:36:38
2026-09-06 11:23:29,PHPE400,0103,Justin Helms,20,1,0,2026-09-06 11:36:38
2026-09-06 11:23:29,PHPE401,0101,Xinzhi Zhao,25,0,8,2026-09-06 11:36:38
2026-09-06 11:23:29,PHPE402,0101,Dan Moller,30,0,0,2026-09-06 11:36:38
2026-09-06 11:23:29,PHPE408J,0101,Lixing Miao,25,0,0,2026-09-06 11:36:38
2026-09-06 11:23:29,PHPE408R,0101,Xinzhi Zhao,25,9,0,2026-09-06 11:36:39
2026-09-06 11:23:29,PHSC388J,0101,Kendall Bustad,20,6,0,2026-09-06 11:36:40
2026-09-06 11:23:29,PHSC389,0101,Shannon Edward,30,14,0,2026-09-06 11:36:41
2026-09-06 11:23:29,PHSC399,0101,Shannon Edward,30,9,0,2026-09-06 11:36:41
2026-09-06 11:23:29,PHSC415,0101,Jessica O'Hara,31,0,1,2026-09-06 11:36:41
2026-09-06 11:23:29,PHSC415,0102,Jessica O'Hara,31,0,1,2026-09-06 11:36:41
2026-09-06 11:23:29,PHSC415,0103,Jessica O'Hara,31,0,1,2026-09-06 11:36:41
2026-09-06 11:23:29,PHSC415,0104,Jessica O'Hara,31,0,1,2026-09-06 11:36:41
2026-09-06 11:23:29,PHSC415,0105,Jessica O'Hara,31,0,1,2026-09-06 11:36:41
2026-09-06 11:23:29,PHSC420,0101,Jennifer German,35,3,0,2026-09-06 11:36:41
2026-09-06 11:23:29,PHSC450,0101,Kendall Bustad,20,0,3,2026-09-06 11:36:42
2026-09-06 11:23:29,PHSC450,0102,Kendall Bustad,20,0,2,2026-09-06 11:36:42
2026-09-06 11:23:29,PHSC450,0103,Kendall Bustad,20,0,1,2026-09-06 11:36:42
2026-09-06 11:23:29,PHSC450,0104,Kendall Bustad,20,0,2,2026-09-06 11:36:42
2026-09-06 11:23:29,PHSC450,0105,Kendall Bustad,20,0,1,2026-09-06 11:36:42
2026-09-06 11:23:29,PHSC450,0106,Kendall Bustad,20,0,0,2026-09-06 11:36:42
2026-09-06 11:23:29,PHSC450,0107,Kendall Bustad,20,0,2,2026-09-06 11:36:42
2026-09-06 11:23:29,PHSC450,0108,Kendall Bustad,20,0,3,2026-09-06 11:36:42
2026-09-06 11:23:29,PHSC497,0101,Kendall Bustad,20,2,0,2026-09-06 11:36:42
2026-09-06 11:23:29,PHSC497,0301,Shannon Edward,20,3,0,2026-09-06 11:36:42
2026-09-06 11:23:29,PHSC497,0601,Jennifer German,20,2,0,2026-09-06 11:36:42
2026-09-06 11:23:29,PLCY100,0101,Toby Egan,25,0,1,2026-09-06 11:37:03
2026-09-06 11:23:29,PLCY100,0102,Toby Egan,25,0,0,2026-09-06 11:37:03
2026-09-06 11:23:29,PLCY100,0103,Toby Egan,25,0,0,2026-09-06 11:37:03
2026-09-06 11:23:29,PLCY100,0104,Toby Egan,25,0,0,2026-09-06 11:37:03
2026-09-06 11:23:29,PLCY100,0201,Namrta Sharma,25,12,0,2026-09-06 11:37:03
2026-09-06 11:23:29,PLCY100,0202,Namrta Sharma,25,15,0,2026-09-06 11:37:03
2026-09-06 11:23:29,PLCY100,0203,Namrta Sharma,25,0,0,2026-09-06 11:37:03
2026-09-06 11:23:29,PLCY100,0204,Namrta Sharma,25,10,0,2026-09-06 11:37:03
2026-09-06 11:23:29,PLCY101,0101,Robert Sprinkle,75,0,1,2026-09-06 11:37:03
2026-09-06 11:23:29,PLCY170,0101,Joshua Itzkowitz Shifrinson,20,0,0,2026-09-06 11:37:03
2026-09-06 11:23:29,PLCY170,0102,Joshua Itzkowitz Shifrinson,20,1,0,2026-09-06 11:37:03
2026-09-06 11:23:29,PLCY170,0103,Joshua Itzkowitz Shifrinson,20,0,0,2026-09-06 11:37:03
2026-09-06 11:23:29,PLCY170,0104,Joshua Itzkowitz Shifrinson,20,0,0,2026-09-06 11:37:03
2026-09-06 11:23:29,PLCY170,0105,Joshua Itzkowitz Shifrinson,20,2,0,2026-09-06 11:37:03
2026-09-06 11:23:29,PLCY170,0106,Joshua Itzkowitz Shifrinson,25,1,0,2026-09-06 11:37:03
2026-09-06 11:23:29,PLCY172,0101,Caroline Ritter,95,25,0,2026-09-06 11:37:04
2026-09-06 11:23:29,PLCY200,0101,Shanna Pearson-Merkowitz,35,0,2,2026-09-06 11:37:04
2026-09-06 11:23:29,PLCY200,0201,Shanna Pearson-Merkowitz,35,0,2,2026-09-06 11:37:04
2026-09-06 11:23:29,PLCY200,0301,Namrta Sharma,35,0,3,2026-09-06 11:37:04
2026-09-06 11:23:29,PLCY201,0101,Julio Guzman,70,0,0,2026-09-06 11:37:04
2026-09-06 11:23:29,PLCY201,0201,Gregory Ramsay,60,0,0,2026-09-06 11:37:04
2026-09-06 11:23:29,PLCY201,FC01,Anne Kaiser,32,1,0,2026-09-06 11:37:04
2026-09-06 11:23:29,PLCY201,FC02,Anne Kaiser,32,6,0,2026-09-06 11:37:04
2026-09-06 11:23:29,PLCY201S,0101,Susannah Washburn,80,4,0,2026-09-06 11:37:04
2026-09-06 11:23:29,PLCY203,0101,Thomas Hilde,60,7,0,2026-09-06 11:37:05
2026-09-06 11:23:29,PLCY203,0201,Anne Kaiser,60,38,0,2026-09-06 11:37:05
2026-09-06 11:23:29,PLCY213,0201,Claire Dunning,40,5,0,2026-09-06 11:37:05
2026-09-06 11:23:29,PLCY214,0101,Patricia Bory,65,20,0,2026-09-06 11:37:05
2026-09-06 11:23:29,PLCY240,0101,Timothy Reedy,30,0,0,2026-09-06 11:37:06
2026-09-06 11:23:29,PLCY288K,0101,CHRISTIAN OSTERMANN,25,2,0,2026-09-06 11:37:06
2026-09-06 11:23:29,PLCY300,0101,Alana Hackshaw,45,0,6,2026-09-06 11:37:06
2026-09-06 11:23:29,PLCY300,0201,Namrta Sharma,45,30,0,2026-09-06 11:37:06
2026-09-06 11:23:29,PLCY301,0101,Caroline Boules,165,7,0,2026-09-06 11:37:06
2026-09-06 11:23:29,PLCY302,0101,Niambi Carter,40,1,0,2026-09-06 11:37:07
2026-09-06 11:23:29,PLCY302,0201,Ebonie Johnson Cooper,40,2,0,2026-09-06 11:37:07
2026-09-06 11:23:29,PLCY302,0301,Lindsay Dieudonne,40,0,1,2026-09-06 11:37:07
2026-09-06 11:23:29,PLCY303,0101,Juan Martinez Guzman,40,4,0,2026-09-06 11:37:07
2026-09-06 11:23:29,PLCY304,0101,Michael Busse,40,11,0,2026-09-06 11:37:07
2026-09-06 11:23:29,PLCY304,0201,Michael Busse,40,12,0,2026-09-06 11:37:07
2026-09-06 11:23:29,PLCY309,0101,Martin Sanders,30,25,0,2026-09-06 11:37:08
2026-09-06 11:23:29,PLCY310,0101,Selvon Waldron,35,15,0,2026-09-06 11:37:08
2026-09-06 11:23:29,PLCY313,0101,Gerard Evans,100,2,0,2026-09-06 11:37:08
2026-09-06 11:23:29,PLCY371,0101,Joshua Itzkowitz Shifrinson,35,0,1,2026-09-06 11:37:09
2026-09-06 11:23:29,PLCY380,0101,Isabel O'Malley,40,3,0,2026-09-06 11:37:09
2026-09-06 11:23:29,PLCY380,ESG1,Kisha McNeill,30,1,0,2026-09-06 11:37:09
2026-09-06 11:23:29,PLCY388A,0101,Brandi Onowu,40,8,0,2026-09-06 11:37:09
2026-09-06 11:23:29,PLCY388N,0101,Nina Harris,25,2,0,2026-09-06 11:37:10
2026-09-06 11:23:29,PLCY390,0101,Lena Andrews,20,0,1,2026-09-06 11:37:10
2026-09-06 11:23:29,PLCY399B,0101,Beatrice DeBelen,30,19,0,2026-09-06 11:37:10
2026-09-06 11:23:29,PLCY400,0101,Patricia Bory,25,2,0,2026-09-06 11:37:11
2026-09-06 11:23:29,PLCY401,0101,Anand Patwardhan,20,5,0,2026-09-06 11:37:11
2026-09-06 11:23:29,PLCY401,0201,Tracy Thompson,20,0,0,2026-09-06 11:37:11
2026-09-06 11:23:29,PLCY401,0301,David Mussington,20,9,0,2026-09-06 11:37:11
2026-09-06 11:23:29,PLCY490,0101,Michael Woldemariam,15,1,0,2026-09-06 11:37:12
2026-09-06 11:23:29,PLCY492,0101,Steve Fetter,20,1,0,2026-09-06 11:37:12
2026-09-06 11:23:29,PLCY610,0201,Alec Worsnop,40,8,0,2026-09-06 11:37:12
2026-09-06 11:23:29,PLCY630,0101,Catherine Worsnop,25,2,0,2026-09-06 11:37:12
2026-09-06 11:23:29,PLCY630,0201,Catherine Worsnop,25,3,0,2026-09-06 11:37:12
2026-09-06 11:23:29,PLCY631,0101,Cullen Merritt,25,0,1,2026-09-06 11:37:13
2026-09-06 11:23:29,PLCY640,0201,Thomas Spreen,30,5,0,2026-09-06 11:37:13
2026-09-06 11:23:29,PLCY641,0101,Tyler Kustra,30,1,0,2026-09-06 11:37:13
2026-09-06 11:23:29,PLCY641,0201,Tyler Kustra,30,10,0,2026-09-06 11:37:13
2026-09-06 11:23:29,PLCY670,0101,Philip Joyce,30,0,0,2026-09-06 11:37:14
2026-09-06 11:23:29,PLCY680,0101,Claire Dunning,25,0,0,2026-09-06 11:37:14
2026-09-06 11:23:29,PLCY680,0201,Michael Woldemariam,25,5,0,2026-09-06 11:37:14
2026-09-06 11:23:29,PLCY688C,0101,Charles Harry,20,10,0,2026-09-06 11:37:14
2026-09-06 11:23:29,PLCY688F,PWL1,Nekeya O'Connor,20,1,0,2026-09-06 11:37:14
2026-09-06 11:23:29,PLCY688P,0101,Steve Fetter,10,1,0,2026-09-06 11:37:15
2026-09-06 11:23:29,PLCY688Z,0101,Brandi Onowu,20,6,0,2026-09-06 11:37:15
2026-09-06 11:23:29,PLCY689E,0101,Susan Parker,20,0,0,2026-09-06 11:37:15
2026-09-06 11:23:29,PLCY690,0110,David Mussington,15,3,0,2026-09-06 11:37:15
2026-09-06 11:23:29,PLCY690,0120,Margaret Brindle,15,2,0,2026-09-06 11:37:15
2026-09-06 11:23:29,PLCY690,0130,Douglas Call,15,0,0,2026-09-06 11:37:15
2026-09-06 11:23:29,PLCY690,0150,Paul Brown,15,1,0,2026-09-06 11:37:15
2026-09-06 11:23:29,PLCY690,0170,James Stillwell,15,0,0,2026-09-06 11:37:15
2026-09-06 11:23:29,PLCY698T,0101,Elizabeth Duke,20,7,0,2026-09-06 11:37:16
2026-09-06 11:23:29,PLCY699L,0101,Michael Woldemariam,10,1,0,2026-09-06 11:37:16
2026-09-06 11:23:29,PLCY720,0101,Nancy Gallagher,20,3,0,2026-09-06 11:37:16
2026-09-06 11:23:29,PLCY734,0101,Niambi Carter,20,1,0,2026-09-06 11:37:17
2026-09-06 11:23:29,PLCY735,0101,Robert Sprinkle,20,7,0,2026-09-06 11:37:17
2026-09-06 11:23:29,PLCY741,0101,Anand Patwardhan,20,7,0,2026-09-06 11:37:17
2026-09-06 11:23:29,PLCY742,0101,Thomas Hilde,20,9,0,2026-09-06 11:37:17
2026-09-06 11:23:29,PLCY780,0101,Robert Orr,20,0,0,2026-09-06 11:37:18
2026-09-06 11:23:29,PLCY781,0101,Julio Guzman,20,2,0,2026-09-06 11:37:18
2026-09-06 11:23:29,PLCY783,0101,Margaret Brindle,20,7,0,2026-09-06 11:37:18
2026-09-06 11:23:29,PLCY798F,PWL1,William Nolte,25,18,0,2026-09-06 11:37:19
2026-09-06 11:23:29,PLCY798V,0101,Shanna Pearson-Merkowitz,12,0,0,2026-09-06 11:37:19
2026-09-06 11:23:29,PLCY798W,0101,Martin Sanders,10,10,0,2026-09-06 11:37:20
2026-09-06 11:23:29,PLCY798Y,PWL1,Jeffrey Franco,25,0,0,2026-09-06 11:37:20
2026-09-06 11:23:29,PLCY798Z,0101,Peter Reuter,12,0,0,2026-09-06 11:37:20
2026-09-06 11:23:29,PLSC112,0101,Samuel Daramola,100,16,0,2026-09-06 11:37:22
2026-09-06 11:23:29,PLSC113,0101,Samuel Daramola,24,3,0,2026-09-06 11:37:23
2026-09-06 11:23:29,PLSC113,0102,Samuel Daramola,24,5,0,2026-09-06 11:37:23
2026-09-06 11:23:29,PLSC113,0103,Samuel Daramola,24,13,0,2026-09-06 11:37:23
2026-09-06 11:23:29,PLSC113,0104,Samuel Daramola,24,10,0,2026-09-06 11:37:23
2026-09-06 11:23:29,PLSC115,0101,Shirley Micallef,24,0,1,2026-09-06 11:37:23
2026-09-06 11:23:29,PLSC201,0101,Pierre Jacob,42,15,0,2026-09-06 11:37:23
2026-09-06 11:23:29,PLSC203,0101,Vijay Tiwari,23,17,0,2026-09-06 11:37:24
2026-09-06 11:23:29,PLSC205,0101,Mark Carroll,22,0,0,2026-09-06 11:37:24
2026-09-06 11:23:29,PLSC206,0101,Pierre Jacob,21,8,0,2026-09-06 11:37:24
2026-09-06 11:23:29,PLSC206,0102,Pierre Jacob,21,7,0,2026-09-06 11:37:24
2026-09-06 11:23:29,PLSC253,0101,Karen Petroff,24,0,0,2026-09-06 11:37:24
2026-09-06 11:23:29,PLSC253,0102,Karen Petroff,24,5,0,2026-09-06 11:37:24
2026-09-06 11:23:29,PLSC389,0101,Craig Beyrouty,17,17,0,2026-09-06 11:37:25
2026-09-06 11:23:29,PLSC402,0101,Geoffrey Rinehart,10,3,0,2026-09-06 11:37:25
2026-09-06 11:23:29,PLSC404,0101,Yiping Qi,20,9,0,2026-09-06 11:37:25
2026-09-06 11:23:29,PLSC420,0101,Nidhi Rawat,18,3,0,2026-09-06 11:37:26
2026-09-06 11:23:29,PLSC420,0102,Nidhi Rawat,18,13,0,2026-09-06 11:37:26
2026-09-06 11:23:29,PLSC433,0101,Diana Cochran,10,2,0,2026-09-06 11:37:26
2026-09-06 11:23:29,PLSC453,0101,Samuel Daramola,24,1,0,2026-09-06 11:37:26
2026-09-06 11:23:29,PLSC471,0101,Juanita Choo,20,0,0,2026-09-06 11:37:26
2026-09-06 11:23:29,PLSC476,0101,Maile Neel,23,19,0,2026-09-06 11:37:27
2026-09-06 11:23:29,PLSC608,0101,Shunyuan Xiao,20,13,0,2026-09-06 11:37:27
2026-09-06 11:23:29,PORT103,0101,Parker Brookie,15,8,0,2026-09-06 11:37:29
2026-09-06 11:23:29,PORT205,0101,Parker Brookie,15,4,0,2026-09-06 11:37:30
2026-09-06 11:23:29,PORT332,0101,Parker Brookie,25,1,0,2026-09-06 11:37:30
2026-09-06 11:23:29,RELS120,0101,Antoine Borrut,40,6,0,2026-09-06 11:37:54
2026-09-06 11:23:29,RELS170,0101,Chiara Graf,21,4,0,2026-09-06 11:37:55
2026-09-06 11:23:29,RELS170,0102,Chiara Graf,21,0,0,2026-09-06 11:37:55
2026-09-06 11:23:29,RELS170,0103,Chiara Graf,21,1,0,2026-09-06 11:37:55
2026-09-06 11:23:29,RELS170,0104,Chiara Graf,21,0,0,2026-09-06 11:37:55
2026-09-06 11:23:29,RELS170,0105,Chiara Graf,21,0,0,2026-09-06 11:37:55
2026-09-06 11:23:29,RELS170,0106,Chiara Graf,21,0,1,2026-09-06 11:37:55
2026-09-06 11:23:29,RELS170,0107,Chiara Graf,21,0,1,2026-09-06 11:37:55
2026-09-06 11:23:29,RELS170,0108,Chiara Graf,21,0,0,2026-09-06 11:37:55
2026-09-06 11:23:29,RELS170,0109,Chiara Graf,22,0,0,2026-09-06 11:37:55
2026-09-06 11:23:29,RELS171,0101,Maxine Grossman,40,0,0,2026-09-06 11:37:55
2026-09-06 11:23:29,RELS219K,0101,Shay Hazkani,40,32,0,2026-09-06 11:37:55
2026-09-06 11:23:29,RELS225,0101,Stephanie Cooper,25,0,0,2026-09-06 11:37:55
2026-09-06 11:23:29,RELS273,0101,Hayim Lapin,23,1,0,2026-09-06 11:37:56
2026-09-06 11:23:29,RELS273,0102,Hayim Lapin,23,1,0,2026-09-06 11:37:56
2026-09-06 11:23:29,RELS273,0103,Hayim Lapin,23,2,0,2026-09-06 11:37:56
2026-09-06 11:23:29,RELS274,0101,Matthew Suriano,20,0,1,2026-09-06 11:37:56
2026-09-06 11:23:29,RELS274,0102,Matthew Suriano,20,0,1,2026-09-06 11:37:56
2026-09-06 11:23:29,RELS274,0103,Matthew Suriano,20,0,2,2026-09-06 11:37:56
2026-09-06 11:23:29,RELS274,0104,Matthew Suriano,20,0,0,2026-09-06 11:37:56
2026-09-06 11:23:29,RELS319D,0101,Nathan Levine,35,25,0,2026-09-06 11:37:56
2026-09-06 11:23:29,RELS319Z,0101,Regev Ben-David,30,27,0,2026-09-06 11:37:57
2026-09-06 11:23:29,RELS341,0101,Janna Bianchini,30,0,0,2026-09-06 11:37:57
2026-09-06 11:23:29,RUSS101,0101,Inna Hardman,15,6,0,2026-09-06 11:37:59
2026-09-06 11:23:29,RUSS101,0201,Inna Hardman,15,5,0,2026-09-06 11:37:59
2026-09-06 11:23:29,RUSS201,0101,Zhanna Gerus-Vernola,15,8,0,2026-09-06 11:37:59
2026-09-06 11:23:29,RUSS301,0101,Izolda Savenkova,15,5,0,2026-09-06 11:37:59
2026-09-06 11:23:29,RUSS321,0101,Elizabeth Papazian,15,5,0,2026-09-06 11:37:59
2026-09-06 11:23:29,RUSS334,0101,Elizabeth Papazian,25,0,0,2026-09-06 11:38:00
2026-09-06 11:23:29,RUSS404,0101,Izolda Savenkova,15,1,0,2026-09-06 11:38:00
2026-09-06 11:23:29,SDSB123,0101,Brian Kim,40,7,0,2026-09-06 11:38:02
2026-09-06 11:23:29,SDSB180,0101,Brian Kim,180,135,0,2026-09-06 11:38:03
2026-09-06 11:23:29,SDSB233,0101,Jacob Coutts,25,1,0,2026-09-06 11:38:03
2026-09-06 11:23:29,SDSB233,0102,Jacob Coutts,25,10,0,2026-09-06 11:38:03
2026-09-06 11:23:29,SDSB233,0103,Jacob Coutts,25,8,0,2026-09-06 11:38:03
2026-09-06 11:23:29,SDSB326,0101,Jacob Coutts,50,31,0,2026-09-06 11:38:03
2026-09-06 11:23:29,SDSB340,0101,Neil Lund,40,0,0,2026-09-06 11:38:03
2026-09-06 11:23:29,SDSI414,0201,Maria Krupenkin,34,13,0,2026-09-06 11:38:05
2026-09-06 11:23:29,SDSI414,0202,Maria Krupenkin,34,0,0,2026-09-06 11:38:05
2026-09-06 11:23:29,SDSI492,0101,TJ Rainsford,50,11,0,2026-09-06 11:38:05
2026-09-06 11:23:29,SDSI492,0103,Mary Ann Francis,40,0,4,2026-09-06 11:38:05
2026-09-06 11:23:29,SDSI492,0104,TJ Rainsford,50,3,0,2026-09-06 11:38:05
2026-09-06 11:23:29,SDSI492,0106,Jesse Klein,50,0,10,2026-09-06 11:38:05
2026-09-06 11:23:29,SDSI492,0107,Connie Siebold,40,0,5,2026-09-06 11:38:05
2026-09-06 11:23:29,SDSI492,0110,Patrick Thornton,50,27,0,2026-09-06 11:38:05
2026-09-06 11:23:29,SLLC108I,0101,Instructor: TBA,5,4,0,2026-09-06 11:38:08
2026-09-06 11:23:29,SLLC108J,0101,Instructor: TBA,5,5,0,2026-09-06 11:38:08
2026-09-06 11:23:29,SLLC108W,0101,Instructor: TBA,5,4,0,2026-09-06 11:38:08
2026-09-06 11:23:29,SLLC118A,0101,Sean Pue,10,3,0,2026-09-06 11:38:09
2026-09-06 11:23:29,SLLC200,0101,Chris Lewis,30,1,0,2026-09-06 11:38:09
2026-09-06 11:23:29,SLLC286,0101,Andrew Schonebaum,60,5,0,2026-09-06 11:38:10
2026-09-06 11:23:29,SLLC309,0101,Ahmed Hanafy,10,10,0,2026-09-06 11:38:10
2026-09-06 11:23:29,SLLC309,0102,Ahmed Hanafy,10,8,0,2026-09-06 11:38:10
2026-09-06 11:23:29,SLLC309,0103,Ahmed Hanafy,10,8,0,2026-09-06 11:38:10
2026-09-06 11:23:29,SLLC309,0104,Ahmed Hanafy,10,6,0,2026-09-06 11:38:10
2026-09-06 11:23:29,SLLC309,0105,Ahmed Hanafy,10,6,0,2026-09-06 11:38:10
2026-09-06 11:23:29,SLLC309,0106,Ahmed Hanafy,10,7,0,2026-09-06 11:38:10
2026-09-06 11:23:29,SLLC309,0107,Ahmed Hanafy,10,8,0,2026-09-06 11:38:10
2026-09-06 11:23:29,SLLC309,0108,Ahmed Hanafy,10,9,0,2026-09-06 11:38:10
2026-09-06 11:23:29,SLLC309,0109,Ahmed Hanafy,10,7,0,2026-09-06 11:38:10
2026-09-06 11:23:29,SLLC309,0110,Ahmed Hanafy,10,4,0,2026-09-06 11:38:10
2026-09-06 11:23:29,SLLC309,0111,Ahmed Hanafy,10,10,0,2026-09-06 11:38:10
2026-09-06 11:23:29,SLLC329,0101,Marilyn Matar,12,0,0,2026-09-06 11:38:11
2026-09-06 11:23:29,SLLC329,0102,Marilyn Matar,10,1,0,2026-09-06 11:38:11
2026-09-06 11:23:29,SLLC329,0103,Marilyn Matar,21,2,0,2026-09-06 11:38:11
2026-09-06 11:23:29,SLLC329,0104,Marilyn Matar,10,4,0,2026-09-06 11:38:11
2026-09-06 11:23:29,SLLC329,0105,Marilyn Matar,10,9,0,2026-09-06 11:38:11
2026-09-06 11:23:29,SLLC329,0106,Marilyn Matar,10,1,0,2026-09-06 11:38:11
2026-09-06 11:23:29,SLLC329,0107,Marilyn Matar,10,7,0,2026-09-06 11:38:11
2026-09-06 11:23:29,SLLC329,0108,Marilyn Matar,10,7,0,2026-09-06 11:38:11
2026-09-06 11:23:29,SLLC329,0109,Marilyn Matar,10,4,0,2026-09-06 11:38:11
2026-09-06 11:23:29,SLLC329,0110,Marilyn Matar,20,4,0,2026-09-06 11:38:11
2026-09-06 11:23:29,SLLC350,0101,Michele Mason,30,27,0,2026-09-06 11:38:11
2026-09-06 11:23:29,SMLP470,0101,Brooke Smith,45,13,0,2026-09-06 11:38:12
2026-09-06 11:23:29,SMLP472,0101,Sara Herald,60,19,0,2026-09-06 11:38:13
2026-09-06 11:23:29,TLTC310,0101,Sarah Kistner,0,0,0,2026-09-06 11:40:30
2026-09-06 11:23:29,TLTC310,0201,Yanira Ortiz,20,11,0,2026-09-06 11:40:30
2026-09-06 11:23:29,TLTC333,0101,Mona Thompson,60,0,0,2026-09-06 11:40:30
2026-09-06 11:23:29,TLTC333,0102,Mona Thompson,60,0,0,2026-09-06 11:40:30
2026-09-06 11:23:29,TLTC333,0105,Mona Thompson,60,2,0,2026-09-06 11:40:30
2026-09-06 11:23:29,TLTC499A,0101,Mona Thompson,10,7,0,2026-09-06 11:40:31
2026-09-06 11:23:29,TLTC499A,0102,Danielle Pafe,10,6,0,2026-09-06 11:40:31
2026-09-06 11:23:29,UMEI005,0101,Charles Duquette,15,2,0,2026-09-06 11:40:32
2026-09-06 11:23:29,UMEI005,0201,Heather Mehrtens,15,9,0,2026-09-06 11:40:32
2026-09-06 11:23:29,UMEI005,0301,Marilena Draganescu,15,11,0,2026-09-06 11:40:32
2026-09-06 11:23:29,UMEI012,0101,Louise Godley,10,10,0,2026-09-06 11:40:33
2026-09-06 11:23:29,UMEI013,0101,Louise Godley,10,7,0,2026-09-06 11:40:33
2026-09-06 11:23:29,UMEI028A,0101,Raymond Smith,16,14,0,2026-09-06 11:40:34
2026-09-06 11:23:29,UMEI506,0101,Heather Mehrtens,16,0,0,2026-09-06 11:40:34
2026-09-06 11:23:29,UMEI506,0201,Heather Mehrtens,16,6,0,2026-09-06 11:40:34
2026-09-06 11:23:29,UMEI507,0101,Marilena Draganescu,15,4,0,2026-09-06 11:40:34
2026-09-06 11:23:29,USLT201,0101,Robert Chester,25,1,0,2026-09-06 11:40:41
2026-09-06 11:23:29,USLT398C,0101,Angela Pico Pinto,25,17,0,2026-09-06 11:40:42
2026-09-06 11:23:29,USLT450,0101,Robert Chester,20,0,2,2026-09-06 11:40:42
2026-09-06 11:23:29,USLT498C,0101,Ana Rodriguez,20,14,0,2026-09-06 11:40:42
2026-09-06 11:23:29,VIPS099,0115,Veronica Kang,5,3,0,2026-09-06 11:40:44
2026-09-06 11:23:29,VIPS208,0101,Mary Bowden,10,10,0,2026-09-06 11:40:44
2026-09-06 11:23:29,VIPS208,0102,Ken Kiger,10,2,0,2026-09-06 11:40:44
2026-09-06 11:23:29,VIPS208,0103,Bryan Quinn,10,7,0,2026-09-06 11:40:44
2026-09-06 11:23:29,VIPS208,0104,Abdil Chowdhury,10,1,0,2026-09-06 11:40:44
2026-09-06 11:23:29,VIPS208,0105,Molly Carton,10,7,0,2026-09-06 11:40:44
2026-09-06 11:23:29,VIPS208,0106,James Baeder,14,2,0,2026-09-06 11:40:44
2026-09-06 11:23:29,VIPS208,0107,Catherine Spirito,10,6,0,2026-09-06 11:40:44
2026-09-06 11:23:29,VIPS208,0108,Ronald Yaros,10,4,0,2026-09-06 11:40:44
2026-09-06 11:23:29,VIPS208,0109,Carinna Ferguson,10,6,0,2026-09-06 11:40:44
2026-09-06 11:23:29,VIPS208,0110,Tracy Riggins,15,0,0,2026-09-06 11:40:44
2026-09-06 11:23:29,VIPS208,0111,Kevin Calabro,13,2,0,2026-09-06 11:40:44
2026-09-06 11:23:29,VIPS208,0112,Raffaele Viglianti,10,5,0,2026-09-06 11:40:44
2026-09-06 11:23:29,VIPS208,0113,Shabnam Jabeen,10,4,0,2026-09-06 11:40:44
2026-09-06 11:23:29,VIPS208,0114,Ning Zeng,15,7,0,2026-09-06 11:40:44
2026-09-06 11:23:29,VIPS208,0115,Veronica Kang,10,5,0,2026-09-06 11:40:44
2026-09-06 11:23:29,VIPS208,0116,David Stewart,10,0,0,2026-09-06 11:40:44
2026-09-06 11:23:29,VIPS208,0117,Meredith Epstein,10,8,0,2026-09-06 11:40:44
2026-09-06 11:23:29,VIPS208,0118,Magaly Toro Ibaceta,10,3,0,2026-09-06 11:40:44
2026-09-06 11:23:29,VIPS208,0120,Marisa Parham,10,6,0,2026-09-06 11:40:44
2026-09-06 11:23:29,VIPS208,0121,Becky Epanchin-Niell,10,1,0,2026-09-06 11:40:44
2026-09-06 11:23:29,VIPS208,0122,Timothy Reedy,10,2,0,2026-09-06 11:40:44
2026-09-06 11:23:29,VIPS208,0123,Lingnan Lin,13,4,0,2026-09-06 11:40:44
2026-09-06 11:23:29,VIPS208,0124,Jeffrey Moro,10,4,0,2026-09-06 11:40:44
2026-09-06 11:23:29,VIPS208,0125,Peter Sunderland,12,4,0,2026-09-06 11:40:44
2026-09-06 11:23:29,VIPS208,0126,Brienna Anderson,10,3,0,2026-09-06 11:40:44
2026-09-06 11:23:29,VIPS308,0101,Mary Bowden,10,9,0,2026-09-06 11:40:44
2026-09-06 11:23:29,VIPS308,0102,Ken Kiger,10,3,0,2026-09-06 11:40:44
2026-09-06 11:23:29,VIPS308,0103,Bryan Quinn,10,2,0,2026-09-06 11:40:44
2026-09-06 11:23:29,VIPS308,0104,Abdil Chowdhury,10,3,0,2026-09-06 11:40:44
2026-09-06 11:23:29,VIPS308,0105,Molly Carton,10,3,0,2026-09-06 11:40:44
2026-09-06 11:23:29,VIPS308,0106,James Baeder,10,4,0,2026-09-06 11:40:44
2026-09-06 11:23:29,VIPS308,0107,Catherine Spirito,10,7,0,2026-09-06 11:40:44
2026-09-06 11:23:29,VIPS308,0108,Ronald Yaros,10,9,0,2026-09-06 11:40:44
2026-09-06 11:23:29,VIPS308,0109,Carinna Ferguson,10,6,0,2026-09-06 11:40:44
2026-09-06 11:23:29,VIPS308,0110,Tracy Riggins,10,0,0,2026-09-06 11:40:44
2026-09-06 11:23:29,VIPS308,0111,Kevin Calabro,10,6,0,2026-09-06 11:40:44
2026-09-06 11:23:29,VIPS308,0112,Raffaele Viglianti,10,10,0,2026-09-06 11:40:44
2026-09-06 11:23:29,VIPS308,0113,Shabnam Jabeen,10,8,0,2026-09-06 11:40:44
2026-09-06 11:23:29,VIPS308,0114,Ning Zeng,10,9,0,2026-09-06 11:40:44
2026-09-06 11:23:29,VIPS308,0115,Veronica Kang,10,10,0,2026-09-06 11:40:44
2026-09-06 11:23:29,VIPS308,0116,David Stewart,10,10,0,2026-09-06 11:40:44
2026-09-06 11:23:29,VIPS308,0117,Meredith Epstein,10,8,0,2026-09-06 11:40:44
2026-09-06 11:23:29,VIPS308,0118,Magaly Toro Ibaceta,10,10,0,2026-09-06 11:40:44
2026-09-06 11:23:29,VIPS308,0120,Marisa Parham,10,9,0,2026-09-06 11:40:44
2026-09-06 11:23:29,VIPS308,0121,Becky Epanchin-Niell,10,10,0,2026-09-06 11:40:44
2026-09-06 11:23:29,VIPS308,0122,Timothy Reedy,10,10,0,2026-09-06 11:40:44
2026-09-06 11:23:29,VIPS308,0123,Lingnan Lin,10,10,0,2026-09-06 11:40:44
2026-09-06 11:23:29,VIPS308,0124,Jeffrey Moro,10,10,0,2026-09-06 11:40:44
2026-09-06 11:23:29,VIPS308,0125,Peter Sunderland,10,10,0,2026-09-06 11:40:44
2026-09-06 11:23:29,VIPS308,0126,Brienna Anderson,10,10,0,2026-09-06 11:40:44
2026-09-06 11:23:29,VIPS408,0101,Mary Bowden,10,4,0,2026-09-06 11:40:45
2026-09-06 11:23:29,VIPS408,0102,Ken Kiger,10,8,0,2026-09-06 11:40:45
2026-09-06 11:23:29,VIPS408,0103,Bryan Quinn,10,3,0,2026-09-06 11:40:45
2026-09-06 11:23:29,VIPS408,0104,Abdil Chowdhury,10,8,0,2026-09-06 11:40:45
2026-09-06 11:23:29,VIPS408,0105,Molly Carton,10,8,0,2026-09-06 11:40:45
2026-09-06 11:23:29,VIPS408,0106,James Baeder,10,7,0,2026-09-06 11:40:45
2026-09-06 11:23:29,VIPS408,0107,Catherine Spirito,10,10,0,2026-09-06 11:40:45
2026-09-06 11:23:29,VIPS408,0108,Ronald Yaros,10,8,0,2026-09-06 11:40:45
2026-09-06 11:23:29,VIPS408,0109,Carinna Ferguson,10,8,0,2026-09-06 11:40:45
2026-09-06 11:23:29,VIPS408,0110,Tracy Riggins,10,10,0,2026-09-06 11:40:45
2026-09-06 11:23:29,VIPS408,0111,Kevin Calabro,10,7,0,2026-09-06 11:40:45
2026-09-06 11:23:29,VIPS408,0112,Raffaele Viglianti,10,9,0,2026-09-06 11:40:45
2026-09-06 11:23:29,VIPS408,0113,Shabnam Jabeen,10,10,0,2026-09-06 11:40:45
2026-09-06 11:23:29,VIPS408,0114,Ning Zeng,10,10,0,2026-09-06 11:40:45
2026-09-06 11:23:29,VIPS408,0115,Veronica Kang,10,10,0,2026-09-06 11:40:45
2026-09-06 11:23:29,VIPS408,0116,David Stewart,10,10,0,2026-09-06 11:40:45
2026-09-06 11:23:29,VIPS408,0117,Meredith Epstein,10,10,0,2026-09-06 11:40:45
2026-09-06 11:23:29,VIPS408,0118,Magaly Toro Ibaceta,10,9,0,2026-09-06 11:40:45
2026-09-06 11:23:29,VIPS408,0120,Marisa Parham,10,10,0,2026-09-06 11:40:45
2026-09-06 11:23:29,VIPS408,0121,Becky Epanchin-Niell,10,10,0,2026-09-06 11:40:45
2026-09-06 11:23:29,VIPS408,0122,Timothy Reedy,10,10,0,2026-09-06 11:40:45
2026-09-06 11:23:29,VIPS408,0123,Lingnan Lin,10,10,0,2026-09-06 11:40:45
2026-09-06 11:23:29,VIPS408,0124,Jeffrey Moro,10,10,0,2026-09-06 11:40:45
2026-09-06 11:23:29,VIPS408,0125,Peter Sunderland,10,10,0,2026-09-06 11:40:45
2026-09-06 11:23:29,VIPS408,0126,Brienna Anderson,10,10,0,2026-09-06 11:40:45
2026-09-06 11:23:29,WEID139B,0101,Denise Joseph,48,10,0,2026-09-06 11:40:48
2026-09-06 11:23:29,WEID139L,0201,Taylor Togafau-Lewis,48,18,0,2026-09-06 11:40:55
2026-09-06 14:26:29,AAAS100,0101,Shane Walsh,35,0,0,2026-09-06 14:26:32
2026-09-06 14:26:29,AAAS100,0201,Shane Walsh,35,0,0,2026-09-06 14:26:32
2026-09-06 14:26:29,AAAS100,0301,George Kintiba,70,37,0,2026-09-06 14:26:32
2026-09-06 14:26:29,AAAS100,0401,Jason Nichols,30,0,0,2026-09-06 14:26:32
2026-09-06 14:26:29,AAAS100,0501,Jason Nichols,35,0,0,2026-09-06 14:26:32
2026-09-06 14:26:29,AAAS101,0101,Chinyere Osuji,40,1,0,2026-09-06 14:26:32
2026-09-06 14:26:29,AAAS187,0101,Robert Choflet,30,1,0,2026-09-06 14:26:33
2026-09-06 14:26:29,AAAS187,0201,Joseph Richardson,30,0,0,2026-09-06 14:26:33
2026-09-06 14:26:29,AAAS200,0101,George Kintiba,40,4,0,2026-09-06 14:26:33
2026-09-06 14:26:29,AAAS202,0101,Robert Choflet,35,5,0,2026-09-06 14:26:33
2026-09-06 14:26:29,AAAS202,0201,Robert Choflet,35,6,0,2026-09-06 14:26:33
2026-09-06 14:26:29,AAAS202,0301,Angelica Dunbar,35,3,0,2026-09-06 14:26:33
2026-09-06 14:26:29,AAAS202,0401,Ashley Everson,35,0,0,2026-09-06 14:26:33
2026-09-06 14:26:29,AAAS202,0501,Ashley Everson,20,1,0,2026-09-06 14:26:33
2026-09-06 14:26:29,AAAS210,0101,Angelica Dunbar,20,16,0,2026-09-06 14:26:34
2026-09-06 14:26:29,AAAS211,0101,Shane Walsh,30,0,0,2026-09-06 14:26:34
2026-09-06 14:26:29,AAAS230,0101,Ashley Newby,30,0,0,2026-09-06 14:26:35
2026-09-06 14:26:29,AAAS230,0201,Ashley Newby,30,0,0,2026-09-06 14:26:35
2026-09-06 14:26:29,AAAS234,0201,Mike Kolakoski,30,2,0,2026-09-06 14:26:35
2026-09-06 14:26:29,AAAS254,0101,Christopher Bonner,40,2,0,2026-09-06 14:26:36
2026-09-06 14:26:29,AAAS271,0101,Sydney Lewis,30,0,0,2026-09-06 14:26:36
2026-09-06 14:26:29,AAAS310,0101,George Kintiba,25,20,0,2026-09-06 14:26:37
2026-09-06 14:26:29,AAAS320,0101,Cecily Jackson,25,0,0,2026-09-06 14:26:37
2026-09-06 14:26:29,AAAS320,0201,Cecily Jackson,25,0,0,2026-09-06 14:26:37
2026-09-06 14:26:29,AAAS325,0101,Traci Dula,20,3,0,2026-09-06 14:26:37
2026-09-06 14:26:29,AAAS350,0101,John Drabinski,20,0,0,2026-09-06 14:26:38
2026-09-06 14:26:29,AAAS361,0101,Michelle Rowley,35,24,0,2026-09-06 14:26:38
2026-09-06 14:26:29,AAAS386,0101,Marshal Washington,10,10,0,2026-09-06 14:26:39
2026-09-06 14:26:29,AAAS397,0101,John Drabinski,2,2,0,2026-09-06 14:26:39
2026-09-06 14:26:29,AAAS397,0201,Angelica Dunbar,2,2,0,2026-09-06 14:26:39
2026-09-06 14:26:29,AAAS397,0301,Sharon Harley,2,2,0,2026-09-06 14:26:39
2026-09-06 14:26:29,AAAS397,0401,Cecily Jackson,2,2,0,2026-09-06 14:26:39
2026-09-06 14:26:29,AAAS397,0501,Sangeetha Madhavan,2,2,0,2026-09-06 14:26:39
2026-09-06 14:26:29,AAAS397,0601,Ashley Newby,1,1,0,2026-09-06 14:26:39
2026-09-06 14:26:29,AAAS397,0701,Chinyere Osuji,2,2,0,2026-09-06 14:26:39
2026-09-06 14:26:29,AAAS397,0801,Periloux Peay,2,2,0,2026-09-06 14:26:39
2026-09-06 14:26:29,AAAS397,0901,Joseph Richardson,2,2,0,2026-09-06 14:26:39
2026-09-06 14:26:29,AAAS398B,0101,Beka Guluma,20,12,0,2026-09-06 14:26:40
2026-09-06 14:26:29,AAAS398W,0101,Jason Nichols,25,10,0,2026-09-06 14:26:40
2026-09-06 14:26:29,AAAS399,0101,Robert Choflet,4,4,0,2026-09-06 14:26:40
2026-09-06 14:26:29,AAAS399,0201,John Drabinski,4,4,0,2026-09-06 14:26:40
2026-09-06 14:26:29,AAAS399,0301,Angelica Dunbar,4,3,0,2026-09-06 14:26:40
2026-09-06 14:26:29,AAAS399,0401,Sharon Harley,4,4,0,2026-09-06 14:26:40
2026-09-06 14:26:29,AAAS399,0501,Cecily Jackson,4,4,0,2026-09-06 14:26:40
2026-09-06 14:26:29,AAAS399,0601,Cecily Jackson,4,4,0,2026-09-06 14:26:40
2026-09-06 14:26:29,AAAS399,0701,Sharon Harley,4,4,0,2026-09-06 14:26:40
2026-09-06 14:26:29,AAAS399,0801,George Kintiba,4,4,0,2026-09-06 14:26:40
2026-09-06 14:26:29,AAAS399,0901,Jason Nichols,4,4,0,2026-09-06 14:26:40
2026-09-06 14:26:29,AAAS399,1001,Ashley Newby,4,3,0,2026-09-06 14:26:40
2026-09-06 14:26:29,AAAS399,1101,Jason Nichols,4,4,0,2026-09-06 14:26:40
2026-09-06 14:26:29,AAAS399,1201,Joseph Richardson,4,4,0,2026-09-06 14:26:40
2026-09-06 14:26:29,AAAS399,1301,Shane Walsh,4,4,0,2026-09-06 14:26:40
2026-09-06 14:26:29,AAAS399,1401,Joseph Richardson,4,4,0,2026-09-06 14:26:40
2026-09-06 14:26:29,AAAS399,1501,Shane Walsh,4,4,0,2026-09-06 14:26:40
2026-09-06 14:26:29,AAAS400,0101,Periloux Peay,25,22,0,2026-09-06 14:26:41
2026-09-06 14:26:29,AAAS415,0101,Periloux Peay,30,0,0,2026-09-06 14:26:41
2026-09-06 14:26:29,AAAS499N,0101,Anne Rosen,25,1,0,2026-09-06 14:26:41
2026-09-06 14:26:29,AAST200,0101,Jennifer Cho,30,0,0,2026-09-06 14:26:43
2026-09-06 14:26:29,AAST200,0102,Binod Paudyal,30,0,1,2026-09-06 14:26:43
2026-09-06 14:26:29,AAST322,0101,Julie Park,30,2,0,2026-09-06 14:26:44
2026-09-06 14:26:29,AAST351,0101,Binod Paudyal,35,0,0,2026-09-06 14:26:44
2026-09-06 14:26:29,AAST355,0101,Jennifer Cho,35,0,3,2026-09-06 14:26:45
2026-09-06 14:26:29,AAST378,0101,Janelle Wong,2,2,0,2026-09-06 14:26:45
2026-09-06 14:26:29,AAST394,0101,Wenxi Yang,30,2,0,2026-09-06 14:26:46
2026-09-06 14:26:29,AAST398I,0101,Michelle Magalong,24,1,0,2026-09-06 14:26:46
2026-09-06 14:26:29,AAST398W,0101,Chris Eng,25,14,0,2026-09-06 14:26:46
2026-09-06 14:26:29,AAST421,0101,Tuyet Duong,20,1,0,2026-09-06 14:26:47
2026-09-06 14:26:29,AAST422,0101,Jennifer Cho,25,4,0,2026-09-06 14:26:47
2026-09-06 14:26:29,AAST424,0101,Dawn Dow,29,9,0,2026-09-06 14:26:47
2026-09-06 14:26:29,AAST440,0101,Binod Paudyal,25,0,1,2026-09-06 14:26:48
2026-09-06 14:26:29,AAST443,0101,Janelle Wong,30,0,0,2026-09-06 14:26:48
2026-09-06 14:26:29,ABRM330,0101,Rashawn Ray,40,1,0,2026-09-06 14:26:50
2026-09-06 14:26:29,ARAB101,0101,Samah Al-salami,15,1,0,2026-09-06 14:27:45
2026-09-06 14:26:29,ARAB101,0201,Ahmed Hanafy,15,3,0,2026-09-06 14:27:45
2026-09-06 14:26:29,ARAB102,0101,Samah Al-salami,15,0,0,2026-09-06 14:27:45
2026-09-06 14:26:29,ARAB102,0201,Lutf Alkebsi,15,12,0,2026-09-06 14:27:45
2026-09-06 14:26:29,ARAB201,0101,Lutf Alkebsi,15,1,0,2026-09-06 14:27:46
2026-09-06 14:26:29,ARAB201,0201,Lutf Alkebsi,15,11,0,2026-09-06 14:27:46
2026-09-06 14:26:29,ARAB208L,0101,Samah Al-salami,15,4,0,2026-09-06 14:27:46
2026-09-06 14:26:29,ARAB225,0101,Ahmed Hanafy,15,1,0,2026-09-06 14:27:46
2026-09-06 14:26:29,ARAB301,0101,Ahmed Hanafy,15,6,0,2026-09-06 14:27:47
2026-09-06 14:26:29,ARAB321,0101,Ahmed Hanafy,15,9,0,2026-09-06 14:27:47
2026-09-06 14:26:29,ARAB322,0101,Samah Al-salami,15,9,0,2026-09-06 14:27:47
2026-09-06 14:26:29,ARAB398A,0101,Lutf Alkebsi,15,5,0,2026-09-06 14:27:48
2026-09-06 14:26:29,ARAB499E,0101,Brendan Kibbee,20,0,0,2026-09-06 14:27:49
2026-09-06 14:26:29,ARMY106,0101,Thomas Battinieri,31,26,0,2026-09-06 14:28:28
2026-09-06 14:26:29,ARMY106,0102,Thomas Battinieri,40,30,0,2026-09-06 14:28:28
2026-09-06 14:26:29,ARMY106,FC01,Andrew Bischoff,15,11,0,2026-09-06 14:28:28
2026-09-06 14:26:29,ARMY106,FC02,Thomas Battinieri,9,8,0,2026-09-06 14:28:28
2026-09-06 14:26:29,ARMY110,0101,Andrew Bischoff,15,15,0,2026-09-06 14:28:28
2026-09-06 14:26:29,ARMY201,0102,Thomas Battinieri,35,14,0,2026-09-06 14:28:29
2026-09-06 14:26:29,ARMY301,0101,Joshua Guiod,40,20,0,2026-09-06 14:28:29
2026-09-06 14:26:29,ARMY401,0102,Andrew Bischoff,50,13,0,2026-09-06 14:28:29
2026-09-06 14:26:29,ARSC059,0101,Kathleen West,220,65,0,2026-09-06 14:28:31
2026-09-06 14:26:29,ARSC059,FC01,Jens Lyndrup,10,4,0,2026-09-06 14:28:31
2026-09-06 14:26:29,ARSC100,0101,Jens Lyndrup,50,35,0,2026-09-06 14:28:31
2026-09-06 14:26:29,ARSC100,0102,Jens Lyndrup,75,20,0,2026-09-06 14:28:31
2026-09-06 14:26:29,ARSC100,0103,Jens Lyndrup,40,32,0,2026-09-06 14:28:31
2026-09-06 14:26:29,ARSC100,FC01,Jens Lyndrup,5,3,0,2026-09-06 14:28:31
2026-09-06 14:26:29,ARSC100,FC02,Jens Lyndrup,10,6,0,2026-09-06 14:28:31
2026-09-06 14:26:29,ARSC200,0101,Alan Snyder,50,15,0,2026-09-06 14:28:32
2026-09-06 14:26:29,ARSC200,0102,Alan Snyder,35,22,0,2026-09-06 14:28:32
2026-09-06 14:26:29,ARSC200,0103,Alan Snyder,40,32,0,2026-09-06 14:28:32
2026-09-06 14:26:29,ARSC300,0101,Kathleen West,30,5,0,2026-09-06 14:28:32
2026-09-06 14:26:29,ARSC300,0102,Kathleen West,20,13,0,2026-09-06 14:28:32
2026-09-06 14:26:29,ARSC400,0101,Walter Mitchell,30,16,0,2026-09-06 14:28:32
2026-09-06 14:26:29,ARSC400,0102,Walter Mitchell,20,18,0,2026-09-06 14:28:32
2026-09-06 14:26:29,ARSC400,0201,Walter Mitchell,10,10,0,2026-09-06 14:28:32
2026-09-06 14:26:29,BMIN210,0101,Darlene Dennison,180,4,0,2026-09-06 14:29:52
2026-09-06 14:26:29,BMIN210,0201,Darlene Dennison,180,87,0,2026-09-06 14:29:52
2026-09-06 14:26:29,BMIN305,0101,Tejwansh Anand,180,20,0,2026-09-06 14:29:52
2026-09-06 14:26:29,BMIN345,0101,Michael Padhi,275,35,0,2026-09-06 14:29:53
2026-09-06 14:26:29,BMIN355,0101,Idil Yaveroglu,180,1,0,2026-09-06 14:29:53
2026-09-06 14:26:29,BMIN355,0201,Idil Yaveroglu,180,27,0,2026-09-06 14:29:53
2026-09-06 14:26:29,BMIN375,0101,Leland Gardner,185,0,0,2026-09-06 14:29:54
2026-09-06 14:26:29,BMIN395,0101,Nima Farshchi,200,1,0,2026-09-06 14:29:54
2026-09-06 14:26:29,BMIN395,0201,Nima Farshchi,200,106,0,2026-09-06 14:29:54
2026-09-06 14:26:29,BOIS602,WI01,Woei-jyh Lee,40,6,0,2026-09-06 14:29:57
2026-09-06 14:26:29,BOIS604,WI01,Manmohan Aseri,40,5,0,2026-09-06 14:29:58
2026-09-06 14:26:29,BOIS631,WI01,Sujin Kim,40,8,0,2026-09-06 14:29:58
2026-09-06 14:26:29,BSOS355,0101,Liza Lebrun,30,30,0,2026-09-06 14:30:13
2026-09-06 14:26:29,BSOS361,0101,TC Lloyd,30,2,0,2026-09-06 14:30:14
2026-09-06 14:26:29,BSOS361,0103,Keia Brown,30,2,0,2026-09-06 14:30:14
2026-09-06 14:26:29,BSOS361,0104,David Tana,30,1,0,2026-09-06 14:30:14
2026-09-06 14:26:29,BSOS361,0105,TC Lloyd,30,1,0,2026-09-06 14:30:14
2026-09-06 14:26:29,BSOS388C,0101,Nikita Kimani,20,0,0,2026-09-06 14:30:14
2026-09-06 14:26:29,BSOS388C,0201,Nikita Kimani,20,3,0,2026-09-06 14:30:14
2026-09-06 14:26:29,BSOS388E,0101,Liza Lebrun,30,30,0,2026-09-06 14:30:15
2026-09-06 14:26:29,BUSO600,SO11,Neta Moye,42,4,0,2026-09-06 14:30:34
2026-09-06 14:26:29,BUSO600,SO12,Neta Moye,42,7,0,2026-09-06 14:30:34
2026-09-06 14:26:29,BUSO603,SO11,Ilya Ryzhov,42,4,0,2026-09-06 14:30:34
2026-09-06 14:26:29,BUSO603,SO12,Ilya Ryzhov,42,4,0,2026-09-06 14:30:34
2026-09-06 14:26:29,BUSO604,SO11,Bennet Zelner,42,5,0,2026-09-06 14:30:35
2026-09-06 14:26:29,BUSO604,SO12,Bennet Zelner,42,5,0,2026-09-06 14:30:35
2026-09-06 14:26:29,BUSO612,SO11,Henry Boyd,42,4,0,2026-09-06 14:30:35
2026-09-06 14:26:29,BUSO612,SO12,Henry Boyd,42,2,0,2026-09-06 14:30:35
2026-09-06 14:26:29,BUSO616,SO31,Brent Solomon,38,2,0,2026-09-06 14:30:35
2026-09-06 14:26:29,BUSO616,SO32,Brent Solomon,38,0,0,2026-09-06 14:30:35
2026-09-06 14:26:29,BUSO624,SO31,Yi Xu,38,3,0,2026-09-06 14:30:36
2026-09-06 14:26:29,BUSO624,SO32,Yi Xu,38,0,0,2026-09-06 14:30:36
2026-09-06 14:26:29,BUSO700,SO91,Paulo Prochno,0,0,0,2026-09-06 14:30:36
2026-09-06 14:26:29,BUSO711,SO31,Gosia Langa Basit,28,0,0,2026-09-06 14:30:36
2026-09-06 14:26:29,BUSO711,SO32,Gosia Langa Basit,28,4,0,2026-09-06 14:30:36
2026-09-06 14:26:29,BUSO711,SO33,Gosia Langa Basit,28,3,0,2026-09-06 14:30:36
2026-09-06 14:26:29,BUSO731,SO51,Tejwansh Anand,49,0,0,2026-09-06 14:30:37
2026-09-06 14:26:29,BUSO752,SO51,Leland Gardner,35,13,0,2026-09-06 14:30:37
2026-09-06 14:26:29,BUSO758G,SO51,James Seward,35,13,0,2026-09-06 14:30:37
2026-09-06 14:26:29,BUSO758M,SO51,Paulo Prochno,49,2,0,2026-09-06 14:30:38
2026-09-06 14:26:29,BUSO758M,SO52,Paulo Prochno,49,2,0,2026-09-06 14:30:38
2026-09-06 14:26:29,BUSO758T,SO51,Michael Cichello,35,18,0,2026-09-06 14:30:38
2026-09-06 14:26:29,BUSO758W,SO51,Yogesh Joshi,33,1,0,2026-09-06 14:30:38
2026-09-06 14:26:29,BUSO758W,SO52,Yogesh Joshi,33,3,0,2026-09-06 14:30:38
2026-09-06 14:26:29,BUSO758X,SO51,Pallassana Kannan,49,3,0,2026-09-06 14:30:39
2026-09-06 14:26:29,BUSO788F,GX01,Judy Frels,25,5,0,2026-09-06 14:30:39
2026-09-06 14:26:29,BUSO788W,GX01,Zhi-Long Chen,30,5,0,2026-09-06 14:30:40
2026-09-06 14:26:29,CHSE200,0101,Betsy Tornquist,10,1,0,2026-09-06 14:31:11
2026-09-06 14:26:29,CHSE205,0101,Yewon Lee,60,0,7,2026-09-06 14:31:11
2026-09-06 14:26:29,CHSE205,0201,Yewon Lee,60,0,0,2026-09-06 14:31:11
2026-09-06 14:26:29,CHSE228C,0101,Nikita Kimani,20,0,0,2026-09-06 14:31:12
2026-09-06 14:26:29,CHSE228C,0201,Nikita Kimani,20,3,0,2026-09-06 14:31:12
2026-09-06 14:26:29,CHSE228C,0301,Nikita Kimani,20,0,0,2026-09-06 14:31:12
2026-09-06 14:26:29,CHSE230,0101,Isabelle Grable,25,16,0,2026-09-06 14:31:12
2026-09-06 14:26:29,CHSE376,0101,Michael Dunham,22,0,7,2026-09-06 14:31:13
2026-09-06 14:26:29,CHSE376,0201,Colleen McGilpin,20,0,9,2026-09-06 14:31:13
2026-09-06 14:26:29,CHSE376,0301,Elizabeth Martinez,20,0,4,2026-09-06 14:31:13
2026-09-06 14:26:29,CHSE376,0401,Chanai Brewster,20,0,3,2026-09-06 14:31:13
2026-09-06 14:26:29,CHSE476,0101,Michael Dunham,20,6,0,2026-09-06 14:31:13
2026-09-06 14:26:29,CHSE477,0101,Michael Dunham,15,4,0,2026-09-06 14:31:14
2026-09-06 14:26:29,CHSE489,1901,Amy D'Agati,15,10,0,2026-09-06 14:31:14
2026-09-06 14:26:29,CHSE498,2401,Meredith Gramlich,10,1,0,2026-09-06 14:31:14
2026-09-06 14:26:29,CHSE498,3701,Michael Dunham,2,1,0,2026-09-06 14:31:14
2026-09-06 14:26:29,CINE245,0101,Eric Zakim,22,0,2,2026-09-06 14:31:16
2026-09-06 14:26:29,CINE245,0102,Eric Zakim,22,0,1,2026-09-06 14:31:16
2026-09-06 14:26:29,CINE245,0103,Eric Zakim,22,0,3,2026-09-06 14:31:16
2026-09-06 14:26:29,CINE245,0104,Eric Zakim,22,0,1,2026-09-06 14:31:16
2026-09-06 14:26:29,CINE280,0101,Porter Olsen,30,0,0,2026-09-06 14:31:17
2026-09-06 14:26:29,CINE280,0201,John Tobin,30,0,1,2026-09-06 14:31:17
2026-09-06 14:26:29,CINE298A,0101,Caroline Eades,20,0,0,2026-09-06 14:31:17
2026-09-06 14:26:29,CINE301,0101,Eric Zakim,30,0,0,2026-09-06 14:31:17
2026-09-06 14:26:29,CINE310,0101,Nathaniel Stevens,15,1,0,2026-09-06 14:31:18
2026-09-06 14:26:29,CINE315,0101,Yael Inbar,15,0,0,2026-09-06 14:31:18
2026-09-06 14:26:29,CINE319G,0101,Oliver Gaycken,25,15,0,2026-09-06 14:31:18
2026-09-06 14:26:29,CINE319P,5501,Samuel Crawford,11,0,0,2026-09-06 14:31:19
2026-09-06 14:26:29,CINE319Z,0101,Paul Cote,25,7,0,2026-09-06 14:31:19
2026-09-06 14:26:29,CINE329T,0101,Daniel Richter,25,0,10,2026-09-06 14:31:19
2026-09-06 14:26:29,CINE332,0101,Parker Brookie,25,1,0,2026-09-06 14:31:20
2026-09-06 14:26:29,CINE334,0101,Elizabeth Papazian,25,0,0,2026-09-06 14:31:21
2026-09-06 14:26:29,CINE337,0101,Jason Kuo,25,0,2,2026-09-06 14:31:21
2026-09-06 14:26:29,CINE342,0101,Luka Arsenjuk,20,0,3,2026-09-06 14:31:21
2026-09-06 14:26:29,CINE350,0101,John Drabinski,20,0,0,2026-09-06 14:31:22
2026-09-06 14:26:29,CINE359C,0101,Daniel Richter,25,0,5,2026-09-06 14:31:22
2026-09-06 14:26:29,CINE369B,0101,Eva Hageman,30,1,0,2026-09-06 14:31:22
2026-09-06 14:26:29,CINE369K,0101,Paul Cote,20,0,0,2026-09-06 14:31:23
2026-09-06 14:26:29,CINE376,0101,Ross Angelella,15,3,0,2026-09-06 14:31:23
2026-09-06 14:26:29,CINE376,0102,Ross Angelella,5,2,0,2026-09-06 14:31:23
2026-09-06 14:26:29,CINE415,0101,Mathew Bainbridge,15,0,0,2026-09-06 14:31:24
2026-09-06 14:26:29,CINE419P,0101,Oliver Gaycken,20,14,0,2026-09-06 14:31:24
2026-09-06 14:26:29,CINE459P,0101,Luka Arsenjuk,20,0,1,2026-09-06 14:31:24
2026-09-06 14:26:29,CLAS170,0101,Chiara Graf,21,4,0,2026-09-06 14:31:26
2026-09-06 14:26:29,CLAS170,0102,Chiara Graf,21,0,0,2026-09-06 14:31:26
2026-09-06 14:26:29,CLAS170,0103,Chiara Graf,21,1,0,2026-09-06 14:31:26
2026-09-06 14:26:29,CLAS170,0104,Chiara Graf,21,0,0,2026-09-06 14:31:26
2026-09-06 14:26:29,CLAS170,0105,Chiara Graf,21,0,0,2026-09-06 14:31:26
2026-09-06 14:26:29,CLAS170,0106,Chiara Graf,21,0,1,2026-09-06 14:31:26
2026-09-06 14:26:29,CLAS170,0107,Chiara Graf,21,0,1,2026-09-06 14:31:26
2026-09-06 14:26:29,CLAS170,0108,Chiara Graf,21,0,0,2026-09-06 14:31:26
2026-09-06 14:26:29,CLAS170,0109,Chiara Graf,22,0,0,2026-09-06 14:31:26
2026-09-06 14:26:29,CLAS170,FC01,Chelsea Stolt,28,4,0,2026-09-06 14:31:26
2026-09-06 14:26:29,CLAS170,FC02,Chelsea Stolt,28,0,0,2026-09-06 14:31:26
2026-09-06 14:26:29,CLAS170,FC03,Eugenia Lao,28,9,0,2026-09-06 14:31:26
2026-09-06 14:26:29,CLAS170,FC05,Charis Addai,28,5,0,2026-09-06 14:31:26
2026-09-06 14:26:29,CLAS277,0101,Chiara Graf,25,0,0,2026-09-06 14:31:27
2026-09-06 14:26:29,CLAS277,0102,Chiara Graf,25,2,0,2026-09-06 14:31:27
2026-09-06 14:26:29,CLAS277,0103,Chiara Graf,25,4,0,2026-09-06 14:31:27
2026-09-06 14:26:29,CLAS277,0104,Chiara Graf,25,3,0,2026-09-06 14:31:27
2026-09-06 14:26:29,CLAS277,0105,Chiara Graf,25,1,0,2026-09-06 14:31:27
2026-09-06 14:26:29,CLAS277,0106,Chiara Graf,25,2,0,2026-09-06 14:31:27
2026-09-06 14:26:29,CLAS305,0101,Jorge Bravo,35,3,0,2026-09-06 14:31:27
2026-09-06 14:26:29,CLAS309N,0101,Nathan Levine,35,25,0,2026-09-06 14:31:28
2026-09-06 14:26:29,CLAS310,0101,Rachel Singpurwalla,20,1,0,2026-09-06 14:31:28
2026-09-06 14:26:29,CLAS310,0102,Rachel Singpurwalla,20,0,2,2026-09-06 14:31:28
2026-09-06 14:26:29,CLAS310,0103,Rachel Singpurwalla,20,0,1,2026-09-06 14:31:28
2026-09-06 14:26:29,CLAS312,0101,Polyvia Parara,35,6,0,2026-09-06 14:31:28
2026-09-06 14:26:29,CMLT235,0101,Brielle Gorrell,30,2,0,2026-09-06 14:31:32
2026-09-06 14:26:29,CMLT270,0101,Hannah (Toyin) Adeyemi,30,0,0,2026-09-06 14:31:32
2026-09-06 14:26:29,CMLT270,0201,Shakiba Sharifpour,30,1,0,2026-09-06 14:31:32
2026-09-06 14:26:29,CMLT275,0201,Abhinav Bhardwaj,30,0,1,2026-09-06 14:31:32
2026-09-06 14:26:29,CMLT277,0101,Nahid Ahmadian,30,0,1,2026-09-06 14:31:33
2026-09-06 14:26:29,CMLT280,0101,Porter Olsen,30,0,0,2026-09-06 14:31:33
2026-09-06 14:26:29,CMLT280,0201,John Tobin,30,0,1,2026-09-06 14:31:33
2026-09-06 14:26:29,CPBE100,0101,Oliver Schlake,95,25,0,2026-09-06 14:32:13
2026-09-06 14:26:29,CPBE200,0101,Oliver Schlake,75,33,0,2026-09-06 14:32:13
2026-09-06 14:26:29,CPBE225,0101,Ira Koretsky,38,13,0,2026-09-06 14:32:14
2026-09-06 14:26:29,CPBE225,0102,Ira Koretsky,38,23,0,2026-09-06 14:32:14
2026-09-06 14:26:29,CPCV100,0101,Julie Randolph,40,1,0,2026-09-06 14:32:15
2026-09-06 14:26:29,CPCV100,0201,Julie Randolph,40,8,0,2026-09-06 14:32:15
2026-09-06 14:26:29,CPCV200,0101,Julie Randolph,35,0,0,2026-09-06 14:32:16
2026-09-06 14:26:29,CPCV200,0201,Julie Randolph,35,16,0,2026-09-06 14:32:16
2026-09-06 14:26:29,CPCV225,0101,Korey Rothman,75,4,0,2026-09-06 14:32:16
2026-09-06 14:26:29,CPDJ100,0101,Jess Feltner,75,1,0,2026-09-06 14:32:18
2026-09-06 14:26:29,CPDJ200,0101,Andrew Fellows,75,37,0,2026-09-06 14:32:18
2026-09-06 14:26:29,CPET100,0101,Tim Knight,75,2,0,2026-09-06 14:32:20
2026-09-06 14:26:29,CPET200,0101,Tim Knight,75,7,0,2026-09-06 14:32:20
2026-09-06 14:26:29,CPGH100,0101,John Wiggins,85,7,0,2026-09-06 14:32:22
2026-09-06 14:26:29,CPGH200,0101,John Wiggins,75,17,0,2026-09-06 14:32:23
2026-09-06 14:26:29,CPJT100,0101,Justine DeCamillis,75,6,0,2026-09-06 14:32:24
2026-09-06 14:26:29,CPJT200,0101,Justine DeCamillis,75,20,0,2026-09-06 14:32:25
2026-09-06 14:26:29,CPMS100,0101,Carole Lee,75,0,0,2026-09-06 14:32:26
2026-09-06 14:26:29,CPMS200,0101,Alison Burns,75,11,0,2026-09-06 14:32:27
2026-09-06 14:26:29,CPMS225,0101,Alison Burns,75,0,0,2026-09-06 14:32:27
2026-09-06 14:26:29,CPMS230,0101,Alison Burns,30,12,0,2026-09-06 14:32:27
2026-09-06 14:26:29,CPMS240,0101,Carole Lee,20,18,0,2026-09-06 14:32:28
2026-09-06 14:26:29,CPPL100,0101,Kelly Brower,78,2,0,2026-09-06 14:32:29
2026-09-06 14:26:29,CPPL200,0101,Kelly Brower,75,16,0,2026-09-06 14:32:30
2026-09-06 14:26:29,CPSA100,0101,Andrea Cesar,75,11,0,2026-09-06 14:32:32
2026-09-06 14:26:29,CPSA200,0101,Andrea Cesar,75,33,0,2026-09-06 14:32:32
2026-09-06 14:26:29,CPSF100,0101,Nicholas Fletcher,85,1,0,2026-09-06 14:32:34
2026-09-06 14:26:29,CPSF200,0101,Nicholas Fletcher,75,5,0,2026-09-06 14:32:34
2026-09-06 14:26:29,CPSG100,0101,Thomas Holtz,85,7,0,2026-09-06 14:32:36
2026-09-06 14:26:29,CPSG200,0101,Thomas Holtz,75,28,0,2026-09-06 14:32:36
2026-09-06 14:26:29,CPSN100,0101,Hansol Kwak,85,5,0,2026-09-06 14:32:38
2026-09-06 14:26:29,CPSN200,0101,Stacy Kosko,75,41,0,2026-09-06 14:32:38
2026-09-06 14:26:29,CPSN230,0101,Sarah Kilmer,20,18,0,2026-09-06 14:32:38
2026-09-06 14:26:29,CPSN240,0101,Sarah Kilmer,10,7,0,2026-09-06 14:32:39
2026-09-06 14:26:29,CPSN250,0101,Sarah Kilmer,5,5,0,2026-09-06 14:32:39
2026-09-06 14:26:29,CPSP110,0101,Markell Saunders,18,10,0,2026-09-06 14:32:41
2026-09-06 14:26:29,CPSP110,0201,Patrice Greene,18,14,0,2026-09-06 14:32:41
2026-09-06 14:26:29,CPSP220,0101,Tiara Thomas,20,1,0,2026-09-06 14:32:41
2026-09-06 14:26:29,CPSP239A,0101,Heather-Erin Bremenstuhl,10,6,0,2026-09-06 14:32:42
2026-09-06 14:26:29,CPSP269C,0101,Korey Rothman,5,5,0,2026-09-06 14:32:42
2026-09-06 14:26:29,CPSP339P,0101,Susannah Washburn,10,7,0,2026-09-06 14:32:42
2026-09-06 14:26:29,CPSS100,0101,David Tomblin,85,6,0,2026-09-06 14:32:44
2026-09-06 14:26:29,CPSS220,0101,Nicole Mogul,20,2,0,2026-09-06 14:32:44
2026-09-06 14:26:29,CPSS225,0101,Roan Parrish,20,14,0,2026-09-06 14:32:45
2026-09-06 14:26:29,CPSS340,0101,David Tomblin,20,4,0,2026-09-06 14:32:45
2026-09-06 14:26:29,CRLN101,0103,Myles Alexander,25,1,0,2026-09-06 14:32:47
2026-09-06 14:26:29,CRLN101,0104,Tami Smith,26,0,0,2026-09-06 14:32:47
2026-09-06 14:26:29,CRLN101,0105,Denis Garcia Reyes,25,0,0,2026-09-06 14:32:47
2026-09-06 14:26:29,CRLN101,0106,Mitch Woolley,25,4,0,2026-09-06 14:32:47
2026-09-06 14:26:29,CRLN101,0107,Esohe Owie,25,0,0,2026-09-06 14:32:47
2026-09-06 14:26:29,DATA100,0111,Matthew Griffin,33,3,0,2026-09-06 14:32:58
2026-09-06 14:26:29,DATA100,0112,Matthew Griffin,35,2,0,2026-09-06 14:32:58
2026-09-06 14:26:29,DATA100,0121,Matthew Griffin,35,0,0,2026-09-06 14:32:58
2026-09-06 14:26:29,DATA100,0122,Matthew Griffin,33,0,0,2026-09-06 14:32:58
2026-09-06 14:26:29,DATA100,0123,Matthew Griffin,33,0,0,2026-09-06 14:32:58
2026-09-06 14:26:29,DATA100,0124,Matthew Griffin,33,3,0,2026-09-06 14:32:58
2026-09-06 14:26:29,DATA100,0131,Matthew Griffin,33,1,0,2026-09-06 14:32:58
2026-09-06 14:26:29,DATA100,0141,Matthew Griffin,35,0,0,2026-09-06 14:32:58
2026-09-06 14:26:29,DATA100,0142,Matthew Griffin,33,0,0,2026-09-06 14:32:58
2026-09-06 14:26:29,DATA100,0211,Matthew Griffin,33,1,0,2026-09-06 14:32:58
2026-09-06 14:26:29,DATA100,0212,Matthew Griffin,35,0,0,2026-09-06 14:32:58
2026-09-06 14:26:29,DATA100,0221,Matthew Griffin,30,0,0,2026-09-06 14:32:58
2026-09-06 14:26:29,DATA100,0223,Matthew Griffin,32,0,0,2026-09-06 14:32:58
2026-09-06 14:26:29,DATA100,0224,Matthew Griffin,30,0,0,2026-09-06 14:32:58
2026-09-06 14:26:29,DATA100,0231,Matthew Griffin,33,1,0,2026-09-06 14:32:58
2026-09-06 14:26:29,DATA100,0311,Archana Khurana,35,7,0,2026-09-06 14:32:58
2026-09-06 14:26:29,DATA100,0312,Archana Khurana,35,1,0,2026-09-06 14:32:58
2026-09-06 14:26:29,DATA100,0321,Archana Khurana,35,1,0,2026-09-06 14:32:58
2026-09-06 14:26:29,DATA100,0322,Archana Khurana,35,0,0,2026-09-06 14:32:58
2026-09-06 14:26:29,DATA100,0323,Archana Khurana,35,2,0,2026-09-06 14:32:58
2026-09-06 14:26:29,DATA100,0341,Archana Khurana,35,8,0,2026-09-06 14:32:58
2026-09-06 14:26:29,DATA110,0101,Susan Mazzullo,250,20,0,2026-09-06 14:32:58
2026-09-06 14:26:29,DATA120,0101,Fardina Alam,200,0,0,2026-09-06 14:32:58
2026-09-06 14:26:29,DATA200,0101,Fardina Alam,90,31,0,2026-09-06 14:32:59
2026-09-06 14:26:29,DATA250,0101,Todd Rowland,43,7,0,2026-09-06 14:32:59
2026-09-06 14:26:29,DATA320,0101,Maksym Morawski,15,10,0,2026-09-06 14:33:00
2026-09-06 14:26:29,DATA320,0201,Maksym Morawski,20,7,0,2026-09-06 14:33:00
2026-09-06 14:26:29,DATA320,0301,Fardina Alam,20,0,0,2026-09-06 14:33:00
2026-09-06 14:26:29,DATA350,0101,Raluca Rosca,30,10,0,2026-09-06 14:33:00
2026-09-06 14:26:29,DATA350,0201,Jonathan Fernandes,34,2,0,2026-09-06 14:33:00
2026-09-06 14:26:29,DATA400,0111,Salman Safdar,27,0,0,2026-09-06 14:33:00
2026-09-06 14:26:29,DATA400,0112,Salman Safdar,30,3,0,2026-09-06 14:33:00
2026-09-06 14:26:29,DATA400,0121,Salman Safdar,27,1,0,2026-09-06 14:33:00
2026-09-06 14:26:29,DATA400,0122,Salman Safdar,27,4,0,2026-09-06 14:33:00
2026-09-06 14:26:29,DATA400,0131,Salman Safdar,27,1,0,2026-09-06 14:33:00
2026-09-06 14:26:29,DATA400,0132,Salman Safdar,27,8,0,2026-09-06 14:33:00
2026-09-06 14:26:29,DATA400,0211,Timothy Pilachowski,30,3,0,2026-09-06 14:33:00
2026-09-06 14:26:29,DATA400,0212,Timothy Pilachowski,30,4,0,2026-09-06 14:33:00
2026-09-06 14:26:29,DATA400,0221,Timothy Pilachowski,30,2,0,2026-09-06 14:33:00
2026-09-06 14:26:29,DATA400,0222,Timothy Pilachowski,30,1,0,2026-09-06 14:33:00
2026-09-06 14:26:29,DATA400,0231,Timothy Pilachowski,30,1,0,2026-09-06 14:33:00
2026-09-06 14:26:29,DATA400,0232,Timothy Pilachowski,30,0,0,2026-09-06 14:33:00
2026-09-06 14:26:29,DATA400,0311,Mestiyage Gunatilleka,32,0,0,2026-09-06 14:33:00
2026-09-06 14:26:29,DATA400,0312,Mestiyage Gunatilleka,30,0,0,2026-09-06 14:33:00
2026-09-06 14:26:29,DATA400,0321,Mestiyage Gunatilleka,32,0,1,2026-09-06 14:33:00
2026-09-06 14:26:29,DATA400,0322,Mestiyage Gunatilleka,30,0,0,2026-09-06 14:33:00
2026-09-06 14:26:29,DATA400,0331,Mestiyage Gunatilleka,32,0,0,2026-09-06 14:33:00
2026-09-06 14:26:29,DATA400,0332,Mestiyage Gunatilleka,30,0,0,2026-09-06 14:33:00
2026-09-06 14:26:29,DATA400,0511,Shixin Zheng,35,0,1,2026-09-06 14:33:00
2026-09-06 14:26:29,DATA400,0521,Shixin Zheng,35,0,0,2026-09-06 14:33:00
2026-09-06 14:26:29,DATA400,0531,Shixin Zheng,35,0,1,2026-09-06 14:33:00
2026-09-06 14:26:29,DATA601,PCS1,Sandra Cerrai,50,5,0,2026-09-06 14:33:01
2026-09-06 14:26:29,DATA601,PCS2,Jonathan Fernandes,60,20,0,2026-09-06 14:33:01
2026-09-06 14:26:29,DATA601,PWS1,Leonid Koralov,60,3,0,2026-09-06 14:33:01
2026-09-06 14:26:29,DATA602,PCS1,Sujeong Kim,44,5,0,2026-09-06 14:33:01
2026-09-06 14:26:29,DATA602,PCS2,Sujeong Kim,44,8,0,2026-09-06 14:33:01
2026-09-06 14:26:29,DATA602,PWS1,Fardina Alam,44,2,0,2026-09-06 14:33:01
2026-09-06 14:26:29,DATA603,PCS1,Babak Azimi-Sadjadi,55,12,0,2026-09-06 14:33:02
2026-09-06 14:26:29,DATA603,PWS1,Kemal Davaslioglu,55,17,0,2026-09-06 14:33:02
2026-09-06 14:26:29,DATA605,PCS1,Tammy Perrin,44,29,0,2026-09-06 14:33:02
2026-09-06 14:26:29,DATA605,PCS2,Tammy Perrin,44,20,0,2026-09-06 14:33:02
2026-09-06 14:26:29,DATA605,PWS1,Giacinto Paolo Saggese,44,35,0,2026-09-06 14:33:02
2026-09-06 14:26:29,DATA607,PCS1,Mestiyage Gunatilleka,44,27,0,2026-09-06 14:33:02
2026-09-06 14:26:29,DATA607,PCS2,Kendall Williams,55,1,0,2026-09-06 14:33:02
2026-09-06 14:26:29,DATA607,PCS3,Vincent Lyzinski,44,3,0,2026-09-06 14:33:02
2026-09-06 14:26:29,DATA612,PCS1,Samet Ayhan,50,21,0,2026-09-06 14:33:03
2026-09-06 14:26:29,DATA612,PWS1,Samet Ayhan,44,15,0,2026-09-06 14:33:03
2026-09-06 14:26:29,DATA641,PCS1,Toki Inan,50,15,0,2026-09-06 14:33:03
2026-09-06 14:26:29,DATA641,PWS1,Armin Mehrabian,50,0,0,2026-09-06 14:33:03
2026-09-06 14:26:29,DATA643,PCS1,Charles Forgy,50,28,0,2026-09-06 14:33:04
2026-09-06 14:26:29,DATA650,PCS1,Emre Gunduzhan,54,5,0,2026-09-06 14:33:04
2026-09-06 14:26:29,DATA650,PCS2,Emre Gunduzhan,54,8,0,2026-09-06 14:33:04
2026-09-06 14:26:29,ENAI600,0101,C Ravishankar,35,21,0,2026-09-06 14:33:41
2026-09-06 14:26:29,ENAI600,AEC1,C Ravishankar,20,4,0,2026-09-06 14:33:41
2026-09-06 14:26:29,ENAI601,0101,Richard La,35,23,0,2026-09-06 14:33:41
2026-09-06 14:26:29,ENAI601,AEC1,Richard La,20,6,0,2026-09-06 14:33:41
2026-09-06 14:26:29,ENAI607,0101,Zoltan Safar,29,24,0,2026-09-06 14:33:41
2026-09-06 14:26:29,ENAI607,AEC1,Zoltan Safar,20,9,0,2026-09-06 14:33:41
2026-09-06 14:26:29,ENBC301,ESG1,Sivan Saravanapavan,20,9,0,2026-09-06 14:33:43
2026-09-06 14:26:29,ENBC311,ESG1,Bahaa Ghammraoui,20,11,0,2026-09-06 14:33:43
2026-09-06 14:26:29,ENBC322,ESG1,Kyunghun Lee,20,11,0,2026-09-06 14:33:44
2026-09-06 14:26:29,ENBC331,ESG1,Lan Ma,20,10,0,2026-09-06 14:33:44
2026-09-06 14:26:29,ENBC332,ESG1,Jamasp Azarnoosh,20,11,0,2026-09-06 14:33:44
2026-09-06 14:26:29,ENBC341,ESG1,Jarred Callura,20,12,0,2026-09-06 14:33:45
2026-09-06 14:26:29,ENBC353,ESG1,Jarred Callura,20,15,0,2026-09-06 14:33:45
2026-09-06 14:26:29,ENBC399,ESG1,Nan Xu,1,1,0,2026-09-06 14:33:46
2026-09-06 14:26:29,ENBC399,ESG2,Lan Ma,1,0,0,2026-09-06 14:33:46
2026-09-06 14:26:29,ENBC399,ESG3,Jamasp Azarnoosh,1,0,0,2026-09-06 14:33:46
2026-09-06 14:26:29,ENBC399,ESG4,Lan Ma,1,0,0,2026-09-06 14:33:46
2026-09-06 14:26:29,ENBC399,ESG5,Jamasp Azarnoosh,1,0,0,2026-09-06 14:33:46
2026-09-06 14:26:29,ENBC399,ESG6,Jamasp Azarnoosh,1,0,0,2026-09-06 14:33:46
2026-09-06 14:26:29,ENBC399,ESG7,Jamasp Azarnoosh,1,1,0,2026-09-06 14:33:46
2026-09-06 14:26:29,ENBC423,ESG1,Jian Su,20,13,0,2026-09-06 14:33:46
2026-09-06 14:26:29,ENBC425,ESG1,Jamasp Azarnoosh,20,13,0,2026-09-06 14:33:46
2026-09-06 14:26:29,ENBC431,ESG1,Lan Ma,20,13,0,2026-09-06 14:33:47
2026-09-06 14:26:29,ENEB302,ESG1,Wesley Lawson,20,4,0,2026-09-06 14:34:01
2026-09-06 14:26:29,ENEB340,ESG1,Nestor Michael Tiglao,20,4,0,2026-09-06 14:34:02
2026-09-06 14:26:29,ENEB341,ESG1,Nestor Michael Tiglao,20,4,0,2026-09-06 14:34:02
2026-09-06 14:26:29,ENEB344,ESG1,Jerry Wu,20,4,0,2026-09-06 14:34:03
2026-09-06 14:26:29,ENEB346,ESG1,Nestor Michael Tiglao,20,13,0,2026-09-06 14:34:03
2026-09-06 14:26:29,ENEB354,ESG1,Yavuz Oruc,20,4,0,2026-09-06 14:34:04
2026-09-06 14:26:29,ENEB408A,ESG1,Nestor Michael Tiglao,20,13,0,2026-09-06 14:34:04
2026-09-06 14:26:29,ENEB444,ESG1,Manoj Franklin,20,13,0,2026-09-06 14:34:04
2026-09-06 14:26:29,ENEB454,ESG1,Jerry Wu,20,13,0,2026-09-06 14:34:05
2026-09-06 14:26:29,ENED036,0101,Hillary Owusu,20,7,0,2026-09-06 14:34:06
2026-09-06 14:26:29,ENED101,0101,Shannon Bate,20,1,0,2026-09-06 14:34:07
2026-09-06 14:26:29,ENED115,0101,Friedrich Alvarez,100,5,0,2026-09-06 14:34:07
2026-09-06 14:26:29,ENED215,0101,Tyler Huddleston,30,0,0,2026-09-06 14:34:08
2026-09-06 14:26:29,ENED215,0102,Samantha Sabihi,40,24,0,2026-09-06 14:34:08
2026-09-06 14:26:29,ENED215,0103,Paige Smith,6,0,0,2026-09-06 14:34:08
2026-09-06 14:26:29,ENED290H,0101,Christopher Troilo,46,1,0,2026-09-06 14:34:08
2026-09-06 14:26:29,ENED390H,0101,Tony Barber,50,13,0,2026-09-06 14:34:08
2026-09-06 14:26:29,ENED394H,0101,Manmohan Aseri,65,14,0,2026-09-06 14:34:09
2026-09-06 14:26:29,ENED397,0101,Emily Marks,9,0,0,2026-09-06 14:34:09
2026-09-06 14:26:29,ENED490H,0101,Maria Bardossy,45,1,0,2026-09-06 14:34:09
2026-09-06 14:26:29,ENED491,0101,Jessica Roffe,10,1,0,2026-09-06 14:34:10
2026-09-06 14:26:29,ENMT301,ESG1,Colleen Murray,15,8,0,2026-09-06 14:35:22
2026-09-06 14:26:29,ENMT322,ESG1,Norman Wereley,15,8,0,2026-09-06 14:35:22
2026-09-06 14:26:29,ENMT361,ESG1,Young Choi,15,8,0,2026-09-06 14:35:23
2026-09-06 14:26:29,ENMT380,ESG1,Gurtajbir Herr,15,8,0,2026-09-06 14:35:23
2026-09-06 14:26:29,ENMT450,ESG1,Nicholas Limparis,7,5,0,2026-09-06 14:35:23
2026-09-06 14:26:29,ENMT471,ESG1,Colleen Murray,7,5,0,2026-09-06 14:35:24
2026-09-06 14:26:29,ENMT473,ESG1,Gurtajbir Herr,7,4,0,2026-09-06 14:35:24
2026-09-06 14:26:29,ENMT483,ESG1,Nicholas Limparis,7,5,0,2026-09-06 14:35:25
2026-09-06 14:26:29,ENMT499,ESG4,Nicholas Limparis,2,0,0,2026-09-06 14:35:25
2026-09-06 14:26:29,ENSE621,0101,Tony Barber,22,17,0,2026-09-06 14:35:33
2026-09-06 14:26:29,ENSE621,SY01,Tony Barber,15,0,0,2026-09-06 14:35:33
2026-09-06 14:26:29,ENSE623,0101,Steven Biemer,17,14,0,2026-09-06 14:35:33
2026-09-06 14:26:29,ENSE623,SY01,Steven Biemer,15,11,0,2026-09-06 14:35:33
2026-09-06 14:26:29,ENSE626,0101,Dane Cooper,20,16,0,2026-09-06 14:35:34
2026-09-06 14:26:29,ENSE626,SY01,Dane Cooper,15,9,0,2026-09-06 14:35:34
2026-09-06 14:26:29,ENSP101,0101,Annette Spivy,25,0,0,2026-09-06 14:35:36
2026-09-06 14:26:29,ENSP101,0102,Annette Spivy,24,1,0,2026-09-06 14:35:36
2026-09-06 14:26:29,ENSP101,0103,Annette Spivy,24,2,0,2026-09-06 14:35:36
2026-09-06 14:26:29,ENSP101,0104,Annette Spivy,24,0,0,2026-09-06 14:35:36
2026-09-06 14:26:29,ENSP101,0105,Annette Spivy,25,0,0,2026-09-06 14:35:36
2026-09-06 14:26:29,ENSP101,0106,Annette Spivy,24,0,0,2026-09-06 14:35:36
2026-09-06 14:26:29,ENSP101,0107,Annette Spivy,24,0,1,2026-09-06 14:35:36
2026-09-06 14:26:29,ENSP101,FC01,Annette Spivy,32,4,0,2026-09-06 14:35:36
2026-09-06 14:26:29,ENSP305,0101,Annette Spivy,23,0,2,2026-09-06 14:35:36
2026-09-06 14:26:29,ENSP330,0101,Joanna Goger,35,0,0,2026-09-06 14:35:37
2026-09-06 14:26:29,ENSP340,0101,Caroline Boules,25,0,0,2026-09-06 14:35:37
2026-09-06 14:26:29,ENSP360,0101,Leena Malayil,25,0,4,2026-09-06 14:35:37
2026-09-06 14:26:29,ENSP399R,0601,Annette Spivy,10,10,0,2026-09-06 14:35:38
2026-09-06 14:26:29,ENSP399R,1001,Jennifer Mullinax,10,10,0,2026-09-06 14:35:38
2026-09-06 14:26:29,ENSP400,0101,Joanna Goger,35,13,0,2026-09-06 14:35:39
2026-09-06 14:26:29,ENSP400,0102,Joanna Goger,35,10,0,2026-09-06 14:35:39
2026-09-06 14:26:29,ENVH121,FC01,Brienna Anderson,20,12,0,2026-09-06 14:35:55
2026-09-06 14:26:29,ENVH381,0101,Donald Milton,30,10,0,2026-09-06 14:35:56
2026-09-06 14:26:29,FGSM310,0101,Peter Owen,24,0,0,2026-09-06 14:36:02
2026-09-06 14:26:29,FGSM315,0101,Emily Shetty,22,0,0,2026-09-06 14:36:03
2026-09-06 14:26:29,FGSM320,0101,Woodie Kessel,24,2,0,2026-09-06 14:36:03
2026-09-06 14:26:29,FGSM325,0101,Rob Long,20,1,0,2026-09-06 14:36:03
2026-09-06 14:26:29,FGSM330,0101,Andrew Fausett,22,1,0,2026-09-06 14:36:04
2026-09-06 14:26:29,FGSM340,0101,Ed Fendley,22,1,0,2026-09-06 14:36:05
2026-09-06 14:26:29,FGSM350,0101,Sean Misko,22,1,0,2026-09-06 14:36:05
2026-09-06 14:26:29,FGSM355,0101,Amanda Schoch,20,0,0,2026-09-06 14:36:05
2026-09-06 14:26:29,FGSM360,0101,Nadia Farra,21,0,0,2026-09-06 14:36:06
2026-09-06 14:26:29,FGSM365,0101,Andrew Nissen,20,2,0,2026-09-06 14:36:06
2026-09-06 14:26:29,FGSM370,0101,Joshua Glasser,20,0,0,2026-09-06 14:36:08
2026-09-06 14:26:29,FGSM390,0101,Sasha Koo-Oshima,20,3,0,2026-09-06 14:36:08
2026-09-06 14:26:29,FGSM398,0101,Jayakumar Arasan,25,22,0,2026-09-06 14:36:08
2026-09-06 14:26:29,FGSM398,0201,Jayakumar Arasan,5,1,0,2026-09-06 14:36:08
2026-09-06 14:26:29,FIRE120,0101,Jessica O'Hara,36,0,0,2026-09-06 14:36:10
2026-09-06 14:26:29,FIRE120,0102,Shannon Hilton,36,6,0,2026-09-06 14:36:10
2026-09-06 14:26:29,FIRE120,0103,Jaclyn Bruner,36,0,0,2026-09-06 14:36:10
2026-09-06 14:26:29,FIRE120,0104,Danielle Niu,36,0,0,2026-09-06 14:36:10
2026-09-06 14:26:29,FIRE120,0105,Cherisse Hall,36,0,0,2026-09-06 14:36:10
2026-09-06 14:26:29,FIRE120,0106,Sara Strey,36,0,0,2026-09-06 14:36:10
2026-09-06 14:26:29,FIRE120,0107,Helene Nguemgaing,36,1,0,2026-09-06 14:36:10
2026-09-06 14:26:29,FIRE120,0108,Mary Chey,36,1,0,2026-09-06 14:36:10
2026-09-06 14:26:29,FIRE120,0109,Shannon Hilton,36,0,0,2026-09-06 14:36:10
2026-09-06 14:26:29,FIRE120,0110,Lena Johnson,36,0,0,2026-09-06 14:36:10
2026-09-06 14:26:29,FIRE120,0111,Benjamin Huffman,36,0,0,2026-09-06 14:36:10
2026-09-06 14:26:29,FIRE120,0112,Mary Chey,36,0,0,2026-09-06 14:36:10
2026-09-06 14:26:29,FIRE120,0113,Elizabeth Massey,36,8,0,2026-09-06 14:36:10
2026-09-06 14:26:29,FIRE120,0114,Benjamin Huffman,36,0,0,2026-09-06 14:36:10
2026-09-06 14:26:29,FIRE120,FC01,Danielle Niu,40,0,11,2026-09-06 14:36:10
2026-09-06 14:26:29,FIRE298,0101,Catherine Spirito,28,3,0,2026-09-06 14:36:11
2026-09-06 14:26:29,FIRE298,0103,Cherisse Hall,36,8,0,2026-09-06 14:36:11
2026-09-06 14:26:29,FIRE298,0104,Jessica O'Hara,36,4,0,2026-09-06 14:36:11
2026-09-06 14:26:29,FIRE298,0105,Kaylee Bloom,36,7,0,2026-09-06 14:36:11
2026-09-06 14:26:29,FIRE298,0106,Danielle Niu,36,17,0,2026-09-06 14:36:11
2026-09-06 14:26:29,FIRE298,0107,Benjamin Huffman,40,0,0,2026-09-06 14:36:11
2026-09-06 14:26:29,FIRE298,0108,Elizabeth Massey,40,14,0,2026-09-06 14:36:11
2026-09-06 14:26:29,FIRE298,0109,Shannon Hilton,40,6,0,2026-09-06 14:36:11
2026-09-06 14:26:29,FIRE298,0110,Jaclyn Bruner,40,19,0,2026-09-06 14:36:11
2026-09-06 14:26:29,FIRE298,0111,Mary Chey,36,5,0,2026-09-06 14:36:11
2026-09-06 14:26:29,FIRE298,0112,Helene Nguemgaing,40,15,0,2026-09-06 14:36:11
2026-09-06 14:26:29,FIRE298,0113,Kristina Kramarczuk,40,10,0,2026-09-06 14:36:11
2026-09-06 14:26:29,FIRE298,0114,Shabnam Jabeen,40,22,0,2026-09-06 14:36:11
2026-09-06 14:26:29,FIRE298,0115,Sara Strey,40,14,0,2026-09-06 14:36:11
2026-09-06 14:26:29,FIRE298,0116,Lena Johnson,40,4,0,2026-09-06 14:36:11
2026-09-06 14:26:29,FIRE398,0101,Catherine Spirito,15,2,0,2026-09-06 14:36:11
2026-09-06 14:26:29,FIRE398,0103,Cherisse Hall,15,4,0,2026-09-06 14:36:11
2026-09-06 14:26:29,FIRE398,0104,Jessica O'Hara,15,1,0,2026-09-06 14:36:11
2026-09-06 14:26:29,FIRE398,0105,Kaylee Bloom,15,2,0,2026-09-06 14:36:11
2026-09-06 14:26:29,FIRE398,0106,Danielle Niu,15,10,0,2026-09-06 14:36:11
2026-09-06 14:26:29,FIRE398,0107,Benjamin Huffman,15,3,0,2026-09-06 14:36:11
2026-09-06 14:26:29,FIRE398,0108,Elizabeth Massey,15,6,0,2026-09-06 14:36:11
2026-09-06 14:26:29,FIRE398,0109,Shannon Hilton,15,6,0,2026-09-06 14:36:11
2026-09-06 14:26:29,FIRE398,0110,Jaclyn Bruner,15,9,0,2026-09-06 14:36:11
2026-09-06 14:26:29,FIRE398,0111,Mary Chey,15,3,0,2026-09-06 14:36:11
2026-09-06 14:26:29,FIRE398,0112,Helene Nguemgaing,15,15,0,2026-09-06 14:36:11
2026-09-06 14:26:29,FIRE398,0113,Kristina Kramarczuk,15,7,0,2026-09-06 14:36:11
2026-09-06 14:26:29,FIRE398,0114,Shabnam Jabeen,15,15,0,2026-09-06 14:36:11
2026-09-06 14:26:29,FIRE398,0115,Sara Strey,15,14,0,2026-09-06 14:36:11
2026-09-06 14:26:29,FIRE398,0116,Lena Johnson,15,11,0,2026-09-06 14:36:11
2026-09-06 14:26:29,GBHL200,0101,Hassanatu Blake,30,0,0,2026-09-06 14:36:35
2026-09-06 14:26:29,GBHL200,FC01,Zandra Andre,25,3,0,2026-09-06 14:36:35
2026-09-06 14:26:29,GBHL210,0101,Leena Malayil,25,9,0,2026-09-06 14:36:35
2026-09-06 14:26:29,GBHL399,0101,Hassanatu Blake,3,3,0,2026-09-06 14:36:36
2026-09-06 14:26:29,GBHL399,0111,Dina Borzekowski,5,5,0,2026-09-06 14:36:36
2026-09-06 14:26:29,GEMS101,0101,Allison Lansverk,10,1,0,2026-09-06 14:36:38
2026-09-06 14:26:29,GEMS101,0103,Allison Lansverk,10,0,0,2026-09-06 14:36:38
2026-09-06 14:26:29,GEMS101,0104,Allison Lansverk,10,0,0,2026-09-06 14:36:38
2026-09-06 14:26:29,GEMS101,0105,Allison Lansverk,10,0,0,2026-09-06 14:36:38
2026-09-06 14:26:29,GEMS101,0106,Allison Lansverk,10,0,0,2026-09-06 14:36:38
2026-09-06 14:26:29,GEMS101,0107,Allison Lansverk,10,0,0,2026-09-06 14:36:38
2026-09-06 14:26:29,GEMS101,0109,Allison Lansverk,10,0,0,2026-09-06 14:36:38
2026-09-06 14:26:29,GEMS101,0111,Allison Lansverk,10,0,0,2026-09-06 14:36:38
2026-09-06 14:26:29,GEMS101,0113,Allison Lansverk,10,0,0,2026-09-06 14:36:38
2026-09-06 14:26:29,GEMS101,0114,Allison Lansverk,10,1,0,2026-09-06 14:36:38
2026-09-06 14:26:29,GEMS202,0101,Allison Lansverk,168,43,0,2026-09-06 14:36:38
2026-09-06 14:26:29,GEMS208A,0101,Allison Lansverk,14,14,0,2026-09-06 14:36:39
2026-09-06 14:26:29,GEMS208B,0101,Allison Lansverk,14,14,0,2026-09-06 14:36:39
2026-09-06 14:26:29,GEMS208C,0101,Allison Lansverk,23,12,0,2026-09-06 14:36:40
2026-09-06 14:26:29,GEMS208D,0101,Allison Lansverk,10,10,0,2026-09-06 14:36:40
2026-09-06 14:26:29,GEMS208P,0101,Allison Lansverk,20,8,0,2026-09-06 14:36:40
2026-09-06 14:26:29,GEMS296,0101,Sehrish Shikarpurya,14,5,0,2026-09-06 14:36:41
2026-09-06 14:26:29,GEMS296,0102,David Lovell,14,1,0,2026-09-06 14:36:41
2026-09-06 14:26:29,GEMS296,0103,Myles Poulin,14,1,0,2026-09-06 14:36:41
2026-09-06 14:26:29,GEMS296,0104,Raymond Adomaitis,14,3,0,2026-09-06 14:36:41
2026-09-06 14:26:29,GEMS296,0105,Rodolphe Gentili,14,4,0,2026-09-06 14:36:41
2026-09-06 14:26:29,GEMS296,0106,Jared Grauer,14,6,0,2026-09-06 14:36:41
2026-09-06 14:26:29,GEMS296,0107,Fengfeng Ke,14,4,0,2026-09-06 14:36:41
2026-09-06 14:26:29,GEMS296,0108,Eric Silk,14,4,0,2026-09-06 14:36:41
2026-09-06 14:26:29,GEMS296,0109,Huang Chiao Huang,14,1,0,2026-09-06 14:36:41
2026-09-06 14:26:29,GEMS296,0110,Mengqiang Zhu,14,6,0,2026-09-06 14:36:41
2026-09-06 14:26:29,GEMS296,0111,Maria Molina,14,6,0,2026-09-06 14:36:41
2026-09-06 14:26:29,GEMS296,0112,Youssef Kousa,14,2,0,2026-09-06 14:36:41
2026-09-06 14:26:29,GEMS296,0113,Instructor: TBA,5,5,0,2026-09-06 14:36:41
2026-09-06 14:26:29,GEMS296,0114,Instructor: TBA,14,14,0,2026-09-06 14:36:41
2026-09-06 14:26:29,GEMS296,0115,David Lovell,5,5,0,2026-09-06 14:36:41
2026-09-06 14:26:29,GEMS297,0113,Instructor: TBA,5,5,0,2026-09-06 14:36:41
2026-09-06 14:26:29,GEMS396,0101,Michael Humber,14,7,0,2026-09-06 14:36:41
2026-09-06 14:26:29,GEMS396,0102,Joshua Weitz,14,2,0,2026-09-06 14:36:41
2026-09-06 14:26:29,GEMS396,0103,Cecilia Huertas Cerdeira,14,8,0,2026-09-06 14:36:41
2026-09-06 14:26:29,GEMS396,0104,Rodolphe Gentili,14,3,0,2026-09-06 14:36:41
2026-09-06 14:26:29,GEMS396,0105,Allison Reilly,14,5,0,2026-09-06 14:36:41
2026-09-06 14:26:29,GEMS396,0106,Peter Sunderland,14,5,0,2026-09-06 14:36:41
2026-09-06 14:26:29,GEMS396,0107,Brett Lacey,14,8,0,2026-09-06 14:36:41
2026-09-06 14:26:29,GEMS396,0108,Natalia Buzulukova,14,4,0,2026-09-06 14:36:41
2026-09-06 14:26:29,GEMS396,0109,Anil Deane,14,4,0,2026-09-06 14:36:41
2026-09-06 14:26:29,GEMS396,0110,Colenso Speer,14,3,0,2026-09-06 14:36:41
2026-09-06 14:26:29,GEMS396,0111,Instructor: TBA,14,14,0,2026-09-06 14:36:41
2026-09-06 14:26:29,GEMS396,0112,Instructor: TBA,14,14,0,2026-09-06 14:36:41
2026-09-06 14:26:29,GEMS396,0113,David Lovell,5,5,0,2026-09-06 14:36:41
2026-09-06 14:26:29,GEMS396,0114,David Lovell,5,5,0,2026-09-06 14:36:41
2026-09-06 14:26:29,GEMS397,0113,David Lovell,5,4,0,2026-09-06 14:36:42
2026-09-06 14:26:29,GEMS496,0101,Eric Haag,14,7,0,2026-09-06 14:36:42
2026-09-06 14:26:29,GEMS496,0102,Mohammad Nayeem Teli,14,11,0,2026-09-06 14:36:42
2026-09-06 14:26:29,GEMS496,0103,Norberto Gonzalez- Juarbe,14,4,0,2026-09-06 14:36:42
2026-09-06 14:26:29,GEMS496,0104,Abhinav Shrivastava,14,6,0,2026-09-06 14:36:42
2026-09-06 14:26:29,GEMS496,0105,Hector Alcala,14,4,0,2026-09-06 14:36:42
2026-09-06 14:26:29,GEMS496,0106,Massimo Ricotti,14,5,0,2026-09-06 14:36:42
2026-09-06 14:26:29,GEMS496,0107,Reza Ghodssi,14,7,0,2026-09-06 14:36:42
2026-09-06 14:26:29,GEMS496,0108,Nikhil Chopra,14,8,0,2026-09-06 14:36:42
2026-09-06 14:26:29,GEMS496,0109,Kimberly Stroka,14,5,0,2026-09-06 14:36:42
2026-09-06 14:26:29,GEMS496,0110,Gorjan Alagic,14,13,0,2026-09-06 14:36:42
2026-09-06 14:26:29,GEMS496,0111,Alisa Clyne,14,6,0,2026-09-06 14:36:42
2026-09-06 14:26:29,GEMS496,0112,Xin Zan,14,10,0,2026-09-06 14:36:42
2026-09-06 14:26:29,GEMS496,0113,Erin Tran,14,14,0,2026-09-06 14:36:42
2026-09-06 14:26:29,GEMS496,0114,David Lovell,5,5,0,2026-09-06 14:36:42
2026-09-06 14:26:29,GEMS497,0107,Instructor: TBA,14,14,0,2026-09-06 14:36:43
2026-09-06 14:26:29,GEMS497,0110,Instructor: TBA,5,5,0,2026-09-06 14:36:43
2026-09-06 14:26:29,GEMS497,0113,David Lovell,5,5,0,2026-09-06 14:36:43
2026-09-06 14:26:29,GFPL100,0101,Joshua Itzkowitz Shifrinson,20,0,0,2026-09-06 14:37:10
2026-09-06 14:26:29,GFPL100,0102,Joshua Itzkowitz Shifrinson,20,1,0,2026-09-06 14:37:10
2026-09-06 14:26:29,GFPL100,0103,Joshua Itzkowitz Shifrinson,20,0,0,2026-09-06 14:37:10
2026-09-06 14:26:29,GFPL100,0104,Joshua Itzkowitz Shifrinson,20,0,0,2026-09-06 14:37:10
2026-09-06 14:26:29,GFPL100,0105,Joshua Itzkowitz Shifrinson,20,2,0,2026-09-06 14:37:10
2026-09-06 14:26:29,GFPL100,0106,Joshua Itzkowitz Shifrinson,25,1,0,2026-09-06 14:37:10
2026-09-06 14:26:29,GFPL100,FC01,Devin Entrikin,30,0,1,2026-09-06 14:37:10
2026-09-06 14:26:29,GFPL102,0101,Caroline Ritter,95,25,0,2026-09-06 14:37:10
2026-09-06 14:26:29,GFPL371,0101,Joshua Itzkowitz Shifrinson,35,0,1,2026-09-06 14:37:10
2026-09-06 14:26:29,GFPL388A,0101,Shannon Carcelli,5,5,0,2026-09-06 14:37:11
2026-09-06 14:26:29,GFPL388B,0101,Hyunki Kim,5,5,0,2026-09-06 14:37:11
2026-09-06 14:26:29,GFPL388C,0101,Scott Kastner,5,0,0,2026-09-06 14:37:11
2026-09-06 14:26:29,GFPL390,0101,Lena Andrews,20,0,1,2026-09-06 14:37:12
2026-09-06 14:26:29,GFPL490,0101,Michael Woldemariam,15,1,0,2026-09-06 14:37:12
2026-09-06 14:26:29,GFPL492,0101,Steve Fetter,20,1,0,2026-09-06 14:37:13
2026-09-06 14:26:29,GLBC200,0101,Chris Lewis,30,1,0,2026-09-06 14:37:14
2026-09-06 14:26:29,GLBC350,0101,Michele Mason,30,27,0,2026-09-06 14:37:15
2026-09-06 14:26:29,HACS100,0101,Cassie Harrington,40,2,0,2026-09-06 14:37:30
2026-09-06 14:26:29,HACS100,0201,Cassie Harrington,40,14,0,2026-09-06 14:37:30
2026-09-06 14:26:29,HACS200,0101,Michel Cukier,34,10,0,2026-09-06 14:37:31
2026-09-06 14:26:29,HACS200,0201,Michel Cukier,34,1,0,2026-09-06 14:37:31
2026-09-06 14:26:29,HACS202,0101,Bertrand Sobesto,52,19,0,2026-09-06 14:37:32
2026-09-06 14:26:29,HACS208A,0101,Lawrence Gordon,20,0,2,2026-09-06 14:37:32
2026-09-06 14:26:29,HACS208C,0101,Lamia Zia,26,9,0,2026-09-06 14:37:33
2026-09-06 14:26:29,HACS208P,0101,Charles Harry,26,0,0,2026-09-06 14:37:33
2026-09-06 14:26:29,HACS297,0101,Sarah Herberger,25,5,0,2026-09-06 14:37:34
2026-09-06 14:26:29,HACS408E,0101,Luke Mains,30,11,0,2026-09-06 14:37:35
2026-09-06 14:26:29,HACS408L,0101,Ian Serbin,30,3,0,2026-09-06 14:37:35
2026-09-06 14:26:29,HACS408M,0101,John McGahagan,30,1,0,2026-09-06 14:37:35
2026-09-06 14:26:29,HACS498,0101,Thomas Woods,7,1,0,2026-09-06 14:37:37
2026-09-06 14:26:29,HACS498,0201,David Trott,9,0,0,2026-09-06 14:37:37
2026-09-06 14:26:29,HACS498,0301,Michel Cukier,8,0,0,2026-09-06 14:37:37
2026-09-06 14:26:29,HBUS100,0101,Jui Ramaprasad,72,4,0,2026-09-06 14:37:38
2026-09-06 14:26:29,HBUS200,0101,Nicole Coomber,60,1,0,2026-09-06 14:37:39
2026-09-06 14:26:29,HDCC105,0101,Antwon Key,70,7,0,2026-09-06 14:37:40
2026-09-06 14:26:29,HDCC201,0101,Jessica Lu,22,0,0,2026-09-06 14:37:41
2026-09-06 14:26:29,HDCC201,0201,Jessica Lu,22,0,0,2026-09-06 14:37:41
2026-09-06 14:26:29,HDCC201,0301,Jessica Lu,22,3,0,2026-09-06 14:37:41
2026-09-06 14:26:29,HDCC208A,0101,William Evans,14,0,0,2026-09-06 14:37:41
2026-09-06 14:26:29,HDCC208J,0101,Grant Bollmer,14,0,0,2026-09-06 14:37:41
2026-09-06 14:26:29,HDCC208P,0101,Cliff Bakalian,14,0,0,2026-09-06 14:37:42
2026-09-06 14:26:29,HDCC208T,0101,Jonathan Reyes,14,0,0,2026-09-06 14:37:42
2026-09-06 14:26:29,HDCC208Z,0101,M Sauter,14,7,0,2026-09-06 14:37:43
2026-09-06 14:26:29,HDCC379,0101,Antwon Key,5,4,0,2026-09-06 14:37:43
2026-09-06 14:26:29,HEBR106,0101,Avital Karpman,15,2,0,2026-09-06 14:37:45
2026-09-06 14:26:29,HEBR106,0201,Avital Karpman,15,6,0,2026-09-06 14:37:45
2026-09-06 14:26:29,HEBR206,0101,Avital Karpman,15,7,0,2026-09-06 14:37:45
2026-09-06 14:26:29,HEBR249C,0101,Aliza Sandalon,15,0,0,2026-09-06 14:37:46
2026-09-06 14:26:29,HEBR298B,0101,Matthew Suriano,25,0,0,2026-09-06 14:37:46
2026-09-06 14:26:29,HEBR313,0101,Aliza Sandalon,20,0,3,2026-09-06 14:37:46
2026-09-06 14:26:29,HGLO100,0101,Alfredo Oliveira,22,7,0,2026-09-06 14:38:05
2026-09-06 14:26:29,HGLO100,0102,Natalie Vinski Ibrahim,22,8,0,2026-09-06 14:38:05
2026-09-06 14:26:29,HGLO100,0103,Natalie Vinski Ibrahim,22,1,0,2026-09-06 14:38:05
2026-09-06 14:26:29,HGLO100,0104,Alfredo Oliveira,22,11,0,2026-09-06 14:38:05
2026-09-06 14:26:29,HGLO101,0101,Sarah Croco,23,2,0,2026-09-06 14:38:05
2026-09-06 14:26:29,HGLO101,0102,Sarah Croco,22,9,0,2026-09-06 14:38:05
2026-09-06 14:26:29,HGLO101,0103,Sarah Croco,22,5,0,2026-09-06 14:38:05
2026-09-06 14:26:29,HGLO101,0104,Sarah Croco,22,13,0,2026-09-06 14:38:05
2026-09-06 14:26:29,HGLO207,0101,Natalie Vinski Ibrahim,25,12,0,2026-09-06 14:38:06
2026-09-06 14:26:29,HGLO208,0101,Alfredo Oliveira,45,25,0,2026-09-06 14:38:09
2026-09-06 14:26:29,HGLO298,0101,Jordan Gouws-Dewar,30,25,0,2026-09-06 14:38:09
2026-09-06 14:26:29,HLSC100,0101,Jalah Townsend,24,3,0,2026-09-06 14:39:00
2026-09-06 14:26:29,HLSC100,0102,Jalah Townsend,24,2,0,2026-09-06 14:39:00
2026-09-06 14:26:29,HLSC100,0103,Jalah Townsend,24,4,0,2026-09-06 14:39:00
2026-09-06 14:26:29,HLSC100,0104,Jalah Townsend,24,7,0,2026-09-06 14:39:00
2026-09-06 14:26:29,HLSC280,0101,Najib El-Sayed,25,3,0,2026-09-06 14:39:01
2026-09-06 14:26:29,HLSC280,0102,Najib El-Sayed,25,4,0,2026-09-06 14:39:01
2026-09-06 14:26:29,HLSC280,0103,Najib El-Sayed,25,4,0,2026-09-06 14:39:01
2026-09-06 14:26:29,HLSC280,0104,Najib El-Sayed,25,9,0,2026-09-06 14:39:01
2026-09-06 14:26:29,HLSC329,0101,Sabrina Kramer,12,4,0,2026-09-06 14:39:01
2026-09-06 14:26:29,HNUH100,0101,Robert Graham,20,3,0,2026-09-06 14:39:18
2026-09-06 14:26:29,HNUH100,0102,Robert Graham,20,0,0,2026-09-06 14:39:18
2026-09-06 14:26:29,HNUH100,0103,Brittany Proudfoot Ginder,20,1,0,2026-09-06 14:39:18
2026-09-06 14:26:29,HNUH100,0104,Max Barnewitz,20,1,0,2026-09-06 14:39:18
2026-09-06 14:26:29,HNUH100,0105,Vasfiye Toprak,20,0,0,2026-09-06 14:39:18
2026-09-06 14:26:29,HNUH100,0106,Vasfiye Toprak,20,1,0,2026-09-06 14:39:18
2026-09-06 14:26:29,HNUH100,0201,Max Barnewitz,20,1,0,2026-09-06 14:39:18
2026-09-06 14:26:29,HNUH100,0202,Max Barnewitz,20,0,0,2026-09-06 14:39:18
2026-09-06 14:26:29,HNUH100,0203,Vasfiye Toprak,20,1,0,2026-09-06 14:39:18
2026-09-06 14:26:29,HNUH100,0204,Vasfiye Toprak,20,0,0,2026-09-06 14:39:18
2026-09-06 14:26:29,HNUH100,0205,Ayondela McDole,20,2,0,2026-09-06 14:39:18
2026-09-06 14:26:29,HNUH100,0206,Ayondela McDole,20,0,0,2026-09-06 14:39:18
2026-09-06 14:26:29,HNUH100,0301,Robert Graham,20,1,0,2026-09-06 14:39:18
2026-09-06 14:26:29,HNUH100,0302,Shauna Rigaud,20,8,0,2026-09-06 14:39:18
2026-09-06 14:26:29,HNUH100,0303,Shauna Rigaud,20,1,0,2026-09-06 14:39:18
2026-09-06 14:26:29,HNUH100,0304,Max Barnewitz,20,3,0,2026-09-06 14:39:18
2026-09-06 14:26:29,HNUH100,0305,Vasfiye Toprak,20,0,0,2026-09-06 14:39:18
2026-09-06 14:26:29,HNUH100,0306,Vasfiye Toprak,20,2,0,2026-09-06 14:39:18
2026-09-06 14:26:29,HNUH100,0401,Gretchen Bella,20,0,0,2026-09-06 14:39:18
2026-09-06 14:26:29,HNUH100,0402,Gretchen Bella,20,6,0,2026-09-06 14:39:18
2026-09-06 14:26:29,HNUH100,0403,Max Barnewitz,20,1,0,2026-09-06 14:39:18
2026-09-06 14:26:29,HNUH100,0404,Ayondela McDole,20,6,0,2026-09-06 14:39:18
2026-09-06 14:26:29,HNUH100,0405,Ayondela McDole,20,0,0,2026-09-06 14:39:18
2026-09-06 14:26:29,HNUH100,0406,Ayondela McDole,20,4,0,2026-09-06 14:39:18
2026-09-06 14:26:29,HNUH100,0501,Leigha McReynolds,10,3,0,2026-09-06 14:39:18
2026-09-06 14:26:29,HNUH100,0601,Brittany Proudfoot Ginder,20,0,0,2026-09-06 14:39:18
2026-09-06 14:26:29,HNUH218D,0101,Brian Gilmore,48,0,2,2026-09-06 14:39:19
2026-09-06 14:26:29,HNUH218L,0101,Shauna Rigaud,20,0,0,2026-09-06 14:39:19
2026-09-06 14:26:29,HNUH218L,0201,Shauna Rigaud,20,0,1,2026-09-06 14:39:19
2026-09-06 14:26:29,HNUH228D,0101,Matthew McLaughlin,60,0,0,2026-09-06 14:39:20
2026-09-06 14:26:29,HNUH228L,0101,Alena Wigodner,20,0,0,2026-09-06 14:39:20
2026-09-06 14:26:29,HNUH228L,0201,Alena Wigodner,20,0,0,2026-09-06 14:39:20
2026-09-06 14:26:29,HNUH228N,0101,Peter Grybauskas,20,0,0,2026-09-06 14:39:20
2026-09-06 14:26:29,HNUH229I,0101,Gretchen Bella,20,0,0,2026-09-06 14:39:21
2026-09-06 14:26:29,HNUH238D,0101,Susan Moeller,60,0,0,2026-09-06 14:39:21
2026-09-06 14:26:29,HNUH238L,0101,Kimberly Johnson,20,2,0,2026-09-06 14:39:21
2026-09-06 14:26:29,HNUH238L,0201,Kimberly Johnson,20,0,0,2026-09-06 14:39:21
2026-09-06 14:26:29,HNUH238N,0101,Hannah Wegmann,20,6,0,2026-09-06 14:39:22
2026-09-06 14:26:29,HNUH239T,0101,Gerald Suarez,20,0,0,2026-09-06 14:39:23
2026-09-06 14:26:29,HNUH248D,0101,Juan Uriagereka,45,0,0,2026-09-06 14:39:23
2026-09-06 14:26:29,HNUH248L,0201,Robert Graham,20,6,0,2026-09-06 14:39:24
2026-09-06 14:26:29,HNUH248M,0101,Hassanatu Blake,20,13,0,2026-09-06 14:39:24
2026-09-06 14:26:29,HNUH248N,0101,Siv Lie,20,0,2,2026-09-06 14:39:24
2026-09-06 14:26:29,HNUH249P,0101,Temim Nusraty,20,2,0,2026-09-06 14:39:25
2026-09-06 14:26:29,HNUH258C,0101,Bill Fagan,55,27,0,2026-09-06 14:39:25
2026-09-06 14:26:29,HNUH258Q,0101,Tiara Thomas,20,1,0,2026-09-06 14:39:25
2026-09-06 14:26:29,HNUH259P,0101,Hooman Koliji,20,2,0,2026-09-06 14:39:26
2026-09-06 14:26:29,HNUH268C,0101,Perla Guerrero,60,35,0,2026-09-06 14:39:26
2026-09-06 14:26:29,HNUH269P,0101,Marisa Franco,20,0,2,2026-09-06 14:39:26
2026-09-06 14:26:29,HNUH278C,0101,Chinyere Osuji,60,38,0,2026-09-06 14:39:27
2026-09-06 14:26:29,HNUH278I,0101,Marisa Franco,20,4,0,2026-09-06 14:39:27
2026-09-06 14:26:29,HNUH278I,0102,Marisa Franco,20,1,0,2026-09-06 14:39:27
2026-09-06 14:26:29,HNUH278R,0101,Max Barnewitz,20,3,0,2026-09-06 14:39:27
2026-09-06 14:26:29,HNUH288C,0101,Julia Steinberg,30,3,0,2026-09-06 14:39:28
2026-09-06 14:26:29,HNUH288C,0103,Julia Steinberg,30,9,0,2026-09-06 14:39:28
2026-09-06 14:26:29,HNUH288O,0101,Ariana Nash,20,1,0,2026-09-06 14:39:28
2026-09-06 14:26:29,HNUH300,0301,Vasfiye Toprak,20,0,0,2026-09-06 14:39:29
2026-09-06 14:26:29,HNUH300,0401,Robert Graham,20,0,0,2026-09-06 14:39:29
2026-09-06 14:26:29,HNUH300,0601,Alena Wigodner,20,0,0,2026-09-06 14:39:29
2026-09-06 14:26:29,HNUH300,0701,Ingrid Satelmajer,20,13,0,2026-09-06 14:39:29
2026-09-06 14:26:29,HNUH300,0801,Shauna Rigaud,20,0,0,2026-09-06 14:39:29
2026-09-06 14:26:29,HNUH300,0901,Kimberly Johnson,20,5,0,2026-09-06 14:39:29
2026-09-06 14:26:29,HNUH300,1001,Ingrid Satelmajer,20,14,0,2026-09-06 14:39:29
2026-09-06 14:26:29,HNUH318T,0101,Peter Owen,24,0,0,2026-09-06 14:39:29
2026-09-06 14:26:29,HNUH319T,0101,Emily Shetty,22,0,0,2026-09-06 14:39:29
2026-09-06 14:26:29,HNUH328T,0101,Woodie Kessel,24,2,0,2026-09-06 14:39:30
2026-09-06 14:26:29,HNUH329T,0101,Rob Long,20,1,0,2026-09-06 14:39:32
2026-09-06 14:26:29,HNUH338T,0101,Andrew Fausett,22,1,0,2026-09-06 14:39:32
2026-09-06 14:26:29,HNUH348T,0101,Ed Fendley,22,1,0,2026-09-06 14:39:32
2026-09-06 14:26:29,HNUH358T,0101,Sean Misko,22,1,0,2026-09-06 14:39:33
2026-09-06 14:26:29,HNUH359T,0101,Amanda Schoch,20,0,0,2026-09-06 14:39:33
2026-09-06 14:26:29,HNUH368T,0101,Nadia Farra,21,0,0,2026-09-06 14:39:34
2026-09-06 14:26:29,HNUH369T,0101,Andrew Nissen,20,2,0,2026-09-06 14:39:34
2026-09-06 14:26:29,HNUH378T,0101,Joshua Glasser,20,0,0,2026-09-06 14:39:34
2026-09-06 14:26:29,HNUH398P,0101,Jayakumar Arasan,25,22,0,2026-09-06 14:39:35
2026-09-06 14:26:29,HNUH398P,0201,Jayakumar Arasan,5,1,0,2026-09-06 14:39:35
2026-09-06 14:26:29,HNUH398T,0101,Sasha Koo-Oshima,20,3,0,2026-09-06 14:39:35
2026-09-06 14:26:29,HONR368A,0101,Blake Wilder,22,1,0,2026-09-06 14:39:37
2026-09-06 14:26:29,IMDM101,0101,Mollye Bendell,30,15,0,2026-09-06 14:39:42
2026-09-06 14:26:29,IMDM101,0201,Myungin Lee,30,17,0,2026-09-06 14:39:42
2026-09-06 14:26:29,IMDM101,0301,Myungin Lee,30,23,0,2026-09-06 14:39:42
2026-09-06 14:26:29,IMDM127,0101,Roger Eastman,36,19,0,2026-09-06 14:39:42
2026-09-06 14:26:29,IMDM150,0101,Stefano Passeri,30,16,0,2026-09-06 14:39:43
2026-09-06 14:26:29,IMDM227,0101,Stevens Miller,30,1,0,2026-09-06 14:39:43
2026-09-06 14:26:29,IMDM227,0201,Stevens Miller,30,19,0,2026-09-06 14:39:43
2026-09-06 14:26:29,IMDM327,0101,Myungin Lee,25,0,0,2026-09-06 14:39:43
2026-09-06 14:26:29,IMDM350,0101,Jason Farman,29,12,0,2026-09-06 14:39:44
2026-09-06 14:26:29,IMDM490,0101,Matthew Nolan,30,0,0,2026-09-06 14:39:45
2026-09-06 14:26:29,IMDM490,0201,Matthew Nolan,30,16,0,2026-09-06 14:39:45
2026-09-06 14:26:29,IMDM498K,0101,Matthew Nolan,15,0,0,2026-09-06 14:39:45
2026-09-06 14:26:29,IMMR319D,0101,Beka Guluma,20,12,0,2026-09-06 14:39:47
2026-09-06 14:26:29,IMMR394,0101,Wenxi Yang,30,2,0,2026-09-06 14:39:47
2026-09-06 14:26:29,IMMR399,0101,Instructor: TBA,2,2,0,2026-09-06 14:39:48
2026-09-06 14:26:29,IMMR400,0101,Gerson Rosales,20,2,0,2026-09-06 14:39:48
2026-09-06 14:26:29,ISRL249J,0101,Aner Tal,30,24,0,2026-09-06 14:40:03
2026-09-06 14:26:29,ISRL249M,0101,Aliza Sandalon,15,0,0,2026-09-06 14:40:03
2026-09-06 14:26:29,ISRL283,0101,Shay Hazkani,35,2,0,2026-09-06 14:40:04
2026-09-06 14:26:29,ISRL349G,0101,Marwa Maziad,30,2,0,2026-09-06 14:40:04
2026-09-06 14:26:29,ISRL349K,0101,Regev Ben-David,30,23,0,2026-09-06 14:40:05
2026-09-06 14:26:29,ISRL349T,0101,Elli Lieberman,35,20,0,2026-09-06 14:40:05
2026-09-06 14:26:29,ISRL349Y,0101,Adina Friedman,35,26,0,2026-09-06 14:40:05
2026-09-06 14:26:29,ISRL382,0101,Ilai Saltzman,35,0,0,2026-09-06 14:40:06
2026-09-06 14:26:29,ISRL448R,0101,Morad Elsana,25,9,0,2026-09-06 14:40:06
2026-09-06 14:26:29,ITAL103,0101,Antonella D'Amario,18,14,0,2026-09-06 14:40:08
2026-09-06 14:26:29,ITAL103,0201,Antonella D'Amario,18,5,0,2026-09-06 14:40:08
2026-09-06 14:26:29,ITAL103,0301,Joseph Falvo,18,7,0,2026-09-06 14:40:08
2026-09-06 14:26:29,ITAL203,0101,Antonella D'Amario,18,9,0,2026-09-06 14:40:08
2026-09-06 14:26:29,ITAL203,0201,Antonella D'Amario,18,13,0,2026-09-06 14:40:08
2026-09-06 14:26:29,ITAL204,0101,Federica Soddu,18,14,0,2026-09-06 14:40:09
2026-09-06 14:26:29,ITAL207,0101,Mirella Vaglio,18,17,0,2026-09-06 14:40:09
2026-09-06 14:26:29,ITAL301,0101,Federica Soddu,20,12,0,2026-09-06 14:40:09
2026-09-06 14:26:29,ITAL362,0101,Federica Soddu,20,11,0,2026-09-06 14:40:10
2026-09-06 14:26:29,ITAL401,0101,Mirella Vaglio,15,12,0,2026-09-06 14:40:11
2026-09-06 14:26:29,ITAL421,0101,Joseph Falvo,25,14,0,2026-09-06 14:40:11
2026-09-06 14:26:29,ITAL478R,0101,Joseph Falvo,5,3,0,2026-09-06 14:40:11
2026-09-06 14:26:29,JAPN101,0101,Kumiko Akikawa,15,3,0,2026-09-06 14:40:13
2026-09-06 14:26:29,JAPN101,0201,Kumiko Akikawa,15,6,0,2026-09-06 14:40:13
2026-09-06 14:26:29,JAPN101,0301,Kumiko Akikawa,15,5,0,2026-09-06 14:40:13
2026-09-06 14:26:29,JAPN201,0101,Makiko Inoue,15,5,0,2026-09-06 14:40:14
2026-09-06 14:26:29,JAPN201,0201,Makiko Inoue,15,8,0,2026-09-06 14:40:14
2026-09-06 14:26:29,JAPN301,0101,Mari Hamada,15,9,0,2026-09-06 14:40:14
2026-09-06 14:26:29,JAPN311,0101,Jyana Browne,15,11,0,2026-09-06 14:40:15
2026-09-06 14:26:29,JAPN315,0101,Michele Mason,20,4,0,2026-09-06 14:40:15
2026-09-06 14:26:29,JAPN320,0101,Lindsay Yotsukura,15,9,0,2026-09-06 14:40:15
2026-09-06 14:26:29,JAPN498B,0101,Jyana Browne,20,2,0,2026-09-06 14:40:16
2026-09-06 14:26:29,KORA101,0101,Saerom Kwak,15,0,1,2026-09-06 14:41:12
2026-09-06 14:26:29,KORA101,0201,Saerom Kwak,15,3,0,2026-09-06 14:41:12
2026-09-06 14:26:29,KORA101,0301,Saerom Kwak,15,6,0,2026-09-06 14:41:12
2026-09-06 14:26:29,KORA101,0401,Saerom Kwak,15,5,0,2026-09-06 14:41:12
2026-09-06 14:26:29,KORA201,0101,Seong Minne Koh,15,4,0,2026-09-06 14:41:12
2026-09-06 14:26:29,KORA201,0201,Seong Minne Koh,15,5,0,2026-09-06 14:41:12
2026-09-06 14:26:29,KORA201,0301,Seong Minne Koh,15,8,0,2026-09-06 14:41:12
2026-09-06 14:26:29,KORA398G,0101,Instructor: TBA,10,7,0,2026-09-06 14:41:13
2026-09-06 14:26:29,KORA398W,0101,Seong Minne Koh,10,4,0,2026-09-06 14:41:13
2026-09-06 14:26:29,LEAD217,0101,Festus Ainoo,25,0,0,2026-09-06 14:41:32
2026-09-06 14:26:29,LEAD217,0201,Adrian Bitton,25,0,0,2026-09-06 14:41:32
2026-09-06 14:26:29,LEAD217,FC01,Festus Ainoo,22,0,0,2026-09-06 14:41:32
2026-09-06 14:26:29,LEAD305,0101,Anastasia Lavrenyuk,20,4,0,2026-09-06 14:41:32
2026-09-06 14:26:29,LEAD315,0101,Anastasia Lavrenyuk,25,11,0,2026-09-06 14:41:33
2026-09-06 14:26:29,LEAD320,0101,Courtney Holder,10,9,0,2026-09-06 14:41:33
2026-09-06 14:26:29,LGBT200,0201,Basanth Babu,25,0,5,2026-09-06 14:41:35
2026-09-06 14:26:29,LGBT265,0101,Tyra Griffin,30,4,0,2026-09-06 14:41:35
2026-09-06 14:26:29,LGBT265,0201,Declan Langton,30,2,0,2026-09-06 14:41:35
2026-09-06 14:26:29,LGBT359J,0101,Chris Eng,25,14,0,2026-09-06 14:41:36
2026-09-06 14:26:29,MLAW100,0101,Christine White,83,14,0,2026-09-06 14:42:26
2026-09-06 14:26:29,MLAW304,0201,Christine White,65,16,0,2026-09-06 14:42:26
2026-09-06 14:26:29,MLAW305,0101,Brian Gilmore,40,2,0,2026-09-06 14:42:27
2026-09-06 14:26:29,MLAW315,0101,Grace Benton,13,3,0,2026-09-06 14:42:28
2026-09-06 14:26:29,MLAW358Q,0101,David Cunningham,0,0,0,2026-09-06 14:42:28
2026-09-06 14:26:29,MLAW358T,0101,Christine White,25,5,0,2026-09-06 14:42:28
2026-09-06 14:26:29,MLAW358X,0101,Martin Kobren,5,0,0,2026-09-06 14:42:29
2026-09-06 14:26:29,MLAW359,0101,Brandee Pettus,10,4,0,2026-09-06 14:42:29
2026-09-06 14:26:29,MLAW378E,0101,Brandee Pettus,5,5,0,2026-09-06 14:42:29
2026-09-06 14:26:29,MLAW378K,0101,Brian Gilmore,20,0,0,2026-09-06 14:42:30
2026-09-06 14:26:29,MLAW378Q,0101,Paul Huth,2,0,1,2026-09-06 14:42:31
2026-09-06 14:26:29,MLAW378R,0101,Nancy Schertzing,13,2,0,2026-09-06 14:42:31
2026-09-06 14:26:29,MLAW388,0101,Brandee Pettus,40,21,0,2026-09-06 14:42:32
2026-09-06 14:26:29,MLSC250,FC01,William Simpson,24,5,0,2026-09-06 14:42:33
2026-09-06 14:26:29,NEUR200,0101,Ana Navarro Cebrian,80,8,0,2026-09-06 14:42:57
2026-09-06 14:26:29,NEUR200,0201,Ana Navarro Cebrian,80,0,2,2026-09-06 14:42:57
2026-09-06 14:26:29,NEUR200,0301,Evan Hart,80,0,0,2026-09-06 14:42:57
2026-09-06 14:26:29,NEUR305,0101,Amanda Chicoli,100,12,0,2026-09-06 14:42:57
2026-09-06 14:26:29,NEUR306,0101,Chan Lin,200,7,0,2026-09-06 14:42:57
2026-09-06 14:26:29,NEUR398H,0101,Nikolas Francis,20,2,0,2026-09-06 14:42:59
2026-09-06 14:26:29,NEUR405,0101,Hilary Bierman,20,0,0,2026-09-06 14:42:59
2026-09-06 14:26:29,NEUR405,0102,Hilary Bierman,20,1,0,2026-09-06 14:42:59
2026-09-06 14:26:29,NEUR405,0103,Hilary Bierman,20,0,0,2026-09-06 14:42:59
2026-09-06 14:26:29,PEER312,0101,Aleia Gardner,15,8,0,2026-09-06 14:43:16
2026-09-06 14:26:29,PEER318,0101,Christina Jay,15,11,0,2026-09-06 14:43:16
2026-09-06 14:26:29,PEER319,0101,Grace Boudreau,15,7,0,2026-09-06 14:43:17
2026-09-06 14:26:29,PHPE308D,0101,Xinzhi Zhao,30,7,0,2026-09-06 14:43:34
2026-09-06 14:26:29,PHPE308F,0101,Regev Ben-David,30,23,0,2026-09-06 14:43:34
2026-09-06 14:26:29,PHPE308M,0101,Hallie Liberto,30,17,0,2026-09-06 14:43:35
2026-09-06 14:26:29,PHPE308O,0101,Jackson Iszler,30,0,1,2026-09-06 14:43:35
2026-09-06 14:26:29,PHPE308Y,0101,Rachel Singpurwalla,20,1,0,2026-09-06 14:43:35
2026-09-06 14:26:29,PHPE308Y,0102,Rachel Singpurwalla,20,0,2,2026-09-06 14:43:35
2026-09-06 14:26:29,PHPE308Y,0103,Rachel Singpurwalla,20,0,1,2026-09-06 14:43:35
2026-09-06 14:26:29,PHPE400,0101,Justin Helms,18,1,0,2026-09-06 14:43:36
2026-09-06 14:26:29,PHPE400,0102,Justin Helms,18,1,0,2026-09-06 14:43:36
2026-09-06 14:26:29,PHPE400,0103,Justin Helms,20,1,0,2026-09-06 14:43:36
2026-09-06 14:26:29,PHPE401,0101,Xinzhi Zhao,25,0,8,2026-09-06 14:43:36
2026-09-06 14:26:29,PHPE402,0101,Dan Moller,30,0,0,2026-09-06 14:43:37
2026-09-06 14:26:29,PHPE408J,0101,Lixing Miao,25,0,0,2026-09-06 14:43:37
2026-09-06 14:26:29,PHPE408R,0101,Xinzhi Zhao,25,9,0,2026-09-06 14:43:38
2026-09-06 14:26:29,PHSC388J,0101,Kendall Bustad,20,6,0,2026-09-06 14:43:39
2026-09-06 14:26:29,PHSC389,0101,Shannon Edward,30,14,0,2026-09-06 14:43:40
2026-09-06 14:26:29,PHSC399,0101,Shannon Edward,30,9,0,2026-09-06 14:43:40
2026-09-06 14:26:29,PHSC415,0101,Jessica O'Hara,31,0,1,2026-09-06 14:43:40
2026-09-06 14:26:29,PHSC415,0102,Jessica O'Hara,31,0,1,2026-09-06 14:43:40
2026-09-06 14:26:29,PHSC415,0103,Jessica O'Hara,31,0,1,2026-09-06 14:43:40
2026-09-06 14:26:29,PHSC415,0104,Jessica O'Hara,31,0,1,2026-09-06 14:43:40
2026-09-06 14:26:29,PHSC415,0105,Jessica O'Hara,31,0,1,2026-09-06 14:43:40
2026-09-06 14:26:29,PHSC420,0101,Jennifer German,35,3,0,2026-09-06 14:43:41
2026-09-06 14:26:29,PHSC450,0101,Kendall Bustad,20,0,3,2026-09-06 14:43:41
2026-09-06 14:26:29,PHSC450,0102,Kendall Bustad,20,0,2,2026-09-06 14:43:41
2026-09-06 14:26:29,PHSC450,0103,Kendall Bustad,20,0,1,2026-09-06 14:43:41
2026-09-06 14:26:29,PHSC450,0104,Kendall Bustad,20,0,2,2026-09-06 14:43:41
2026-09-06 14:26:29,PHSC450,0105,Kendall Bustad,20,0,1,2026-09-06 14:43:41
2026-09-06 14:26:29,PHSC450,0106,Kendall Bustad,20,0,0,2026-09-06 14:43:41
2026-09-06 14:26:29,PHSC450,0107,Kendall Bustad,20,0,2,2026-09-06 14:43:41
2026-09-06 14:26:29,PHSC450,0108,Kendall Bustad,20,0,3,2026-09-06 14:43:41
2026-09-06 14:26:29,PHSC497,0101,Kendall Bustad,20,2,0,2026-09-06 14:43:41
2026-09-06 14:26:29,PHSC497,0301,Shannon Edward,20,3,0,2026-09-06 14:43:41
2026-09-06 14:26:29,PHSC497,0601,Jennifer German,20,2,0,2026-09-06 14:43:41
2026-09-06 14:26:29,PLCY100,0101,Toby Egan,25,0,1,2026-09-06 14:44:07
2026-09-06 14:26:29,PLCY100,0102,Toby Egan,25,0,0,2026-09-06 14:44:07
2026-09-06 14:26:29,PLCY100,0103,Toby Egan,25,0,0,2026-09-06 14:44:07
2026-09-06 14:26:29,PLCY100,0104,Toby Egan,25,0,0,2026-09-06 14:44:07
2026-09-06 14:26:29,PLCY100,0201,Namrta Sharma,25,12,0,2026-09-06 14:44:07
2026-09-06 14:26:29,PLCY100,0202,Namrta Sharma,25,15,0,2026-09-06 14:44:07
2026-09-06 14:26:29,PLCY100,0203,Namrta Sharma,25,0,0,2026-09-06 14:44:07
2026-09-06 14:26:29,PLCY100,0204,Namrta Sharma,25,10,0,2026-09-06 14:44:07
2026-09-06 14:26:29,PLCY101,0101,Robert Sprinkle,75,0,1,2026-09-06 14:44:08
2026-09-06 14:26:29,PLCY170,0101,Joshua Itzkowitz Shifrinson,20,0,0,2026-09-06 14:44:08
2026-09-06 14:26:29,PLCY170,0102,Joshua Itzkowitz Shifrinson,20,1,0,2026-09-06 14:44:08
2026-09-06 14:26:29,PLCY170,0103,Joshua Itzkowitz Shifrinson,20,0,0,2026-09-06 14:44:08
2026-09-06 14:26:29,PLCY170,0104,Joshua Itzkowitz Shifrinson,20,0,0,2026-09-06 14:44:08
2026-09-06 14:26:29,PLCY170,0105,Joshua Itzkowitz Shifrinson,20,2,0,2026-09-06 14:44:08
2026-09-06 14:26:29,PLCY170,0106,Joshua Itzkowitz Shifrinson,25,1,0,2026-09-06 14:44:08
2026-09-06 14:26:29,PLCY172,0101,Caroline Ritter,95,25,0,2026-09-06 14:44:09
2026-09-06 14:26:29,PLCY200,0101,Shanna Pearson-Merkowitz,35,0,2,2026-09-06 14:44:09
2026-09-06 14:26:29,PLCY200,0201,Shanna Pearson-Merkowitz,35,0,2,2026-09-06 14:44:09
2026-09-06 14:26:29,PLCY200,0301,Namrta Sharma,35,0,3,2026-09-06 14:44:09
2026-09-06 14:26:29,PLCY201,0101,Julio Guzman,70,0,0,2026-09-06 14:44:09
2026-09-06 14:26:29,PLCY201,0201,Gregory Ramsay,60,0,0,2026-09-06 14:44:09
2026-09-06 14:26:29,PLCY201,FC01,Anne Kaiser,32,1,0,2026-09-06 14:44:09
2026-09-06 14:26:29,PLCY201,FC02,Anne Kaiser,32,6,0,2026-09-06 14:44:09
2026-09-06 14:26:29,PLCY201S,0101,Susannah Washburn,80,4,0,2026-09-06 14:44:10
2026-09-06 14:26:29,PLCY203,0101,Thomas Hilde,60,7,0,2026-09-06 14:44:10
2026-09-06 14:26:29,PLCY203,0201,Anne Kaiser,60,38,0,2026-09-06 14:44:10
2026-09-06 14:26:29,PLCY213,0201,Claire Dunning,40,5,0,2026-09-06 14:44:11
2026-09-06 14:26:29,PLCY214,0101,Patricia Bory,65,20,0,2026-09-06 14:44:11
2026-09-06 14:26:29,PLCY240,0101,Timothy Reedy,30,0,0,2026-09-06 14:44:11
2026-09-06 14:26:29,PLCY288K,0101,CHRISTIAN OSTERMANN,25,2,0,2026-09-06 14:44:12
2026-09-06 14:26:29,PLCY300,0101,Alana Hackshaw,45,0,6,2026-09-06 14:44:12
2026-09-06 14:26:29,PLCY300,0201,Namrta Sharma,45,30,0,2026-09-06 14:44:12
2026-09-06 14:26:29,PLCY301,0101,Caroline Boules,165,7,0,2026-09-06 14:44:12
2026-09-06 14:26:29,PLCY302,0101,Niambi Carter,40,1,0,2026-09-06 14:44:13
2026-09-06 14:26:29,PLCY302,0201,Ebonie Johnson Cooper,40,2,0,2026-09-06 14:44:13
2026-09-06 14:26:29,PLCY302,0301,Lindsay Dieudonne,40,0,1,2026-09-06 14:44:13
2026-09-06 14:26:29,PLCY303,0101,Juan Martinez Guzman,40,4,0,2026-09-06 14:44:13
2026-09-06 14:26:29,PLCY304,0101,Michael Busse,40,11,0,2026-09-06 14:44:14
2026-09-06 14:26:29,PLCY304,0201,Michael Busse,40,12,0,2026-09-06 14:44:14
2026-09-06 14:26:29,PLCY309,0101,Martin Sanders,30,25,0,2026-09-06 14:44:14
2026-09-06 14:26:29,PLCY310,0101,Selvon Waldron,35,15,0,2026-09-06 14:44:14
2026-09-06 14:26:29,PLCY313,0101,Gerard Evans,100,2,0,2026-09-06 14:44:15
2026-09-06 14:26:29,PLCY371,0101,Joshua Itzkowitz Shifrinson,35,0,1,2026-09-06 14:44:15
2026-09-06 14:26:29,PLCY380,0101,Isabel O'Malley,40,3,0,2026-09-06 14:44:15
2026-09-06 14:26:29,PLCY380,ESG1,Kisha McNeill,30,1,0,2026-09-06 14:44:15
2026-09-06 14:26:29,PLCY388A,0101,Brandi Onowu,40,8,0,2026-09-06 14:44:16
2026-09-06 14:26:29,PLCY388N,0101,Nina Harris,25,2,0,2026-09-06 14:44:16
2026-09-06 14:26:29,PLCY390,0101,Lena Andrews,20,0,1,2026-09-06 14:44:16
2026-09-06 14:26:29,PLCY399B,0101,Beatrice DeBelen,30,19,0,2026-09-06 14:44:17
2026-09-06 14:26:29,PLCY400,0101,Patricia Bory,25,2,0,2026-09-06 14:44:18
2026-09-06 14:26:29,PLCY401,0101,Anand Patwardhan,20,5,0,2026-09-06 14:44:18
2026-09-06 14:26:29,PLCY401,0201,Tracy Thompson,20,0,0,2026-09-06 14:44:18
2026-09-06 14:26:29,PLCY401,0301,David Mussington,20,9,0,2026-09-06 14:44:18
2026-09-06 14:26:29,PLCY490,0101,Michael Woldemariam,15,1,0,2026-09-06 14:44:19
2026-09-06 14:26:29,PLCY492,0101,Steve Fetter,20,1,0,2026-09-06 14:44:19
2026-09-06 14:26:29,PLCY610,0201,Alec Worsnop,40,8,0,2026-09-06 14:44:19
2026-09-06 14:26:29,PLCY630,0101,Catherine Worsnop,25,2,0,2026-09-06 14:44:20
2026-09-06 14:26:29,PLCY630,0201,Catherine Worsnop,25,3,0,2026-09-06 14:44:20
2026-09-06 14:26:29,PLCY631,0101,Cullen Merritt,25,0,1,2026-09-06 14:44:20
2026-09-06 14:26:29,PLCY640,0201,Thomas Spreen,30,5,0,2026-09-06 14:44:20
2026-09-06 14:26:29,PLCY641,0101,Tyler Kustra,30,1,0,2026-09-06 14:44:21
2026-09-06 14:26:29,PLCY641,0201,Tyler Kustra,30,10,0,2026-09-06 14:44:21
2026-09-06 14:26:29,PLCY670,0101,Philip Joyce,30,0,0,2026-09-06 14:44:21
2026-09-06 14:26:29,PLCY680,0101,Claire Dunning,25,0,0,2026-09-06 14:44:22
2026-09-06 14:26:29,PLCY680,0201,Michael Woldemariam,25,5,0,2026-09-06 14:44:22
2026-09-06 14:26:29,PLCY688C,0101,Charles Harry,20,10,0,2026-09-06 14:44:22
2026-09-06 14:26:29,PLCY688F,PWL1,Nekeya O'Connor,20,1,0,2026-09-06 14:44:22
2026-09-06 14:26:29,PLCY688P,0101,Steve Fetter,10,1,0,2026-09-06 14:44:23
2026-09-06 14:26:29,PLCY688Z,0101,Brandi Onowu,20,6,0,2026-09-06 14:44:23
2026-09-06 14:26:29,PLCY689E,0101,Susan Parker,20,0,0,2026-09-06 14:44:23
2026-09-06 14:26:29,PLCY690,0110,David Mussington,15,3,0,2026-09-06 14:44:24
2026-09-06 14:26:29,PLCY690,0120,Margaret Brindle,15,2,0,2026-09-06 14:44:24
2026-09-06 14:26:29,PLCY690,0130,Douglas Call,15,0,0,2026-09-06 14:44:24
2026-09-06 14:26:29,PLCY690,0150,Paul Brown,15,1,0,2026-09-06 14:44:24
2026-09-06 14:26:29,PLCY690,0170,James Stillwell,15,0,0,2026-09-06 14:44:24
2026-09-06 14:26:29,PLCY698T,0101,Elizabeth Duke,20,7,0,2026-09-06 14:44:24
2026-09-06 14:26:29,PLCY699L,0101,Michael Woldemariam,10,1,0,2026-09-06 14:44:25
2026-09-06 14:26:29,PLCY720,0101,Nancy Gallagher,20,3,0,2026-09-06 14:44:25
2026-09-06 14:26:29,PLCY734,0101,Niambi Carter,20,1,0,2026-09-06 14:44:25
2026-09-06 14:26:29,PLCY735,0101,Robert Sprinkle,20,7,0,2026-09-06 14:44:26
2026-09-06 14:26:29,PLCY741,0101,Anand Patwardhan,20,7,0,2026-09-06 14:44:26
2026-09-06 14:26:29,PLCY742,0101,Thomas Hilde,20,9,0,2026-09-06 14:44:27
2026-09-06 14:26:29,PLCY780,0101,Robert Orr,20,0,0,2026-09-06 14:44:27
2026-09-06 14:26:29,PLCY781,0101,Julio Guzman,20,2,0,2026-09-06 14:44:27
2026-09-06 14:26:29,PLCY783,0101,Margaret Brindle,20,7,0,2026-09-06 14:44:28
2026-09-06 14:26:29,PLCY798F,PWL1,William Nolte,25,18,0,2026-09-06 14:44:29
2026-09-06 14:26:29,PLCY798V,0101,Shanna Pearson-Merkowitz,12,0,0,2026-09-06 14:44:30
2026-09-06 14:26:29,PLCY798W,0101,Martin Sanders,10,10,0,2026-09-06 14:44:30
2026-09-06 14:26:29,PLCY798Y,PWL1,Jeffrey Franco,25,0,0,2026-09-06 14:44:30
2026-09-06 14:26:29,PLCY798Z,0101,Peter Reuter,12,0,0,2026-09-06 14:44:31
2026-09-06 14:26:29,PLSC112,0101,Samuel Daramola,100,16,0,2026-09-06 14:44:33
2026-09-06 14:26:29,PLSC113,0101,Samuel Daramola,24,3,0,2026-09-06 14:44:34
2026-09-06 14:26:29,PLSC113,0102,Samuel Daramola,24,5,0,2026-09-06 14:44:34
2026-09-06 14:26:29,PLSC113,0103,Samuel Daramola,24,13,0,2026-09-06 14:44:34
2026-09-06 14:26:29,PLSC113,0104,Samuel Daramola,24,10,0,2026-09-06 14:44:34
2026-09-06 14:26:29,PLSC115,0101,Shirley Micallef,24,0,1,2026-09-06 14:44:34
2026-09-06 14:26:29,PLSC201,0101,Pierre Jacob,42,15,0,2026-09-06 14:44:34
2026-09-06 14:26:29,PLSC203,0101,Vijay Tiwari,23,17,0,2026-09-06 14:44:35
2026-09-06 14:26:29,PLSC205,0101,Mark Carroll,22,0,0,2026-09-06 14:44:35
2026-09-06 14:26:29,PLSC206,0101,Pierre Jacob,21,8,0,2026-09-06 14:44:35
2026-09-06 14:26:29,PLSC206,0102,Pierre Jacob,21,7,0,2026-09-06 14:44:35
2026-09-06 14:26:29,PLSC253,0101,Karen Petroff,24,0,0,2026-09-06 14:44:36
2026-09-06 14:26:29,PLSC253,0102,Karen Petroff,24,5,0,2026-09-06 14:44:36
2026-09-06 14:26:29,PLSC389,0101,Craig Beyrouty,17,17,0,2026-09-06 14:44:36
2026-09-06 14:26:29,PLSC402,0101,Geoffrey Rinehart,10,3,0,2026-09-06 14:44:37
2026-09-06 14:26:29,PLSC404,0101,Yiping Qi,20,9,0,2026-09-06 14:44:37
2026-09-06 14:26:29,PLSC420,0101,Nidhi Rawat,18,3,0,2026-09-06 14:44:38
2026-09-06 14:26:29,PLSC420,0102,Nidhi Rawat,18,13,0,2026-09-06 14:44:38
2026-09-06 14:26:29,PLSC433,0101,Diana Cochran,10,2,0,2026-09-06 14:44:38
2026-09-06 14:26:29,PLSC453,0101,Samuel Daramola,24,1,0,2026-09-06 14:44:38
2026-09-06 14:26:29,PLSC471,0101,Juanita Choo,20,0,0,2026-09-06 14:44:39
2026-09-06 14:26:29,PLSC476,0101,Maile Neel,23,19,0,2026-09-06 14:44:39
2026-09-06 14:26:29,PLSC608,0101,Shunyuan Xiao,20,13,0,2026-09-06 14:44:40
2026-09-06 14:26:29,PORT103,0101,Parker Brookie,15,8,0,2026-09-06 14:44:43
2026-09-06 14:26:29,PORT205,0101,Parker Brookie,15,4,0,2026-09-06 14:44:43
2026-09-06 14:26:29,PORT332,0101,Parker Brookie,25,1,0,2026-09-06 14:44:43
2026-09-06 14:26:29,RELS120,0101,Antoine Borrut,40,6,0,2026-09-06 14:45:17
2026-09-06 14:26:29,RELS170,0101,Chiara Graf,21,4,0,2026-09-06 14:45:17
2026-09-06 14:26:29,RELS170,0102,Chiara Graf,21,0,0,2026-09-06 14:45:17
2026-09-06 14:26:29,RELS170,0103,Chiara Graf,21,1,0,2026-09-06 14:45:17
2026-09-06 14:26:29,RELS170,0104,Chiara Graf,21,0,0,2026-09-06 14:45:17
2026-09-06 14:26:29,RELS170,0105,Chiara Graf,21,0,0,2026-09-06 14:45:17
2026-09-06 14:26:29,RELS170,0106,Chiara Graf,21,0,1,2026-09-06 14:45:17
2026-09-06 14:26:29,RELS170,0107,Chiara Graf,21,0,1,2026-09-06 14:45:17
2026-09-06 14:26:29,RELS170,0108,Chiara Graf,21,0,0,2026-09-06 14:45:17
2026-09-06 14:26:29,RELS170,0109,Chiara Graf,22,0,0,2026-09-06 14:45:17
2026-09-06 14:26:29,RELS171,0101,Maxine Grossman,40,0,0,2026-09-06 14:45:18
2026-09-06 14:26:29,RELS219K,0101,Shay Hazkani,40,32,0,2026-09-06 14:45:18
2026-09-06 14:26:29,RELS225,0101,Stephanie Cooper,25,0,0,2026-09-06 14:45:18
2026-09-06 14:26:29,RELS273,0101,Hayim Lapin,23,1,0,2026-09-06 14:45:19
2026-09-06 14:26:29,RELS273,0102,Hayim Lapin,23,1,0,2026-09-06 14:45:19
2026-09-06 14:26:29,RELS273,0103,Hayim Lapin,23,2,0,2026-09-06 14:45:19
2026-09-06 14:26:29,RELS274,0101,Matthew Suriano,20,0,1,2026-09-06 14:45:19
2026-09-06 14:26:29,RELS274,0102,Matthew Suriano,20,0,1,2026-09-06 14:45:19
2026-09-06 14:26:29,RELS274,0103,Matthew Suriano,20,0,2,2026-09-06 14:45:19
2026-09-06 14:26:29,RELS274,0104,Matthew Suriano,20,0,0,2026-09-06 14:45:19
2026-09-06 14:26:29,RELS319D,0101,Nathan Levine,35,25,0,2026-09-06 14:45:20
2026-09-06 14:26:29,RELS319Z,0101,Regev Ben-David,30,27,0,2026-09-06 14:45:20
2026-09-06 14:26:29,RELS341,0101,Janna Bianchini,30,0,0,2026-09-06 14:45:21
2026-09-06 14:26:29,RUSS101,0101,Inna Hardman,15,6,0,2026-09-06 14:45:23
2026-09-06 14:26:29,RUSS101,0201,Inna Hardman,15,5,0,2026-09-06 14:45:23
2026-09-06 14:26:29,RUSS201,0101,Zhanna Gerus-Vernola,15,8,0,2026-09-06 14:45:23
2026-09-06 14:26:29,RUSS301,0101,Izolda Savenkova,15,5,0,2026-09-06 14:45:23
2026-09-06 14:26:29,RUSS321,0101,Elizabeth Papazian,15,5,0,2026-09-06 14:45:24
2026-09-06 14:26:29,RUSS334,0101,Elizabeth Papazian,25,0,0,2026-09-06 14:45:24
2026-09-06 14:26:29,RUSS404,0101,Izolda Savenkova,15,1,0,2026-09-06 14:45:25
2026-09-06 14:26:29,SDSB123,0101,Brian Kim,40,7,0,2026-09-06 14:45:27
2026-09-06 14:26:29,SDSB180,0101,Brian Kim,180,135,0,2026-09-06 14:45:27
2026-09-06 14:26:29,SDSB233,0101,Jacob Coutts,25,1,0,2026-09-06 14:45:28
2026-09-06 14:26:29,SDSB233,0102,Jacob Coutts,25,10,0,2026-09-06 14:45:28
2026-09-06 14:26:29,SDSB233,0103,Jacob Coutts,25,8,0,2026-09-06 14:45:28
2026-09-06 14:26:29,SDSB326,0101,Jacob Coutts,50,31,0,2026-09-06 14:45:28
2026-09-06 14:26:29,SDSB340,0101,Neil Lund,40,0,0,2026-09-06 14:45:28
2026-09-06 14:26:29,SDSI414,0201,Maria Krupenkin,34,13,0,2026-09-06 14:45:30
2026-09-06 14:26:29,SDSI414,0202,Maria Krupenkin,34,0,0,2026-09-06 14:45:30
2026-09-06 14:26:29,SDSI492,0101,TJ Rainsford,50,11,0,2026-09-06 14:45:30
2026-09-06 14:26:29,SDSI492,0103,Mary Ann Francis,40,0,4,2026-09-06 14:45:30
2026-09-06 14:26:29,SDSI492,0104,TJ Rainsford,50,3,0,2026-09-06 14:45:30
2026-09-06 14:26:29,SDSI492,0106,Jesse Klein,50,0,10,2026-09-06 14:45:30
2026-09-06 14:26:29,SDSI492,0107,Connie Siebold,40,0,5,2026-09-06 14:45:30
2026-09-06 14:26:29,SDSI492,0110,Patrick Thornton,50,27,0,2026-09-06 14:45:30
2026-09-06 14:26:29,SLLC108I,0101,Instructor: TBA,5,4,0,2026-09-06 14:45:34
2026-09-06 14:26:29,SLLC108J,0101,Instructor: TBA,5,5,0,2026-09-06 14:45:34
2026-09-06 14:26:29,SLLC108W,0101,Instructor: TBA,5,4,0,2026-09-06 14:45:35
2026-09-06 14:26:29,SLLC118A,0101,Sean Pue,10,3,0,2026-09-06 14:45:35
2026-09-06 14:26:29,SLLC200,0101,Chris Lewis,30,1,0,2026-09-06 14:45:36
2026-09-06 14:26:29,SLLC286,0101,Andrew Schonebaum,60,5,0,2026-09-06 14:45:36
2026-09-06 14:26:29,SLLC309,0101,Ahmed Hanafy,10,10,0,2026-09-06 14:45:36
2026-09-06 14:26:29,SLLC309,0102,Ahmed Hanafy,10,8,0,2026-09-06 14:45:36
2026-09-06 14:26:29,SLLC309,0103,Ahmed Hanafy,10,8,0,2026-09-06 14:45:36
2026-09-06 14:26:29,SLLC309,0104,Ahmed Hanafy,10,6,0,2026-09-06 14:45:36
2026-09-06 14:26:29,SLLC309,0105,Ahmed Hanafy,10,6,0,2026-09-06 14:45:36
2026-09-06 14:26:29,SLLC309,0106,Ahmed Hanafy,10,7,0,2026-09-06 14:45:36
2026-09-06 14:26:29,SLLC309,0107,Ahmed Hanafy,10,8,0,2026-09-06 14:45:36
2026-09-06 14:26:29,SLLC309,0108,Ahmed Hanafy,10,9,0,2026-09-06 14:45:36
2026-09-06 14:26:29,SLLC309,0109,Ahmed Hanafy,10,7,0,2026-09-06 14:45:36
2026-09-06 14:26:29,SLLC309,0110,Ahmed Hanafy,10,4,0,2026-09-06 14:45:36
2026-09-06 14:26:29,SLLC309,0111,Ahmed Hanafy,10,10,0,2026-09-06 14:45:36
2026-09-06 14:26:29,SLLC329,0101,Marilyn Matar,12,0,0,2026-09-06 14:45:37
2026-09-06 14:26:29,SLLC329,0102,Marilyn Matar,10,1,0,2026-09-06 14:45:37
2026-09-06 14:26:29,SLLC329,0103,Marilyn Matar,21,2,0,2026-09-06 14:45:37
2026-09-06 14:26:29,SLLC329,0104,Marilyn Matar,10,4,0,2026-09-06 14:45:37
2026-09-06 14:26:29,SLLC329,0105,Marilyn Matar,10,9,0,2026-09-06 14:45:37
2026-09-06 14:26:29,SLLC329,0106,Marilyn Matar,10,1,0,2026-09-06 14:45:37
2026-09-06 14:26:29,SLLC329,0107,Marilyn Matar,10,7,0,2026-09-06 14:45:37
2026-09-06 14:26:29,SLLC329,0108,Marilyn Matar,10,7,0,2026-09-06 14:45:37
2026-09-06 14:26:29,SLLC329,0109,Marilyn Matar,10,4,0,2026-09-06 14:45:37
2026-09-06 14:26:29,SLLC329,0110,Marilyn Matar,20,4,0,2026-09-06 14:45:37
2026-09-06 14:26:29,SLLC350,0101,Michele Mason,30,27,0,2026-09-06 14:45:37
2026-09-06 14:26:29,SMLP470,0101,Brooke Smith,45,13,0,2026-09-06 14:45:39
2026-09-06 14:26:29,SMLP472,0101,Sara Herald,60,19,0,2026-09-06 14:45:39
2026-09-06 14:26:29,TLTC310,0101,Sarah Kistner,0,0,0,2026-09-06 14:46:33
2026-09-06 14:26:29,TLTC310,0201,Yanira Ortiz,20,11,0,2026-09-06 14:46:33
2026-09-06 14:26:29,TLTC333,0101,Mona Thompson,60,0,0,2026-09-06 14:46:34
2026-09-06 14:26:29,TLTC333,0102,Mona Thompson,60,0,0,2026-09-06 14:46:34
2026-09-06 14:26:29,TLTC333,0105,Mona Thompson,60,2,0,2026-09-06 14:46:34
2026-09-06 14:26:29,TLTC499A,0101,Mona Thompson,10,7,0,2026-09-06 14:46:34
2026-09-06 14:26:29,TLTC499A,0102,Danielle Pafe,10,6,0,2026-09-06 14:46:34
2026-09-06 14:26:29,UMEI005,0101,Charles Duquette,15,2,0,2026-09-06 14:46:36
2026-09-06 14:26:29,UMEI005,0201,Heather Mehrtens,15,9,0,2026-09-06 14:46:36
2026-09-06 14:26:29,UMEI005,0301,Marilena Draganescu,15,11,0,2026-09-06 14:46:36
2026-09-06 14:26:29,UMEI012,0101,Louise Godley,10,10,0,2026-09-06 14:46:36
2026-09-06 14:26:29,UMEI013,0101,Louise Godley,10,7,0,2026-09-06 14:46:37
2026-09-06 14:26:29,UMEI028A,0101,Raymond Smith,16,14,0,2026-09-06 14:46:37
2026-09-06 14:26:29,UMEI506,0101,Heather Mehrtens,16,0,0,2026-09-06 14:46:38
2026-09-06 14:26:29,UMEI506,0201,Heather Mehrtens,16,6,0,2026-09-06 14:46:38
2026-09-06 14:26:29,UMEI507,0101,Marilena Draganescu,15,4,0,2026-09-06 14:46:38
2026-09-06 14:26:29,USLT201,0101,Robert Chester,25,1,0,2026-09-06 14:46:46
2026-09-06 14:26:29,USLT398C,0101,Angela Pico Pinto,25,17,0,2026-09-06 14:46:46
2026-09-06 14:26:29,USLT450,0101,Robert Chester,20,0,2,2026-09-06 14:46:47
2026-09-06 14:26:29,USLT498C,0101,Ana Rodriguez,20,14,0,2026-09-06 14:46:47
2026-09-06 14:26:29,VIPS099,0115,Veronica Kang,5,3,0,2026-09-06 14:46:49
2026-09-06 14:26:29,VIPS208,0101,Mary Bowden,10,10,0,2026-09-06 14:46:49
2026-09-06 14:26:29,VIPS208,0102,Ken Kiger,10,2,0,2026-09-06 14:46:49
2026-09-06 14:26:29,VIPS208,0103,Bryan Quinn,10,7,0,2026-09-06 14:46:49
2026-09-06 14:26:29,VIPS208,0104,Abdil Chowdhury,10,1,0,2026-09-06 14:46:49
2026-09-06 14:26:29,VIPS208,0105,Molly Carton,10,7,0,2026-09-06 14:46:49
2026-09-06 14:26:29,VIPS208,0106,James Baeder,14,2,0,2026-09-06 14:46:49
2026-09-06 14:26:29,VIPS208,0107,Catherine Spirito,10,6,0,2026-09-06 14:46:49
2026-09-06 14:26:29,VIPS208,0108,Ronald Yaros,10,4,0,2026-09-06 14:46:49
2026-09-06 14:26:29,VIPS208,0109,Carinna Ferguson,10,6,0,2026-09-06 14:46:49
2026-09-06 14:26:29,VIPS208,0110,Tracy Riggins,15,0,0,2026-09-06 14:46:49
2026-09-06 14:26:29,VIPS208,0111,Kevin Calabro,13,2,0,2026-09-06 14:46:49
2026-09-06 14:26:29,VIPS208,0112,Raffaele Viglianti,10,5,0,2026-09-06 14:46:49
2026-09-06 14:26:29,VIPS208,0113,Shabnam Jabeen,10,4,0,2026-09-06 14:46:49
2026-09-06 14:26:29,VIPS208,0114,Ning Zeng,15,7,0,2026-09-06 14:46:49
2026-09-06 14:26:29,VIPS208,0115,Veronica Kang,10,5,0,2026-09-06 14:46:49
2026-09-06 14:26:29,VIPS208,0116,David Stewart,10,0,0,2026-09-06 14:46:49
2026-09-06 14:26:29,VIPS208,0117,Meredith Epstein,10,8,0,2026-09-06 14:46:49
2026-09-06 14:26:29,VIPS208,0118,Magaly Toro Ibaceta,10,3,0,2026-09-06 14:46:49
2026-09-06 14:26:29,VIPS208,0120,Marisa Parham,10,6,0,2026-09-06 14:46:49
2026-09-06 14:26:29,VIPS208,0121,Becky Epanchin-Niell,10,1,0,2026-09-06 14:46:49
2026-09-06 14:26:29,VIPS208,0122,Timothy Reedy,10,2,0,2026-09-06 14:46:49
2026-09-06 14:26:29,VIPS208,0123,Lingnan Lin,13,4,0,2026-09-06 14:46:49
2026-09-06 14:26:29,VIPS208,0124,Jeffrey Moro,10,4,0,2026-09-06 14:46:49
2026-09-06 14:26:29,VIPS208,0125,Peter Sunderland,12,4,0,2026-09-06 14:46:49
2026-09-06 14:26:29,VIPS208,0126,Brienna Anderson,10,3,0,2026-09-06 14:46:49
2026-09-06 14:26:29,VIPS308,0101,Mary Bowden,10,9,0,2026-09-06 14:46:50
2026-09-06 14:26:29,VIPS308,0102,Ken Kiger,10,3,0,2026-09-06 14:46:50
2026-09-06 14:26:29,VIPS308,0103,Bryan Quinn,10,2,0,2026-09-06 14:46:50
2026-09-06 14:26:29,VIPS308,0104,Abdil Chowdhury,10,3,0,2026-09-06 14:46:50
2026-09-06 14:26:29,VIPS308,0105,Molly Carton,10,3,0,2026-09-06 14:46:50
2026-09-06 14:26:29,VIPS308,0106,James Baeder,10,4,0,2026-09-06 14:46:50
2026-09-06 14:26:29,VIPS308,0107,Catherine Spirito,10,7,0,2026-09-06 14:46:50
2026-09-06 14:26:29,VIPS308,0108,Ronald Yaros,10,9,0,2026-09-06 14:46:50
2026-09-06 14:26:29,VIPS308,0109,Carinna Ferguson,10,6,0,2026-09-06 14:46:50
2026-09-06 14:26:29,VIPS308,0110,Tracy Riggins,10,0,0,2026-09-06 14:46:50
2026-09-06 14:26:29,VIPS308,0111,Kevin Calabro,10,6,0,2026-09-06 14:46:50
2026-09-06 14:26:29,VIPS308,0112,Raffaele Viglianti,10,10,0,2026-09-06 14:46:50
2026-09-06 14:26:29,VIPS308,0113,Shabnam Jabeen,10,8,0,2026-09-06 14:46:50
2026-09-06 14:26:29,VIPS308,0114,Ning Zeng,10,9,0,2026-09-06 14:46:50
2026-09-06 14:26:29,VIPS308,0115,Veronica Kang,10,10,0,2026-09-06 14:46:50
2026-09-06 14:26:29,VIPS308,0116,David Stewart,10,10,0,2026-09-06 14:46:50
2026-09-06 14:26:29,VIPS308,0117,Meredith Epstein,10,8,0,2026-09-06 14:46:50
2026-09-06 14:26:29,VIPS308,0118,Magaly Toro Ibaceta,10,10,0,2026-09-06 14:46:50
2026-09-06 14:26:29,VIPS308,0120,Marisa Parham,10,9,0,2026-09-06 14:46:50
2026-09-06 14:26:29,VIPS308,0121,Becky Epanchin-Niell,10,10,0,2026-09-06 14:46:50
2026-09-06 14:26:29,VIPS308,0122,Timothy Reedy,10,10,0,2026-09-06 14:46:50
2026-09-06 14:26:29,VIPS308,0123,Lingnan Lin,10,10,0,2026-09-06 14:46:50
2026-09-06 14:26:29,VIPS308,0124,Jeffrey Moro,10,10,0,2026-09-06 14:46:50
2026-09-06 14:26:29,VIPS308,0125,Peter Sunderland,10,10,0,2026-09-06 14:46:50
2026-09-06 14:26:29,VIPS308,0126,Brienna Anderson,10,10,0,2026-09-06 14:46:50
2026-09-06 14:26:29,VIPS408,0101,Mary Bowden,10,4,0,2026-09-06 14:46:50
2026-09-06 14:26:29,VIPS408,0102,Ken Kiger,10,8,0,2026-09-06 14:46:50
2026-09-06 14:26:29,VIPS408,0103,Bryan Quinn,10,3,0,2026-09-06 14:46:50
2026-09-06 14:26:29,VIPS408,0104,Abdil Chowdhury,10,8,0,2026-09-06 14:46:50
2026-09-06 14:26:29,VIPS408,0105,Molly Carton,10,8,0,2026-09-06 14:46:50
2026-09-06 14:26:29,VIPS408,0106,James Baeder,10,7,0,2026-09-06 14:46:50
2026-09-06 14:26:29,VIPS408,0107,Catherine Spirito,10,10,0,2026-09-06 14:46:50
2026-09-06 14:26:29,VIPS408,0108,Ronald Yaros,10,8,0,2026-09-06 14:46:50
2026-09-06 14:26:29,VIPS408,0109,Carinna Ferguson,10,8,0,2026-09-06 14:46:50
2026-09-06 14:26:29,VIPS408,0110,Tracy Riggins,10,10,0,2026-09-06 14:46:50
2026-09-06 14:26:29,VIPS408,0111,Kevin Calabro,10,7,0,2026-09-06 14:46:50
2026-09-06 14:26:29,VIPS408,0112,Raffaele Viglianti,10,9,0,2026-09-06 14:46:50
2026-09-06 14:26:29,VIPS408,0113,Shabnam Jabeen,10,10,0,2026-09-06 14:46:50
2026-09-06 14:26:29,VIPS408,0114,Ning Zeng,10,10,0,2026-09-06 14:46:50
2026-09-06 14:26:29,VIPS408,0115,Veronica Kang,10,10,0,2026-09-06 14:46:50
2026-09-06 14:26:29,VIPS408,0116,David Stewart,10,10,0,2026-09-06 14:46:50
2026-09-06 14:26:29,VIPS408,0117,Meredith Epstein,10,10,0,2026-09-06 14:46:50
2026-09-06 14:26:29,VIPS408,0118,Magaly Toro Ibaceta,10,9,0,2026-09-06 14:46:50
2026-09-06 14:26:29,VIPS408,0120,Marisa Parham,10,10,0,2026-09-06 14:46:50
2026-09-06 14:26:29,VIPS408,0121,Becky Epanchin-Niell,10,10,0,2026-09-06 14:46:50
2026-09-06 14:26:29,VIPS408,0122,Timothy Reedy,10,10,0,2026-09-06 14:46:50
2026-09-06 14:26:29,VIPS408,0123,Lingnan Lin,10,10,0,2026-09-06 14:46:50
2026-09-06 14:26:29,VIPS408,0124,Jeffrey Moro,10,10,0,2026-09-06 14:46:50
2026-09-06 14:26:29,VIPS408,0125,Peter Sunderland,10,10,0,2026-09-06 14:46:50
2026-09-06 14:26:29,VIPS408,0126,Brienna Anderson,10,10,0,2026-09-06 14:46:50
2026-09-06 14:26:29,WEID139B,0101,Denise Joseph,48,10,0,2026-09-06 14:46:53
2026-09-06 14:26:29,WEID139L,0201,Taylor Togafau-Lewis,48,18,0,2026-09-06 14:46:54
2026-09-06 17:23:10,AAAS100,0101,Shane Walsh,35,0,0,2026-09-06 17:23:12
2026-09-06 17:23:10,AAAS100,0201,Shane Walsh,35,0,0,2026-09-06 17:23:12
2026-09-06 17:23:10,AAAS100,0301,George Kintiba,70,37,0,2026-09-06 17:23:12
2026-09-06 17:23:10,AAAS100,0401,Jason Nichols,30,0,0,2026-09-06 17:23:12
2026-09-06 17:23:10,AAAS100,0501,Jason Nichols,35,0,0,2026-09-06 17:23:12
2026-09-06 17:23:10,AAAS101,0101,Chinyere Osuji,40,1,0,2026-09-06 17:23:13
2026-09-06 17:23:10,AAAS187,0101,Robert Choflet,30,1,0,2026-09-06 17:23:15
2026-09-06 17:23:10,AAAS187,0201,Joseph Richardson,30,0,0,2026-09-06 17:23:15
2026-09-06 17:23:10,AAAS200,0101,George Kintiba,40,4,0,2026-09-06 17:23:15
2026-09-06 17:23:10,AAAS202,0101,Robert Choflet,35,5,0,2026-09-06 17:23:16
2026-09-06 17:23:10,AAAS202,0201,Robert Choflet,35,6,0,2026-09-06 17:23:16
2026-09-06 17:23:10,AAAS202,0301,Angelica Dunbar,35,3,0,2026-09-06 17:23:16
2026-09-06 17:23:10,AAAS202,0401,Ashley Everson,35,0,0,2026-09-06 17:23:16
2026-09-06 17:23:10,AAAS202,0501,Ashley Everson,20,1,0,2026-09-06 17:23:16
2026-09-06 17:23:10,AAAS210,0101,Angelica Dunbar,20,16,0,2026-09-06 17:23:16
2026-09-06 17:23:10,AAAS211,0101,Shane Walsh,30,0,0,2026-09-06 17:23:17
2026-09-06 17:23:10,AAAS230,0101,Ashley Newby,30,0,0,2026-09-06 17:23:17
2026-09-06 17:23:10,AAAS230,0201,Ashley Newby,30,0,0,2026-09-06 17:23:17
2026-09-06 17:23:10,AAAS234,0201,Mike Kolakoski,30,2,0,2026-09-06 17:23:18
2026-09-06 17:23:10,AAAS254,0101,Christopher Bonner,40,2,0,2026-09-06 17:23:18
2026-09-06 17:23:10,AAAS271,0101,Sydney Lewis,30,0,0,2026-09-06 17:23:19
2026-09-06 17:23:10,AAAS310,0101,George Kintiba,25,20,0,2026-09-06 17:23:19
2026-09-06 17:23:10,AAAS320,0101,Cecily Jackson,25,0,0,2026-09-06 17:23:20
2026-09-06 17:23:10,AAAS320,0201,Cecily Jackson,25,0,0,2026-09-06 17:23:20
2026-09-06 17:23:10,AAAS325,0101,Traci Dula,20,3,0,2026-09-06 17:23:20
2026-09-06 17:23:10,AAAS350,0101,John Drabinski,20,0,0,2026-09-06 17:23:21
2026-09-06 17:23:10,AAAS361,0101,Michelle Rowley,35,24,0,2026-09-06 17:23:22
2026-09-06 17:23:10,AAAS386,0101,Marshal Washington,10,10,0,2026-09-06 17:23:22
2026-09-06 17:23:10,AAAS397,0101,John Drabinski,2,2,0,2026-09-06 17:23:23
2026-09-06 17:23:10,AAAS397,0201,Angelica Dunbar,2,2,0,2026-09-06 17:23:23
2026-09-06 17:23:10,AAAS397,0301,Sharon Harley,2,2,0,2026-09-06 17:23:23
2026-09-06 17:23:10,AAAS397,0401,Cecily Jackson,2,2,0,2026-09-06 17:23:23
2026-09-06 17:23:10,AAAS397,0501,Sangeetha Madhavan,2,2,0,2026-09-06 17:23:23
2026-09-06 17:23:10,AAAS397,0601,Ashley Newby,1,1,0,2026-09-06 17:23:23
2026-09-06 17:23:10,AAAS397,0701,Chinyere Osuji,2,2,0,2026-09-06 17:23:23
2026-09-06 17:23:10,AAAS397,0801,Periloux Peay,2,2,0,2026-09-06 17:23:23
2026-09-06 17:23:10,AAAS397,0901,Joseph Richardson,2,2,0,2026-09-06 17:23:23
2026-09-06 17:23:10,AAAS398B,0101,Beka Guluma,20,12,0,2026-09-06 17:23:24
2026-09-06 17:23:10,AAAS398W,0101,Jason Nichols,25,10,0,2026-09-06 17:23:25
2026-09-06 17:23:10,AAAS399,0101,Robert Choflet,4,4,0,2026-09-06 17:23:25
2026-09-06 17:23:10,AAAS399,0201,John Drabinski,4,4,0,2026-09-06 17:23:25
2026-09-06 17:23:10,AAAS399,0301,Angelica Dunbar,4,3,0,2026-09-06 17:23:25
2026-09-06 17:23:10,AAAS399,0401,Sharon Harley,4,4,0,2026-09-06 17:23:25
2026-09-06 17:23:10,AAAS399,0501,Cecily Jackson,4,4,0,2026-09-06 17:23:25
2026-09-06 17:23:10,AAAS399,0601,Cecily Jackson,4,4,0,2026-09-06 17:23:25
2026-09-06 17:23:10,AAAS399,0701,Sharon Harley,4,4,0,2026-09-06 17:23:25
2026-09-06 17:23:10,AAAS399,0801,George Kintiba,4,4,0,2026-09-06 17:23:25
2026-09-06 17:23:10,AAAS399,0901,Jason Nichols,4,4,0,2026-09-06 17:23:25
2026-09-06 17:23:10,AAAS399,1001,Ashley Newby,4,3,0,2026-09-06 17:23:25
2026-09-06 17:23:10,AAAS399,1101,Jason Nichols,4,4,0,2026-09-06 17:23:25
2026-09-06 17:23:10,AAAS399,1201,Joseph Richardson,4,4,0,2026-09-06 17:23:25
2026-09-06 17:23:10,AAAS399,1301,Shane Walsh,4,4,0,2026-09-06 17:23:25
2026-09-06 17:23:10,AAAS399,1401,Joseph Richardson,4,4,0,2026-09-06 17:23:25
2026-09-06 17:23:10,AAAS399,1501,Shane Walsh,4,4,0,2026-09-06 17:23:25
2026-09-06 17:23:10,AAAS400,0101,Periloux Peay,25,22,0,2026-09-06 17:23:26
2026-09-06 17:23:10,AAAS415,0101,Periloux Peay,30,0,0,2026-09-06 17:23:27
2026-09-06 17:23:10,AAAS499N,0101,Anne Rosen,25,1,0,2026-09-06 17:23:27
2026-09-06 17:23:10,AAST200,0101,Jennifer Cho,30,0,0,2026-09-06 17:23:29
2026-09-06 17:23:10,AAST200,0102,Binod Paudyal,30,0,1,2026-09-06 17:23:29
2026-09-06 17:23:10,AAST322,0101,Julie Park,30,2,0,2026-09-06 17:23:30
2026-09-06 17:23:10,AAST351,0101,Binod Paudyal,35,0,0,2026-09-06 17:23:30
2026-09-06 17:23:10,AAST355,0101,Jennifer Cho,35,0,3,2026-09-06 17:23:31
2026-09-06 17:23:10,AAST378,0101,Janelle Wong,2,2,0,2026-09-06 17:23:31
2026-09-06 17:23:10,AAST394,0101,Wenxi Yang,30,2,0,2026-09-06 17:23:32
2026-09-06 17:23:10,AAST398I,0101,Michelle Magalong,24,1,0,2026-09-06 17:23:33
2026-09-06 17:23:10,AAST398W,0101,Chris Eng,25,14,0,2026-09-06 17:23:33
2026-09-06 17:23:10,AAST421,0101,Tuyet Duong,20,1,0,2026-09-06 17:23:34
2026-09-06 17:23:10,AAST422,0101,Jennifer Cho,25,4,0,2026-09-06 17:23:34
2026-09-06 17:23:10,AAST424,0101,Dawn Dow,29,9,0,2026-09-06 17:23:34
2026-09-06 17:23:10,AAST440,0101,Binod Paudyal,25,0,1,2026-09-06 17:23:35
2026-09-06 17:23:10,AAST443,0101,Janelle Wong,30,0,0,2026-09-06 17:23:35
2026-09-06 17:23:10,ABRM330,0101,Rashawn Ray,40,1,0,2026-09-06 17:23:37
2026-09-06 17:23:10,ARAB101,0101,Samah Al-salami,15,1,0,2026-09-06 17:24:30
2026-09-06 17:23:10,ARAB101,0201,Ahmed Hanafy,15,3,0,2026-09-06 17:24:30
2026-09-06 17:23:10,ARAB102,0101,Samah Al-salami,15,0,0,2026-09-06 17:24:31
2026-09-06 17:23:10,ARAB102,0201,Lutf Alkebsi,15,12,0,2026-09-06 17:24:31
2026-09-06 17:23:10,ARAB201,0101,Lutf Alkebsi,15,1,0,2026-09-06 17:24:31
2026-09-06 17:23:10,ARAB201,0201,Lutf Alkebsi,15,11,0,2026-09-06 17:24:31
2026-09-06 17:23:10,ARAB208L,0101,Samah Al-salami,15,4,0,2026-09-06 17:24:32
2026-09-06 17:23:10,ARAB225,0101,Ahmed Hanafy,15,1,0,2026-09-06 17:24:32
2026-09-06 17:23:10,ARAB301,0101,Ahmed Hanafy,15,6,0,2026-09-06 17:24:32
2026-09-06 17:23:10,ARAB321,0101,Ahmed Hanafy,15,9,0,2026-09-06 17:24:33
2026-09-06 17:23:10,ARAB322,0101,Samah Al-salami,15,9,0,2026-09-06 17:24:33
2026-09-06 17:23:10,ARAB398A,0101,Lutf Alkebsi,15,5,0,2026-09-06 17:24:34
2026-09-06 17:23:10,ARAB499E,0101,Brendan Kibbee,20,0,0,2026-09-06 17:24:35
2026-09-06 17:23:10,ARMY106,0101,Thomas Battinieri,31,26,0,2026-09-06 17:25:18
2026-09-06 17:23:10,ARMY106,0102,Thomas Battinieri,40,30,0,2026-09-06 17:25:18
2026-09-06 17:23:10,ARMY106,FC01,Andrew Bischoff,15,11,0,2026-09-06 17:25:18
2026-09-06 17:23:10,ARMY106,FC02,Thomas Battinieri,9,8,0,2026-09-06 17:25:18
2026-09-06 17:23:10,ARMY110,0101,Andrew Bischoff,15,15,0,2026-09-06 17:25:18
2026-09-06 17:23:10,ARMY201,0102,Thomas Battinieri,35,14,0,2026-09-06 17:25:20
2026-09-06 17:23:10,ARMY301,0101,Joshua Guiod,40,20,0,2026-09-06 17:25:20
2026-09-06 17:23:10,ARMY401,0102,Andrew Bischoff,50,13,0,2026-09-06 17:25:21
2026-09-06 17:23:10,ARSC059,0101,Kathleen West,220,65,0,2026-09-06 17:25:24
2026-09-06 17:23:10,ARSC059,FC01,Jens Lyndrup,10,4,0,2026-09-06 17:25:24
2026-09-06 17:23:10,ARSC100,0101,Jens Lyndrup,50,35,0,2026-09-06 17:25:25
2026-09-06 17:23:10,ARSC100,0102,Jens Lyndrup,75,20,0,2026-09-06 17:25:25
2026-09-06 17:23:10,ARSC100,0103,Jens Lyndrup,40,32,0,2026-09-06 17:25:25
2026-09-06 17:23:10,ARSC100,FC01,Jens Lyndrup,5,3,0,2026-09-06 17:25:25
2026-09-06 17:23:10,ARSC100,FC02,Jens Lyndrup,10,6,0,2026-09-06 17:25:25
2026-09-06 17:23:10,ARSC200,0101,Alan Snyder,50,15,0,2026-09-06 17:25:25
2026-09-06 17:23:10,ARSC200,0102,Alan Snyder,35,22,0,2026-09-06 17:25:25
2026-09-06 17:23:10,ARSC200,0103,Alan Snyder,40,32,0,2026-09-06 17:25:25
2026-09-06 17:23:10,ARSC300,0101,Kathleen West,30,5,0,2026-09-06 17:25:26
2026-09-06 17:23:10,ARSC300,0102,Kathleen West,20,13,0,2026-09-06 17:25:26
2026-09-06 17:23:10,ARSC400,0101,Walter Mitchell,30,16,0,2026-09-06 17:25:26
2026-09-06 17:23:10,ARSC400,0102,Walter Mitchell,20,18,0,2026-09-06 17:25:26
2026-09-06 17:23:10,ARSC400,0201,Walter Mitchell,10,10,0,2026-09-06 17:25:26
2026-09-06 17:23:10,BMIN210,0101,Darlene Dennison,180,4,0,2026-09-06 17:26:56
2026-09-06 17:23:10,BMIN210,0201,Darlene Dennison,180,87,0,2026-09-06 17:26:56
2026-09-06 17:23:10,BMIN305,0101,Tejwansh Anand,180,20,0,2026-09-06 17:26:57
2026-09-06 17:23:10,BMIN345,0101,Michael Padhi,275,35,0,2026-09-06 17:26:57
2026-09-06 17:23:10,BMIN355,0101,Idil Yaveroglu,180,1,0,2026-09-06 17:26:58
2026-09-06 17:23:10,BMIN355,0201,Idil Yaveroglu,180,27,0,2026-09-06 17:26:58
2026-09-06 17:23:10,BMIN375,0101,Leland Gardner,185,0,0,2026-09-06 17:26:58
2026-09-06 17:23:10,BMIN395,0101,Nima Farshchi,200,1,0,2026-09-06 17:26:58
2026-09-06 17:23:10,BMIN395,0201,Nima Farshchi,200,106,0,2026-09-06 17:26:58
2026-09-06 17:23:10,BOIS602,WI01,Woei-jyh Lee,40,6,0,2026-09-06 17:27:02
2026-09-06 17:23:10,BOIS604,WI01,Manmohan Aseri,40,5,0,2026-09-06 17:27:03
2026-09-06 17:23:10,BOIS631,WI01,Sujin Kim,40,8,0,2026-09-06 17:27:03
2026-09-06 17:23:10,BSOS355,0101,Liza Lebrun,30,30,0,2026-09-06 17:27:17
2026-09-06 17:23:10,BSOS361,0101,TC Lloyd,30,2,0,2026-09-06 17:27:17
2026-09-06 17:23:10,BSOS361,0103,Keia Brown,30,2,0,2026-09-06 17:27:17
2026-09-06 17:23:10,BSOS361,0104,David Tana,30,1,0,2026-09-06 17:27:17
2026-09-06 17:23:10,BSOS361,0105,TC Lloyd,30,1,0,2026-09-06 17:27:17
2026-09-06 17:23:10,BSOS388C,0101,Nikita Kimani,20,0,0,2026-09-06 17:27:18
2026-09-06 17:23:10,BSOS388C,0201,Nikita Kimani,20,3,0,2026-09-06 17:27:18
2026-09-06 17:23:10,BSOS388E,0101,Liza Lebrun,30,30,0,2026-09-06 17:27:18
2026-09-06 17:23:10,BUSO600,SO11,Neta Moye,42,4,0,2026-09-06 17:27:42
2026-09-06 17:23:10,BUSO600,SO12,Neta Moye,42,7,0,2026-09-06 17:27:42
2026-09-06 17:23:10,BUSO603,SO11,Ilya Ryzhov,42,4,0,2026-09-06 17:27:42
2026-09-06 17:23:10,BUSO603,SO12,Ilya Ryzhov,42,4,0,2026-09-06 17:27:42
2026-09-06 17:23:10,BUSO604,SO11,Bennet Zelner,42,5,0,2026-09-06 17:27:43
2026-09-06 17:23:10,BUSO604,SO12,Bennet Zelner,42,5,0,2026-09-06 17:27:43
2026-09-06 17:23:10,BUSO612,SO11,Henry Boyd,42,4,0,2026-09-06 17:27:43
2026-09-06 17:23:10,BUSO612,SO12,Henry Boyd,42,2,0,2026-09-06 17:27:43
2026-09-06 17:23:10,BUSO616,SO31,Brent Solomon,38,2,0,2026-09-06 17:27:44
2026-09-06 17:23:10,BUSO616,SO32,Brent Solomon,38,0,0,2026-09-06 17:27:44
2026-09-06 17:23:10,BUSO624,SO31,Yi Xu,38,3,0,2026-09-06 17:27:44
2026-09-06 17:23:10,BUSO624,SO32,Yi Xu,38,0,0,2026-09-06 17:27:44
2026-09-06 17:23:10,BUSO700,SO91,Paulo Prochno,0,0,0,2026-09-06 17:27:45
2026-09-06 17:23:10,BUSO711,SO31,Gosia Langa Basit,28,0,0,2026-09-06 17:27:45
2026-09-06 17:23:10,BUSO711,SO32,Gosia Langa Basit,28,4,0,2026-09-06 17:27:45
2026-09-06 17:23:10,BUSO711,SO33,Gosia Langa Basit,28,3,0,2026-09-06 17:27:45
2026-09-06 17:23:10,BUSO731,SO51,Tejwansh Anand,49,0,0,2026-09-06 17:27:46
2026-09-06 17:23:10,BUSO752,SO51,Leland Gardner,35,13,0,2026-09-06 17:27:46
2026-09-06 17:23:10,BUSO758G,SO51,James Seward,35,13,0,2026-09-06 17:27:46
2026-09-06 17:23:10,BUSO758M,SO51,Paulo Prochno,49,2,0,2026-09-06 17:27:47
2026-09-06 17:23:10,BUSO758M,SO52,Paulo Prochno,49,2,0,2026-09-06 17:27:47
2026-09-06 17:23:10,BUSO758T,SO51,Michael Cichello,35,18,0,2026-09-06 17:27:47
2026-09-06 17:23:10,BUSO758W,SO51,Yogesh Joshi,33,1,0,2026-09-06 17:27:48
2026-09-06 17:23:10,BUSO758W,SO52,Yogesh Joshi,33,3,0,2026-09-06 17:27:48
2026-09-06 17:23:10,BUSO758X,SO51,Pallassana Kannan,49,3,0,2026-09-06 17:27:49
2026-09-06 17:23:10,BUSO788F,GX01,Judy Frels,25,5,0,2026-09-06 17:27:49
2026-09-06 17:23:10,BUSO788W,GX01,Zhi-Long Chen,30,5,0,2026-09-06 17:27:49
2026-09-06 17:23:10,CHSE200,0101,Betsy Tornquist,10,1,0,2026-09-06 17:28:24
2026-09-06 17:23:10,CHSE205,0101,Yewon Lee,60,0,7,2026-09-06 17:28:25
2026-09-06 17:23:10,CHSE205,0201,Yewon Lee,60,0,0,2026-09-06 17:28:25
2026-09-06 17:23:10,CHSE228C,0101,Nikita Kimani,20,0,0,2026-09-06 17:28:25
2026-09-06 17:23:10,CHSE228C,0201,Nikita Kimani,20,3,0,2026-09-06 17:28:25
2026-09-06 17:23:10,CHSE228C,0301,Nikita Kimani,20,0,0,2026-09-06 17:28:25
2026-09-06 17:23:10,CHSE230,0101,Isabelle Grable,25,16,0,2026-09-06 17:28:26
2026-09-06 17:23:10,CHSE376,0101,Michael Dunham,22,0,7,2026-09-06 17:28:26
2026-09-06 17:23:10,CHSE376,0201,Colleen McGilpin,20,0,9,2026-09-06 17:28:26
2026-09-06 17:23:10,CHSE376,0301,Elizabeth Martinez,20,0,4,2026-09-06 17:28:26
2026-09-06 17:23:10,CHSE376,0401,Chanai Brewster,20,0,3,2026-09-06 17:28:26
2026-09-06 17:23:10,CHSE476,0101,Michael Dunham,20,6,0,2026-09-06 17:28:27
2026-09-06 17:23:10,CHSE477,0101,Michael Dunham,15,4,0,2026-09-06 17:28:27
2026-09-06 17:23:10,CHSE489,1901,Amy D'Agati,15,10,0,2026-09-06 17:28:28
2026-09-06 17:23:10,CHSE498,2401,Meredith Gramlich,10,1,0,2026-09-06 17:28:28
2026-09-06 17:23:10,CHSE498,3701,Michael Dunham,2,1,0,2026-09-06 17:28:28
2026-09-06 17:23:10,CINE245,0101,Eric Zakim,22,0,2,2026-09-06 17:28:30
2026-09-06 17:23:10,CINE245,0102,Eric Zakim,22,0,1,2026-09-06 17:28:30
2026-09-06 17:23:10,CINE245,0103,Eric Zakim,22,0,3,2026-09-06 17:28:30
2026-09-06 17:23:10,CINE245,0104,Eric Zakim,22,0,1,2026-09-06 17:28:30
2026-09-06 17:23:10,CINE280,0101,Porter Olsen,30,0,0,2026-09-06 17:28:31
2026-09-06 17:23:10,CINE280,0201,John Tobin,30,0,1,2026-09-06 17:28:31
2026-09-06 17:23:10,CINE298A,0101,Caroline Eades,20,0,0,2026-09-06 17:28:31
2026-09-06 17:23:10,CINE301,0101,Eric Zakim,30,0,0,2026-09-06 17:28:32
2026-09-06 17:23:10,CINE310,0101,Nathaniel Stevens,15,1,0,2026-09-06 17:28:32
2026-09-06 17:23:10,CINE315,0101,Yael Inbar,15,0,0,2026-09-06 17:28:33
2026-09-06 17:23:10,CINE319G,0101,Oliver Gaycken,25,15,0,2026-09-06 17:28:33
2026-09-06 17:23:10,CINE319P,5501,Samuel Crawford,11,0,0,2026-09-06 17:28:33
2026-09-06 17:23:10,CINE319Z,0101,Paul Cote,25,7,0,2026-09-06 17:28:34
2026-09-06 17:23:10,CINE329T,0101,Daniel Richter,25,0,10,2026-09-06 17:28:34
2026-09-06 17:23:10,CINE332,0101,Parker Brookie,25,1,0,2026-09-06 17:28:35
2026-09-06 17:23:10,CINE334,0101,Elizabeth Papazian,25,0,0,2026-09-06 17:28:35
2026-09-06 17:23:10,CINE337,0101,Jason Kuo,25,0,2,2026-09-06 17:28:35
2026-09-06 17:23:10,CINE342,0101,Luka Arsenjuk,20,0,3,2026-09-06 17:28:36
2026-09-06 17:23:10,CINE350,0101,John Drabinski,20,0,0,2026-09-06 17:28:36
2026-09-06 17:23:10,CINE359C,0101,Daniel Richter,25,0,5,2026-09-06 17:28:37
2026-09-06 17:23:10,CINE369B,0101,Eva Hageman,30,1,0,2026-09-06 17:28:37
2026-09-06 17:23:10,CINE369K,0101,Paul Cote,20,0,0,2026-09-06 17:28:37
2026-09-06 17:23:10,CINE376,0101,Ross Angelella,15,3,0,2026-09-06 17:28:38
2026-09-06 17:23:10,CINE376,0102,Ross Angelella,5,2,0,2026-09-06 17:28:38
2026-09-06 17:23:10,CINE415,0101,Mathew Bainbridge,15,0,0,2026-09-06 17:28:39
2026-09-06 17:23:10,CINE419P,0101,Oliver Gaycken,20,14,0,2026-09-06 17:28:39
2026-09-06 17:23:10,CINE459P,0101,Luka Arsenjuk,20,0,1,2026-09-06 17:28:40
2026-09-06 17:23:10,CLAS170,0101,Chiara Graf,21,4,0,2026-09-06 17:28:42
2026-09-06 17:23:10,CLAS170,0102,Chiara Graf,21,0,0,2026-09-06 17:28:42
2026-09-06 17:23:10,CLAS170,0103,Chiara Graf,21,1,0,2026-09-06 17:28:42
2026-09-06 17:23:10,CLAS170,0104,Chiara Graf,21,0,0,2026-09-06 17:28:42
2026-09-06 17:23:10,CLAS170,0105,Chiara Graf,21,0,0,2026-09-06 17:28:42
2026-09-06 17:23:10,CLAS170,0106,Chiara Graf,21,0,1,2026-09-06 17:28:42
2026-09-06 17:23:10,CLAS170,0107,Chiara Graf,21,0,1,2026-09-06 17:28:42
2026-09-06 17:23:10,CLAS170,0108,Chiara Graf,21,0,0,2026-09-06 17:28:42
2026-09-06 17:23:10,CLAS170,0109,Chiara Graf,22,0,0,2026-09-06 17:28:42
2026-09-06 17:23:10,CLAS170,FC01,Chelsea Stolt,28,4,0,2026-09-06 17:28:42
2026-09-06 17:23:10,CLAS170,FC02,Chelsea Stolt,28,0,0,2026-09-06 17:28:42
2026-09-06 17:23:10,CLAS170,FC03,Eugenia Lao,28,9,0,2026-09-06 17:28:42
2026-09-06 17:23:10,CLAS170,FC05,Charis Addai,28,5,0,2026-09-06 17:28:42
2026-09-06 17:23:10,CLAS277,0101,Chiara Graf,25,0,0,2026-09-06 17:28:42
2026-09-06 17:23:10,CLAS277,0102,Chiara Graf,25,2,0,2026-09-06 17:28:42
2026-09-06 17:23:10,CLAS277,0103,Chiara Graf,25,4,0,2026-09-06 17:28:42
2026-09-06 17:23:10,CLAS277,0104,Chiara Graf,25,3,0,2026-09-06 17:28:42
2026-09-06 17:23:10,CLAS277,0105,Chiara Graf,25,1,0,2026-09-06 17:28:42
2026-09-06 17:23:10,CLAS277,0106,Chiara Graf,25,2,0,2026-09-06 17:28:42
2026-09-06 17:23:10,CLAS305,0101,Jorge Bravo,35,3,0,2026-09-06 17:28:43
2026-09-06 17:23:10,CLAS309N,0101,Nathan Levine,35,25,0,2026-09-06 17:28:43
2026-09-06 17:23:10,CLAS310,0101,Rachel Singpurwalla,20,1,0,2026-09-06 17:28:44
2026-09-06 17:23:10,CLAS310,0102,Rachel Singpurwalla,20,0,2,2026-09-06 17:28:44
2026-09-06 17:23:10,CLAS310,0103,Rachel Singpurwalla,20,0,1,2026-09-06 17:28:44
2026-09-06 17:23:10,CLAS312,0101,Polyvia Parara,35,6,0,2026-09-06 17:28:44
2026-09-06 17:23:10,CMLT235,0101,Brielle Gorrell,30,2,0,2026-09-06 17:28:48
2026-09-06 17:23:10,CMLT270,0101,Hannah (Toyin) Adeyemi,30,0,0,2026-09-06 17:28:48
2026-09-06 17:23:10,CMLT270,0201,Shakiba Sharifpour,30,1,0,2026-09-06 17:28:48
2026-09-06 17:23:10,CMLT275,0201,Abhinav Bhardwaj,30,0,1,2026-09-06 17:28:49
2026-09-06 17:23:10,CMLT277,0101,Nahid Ahmadian,30,0,1,2026-09-06 17:28:49
2026-09-06 17:23:10,CMLT280,0101,Porter Olsen,30,0,0,2026-09-06 17:28:50
2026-09-06 17:23:10,CMLT280,0201,John Tobin,30,0,1,2026-09-06 17:28:50
2026-09-06 17:23:10,CPBE100,0101,Oliver Schlake,95,25,0,2026-09-06 17:29:36
2026-09-06 17:23:10,CPBE200,0101,Oliver Schlake,75,33,0,2026-09-06 17:29:36
2026-09-06 17:23:10,CPBE225,0101,Ira Koretsky,38,13,0,2026-09-06 17:29:36
2026-09-06 17:23:10,CPBE225,0102,Ira Koretsky,38,23,0,2026-09-06 17:29:36
2026-09-06 17:23:10,CPCV100,0101,Julie Randolph,40,1,0,2026-09-06 17:29:38
2026-09-06 17:23:10,CPCV100,0201,Julie Randolph,40,8,0,2026-09-06 17:29:38
2026-09-06 17:23:10,CPCV200,0101,Julie Randolph,35,0,0,2026-09-06 17:29:39
2026-09-06 17:23:10,CPCV200,0201,Julie Randolph,35,16,0,2026-09-06 17:29:39
2026-09-06 17:23:10,CPCV225,0101,Korey Rothman,75,4,0,2026-09-06 17:29:39
2026-09-06 17:23:10,CPDJ100,0101,Jess Feltner,75,1,0,2026-09-06 17:29:41
2026-09-06 17:23:10,CPDJ200,0101,Andrew Fellows,75,37,0,2026-09-06 17:29:41
2026-09-06 17:23:10,CPET100,0101,Tim Knight,75,2,0,2026-09-06 17:29:43
2026-09-06 17:23:10,CPET200,0101,Tim Knight,75,7,0,2026-09-06 17:29:43
2026-09-06 17:23:10,CPGH100,0101,John Wiggins,85,7,0,2026-09-06 17:29:45
2026-09-06 17:23:10,CPGH200,0101,John Wiggins,75,17,0,2026-09-06 17:29:46
2026-09-06 17:23:10,CPJT100,0101,Justine DeCamillis,75,6,0,2026-09-06 17:29:47
2026-09-06 17:23:10,CPJT200,0101,Justine DeCamillis,75,20,0,2026-09-06 17:29:48
2026-09-06 17:23:10,CPMS100,0101,Carole Lee,75,0,0,2026-09-06 17:29:50
2026-09-06 17:23:10,CPMS200,0101,Alison Burns,75,11,0,2026-09-06 17:29:50
2026-09-06 17:23:10,CPMS225,0101,Alison Burns,75,0,0,2026-09-06 17:29:51
2026-09-06 17:23:10,CPMS230,0101,Alison Burns,30,12,0,2026-09-06 17:29:51
2026-09-06 17:23:10,CPMS240,0101,Carole Lee,20,18,0,2026-09-06 17:29:52
2026-09-06 17:23:10,CPPL100,0101,Kelly Brower,78,2,0,2026-09-06 17:29:53
2026-09-06 17:23:10,CPPL200,0101,Kelly Brower,75,16,0,2026-09-06 17:29:54
2026-09-06 17:23:10,CPSA100,0101,Andrea Cesar,75,11,0,2026-09-06 17:29:55
2026-09-06 17:23:10,CPSA200,0101,Andrea Cesar,75,33,0,2026-09-06 17:29:56
2026-09-06 17:23:10,CPSF100,0101,Nicholas Fletcher,85,1,0,2026-09-06 17:29:58
2026-09-06 17:23:10,CPSF200,0101,Nicholas Fletcher,75,5,0,2026-09-06 17:29:58
2026-09-06 17:23:10,CPSG100,0101,Thomas Holtz,85,7,0,2026-09-06 17:30:00
2026-09-06 17:23:10,CPSG200,0101,Thomas Holtz,75,28,0,2026-09-06 17:30:00
2026-09-06 17:23:10,CPSN100,0101,Hansol Kwak,85,5,0,2026-09-06 17:30:03
2026-09-06 17:23:10,CPSN200,0101,Stacy Kosko,75,41,0,2026-09-06 17:30:03
2026-09-06 17:23:10,CPSN230,0101,Sarah Kilmer,20,18,0,2026-09-06 17:30:04
2026-09-06 17:23:10,CPSN240,0101,Sarah Kilmer,10,7,0,2026-09-06 17:30:04
2026-09-06 17:23:10,CPSN250,0101,Sarah Kilmer,5,5,0,2026-09-06 17:30:05
2026-09-06 17:23:10,CPSP110,0101,Markell Saunders,18,10,0,2026-09-06 17:30:07
2026-09-06 17:23:10,CPSP110,0201,Patrice Greene,18,14,0,2026-09-06 17:30:07
2026-09-06 17:23:10,CPSP220,0101,Tiara Thomas,20,1,0,2026-09-06 17:30:07
2026-09-06 17:23:10,CPSP239A,0101,Heather-Erin Bremenstuhl,10,6,0,2026-09-06 17:30:07
2026-09-06 17:23:10,CPSP269C,0101,Korey Rothman,5,5,0,2026-09-06 17:30:08
2026-09-06 17:23:10,CPSP339P,0101,Susannah Washburn,10,7,0,2026-09-06 17:30:08
2026-09-06 17:23:10,CPSS100,0101,David Tomblin,85,6,0,2026-09-06 17:30:10
2026-09-06 17:23:10,CPSS220,0101,Nicole Mogul,20,2,0,2026-09-06 17:30:10
2026-09-06 17:23:10,CPSS225,0101,Roan Parrish,20,14,0,2026-09-06 17:30:11
2026-09-06 17:23:10,CPSS340,0101,David Tomblin,20,4,0,2026-09-06 17:30:11
2026-09-06 17:23:10,CRLN101,0103,Myles Alexander,25,1,0,2026-09-06 17:30:13
2026-09-06 17:23:10,CRLN101,0104,Tami Smith,26,0,0,2026-09-06 17:30:13
2026-09-06 17:23:10,CRLN101,0105,Denis Garcia Reyes,25,0,0,2026-09-06 17:30:13
2026-09-06 17:23:10,CRLN101,0106,Mitch Woolley,25,4,0,2026-09-06 17:30:13
2026-09-06 17:23:10,CRLN101,0107,Esohe Owie,25,0,0,2026-09-06 17:30:13
2026-09-06 17:23:10,DATA100,0111,Matthew Griffin,33,3,0,2026-09-06 17:30:25
2026-09-06 17:23:10,DATA100,0112,Matthew Griffin,35,2,0,2026-09-06 17:30:25
2026-09-06 17:23:10,DATA100,0121,Matthew Griffin,35,0,0,2026-09-06 17:30:25
2026-09-06 17:23:10,DATA100,0122,Matthew Griffin,33,0,0,2026-09-06 17:30:25
2026-09-06 17:23:10,DATA100,0123,Matthew Griffin,33,0,0,2026-09-06 17:30:25
2026-09-06 17:23:10,DATA100,0124,Matthew Griffin,33,3,0,2026-09-06 17:30:25
2026-09-06 17:23:10,DATA100,0131,Matthew Griffin,33,1,0,2026-09-06 17:30:25
2026-09-06 17:23:10,DATA100,0141,Matthew Griffin,35,0,0,2026-09-06 17:30:25
2026-09-06 17:23:10,DATA100,0142,Matthew Griffin,33,0,0,2026-09-06 17:30:25
2026-09-06 17:23:10,DATA100,0211,Matthew Griffin,33,1,0,2026-09-06 17:30:25
2026-09-06 17:23:10,DATA100,0212,Matthew Griffin,35,0,0,2026-09-06 17:30:25
2026-09-06 17:23:10,DATA100,0221,Matthew Griffin,30,0,0,2026-09-06 17:30:25
2026-09-06 17:23:10,DATA100,0223,Matthew Griffin,32,0,0,2026-09-06 17:30:25
2026-09-06 17:23:10,DATA100,0224,Matthew Griffin,30,0,0,2026-09-06 17:30:25
2026-09-06 17:23:10,DATA100,0231,Matthew Griffin,33,1,0,2026-09-06 17:30:25
2026-09-06 17:23:10,DATA100,0311,Archana Khurana,35,7,0,2026-09-06 17:30:25
2026-09-06 17:23:10,DATA100,0312,Archana Khurana,35,1,0,2026-09-06 17:30:25
2026-09-06 17:23:10,DATA100,0321,Archana Khurana,35,1,0,2026-09-06 17:30:25
2026-09-06 17:23:10,DATA100,0322,Archana Khurana,35,0,0,2026-09-06 17:30:25
2026-09-06 17:23:10,DATA100,0323,Archana Khurana,35,2,0,2026-09-06 17:30:25
2026-09-06 17:23:10,DATA100,0341,Archana Khurana,35,8,0,2026-09-06 17:30:25
2026-09-06 17:23:10,DATA110,0101,Susan Mazzullo,250,20,0,2026-09-06 17:30:26
2026-09-06 17:23:10,DATA120,0101,Fardina Alam,200,0,0,2026-09-06 17:30:26
2026-09-06 17:23:10,DATA200,0101,Fardina Alam,90,31,0,2026-09-06 17:30:27
2026-09-06 17:23:10,DATA250,0101,Todd Rowland,43,7,0,2026-09-06 17:30:27
2026-09-06 17:23:10,DATA320,0101,Maksym Morawski,15,10,0,2026-09-06 17:30:27
2026-09-06 17:23:10,DATA320,0201,Maksym Morawski,20,7,0,2026-09-06 17:30:27
2026-09-06 17:23:10,DATA320,0301,Fardina Alam,20,0,0,2026-09-06 17:30:27
2026-09-06 17:23:10,DATA350,0101,Raluca Rosca,30,10,0,2026-09-06 17:30:28
2026-09-06 17:23:10,DATA350,0201,Jonathan Fernandes,34,2,0,2026-09-06 17:30:28
2026-09-06 17:23:10,DATA400,0111,Salman Safdar,27,0,0,2026-09-06 17:30:28
2026-09-06 17:23:10,DATA400,0112,Salman Safdar,30,3,0,2026-09-06 17:30:28
2026-09-06 17:23:10,DATA400,0121,Salman Safdar,27,1,0,2026-09-06 17:30:28
2026-09-06 17:23:10,DATA400,0122,Salman Safdar,27,4,0,2026-09-06 17:30:28
2026-09-06 17:23:10,DATA400,0131,Salman Safdar,27,1,0,2026-09-06 17:30:28
2026-09-06 17:23:10,DATA400,0132,Salman Safdar,27,8,0,2026-09-06 17:30:28
2026-09-06 17:23:10,DATA400,0211,Timothy Pilachowski,30,3,0,2026-09-06 17:30:28
2026-09-06 17:23:10,DATA400,0212,Timothy Pilachowski,30,4,0,2026-09-06 17:30:28
2026-09-06 17:23:10,DATA400,0221,Timothy Pilachowski,30,2,0,2026-09-06 17:30:28
2026-09-06 17:23:10,DATA400,0222,Timothy Pilachowski,30,1,0,2026-09-06 17:30:28
2026-09-06 17:23:10,DATA400,0231,Timothy Pilachowski,30,1,0,2026-09-06 17:30:28
2026-09-06 17:23:10,DATA400,0232,Timothy Pilachowski,30,0,0,2026-09-06 17:30:28
2026-09-06 17:23:10,DATA400,0311,Mestiyage Gunatilleka,32,0,0,2026-09-06 17:30:28
2026-09-06 17:23:10,DATA400,0312,Mestiyage Gunatilleka,30,0,0,2026-09-06 17:30:28
2026-09-06 17:23:10,DATA400,0321,Mestiyage Gunatilleka,32,0,1,2026-09-06 17:30:28
2026-09-06 17:23:10,DATA400,0322,Mestiyage Gunatilleka,30,0,0,2026-09-06 17:30:28
2026-09-06 17:23:10,DATA400,0331,Mestiyage Gunatilleka,32,0,0,2026-09-06 17:30:28
2026-09-06 17:23:10,DATA400,0332,Mestiyage Gunatilleka,30,0,0,2026-09-06 17:30:28
2026-09-06 17:23:10,DATA400,0511,Shixin Zheng,35,0,1,2026-09-06 17:30:28
2026-09-06 17:23:10,DATA400,0521,Shixin Zheng,35,0,0,2026-09-06 17:30:28
2026-09-06 17:23:10,DATA400,0531,Shixin Zheng,35,0,1,2026-09-06 17:30:28
2026-09-06 17:23:10,DATA601,PCS1,Sandra Cerrai,50,5,0,2026-09-06 17:30:29
2026-09-06 17:23:10,DATA601,PCS2,Jonathan Fernandes,60,20,0,2026-09-06 17:30:29
2026-09-06 17:23:10,DATA601,PWS1,Leonid Koralov,60,3,0,2026-09-06 17:30:29
2026-09-06 17:23:10,DATA602,PCS1,Sujeong Kim,44,5,0,2026-09-06 17:30:29
2026-09-06 17:23:10,DATA602,PCS2,Sujeong Kim,44,8,0,2026-09-06 17:30:29
2026-09-06 17:23:10,DATA602,PWS1,Fardina Alam,44,2,0,2026-09-06 17:30:29
2026-09-06 17:23:10,DATA603,PCS1,Babak Azimi-Sadjadi,55,12,0,2026-09-06 17:30:30
2026-09-06 17:23:10,DATA603,PWS1,Kemal Davaslioglu,55,17,0,2026-09-06 17:30:30
2026-09-06 17:23:10,DATA605,PCS1,Tammy Perrin,44,29,0,2026-09-06 17:30:30
2026-09-06 17:23:10,DATA605,PCS2,Tammy Perrin,44,20,0,2026-09-06 17:30:30
2026-09-06 17:23:10,DATA605,PWS1,Giacinto Paolo Saggese,44,35,0,2026-09-06 17:30:30
2026-09-06 17:23:10,DATA607,PCS1,Mestiyage Gunatilleka,44,27,0,2026-09-06 17:30:30
2026-09-06 17:23:10,DATA607,PCS2,Kendall Williams,55,1,0,2026-09-06 17:30:30
2026-09-06 17:23:10,DATA607,PCS3,Vincent Lyzinski,44,3,0,2026-09-06 17:30:30
2026-09-06 17:23:10,DATA612,PCS1,Samet Ayhan,50,21,0,2026-09-06 17:30:31
2026-09-06 17:23:10,DATA612,PWS1,Samet Ayhan,44,15,0,2026-09-06 17:30:31
2026-09-06 17:23:10,DATA641,PCS1,Toki Inan,50,15,0,2026-09-06 17:30:31
2026-09-06 17:23:10,DATA641,PWS1,Armin Mehrabian,50,0,0,2026-09-06 17:30:31
2026-09-06 17:23:10,DATA643,PCS1,Charles Forgy,50,28,0,2026-09-06 17:30:32
2026-09-06 17:23:10,DATA650,PCS1,Emre Gunduzhan,54,5,0,2026-09-06 17:30:32
2026-09-06 17:23:10,DATA650,PCS2,Emre Gunduzhan,54,8,0,2026-09-06 17:30:32
2026-09-06 17:23:10,ENAI600,0101,C Ravishankar,35,21,0,2026-09-06 17:31:10
2026-09-06 17:23:10,ENAI600,AEC1,C Ravishankar,20,4,0,2026-09-06 17:31:10
2026-09-06 17:23:10,ENAI601,0101,Richard La,35,23,0,2026-09-06 17:31:11
2026-09-06 17:23:10,ENAI601,AEC1,Richard La,20,6,0,2026-09-06 17:31:11
2026-09-06 17:23:10,ENAI607,0101,Zoltan Safar,29,24,0,2026-09-06 17:31:11
2026-09-06 17:23:10,ENAI607,AEC1,Zoltan Safar,20,9,0,2026-09-06 17:31:11
2026-09-06 17:23:10,ENBC301,ESG1,Sivan Saravanapavan,20,9,0,2026-09-06 17:31:13
2026-09-06 17:23:10,ENBC311,ESG1,Bahaa Ghammraoui,20,11,0,2026-09-06 17:31:13
2026-09-06 17:23:10,ENBC322,ESG1,Kyunghun Lee,20,11,0,2026-09-06 17:31:14
2026-09-06 17:23:10,ENBC331,ESG1,Lan Ma,20,10,0,2026-09-06 17:31:14
2026-09-06 17:23:10,ENBC332,ESG1,Jamasp Azarnoosh,20,11,0,2026-09-06 17:31:15
2026-09-06 17:23:10,ENBC341,ESG1,Jarred Callura,20,12,0,2026-09-06 17:31:15
2026-09-06 17:23:10,ENBC353,ESG1,Jarred Callura,20,15,0,2026-09-06 17:31:15
2026-09-06 17:23:10,ENBC399,ESG1,Nan Xu,1,1,0,2026-09-06 17:31:16
2026-09-06 17:23:10,ENBC399,ESG2,Lan Ma,1,0,0,2026-09-06 17:31:16
2026-09-06 17:23:10,ENBC399,ESG3,Jamasp Azarnoosh,1,0,0,2026-09-06 17:31:16
2026-09-06 17:23:10,ENBC399,ESG4,Lan Ma,1,0,0,2026-09-06 17:31:16
2026-09-06 17:23:10,ENBC399,ESG5,Jamasp Azarnoosh,1,0,0,2026-09-06 17:31:16
2026-09-06 17:23:10,ENBC399,ESG6,Jamasp Azarnoosh,1,0,0,2026-09-06 17:31:16
2026-09-06 17:23:10,ENBC399,ESG7,Jamasp Azarnoosh,1,1,0,2026-09-06 17:31:16
2026-09-06 17:23:10,ENBC423,ESG1,Jian Su,20,13,0,2026-09-06 17:31:16
2026-09-06 17:23:10,ENBC425,ESG1,Jamasp Azarnoosh,20,13,0,2026-09-06 17:31:17
2026-09-06 17:23:10,ENBC431,ESG1,Lan Ma,20,13,0,2026-09-06 17:31:17
2026-09-06 17:23:10,ENEB302,ESG1,Wesley Lawson,20,4,0,2026-09-06 17:31:39
2026-09-06 17:23:10,ENEB340,ESG1,Nestor Michael Tiglao,20,4,0,2026-09-06 17:31:40
2026-09-06 17:23:10,ENEB341,ESG1,Nestor Michael Tiglao,20,4,0,2026-09-06 17:31:41
2026-09-06 17:23:10,ENEB344,ESG1,Jerry Wu,20,4,0,2026-09-06 17:31:42
2026-09-06 17:23:10,ENEB346,ESG1,Nestor Michael Tiglao,20,13,0,2026-09-06 17:31:42
2026-09-06 17:23:10,ENEB354,ESG1,Yavuz Oruc,20,4,0,2026-09-06 17:31:42
2026-09-06 17:23:10,ENEB408A,ESG1,Nestor Michael Tiglao,20,13,0,2026-09-06 17:31:43
2026-09-06 17:23:10,ENEB444,ESG1,Manoj Franklin,20,13,0,2026-09-06 17:31:43
2026-09-06 17:23:10,ENEB454,ESG1,Jerry Wu,20,13,0,2026-09-06 17:31:44
2026-09-06 17:23:10,ENED036,0101,Hillary Owusu,20,7,0,2026-09-06 17:31:45
2026-09-06 17:23:10,ENED101,0101,Shannon Bate,20,1,0,2026-09-06 17:31:46
2026-09-06 17:23:10,ENED115,0101,Friedrich Alvarez,100,5,0,2026-09-06 17:31:46
2026-09-06 17:23:10,ENED215,0101,Tyler Huddleston,30,0,0,2026-09-06 17:31:47
2026-09-06 17:23:10,ENED215,0102,Samantha Sabihi,40,24,0,2026-09-06 17:31:47
2026-09-06 17:23:10,ENED215,0103,Paige Smith,6,0,0,2026-09-06 17:31:47
2026-09-06 17:23:10,ENED290H,0101,Christopher Troilo,46,1,0,2026-09-06 17:31:47
2026-09-06 17:23:10,ENED390H,0101,Tony Barber,50,13,0,2026-09-06 17:31:47
2026-09-06 17:23:10,ENED394H,0101,Manmohan Aseri,65,14,0,2026-09-06 17:31:48
2026-09-06 17:23:10,ENED397,0101,Emily Marks,9,0,0,2026-09-06 17:31:48
2026-09-06 17:23:10,ENED490H,0101,Maria Bardossy,45,1,0,2026-09-06 17:31:49
2026-09-06 17:23:10,ENED491,0101,Jessica Roffe,10,1,0,2026-09-06 17:31:49
2026-09-06 17:23:10,ENMT301,ESG1,Colleen Murray,15,8,0,2026-09-06 17:34:34
2026-09-06 17:23:10,ENMT322,ESG1,Norman Wereley,15,8,0,2026-09-06 17:34:35
2026-09-06 17:23:10,ENMT361,ESG1,Young Choi,15,8,0,2026-09-06 17:34:35
2026-09-06 17:23:10,ENMT380,ESG1,Gurtajbir Herr,15,8,0,2026-09-06 17:34:36
2026-09-06 17:23:10,ENMT450,ESG1,Nicholas Limparis,7,5,0,2026-09-06 17:34:36
2026-09-06 17:23:10,ENMT471,ESG1,Colleen Murray,7,5,0,2026-09-06 17:34:36
2026-09-06 17:23:10,ENMT473,ESG1,Gurtajbir Herr,7,4,0,2026-09-06 17:34:37
2026-09-06 17:23:10,ENMT483,ESG1,Nicholas Limparis,7,5,0,2026-09-06 17:34:37
2026-09-06 17:23:10,ENMT499,ESG4,Nicholas Limparis,2,0,0,2026-09-06 17:34:38
2026-09-06 17:23:10,ENSE621,0101,Tony Barber,22,17,0,2026-09-06 17:34:47
2026-09-06 17:23:10,ENSE621,SY01,Tony Barber,15,0,0,2026-09-06 17:34:47
2026-09-06 17:23:10,ENSE623,0101,Steven Biemer,17,14,0,2026-09-06 17:34:47
2026-09-06 17:23:10,ENSE623,SY01,Steven Biemer,15,11,0,2026-09-06 17:34:47
2026-09-06 17:23:10,ENSE626,0101,Dane Cooper,20,16,0,2026-09-06 17:34:47
2026-09-06 17:23:10,ENSE626,SY01,Dane Cooper,15,9,0,2026-09-06 17:34:47
2026-09-06 17:23:10,ENSP101,0101,Annette Spivy,25,0,0,2026-09-06 17:34:50
2026-09-06 17:23:10,ENSP101,0102,Annette Spivy,24,1,0,2026-09-06 17:34:50
2026-09-06 17:23:10,ENSP101,0103,Annette Spivy,24,2,0,2026-09-06 17:34:50
2026-09-06 17:23:10,ENSP101,0104,Annette Spivy,24,0,0,2026-09-06 17:34:50
2026-09-06 17:23:10,ENSP101,0105,Annette Spivy,25,0,0,2026-09-06 17:34:50
2026-09-06 17:23:10,ENSP101,0106,Annette Spivy,24,0,0,2026-09-06 17:34:50
2026-09-06 17:23:10,ENSP101,0107,Annette Spivy,24,0,1,2026-09-06 17:34:50
2026-09-06 17:23:10,ENSP101,FC01,Annette Spivy,32,4,0,2026-09-06 17:34:50
2026-09-06 17:23:10,ENSP305,0101,Annette Spivy,23,0,2,2026-09-06 17:34:50
2026-09-06 17:23:10,ENSP330,0101,Joanna Goger,35,0,0,2026-09-06 17:34:51
2026-09-06 17:23:10,ENSP340,0101,Caroline Boules,25,0,0,2026-09-06 17:34:51
2026-09-06 17:23:10,ENSP360,0101,Leena Malayil,25,0,4,2026-09-06 17:34:52
2026-09-06 17:23:10,ENSP399R,0601,Annette Spivy,10,10,0,2026-09-06 17:34:53
2026-09-06 17:23:10,ENSP399R,1001,Jennifer Mullinax,10,10,0,2026-09-06 17:34:53
2026-09-06 17:23:10,ENSP400,0101,Joanna Goger,35,13,0,2026-09-06 17:34:53
2026-09-06 17:23:10,ENSP400,0102,Joanna Goger,35,10,0,2026-09-06 17:34:53
2026-09-06 17:23:10,ENVH121,FC01,Brienna Anderson,20,12,0,2026-09-06 17:35:12
2026-09-06 17:23:10,ENVH381,0101,Donald Milton,30,10,0,2026-09-06 17:35:12
2026-09-06 17:23:10,FGSM310,0101,Peter Owen,24,0,0,2026-09-06 17:35:18
2026-09-06 17:23:10,FGSM315,0101,Emily Shetty,22,0,0,2026-09-06 17:35:18
2026-09-06 17:23:10,FGSM320,0101,Woodie Kessel,24,2,0,2026-09-06 17:35:18
2026-09-06 17:23:10,FGSM325,0101,Rob Long,20,1,0,2026-09-06 17:35:19
2026-09-06 17:23:10,FGSM330,0101,Andrew Fausett,22,1,0,2026-09-06 17:35:19
2026-09-06 17:23:10,FGSM340,0101,Ed Fendley,22,1,0,2026-09-06 17:35:20
2026-09-06 17:23:10,FGSM350,0101,Sean Misko,22,1,0,2026-09-06 17:35:20
2026-09-06 17:23:10,FGSM355,0101,Amanda Schoch,20,0,0,2026-09-06 17:35:20
2026-09-06 17:23:10,FGSM360,0101,Nadia Farra,21,0,0,2026-09-06 17:35:21
2026-09-06 17:23:10,FGSM365,0101,Andrew Nissen,20,2,0,2026-09-06 17:35:21
2026-09-06 17:23:10,FGSM370,0101,Joshua Glasser,20,0,0,2026-09-06 17:35:22
2026-09-06 17:23:10,FGSM390,0101,Sasha Koo-Oshima,20,3,0,2026-09-06 17:35:22
2026-09-06 17:23:10,FGSM398,0101,Jayakumar Arasan,25,22,0,2026-09-06 17:35:22
2026-09-06 17:23:10,FGSM398,0201,Jayakumar Arasan,5,1,0,2026-09-06 17:35:22
2026-09-06 17:23:10,FIRE120,0101,Jessica O'Hara,36,0,0,2026-09-06 17:35:24
2026-09-06 17:23:10,FIRE120,0102,Shannon Hilton,36,6,0,2026-09-06 17:35:24
2026-09-06 17:23:10,FIRE120,0103,Jaclyn Bruner,36,0,0,2026-09-06 17:35:24
2026-09-06 17:23:10,FIRE120,0104,Danielle Niu,36,0,0,2026-09-06 17:35:24
2026-09-06 17:23:10,FIRE120,0105,Cherisse Hall,36,0,0,2026-09-06 17:35:24
2026-09-06 17:23:10,FIRE120,0106,Sara Strey,36,0,0,2026-09-06 17:35:24
2026-09-06 17:23:10,FIRE120,0107,Helene Nguemgaing,36,1,0,2026-09-06 17:35:24
2026-09-06 17:23:10,FIRE120,0108,Mary Chey,36,1,0,2026-09-06 17:35:24
2026-09-06 17:23:10,FIRE120,0109,Shannon Hilton,36,0,0,2026-09-06 17:35:24
2026-09-06 17:23:10,FIRE120,0110,Lena Johnson,36,0,0,2026-09-06 17:35:24
2026-09-06 17:23:10,FIRE120,0111,Benjamin Huffman,36,0,0,2026-09-06 17:35:24
2026-09-06 17:23:10,FIRE120,0112,Mary Chey,36,0,0,2026-09-06 17:35:24
2026-09-06 17:23:10,FIRE120,0113,Elizabeth Massey,36,8,0,2026-09-06 17:35:24
2026-09-06 17:23:10,FIRE120,0114,Benjamin Huffman,36,0,0,2026-09-06 17:35:24
2026-09-06 17:23:10,FIRE120,FC01,Danielle Niu,40,0,11,2026-09-06 17:35:24
2026-09-06 17:23:10,FIRE298,0101,Catherine Spirito,28,3,0,2026-09-06 17:35:25
2026-09-06 17:23:10,FIRE298,0103,Cherisse Hall,36,8,0,2026-09-06 17:35:25
2026-09-06 17:23:10,FIRE298,0104,Jessica O'Hara,36,4,0,2026-09-06 17:35:25
2026-09-06 17:23:10,FIRE298,0105,Kaylee Bloom,36,7,0,2026-09-06 17:35:25
2026-09-06 17:23:10,FIRE298,0106,Danielle Niu,36,17,0,2026-09-06 17:35:25
2026-09-06 17:23:10,FIRE298,0107,Benjamin Huffman,40,0,0,2026-09-06 17:35:25
2026-09-06 17:23:10,FIRE298,0108,Elizabeth Massey,40,14,0,2026-09-06 17:35:25
2026-09-06 17:23:10,FIRE298,0109,Shannon Hilton,40,6,0,2026-09-06 17:35:25
2026-09-06 17:23:10,FIRE298,0110,Jaclyn Bruner,40,19,0,2026-09-06 17:35:25
2026-09-06 17:23:10,FIRE298,0111,Mary Chey,36,5,0,2026-09-06 17:35:25
2026-09-06 17:23:10,FIRE298,0112,Helene Nguemgaing,40,15,0,2026-09-06 17:35:25
2026-09-06 17:23:10,FIRE298,0113,Kristina Kramarczuk,40,10,0,2026-09-06 17:35:25
2026-09-06 17:23:10,FIRE298,0114,Shabnam Jabeen,40,22,0,2026-09-06 17:35:25
2026-09-06 17:23:10,FIRE298,0115,Sara Strey,40,14,0,2026-09-06 17:35:25
2026-09-06 17:23:10,FIRE298,0116,Lena Johnson,40,4,0,2026-09-06 17:35:25
2026-09-06 17:23:10,FIRE398,0101,Catherine Spirito,15,2,0,2026-09-06 17:35:26
2026-09-06 17:23:10,FIRE398,0103,Cherisse Hall,15,4,0,2026-09-06 17:35:26
2026-09-06 17:23:10,FIRE398,0104,Jessica O'Hara,15,1,0,2026-09-06 17:35:26
2026-09-06 17:23:10,FIRE398,0105,Kaylee Bloom,15,2,0,2026-09-06 17:35:26
2026-09-06 17:23:10,FIRE398,0106,Danielle Niu,15,10,0,2026-09-06 17:35:26
2026-09-06 17:23:10,FIRE398,0107,Benjamin Huffman,15,3,0,2026-09-06 17:35:26
2026-09-06 17:23:10,FIRE398,0108,Elizabeth Massey,15,6,0,2026-09-06 17:35:26
2026-09-06 17:23:10,FIRE398,0109,Shannon Hilton,15,6,0,2026-09-06 17:35:26
2026-09-06 17:23:10,FIRE398,0110,Jaclyn Bruner,15,9,0,2026-09-06 17:35:26
2026-09-06 17:23:10,FIRE398,0111,Mary Chey,15,3,0,2026-09-06 17:35:26
2026-09-06 17:23:10,FIRE398,0112,Helene Nguemgaing,15,15,0,2026-09-06 17:35:26
2026-09-06 17:23:10,FIRE398,0113,Kristina Kramarczuk,15,7,0,2026-09-06 17:35:26
2026-09-06 17:23:10,FIRE398,0114,Shabnam Jabeen,15,15,0,2026-09-06 17:35:26
2026-09-06 17:23:10,FIRE398,0115,Sara Strey,15,14,0,2026-09-06 17:35:26
2026-09-06 17:23:10,FIRE398,0116,Lena Johnson,15,11,0,2026-09-06 17:35:26
2026-09-06 17:23:10,GBHL200,0101,Hassanatu Blake,30,0,0,2026-09-06 17:35:54
2026-09-06 17:23:10,GBHL200,FC01,Zandra Andre,25,3,0,2026-09-06 17:35:54
2026-09-06 17:23:10,GBHL210,0101,Leena Malayil,25,9,0,2026-09-06 17:35:55
2026-09-06 17:23:10,GBHL399,0101,Hassanatu Blake,3,3,0,2026-09-06 17:35:56
2026-09-06 17:23:10,GBHL399,0111,Dina Borzekowski,5,5,0,2026-09-06 17:35:56
2026-09-06 17:23:10,GEMS101,0101,Allison Lansverk,10,1,0,2026-09-06 17:35:58
2026-09-06 17:23:10,GEMS101,0103,Allison Lansverk,10,0,0,2026-09-06 17:35:58
2026-09-06 17:23:10,GEMS101,0104,Allison Lansverk,10,0,0,2026-09-06 17:35:58
2026-09-06 17:23:10,GEMS101,0105,Allison Lansverk,10,0,0,2026-09-06 17:35:58
2026-09-06 17:23:10,GEMS101,0106,Allison Lansverk,10,0,0,2026-09-06 17:35:58
2026-09-06 17:23:10,GEMS101,0107,Allison Lansverk,10,0,0,2026-09-06 17:35:58
2026-09-06 17:23:10,GEMS101,0109,Allison Lansverk,10,0,0,2026-09-06 17:35:58
2026-09-06 17:23:10,GEMS101,0111,Allison Lansverk,10,0,0,2026-09-06 17:35:58
2026-09-06 17:23:10,GEMS101,0113,Allison Lansverk,10,0,0,2026-09-06 17:35:58
2026-09-06 17:23:10,GEMS101,0114,Allison Lansverk,10,1,0,2026-09-06 17:35:58
2026-09-06 17:23:10,GEMS202,0101,Allison Lansverk,168,43,0,2026-09-06 17:35:58
2026-09-06 17:23:10,GEMS208A,0101,Allison Lansverk,14,14,0,2026-09-06 17:35:58
2026-09-06 17:23:10,GEMS208B,0101,Allison Lansverk,14,14,0,2026-09-06 17:35:59
2026-09-06 17:23:10,GEMS208C,0101,Allison Lansverk,23,12,0,2026-09-06 17:35:59
2026-09-06 17:23:10,GEMS208D,0101,Allison Lansverk,10,10,0,2026-09-06 17:36:00
2026-09-06 17:23:10,GEMS208P,0101,Allison Lansverk,20,8,0,2026-09-06 17:36:00
2026-09-06 17:23:10,GEMS296,0101,Sehrish Shikarpurya,14,5,0,2026-09-06 17:36:01
2026-09-06 17:23:10,GEMS296,0102,David Lovell,14,1,0,2026-09-06 17:36:01
2026-09-06 17:23:10,GEMS296,0103,Myles Poulin,14,1,0,2026-09-06 17:36:01
2026-09-06 17:23:10,GEMS296,0104,Raymond Adomaitis,14,3,0,2026-09-06 17:36:01
2026-09-06 17:23:10,GEMS296,0105,Rodolphe Gentili,14,4,0,2026-09-06 17:36:01
2026-09-06 17:23:10,GEMS296,0106,Jared Grauer,14,6,0,2026-09-06 17:36:01
2026-09-06 17:23:10,GEMS296,0107,Fengfeng Ke,14,4,0,2026-09-06 17:36:01
2026-09-06 17:23:10,GEMS296,0108,Eric Silk,14,4,0,2026-09-06 17:36:01
2026-09-06 17:23:10,GEMS296,0109,Huang Chiao Huang,14,1,0,2026-09-06 17:36:01
2026-09-06 17:23:10,GEMS296,0110,Mengqiang Zhu,14,6,0,2026-09-06 17:36:01
2026-09-06 17:23:10,GEMS296,0111,Maria Molina,14,6,0,2026-09-06 17:36:01
2026-09-06 17:23:10,GEMS296,0112,Youssef Kousa,14,2,0,2026-09-06 17:36:01
2026-09-06 17:23:10,GEMS296,0113,Instructor: TBA,5,5,0,2026-09-06 17:36:01
2026-09-06 17:23:10,GEMS296,0114,Instructor: TBA,14,14,0,2026-09-06 17:36:01
2026-09-06 17:23:10,GEMS296,0115,David Lovell,5,5,0,2026-09-06 17:36:01
2026-09-06 17:23:10,GEMS297,0113,Instructor: TBA,5,5,0,2026-09-06 17:36:01
2026-09-06 17:23:10,GEMS396,0101,Michael Humber,14,7,0,2026-09-06 17:36:02
2026-09-06 17:23:10,GEMS396,0102,Joshua Weitz,14,2,0,2026-09-06 17:36:02
2026-09-06 17:23:10,GEMS396,0103,Cecilia Huertas Cerdeira,14,8,0,2026-09-06 17:36:02
2026-09-06 17:23:10,GEMS396,0104,Rodolphe Gentili,14,3,0,2026-09-06 17:36:02
2026-09-06 17:23:10,GEMS396,0105,Allison Reilly,14,5,0,2026-09-06 17:36:02
2026-09-06 17:23:10,GEMS396,0106,Peter Sunderland,14,5,0,2026-09-06 17:36:02
2026-09-06 17:23:10,GEMS396,0107,Brett Lacey,14,8,0,2026-09-06 17:36:02
2026-09-06 17:23:10,GEMS396,0108,Natalia Buzulukova,14,4,0,2026-09-06 17:36:02
2026-09-06 17:23:10,GEMS396,0109,Anil Deane,14,4,0,2026-09-06 17:36:02
2026-09-06 17:23:10,GEMS396,0110,Colenso Speer,14,3,0,2026-09-06 17:36:02
2026-09-06 17:23:10,GEMS396,0111,Instructor: TBA,14,14,0,2026-09-06 17:36:02
2026-09-06 17:23:10,GEMS396,0112,Instructor: TBA,14,14,0,2026-09-06 17:36:02
2026-09-06 17:23:10,GEMS396,0113,David Lovell,5,5,0,2026-09-06 17:36:02
2026-09-06 17:23:10,GEMS396,0114,David Lovell,5,5,0,2026-09-06 17:36:02
2026-09-06 17:23:10,GEMS397,0113,David Lovell,5,4,0,2026-09-06 17:36:03
2026-09-06 17:23:10,GEMS496,0101,Eric Haag,14,7,0,2026-09-06 17:36:03
2026-09-06 17:23:10,GEMS496,0102,Mohammad Nayeem Teli,14,11,0,2026-09-06 17:36:03
2026-09-06 17:23:10,GEMS496,0103,Norberto Gonzalez- Juarbe,14,4,0,2026-09-06 17:36:03
2026-09-06 17:23:10,GEMS496,0104,Abhinav Shrivastava,14,6,0,2026-09-06 17:36:03
2026-09-06 17:23:10,GEMS496,0105,Hector Alcala,14,4,0,2026-09-06 17:36:03
2026-09-06 17:23:10,GEMS496,0106,Massimo Ricotti,14,5,0,2026-09-06 17:36:03
2026-09-06 17:23:10,GEMS496,0107,Reza Ghodssi,14,7,0,2026-09-06 17:36:03
2026-09-06 17:23:10,GEMS496,0108,Nikhil Chopra,14,8,0,2026-09-06 17:36:03
2026-09-06 17:23:10,GEMS496,0109,Kimberly Stroka,14,5,0,2026-09-06 17:36:03
2026-09-06 17:23:10,GEMS496,0110,Gorjan Alagic,14,13,0,2026-09-06 17:36:03
2026-09-06 17:23:10,GEMS496,0111,Alisa Clyne,14,6,0,2026-09-06 17:36:03
2026-09-06 17:23:10,GEMS496,0112,Xin Zan,14,10,0,2026-09-06 17:36:03
2026-09-06 17:23:10,GEMS496,0113,Erin Tran,14,14,0,2026-09-06 17:36:03
2026-09-06 17:23:10,GEMS496,0114,David Lovell,5,5,0,2026-09-06 17:36:03
2026-09-06 17:23:10,GEMS497,0107,Instructor: TBA,14,14,0,2026-09-06 17:36:04
2026-09-06 17:23:10,GEMS497,0110,Instructor: TBA,5,5,0,2026-09-06 17:36:04
2026-09-06 17:23:10,GEMS497,0113,David Lovell,5,5,0,2026-09-06 17:36:04
2026-09-06 17:23:10,GFPL100,0101,Joshua Itzkowitz Shifrinson,20,0,0,2026-09-06 17:36:33
2026-09-06 17:23:10,GFPL100,0102,Joshua Itzkowitz Shifrinson,20,1,0,2026-09-06 17:36:33
2026-09-06 17:23:10,GFPL100,0103,Joshua Itzkowitz Shifrinson,20,0,0,2026-09-06 17:36:33
2026-09-06 17:23:10,GFPL100,0104,Joshua Itzkowitz Shifrinson,20,0,0,2026-09-06 17:36:33
2026-09-06 17:23:10,GFPL100,0105,Joshua Itzkowitz Shifrinson,20,2,0,2026-09-06 17:36:33
2026-09-06 17:23:10,GFPL100,0106,Joshua Itzkowitz Shifrinson,25,1,0,2026-09-06 17:36:33
2026-09-06 17:23:10,GFPL100,FC01,Devin Entrikin,30,0,1,2026-09-06 17:36:33
2026-09-06 17:23:10,GFPL102,0101,Caroline Ritter,95,25,0,2026-09-06 17:36:34
2026-09-06 17:23:10,GFPL371,0101,Joshua Itzkowitz Shifrinson,35,0,1,2026-09-06 17:36:34
2026-09-06 17:23:10,GFPL388A,0101,Shannon Carcelli,5,5,0,2026-09-06 17:36:35
2026-09-06 17:23:10,GFPL388B,0101,Hyunki Kim,5,5,0,2026-09-06 17:36:35
2026-09-06 17:23:10,GFPL388C,0101,Scott Kastner,5,0,0,2026-09-06 17:36:35
2026-09-06 17:23:10,GFPL390,0101,Lena Andrews,20,0,1,2026-09-06 17:36:36
2026-09-06 17:23:10,GFPL490,0101,Michael Woldemariam,15,1,0,2026-09-06 17:36:36
2026-09-06 17:23:10,GFPL492,0101,Steve Fetter,20,1,0,2026-09-06 17:36:37
2026-09-06 17:23:10,GLBC200,0101,Chris Lewis,30,1,0,2026-09-06 17:36:38
2026-09-06 17:23:10,GLBC350,0101,Michele Mason,30,27,0,2026-09-06 17:36:39
2026-09-06 17:23:10,HACS100,0101,Cassie Harrington,40,2,0,2026-09-06 17:36:56
2026-09-06 17:23:10,HACS100,0201,Cassie Harrington,40,14,0,2026-09-06 17:36:56
2026-09-06 17:23:10,HACS200,0101,Michel Cukier,34,10,0,2026-09-06 17:36:56
2026-09-06 17:23:10,HACS200,0201,Michel Cukier,34,1,0,2026-09-06 17:36:56
2026-09-06 17:23:10,HACS202,0101,Bertrand Sobesto,52,19,0,2026-09-06 17:36:57
2026-09-06 17:23:10,HACS208A,0101,Lawrence Gordon,20,0,2,2026-09-06 17:36:58
2026-09-06 17:23:10,HACS208C,0101,Lamia Zia,26,9,0,2026-09-06 17:36:59
2026-09-06 17:23:10,HACS208P,0101,Charles Harry,26,0,0,2026-09-06 17:36:59
2026-09-06 17:23:10,HACS297,0101,Sarah Herberger,25,5,0,2026-09-06 17:37:00
2026-09-06 17:23:10,HACS408E,0101,Luke Mains,30,11,0,2026-09-06 17:37:01
2026-09-06 17:23:10,HACS408L,0101,Ian Serbin,30,3,0,2026-09-06 17:37:01
2026-09-06 17:23:10,HACS408M,0101,John McGahagan,30,1,0,2026-09-06 17:37:02
2026-09-06 17:23:10,HACS498,0101,Thomas Woods,7,1,0,2026-09-06 17:37:03
2026-09-06 17:23:10,HACS498,0201,David Trott,9,0,0,2026-09-06 17:37:03
2026-09-06 17:23:10,HACS498,0301,Michel Cukier,8,0,0,2026-09-06 17:37:03
2026-09-06 17:23:10,HBUS100,0101,Jui Ramaprasad,72,4,0,2026-09-06 17:37:05
2026-09-06 17:23:10,HBUS200,0101,Nicole Coomber,60,1,0,2026-09-06 17:37:05
2026-09-06 17:23:10,HDCC105,0101,Antwon Key,70,7,0,2026-09-06 17:37:07
2026-09-06 17:23:10,HDCC201,0101,Jessica Lu,22,0,0,2026-09-06 17:37:08
2026-09-06 17:23:10,HDCC201,0201,Jessica Lu,22,0,0,2026-09-06 17:37:08
2026-09-06 17:23:10,HDCC201,0301,Jessica Lu,22,3,0,2026-09-06 17:37:08
2026-09-06 17:23:10,HDCC208A,0101,William Evans,14,0,0,2026-09-06 17:37:08
2026-09-06 17:23:10,HDCC208J,0101,Grant Bollmer,14,0,0,2026-09-06 17:37:08
2026-09-06 17:23:10,HDCC208P,0101,Cliff Bakalian,14,0,0,2026-09-06 17:37:09
2026-09-06 17:23:10,HDCC208T,0101,Jonathan Reyes,14,0,0,2026-09-06 17:37:09
2026-09-06 17:23:10,HDCC208Z,0101,M Sauter,14,7,0,2026-09-06 17:37:10
2026-09-06 17:23:10,HDCC379,0101,Antwon Key,5,4,0,2026-09-06 17:37:11
2026-09-06 17:23:10,HEBR106,0101,Avital Karpman,15,2,0,2026-09-06 17:37:12
2026-09-06 17:23:10,HEBR106,0201,Avital Karpman,15,6,0,2026-09-06 17:37:12
2026-09-06 17:23:10,HEBR206,0101,Avital Karpman,15,7,0,2026-09-06 17:37:13
2026-09-06 17:23:10,HEBR249C,0101,Aliza Sandalon,15,0,0,2026-09-06 17:37:13
2026-09-06 17:23:10,HEBR298B,0101,Matthew Suriano,25,0,0,2026-09-06 17:37:14
2026-09-06 17:23:10,HEBR313,0101,Aliza Sandalon,20,0,3,2026-09-06 17:37:14
2026-09-06 17:23:10,HGLO100,0101,Alfredo Oliveira,22,7,0,2026-09-06 17:37:34
2026-09-06 17:23:10,HGLO100,0102,Natalie Vinski Ibrahim,22,8,0,2026-09-06 17:37:34
2026-09-06 17:23:10,HGLO100,0103,Natalie Vinski Ibrahim,22,1,0,2026-09-06 17:37:34
2026-09-06 17:23:10,HGLO100,0104,Alfredo Oliveira,22,11,0,2026-09-06 17:37:34
2026-09-06 17:23:10,HGLO101,0101,Sarah Croco,23,2,0,2026-09-06 17:37:34
2026-09-06 17:23:10,HGLO101,0102,Sarah Croco,22,9,0,2026-09-06 17:37:34
2026-09-06 17:23:10,HGLO101,0103,Sarah Croco,22,5,0,2026-09-06 17:37:34
2026-09-06 17:23:10,HGLO101,0104,Sarah Croco,22,13,0,2026-09-06 17:37:34
2026-09-06 17:23:10,HGLO207,0101,Natalie Vinski Ibrahim,25,12,0,2026-09-06 17:37:35
2026-09-06 17:23:10,HGLO208,0101,Alfredo Oliveira,45,25,0,2026-09-06 17:37:35
2026-09-06 17:23:10,HGLO298,0101,Jordan Gouws-Dewar,30,25,0,2026-09-06 17:37:35
2026-09-06 17:23:10,HLSC100,0101,Jalah Townsend,24,3,0,2026-09-06 17:38:20
2026-09-06 17:23:10,HLSC100,0102,Jalah Townsend,24,2,0,2026-09-06 17:38:20
2026-09-06 17:23:10,HLSC100,0103,Jalah Townsend,24,4,0,2026-09-06 17:38:20
2026-09-06 17:23:10,HLSC100,0104,Jalah Townsend,24,7,0,2026-09-06 17:38:20
2026-09-06 17:23:10,HLSC280,0101,Najib El-Sayed,25,3,0,2026-09-06 17:38:21
2026-09-06 17:23:10,HLSC280,0102,Najib El-Sayed,25,4,0,2026-09-06 17:38:21
2026-09-06 17:23:10,HLSC280,0103,Najib El-Sayed,25,4,0,2026-09-06 17:38:21
2026-09-06 17:23:10,HLSC280,0104,Najib El-Sayed,25,9,0,2026-09-06 17:38:21
2026-09-06 17:23:10,HLSC329,0101,Sabrina Kramer,12,4,0,2026-09-06 17:38:21
2026-09-06 17:23:10,HNUH100,0101,Robert Graham,20,3,0,2026-09-06 17:38:40
2026-09-06 17:23:10,HNUH100,0102,Robert Graham,20,0,0,2026-09-06 17:38:40
2026-09-06 17:23:10,HNUH100,0103,Brittany Proudfoot Ginder,20,1,0,2026-09-06 17:38:40
2026-09-06 17:23:10,HNUH100,0104,Max Barnewitz,20,1,0,2026-09-06 17:38:40
2026-09-06 17:23:10,HNUH100,0105,Vasfiye Toprak,20,0,0,2026-09-06 17:38:40
2026-09-06 17:23:10,HNUH100,0106,Vasfiye Toprak,20,1,0,2026-09-06 17:38:40
2026-09-06 17:23:10,HNUH100,0201,Max Barnewitz,20,1,0,2026-09-06 17:38:40
2026-09-06 17:23:10,HNUH100,0202,Max Barnewitz,20,0,0,2026-09-06 17:38:40
2026-09-06 17:23:10,HNUH100,0203,Vasfiye Toprak,20,1,0,2026-09-06 17:38:40
2026-09-06 17:23:10,HNUH100,0204,Vasfiye Toprak,20,0,0,2026-09-06 17:38:40
2026-09-06 17:23:10,HNUH100,0205,Ayondela McDole,20,2,0,2026-09-06 17:38:40
2026-09-06 17:23:10,HNUH100,0206,Ayondela McDole,20,0,0,2026-09-06 17:38:40
2026-09-06 17:23:10,HNUH100,0301,Robert Graham,20,1,0,2026-09-06 17:38:40
2026-09-06 17:23:10,HNUH100,0302,Shauna Rigaud,20,8,0,2026-09-06 17:38:40
2026-09-06 17:23:10,HNUH100,0303,Shauna Rigaud,20,1,0,2026-09-06 17:38:40
2026-09-06 17:23:10,HNUH100,0304,Max Barnewitz,20,3,0,2026-09-06 17:38:40
2026-09-06 17:23:10,HNUH100,0305,Vasfiye Toprak,20,0,0,2026-09-06 17:38:40
2026-09-06 17:23:10,HNUH100,0306,Vasfiye Toprak,20,2,0,2026-09-06 17:38:40
2026-09-06 17:23:10,HNUH100,0401,Gretchen Bella,20,0,0,2026-09-06 17:38:40
2026-09-06 17:23:10,HNUH100,0402,Gretchen Bella,20,6,0,2026-09-06 17:38:40
2026-09-06 17:23:10,HNUH100,0403,Max Barnewitz,20,1,0,2026-09-06 17:38:40
2026-09-06 17:23:10,HNUH100,0404,Ayondela McDole,20,6,0,2026-09-06 17:38:40
2026-09-06 17:23:10,HNUH100,0405,Ayondela McDole,20,0,0,2026-09-06 17:38:40
2026-09-06 17:23:10,HNUH100,0406,Ayondela McDole,20,4,0,2026-09-06 17:38:40
2026-09-06 17:23:10,HNUH100,0501,Leigha McReynolds,10,3,0,2026-09-06 17:38:40
2026-09-06 17:23:10,HNUH100,0601,Brittany Proudfoot Ginder,20,0,0,2026-09-06 17:38:40
2026-09-06 17:23:10,HNUH218D,0101,Brian Gilmore,48,0,2,2026-09-06 17:38:40
2026-09-06 17:23:10,HNUH218L,0101,Shauna Rigaud,20,0,0,2026-09-06 17:38:41
2026-09-06 17:23:10,HNUH218L,0201,Shauna Rigaud,20,0,1,2026-09-06 17:38:41
2026-09-06 17:23:10,HNUH228D,0101,Matthew McLaughlin,60,0,0,2026-09-06 17:38:41
2026-09-06 17:23:10,HNUH228L,0101,Alena Wigodner,20,0,0,2026-09-06 17:38:42
2026-09-06 17:23:10,HNUH228L,0201,Alena Wigodner,20,0,0,2026-09-06 17:38:42
2026-09-06 17:23:10,HNUH228N,0101,Peter Grybauskas,20,0,0,2026-09-06 17:38:42
2026-09-06 17:23:10,HNUH229I,0101,Gretchen Bella,20,0,0,2026-09-06 17:38:42
2026-09-06 17:23:10,HNUH238D,0101,Susan Moeller,60,0,0,2026-09-06 17:38:43
2026-09-06 17:23:10,HNUH238L,0101,Kimberly Johnson,20,2,0,2026-09-06 17:38:43
2026-09-06 17:23:10,HNUH238L,0201,Kimberly Johnson,20,0,0,2026-09-06 17:38:43
2026-09-06 17:23:10,HNUH238N,0101,Hannah Wegmann,20,6,0,2026-09-06 17:38:44
2026-09-06 17:23:10,HNUH239T,0101,Gerald Suarez,20,0,0,2026-09-06 17:38:44
2026-09-06 17:23:10,HNUH248D,0101,Juan Uriagereka,45,0,0,2026-09-06 17:38:44
2026-09-06 17:23:10,HNUH248L,0201,Robert Graham,20,6,0,2026-09-06 17:38:45
2026-09-06 17:23:10,HNUH248M,0101,Hassanatu Blake,20,13,0,2026-09-06 17:38:45
2026-09-06 17:23:10,HNUH248N,0101,Siv Lie,20,0,2,2026-09-06 17:38:46
2026-09-06 17:23:10,HNUH249P,0101,Temim Nusraty,20,2,0,2026-09-06 17:38:46
2026-09-06 17:23:10,HNUH258C,0101,Bill Fagan,55,27,0,2026-09-06 17:38:47
2026-09-06 17:23:10,HNUH258Q,0101,Tiara Thomas,20,1,0,2026-09-06 17:38:47
2026-09-06 17:23:10,HNUH259P,0101,Hooman Koliji,20,2,0,2026-09-06 17:38:47
2026-09-06 17:23:10,HNUH268C,0101,Perla Guerrero,60,35,0,2026-09-06 17:38:48
2026-09-06 17:23:10,HNUH269P,0101,Marisa Franco,20,0,2,2026-09-06 17:38:48
2026-09-06 17:23:10,HNUH278C,0101,Chinyere Osuji,60,38,0,2026-09-06 17:38:49
2026-09-06 17:23:10,HNUH278I,0101,Marisa Franco,20,4,0,2026-09-06 17:38:49
2026-09-06 17:23:10,HNUH278I,0102,Marisa Franco,20,1,0,2026-09-06 17:38:49
2026-09-06 17:23:10,HNUH278R,0101,Max Barnewitz,20,3,0,2026-09-06 17:38:50
2026-09-06 17:23:10,HNUH288C,0101,Julia Steinberg,30,3,0,2026-09-06 17:38:50
2026-09-06 17:23:10,HNUH288C,0103,Julia Steinberg,30,9,0,2026-09-06 17:38:50
2026-09-06 17:23:10,HNUH288O,0101,Ariana Nash,20,1,0,2026-09-06 17:38:50
2026-09-06 17:23:10,HNUH300,0301,Vasfiye Toprak,20,0,0,2026-09-06 17:38:51
2026-09-06 17:23:10,HNUH300,0401,Robert Graham,20,0,0,2026-09-06 17:38:51
2026-09-06 17:23:10,HNUH300,0601,Alena Wigodner,20,0,0,2026-09-06 17:38:51
2026-09-06 17:23:10,HNUH300,0701,Ingrid Satelmajer,20,13,0,2026-09-06 17:38:51
2026-09-06 17:23:10,HNUH300,0801,Shauna Rigaud,20,0,0,2026-09-06 17:38:51
2026-09-06 17:23:10,HNUH300,0901,Kimberly Johnson,20,5,0,2026-09-06 17:38:51
2026-09-06 17:23:10,HNUH300,1001,Ingrid Satelmajer,20,14,0,2026-09-06 17:38:51
2026-09-06 17:23:10,HNUH318T,0101,Peter Owen,24,0,0,2026-09-06 17:38:51
2026-09-06 17:23:10,HNUH319T,0101,Emily Shetty,22,0,0,2026-09-06 17:38:52
2026-09-06 17:23:10,HNUH328T,0101,Woodie Kessel,24,2,0,2026-09-06 17:38:52
2026-09-06 17:23:10,HNUH329T,0101,Rob Long,20,1,0,2026-09-06 17:38:53
2026-09-06 17:23:10,HNUH338T,0101,Andrew Fausett,22,1,0,2026-09-06 17:38:53
2026-09-06 17:23:10,HNUH348T,0101,Ed Fendley,22,1,0,2026-09-06 17:38:53
2026-09-06 17:23:10,HNUH358T,0101,Sean Misko,22,1,0,2026-09-06 17:38:54
2026-09-06 17:23:10,HNUH359T,0101,Amanda Schoch,20,0,0,2026-09-06 17:38:54
2026-09-06 17:23:10,HNUH368T,0101,Nadia Farra,21,0,0,2026-09-06 17:38:55
2026-09-06 17:23:10,HNUH369T,0101,Andrew Nissen,20,2,0,2026-09-06 17:38:55
2026-09-06 17:23:10,HNUH378T,0101,Joshua Glasser,20,0,0,2026-09-06 17:38:55
2026-09-06 17:23:10,HNUH398P,0101,Jayakumar Arasan,25,22,0,2026-09-06 17:38:56
2026-09-06 17:23:10,HNUH398P,0201,Jayakumar Arasan,5,1,0,2026-09-06 17:38:56
2026-09-06 17:23:10,HNUH398T,0101,Sasha Koo-Oshima,20,3,0,2026-09-06 17:38:56
2026-09-06 17:23:10,HONR368A,0101,Blake Wilder,22,1,0,2026-09-06 17:38:58
2026-09-06 17:23:10,IMDM101,0101,Mollye Bendell,30,15,0,2026-09-06 17:39:04
2026-09-06 17:23:10,IMDM101,0201,Myungin Lee,30,17,0,2026-09-06 17:39:04
2026-09-06 17:23:10,IMDM101,0301,Myungin Lee,30,23,0,2026-09-06 17:39:04
2026-09-06 17:23:10,IMDM127,0101,Roger Eastman,36,19,0,2026-09-06 17:39:04
2026-09-06 17:23:10,IMDM150,0101,Stefano Passeri,30,16,0,2026-09-06 17:39:05
2026-09-06 17:23:10,IMDM227,0101,Stevens Miller,30,1,0,2026-09-06 17:39:05
2026-09-06 17:23:10,IMDM227,0201,Stevens Miller,30,19,0,2026-09-06 17:39:05
2026-09-06 17:23:10,IMDM327,0101,Myungin Lee,25,0,0,2026-09-06 17:39:05
2026-09-06 17:23:10,IMDM350,0101,Jason Farman,29,12,0,2026-09-06 17:39:06
2026-09-06 17:23:10,IMDM490,0101,Matthew Nolan,30,0,0,2026-09-06 17:39:07
2026-09-06 17:23:10,IMDM490,0201,Matthew Nolan,30,16,0,2026-09-06 17:39:07
2026-09-06 17:23:10,IMDM498K,0101,Matthew Nolan,15,0,0,2026-09-06 17:39:07
2026-09-06 17:23:10,IMMR319D,0101,Beka Guluma,20,12,0,2026-09-06 17:39:09
2026-09-06 17:23:10,IMMR394,0101,Wenxi Yang,30,2,0,2026-09-06 17:39:10
2026-09-06 17:23:10,IMMR399,0101,Instructor: TBA,2,2,0,2026-09-06 17:39:10
2026-09-06 17:23:10,IMMR400,0101,Gerson Rosales,20,2,0,2026-09-06 17:39:10
2026-09-06 17:23:10,ISRL249J,0101,Aner Tal,30,24,0,2026-09-06 17:39:27
2026-09-06 17:23:10,ISRL249M,0101,Aliza Sandalon,15,0,0,2026-09-06 17:39:28
2026-09-06 17:23:10,ISRL283,0101,Shay Hazkani,35,2,0,2026-09-06 17:39:28
2026-09-06 17:23:10,ISRL349G,0101,Marwa Maziad,30,2,0,2026-09-06 17:39:29
2026-09-06 17:23:10,ISRL349K,0101,Regev Ben-David,30,23,0,2026-09-06 17:39:29
2026-09-06 17:23:10,ISRL349T,0101,Elli Lieberman,35,20,0,2026-09-06 17:39:30
2026-09-06 17:23:10,ISRL349Y,0101,Adina Friedman,35,26,0,2026-09-06 17:39:31
2026-09-06 17:23:10,ISRL382,0101,Ilai Saltzman,35,0,0,2026-09-06 17:39:31
2026-09-06 17:23:10,ISRL448R,0101,Morad Elsana,25,9,0,2026-09-06 17:39:32
2026-09-06 17:23:10,ITAL103,0101,Antonella D'Amario,18,14,0,2026-09-06 17:39:34
2026-09-06 17:23:10,ITAL103,0201,Antonella D'Amario,18,5,0,2026-09-06 17:39:34
2026-09-06 17:23:10,ITAL103,0301,Joseph Falvo,18,7,0,2026-09-06 17:39:34
2026-09-06 17:23:10,ITAL203,0101,Antonella D'Amario,18,9,0,2026-09-06 17:39:35
2026-09-06 17:23:10,ITAL203,0201,Antonella D'Amario,18,13,0,2026-09-06 17:39:35
2026-09-06 17:23:10,ITAL204,0101,Federica Soddu,18,14,0,2026-09-06 17:39:35
2026-09-06 17:23:10,ITAL207,0101,Mirella Vaglio,18,17,0,2026-09-06 17:39:36
2026-09-06 17:23:10,ITAL301,0101,Federica Soddu,20,12,0,2026-09-06 17:39:36
2026-09-06 17:23:10,ITAL362,0101,Federica Soddu,20,11,0,2026-09-06 17:39:37
2026-09-06 17:23:10,ITAL401,0101,Mirella Vaglio,15,12,0,2026-09-06 17:39:39
2026-09-06 17:23:10,ITAL421,0101,Joseph Falvo,25,14,0,2026-09-06 17:39:39
2026-09-06 17:23:10,ITAL478R,0101,Joseph Falvo,5,3,0,2026-09-06 17:39:40
2026-09-06 17:23:10,JAPN101,0101,Kumiko Akikawa,15,3,0,2026-09-06 17:39:42
2026-09-06 17:23:10,JAPN101,0201,Kumiko Akikawa,15,6,0,2026-09-06 17:39:42
2026-09-06 17:23:10,JAPN101,0301,Kumiko Akikawa,15,5,0,2026-09-06 17:39:42
2026-09-06 17:23:10,JAPN201,0101,Makiko Inoue,15,5,0,2026-09-06 17:39:43
2026-09-06 17:23:10,JAPN201,0201,Makiko Inoue,15,8,0,2026-09-06 17:39:43
2026-09-06 17:23:10,JAPN301,0101,Mari Hamada,15,9,0,2026-09-06 17:39:44
2026-09-06 17:23:10,JAPN311,0101,Jyana Browne,15,11,0,2026-09-06 17:39:44
2026-09-06 17:23:10,JAPN315,0101,Michele Mason,20,4,0,2026-09-06 17:39:45
2026-09-06 17:23:10,JAPN320,0101,Lindsay Yotsukura,15,9,0,2026-09-06 17:39:45
2026-09-06 17:23:10,JAPN498B,0101,Jyana Browne,20,2,0,2026-09-06 17:39:46
2026-09-06 17:23:10,KORA101,0101,Saerom Kwak,15,0,1,2026-09-06 17:40:47
2026-09-06 17:23:10,KORA101,0201,Saerom Kwak,15,3,0,2026-09-06 17:40:47
2026-09-06 17:23:10,KORA101,0301,Saerom Kwak,15,6,0,2026-09-06 17:40:47
2026-09-06 17:23:10,KORA101,0401,Saerom Kwak,15,5,0,2026-09-06 17:40:47
2026-09-06 17:23:10,KORA201,0101,Seong Minne Koh,15,4,0,2026-09-06 17:40:48
2026-09-06 17:23:10,KORA201,0201,Seong Minne Koh,15,5,0,2026-09-06 17:40:48
2026-09-06 17:23:10,KORA201,0301,Seong Minne Koh,15,8,0,2026-09-06 17:40:48
2026-09-06 17:23:10,KORA398G,0101,Instructor: TBA,10,7,0,2026-09-06 17:40:48
2026-09-06 17:23:10,KORA398W,0101,Seong Minne Koh,10,4,0,2026-09-06 17:40:48
2026-09-06 17:23:10,LEAD217,0101,Festus Ainoo,25,0,0,2026-09-06 17:41:10
2026-09-06 17:23:10,LEAD217,0201,Adrian Bitton,25,0,0,2026-09-06 17:41:10
2026-09-06 17:23:10,LEAD217,FC01,Festus Ainoo,22,0,0,2026-09-06 17:41:10
2026-09-06 17:23:10,LEAD305,0101,Anastasia Lavrenyuk,20,4,0,2026-09-06 17:41:11
2026-09-06 17:23:10,LEAD315,0101,Anastasia Lavrenyuk,25,11,0,2026-09-06 17:41:11
2026-09-06 17:23:10,LEAD320,0101,Courtney Holder,10,9,0,2026-09-06 17:41:11
2026-09-06 17:23:10,LGBT200,0201,Basanth Babu,25,0,5,2026-09-06 17:41:13
2026-09-06 17:23:10,LGBT265,0101,Tyra Griffin,30,4,0,2026-09-06 17:41:14
2026-09-06 17:23:10,LGBT265,0201,Declan Langton,30,2,0,2026-09-06 17:41:14
2026-09-06 17:23:10,LGBT359J,0101,Chris Eng,25,14,0,2026-09-06 17:41:14
2026-09-06 17:23:10,MLAW100,0101,Christine White,83,14,0,2026-09-06 17:42:12
2026-09-06 17:23:10,MLAW304,0201,Christine White,65,16,0,2026-09-06 17:42:12
2026-09-06 17:23:10,MLAW305,0101,Brian Gilmore,40,2,0,2026-09-06 17:42:13
2026-09-06 17:23:10,MLAW315,0101,Grace Benton,13,3,0,2026-09-06 17:42:13
2026-09-06 17:23:10,MLAW358Q,0101,David Cunningham,0,0,0,2026-09-06 17:42:14
2026-09-06 17:23:10,MLAW358T,0101,Christine White,25,5,0,2026-09-06 17:42:14
2026-09-06 17:23:10,MLAW358X,0101,Martin Kobren,5,0,0,2026-09-06 17:42:15
2026-09-06 17:23:10,MLAW359,0101,Brandee Pettus,10,4,0,2026-09-06 17:42:15
2026-09-06 17:23:10,MLAW378E,0101,Brandee Pettus,5,5,0,2026-09-06 17:42:15
2026-09-06 17:23:10,MLAW378K,0101,Brian Gilmore,20,0,0,2026-09-06 17:42:16
2026-09-06 17:23:10,MLAW378Q,0101,Paul Huth,2,0,1,2026-09-06 17:42:16
2026-09-06 17:23:10,MLAW378R,0101,Nancy Schertzing,13,2,0,2026-09-06 17:42:17
2026-09-06 17:23:10,MLAW388,0101,Brandee Pettus,40,21,0,2026-09-06 17:42:17
2026-09-06 17:23:10,MLSC250,FC01,William Simpson,24,5,0,2026-09-06 17:42:19
2026-09-06 17:23:10,NEUR200,0101,Ana Navarro Cebrian,80,8,0,2026-09-06 17:42:44
2026-09-06 17:23:10,NEUR200,0201,Ana Navarro Cebrian,80,0,2,2026-09-06 17:42:44
2026-09-06 17:23:10,NEUR200,0301,Evan Hart,80,0,0,2026-09-06 17:42:44
2026-09-06 17:23:10,NEUR305,0101,Amanda Chicoli,100,12,0,2026-09-06 17:42:45
2026-09-06 17:23:10,NEUR306,0101,Chan Lin,200,7,0,2026-09-06 17:42:45
2026-09-06 17:23:10,NEUR398H,0101,Nikolas Francis,20,2,0,2026-09-06 17:42:47
2026-09-06 17:23:10,NEUR405,0101,Hilary Bierman,20,0,0,2026-09-06 17:42:47
2026-09-06 17:23:10,NEUR405,0102,Hilary Bierman,20,1,0,2026-09-06 17:42:47
2026-09-06 17:23:10,NEUR405,0103,Hilary Bierman,20,0,0,2026-09-06 17:42:47
2026-09-06 17:23:10,PEER312,0101,Aleia Gardner,15,8,0,2026-09-06 17:43:07
2026-09-06 17:23:10,PEER318,0101,Christina Jay,15,11,0,2026-09-06 17:43:08
2026-09-06 17:23:10,PEER319,0101,Grace Boudreau,15,7,0,2026-09-06 17:43:08
2026-09-06 17:23:10,PHPE308D,0101,Xinzhi Zhao,30,7,0,2026-09-06 17:43:29
2026-09-06 17:23:10,PHPE308F,0101,Regev Ben-David,30,23,0,2026-09-06 17:43:29
2026-09-06 17:23:10,PHPE308M,0101,Hallie Liberto,30,17,0,2026-09-06 17:43:30
2026-09-06 17:23:10,PHPE308O,0101,Jackson Iszler,30,0,1,2026-09-06 17:43:31
2026-09-06 17:23:10,PHPE308Y,0101,Rachel Singpurwalla,20,1,0,2026-09-06 17:43:32
2026-09-06 17:23:10,PHPE308Y,0102,Rachel Singpurwalla,20,0,2,2026-09-06 17:43:32
2026-09-06 17:23:10,PHPE308Y,0103,Rachel Singpurwalla,20,0,1,2026-09-06 17:43:32
2026-09-06 17:23:10,PHPE400,0101,Justin Helms,18,1,0,2026-09-06 17:43:33
2026-09-06 17:23:10,PHPE400,0102,Justin Helms,18,1,0,2026-09-06 17:43:33
2026-09-06 17:23:10,PHPE400,0103,Justin Helms,20,1,0,2026-09-06 17:43:33
2026-09-06 17:23:10,PHPE401,0101,Xinzhi Zhao,25,0,8,2026-09-06 17:43:33
2026-09-06 17:23:10,PHPE402,0101,Dan Moller,30,0,0,2026-09-06 17:43:34
2026-09-06 17:23:10,PHPE408J,0101,Lixing Miao,25,0,0,2026-09-06 17:43:35
2026-09-06 17:23:10,PHPE408R,0101,Xinzhi Zhao,25,9,0,2026-09-06 17:43:35
2026-09-06 17:23:10,PHSC388J,0101,Kendall Bustad,20,6,0,2026-09-06 17:43:37
2026-09-06 17:23:10,PHSC389,0101,Shannon Edward,30,14,0,2026-09-06 17:43:37
2026-09-06 17:23:10,PHSC399,0101,Shannon Edward,30,9,0,2026-09-06 17:43:38
2026-09-06 17:23:10,PHSC415,0101,Jessica O'Hara,31,0,1,2026-09-06 17:43:38
2026-09-06 17:23:10,PHSC415,0102,Jessica O'Hara,31,0,1,2026-09-06 17:43:38
2026-09-06 17:23:10,PHSC415,0103,Jessica O'Hara,31,0,1,2026-09-06 17:43:38
2026-09-06 17:23:10,PHSC415,0104,Jessica O'Hara,31,0,1,2026-09-06 17:43:38
2026-09-06 17:23:10,PHSC415,0105,Jessica O'Hara,31,0,1,2026-09-06 17:43:38
2026-09-06 17:23:10,PHSC420,0101,Jennifer German,35,3,0,2026-09-06 17:43:39
2026-09-06 17:23:10,PHSC450,0101,Kendall Bustad,20,0,3,2026-09-06 17:43:40
2026-09-06 17:23:10,PHSC450,0102,Kendall Bustad,20,0,2,2026-09-06 17:43:40
2026-09-06 17:23:10,PHSC450,0103,Kendall Bustad,20,0,1,2026-09-06 17:43:40
2026-09-06 17:23:10,PHSC450,0104,Kendall Bustad,20,0,2,2026-09-06 17:43:40
2026-09-06 17:23:10,PHSC450,0105,Kendall Bustad,20,0,1,2026-09-06 17:43:40
2026-09-06 17:23:10,PHSC450,0106,Kendall Bustad,20,0,0,2026-09-06 17:43:40
2026-09-06 17:23:10,PHSC450,0107,Kendall Bustad,20,0,2,2026-09-06 17:43:40
2026-09-06 17:23:10,PHSC450,0108,Kendall Bustad,20,0,3,2026-09-06 17:43:40
2026-09-06 17:23:10,PHSC497,0101,Kendall Bustad,20,2,0,2026-09-06 17:43:40
2026-09-06 17:23:10,PHSC497,0301,Shannon Edward,20,3,0,2026-09-06 17:43:40
2026-09-06 17:23:10,PHSC497,0601,Jennifer German,20,2,0,2026-09-06 17:43:40
2026-09-06 17:23:10,PLCY100,0101,Toby Egan,25,0,1,2026-09-06 17:44:14
2026-09-06 17:23:10,PLCY100,0102,Toby Egan,25,0,0,2026-09-06 17:44:14
2026-09-06 17:23:10,PLCY100,0103,Toby Egan,25,0,0,2026-09-06 17:44:14
2026-09-06 17:23:10,PLCY100,0104,Toby Egan,25,0,0,2026-09-06 17:44:14
2026-09-06 17:23:10,PLCY100,0201,Namrta Sharma,25,12,0,2026-09-06 17:44:14
2026-09-06 17:23:10,PLCY100,0202,Namrta Sharma,25,15,0,2026-09-06 17:44:14
2026-09-06 17:23:10,PLCY100,0203,Namrta Sharma,25,0,0,2026-09-06 17:44:14
2026-09-06 17:23:10,PLCY100,0204,Namrta Sharma,25,10,0,2026-09-06 17:44:14
2026-09-06 17:23:10,PLCY101,0101,Robert Sprinkle,75,0,1,2026-09-06 17:44:15
2026-09-06 17:23:10,PLCY170,0101,Joshua Itzkowitz Shifrinson,20,0,0,2026-09-06 17:44:15
2026-09-06 17:23:10,PLCY170,0102,Joshua Itzkowitz Shifrinson,20,1,0,2026-09-06 17:44:15
2026-09-06 17:23:10,PLCY170,0103,Joshua Itzkowitz Shifrinson,20,0,0,2026-09-06 17:44:15
2026-09-06 17:23:10,PLCY170,0104,Joshua Itzkowitz Shifrinson,20,0,0,2026-09-06 17:44:15
2026-09-06 17:23:10,PLCY170,0105,Joshua Itzkowitz Shifrinson,20,2,0,2026-09-06 17:44:15
2026-09-06 17:23:10,PLCY170,0106,Joshua Itzkowitz Shifrinson,25,1,0,2026-09-06 17:44:15
2026-09-06 17:23:10,PLCY172,0101,Caroline Ritter,95,25,0,2026-09-06 17:44:16
2026-09-06 17:23:10,PLCY200,0101,Shanna Pearson-Merkowitz,35,0,2,2026-09-06 17:44:16
2026-09-06 17:23:10,PLCY200,0201,Shanna Pearson-Merkowitz,35,0,2,2026-09-06 17:44:16
2026-09-06 17:23:10,PLCY200,0301,Namrta Sharma,35,0,3,2026-09-06 17:44:16
2026-09-06 17:23:10,PLCY201,0101,Julio Guzman,70,0,0,2026-09-06 17:44:17
2026-09-06 17:23:10,PLCY201,0201,Gregory Ramsay,60,0,0,2026-09-06 17:44:17
2026-09-06 17:23:10,PLCY201,FC01,Anne Kaiser,32,1,0,2026-09-06 17:44:17
2026-09-06 17:23:10,PLCY201,FC02,Anne Kaiser,32,6,0,2026-09-06 17:44:17
2026-09-06 17:23:10,PLCY201S,0101,Susannah Washburn,80,4,0,2026-09-06 17:44:17
2026-09-06 17:23:10,PLCY203,0101,Thomas Hilde,60,7,0,2026-09-06 17:44:17
2026-09-06 17:23:10,PLCY203,0201,Anne Kaiser,60,38,0,2026-09-06 17:44:17
2026-09-06 17:23:10,PLCY213,0201,Claire Dunning,40,5,0,2026-09-06 17:44:18
2026-09-06 17:23:10,PLCY214,0101,Patricia Bory,65,20,0,2026-09-06 17:44:18
2026-09-06 17:23:10,PLCY240,0101,Timothy Reedy,30,0,0,2026-09-06 17:44:19
2026-09-06 17:23:10,PLCY288K,0101,CHRISTIAN OSTERMANN,25,2,0,2026-09-06 17:44:19
2026-09-06 17:23:10,PLCY300,0101,Alana Hackshaw,45,0,6,2026-09-06 17:44:19
2026-09-06 17:23:10,PLCY300,0201,Namrta Sharma,45,30,0,2026-09-06 17:44:19
2026-09-06 17:23:10,PLCY301,0101,Caroline Boules,165,7,0,2026-09-06 17:44:20
2026-09-06 17:23:10,PLCY302,0101,Niambi Carter,40,1,0,2026-09-06 17:44:20
2026-09-06 17:23:10,PLCY302,0201,Ebonie Johnson Cooper,40,2,0,2026-09-06 17:44:20
2026-09-06 17:23:10,PLCY302,0301,Lindsay Dieudonne,40,0,1,2026-09-06 17:44:20
2026-09-06 17:23:10,PLCY303,0101,Juan Martinez Guzman,40,4,0,2026-09-06 17:44:21
2026-09-06 17:23:10,PLCY304,0101,Michael Busse,40,11,0,2026-09-06 17:44:21
2026-09-06 17:23:10,PLCY304,0201,Michael Busse,40,12,0,2026-09-06 17:44:21
2026-09-06 17:23:10,PLCY309,0101,Martin Sanders,30,25,0,2026-09-06 17:44:22
2026-09-06 17:23:10,PLCY310,0101,Selvon Waldron,35,15,0,2026-09-06 17:44:22
2026-09-06 17:23:10,PLCY313,0101,Gerard Evans,100,2,0,2026-09-06 17:44:23
2026-09-06 17:23:10,PLCY371,0101,Joshua Itzkowitz Shifrinson,35,0,1,2026-09-06 17:44:23
2026-09-06 17:23:10,PLCY380,0101,Isabel O'Malley,40,3,0,2026-09-06 17:44:23
2026-09-06 17:23:10,PLCY380,ESG1,Kisha McNeill,30,1,0,2026-09-06 17:44:23
2026-09-06 17:23:10,PLCY388A,0101,Brandi Onowu,40,8,0,2026-09-06 17:44:24
2026-09-06 17:23:10,PLCY388N,0101,Nina Harris,25,2,0,2026-09-06 17:44:24
2026-09-06 17:23:10,PLCY390,0101,Lena Andrews,20,0,1,2026-09-06 17:44:25
2026-09-06 17:23:10,PLCY399B,0101,Beatrice DeBelen,30,19,0,2026-09-06 17:44:25
2026-09-06 17:23:10,PLCY400,0101,Patricia Bory,25,2,0,2026-09-06 17:44:26
2026-09-06 17:23:10,PLCY401,0101,Anand Patwardhan,20,5,0,2026-09-06 17:44:27
2026-09-06 17:23:10,PLCY401,0201,Tracy Thompson,20,0,0,2026-09-06 17:44:27
2026-09-06 17:23:10,PLCY401,0301,David Mussington,20,9,0,2026-09-06 17:44:27
2026-09-06 17:23:10,PLCY490,0101,Michael Woldemariam,15,1,0,2026-09-06 17:44:27
2026-09-06 17:23:10,PLCY492,0101,Steve Fetter,20,1,0,2026-09-06 17:44:28
2026-09-06 17:23:10,PLCY610,0201,Alec Worsnop,40,8,0,2026-09-06 17:44:28
2026-09-06 17:23:10,PLCY630,0101,Catherine Worsnop,25,2,0,2026-09-06 17:44:28
2026-09-06 17:23:10,PLCY630,0201,Catherine Worsnop,25,3,0,2026-09-06 17:44:28
2026-09-06 17:23:10,PLCY631,0101,Cullen Merritt,25,0,1,2026-09-06 17:44:29
2026-09-06 17:23:10,PLCY640,0201,Thomas Spreen,30,5,0,2026-09-06 17:44:29
2026-09-06 17:23:10,PLCY641,0101,Tyler Kustra,30,1,0,2026-09-06 17:44:30
2026-09-06 17:23:10,PLCY641,0201,Tyler Kustra,30,10,0,2026-09-06 17:44:30
2026-09-06 17:23:10,PLCY670,0101,Philip Joyce,30,0,0,2026-09-06 17:44:30
2026-09-06 17:23:10,PLCY680,0101,Claire Dunning,25,0,0,2026-09-06 17:44:30
2026-09-06 17:23:10,PLCY680,0201,Michael Woldemariam,25,5,0,2026-09-06 17:44:30
2026-09-06 17:23:10,PLCY688C,0101,Charles Harry,20,10,0,2026-09-06 17:44:31
2026-09-06 17:23:10,PLCY688F,PWL1,Nekeya O'Connor,20,1,0,2026-09-06 17:44:31
2026-09-06 17:23:10,PLCY688P,0101,Steve Fetter,10,1,0,2026-09-06 17:44:32
2026-09-06 17:23:10,PLCY688Z,0101,Brandi Onowu,20,6,0,2026-09-06 17:44:32
2026-09-06 17:23:10,PLCY689E,0101,Susan Parker,20,0,0,2026-09-06 17:44:33
2026-09-06 17:23:10,PLCY690,0110,David Mussington,15,3,0,2026-09-06 17:44:33
2026-09-06 17:23:10,PLCY690,0120,Margaret Brindle,15,2,0,2026-09-06 17:44:33
2026-09-06 17:23:10,PLCY690,0130,Douglas Call,15,0,0,2026-09-06 17:44:33
2026-09-06 17:23:10,PLCY690,0150,Paul Brown,15,1,0,2026-09-06 17:44:33
2026-09-06 17:23:10,PLCY690,0170,James Stillwell,15,0,0,2026-09-06 17:44:33
2026-09-06 17:23:10,PLCY698T,0101,Elizabeth Duke,20,7,0,2026-09-06 17:44:33
2026-09-06 17:23:10,PLCY699L,0101,Michael Woldemariam,10,1,0,2026-09-06 17:44:34
2026-09-06 17:23:10,PLCY720,0101,Nancy Gallagher,20,3,0,2026-09-06 17:44:34
2026-09-06 17:23:10,PLCY734,0101,Niambi Carter,20,1,0,2026-09-06 17:44:35
2026-09-06 17:23:10,PLCY735,0101,Robert Sprinkle,20,7,0,2026-09-06 17:44:35
2026-09-06 17:23:10,PLCY741,0101,Anand Patwardhan,20,7,0,2026-09-06 17:44:35
2026-09-06 17:23:10,PLCY742,0101,Thomas Hilde,20,9,0,2026-09-06 17:44:36
2026-09-06 17:23:10,PLCY780,0101,Robert Orr,20,0,0,2026-09-06 17:44:36
2026-09-06 17:23:10,PLCY781,0101,Julio Guzman,20,2,0,2026-09-06 17:44:37
2026-09-06 17:23:10,PLCY783,0101,Margaret Brindle,20,7,0,2026-09-06 17:44:37
2026-09-06 17:23:10,PLCY798F,PWL1,William Nolte,25,18,0,2026-09-06 17:44:38
2026-09-06 17:23:10,PLCY798V,0101,Shanna Pearson-Merkowitz,12,0,0,2026-09-06 17:44:39
2026-09-06 17:23:10,PLCY798W,0101,Martin Sanders,10,10,0,2026-09-06 17:44:39
2026-09-06 17:23:10,PLCY798Y,PWL1,Jeffrey Franco,25,0,0,2026-09-06 17:44:40
2026-09-06 17:23:10,PLCY798Z,0101,Peter Reuter,12,0,0,2026-09-06 17:44:40
2026-09-06 17:23:10,PLSC112,0101,Samuel Daramola,100,16,0,2026-09-06 17:44:43
2026-09-06 17:23:10,PLSC113,0101,Samuel Daramola,24,3,0,2026-09-06 17:44:43
2026-09-06 17:23:10,PLSC113,0102,Samuel Daramola,24,5,0,2026-09-06 17:44:43
2026-09-06 17:23:10,PLSC113,0103,Samuel Daramola,24,13,0,2026-09-06 17:44:43
2026-09-06 17:23:10,PLSC113,0104,Samuel Daramola,24,10,0,2026-09-06 17:44:43
2026-09-06 17:23:10,PLSC115,0101,Shirley Micallef,24,0,1,2026-09-06 17:44:44
2026-09-06 17:23:10,PLSC201,0101,Pierre Jacob,42,15,0,2026-09-06 17:44:44
2026-09-06 17:23:10,PLSC203,0101,Vijay Tiwari,23,17,0,2026-09-06 17:44:45
2026-09-06 17:23:10,PLSC205,0101,Mark Carroll,22,0,0,2026-09-06 17:44:45
2026-09-06 17:23:10,PLSC206,0101,Pierre Jacob,21,8,0,2026-09-06 17:44:46
2026-09-06 17:23:10,PLSC206,0102,Pierre Jacob,21,7,0,2026-09-06 17:44:46
2026-09-06 17:23:10,PLSC253,0101,Karen Petroff,24,0,0,2026-09-06 17:44:46
2026-09-06 17:23:10,PLSC253,0102,Karen Petroff,24,5,0,2026-09-06 17:44:46
2026-09-06 17:23:10,PLSC389,0101,Craig Beyrouty,17,17,0,2026-09-06 17:44:46
2026-09-06 17:23:10,PLSC402,0101,Geoffrey Rinehart,10,3,0,2026-09-06 17:44:47
2026-09-06 17:23:10,PLSC404,0101,Yiping Qi,20,9,0,2026-09-06 17:44:48
2026-09-06 17:23:10,PLSC420,0101,Nidhi Rawat,18,3,0,2026-09-06 17:44:48
2026-09-06 17:23:10,PLSC420,0102,Nidhi Rawat,18,13,0,2026-09-06 17:44:48
2026-09-06 17:23:10,PLSC433,0101,Diana Cochran,10,2,0,2026-09-06 17:44:48
2026-09-06 17:23:10,PLSC453,0101,Samuel Daramola,24,1,0,2026-09-06 17:44:49
2026-09-06 17:23:10,PLSC471,0101,Juanita Choo,20,0,0,2026-09-06 17:44:49
2026-09-06 17:23:10,PLSC476,0101,Maile Neel,23,19,0,2026-09-06 17:44:50
2026-09-06 17:23:10,PLSC608,0101,Shunyuan Xiao,20,13,0,2026-09-06 17:44:50
2026-09-06 17:23:10,PORT103,0101,Parker Brookie,15,8,0,2026-09-06 17:44:53
2026-09-06 17:23:10,PORT205,0101,Parker Brookie,15,4,0,2026-09-06 17:44:53
2026-09-06 17:23:10,PORT332,0101,Parker Brookie,25,1,0,2026-09-06 17:44:54
2026-09-06 17:23:10,RELS120,0101,Antoine Borrut,40,6,0,2026-09-06 17:45:30
2026-09-06 17:23:10,RELS170,0101,Chiara Graf,21,4,0,2026-09-06 17:45:30
2026-09-06 17:23:10,RELS170,0102,Chiara Graf,21,0,0,2026-09-06 17:45:30
2026-09-06 17:23:10,RELS170,0103,Chiara Graf,21,1,0,2026-09-06 17:45:30
2026-09-06 17:23:10,RELS170,0104,Chiara Graf,21,0,0,2026-09-06 17:45:30
2026-09-06 17:23:10,RELS170,0105,Chiara Graf,21,0,0,2026-09-06 17:45:30
2026-09-06 17:23:10,RELS170,0106,Chiara Graf,21,0,1,2026-09-06 17:45:30
2026-09-06 17:23:10,RELS170,0107,Chiara Graf,21,0,1,2026-09-06 17:45:30
2026-09-06 17:23:10,RELS170,0108,Chiara Graf,21,0,0,2026-09-06 17:45:30
2026-09-06 17:23:10,RELS170,0109,Chiara Graf,22,0,0,2026-09-06 17:45:30
2026-09-06 17:23:10,RELS171,0101,Maxine Grossman,40,0,0,2026-09-06 17:45:30
2026-09-06 17:23:10,RELS219K,0101,Shay Hazkani,40,32,0,2026-09-06 17:45:31
2026-09-06 17:23:10,RELS225,0101,Stephanie Cooper,25,0,0,2026-09-06 17:45:31
2026-09-06 17:23:10,RELS273,0101,Hayim Lapin,23,1,0,2026-09-06 17:45:32
2026-09-06 17:23:10,RELS273,0102,Hayim Lapin,23,1,0,2026-09-06 17:45:32
2026-09-06 17:23:10,RELS273,0103,Hayim Lapin,23,2,0,2026-09-06 17:45:32
2026-09-06 17:23:10,RELS274,0101,Matthew Suriano,20,0,1,2026-09-06 17:45:32
2026-09-06 17:23:10,RELS274,0102,Matthew Suriano,20,0,1,2026-09-06 17:45:32
2026-09-06 17:23:10,RELS274,0103,Matthew Suriano,20,0,2,2026-09-06 17:45:32
2026-09-06 17:23:10,RELS274,0104,Matthew Suriano,20,0,0,2026-09-06 17:45:32
2026-09-06 17:23:10,RELS319D,0101,Nathan Levine,35,25,0,2026-09-06 17:45:32
2026-09-06 17:23:10,RELS319Z,0101,Regev Ben-David,30,27,0,2026-09-06 17:45:33
2026-09-06 17:23:10,RELS341,0101,Janna Bianchini,30,0,0,2026-09-06 17:45:33
2026-09-06 17:23:10,RUSS101,0101,Inna Hardman,15,6,0,2026-09-06 17:45:36
2026-09-06 17:23:10,RUSS101,0201,Inna Hardman,15,5,0,2026-09-06 17:45:36
2026-09-06 17:23:10,RUSS201,0101,Zhanna Gerus-Vernola,15,8,0,2026-09-06 17:45:36
2026-09-06 17:23:10,RUSS301,0101,Izolda Savenkova,15,5,0,2026-09-06 17:45:36
2026-09-06 17:23:10,RUSS321,0101,Elizabeth Papazian,15,5,0,2026-09-06 17:45:37
2026-09-06 17:23:10,RUSS334,0101,Elizabeth Papazian,25,0,0,2026-09-06 17:45:37
2026-09-06 17:23:10,RUSS404,0101,Izolda Savenkova,15,1,0,2026-09-06 17:45:38
2026-09-06 17:23:10,SDSB123,0101,Brian Kim,40,7,0,2026-09-06 17:45:41
2026-09-06 17:23:10,SDSB180,0101,Brian Kim,180,135,0,2026-09-06 17:45:41
2026-09-06 17:23:10,SDSB233,0101,Jacob Coutts,25,1,0,2026-09-06 17:45:41
2026-09-06 17:23:10,SDSB233,0102,Jacob Coutts,25,10,0,2026-09-06 17:45:41
2026-09-06 17:23:10,SDSB233,0103,Jacob Coutts,25,8,0,2026-09-06 17:45:41
2026-09-06 17:23:10,SDSB326,0101,Jacob Coutts,50,31,0,2026-09-06 17:45:42
2026-09-06 17:23:10,SDSB340,0101,Neil Lund,40,0,0,2026-09-06 17:45:42
2026-09-06 17:23:10,SDSI414,0201,Maria Krupenkin,34,13,0,2026-09-06 17:45:44
2026-09-06 17:23:10,SDSI414,0202,Maria Krupenkin,34,0,0,2026-09-06 17:45:44
2026-09-06 17:23:10,SDSI492,0101,TJ Rainsford,50,11,0,2026-09-06 17:45:44
2026-09-06 17:23:10,SDSI492,0103,Mary Ann Francis,40,0,4,2026-09-06 17:45:44
2026-09-06 17:23:10,SDSI492,0104,TJ Rainsford,50,3,0,2026-09-06 17:45:44
2026-09-06 17:23:10,SDSI492,0106,Jesse Klein,50,0,10,2026-09-06 17:45:44
2026-09-06 17:23:10,SDSI492,0107,Connie Siebold,40,0,5,2026-09-06 17:45:44
2026-09-06 17:23:10,SDSI492,0110,Patrick Thornton,50,27,0,2026-09-06 17:45:44
2026-09-06 17:23:10,SLLC108I,0101,Instructor: TBA,5,4,0,2026-09-06 17:45:48
2026-09-06 17:23:10,SLLC108J,0101,Instructor: TBA,5,5,0,2026-09-06 17:45:48
2026-09-06 17:23:10,SLLC108W,0101,Instructor: TBA,5,4,0,2026-09-06 17:45:49
2026-09-06 17:23:10,SLLC118A,0101,Sean Pue,10,3,0,2026-09-06 17:45:49
2026-09-06 17:23:10,SLLC200,0101,Chris Lewis,30,1,0,2026-09-06 17:45:50
2026-09-06 17:23:10,SLLC286,0101,Andrew Schonebaum,60,5,0,2026-09-06 17:45:50
2026-09-06 17:23:10,SLLC309,0101,Ahmed Hanafy,10,10,0,2026-09-06 17:45:51
2026-09-06 17:23:10,SLLC309,0102,Ahmed Hanafy,10,8,0,2026-09-06 17:45:51
2026-09-06 17:23:10,SLLC309,0103,Ahmed Hanafy,10,8,0,2026-09-06 17:45:51
2026-09-06 17:23:10,SLLC309,0104,Ahmed Hanafy,10,6,0,2026-09-06 17:45:51
2026-09-06 17:23:10,SLLC309,0105,Ahmed Hanafy,10,6,0,2026-09-06 17:45:51
2026-09-06 17:23:10,SLLC309,0106,Ahmed Hanafy,10,7,0,2026-09-06 17:45:51
2026-09-06 17:23:10,SLLC309,0107,Ahmed Hanafy,10,8,0,2026-09-06 17:45:51
2026-09-06 17:23:10,SLLC309,0108,Ahmed Hanafy,10,9,0,2026-09-06 17:45:51
2026-09-06 17:23:10,SLLC309,0109,Ahmed Hanafy,10,7,0,2026-09-06 17:45:51
2026-09-06 17:23:10,SLLC309,0110,Ahmed Hanafy,10,4,0,2026-09-06 17:45:51
2026-09-06 17:23:10,SLLC309,0111,Ahmed Hanafy,10,10,0,2026-09-06 17:45:51
2026-09-06 17:23:10,SLLC329,0101,Marilyn Matar,12,0,0,2026-09-06 17:45:51
2026-09-06 17:23:10,SLLC329,0102,Marilyn Matar,10,1,0,2026-09-06 17:45:51
2026-09-06 17:23:10,SLLC329,0103,Marilyn Matar,21,2,0,2026-09-06 17:45:51
2026-09-06 17:23:10,SLLC329,0104,Marilyn Matar,10,4,0,2026-09-06 17:45:51
2026-09-06 17:23:10,SLLC329,0105,Marilyn Matar,10,9,0,2026-09-06 17:45:51
2026-09-06 17:23:10,SLLC329,0106,Marilyn Matar,10,1,0,2026-09-06 17:45:51
2026-09-06 17:23:10,SLLC329,0107,Marilyn Matar,10,7,0,2026-09-06 17:45:51
2026-09-06 17:23:10,SLLC329,0108,Marilyn Matar,10,7,0,2026-09-06 17:45:51
2026-09-06 17:23:10,SLLC329,0109,Marilyn Matar,10,4,0,2026-09-06 17:45:51
2026-09-06 17:23:10,SLLC329,0110,Marilyn Matar,20,4,0,2026-09-06 17:45:51
2026-09-06 17:23:10,SLLC350,0101,Michele Mason,30,27,0,2026-09-06 17:45:51
2026-09-06 17:23:10,SMLP470,0101,Brooke Smith,45,13,0,2026-09-06 17:45:53
2026-09-06 17:23:10,SMLP472,0101,Sara Herald,60,19,0,2026-09-06 17:45:54
2026-09-06 17:23:10,TLTC310,0101,Sarah Kistner,0,0,0,2026-09-06 17:46:52
2026-09-06 17:23:10,TLTC310,0201,Yanira Ortiz,20,11,0,2026-09-06 17:46:52
2026-09-06 17:23:10,TLTC333,0101,Mona Thompson,60,0,0,2026-09-06 17:46:53
2026-09-06 17:23:10,TLTC333,0102,Mona Thompson,60,0,0,2026-09-06 17:46:53
2026-09-06 17:23:10,TLTC333,0105,Mona Thompson,60,2,0,2026-09-06 17:46:53
2026-09-06 17:23:10,TLTC499A,0101,Mona Thompson,10,7,0,2026-09-06 17:46:54
2026-09-06 17:23:10,TLTC499A,0102,Danielle Pafe,10,6,0,2026-09-06 17:46:54
2026-09-06 17:23:10,UMEI005,0101,Charles Duquette,15,2,0,2026-09-06 17:46:55
2026-09-06 17:23:10,UMEI005,0201,Heather Mehrtens,15,9,0,2026-09-06 17:46:55
2026-09-06 17:23:10,UMEI005,0301,Marilena Draganescu,15,11,0,2026-09-06 17:46:55
2026-09-06 17:23:10,UMEI012,0101,Louise Godley,10,10,0,2026-09-06 17:46:56
2026-09-06 17:23:10,UMEI013,0101,Louise Godley,10,7,0,2026-09-06 17:46:56
2026-09-06 17:23:10,UMEI028A,0101,Raymond Smith,16,14,0,2026-09-06 17:46:57
2026-09-06 17:23:10,UMEI506,0101,Heather Mehrtens,16,0,0,2026-09-06 17:46:57
2026-09-06 17:23:10,UMEI506,0201,Heather Mehrtens,16,6,0,2026-09-06 17:46:57
2026-09-06 17:23:10,UMEI507,0101,Marilena Draganescu,15,4,0,2026-09-06 17:46:57
2026-09-06 17:23:10,USLT201,0101,Robert Chester,25,1,0,2026-09-06 17:47:07
2026-09-06 17:23:10,USLT398C,0101,Angela Pico Pinto,25,17,0,2026-09-06 17:47:08
2026-09-06 17:23:10,USLT450,0101,Robert Chester,20,0,2,2026-09-06 17:47:08
2026-09-06 17:23:10,USLT498C,0101,Ana Rodriguez,20,14,0,2026-09-06 17:47:09
2026-09-06 17:23:10,VIPS099,0115,Veronica Kang,5,3,0,2026-09-06 17:47:10
2026-09-06 17:23:10,VIPS208,0101,Mary Bowden,10,10,0,2026-09-06 17:47:11
2026-09-06 17:23:10,VIPS208,0102,Ken Kiger,10,2,0,2026-09-06 17:47:11
2026-09-06 17:23:10,VIPS208,0103,Bryan Quinn,10,7,0,2026-09-06 17:47:11
2026-09-06 17:23:10,VIPS208,0104,Abdil Chowdhury,10,1,0,2026-09-06 17:47:11
2026-09-06 17:23:10,VIPS208,0105,Molly Carton,10,7,0,2026-09-06 17:47:11
2026-09-06 17:23:10,VIPS208,0106,James Baeder,14,2,0,2026-09-06 17:47:11
2026-09-06 17:23:10,VIPS208,0107,Catherine Spirito,10,6,0,2026-09-06 17:47:11
2026-09-06 17:23:10,VIPS208,0108,Ronald Yaros,10,4,0,2026-09-06 17:47:11
2026-09-06 17:23:10,VIPS208,0109,Carinna Ferguson,10,6,0,2026-09-06 17:47:11
2026-09-06 17:23:10,VIPS208,0110,Tracy Riggins,15,0,0,2026-09-06 17:47:11
2026-09-06 17:23:10,VIPS208,0111,Kevin Calabro,13,2,0,2026-09-06 17:47:11
2026-09-06 17:23:10,VIPS208,0112,Raffaele Viglianti,10,5,0,2026-09-06 17:47:11
2026-09-06 17:23:10,VIPS208,0113,Shabnam Jabeen,10,4,0,2026-09-06 17:47:11
2026-09-06 17:23:10,VIPS208,0114,Ning Zeng,15,7,0,2026-09-06 17:47:11
2026-09-06 17:23:10,VIPS208,0115,Veronica Kang,10,5,0,2026-09-06 17:47:11
2026-09-06 17:23:10,VIPS208,0116,David Stewart,10,0,0,2026-09-06 17:47:11
2026-09-06 17:23:10,VIPS208,0117,Meredith Epstein,10,8,0,2026-09-06 17:47:11
2026-09-06 17:23:10,VIPS208,0118,Magaly Toro Ibaceta,10,3,0,2026-09-06 17:47:11
2026-09-06 17:23:10,VIPS208,0120,Marisa Parham,10,6,0,2026-09-06 17:47:11
2026-09-06 17:23:10,VIPS208,0121,Becky Epanchin-Niell,10,1,0,2026-09-06 17:47:11
2026-09-06 17:23:10,VIPS208,0122,Timothy Reedy,10,2,0,2026-09-06 17:47:11
2026-09-06 17:23:10,VIPS208,0123,Lingnan Lin,13,4,0,2026-09-06 17:47:11
2026-09-06 17:23:10,VIPS208,0124,Jeffrey Moro,10,4,0,2026-09-06 17:47:11
2026-09-06 17:23:10,VIPS208,0125,Peter Sunderland,12,4,0,2026-09-06 17:47:11
2026-09-06 17:23:10,VIPS208,0126,Brienna Anderson,10,3,0,2026-09-06 17:47:11
2026-09-06 17:23:10,VIPS308,0101,Mary Bowden,10,9,0,2026-09-06 17:47:11
2026-09-06 17:23:10,VIPS308,0102,Ken Kiger,10,3,0,2026-09-06 17:47:11
2026-09-06 17:23:10,VIPS308,0103,Bryan Quinn,10,2,0,2026-09-06 17:47:11
2026-09-06 17:23:10,VIPS308,0104,Abdil Chowdhury,10,3,0,2026-09-06 17:47:11
2026-09-06 17:23:10,VIPS308,0105,Molly Carton,10,3,0,2026-09-06 17:47:11
2026-09-06 17:23:10,VIPS308,0106,James Baeder,10,4,0,2026-09-06 17:47:11
2026-09-06 17:23:10,VIPS308,0107,Catherine Spirito,10,7,0,2026-09-06 17:47:11
2026-09-06 17:23:10,VIPS308,0108,Ronald Yaros,10,9,0,2026-09-06 17:47:11
2026-09-06 17:23:10,VIPS308,0109,Carinna Ferguson,10,6,0,2026-09-06 17:47:11
2026-09-06 17:23:10,VIPS308,0110,Tracy Riggins,10,0,0,2026-09-06 17:47:11
2026-09-06 17:23:10,VIPS308,0111,Kevin Calabro,10,6,0,2026-09-06 17:47:11
2026-09-06 17:23:10,VIPS308,0112,Raffaele Viglianti,10,10,0,2026-09-06 17:47:11
2026-09-06 17:23:10,VIPS308,0113,Shabnam Jabeen,10,8,0,2026-09-06 17:47:11
2026-09-06 17:23:10,VIPS308,0114,Ning Zeng,10,9,0,2026-09-06 17:47:11
2026-09-06 17:23:10,VIPS308,0115,Veronica Kang,10,10,0,2026-09-06 17:47:11
2026-09-06 17:23:10,VIPS308,0116,David Stewart,10,10,0,2026-09-06 17:47:11
2026-09-06 17:23:10,VIPS308,0117,Meredith Epstein,10,8,0,2026-09-06 17:47:11
2026-09-06 17:23:10,VIPS308,0118,Magaly Toro Ibaceta,10,10,0,2026-09-06 17:47:11
2026-09-06 17:23:10,VIPS308,0120,Marisa Parham,10,9,0,2026-09-06 17:47:11
2026-09-06 17:23:10,VIPS308,0121,Becky Epanchin-Niell,10,10,0,2026-09-06 17:47:11
2026-09-06 17:23:10,VIPS308,0122,Timothy Reedy,10,10,0,2026-09-06 17:47:11
2026-09-06 17:23:10,VIPS308,0123,Lingnan Lin,10,10,0,2026-09-06 17:47:11
2026-09-06 17:23:10,VIPS308,0124,Jeffrey Moro,10,10,0,2026-09-06 17:47:11
2026-09-06 17:23:10,VIPS308,0125,Peter Sunderland,10,10,0,2026-09-06 17:47:11
2026-09-06 17:23:10,VIPS308,0126,Brienna Anderson,10,10,0,2026-09-06 17:47:11
2026-09-06 17:23:10,VIPS408,0101,Mary Bowden,10,4,0,2026-09-06 17:47:12
2026-09-06 17:23:10,VIPS408,0102,Ken Kiger,10,8,0,2026-09-06 17:47:12
2026-09-06 17:23:10,VIPS408,0103,Bryan Quinn,10,3,0,2026-09-06 17:47:12
2026-09-06 17:23:10,VIPS408,0104,Abdil Chowdhury,10,8,0,2026-09-06 17:47:12
2026-09-06 17:23:10,VIPS408,0105,Molly Carton,10,8,0,2026-09-06 17:47:12
2026-09-06 17:23:10,VIPS408,0106,James Baeder,10,7,0,2026-09-06 17:47:12
2026-09-06 17:23:10,VIPS408,0107,Catherine Spirito,10,10,0,2026-09-06 17:47:12
2026-09-06 17:23:10,VIPS408,0108,Ronald Yaros,10,8,0,2026-09-06 17:47:12
2026-09-06 17:23:10,VIPS408,0109,Carinna Ferguson,10,8,0,2026-09-06 17:47:12
2026-09-06 17:23:10,VIPS408,0110,Tracy Riggins,10,10,0,2026-09-06 17:47:12
2026-09-06 17:23:10,VIPS408,0111,Kevin Calabro,10,7,0,2026-09-06 17:47:12
2026-09-06 17:23:10,VIPS408,0112,Raffaele Viglianti,10,9,0,2026-09-06 17:47:12
2026-09-06 17:23:10,VIPS408,0113,Shabnam Jabeen,10,10,0,2026-09-06 17:47:12
2026-09-06 17:23:10,VIPS408,0114,Ning Zeng,10,10,0,2026-09-06 17:47:12
2026-09-06 17:23:10,VIPS408,0115,Veronica Kang,10,10,0,2026-09-06 17:47:12
2026-09-06 17:23:10,VIPS408,0116,David Stewart,10,10,0,2026-09-06 17:47:12
2026-09-06 17:23:10,VIPS408,0117,Meredith Epstein,10,10,0,2026-09-06 17:47:12
2026-09-06 17:23:10,VIPS408,0118,Magaly Toro Ibaceta,10,9,0,2026-09-06 17:47:12
2026-09-06 17:23:10,VIPS408,0120,Marisa Parham,10,10,0,2026-09-06 17:47:12
2026-09-06 17:23:10,VIPS408,0121,Becky Epanchin-Niell,10,10,0,2026-09-06 17:47:12
2026-09-06 17:23:10,VIPS408,0122,Timothy Reedy,10,10,0,2026-09-06 17:47:12
2026-09-06 17:23:10,VIPS408,0123,Lingnan Lin,10,10,0,2026-09-06 17:47:12
2026-09-06 17:23:10,VIPS408,0124,Jeffrey Moro,10,10,0,2026-09-06 17:47:12
2026-09-06 17:23:10,VIPS408,0125,Peter Sunderland,10,10,0,2026-09-06 17:47:12
2026-09-06 17:23:10,VIPS408,0126,Brienna Anderson,10,10,0,2026-09-06 17:47:12
2026-09-06 17:23:10,WEID139B,0101,Denise Joseph,48,10,0,2026-09-06 17:47:15
2026-09-06 17:23:10,WEID139L,0201,Taylor Togafau-Lewis,48,18,0,2026-09-06 17:47:16
2026-09-06 19:33:05,AAAS100,0101,Shane Walsh,35,0,0,2026-09-06 19:33:06
2026-09-06 19:33:05,AAAS100,0201,Shane Walsh,35,0,0,2026-09-06 19:33:06
2026-09-06 19:33:05,AAAS100,0301,George Kintiba,70,37,0,2026-09-06 19:33:06
2026-09-06 19:33:05,AAAS100,0401,Jason Nichols,30,0,0,2026-09-06 19:33:06
2026-09-06 19:33:05,AAAS100,0501,Jason Nichols,35,0,0,2026-09-06 19:33:06
2026-09-06 19:33:05,AAAS101,0101,Chinyere Osuji,40,1,0,2026-09-06 19:33:06
2026-09-06 19:33:05,AAAS187,0101,Robert Choflet,30,1,0,2026-09-06 19:33:07
2026-09-06 19:33:05,AAAS187,0201,Joseph Richardson,30,0,0,2026-09-06 19:33:07
2026-09-06 19:33:05,AAAS200,0101,George Kintiba,40,4,0,2026-09-06 19:33:07
2026-09-06 19:33:05,AAAS202,0101,Robert Choflet,35,5,0,2026-09-06 19:33:08
2026-09-06 19:33:05,AAAS202,0201,Robert Choflet,35,6,0,2026-09-06 19:33:08
2026-09-06 19:33:05,AAAS202,0301,Angelica Dunbar,35,3,0,2026-09-06 19:33:08
2026-09-06 19:33:05,AAAS202,0401,Ashley Everson,35,0,0,2026-09-06 19:33:08
2026-09-06 19:33:05,AAAS202,0501,Ashley Everson,20,1,0,2026-09-06 19:33:08
2026-09-06 19:33:05,AAAS210,0101,Angelica Dunbar,20,16,0,2026-09-06 19:33:08
2026-09-06 19:33:05,AAAS211,0101,Shane Walsh,30,0,0,2026-09-06 19:33:08
2026-09-06 19:33:05,AAAS230,0101,Ashley Newby,30,0,0,2026-09-06 19:33:08
2026-09-06 19:33:05,AAAS230,0201,Ashley Newby,30,0,0,2026-09-06 19:33:08
2026-09-06 19:33:05,AAAS234,0201,Mike Kolakoski,30,2,0,2026-09-06 19:33:09
2026-09-06 19:33:05,AAAS254,0101,Christopher Bonner,40,2,0,2026-09-06 19:33:09
2026-09-06 19:33:05,AAAS271,0101,Sydney Lewis,30,0,0,2026-09-06 19:33:09
2026-09-06 19:33:05,AAAS310,0101,George Kintiba,25,20,0,2026-09-06 19:33:09
2026-09-06 19:33:05,AAAS320,0101,Cecily Jackson,25,0,0,2026-09-06 19:33:10
2026-09-06 19:33:05,AAAS320,0201,Cecily Jackson,25,0,0,2026-09-06 19:33:10
2026-09-06 19:33:05,AAAS325,0101,Traci Dula,20,3,0,2026-09-06 19:33:10
2026-09-06 19:33:05,AAAS350,0101,John Drabinski,20,0,0,2026-09-06 19:33:10
2026-09-06 19:33:05,AAAS361,0101,Michelle Rowley,35,24,0,2026-09-06 19:33:10
2026-09-06 19:33:05,AAAS386,0101,Marshal Washington,10,10,0,2026-09-06 19:33:11
2026-09-06 19:33:05,AAAS397,0101,John Drabinski,2,2,0,2026-09-06 19:33:11
2026-09-06 19:33:05,AAAS397,0201,Angelica Dunbar,2,2,0,2026-09-06 19:33:11
2026-09-06 19:33:05,AAAS397,0301,Sharon Harley,2,2,0,2026-09-06 19:33:11
2026-09-06 19:33:05,AAAS397,0401,Cecily Jackson,2,2,0,2026-09-06 19:33:11
2026-09-06 19:33:05,AAAS397,0501,Sangeetha Madhavan,2,2,0,2026-09-06 19:33:11
2026-09-06 19:33:05,AAAS397,0601,Ashley Newby,1,1,0,2026-09-06 19:33:11
2026-09-06 19:33:05,AAAS397,0701,Chinyere Osuji,2,2,0,2026-09-06 19:33:11
2026-09-06 19:33:05,AAAS397,0801,Periloux Peay,2,2,0,2026-09-06 19:33:11
2026-09-06 19:33:05,AAAS397,0901,Joseph Richardson,2,2,0,2026-09-06 19:33:11
2026-09-06 19:33:05,AAAS398B,0101,Beka Guluma,20,12,0,2026-09-06 19:33:11
2026-09-06 19:33:05,AAAS398W,0101,Jason Nichols,25,10,0,2026-09-06 19:33:11
2026-09-06 19:33:05,AAAS399,0101,Robert Choflet,4,4,0,2026-09-06 19:33:12
2026-09-06 19:33:05,AAAS399,0201,John Drabinski,4,4,0,2026-09-06 19:33:12
2026-09-06 19:33:05,AAAS399,0301,Angelica Dunbar,4,3,0,2026-09-06 19:33:12
2026-09-06 19:33:05,AAAS399,0401,Sharon Harley,4,4,0,2026-09-06 19:33:12
2026-09-06 19:33:05,AAAS399,0501,Cecily Jackson,4,4,0,2026-09-06 19:33:12
2026-09-06 19:33:05,AAAS399,0601,Cecily Jackson,4,4,0,2026-09-06 19:33:12
2026-09-06 19:33:05,AAAS399,0701,Sharon Harley,4,4,0,2026-09-06 19:33:12
2026-09-06 19:33:05,AAAS399,0801,George Kintiba,4,4,0,2026-09-06 19:33:12
2026-09-06 19:33:05,AAAS399,0901,Jason Nichols,4,4,0,2026-09-06 19:33:12
2026-09-06 19:33:05,AAAS399,1001,Ashley Newby,4,3,0,2026-09-06 19:33:12
2026-09-06 19:33:05,AAAS399,1101,Jason Nichols,4,4,0,2026-09-06 19:33:12
2026-09-06 19:33:05,AAAS399,1201,Joseph Richardson,4,4,0,2026-09-06 19:33:12
2026-09-06 19:33:05,AAAS399,1301,Shane Walsh,4,4,0,2026-09-06 19:33:12
2026-09-06 19:33:05,AAAS399,1401,Joseph Richardson,4,4,0,2026-09-06 19:33:12
2026-09-06 19:33:05,AAAS399,1501,Shane Walsh,4,4,0,2026-09-06 19:33:12
2026-09-06 19:33:05,AAAS400,0101,Periloux Peay,25,22,0,2026-09-06 19:33:12
2026-09-06 19:33:05,AAAS415,0101,Periloux Peay,30,0,0,2026-09-06 19:33:12
2026-09-06 19:33:05,AAAS499N,0101,Anne Rosen,25,1,0,2026-09-06 19:33:12
2026-09-06 19:33:05,AAST200,0101,Jennifer Cho,30,0,0,2026-09-06 19:33:14
2026-09-06 19:33:05,AAST200,0102,Binod Paudyal,30,0,1,2026-09-06 19:33:14
2026-09-06 19:33:05,AAST322,0101,Julie Park,30,2,0,2026-09-06 19:33:14
2026-09-06 19:33:05,AAST351,0101,Binod Paudyal,35,0,0,2026-09-06 19:33:14
2026-09-06 19:33:05,AAST355,0101,Jennifer Cho,35,0,3,2026-09-06 19:33:15
2026-09-06 19:33:05,AAST378,0101,Janelle Wong,2,2,0,2026-09-06 19:33:15
2026-09-06 19:33:05,AAST394,0101,Wenxi Yang,30,2,0,2026-09-06 19:33:15
2026-09-06 19:33:05,AAST398I,0101,Michelle Magalong,24,1,0,2026-09-06 19:33:15
2026-09-06 19:33:05,AAST398W,0101,Chris Eng,25,14,0,2026-09-06 19:33:16
2026-09-06 19:33:05,AAST421,0101,Tuyet Duong,20,1,0,2026-09-06 19:33:16
2026-09-06 19:33:05,AAST422,0101,Jennifer Cho,25,4,0,2026-09-06 19:33:16
2026-09-06 19:33:05,AAST424,0101,Dawn Dow,29,9,0,2026-09-06 19:33:16
2026-09-06 19:33:05,AAST440,0101,Binod Paudyal,25,0,1,2026-09-06 19:33:17
2026-09-06 19:33:05,AAST443,0101,Janelle Wong,30,0,0,2026-09-06 19:33:17
2026-09-06 19:33:05,ABRM330,0101,Rashawn Ray,40,1,0,2026-09-06 19:33:18
2026-09-06 19:33:05,ARAB101,0101,Samah Al-salami,15,1,0,2026-09-06 19:33:49
2026-09-06 19:33:05,ARAB101,0201,Ahmed Hanafy,15,3,0,2026-09-06 19:33:49
2026-09-06 19:33:05,ARAB102,0101,Samah Al-salami,15,0,0,2026-09-06 19:33:49
2026-09-06 19:33:05,ARAB102,0201,Lutf Alkebsi,15,12,0,2026-09-06 19:33:49
2026-09-06 19:33:05,ARAB201,0101,Lutf Alkebsi,15,1,0,2026-09-06 19:33:49
2026-09-06 19:33:05,ARAB201,0201,Lutf Alkebsi,15,11,0,2026-09-06 19:33:49
2026-09-06 19:33:05,ARAB208L,0101,Samah Al-salami,15,4,0,2026-09-06 19:33:50
2026-09-06 19:33:05,ARAB225,0101,Ahmed Hanafy,15,1,0,2026-09-06 19:33:50
2026-09-06 19:33:05,ARAB301,0101,Ahmed Hanafy,15,6,0,2026-09-06 19:33:50
2026-09-06 19:33:05,ARAB321,0101,Ahmed Hanafy,15,9,0,2026-09-06 19:33:50
2026-09-06 19:33:05,ARAB322,0101,Samah Al-salami,15,9,0,2026-09-06 19:33:51
2026-09-06 19:33:05,ARAB398A,0101,Lutf Alkebsi,15,5,0,2026-09-06 19:33:51
2026-09-06 19:33:05,ARAB499E,0101,Brendan Kibbee,20,0,0,2026-09-06 19:33:51
2026-09-06 19:33:05,ARMY106,0101,Thomas Battinieri,31,26,0,2026-09-06 19:34:17
2026-09-06 19:33:05,ARMY106,0102,Thomas Battinieri,40,30,0,2026-09-06 19:34:17
2026-09-06 19:33:05,ARMY106,FC01,Andrew Bischoff,15,11,0,2026-09-06 19:34:17
2026-09-06 19:33:05,ARMY106,FC02,Thomas Battinieri,9,8,0,2026-09-06 19:34:17
2026-09-06 19:33:05,ARMY110,0101,Andrew Bischoff,15,15,0,2026-09-06 19:34:17
2026-09-06 19:33:05,ARMY201,0102,Thomas Battinieri,35,14,0,2026-09-06 19:34:17
2026-09-06 19:33:05,ARMY301,0101,Joshua Guiod,40,20,0,2026-09-06 19:34:18
2026-09-06 19:33:05,ARMY401,0102,Andrew Bischoff,50,13,0,2026-09-06 19:34:18
2026-09-06 19:33:05,ARSC059,0101,Kathleen West,220,65,0,2026-09-06 19:34:19
2026-09-06 19:33:05,ARSC059,FC01,Jens Lyndrup,10,4,0,2026-09-06 19:34:19
2026-09-06 19:33:05,ARSC100,0101,Jens Lyndrup,50,35,0,2026-09-06 19:34:20
2026-09-06 19:33:05,ARSC100,0102,Jens Lyndrup,75,20,0,2026-09-06 19:34:20
2026-09-06 19:33:05,ARSC100,0103,Jens Lyndrup,40,32,0,2026-09-06 19:34:20
2026-09-06 19:33:05,ARSC100,FC01,Jens Lyndrup,5,3,0,2026-09-06 19:34:20
2026-09-06 19:33:05,ARSC100,FC02,Jens Lyndrup,10,6,0,2026-09-06 19:34:20
2026-09-06 19:33:05,ARSC200,0101,Alan Snyder,50,15,0,2026-09-06 19:34:20
2026-09-06 19:33:05,ARSC200,0102,Alan Snyder,35,22,0,2026-09-06 19:34:20
2026-09-06 19:33:05,ARSC200,0103,Alan Snyder,40,32,0,2026-09-06 19:34:20
2026-09-06 19:33:05,ARSC300,0101,Kathleen West,30,5,0,2026-09-06 19:34:20
2026-09-06 19:33:05,ARSC300,0102,Kathleen West,20,13,0,2026-09-06 19:34:20
2026-09-06 19:33:05,ARSC400,0101,Walter Mitchell,30,16,0,2026-09-06 19:34:20
2026-09-06 19:33:05,ARSC400,0102,Walter Mitchell,20,18,0,2026-09-06 19:34:20
2026-09-06 19:33:05,ARSC400,0201,Walter Mitchell,10,10,0,2026-09-06 19:34:20
2026-09-06 19:33:05,BMIN210,0101,Darlene Dennison,180,4,0,2026-09-06 19:35:11
2026-09-06 19:33:05,BMIN210,0201,Darlene Dennison,180,87,0,2026-09-06 19:35:11
2026-09-06 19:33:05,BMIN305,0101,Tejwansh Anand,180,20,0,2026-09-06 19:35:12
2026-09-06 19:33:05,BMIN345,0101,Michael Padhi,275,35,0,2026-09-06 19:35:12
2026-09-06 19:33:05,BMIN355,0101,Idil Yaveroglu,180,1,0,2026-09-06 19:35:12
2026-09-06 19:33:05,BMIN355,0201,Idil Yaveroglu,180,27,0,2026-09-06 19:35:12
2026-09-06 19:33:05,BMIN375,0101,Leland Gardner,185,0,0,2026-09-06 19:35:12
2026-09-06 19:33:05,BMIN395,0101,Nima Farshchi,200,1,0,2026-09-06 19:35:12
2026-09-06 19:33:05,BMIN395,0201,Nima Farshchi,200,106,0,2026-09-06 19:35:12
2026-09-06 19:33:05,BOIS602,WI01,Woei-jyh Lee,40,6,0,2026-09-06 19:35:15
2026-09-06 19:33:05,BOIS604,WI01,Manmohan Aseri,40,5,0,2026-09-06 19:35:15
2026-09-06 19:33:05,BOIS631,WI01,Sujin Kim,40,8,0,2026-09-06 19:35:16
2026-09-06 19:33:05,BSOS355,0101,Liza Lebrun,30,30,0,2026-09-06 19:35:24
2026-09-06 19:33:05,BSOS361,0101,TC Lloyd,30,2,0,2026-09-06 19:35:24
2026-09-06 19:33:05,BSOS361,0103,Keia Brown,30,2,0,2026-09-06 19:35:24
2026-09-06 19:33:05,BSOS361,0104,David Tana,30,1,0,2026-09-06 19:35:24
2026-09-06 19:33:05,BSOS361,0105,TC Lloyd,30,1,0,2026-09-06 19:35:24
2026-09-06 19:33:05,BSOS388C,0101,Nikita Kimani,20,0,0,2026-09-06 19:35:25
2026-09-06 19:33:05,BSOS388C,0201,Nikita Kimani,20,3,0,2026-09-06 19:35:25
2026-09-06 19:33:05,BSOS388E,0101,Liza Lebrun,30,30,0,2026-09-06 19:35:25
2026-09-06 19:33:05,BUSO600,SO11,Neta Moye,42,4,0,2026-09-06 19:35:40
2026-09-06 19:33:05,BUSO600,SO12,Neta Moye,42,7,0,2026-09-06 19:35:40
2026-09-06 19:33:05,BUSO603,SO11,Ilya Ryzhov,42,4,0,2026-09-06 19:35:40
2026-09-06 19:33:05,BUSO603,SO12,Ilya Ryzhov,42,4,0,2026-09-06 19:35:40
2026-09-06 19:33:05,BUSO604,SO11,Bennet Zelner,42,5,0,2026-09-06 19:35:40
2026-09-06 19:33:05,BUSO604,SO12,Bennet Zelner,42,5,0,2026-09-06 19:35:40
2026-09-06 19:33:05,BUSO612,SO11,Henry Boyd,42,4,0,2026-09-06 19:35:41
2026-09-06 19:33:05,BUSO612,SO12,Henry Boyd,42,2,0,2026-09-06 19:35:41
2026-09-06 19:33:05,BUSO616,SO31,Brent Solomon,38,2,0,2026-09-06 19:35:41
2026-09-06 19:33:05,BUSO616,SO32,Brent Solomon,38,0,0,2026-09-06 19:35:41
2026-09-06 19:33:05,BUSO624,SO31,Yi Xu,38,3,0,2026-09-06 19:35:41
2026-09-06 19:33:05,BUSO624,SO32,Yi Xu,38,0,0,2026-09-06 19:35:41
2026-09-06 19:33:05,BUSO700,SO91,Paulo Prochno,0,0,0,2026-09-06 19:35:41
2026-09-06 19:33:05,BUSO711,SO31,Gosia Langa Basit,28,0,0,2026-09-06 19:35:42
2026-09-06 19:33:05,BUSO711,SO32,Gosia Langa Basit,28,4,0,2026-09-06 19:35:42
2026-09-06 19:33:05,BUSO711,SO33,Gosia Langa Basit,28,3,0,2026-09-06 19:35:42
2026-09-06 19:33:05,BUSO731,SO51,Tejwansh Anand,49,0,0,2026-09-06 19:35:42
2026-09-06 19:33:05,BUSO752,SO51,Leland Gardner,35,13,0,2026-09-06 19:35:42
2026-09-06 19:33:05,BUSO758G,SO51,James Seward,35,13,0,2026-09-06 19:35:42
2026-09-06 19:33:05,BUSO758M,SO51,Paulo Prochno,49,2,0,2026-09-06 19:35:43
2026-09-06 19:33:05,BUSO758M,SO52,Paulo Prochno,49,2,0,2026-09-06 19:35:43
2026-09-06 19:33:05,BUSO758T,SO51,Michael Cichello,35,18,0,2026-09-06 19:35:43
2026-09-06 19:33:05,BUSO758W,SO51,Yogesh Joshi,33,1,0,2026-09-06 19:35:43
2026-09-06 19:33:05,BUSO758W,SO52,Yogesh Joshi,33,3,0,2026-09-06 19:35:43
2026-09-06 19:33:05,BUSO758X,SO51,Pallassana Kannan,49,3,0,2026-09-06 19:35:43
2026-09-06 19:33:05,BUSO788F,GX01,Judy Frels,25,5,0,2026-09-06 19:35:43
2026-09-06 19:33:05,BUSO788W,GX01,Zhi-Long Chen,30,5,0,2026-09-06 19:35:44
2026-09-06 19:33:05,CHSE200,0101,Betsy Tornquist,10,1,0,2026-09-06 19:36:06
2026-09-06 19:33:05,CHSE205,0101,Yewon Lee,60,0,7,2026-09-06 19:36:07
2026-09-06 19:33:05,CHSE205,0201,Yewon Lee,60,0,0,2026-09-06 19:36:07
2026-09-06 19:33:05,CHSE228C,0101,Nikita Kimani,20,0,0,2026-09-06 19:36:07
2026-09-06 19:33:05,CHSE228C,0201,Nikita Kimani,20,3,0,2026-09-06 19:36:07
2026-09-06 19:33:05,CHSE228C,0301,Nikita Kimani,20,0,0,2026-09-06 19:36:07
2026-09-06 19:33:05,CHSE230,0101,Isabelle Grable,25,16,0,2026-09-06 19:36:07
2026-09-06 19:33:05,CHSE376,0101,Michael Dunham,22,0,7,2026-09-06 19:36:07
2026-09-06 19:33:05,CHSE376,0201,Colleen McGilpin,20,0,9,2026-09-06 19:36:07
2026-09-06 19:33:05,CHSE376,0301,Elizabeth Martinez,20,0,4,2026-09-06 19:36:07
2026-09-06 19:33:05,CHSE376,0401,Chanai Brewster,20,0,3,2026-09-06 19:36:07
2026-09-06 19:33:05,CHSE476,0101,Michael Dunham,20,6,0,2026-09-06 19:36:08
2026-09-06 19:33:05,CHSE477,0101,Michael Dunham,15,4,0,2026-09-06 19:36:08
2026-09-06 19:33:05,CHSE489,1901,Amy D'Agati,15,10,0,2026-09-06 19:36:08
2026-09-06 19:33:05,CHSE498,2401,Meredith Gramlich,10,1,0,2026-09-06 19:36:08
2026-09-06 19:33:05,CHSE498,3701,Michael Dunham,2,1,0,2026-09-06 19:36:08
2026-09-06 19:33:05,CINE245,0101,Eric Zakim,22,0,2,2026-09-06 19:36:10
2026-09-06 19:33:05,CINE245,0102,Eric Zakim,22,0,1,2026-09-06 19:36:10
2026-09-06 19:33:05,CINE245,0103,Eric Zakim,22,0,3,2026-09-06 19:36:10
2026-09-06 19:33:05,CINE245,0104,Eric Zakim,22,0,1,2026-09-06 19:36:10
2026-09-06 19:33:05,CINE280,0101,Porter Olsen,30,0,0,2026-09-06 19:36:10
2026-09-06 19:33:05,CINE280,0201,John Tobin,30,0,1,2026-09-06 19:36:10
2026-09-06 19:33:05,CINE298A,0101,Caroline Eades,20,0,0,2026-09-06 19:36:10
2026-09-06 19:33:05,CINE301,0101,Eric Zakim,30,0,0,2026-09-06 19:36:11
2026-09-06 19:33:05,CINE310,0101,Nathaniel Stevens,15,1,0,2026-09-06 19:36:11
2026-09-06 19:33:05,CINE315,0101,Yael Inbar,15,0,0,2026-09-06 19:36:11
2026-09-06 19:33:05,CINE319G,0101,Oliver Gaycken,25,15,0,2026-09-06 19:36:11
2026-09-06 19:33:05,CINE319P,5501,Samuel Crawford,11,0,0,2026-09-06 19:36:12
2026-09-06 19:33:05,CINE319Z,0101,Paul Cote,25,7,0,2026-09-06 19:36:12
2026-09-06 19:33:05,CINE329T,0101,Daniel Richter,25,0,10,2026-09-06 19:36:12
2026-09-06 19:33:05,CINE332,0101,Parker Brookie,25,1,0,2026-09-06 19:36:12
2026-09-06 19:33:05,CINE334,0101,Elizabeth Papazian,25,0,0,2026-09-06 19:36:12
2026-09-06 19:33:05,CINE337,0101,Jason Kuo,25,0,2,2026-09-06 19:36:13
2026-09-06 19:33:05,CINE342,0101,Luka Arsenjuk,20,0,3,2026-09-06 19:36:13
2026-09-06 19:33:05,CINE350,0101,John Drabinski,20,0,0,2026-09-06 19:36:13
2026-09-06 19:33:05,CINE359C,0101,Daniel Richter,25,0,5,2026-09-06 19:36:13
2026-09-06 19:33:05,CINE369B,0101,Eva Hageman,30,1,0,2026-09-06 19:36:14
2026-09-06 19:33:05,CINE369K,0101,Paul Cote,20,0,0,2026-09-06 19:36:14
2026-09-06 19:33:05,CINE376,0101,Ross Angelella,15,3,0,2026-09-06 19:36:14
2026-09-06 19:33:05,CINE376,0102,Ross Angelella,5,2,0,2026-09-06 19:36:14
2026-09-06 19:33:05,CINE415,0101,Mathew Bainbridge,15,0,0,2026-09-06 19:36:14
2026-09-06 19:33:05,CINE419P,0101,Oliver Gaycken,20,14,0,2026-09-06 19:36:15
2026-09-06 19:33:05,CINE459P,0101,Luka Arsenjuk,20,0,1,2026-09-06 19:36:15
2026-09-06 19:33:05,CLAS170,0101,Chiara Graf,21,4,0,2026-09-06 19:36:16
2026-09-06 19:33:05,CLAS170,0102,Chiara Graf,21,0,0,2026-09-06 19:36:16
2026-09-06 19:33:05,CLAS170,0103,Chiara Graf,21,1,0,2026-09-06 19:36:16
2026-09-06 19:33:05,CLAS170,0104,Chiara Graf,21,0,0,2026-09-06 19:36:16
2026-09-06 19:33:05,CLAS170,0105,Chiara Graf,21,0,0,2026-09-06 19:36:16
2026-09-06 19:33:05,CLAS170,0106,Chiara Graf,21,0,1,2026-09-06 19:36:16
2026-09-06 19:33:05,CLAS170,0107,Chiara Graf,21,0,1,2026-09-06 19:36:16
2026-09-06 19:33:05,CLAS170,0108,Chiara Graf,21,0,0,2026-09-06 19:36:16
2026-09-06 19:33:05,CLAS170,0109,Chiara Graf,22,0,0,2026-09-06 19:36:16
2026-09-06 19:33:05,CLAS170,FC01,Chelsea Stolt,28,4,0,2026-09-06 19:36:16
2026-09-06 19:33:05,CLAS170,FC02,Chelsea Stolt,28,0,0,2026-09-06 19:36:16
2026-09-06 19:33:05,CLAS170,FC03,Eugenia Lao,28,9,0,2026-09-06 19:36:16
2026-09-06 19:33:05,CLAS170,FC05,Charis Addai,28,5,0,2026-09-06 19:36:16
2026-09-06 19:33:05,CLAS277,0101,Chiara Graf,25,0,0,2026-09-06 19:36:17
2026-09-06 19:33:05,CLAS277,0102,Chiara Graf,25,2,0,2026-09-06 19:36:17
2026-09-06 19:33:05,CLAS277,0103,Chiara Graf,25,4,0,2026-09-06 19:36:17
2026-09-06 19:33:05,CLAS277,0104,Chiara Graf,25,3,0,2026-09-06 19:36:17
2026-09-06 19:33:05,CLAS277,0105,Chiara Graf,25,1,0,2026-09-06 19:36:17
2026-09-06 19:33:05,CLAS277,0106,Chiara Graf,25,2,0,2026-09-06 19:36:17
2026-09-06 19:33:05,CLAS305,0101,Jorge Bravo,35,3,0,2026-09-06 19:36:17
2026-09-06 19:33:05,CLAS309N,0101,Nathan Levine,35,25,0,2026-09-06 19:36:17
2026-09-06 19:33:05,CLAS310,0101,Rachel Singpurwalla,20,1,0,2026-09-06 19:36:17
2026-09-06 19:33:05,CLAS310,0102,Rachel Singpurwalla,20,0,2,2026-09-06 19:36:17
2026-09-06 19:33:05,CLAS310,0103,Rachel Singpurwalla,20,0,1,2026-09-06 19:36:17
2026-09-06 19:33:05,CLAS312,0101,Polyvia Parara,35,6,0,2026-09-06 19:36:18
2026-09-06 19:33:05,CMLT235,0101,Brielle Gorrell,30,2,0,2026-09-06 19:36:21
2026-09-06 19:33:05,CMLT270,0101,Hannah (Toyin) Adeyemi,30,0,0,2026-09-06 19:36:21
2026-09-06 19:33:05,CMLT270,0201,Shakiba Sharifpour,30,1,0,2026-09-06 19:36:21
2026-09-06 19:33:05,CMLT275,0201,Abhinav Bhardwaj,30,0,1,2026-09-06 19:36:21
2026-09-06 19:33:05,CMLT277,0101,Nahid Ahmadian,30,0,1,2026-09-06 19:36:21
2026-09-06 19:33:05,CMLT280,0101,Porter Olsen,30,0,0,2026-09-06 19:36:21
2026-09-06 19:33:05,CMLT280,0201,John Tobin,30,0,1,2026-09-06 19:36:21
2026-09-06 19:33:05,CPBE100,0101,Oliver Schlake,95,25,0,2026-09-06 19:36:47
2026-09-06 19:33:05,CPBE200,0101,Oliver Schlake,75,33,0,2026-09-06 19:36:47
2026-09-06 19:33:05,CPBE225,0101,Ira Koretsky,38,13,0,2026-09-06 19:36:47
2026-09-06 19:33:05,CPBE225,0102,Ira Koretsky,38,23,0,2026-09-06 19:36:47
2026-09-06 19:33:05,CPCV100,0101,Julie Randolph,40,1,0,2026-09-06 19:36:49
2026-09-06 19:33:05,CPCV100,0201,Julie Randolph,40,8,0,2026-09-06 19:36:49
2026-09-06 19:33:05,CPCV200,0101,Julie Randolph,35,0,0,2026-09-06 19:36:49
2026-09-06 19:33:05,CPCV200,0201,Julie Randolph,35,16,0,2026-09-06 19:36:49
2026-09-06 19:33:05,CPCV225,0101,Korey Rothman,75,4,0,2026-09-06 19:36:49
2026-09-06 19:33:05,CPDJ100,0101,Jess Feltner,75,1,0,2026-09-06 19:36:51
2026-09-06 19:33:05,CPDJ200,0101,Andrew Fellows,75,37,0,2026-09-06 19:36:51
2026-09-06 19:33:05,CPET100,0101,Tim Knight,75,2,0,2026-09-06 19:36:52
2026-09-06 19:33:05,CPET200,0101,Tim Knight,75,7,0,2026-09-06 19:36:52
2026-09-06 19:33:05,CPGH100,0101,John Wiggins,85,7,0,2026-09-06 19:36:54
2026-09-06 19:33:05,CPGH200,0101,John Wiggins,75,17,0,2026-09-06 19:36:54
2026-09-06 19:33:05,CPJT100,0101,Justine DeCamillis,75,6,0,2026-09-06 19:36:55
2026-09-06 19:33:05,CPJT200,0101,Justine DeCamillis,75,20,0,2026-09-06 19:36:56
2026-09-06 19:33:05,CPMS100,0101,Carole Lee,75,0,0,2026-09-06 19:36:57
2026-09-06 19:33:05,CPMS200,0101,Alison Burns,75,11,0,2026-09-06 19:36:57
2026-09-06 19:33:05,CPMS225,0101,Alison Burns,75,0,0,2026-09-06 19:36:58
2026-09-06 19:33:05,CPMS230,0101,Alison Burns,30,12,0,2026-09-06 19:36:58
2026-09-06 19:33:05,CPMS240,0101,Carole Lee,20,18,0,2026-09-06 19:36:58
2026-09-06 19:33:05,CPPL100,0101,Kelly Brower,78,2,0,2026-09-06 19:36:59
2026-09-06 19:33:05,CPPL200,0101,Kelly Brower,75,16,0,2026-09-06 19:37:00
2026-09-06 19:33:05,CPSA100,0101,Andrea Cesar,75,11,0,2026-09-06 19:37:01
2026-09-06 19:33:05,CPSA200,0101,Andrea Cesar,75,33,0,2026-09-06 19:37:02
2026-09-06 19:33:05,CPSF100,0101,Nicholas Fletcher,85,1,0,2026-09-06 19:37:03
2026-09-06 19:33:05,CPSF200,0101,Nicholas Fletcher,75,5,0,2026-09-06 19:37:05
2026-09-06 19:33:05,CPSG100,0101,Thomas Holtz,85,7,0,2026-09-06 19:37:07
2026-09-06 19:33:05,CPSG200,0101,Thomas Holtz,75,28,0,2026-09-06 19:37:07
2026-09-06 19:33:05,CPSN100,0101,Hansol Kwak,85,5,0,2026-09-06 19:37:08
2026-09-06 19:33:05,CPSN200,0101,Stacy Kosko,75,41,0,2026-09-06 19:37:09
2026-09-06 19:33:05,CPSN230,0101,Sarah Kilmer,20,18,0,2026-09-06 19:37:09
2026-09-06 19:33:05,CPSN240,0101,Sarah Kilmer,10,7,0,2026-09-06 19:37:09
2026-09-06 19:33:05,CPSN250,0101,Sarah Kilmer,5,5,0,2026-09-06 19:37:10
2026-09-06 19:33:05,CPSP110,0101,Markell Saunders,18,10,0,2026-09-06 19:37:11
2026-09-06 19:33:05,CPSP110,0201,Patrice Greene,18,14,0,2026-09-06 19:37:11
2026-09-06 19:33:05,CPSP220,0101,Tiara Thomas,20,1,0,2026-09-06 19:37:12
2026-09-06 19:33:05,CPSP239A,0101,Heather-Erin Bremenstuhl,10,6,0,2026-09-06 19:37:12
2026-09-06 19:33:05,CPSP269C,0101,Korey Rothman,5,5,0,2026-09-06 19:37:12
2026-09-06 19:33:05,CPSP339P,0101,Susannah Washburn,10,7,0,2026-09-06 19:37:12
2026-09-06 19:33:05,CPSS100,0101,David Tomblin,85,6,0,2026-09-06 19:37:14
2026-09-06 19:33:05,CPSS220,0101,Nicole Mogul,20,2,0,2026-09-06 19:37:14
2026-09-06 19:33:05,CPSS225,0101,Roan Parrish,20,14,0,2026-09-06 19:37:14
2026-09-06 19:33:05,CPSS340,0101,David Tomblin,20,4,0,2026-09-06 19:37:15
2026-09-06 19:33:05,CRLN101,0103,Myles Alexander,25,1,0,2026-09-06 19:37:16
2026-09-06 19:33:05,CRLN101,0104,Tami Smith,26,0,0,2026-09-06 19:37:16
2026-09-06 19:33:05,CRLN101,0105,Denis Garcia Reyes,25,0,0,2026-09-06 19:37:16
2026-09-06 19:33:05,CRLN101,0106,Mitch Woolley,25,4,0,2026-09-06 19:37:16
2026-09-06 19:33:05,CRLN101,0107,Esohe Owie,25,0,0,2026-09-06 19:37:16
2026-09-06 19:33:05,DATA100,0111,Matthew Griffin,33,3,0,2026-09-06 19:37:24
2026-09-06 19:33:05,DATA100,0112,Matthew Griffin,35,2,0,2026-09-06 19:37:24
2026-09-06 19:33:05,DATA100,0121,Matthew Griffin,35,0,0,2026-09-06 19:37:24
2026-09-06 19:33:05,DATA100,0122,Matthew Griffin,33,0,0,2026-09-06 19:37:24
2026-09-06 19:33:05,DATA100,0123,Matthew Griffin,33,0,0,2026-09-06 19:37:24
2026-09-06 19:33:05,DATA100,0124,Matthew Griffin,33,3,0,2026-09-06 19:37:24
2026-09-06 19:33:05,DATA100,0131,Matthew Griffin,33,1,0,2026-09-06 19:37:24
2026-09-06 19:33:05,DATA100,0141,Matthew Griffin,35,0,0,2026-09-06 19:37:24
2026-09-06 19:33:05,DATA100,0142,Matthew Griffin,33,0,0,2026-09-06 19:37:24
2026-09-06 19:33:05,DATA100,0211,Matthew Griffin,33,1,0,2026-09-06 19:37:24
2026-09-06 19:33:05,DATA100,0212,Matthew Griffin,35,0,0,2026-09-06 19:37:24
2026-09-06 19:33:05,DATA100,0221,Matthew Griffin,30,0,0,2026-09-06 19:37:24
2026-09-06 19:33:05,DATA100,0223,Matthew Griffin,32,0,0,2026-09-06 19:37:24
2026-09-06 19:33:05,DATA100,0224,Matthew Griffin,30,0,0,2026-09-06 19:37:24
2026-09-06 19:33:05,DATA100,0231,Matthew Griffin,33,1,0,2026-09-06 19:37:24
2026-09-06 19:33:05,DATA100,0311,Archana Khurana,35,7,0,2026-09-06 19:37:24
2026-09-06 19:33:05,DATA100,0312,Archana Khurana,35,1,0,2026-09-06 19:37:24
2026-09-06 19:33:05,DATA100,0321,Archana Khurana,35,1,0,2026-09-06 19:37:24
2026-09-06 19:33:05,DATA100,0322,Archana Khurana,35,0,0,2026-09-06 19:37:24
2026-09-06 19:33:05,DATA100,0323,Archana Khurana,35,2,0,2026-09-06 19:37:24
2026-09-06 19:33:05,DATA100,0341,Archana Khurana,35,8,0,2026-09-06 19:37:24
2026-09-06 19:33:05,DATA110,0101,Susan Mazzullo,250,20,0,2026-09-06 19:37:24
2026-09-06 19:33:05,DATA120,0101,Fardina Alam,200,0,0,2026-09-06 19:37:24
2026-09-06 19:33:05,DATA200,0101,Fardina Alam,90,31,0,2026-09-06 19:37:24
2026-09-06 19:33:05,DATA250,0101,Todd Rowland,43,7,0,2026-09-06 19:37:25
2026-09-06 19:33:05,DATA320,0101,Maksym Morawski,15,10,0,2026-09-06 19:37:25
2026-09-06 19:33:05,DATA320,0201,Maksym Morawski,20,7,0,2026-09-06 19:37:25
2026-09-06 19:33:05,DATA320,0301,Fardina Alam,20,0,0,2026-09-06 19:37:25
2026-09-06 19:33:05,DATA350,0101,Raluca Rosca,30,10,0,2026-09-06 19:37:25
2026-09-06 19:33:05,DATA350,0201,Jonathan Fernandes,34,2,0,2026-09-06 19:37:25
2026-09-06 19:33:05,DATA400,0111,Salman Safdar,27,0,0,2026-09-06 19:37:25
2026-09-06 19:33:05,DATA400,0112,Salman Safdar,30,3,0,2026-09-06 19:37:25
2026-09-06 19:33:05,DATA400,0121,Salman Safdar,27,1,0,2026-09-06 19:37:25
2026-09-06 19:33:05,DATA400,0122,Salman Safdar,27,4,0,2026-09-06 19:37:25
2026-09-06 19:33:05,DATA400,0131,Salman Safdar,27,1,0,2026-09-06 19:37:25
2026-09-06 19:33:05,DATA400,0132,Salman Safdar,27,8,0,2026-09-06 19:37:25
2026-09-06 19:33:05,DATA400,0211,Timothy Pilachowski,30,3,0,2026-09-06 19:37:25
2026-09-06 19:33:05,DATA400,0212,Timothy Pilachowski,30,4,0,2026-09-06 19:37:25
2026-09-06 19:33:05,DATA400,0221,Timothy Pilachowski,30,2,0,2026-09-06 19:37:25
2026-09-06 19:33:05,DATA400,0222,Timothy Pilachowski,30,1,0,2026-09-06 19:37:25
2026-09-06 19:33:05,DATA400,0231,Timothy Pilachowski,30,1,0,2026-09-06 19:37:25
2026-09-06 19:33:05,DATA400,0232,Timothy Pilachowski,30,0,0,2026-09-06 19:37:25
2026-09-06 19:33:05,DATA400,0311,Mestiyage Gunatilleka,32,0,0,2026-09-06 19:37:25
2026-09-06 19:33:05,DATA400,0312,Mestiyage Gunatilleka,30,0,0,2026-09-06 19:37:25
2026-09-06 19:33:05,DATA400,0321,Mestiyage Gunatilleka,32,0,1,2026-09-06 19:37:25
2026-09-06 19:33:05,DATA400,0322,Mestiyage Gunatilleka,30,0,0,2026-09-06 19:37:25
2026-09-06 19:33:05,DATA400,0331,Mestiyage Gunatilleka,32,0,0,2026-09-06 19:37:25
2026-09-06 19:33:05,DATA400,0332,Mestiyage Gunatilleka,30,0,0,2026-09-06 19:37:25
2026-09-06 19:33:05,DATA400,0511,Shixin Zheng,35,0,1,2026-09-06 19:37:25
2026-09-06 19:33:05,DATA400,0521,Shixin Zheng,35,0,0,2026-09-06 19:37:25
2026-09-06 19:33:05,DATA400,0531,Shixin Zheng,35,0,1,2026-09-06 19:37:25
2026-09-06 19:33:05,DATA601,PCS1,Sandra Cerrai,50,5,0,2026-09-06 19:37:26
2026-09-06 19:33:05,DATA601,PCS2,Jonathan Fernandes,60,20,0,2026-09-06 19:37:26
2026-09-06 19:33:05,DATA601,PWS1,Leonid Koralov,60,3,0,2026-09-06 19:37:26
2026-09-06 19:33:05,DATA602,PCS1,Sujeong Kim,44,5,0,2026-09-06 19:37:26
2026-09-06 19:33:05,DATA602,PCS2,Sujeong Kim,44,8,0,2026-09-06 19:37:26
2026-09-06 19:33:05,DATA602,PWS1,Fardina Alam,44,2,0,2026-09-06 19:37:26
2026-09-06 19:33:05,DATA603,PCS1,Babak Azimi-Sadjadi,55,12,0,2026-09-06 19:37:26
2026-09-06 19:33:05,DATA603,PWS1,Kemal Davaslioglu,55,17,0,2026-09-06 19:37:26
2026-09-06 19:33:05,DATA605,PCS1,Tammy Perrin,44,29,0,2026-09-06 19:37:26
2026-09-06 19:33:05,DATA605,PCS2,Tammy Perrin,44,20,0,2026-09-06 19:37:26
2026-09-06 19:33:05,DATA605,PWS1,Giacinto Paolo Saggese,44,35,0,2026-09-06 19:37:26
2026-09-06 19:33:05,DATA607,PCS1,Mestiyage Gunatilleka,44,27,0,2026-09-06 19:37:26
2026-09-06 19:33:05,DATA607,PCS2,Kendall Williams,55,1,0,2026-09-06 19:37:26
2026-09-06 19:33:05,DATA607,PCS3,Vincent Lyzinski,44,3,0,2026-09-06 19:37:26
2026-09-06 19:33:05,DATA612,PCS1,Samet Ayhan,50,21,0,2026-09-06 19:37:27
2026-09-06 19:33:05,DATA612,PWS1,Samet Ayhan,44,15,0,2026-09-06 19:37:27
2026-09-06 19:33:05,DATA641,PCS1,Toki Inan,50,15,0,2026-09-06 19:37:27
2026-09-06 19:33:05,DATA641,PWS1,Armin Mehrabian,50,0,0,2026-09-06 19:37:27
2026-09-06 19:33:05,DATA643,PCS1,Charles Forgy,50,28,0,2026-09-06 19:37:27
2026-09-06 19:33:05,DATA650,PCS1,Emre Gunduzhan,54,5,0,2026-09-06 19:37:27
2026-09-06 19:33:05,DATA650,PCS2,Emre Gunduzhan,54,8,0,2026-09-06 19:37:27
2026-09-06 19:33:05,ENAI600,0101,C Ravishankar,35,21,0,2026-09-06 19:37:52
2026-09-06 19:33:05,ENAI600,AEC1,C Ravishankar,20,4,0,2026-09-06 19:37:52
2026-09-06 19:33:05,ENAI601,0101,Richard La,35,23,0,2026-09-06 19:37:52
2026-09-06 19:33:05,ENAI601,AEC1,Richard La,20,6,0,2026-09-06 19:37:52
2026-09-06 19:33:05,ENAI607,0101,Zoltan Safar,29,24,0,2026-09-06 19:37:52
2026-09-06 19:33:05,ENAI607,AEC1,Zoltan Safar,20,9,0,2026-09-06 19:37:52
2026-09-06 19:33:05,ENBC301,ESG1,Sivan Saravanapavan,20,9,0,2026-09-06 19:37:54
2026-09-06 19:33:05,ENBC311,ESG1,Bahaa Ghammraoui,20,11,0,2026-09-06 19:37:54
2026-09-06 19:33:05,ENBC322,ESG1,Kyunghun Lee,20,11,0,2026-09-06 19:37:54
2026-09-06 19:33:05,ENBC331,ESG1,Lan Ma,20,10,0,2026-09-06 19:37:54
2026-09-06 19:33:05,ENBC332,ESG1,Jamasp Azarnoosh,20,11,0,2026-09-06 19:37:54
2026-09-06 19:33:05,ENBC341,ESG1,Jarred Callura,20,12,0,2026-09-06 19:37:55
2026-09-06 19:33:05,ENBC353,ESG1,Jarred Callura,20,15,0,2026-09-06 19:37:55
2026-09-06 19:33:05,ENBC399,ESG1,Nan Xu,1,1,0,2026-09-06 19:37:55
2026-09-06 19:33:05,ENBC399,ESG2,Lan Ma,1,0,0,2026-09-06 19:37:55
2026-09-06 19:33:05,ENBC399,ESG3,Jamasp Azarnoosh,1,0,0,2026-09-06 19:37:55
2026-09-06 19:33:05,ENBC399,ESG4,Lan Ma,1,0,0,2026-09-06 19:37:55
2026-09-06 19:33:05,ENBC399,ESG5,Jamasp Azarnoosh,1,0,0,2026-09-06 19:37:55
2026-09-06 19:33:05,ENBC399,ESG6,Jamasp Azarnoosh,1,0,0,2026-09-06 19:37:55
2026-09-06 19:33:05,ENBC399,ESG7,Jamasp Azarnoosh,1,1,0,2026-09-06 19:37:55
2026-09-06 19:33:05,ENBC423,ESG1,Jian Su,20,13,0,2026-09-06 19:37:55
2026-09-06 19:33:05,ENBC425,ESG1,Jamasp Azarnoosh,20,13,0,2026-09-06 19:37:56
2026-09-06 19:33:05,ENBC431,ESG1,Lan Ma,20,13,0,2026-09-06 19:37:56
2026-09-06 19:33:05,ENEB302,ESG1,Wesley Lawson,20,4,0,2026-09-06 19:38:06
2026-09-06 19:33:05,ENEB340,ESG1,Nestor Michael Tiglao,20,4,0,2026-09-06 19:38:07
2026-09-06 19:33:05,ENEB341,ESG1,Nestor Michael Tiglao,20,4,0,2026-09-06 19:38:07
2026-09-06 19:33:05,ENEB344,ESG1,Jerry Wu,20,4,0,2026-09-06 19:38:07
2026-09-06 19:33:05,ENEB346,ESG1,Nestor Michael Tiglao,20,13,0,2026-09-06 19:38:07
2026-09-06 19:33:05,ENEB354,ESG1,Yavuz Oruc,20,4,0,2026-09-06 19:38:07
2026-09-06 19:33:05,ENEB408A,ESG1,Nestor Michael Tiglao,20,13,0,2026-09-06 19:38:08
2026-09-06 19:33:05,ENEB444,ESG1,Manoj Franklin,20,13,0,2026-09-06 19:38:08
2026-09-06 19:33:05,ENEB454,ESG1,Jerry Wu,20,13,0,2026-09-06 19:38:08
2026-09-06 19:33:05,ENED036,0101,Hillary Owusu,20,7,0,2026-09-06 19:38:10
2026-09-06 19:33:05,ENED101,0101,Shannon Bate,20,1,0,2026-09-06 19:38:10
2026-09-06 19:33:05,ENED115,0101,Friedrich Alvarez,100,5,0,2026-09-06 19:38:10
2026-09-06 19:33:05,ENED215,0101,Tyler Huddleston,30,0,0,2026-09-06 19:38:10
2026-09-06 19:33:05,ENED215,0102,Samantha Sabihi,40,24,0,2026-09-06 19:38:10
2026-09-06 19:33:05,ENED215,0103,Paige Smith,6,0,0,2026-09-06 19:38:10
2026-09-06 19:33:05,ENED290H,0101,Christopher Troilo,46,1,0,2026-09-06 19:38:10
2026-09-06 19:33:05,ENED390H,0101,Tony Barber,50,13,0,2026-09-06 19:38:11
2026-09-06 19:33:05,ENED394H,0101,Manmohan Aseri,65,14,0,2026-09-06 19:38:11
2026-09-06 19:33:05,ENED397,0101,Emily Marks,9,0,0,2026-09-06 19:38:11
2026-09-06 19:33:05,ENED490H,0101,Maria Bardossy,45,1,0,2026-09-06 19:38:11
2026-09-06 19:33:05,ENED491,0101,Jessica Roffe,10,1,0,2026-09-06 19:38:11
2026-09-06 19:33:05,ENMT301,ESG1,Colleen Murray,15,8,0,2026-09-06 19:40:00
2026-09-06 19:33:05,ENMT322,ESG1,Norman Wereley,15,8,0,2026-09-06 19:40:00
2026-09-06 19:33:05,ENMT361,ESG1,Young Choi,15,8,0,2026-09-06 19:40:00
2026-09-06 19:33:05,ENMT380,ESG1,Gurtajbir Herr,15,8,0,2026-09-06 19:40:01
2026-09-06 19:33:05,ENMT450,ESG1,Nicholas Limparis,7,5,0,2026-09-06 19:40:01
2026-09-06 19:33:05,ENMT471,ESG1,Colleen Murray,7,5,0,2026-09-06 19:40:01
2026-09-06 19:33:05,ENMT473,ESG1,Gurtajbir Herr,7,4,0,2026-09-06 19:40:02
2026-09-06 19:33:05,ENMT483,ESG1,Nicholas Limparis,7,5,0,2026-09-06 19:40:02
2026-09-06 19:33:05,ENMT499,ESG4,Nicholas Limparis,2,0,0,2026-09-06 19:40:02
2026-09-06 19:33:05,ENSE621,0101,Tony Barber,22,17,0,2026-09-06 19:40:08
2026-09-06 19:33:05,ENSE621,SY01,Tony Barber,15,0,0,2026-09-06 19:40:08
2026-09-06 19:33:05,ENSE623,0101,Steven Biemer,17,14,0,2026-09-06 19:40:09
2026-09-06 19:33:05,ENSE623,SY01,Steven Biemer,15,11,0,2026-09-06 19:40:09
2026-09-06 19:33:05,ENSE626,0101,Dane Cooper,20,16,0,2026-09-06 19:40:09
2026-09-06 19:33:05,ENSE626,SY01,Dane Cooper,15,9,0,2026-09-06 19:40:09
2026-09-06 19:33:05,ENSP101,0101,Annette Spivy,25,0,0,2026-09-06 19:40:20
2026-09-06 19:33:05,ENSP101,0102,Annette Spivy,24,1,0,2026-09-06 19:40:20
2026-09-06 19:33:05,ENSP101,0103,Annette Spivy,24,2,0,2026-09-06 19:40:20
2026-09-06 19:33:05,ENSP101,0104,Annette Spivy,24,0,0,2026-09-06 19:40:20
2026-09-06 19:33:05,ENSP101,0105,Annette Spivy,25,0,0,2026-09-06 19:40:20
2026-09-06 19:33:05,ENSP101,0106,Annette Spivy,24,0,0,2026-09-06 19:40:20
2026-09-06 19:33:05,ENSP101,0107,Annette Spivy,24,0,1,2026-09-06 19:40:20
2026-09-06 19:33:05,ENSP101,FC01,Annette Spivy,32,4,0,2026-09-06 19:40:20
2026-09-06 19:33:05,ENSP305,0101,Annette Spivy,23,0,2,2026-09-06 19:40:20
2026-09-06 19:33:05,ENSP330,0101,Joanna Goger,35,0,0,2026-09-06 19:40:20
2026-09-06 19:33:05,ENSP340,0101,Caroline Boules,25,0,0,2026-09-06 19:40:20
2026-09-06 19:33:05,ENSP360,0101,Leena Malayil,25,0,4,2026-09-06 19:40:21
2026-09-06 19:33:05,ENSP399R,0601,Annette Spivy,10,10,0,2026-09-06 19:40:21
2026-09-06 19:33:05,ENSP399R,1001,Jennifer Mullinax,10,10,0,2026-09-06 19:40:21
2026-09-06 19:33:05,ENSP400,0101,Joanna Goger,35,13,0,2026-09-06 19:40:21
2026-09-06 19:33:05,ENSP400,0102,Joanna Goger,35,10,0,2026-09-06 19:40:21
2026-09-06 19:33:05,ENVH121,FC01,Brienna Anderson,20,12,0,2026-09-06 19:40:34
2026-09-06 19:33:05,ENVH381,0101,Donald Milton,30,10,0,2026-09-06 19:40:34
2026-09-06 19:33:05,FGSM310,0101,Peter Owen,24,0,0,2026-09-06 19:40:38
2026-09-06 19:33:05,FGSM315,0101,Emily Shetty,22,0,0,2026-09-06 19:40:38
2026-09-06 19:33:05,FGSM320,0101,Woodie Kessel,24,2,0,2026-09-06 19:40:38
2026-09-06 19:33:05,FGSM325,0101,Rob Long,20,1,0,2026-09-06 19:40:38
2026-09-06 19:33:05,FGSM330,0101,Andrew Fausett,22,1,0,2026-09-06 19:40:39
2026-09-06 19:33:05,FGSM340,0101,Ed Fendley,22,1,0,2026-09-06 19:40:39
2026-09-06 19:33:05,FGSM350,0101,Sean Misko,22,1,0,2026-09-06 19:40:39
2026-09-06 19:33:05,FGSM355,0101,Amanda Schoch,20,0,0,2026-09-06 19:40:39
2026-09-06 19:33:05,FGSM360,0101,Nadia Farra,21,0,0,2026-09-06 19:40:40
2026-09-06 19:33:05,FGSM365,0101,Andrew Nissen,20,2,0,2026-09-06 19:40:40
2026-09-06 19:33:05,FGSM370,0101,Joshua Glasser,20,0,0,2026-09-06 19:40:40
2026-09-06 19:33:05,FGSM390,0101,Sasha Koo-Oshima,20,3,0,2026-09-06 19:40:40
2026-09-06 19:33:05,FGSM398,0101,Jayakumar Arasan,25,22,0,2026-09-06 19:40:40
2026-09-06 19:33:05,FGSM398,0201,Jayakumar Arasan,5,1,0,2026-09-06 19:40:40
2026-09-06 19:33:05,FIRE120,0101,Jessica O'Hara,36,0,0,2026-09-06 19:40:42
2026-09-06 19:33:05,FIRE120,0102,Shannon Hilton,36,6,0,2026-09-06 19:40:42
2026-09-06 19:33:05,FIRE120,0103,Jaclyn Bruner,36,0,0,2026-09-06 19:40:42
2026-09-06 19:33:05,FIRE120,0104,Danielle Niu,36,0,0,2026-09-06 19:40:42
2026-09-06 19:33:05,FIRE120,0105,Cherisse Hall,36,0,0,2026-09-06 19:40:42
2026-09-06 19:33:05,FIRE120,0106,Sara Strey,36,0,0,2026-09-06 19:40:42
2026-09-06 19:33:05,FIRE120,0107,Helene Nguemgaing,36,1,0,2026-09-06 19:40:42
2026-09-06 19:33:05,FIRE120,0108,Mary Chey,36,1,0,2026-09-06 19:40:42
2026-09-06 19:33:05,FIRE120,0109,Shannon Hilton,36,0,0,2026-09-06 19:40:42
2026-09-06 19:33:05,FIRE120,0110,Lena Johnson,36,0,0,2026-09-06 19:40:42
2026-09-06 19:33:05,FIRE120,0111,Benjamin Huffman,36,0,0,2026-09-06 19:40:42
2026-09-06 19:33:05,FIRE120,0112,Mary Chey,36,0,0,2026-09-06 19:40:42
2026-09-06 19:33:05,FIRE120,0113,Elizabeth Massey,36,8,0,2026-09-06 19:40:42
2026-09-06 19:33:05,FIRE120,0114,Benjamin Huffman,36,0,0,2026-09-06 19:40:42
2026-09-06 19:33:05,FIRE120,FC01,Danielle Niu,40,0,11,2026-09-06 19:40:42
2026-09-06 19:33:05,FIRE298,0101,Catherine Spirito,28,3,0,2026-09-06 19:40:42
2026-09-06 19:33:05,FIRE298,0103,Cherisse Hall,36,8,0,2026-09-06 19:40:42
2026-09-06 19:33:05,FIRE298,0104,Jessica O'Hara,36,4,0,2026-09-06 19:40:42
2026-09-06 19:33:05,FIRE298,0105,Kaylee Bloom,36,7,0,2026-09-06 19:40:42
2026-09-06 19:33:05,FIRE298,0106,Danielle Niu,36,17,0,2026-09-06 19:40:42
2026-09-06 19:33:05,FIRE298,0107,Benjamin Huffman,40,0,0,2026-09-06 19:40:42
2026-09-06 19:33:05,FIRE298,0108,Elizabeth Massey,40,14,0,2026-09-06 19:40:42
2026-09-06 19:33:05,FIRE298,0109,Shannon Hilton,40,6,0,2026-09-06 19:40:42
2026-09-06 19:33:05,FIRE298,0110,Jaclyn Bruner,40,19,0,2026-09-06 19:40:42
2026-09-06 19:33:05,FIRE298,0111,Mary Chey,36,5,0,2026-09-06 19:40:42
2026-09-06 19:33:05,FIRE298,0112,Helene Nguemgaing,40,15,0,2026-09-06 19:40:42
2026-09-06 19:33:05,FIRE298,0113,Kristina Kramarczuk,40,10,0,2026-09-06 19:40:42
2026-09-06 19:33:05,FIRE298,0114,Shabnam Jabeen,40,22,0,2026-09-06 19:40:42
2026-09-06 19:33:05,FIRE298,0115,Sara Strey,40,14,0,2026-09-06 19:40:42
2026-09-06 19:33:05,FIRE298,0116,Lena Johnson,40,4,0,2026-09-06 19:40:42
2026-09-06 19:33:05,FIRE398,0101,Catherine Spirito,15,2,0,2026-09-06 19:40:42
2026-09-06 19:33:05,FIRE398,0103,Cherisse Hall,15,4,0,2026-09-06 19:40:42
2026-09-06 19:33:05,FIRE398,0104,Jessica O'Hara,15,1,0,2026-09-06 19:40:42
2026-09-06 19:33:05,FIRE398,0105,Kaylee Bloom,15,2,0,2026-09-06 19:40:42
2026-09-06 19:33:05,FIRE398,0106,Danielle Niu,15,10,0,2026-09-06 19:40:42
2026-09-06 19:33:05,FIRE398,0107,Benjamin Huffman,15,3,0,2026-09-06 19:40:42
2026-09-06 19:33:05,FIRE398,0108,Elizabeth Massey,15,6,0,2026-09-06 19:40:42
2026-09-06 19:33:05,FIRE398,0109,Shannon Hilton,15,6,0,2026-09-06 19:40:42
2026-09-06 19:33:05,FIRE398,0110,Jaclyn Bruner,15,9,0,2026-09-06 19:40:42
2026-09-06 19:33:05,FIRE398,0111,Mary Chey,15,3,0,2026-09-06 19:40:42
2026-09-06 19:33:05,FIRE398,0112,Helene Nguemgaing,15,15,0,2026-09-06 19:40:42
2026-09-06 19:33:05,FIRE398,0113,Kristina Kramarczuk,15,7,0,2026-09-06 19:40:42
2026-09-06 19:33:05,FIRE398,0114,Shabnam Jabeen,15,15,0,2026-09-06 19:40:42
2026-09-06 19:33:05,FIRE398,0115,Sara Strey,15,14,0,2026-09-06 19:40:42
2026-09-06 19:33:05,FIRE398,0116,Lena Johnson,15,11,0,2026-09-06 19:40:42
2026-09-06 19:33:05,GBHL200,0101,Hassanatu Blake,30,0,0,2026-09-06 19:40:56
2026-09-06 19:33:05,GBHL200,FC01,Zandra Andre,25,3,0,2026-09-06 19:40:56
2026-09-06 19:33:05,GBHL210,0101,Leena Malayil,25,9,0,2026-09-06 19:40:56
2026-09-06 19:33:05,GBHL399,0101,Hassanatu Blake,3,3,0,2026-09-06 19:40:57
2026-09-06 19:33:05,GBHL399,0111,Dina Borzekowski,5,5,0,2026-09-06 19:40:57
2026-09-06 19:33:05,GEMS101,0101,Allison Lansverk,10,1,0,2026-09-06 19:40:59
2026-09-06 19:33:05,GEMS101,0103,Allison Lansverk,10,0,0,2026-09-06 19:40:59
2026-09-06 19:33:05,GEMS101,0104,Allison Lansverk,10,0,0,2026-09-06 19:40:59
2026-09-06 19:33:05,GEMS101,0105,Allison Lansverk,10,0,0,2026-09-06 19:40:59
2026-09-06 19:33:05,GEMS101,0106,Allison Lansverk,10,0,0,2026-09-06 19:40:59
2026-09-06 19:33:05,GEMS101,0107,Allison Lansverk,10,0,0,2026-09-06 19:40:59
2026-09-06 19:33:05,GEMS101,0109,Allison Lansverk,10,0,0,2026-09-06 19:40:59
2026-09-06 19:33:05,GEMS101,0111,Allison Lansverk,10,0,0,2026-09-06 19:40:59
2026-09-06 19:33:05,GEMS101,0113,Allison Lansverk,10,0,0,2026-09-06 19:40:59
2026-09-06 19:33:05,GEMS101,0114,Allison Lansverk,10,1,0,2026-09-06 19:40:59
2026-09-06 19:33:05,GEMS202,0101,Allison Lansverk,168,43,0,2026-09-06 19:41:00
2026-09-06 19:33:05,GEMS208A,0101,Allison Lansverk,14,14,0,2026-09-06 19:41:00
2026-09-06 19:33:05,GEMS208B,0101,Allison Lansverk,14,14,0,2026-09-06 19:41:00
2026-09-06 19:33:05,GEMS208C,0101,Allison Lansverk,23,12,0,2026-09-06 19:41:01
2026-09-06 19:33:05,GEMS208D,0101,Allison Lansverk,10,10,0,2026-09-06 19:41:01
2026-09-06 19:33:05,GEMS208P,0101,Allison Lansverk,20,8,0,2026-09-06 19:41:01
2026-09-06 19:33:05,GEMS296,0101,Sehrish Shikarpurya,14,5,0,2026-09-06 19:41:01
2026-09-06 19:33:05,GEMS296,0102,David Lovell,14,1,0,2026-09-06 19:41:01
2026-09-06 19:33:05,GEMS296,0103,Myles Poulin,14,1,0,2026-09-06 19:41:01
2026-09-06 19:33:05,GEMS296,0104,Raymond Adomaitis,14,3,0,2026-09-06 19:41:01
2026-09-06 19:33:05,GEMS296,0105,Rodolphe Gentili,14,4,0,2026-09-06 19:41:01
2026-09-06 19:33:05,GEMS296,0106,Jared Grauer,14,6,0,2026-09-06 19:41:01
2026-09-06 19:33:05,GEMS296,0107,Fengfeng Ke,14,4,0,2026-09-06 19:41:01
2026-09-06 19:33:05,GEMS296,0108,Eric Silk,14,4,0,2026-09-06 19:41:01
2026-09-06 19:33:05,GEMS296,0109,Huang Chiao Huang,14,1,0,2026-09-06 19:41:01
2026-09-06 19:33:05,GEMS296,0110,Mengqiang Zhu,14,6,0,2026-09-06 19:41:01
2026-09-06 19:33:05,GEMS296,0111,Maria Molina,14,6,0,2026-09-06 19:41:01
2026-09-06 19:33:05,GEMS296,0112,Youssef Kousa,14,2,0,2026-09-06 19:41:01
2026-09-06 19:33:05,GEMS296,0113,Instructor: TBA,5,5,0,2026-09-06 19:41:01
2026-09-06 19:33:05,GEMS296,0114,Instructor: TBA,14,14,0,2026-09-06 19:41:01
2026-09-06 19:33:05,GEMS296,0115,David Lovell,5,5,0,2026-09-06 19:41:01
2026-09-06 19:33:05,GEMS297,0113,Instructor: TBA,5,5,0,2026-09-06 19:41:02
2026-09-06 19:33:05,GEMS396,0101,Michael Humber,14,7,0,2026-09-06 19:41:02
2026-09-06 19:33:05,GEMS396,0102,Joshua Weitz,14,2,0,2026-09-06 19:41:02
2026-09-06 19:33:05,GEMS396,0103,Cecilia Huertas Cerdeira,14,8,0,2026-09-06 19:41:02
2026-09-06 19:33:05,GEMS396,0104,Rodolphe Gentili,14,3,0,2026-09-06 19:41:02
2026-09-06 19:33:05,GEMS396,0105,Allison Reilly,14,5,0,2026-09-06 19:41:02
2026-09-06 19:33:05,GEMS396,0106,Peter Sunderland,14,5,0,2026-09-06 19:41:02
2026-09-06 19:33:05,GEMS396,0107,Brett Lacey,14,8,0,2026-09-06 19:41:02
2026-09-06 19:33:05,GEMS396,0108,Natalia Buzulukova,14,4,0,2026-09-06 19:41:02
2026-09-06 19:33:05,GEMS396,0109,Anil Deane,14,4,0,2026-09-06 19:41:02
2026-09-06 19:33:05,GEMS396,0110,Colenso Speer,14,3,0,2026-09-06 19:41:02
2026-09-06 19:33:05,GEMS396,0111,Instructor: TBA,14,14,0,2026-09-06 19:41:02
2026-09-06 19:33:05,GEMS396,0112,Instructor: TBA,14,14,0,2026-09-06 19:41:02
2026-09-06 19:33:05,GEMS396,0113,David Lovell,5,5,0,2026-09-06 19:41:02
2026-09-06 19:33:05,GEMS396,0114,David Lovell,5,5,0,2026-09-06 19:41:02
2026-09-06 19:33:05,GEMS397,0113,David Lovell,5,4,0,2026-09-06 19:41:02
2026-09-06 19:33:05,GEMS496,0101,Eric Haag,14,7,0,2026-09-06 19:41:03
2026-09-06 19:33:05,GEMS496,0102,Mohammad Nayeem Teli,14,11,0,2026-09-06 19:41:03
2026-09-06 19:33:05,GEMS496,0103,Norberto Gonzalez- Juarbe,14,4,0,2026-09-06 19:41:03
2026-09-06 19:33:05,GEMS496,0104,Abhinav Shrivastava,14,6,0,2026-09-06 19:41:03
2026-09-06 19:33:05,GEMS496,0105,Hector Alcala,14,4,0,2026-09-06 19:41:03
2026-09-06 19:33:05,GEMS496,0106,Massimo Ricotti,14,5,0,2026-09-06 19:41:03
2026-09-06 19:33:05,GEMS496,0107,Reza Ghodssi,14,7,0,2026-09-06 19:41:03
2026-09-06 19:33:05,GEMS496,0108,Nikhil Chopra,14,8,0,2026-09-06 19:41:03
2026-09-06 19:33:05,GEMS496,0109,Kimberly Stroka,14,5,0,2026-09-06 19:41:03
2026-09-06 19:33:05,GEMS496,0110,Gorjan Alagic,14,13,0,2026-09-06 19:41:03
2026-09-06 19:33:05,GEMS496,0111,Alisa Clyne,14,6,0,2026-09-06 19:41:03
2026-09-06 19:33:05,GEMS496,0112,Xin Zan,14,10,0,2026-09-06 19:41:03
2026-09-06 19:33:05,GEMS496,0113,Erin Tran,14,14,0,2026-09-06 19:41:03
2026-09-06 19:33:05,GEMS496,0114,David Lovell,5,5,0,2026-09-06 19:41:03
2026-09-06 19:33:05,GEMS497,0107,Instructor: TBA,14,14,0,2026-09-06 19:41:03
2026-09-06 19:33:05,GEMS497,0110,Instructor: TBA,5,5,0,2026-09-06 19:41:03
2026-09-06 19:33:05,GEMS497,0113,David Lovell,5,5,0,2026-09-06 19:41:03
2026-09-06 19:33:05,GFPL100,0101,Joshua Itzkowitz Shifrinson,20,0,0,2026-09-06 19:42:52
2026-09-06 19:33:05,GFPL100,0102,Joshua Itzkowitz Shifrinson,20,1,0,2026-09-06 19:42:52
2026-09-06 19:33:05,GFPL100,0103,Joshua Itzkowitz Shifrinson,20,0,0,2026-09-06 19:42:52
2026-09-06 19:33:05,GFPL100,0104,Joshua Itzkowitz Shifrinson,20,0,0,2026-09-06 19:42:52
2026-09-06 19:33:05,GFPL100,0105,Joshua Itzkowitz Shifrinson,20,2,0,2026-09-06 19:42:52
2026-09-06 19:33:05,GFPL100,0106,Joshua Itzkowitz Shifrinson,25,1,0,2026-09-06 19:42:52
2026-09-06 19:33:05,GFPL100,FC01,Devin Entrikin,30,0,1,2026-09-06 19:42:52
2026-09-06 19:33:05,GFPL102,0101,Caroline Ritter,95,25,0,2026-09-06 19:42:53
2026-09-06 19:33:05,GFPL371,0101,Joshua Itzkowitz Shifrinson,35,0,1,2026-09-06 19:42:53
2026-09-06 19:33:05,GFPL388A,0101,Shannon Carcelli,5,5,0,2026-09-06 19:42:53
2026-09-06 19:33:05,GFPL388B,0101,Hyunki Kim,5,5,0,2026-09-06 19:42:53
2026-09-06 19:33:05,GFPL388C,0101,Scott Kastner,5,0,0,2026-09-06 19:42:54
2026-09-06 19:33:05,GFPL390,0101,Lena Andrews,20,0,1,2026-09-06 19:42:54
2026-09-06 19:33:05,GFPL490,0101,Michael Woldemariam,15,1,0,2026-09-06 19:42:54
2026-09-06 19:33:05,GFPL492,0101,Steve Fetter,20,1,0,2026-09-06 19:42:54
2026-09-06 19:33:05,GLBC200,0101,Chris Lewis,30,1,0,2026-09-06 19:42:56
2026-09-06 19:33:05,GLBC350,0101,Michele Mason,30,27,0,2026-09-06 19:42:56
2026-09-06 19:33:05,HACS100,0101,Cassie Harrington,40,2,0,2026-09-06 19:43:08
2026-09-06 19:33:05,HACS100,0201,Cassie Harrington,40,14,0,2026-09-06 19:43:08
2026-09-06 19:33:05,HACS200,0101,Michel Cukier,34,10,0,2026-09-06 19:43:09
2026-09-06 19:33:05,HACS200,0201,Michel Cukier,34,1,0,2026-09-06 19:43:09
2026-09-06 19:33:05,HACS202,0101,Bertrand Sobesto,52,19,0,2026-09-06 19:43:09
2026-09-06 19:33:05,HACS208A,0101,Lawrence Gordon,20,0,2,2026-09-06 19:43:10
2026-09-06 19:33:05,HACS208C,0101,Lamia Zia,26,9,0,2026-09-06 19:43:10
2026-09-06 19:33:05,HACS208P,0101,Charles Harry,26,0,0,2026-09-06 19:43:10
2026-09-06 19:33:05,HACS297,0101,Sarah Herberger,25,5,0,2026-09-06 19:43:11
2026-09-06 19:33:05,HACS408E,0101,Luke Mains,30,11,0,2026-09-06 19:43:11
2026-09-06 19:33:05,HACS408L,0101,Ian Serbin,30,3,0,2026-09-06 19:43:11
2026-09-06 19:33:05,HACS408M,0101,John McGahagan,30,1,0,2026-09-06 19:43:11
2026-09-06 19:33:05,HACS498,0101,Thomas Woods,7,1,0,2026-09-06 19:43:12
2026-09-06 19:33:05,HACS498,0201,David Trott,9,0,0,2026-09-06 19:43:12
2026-09-06 19:33:05,HACS498,0301,Michel Cukier,8,0,0,2026-09-06 19:43:12
2026-09-06 19:33:05,HBUS100,0101,Jui Ramaprasad,72,4,0,2026-09-06 19:43:13
2026-09-06 19:33:05,HBUS200,0101,Nicole Coomber,60,1,0,2026-09-06 19:43:14
2026-09-06 19:33:05,HDCC105,0101,Antwon Key,70,7,0,2026-09-06 19:43:15
2026-09-06 19:33:05,HDCC201,0101,Jessica Lu,22,0,0,2026-09-06 19:43:15
2026-09-06 19:33:05,HDCC201,0201,Jessica Lu,22,0,0,2026-09-06 19:43:15
2026-09-06 19:33:05,HDCC201,0301,Jessica Lu,22,3,0,2026-09-06 19:43:15
2026-09-06 19:33:05,HDCC208A,0101,William Evans,14,0,0,2026-09-06 19:43:15
2026-09-06 19:33:05,HDCC208J,0101,Grant Bollmer,14,0,0,2026-09-06 19:43:16
2026-09-06 19:33:05,HDCC208P,0101,Cliff Bakalian,14,0,0,2026-09-06 19:43:16
2026-09-06 19:33:05,HDCC208T,0101,Jonathan Reyes,14,0,0,2026-09-06 19:43:16
2026-09-06 19:33:05,HDCC208Z,0101,M Sauter,14,7,0,2026-09-06 19:43:16
2026-09-06 19:33:05,HDCC379,0101,Antwon Key,5,4,0,2026-09-06 19:43:16
2026-09-06 19:33:05,HEBR106,0101,Avital Karpman,15,2,0,2026-09-06 19:43:18
2026-09-06 19:33:05,HEBR106,0201,Avital Karpman,15,6,0,2026-09-06 19:43:18
2026-09-06 19:33:05,HEBR206,0101,Avital Karpman,15,7,0,2026-09-06 19:43:18
2026-09-06 19:33:05,HEBR249C,0101,Aliza Sandalon,15,0,0,2026-09-06 19:43:18
2026-09-06 19:33:05,HEBR298B,0101,Matthew Suriano,25,0,0,2026-09-06 19:43:19
2026-09-06 19:33:05,HEBR313,0101,Aliza Sandalon,20,0,3,2026-09-06 19:43:19
2026-09-06 19:33:05,HGLO100,0101,Alfredo Oliveira,22,7,0,2026-09-06 19:43:48
2026-09-06 19:33:05,HGLO100,0102,Natalie Vinski Ibrahim,22,8,0,2026-09-06 19:43:48
2026-09-06 19:33:05,HGLO100,0103,Natalie Vinski Ibrahim,22,1,0,2026-09-06 19:43:48
2026-09-06 19:33:05,HGLO100,0104,Alfredo Oliveira,22,11,0,2026-09-06 19:43:48
2026-09-06 19:33:05,HGLO101,0101,Sarah Croco,23,2,0,2026-09-06 19:43:49
2026-09-06 19:33:05,HGLO101,0102,Sarah Croco,22,9,0,2026-09-06 19:43:49
2026-09-06 19:33:05,HGLO101,0103,Sarah Croco,22,5,0,2026-09-06 19:43:49
2026-09-06 19:33:05,HGLO101,0104,Sarah Croco,22,13,0,2026-09-06 19:43:49
2026-09-06 19:33:05,HGLO207,0101,Natalie Vinski Ibrahim,25,12,0,2026-09-06 19:43:49
2026-09-06 19:33:05,HGLO208,0101,Alfredo Oliveira,45,25,0,2026-09-06 19:43:49
2026-09-06 19:33:05,HGLO298,0101,Jordan Gouws-Dewar,30,25,0,2026-09-06 19:43:49
2026-09-06 19:33:05,HLSC100,0101,Jalah Townsend,24,3,0,2026-09-06 19:44:21
2026-09-06 19:33:05,HLSC100,0102,Jalah Townsend,24,2,0,2026-09-06 19:44:21
2026-09-06 19:33:05,HLSC100,0103,Jalah Townsend,24,4,0,2026-09-06 19:44:21
2026-09-06 19:33:05,HLSC100,0104,Jalah Townsend,24,7,0,2026-09-06 19:44:21
2026-09-06 19:33:05,HLSC280,0101,Najib El-Sayed,25,3,0,2026-09-06 19:44:21
2026-09-06 19:33:05,HLSC280,0102,Najib El-Sayed,25,4,0,2026-09-06 19:44:21
2026-09-06 19:33:05,HLSC280,0103,Najib El-Sayed,25,4,0,2026-09-06 19:44:21
2026-09-06 19:33:05,HLSC280,0104,Najib El-Sayed,25,9,0,2026-09-06 19:44:21
2026-09-06 19:33:05,HLSC329,0101,Sabrina Kramer,12,4,0,2026-09-06 19:44:22
2026-09-06 19:33:05,HNUH100,0101,Robert Graham,20,3,0,2026-09-06 19:44:40
2026-09-06 19:33:05,HNUH100,0102,Robert Graham,20,0,0,2026-09-06 19:44:40
2026-09-06 19:33:05,HNUH100,0103,Brittany Proudfoot Ginder,20,1,0,2026-09-06 19:44:40
2026-09-06 19:33:05,HNUH100,0104,Max Barnewitz,20,1,0,2026-09-06 19:44:40
2026-09-06 19:33:05,HNUH100,0105,Vasfiye Toprak,20,0,0,2026-09-06 19:44:40
2026-09-06 19:33:05,HNUH100,0106,Vasfiye Toprak,20,1,0,2026-09-06 19:44:40
2026-09-06 19:33:05,HNUH100,0201,Max Barnewitz,20,1,0,2026-09-06 19:44:40
2026-09-06 19:33:05,HNUH100,0202,Max Barnewitz,20,0,0,2026-09-06 19:44:40
2026-09-06 19:33:05,HNUH100,0203,Vasfiye Toprak,20,1,0,2026-09-06 19:44:40
2026-09-06 19:33:05,HNUH100,0204,Vasfiye Toprak,20,0,0,2026-09-06 19:44:40
2026-09-06 19:33:05,HNUH100,0205,Ayondela McDole,20,2,0,2026-09-06 19:44:40
2026-09-06 19:33:05,HNUH100,0206,Ayondela McDole,20,0,0,2026-09-06 19:44:40
2026-09-06 19:33:05,HNUH100,0301,Robert Graham,20,1,0,2026-09-06 19:44:40
2026-09-06 19:33:05,HNUH100,0302,Shauna Rigaud,20,8,0,2026-09-06 19:44:40
2026-09-06 19:33:05,HNUH100,0303,Shauna Rigaud,20,1,0,2026-09-06 19:44:40
2026-09-06 19:33:05,HNUH100,0304,Max Barnewitz,20,3,0,2026-09-06 19:44:40
2026-09-06 19:33:05,HNUH100,0305,Vasfiye Toprak,20,0,0,2026-09-06 19:44:40
2026-09-06 19:33:05,HNUH100,0306,Vasfiye Toprak,20,2,0,2026-09-06 19:44:40
2026-09-06 19:33:05,HNUH100,0401,Gretchen Bella,20,0,0,2026-09-06 19:44:40
2026-09-06 19:33:05,HNUH100,0402,Gretchen Bella,20,6,0,2026-09-06 19:44:40
2026-09-06 19:33:05,HNUH100,0403,Max Barnewitz,20,1,0,2026-09-06 19:44:40
2026-09-06 19:33:05,HNUH100,0404,Ayondela McDole,20,6,0,2026-09-06 19:44:40
2026-09-06 19:33:05,HNUH100,0405,Ayondela McDole,20,0,0,2026-09-06 19:44:40
2026-09-06 19:33:05,HNUH100,0406,Ayondela McDole,20,4,0,2026-09-06 19:44:40
2026-09-06 19:33:05,HNUH100,0501,Leigha McReynolds,10,3,0,2026-09-06 19:44:40
2026-09-06 19:33:05,HNUH100,0601,Brittany Proudfoot Ginder,20,0,0,2026-09-06 19:44:40
2026-09-06 19:33:05,HNUH218D,0101,Brian Gilmore,48,0,2,2026-09-06 19:44:40
2026-09-06 19:33:05,HNUH218L,0101,Shauna Rigaud,20,0,0,2026-09-06 19:44:40
2026-09-06 19:33:05,HNUH218L,0201,Shauna Rigaud,20,0,1,2026-09-06 19:44:40
2026-09-06 19:33:05,HNUH228D,0101,Matthew McLaughlin,60,0,0,2026-09-06 19:44:41
2026-09-06 19:33:05,HNUH228L,0101,Alena Wigodner,20,0,0,2026-09-06 19:44:41
2026-09-06 19:33:05,HNUH228L,0201,Alena Wigodner,20,0,0,2026-09-06 19:44:41
2026-09-06 19:33:05,HNUH228N,0101,Peter Grybauskas,20,0,0,2026-09-06 19:44:41
2026-09-06 19:33:05,HNUH229I,0101,Gretchen Bella,20,0,0,2026-09-06 19:44:41
2026-09-06 19:33:05,HNUH238D,0101,Susan Moeller,60,0,0,2026-09-06 19:44:41
2026-09-06 19:33:05,HNUH238L,0101,Kimberly Johnson,20,2,0,2026-09-06 19:44:42
2026-09-06 19:33:05,HNUH238L,0201,Kimberly Johnson,20,0,0,2026-09-06 19:44:42
2026-09-06 19:33:05,HNUH238N,0101,Hannah Wegmann,20,6,0,2026-09-06 19:44:42
2026-09-06 19:33:05,HNUH239T,0101,Gerald Suarez,20,0,0,2026-09-06 19:44:42
2026-09-06 19:33:05,HNUH248D,0101,Juan Uriagereka,45,0,0,2026-09-06 19:44:42
2026-09-06 19:33:05,HNUH248L,0201,Robert Graham,20,6,0,2026-09-06 19:44:43
2026-09-06 19:33:05,HNUH248M,0101,Hassanatu Blake,20,13,0,2026-09-06 19:44:43
2026-09-06 19:33:05,HNUH248N,0101,Siv Lie,20,0,2,2026-09-06 19:44:43
2026-09-06 19:33:05,HNUH249P,0101,Temim Nusraty,20,2,0,2026-09-06 19:44:43
2026-09-06 19:33:05,HNUH258C,0101,Bill Fagan,55,27,0,2026-09-06 19:44:44
2026-09-06 19:33:05,HNUH258Q,0101,Tiara Thomas,20,1,0,2026-09-06 19:44:44
2026-09-06 19:33:05,HNUH259P,0101,Hooman Koliji,20,2,0,2026-09-06 19:44:44
2026-09-06 19:33:05,HNUH268C,0101,Perla Guerrero,60,35,0,2026-09-06 19:44:44
2026-09-06 19:33:05,HNUH269P,0101,Marisa Franco,20,0,2,2026-09-06 19:44:44
2026-09-06 19:33:05,HNUH278C,0101,Chinyere Osuji,60,38,0,2026-09-06 19:44:45
2026-09-06 19:33:05,HNUH278I,0101,Marisa Franco,20,4,0,2026-09-06 19:44:45
2026-09-06 19:33:05,HNUH278I,0102,Marisa Franco,20,1,0,2026-09-06 19:44:45
2026-09-06 19:33:05,HNUH278R,0101,Max Barnewitz,20,3,0,2026-09-06 19:44:45
2026-09-06 19:33:05,HNUH288C,0101,Julia Steinberg,30,3,0,2026-09-06 19:44:45
2026-09-06 19:33:05,HNUH288C,0103,Julia Steinberg,30,9,0,2026-09-06 19:44:45
2026-09-06 19:33:05,HNUH288O,0101,Ariana Nash,20,1,0,2026-09-06 19:44:46
2026-09-06 19:33:05,HNUH300,0301,Vasfiye Toprak,20,0,0,2026-09-06 19:44:46
2026-09-06 19:33:05,HNUH300,0401,Robert Graham,20,0,0,2026-09-06 19:44:46
2026-09-06 19:33:05,HNUH300,0601,Alena Wigodner,20,0,0,2026-09-06 19:44:46
2026-09-06 19:33:05,HNUH300,0701,Ingrid Satelmajer,20,13,0,2026-09-06 19:44:46
2026-09-06 19:33:05,HNUH300,0801,Shauna Rigaud,20,0,0,2026-09-06 19:44:46
2026-09-06 19:33:05,HNUH300,0901,Kimberly Johnson,20,5,0,2026-09-06 19:44:46
2026-09-06 19:33:05,HNUH300,1001,Ingrid Satelmajer,20,14,0,2026-09-06 19:44:46
2026-09-06 19:33:05,HNUH318T,0101,Peter Owen,24,0,0,2026-09-06 19:44:46
2026-09-06 19:33:05,HNUH319T,0101,Emily Shetty,22,0,0,2026-09-06 19:44:46
2026-09-06 19:33:05,HNUH328T,0101,Woodie Kessel,24,2,0,2026-09-06 19:44:46
2026-09-06 19:33:05,HNUH329T,0101,Rob Long,20,1,0,2026-09-06 19:44:47
2026-09-06 19:33:05,HNUH338T,0101,Andrew Fausett,22,1,0,2026-09-06 19:44:47
2026-09-06 19:33:05,HNUH348T,0101,Ed Fendley,22,1,0,2026-09-06 19:44:47
2026-09-06 19:33:05,HNUH358T,0101,Sean Misko,22,1,0,2026-09-06 19:44:47
2026-09-06 19:33:05,HNUH359T,0101,Amanda Schoch,20,0,0,2026-09-06 19:44:48
2026-09-06 19:33:05,HNUH368T,0101,Nadia Farra,21,0,0,2026-09-06 19:44:48
2026-09-06 19:33:05,HNUH369T,0101,Andrew Nissen,20,2,0,2026-09-06 19:44:48
2026-09-06 19:33:05,HNUH378T,0101,Joshua Glasser,20,0,0,2026-09-06 19:44:48
2026-09-06 19:33:05,HNUH398P,0101,Jayakumar Arasan,25,22,0,2026-09-06 19:44:48
2026-09-06 19:33:05,HNUH398P,0201,Jayakumar Arasan,5,1,0,2026-09-06 19:44:48
2026-09-06 19:33:05,HNUH398T,0101,Sasha Koo-Oshima,20,3,0,2026-09-06 19:44:49
2026-09-06 19:33:05,HONR368A,0101,Blake Wilder,22,1,0,2026-09-06 19:44:50
2026-09-06 19:33:05,IMDM101,0101,Mollye Bendell,30,15,0,2026-09-06 19:44:54
2026-09-06 19:33:05,IMDM101,0201,Myungin Lee,30,17,0,2026-09-06 19:44:54
2026-09-06 19:33:05,IMDM101,0301,Myungin Lee,30,23,0,2026-09-06 19:44:54
2026-09-06 19:33:05,IMDM127,0101,Roger Eastman,36,19,0,2026-09-06 19:44:54
2026-09-06 19:33:05,IMDM150,0101,Stefano Passeri,30,16,0,2026-09-06 19:44:54
2026-09-06 19:33:05,IMDM227,0101,Stevens Miller,30,1,0,2026-09-06 19:44:55
2026-09-06 19:33:05,IMDM227,0201,Stevens Miller,30,19,0,2026-09-06 19:44:55
2026-09-06 19:33:05,IMDM327,0101,Myungin Lee,25,0,0,2026-09-06 19:44:55
2026-09-06 19:33:05,IMDM350,0101,Jason Farman,29,12,0,2026-09-06 19:44:55
2026-09-06 19:33:05,IMDM490,0101,Matthew Nolan,30,0,0,2026-09-06 19:44:55
2026-09-06 19:33:05,IMDM490,0201,Matthew Nolan,30,16,0,2026-09-06 19:44:55
2026-09-06 19:33:05,IMDM498K,0101,Matthew Nolan,15,0,0,2026-09-06 19:44:56
2026-09-06 19:33:05,IMMR319D,0101,Beka Guluma,20,12,0,2026-09-06 19:44:57
2026-09-06 19:33:05,IMMR394,0101,Wenxi Yang,30,2,0,2026-09-06 19:44:57
2026-09-06 19:33:05,IMMR399,0101,Instructor: TBA,2,2,0,2026-09-06 19:44:58
2026-09-06 19:33:05,IMMR400,0101,Gerson Rosales,20,2,0,2026-09-06 19:44:58
2026-09-06 19:33:05,ISRL249J,0101,Aner Tal,30,24,0,2026-09-06 19:45:10
2026-09-06 19:33:05,ISRL249M,0101,Aliza Sandalon,15,0,0,2026-09-06 19:45:11
2026-09-06 19:33:05,ISRL283,0101,Shay Hazkani,35,2,0,2026-09-06 19:45:11
2026-09-06 19:33:05,ISRL349G,0101,Marwa Maziad,30,2,0,2026-09-06 19:45:11
2026-09-06 19:33:05,ISRL349K,0101,Regev Ben-David,30,23,0,2026-09-06 19:45:11
2026-09-06 19:33:05,ISRL349T,0101,Elli Lieberman,35,20,0,2026-09-06 19:45:12
2026-09-06 19:33:05,ISRL349Y,0101,Adina Friedman,35,26,0,2026-09-06 19:45:12
2026-09-06 19:33:05,ISRL382,0101,Ilai Saltzman,35,0,0,2026-09-06 19:45:12
2026-09-06 19:33:05,ISRL448R,0101,Morad Elsana,25,9,0,2026-09-06 19:45:13
2026-09-06 19:33:05,ITAL103,0101,Antonella D'Amario,18,14,0,2026-09-06 19:45:14
2026-09-06 19:33:05,ITAL103,0201,Antonella D'Amario,18,5,0,2026-09-06 19:45:14
2026-09-06 19:33:05,ITAL103,0301,Joseph Falvo,18,7,0,2026-09-06 19:45:14
2026-09-06 19:33:05,ITAL203,0101,Antonella D'Amario,18,9,0,2026-09-06 19:45:14
2026-09-06 19:33:05,ITAL203,0201,Antonella D'Amario,18,13,0,2026-09-06 19:45:14
2026-09-06 19:33:05,ITAL204,0101,Federica Soddu,18,14,0,2026-09-06 19:45:15
2026-09-06 19:33:05,ITAL207,0101,Mirella Vaglio,18,17,0,2026-09-06 19:45:15
2026-09-06 19:33:05,ITAL301,0101,Federica Soddu,20,12,0,2026-09-06 19:45:15
2026-09-06 19:33:05,ITAL362,0101,Federica Soddu,20,11,0,2026-09-06 19:45:15
2026-09-06 19:33:05,ITAL401,0101,Mirella Vaglio,15,12,0,2026-09-06 19:45:19
2026-09-06 19:33:05,ITAL421,0101,Joseph Falvo,25,14,0,2026-09-06 19:45:19
2026-09-06 19:33:05,ITAL478R,0101,Joseph Falvo,5,3,0,2026-09-06 19:45:19
2026-09-06 19:33:05,JAPN101,0101,Kumiko Akikawa,15,3,0,2026-09-06 19:45:21
2026-09-06 19:33:05,JAPN101,0201,Kumiko Akikawa,15,6,0,2026-09-06 19:45:21
2026-09-06 19:33:05,JAPN101,0301,Kumiko Akikawa,15,5,0,2026-09-06 19:45:21
2026-09-06 19:33:05,JAPN201,0101,Makiko Inoue,15,5,0,2026-09-06 19:45:21
2026-09-06 19:33:05,JAPN201,0201,Makiko Inoue,15,8,0,2026-09-06 19:45:21
2026-09-06 19:33:05,JAPN301,0101,Mari Hamada,15,9,0,2026-09-06 19:45:21
2026-09-06 19:33:05,JAPN311,0101,Jyana Browne,15,11,0,2026-09-06 19:45:22
2026-09-06 19:33:05,JAPN315,0101,Michele Mason,20,4,0,2026-09-06 19:45:22
2026-09-06 19:33:05,JAPN320,0101,Lindsay Yotsukura,15,9,0,2026-09-06 19:45:22
2026-09-06 19:33:05,JAPN498B,0101,Jyana Browne,20,2,0,2026-09-06 19:45:22
2026-09-06 19:33:05,KORA101,0101,Saerom Kwak,15,0,1,2026-09-06 19:45:58
2026-09-06 19:33:05,KORA101,0201,Saerom Kwak,15,3,0,2026-09-06 19:45:58
2026-09-06 19:33:05,KORA101,0301,Saerom Kwak,15,6,0,2026-09-06 19:45:58
2026-09-06 19:33:05,KORA101,0401,Saerom Kwak,15,5,0,2026-09-06 19:45:58
2026-09-06 19:33:05,KORA201,0101,Seong Minne Koh,15,4,0,2026-09-06 19:45:58
2026-09-06 19:33:05,KORA201,0201,Seong Minne Koh,15,5,0,2026-09-06 19:45:58
2026-09-06 19:33:05,KORA201,0301,Seong Minne Koh,15,8,0,2026-09-06 19:45:58
2026-09-06 19:33:05,KORA398G,0101,Instructor: TBA,10,7,0,2026-09-06 19:45:58
2026-09-06 19:33:05,KORA398W,0101,Seong Minne Koh,10,4,0,2026-09-06 19:45:59
2026-09-06 19:33:05,LEAD217,0101,Festus Ainoo,25,0,0,2026-09-06 19:46:12
2026-09-06 19:33:05,LEAD217,0201,Adrian Bitton,25,0,0,2026-09-06 19:46:12
2026-09-06 19:33:05,LEAD217,FC01,Festus Ainoo,22,0,0,2026-09-06 19:46:12
2026-09-06 19:33:05,LEAD305,0101,Anastasia Lavrenyuk,20,4,0,2026-09-06 19:46:13
2026-09-06 19:33:05,LEAD315,0101,Anastasia Lavrenyuk,25,11,0,2026-09-06 19:46:13
2026-09-06 19:33:05,LEAD320,0101,Courtney Holder,10,9,0,2026-09-06 19:46:13
2026-09-06 19:33:05,LGBT200,0201,Basanth Babu,25,0,5,2026-09-06 19:46:14
2026-09-06 19:33:05,LGBT265,0101,Tyra Griffin,30,4,0,2026-09-06 19:46:15
2026-09-06 19:33:05,LGBT265,0201,Declan Langton,30,2,0,2026-09-06 19:46:15
2026-09-06 19:33:05,LGBT359J,0101,Chris Eng,25,14,0,2026-09-06 19:46:15
2026-09-06 19:33:05,MLAW100,0101,Christine White,83,14,0,2026-09-06 19:46:43
2026-09-06 19:33:05,MLAW304,0201,Christine White,65,16,0,2026-09-06 19:46:43
2026-09-06 19:33:05,MLAW305,0101,Brian Gilmore,40,2,0,2026-09-06 19:46:44
2026-09-06 19:33:05,MLAW315,0101,Grace Benton,13,3,0,2026-09-06 19:46:44
2026-09-06 19:33:05,MLAW358Q,0101,David Cunningham,0,0,0,2026-09-06 19:46:44
2026-09-06 19:33:05,MLAW358T,0101,Christine White,25,5,0,2026-09-06 19:46:44
2026-09-06 19:33:05,MLAW358X,0101,Martin Kobren,5,0,0,2026-09-06 19:46:44
2026-09-06 19:33:05,MLAW359,0101,Brandee Pettus,10,4,0,2026-09-06 19:46:45
2026-09-06 19:33:05,MLAW378E,0101,Brandee Pettus,5,5,0,2026-09-06 19:46:45
2026-09-06 19:33:05,MLAW378K,0101,Brian Gilmore,20,0,0,2026-09-06 19:46:45
2026-09-06 19:33:05,MLAW378Q,0101,Paul Huth,2,0,1,2026-09-06 19:46:45
2026-09-06 19:33:05,MLAW378R,0101,Nancy Schertzing,13,2,0,2026-09-06 19:46:46
2026-09-06 19:33:05,MLAW388,0101,Brandee Pettus,40,21,0,2026-09-06 19:46:46
2026-09-06 19:33:05,MLSC250,FC01,William Simpson,24,5,0,2026-09-06 19:46:47
2026-09-06 19:33:05,NEUR200,0101,Ana Navarro Cebrian,80,8,0,2026-09-06 19:47:05
2026-09-06 19:33:05,NEUR200,0201,Ana Navarro Cebrian,80,0,2,2026-09-06 19:47:05
2026-09-06 19:33:05,NEUR200,0301,Evan Hart,80,0,0,2026-09-06 19:47:05
2026-09-06 19:33:05,NEUR305,0101,Amanda Chicoli,100,12,0,2026-09-06 19:47:05
2026-09-06 19:33:05,NEUR306,0101,Chan Lin,200,7,0,2026-09-06 19:47:05
2026-09-06 19:33:05,NEUR398H,0101,Nikolas Francis,20,2,0,2026-09-06 19:47:06
2026-09-06 19:33:05,NEUR405,0101,Hilary Bierman,20,0,0,2026-09-06 19:47:06
2026-09-06 19:33:05,NEUR405,0102,Hilary Bierman,20,1,0,2026-09-06 19:47:06
2026-09-06 19:33:05,NEUR405,0103,Hilary Bierman,20,0,0,2026-09-06 19:47:06
2026-09-06 19:33:05,PEER312,0101,Aleia Gardner,15,8,0,2026-09-06 19:47:18
2026-09-06 19:33:05,PEER318,0101,Christina Jay,15,11,0,2026-09-06 19:47:18
2026-09-06 19:33:05,PEER319,0101,Grace Boudreau,15,7,0,2026-09-06 19:47:18
2026-09-06 19:33:05,PHPE308D,0101,Xinzhi Zhao,30,7,0,2026-09-06 19:47:30
2026-09-06 19:33:05,PHPE308F,0101,Regev Ben-David,30,23,0,2026-09-06 19:47:30
2026-09-06 19:33:05,PHPE308M,0101,Hallie Liberto,30,17,0,2026-09-06 19:47:31
2026-09-06 19:33:05,PHPE308O,0101,Jackson Iszler,30,0,1,2026-09-06 19:47:31
2026-09-06 19:33:05,PHPE308Y,0101,Rachel Singpurwalla,20,1,0,2026-09-06 19:47:31
2026-09-06 19:33:05,PHPE308Y,0102,Rachel Singpurwalla,20,0,2,2026-09-06 19:47:31
2026-09-06 19:33:05,PHPE308Y,0103,Rachel Singpurwalla,20,0,1,2026-09-06 19:47:31
2026-09-06 19:33:05,PHPE400,0101,Justin Helms,18,1,0,2026-09-06 19:47:32
2026-09-06 19:33:05,PHPE400,0102,Justin Helms,18,1,0,2026-09-06 19:47:32
2026-09-06 19:33:05,PHPE400,0103,Justin Helms,20,1,0,2026-09-06 19:47:32
2026-09-06 19:33:05,PHPE401,0101,Xinzhi Zhao,25,0,8,2026-09-06 19:47:32
2026-09-06 19:33:05,PHPE402,0101,Dan Moller,30,0,0,2026-09-06 19:47:32
2026-09-06 19:33:05,PHPE408J,0101,Lixing Miao,25,0,0,2026-09-06 19:47:32
2026-09-06 19:33:05,PHPE408R,0101,Xinzhi Zhao,25,9,0,2026-09-06 19:47:32
2026-09-06 19:33:05,PHSC388J,0101,Kendall Bustad,20,6,0,2026-09-06 19:47:34
2026-09-06 19:33:05,PHSC389,0101,Shannon Edward,30,14,0,2026-09-06 19:47:34
2026-09-06 19:33:05,PHSC399,0101,Shannon Edward,30,9,0,2026-09-06 19:47:34
2026-09-06 19:33:05,PHSC415,0101,Jessica O'Hara,31,0,1,2026-09-06 19:47:34
2026-09-06 19:33:05,PHSC415,0102,Jessica O'Hara,31,0,1,2026-09-06 19:47:34
2026-09-06 19:33:05,PHSC415,0103,Jessica O'Hara,31,0,1,2026-09-06 19:47:34
2026-09-06 19:33:05,PHSC415,0104,Jessica O'Hara,31,0,1,2026-09-06 19:47:34
2026-09-06 19:33:05,PHSC415,0105,Jessica O'Hara,31,0,1,2026-09-06 19:47:34
2026-09-06 19:33:05,PHSC420,0101,Jennifer German,35,3,0,2026-09-06 19:47:35
2026-09-06 19:33:05,PHSC450,0101,Kendall Bustad,20,0,3,2026-09-06 19:47:35
2026-09-06 19:33:05,PHSC450,0102,Kendall Bustad,20,0,2,2026-09-06 19:47:35
2026-09-06 19:33:05,PHSC450,0103,Kendall Bustad,20,0,1,2026-09-06 19:47:35
2026-09-06 19:33:05,PHSC450,0104,Kendall Bustad,20,0,2,2026-09-06 19:47:35
2026-09-06 19:33:05,PHSC450,0105,Kendall Bustad,20,0,1,2026-09-06 19:47:35
2026-09-06 19:33:05,PHSC450,0106,Kendall Bustad,20,0,0,2026-09-06 19:47:35
2026-09-06 19:33:05,PHSC450,0107,Kendall Bustad,20,0,2,2026-09-06 19:47:35
2026-09-06 19:33:05,PHSC450,0108,Kendall Bustad,20,0,3,2026-09-06 19:47:35
2026-09-06 19:33:05,PHSC497,0101,Kendall Bustad,20,2,0,2026-09-06 19:47:35
2026-09-06 19:33:05,PHSC497,0301,Shannon Edward,20,3,0,2026-09-06 19:47:35
2026-09-06 19:33:05,PHSC497,0601,Jennifer German,20,2,0,2026-09-06 19:47:35
2026-09-06 19:33:05,PLCY100,0101,Toby Egan,25,0,1,2026-09-06 19:47:52
2026-09-06 19:33:05,PLCY100,0102,Toby Egan,25,0,0,2026-09-06 19:47:52
2026-09-06 19:33:05,PLCY100,0103,Toby Egan,25,0,0,2026-09-06 19:47:52
2026-09-06 19:33:05,PLCY100,0104,Toby Egan,25,0,0,2026-09-06 19:47:52
2026-09-06 19:33:05,PLCY100,0201,Namrta Sharma,25,12,0,2026-09-06 19:47:52
2026-09-06 19:33:05,PLCY100,0202,Namrta Sharma,25,15,0,2026-09-06 19:47:52
2026-09-06 19:33:05,PLCY100,0203,Namrta Sharma,25,0,0,2026-09-06 19:47:52
2026-09-06 19:33:05,PLCY100,0204,Namrta Sharma,25,10,0,2026-09-06 19:47:52
2026-09-06 19:33:05,PLCY101,0101,Robert Sprinkle,75,0,1,2026-09-06 19:47:52
2026-09-06 19:33:05,PLCY170,0101,Joshua Itzkowitz Shifrinson,20,0,0,2026-09-06 19:47:52
2026-09-06 19:33:05,PLCY170,0102,Joshua Itzkowitz Shifrinson,20,1,0,2026-09-06 19:47:52
2026-09-06 19:33:05,PLCY170,0103,Joshua Itzkowitz Shifrinson,20,0,0,2026-09-06 19:47:52
2026-09-06 19:33:05,PLCY170,0104,Joshua Itzkowitz Shifrinson,20,0,0,2026-09-06 19:47:52
2026-09-06 19:33:05,PLCY170,0105,Joshua Itzkowitz Shifrinson,20,2,0,2026-09-06 19:47:52
2026-09-06 19:33:05,PLCY170,0106,Joshua Itzkowitz Shifrinson,25,1,0,2026-09-06 19:47:52
2026-09-06 19:33:05,PLCY172,0101,Caroline Ritter,95,25,0,2026-09-06 19:47:52
2026-09-06 19:33:05,PLCY200,0101,Shanna Pearson-Merkowitz,35,0,2,2026-09-06 19:47:52
2026-09-06 19:33:05,PLCY200,0201,Shanna Pearson-Merkowitz,35,0,2,2026-09-06 19:47:52
2026-09-06 19:33:05,PLCY200,0301,Namrta Sharma,35,0,3,2026-09-06 19:47:52
2026-09-06 19:33:05,PLCY201,0101,Julio Guzman,70,0,0,2026-09-06 19:47:53
2026-09-06 19:33:05,PLCY201,0201,Gregory Ramsay,60,0,0,2026-09-06 19:47:53
2026-09-06 19:33:05,PLCY201,FC01,Anne Kaiser,32,1,0,2026-09-06 19:47:53
2026-09-06 19:33:05,PLCY201,FC02,Anne Kaiser,32,6,0,2026-09-06 19:47:53
2026-09-06 19:33:05,PLCY201S,0101,Susannah Washburn,80,4,0,2026-09-06 19:47:53
2026-09-06 19:33:05,PLCY203,0101,Thomas Hilde,60,7,0,2026-09-06 19:47:53
2026-09-06 19:33:05,PLCY203,0201,Anne Kaiser,60,38,0,2026-09-06 19:47:53
2026-09-06 19:33:05,PLCY213,0201,Claire Dunning,40,5,0,2026-09-06 19:47:53
2026-09-06 19:33:05,PLCY214,0101,Patricia Bory,65,20,0,2026-09-06 19:47:54
2026-09-06 19:33:05,PLCY240,0101,Timothy Reedy,30,0,0,2026-09-06 19:47:54
2026-09-06 19:33:05,PLCY288K,0101,CHRISTIAN OSTERMANN,25,2,0,2026-09-06 19:47:54
2026-09-06 19:33:05,PLCY300,0101,Alana Hackshaw,45,0,6,2026-09-06 19:47:54
2026-09-06 19:33:05,PLCY300,0201,Namrta Sharma,45,30,0,2026-09-06 19:47:54
2026-09-06 19:33:05,PLCY301,0101,Caroline Boules,165,7,0,2026-09-06 19:47:54
2026-09-06 19:33:05,PLCY302,0101,Niambi Carter,40,1,0,2026-09-06 19:47:55
2026-09-06 19:33:05,PLCY302,0201,Ebonie Johnson Cooper,40,2,0,2026-09-06 19:47:55
2026-09-06 19:33:05,PLCY302,0301,Lindsay Dieudonne,40,0,1,2026-09-06 19:47:55
2026-09-06 19:33:05,PLCY303,0101,Juan Martinez Guzman,40,4,0,2026-09-06 19:47:55
2026-09-06 19:33:05,PLCY304,0101,Michael Busse,40,11,0,2026-09-06 19:47:55
2026-09-06 19:33:05,PLCY304,0201,Michael Busse,40,12,0,2026-09-06 19:47:55
2026-09-06 19:33:05,PLCY309,0101,Martin Sanders,30,25,0,2026-09-06 19:47:55
2026-09-06 19:33:05,PLCY310,0101,Selvon Waldron,35,15,0,2026-09-06 19:47:56
2026-09-06 19:33:05,PLCY313,0101,Gerard Evans,100,2,0,2026-09-06 19:47:56
2026-09-06 19:33:05,PLCY371,0101,Joshua Itzkowitz Shifrinson,35,0,1,2026-09-06 19:47:56
2026-09-06 19:33:05,PLCY380,0101,Isabel O'Malley,40,3,0,2026-09-06 19:47:56
2026-09-06 19:33:05,PLCY380,ESG1,Kisha McNeill,30,1,0,2026-09-06 19:47:56
2026-09-06 19:33:05,PLCY388A,0101,Brandi Onowu,40,8,0,2026-09-06 19:47:56
2026-09-06 19:33:05,PLCY388N,0101,Nina Harris,25,2,0,2026-09-06 19:47:57
2026-09-06 19:33:05,PLCY390,0101,Lena Andrews,20,0,1,2026-09-06 19:47:57
2026-09-06 19:33:05,PLCY399B,0101,Beatrice DeBelen,30,19,0,2026-09-06 19:47:57
2026-09-06 19:33:05,PLCY400,0101,Patricia Bory,25,2,0,2026-09-06 19:47:58
2026-09-06 19:33:05,PLCY401,0101,Anand Patwardhan,20,5,0,2026-09-06 19:47:58
2026-09-06 19:33:05,PLCY401,0201,Tracy Thompson,20,0,0,2026-09-06 19:47:58
2026-09-06 19:33:05,PLCY401,0301,David Mussington,20,9,0,2026-09-06 19:47:58
2026-09-06 19:33:05,PLCY490,0101,Michael Woldemariam,15,1,0,2026-09-06 19:47:58
2026-09-06 19:33:05,PLCY492,0101,Steve Fetter,20,1,0,2026-09-06 19:47:59
2026-09-06 19:33:05,PLCY610,0201,Alec Worsnop,40,8,0,2026-09-06 19:47:59
2026-09-06 19:33:05,PLCY630,0101,Catherine Worsnop,25,2,0,2026-09-06 19:47:59
2026-09-06 19:33:05,PLCY630,0201,Catherine Worsnop,25,3,0,2026-09-06 19:47:59
2026-09-06 19:33:05,PLCY631,0101,Cullen Merritt,25,0,1,2026-09-06 19:47:59
2026-09-06 19:33:05,PLCY640,0201,Thomas Spreen,30,5,0,2026-09-06 19:47:59
2026-09-06 19:33:05,PLCY641,0101,Tyler Kustra,30,1,0,2026-09-06 19:48:00
2026-09-06 19:33:05,PLCY641,0201,Tyler Kustra,30,10,0,2026-09-06 19:48:00
2026-09-06 19:33:05,PLCY670,0101,Philip Joyce,30,0,0,2026-09-06 19:48:00
2026-09-06 19:33:05,PLCY680,0101,Claire Dunning,25,0,0,2026-09-06 19:48:00
2026-09-06 19:33:05,PLCY680,0201,Michael Woldemariam,25,5,0,2026-09-06 19:48:00
2026-09-06 19:33:05,PLCY688C,0101,Charles Harry,20,10,0,2026-09-06 19:48:00
2026-09-06 19:33:05,PLCY688F,PWL1,Nekeya O'Connor,20,1,0,2026-09-06 19:48:01
2026-09-06 19:33:05,PLCY688P,0101,Steve Fetter,10,1,0,2026-09-06 19:48:01
2026-09-06 19:33:05,PLCY688Z,0101,Brandi Onowu,20,6,0,2026-09-06 19:48:01
2026-09-06 19:33:05,PLCY689E,0101,Susan Parker,20,0,0,2026-09-06 19:48:02
2026-09-06 19:33:05,PLCY690,0110,David Mussington,15,3,0,2026-09-06 19:48:02
2026-09-06 19:33:05,PLCY690,0120,Margaret Brindle,15,2,0,2026-09-06 19:48:02
2026-09-06 19:33:05,PLCY690,0130,Douglas Call,15,0,0,2026-09-06 19:48:02
2026-09-06 19:33:05,PLCY690,0150,Paul Brown,15,1,0,2026-09-06 19:48:02
2026-09-06 19:33:05,PLCY690,0170,James Stillwell,15,0,0,2026-09-06 19:48:02
2026-09-06 19:33:05,PLCY698T,0101,Elizabeth Duke,20,7,0,2026-09-06 19:48:03
2026-09-06 19:33:05,PLCY699L,0101,Michael Woldemariam,10,1,0,2026-09-06 19:48:03
2026-09-06 19:33:05,PLCY720,0101,Nancy Gallagher,20,3,0,2026-09-06 19:48:03
2026-09-06 19:33:05,PLCY734,0101,Niambi Carter,20,1,0,2026-09-06 19:48:03
2026-09-06 19:33:05,PLCY735,0101,Robert Sprinkle,20,7,0,2026-09-06 19:48:04
2026-09-06 19:33:05,PLCY741,0101,Anand Patwardhan,20,7,0,2026-09-06 19:48:04
2026-09-06 19:33:05,PLCY742,0101,Thomas Hilde,20,9,0,2026-09-06 19:48:04
2026-09-06 19:33:05,PLCY780,0101,Robert Orr,20,0,0,2026-09-06 19:48:04
2026-09-06 19:33:05,PLCY781,0101,Julio Guzman,20,2,0,2026-09-06 19:48:04
2026-09-06 19:33:05,PLCY783,0101,Margaret Brindle,20,7,0,2026-09-06 19:48:05
2026-09-06 19:33:05,PLCY798F,PWL1,William Nolte,25,18,0,2026-09-06 19:48:05
2026-09-06 19:33:05,PLCY798V,0101,Shanna Pearson-Merkowitz,12,0,0,2026-09-06 19:48:06
2026-09-06 19:33:05,PLCY798W,0101,Martin Sanders,10,10,0,2026-09-06 19:48:06
2026-09-06 19:33:05,PLCY798Y,PWL1,Jeffrey Franco,25,0,0,2026-09-06 19:48:06
2026-09-06 19:33:05,PLCY798Z,0101,Peter Reuter,12,0,0,2026-09-06 19:48:06
2026-09-06 19:33:05,PLSC112,0101,Samuel Daramola,100,16,0,2026-09-06 19:48:08
2026-09-06 19:33:05,PLSC113,0101,Samuel Daramola,24,3,0,2026-09-06 19:48:09
2026-09-06 19:33:05,PLSC113,0102,Samuel Daramola,24,5,0,2026-09-06 19:48:09
2026-09-06 19:33:05,PLSC113,0103,Samuel Daramola,24,13,0,2026-09-06 19:48:09
2026-09-06 19:33:05,PLSC113,0104,Samuel Daramola,24,10,0,2026-09-06 19:48:09
2026-09-06 19:33:05,PLSC115,0101,Shirley Micallef,24,0,1,2026-09-06 19:48:09
2026-09-06 19:33:05,PLSC201,0101,Pierre Jacob,42,15,0,2026-09-06 19:48:09
2026-09-06 19:33:05,PLSC203,0101,Vijay Tiwari,23,17,0,2026-09-06 19:48:09
2026-09-06 19:33:05,PLSC205,0101,Mark Carroll,22,0,0,2026-09-06 19:48:09
2026-09-06 19:33:05,PLSC206,0101,Pierre Jacob,21,8,0,2026-09-06 19:48:10
2026-09-06 19:33:05,PLSC206,0102,Pierre Jacob,21,7,0,2026-09-06 19:48:10
2026-09-06 19:33:05,PLSC253,0101,Karen Petroff,24,0,0,2026-09-06 19:48:10
2026-09-06 19:33:05,PLSC253,0102,Karen Petroff,24,5,0,2026-09-06 19:48:10
2026-09-06 19:33:05,PLSC389,0101,Craig Beyrouty,17,17,0,2026-09-06 19:48:10
2026-09-06 19:33:05,PLSC402,0101,Geoffrey Rinehart,10,3,0,2026-09-06 19:48:11
2026-09-06 19:33:05,PLSC404,0101,Yiping Qi,20,9,0,2026-09-06 19:48:11
2026-09-06 19:33:05,PLSC420,0101,Nidhi Rawat,18,3,0,2026-09-06 19:48:11
2026-09-06 19:33:05,PLSC420,0102,Nidhi Rawat,18,13,0,2026-09-06 19:48:11
2026-09-06 19:33:05,PLSC433,0101,Diana Cochran,10,2,0,2026-09-06 19:48:11
2026-09-06 19:33:05,PLSC453,0101,Samuel Daramola,24,1,0,2026-09-06 19:48:11
2026-09-06 19:33:05,PLSC471,0101,Juanita Choo,20,0,0,2026-09-06 19:48:12
2026-09-06 19:33:05,PLSC476,0101,Maile Neel,23,19,0,2026-09-06 19:48:12
2026-09-06 19:33:05,PLSC608,0101,Shunyuan Xiao,20,13,0,2026-09-06 19:48:12
2026-09-06 19:33:05,PORT103,0101,Parker Brookie,15,8,0,2026-09-06 19:48:14
2026-09-06 19:33:05,PORT205,0101,Parker Brookie,15,4,0,2026-09-06 19:48:14
2026-09-06 19:33:05,PORT332,0101,Parker Brookie,25,1,0,2026-09-06 19:48:15
2026-09-06 19:33:05,RELS120,0101,Antoine Borrut,40,6,0,2026-09-06 19:48:35
2026-09-06 19:33:05,RELS170,0101,Chiara Graf,21,4,0,2026-09-06 19:48:36
2026-09-06 19:33:05,RELS170,0102,Chiara Graf,21,0,0,2026-09-06 19:48:36
2026-09-06 19:33:05,RELS170,0103,Chiara Graf,21,1,0,2026-09-06 19:48:36
2026-09-06 19:33:05,RELS170,0104,Chiara Graf,21,0,0,2026-09-06 19:48:36
2026-09-06 19:33:05,RELS170,0105,Chiara Graf,21,0,0,2026-09-06 19:48:36
2026-09-06 19:33:05,RELS170,0106,Chiara Graf,21,0,1,2026-09-06 19:48:36
2026-09-06 19:33:05,RELS170,0107,Chiara Graf,21,0,1,2026-09-06 19:48:36
2026-09-06 19:33:05,RELS170,0108,Chiara Graf,21,0,0,2026-09-06 19:48:36
2026-09-06 19:33:05,RELS170,0109,Chiara Graf,22,0,0,2026-09-06 19:48:36
2026-09-06 19:33:05,RELS171,0101,Maxine Grossman,40,0,0,2026-09-06 19:48:36
2026-09-06 19:33:05,RELS219K,0101,Shay Hazkani,40,32,0,2026-09-06 19:48:36
2026-09-06 19:33:05,RELS225,0101,Stephanie Cooper,25,0,0,2026-09-06 19:48:36
2026-09-06 19:33:05,RELS273,0101,Hayim Lapin,23,1,0,2026-09-06 19:48:37
2026-09-06 19:33:05,RELS273,0102,Hayim Lapin,23,1,0,2026-09-06 19:48:37
2026-09-06 19:33:05,RELS273,0103,Hayim Lapin,23,2,0,2026-09-06 19:48:37
2026-09-06 19:33:05,RELS274,0101,Matthew Suriano,20,0,1,2026-09-06 19:48:37
2026-09-06 19:33:05,RELS274,0102,Matthew Suriano,20,0,1,2026-09-06 19:48:37
2026-09-06 19:33:05,RELS274,0103,Matthew Suriano,20,0,2,2026-09-06 19:48:37
2026-09-06 19:33:05,RELS274,0104,Matthew Suriano,20,0,0,2026-09-06 19:48:37
2026-09-06 19:33:05,RELS319D,0101,Nathan Levine,35,25,0,2026-09-06 19:48:37
2026-09-06 19:33:05,RELS319Z,0101,Regev Ben-David,30,27,0,2026-09-06 19:48:37
2026-09-06 19:33:05,RELS341,0101,Janna Bianchini,30,0,0,2026-09-06 19:48:37
2026-09-06 19:33:05,RUSS101,0101,Inna Hardman,15,6,0,2026-09-06 19:48:39
2026-09-06 19:33:05,RUSS101,0201,Inna Hardman,15,5,0,2026-09-06 19:48:39
2026-09-06 19:33:05,RUSS201,0101,Zhanna Gerus-Vernola,15,8,0,2026-09-06 19:48:39
2026-09-06 19:33:05,RUSS301,0101,Izolda Savenkova,15,5,0,2026-09-06 19:48:40
2026-09-06 19:33:05,RUSS321,0101,Elizabeth Papazian,15,5,0,2026-09-06 19:48:40
2026-09-06 19:33:05,RUSS334,0101,Elizabeth Papazian,25,0,0,2026-09-06 19:48:40
2026-09-06 19:33:05,RUSS404,0101,Izolda Savenkova,15,1,0,2026-09-06 19:48:41
2026-09-06 19:33:05,SDSB123,0101,Brian Kim,40,7,0,2026-09-06 19:48:42
2026-09-06 19:33:05,SDSB180,0101,Brian Kim,180,135,0,2026-09-06 19:48:42
2026-09-06 19:33:05,SDSB233,0101,Jacob Coutts,25,1,0,2026-09-06 19:48:43
2026-09-06 19:33:05,SDSB233,0102,Jacob Coutts,25,10,0,2026-09-06 19:48:43
2026-09-06 19:33:05,SDSB233,0103,Jacob Coutts,25,8,0,2026-09-06 19:48:43
2026-09-06 19:33:05,SDSB326,0101,Jacob Coutts,50,31,0,2026-09-06 19:48:43
2026-09-06 19:33:05,SDSB340,0101,Neil Lund,40,0,0,2026-09-06 19:48:43
2026-09-06 19:33:05,SDSI414,0201,Maria Krupenkin,34,13,0,2026-09-06 19:48:45
2026-09-06 19:33:05,SDSI414,0202,Maria Krupenkin,34,0,0,2026-09-06 19:48:45
2026-09-06 19:33:05,SDSI492,0101,TJ Rainsford,50,11,0,2026-09-06 19:48:45
2026-09-06 19:33:05,SDSI492,0103,Mary Ann Francis,40,0,4,2026-09-06 19:48:45
2026-09-06 19:33:05,SDSI492,0104,TJ Rainsford,50,3,0,2026-09-06 19:48:45
2026-09-06 19:33:05,SDSI492,0106,Jesse Klein,50,0,10,2026-09-06 19:48:45
2026-09-06 19:33:05,SDSI492,0107,Connie Siebold,40,0,5,2026-09-06 19:48:45
2026-09-06 19:33:05,SDSI492,0110,Patrick Thornton,50,27,0,2026-09-06 19:48:45
2026-09-06 19:33:05,SLLC108I,0101,Instructor: TBA,5,4,0,2026-09-06 19:48:47
2026-09-06 19:33:05,SLLC108J,0101,Instructor: TBA,5,5,0,2026-09-06 19:48:48
2026-09-06 19:33:05,SLLC108W,0101,Instructor: TBA,5,4,0,2026-09-06 19:48:48
2026-09-06 19:33:05,SLLC118A,0101,Sean Pue,10,3,0,2026-09-06 19:48:48
2026-09-06 19:33:05,SLLC200,0101,Chris Lewis,30,1,0,2026-09-06 19:48:48
2026-09-06 19:33:05,SLLC286,0101,Andrew Schonebaum,60,5,0,2026-09-06 19:48:49
2026-09-06 19:33:05,SLLC309,0101,Ahmed Hanafy,10,10,0,2026-09-06 19:48:49
2026-09-06 19:33:05,SLLC309,0102,Ahmed Hanafy,10,8,0,2026-09-06 19:48:49
2026-09-06 19:33:05,SLLC309,0103,Ahmed Hanafy,10,8,0,2026-09-06 19:48:49
2026-09-06 19:33:05,SLLC309,0104,Ahmed Hanafy,10,6,0,2026-09-06 19:48:49
2026-09-06 19:33:05,SLLC309,0105,Ahmed Hanafy,10,6,0,2026-09-06 19:48:49
2026-09-06 19:33:05,SLLC309,0106,Ahmed Hanafy,10,7,0,2026-09-06 19:48:49
2026-09-06 19:33:05,SLLC309,0107,Ahmed Hanafy,10,8,0,2026-09-06 19:48:49
2026-09-06 19:33:05,SLLC309,0108,Ahmed Hanafy,10,9,0,2026-09-06 19:48:49
2026-09-06 19:33:05,SLLC309,0109,Ahmed Hanafy,10,7,0,2026-09-06 19:48:49
2026-09-06 19:33:05,SLLC309,0110,Ahmed Hanafy,10,4,0,2026-09-06 19:48:49
2026-09-06 19:33:05,SLLC309,0111,Ahmed Hanafy,10,10,0,2026-09-06 19:48:49
2026-09-06 19:33:05,SLLC329,0101,Marilyn Matar,12,0,0,2026-09-06 19:48:49
2026-09-06 19:33:05,SLLC329,0102,Marilyn Matar,10,1,0,2026-09-06 19:48:49
2026-09-06 19:33:05,SLLC329,0103,Marilyn Matar,21,2,0,2026-09-06 19:48:49
2026-09-06 19:33:05,SLLC329,0104,Marilyn Matar,10,4,0,2026-09-06 19:48:49
2026-09-06 19:33:05,SLLC329,0105,Marilyn Matar,10,9,0,2026-09-06 19:48:49
2026-09-06 19:33:05,SLLC329,0106,Marilyn Matar,10,1,0,2026-09-06 19:48:49
2026-09-06 19:33:05,SLLC329,0107,Marilyn Matar,10,7,0,2026-09-06 19:48:49
2026-09-06 19:33:05,SLLC329,0108,Marilyn Matar,10,7,0,2026-09-06 19:48:49
2026-09-06 19:33:05,SLLC329,0109,Marilyn Matar,10,4,0,2026-09-06 19:48:49
2026-09-06 19:33:05,SLLC329,0110,Marilyn Matar,20,4,0,2026-09-06 19:48:49
2026-09-06 19:33:05,SLLC350,0101,Michele Mason,30,27,0,2026-09-06 19:48:49
2026-09-06 19:33:05,SMLP470,0101,Brooke Smith,45,13,0,2026-09-06 19:48:51
2026-09-06 19:33:05,SMLP472,0101,Sara Herald,60,19,0,2026-09-06 19:48:51
2026-09-06 19:33:05,TLTC310,0101,Sarah Kistner,0,0,0,2026-09-06 19:49:30
2026-09-06 19:33:05,TLTC310,0201,Yanira Ortiz,20,11,0,2026-09-06 19:49:30
2026-09-06 19:33:05,TLTC333,0101,Mona Thompson,60,0,0,2026-09-06 19:49:31
2026-09-06 19:33:05,TLTC333,0102,Mona Thompson,60,0,0,2026-09-06 19:49:31
2026-09-06 19:33:05,TLTC333,0105,Mona Thompson,60,2,0,2026-09-06 19:49:31
2026-09-06 19:33:05,TLTC499A,0101,Mona Thompson,10,7,0,2026-09-06 19:49:31
2026-09-06 19:33:05,TLTC499A,0102,Danielle Pafe,10,6,0,2026-09-06 19:49:31
2026-09-06 19:33:05,UMEI005,0101,Charles Duquette,15,2,0,2026-09-06 19:49:32
2026-09-06 19:33:05,UMEI005,0201,Heather Mehrtens,15,9,0,2026-09-06 19:49:32
2026-09-06 19:33:05,UMEI005,0301,Marilena Draganescu,15,11,0,2026-09-06 19:49:32
2026-09-06 19:33:05,UMEI012,0101,Louise Godley,10,10,0,2026-09-06 19:49:33
2026-09-06 19:33:05,UMEI013,0101,Louise Godley,10,7,0,2026-09-06 19:49:33
2026-09-06 19:33:05,UMEI028A,0101,Raymond Smith,16,14,0,2026-09-06 19:49:33
2026-09-06 19:33:05,UMEI506,0101,Heather Mehrtens,16,0,0,2026-09-06 19:49:33
2026-09-06 19:33:05,UMEI506,0201,Heather Mehrtens,16,6,0,2026-09-06 19:49:33
2026-09-06 19:33:05,UMEI507,0101,Marilena Draganescu,15,4,0,2026-09-06 19:49:34
2026-09-06 19:33:05,USLT201,0101,Robert Chester,25,1,0,2026-09-06 19:49:39
2026-09-06 19:33:05,USLT398C,0101,Angela Pico Pinto,25,17,0,2026-09-06 19:49:40
2026-09-06 19:33:05,USLT450,0101,Robert Chester,20,0,2,2026-09-06 19:49:40
2026-09-06 19:33:05,USLT498C,0101,Ana Rodriguez,20,14,0,2026-09-06 19:49:40
2026-09-06 19:33:05,VIPS099,0115,Veronica Kang,5,3,0,2026-09-06 19:49:41
2026-09-06 19:33:05,VIPS208,0101,Mary Bowden,10,10,0,2026-09-06 19:49:42
2026-09-06 19:33:05,VIPS208,0102,Ken Kiger,10,2,0,2026-09-06 19:49:42
2026-09-06 19:33:05,VIPS208,0103,Bryan Quinn,10,7,0,2026-09-06 19:49:42
2026-09-06 19:33:05,VIPS208,0104,Abdil Chowdhury,10,1,0,2026-09-06 19:49:42
2026-09-06 19:33:05,VIPS208,0105,Molly Carton,10,7,0,2026-09-06 19:49:42
2026-09-06 19:33:05,VIPS208,0106,James Baeder,14,2,0,2026-09-06 19:49:42
2026-09-06 19:33:05,VIPS208,0107,Catherine Spirito,10,6,0,2026-09-06 19:49:42
2026-09-06 19:33:05,VIPS208,0108,Ronald Yaros,10,4,0,2026-09-06 19:49:42
2026-09-06 19:33:05,VIPS208,0109,Carinna Ferguson,10,6,0,2026-09-06 19:49:42
2026-09-06 19:33:05,VIPS208,0110,Tracy Riggins,15,0,0,2026-09-06 19:49:42
2026-09-06 19:33:05,VIPS208,0111,Kevin Calabro,13,2,0,2026-09-06 19:49:42
2026-09-06 19:33:05,VIPS208,0112,Raffaele Viglianti,10,5,0,2026-09-06 19:49:42
2026-09-06 19:33:05,VIPS208,0113,Shabnam Jabeen,10,4,0,2026-09-06 19:49:42
2026-09-06 19:33:05,VIPS208,0114,Ning Zeng,15,7,0,2026-09-06 19:49:42
2026-09-06 19:33:05,VIPS208,0115,Veronica Kang,10,5,0,2026-09-06 19:49:42
2026-09-06 19:33:05,VIPS208,0116,David Stewart,10,0,0,2026-09-06 19:49:42
2026-09-06 19:33:05,VIPS208,0117,Meredith Epstein,10,8,0,2026-09-06 19:49:42
2026-09-06 19:33:05,VIPS208,0118,Magaly Toro Ibaceta,10,3,0,2026-09-06 19:49:42
2026-09-06 19:33:05,VIPS208,0120,Marisa Parham,10,6,0,2026-09-06 19:49:42
2026-09-06 19:33:05,VIPS208,0121,Becky Epanchin-Niell,10,1,0,2026-09-06 19:49:42
2026-09-06 19:33:05,VIPS208,0122,Timothy Reedy,10,2,0,2026-09-06 19:49:42
2026-09-06 19:33:05,VIPS208,0123,Lingnan Lin,13,4,0,2026-09-06 19:49:42
2026-09-06 19:33:05,VIPS208,0124,Jeffrey Moro,10,4,0,2026-09-06 19:49:42
2026-09-06 19:33:05,VIPS208,0125,Peter Sunderland,12,4,0,2026-09-06 19:49:42
2026-09-06 19:33:05,VIPS208,0126,Brienna Anderson,10,3,0,2026-09-06 19:49:42
2026-09-06 19:33:05,VIPS308,0101,Mary Bowden,10,9,0,2026-09-06 19:49:42
2026-09-06 19:33:05,VIPS308,0102,Ken Kiger,10,3,0,2026-09-06 19:49:42
2026-09-06 19:33:05,VIPS308,0103,Bryan Quinn,10,2,0,2026-09-06 19:49:42
2026-09-06 19:33:05,VIPS308,0104,Abdil Chowdhury,10,3,0,2026-09-06 19:49:42
2026-09-06 19:33:05,VIPS308,0105,Molly Carton,10,3,0,2026-09-06 19:49:42
2026-09-06 19:33:05,VIPS308,0106,James Baeder,10,4,0,2026-09-06 19:49:42
2026-09-06 19:33:05,VIPS308,0107,Catherine Spirito,10,7,0,2026-09-06 19:49:42
2026-09-06 19:33:05,VIPS308,0108,Ronald Yaros,10,9,0,2026-09-06 19:49:42
2026-09-06 19:33:05,VIPS308,0109,Carinna Ferguson,10,6,0,2026-09-06 19:49:42
2026-09-06 19:33:05,VIPS308,0110,Tracy Riggins,10,0,0,2026-09-06 19:49:42
2026-09-06 19:33:05,VIPS308,0111,Kevin Calabro,10,6,0,2026-09-06 19:49:42
2026-09-06 19:33:05,VIPS308,0112,Raffaele Viglianti,10,10,0,2026-09-06 19:49:42
2026-09-06 19:33:05,VIPS308,0113,Shabnam Jabeen,10,8,0,2026-09-06 19:49:42
2026-09-06 19:33:05,VIPS308,0114,Ning Zeng,10,9,0,2026-09-06 19:49:42
2026-09-06 19:33:05,VIPS308,0115,Veronica Kang,10,10,0,2026-09-06 19:49:42
2026-09-06 19:33:05,VIPS308,0116,David Stewart,10,10,0,2026-09-06 19:49:42
2026-09-06 19:33:05,VIPS308,0117,Meredith Epstein,10,8,0,2026-09-06 19:49:42
2026-09-06 19:33:05,VIPS308,0118,Magaly Toro Ibaceta,10,10,0,2026-09-06 19:49:42
2026-09-06 19:33:05,VIPS308,0120,Marisa Parham,10,9,0,2026-09-06 19:49:42
2026-09-06 19:33:05,VIPS308,0121,Becky Epanchin-Niell,10,10,0,2026-09-06 19:49:42
2026-09-06 19:33:05,VIPS308,0122,Timothy Reedy,10,10,0,2026-09-06 19:49:42
2026-09-06 19:33:05,VIPS308,0123,Lingnan Lin,10,10,0,2026-09-06 19:49:42
2026-09-06 19:33:05,VIPS308,0124,Jeffrey Moro,10,10,0,2026-09-06 19:49:42
2026-09-06 19:33:05,VIPS308,0125,Peter Sunderland,10,10,0,2026-09-06 19:49:42
2026-09-06 19:33:05,VIPS308,0126,Brienna Anderson,10,10,0,2026-09-06 19:49:42
2026-09-06 19:33:05,VIPS408,0101,Mary Bowden,10,4,0,2026-09-06 19:49:42
2026-09-06 19:33:05,VIPS408,0102,Ken Kiger,10,8,0,2026-09-06 19:49:42
2026-09-06 19:33:05,VIPS408,0103,Bryan Quinn,10,3,0,2026-09-06 19:49:42
2026-09-06 19:33:05,VIPS408,0104,Abdil Chowdhury,10,8,0,2026-09-06 19:49:42
2026-09-06 19:33:05,VIPS408,0105,Molly Carton,10,8,0,2026-09-06 19:49:42
2026-09-06 19:33:05,VIPS408,0106,James Baeder,10,7,0,2026-09-06 19:49:42
2026-09-06 19:33:05,VIPS408,0107,Catherine Spirito,10,10,0,2026-09-06 19:49:42
2026-09-06 19:33:05,VIPS408,0108,Ronald Yaros,10,8,0,2026-09-06 19:49:42
2026-09-06 19:33:05,VIPS408,0109,Carinna Ferguson,10,8,0,2026-09-06 19:49:42
2026-09-06 19:33:05,VIPS408,0110,Tracy Riggins,10,10,0,2026-09-06 19:49:42
2026-09-06 19:33:05,VIPS408,0111,Kevin Calabro,10,7,0,2026-09-06 19:49:42
2026-09-06 19:33:05,VIPS408,0112,Raffaele Viglianti,10,9,0,2026-09-06 19:49:42
2026-09-06 19:33:05,VIPS408,0113,Shabnam Jabeen,10,10,0,2026-09-06 19:49:42
2026-09-06 19:33:05,VIPS408,0114,Ning Zeng,10,10,0,2026-09-06 19:49:42
2026-09-06 19:33:05,VIPS408,0115,Veronica Kang,10,10,0,2026-09-06 19:49:42
2026-09-06 19:33:05,VIPS408,0116,David Stewart,10,10,0,2026-09-06 19:49:42
2026-09-06 19:33:05,VIPS408,0117,Meredith Epstein,10,10,0,2026-09-06 19:49:42
2026-09-06 19:33:05,VIPS408,0118,Magaly Toro Ibaceta,10,9,0,2026-09-06 19:49:42
2026-09-06 19:33:05,VIPS408,0120,Marisa Parham,10,10,0,2026-09-06 19:49:42
2026-09-06 19:33:05,VIPS408,0121,Becky Epanchin-Niell,10,10,0,2026-09-06 19:49:42
2026-09-06 19:33:05,VIPS408,0122,Timothy Reedy,10,10,0,2026-09-06 19:49:42
2026-09-06 19:33:05,VIPS408,0123,Lingnan Lin,10,10,0,2026-09-06 19:49:42
2026-09-06 19:33:05,VIPS408,0124,Jeffrey Moro,10,10,0,2026-09-06 19:49:42
2026-09-06 19:33:05,VIPS408,0125,Peter Sunderland,10,10,0,2026-09-06 19:49:42
2026-09-06 19:33:05,VIPS408,0126,Brienna Anderson,10,10,0,2026-09-06 19:49:42
2026-09-06 19:33:05,WEID139B,0101,Denise Joseph,48,10,0,2026-09-06 19:49:45
2026-09-06 19:33:05,WEID139L,0201,Taylor Togafau-Lewis,48,18,0,2026-09-06 19:49:45
