Timestamp,Course,Section,Instructor,Total_Seats,Open_Seats,Waitlist,Fetch_Time
2026-08-30 23:56:22,CPBE100,0101,Oliver Schlake,95,26,0,2026-08-31 00:00:06
2026-08-30 23:56:22,CPBE200,0101,Oliver Schlake,75,32,0,2026-08-31 00:00:06
2026-08-30 23:56:22,CPBE225,0101,Ira Koretsky,38,13,0,2026-08-31 00:00:06
2026-08-30 23:56:22,CPBE225,0102,Ira Koretsky,38,22,0,2026-08-31 00:00:06
2026-08-30 23:56:22,CPCV100,0101,Julie Randolph,40,1,0,2026-08-31 00:00:07
2026-08-30 23:56:22,CPCV100,0201,Julie Randolph,40,7,0,2026-08-31 00:00:07
2026-08-30 23:56:22,CPCV200,0101,Julie Randolph,35,2,0,2026-08-31 00:00:08
2026-08-30 23:56:22,CPCV200,0201,Julie Randolph,35,15,0,2026-08-31 00:00:08
2026-08-30 23:56:22,CPCV225,0101,Korey Rothman,75,3,0,2026-08-31 00:00:08
2026-08-30 23:56:22,CPDJ100,0101,Jess Feltner,75,1,0,2026-08-31 00:00:09
2026-08-30 23:56:22,CPDJ200,0101,Andrew Fellows,75,36,0,2026-08-31 00:00:09
2026-08-30 23:56:22,CPET100,0101,Tim Knight,75,1,0,2026-08-31 00:00:10
2026-08-30 23:56:22,CPET200,0101,Tim Knight,75,9,0,2026-08-31 00:00:11
2026-08-30 23:56:22,CPGH100,0101,John Wiggins,85,6,0,2026-08-31 00:00:12
2026-08-30 23:56:22,CPGH200,0101,John Wiggins,75,17,0,2026-08-31 00:00:12
2026-08-30 23:56:22,CPJT100,0101,Justine DeCamillis,75,6,0,2026-08-31 00:00:13
2026-08-30 23:56:22,CPJT200,0101,Justine DeCamillis,75,20,0,2026-08-31 00:00:14
2026-08-30 23:56:22,CPMS100,0101,Carole Lee,75,0,0,2026-08-31 00:00:15
2026-08-30 23:56:22,CPMS200,0101,Alison Burns,75,14,0,2026-08-31 00:00:15
2026-08-30 23:56:22,CPMS225,0101,Alison Burns,75,0,1,2026-08-31 00:00:15
2026-08-30 23:56:22,CPMS230,0101,Alison Burns,30,14,0,2026-08-31 00:00:16
2026-08-30 23:56:22,CPMS240,0101,Carole Lee,20,18,0,2026-08-31 00:00:16
2026-08-30 23:56:22,CPPL100,0101,Kelly Brower,78,2,0,2026-08-31 00:00:17
2026-08-30 23:56:22,CPPL200,0101,Susannah Washburn,75,16,0,2026-08-31 00:00:17
2026-08-30 23:56:22,CPSA100,0101,Andrea Cesar,75,11,0,2026-08-31 00:00:19
2026-08-30 23:56:22,CPSA200,0101,Andrea Cesar,75,35,0,2026-08-31 00:00:19
2026-08-30 23:56:22,CPSF100,0101,Nicholas Fletcher,85,0,0,2026-08-31 00:00:20
2026-08-30 23:56:22,CPSF200,0101,Nicholas Fletcher,75,5,0,2026-08-31 00:00:20
2026-08-30 23:56:22,CPSG100,0101,Thomas Holtz,85,7,0,2026-08-31 00:00:21
2026-08-30 23:56:22,CPSG200,0101,Thomas Holtz,75,27,0,2026-08-31 00:00:22
2026-08-30 23:56:22,CPSN100,0101,Hansol Kwak,85,2,0,2026-08-31 00:00:23
2026-08-30 23:56:22,CPSN200,0101,Stacy Kosko,75,37,0,2026-08-31 00:00:23
2026-08-30 23:56:22,CPSN230,0101,Sarah Kilmer,20,18,0,2026-08-31 00:00:23
2026-08-30 23:56:22,CPSN240,0101,Sarah Kilmer,10,7,0,2026-08-31 00:00:23
2026-08-30 23:56:22,CPSN250,0101,Sarah Kilmer,5,5,0,2026-08-31 00:00:24
2026-08-30 23:56:22,CPSP110,0101,Markell Saunders,18,13,0,2026-08-31 00:00:25
2026-08-30 23:56:22,CPSP110,0201,Patrice Greene,18,16,0,2026-08-31 00:00:25
2026-08-30 23:56:22,CPSP220,0101,Tiara Thomas,20,0,0,2026-08-31 00:00:25
2026-08-30 23:56:22,CPSP239A,0101,Heather-Erin Bremenstuhl,10,6,0,2026-08-31 00:00:25
2026-08-30 23:56:22,CPSP269C,0101,Korey Rothman,5,5,0,2026-08-31 00:00:25
2026-08-30 23:56:22,CPSP339P,0101,Susannah Washburn,10,8,0,2026-08-31 00:00:25
2026-08-30 23:56:22,CPSS100,0101,David Tomblin,85,5,0,2026-08-31 00:00:27
2026-08-30 23:56:22,CPSS220,0101,Nicole Mogul,20,4,0,2026-08-31 00:00:27
2026-08-30 23:56:22,CPSS225,0101,Roan Parrish,20,13,0,2026-08-31 00:00:27
2026-08-30 23:56:22,CPSS340,0101,David Tomblin,20,5,0,2026-08-31 00:00:27
2026-08-30 23:56:22,CRLN101,0103,Myles Alexander,25,0,0,2026-08-31 00:00:28
2026-08-30 23:56:22,CRLN101,0104,Tami Smith,25,0,1,2026-08-31 00:00:28
2026-08-30 23:56:22,CRLN101,0105,Denis Garcia Reyes,25,0,0,2026-08-31 00:00:28
2026-08-30 23:56:22,CRLN101,0106,Mitch Woolley,25,4,0,2026-08-31 00:00:28
2026-08-30 23:56:22,CRLN101,0107,Esohe Owie,25,0,0,2026-08-31 00:00:28
2026-08-30 23:56:22,DATA100,0111,Matthew Griffin,33,0,0,2026-08-31 00:00:36
2026-08-30 23:56:22,DATA100,0112,Matthew Griffin,35,0,0,2026-08-31 00:00:36
2026-08-30 23:56:22,DATA100,0121,Matthew Griffin,35,3,0,2026-08-31 00:00:36
2026-08-30 23:56:22,DATA100,0122,Matthew Griffin,33,0,0,2026-08-31 00:00:36
2026-08-30 23:56:22,DATA100,0123,Matthew Griffin,33,0,0,2026-08-31 00:00:36
2026-08-30 23:56:22,DATA100,0124,Matthew Griffin,33,0,0,2026-08-31 00:00:36
2026-08-30 23:56:22,DATA100,0131,Matthew Griffin,33,1,0,2026-08-31 00:00:36
2026-08-30 23:56:22,DATA100,0141,Matthew Griffin,35,1,0,2026-08-31 00:00:36
2026-08-30 23:56:22,DATA100,0142,Matthew Griffin,33,0,0,2026-08-31 00:00:36
2026-08-30 23:56:22,DATA100,0211,Matthew Griffin,33,0,0,2026-08-31 00:00:36
2026-08-30 23:56:22,DATA100,0212,Matthew Griffin,35,2,0,2026-08-31 00:00:36
2026-08-30 23:56:22,DATA100,0221,Matthew Griffin,30,0,1,2026-08-31 00:00:36
2026-08-30 23:56:22,DATA100,0223,Matthew Griffin,32,0,0,2026-08-31 00:00:36
2026-08-30 23:56:22,DATA100,0224,Matthew Griffin,30,0,0,2026-08-31 00:00:36
2026-08-30 23:56:22,DATA100,0231,Matthew Griffin,33,3,0,2026-08-31 00:00:36
2026-08-30 23:56:22,DATA100,0311,Archana Khurana,35,5,0,2026-08-31 00:00:36
2026-08-30 23:56:22,DATA100,0312,Archana Khurana,35,3,0,2026-08-31 00:00:36
2026-08-30 23:56:22,DATA100,0321,Archana Khurana,35,4,0,2026-08-31 00:00:36
2026-08-30 23:56:22,DATA100,0322,Archana Khurana,35,3,0,2026-08-31 00:00:36
2026-08-30 23:56:22,DATA100,0323,Archana Khurana,35,3,0,2026-08-31 00:00:36
2026-08-30 23:56:22,DATA100,0341,Archana Khurana,35,4,0,2026-08-31 00:00:36
2026-08-30 23:56:22,DATA110,0101,Susan Mazzullo,250,0,2,2026-08-31 00:00:36
2026-08-30 23:56:22,DATA120,0101,Fardina Alam,200,0,2,2026-08-31 00:00:37
2026-08-30 23:56:22,DATA200,0101,Fardina Alam,90,33,0,2026-08-31 00:00:37
2026-08-30 23:56:22,DATA250,0101,Todd Rowland,43,3,0,2026-08-31 00:00:37
2026-08-30 23:56:22,DATA320,0101,Maksym Morawski,15,11,0,2026-08-31 00:00:37
2026-08-30 23:56:22,DATA320,0201,Maksym Morawski,15,1,0,2026-08-31 00:00:37
2026-08-30 23:56:22,DATA320,0301,Fardina Alam,20,0,2,2026-08-31 00:00:37
2026-08-30 23:56:22,DATA350,0101,Raluca Rosca,30,7,0,2026-08-31 00:00:38
2026-08-30 23:56:22,DATA350,0201,Jonathan Fernandes,34,1,0,2026-08-31 00:00:38
2026-08-30 23:56:22,DATA400,0111,Salman Safdar,27,0,0,2026-08-31 00:00:38
2026-08-30 23:56:22,DATA400,0112,Salman Safdar,30,0,0,2026-08-31 00:00:38
2026-08-30 23:56:22,DATA400,0121,Salman Safdar,27,0,0,2026-08-31 00:00:38
2026-08-30 23:56:22,DATA400,0122,Salman Safdar,27,0,0,2026-08-31 00:00:38
2026-08-30 23:56:22,DATA400,0131,Salman Safdar,27,1,0,2026-08-31 00:00:38
2026-08-30 23:56:22,DATA400,0132,Salman Safdar,27,11,0,2026-08-31 00:00:38
2026-08-30 23:56:22,DATA400,0211,Timothy Pilachowski,30,2,0,2026-08-31 00:00:38
2026-08-30 23:56:22,DATA400,0212,Timothy Pilachowski,30,2,0,2026-08-31 00:00:38
2026-08-30 23:56:22,DATA400,0221,Timothy Pilachowski,30,0,0,2026-08-31 00:00:38
2026-08-30 23:56:22,DATA400,0222,Timothy Pilachowski,30,1,0,2026-08-31 00:00:38
2026-08-30 23:56:22,DATA400,0231,Timothy Pilachowski,30,0,0,2026-08-31 00:00:38
2026-08-30 23:56:22,DATA400,0232,Timothy Pilachowski,30,0,0,2026-08-31 00:00:38
2026-08-30 23:56:22,DATA400,0311,Mestiyage Gunatilleka,32,0,2,2026-08-31 00:00:38
2026-08-30 23:56:22,DATA400,0312,Mestiyage Gunatilleka,30,0,2,2026-08-31 00:00:38
2026-08-30 23:56:22,DATA400,0321,Mestiyage Gunatilleka,32,0,1,2026-08-31 00:00:38
2026-08-30 23:56:22,DATA400,0322,Mestiyage Gunatilleka,30,0,1,2026-08-31 00:00:38
2026-08-30 23:56:22,DATA400,0331,Mestiyage Gunatilleka,32,0,1,2026-08-31 00:00:38
2026-08-30 23:56:22,DATA400,0332,Mestiyage Gunatilleka,30,0,2,2026-08-31 00:00:38
2026-08-30 23:56:22,DATA400,0511,Shixin Zheng,35,0,1,2026-08-31 00:00:38
2026-08-30 23:56:22,DATA400,0521,Shixin Zheng,35,1,0,2026-08-31 00:00:38
2026-08-30 23:56:22,DATA400,0531,Shixin Zheng,35,1,0,2026-08-31 00:00:38
2026-08-30 23:56:22,DATA601,PCS1,Sandra Cerrai,50,0,0,2026-08-31 00:00:38
2026-08-30 23:56:22,DATA601,PCS2,Jonathan Fernandes,60,15,0,2026-08-31 00:00:38
2026-08-30 23:56:22,DATA601,PWS1,Leonid Koralov,60,6,0,2026-08-31 00:00:38
2026-08-30 23:56:22,DATA602,PCS1,Sujeong Kim,44,4,0,2026-08-31 00:00:38
2026-08-30 23:56:22,DATA602,PCS2,Sujeong Kim,44,9,0,2026-08-31 00:00:38
2026-08-30 23:56:22,DATA602,PWS1,Fardina Alam,44,0,0,2026-08-31 00:00:38
2026-08-30 23:56:22,DATA603,PCS1,Babak Azimi-Sadjadi,55,9,0,2026-08-31 00:00:38
2026-08-30 23:56:22,DATA603,PWS1,Kemal Davaslioglu,55,18,0,2026-08-31 00:00:38
2026-08-30 23:56:22,DATA605,PCS1,Tammy Perrin,44,30,0,2026-08-31 00:00:38
2026-08-30 23:56:22,DATA605,PCS2,Tammy Perrin,44,18,0,2026-08-31 00:00:38
2026-08-30 23:56:22,DATA605,PWS1,Giacinto Paolo Saggese,44,35,0,2026-08-31 00:00:38
2026-08-30 23:56:22,DATA607,PCS1,Mestiyage Gunatilleka,44,29,0,2026-08-31 00:00:39
2026-08-30 23:56:22,DATA607,PCS2,Kendall Williams,55,0,0,2026-08-31 00:00:39
2026-08-30 23:56:22,DATA607,PCS3,Vincent Lyzinski,44,1,0,2026-08-31 00:00:39
2026-08-30 23:56:22,DATA612,PCS1,Samet Ayhan,50,19,0,2026-08-31 00:00:39
2026-08-30 23:56:22,DATA612,PWS1,Samet Ayhan,44,15,0,2026-08-31 00:00:39
2026-08-30 23:56:22,DATA641,PCS1,Toki Inan,50,12,0,2026-08-31 00:00:57
2026-08-30 23:56:22,DATA641,PWS1,Armin Mehrabian,50,0,2,2026-08-31 00:00:57
2026-08-30 23:56:22,DATA643,PCS1,Charles Forgy,50,23,0,2026-08-31 00:00:58
2026-08-30 23:56:22,DATA650,PCS1,Emre Gunduzhan,54,5,0,2026-08-31 00:00:58
2026-08-30 23:56:22,DATA650,PCS2,Emre Gunduzhan,54,6,0,2026-08-31 00:00:58
2026-08-30 23:56:22,ENAI600,0101,C Ravishankar,35,21,0,2026-08-31 00:01:19
2026-08-30 23:56:22,ENAI600,AEC1,C Ravishankar,20,5,0,2026-08-31 00:01:19
2026-08-30 23:56:22,ENAI601,0101,Richard La,35,23,0,2026-08-31 00:01:19
2026-08-30 23:56:22,ENAI601,AEC1,Richard La,20,6,0,2026-08-31 00:01:19
2026-08-30 23:56:22,ENAI607,0101,Zoltan Safar,29,24,0,2026-08-31 00:01:19
2026-08-30 23:56:22,ENAI607,AEC1,Zoltan Safar,20,9,0,2026-08-31 00:01:19
2026-08-30 23:56:22,ENBC301,ESG1,Sivan Saravanapavan,20,10,0,2026-08-31 00:01:21
2026-08-30 23:56:22,ENBC311,ESG1,Bahaa Ghammraoui,20,12,0,2026-08-31 00:01:22
2026-08-30 23:56:22,ENBC322,ESG1,Kyunghun Lee,20,11,0,2026-08-31 00:01:22
2026-08-30 23:56:22,ENBC331,ESG1,Lan Ma,20,10,0,2026-08-31 00:01:22
2026-08-30 23:56:22,ENBC332,ESG1,Jamasp Azarnoosh,20,12,0,2026-08-31 00:01:22
2026-08-30 23:56:22,ENBC341,ESG1,Jarred Callura,20,13,0,2026-08-31 00:01:22
2026-08-30 23:56:22,ENBC353,ESG1,Jarred Callura,20,15,0,2026-08-31 00:01:22
2026-08-30 23:56:22,ENBC399,ESG1,Nan Xu,1,0,0,2026-08-31 00:01:22
2026-08-30 23:56:22,ENBC399,ESG2,Lan Ma,1,0,0,2026-08-31 00:01:22
2026-08-30 23:56:22,ENBC399,ESG3,Jamasp Azarnoosh,1,1,0,2026-08-31 00:01:22
2026-08-30 23:56:22,ENBC399,ESG4,Lan Ma,1,1,0,2026-08-31 00:01:22
2026-08-30 23:56:22,ENBC399,ESG5,Jamasp Azarnoosh,1,0,0,2026-08-31 00:01:22
2026-08-30 23:56:22,ENBC399,ESG6,Jamasp Azarnoosh,1,0,0,2026-08-31 00:01:22
2026-08-30 23:56:22,ENBC399,ESG7,Jamasp Azarnoosh,1,1,0,2026-08-31 00:01:22
2026-08-30 23:56:22,ENBC423,ESG1,Jian Su,20,13,0,2026-08-31 00:01:23
2026-08-30 23:56:22,ENBC425,ESG1,Jamasp Azarnoosh,20,13,0,2026-08-31 00:01:23
2026-08-30 23:56:22,ENBC431,ESG1,Lan Ma,20,13,0,2026-08-31 00:01:23
2026-08-30 23:56:22,ENEB302,ESG1,Wesley Lawson,20,4,0,2026-08-31 00:01:31
2026-08-30 23:56:22,ENEB340,ESG1,Nestor Michael Tiglao,20,4,0,2026-08-31 00:01:31
2026-08-30 23:56:22,ENEB341,ESG1,Nestor Michael Tiglao,20,4,0,2026-08-31 00:01:31
2026-08-30 23:56:22,ENEB344,ESG1,Jerry Wu,20,4,0,2026-08-31 00:01:32
2026-08-30 23:56:22,ENEB346,ESG1,Nestor Michael Tiglao,20,14,0,2026-08-31 00:01:32
2026-08-30 23:56:22,ENEB354,ESG1,Yavuz Oruc,20,4,0,2026-08-31 00:01:32
2026-08-30 23:56:22,ENEB408A,ESG1,Nestor Michael Tiglao,20,14,0,2026-08-31 00:01:32
2026-08-30 23:56:22,ENEB444,ESG1,Manoj Franklin,20,14,0,2026-08-31 00:01:32
2026-08-30 23:56:22,ENEB454,ESG1,Jerry Wu,20,14,0,2026-08-31 00:01:32
2026-08-30 23:56:22,ENED036,0101,Hillary Owusu,20,18,0,2026-08-31 00:01:34
2026-08-30 23:56:22,ENED101,0101,Shannon Bate,20,0,0,2026-08-31 00:01:34
2026-08-30 23:56:22,ENED115,0101,Danielle Barker,100,5,0,2026-08-31 00:01:34
2026-08-30 23:56:22,ENED215,0101,Tyler Huddleston,30,0,0,2026-08-31 00:01:34
2026-08-30 23:56:22,ENED215,0102,Samantha Sabihi,40,23,0,2026-08-31 00:01:34
2026-08-30 23:56:22,ENED215,0103,Paige Smith,6,0,0,2026-08-31 00:01:34
2026-08-30 23:56:22,ENED290H,0101,Christopher Troilo,46,2,0,2026-08-31 00:01:34
2026-08-30 23:56:22,ENED390H,0101,Tony Barber,50,11,0,2026-08-31 00:01:34
2026-08-30 23:56:22,ENED394H,0101,Manmohan Aseri,65,15,0,2026-08-31 00:01:35
2026-08-30 23:56:22,ENED397,0101,Emily Marks,9,1,0,2026-08-31 00:01:35
2026-08-30 23:56:22,ENED490H,0101,David Ashley,45,5,0,2026-08-31 00:01:35
2026-08-30 23:56:22,ENED491,0101,Jessica Roffe,10,1,0,2026-08-31 00:01:35
2026-08-30 23:56:22,ENMT301,ESG1,Colleen Murray,15,12,0,2026-08-31 00:02:19
2026-08-30 23:56:22,ENMT322,ESG1,Gurtajbir Herr,15,12,0,2026-08-31 00:02:19
2026-08-30 23:56:22,ENMT361,ESG1,Young Choi,15,12,0,2026-08-31 00:02:19
2026-08-30 23:56:22,ENMT380,ESG1,Gurtajbir Herr,15,12,0,2026-08-31 00:02:20
2026-08-30 23:56:22,ENMT450,ESG1,Nicholas Limparis,7,5,0,2026-08-31 00:02:20
2026-08-30 23:56:22,ENMT471,ESG1,Colleen Murray,7,5,0,2026-08-31 00:02:20
2026-08-30 23:56:22,ENMT473,ESG1,Gurtajbir Herr,7,4,0,2026-08-31 00:02:20
2026-08-30 23:56:22,ENMT483,ESG1,Nicholas Limparis,7,5,0,2026-08-31 00:02:20
2026-08-30 23:56:22,ENSE621,0101,Tony Barber,22,16,0,2026-08-31 00:02:25
2026-08-30 23:56:22,ENSE621,SY01,Tony Barber,15,0,0,2026-08-31 00:02:25
2026-08-30 23:56:22,ENSE623,0101,Steven Biemer,17,15,0,2026-08-31 00:02:25
2026-08-30 23:56:22,ENSE623,SY01,Steven Biemer,15,10,0,2026-08-31 00:02:25
2026-08-30 23:56:22,ENSE626,0101,Dane Cooper,20,15,0,2026-08-31 00:02:26
2026-08-30 23:56:22,ENSE626,SY01,Dane Cooper,15,9,0,2026-08-31 00:02:26
2026-08-30 23:56:22,ENSP101,0101,Annette Spivy,25,0,0,2026-08-31 00:02:27
2026-08-30 23:56:22,ENSP101,0102,Annette Spivy,24,0,0,2026-08-31 00:02:27
2026-08-30 23:56:22,ENSP101,0103,Annette Spivy,24,0,1,2026-08-31 00:02:27
2026-08-30 23:56:22,ENSP101,0104,Annette Spivy,24,0,1,2026-08-31 00:02:27
2026-08-30 23:56:22,ENSP101,0105,Annette Spivy,25,1,0,2026-08-31 00:02:27
2026-08-30 23:56:22,ENSP101,0106,Annette Spivy,24,0,0,2026-08-31 00:02:27
2026-08-30 23:56:22,ENSP101,0107,Annette Spivy,24,0,1,2026-08-31 00:02:27
2026-08-30 23:56:22,ENSP101,FC01,Annette Spivy,32,0,0,2026-08-31 00:02:27
2026-08-30 23:56:22,ENSP305,0101,Annette Spivy,23,0,2,2026-08-31 00:02:27
2026-08-30 23:56:22,ENSP330,0101,Joanna Goger,35,0,0,2026-08-31 00:02:28
2026-08-30 23:56:22,ENSP340,0101,Caroline Boules,25,0,0,2026-08-31 00:02:28
2026-08-30 23:56:22,ENSP360,0101,Leena Malayil,25,0,4,2026-08-31 00:02:28
2026-08-30 23:56:22,ENSP399R,0601,Annette Spivy,10,10,0,2026-08-31 00:02:28
2026-08-30 23:56:22,ENSP399R,1001,Jennifer Mullinax,10,10,0,2026-08-31 00:02:28
2026-08-30 23:56:22,ENSP400,0101,Joanna Goger,35,13,0,2026-08-31 00:02:29
2026-08-30 23:56:22,ENSP400,0102,Joanna Goger,35,11,0,2026-08-31 00:02:29
2026-08-30 23:56:22,ENVH121,FC01,Brienna Anderson,20,10,0,2026-08-31 00:02:39
2026-08-30 23:56:22,ENVH381,0101,Donald Milton,30,11,0,2026-08-31 00:02:39
2026-08-30 23:56:22,FGSM310,0101,Peter Owen,24,0,0,2026-08-31 00:02:42
2026-08-30 23:56:22,FGSM315,0101,Emily Shetty,22,0,0,2026-08-31 00:02:42
2026-08-30 23:56:22,FGSM320,0101,Woodie Kessel,24,2,0,2026-08-31 00:02:42
2026-08-30 23:56:22,FGSM325,0101,Rob Long,20,1,0,2026-08-31 00:02:43
2026-08-30 23:56:22,FGSM330,0101,Andrew Fausett,22,0,0,2026-08-31 00:02:43
2026-08-30 23:56:22,FGSM340,0101,Ed Fendley,22,1,0,2026-08-31 00:02:43
2026-08-30 23:56:22,FGSM350,0101,Sean Misko,22,1,0,2026-08-31 00:02:43
2026-08-30 23:56:22,FGSM355,0101,Amanda Schoch,20,0,0,2026-08-31 00:02:43
2026-08-30 23:56:22,FGSM360,0101,Nadia Farra,20,0,0,2026-08-31 00:02:43
2026-08-30 23:56:22,FGSM365,0101,Andrew Nissen,20,0,0,2026-08-31 00:02:44
2026-08-30 23:56:22,FGSM370,0101,Joshua Glasser,20,1,0,2026-08-31 00:02:44
2026-08-30 23:56:22,FGSM390,0101,Sasha Koo-Oshima,20,3,0,2026-08-31 00:02:44
2026-08-30 23:56:22,FGSM398,0101,Jayakumar Arasan,25,24,0,2026-08-31 00:02:44
2026-08-30 23:56:22,FGSM398,0201,Jayakumar Arasan,5,2,0,2026-08-31 00:02:44
2026-08-30 23:56:22,FIRE120,0101,Jessica O'Hara,36,0,0,2026-08-31 00:02:45
2026-08-30 23:56:22,FIRE120,0102,Shannon Hilton,36,7,0,2026-08-31 00:02:45
2026-08-30 23:56:22,FIRE120,0103,Jaclyn Bruner,36,0,0,2026-08-31 00:02:45
2026-08-30 23:56:22,FIRE120,0104,Danielle Niu,36,0,0,2026-08-31 00:02:45
2026-08-30 23:56:22,FIRE120,0105,Cherisse Hall,36,0,0,2026-08-31 00:02:45
2026-08-30 23:56:22,FIRE120,0106,Sara Strey,36,0,0,2026-08-31 00:02:45
2026-08-30 23:56:22,FIRE120,0107,Helene Nguemgaing,36,2,0,2026-08-31 00:02:45
2026-08-30 23:56:22,FIRE120,0108,Mary Chey,36,0,0,2026-08-31 00:02:45
2026-08-30 23:56:22,FIRE120,0109,Shannon Hilton,36,0,0,2026-08-31 00:02:45
2026-08-30 23:56:22,FIRE120,0110,Lena Johnson,36,0,0,2026-08-31 00:02:45
2026-08-30 23:56:22,FIRE120,0111,Benjamin Huffman,36,0,0,2026-08-31 00:02:45
2026-08-30 23:56:22,FIRE120,0112,Mary Chey,36,0,0,2026-08-31 00:02:45
2026-08-30 23:56:22,FIRE120,0113,Elizabeth Massey,36,5,0,2026-08-31 00:02:45
2026-08-30 23:56:22,FIRE120,0114,Benjamin Huffman,36,0,0,2026-08-31 00:02:45
2026-08-30 23:56:22,FIRE120,FC01,Danielle Niu,40,0,46,2026-08-31 00:02:45
2026-08-30 23:56:22,FIRE298,0101,Catherine Spirito,28,3,0,2026-08-31 00:02:46
2026-08-30 23:56:22,FIRE298,0103,Cherisse Hall,36,10,0,2026-08-31 00:02:46
2026-08-30 23:56:22,FIRE298,0104,Jessica O'Hara,36,4,0,2026-08-31 00:02:46
2026-08-30 23:56:22,FIRE298,0105,Kaylee Bloom,36,7,0,2026-08-31 00:02:46
2026-08-30 23:56:22,FIRE298,0106,Danielle Niu,36,17,0,2026-08-31 00:02:46
2026-08-30 23:56:22,FIRE298,0107,Benjamin Huffman,40,3,0,2026-08-31 00:02:46
2026-08-30 23:56:22,FIRE298,0108,Elizabeth Massey,40,14,0,2026-08-31 00:02:46
2026-08-30 23:56:22,FIRE298,0109,Shannon Hilton,40,8,0,2026-08-31 00:02:46
2026-08-30 23:56:22,FIRE298,0110,Jaclyn Bruner,40,18,0,2026-08-31 00:02:46
2026-08-30 23:56:22,FIRE298,0111,Mary Chey,36,7,0,2026-08-31 00:02:46
2026-08-30 23:56:22,FIRE298,0112,Helene Nguemgaing,40,16,0,2026-08-31 00:02:46
2026-08-30 23:56:22,FIRE298,0113,Kristina Kramarczuk,40,11,0,2026-08-31 00:02:46
2026-08-30 23:56:22,FIRE298,0114,Shabnam Jabeen,40,24,0,2026-08-31 00:02:46
2026-08-30 23:56:22,FIRE298,0115,Sara Strey,40,15,0,2026-08-31 00:02:46
2026-08-30 23:56:22,FIRE298,0116,Lena Johnson,40,7,0,2026-08-31 00:02:46
2026-08-30 23:56:22,FIRE398,0101,Catherine Spirito,15,4,0,2026-08-31 00:02:46
2026-08-30 23:56:22,FIRE398,0103,Cherisse Hall,15,4,0,2026-08-31 00:02:46
2026-08-30 23:56:22,FIRE398,0104,Jessica O'Hara,15,3,0,2026-08-31 00:02:46
2026-08-30 23:56:22,FIRE398,0105,Kaylee Bloom,15,2,0,2026-08-31 00:02:46
2026-08-30 23:56:22,FIRE398,0106,Danielle Niu,15,11,0,2026-08-31 00:02:46
2026-08-30 23:56:22,FIRE398,0107,Benjamin Huffman,15,3,0,2026-08-31 00:02:46
2026-08-30 23:56:22,FIRE398,0108,Elizabeth Massey,15,7,0,2026-08-31 00:02:46
2026-08-30 23:56:22,FIRE398,0109,Shannon Hilton,15,8,0,2026-08-31 00:02:46
2026-08-30 23:56:22,FIRE398,0110,Jaclyn Bruner,15,8,0,2026-08-31 00:02:46
2026-08-30 23:56:22,FIRE398,0111,Mary Chey,15,5,0,2026-08-31 00:02:46
2026-08-30 23:56:22,FIRE398,0112,Helene Nguemgaing,15,15,0,2026-08-31 00:02:46
2026-08-30 23:56:22,FIRE398,0113,Kristina Kramarczuk,15,6,0,2026-08-31 00:02:46
2026-08-30 23:56:22,FIRE398,0114,Shabnam Jabeen,15,15,0,2026-08-31 00:02:46
2026-08-30 23:56:22,FIRE398,0115,Sara Strey,15,14,0,2026-08-31 00:02:46
2026-08-30 23:56:22,FIRE398,0116,Lena Johnson,15,11,0,2026-08-31 00:02:46
2026-08-30 23:56:22,GBHL200,0101,Hassanatu Blake,30,0,3,2026-08-31 00:02:56
2026-08-30 23:56:22,GBHL200,FC01,Zandra Andre,25,0,0,2026-08-31 00:02:56
2026-08-30 23:56:22,GBHL210,0101,Leena Malayil,25,8,0,2026-08-31 00:02:56
2026-08-30 23:56:22,GBHL399,0101,Hassanatu Blake,3,3,0,2026-08-31 00:02:57
2026-08-30 23:56:22,GBHL399,0111,Dina Borzekowski,5,5,0,2026-08-31 00:02:57
2026-08-30 23:56:22,GEMS101,0101,Allison Lansverk,10,0,0,2026-08-31 00:02:58
2026-08-30 23:56:22,GEMS101,0103,Allison Lansverk,10,1,0,2026-08-31 00:02:58
2026-08-30 23:56:22,GEMS101,0104,Allison Lansverk,10,0,0,2026-08-31 00:02:58
2026-08-30 23:56:22,GEMS101,0105,Allison Lansverk,10,0,0,2026-08-31 00:02:58
2026-08-30 23:56:22,GEMS101,0106,Allison Lansverk,10,0,0,2026-08-31 00:02:58
2026-08-30 23:56:22,GEMS101,0107,Allison Lansverk,10,0,0,2026-08-31 00:02:58
2026-08-30 23:56:22,GEMS101,0109,Allison Lansverk,10,0,0,2026-08-31 00:02:58
2026-08-30 23:56:22,GEMS101,0111,Allison Lansverk,10,0,0,2026-08-31 00:02:58
2026-08-30 23:56:22,GEMS101,0113,Allison Lansverk,10,0,0,2026-08-31 00:02:58
2026-08-30 23:56:22,GEMS101,0114,Allison Lansverk,10,0,0,2026-08-31 00:02:58
2026-08-30 23:56:22,GEMS202,0101,Allison Lansverk,168,49,0,2026-08-31 00:02:58
2026-08-30 23:56:22,GEMS208A,0101,Allison Lansverk,14,14,0,2026-08-31 00:02:59
2026-08-30 23:56:22,GEMS208B,0101,Allison Lansverk,14,14,0,2026-08-31 00:02:59
2026-08-30 23:56:22,GEMS208C,0101,Allison Lansverk,23,13,0,2026-08-31 00:02:59
2026-08-30 23:56:22,GEMS208D,0101,Allison Lansverk,10,10,0,2026-08-31 00:02:59
2026-08-30 23:56:22,GEMS208P,0101,Allison Lansverk,20,10,0,2026-08-31 00:02:59
2026-08-30 23:56:22,GEMS296,0101,Sehrish Shikarpurya,14,4,0,2026-08-31 00:02:59
2026-08-30 23:56:22,GEMS296,0102,Instructor: TBA,14,3,0,2026-08-31 00:02:59
2026-08-30 23:56:22,GEMS296,0103,Myles Poulin,14,1,0,2026-08-31 00:02:59
2026-08-30 23:56:22,GEMS296,0104,Raymond Adomaitis,14,2,0,2026-08-31 00:02:59
2026-08-30 23:56:22,GEMS296,0105,Rodolphe Gentili,14,4,0,2026-08-31 00:02:59
2026-08-30 23:56:22,GEMS296,0106,Jared Grauer,14,6,0,2026-08-31 00:02:59
2026-08-30 23:56:22,GEMS296,0107,Fengfeng Ke,14,6,0,2026-08-31 00:02:59
2026-08-30 23:56:22,GEMS296,0108,Instructor: TBA,14,5,0,2026-08-31 00:02:59
2026-08-30 23:56:22,GEMS296,0109,Huang Chiao Huang,14,2,0,2026-08-31 00:02:59
2026-08-30 23:56:22,GEMS296,0110,Mengqiang Zhu,14,7,0,2026-08-31 00:02:59
2026-08-30 23:56:22,GEMS296,0111,Maria Molina,14,7,0,2026-08-31 00:02:59
2026-08-30 23:56:22,GEMS296,0112,Youssef Kousa,14,5,0,2026-08-31 00:02:59
2026-08-30 23:56:22,GEMS296,0113,Instructor: TBA,5,5,0,2026-08-31 00:02:59
2026-08-30 23:56:22,GEMS296,0114,Instructor: TBA,14,14,0,2026-08-31 00:02:59
2026-08-30 23:56:22,GEMS296,0115,David Lovell,5,4,0,2026-08-31 00:02:59
2026-08-30 23:56:22,GEMS297,0113,Instructor: TBA,5,5,0,2026-08-31 00:02:59
2026-08-30 23:56:22,GEMS396,0101,Michael Humber,14,9,0,2026-08-31 00:03:00
2026-08-30 23:56:22,GEMS396,0102,Seth Dickey,14,4,0,2026-08-31 00:03:00
2026-08-30 23:56:22,GEMS396,0103,Cecilia Huertas Cerdeira,14,11,0,2026-08-31 00:03:00
2026-08-30 23:56:22,GEMS396,0104,Rodolphe Gentili,14,5,0,2026-08-31 00:03:00
2026-08-30 23:56:22,GEMS396,0105,Allison Reilly,14,7,0,2026-08-31 00:03:00
2026-08-30 23:56:22,GEMS396,0106,Peter Sunderland,14,5,0,2026-08-31 00:03:00
2026-08-30 23:56:22,GEMS396,0107,Brett Lacey,14,9,0,2026-08-31 00:03:00
2026-08-30 23:56:22,GEMS396,0108,Natalia Buzulukova,14,6,0,2026-08-31 00:03:00
2026-08-30 23:56:22,GEMS396,0109,Anil Deane,14,5,0,2026-08-31 00:03:00
2026-08-30 23:56:22,GEMS396,0110,Colenso Speer,14,7,0,2026-08-31 00:03:00
2026-08-30 23:56:22,GEMS396,0111,Instructor: TBA,14,14,0,2026-08-31 00:03:00
2026-08-30 23:56:22,GEMS396,0112,Instructor: TBA,14,14,0,2026-08-31 00:03:00
2026-08-30 23:56:22,GEMS396,0113,David Lovell,5,4,0,2026-08-31 00:03:00
2026-08-30 23:56:22,GEMS396,0114,David Lovell,5,5,0,2026-08-31 00:03:00
2026-08-30 23:56:22,GEMS397,0113,David Lovell,5,4,0,2026-08-31 00:03:00
2026-08-30 23:56:22,GEMS496,0101,Eric Haag,14,8,0,2026-08-31 00:03:00
2026-08-30 23:56:22,GEMS496,0102,Mohammad Nayeem Teli,14,11,0,2026-08-31 00:03:00
2026-08-30 23:56:22,GEMS496,0103,Norberto Gonzalez- Juarbe,14,4,0,2026-08-31 00:03:00
2026-08-30 23:56:22,GEMS496,0104,Abhinav Shrivastava,14,8,0,2026-08-31 00:03:00
2026-08-30 23:56:22,GEMS496,0105,Hector Alcala,14,7,0,2026-08-31 00:03:00
2026-08-30 23:56:22,GEMS496,0106,Massimo Ricotti,14,5,0,2026-08-31 00:03:00
2026-08-30 23:56:22,GEMS496,0107,Reza Ghodssi,14,8,0,2026-08-31 00:03:00
2026-08-30 23:56:22,GEMS496,0108,Nikhil Chopra,14,11,0,2026-08-31 00:03:00
2026-08-30 23:56:22,GEMS496,0109,Kimberly Stroka,14,5,0,2026-08-31 00:03:00
2026-08-30 23:56:22,GEMS496,0110,Gorjan Alagic,14,13,0,2026-08-31 00:03:00
2026-08-30 23:56:22,GEMS496,0111,Alisa Clyne,14,8,0,2026-08-31 00:03:00
2026-08-30 23:56:22,GEMS496,0112,Xin Zan,14,10,0,2026-08-31 00:03:00
2026-08-30 23:56:22,GEMS496,0113,Erin Tran,14,14,0,2026-08-31 00:03:00
2026-08-30 23:56:22,GEMS496,0114,David Lovell,5,5,0,2026-08-31 00:03:00
2026-08-30 23:56:22,GEMS497,0107,Instructor: TBA,14,14,0,2026-08-31 00:03:00
2026-08-30 23:56:22,GEMS497,0110,Instructor: TBA,5,5,0,2026-08-31 00:03:00
2026-08-30 23:56:22,GEMS497,0113,David Lovell,5,5,0,2026-08-31 00:03:00
2026-08-30 23:56:22,GFPL100,0101,Joshua Itzkowitz Shifrinson,20,0,0,2026-08-31 00:03:14
2026-08-30 23:56:22,GFPL100,0102,Joshua Itzkowitz Shifrinson,20,1,0,2026-08-31 00:03:14
2026-08-30 23:56:22,GFPL100,0103,Joshua Itzkowitz Shifrinson,20,1,0,2026-08-31 00:03:14
2026-08-30 23:56:22,GFPL100,0104,Joshua Itzkowitz Shifrinson,20,0,0,2026-08-31 00:03:14
2026-08-30 23:56:22,GFPL100,0105,Joshua Itzkowitz Shifrinson,20,0,1,2026-08-31 00:03:14
2026-08-30 23:56:22,GFPL100,0106,Joshua Itzkowitz Shifrinson,25,1,0,2026-08-31 00:03:14
2026-08-30 23:56:22,GFPL100,FC01,Devin Entrikin,30,0,2,2026-08-31 00:03:14
2026-08-30 23:56:22,GFPL102,0101,Caroline Ritter,95,25,0,2026-08-31 00:03:14
2026-08-30 23:56:22,GFPL371,0101,Joshua Itzkowitz Shifrinson,35,0,2,2026-08-31 00:03:14
2026-08-30 23:56:22,GFPL388A,0101,Shannon Carcelli,5,5,0,2026-08-31 00:03:14
2026-08-30 23:56:22,GFPL388B,0101,Hyunki Kim,5,5,0,2026-08-31 00:03:15
2026-08-30 23:56:22,GFPL388C,0101,Scott Kastner,5,0,0,2026-08-31 00:03:15
2026-08-30 23:56:22,GFPL390,0101,Lena Andrews,20,0,11,2026-08-31 00:03:15
2026-08-30 23:56:22,GFPL490,0101,Michael Woldemariam,15,1,0,2026-08-31 00:03:15
2026-08-30 23:56:22,GFPL492,0101,Steve Fetter,20,0,0,2026-08-31 00:03:15
2026-08-30 23:56:22,GLBC200,0101,Chris Lewis,30,0,6,2026-08-31 00:03:16
2026-08-30 23:56:22,GLBC350,0101,Michele Mason,30,25,0,2026-08-31 00:03:17
2026-08-30 23:56:22,HACS100,0101,Cassie Harrington,40,1,0,2026-08-31 00:03:26
2026-08-30 23:56:22,HACS100,0201,Cassie Harrington,40,14,0,2026-08-31 00:03:26
2026-08-30 23:56:22,HACS200,0101,Michel Cukier,34,9,0,2026-08-31 00:03:26
2026-08-30 23:56:22,HACS200,0201,Michel Cukier,34,1,0,2026-08-31 00:03:26
2026-08-30 23:56:22,HACS202,0101,Bertrand Sobesto,52,17,0,2026-08-31 00:03:27
2026-08-30 23:56:22,HACS208A,0101,Lawrence Gordon,20,0,5,2026-08-31 00:03:27
2026-08-30 23:56:22,HACS208C,0101,Lamia Zia,26,9,0,2026-08-31 00:03:27
2026-08-30 23:56:22,HACS208P,0101,Charles Harry,26,0,1,2026-08-31 00:03:27
2026-08-30 23:56:22,HACS297,0101,Sarah Herberger,25,6,0,2026-08-31 00:03:28
2026-08-30 23:56:22,HACS408E,0101,Luke Mains,30,11,0,2026-08-31 00:03:28
2026-08-30 23:56:22,HACS408L,0101,Ian Serbin,30,1,0,2026-08-31 00:03:28
2026-08-30 23:56:22,HACS408M,0101,John McGahagan,30,0,2,2026-08-31 00:03:28
2026-08-30 23:56:22,HACS498,0101,Thomas Woods,7,1,0,2026-08-31 00:03:28
2026-08-30 23:56:22,HACS498,0201,David Trott,9,0,0,2026-08-31 00:03:28
2026-08-30 23:56:22,HACS498,0301,Michel Cukier,8,0,0,2026-08-31 00:03:28
2026-08-30 23:56:22,HBUS100,0101,Jui Ramaprasad,72,4,0,2026-08-31 00:03:30
2026-08-30 23:56:22,HBUS200,0101,Nicole Coomber,60,3,0,2026-08-31 00:03:30
2026-08-30 23:56:22,HDCC105,0101,Antwon Key,70,7,0,2026-08-31 00:03:31
2026-08-30 23:56:22,HDCC201,0101,Jessica Lu,22,1,0,2026-08-31 00:03:32
2026-08-30 23:56:22,HDCC201,0201,Jessica Lu,22,0,0,2026-08-31 00:03:32
2026-08-30 23:56:22,HDCC201,0301,Jessica Lu,22,4,0,2026-08-31 00:03:32
2026-08-30 23:56:22,HDCC208A,0101,William Evans,14,0,0,2026-08-31 00:03:32
2026-08-30 23:56:22,HDCC208J,0101,Grant Bollmer,14,0,0,2026-08-31 00:03:32
2026-08-30 23:56:22,HDCC208P,0101,Cliff Bakalian,14,0,0,2026-08-31 00:03:32
2026-08-30 23:56:22,HDCC208T,0101,Jonathan Reyes,14,0,0,2026-08-31 00:03:32
2026-08-30 23:56:22,HDCC208Z,0101,M Sauter,14,7,0,2026-08-31 00:03:32
2026-08-30 23:56:22,HDCC379,0101,Antwon Key,5,4,0,2026-08-31 00:03:32
2026-08-30 23:56:22,HEBR106,0101,Avital Karpman,15,2,0,2026-08-31 00:03:34
2026-08-30 23:56:22,HEBR106,0201,Avital Karpman,15,10,0,2026-08-31 00:03:34
2026-08-30 23:56:22,HEBR206,0101,Avital Karpman,15,7,0,2026-08-31 00:03:34
2026-08-30 23:56:22,HEBR249C,0101,Aliza Sandalon,15,0,2,2026-08-31 00:03:34
2026-08-30 23:56:22,HEBR298B,0101,Matthew Suriano,25,0,1,2026-08-31 00:03:34
2026-08-30 23:56:22,HEBR313,0101,Aliza Sandalon,20,0,5,2026-08-31 00:03:34
2026-08-30 23:56:22,HGLO100,0101,Alfredo Oliveira,22,7,0,2026-08-31 00:03:44
2026-08-30 23:56:22,HGLO100,0102,Natalie Vinski Ibrahim,22,8,0,2026-08-31 00:03:44
2026-08-30 23:56:22,HGLO100,0103,Natalie Vinski Ibrahim,22,2,0,2026-08-31 00:03:44
2026-08-30 23:56:22,HGLO100,0104,Alfredo Oliveira,22,11,0,2026-08-31 00:03:44
2026-08-30 23:56:22,HGLO101,0101,Sarah Croco,23,1,0,2026-08-31 00:03:44
2026-08-30 23:56:22,HGLO101,0102,Sarah Croco,22,8,0,2026-08-31 00:03:44
2026-08-30 23:56:22,HGLO101,0103,Sarah Croco,22,8,0,2026-08-31 00:03:44
2026-08-30 23:56:22,HGLO101,0104,Sarah Croco,22,13,0,2026-08-31 00:03:44
2026-08-30 23:56:22,HGLO207,0101,Natalie Vinski Ibrahim,25,13,0,2026-08-31 00:03:44
2026-08-30 23:56:22,HGLO208,0101,Alfredo Oliveira,45,24,0,2026-08-31 00:03:44
2026-08-30 23:56:22,HGLO298,0101,Jordan Gouws-Dewar,30,29,0,2026-08-31 00:03:44
2026-08-30 23:56:22,HLSC100,0101,Jalah Townsend,24,1,0,2026-08-31 00:04:07
2026-08-30 23:56:22,HLSC100,0102,Jalah Townsend,24,1,0,2026-08-31 00:04:07
2026-08-30 23:56:22,HLSC100,0103,Jalah Townsend,24,2,0,2026-08-31 00:04:07
2026-08-30 23:56:22,HLSC100,0104,Jalah Townsend,24,12,0,2026-08-31 00:04:07
2026-08-30 23:56:22,HLSC280,0101,Najib El-Sayed,25,4,0,2026-08-31 00:04:07
2026-08-30 23:56:22,HLSC280,0102,Najib El-Sayed,25,5,0,2026-08-31 00:04:07
2026-08-30 23:56:22,HLSC280,0103,Najib El-Sayed,25,4,0,2026-08-31 00:04:07
2026-08-30 23:56:22,HLSC280,0104,Najib El-Sayed,25,8,0,2026-08-31 00:04:07
2026-08-30 23:56:22,HLSC329,0101,Sabrina Kramer,12,4,0,2026-08-31 00:04:07
2026-08-30 23:56:22,HNUH100,0101,Robert Graham,20,2,0,2026-08-31 00:04:15
2026-08-30 23:56:22,HNUH100,0102,Robert Graham,20,0,0,2026-08-31 00:04:15
2026-08-30 23:56:22,HNUH100,0103,Brittany Proudfoot Ginder,20,1,0,2026-08-31 00:04:15
2026-08-30 23:56:22,HNUH100,0104,Max Barnewitz,20,0,0,2026-08-31 00:04:15
2026-08-30 23:56:22,HNUH100,0105,Vasfiye Toprak,20,0,0,2026-08-31 00:04:15
2026-08-30 23:56:22,HNUH100,0106,Vasfiye Toprak,20,1,0,2026-08-31 00:04:15
2026-08-30 23:56:22,HNUH100,0201,Max Barnewitz,20,0,0,2026-08-31 00:04:15
2026-08-30 23:56:22,HNUH100,0202,Max Barnewitz,20,0,0,2026-08-31 00:04:15
2026-08-30 23:56:22,HNUH100,0203,Vasfiye Toprak,20,2,0,2026-08-31 00:04:15
2026-08-30 23:56:22,HNUH100,0204,Vasfiye Toprak,20,0,0,2026-08-31 00:04:15
2026-08-30 23:56:22,HNUH100,0205,Ayondela McDole,20,3,0,2026-08-31 00:04:15
2026-08-30 23:56:22,HNUH100,0206,Ayondela McDole,20,0,0,2026-08-31 00:04:15
2026-08-30 23:56:22,HNUH100,0301,Robert Graham,20,0,0,2026-08-31 00:04:15
2026-08-30 23:56:22,HNUH100,0302,Shauna Rigaud,20,8,0,2026-08-31 00:04:15
2026-08-30 23:56:22,HNUH100,0303,Shauna Rigaud,20,0,0,2026-08-31 00:04:15
2026-08-30 23:56:22,HNUH100,0304,Max Barnewitz,20,4,0,2026-08-31 00:04:15
2026-08-30 23:56:22,HNUH100,0305,Vasfiye Toprak,20,0,0,2026-08-31 00:04:15
2026-08-30 23:56:22,HNUH100,0306,Vasfiye Toprak,20,2,0,2026-08-31 00:04:15
2026-08-30 23:56:22,HNUH100,0401,Gretchen Bella,20,0,0,2026-08-31 00:04:15
2026-08-30 23:56:22,HNUH100,0402,Gretchen Bella,20,6,0,2026-08-31 00:04:15
2026-08-30 23:56:22,HNUH100,0403,Max Barnewitz,20,0,0,2026-08-31 00:04:15
2026-08-30 23:56:22,HNUH100,0404,Ayondela McDole,20,6,0,2026-08-31 00:04:15
2026-08-30 23:56:22,HNUH100,0405,Ayondela McDole,20,1,0,2026-08-31 00:04:15
2026-08-30 23:56:22,HNUH100,0406,Ayondela McDole,20,4,0,2026-08-31 00:04:15
2026-08-30 23:56:22,HNUH100,0501,Leigha McReynolds,10,3,0,2026-08-31 00:04:15
2026-08-30 23:56:22,HNUH100,0601,Brittany Proudfoot Ginder,20,0,0,2026-08-31 00:04:15
2026-08-30 23:56:22,HNUH218D,0101,Brian Gilmore,48,0,1,2026-08-31 00:04:16
2026-08-30 23:56:22,HNUH218L,0101,Shauna Rigaud,20,2,0,2026-08-31 00:04:16
2026-08-30 23:56:22,HNUH218L,0201,Shauna Rigaud,20,0,1,2026-08-31 00:04:16
2026-08-30 23:56:22,HNUH228D,0101,Matthew McLaughlin,60,0,8,2026-08-31 00:04:16
2026-08-30 23:56:22,HNUH228L,0101,Alena Wigodner,20,0,2,2026-08-31 00:04:16
2026-08-30 23:56:22,HNUH228L,0201,Alena Wigodner,20,0,1,2026-08-31 00:04:16
2026-08-30 23:56:22,HNUH228N,0101,Peter Grybauskas,20,0,1,2026-08-31 00:04:16
2026-08-30 23:56:22,HNUH229I,0101,Gretchen Bella,20,0,0,2026-08-31 00:04:16
2026-08-30 23:56:22,HNUH238D,0101,Susan Moeller,60,0,4,2026-08-31 00:04:17
2026-08-30 23:56:22,HNUH238L,0101,Kimberly Johnson,20,1,0,2026-08-31 00:04:17
2026-08-30 23:56:22,HNUH238L,0201,Kimberly Johnson,20,1,0,2026-08-31 00:04:17
2026-08-30 23:56:22,HNUH238N,0101,Hannah Wegmann,20,9,0,2026-08-31 00:04:17
2026-08-30 23:56:22,HNUH239T,0101,Gerald Suarez,20,0,2,2026-08-31 00:04:17
2026-08-30 23:56:22,HNUH248D,0101,Juan Uriagereka,45,0,2,2026-08-31 00:04:17
2026-08-30 23:56:22,HNUH248L,0201,Robert Graham,20,12,0,2026-08-31 00:04:17
2026-08-30 23:56:22,HNUH248M,0101,Hassanatu Blake,20,10,0,2026-08-31 00:04:17
2026-08-30 23:56:22,HNUH248N,0101,Siv Lie,20,0,7,2026-08-31 00:04:18
2026-08-30 23:56:22,HNUH249P,0101,Temim Nusraty,20,0,0,2026-08-31 00:04:18
2026-08-30 23:56:22,HNUH258C,0101,Bill Fagan,55,27,0,2026-08-31 00:04:18
2026-08-30 23:56:22,HNUH258Q,0101,Tiara Thomas,20,0,0,2026-08-31 00:04:18
2026-08-30 23:56:22,HNUH259P,0101,Hooman Koliji,20,0,0,2026-08-31 00:04:18
2026-08-30 23:56:22,HNUH268C,0101,Perla Guerrero,60,31,0,2026-08-31 00:04:18
2026-08-30 23:56:22,HNUH269P,0101,Marisa Franco,20,0,9,2026-08-31 00:04:19
2026-08-30 23:56:22,HNUH278C,0101,Chinyere Osuji,60,37,0,2026-08-31 00:04:19
2026-08-30 23:56:22,HNUH278I,0101,Marisa Franco,20,6,0,2026-08-31 00:04:19
2026-08-30 23:56:22,HNUH278I,0102,Marisa Franco,20,2,0,2026-08-31 00:04:19
2026-08-30 23:56:22,HNUH278R,0101,Max Barnewitz,20,0,4,2026-08-31 00:04:19
2026-08-30 23:56:22,HNUH288C,0101,Julia Steinberg,30,0,0,2026-08-31 00:04:19
2026-08-30 23:56:22,HNUH288C,0103,Julia Steinberg,30,11,0,2026-08-31 00:04:19
2026-08-30 23:56:22,HNUH288O,0101,Ariana Nash,20,0,3,2026-08-31 00:04:19
2026-08-30 23:56:22,HNUH300,0301,Vasfiye Toprak,20,0,0,2026-08-31 00:04:20
2026-08-30 23:56:22,HNUH300,0401,Robert Graham,20,0,0,2026-08-31 00:04:20
2026-08-30 23:56:22,HNUH300,0601,Alena Wigodner,20,0,0,2026-08-31 00:04:20
2026-08-30 23:56:22,HNUH300,0701,Ingrid Satelmajer,20,12,0,2026-08-31 00:04:20
2026-08-30 23:56:22,HNUH300,0801,Shauna Rigaud,20,1,0,2026-08-31 00:04:20
2026-08-30 23:56:22,HNUH300,0901,Kimberly Johnson,20,3,0,2026-08-31 00:04:20
2026-08-30 23:56:22,HNUH300,1001,Ingrid Satelmajer,20,13,0,2026-08-31 00:04:20
2026-08-30 23:56:22,HNUH318T,0101,Peter Owen,24,0,0,2026-08-31 00:04:20
2026-08-30 23:56:22,HNUH319T,0101,Emily Shetty,22,0,0,2026-08-31 00:04:20
2026-08-30 23:56:22,HNUH328T,0101,Woodie Kessel,24,2,0,2026-08-31 00:04:20
2026-08-30 23:56:22,HNUH329T,0101,Rob Long,20,1,0,2026-08-31 00:04:20
2026-08-30 23:56:22,HNUH338T,0101,Andrew Fausett,22,0,0,2026-08-31 00:04:20
2026-08-30 23:56:22,HNUH348T,0101,Ed Fendley,22,1,0,2026-08-31 00:04:21
2026-08-30 23:56:22,HNUH358T,0101,Sean Misko,22,1,0,2026-08-31 00:04:21
2026-08-30 23:56:22,HNUH359T,0101,Amanda Schoch,20,0,0,2026-08-31 00:04:21
2026-08-30 23:56:22,HNUH368T,0101,Nadia Farra,20,0,0,2026-08-31 00:04:21
2026-08-30 23:56:22,HNUH369T,0101,Andrew Nissen,20,0,0,2026-08-31 00:04:21
2026-08-30 23:56:22,HNUH378T,0101,Joshua Glasser,20,1,0,2026-08-31 00:04:21
2026-08-30 23:56:22,HNUH398P,0101,Jayakumar Arasan,25,24,0,2026-08-31 00:04:22
2026-08-30 23:56:22,HNUH398P,0201,Jayakumar Arasan,5,2,0,2026-08-31 00:04:22
2026-08-30 23:56:22,HNUH398T,0101,Sasha Koo-Oshima,20,3,0,2026-08-31 00:04:22
2026-08-30 23:56:22,HONR368A,0101,Blake Wilder,22,0,0,2026-08-31 00:04:23
2026-08-30 23:56:22,IMDM101,0101,Mollye Bendell,30,14,0,2026-08-31 00:04:26
2026-08-30 23:56:22,IMDM101,0201,Myungin Lee,30,20,0,2026-08-31 00:04:26
2026-08-30 23:56:22,IMDM101,0301,Myungin Lee,30,20,0,2026-08-31 00:04:26
2026-08-30 23:56:22,IMDM127,0101,Roger Eastman,36,16,0,2026-08-31 00:04:26
2026-08-30 23:56:22,IMDM150,0101,Stefano Passeri,30,21,0,2026-08-31 00:04:26
2026-08-30 23:56:22,IMDM227,0101,Stevens Miller,30,4,0,2026-08-31 00:04:32
2026-08-30 23:56:22,IMDM227,0201,Stevens Miller,30,19,0,2026-08-31 00:04:32
2026-08-30 23:56:22,IMDM327,0101,Myungin Lee,25,0,0,2026-08-31 00:04:33
2026-08-30 23:56:22,IMDM350,0101,Jason Farman,29,12,0,2026-08-31 00:04:33
2026-08-30 23:56:22,IMDM490,0101,Matthew Nolan,30,0,0,2026-08-31 00:04:33
2026-08-30 23:56:22,IMDM490,0201,Matthew Nolan,30,17,0,2026-08-31 00:04:33
2026-08-30 23:56:22,IMDM498K,0101,Matthew Nolan,15,0,0,2026-08-31 00:04:33
2026-08-30 23:56:22,IMMR319D,0101,Beka Guluma,20,13,0,2026-08-31 00:04:35
2026-08-30 23:56:22,IMMR394,0101,Wenxi Yang,25,0,0,2026-08-31 00:04:35
2026-08-30 23:56:22,IMMR399,0101,Instructor: TBA,2,2,0,2026-08-31 00:04:35
2026-08-30 23:56:22,IMMR400,0101,Gerson Rosales,20,7,0,2026-08-31 00:04:35
2026-08-30 23:56:22,ISRL249J,0101,Aner Tal,30,24,0,2026-08-31 00:04:45
2026-08-30 23:56:22,ISRL249M,0101,Aliza Sandalon,15,0,2,2026-08-31 00:04:45
2026-08-30 23:56:22,ISRL283,0101,Shay Hazkani,35,0,1,2026-08-31 00:04:45
2026-08-30 23:56:22,ISRL349G,0101,Marwa Maziad,30,0,0,2026-08-31 00:04:45
2026-08-30 23:56:22,ISRL349K,0101,Regev Ben-David,30,25,0,2026-08-31 00:04:46
2026-08-30 23:56:22,ISRL349T,0101,Elli Lieberman,35,14,0,2026-08-31 00:04:46
2026-08-30 23:56:22,ISRL349Y,0101,Adina Friedman,35,26,0,2026-08-31 00:04:46
2026-08-30 23:56:22,ISRL382,0101,Ilai Saltzman,35,2,0,2026-08-31 00:04:46
2026-08-30 23:56:22,ISRL448R,0101,Morad Elsana,25,8,0,2026-08-31 00:04:46
2026-08-30 23:56:22,ITAL103,0101,Antonella D'Amario,18,13,0,2026-08-31 00:04:48
2026-08-30 23:56:22,ITAL103,0201,Antonella D'Amario,18,6,0,2026-08-31 00:04:48
2026-08-30 23:56:22,ITAL103,0301,Joseph Falvo,18,8,0,2026-08-31 00:04:48
2026-08-30 23:56:22,ITAL203,0101,Antonella D'Amario,18,11,0,2026-08-31 00:04:48
2026-08-30 23:56:22,ITAL203,0201,Antonella D'Amario,18,13,0,2026-08-31 00:04:48
2026-08-30 23:56:22,ITAL204,0101,Federica Soddu,18,15,0,2026-08-31 00:04:48
2026-08-30 23:56:22,ITAL207,0101,Mirella Vaglio,18,17,0,2026-08-31 00:04:48
2026-08-30 23:56:22,ITAL301,0101,Federica Soddu,20,11,0,2026-08-31 00:04:48
2026-08-30 23:56:22,ITAL362,0101,Federica Soddu,20,9,0,2026-08-31 00:04:49
2026-08-30 23:56:22,ITAL401,0101,Mirella Vaglio,15,12,0,2026-08-31 00:04:49
2026-08-30 23:56:22,ITAL421,0101,Joseph Falvo,25,13,0,2026-08-31 00:04:49
2026-08-30 23:56:22,ITAL478R,0101,Joseph Falvo,5,3,0,2026-08-31 00:04:49
2026-08-30 23:56:22,JAPN101,0101,Kumiko Akikawa,15,0,0,2026-08-31 00:04:51
2026-08-30 23:56:22,JAPN101,0201,Kumiko Akikawa,15,3,0,2026-08-31 00:04:51
2026-08-30 23:56:22,JAPN101,0301,Kumiko Akikawa,15,4,0,2026-08-31 00:04:51
2026-08-30 23:56:22,JAPN201,0101,Makiko Inoue,15,5,0,2026-08-31 00:04:51
2026-08-30 23:56:22,JAPN201,0201,Makiko Inoue,15,5,0,2026-08-31 00:04:51
2026-08-30 23:56:22,JAPN301,0101,Mari Hamada,15,9,0,2026-08-31 00:04:51
2026-08-30 23:56:22,JAPN311,0101,Jyana Browne,15,11,0,2026-08-31 00:04:51
2026-08-30 23:56:22,JAPN315,0101,Michele Mason,20,0,2,2026-08-31 00:04:51
2026-08-30 23:56:22,JAPN320,0101,Lindsay Yotsukura,15,9,0,2026-08-31 00:04:52
2026-08-30 23:56:22,JAPN498B,0101,Jyana Browne,20,2,0,2026-08-31 00:04:52
2026-08-30 23:56:22,KORA101,0101,Saerom Kwak,15,1,0,2026-08-31 00:05:18
2026-08-30 23:56:22,KORA101,0201,Saerom Kwak,15,1,0,2026-08-31 00:05:18
2026-08-30 23:56:22,KORA101,0301,Saerom Kwak,15,9,0,2026-08-31 00:05:18
2026-08-30 23:56:22,KORA101,0401,Saerom Kwak,15,6,0,2026-08-31 00:05:18
2026-08-30 23:56:22,KORA201,0101,Seong Minne Koh,15,4,0,2026-08-31 00:05:18
2026-08-30 23:56:22,KORA201,0201,Seong Minne Koh,15,5,0,2026-08-31 00:05:18
2026-08-30 23:56:22,KORA201,0301,Seong Minne Koh,15,9,0,2026-08-31 00:05:18
2026-08-30 23:56:22,KORA398G,0101,Instructor: TBA,10,7,0,2026-08-31 00:05:19
2026-08-30 23:56:22,KORA398W,0101,Seong Minne Koh,10,3,0,2026-08-31 00:05:19
2026-08-30 23:56:22,LEAD217,0101,Festus Ainoo,25,0,1,2026-08-31 00:05:29
2026-08-30 23:56:22,LEAD217,0201,Adrian Bitton,25,0,3,2026-08-31 00:05:29
2026-08-30 23:56:22,LEAD217,FC01,Festus Ainoo,20,0,2,2026-08-31 00:05:29
2026-08-30 23:56:22,LEAD305,0101,Anastasia Lavrenyuk,20,0,0,2026-08-31 00:05:30
2026-08-30 23:56:22,LEAD315,0101,Anastasia Lavrenyuk,25,12,0,2026-08-31 00:05:30
2026-08-30 23:56:22,LEAD320,0101,Courtney Holder,10,9,0,2026-08-31 00:05:30
2026-08-30 23:56:22,LGBT200,0201,Basanth Babu,25,0,2,2026-08-31 00:05:31
2026-08-30 23:56:22,LGBT265,0101,Tyra Griffin,30,0,2,2026-08-31 00:05:31
2026-08-30 23:56:22,LGBT265,0201,Declan Langton,30,0,0,2026-08-31 00:05:31
2026-08-30 23:56:22,LGBT359J,0101,Chris Eng,25,13,0,2026-08-31 00:05:31
2026-08-30 23:56:22,MLAW100,0101,Christine White,83,14,0,2026-08-31 00:05:53
2026-08-30 23:56:22,MLAW304,0201,Christine White,65,17,0,2026-08-31 00:05:54
2026-08-30 23:56:22,MLAW305,0101,Brian Gilmore,40,0,0,2026-08-31 00:05:54
2026-08-30 23:56:22,MLAW315,0101,Grace Benton,13,3,0,2026-08-31 00:05:54
2026-08-30 23:56:22,MLAW358Q,0101,David Cunningham,5,5,0,2026-08-31 00:05:54
2026-08-30 23:56:22,MLAW358T,0101,Christine White,25,4,0,2026-08-31 00:05:54
2026-08-30 23:56:22,MLAW358X,0101,Martin Kobren,5,0,1,2026-08-31 00:05:54
2026-08-30 23:56:22,MLAW359,0101,Brandee Pettus,10,6,0,2026-08-31 00:05:54
2026-08-30 23:56:22,MLAW378E,0101,Brandee Pettus,5,5,0,2026-08-31 00:05:55
2026-08-30 23:56:22,MLAW378K,0101,Brian Gilmore,20,1,0,2026-08-31 00:05:55
2026-08-30 23:56:22,MLAW378Q,0101,Paul Huth,5,3,0,2026-08-31 00:05:55
2026-08-30 23:56:22,MLAW378R,0101,Nancy Schertzing,13,0,0,2026-08-31 00:05:55
2026-08-30 23:56:22,MLAW388,0101,Brandee Pettus,40,23,0,2026-08-31 00:05:55
2026-08-30 23:56:22,MLSC250,FC01,William Simpson,20,0,4,2026-08-31 00:05:56
2026-08-30 23:56:22,NEUR200,0101,Ana Navarro Cebrian,75,0,8,2026-08-31 00:06:11
2026-08-30 23:56:22,NEUR200,0201,Ana Navarro Cebrian,75,0,7,2026-08-31 00:06:11
2026-08-30 23:56:22,NEUR200,0301,Evan Hart,75,0,6,2026-08-31 00:06:11
2026-08-30 23:56:22,NEUR305,0101,Amanda Chicoli,100,12,0,2026-08-31 00:06:12
2026-08-30 23:56:22,NEUR306,0101,Chan Lin,200,6,0,2026-08-31 00:06:12
2026-08-30 23:56:22,NEUR398H,0101,Nikolas Francis,20,20,0,2026-08-31 00:06:12
2026-08-30 23:56:22,NEUR405,0101,Hilary Bierman,20,0,0,2026-08-31 00:06:13
2026-08-30 23:56:22,NEUR405,0102,Hilary Bierman,20,0,0,2026-08-31 00:06:13
2026-08-30 23:56:22,NEUR405,0103,Hilary Bierman,20,0,0,2026-08-31 00:06:13
2026-08-30 23:56:22,PEER312,0101,Aleia Gardner,15,8,0,2026-08-31 00:06:22
2026-08-30 23:56:22,PEER318,0101,Christina Jay,15,11,0,2026-08-31 00:06:22
2026-08-30 23:56:22,PEER319,0101,Grace Boudreau,15,7,0,2026-08-31 00:06:22
2026-08-30 23:56:22,PHPE308D,0101,Xinzhi Zhao,30,4,0,2026-08-31 00:06:31
2026-08-30 23:56:22,PHPE308F,0101,Regev Ben-David,30,25,0,2026-08-31 00:06:31
2026-08-30 23:56:22,PHPE308M,0101,Hallie Liberto,30,20,0,2026-08-31 00:06:31
2026-08-30 23:56:22,PHPE308O,0101,Jackson Iszler,30,0,0,2026-08-31 00:06:32
2026-08-30 23:56:22,PHPE308Y,0101,Rachel Singpurwalla,20,0,3,2026-08-31 00:06:32
2026-08-30 23:56:22,PHPE308Y,0102,Rachel Singpurwalla,20,0,5,2026-08-31 00:06:32
2026-08-30 23:56:22,PHPE308Y,0103,Rachel Singpurwalla,20,0,4,2026-08-31 00:06:32
2026-08-30 23:56:22,PHPE400,0101,Justin Helms,18,1,0,2026-08-31 00:06:32
2026-08-30 23:56:22,PHPE400,0102,Justin Helms,18,1,0,2026-08-31 00:06:32
2026-08-30 23:56:22,PHPE400,0103,Justin Helms,20,1,0,2026-08-31 00:06:32
2026-08-30 23:56:22,PHPE401,0101,Xinzhi Zhao,25,0,12,2026-08-31 00:06:32
2026-08-30 23:56:22,PHPE402,0101,Dan Moller,30,0,2,2026-08-31 00:06:32
2026-08-30 23:56:22,PHPE408J,0101,Lixing Miao,25,0,0,2026-08-31 00:06:33
2026-08-30 23:56:22,PHPE408R,0101,Xinzhi Zhao,25,11,0,2026-08-31 00:06:33
2026-08-30 23:56:22,PHSC388J,0101,Kendall Bustad,20,5,0,2026-08-31 00:06:34
2026-08-30 23:56:22,PHSC389,0101,Shannon Edward,30,20,0,2026-08-31 00:06:34
2026-08-30 23:56:22,PHSC399,0101,Shannon Edward,30,17,0,2026-08-31 00:06:34
2026-08-30 23:56:22,PHSC415,0101,Jessica O'Hara,31,0,1,2026-08-31 00:06:34
2026-08-30 23:56:22,PHSC415,0102,Jessica O'Hara,31,0,1,2026-08-31 00:06:34
2026-08-30 23:56:22,PHSC415,0103,Jessica O'Hara,31,0,0,2026-08-31 00:06:34
2026-08-30 23:56:22,PHSC415,0104,Jessica O'Hara,31,0,0,2026-08-31 00:06:34
2026-08-30 23:56:22,PHSC415,0105,Jessica O'Hara,31,2,0,2026-08-31 00:06:34
2026-08-30 23:56:22,PHSC420,0101,Jennifer German,35,5,0,2026-08-31 00:06:35
2026-08-30 23:56:22,PHSC450,0101,Kendall Bustad,20,0,4,2026-08-31 00:06:35
2026-08-30 23:56:22,PHSC450,0102,Kendall Bustad,20,0,4,2026-08-31 00:06:35
2026-08-30 23:56:22,PHSC450,0103,Kendall Bustad,20,0,2,2026-08-31 00:06:35
2026-08-30 23:56:22,PHSC450,0104,Kendall Bustad,20,0,3,2026-08-31 00:06:35
2026-08-30 23:56:22,PHSC450,0105,Kendall Bustad,20,0,2,2026-08-31 00:06:35
2026-08-30 23:56:22,PHSC450,0106,Kendall Bustad,20,0,2,2026-08-31 00:06:35
2026-08-30 23:56:22,PHSC450,0107,Kendall Bustad,20,0,1,2026-08-31 00:06:35
2026-08-30 23:56:22,PHSC450,0108,Kendall Bustad,20,0,1,2026-08-31 00:06:35
2026-08-30 23:56:22,PHSC497,0101,Kendall Bustad,20,1,0,2026-08-31 00:06:35
2026-08-30 23:56:22,PHSC497,0301,Shannon Edward,20,3,0,2026-08-31 00:06:35
2026-08-30 23:56:22,PHSC497,0601,Jennifer German,20,1,0,2026-08-31 00:06:35
2026-08-30 23:56:22,PLCY100,0101,Toby Egan,25,0,5,2026-08-31 00:06:48
2026-08-30 23:56:22,PLCY100,0102,Toby Egan,25,0,5,2026-08-31 00:06:48
2026-08-30 23:56:22,PLCY100,0103,Toby Egan,25,0,5,2026-08-31 00:06:48
2026-08-30 23:56:22,PLCY100,0104,Toby Egan,25,0,2,2026-08-31 00:06:48
2026-08-30 23:56:22,PLCY100,0201,Namrta Sharma,25,12,0,2026-08-31 00:06:48
2026-08-30 23:56:22,PLCY100,0202,Namrta Sharma,25,14,0,2026-08-31 00:06:48
2026-08-30 23:56:22,PLCY100,0203,Namrta Sharma,25,0,0,2026-08-31 00:06:48
2026-08-30 23:56:22,PLCY100,0204,Namrta Sharma,25,12,0,2026-08-31 00:06:48
2026-08-30 23:56:22,PLCY101,0101,Robert Sprinkle,75,0,3,2026-08-31 00:06:48
2026-08-30 23:56:22,PLCY170,0101,Joshua Itzkowitz Shifrinson,20,0,0,2026-08-31 00:06:49
2026-08-30 23:56:22,PLCY170,0102,Joshua Itzkowitz Shifrinson,20,1,0,2026-08-31 00:06:49
2026-08-30 23:56:22,PLCY170,0103,Joshua Itzkowitz Shifrinson,20,1,0,2026-08-31 00:06:49
2026-08-30 23:56:22,PLCY170,0104,Joshua Itzkowitz Shifrinson,20,0,0,2026-08-31 00:06:49
2026-08-30 23:56:22,PLCY170,0105,Joshua Itzkowitz Shifrinson,20,0,1,2026-08-31 00:06:49
2026-08-30 23:56:22,PLCY170,0106,Joshua Itzkowitz Shifrinson,25,1,0,2026-08-31 00:06:49
2026-08-30 23:56:22,PLCY172,0101,Caroline Ritter,95,25,0,2026-08-31 00:06:49
2026-08-30 23:56:22,PLCY200,0101,Shanna Pearson-Merkowitz,35,0,4,2026-08-31 00:06:49
2026-08-30 23:56:22,PLCY200,0201,Shanna Pearson-Merkowitz,35,0,3,2026-08-31 00:06:49
2026-08-30 23:56:22,PLCY200,0301,Namrta Sharma,35,0,4,2026-08-31 00:06:49
2026-08-30 23:56:22,PLCY201,0101,Julio Guzman,70,0,4,2026-08-31 00:06:49
2026-08-30 23:56:22,PLCY201,0201,Gregory Ramsay,60,0,4,2026-08-31 00:06:49
2026-08-30 23:56:22,PLCY201,FC01,Anne Kaiser,30,0,4,2026-08-31 00:06:49
2026-08-30 23:56:22,PLCY201,FC02,Anne Kaiser,30,2,0,2026-08-31 00:06:49
2026-08-30 23:56:22,PLCY201S,0101,Susannah Washburn,80,6,0,2026-08-31 00:06:49
2026-08-30 23:56:22,PLCY203,0101,Thomas Hilde,60,0,0,2026-08-31 00:06:49
2026-08-30 23:56:22,PLCY203,0201,Anne Kaiser,60,40,0,2026-08-31 00:06:49
2026-08-30 23:56:22,PLCY213,0201,Claire Dunning,40,0,1,2026-08-31 00:06:50
2026-08-30 23:56:22,PLCY214,0101,Patricia Bory,65,21,0,2026-08-31 00:06:50
2026-08-30 23:56:22,PLCY240,0101,Timothy Reedy,30,0,9,2026-08-31 00:06:50
2026-08-30 23:56:22,PLCY288K,0101,CHRISTIAN OSTERMANN,25,1,0,2026-08-31 00:06:50
2026-08-30 23:56:22,PLCY300,0101,Alana Hackshaw,45,0,10,2026-08-31 00:06:50
2026-08-30 23:56:22,PLCY300,0201,Namrta Sharma,45,27,0,2026-08-31 00:06:50
2026-08-30 23:56:22,PLCY301,0101,Caroline Boules,165,8,0,2026-08-31 00:06:51
2026-08-30 23:56:22,PLCY302,0101,Niambi Carter,40,0,0,2026-08-31 00:06:51
2026-08-30 23:56:22,PLCY302,0201,Ebonie Johnson Cooper,40,0,0,2026-08-31 00:06:51
2026-08-30 23:56:22,PLCY302,0301,Lindsay Dieudonne,40,0,1,2026-08-31 00:06:51
2026-08-30 23:56:22,PLCY303,0101,Juan Martinez Guzman,40,2,0,2026-08-31 00:06:51
2026-08-30 23:56:22,PLCY304,0101,Michael Busse,40,11,0,2026-08-31 00:06:51
2026-08-30 23:56:22,PLCY304,0201,Michael Busse,40,12,0,2026-08-31 00:06:51
2026-08-30 23:56:22,PLCY309,0101,Martin Sanders,30,27,0,2026-08-31 00:06:51
2026-08-30 23:56:22,PLCY310,0101,Selvon Waldron,35,17,0,2026-08-31 00:06:52
2026-08-30 23:56:22,PLCY313,0101,Gerard Evans,100,12,0,2026-08-31 00:06:52
2026-08-30 23:56:22,PLCY371,0101,Joshua Itzkowitz Shifrinson,35,0,2,2026-08-31 00:06:52
2026-08-30 23:56:22,PLCY380,0101,Isabel O'Malley,40,0,4,2026-08-31 00:06:52
2026-08-30 23:56:22,PLCY380,ESG1,Kisha McNeill,30,5,0,2026-08-31 00:06:52
2026-08-30 23:56:22,PLCY388A,0101,Brandi Onowu,40,2,0,2026-08-31 00:06:52
2026-08-30 23:56:22,PLCY388N,0101,Nina Harris,25,2,0,2026-08-31 00:06:52
2026-08-30 23:56:22,PLCY390,0101,Lena Andrews,20,0,11,2026-08-31 00:06:53
2026-08-30 23:56:22,PLCY399B,0101,Beatrice DeBelen,30,20,0,2026-08-31 00:06:53
2026-08-30 23:56:22,PLCY400,0101,Patricia Bory,25,5,0,2026-08-31 00:06:53
2026-08-30 23:56:22,PLCY401,0101,Anand Patwardhan,20,6,0,2026-08-31 00:06:53
2026-08-30 23:56:22,PLCY401,0201,Tracy Thompson,20,0,1,2026-08-31 00:06:53
2026-08-30 23:56:22,PLCY401,0301,David Mussington,20,6,0,2026-08-31 00:06:53
2026-08-30 23:56:22,PLCY490,0101,Michael Woldemariam,15,1,0,2026-08-31 00:06:53
2026-08-30 23:56:22,PLCY492,0101,Steve Fetter,20,0,0,2026-08-31 00:06:54
2026-08-30 23:56:22,PLCY610,0201,Alec Worsnop,40,7,0,2026-08-31 00:06:54
2026-08-30 23:56:22,PLCY630,0101,Catherine Worsnop,25,4,0,2026-08-31 00:06:55
2026-08-30 23:56:22,PLCY630,0201,Catherine Worsnop,25,3,0,2026-08-31 00:06:55
2026-08-30 23:56:22,PLCY631,0101,Cullen Merritt,25,1,0,2026-08-31 00:06:55
2026-08-30 23:56:22,PLCY640,0201,Thomas Spreen,30,3,0,2026-08-31 00:06:56
2026-08-30 23:56:22,PLCY641,0101,Tyler Kustra,30,1,0,2026-08-31 00:06:56
2026-08-30 23:56:22,PLCY641,0201,Tyler Kustra,30,7,0,2026-08-31 00:06:56
2026-08-30 23:56:22,PLCY670,0101,Philip Joyce,30,0,0,2026-08-31 00:06:56
2026-08-30 23:56:22,PLCY680,0101,Claire Dunning,25,1,0,2026-08-31 00:07:06
2026-08-30 23:56:22,PLCY680,0201,Michael Woldemariam,25,7,0,2026-08-31 00:07:06
2026-08-30 23:56:22,PLCY688C,0101,Charles Harry,20,10,0,2026-08-31 00:07:06
2026-08-30 23:56:22,PLCY688F,PWL1,Nekeya O'Connor,20,1,0,2026-08-31 00:07:07
2026-08-30 23:56:22,PLCY688P,0101,Steve Fetter,10,0,0,2026-08-31 00:07:07
2026-08-30 23:56:22,PLCY688Z,0101,Brandi Onowu,20,3,0,2026-08-31 00:07:07
2026-08-30 23:56:22,PLCY689E,0101,Susan Parker,20,0,3,2026-08-31 00:07:07
2026-08-30 23:56:22,PLCY690,0110,David Mussington,15,2,0,2026-08-31 00:07:07
2026-08-30 23:56:22,PLCY690,0120,Margaret Brindle,15,3,0,2026-08-31 00:07:07
2026-08-30 23:56:22,PLCY690,0130,Douglas Call,15,0,1,2026-08-31 00:07:07
2026-08-30 23:56:22,PLCY690,0150,Paul Brown,15,1,0,2026-08-31 00:07:07
2026-08-30 23:56:22,PLCY690,0170,James Stillwell,15,0,0,2026-08-31 00:07:07
2026-08-30 23:56:22,PLCY698T,0101,Elizabeth Duke,20,4,0,2026-08-31 00:07:07
2026-08-30 23:56:22,PLCY699L,0101,Michael Woldemariam,10,0,0,2026-08-31 00:07:08
2026-08-30 23:56:22,PLCY720,0101,Nancy Gallagher,20,3,0,2026-08-31 00:07:08
2026-08-30 23:56:22,PLCY734,0101,Niambi Carter,20,0,0,2026-08-31 00:07:08
2026-08-30 23:56:22,PLCY735,0101,Robert Sprinkle,20,8,0,2026-08-31 00:07:08
2026-08-30 23:56:22,PLCY741,0101,Anand Patwardhan,20,7,0,2026-08-31 00:07:08
2026-08-30 23:56:22,PLCY742,0101,Thomas Hilde,20,9,0,2026-08-31 00:07:08
2026-08-30 23:56:22,PLCY780,0101,Robert Orr,20,0,2,2026-08-31 00:07:17
2026-08-30 23:56:22,PLCY781,0101,Julio Guzman,20,2,0,2026-08-31 00:07:17
2026-08-30 23:56:22,PLCY783,0101,Margaret Brindle,20,8,0,2026-08-31 00:07:17
2026-08-30 23:56:22,PLCY798F,PWL1,William Nolte,25,18,0,2026-08-31 00:07:26
2026-08-30 23:56:22,PLCY798Y,PWL1,Jeffrey Franco,25,0,0,2026-08-31 00:08:27
2026-08-30 23:56:22,PLCY798Z,0101,Peter Reuter,12,0,0,2026-08-31 00:08:27
2026-08-30 23:56:22,PLSC112,0101,Samuel Daramola,100,27,6,2026-08-31 00:08:28
2026-08-30 23:56:22,PLSC113,0101,Samuel Daramola,24,10,3,2026-08-31 00:08:29
2026-08-30 23:56:22,PLSC113,0102,Samuel Daramola,24,9,1,2026-08-31 00:08:29
2026-08-30 23:56:22,PLSC113,0103,Samuel Daramola,24,9,0,2026-08-31 00:08:29
2026-08-30 23:56:22,PLSC113,0104,Samuel Daramola,24,10,1,2026-08-31 00:08:29
2026-08-30 23:56:22,PLSC115,0101,Shirley Micallef,24,0,6,2026-08-31 00:08:34
2026-08-30 23:56:22,PLSC201,0101,Pierre Jacob,42,16,0,2026-08-31 00:08:35
2026-08-30 23:56:22,PLSC203,0101,Vijay Tiwari,23,16,0,2026-08-31 00:08:35
2026-08-30 23:56:22,PLSC205,0101,Mark Carroll,22,2,2,2026-08-31 00:08:35
2026-08-30 23:56:22,PLSC206,0101,Pierre Jacob,21,8,0,2026-08-31 00:08:35
2026-08-30 23:56:22,PLSC206,0102,Pierre Jacob,21,8,0,2026-08-31 00:08:35
2026-08-30 23:56:22,PLSC253,0101,Karen Petroff,24,0,0,2026-08-31 00:08:35
2026-08-30 23:56:22,PLSC253,0102,Karen Petroff,24,10,0,2026-08-31 00:08:35
2026-08-30 23:56:22,PLSC389,0101,Craig Beyrouty,17,17,0,2026-08-31 00:08:36
2026-08-30 23:56:22,PLSC402,0101,Geoffrey Rinehart,10,2,0,2026-08-31 00:08:36
2026-08-30 23:56:22,PLSC404,0101,Yiping Qi,20,9,0,2026-08-31 00:08:36
2026-08-30 23:56:22,PLSC420,0101,Nidhi Rawat,18,5,0,2026-08-31 00:08:55
2026-08-30 23:56:22,PLSC420,0102,Nidhi Rawat,18,12,0,2026-08-31 00:08:55
2026-08-30 23:56:22,PLSC433,0101,Diana Cochran,10,2,0,2026-08-31 00:08:55
2026-08-30 23:56:22,PLSC453,0101,Samuel Daramola,24,3,0,2026-08-31 00:08:56
2026-08-30 23:56:22,PLSC471,0101,Juanita Choo,20,0,0,2026-08-31 00:08:56
2026-08-30 23:56:22,PLSC476,0101,Maile Neel,23,19,0,2026-08-31 00:09:30
2026-08-30 23:56:22,PLSC608,0101,Shunyuan Xiao,20,13,0,2026-08-31 00:09:30
2026-08-30 23:56:22,PORT103,0101,Parker Brookie,15,8,0,2026-08-31 00:10:09
2026-08-30 23:56:22,PORT205,0101,Parker Brookie,15,6,0,2026-08-31 00:10:09
2026-08-30 23:56:22,PORT332,0101,Parker Brookie,25,0,2,2026-08-31 00:10:10
2026-08-30 23:56:22,RELS120,0101,Antoine Borrut,40,0,2,2026-08-31 00:12:34
2026-08-30 23:56:22,RELS170,0101,Chiara Graf,21,0,7,2026-08-31 00:12:34
2026-08-30 23:56:22,RELS170,0102,Chiara Graf,21,0,9,2026-08-31 00:12:34
2026-08-30 23:56:22,RELS170,0103,Chiara Graf,21,0,8,2026-08-31 00:12:34
2026-08-30 23:56:22,RELS170,0104,Chiara Graf,21,0,7,2026-08-31 00:12:34
2026-08-30 23:56:22,RELS170,0105,Chiara Graf,21,0,8,2026-08-31 00:12:34
2026-08-30 23:56:22,RELS170,0106,Chiara Graf,21,0,13,2026-08-31 00:12:34
2026-08-30 23:56:22,RELS170,0107,Chiara Graf,21,0,9,2026-08-31 00:12:34
2026-08-30 23:56:22,RELS170,0108,Chiara Graf,21,0,6,2026-08-31 00:12:34
2026-08-30 23:56:22,RELS170,0109,Chiara Graf,22,0,3,2026-08-31 00:12:34
2026-08-30 23:56:22,RELS171,0101,Maxine Grossman,40,0,6,2026-08-31 00:12:35
2026-08-30 23:56:22,RELS219K,0101,Shay Hazkani,40,33,0,2026-08-31 00:12:35
2026-08-30 23:56:22,RELS225,0101,Stephanie Cooper,25,0,1,2026-08-31 00:12:35
2026-08-30 23:56:22,RELS273,0101,Hayim Lapin,23,0,1,2026-08-31 00:12:35
2026-08-30 23:56:22,RELS273,0102,Hayim Lapin,23,0,1,2026-08-31 00:12:35
2026-08-30 23:56:22,RELS273,0103,Hayim Lapin,23,0,2,2026-08-31 00:12:35
2026-08-30 23:56:22,RELS274,0101,Matthew Suriano,20,0,20,2026-08-31 00:12:51
2026-08-30 23:56:22,RELS274,0102,Matthew Suriano,20,0,16,2026-08-31 00:12:51
2026-08-30 23:56:22,RELS274,0103,Matthew Suriano,20,0,13,2026-08-31 00:12:51
2026-08-30 23:56:22,RELS274,0104,Matthew Suriano,20,0,16,2026-08-31 00:12:51
2026-08-30 23:56:22,RELS319D,0101,Nathan Levine,35,27,0,2026-08-31 00:12:52
2026-08-30 23:56:22,RELS319Z,0101,Regev Ben-David,30,27,0,2026-08-31 00:12:53
2026-08-30 23:56:22,RELS341,0101,Janna Bianchini,30,3,0,2026-08-31 00:12:53
2026-08-30 23:56:22,RUSS101,0101,Inna Hardman,15,4,0,2026-08-31 00:13:14
2026-08-30 23:56:22,RUSS101,0201,Inna Hardman,15,3,0,2026-08-31 00:13:14
2026-08-30 23:56:22,RUSS201,0101,Zhanna Gerus-Vernola,15,8,0,2026-08-31 00:13:14
2026-08-30 23:56:22,RUSS301,0101,Izolda Savenkova,15,5,0,2026-08-31 00:13:14
2026-08-30 23:56:22,RUSS321,0101,Elizabeth Papazian,15,3,0,2026-08-31 00:13:15
2026-08-30 23:56:22,RUSS334,0101,Elizabeth Papazian,25,0,1,2026-08-31 00:13:38
2026-08-30 23:56:22,RUSS404,0101,Izolda Savenkova,15,2,0,2026-08-31 00:13:39
2026-08-30 23:56:22,SDSB123,0101,Brian Kim,40,9,0,2026-08-31 00:13:40
2026-08-30 23:56:22,SDSB180,0101,Brian Kim,180,155,0,2026-08-31 00:13:40
2026-08-30 23:56:22,SDSB233,0101,Jacob Coutts,25,3,0,2026-08-31 00:13:41
2026-08-30 23:56:22,SDSB233,0102,Jacob Coutts,25,11,0,2026-08-31 00:13:41
2026-08-30 23:56:22,SDSB233,0103,Jacob Coutts,25,9,0,2026-08-31 00:13:41
2026-08-30 23:56:22,SDSB326,0101,Jacob Coutts,50,32,0,2026-08-31 00:13:41
2026-08-30 23:56:22,SDSB340,0101,Neil Lund,40,0,0,2026-08-31 00:13:41
2026-08-30 23:56:22,SDSI414,0201,Maria Krupenkin,34,13,0,2026-08-31 00:13:42
2026-08-30 23:56:22,SDSI414,0202,Maria Krupenkin,34,0,0,2026-08-31 00:13:42
2026-08-30 23:56:22,SDSI492,0101,TJ Rainsford,50,11,0,2026-08-31 00:13:42
2026-08-30 23:56:22,SDSI492,0103,Mary Ann Francis,40,0,6,2026-08-31 00:13:42
2026-08-30 23:56:22,SDSI492,0104,TJ Rainsford,50,13,0,2026-08-31 00:13:42
2026-08-30 23:56:22,SDSI492,0106,Jesse Klein,50,0,10,2026-08-31 00:13:42
2026-08-30 23:56:22,SDSI492,0107,Connie Siebold,40,0,6,2026-08-31 00:13:42
2026-08-30 23:56:22,SDSI492,0110,Patrick Thornton,50,27,0,2026-08-31 00:13:42
2026-08-30 23:56:22,SLLC108I,0101,Instructor: TBA,5,4,0,2026-08-31 00:13:45
2026-08-30 23:56:22,SLLC108J,0101,Instructor: TBA,5,5,0,2026-08-31 00:14:00
2026-08-30 23:56:22,SLLC108W,0101,Instructor: TBA,5,5,0,2026-08-31 00:14:00
2026-08-30 23:56:22,SLLC118A,0101,Sean Pue,10,3,0,2026-08-31 00:14:00
2026-08-30 23:56:22,SLLC200,0101,Chris Lewis,30,0,6,2026-08-31 00:14:00
2026-08-30 23:56:22,SLLC286,0101,Andrew Schonebaum,60,8,0,2026-08-31 00:14:00
2026-08-30 23:56:22,SLLC309,0101,Ahmed Hanafy,10,10,0,2026-08-31 00:14:32
2026-08-30 23:56:22,SLLC309,0102,Ahmed Hanafy,10,8,0,2026-08-31 00:14:32
2026-08-30 23:56:22,SLLC309,0103,Ahmed Hanafy,10,8,0,2026-08-31 00:14:32
2026-08-30 23:56:22,SLLC309,0104,Ahmed Hanafy,10,6,0,2026-08-31 00:14:32
2026-08-30 23:56:22,SLLC309,0105,Ahmed Hanafy,10,6,0,2026-08-31 00:14:32
2026-08-30 23:56:22,SLLC309,0106,Ahmed Hanafy,10,7,0,2026-08-31 00:14:32
2026-08-30 23:56:22,SLLC309,0107,Ahmed Hanafy,10,8,0,2026-08-31 00:14:32
2026-08-30 23:56:22,SLLC309,0108,Ahmed Hanafy,10,9,0,2026-08-31 00:14:32
2026-08-30 23:56:22,SLLC309,0109,Ahmed Hanafy,10,7,0,2026-08-31 00:14:32
2026-08-30 23:56:22,SLLC309,0110,Ahmed Hanafy,10,4,0,2026-08-31 00:14:32
2026-08-30 23:56:22,SLLC309,0111,Ahmed Hanafy,10,10,0,2026-08-31 00:14:32
2026-08-30 23:56:22,SLLC329,0101,Marilyn Matar,12,0,0,2026-08-31 00:14:32
2026-08-30 23:56:22,SLLC329,0102,Marilyn Matar,10,3,0,2026-08-31 00:14:32
2026-08-30 23:56:22,SLLC329,0103,Marilyn Matar,21,6,0,2026-08-31 00:14:32
2026-08-30 23:56:22,SLLC329,0104,Marilyn Matar,10,8,0,2026-08-31 00:14:32
2026-08-30 23:56:22,SLLC329,0105,Marilyn Matar,10,9,0,2026-08-31 00:14:32
2026-08-30 23:56:22,SLLC329,0106,Marilyn Matar,10,4,0,2026-08-31 00:14:32
2026-08-30 23:56:22,SLLC329,0107,Marilyn Matar,10,9,0,2026-08-31 00:14:32
2026-08-30 23:56:22,SLLC329,0108,Marilyn Matar,10,8,0,2026-08-31 00:14:32
2026-08-30 23:56:22,SLLC329,0109,Marilyn Matar,10,5,0,2026-08-31 00:14:32
2026-08-30 23:56:22,SLLC329,0110,Marilyn Matar,20,5,0,2026-08-31 00:14:32
2026-08-30 23:56:22,SLLC350,0101,Michele Mason,30,25,0,2026-08-31 00:14:32
2026-08-30 23:56:22,SMLP470,0101,Brooke Smith,45,13,0,2026-08-31 00:14:34
2026-08-30 23:56:22,SMLP472,0101,Sara Herald,60,21,0,2026-08-31 00:14:34
2026-08-30 23:56:22,TLTC310,0101,Sarah Kistner,0,0,0,2026-08-31 00:15:51
2026-08-30 23:56:22,TLTC310,0201,Yanira Ortiz,20,14,0,2026-08-31 00:15:51
2026-08-30 23:56:22,TLTC333,0101,Mona Thompson,55,5,0,2026-08-31 00:15:51
2026-08-30 23:56:22,TLTC333,0102,Mona Thompson,60,1,0,2026-08-31 00:15:51
2026-08-30 23:56:22,TLTC333,0105,Mona Thompson,57,13,0,2026-08-31 00:15:51
2026-08-30 23:56:22,TLTC499A,0101,Mona Thompson,10,7,0,2026-08-31 00:15:52
2026-08-30 23:56:22,TLTC499A,0102,Danielle Pafe,10,8,0,2026-08-31 00:15:52
2026-08-30 23:56:22,UMEI005,0101,Charles Duquette,15,3,0,2026-08-31 00:15:53
2026-08-30 23:56:22,UMEI005,0201,Heather Mehrtens,15,9,0,2026-08-31 00:15:53
2026-08-30 23:56:22,UMEI005,0301,Marilena Draganescu,15,10,0,2026-08-31 00:15:53
2026-08-30 23:56:22,UMEI012,0101,Louise Godley,10,9,0,2026-08-31 00:15:53
2026-08-30 23:56:22,UMEI013,0101,Louise Godley,10,9,0,2026-08-31 00:15:53
2026-08-30 23:56:22,UMEI028A,0101,Raymond Smith,16,14,0,2026-08-31 00:15:53
2026-08-30 23:56:22,UMEI506,0101,Heather Mehrtens,16,0,0,2026-08-31 00:15:54
2026-08-30 23:56:22,UMEI506,0201,Heather Mehrtens,16,8,0,2026-08-31 00:15:54
2026-08-30 23:56:22,UMEI507,0101,Marilena Draganescu,15,4,0,2026-08-31 00:15:54
2026-08-30 23:56:22,USLT201,0101,Robert Chester,25,0,0,2026-08-31 00:15:59
2026-08-30 23:56:22,USLT398C,0101,Angela Pico Pinto,25,18,0,2026-08-31 00:15:59
2026-08-30 23:56:22,USLT450,0101,Robert Chester,20,0,4,2026-08-31 00:15:59
2026-08-30 23:56:22,USLT498C,0101,Ana Rodriguez,20,14,0,2026-08-31 00:15:59
2026-08-30 23:56:22,VIPS099,0115,Veronica Kang,5,4,0,2026-08-31 00:16:00
2026-08-30 23:56:22,VIPS208,0101,Mary Bowden,10,10,0,2026-08-31 00:16:01
2026-08-30 23:56:22,VIPS208,0102,Ken Kiger,10,2,0,2026-08-31 00:16:01
2026-08-30 23:56:22,VIPS208,0103,Bryan Quinn,10,6,0,2026-08-31 00:16:01
2026-08-30 23:56:22,VIPS208,0104,Abdil Chowdhury,10,3,0,2026-08-31 00:16:01
2026-08-30 23:56:22,VIPS208,0105,Molly Carton,10,7,0,2026-08-31 00:16:01
2026-08-30 23:56:22,VIPS208,0106,James Baeder,14,3,0,2026-08-31 00:16:01
2026-08-30 23:56:22,VIPS208,0107,Catherine Spirito,10,6,0,2026-08-31 00:16:01
2026-08-30 23:56:22,VIPS208,0108,Ronald Yaros,10,4,0,2026-08-31 00:16:01
2026-08-30 23:56:22,VIPS208,0109,Carinna Ferguson,10,6,0,2026-08-31 00:16:01
2026-08-30 23:56:22,VIPS208,0110,Tracy Riggins,15,0,0,2026-08-31 00:16:01
2026-08-30 23:56:22,VIPS208,0111,Kevin Calabro,13,3,0,2026-08-31 00:16:01
2026-08-30 23:56:22,VIPS208,0112,Raffaele Viglianti,10,5,0,2026-08-31 00:16:01
2026-08-30 23:56:22,VIPS208,0113,Shabnam Jabeen,10,2,0,2026-08-31 00:16:01
2026-08-30 23:56:22,VIPS208,0114,Ning Zeng,15,6,0,2026-08-31 00:16:01
2026-08-30 23:56:22,VIPS208,0115,Veronica Kang,10,5,0,2026-08-31 00:16:01
2026-08-30 23:56:22,VIPS208,0116,David Stewart,10,0,0,2026-08-31 00:16:01
2026-08-30 23:56:22,VIPS208,0117,Meredith Epstein,10,8,0,2026-08-31 00:16:01
2026-08-30 23:56:22,VIPS208,0118,Magaly Toro Ibaceta,10,3,0,2026-08-31 00:16:01
2026-08-30 23:56:22,VIPS208,0120,Marisa Parham,10,6,0,2026-08-31 00:16:01
2026-08-30 23:56:22,VIPS208,0121,Becky Epanchin-Niell,10,1,0,2026-08-31 00:16:01
2026-08-30 23:56:22,VIPS208,0122,Timothy Reedy,10,4,0,2026-08-31 00:16:01
2026-08-30 23:56:22,VIPS208,0123,Lingnan Lin,13,4,0,2026-08-31 00:16:01
2026-08-30 23:56:22,VIPS208,0124,Jeffrey Moro,10,4,0,2026-08-31 00:16:01
2026-08-30 23:56:22,VIPS208,0125,Peter Sunderland,12,4,0,2026-08-31 00:16:01
2026-08-30 23:56:22,VIPS208,0126,Brienna Anderson,10,2,0,2026-08-31 00:16:01
2026-08-30 23:56:22,VIPS308,0101,Mary Bowden,10,9,0,2026-08-31 00:16:01
2026-08-30 23:56:22,VIPS308,0102,Ken Kiger,10,3,0,2026-08-31 00:16:01
2026-08-30 23:56:22,VIPS308,0103,Bryan Quinn,10,3,0,2026-08-31 00:16:01
2026-08-30 23:56:22,VIPS308,0104,Abdil Chowdhury,10,4,0,2026-08-31 00:16:01
2026-08-30 23:56:22,VIPS308,0105,Molly Carton,10,3,0,2026-08-31 00:16:01
2026-08-30 23:56:22,VIPS308,0106,James Baeder,10,6,0,2026-08-31 00:16:01
2026-08-30 23:56:22,VIPS308,0107,Catherine Spirito,10,7,0,2026-08-31 00:16:01
2026-08-30 23:56:22,VIPS308,0108,Ronald Yaros,10,9,0,2026-08-31 00:16:01
2026-08-30 23:56:22,VIPS308,0109,Carinna Ferguson,10,7,0,2026-08-31 00:16:01
2026-08-30 23:56:22,VIPS308,0110,Tracy Riggins,10,2,0,2026-08-31 00:16:01
2026-08-30 23:56:22,VIPS308,0111,Kevin Calabro,10,6,0,2026-08-31 00:16:01
2026-08-30 23:56:22,VIPS308,0112,Raffaele Viglianti,10,10,0,2026-08-31 00:16:01
2026-08-30 23:56:22,VIPS308,0113,Shabnam Jabeen,10,8,0,2026-08-31 00:16:01
2026-08-30 23:56:22,VIPS308,0114,Ning Zeng,10,9,0,2026-08-31 00:16:01
2026-08-30 23:56:22,VIPS308,0115,Veronica Kang,10,9,0,2026-08-31 00:16:01
2026-08-30 23:56:22,VIPS308,0116,David Stewart,10,10,0,2026-08-31 00:16:01
2026-08-30 23:56:22,VIPS308,0117,Meredith Epstein,10,8,0,2026-08-31 00:16:01
2026-08-30 23:56:22,VIPS308,0118,Magaly Toro Ibaceta,10,10,0,2026-08-31 00:16:01
2026-08-30 23:56:22,VIPS308,0120,Marisa Parham,10,10,0,2026-08-31 00:16:01
2026-08-30 23:56:22,VIPS308,0121,Becky Epanchin-Niell,10,10,0,2026-08-31 00:16:01
2026-08-30 23:56:22,VIPS308,0122,Roan Parrish,10,10,0,2026-08-31 00:16:01
2026-08-30 23:56:22,VIPS308,0123,Lingnan Lin,10,10,0,2026-08-31 00:16:01
2026-08-30 23:56:22,VIPS308,0124,Jeffrey Moro,10,10,0,2026-08-31 00:16:01
2026-08-30 23:56:22,VIPS308,0125,Peter Sunderland,10,10,0,2026-08-31 00:16:01
2026-08-30 23:56:22,VIPS308,0126,Brienna Anderson,10,10,0,2026-08-31 00:16:01
2026-08-30 23:56:22,VIPS408,0101,Mary Bowden,10,4,0,2026-08-31 00:16:01
2026-08-30 23:56:22,VIPS408,0102,Ken Kiger,10,8,0,2026-08-31 00:16:01
2026-08-30 23:56:22,VIPS408,0103,Bryan Quinn,10,3,0,2026-08-31 00:16:01
2026-08-30 23:56:22,VIPS408,0104,Abdil Chowdhury,10,8,0,2026-08-31 00:16:01
2026-08-30 23:56:22,VIPS408,0105,Molly Carton,10,8,0,2026-08-31 00:16:01
2026-08-30 23:56:22,VIPS408,0106,James Baeder,10,7,0,2026-08-31 00:16:01
2026-08-30 23:56:22,VIPS408,0107,Catherine Spirito,10,10,0,2026-08-31 00:16:01
2026-08-30 23:56:22,VIPS408,0108,Ronald Yaros,10,8,0,2026-08-31 00:16:01
2026-08-30 23:56:22,VIPS408,0109,Carinna Ferguson,10,9,0,2026-08-31 00:16:01
2026-08-30 23:56:22,VIPS408,0110,Tracy Riggins,10,10,0,2026-08-31 00:16:01
2026-08-30 23:56:22,VIPS408,0111,Kevin Calabro,10,8,0,2026-08-31 00:16:01
2026-08-30 23:56:22,VIPS408,0112,Raffaele Viglianti,10,9,0,2026-08-31 00:16:01
2026-08-30 23:56:22,VIPS408,0113,Shabnam Jabeen,10,10,0,2026-08-31 00:16:01
2026-08-30 23:56:22,VIPS408,0114,Ning Zeng,10,10,0,2026-08-31 00:16:01
2026-08-30 23:56:22,VIPS408,0115,Veronica Kang,10,10,0,2026-08-31 00:16:01
2026-08-30 23:56:22,VIPS408,0116,David Stewart,10,10,0,2026-08-31 00:16:01
2026-08-30 23:56:22,VIPS408,0117,Meredith Epstein,10,10,0,2026-08-31 00:16:01
2026-08-30 23:56:22,VIPS408,0118,Magaly Toro Ibaceta,10,9,0,2026-08-31 00:16:01
2026-08-30 23:56:22,VIPS408,0120,Marisa Parham,10,10,0,2026-08-31 00:16:01
2026-08-30 23:56:22,VIPS408,0121,Becky Epanchin-Niell,10,10,0,2026-08-31 00:16:01
2026-08-30 23:56:22,VIPS408,0122,Roan Parrish,10,10,0,2026-08-31 00:16:01
2026-08-30 23:56:22,VIPS408,0123,Lingnan Lin,10,10,0,2026-08-31 00:16:01
2026-08-30 23:56:22,VIPS408,0124,Jeffrey Moro,10,10,0,2026-08-31 00:16:01
2026-08-30 23:56:22,VIPS408,0125,Peter Sunderland,10,10,0,2026-08-31 00:16:01
2026-08-30 23:56:22,VIPS408,0126,Brienna Anderson,10,10,0,2026-08-31 00:16:01
2026-08-30 23:56:22,WEID139B,0101,Denise Joseph,48,14,0,2026-08-31 00:16:04
2026-08-30 23:56:22,WEID139L,0201,Taylor Togafau-Lewis,48,18,0,2026-08-31 00:16:04
2026-08-31 06:15:16,AAAS100,0101,Shane Walsh,35,0,0,2026-08-31 06:15:17
2026-08-31 06:15:16,AAAS100,0201,Shane Walsh,35,0,0,2026-08-31 06:15:17
2026-08-31 06:15:16,AAAS100,0301,George Kintiba,70,40,0,2026-08-31 06:15:17
2026-08-31 06:15:16,AAAS100,0401,Jason Nichols,30,0,0,2026-08-31 06:15:17
2026-08-31 06:15:16,AAAS100,0501,Jason Nichols,35,0,0,2026-08-31 06:15:17
2026-08-31 06:15:16,AAAS101,0101,Chinyere Osuji,40,7,0,2026-08-31 06:15:17
2026-08-31 06:15:16,AAAS187,0101,Robert Choflet,30,0,1,2026-08-31 06:15:18
2026-08-31 06:15:16,AAAS187,0201,Joseph Richardson,30,0,0,2026-08-31 06:15:18
2026-08-31 06:15:16,AAAS200,0101,George Kintiba,40,0,0,2026-08-31 06:15:18
2026-08-31 06:15:16,AAAS202,0101,Robert Choflet,35,0,0,2026-08-31 06:15:18
2026-08-31 06:15:16,AAAS202,0201,Robert Choflet,35,0,0,2026-08-31 06:15:18
2026-08-31 06:15:16,AAAS202,0301,Angelica Dunbar,35,0,0,2026-08-31 06:15:18
2026-08-31 06:15:16,AAAS202,0401,Ashley Everson,35,2,0,2026-08-31 06:15:18
2026-08-31 06:15:16,AAAS202,0501,Ashley Everson,20,2,0,2026-08-31 06:15:18
2026-08-31 06:15:16,AAAS210,0101,Angelica Dunbar,20,13,0,2026-08-31 06:15:19
2026-08-31 06:15:16,AAAS211,0101,Shane Walsh,30,0,0,2026-08-31 06:15:19
2026-08-31 06:15:16,AAAS230,0101,Ashley Newby,30,0,0,2026-08-31 06:15:19
2026-08-31 06:15:16,AAAS230,0201,Ashley Newby,30,0,1,2026-08-31 06:15:19
2026-08-31 06:15:16,AAAS234,0201,Mike Kolakoski,30,0,1,2026-08-31 06:15:19
2026-08-31 06:15:16,AAAS254,0101,Christopher Bonner,40,0,0,2026-08-31 06:15:20
2026-08-31 06:15:16,AAAS271,0101,Sydney Lewis,30,0,0,2026-08-31 06:15:20
2026-08-31 06:15:16,AAAS310,0101,George Kintiba,25,19,0,2026-08-31 06:15:20
2026-08-31 06:15:16,AAAS320,0101,Cecily Jackson,25,0,1,2026-08-31 06:15:21
2026-08-31 06:15:16,AAAS320,0201,Cecily Jackson,25,8,0,2026-08-31 06:15:21
2026-08-31 06:15:16,AAAS325,0101,Traci Dula,20,5,0,2026-08-31 06:15:21
2026-08-31 06:15:16,AAAS350,0101,John Drabinski,20,0,0,2026-08-31 06:15:21
2026-08-31 06:15:16,AAAS361,0101,Michelle Rowley,35,23,0,2026-08-31 06:15:22
2026-08-31 06:15:16,AAAS386,0101,Marshal Washington,10,10,0,2026-08-31 06:15:22
2026-08-31 06:15:16,AAAS397,0101,John Drabinski,2,2,0,2026-08-31 06:15:22
2026-08-31 06:15:16,AAAS397,0201,Angelica Dunbar,2,2,0,2026-08-31 06:15:22
2026-08-31 06:15:16,AAAS397,0301,Sharon Harley,2,2,0,2026-08-31 06:15:22
2026-08-31 06:15:16,AAAS397,0401,Cecily Jackson,2,2,0,2026-08-31 06:15:22
2026-08-31 06:15:16,AAAS397,0501,Sangeetha Madhavan,2,2,0,2026-08-31 06:15:22
2026-08-31 06:15:16,AAAS397,0601,Ashley Newby,1,1,0,2026-08-31 06:15:22
2026-08-31 06:15:16,AAAS397,0701,Chinyere Osuji,2,2,0,2026-08-31 06:15:22
2026-08-31 06:15:16,AAAS397,0801,Periloux Peay,2,2,0,2026-08-31 06:15:22
2026-08-31 06:15:16,AAAS397,0901,Joseph Richardson,2,2,0,2026-08-31 06:15:22
2026-08-31 06:15:16,AAAS398B,0101,Beka Guluma,20,13,0,2026-08-31 06:15:22
2026-08-31 06:15:16,AAAS398W,0101,Jason Nichols,25,10,0,2026-08-31 06:15:22
2026-08-31 06:15:16,AAAS399,0101,Robert Choflet,4,4,0,2026-08-31 06:15:23
2026-08-31 06:15:16,AAAS399,0201,John Drabinski,4,4,0,2026-08-31 06:15:23
2026-08-31 06:15:16,AAAS399,0301,Angelica Dunbar,4,3,0,2026-08-31 06:15:23
2026-08-31 06:15:16,AAAS399,0401,Sharon Harley,4,4,0,2026-08-31 06:15:23
2026-08-31 06:15:16,AAAS399,0501,Cecily Jackson,4,4,0,2026-08-31 06:15:23
2026-08-31 06:15:16,AAAS399,0601,Cecily Jackson,4,4,0,2026-08-31 06:15:23
2026-08-31 06:15:16,AAAS399,0701,Sharon Harley,4,4,0,2026-08-31 06:15:23
2026-08-31 06:15:16,AAAS399,0801,George Kintiba,4,4,0,2026-08-31 06:15:23
2026-08-31 06:15:16,AAAS399,0901,Jason Nichols,4,4,0,2026-08-31 06:15:23
2026-08-31 06:15:16,AAAS399,1001,Ashley Newby,4,3,0,2026-08-31 06:15:23
2026-08-31 06:15:16,AAAS399,1101,Jason Nichols,4,4,0,2026-08-31 06:15:23
2026-08-31 06:15:16,AAAS399,1201,Joseph Richardson,4,4,0,2026-08-31 06:15:23
2026-08-31 06:15:16,AAAS399,1301,Shane Walsh,4,4,0,2026-08-31 06:15:23
2026-08-31 06:15:16,AAAS399,1401,Joseph Richardson,4,4,0,2026-08-31 06:15:23
2026-08-31 06:15:16,AAAS399,1501,Shane Walsh,4,4,0,2026-08-31 06:15:23
2026-08-31 06:15:16,AAAS400,0101,Periloux Peay,25,20,0,2026-08-31 06:15:23
2026-08-31 06:15:16,AAAS415,0101,Periloux Peay,30,0,3,2026-08-31 06:15:23
2026-08-31 06:15:16,AAAS499N,0101,Anne Rosen,25,2,0,2026-08-31 06:15:23
2026-08-31 06:15:16,AAST200,0101,Jennifer Cho,25,0,7,2026-08-31 06:15:25
2026-08-31 06:15:16,AAST200,0102,Binod Paudyal,25,0,11,2026-08-31 06:15:25
2026-08-31 06:15:16,AAST322,0101,Julie Park,30,0,1,2026-08-31 06:15:25
2026-08-31 06:15:16,AAST351,0101,Binod Paudyal,29,0,13,2026-08-31 06:15:26
2026-08-31 06:15:16,AAST355,0101,Jennifer Cho,29,0,32,2026-08-31 06:15:26
2026-08-31 06:15:16,AAST378,0101,Janelle Wong,2,2,0,2026-08-31 06:15:26
2026-08-31 06:15:16,AAST394,0101,Wenxi Yang,25,0,1,2026-08-31 06:15:26
2026-08-31 06:15:16,AAST398I,0101,Michelle Magalong,24,0,2,2026-08-31 06:15:27
2026-08-31 06:15:16,AAST398W,0101,Chris Eng,25,13,0,2026-08-31 06:15:27
2026-08-31 06:15:16,AAST421,0101,Tuyet Duong,20,0,2,2026-08-31 06:15:27
2026-08-31 06:15:16,AAST422,0101,Jennifer Cho,25,4,0,2026-08-31 06:15:27
2026-08-31 06:15:16,AAST424,0101,Dawn Dow,29,10,0,2026-08-31 06:15:28
2026-08-31 06:15:16,AAST440,0101,Binod Paudyal,21,0,7,2026-08-31 06:15:28
2026-08-31 06:15:16,AAST443,0101,Janelle Wong,30,0,5,2026-08-31 06:15:28
2026-08-31 06:15:16,ABRM330,0101,Rashawn Ray,40,0,3,2026-08-31 06:15:29
2026-08-31 06:15:16,ARAB101,0101,Samah Al-salami,15,0,0,2026-08-31 06:16:00
2026-08-31 06:15:16,ARAB101,0201,Ahmed Hanafy,15,0,0,2026-08-31 06:16:00
2026-08-31 06:15:16,ARAB102,0101,Samah Al-salami,15,0,0,2026-08-31 06:16:00
2026-08-31 06:15:16,ARAB102,0201,Lutf Alkebsi,15,11,0,2026-08-31 06:16:00
2026-08-31 06:15:16,ARAB201,0101,Lutf Alkebsi,15,0,0,2026-08-31 06:16:00
2026-08-31 06:15:16,ARAB201,0201,Lutf Alkebsi,15,11,0,2026-08-31 06:16:00
2026-08-31 06:15:16,ARAB208L,0101,Samah Al-salami,15,6,0,2026-08-31 06:16:01
2026-08-31 06:15:16,ARAB225,0101,Ahmed Hanafy,15,1,0,2026-08-31 06:16:01
2026-08-31 06:15:16,ARAB301,0101,Ahmed Hanafy,15,6,0,2026-08-31 06:16:01
2026-08-31 06:15:16,ARAB321,0101,Ahmed Hanafy,15,8,0,2026-08-31 06:16:02
2026-08-31 06:15:16,ARAB322,0101,Samah Al-salami,15,7,0,2026-08-31 06:16:02
2026-08-31 06:15:16,ARAB398A,0101,Lutf Alkebsi,15,5,0,2026-08-31 06:16:02
2026-08-31 06:15:16,ARAB499E,0101,Brendan Kibbee,20,2,0,2026-08-31 06:16:03
2026-08-31 06:15:16,ARMY106,0101,Thomas Battinieri,31,25,0,2026-08-31 06:16:26
2026-08-31 06:15:16,ARMY106,0102,Thomas Battinieri,40,30,0,2026-08-31 06:16:26
2026-08-31 06:15:16,ARMY106,FC01,Andrew Bischoff,15,11,0,2026-08-31 06:16:26
2026-08-31 06:15:16,ARMY106,FC02,Thomas Battinieri,9,8,0,2026-08-31 06:16:26
2026-08-31 06:15:16,ARMY110,0101,Andrew Bischoff,15,15,0,2026-08-31 06:16:26
2026-08-31 06:15:16,ARMY201,0102,Thomas Battinieri,35,13,0,2026-08-31 06:16:26
2026-08-31 06:15:16,ARMY301,0101,Joshua Guiod,40,21,0,2026-08-31 06:16:27
2026-08-31 06:15:16,ARMY401,0102,Andrew Bischoff,50,13,0,2026-08-31 06:16:27
2026-08-31 06:15:16,ARSC059,0101,Kathleen West,220,95,0,2026-08-31 06:16:28
2026-08-31 06:15:16,ARSC059,FC01,Jens Lyndrup,10,4,0,2026-08-31 06:16:28
2026-08-31 06:15:16,ARSC100,0101,Jens Lyndrup,50,35,0,2026-08-31 06:16:28
2026-08-31 06:15:16,ARSC100,0102,Jens Lyndrup,75,44,0,2026-08-31 06:16:28
2026-08-31 06:15:16,ARSC100,0103,Jens Lyndrup,40,33,0,2026-08-31 06:16:28
2026-08-31 06:15:16,ARSC100,FC01,Jens Lyndrup,5,0,0,2026-08-31 06:16:28
2026-08-31 06:15:16,ARSC100,FC02,Jens Lyndrup,10,7,0,2026-08-31 06:16:28
2026-08-31 06:15:16,ARSC200,0101,Alan Snyder,50,26,0,2026-08-31 06:16:29
2026-08-31 06:15:16,ARSC200,0102,Alan Snyder,35,26,0,2026-08-31 06:16:29
2026-08-31 06:15:16,ARSC200,0103,Alan Snyder,40,32,0,2026-08-31 06:16:29
2026-08-31 06:15:16,ARSC300,0101,Kathleen West,30,9,0,2026-08-31 06:16:29
2026-08-31 06:15:16,ARSC300,0102,Kathleen West,20,14,0,2026-08-31 06:16:29
2026-08-31 06:15:16,ARSC400,0101,Walter Mitchell,30,17,0,2026-08-31 06:16:29
2026-08-31 06:15:16,ARSC400,0102,Walter Mitchell,20,18,0,2026-08-31 06:16:29
2026-08-31 06:15:16,ARSC400,0201,Walter Mitchell,10,10,0,2026-08-31 06:16:29
2026-08-31 06:15:16,BMIN210,0101,Darlene Dennison,162,0,2,2026-08-31 06:17:18
2026-08-31 06:15:16,BMIN210,0201,Darlene Dennison,162,71,0,2026-08-31 06:17:18
2026-08-31 06:15:16,BMIN305,0101,Tejwansh Anand,162,21,0,2026-08-31 06:17:18
2026-08-31 06:15:16,BMIN345,0101,Michael Padhi,275,25,0,2026-08-31 06:17:18
2026-08-31 06:15:16,BMIN355,0101,Idil Yaveroglu,162,0,0,2026-08-31 06:17:19
2026-08-31 06:15:16,BMIN355,0201,Idil Yaveroglu,162,38,0,2026-08-31 06:17:19
2026-08-31 06:15:16,BMIN375,0101,Leland Gardner,185,1,0,2026-08-31 06:17:19
2026-08-31 06:15:16,BMIN395,0101,Nima Farshchi,180,0,0,2026-08-31 06:17:20
2026-08-31 06:15:16,BMIN395,0201,Nima Farshchi,180,125,0,2026-08-31 06:17:20
2026-08-31 06:15:16,BOIS602,WI01,Woei-jyh Lee,40,5,0,2026-08-31 06:17:31
2026-08-31 06:15:16,BOIS604,WI01,Manmohan Aseri,40,4,0,2026-08-31 06:17:31
2026-08-31 06:15:16,BOIS631,WI01,Sujin Kim,40,6,0,2026-08-31 06:17:31
2026-08-31 06:15:16,BSOS355,0101,Liza Lebrun,30,30,0,2026-08-31 06:18:41
2026-08-31 06:15:16,BSOS361,0101,TC Lloyd,30,0,0,2026-08-31 06:18:41
2026-08-31 06:15:16,BSOS361,0103,Keia Brown,30,2,0,2026-08-31 06:18:41
2026-08-31 06:15:16,BSOS361,0104,David Tana,30,0,0,2026-08-31 06:18:41
2026-08-31 06:15:16,BSOS361,0105,TC Lloyd,30,0,0,2026-08-31 06:18:41
2026-08-31 06:15:16,BSOS388E,0101,Liza Lebrun,30,30,0,2026-08-31 06:19:42
2026-08-31 06:15:16,BUSO600,SO11,Neta Moye,42,3,0,2026-08-31 06:19:58
2026-08-31 06:15:16,BUSO600,SO12,Neta Moye,42,6,0,2026-08-31 06:19:58
2026-08-31 06:15:16,BUSO603,SO11,Ilya Ryzhov,42,5,0,2026-08-31 06:20:15
2026-08-31 06:15:16,BUSO603,SO12,Ilya Ryzhov,42,4,0,2026-08-31 06:20:15
2026-08-31 06:15:16,BUSO604,SO11,Bennet Zelner,42,5,0,2026-08-31 06:20:16
2026-08-31 06:15:16,BUSO604,SO12,Bennet Zelner,42,4,0,2026-08-31 06:20:16
2026-08-31 06:15:16,BUSO612,SO11,Henry Boyd,42,4,0,2026-08-31 06:20:16
2026-08-31 06:15:16,BUSO612,SO12,Henry Boyd,42,1,0,2026-08-31 06:20:16
2026-08-31 06:15:16,BUSO616,SO31,Brent Solomon,38,2,0,2026-08-31 06:20:16
2026-08-31 06:15:16,BUSO616,SO32,Brent Solomon,38,0,0,2026-08-31 06:20:16
2026-08-31 06:15:16,BUSO624,SO31,Yi Xu,38,4,0,2026-08-31 06:20:16
2026-08-31 06:15:16,BUSO624,SO32,Yi Xu,38,0,0,2026-08-31 06:20:16
2026-08-31 06:15:16,BUSO700,SO91,Paulo Prochno,0,0,0,2026-08-31 06:20:17
2026-08-31 06:15:16,BUSO711,SO31,Gosia Langa Basit,28,1,0,2026-08-31 06:20:17
2026-08-31 06:15:16,BUSO711,SO32,Gosia Langa Basit,28,4,0,2026-08-31 06:20:17
2026-08-31 06:15:16,BUSO711,SO33,Gosia Langa Basit,28,3,0,2026-08-31 06:20:17
2026-08-31 06:15:16,BUSO731,SO51,Tejwansh Anand,49,0,2,2026-08-31 06:20:17
2026-08-31 06:15:16,BUSO752,SO51,Leland Gardner,35,13,0,2026-08-31 06:20:17
2026-08-31 06:15:16,BUSO758G,SO51,James Seward,35,12,0,2026-08-31 06:20:17
2026-08-31 06:15:16,BUSO758M,SO51,Paulo Prochno,49,2,0,2026-08-31 06:20:18
2026-08-31 06:15:16,BUSO758M,SO52,Paulo Prochno,49,2,0,2026-08-31 06:20:18
2026-08-31 06:15:16,BUSO758T,SO51,Michael Cichello,35,17,0,2026-08-31 06:20:18
2026-08-31 06:15:16,BUSO758W,SO51,Yogesh Joshi,33,1,0,2026-08-31 06:20:18
2026-08-31 06:15:16,BUSO758W,SO52,Yogesh Joshi,33,3,0,2026-08-31 06:20:18
2026-08-31 06:15:16,BUSO758X,SO51,Pallassana Kannan,49,2,0,2026-08-31 06:20:18
2026-08-31 06:15:16,BUSO788F,GX01,Judy Frels,25,5,0,2026-08-31 06:20:19
2026-08-31 06:15:16,BUSO788W,GX01,Zhi-Long Chen,30,5,0,2026-08-31 06:20:19
2026-08-31 06:15:16,CHSE200,0101,Betsy Tornquist,10,1,0,2026-08-31 06:20:41
2026-08-31 06:15:16,CHSE205,0101,Yewon Lee,60,0,25,2026-08-31 06:20:41
2026-08-31 06:15:16,CHSE205,0201,Yewon Lee,60,0,17,2026-08-31 06:20:41
2026-08-31 06:15:16,CHSE228C,0101,Nikita Kimani,20,0,1,2026-08-31 06:20:41
2026-08-31 06:15:16,CHSE228C,0201,Nikita Kimani,20,3,0,2026-08-31 06:20:41
2026-08-31 06:15:16,CHSE228C,0301,Nikita Kimani,20,0,0,2026-08-31 06:20:41
2026-08-31 06:15:16,CHSE230,0101,Isabelle Grable,25,16,0,2026-08-31 06:20:42
2026-08-31 06:15:16,CHSE376,0101,Michael Dunham,22,0,21,2026-08-31 06:20:42
2026-08-31 06:15:16,CHSE376,0201,Colleen McGilpin,20,0,25,2026-08-31 06:20:42
2026-08-31 06:15:16,CHSE376,0301,Elizabeth Martinez,20,0,25,2026-08-31 06:20:42
2026-08-31 06:15:16,CHSE376,0401,Chanai Brewster,20,0,20,2026-08-31 06:20:42
2026-08-31 06:15:16,CHSE476,0101,Michael Dunham,20,7,0,2026-08-31 06:20:42
2026-08-31 06:15:16,CHSE477,0101,Michael Dunham,15,5,0,2026-08-31 06:20:42
2026-08-31 06:15:16,CHSE489,1901,Amy D'Agati,15,10,0,2026-08-31 06:20:43
2026-08-31 06:15:16,CHSE498,2401,Meredith Gramlich,10,2,0,2026-08-31 06:20:43
2026-08-31 06:15:16,CHSE498,3701,Michael Dunham,2,1,0,2026-08-31 06:20:43
2026-08-31 06:15:16,CINE245,0101,Eric Zakim,22,0,5,2026-08-31 06:20:44
2026-08-31 06:15:16,CINE245,0102,Eric Zakim,22,0,4,2026-08-31 06:20:44
2026-08-31 06:15:16,CINE245,0103,Eric Zakim,22,0,6,2026-08-31 06:20:44
2026-08-31 06:15:16,CINE245,0104,Eric Zakim,22,0,6,2026-08-31 06:20:44
2026-08-31 06:15:16,CINE280,0101,Porter Olsen,30,0,23,2026-08-31 06:20:45
2026-08-31 06:15:16,CINE280,0201,John Tobin,30,0,23,2026-08-31 06:20:45
2026-08-31 06:15:16,CINE298A,0101,Caroline Eades,20,0,0,2026-08-31 06:20:45
2026-08-31 06:15:16,CINE301,0101,Eric Zakim,30,0,0,2026-08-31 06:20:45
2026-08-31 06:15:16,CINE310,0101,Nathaniel Stevens,15,0,0,2026-08-31 06:20:45
2026-08-31 06:15:16,CINE315,0101,Yael Inbar,15,0,3,2026-08-31 06:20:46
2026-08-31 06:15:16,CINE319G,0101,Oliver Gaycken,25,15,0,2026-08-31 06:20:46
2026-08-31 06:15:16,CINE319P,5501,Samuel Crawford,10,0,3,2026-08-31 06:20:46
2026-08-31 06:15:16,CINE319Z,0101,Paul Cote,25,7,0,2026-08-31 06:20:46
2026-08-31 06:15:16,CINE329T,0101,Daniel Richter,25,0,30,2026-08-31 06:20:47
2026-08-31 06:15:16,CINE332,0101,Parker Brookie,25,0,2,2026-08-31 06:20:47
2026-08-31 06:15:16,CINE334,0101,Elizabeth Papazian,25,0,1,2026-08-31 06:20:47
2026-08-31 06:15:16,CINE337,0101,Jason Kuo,25,0,4,2026-08-31 06:20:47
2026-08-31 06:15:16,CINE342,0101,Luka Arsenjuk,20,0,6,2026-08-31 06:20:47
2026-08-31 06:15:16,CINE350,0101,John Drabinski,20,0,0,2026-08-31 06:20:48
2026-08-31 06:15:16,CINE359C,0101,Daniel Richter,25,0,9,2026-08-31 06:20:48
2026-08-31 06:15:16,CINE369B,0101,Eva Hageman,30,0,1,2026-08-31 06:20:48
2026-08-31 06:15:16,CINE369K,0101,Paul Cote,20,0,2,2026-08-31 06:20:48
2026-08-31 06:15:16,CINE376,0101,Ross Angelella,15,4,0,2026-08-31 06:20:49
2026-08-31 06:15:16,CINE376,0102,Ross Angelella,5,2,0,2026-08-31 06:20:49
2026-08-31 06:15:16,CINE415,0101,Mathew Bainbridge,15,0,1,2026-08-31 06:20:49
2026-08-31 06:15:16,CINE419P,0101,Oliver Gaycken,20,14,0,2026-08-31 06:20:49
2026-08-31 06:15:16,CINE459P,0101,Luka Arsenjuk,20,0,1,2026-08-31 06:20:50
2026-08-31 06:15:16,CLAS170,0101,Chiara Graf,21,0,7,2026-08-31 06:20:51
2026-08-31 06:15:16,CLAS170,0102,Chiara Graf,21,0,9,2026-08-31 06:20:51
2026-08-31 06:15:16,CLAS170,0103,Chiara Graf,21,0,8,2026-08-31 06:20:51
2026-08-31 06:15:16,CLAS170,0104,Chiara Graf,21,0,7,2026-08-31 06:20:51
2026-08-31 06:15:16,CLAS170,0105,Chiara Graf,21,0,8,2026-08-31 06:20:51
2026-08-31 06:15:16,CLAS170,0106,Chiara Graf,21,0,12,2026-08-31 06:20:51
2026-08-31 06:15:16,CLAS170,0107,Chiara Graf,21,0,9,2026-08-31 06:20:51
2026-08-31 06:15:16,CLAS170,0108,Chiara Graf,21,0,6,2026-08-31 06:20:51
2026-08-31 06:15:16,CLAS170,0109,Chiara Graf,22,0,3,2026-08-31 06:20:51
2026-08-31 06:15:16,CLAS170,FC01,Chelsea Stolt,24,0,4,2026-08-31 06:20:51
2026-08-31 06:15:16,CLAS170,FC02,Chelsea Stolt,24,0,6,2026-08-31 06:20:51
2026-08-31 06:15:16,CLAS170,FC03,Eugenia Lao,24,0,3,2026-08-31 06:20:51
2026-08-31 06:15:16,CLAS170,FC05,Charis Addai,24,0,1,2026-08-31 06:20:51
2026-08-31 06:15:16,CLAS277,0101,Chiara Graf,25,0,1,2026-08-31 06:20:51
2026-08-31 06:15:16,CLAS277,0102,Chiara Graf,25,0,1,2026-08-31 06:20:51
2026-08-31 06:15:16,CLAS277,0103,Chiara Graf,25,0,1,2026-08-31 06:20:51
2026-08-31 06:15:16,CLAS277,0104,Chiara Graf,25,0,0,2026-08-31 06:20:51
2026-08-31 06:15:16,CLAS277,0105,Chiara Graf,25,0,1,2026-08-31 06:20:51
2026-08-31 06:15:16,CLAS277,0106,Chiara Graf,25,0,0,2026-08-31 06:20:51
2026-08-31 06:15:16,CLAS305,0101,Jorge Bravo,35,3,0,2026-08-31 06:20:52
2026-08-31 06:15:16,CLAS309N,0101,Nathan Levine,35,27,0,2026-08-31 06:20:52
2026-08-31 06:15:16,CLAS310,0101,Rachel Singpurwalla,20,0,3,2026-08-31 06:20:52
2026-08-31 06:15:16,CLAS310,0102,Rachel Singpurwalla,20,0,5,2026-08-31 06:20:52
2026-08-31 06:15:16,CLAS310,0103,Rachel Singpurwalla,20,0,4,2026-08-31 06:20:52
2026-08-31 06:15:16,CLAS312,0101,Polyvia Parara,35,0,2,2026-08-31 06:20:52
2026-08-31 06:15:16,CMLT235,0101,Brielle Gorrell,30,0,0,2026-08-31 06:20:55
2026-08-31 06:15:16,CMLT270,0101,Hannah (Toyin) Adeyemi,30,0,2,2026-08-31 06:20:56
2026-08-31 06:15:16,CMLT270,0201,Shakiba Sharifpour,30,0,6,2026-08-31 06:20:56
2026-08-31 06:15:16,CMLT275,0201,Abhinav Bhardwaj,30,0,5,2026-08-31 06:20:56
2026-08-31 06:15:16,CMLT277,0101,Nahid Ahmadian,30,0,2,2026-08-31 06:20:56
2026-08-31 06:15:16,CMLT280,0101,Porter Olsen,30,0,23,2026-08-31 06:20:56
2026-08-31 06:15:16,CMLT280,0201,John Tobin,30,0,23,2026-08-31 06:20:56
2026-08-31 06:15:16,CPBE100,0101,Oliver Schlake,95,26,0,2026-08-31 06:21:22
2026-08-31 06:15:16,CPBE200,0101,Oliver Schlake,75,32,0,2026-08-31 06:21:22
2026-08-31 06:15:16,CPBE225,0101,Ira Koretsky,38,13,0,2026-08-31 06:21:23
2026-08-31 06:15:16,CPBE225,0102,Ira Koretsky,38,22,0,2026-08-31 06:21:23
2026-08-31 06:15:16,CPCV100,0101,Julie Randolph,40,1,0,2026-08-31 06:21:24
2026-08-31 06:15:16,CPCV100,0201,Julie Randolph,40,7,0,2026-08-31 06:21:24
2026-08-31 06:15:16,CPCV200,0101,Julie Randolph,35,2,0,2026-08-31 06:21:24
2026-08-31 06:15:16,CPCV200,0201,Julie Randolph,35,15,0,2026-08-31 06:21:24
2026-08-31 06:15:16,CPCV225,0101,Korey Rothman,75,3,0,2026-08-31 06:21:24
2026-08-31 06:15:16,CPDJ100,0101,Jess Feltner,75,1,0,2026-08-31 06:21:26
2026-08-31 06:15:16,CPDJ200,0101,Andrew Fellows,75,36,0,2026-08-31 06:21:26
2026-08-31 06:15:16,CPET100,0101,Tim Knight,75,1,0,2026-08-31 06:21:27
2026-08-31 06:15:16,CPET200,0101,Tim Knight,75,9,0,2026-08-31 06:21:28
2026-08-31 06:15:16,CPGH100,0101,John Wiggins,85,6,0,2026-08-31 06:21:29
2026-08-31 06:15:16,CPGH200,0101,John Wiggins,75,17,0,2026-08-31 06:21:29
2026-08-31 06:15:16,CPJT100,0101,Justine DeCamillis,75,6,0,2026-08-31 06:21:31
2026-08-31 06:15:16,CPJT200,0101,Justine DeCamillis,75,20,0,2026-08-31 06:21:31
2026-08-31 06:15:16,CPMS100,0101,Carole Lee,75,0,0,2026-08-31 06:21:32
2026-08-31 06:15:16,CPMS200,0101,Alison Burns,75,14,0,2026-08-31 06:21:32
2026-08-31 06:15:16,CPMS225,0101,Alison Burns,75,0,1,2026-08-31 06:21:33
2026-08-31 06:15:16,CPMS230,0101,Alison Burns,30,14,0,2026-08-31 06:21:33
2026-08-31 06:15:16,CPMS240,0101,Carole Lee,20,18,0,2026-08-31 06:21:33
2026-08-31 06:15:16,CPPL100,0101,Kelly Brower,78,2,0,2026-08-31 06:21:34
2026-08-31 06:15:16,CPPL200,0101,Susannah Washburn,75,16,0,2026-08-31 06:21:35
2026-08-31 06:15:16,CPSA100,0101,Andrea Cesar,75,11,0,2026-08-31 06:21:36
2026-08-31 06:15:16,CPSA200,0101,Andrea Cesar,75,35,0,2026-08-31 06:21:36
2026-08-31 06:15:16,CPSF100,0101,Nicholas Fletcher,85,0,0,2026-08-31 06:21:38
2026-08-31 06:15:16,CPSF200,0101,Nicholas Fletcher,75,5,0,2026-08-31 06:21:38
2026-08-31 06:15:16,CPSG100,0101,Thomas Holtz,85,7,0,2026-08-31 06:21:39
2026-08-31 06:15:16,CPSG200,0101,Thomas Holtz,75,27,0,2026-08-31 06:21:39
2026-08-31 06:15:16,CPSN100,0101,Hansol Kwak,85,2,0,2026-08-31 06:21:41
2026-08-31 06:15:16,CPSN200,0101,Stacy Kosko,75,38,0,2026-08-31 06:21:41
2026-08-31 06:15:16,CPSN230,0101,Sarah Kilmer,20,18,0,2026-08-31 06:21:41
2026-08-31 06:15:16,CPSN240,0101,Sarah Kilmer,10,7,0,2026-08-31 06:21:41
2026-08-31 06:15:16,CPSN250,0101,Sarah Kilmer,5,5,0,2026-08-31 06:21:42
2026-08-31 06:15:16,CPSP110,0101,Markell Saunders,18,13,0,2026-08-31 06:21:43
2026-08-31 06:15:16,CPSP110,0201,Patrice Greene,18,16,0,2026-08-31 06:21:43
2026-08-31 06:15:16,CPSP220,0101,Tiara Thomas,20,0,0,2026-08-31 06:21:43
2026-08-31 06:15:16,CPSP239A,0101,Heather-Erin Bremenstuhl,10,6,0,2026-08-31 06:21:43
2026-08-31 06:15:16,CPSP269C,0101,Korey Rothman,5,5,0,2026-08-31 06:21:44
2026-08-31 06:15:16,CPSP339P,0101,Susannah Washburn,10,8,0,2026-08-31 06:21:44
2026-08-31 06:15:16,CPSS100,0101,David Tomblin,85,5,0,2026-08-31 06:21:45
2026-08-31 06:15:16,CPSS220,0101,Nicole Mogul,20,4,0,2026-08-31 06:21:45
2026-08-31 06:15:16,CPSS225,0101,Roan Parrish,20,13,0,2026-08-31 06:21:46
2026-08-31 06:15:16,CPSS340,0101,David Tomblin,20,5,0,2026-08-31 06:21:46
2026-08-31 06:15:16,CRLN101,0103,Myles Alexander,25,0,0,2026-08-31 06:21:47
2026-08-31 06:15:16,CRLN101,0104,Tami Smith,25,0,1,2026-08-31 06:21:47
2026-08-31 06:15:16,CRLN101,0105,Denis Garcia Reyes,25,0,0,2026-08-31 06:21:47
2026-08-31 06:15:16,CRLN101,0106,Mitch Woolley,25,4,0,2026-08-31 06:21:47
2026-08-31 06:15:16,CRLN101,0107,Esohe Owie,25,0,0,2026-08-31 06:21:47
2026-08-31 06:15:16,DATA100,0111,Matthew Griffin,33,0,0,2026-08-31 06:21:55
2026-08-31 06:15:16,DATA100,0112,Matthew Griffin,35,0,0,2026-08-31 06:21:55
2026-08-31 06:15:16,DATA100,0121,Matthew Griffin,35,2,0,2026-08-31 06:21:55
2026-08-31 06:15:16,DATA100,0122,Matthew Griffin,33,0,0,2026-08-31 06:21:55
2026-08-31 06:15:16,DATA100,0123,Matthew Griffin,33,1,0,2026-08-31 06:21:55
2026-08-31 06:15:16,DATA100,0124,Matthew Griffin,33,0,0,2026-08-31 06:21:55
2026-08-31 06:15:16,DATA100,0131,Matthew Griffin,33,1,0,2026-08-31 06:21:55
2026-08-31 06:15:16,DATA100,0141,Matthew Griffin,35,1,0,2026-08-31 06:21:55
2026-08-31 06:15:16,DATA100,0142,Matthew Griffin,33,0,0,2026-08-31 06:21:55
2026-08-31 06:15:16,DATA100,0211,Matthew Griffin,33,0,0,2026-08-31 06:21:55
2026-08-31 06:15:16,DATA100,0212,Matthew Griffin,35,2,0,2026-08-31 06:21:55
2026-08-31 06:15:16,DATA100,0221,Matthew Griffin,30,0,1,2026-08-31 06:21:55
2026-08-31 06:15:16,DATA100,0223,Matthew Griffin,32,0,0,2026-08-31 06:21:55
2026-08-31 06:15:16,DATA100,0224,Matthew Griffin,30,0,0,2026-08-31 06:21:55
2026-08-31 06:15:16,DATA100,0231,Matthew Griffin,33,2,0,2026-08-31 06:21:55
2026-08-31 06:15:16,DATA100,0311,Archana Khurana,35,5,0,2026-08-31 06:21:55
2026-08-31 06:15:16,DATA100,0312,Archana Khurana,35,3,0,2026-08-31 06:21:55
2026-08-31 06:15:16,DATA100,0321,Archana Khurana,35,4,0,2026-08-31 06:21:55
2026-08-31 06:15:16,DATA100,0322,Archana Khurana,35,4,0,2026-08-31 06:21:55
2026-08-31 06:15:16,DATA100,0323,Archana Khurana,35,3,0,2026-08-31 06:21:55
2026-08-31 06:15:16,DATA100,0341,Archana Khurana,35,5,0,2026-08-31 06:21:55
2026-08-31 06:15:16,DATA110,0101,Susan Mazzullo,250,0,2,2026-08-31 06:21:55
2026-08-31 06:15:16,DATA120,0101,Fardina Alam,200,0,3,2026-08-31 06:21:55
2026-08-31 06:15:16,DATA200,0101,Fardina Alam,90,33,0,2026-08-31 06:21:55
2026-08-31 06:15:16,DATA250,0101,Todd Rowland,43,3,0,2026-08-31 06:21:56
2026-08-31 06:15:16,DATA320,0101,Maksym Morawski,15,11,0,2026-08-31 06:21:56
2026-08-31 06:15:16,DATA320,0201,Maksym Morawski,15,1,0,2026-08-31 06:21:56
2026-08-31 06:15:16,DATA320,0301,Fardina Alam,20,0,2,2026-08-31 06:21:56
2026-08-31 06:15:16,DATA350,0101,Raluca Rosca,30,7,0,2026-08-31 06:21:56
2026-08-31 06:15:16,DATA350,0201,Jonathan Fernandes,34,1,0,2026-08-31 06:21:56
2026-08-31 06:15:16,DATA400,0111,Salman Safdar,27,0,0,2026-08-31 06:21:56
2026-08-31 06:15:16,DATA400,0112,Salman Safdar,30,0,0,2026-08-31 06:21:56
2026-08-31 06:15:16,DATA400,0121,Salman Safdar,27,0,1,2026-08-31 06:21:56
2026-08-31 06:15:16,DATA400,0122,Salman Safdar,27,0,0,2026-08-31 06:21:56
2026-08-31 06:15:16,DATA400,0131,Salman Safdar,27,0,0,2026-08-31 06:21:56
2026-08-31 06:15:16,DATA400,0132,Salman Safdar,27,10,0,2026-08-31 06:21:56
2026-08-31 06:15:16,DATA400,0211,Timothy Pilachowski,30,2,0,2026-08-31 06:21:56
2026-08-31 06:15:16,DATA400,0212,Timothy Pilachowski,30,2,0,2026-08-31 06:21:56
2026-08-31 06:15:16,DATA400,0221,Timothy Pilachowski,30,3,0,2026-08-31 06:21:56
2026-08-31 06:15:16,DATA400,0222,Timothy Pilachowski,30,1,0,2026-08-31 06:21:56
2026-08-31 06:15:16,DATA400,0231,Timothy Pilachowski,30,0,0,2026-08-31 06:21:56
2026-08-31 06:15:16,DATA400,0232,Timothy Pilachowski,30,1,0,2026-08-31 06:21:56
2026-08-31 06:15:16,DATA400,0311,Mestiyage Gunatilleka,32,0,2,2026-08-31 06:21:56
2026-08-31 06:15:16,DATA400,0312,Mestiyage Gunatilleka,30,0,2,2026-08-31 06:21:56
2026-08-31 06:15:16,DATA400,0321,Mestiyage Gunatilleka,32,0,2,2026-08-31 06:21:56
2026-08-31 06:15:16,DATA400,0322,Mestiyage Gunatilleka,30,0,2,2026-08-31 06:21:56
2026-08-31 06:15:16,DATA400,0331,Mestiyage Gunatilleka,32,0,2,2026-08-31 06:21:56
2026-08-31 06:15:16,DATA400,0332,Mestiyage Gunatilleka,30,0,3,2026-08-31 06:21:56
2026-08-31 06:15:16,DATA400,0511,Shixin Zheng,35,0,2,2026-08-31 06:21:56
2026-08-31 06:15:16,DATA400,0521,Shixin Zheng,35,0,0,2026-08-31 06:21:56
2026-08-31 06:15:16,DATA400,0531,Shixin Zheng,35,1,0,2026-08-31 06:21:56
2026-08-31 06:15:16,DATA601,PCS1,Sandra Cerrai,50,0,0,2026-08-31 06:21:57
2026-08-31 06:15:16,DATA601,PCS2,Jonathan Fernandes,60,15,0,2026-08-31 06:21:57
2026-08-31 06:15:16,DATA601,PWS1,Leonid Koralov,60,6,0,2026-08-31 06:21:57
2026-08-31 06:15:16,DATA602,PCS1,Sujeong Kim,44,4,0,2026-08-31 06:21:57
2026-08-31 06:15:16,DATA602,PCS2,Sujeong Kim,44,9,0,2026-08-31 06:21:57
2026-08-31 06:15:16,DATA602,PWS1,Fardina Alam,44,0,0,2026-08-31 06:21:57
2026-08-31 06:15:16,DATA603,PCS1,Babak Azimi-Sadjadi,55,9,0,2026-08-31 06:21:57
2026-08-31 06:15:16,DATA603,PWS1,Kemal Davaslioglu,55,18,0,2026-08-31 06:21:57
2026-08-31 06:15:16,DATA605,PCS1,Tammy Perrin,44,30,0,2026-08-31 06:21:57
2026-08-31 06:15:16,DATA605,PCS2,Tammy Perrin,44,18,0,2026-08-31 06:21:57
2026-08-31 06:15:16,DATA605,PWS1,Giacinto Paolo Saggese,44,35,0,2026-08-31 06:21:57
2026-08-31 06:15:16,DATA607,PCS1,Mestiyage Gunatilleka,44,29,0,2026-08-31 06:21:57
2026-08-31 06:15:16,DATA607,PCS2,Kendall Williams,55,0,0,2026-08-31 06:21:57
2026-08-31 06:15:16,DATA607,PCS3,Vincent Lyzinski,44,1,0,2026-08-31 06:21:57
2026-08-31 06:15:16,DATA612,PCS1,Samet Ayhan,50,19,0,2026-08-31 06:21:58
2026-08-31 06:15:16,DATA612,PWS1,Samet Ayhan,44,15,0,2026-08-31 06:21:58
2026-08-31 06:15:16,DATA641,PCS1,Toki Inan,50,12,0,2026-08-31 06:21:58
2026-08-31 06:15:16,DATA641,PWS1,Armin Mehrabian,50,0,2,2026-08-31 06:21:58
2026-08-31 06:15:16,DATA643,PCS1,Charles Forgy,50,24,0,2026-08-31 06:21:58
2026-08-31 06:15:16,DATA650,PCS1,Emre Gunduzhan,54,3,0,2026-08-31 06:21:58
2026-08-31 06:15:16,DATA650,PCS2,Emre Gunduzhan,54,5,0,2026-08-31 06:21:58
2026-08-31 06:15:16,ENAI600,0101,C Ravishankar,35,21,0,2026-08-31 06:22:27
2026-08-31 06:15:16,ENAI600,AEC1,C Ravishankar,20,4,0,2026-08-31 06:22:27
2026-08-31 06:15:16,ENAI601,0101,Richard La,35,23,0,2026-08-31 06:22:27
2026-08-31 06:15:16,ENAI601,AEC1,Richard La,20,6,0,2026-08-31 06:22:27
2026-08-31 06:15:16,ENAI607,0101,Zoltan Safar,29,24,0,2026-08-31 06:22:27
2026-08-31 06:15:16,ENAI607,AEC1,Zoltan Safar,20,9,0,2026-08-31 06:22:27
2026-08-31 06:15:16,ENBC301,ESG1,Sivan Saravanapavan,20,10,0,2026-08-31 06:22:29
2026-08-31 06:15:16,ENBC311,ESG1,Bahaa Ghammraoui,20,12,0,2026-08-31 06:22:30
2026-08-31 06:15:16,ENBC322,ESG1,Kyunghun Lee,20,11,0,2026-08-31 06:22:30
2026-08-31 06:15:16,ENBC331,ESG1,Lan Ma,20,10,0,2026-08-31 06:22:31
2026-08-31 06:15:16,ENBC332,ESG1,Jamasp Azarnoosh,20,12,0,2026-08-31 06:22:31
2026-08-31 06:15:16,ENBC341,ESG1,Jarred Callura,20,13,0,2026-08-31 06:22:31
2026-08-31 06:15:16,ENBC353,ESG1,Jarred Callura,20,15,0,2026-08-31 06:22:32
2026-08-31 06:15:16,ENBC399,ESG1,Nan Xu,1,0,0,2026-08-31 06:22:32
2026-08-31 06:15:16,ENBC399,ESG2,Lan Ma,1,0,0,2026-08-31 06:22:32
2026-08-31 06:15:16,ENBC399,ESG3,Jamasp Azarnoosh,1,1,0,2026-08-31 06:22:32
2026-08-31 06:15:16,ENBC399,ESG4,Lan Ma,1,1,0,2026-08-31 06:22:32
2026-08-31 06:15:16,ENBC399,ESG5,Jamasp Azarnoosh,1,0,0,2026-08-31 06:22:32
2026-08-31 06:15:16,ENBC399,ESG6,Jamasp Azarnoosh,1,0,0,2026-08-31 06:22:32
2026-08-31 06:15:16,ENBC399,ESG7,Jamasp Azarnoosh,1,1,0,2026-08-31 06:22:32
2026-08-31 06:15:16,ENBC423,ESG1,Jian Su,20,13,0,2026-08-31 06:22:32
2026-08-31 06:15:16,ENBC425,ESG1,Jamasp Azarnoosh,20,13,0,2026-08-31 06:22:33
2026-08-31 06:15:16,ENBC431,ESG1,Lan Ma,20,13,0,2026-08-31 06:22:33
2026-08-31 06:15:16,ENEB302,ESG1,Wesley Lawson,20,4,0,2026-08-31 06:22:44
2026-08-31 06:15:16,ENEB340,ESG1,Nestor Michael Tiglao,20,4,0,2026-08-31 06:22:44
2026-08-31 06:15:16,ENEB341,ESG1,Nestor Michael Tiglao,20,4,0,2026-08-31 06:22:44
2026-08-31 06:15:16,ENEB344,ESG1,Jerry Wu,20,4,0,2026-08-31 06:22:44
2026-08-31 06:15:16,ENEB346,ESG1,Nestor Michael Tiglao,20,14,0,2026-08-31 06:22:44
2026-08-31 06:15:16,ENEB354,ESG1,Yavuz Oruc,20,4,0,2026-08-31 06:22:45
2026-08-31 06:15:16,ENEB408A,ESG1,Nestor Michael Tiglao,20,14,0,2026-08-31 06:22:45
2026-08-31 06:15:16,ENEB444,ESG1,Manoj Franklin,20,14,0,2026-08-31 06:22:45
2026-08-31 06:15:16,ENEB454,ESG1,Jerry Wu,20,14,0,2026-08-31 06:22:45
2026-08-31 06:15:16,ENED036,0101,Hillary Owusu,20,18,0,2026-08-31 06:22:47
2026-08-31 06:15:16,ENED101,0101,Shannon Bate,20,0,0,2026-08-31 06:22:47
2026-08-31 06:15:16,ENED115,0101,Danielle Barker,100,5,0,2026-08-31 06:22:47
2026-08-31 06:15:16,ENED215,0101,Tyler Huddleston,30,0,0,2026-08-31 06:22:47
2026-08-31 06:15:16,ENED215,0102,Samantha Sabihi,40,23,0,2026-08-31 06:22:48
2026-08-31 06:15:16,ENED215,0103,Paige Smith,6,0,0,2026-08-31 06:22:48
2026-08-31 06:15:16,ENED290H,0101,Christopher Troilo,46,2,0,2026-08-31 06:22:48
2026-08-31 06:15:16,ENED390H,0101,Tony Barber,50,11,0,2026-08-31 06:22:48
2026-08-31 06:15:16,ENED394H,0101,Manmohan Aseri,65,15,0,2026-08-31 06:22:48
2026-08-31 06:15:16,ENED397,0101,Emily Marks,9,1,0,2026-08-31 06:22:48
2026-08-31 06:15:16,ENED490H,0101,David Ashley,45,5,0,2026-08-31 06:22:49
2026-08-31 06:15:16,ENED491,0101,Jessica Roffe,10,1,0,2026-08-31 06:22:49
2026-08-31 06:15:16,ENMT301,ESG1,Colleen Murray,15,12,0,2026-08-31 06:23:36
2026-08-31 06:15:16,ENMT322,ESG1,Gurtajbir Herr,15,12,0,2026-08-31 06:23:36
2026-08-31 06:15:16,ENMT361,ESG1,Young Choi,15,12,0,2026-08-31 06:23:37
2026-08-31 06:15:16,ENMT380,ESG1,Gurtajbir Herr,15,12,0,2026-08-31 06:23:37
2026-08-31 06:15:16,ENMT450,ESG1,Nicholas Limparis,7,5,0,2026-08-31 06:23:37
2026-08-31 06:15:16,ENMT471,ESG1,Colleen Murray,7,5,0,2026-08-31 06:23:37
2026-08-31 06:15:16,ENMT473,ESG1,Gurtajbir Herr,7,4,0,2026-08-31 06:23:38
2026-08-31 06:15:16,ENMT483,ESG1,Nicholas Limparis,7,5,0,2026-08-31 06:23:38
2026-08-31 06:15:16,ENSE621,0101,Tony Barber,22,16,0,2026-08-31 06:23:44
2026-08-31 06:15:16,ENSE621,SY01,Tony Barber,15,0,0,2026-08-31 06:23:44
2026-08-31 06:15:16,ENSE623,0101,Steven Biemer,17,15,0,2026-08-31 06:23:44
2026-08-31 06:15:16,ENSE623,SY01,Steven Biemer,15,10,0,2026-08-31 06:23:44
2026-08-31 06:15:16,ENSE626,0101,Dane Cooper,20,15,0,2026-08-31 06:23:44
2026-08-31 06:15:16,ENSE626,SY01,Dane Cooper,15,9,0,2026-08-31 06:23:44
2026-08-31 06:15:16,ENSP101,0101,Annette Spivy,25,0,0,2026-08-31 06:23:46
2026-08-31 06:15:16,ENSP101,0102,Annette Spivy,24,0,0,2026-08-31 06:23:46
2026-08-31 06:15:16,ENSP101,0103,Annette Spivy,24,0,1,2026-08-31 06:23:46
2026-08-31 06:15:16,ENSP101,0104,Annette Spivy,24,0,1,2026-08-31 06:23:46
2026-08-31 06:15:16,ENSP101,0105,Annette Spivy,25,1,0,2026-08-31 06:23:46
2026-08-31 06:15:16,ENSP101,0106,Annette Spivy,24,0,0,2026-08-31 06:23:46
2026-08-31 06:15:16,ENSP101,0107,Annette Spivy,24,0,1,2026-08-31 06:23:46
2026-08-31 06:15:16,ENSP101,FC01,Annette Spivy,32,0,0,2026-08-31 06:23:46
2026-08-31 06:15:16,ENSP305,0101,Annette Spivy,23,0,2,2026-08-31 06:23:46
2026-08-31 06:15:16,ENSP330,0101,Joanna Goger,35,0,0,2026-08-31 06:23:46
2026-08-31 06:15:16,ENSP340,0101,Caroline Boules,25,1,0,2026-08-31 06:23:47
2026-08-31 06:15:16,ENSP360,0101,Leena Malayil,25,0,5,2026-08-31 06:23:47
2026-08-31 06:15:16,ENSP399R,0601,Annette Spivy,10,10,0,2026-08-31 06:23:48
2026-08-31 06:15:16,ENSP399R,1001,Jennifer Mullinax,10,10,0,2026-08-31 06:23:48
2026-08-31 06:15:16,ENSP400,0101,Joanna Goger,35,13,0,2026-08-31 06:23:48
2026-08-31 06:15:16,ENSP400,0102,Joanna Goger,35,11,0,2026-08-31 06:23:48
2026-08-31 06:15:16,ENVH121,FC01,Brienna Anderson,20,10,0,2026-08-31 06:24:00
2026-08-31 06:15:16,ENVH381,0101,Donald Milton,30,11,0,2026-08-31 06:24:01
2026-08-31 06:15:16,FGSM310,0101,Peter Owen,24,0,0,2026-08-31 06:24:05
2026-08-31 06:15:16,FGSM315,0101,Emily Shetty,22,0,0,2026-08-31 06:24:05
2026-08-31 06:15:16,FGSM320,0101,Woodie Kessel,24,2,0,2026-08-31 06:24:05
2026-08-31 06:15:16,FGSM325,0101,Rob Long,20,1,0,2026-08-31 06:24:05
2026-08-31 06:15:16,FGSM330,0101,Andrew Fausett,22,0,0,2026-08-31 06:24:05
2026-08-31 06:15:16,FGSM340,0101,Ed Fendley,22,1,0,2026-08-31 06:24:06
2026-08-31 06:15:16,FGSM350,0101,Sean Misko,22,1,0,2026-08-31 06:24:06
2026-08-31 06:15:16,FGSM355,0101,Amanda Schoch,20,0,0,2026-08-31 06:24:06
2026-08-31 06:15:16,FGSM360,0101,Nadia Farra,20,0,0,2026-08-31 06:24:06
2026-08-31 06:15:16,FGSM365,0101,Andrew Nissen,20,1,0,2026-08-31 06:24:07
2026-08-31 06:15:16,FGSM370,0101,Joshua Glasser,20,0,0,2026-08-31 06:24:07
2026-08-31 06:15:16,FGSM390,0101,Sasha Koo-Oshima,20,3,0,2026-08-31 06:24:07
2026-08-31 06:15:16,FGSM398,0101,Jayakumar Arasan,25,24,0,2026-08-31 06:24:07
2026-08-31 06:15:16,FGSM398,0201,Jayakumar Arasan,5,2,0,2026-08-31 06:24:07
2026-08-31 06:15:16,FIRE120,0101,Jessica O'Hara,36,0,0,2026-08-31 06:24:09
2026-08-31 06:15:16,FIRE120,0102,Shannon Hilton,36,7,0,2026-08-31 06:24:09
2026-08-31 06:15:16,FIRE120,0103,Jaclyn Bruner,36,0,0,2026-08-31 06:24:09
2026-08-31 06:15:16,FIRE120,0104,Danielle Niu,36,0,0,2026-08-31 06:24:09
2026-08-31 06:15:16,FIRE120,0105,Cherisse Hall,36,0,0,2026-08-31 06:24:09
2026-08-31 06:15:16,FIRE120,0106,Sara Strey,36,0,0,2026-08-31 06:24:09
2026-08-31 06:15:16,FIRE120,0107,Helene Nguemgaing,36,2,0,2026-08-31 06:24:09
2026-08-31 06:15:16,FIRE120,0108,Mary Chey,36,0,0,2026-08-31 06:24:09
2026-08-31 06:15:16,FIRE120,0109,Shannon Hilton,36,0,0,2026-08-31 06:24:09
2026-08-31 06:15:16,FIRE120,0110,Lena Johnson,36,0,0,2026-08-31 06:24:09
2026-08-31 06:15:16,FIRE120,0111,Benjamin Huffman,36,0,0,2026-08-31 06:24:09
2026-08-31 06:15:16,FIRE120,0112,Mary Chey,36,0,0,2026-08-31 06:24:09
2026-08-31 06:15:16,FIRE120,0113,Elizabeth Massey,36,5,0,2026-08-31 06:24:09
2026-08-31 06:15:16,FIRE120,0114,Benjamin Huffman,36,0,0,2026-08-31 06:24:09
2026-08-31 06:15:16,FIRE120,FC01,Danielle Niu,40,0,46,2026-08-31 06:24:09
2026-08-31 06:15:16,FIRE298,0101,Catherine Spirito,28,3,0,2026-08-31 06:24:09
2026-08-31 06:15:16,FIRE298,0103,Cherisse Hall,36,10,0,2026-08-31 06:24:09
2026-08-31 06:15:16,FIRE298,0104,Jessica O'Hara,36,4,0,2026-08-31 06:24:09
2026-08-31 06:15:16,FIRE298,0105,Kaylee Bloom,36,7,0,2026-08-31 06:24:09
2026-08-31 06:15:16,FIRE298,0106,Danielle Niu,36,17,0,2026-08-31 06:24:09
2026-08-31 06:15:16,FIRE298,0107,Benjamin Huffman,40,3,0,2026-08-31 06:24:09
2026-08-31 06:15:16,FIRE298,0108,Elizabeth Massey,40,14,0,2026-08-31 06:24:09
2026-08-31 06:15:16,FIRE298,0109,Shannon Hilton,40,8,0,2026-08-31 06:24:09
2026-08-31 06:15:16,FIRE298,0110,Jaclyn Bruner,40,18,0,2026-08-31 06:24:09
2026-08-31 06:15:16,FIRE298,0111,Mary Chey,36,7,0,2026-08-31 06:24:09
2026-08-31 06:15:16,FIRE298,0112,Helene Nguemgaing,40,16,0,2026-08-31 06:24:09
2026-08-31 06:15:16,FIRE298,0113,Kristina Kramarczuk,40,11,0,2026-08-31 06:24:09
2026-08-31 06:15:16,FIRE298,0114,Shabnam Jabeen,40,24,0,2026-08-31 06:24:09
2026-08-31 06:15:16,FIRE298,0115,Sara Strey,40,15,0,2026-08-31 06:24:09
2026-08-31 06:15:16,FIRE298,0116,Lena Johnson,40,7,0,2026-08-31 06:24:09
2026-08-31 06:15:16,FIRE398,0101,Catherine Spirito,15,4,0,2026-08-31 06:24:09
2026-08-31 06:15:16,FIRE398,0103,Cherisse Hall,15,4,0,2026-08-31 06:24:09
2026-08-31 06:15:16,FIRE398,0104,Jessica O'Hara,15,2,0,2026-08-31 06:24:09
2026-08-31 06:15:16,FIRE398,0105,Kaylee Bloom,15,2,0,2026-08-31 06:24:09
2026-08-31 06:15:16,FIRE398,0106,Danielle Niu,15,11,0,2026-08-31 06:24:09
2026-08-31 06:15:16,FIRE398,0107,Benjamin Huffman,15,3,0,2026-08-31 06:24:09
2026-08-31 06:15:16,FIRE398,0108,Elizabeth Massey,15,6,0,2026-08-31 06:24:09
2026-08-31 06:15:16,FIRE398,0109,Shannon Hilton,15,7,0,2026-08-31 06:24:09
2026-08-31 06:15:16,FIRE398,0110,Jaclyn Bruner,15,8,0,2026-08-31 06:24:09
2026-08-31 06:15:16,FIRE398,0111,Mary Chey,15,5,0,2026-08-31 06:24:09
2026-08-31 06:15:16,FIRE398,0112,Helene Nguemgaing,15,15,0,2026-08-31 06:24:09
2026-08-31 06:15:16,FIRE398,0113,Kristina Kramarczuk,15,6,0,2026-08-31 06:24:09
2026-08-31 06:15:16,FIRE398,0114,Shabnam Jabeen,15,15,0,2026-08-31 06:24:09
2026-08-31 06:15:16,FIRE398,0115,Sara Strey,15,14,0,2026-08-31 06:24:09
2026-08-31 06:15:16,FIRE398,0116,Lena Johnson,15,11,0,2026-08-31 06:24:09
2026-08-31 06:15:16,GBHL200,0101,Hassanatu Blake,30,0,3,2026-08-31 06:24:22
2026-08-31 06:15:16,GBHL200,FC01,Zandra Andre,25,0,0,2026-08-31 06:24:22
2026-08-31 06:15:16,GBHL210,0101,Leena Malayil,25,9,0,2026-08-31 06:24:23
2026-08-31 06:15:16,GBHL399,0101,Hassanatu Blake,3,3,0,2026-08-31 06:24:23
2026-08-31 06:15:16,GBHL399,0111,Dina Borzekowski,5,5,0,2026-08-31 06:24:23
2026-08-31 06:15:16,GEMS101,0101,Allison Lansverk,10,0,0,2026-08-31 06:24:25
2026-08-31 06:15:16,GEMS101,0103,Allison Lansverk,10,1,0,2026-08-31 06:24:25
2026-08-31 06:15:16,GEMS101,0104,Allison Lansverk,10,0,0,2026-08-31 06:24:25
2026-08-31 06:15:16,GEMS101,0105,Allison Lansverk,10,0,0,2026-08-31 06:24:25
2026-08-31 06:15:16,GEMS101,0106,Allison Lansverk,10,0,0,2026-08-31 06:24:25
2026-08-31 06:15:16,GEMS101,0107,Allison Lansverk,10,0,0,2026-08-31 06:24:25
2026-08-31 06:15:16,GEMS101,0109,Allison Lansverk,10,0,0,2026-08-31 06:24:25
2026-08-31 06:15:16,GEMS101,0111,Allison Lansverk,10,0,0,2026-08-31 06:24:25
2026-08-31 06:15:16,GEMS101,0113,Allison Lansverk,10,0,0,2026-08-31 06:24:25
2026-08-31 06:15:16,GEMS101,0114,Allison Lansverk,10,0,0,2026-08-31 06:24:25
2026-08-31 06:15:16,GEMS202,0101,Allison Lansverk,168,49,0,2026-08-31 06:24:25
2026-08-31 06:15:16,GEMS208A,0101,Allison Lansverk,14,14,0,2026-08-31 06:24:25
2026-08-31 06:15:16,GEMS208B,0101,Allison Lansverk,14,14,0,2026-08-31 06:24:25
2026-08-31 06:15:16,GEMS208C,0101,Allison Lansverk,23,13,0,2026-08-31 06:24:26
2026-08-31 06:15:16,GEMS208D,0101,Allison Lansverk,10,10,0,2026-08-31 06:24:26
2026-08-31 06:15:16,GEMS208P,0101,Allison Lansverk,20,10,0,2026-08-31 06:24:26
2026-08-31 06:15:16,GEMS296,0101,Sehrish Shikarpurya,14,5,0,2026-08-31 06:24:26
2026-08-31 06:15:16,GEMS296,0102,Instructor: TBA,14,3,0,2026-08-31 06:24:26
2026-08-31 06:15:16,GEMS296,0103,Myles Poulin,14,1,0,2026-08-31 06:24:26
2026-08-31 06:15:16,GEMS296,0104,Raymond Adomaitis,14,2,0,2026-08-31 06:24:26
2026-08-31 06:15:16,GEMS296,0105,Rodolphe Gentili,14,4,0,2026-08-31 06:24:26
2026-08-31 06:15:16,GEMS296,0106,Jared Grauer,14,6,0,2026-08-31 06:24:26
2026-08-31 06:15:16,GEMS296,0107,Fengfeng Ke,14,6,0,2026-08-31 06:24:26
2026-08-31 06:15:16,GEMS296,0108,Instructor: TBA,14,5,0,2026-08-31 06:24:26
2026-08-31 06:15:16,GEMS296,0109,Huang Chiao Huang,14,2,0,2026-08-31 06:24:26
2026-08-31 06:15:16,GEMS296,0110,Mengqiang Zhu,14,7,0,2026-08-31 06:24:26
2026-08-31 06:15:16,GEMS296,0111,Maria Molina,14,6,0,2026-08-31 06:24:26
2026-08-31 06:15:16,GEMS296,0112,Youssef Kousa,14,5,0,2026-08-31 06:24:26
2026-08-31 06:15:16,GEMS296,0113,Instructor: TBA,5,5,0,2026-08-31 06:24:26
2026-08-31 06:15:16,GEMS296,0114,Instructor: TBA,14,14,0,2026-08-31 06:24:26
2026-08-31 06:15:16,GEMS296,0115,David Lovell,5,4,0,2026-08-31 06:24:26
2026-08-31 06:15:16,GEMS297,0113,Instructor: TBA,5,5,0,2026-08-31 06:24:27
2026-08-31 06:15:16,GEMS396,0101,Michael Humber,14,9,0,2026-08-31 06:24:27
2026-08-31 06:15:16,GEMS396,0102,Seth Dickey,14,4,0,2026-08-31 06:24:27
2026-08-31 06:15:16,GEMS396,0103,Cecilia Huertas Cerdeira,14,11,0,2026-08-31 06:24:27
2026-08-31 06:15:16,GEMS396,0104,Rodolphe Gentili,14,5,0,2026-08-31 06:24:27
2026-08-31 06:15:16,GEMS396,0105,Allison Reilly,14,7,0,2026-08-31 06:24:27
2026-08-31 06:15:16,GEMS396,0106,Peter Sunderland,14,5,0,2026-08-31 06:24:27
2026-08-31 06:15:16,GEMS396,0107,Brett Lacey,14,9,0,2026-08-31 06:24:27
2026-08-31 06:15:16,GEMS396,0108,Natalia Buzulukova,14,6,0,2026-08-31 06:24:27
2026-08-31 06:15:16,GEMS396,0109,Anil Deane,14,5,0,2026-08-31 06:24:27
2026-08-31 06:15:16,GEMS396,0110,Colenso Speer,14,7,0,2026-08-31 06:24:27
2026-08-31 06:15:16,GEMS396,0111,Instructor: TBA,14,14,0,2026-08-31 06:24:27
2026-08-31 06:15:16,GEMS396,0112,Instructor: TBA,14,14,0,2026-08-31 06:24:27
2026-08-31 06:15:16,GEMS396,0113,David Lovell,5,4,0,2026-08-31 06:24:27
2026-08-31 06:15:16,GEMS396,0114,David Lovell,5,5,0,2026-08-31 06:24:27
2026-08-31 06:15:16,GEMS397,0113,David Lovell,5,4,0,2026-08-31 06:24:27
2026-08-31 06:15:16,GEMS496,0101,Eric Haag,14,8,0,2026-08-31 06:24:27
2026-08-31 06:15:16,GEMS496,0102,Mohammad Nayeem Teli,14,11,0,2026-08-31 06:24:27
2026-08-31 06:15:16,GEMS496,0103,Norberto Gonzalez- Juarbe,14,4,0,2026-08-31 06:24:27
2026-08-31 06:15:16,GEMS496,0104,Abhinav Shrivastava,14,8,0,2026-08-31 06:24:27
2026-08-31 06:15:16,GEMS496,0105,Hector Alcala,14,7,0,2026-08-31 06:24:27
2026-08-31 06:15:16,GEMS496,0106,Massimo Ricotti,14,5,0,2026-08-31 06:24:27
2026-08-31 06:15:16,GEMS496,0107,Reza Ghodssi,14,8,0,2026-08-31 06:24:27
2026-08-31 06:15:16,GEMS496,0108,Nikhil Chopra,14,11,0,2026-08-31 06:24:27
2026-08-31 06:15:16,GEMS496,0109,Kimberly Stroka,14,5,0,2026-08-31 06:24:27
2026-08-31 06:15:16,GEMS496,0110,Gorjan Alagic,14,13,0,2026-08-31 06:24:27
2026-08-31 06:15:16,GEMS496,0111,Alisa Clyne,14,7,0,2026-08-31 06:24:27
2026-08-31 06:15:16,GEMS496,0112,Xin Zan,14,10,0,2026-08-31 06:24:27
2026-08-31 06:15:16,GEMS496,0113,Erin Tran,14,14,0,2026-08-31 06:24:27
2026-08-31 06:15:16,GEMS496,0114,David Lovell,5,5,0,2026-08-31 06:24:27
2026-08-31 06:15:16,GEMS497,0107,Instructor: TBA,14,14,0,2026-08-31 06:24:27
2026-08-31 06:15:16,GEMS497,0110,Instructor: TBA,5,5,0,2026-08-31 06:24:27
2026-08-31 06:15:16,GEMS497,0113,David Lovell,5,5,0,2026-08-31 06:24:27
2026-08-31 06:15:16,GFPL100,0101,Joshua Itzkowitz Shifrinson,20,0,0,2026-08-31 06:24:45
2026-08-31 06:15:16,GFPL100,0102,Joshua Itzkowitz Shifrinson,20,0,0,2026-08-31 06:24:45
2026-08-31 06:15:16,GFPL100,0103,Joshua Itzkowitz Shifrinson,20,1,0,2026-08-31 06:24:45
2026-08-31 06:15:16,GFPL100,0104,Joshua Itzkowitz Shifrinson,20,0,0,2026-08-31 06:24:45
2026-08-31 06:15:16,GFPL100,0105,Joshua Itzkowitz Shifrinson,20,0,0,2026-08-31 06:24:45
2026-08-31 06:15:16,GFPL100,0106,Joshua Itzkowitz Shifrinson,25,1,0,2026-08-31 06:24:45
2026-08-31 06:15:16,GFPL100,FC01,Devin Entrikin,30,0,2,2026-08-31 06:24:45
2026-08-31 06:15:16,GFPL102,0101,Caroline Ritter,95,25,0,2026-08-31 06:24:45
2026-08-31 06:15:16,GFPL371,0101,Joshua Itzkowitz Shifrinson,35,0,1,2026-08-31 06:24:45
2026-08-31 06:15:16,GFPL388A,0101,Shannon Carcelli,5,5,0,2026-08-31 06:24:45
2026-08-31 06:15:16,GFPL388B,0101,Hyunki Kim,5,5,0,2026-08-31 06:24:45
2026-08-31 06:15:16,GFPL388C,0101,Scott Kastner,5,0,0,2026-08-31 06:24:46
2026-08-31 06:15:16,GFPL390,0101,Lena Andrews,20,0,11,2026-08-31 06:24:46
2026-08-31 06:15:16,GFPL490,0101,Michael Woldemariam,15,1,0,2026-08-31 06:24:46
2026-08-31 06:15:16,GFPL492,0101,Steve Fetter,20,0,0,2026-08-31 06:24:46
2026-08-31 06:15:16,GLBC200,0101,Chris Lewis,30,0,6,2026-08-31 06:24:48
2026-08-31 06:15:16,GLBC350,0101,Michele Mason,30,25,0,2026-08-31 06:24:48
2026-08-31 06:15:16,HACS100,0101,Cassie Harrington,40,1,0,2026-08-31 06:24:59
2026-08-31 06:15:16,HACS100,0201,Cassie Harrington,40,14,0,2026-08-31 06:24:59
2026-08-31 06:15:16,HACS200,0101,Michel Cukier,34,9,0,2026-08-31 06:24:59
2026-08-31 06:15:16,HACS200,0201,Michel Cukier,34,1,0,2026-08-31 06:24:59
2026-08-31 06:15:16,HACS202,0101,Bertrand Sobesto,52,17,0,2026-08-31 06:25:00
2026-08-31 06:15:16,HACS208A,0101,Lawrence Gordon,20,0,4,2026-08-31 06:25:00
2026-08-31 06:15:16,HACS208C,0101,Lamia Zia,26,9,0,2026-08-31 06:25:00
2026-08-31 06:15:16,HACS208P,0101,Charles Harry,26,0,0,2026-08-31 06:25:00
2026-08-31 06:15:16,HACS297,0101,Sarah Herberger,25,6,0,2026-08-31 06:25:01
2026-08-31 06:15:16,HACS408E,0101,Luke Mains,30,11,0,2026-08-31 06:25:01
2026-08-31 06:15:16,HACS408L,0101,Ian Serbin,30,1,0,2026-08-31 06:25:02
2026-08-31 06:15:16,HACS408M,0101,John McGahagan,30,0,2,2026-08-31 06:25:02
2026-08-31 06:15:16,HACS498,0101,Thomas Woods,7,1,0,2026-08-31 06:25:03
2026-08-31 06:15:16,HACS498,0201,David Trott,9,0,0,2026-08-31 06:25:03
2026-08-31 06:15:16,HACS498,0301,Michel Cukier,8,0,0,2026-08-31 06:25:03
2026-08-31 06:15:16,HBUS100,0101,Jui Ramaprasad,72,4,0,2026-08-31 06:25:04
2026-08-31 06:15:16,HBUS200,0101,Nicole Coomber,60,2,0,2026-08-31 06:25:04
2026-08-31 06:15:16,HDCC105,0101,Antwon Key,70,7,0,2026-08-31 06:25:06
2026-08-31 06:15:16,HDCC201,0101,Jessica Lu,22,1,0,2026-08-31 06:25:06
2026-08-31 06:15:16,HDCC201,0201,Jessica Lu,22,0,0,2026-08-31 06:25:06
2026-08-31 06:15:16,HDCC201,0301,Jessica Lu,22,4,0,2026-08-31 06:25:06
2026-08-31 06:15:16,HDCC208A,0101,William Evans,14,0,0,2026-08-31 06:25:06
2026-08-31 06:15:16,HDCC208J,0101,Grant Bollmer,14,0,0,2026-08-31 06:25:06
2026-08-31 06:15:16,HDCC208P,0101,Cliff Bakalian,14,0,0,2026-08-31 06:25:07
2026-08-31 06:15:16,HDCC208T,0101,Jonathan Reyes,14,0,0,2026-08-31 06:25:07
2026-08-31 06:15:16,HDCC208Z,0101,M Sauter,14,7,0,2026-08-31 06:25:07
2026-08-31 06:15:16,HDCC379,0101,Antwon Key,5,4,0,2026-08-31 06:25:07
2026-08-31 06:15:16,HEBR106,0101,Avital Karpman,15,2,0,2026-08-31 06:25:09
2026-08-31 06:15:16,HEBR106,0201,Avital Karpman,15,9,0,2026-08-31 06:25:09
2026-08-31 06:15:16,HEBR206,0101,Avital Karpman,15,7,0,2026-08-31 06:25:09
2026-08-31 06:15:16,HEBR249C,0101,Aliza Sandalon,15,0,2,2026-08-31 06:25:09
2026-08-31 06:15:16,HEBR298B,0101,Matthew Suriano,25,0,1,2026-08-31 06:25:09
2026-08-31 06:15:16,HEBR313,0101,Aliza Sandalon,20,0,5,2026-08-31 06:25:10
2026-08-31 06:15:16,HGLO100,0101,Alfredo Oliveira,22,7,0,2026-08-31 06:25:22
2026-08-31 06:15:16,HGLO100,0102,Natalie Vinski Ibrahim,22,8,0,2026-08-31 06:25:22
2026-08-31 06:15:16,HGLO100,0103,Natalie Vinski Ibrahim,22,2,0,2026-08-31 06:25:22
2026-08-31 06:15:16,HGLO100,0104,Alfredo Oliveira,22,11,0,2026-08-31 06:25:22
2026-08-31 06:15:16,HGLO101,0101,Sarah Croco,23,1,0,2026-08-31 06:25:22
2026-08-31 06:15:16,HGLO101,0102,Sarah Croco,22,8,0,2026-08-31 06:25:22
2026-08-31 06:15:16,HGLO101,0103,Sarah Croco,22,8,0,2026-08-31 06:25:22
2026-08-31 06:15:16,HGLO101,0104,Sarah Croco,22,13,0,2026-08-31 06:25:22
2026-08-31 06:15:16,HGLO207,0101,Natalie Vinski Ibrahim,25,13,0,2026-08-31 06:25:24
2026-08-31 06:15:16,HGLO208,0101,Alfredo Oliveira,45,24,0,2026-08-31 06:25:25
2026-08-31 06:15:16,HGLO298,0101,Jordan Gouws-Dewar,30,29,0,2026-08-31 06:25:25
2026-08-31 06:15:16,HLSC100,0101,Jalah Townsend,24,1,0,2026-08-31 06:25:52
2026-08-31 06:15:16,HLSC100,0102,Jalah Townsend,24,1,0,2026-08-31 06:25:52
2026-08-31 06:15:16,HLSC100,0103,Jalah Townsend,24,2,0,2026-08-31 06:25:52
2026-08-31 06:15:16,HLSC100,0104,Jalah Townsend,24,12,0,2026-08-31 06:25:52
2026-08-31 06:15:16,HLSC280,0101,Najib El-Sayed,25,4,0,2026-08-31 06:25:52
2026-08-31 06:15:16,HLSC280,0102,Najib El-Sayed,25,5,0,2026-08-31 06:25:52
2026-08-31 06:15:16,HLSC280,0103,Najib El-Sayed,25,4,0,2026-08-31 06:25:52
2026-08-31 06:15:16,HLSC280,0104,Najib El-Sayed,25,8,0,2026-08-31 06:25:52
2026-08-31 06:15:16,HLSC329,0101,Sabrina Kramer,12,4,0,2026-08-31 06:25:52
2026-08-31 06:15:16,HNUH100,0101,Robert Graham,20,2,0,2026-08-31 06:26:04
2026-08-31 06:15:16,HNUH100,0102,Robert Graham,20,0,0,2026-08-31 06:26:04
2026-08-31 06:15:16,HNUH100,0103,Brittany Proudfoot Ginder,20,1,0,2026-08-31 06:26:04
2026-08-31 06:15:16,HNUH100,0104,Max Barnewitz,20,0,0,2026-08-31 06:26:04
2026-08-31 06:15:16,HNUH100,0105,Vasfiye Toprak,20,0,0,2026-08-31 06:26:04
2026-08-31 06:15:16,HNUH100,0106,Vasfiye Toprak,20,1,0,2026-08-31 06:26:04
2026-08-31 06:15:16,HNUH100,0201,Max Barnewitz,20,0,0,2026-08-31 06:26:04
2026-08-31 06:15:16,HNUH100,0202,Max Barnewitz,20,0,0,2026-08-31 06:26:04
2026-08-31 06:15:16,HNUH100,0203,Vasfiye Toprak,20,2,0,2026-08-31 06:26:04
2026-08-31 06:15:16,HNUH100,0204,Vasfiye Toprak,20,0,0,2026-08-31 06:26:04
2026-08-31 06:15:16,HNUH100,0205,Ayondela McDole,20,3,0,2026-08-31 06:26:04
2026-08-31 06:15:16,HNUH100,0206,Ayondela McDole,20,0,0,2026-08-31 06:26:04
2026-08-31 06:15:16,HNUH100,0301,Robert Graham,20,0,0,2026-08-31 06:26:04
2026-08-31 06:15:16,HNUH100,0302,Shauna Rigaud,20,8,0,2026-08-31 06:26:04
2026-08-31 06:15:16,HNUH100,0303,Shauna Rigaud,20,0,0,2026-08-31 06:26:04
2026-08-31 06:15:16,HNUH100,0304,Max Barnewitz,20,4,0,2026-08-31 06:26:04
2026-08-31 06:15:16,HNUH100,0305,Vasfiye Toprak,20,0,0,2026-08-31 06:26:04
2026-08-31 06:15:16,HNUH100,0306,Vasfiye Toprak,20,2,0,2026-08-31 06:26:04
2026-08-31 06:15:16,HNUH100,0401,Gretchen Bella,20,0,0,2026-08-31 06:26:04
2026-08-31 06:15:16,HNUH100,0402,Gretchen Bella,20,6,0,2026-08-31 06:26:04
2026-08-31 06:15:16,HNUH100,0403,Max Barnewitz,20,0,0,2026-08-31 06:26:04
2026-08-31 06:15:16,HNUH100,0404,Ayondela McDole,20,6,0,2026-08-31 06:26:04
2026-08-31 06:15:16,HNUH100,0405,Ayondela McDole,20,1,0,2026-08-31 06:26:04
2026-08-31 06:15:16,HNUH100,0406,Ayondela McDole,20,4,0,2026-08-31 06:26:04
2026-08-31 06:15:16,HNUH100,0501,Leigha McReynolds,10,3,0,2026-08-31 06:26:04
2026-08-31 06:15:16,HNUH100,0601,Brittany Proudfoot Ginder,20,0,0,2026-08-31 06:26:04
2026-08-31 06:15:16,HNUH218D,0101,Brian Gilmore,48,0,2,2026-08-31 06:26:04
2026-08-31 06:15:16,HNUH218L,0101,Shauna Rigaud,20,2,0,2026-08-31 06:26:04
2026-08-31 06:15:16,HNUH218L,0201,Shauna Rigaud,20,0,1,2026-08-31 06:26:04
2026-08-31 06:15:16,HNUH228D,0101,Matthew McLaughlin,60,0,8,2026-08-31 06:26:04
2026-08-31 06:15:16,HNUH228L,0101,Alena Wigodner,20,0,2,2026-08-31 06:26:04
2026-08-31 06:15:16,HNUH228L,0201,Alena Wigodner,20,0,1,2026-08-31 06:26:04
2026-08-31 06:15:16,HNUH228N,0101,Peter Grybauskas,20,0,1,2026-08-31 06:26:05
2026-08-31 06:15:16,HNUH229I,0101,Gretchen Bella,20,0,0,2026-08-31 06:26:05
2026-08-31 06:15:16,HNUH238D,0101,Susan Moeller,60,0,5,2026-08-31 06:26:05
2026-08-31 06:15:16,HNUH238L,0101,Kimberly Johnson,20,1,0,2026-08-31 06:26:05
2026-08-31 06:15:16,HNUH238L,0201,Kimberly Johnson,20,1,0,2026-08-31 06:26:05
2026-08-31 06:15:16,HNUH238N,0101,Hannah Wegmann,20,9,0,2026-08-31 06:26:06
2026-08-31 06:15:16,HNUH239T,0101,Gerald Suarez,20,0,2,2026-08-31 06:26:06
2026-08-31 06:15:16,HNUH248D,0101,Juan Uriagereka,45,0,2,2026-08-31 06:26:06
2026-08-31 06:15:16,HNUH248L,0201,Robert Graham,20,12,0,2026-08-31 06:26:06
2026-08-31 06:15:16,HNUH248M,0101,Hassanatu Blake,20,10,0,2026-08-31 06:26:06
2026-08-31 06:15:16,HNUH248N,0101,Siv Lie,20,0,7,2026-08-31 06:26:07
2026-08-31 06:15:16,HNUH249P,0101,Temim Nusraty,20,0,0,2026-08-31 06:26:07
2026-08-31 06:15:16,HNUH258C,0101,Bill Fagan,55,27,0,2026-08-31 06:26:07
2026-08-31 06:15:16,HNUH258Q,0101,Tiara Thomas,20,0,0,2026-08-31 06:26:07
2026-08-31 06:15:16,HNUH259P,0101,Hooman Koliji,20,1,0,2026-08-31 06:26:08
2026-08-31 06:15:16,HNUH268C,0101,Perla Guerrero,60,31,0,2026-08-31 06:26:08
2026-08-31 06:15:16,HNUH269P,0101,Marisa Franco,20,0,9,2026-08-31 06:26:08
2026-08-31 06:15:16,HNUH278C,0101,Chinyere Osuji,60,37,0,2026-08-31 06:26:08
2026-08-31 06:15:16,HNUH278I,0101,Marisa Franco,20,5,0,2026-08-31 06:26:09
2026-08-31 06:15:16,HNUH278I,0102,Marisa Franco,20,2,0,2026-08-31 06:26:09
2026-08-31 06:15:16,HNUH278R,0101,Max Barnewitz,20,0,3,2026-08-31 06:26:09
2026-08-31 06:15:16,HNUH288C,0101,Julia Steinberg,30,0,0,2026-08-31 06:26:09
2026-08-31 06:15:16,HNUH288C,0103,Julia Steinberg,30,11,0,2026-08-31 06:26:09
2026-08-31 06:15:16,HNUH288O,0101,Ariana Nash,20,0,3,2026-08-31 06:26:09
2026-08-31 06:15:16,HNUH300,0301,Vasfiye Toprak,20,0,0,2026-08-31 06:26:09
2026-08-31 06:15:16,HNUH300,0401,Robert Graham,20,1,0,2026-08-31 06:26:09
2026-08-31 06:15:16,HNUH300,0601,Alena Wigodner,20,0,0,2026-08-31 06:26:09
2026-08-31 06:15:16,HNUH300,0701,Ingrid Satelmajer,20,12,0,2026-08-31 06:26:09
2026-08-31 06:15:16,HNUH300,0801,Shauna Rigaud,20,0,0,2026-08-31 06:26:09
2026-08-31 06:15:16,HNUH300,0901,Kimberly Johnson,20,3,0,2026-08-31 06:26:09
2026-08-31 06:15:16,HNUH300,1001,Ingrid Satelmajer,20,13,0,2026-08-31 06:26:09
2026-08-31 06:15:16,HNUH318T,0101,Peter Owen,24,0,0,2026-08-31 06:26:10
2026-08-31 06:15:16,HNUH319T,0101,Emily Shetty,22,0,0,2026-08-31 06:26:10
2026-08-31 06:15:16,HNUH328T,0101,Woodie Kessel,24,2,0,2026-08-31 06:26:10
2026-08-31 06:15:16,HNUH329T,0101,Rob Long,20,1,0,2026-08-31 06:26:10
2026-08-31 06:15:16,HNUH338T,0101,Andrew Fausett,22,0,0,2026-08-31 06:26:11
2026-08-31 06:15:16,HNUH348T,0101,Ed Fendley,22,1,0,2026-08-31 06:26:11
2026-08-31 06:15:16,HNUH358T,0101,Sean Misko,22,1,0,2026-08-31 06:26:11
2026-08-31 06:15:16,HNUH359T,0101,Amanda Schoch,20,0,0,2026-08-31 06:26:11
2026-08-31 06:15:16,HNUH368T,0101,Nadia Farra,20,0,0,2026-08-31 06:26:11
2026-08-31 06:15:16,HNUH369T,0101,Andrew Nissen,20,1,0,2026-08-31 06:26:12
2026-08-31 06:15:16,HNUH378T,0101,Joshua Glasser,20,0,0,2026-08-31 06:26:12
2026-08-31 06:15:16,HNUH398P,0101,Jayakumar Arasan,25,24,0,2026-08-31 06:26:12
2026-08-31 06:15:16,HNUH398P,0201,Jayakumar Arasan,5,2,0,2026-08-31 06:26:12
2026-08-31 06:15:16,HNUH398T,0101,Sasha Koo-Oshima,20,3,0,2026-08-31 06:26:12
2026-08-31 06:15:16,HONR368A,0101,Blake Wilder,22,0,0,2026-08-31 06:26:14
2026-08-31 06:15:16,IMDM101,0101,Mollye Bendell,30,14,0,2026-08-31 06:26:18
2026-08-31 06:15:16,IMDM101,0201,Myungin Lee,30,20,0,2026-08-31 06:26:18
2026-08-31 06:15:16,IMDM101,0301,Myungin Lee,30,20,0,2026-08-31 06:26:18
2026-08-31 06:15:16,IMDM127,0101,Roger Eastman,36,16,0,2026-08-31 06:26:19
2026-08-31 06:15:16,IMDM150,0101,Stefano Passeri,30,21,0,2026-08-31 06:26:19
2026-08-31 06:15:16,IMDM227,0101,Stevens Miller,30,4,0,2026-08-31 06:26:19
2026-08-31 06:15:16,IMDM227,0201,Stevens Miller,30,19,0,2026-08-31 06:26:19
2026-08-31 06:15:16,IMDM327,0101,Myungin Lee,25,0,0,2026-08-31 06:26:19
2026-08-31 06:15:16,IMDM350,0101,Jason Farman,29,12,0,2026-08-31 06:26:20
2026-08-31 06:15:16,IMDM490,0101,Matthew Nolan,30,0,0,2026-08-31 06:26:20
2026-08-31 06:15:16,IMDM490,0201,Matthew Nolan,30,17,0,2026-08-31 06:26:20
2026-08-31 06:15:16,IMDM498K,0101,Matthew Nolan,15,0,0,2026-08-31 06:26:20
2026-08-31 06:15:16,IMMR319D,0101,Beka Guluma,20,13,0,2026-08-31 06:26:22
2026-08-31 06:15:16,IMMR394,0101,Wenxi Yang,25,0,1,2026-08-31 06:26:22
2026-08-31 06:15:16,IMMR399,0101,Instructor: TBA,2,2,0,2026-08-31 06:26:22
2026-08-31 06:15:16,IMMR400,0101,Gerson Rosales,20,6,0,2026-08-31 06:26:23
2026-08-31 06:15:16,ISRL249J,0101,Aner Tal,30,24,0,2026-08-31 06:26:34
2026-08-31 06:15:16,ISRL249M,0101,Aliza Sandalon,15,0,2,2026-08-31 06:26:35
2026-08-31 06:15:16,ISRL283,0101,Shay Hazkani,35,0,0,2026-08-31 06:26:35
2026-08-31 06:15:16,ISRL349G,0101,Marwa Maziad,30,0,0,2026-08-31 06:26:35
2026-08-31 06:15:16,ISRL349K,0101,Regev Ben-David,30,25,0,2026-08-31 06:26:36
2026-08-31 06:15:16,ISRL349T,0101,Elli Lieberman,35,14,0,2026-08-31 06:26:41
2026-08-31 06:15:16,ISRL349Y,0101,Adina Friedman,35,26,0,2026-08-31 06:26:41
2026-08-31 06:15:16,ISRL382,0101,Ilai Saltzman,35,3,0,2026-08-31 06:26:42
2026-08-31 06:15:16,ISRL448R,0101,Morad Elsana,25,8,0,2026-08-31 06:26:42
2026-08-31 06:15:16,ITAL103,0101,Antonella D'Amario,18,13,0,2026-08-31 06:26:44
2026-08-31 06:15:16,ITAL103,0201,Antonella D'Amario,18,6,0,2026-08-31 06:26:44
2026-08-31 06:15:16,ITAL103,0301,Joseph Falvo,18,7,0,2026-08-31 06:26:44
2026-08-31 06:15:16,ITAL203,0101,Antonella D'Amario,18,11,0,2026-08-31 06:26:44
2026-08-31 06:15:16,ITAL203,0201,Antonella D'Amario,18,13,0,2026-08-31 06:26:44
2026-08-31 06:15:16,ITAL204,0101,Federica Soddu,18,15,0,2026-08-31 06:26:44
2026-08-31 06:15:16,ITAL207,0101,Mirella Vaglio,18,17,0,2026-08-31 06:26:44
2026-08-31 06:15:16,ITAL301,0101,Federica Soddu,20,11,0,2026-08-31 06:26:45
2026-08-31 06:15:16,ITAL362,0101,Federica Soddu,20,10,0,2026-08-31 06:26:45
2026-08-31 06:15:16,ITAL401,0101,Mirella Vaglio,15,12,0,2026-08-31 06:26:45
2026-08-31 06:15:16,ITAL421,0101,Joseph Falvo,25,13,0,2026-08-31 06:26:46
2026-08-31 06:15:16,ITAL478R,0101,Joseph Falvo,5,3,0,2026-08-31 06:26:46
2026-08-31 06:15:16,JAPN101,0101,Kumiko Akikawa,15,0,0,2026-08-31 06:26:48
2026-08-31 06:15:16,JAPN101,0201,Kumiko Akikawa,15,3,0,2026-08-31 06:26:48
2026-08-31 06:15:16,JAPN101,0301,Kumiko Akikawa,15,4,0,2026-08-31 06:26:48
2026-08-31 06:15:16,JAPN201,0101,Makiko Inoue,15,5,0,2026-08-31 06:26:48
2026-08-31 06:15:16,JAPN201,0201,Makiko Inoue,15,6,0,2026-08-31 06:26:48
2026-08-31 06:15:16,JAPN301,0101,Mari Hamada,15,9,0,2026-08-31 06:26:48
2026-08-31 06:15:16,JAPN311,0101,Jyana Browne,15,11,0,2026-08-31 06:26:48
2026-08-31 06:15:16,JAPN315,0101,Michele Mason,20,0,2,2026-08-31 06:26:49
2026-08-31 06:15:16,JAPN320,0101,Lindsay Yotsukura,15,9,0,2026-08-31 06:26:49
2026-08-31 06:15:16,JAPN498B,0101,Jyana Browne,20,1,0,2026-08-31 06:26:49
2026-08-31 06:15:16,KORA101,0101,Saerom Kwak,15,0,0,2026-08-31 06:27:24
2026-08-31 06:15:16,KORA101,0201,Saerom Kwak,15,2,0,2026-08-31 06:27:24
2026-08-31 06:15:16,KORA101,0301,Saerom Kwak,15,9,0,2026-08-31 06:27:24
2026-08-31 06:15:16,KORA101,0401,Saerom Kwak,15,6,0,2026-08-31 06:27:24
2026-08-31 06:15:16,KORA201,0101,Seong Minne Koh,15,4,0,2026-08-31 06:27:24
2026-08-31 06:15:16,KORA201,0201,Seong Minne Koh,15,5,0,2026-08-31 06:27:24
2026-08-31 06:15:16,KORA201,0301,Seong Minne Koh,15,9,0,2026-08-31 06:27:24
2026-08-31 06:15:16,KORA398G,0101,Instructor: TBA,10,7,0,2026-08-31 06:27:24
2026-08-31 06:15:16,KORA398W,0101,Seong Minne Koh,10,3,0,2026-08-31 06:27:25
2026-08-31 06:15:16,LEAD217,0101,Festus Ainoo,25,0,1,2026-08-31 06:27:38
2026-08-31 06:15:16,LEAD217,0201,Adrian Bitton,25,0,3,2026-08-31 06:27:38
2026-08-31 06:15:16,LEAD217,FC01,Festus Ainoo,20,0,2,2026-08-31 06:27:38
2026-08-31 06:15:16,LEAD305,0101,Anastasia Lavrenyuk,20,0,0,2026-08-31 06:27:38
2026-08-31 06:15:16,LEAD315,0101,Anastasia Lavrenyuk,25,12,0,2026-08-31 06:27:38
2026-08-31 06:15:16,LEAD320,0101,Courtney Holder,10,9,0,2026-08-31 06:27:38
2026-08-31 06:15:16,LGBT200,0201,Basanth Babu,25,0,1,2026-08-31 06:27:40
2026-08-31 06:15:16,LGBT265,0101,Tyra Griffin,30,0,2,2026-08-31 06:27:40
2026-08-31 06:15:16,LGBT265,0201,Declan Langton,30,0,0,2026-08-31 06:27:40
2026-08-31 06:15:16,LGBT359J,0101,Chris Eng,25,13,0,2026-08-31 06:27:40
2026-08-31 06:15:16,MLAW100,0101,Christine White,83,14,0,2026-08-31 06:28:09
2026-08-31 06:15:16,MLAW304,0201,Christine White,65,17,0,2026-08-31 06:28:09
2026-08-31 06:15:16,MLAW305,0101,Brian Gilmore,40,0,0,2026-08-31 06:28:09
2026-08-31 06:15:16,MLAW315,0101,Grace Benton,13,3,0,2026-08-31 06:28:09
2026-08-31 06:15:16,MLAW358Q,0101,David Cunningham,5,5,0,2026-08-31 06:28:10
2026-08-31 06:15:16,MLAW358T,0101,Christine White,25,4,0,2026-08-31 06:28:10
2026-08-31 06:15:16,MLAW358X,0101,Martin Kobren,5,0,1,2026-08-31 06:28:10
2026-08-31 06:15:16,MLAW359,0101,Brandee Pettus,10,6,0,2026-08-31 06:28:10
2026-08-31 06:15:16,MLAW378E,0101,Brandee Pettus,5,5,0,2026-08-31 06:28:10
2026-08-31 06:15:16,MLAW378K,0101,Brian Gilmore,20,2,0,2026-08-31 06:28:11
2026-08-31 06:15:16,MLAW378Q,0101,Paul Huth,5,3,0,2026-08-31 06:28:11
2026-08-31 06:15:16,MLAW378R,0101,Nancy Schertzing,13,0,0,2026-08-31 06:28:11
2026-08-31 06:15:16,MLAW388,0101,Brandee Pettus,40,23,0,2026-08-31 06:28:11
2026-08-31 06:15:16,MLSC250,FC01,William Simpson,20,0,4,2026-08-31 06:28:13
2026-08-31 06:15:16,NEUR200,0101,Ana Navarro Cebrian,75,0,8,2026-08-31 06:28:29
2026-08-31 06:15:16,NEUR200,0201,Ana Navarro Cebrian,75,0,7,2026-08-31 06:28:29
2026-08-31 06:15:16,NEUR200,0301,Evan Hart,75,0,6,2026-08-31 06:28:29
2026-08-31 06:15:16,NEUR305,0101,Amanda Chicoli,100,11,0,2026-08-31 06:28:30
2026-08-31 06:15:16,NEUR306,0101,Chan Lin,200,6,0,2026-08-31 06:28:30
2026-08-31 06:15:16,NEUR398H,0101,Nikolas Francis,20,20,0,2026-08-31 06:28:31
2026-08-31 06:15:16,NEUR405,0101,Hilary Bierman,20,0,0,2026-08-31 06:28:31
2026-08-31 06:15:16,NEUR405,0102,Hilary Bierman,20,0,0,2026-08-31 06:28:31
2026-08-31 06:15:16,NEUR405,0103,Hilary Bierman,20,0,0,2026-08-31 06:28:31
2026-08-31 06:15:16,PEER312,0101,Aleia Gardner,15,8,0,2026-08-31 06:28:43
2026-08-31 06:15:16,PEER318,0101,Christina Jay,15,11,0,2026-08-31 06:28:43
2026-08-31 06:15:16,PEER319,0101,Grace Boudreau,15,7,0,2026-08-31 06:28:43
2026-08-31 06:15:16,PHPE308D,0101,Xinzhi Zhao,30,5,0,2026-08-31 06:28:55
2026-08-31 06:15:16,PHPE308F,0101,Regev Ben-David,30,25,0,2026-08-31 06:28:55
2026-08-31 06:15:16,PHPE308M,0101,Hallie Liberto,30,20,0,2026-08-31 06:28:56
2026-08-31 06:15:16,PHPE308O,0101,Jackson Iszler,30,0,0,2026-08-31 06:28:56
2026-08-31 06:15:16,PHPE308Y,0101,Rachel Singpurwalla,20,0,3,2026-08-31 06:28:56
2026-08-31 06:15:16,PHPE308Y,0102,Rachel Singpurwalla,20,0,5,2026-08-31 06:28:56
2026-08-31 06:15:16,PHPE308Y,0103,Rachel Singpurwalla,20,0,4,2026-08-31 06:28:56
2026-08-31 06:15:16,PHPE400,0101,Justin Helms,18,1,0,2026-08-31 06:28:56
2026-08-31 06:15:16,PHPE400,0102,Justin Helms,18,1,0,2026-08-31 06:28:56
2026-08-31 06:15:16,PHPE400,0103,Justin Helms,20,1,0,2026-08-31 06:28:56
2026-08-31 06:15:16,PHPE401,0101,Xinzhi Zhao,25,0,12,2026-08-31 06:28:57
2026-08-31 06:15:16,PHPE402,0101,Dan Moller,30,0,2,2026-08-31 06:28:57
2026-08-31 06:15:16,PHPE408J,0101,Lixing Miao,25,0,0,2026-08-31 06:28:57
2026-08-31 06:15:16,PHPE408R,0101,Xinzhi Zhao,25,10,0,2026-08-31 06:28:57
2026-08-31 06:15:16,PHSC388J,0101,Kendall Bustad,20,5,0,2026-08-31 06:28:59
2026-08-31 06:15:16,PHSC389,0101,Shannon Edward,30,20,0,2026-08-31 06:28:59
2026-08-31 06:15:16,PHSC399,0101,Shannon Edward,30,17,0,2026-08-31 06:28:59
2026-08-31 06:15:16,PHSC415,0101,Jessica O'Hara,31,0,1,2026-08-31 06:29:00
2026-08-31 06:15:16,PHSC415,0102,Jessica O'Hara,31,0,1,2026-08-31 06:29:00
2026-08-31 06:15:16,PHSC415,0103,Jessica O'Hara,31,0,0,2026-08-31 06:29:00
2026-08-31 06:15:16,PHSC415,0104,Jessica O'Hara,31,0,0,2026-08-31 06:29:00
2026-08-31 06:15:16,PHSC415,0105,Jessica O'Hara,31,2,0,2026-08-31 06:29:00
2026-08-31 06:15:16,PHSC420,0101,Jennifer German,35,5,0,2026-08-31 06:29:00
2026-08-31 06:15:16,PHSC450,0101,Kendall Bustad,20,0,4,2026-08-31 06:29:00
2026-08-31 06:15:16,PHSC450,0102,Kendall Bustad,20,0,4,2026-08-31 06:29:00
2026-08-31 06:15:16,PHSC450,0103,Kendall Bustad,20,0,2,2026-08-31 06:29:00
2026-08-31 06:15:16,PHSC450,0104,Kendall Bustad,20,0,3,2026-08-31 06:29:00
2026-08-31 06:15:16,PHSC450,0105,Kendall Bustad,20,0,2,2026-08-31 06:29:00
2026-08-31 06:15:16,PHSC450,0106,Kendall Bustad,20,0,2,2026-08-31 06:29:00
2026-08-31 06:15:16,PHSC450,0107,Kendall Bustad,20,0,1,2026-08-31 06:29:00
2026-08-31 06:15:16,PHSC450,0108,Kendall Bustad,20,0,1,2026-08-31 06:29:00
2026-08-31 06:15:16,PHSC497,0101,Kendall Bustad,20,1,0,2026-08-31 06:29:00
2026-08-31 06:15:16,PHSC497,0301,Shannon Edward,20,3,0,2026-08-31 06:29:00
2026-08-31 06:15:16,PHSC497,0601,Jennifer German,20,1,0,2026-08-31 06:29:00
2026-08-31 06:15:16,PLCY100,0101,Toby Egan,25,0,4,2026-08-31 06:29:18
2026-08-31 06:15:16,PLCY100,0102,Toby Egan,25,0,4,2026-08-31 06:29:18
2026-08-31 06:15:16,PLCY100,0103,Toby Egan,25,0,4,2026-08-31 06:29:18
2026-08-31 06:15:16,PLCY100,0104,Toby Egan,25,0,1,2026-08-31 06:29:18
2026-08-31 06:15:16,PLCY100,0201,Namrta Sharma,25,12,0,2026-08-31 06:29:18
2026-08-31 06:15:16,PLCY100,0202,Namrta Sharma,25,14,0,2026-08-31 06:29:18
2026-08-31 06:15:16,PLCY100,0203,Namrta Sharma,25,0,0,2026-08-31 06:29:18
2026-08-31 06:15:16,PLCY100,0204,Namrta Sharma,25,12,0,2026-08-31 06:29:18
2026-08-31 06:15:16,PLCY101,0101,Robert Sprinkle,75,0,3,2026-08-31 06:29:18
2026-08-31 06:15:16,PLCY170,0101,Joshua Itzkowitz Shifrinson,20,0,0,2026-08-31 06:29:18
2026-08-31 06:15:16,PLCY170,0102,Joshua Itzkowitz Shifrinson,20,0,0,2026-08-31 06:29:18
2026-08-31 06:15:16,PLCY170,0103,Joshua Itzkowitz Shifrinson,20,1,0,2026-08-31 06:29:18
2026-08-31 06:15:16,PLCY170,0104,Joshua Itzkowitz Shifrinson,20,0,0,2026-08-31 06:29:18
2026-08-31 06:15:16,PLCY170,0105,Joshua Itzkowitz Shifrinson,20,0,0,2026-08-31 06:29:18
2026-08-31 06:15:16,PLCY170,0106,Joshua Itzkowitz Shifrinson,25,1,0,2026-08-31 06:29:18
2026-08-31 06:15:16,PLCY172,0101,Caroline Ritter,95,25,0,2026-08-31 06:29:18
2026-08-31 06:15:16,PLCY200,0101,Shanna Pearson-Merkowitz,35,0,4,2026-08-31 06:29:19
2026-08-31 06:15:16,PLCY200,0201,Shanna Pearson-Merkowitz,35,0,3,2026-08-31 06:29:19
2026-08-31 06:15:16,PLCY200,0301,Namrta Sharma,35,0,4,2026-08-31 06:29:19
2026-08-31 06:15:16,PLCY201,0101,Julio Guzman,70,0,4,2026-08-31 06:29:19
2026-08-31 06:15:16,PLCY201,0201,Gregory Ramsay,60,0,4,2026-08-31 06:29:19
2026-08-31 06:15:16,PLCY201,FC01,Anne Kaiser,30,0,4,2026-08-31 06:29:19
2026-08-31 06:15:16,PLCY201,FC02,Anne Kaiser,30,1,0,2026-08-31 06:29:19
2026-08-31 06:15:16,PLCY201S,0101,Susannah Washburn,80,6,0,2026-08-31 06:29:19
2026-08-31 06:15:16,PLCY203,0101,Thomas Hilde,60,0,0,2026-08-31 06:29:19
2026-08-31 06:15:16,PLCY203,0201,Anne Kaiser,60,40,0,2026-08-31 06:29:19
2026-08-31 06:15:16,PLCY213,0201,Claire Dunning,40,0,0,2026-08-31 06:29:20
2026-08-31 06:15:16,PLCY214,0101,Patricia Bory,65,21,0,2026-08-31 06:29:20
2026-08-31 06:15:16,PLCY240,0101,Timothy Reedy,30,0,9,2026-08-31 06:29:20
2026-08-31 06:15:16,PLCY288K,0101,CHRISTIAN OSTERMANN,25,0,0,2026-08-31 06:29:20
2026-08-31 06:15:16,PLCY300,0101,Alana Hackshaw,45,0,10,2026-08-31 06:29:21
2026-08-31 06:15:16,PLCY300,0201,Namrta Sharma,45,27,0,2026-08-31 06:29:21
2026-08-31 06:15:16,PLCY301,0101,Caroline Boules,165,9,0,2026-08-31 06:29:21
2026-08-31 06:15:16,PLCY302,0101,Niambi Carter,40,0,0,2026-08-31 06:29:21
2026-08-31 06:15:16,PLCY302,0201,Ebonie Johnson Cooper,40,0,0,2026-08-31 06:29:21
2026-08-31 06:15:16,PLCY302,0301,Lindsay Dieudonne,40,0,1,2026-08-31 06:29:21
2026-08-31 06:15:16,PLCY303,0101,Juan Martinez Guzman,40,2,0,2026-08-31 06:29:21
2026-08-31 06:15:16,PLCY304,0101,Michael Busse,40,12,0,2026-08-31 06:29:22
2026-08-31 06:15:16,PLCY304,0201,Michael Busse,40,12,0,2026-08-31 06:29:22
2026-08-31 06:15:16,PLCY309,0101,Martin Sanders,30,27,0,2026-08-31 06:29:22
2026-08-31 06:15:16,PLCY310,0101,Selvon Waldron,35,17,0,2026-08-31 06:29:22
2026-08-31 06:15:16,PLCY313,0101,Gerard Evans,100,10,0,2026-08-31 06:29:22
2026-08-31 06:15:16,PLCY371,0101,Joshua Itzkowitz Shifrinson,35,0,1,2026-08-31 06:29:23
2026-08-31 06:15:16,PLCY380,0101,Isabel O'Malley,40,0,4,2026-08-31 06:29:23
2026-08-31 06:15:16,PLCY380,ESG1,Kisha McNeill,30,5,0,2026-08-31 06:29:23
2026-08-31 06:15:16,PLCY388A,0101,Brandi Onowu,40,1,0,2026-08-31 06:29:23
2026-08-31 06:15:16,PLCY388N,0101,Nina Harris,25,2,0,2026-08-31 06:29:23
2026-08-31 06:15:16,PLCY390,0101,Lena Andrews,20,0,11,2026-08-31 06:29:24
2026-08-31 06:15:16,PLCY399B,0101,Beatrice DeBelen,30,20,0,2026-08-31 06:29:24
2026-08-31 06:15:16,PLCY400,0101,Patricia Bory,25,5,0,2026-08-31 06:29:24
2026-08-31 06:15:16,PLCY401,0101,Anand Patwardhan,20,6,0,2026-08-31 06:29:25
2026-08-31 06:15:16,PLCY401,0201,Tracy Thompson,20,0,1,2026-08-31 06:29:25
2026-08-31 06:15:16,PLCY401,0301,David Mussington,20,6,0,2026-08-31 06:29:25
2026-08-31 06:15:16,PLCY490,0101,Michael Woldemariam,15,1,0,2026-08-31 06:29:25
2026-08-31 06:15:16,PLCY492,0101,Steve Fetter,20,0,0,2026-08-31 06:29:25
2026-08-31 06:15:16,PLCY610,0201,Alec Worsnop,40,7,0,2026-08-31 06:29:25
2026-08-31 06:15:16,PLCY630,0101,Catherine Worsnop,25,4,0,2026-08-31 06:29:26
2026-08-31 06:15:16,PLCY630,0201,Catherine Worsnop,25,3,0,2026-08-31 06:29:26
2026-08-31 06:15:16,PLCY631,0101,Cullen Merritt,25,1,0,2026-08-31 06:29:26
2026-08-31 06:15:16,PLCY640,0201,Thomas Spreen,30,3,0,2026-08-31 06:29:26
2026-08-31 06:15:16,PLCY641,0101,Tyler Kustra,30,1,0,2026-08-31 06:29:26
2026-08-31 06:15:16,PLCY641,0201,Tyler Kustra,30,7,0,2026-08-31 06:29:26
2026-08-31 06:15:16,PLCY670,0101,Philip Joyce,30,0,0,2026-08-31 06:29:27
2026-08-31 06:15:16,PLCY680,0101,Claire Dunning,25,1,0,2026-08-31 06:29:27
2026-08-31 06:15:16,PLCY680,0201,Michael Woldemariam,25,7,0,2026-08-31 06:29:27
2026-08-31 06:15:16,PLCY688C,0101,Charles Harry,20,10,0,2026-08-31 06:29:28
2026-08-31 06:15:16,PLCY688F,PWL1,Nekeya O'Connor,20,1,0,2026-08-31 06:29:28
2026-08-31 06:15:16,PLCY688P,0101,Steve Fetter,10,0,0,2026-08-31 06:29:28
2026-08-31 06:15:16,PLCY688Z,0101,Brandi Onowu,20,3,0,2026-08-31 06:29:28
2026-08-31 06:15:16,PLCY689E,0101,Susan Parker,20,0,2,2026-08-31 06:29:29
2026-08-31 06:15:16,PLCY690,0110,David Mussington,15,2,0,2026-08-31 06:29:29
2026-08-31 06:15:16,PLCY690,0120,Margaret Brindle,15,3,0,2026-08-31 06:29:29
2026-08-31 06:15:16,PLCY690,0130,Douglas Call,15,0,1,2026-08-31 06:29:29
2026-08-31 06:15:16,PLCY690,0150,Paul Brown,15,1,0,2026-08-31 06:29:29
2026-08-31 06:15:16,PLCY690,0170,James Stillwell,15,0,0,2026-08-31 06:29:29
2026-08-31 06:15:16,PLCY698T,0101,Elizabeth Duke,20,5,0,2026-08-31 06:29:29
2026-08-31 06:15:16,PLCY699L,0101,Michael Woldemariam,10,0,0,2026-08-31 06:29:29
2026-08-31 06:15:16,PLCY720,0101,Nancy Gallagher,20,2,0,2026-08-31 06:29:29
2026-08-31 06:15:16,PLCY734,0101,Niambi Carter,20,0,0,2026-08-31 06:29:30
2026-08-31 06:15:16,PLCY735,0101,Robert Sprinkle,20,8,0,2026-08-31 06:29:30
2026-08-31 06:15:16,PLCY741,0101,Anand Patwardhan,20,7,0,2026-08-31 06:29:30
2026-08-31 06:15:16,PLCY742,0101,Thomas Hilde,20,9,0,2026-08-31 06:29:30
2026-08-31 06:15:16,PLCY780,0101,Robert Orr,20,0,2,2026-08-31 06:29:31
2026-08-31 06:15:16,PLCY781,0101,Julio Guzman,20,2,0,2026-08-31 06:29:31
2026-08-31 06:15:16,PLCY783,0101,Margaret Brindle,20,8,0,2026-08-31 06:29:31
2026-08-31 06:15:16,PLCY798F,PWL1,William Nolte,25,18,0,2026-08-31 06:29:32
2026-08-31 06:15:16,PLCY798V,0101,Shanna Pearson-Merkowitz,12,0,0,2026-08-31 06:29:32
2026-08-31 06:15:16,PLCY798Y,PWL1,Jeffrey Franco,25,0,0,2026-08-31 06:29:33
2026-08-31 06:15:16,PLCY798Z,0101,Peter Reuter,12,0,0,2026-08-31 06:29:33
2026-08-31 06:15:16,PLSC112,0101,Samuel Daramola,100,27,6,2026-08-31 06:29:35
2026-08-31 06:15:16,PLSC113,0101,Samuel Daramola,24,10,3,2026-08-31 06:29:35
2026-08-31 06:15:16,PLSC113,0102,Samuel Daramola,24,9,1,2026-08-31 06:29:35
2026-08-31 06:15:16,PLSC113,0103,Samuel Daramola,24,9,0,2026-08-31 06:29:35
2026-08-31 06:15:16,PLSC113,0104,Samuel Daramola,24,10,1,2026-08-31 06:29:35
2026-08-31 06:15:16,PLSC115,0101,Shirley Micallef,24,0,6,2026-08-31 06:29:35
2026-08-31 06:15:16,PLSC201,0101,Pierre Jacob,42,16,0,2026-08-31 06:29:36
2026-08-31 06:15:16,PLSC203,0101,Vijay Tiwari,23,16,0,2026-08-31 06:29:36
2026-08-31 06:15:16,PLSC205,0101,Mark Carroll,22,1,0,2026-08-31 06:29:36
2026-08-31 06:15:16,PLSC206,0101,Pierre Jacob,21,8,0,2026-08-31 06:29:36
2026-08-31 06:15:16,PLSC206,0102,Pierre Jacob,21,8,0,2026-08-31 06:29:36
2026-08-31 06:15:16,PLSC253,0101,Karen Petroff,24,0,0,2026-08-31 06:29:37
2026-08-31 06:15:16,PLSC253,0102,Karen Petroff,24,10,0,2026-08-31 06:29:37
2026-08-31 06:15:16,PLSC389,0101,Craig Beyrouty,17,17,0,2026-08-31 06:29:37
2026-08-31 06:15:16,PLSC402,0101,Geoffrey Rinehart,10,2,0,2026-08-31 06:29:37
2026-08-31 06:15:16,PLSC404,0101,Yiping Qi,20,9,0,2026-08-31 06:29:37
2026-08-31 06:15:16,PLSC420,0101,Nidhi Rawat,18,5,0,2026-08-31 06:29:38
2026-08-31 06:15:16,PLSC420,0102,Nidhi Rawat,18,12,0,2026-08-31 06:29:38
2026-08-31 06:15:16,PLSC433,0101,Diana Cochran,10,2,0,2026-08-31 06:29:38
2026-08-31 06:15:16,PLSC453,0101,Samuel Daramola,24,3,0,2026-08-31 06:29:38
2026-08-31 06:15:16,PLSC471,0101,Juanita Choo,20,0,0,2026-08-31 06:29:38
2026-08-31 06:15:16,PLSC476,0101,Maile Neel,23,19,0,2026-08-31 06:29:39
2026-08-31 06:15:16,PLSC608,0101,Shunyuan Xiao,20,13,0,2026-08-31 06:29:39
2026-08-31 06:15:16,PORT103,0101,Parker Brookie,15,8,0,2026-08-31 06:29:41
2026-08-31 06:15:16,PORT205,0101,Parker Brookie,15,7,0,2026-08-31 06:29:41
2026-08-31 06:15:16,PORT332,0101,Parker Brookie,25,0,2,2026-08-31 06:29:41
2026-08-31 06:15:16,RELS120,0101,Antoine Borrut,40,0,1,2026-08-31 06:30:03
2026-08-31 06:15:16,RELS170,0101,Chiara Graf,21,0,7,2026-08-31 06:30:03
2026-08-31 06:15:16,RELS170,0102,Chiara Graf,21,0,9,2026-08-31 06:30:03
2026-08-31 06:15:16,RELS170,0103,Chiara Graf,21,0,8,2026-08-31 06:30:03
2026-08-31 06:15:16,RELS170,0104,Chiara Graf,21,0,7,2026-08-31 06:30:03
2026-08-31 06:15:16,RELS170,0105,Chiara Graf,21,0,8,2026-08-31 06:30:03
2026-08-31 06:15:16,RELS170,0106,Chiara Graf,21,0,12,2026-08-31 06:30:03
2026-08-31 06:15:16,RELS170,0107,Chiara Graf,21,0,9,2026-08-31 06:30:03
2026-08-31 06:15:16,RELS170,0108,Chiara Graf,21,0,6,2026-08-31 06:30:03
2026-08-31 06:15:16,RELS170,0109,Chiara Graf,22,0,3,2026-08-31 06:30:03
2026-08-31 06:15:16,RELS171,0101,Maxine Grossman,40,0,6,2026-08-31 06:30:03
2026-08-31 06:15:16,RELS219K,0101,Shay Hazkani,40,33,0,2026-08-31 06:30:04
2026-08-31 06:15:16,RELS225,0101,Stephanie Cooper,25,0,1,2026-08-31 06:30:04
2026-08-31 06:15:16,RELS273,0101,Hayim Lapin,23,0,0,2026-08-31 06:30:04
2026-08-31 06:15:16,RELS273,0102,Hayim Lapin,23,1,0,2026-08-31 06:30:04
2026-08-31 06:15:16,RELS273,0103,Hayim Lapin,23,0,1,2026-08-31 06:30:04
2026-08-31 06:15:16,RELS274,0101,Matthew Suriano,20,0,19,2026-08-31 06:30:04
2026-08-31 06:15:16,RELS274,0102,Matthew Suriano,20,0,15,2026-08-31 06:30:04
2026-08-31 06:15:16,RELS274,0103,Matthew Suriano,20,0,13,2026-08-31 06:30:04
2026-08-31 06:15:16,RELS274,0104,Matthew Suriano,20,0,15,2026-08-31 06:30:04
2026-08-31 06:15:16,RELS319D,0101,Nathan Levine,35,27,0,2026-08-31 06:30:04
2026-08-31 06:15:16,RELS319Z,0101,Regev Ben-David,30,27,0,2026-08-31 06:30:05
2026-08-31 06:15:16,RELS341,0101,Janna Bianchini,30,3,0,2026-08-31 06:30:05
2026-08-31 06:15:16,RUSS101,0101,Inna Hardman,15,4,0,2026-08-31 06:30:07
2026-08-31 06:15:16,RUSS101,0201,Inna Hardman,15,3,0,2026-08-31 06:30:07
2026-08-31 06:15:16,RUSS201,0101,Zhanna Gerus-Vernola,15,8,0,2026-08-31 06:30:07
2026-08-31 06:15:16,RUSS301,0101,Izolda Savenkova,15,5,0,2026-08-31 06:30:07
2026-08-31 06:15:16,RUSS321,0101,Elizabeth Papazian,15,3,0,2026-08-31 06:30:07
2026-08-31 06:15:16,RUSS334,0101,Elizabeth Papazian,25,0,1,2026-08-31 06:30:08
2026-08-31 06:15:16,RUSS404,0101,Izolda Savenkova,15,2,0,2026-08-31 06:30:08
2026-08-31 06:15:16,SDSB123,0101,Brian Kim,40,9,0,2026-08-31 06:30:10
2026-08-31 06:15:16,SDSB180,0101,Brian Kim,180,153,0,2026-08-31 06:30:10
2026-08-31 06:15:16,SDSB233,0101,Jacob Coutts,25,3,0,2026-08-31 06:30:10
2026-08-31 06:15:16,SDSB233,0102,Jacob Coutts,25,11,0,2026-08-31 06:30:10
2026-08-31 06:15:16,SDSB233,0103,Jacob Coutts,25,8,0,2026-08-31 06:30:10
2026-08-31 06:15:16,SDSB326,0101,Jacob Coutts,50,31,0,2026-08-31 06:30:11
2026-08-31 06:15:16,SDSB340,0101,Neil Lund,40,0,0,2026-08-31 06:30:11
2026-08-31 06:15:16,SDSI414,0201,Maria Krupenkin,34,13,0,2026-08-31 06:30:12
2026-08-31 06:15:16,SDSI414,0202,Maria Krupenkin,34,0,0,2026-08-31 06:30:12
2026-08-31 06:15:16,SDSI492,0101,TJ Rainsford,50,11,0,2026-08-31 06:30:12
2026-08-31 06:15:16,SDSI492,0103,Mary Ann Francis,40,0,6,2026-08-31 06:30:12
2026-08-31 06:15:16,SDSI492,0104,TJ Rainsford,50,13,0,2026-08-31 06:30:12
2026-08-31 06:15:16,SDSI492,0106,Jesse Klein,50,0,10,2026-08-31 06:30:12
2026-08-31 06:15:16,SDSI492,0107,Connie Siebold,40,0,6,2026-08-31 06:30:12
2026-08-31 06:15:16,SDSI492,0110,Patrick Thornton,50,27,0,2026-08-31 06:30:12
2026-08-31 06:15:16,SLLC108I,0101,Instructor: TBA,5,4,0,2026-08-31 06:30:15
2026-08-31 06:15:16,SLLC108J,0101,Instructor: TBA,5,5,0,2026-08-31 06:30:16
2026-08-31 06:15:16,SLLC108W,0101,Instructor: TBA,5,5,0,2026-08-31 06:30:16
2026-08-31 06:15:16,SLLC118A,0101,Sean Pue,10,3,0,2026-08-31 06:30:16
2026-08-31 06:15:16,SLLC200,0101,Chris Lewis,30,0,6,2026-08-31 06:30:16
2026-08-31 06:15:16,SLLC286,0101,Andrew Schonebaum,60,6,0,2026-08-31 06:30:16
2026-08-31 06:15:16,SLLC309,0101,Ahmed Hanafy,10,10,0,2026-08-31 06:30:17
2026-08-31 06:15:16,SLLC309,0102,Ahmed Hanafy,10,8,0,2026-08-31 06:30:17
2026-08-31 06:15:16,SLLC309,0103,Ahmed Hanafy,10,8,0,2026-08-31 06:30:17
2026-08-31 06:15:16,SLLC309,0104,Ahmed Hanafy,10,6,0,2026-08-31 06:30:17
2026-08-31 06:15:16,SLLC309,0105,Ahmed Hanafy,10,6,0,2026-08-31 06:30:17
2026-08-31 06:15:16,SLLC309,0106,Ahmed Hanafy,10,7,0,2026-08-31 06:30:17
2026-08-31 06:15:16,SLLC309,0107,Ahmed Hanafy,10,8,0,2026-08-31 06:30:17
2026-08-31 06:15:16,SLLC309,0108,Ahmed Hanafy,10,9,0,2026-08-31 06:30:17
2026-08-31 06:15:16,SLLC309,0109,Ahmed Hanafy,10,7,0,2026-08-31 06:30:17
2026-08-31 06:15:16,SLLC309,0110,Ahmed Hanafy,10,4,0,2026-08-31 06:30:17
2026-08-31 06:15:16,SLLC309,0111,Ahmed Hanafy,10,10,0,2026-08-31 06:30:17
2026-08-31 06:15:16,SLLC329,0101,Marilyn Matar,12,0,0,2026-08-31 06:30:17
2026-08-31 06:15:16,SLLC329,0102,Marilyn Matar,10,3,0,2026-08-31 06:30:17
2026-08-31 06:15:16,SLLC329,0103,Marilyn Matar,21,6,0,2026-08-31 06:30:17
2026-08-31 06:15:16,SLLC329,0104,Marilyn Matar,10,8,0,2026-08-31 06:30:17
2026-08-31 06:15:16,SLLC329,0105,Marilyn Matar,10,9,0,2026-08-31 06:30:17
2026-08-31 06:15:16,SLLC329,0106,Marilyn Matar,10,4,0,2026-08-31 06:30:17
2026-08-31 06:15:16,SLLC329,0107,Marilyn Matar,10,9,0,2026-08-31 06:30:17
2026-08-31 06:15:16,SLLC329,0108,Marilyn Matar,10,8,0,2026-08-31 06:30:17
2026-08-31 06:15:16,SLLC329,0109,Marilyn Matar,10,4,0,2026-08-31 06:30:17
2026-08-31 06:15:16,SLLC329,0110,Marilyn Matar,20,5,0,2026-08-31 06:30:17
2026-08-31 06:15:16,SLLC350,0101,Michele Mason,30,25,0,2026-08-31 06:30:17
2026-08-31 06:15:16,SMLP470,0101,Brooke Smith,45,13,0,2026-08-31 06:30:19
2026-08-31 06:15:16,SMLP472,0101,Sara Herald,60,21,0,2026-08-31 06:30:19
2026-08-31 06:15:16,TLTC310,0101,Sarah Kistner,0,0,0,2026-08-31 06:31:47
2026-08-31 06:15:16,TLTC310,0201,Yanira Ortiz,20,14,0,2026-08-31 06:31:47
2026-08-31 06:15:16,TLTC333,0101,Mona Thompson,55,6,0,2026-08-31 06:31:47
2026-08-31 06:15:16,TLTC333,0102,Mona Thompson,60,0,0,2026-08-31 06:31:47
2026-08-31 06:15:16,TLTC333,0105,Mona Thompson,57,13,0,2026-08-31 06:31:47
2026-08-31 06:15:16,TLTC499A,0101,Mona Thompson,10,6,0,2026-08-31 06:31:48
2026-08-31 06:15:16,TLTC499A,0102,Danielle Pafe,10,8,0,2026-08-31 06:31:48
2026-08-31 06:15:16,UMEI005,0101,Charles Duquette,15,3,0,2026-08-31 06:31:49
2026-08-31 06:15:16,UMEI005,0201,Heather Mehrtens,15,9,0,2026-08-31 06:31:49
2026-08-31 06:15:16,UMEI005,0301,Marilena Draganescu,15,10,0,2026-08-31 06:31:49
2026-08-31 06:15:16,UMEI012,0101,Louise Godley,10,9,0,2026-08-31 06:31:49
2026-08-31 06:15:16,UMEI013,0101,Louise Godley,10,9,0,2026-08-31 06:31:50
2026-08-31 06:15:16,UMEI028A,0101,Raymond Smith,16,14,0,2026-08-31 06:31:50
2026-08-31 06:15:16,UMEI506,0101,Heather Mehrtens,16,0,0,2026-08-31 06:31:50
2026-08-31 06:15:16,UMEI506,0201,Heather Mehrtens,16,8,0,2026-08-31 06:31:50
2026-08-31 06:15:16,UMEI507,0101,Marilena Draganescu,15,4,0,2026-08-31 06:31:50
2026-08-31 06:15:16,USLT201,0101,Robert Chester,25,0,0,2026-08-31 06:31:56
2026-08-31 06:15:16,USLT398C,0101,Angela Pico Pinto,25,17,0,2026-08-31 06:31:56
2026-08-31 06:15:16,USLT450,0101,Robert Chester,20,0,4,2026-08-31 06:31:57
2026-08-31 06:15:16,USLT498C,0101,Ana Rodriguez,20,14,0,2026-08-31 06:31:57
2026-08-31 06:15:16,VIPS099,0115,Veronica Kang,5,4,0,2026-08-31 06:31:58
2026-08-31 06:15:16,VIPS208,0101,Mary Bowden,10,10,0,2026-08-31 06:31:59
2026-08-31 06:15:16,VIPS208,0102,Ken Kiger,10,2,0,2026-08-31 06:31:59
2026-08-31 06:15:16,VIPS208,0103,Bryan Quinn,10,6,0,2026-08-31 06:31:59
2026-08-31 06:15:16,VIPS208,0104,Abdil Chowdhury,10,3,0,2026-08-31 06:31:59
2026-08-31 06:15:16,VIPS208,0105,Molly Carton,10,7,0,2026-08-31 06:31:59
2026-08-31 06:15:16,VIPS208,0106,James Baeder,14,3,0,2026-08-31 06:31:59
2026-08-31 06:15:16,VIPS208,0107,Catherine Spirito,10,6,0,2026-08-31 06:31:59
2026-08-31 06:15:16,VIPS208,0108,Ronald Yaros,10,4,0,2026-08-31 06:31:59
2026-08-31 06:15:16,VIPS208,0109,Carinna Ferguson,10,6,0,2026-08-31 06:31:59
2026-08-31 06:15:16,VIPS208,0110,Tracy Riggins,15,0,0,2026-08-31 06:31:59
2026-08-31 06:15:16,VIPS208,0111,Kevin Calabro,13,3,0,2026-08-31 06:31:59
2026-08-31 06:15:16,VIPS208,0112,Raffaele Viglianti,10,5,0,2026-08-31 06:31:59
2026-08-31 06:15:16,VIPS208,0113,Shabnam Jabeen,10,2,0,2026-08-31 06:31:59
2026-08-31 06:15:16,VIPS208,0114,Ning Zeng,15,6,0,2026-08-31 06:31:59
2026-08-31 06:15:16,VIPS208,0115,Veronica Kang,10,5,0,2026-08-31 06:31:59
2026-08-31 06:15:16,VIPS208,0116,David Stewart,10,0,0,2026-08-31 06:31:59
2026-08-31 06:15:16,VIPS208,0117,Meredith Epstein,10,8,0,2026-08-31 06:31:59
2026-08-31 06:15:16,VIPS208,0118,Magaly Toro Ibaceta,10,3,0,2026-08-31 06:31:59
2026-08-31 06:15:16,VIPS208,0120,Marisa Parham,10,6,0,2026-08-31 06:31:59
2026-08-31 06:15:16,VIPS208,0121,Becky Epanchin-Niell,10,1,0,2026-08-31 06:31:59
2026-08-31 06:15:16,VIPS208,0122,Timothy Reedy,10,4,0,2026-08-31 06:31:59
2026-08-31 06:15:16,VIPS208,0123,Lingnan Lin,13,4,0,2026-08-31 06:31:59
2026-08-31 06:15:16,VIPS208,0124,Jeffrey Moro,10,4,0,2026-08-31 06:31:59
2026-08-31 06:15:16,VIPS208,0125,Peter Sunderland,12,4,0,2026-08-31 06:31:59
2026-08-31 06:15:16,VIPS208,0126,Brienna Anderson,10,2,0,2026-08-31 06:31:59
2026-08-31 06:15:16,VIPS308,0101,Mary Bowden,10,9,0,2026-08-31 06:31:59
2026-08-31 06:15:16,VIPS308,0102,Ken Kiger,10,3,0,2026-08-31 06:31:59
2026-08-31 06:15:16,VIPS308,0103,Bryan Quinn,10,3,0,2026-08-31 06:31:59
2026-08-31 06:15:16,VIPS308,0104,Abdil Chowdhury,10,4,0,2026-08-31 06:31:59
2026-08-31 06:15:16,VIPS308,0105,Molly Carton,10,3,0,2026-08-31 06:31:59
2026-08-31 06:15:16,VIPS308,0106,James Baeder,10,5,0,2026-08-31 06:31:59
2026-08-31 06:15:16,VIPS308,0107,Catherine Spirito,10,7,0,2026-08-31 06:31:59
2026-08-31 06:15:16,VIPS308,0108,Ronald Yaros,10,9,0,2026-08-31 06:31:59
2026-08-31 06:15:16,VIPS308,0109,Carinna Ferguson,10,7,0,2026-08-31 06:31:59
2026-08-31 06:15:16,VIPS308,0110,Tracy Riggins,10,2,0,2026-08-31 06:31:59
2026-08-31 06:15:16,VIPS308,0111,Kevin Calabro,10,6,0,2026-08-31 06:31:59
2026-08-31 06:15:16,VIPS308,0112,Raffaele Viglianti,10,10,0,2026-08-31 06:31:59
2026-08-31 06:15:16,VIPS308,0113,Shabnam Jabeen,10,8,0,2026-08-31 06:31:59
2026-08-31 06:15:16,VIPS308,0114,Ning Zeng,10,9,0,2026-08-31 06:31:59
2026-08-31 06:15:16,VIPS308,0115,Veronica Kang,10,9,0,2026-08-31 06:31:59
2026-08-31 06:15:16,VIPS308,0116,David Stewart,10,10,0,2026-08-31 06:31:59
2026-08-31 06:15:16,VIPS308,0117,Meredith Epstein,10,8,0,2026-08-31 06:31:59
2026-08-31 06:15:16,VIPS308,0118,Magaly Toro Ibaceta,10,10,0,2026-08-31 06:31:59
2026-08-31 06:15:16,VIPS308,0120,Marisa Parham,10,10,0,2026-08-31 06:31:59
2026-08-31 06:15:16,VIPS308,0121,Becky Epanchin-Niell,10,10,0,2026-08-31 06:31:59
2026-08-31 06:15:16,VIPS308,0122,Roan Parrish,10,10,0,2026-08-31 06:31:59
2026-08-31 06:15:16,VIPS308,0123,Lingnan Lin,10,10,0,2026-08-31 06:31:59
2026-08-31 06:15:16,VIPS308,0124,Jeffrey Moro,10,10,0,2026-08-31 06:31:59
2026-08-31 06:15:16,VIPS308,0125,Peter Sunderland,10,10,0,2026-08-31 06:31:59
2026-08-31 06:15:16,VIPS308,0126,Brienna Anderson,10,10,0,2026-08-31 06:31:59
2026-08-31 06:15:16,VIPS408,0101,Mary Bowden,10,4,0,2026-08-31 06:31:59
2026-08-31 06:15:16,VIPS408,0102,Ken Kiger,10,8,0,2026-08-31 06:31:59
2026-08-31 06:15:16,VIPS408,0103,Bryan Quinn,10,3,0,2026-08-31 06:31:59
2026-08-31 06:15:16,VIPS408,0104,Abdil Chowdhury,10,8,0,2026-08-31 06:31:59
2026-08-31 06:15:16,VIPS408,0105,Molly Carton,10,8,0,2026-08-31 06:31:59
2026-08-31 06:15:16,VIPS408,0106,James Baeder,10,7,0,2026-08-31 06:31:59
2026-08-31 06:15:16,VIPS408,0107,Catherine Spirito,10,10,0,2026-08-31 06:31:59
2026-08-31 06:15:16,VIPS408,0108,Ronald Yaros,10,8,0,2026-08-31 06:31:59
2026-08-31 06:15:16,VIPS408,0109,Carinna Ferguson,10,9,0,2026-08-31 06:31:59
2026-08-31 06:15:16,VIPS408,0110,Tracy Riggins,10,10,0,2026-08-31 06:31:59
2026-08-31 06:15:16,VIPS408,0111,Kevin Calabro,10,8,0,2026-08-31 06:31:59
2026-08-31 06:15:16,VIPS408,0112,Raffaele Viglianti,10,9,0,2026-08-31 06:31:59
2026-08-31 06:15:16,VIPS408,0113,Shabnam Jabeen,10,10,0,2026-08-31 06:31:59
2026-08-31 06:15:16,VIPS408,0114,Ning Zeng,10,10,0,2026-08-31 06:31:59
2026-08-31 06:15:16,VIPS408,0115,Veronica Kang,10,10,0,2026-08-31 06:31:59
2026-08-31 06:15:16,VIPS408,0116,David Stewart,10,10,0,2026-08-31 06:31:59
2026-08-31 06:15:16,VIPS408,0117,Meredith Epstein,10,10,0,2026-08-31 06:31:59
2026-08-31 06:15:16,VIPS408,0118,Magaly Toro Ibaceta,10,9,0,2026-08-31 06:31:59
2026-08-31 06:15:16,VIPS408,0120,Marisa Parham,10,10,0,2026-08-31 06:31:59
2026-08-31 06:15:16,VIPS408,0121,Becky Epanchin-Niell,10,10,0,2026-08-31 06:31:59
2026-08-31 06:15:16,VIPS408,0122,Roan Parrish,10,10,0,2026-08-31 06:31:59
2026-08-31 06:15:16,VIPS408,0123,Lingnan Lin,10,10,0,2026-08-31 06:31:59
2026-08-31 06:15:16,VIPS408,0124,Jeffrey Moro,10,10,0,2026-08-31 06:31:59
2026-08-31 06:15:16,VIPS408,0125,Peter Sunderland,10,10,0,2026-08-31 06:31:59
2026-08-31 06:15:16,VIPS408,0126,Brienna Anderson,10,10,0,2026-08-31 06:31:59
2026-08-31 06:15:16,WEID139B,0101,Denise Joseph,48,12,0,2026-08-31 06:32:02
2026-08-31 06:15:16,WEID139L,0201,Taylor Togafau-Lewis,48,18,0,2026-08-31 06:32:02
2026-08-31 14:28:14,AAAS100,0101,Shane Walsh,35,0,0,2026-08-31 14:28:16
2026-08-31 14:28:14,AAAS100,0201,Shane Walsh,35,0,0,2026-08-31 14:28:16
2026-08-31 14:28:14,AAAS100,0301,George Kintiba,70,39,0,2026-08-31 14:28:16
2026-08-31 14:28:14,AAAS100,0401,Jason Nichols,30,0,0,2026-08-31 14:28:16
2026-08-31 14:28:14,AAAS100,0501,Jason Nichols,35,1,0,2026-08-31 14:28:16
2026-08-31 14:28:14,AAAS101,0101,Chinyere Osuji,40,6,0,2026-08-31 14:28:17
2026-08-31 14:28:14,AAAS187,0101,Robert Choflet,30,0,1,2026-08-31 14:28:17
2026-08-31 14:28:14,AAAS187,0201,Joseph Richardson,30,0,0,2026-08-31 14:28:17
2026-08-31 14:28:14,AAAS200,0101,George Kintiba,40,0,0,2026-08-31 14:28:18
2026-08-31 14:28:14,AAAS202,0101,Robert Choflet,35,0,0,2026-08-31 14:28:18
2026-08-31 14:28:14,AAAS202,0201,Robert Choflet,35,0,0,2026-08-31 14:28:18
2026-08-31 14:28:14,AAAS202,0301,Angelica Dunbar,35,0,0,2026-08-31 14:28:18
2026-08-31 14:28:14,AAAS202,0401,Ashley Everson,35,1,0,2026-08-31 14:28:18
2026-08-31 14:28:14,AAAS202,0501,Ashley Everson,20,1,0,2026-08-31 14:28:18
2026-08-31 14:28:14,AAAS210,0101,Angelica Dunbar,20,13,0,2026-08-31 14:28:19
2026-08-31 14:28:14,AAAS211,0101,Shane Walsh,30,0,0,2026-08-31 14:28:19
2026-08-31 14:28:14,AAAS230,0101,Ashley Newby,30,0,0,2026-08-31 14:28:20
2026-08-31 14:28:14,AAAS230,0201,Ashley Newby,30,0,1,2026-08-31 14:28:20
2026-08-31 14:28:14,AAAS234,0201,Mike Kolakoski,30,0,3,2026-08-31 14:28:21
2026-08-31 14:28:14,AAAS254,0101,Christopher Bonner,40,1,0,2026-08-31 14:28:21
2026-08-31 14:28:14,AAAS271,0101,Sydney Lewis,30,0,1,2026-08-31 14:28:22
2026-08-31 14:28:14,AAAS310,0101,George Kintiba,25,19,0,2026-08-31 14:28:22
2026-08-31 14:28:14,AAAS320,0101,Cecily Jackson,25,0,1,2026-08-31 14:28:24
2026-08-31 14:28:14,AAAS320,0201,Cecily Jackson,25,8,0,2026-08-31 14:28:24
2026-08-31 14:28:14,AAAS325,0101,Traci Dula,20,5,0,2026-08-31 14:28:24
2026-08-31 14:28:14,AAAS350,0101,John Drabinski,20,0,0,2026-08-31 14:28:24
2026-08-31 14:28:14,AAAS361,0101,Michelle Rowley,35,24,0,2026-08-31 14:28:25
2026-08-31 14:28:14,AAAS386,0101,Marshal Washington,10,10,0,2026-08-31 14:28:26
2026-08-31 14:28:14,AAAS397,0101,John Drabinski,2,2,0,2026-08-31 14:28:27
2026-08-31 14:28:14,AAAS397,0201,Angelica Dunbar,2,2,0,2026-08-31 14:28:27
2026-08-31 14:28:14,AAAS397,0301,Sharon Harley,2,2,0,2026-08-31 14:28:27
2026-08-31 14:28:14,AAAS397,0401,Cecily Jackson,2,2,0,2026-08-31 14:28:27
2026-08-31 14:28:14,AAAS397,0501,Sangeetha Madhavan,2,2,0,2026-08-31 14:28:27
2026-08-31 14:28:14,AAAS397,0601,Ashley Newby,1,1,0,2026-08-31 14:28:27
2026-08-31 14:28:14,AAAS397,0701,Chinyere Osuji,2,2,0,2026-08-31 14:28:27
2026-08-31 14:28:14,AAAS397,0801,Periloux Peay,2,2,0,2026-08-31 14:28:27
2026-08-31 14:28:14,AAAS397,0901,Joseph Richardson,2,2,0,2026-08-31 14:28:27
2026-08-31 14:28:14,AAAS398B,0101,Beka Guluma,20,14,0,2026-08-31 14:28:27
2026-08-31 14:28:14,AAAS398W,0101,Jason Nichols,25,11,0,2026-08-31 14:28:28
2026-08-31 14:28:14,AAAS399,0101,Robert Choflet,4,4,0,2026-08-31 14:28:29
2026-08-31 14:28:14,AAAS399,0201,John Drabinski,4,4,0,2026-08-31 14:28:29
2026-08-31 14:28:14,AAAS399,0301,Angelica Dunbar,4,3,0,2026-08-31 14:28:29
2026-08-31 14:28:14,AAAS399,0401,Sharon Harley,4,4,0,2026-08-31 14:28:29
2026-08-31 14:28:14,AAAS399,0501,Cecily Jackson,4,4,0,2026-08-31 14:28:29
2026-08-31 14:28:14,AAAS399,0601,Cecily Jackson,4,4,0,2026-08-31 14:28:29
2026-08-31 14:28:14,AAAS399,0701,Sharon Harley,4,4,0,2026-08-31 14:28:29
2026-08-31 14:28:14,AAAS399,0801,George Kintiba,4,4,0,2026-08-31 14:28:29
2026-08-31 14:28:14,AAAS399,0901,Jason Nichols,4,4,0,2026-08-31 14:28:29
2026-08-31 14:28:14,AAAS399,1001,Ashley Newby,4,3,0,2026-08-31 14:28:29
2026-08-31 14:28:14,AAAS399,1101,Jason Nichols,4,4,0,2026-08-31 14:28:29
2026-08-31 14:28:14,AAAS399,1201,Joseph Richardson,4,4,0,2026-08-31 14:28:29
2026-08-31 14:28:14,AAAS399,1301,Shane Walsh,4,4,0,2026-08-31 14:28:29
2026-08-31 14:28:14,AAAS399,1401,Joseph Richardson,4,4,0,2026-08-31 14:28:29
2026-08-31 14:28:14,AAAS399,1501,Shane Walsh,4,4,0,2026-08-31 14:28:29
2026-08-31 14:28:14,AAAS400,0101,Periloux Peay,25,21,0,2026-08-31 14:28:29
2026-08-31 14:28:14,AAAS415,0101,Periloux Peay,30,0,3,2026-08-31 14:28:30
2026-08-31 14:28:14,AAAS499N,0101,Anne Rosen,25,0,0,2026-08-31 14:28:31
2026-08-31 14:28:14,AAST200,0101,Jennifer Cho,25,0,7,2026-08-31 14:28:33
2026-08-31 14:28:14,AAST200,0102,Binod Paudyal,25,0,10,2026-08-31 14:28:33
2026-08-31 14:28:14,AAST322,0101,Julie Park,30,0,1,2026-08-31 14:28:34
2026-08-31 14:28:14,AAST351,0101,Binod Paudyal,29,0,12,2026-08-31 14:28:34
2026-08-31 14:28:14,AAST355,0101,Jennifer Cho,29,0,32,2026-08-31 14:28:35
2026-08-31 14:28:14,AAST378,0101,Janelle Wong,2,2,0,2026-08-31 14:28:36
2026-08-31 14:28:14,AAST394,0101,Wenxi Yang,25,0,1,2026-08-31 14:28:37
2026-08-31 14:28:14,AAST398I,0101,Michelle Magalong,24,0,3,2026-08-31 14:28:37
2026-08-31 14:28:14,AAST398W,0101,Chris Eng,25,13,0,2026-08-31 14:28:38
2026-08-31 14:28:14,AAST421,0101,Tuyet Duong,20,0,2,2026-08-31 14:28:39
2026-08-31 14:28:14,AAST422,0101,Jennifer Cho,25,3,0,2026-08-31 14:28:39
2026-08-31 14:28:14,AAST424,0101,Dawn Dow,29,10,0,2026-08-31 14:28:40
2026-08-31 14:28:14,AAST440,0101,Binod Paudyal,21,0,7,2026-08-31 14:28:40
2026-08-31 14:28:14,AAST443,0101,Janelle Wong,30,0,4,2026-08-31 14:28:41
2026-08-31 14:28:14,ABRM330,0101,Rashawn Ray,40,0,3,2026-08-31 14:28:43
2026-08-31 14:28:14,ARAB101,0101,Samah Al-salami,15,1,0,2026-08-31 14:29:50
2026-08-31 14:28:14,ARAB101,0201,Ahmed Hanafy,15,0,0,2026-08-31 14:29:50
2026-08-31 14:28:14,ARAB102,0101,Samah Al-salami,15,0,0,2026-08-31 14:29:50
2026-08-31 14:28:14,ARAB102,0201,Lutf Alkebsi,15,11,0,2026-08-31 14:29:50
2026-08-31 14:28:14,ARAB201,0101,Lutf Alkebsi,15,0,0,2026-08-31 14:29:51
2026-08-31 14:28:14,ARAB201,0201,Lutf Alkebsi,15,11,0,2026-08-31 14:29:51
2026-08-31 14:28:14,ARAB208L,0101,Samah Al-salami,15,6,0,2026-08-31 14:29:51
2026-08-31 14:28:14,ARAB225,0101,Ahmed Hanafy,15,1,0,2026-08-31 14:29:51
2026-08-31 14:28:14,ARAB301,0101,Ahmed Hanafy,15,6,0,2026-08-31 14:29:52
2026-08-31 14:28:14,ARAB321,0101,Ahmed Hanafy,15,8,0,2026-08-31 14:29:52
2026-08-31 14:28:14,ARAB322,0101,Samah Al-salami,15,7,0,2026-08-31 14:29:53
2026-08-31 14:28:14,ARAB398A,0101,Lutf Alkebsi,15,5,0,2026-08-31 14:29:54
2026-08-31 14:28:14,ARAB499E,0101,Brendan Kibbee,20,2,0,2026-08-31 14:29:55
2026-08-31 14:28:14,ARMY106,0101,Thomas Battinieri,31,25,0,2026-08-31 14:30:48
2026-08-31 14:28:14,ARMY106,0102,Thomas Battinieri,40,30,0,2026-08-31 14:30:48
2026-08-31 14:28:14,ARMY106,FC01,Andrew Bischoff,15,11,0,2026-08-31 14:30:48
2026-08-31 14:28:14,ARMY106,FC02,Thomas Battinieri,9,8,0,2026-08-31 14:30:48
2026-08-31 14:28:14,ARMY110,0101,Andrew Bischoff,15,15,0,2026-08-31 14:30:48
2026-08-31 14:28:14,ARMY201,0102,Thomas Battinieri,35,13,0,2026-08-31 14:30:48
2026-08-31 14:28:14,ARMY301,0101,Joshua Guiod,40,21,0,2026-08-31 14:30:49
2026-08-31 14:28:14,ARMY401,0102,Andrew Bischoff,50,13,0,2026-08-31 14:30:49
2026-08-31 14:28:14,ARSC059,0101,Kathleen West,220,95,0,2026-08-31 14:30:51
2026-08-31 14:28:14,ARSC059,FC01,Jens Lyndrup,10,4,0,2026-08-31 14:30:51
2026-08-31 14:28:14,ARSC100,0101,Jens Lyndrup,50,36,0,2026-08-31 14:30:51
2026-08-31 14:28:14,ARSC100,0102,Jens Lyndrup,75,43,0,2026-08-31 14:30:51
2026-08-31 14:28:14,ARSC100,0103,Jens Lyndrup,40,33,0,2026-08-31 14:30:51
2026-08-31 14:28:14,ARSC100,FC01,Jens Lyndrup,5,0,0,2026-08-31 14:30:51
2026-08-31 14:28:14,ARSC100,FC02,Jens Lyndrup,10,7,0,2026-08-31 14:30:51
2026-08-31 14:28:14,ARSC200,0101,Alan Snyder,50,25,0,2026-08-31 14:30:52
2026-08-31 14:28:14,ARSC200,0102,Alan Snyder,35,26,0,2026-08-31 14:30:52
2026-08-31 14:28:14,ARSC200,0103,Alan Snyder,40,32,0,2026-08-31 14:30:52
2026-08-31 14:28:14,ARSC300,0101,Kathleen West,30,8,0,2026-08-31 14:30:52
2026-08-31 14:28:14,ARSC300,0102,Kathleen West,20,13,0,2026-08-31 14:30:52
2026-08-31 14:28:14,ARSC400,0101,Walter Mitchell,30,17,0,2026-08-31 14:30:52
2026-08-31 14:28:14,ARSC400,0102,Walter Mitchell,20,18,0,2026-08-31 14:30:52
2026-08-31 14:28:14,ARSC400,0201,Walter Mitchell,10,10,0,2026-08-31 14:30:52
2026-08-31 14:28:14,BMIN210,0101,Darlene Dennison,162,0,2,2026-08-31 14:33:26
2026-08-31 14:28:14,BMIN210,0201,Darlene Dennison,162,71,0,2026-08-31 14:33:26
2026-08-31 14:28:14,BMIN305,0101,Tejwansh Anand,162,21,0,2026-08-31 14:33:27
2026-08-31 14:28:14,BMIN345,0101,Michael Padhi,275,24,0,2026-08-31 14:33:27
2026-08-31 14:28:14,BMIN355,0101,Idil Yaveroglu,162,0,0,2026-08-31 14:33:27
2026-08-31 14:28:14,BMIN355,0201,Idil Yaveroglu,162,32,0,2026-08-31 14:33:27
2026-08-31 14:28:14,BMIN375,0101,Leland Gardner,185,0,0,2026-08-31 14:33:28
2026-08-31 14:28:14,BMIN395,0101,Nima Farshchi,180,0,0,2026-08-31 14:33:28
2026-08-31 14:28:14,BMIN395,0201,Nima Farshchi,180,122,0,2026-08-31 14:33:28
2026-08-31 14:28:14,BOIS602,WI01,Woei-jyh Lee,40,5,0,2026-08-31 14:33:31
2026-08-31 14:28:14,BOIS604,WI01,Manmohan Aseri,40,4,0,2026-08-31 14:33:32
2026-08-31 14:28:14,BOIS631,WI01,Sujin Kim,40,6,0,2026-08-31 14:33:32
2026-08-31 14:28:14,BSOS355,0101,Liza Lebrun,30,30,0,2026-08-31 14:33:44
2026-08-31 14:28:14,BSOS361,0101,TC Lloyd,30,0,0,2026-08-31 14:33:45
2026-08-31 14:28:14,BSOS361,0103,Keia Brown,30,1,0,2026-08-31 14:33:45
2026-08-31 14:28:14,BSOS361,0104,David Tana,30,0,0,2026-08-31 14:33:45
2026-08-31 14:28:14,BSOS361,0105,TC Lloyd,30,0,0,2026-08-31 14:33:45
2026-08-31 14:28:14,BSOS388C,0101,Nikita Kimani,20,0,1,2026-08-31 14:33:45
2026-08-31 14:28:14,BSOS388C,0201,Nikita Kimani,20,3,0,2026-08-31 14:33:45
2026-08-31 14:28:14,BSOS388E,0101,Liza Lebrun,30,30,0,2026-08-31 14:33:46
2026-08-31 14:28:14,BUSO600,SO11,Neta Moye,42,3,0,2026-08-31 14:34:04
2026-08-31 14:28:14,BUSO600,SO12,Neta Moye,42,6,0,2026-08-31 14:34:04
2026-08-31 14:28:14,BUSO603,SO11,Ilya Ryzhov,42,5,0,2026-08-31 14:34:04
2026-08-31 14:28:14,BUSO603,SO12,Ilya Ryzhov,42,4,0,2026-08-31 14:34:04
2026-08-31 14:28:14,BUSO604,SO11,Bennet Zelner,42,5,0,2026-08-31 14:34:05
2026-08-31 14:28:14,BUSO604,SO12,Bennet Zelner,42,4,0,2026-08-31 14:34:05
2026-08-31 14:28:14,BUSO612,SO11,Henry Boyd,42,4,0,2026-08-31 14:34:05
2026-08-31 14:28:14,BUSO612,SO12,Henry Boyd,42,1,0,2026-08-31 14:34:05
2026-08-31 14:28:14,BUSO616,SO31,Brent Solomon,38,2,0,2026-08-31 14:34:05
2026-08-31 14:28:14,BUSO616,SO32,Brent Solomon,38,0,0,2026-08-31 14:34:05
2026-08-31 14:28:14,BUSO624,SO31,Yi Xu,38,4,0,2026-08-31 14:34:06
2026-08-31 14:28:14,BUSO624,SO32,Yi Xu,38,0,0,2026-08-31 14:34:06
2026-08-31 14:28:14,BUSO700,SO91,Paulo Prochno,0,0,0,2026-08-31 14:34:06
2026-08-31 14:28:14,BUSO711,SO31,Gosia Langa Basit,28,1,0,2026-08-31 14:34:06
2026-08-31 14:28:14,BUSO711,SO32,Gosia Langa Basit,28,4,0,2026-08-31 14:34:06
2026-08-31 14:28:14,BUSO711,SO33,Gosia Langa Basit,28,3,0,2026-08-31 14:34:06
2026-08-31 14:28:14,BUSO731,SO51,Tejwansh Anand,49,0,2,2026-08-31 14:34:07
2026-08-31 14:28:14,BUSO752,SO51,Leland Gardner,35,13,0,2026-08-31 14:34:07
2026-08-31 14:28:14,BUSO758G,SO51,James Seward,35,12,0,2026-08-31 14:34:08
2026-08-31 14:28:14,BUSO758M,SO51,Paulo Prochno,49,2,0,2026-08-31 14:34:08
2026-08-31 14:28:14,BUSO758M,SO52,Paulo Prochno,49,2,0,2026-08-31 14:34:08
2026-08-31 14:28:14,BUSO758T,SO51,Michael Cichello,35,17,0,2026-08-31 14:34:08
2026-08-31 14:28:14,BUSO758W,SO51,Yogesh Joshi,33,1,0,2026-08-31 14:34:09
2026-08-31 14:28:14,BUSO758W,SO52,Yogesh Joshi,33,3,0,2026-08-31 14:34:09
2026-08-31 14:28:14,BUSO758X,SO51,Pallassana Kannan,49,2,0,2026-08-31 14:34:09
2026-08-31 14:28:14,BUSO788F,GX01,Judy Frels,25,5,0,2026-08-31 14:34:09
2026-08-31 14:28:14,BUSO788W,GX01,Zhi-Long Chen,30,5,0,2026-08-31 14:34:10
2026-08-31 14:28:14,CHSE200,0101,Betsy Tornquist,10,1,0,2026-08-31 14:34:40
2026-08-31 14:28:14,CHSE205,0101,Yewon Lee,60,0,23,2026-08-31 14:34:40
2026-08-31 14:28:14,CHSE205,0201,Yewon Lee,60,0,16,2026-08-31 14:34:40
2026-08-31 14:28:14,CHSE228C,0101,Nikita Kimani,20,0,1,2026-08-31 14:34:40
2026-08-31 14:28:14,CHSE228C,0201,Nikita Kimani,20,3,0,2026-08-31 14:34:40
2026-08-31 14:28:14,CHSE228C,0301,Nikita Kimani,20,0,0,2026-08-31 14:34:40
2026-08-31 14:28:14,CHSE230,0101,Isabelle Grable,25,16,0,2026-08-31 14:34:41
2026-08-31 14:28:14,CHSE376,0101,Michael Dunham,22,0,19,2026-08-31 14:34:41
2026-08-31 14:28:14,CHSE376,0201,Colleen McGilpin,20,0,22,2026-08-31 14:34:41
2026-08-31 14:28:14,CHSE376,0301,Elizabeth Martinez,20,0,21,2026-08-31 14:34:41
2026-08-31 14:28:14,CHSE376,0401,Chanai Brewster,20,0,17,2026-08-31 14:34:41
2026-08-31 14:28:14,CHSE476,0101,Michael Dunham,20,7,0,2026-08-31 14:34:42
2026-08-31 14:28:14,CHSE477,0101,Michael Dunham,15,5,0,2026-08-31 14:34:42
2026-08-31 14:28:14,CHSE489,1901,Amy D'Agati,15,10,0,2026-08-31 14:34:43
2026-08-31 14:28:14,CHSE498,2401,Meredith Gramlich,10,2,0,2026-08-31 14:34:43
2026-08-31 14:28:14,CHSE498,3701,Michael Dunham,2,1,0,2026-08-31 14:34:43
2026-08-31 14:28:14,CINE245,0101,Eric Zakim,22,0,5,2026-08-31 14:34:45
2026-08-31 14:28:14,CINE245,0102,Eric Zakim,22,0,4,2026-08-31 14:34:45
2026-08-31 14:28:14,CINE245,0103,Eric Zakim,22,0,7,2026-08-31 14:34:45
2026-08-31 14:28:14,CINE245,0104,Eric Zakim,22,0,6,2026-08-31 14:34:45
2026-08-31 14:28:14,CINE280,0101,Porter Olsen,30,0,23,2026-08-31 14:34:45
2026-08-31 14:28:14,CINE280,0201,John Tobin,30,0,21,2026-08-31 14:34:45
2026-08-31 14:28:14,CINE298A,0101,Caroline Eades,20,0,0,2026-08-31 14:34:46
2026-08-31 14:28:14,CINE301,0101,Eric Zakim,30,0,0,2026-08-31 14:34:46
2026-08-31 14:28:14,CINE310,0101,Nathaniel Stevens,15,0,0,2026-08-31 14:34:46
2026-08-31 14:28:14,CINE315,0101,Yael Inbar,15,0,3,2026-08-31 14:34:47
2026-08-31 14:28:14,CINE319G,0101,Oliver Gaycken,25,15,0,2026-08-31 14:34:47
2026-08-31 14:28:14,CINE319P,5501,Samuel Crawford,10,0,3,2026-08-31 14:34:47
2026-08-31 14:28:14,CINE319Z,0101,Paul Cote,25,7,0,2026-08-31 14:34:48
2026-08-31 14:28:14,CINE329T,0101,Daniel Richter,25,0,31,2026-08-31 14:34:48
2026-08-31 14:28:14,CINE332,0101,Parker Brookie,25,0,1,2026-08-31 14:34:48
2026-08-31 14:28:14,CINE334,0101,Elizabeth Papazian,25,0,0,2026-08-31 14:34:49
2026-08-31 14:28:14,CINE337,0101,Jason Kuo,25,0,4,2026-08-31 14:34:49
2026-08-31 14:28:14,CINE342,0101,Luka Arsenjuk,20,0,6,2026-08-31 14:34:49
2026-08-31 14:28:14,CINE350,0101,John Drabinski,20,0,0,2026-08-31 14:34:50
2026-08-31 14:28:14,CINE359C,0101,Daniel Richter,25,0,9,2026-08-31 14:34:50
2026-08-31 14:28:14,CINE369B,0101,Eva Hageman,30,0,1,2026-08-31 14:34:50
2026-08-31 14:28:14,CINE369K,0101,Paul Cote,20,0,2,2026-08-31 14:34:51
2026-08-31 14:28:14,CINE376,0101,Ross Angelella,15,4,0,2026-08-31 14:34:51
2026-08-31 14:28:14,CINE376,0102,Ross Angelella,5,2,0,2026-08-31 14:34:51
2026-08-31 14:28:14,CINE415,0101,Mathew Bainbridge,15,0,1,2026-08-31 14:34:52
2026-08-31 14:28:14,CINE419P,0101,Oliver Gaycken,20,13,0,2026-08-31 14:34:52
2026-08-31 14:28:14,CINE459P,0101,Luka Arsenjuk,20,0,1,2026-08-31 14:34:52
2026-08-31 14:28:14,CLAS170,0101,Chiara Graf,21,0,7,2026-08-31 14:34:54
2026-08-31 14:28:14,CLAS170,0102,Chiara Graf,21,0,8,2026-08-31 14:34:54
2026-08-31 14:28:14,CLAS170,0103,Chiara Graf,21,0,8,2026-08-31 14:34:54
2026-08-31 14:28:14,CLAS170,0104,Chiara Graf,21,0,6,2026-08-31 14:34:54
2026-08-31 14:28:14,CLAS170,0105,Chiara Graf,21,0,6,2026-08-31 14:34:54
2026-08-31 14:28:14,CLAS170,0106,Chiara Graf,21,0,11,2026-08-31 14:34:54
2026-08-31 14:28:14,CLAS170,0107,Chiara Graf,21,0,8,2026-08-31 14:34:54
2026-08-31 14:28:14,CLAS170,0108,Chiara Graf,21,0,6,2026-08-31 14:34:54
2026-08-31 14:28:14,CLAS170,0109,Chiara Graf,22,0,2,2026-08-31 14:34:54
2026-08-31 14:28:14,CLAS170,FC01,Chelsea Stolt,24,0,4,2026-08-31 14:34:54
2026-08-31 14:28:14,CLAS170,FC02,Chelsea Stolt,24,0,5,2026-08-31 14:34:54
2026-08-31 14:28:14,CLAS170,FC03,Eugenia Lao,24,0,2,2026-08-31 14:34:54
2026-08-31 14:28:14,CLAS170,FC05,Charis Addai,24,0,1,2026-08-31 14:34:54
2026-08-31 14:28:14,CLAS277,0101,Chiara Graf,25,0,1,2026-08-31 14:34:55
2026-08-31 14:28:14,CLAS277,0102,Chiara Graf,25,0,1,2026-08-31 14:34:55
2026-08-31 14:28:14,CLAS277,0103,Chiara Graf,25,0,3,2026-08-31 14:34:55
2026-08-31 14:28:14,CLAS277,0104,Chiara Graf,25,0,2,2026-08-31 14:34:55
2026-08-31 14:28:14,CLAS277,0105,Chiara Graf,25,0,2,2026-08-31 14:34:55
2026-08-31 14:28:14,CLAS277,0106,Chiara Graf,25,0,0,2026-08-31 14:34:55
2026-08-31 14:28:14,CLAS305,0101,Jorge Bravo,35,3,0,2026-08-31 14:34:55
2026-08-31 14:28:14,CLAS309N,0101,Nathan Levine,35,26,0,2026-08-31 14:34:56
2026-08-31 14:28:14,CLAS310,0101,Rachel Singpurwalla,20,0,4,2026-08-31 14:34:56
2026-08-31 14:28:14,CLAS310,0102,Rachel Singpurwalla,20,0,6,2026-08-31 14:34:56
2026-08-31 14:28:14,CLAS310,0103,Rachel Singpurwalla,20,0,5,2026-08-31 14:34:56
2026-08-31 14:28:14,CLAS312,0101,Polyvia Parara,35,0,2,2026-08-31 14:34:56
2026-08-31 14:28:14,CMLT235,0101,Brielle Gorrell,30,0,0,2026-08-31 14:35:00
2026-08-31 14:28:14,CMLT270,0101,Hannah (Toyin) Adeyemi,30,0,2,2026-08-31 14:35:00
2026-08-31 14:28:14,CMLT270,0201,Shakiba Sharifpour,30,0,6,2026-08-31 14:35:00
2026-08-31 14:28:14,CMLT275,0201,Abhinav Bhardwaj,30,0,5,2026-08-31 14:35:00
2026-08-31 14:28:14,CMLT277,0101,Nahid Ahmadian,30,0,2,2026-08-31 14:35:01
2026-08-31 14:28:14,CMLT280,0101,Porter Olsen,30,0,23,2026-08-31 14:35:01
2026-08-31 14:28:14,CMLT280,0201,John Tobin,30,0,21,2026-08-31 14:35:01
2026-08-31 14:28:14,CPBE100,0101,Oliver Schlake,95,25,0,2026-08-31 14:35:39
2026-08-31 14:28:14,CPBE200,0101,Oliver Schlake,75,32,0,2026-08-31 14:35:39
2026-08-31 14:28:14,CPBE225,0101,Ira Koretsky,38,13,0,2026-08-31 14:35:39
2026-08-31 14:28:14,CPBE225,0102,Ira Koretsky,38,22,0,2026-08-31 14:35:39
2026-08-31 14:28:14,CPCV100,0101,Julie Randolph,40,1,0,2026-08-31 14:35:41
2026-08-31 14:28:14,CPCV100,0201,Julie Randolph,40,7,0,2026-08-31 14:35:41
2026-08-31 14:28:14,CPCV200,0101,Julie Randolph,35,1,0,2026-08-31 14:35:41
2026-08-31 14:28:14,CPCV200,0201,Julie Randolph,35,15,0,2026-08-31 14:35:41
2026-08-31 14:28:14,CPCV225,0101,Korey Rothman,75,4,0,2026-08-31 14:35:42
2026-08-31 14:28:14,CPDJ100,0101,Jess Feltner,75,1,0,2026-08-31 14:35:43
2026-08-31 14:28:14,CPDJ200,0101,Andrew Fellows,75,36,0,2026-08-31 14:35:44
2026-08-31 14:28:14,CPET100,0101,Tim Knight,75,1,0,2026-08-31 14:35:45
2026-08-31 14:28:14,CPET200,0101,Tim Knight,75,9,0,2026-08-31 14:35:46
2026-08-31 14:28:14,CPGH100,0101,John Wiggins,85,6,0,2026-08-31 14:35:48
2026-08-31 14:28:14,CPGH200,0101,John Wiggins,75,17,0,2026-08-31 14:35:48
2026-08-31 14:28:14,CPJT100,0101,Justine DeCamillis,75,6,0,2026-08-31 14:35:50
2026-08-31 14:28:14,CPJT200,0101,Justine DeCamillis,75,20,0,2026-08-31 14:35:50
2026-08-31 14:28:14,CPMS100,0101,Carole Lee,75,0,0,2026-08-31 14:35:52
2026-08-31 14:28:14,CPMS200,0101,Alison Burns,75,13,0,2026-08-31 14:35:52
2026-08-31 14:28:14,CPMS225,0101,Alison Burns,75,0,1,2026-08-31 14:35:52
2026-08-31 14:28:14,CPMS230,0101,Alison Burns,30,13,0,2026-08-31 14:35:53
2026-08-31 14:28:14,CPMS240,0101,Carole Lee,20,18,0,2026-08-31 14:35:53
2026-08-31 14:28:14,CPPL100,0101,Kelly Brower,78,2,0,2026-08-31 14:35:55
2026-08-31 14:28:14,CPPL200,0101,Susannah Washburn,75,16,0,2026-08-31 14:35:55
2026-08-31 14:28:14,CPSA100,0101,Andrea Cesar,75,10,0,2026-08-31 14:35:57
2026-08-31 14:28:14,CPSA200,0101,Andrea Cesar,75,35,0,2026-08-31 14:35:57
2026-08-31 14:28:14,CPSF100,0101,Nicholas Fletcher,85,0,0,2026-08-31 14:35:59
2026-08-31 14:28:14,CPSF200,0101,Nicholas Fletcher,75,4,0,2026-08-31 14:35:59
2026-08-31 14:28:14,CPSG100,0101,Thomas Holtz,85,7,0,2026-08-31 14:36:01
2026-08-31 14:28:14,CPSG200,0101,Thomas Holtz,75,27,0,2026-08-31 14:36:01
2026-08-31 14:28:14,CPSN100,0101,Hansol Kwak,85,2,0,2026-08-31 14:36:03
2026-08-31 14:28:14,CPSN200,0101,Stacy Kosko,75,38,0,2026-08-31 14:36:03
2026-08-31 14:28:14,CPSN230,0101,Sarah Kilmer,20,18,0,2026-08-31 14:36:04
2026-08-31 14:28:14,CPSN240,0101,Sarah Kilmer,10,7,0,2026-08-31 14:36:04
2026-08-31 14:28:14,CPSN250,0101,Sarah Kilmer,5,5,0,2026-08-31 14:36:04
2026-08-31 14:28:14,CPSP110,0101,Markell Saunders,18,13,0,2026-08-31 14:36:06
2026-08-31 14:28:14,CPSP110,0201,Patrice Greene,18,16,0,2026-08-31 14:36:06
2026-08-31 14:28:14,CPSP220,0101,Tiara Thomas,20,0,0,2026-08-31 14:36:06
2026-08-31 14:28:14,CPSP239A,0101,Heather-Erin Bremenstuhl,10,6,0,2026-08-31 14:36:07
2026-08-31 14:28:14,CPSP269C,0101,Korey Rothman,5,5,0,2026-08-31 14:36:07
2026-08-31 14:28:14,CPSP339P,0101,Susannah Washburn,10,7,0,2026-08-31 14:36:07
2026-08-31 14:28:14,CPSS100,0101,David Tomblin,85,5,0,2026-08-31 14:36:09
2026-08-31 14:28:14,CPSS220,0101,Nicole Mogul,20,4,0,2026-08-31 14:36:09
2026-08-31 14:28:14,CPSS225,0101,Roan Parrish,20,13,0,2026-08-31 14:36:10
2026-08-31 14:28:14,CPSS340,0101,David Tomblin,20,5,0,2026-08-31 14:36:10
2026-08-31 14:28:14,CRLN101,0103,Myles Alexander,25,0,0,2026-08-31 14:36:12
2026-08-31 14:28:14,CRLN101,0104,Tami Smith,26,0,0,2026-08-31 14:36:12
2026-08-31 14:28:14,CRLN101,0105,Denis Garcia Reyes,25,0,0,2026-08-31 14:36:12
2026-08-31 14:28:14,CRLN101,0106,Mitch Woolley,25,3,0,2026-08-31 14:36:12
2026-08-31 14:28:14,CRLN101,0107,Esohe Owie,25,0,0,2026-08-31 14:36:12
2026-08-31 14:28:14,DATA100,0111,Matthew Griffin,33,0,0,2026-08-31 14:36:22
2026-08-31 14:28:14,DATA100,0112,Matthew Griffin,35,0,0,2026-08-31 14:36:22
2026-08-31 14:28:14,DATA100,0121,Matthew Griffin,35,2,0,2026-08-31 14:36:22
2026-08-31 14:28:14,DATA100,0122,Matthew Griffin,33,0,0,2026-08-31 14:36:22
2026-08-31 14:28:14,DATA100,0123,Matthew Griffin,33,0,0,2026-08-31 14:36:22
2026-08-31 14:28:14,DATA100,0124,Matthew Griffin,33,0,0,2026-08-31 14:36:22
2026-08-31 14:28:14,DATA100,0131,Matthew Griffin,33,1,0,2026-08-31 14:36:22
2026-08-31 14:28:14,DATA100,0141,Matthew Griffin,35,1,0,2026-08-31 14:36:22
2026-08-31 14:28:14,DATA100,0142,Matthew Griffin,33,0,0,2026-08-31 14:36:22
2026-08-31 14:28:14,DATA100,0211,Matthew Griffin,33,1,0,2026-08-31 14:36:22
2026-08-31 14:28:14,DATA100,0212,Matthew Griffin,35,2,0,2026-08-31 14:36:22
2026-08-31 14:28:14,DATA100,0221,Matthew Griffin,30,0,1,2026-08-31 14:36:22
2026-08-31 14:28:14,DATA100,0223,Matthew Griffin,32,0,0,2026-08-31 14:36:22
2026-08-31 14:28:14,DATA100,0224,Matthew Griffin,30,0,0,2026-08-31 14:36:22
2026-08-31 14:28:14,DATA100,0231,Matthew Griffin,33,3,0,2026-08-31 14:36:22
2026-08-31 14:28:14,DATA100,0311,Archana Khurana,35,6,0,2026-08-31 14:36:22
2026-08-31 14:28:14,DATA100,0312,Archana Khurana,35,2,0,2026-08-31 14:36:22
2026-08-31 14:28:14,DATA100,0321,Archana Khurana,35,5,0,2026-08-31 14:36:22
2026-08-31 14:28:14,DATA100,0322,Archana Khurana,35,3,0,2026-08-31 14:36:22
2026-08-31 14:28:14,DATA100,0323,Archana Khurana,35,3,0,2026-08-31 14:36:22
2026-08-31 14:28:14,DATA100,0341,Archana Khurana,35,4,0,2026-08-31 14:36:22
2026-08-31 14:28:14,DATA110,0101,Susan Mazzullo,250,0,3,2026-08-31 14:36:22
2026-08-31 14:28:14,DATA120,0101,Fardina Alam,200,0,7,2026-08-31 14:36:23
2026-08-31 14:28:14,DATA200,0101,Fardina Alam,90,33,0,2026-08-31 14:36:23
2026-08-31 14:28:14,DATA250,0101,Todd Rowland,43,3,0,2026-08-31 14:36:23
2026-08-31 14:28:14,DATA320,0101,Maksym Morawski,15,11,0,2026-08-31 14:36:24
2026-08-31 14:28:14,DATA320,0201,Maksym Morawski,15,0,0,2026-08-31 14:36:24
2026-08-31 14:28:14,DATA320,0301,Fardina Alam,20,0,2,2026-08-31 14:36:24
2026-08-31 14:28:14,DATA350,0101,Raluca Rosca,30,7,0,2026-08-31 14:36:24
2026-08-31 14:28:14,DATA350,0201,Jonathan Fernandes,34,1,0,2026-08-31 14:36:24
2026-08-31 14:28:14,DATA400,0111,Salman Safdar,27,0,0,2026-08-31 14:36:24
2026-08-31 14:28:14,DATA400,0112,Salman Safdar,30,0,0,2026-08-31 14:36:24
2026-08-31 14:28:14,DATA400,0121,Salman Safdar,27,0,0,2026-08-31 14:36:24
2026-08-31 14:28:14,DATA400,0122,Salman Safdar,27,0,0,2026-08-31 14:36:24
2026-08-31 14:28:14,DATA400,0131,Salman Safdar,27,0,0,2026-08-31 14:36:24
2026-08-31 14:28:14,DATA400,0132,Salman Safdar,27,9,0,2026-08-31 14:36:24
2026-08-31 14:28:14,DATA400,0211,Timothy Pilachowski,30,3,0,2026-08-31 14:36:24
2026-08-31 14:28:14,DATA400,0212,Timothy Pilachowski,30,2,0,2026-08-31 14:36:24
2026-08-31 14:28:14,DATA400,0221,Timothy Pilachowski,30,2,0,2026-08-31 14:36:24
2026-08-31 14:28:14,DATA400,0222,Timothy Pilachowski,30,0,0,2026-08-31 14:36:24
2026-08-31 14:28:14,DATA400,0231,Timothy Pilachowski,30,0,0,2026-08-31 14:36:24
2026-08-31 14:28:14,DATA400,0232,Timothy Pilachowski,30,1,0,2026-08-31 14:36:24
2026-08-31 14:28:14,DATA400,0311,Mestiyage Gunatilleka,32,0,1,2026-08-31 14:36:24
2026-08-31 14:28:14,DATA400,0312,Mestiyage Gunatilleka,30,0,0,2026-08-31 14:36:24
2026-08-31 14:28:14,DATA400,0321,Mestiyage Gunatilleka,32,0,0,2026-08-31 14:36:24
2026-08-31 14:28:14,DATA400,0322,Mestiyage Gunatilleka,30,0,0,2026-08-31 14:36:24
2026-08-31 14:28:14,DATA400,0331,Mestiyage Gunatilleka,32,0,1,2026-08-31 14:36:24
2026-08-31 14:28:14,DATA400,0332,Mestiyage Gunatilleka,30,0,1,2026-08-31 14:36:24
2026-08-31 14:28:14,DATA400,0511,Shixin Zheng,35,0,2,2026-08-31 14:36:24
2026-08-31 14:28:14,DATA400,0521,Shixin Zheng,35,1,0,2026-08-31 14:36:24
2026-08-31 14:28:14,DATA400,0531,Shixin Zheng,35,1,0,2026-08-31 14:36:24
2026-08-31 14:28:14,DATA601,PCS1,Sandra Cerrai,50,0,0,2026-08-31 14:36:25
2026-08-31 14:28:14,DATA601,PCS2,Jonathan Fernandes,60,15,0,2026-08-31 14:36:25
2026-08-31 14:28:14,DATA601,PWS1,Leonid Koralov,60,6,0,2026-08-31 14:36:25
2026-08-31 14:28:14,DATA602,PCS1,Sujeong Kim,44,4,0,2026-08-31 14:36:25
2026-08-31 14:28:14,DATA602,PCS2,Sujeong Kim,44,9,0,2026-08-31 14:36:25
2026-08-31 14:28:14,DATA602,PWS1,Fardina Alam,44,0,0,2026-08-31 14:36:25
2026-08-31 14:28:14,DATA603,PCS1,Babak Azimi-Sadjadi,55,9,0,2026-08-31 14:36:25
2026-08-31 14:28:14,DATA603,PWS1,Kemal Davaslioglu,55,18,0,2026-08-31 14:36:25
2026-08-31 14:28:14,DATA605,PCS1,Tammy Perrin,44,30,0,2026-08-31 14:36:26
2026-08-31 14:28:14,DATA605,PCS2,Tammy Perrin,44,18,0,2026-08-31 14:36:26
2026-08-31 14:28:14,DATA605,PWS1,Giacinto Paolo Saggese,44,35,0,2026-08-31 14:36:26
2026-08-31 14:28:14,DATA607,PCS1,Mestiyage Gunatilleka,44,29,0,2026-08-31 14:36:26
2026-08-31 14:28:14,DATA607,PCS2,Kendall Williams,55,0,0,2026-08-31 14:36:26
2026-08-31 14:28:14,DATA607,PCS3,Vincent Lyzinski,44,1,0,2026-08-31 14:36:26
2026-08-31 14:28:14,DATA612,PCS1,Samet Ayhan,50,20,0,2026-08-31 14:36:26
2026-08-31 14:28:14,DATA612,PWS1,Samet Ayhan,44,15,0,2026-08-31 14:36:26
2026-08-31 14:28:14,DATA641,PCS1,Toki Inan,50,12,0,2026-08-31 14:36:27
2026-08-31 14:28:14,DATA641,PWS1,Armin Mehrabian,50,0,2,2026-08-31 14:36:27
2026-08-31 14:28:14,DATA643,PCS1,Charles Forgy,50,24,0,2026-08-31 14:36:27
2026-08-31 14:28:14,DATA650,PCS1,Emre Gunduzhan,54,2,0,2026-08-31 14:36:28
2026-08-31 14:28:14,DATA650,PCS2,Emre Gunduzhan,54,5,0,2026-08-31 14:36:28
2026-08-31 14:28:14,ENAI600,0101,C Ravishankar,35,21,0,2026-08-31 14:37:00
2026-08-31 14:28:14,ENAI600,AEC1,C Ravishankar,20,4,0,2026-08-31 14:37:00
2026-08-31 14:28:14,ENAI601,0101,Richard La,35,23,0,2026-08-31 14:37:00
2026-08-31 14:28:14,ENAI601,AEC1,Richard La,20,6,0,2026-08-31 14:37:00
2026-08-31 14:28:14,ENAI607,0101,Zoltan Safar,29,24,0,2026-08-31 14:37:00
2026-08-31 14:28:14,ENAI607,AEC1,Zoltan Safar,20,9,0,2026-08-31 14:37:00
2026-08-31 14:28:14,ENBC301,ESG1,Sivan Saravanapavan,20,10,0,2026-08-31 14:37:02
2026-08-31 14:28:14,ENBC311,ESG1,Bahaa Ghammraoui,20,12,0,2026-08-31 14:37:03
2026-08-31 14:28:14,ENBC322,ESG1,Kyunghun Lee,20,11,0,2026-08-31 14:37:03
2026-08-31 14:28:14,ENBC331,ESG1,Lan Ma,20,11,0,2026-08-31 14:37:03
2026-08-31 14:28:14,ENBC332,ESG1,Jamasp Azarnoosh,20,12,0,2026-08-31 14:37:04
2026-08-31 14:28:14,ENBC341,ESG1,Jarred Callura,20,13,0,2026-08-31 14:37:04
2026-08-31 14:28:14,ENBC353,ESG1,Jarred Callura,20,15,0,2026-08-31 14:37:04
2026-08-31 14:28:14,ENBC399,ESG1,Nan Xu,1,0,0,2026-08-31 14:37:05
2026-08-31 14:28:14,ENBC399,ESG2,Lan Ma,1,0,0,2026-08-31 14:37:05
2026-08-31 14:28:14,ENBC399,ESG3,Jamasp Azarnoosh,1,1,0,2026-08-31 14:37:05
2026-08-31 14:28:14,ENBC399,ESG4,Lan Ma,1,1,0,2026-08-31 14:37:05
2026-08-31 14:28:14,ENBC399,ESG5,Jamasp Azarnoosh,1,0,0,2026-08-31 14:37:05
2026-08-31 14:28:14,ENBC399,ESG6,Jamasp Azarnoosh,1,0,0,2026-08-31 14:37:05
2026-08-31 14:28:14,ENBC399,ESG7,Jamasp Azarnoosh,1,1,0,2026-08-31 14:37:05
2026-08-31 14:28:14,ENBC423,ESG1,Jian Su,20,13,0,2026-08-31 14:37:05
2026-08-31 14:28:14,ENBC425,ESG1,Jamasp Azarnoosh,20,13,0,2026-08-31 14:37:06
2026-08-31 14:28:14,ENBC431,ESG1,Lan Ma,20,13,0,2026-08-31 14:37:06
2026-08-31 14:28:14,ENEB302,ESG1,Wesley Lawson,20,4,0,2026-08-31 14:37:20
2026-08-31 14:28:14,ENEB340,ESG1,Nestor Michael Tiglao,20,4,0,2026-08-31 14:37:20
2026-08-31 14:28:14,ENEB341,ESG1,Nestor Michael Tiglao,20,4,0,2026-08-31 14:37:21
2026-08-31 14:28:14,ENEB344,ESG1,Jerry Wu,20,4,0,2026-08-31 14:37:21
2026-08-31 14:28:14,ENEB346,ESG1,Nestor Michael Tiglao,20,14,0,2026-08-31 14:37:21
2026-08-31 14:28:14,ENEB354,ESG1,Yavuz Oruc,20,4,0,2026-08-31 14:37:22
2026-08-31 14:28:14,ENEB408A,ESG1,Nestor Michael Tiglao,20,14,0,2026-08-31 14:37:22
2026-08-31 14:28:14,ENEB444,ESG1,Manoj Franklin,20,14,0,2026-08-31 14:37:22
2026-08-31 14:28:14,ENEB454,ESG1,Jerry Wu,20,14,0,2026-08-31 14:37:23
2026-08-31 14:28:14,ENED036,0101,Hillary Owusu,20,18,0,2026-08-31 14:37:24
2026-08-31 14:28:14,ENED101,0101,Shannon Bate,20,0,0,2026-08-31 14:37:25
2026-08-31 14:28:14,ENED115,0101,Danielle Barker,100,5,0,2026-08-31 14:37:25
2026-08-31 14:28:14,ENED215,0101,Tyler Huddleston,30,0,0,2026-08-31 14:37:25
2026-08-31 14:28:14,ENED215,0102,Samantha Sabihi,40,23,0,2026-08-31 14:37:25
2026-08-31 14:28:14,ENED215,0103,Paige Smith,6,0,0,2026-08-31 14:37:25
2026-08-31 14:28:14,ENED290H,0101,Christopher Troilo,46,1,0,2026-08-31 14:37:26
2026-08-31 14:28:14,ENED390H,0101,Tony Barber,50,11,0,2026-08-31 14:37:26
2026-08-31 14:28:14,ENED394H,0101,Manmohan Aseri,65,14,0,2026-08-31 14:37:26
2026-08-31 14:28:14,ENED397,0101,Emily Marks,9,0,0,2026-08-31 14:37:27
2026-08-31 14:28:14,ENED490H,0101,David Ashley,45,1,0,2026-08-31 14:37:27
2026-08-31 14:28:14,ENED491,0101,Jessica Roffe,10,1,0,2026-08-31 14:37:27
2026-08-31 14:28:14,ENMT301,ESG1,Colleen Murray,15,12,0,2026-08-31 14:38:36
2026-08-31 14:28:14,ENMT322,ESG1,Norman Wereley,15,12,0,2026-08-31 14:38:36
2026-08-31 14:28:14,ENMT361,ESG1,Young Choi,15,12,0,2026-08-31 14:38:36
2026-08-31 14:28:14,ENMT380,ESG1,Gurtajbir Herr,15,12,0,2026-08-31 14:38:37
2026-08-31 14:28:14,ENMT450,ESG1,Nicholas Limparis,7,5,0,2026-08-31 14:38:37
2026-08-31 14:28:14,ENMT471,ESG1,Colleen Murray,7,5,0,2026-08-31 14:38:37
2026-08-31 14:28:14,ENMT473,ESG1,Gurtajbir Herr,7,4,0,2026-08-31 14:38:38
2026-08-31 14:28:14,ENMT483,ESG1,Nicholas Limparis,7,5,0,2026-08-31 14:38:38
2026-08-31 14:28:14,ENSE621,0101,Tony Barber,22,16,0,2026-08-31 14:38:46
2026-08-31 14:28:14,ENSE621,SY01,Tony Barber,15,0,0,2026-08-31 14:38:46
2026-08-31 14:28:14,ENSE623,0101,Steven Biemer,17,15,0,2026-08-31 14:38:46
2026-08-31 14:28:14,ENSE623,SY01,Steven Biemer,15,10,0,2026-08-31 14:38:46
2026-08-31 14:28:14,ENSE626,0101,Dane Cooper,20,15,0,2026-08-31 14:38:47
2026-08-31 14:28:14,ENSE626,SY01,Dane Cooper,15,9,0,2026-08-31 14:38:47
2026-08-31 14:28:14,ENSP101,0101,Annette Spivy,25,0,0,2026-08-31 14:38:56
2026-08-31 14:28:14,ENSP101,0102,Annette Spivy,24,0,0,2026-08-31 14:38:56
2026-08-31 14:28:14,ENSP101,0103,Annette Spivy,24,0,0,2026-08-31 14:38:56
2026-08-31 14:28:14,ENSP101,0104,Annette Spivy,24,0,0,2026-08-31 14:38:56
2026-08-31 14:28:14,ENSP101,0105,Annette Spivy,25,0,1,2026-08-31 14:38:56
2026-08-31 14:28:14,ENSP101,0106,Annette Spivy,24,0,0,2026-08-31 14:38:56
2026-08-31 14:28:14,ENSP101,0107,Annette Spivy,24,0,0,2026-08-31 14:38:56
2026-08-31 14:28:14,ENSP101,FC01,Annette Spivy,32,1,0,2026-08-31 14:38:56
2026-08-31 14:28:14,ENSP305,0101,Annette Spivy,23,0,2,2026-08-31 14:38:56
2026-08-31 14:28:14,ENSP330,0101,Joanna Goger,35,0,0,2026-08-31 14:38:57
2026-08-31 14:28:14,ENSP340,0101,Caroline Boules,25,1,0,2026-08-31 14:38:57
2026-08-31 14:28:14,ENSP360,0101,Leena Malayil,25,0,6,2026-08-31 14:38:57
2026-08-31 14:28:14,ENSP399R,0601,Annette Spivy,10,10,0,2026-08-31 14:38:58
2026-08-31 14:28:14,ENSP399R,1001,Jennifer Mullinax,10,10,0,2026-08-31 14:38:58
2026-08-31 14:28:14,ENSP400,0101,Joanna Goger,35,13,0,2026-08-31 14:38:59
2026-08-31 14:28:14,ENSP400,0102,Joanna Goger,35,11,0,2026-08-31 14:38:59
2026-08-31 14:28:14,ENVH121,FC01,Brienna Anderson,20,10,0,2026-08-31 14:39:17
2026-08-31 14:28:14,ENVH381,0101,Donald Milton,30,10,0,2026-08-31 14:39:17
2026-08-31 14:28:14,FGSM310,0101,Peter Owen,24,0,0,2026-08-31 14:39:22
2026-08-31 14:28:14,FGSM315,0101,Emily Shetty,22,0,0,2026-08-31 14:39:22
2026-08-31 14:28:14,FGSM320,0101,Woodie Kessel,24,1,0,2026-08-31 14:39:23
2026-08-31 14:28:14,FGSM325,0101,Rob Long,20,1,0,2026-08-31 14:39:23
2026-08-31 14:28:14,FGSM330,0101,Andrew Fausett,22,0,0,2026-08-31 14:39:23
2026-08-31 14:28:14,FGSM340,0101,Ed Fendley,22,1,0,2026-08-31 14:39:24
2026-08-31 14:28:14,FGSM350,0101,Sean Misko,22,1,0,2026-08-31 14:39:24
2026-08-31 14:28:14,FGSM355,0101,Amanda Schoch,20,0,0,2026-08-31 14:39:25
2026-08-31 14:28:14,FGSM360,0101,Nadia Farra,20,0,0,2026-08-31 14:39:25
2026-08-31 14:28:14,FGSM365,0101,Andrew Nissen,20,1,0,2026-08-31 14:39:25
2026-08-31 14:28:14,FGSM370,0101,Joshua Glasser,20,0,0,2026-08-31 14:39:26
2026-08-31 14:28:14,FGSM390,0101,Sasha Koo-Oshima,20,3,0,2026-08-31 14:39:26
2026-08-31 14:28:14,FGSM398,0101,Jayakumar Arasan,25,23,0,2026-08-31 14:39:26
2026-08-31 14:28:14,FGSM398,0201,Jayakumar Arasan,5,2,0,2026-08-31 14:39:26
2026-08-31 14:28:14,FIRE120,0101,Jessica O'Hara,36,0,0,2026-08-31 14:39:28
2026-08-31 14:28:14,FIRE120,0102,Shannon Hilton,36,7,0,2026-08-31 14:39:28
2026-08-31 14:28:14,FIRE120,0103,Jaclyn Bruner,36,0,0,2026-08-31 14:39:28
2026-08-31 14:28:14,FIRE120,0104,Danielle Niu,36,0,0,2026-08-31 14:39:28
2026-08-31 14:28:14,FIRE120,0105,Cherisse Hall,36,0,0,2026-08-31 14:39:28
2026-08-31 14:28:14,FIRE120,0106,Sara Strey,36,0,0,2026-08-31 14:39:28
2026-08-31 14:28:14,FIRE120,0107,Helene Nguemgaing,36,2,0,2026-08-31 14:39:28
2026-08-31 14:28:14,FIRE120,0108,Mary Chey,36,0,0,2026-08-31 14:39:28
2026-08-31 14:28:14,FIRE120,0109,Shannon Hilton,36,0,0,2026-08-31 14:39:28
2026-08-31 14:28:14,FIRE120,0110,Lena Johnson,36,0,0,2026-08-31 14:39:28
2026-08-31 14:28:14,FIRE120,0111,Benjamin Huffman,36,0,0,2026-08-31 14:39:28
2026-08-31 14:28:14,FIRE120,0112,Mary Chey,36,0,0,2026-08-31 14:39:28
2026-08-31 14:28:14,FIRE120,0113,Elizabeth Massey,36,6,0,2026-08-31 14:39:28
2026-08-31 14:28:14,FIRE120,0114,Benjamin Huffman,36,0,0,2026-08-31 14:39:28
2026-08-31 14:28:14,FIRE120,FC01,Danielle Niu,40,0,46,2026-08-31 14:39:28
2026-08-31 14:28:14,FIRE298,0101,Catherine Spirito,28,3,0,2026-08-31 14:39:28
2026-08-31 14:28:14,FIRE298,0103,Cherisse Hall,36,10,0,2026-08-31 14:39:28
2026-08-31 14:28:14,FIRE298,0104,Jessica O'Hara,36,4,0,2026-08-31 14:39:28
2026-08-31 14:28:14,FIRE298,0105,Kaylee Bloom,36,6,0,2026-08-31 14:39:28
2026-08-31 14:28:14,FIRE298,0106,Danielle Niu,36,16,0,2026-08-31 14:39:28
2026-08-31 14:28:14,FIRE298,0107,Benjamin Huffman,40,3,0,2026-08-31 14:39:28
2026-08-31 14:28:14,FIRE298,0108,Elizabeth Massey,40,14,0,2026-08-31 14:39:28
2026-08-31 14:28:14,FIRE298,0109,Shannon Hilton,40,7,0,2026-08-31 14:39:28
2026-08-31 14:28:14,FIRE298,0110,Jaclyn Bruner,40,18,0,2026-08-31 14:39:28
2026-08-31 14:28:14,FIRE298,0111,Mary Chey,36,7,0,2026-08-31 14:39:28
2026-08-31 14:28:14,FIRE298,0112,Helene Nguemgaing,40,15,0,2026-08-31 14:39:28
2026-08-31 14:28:14,FIRE298,0113,Kristina Kramarczuk,40,10,0,2026-08-31 14:39:28
2026-08-31 14:28:14,FIRE298,0114,Shabnam Jabeen,40,23,0,2026-08-31 14:39:28
2026-08-31 14:28:14,FIRE298,0115,Sara Strey,40,15,0,2026-08-31 14:39:28
2026-08-31 14:28:14,FIRE298,0116,Lena Johnson,40,5,0,2026-08-31 14:39:28
2026-08-31 14:28:14,FIRE398,0101,Catherine Spirito,15,4,0,2026-08-31 14:39:29
2026-08-31 14:28:14,FIRE398,0103,Cherisse Hall,15,4,0,2026-08-31 14:39:29
2026-08-31 14:28:14,FIRE398,0104,Jessica O'Hara,15,2,0,2026-08-31 14:39:29
2026-08-31 14:28:14,FIRE398,0105,Kaylee Bloom,15,2,0,2026-08-31 14:39:29
2026-08-31 14:28:14,FIRE398,0106,Danielle Niu,15,10,0,2026-08-31 14:39:29
2026-08-31 14:28:14,FIRE398,0107,Benjamin Huffman,15,3,0,2026-08-31 14:39:29
2026-08-31 14:28:14,FIRE398,0108,Elizabeth Massey,15,6,0,2026-08-31 14:39:29
2026-08-31 14:28:14,FIRE398,0109,Shannon Hilton,15,7,0,2026-08-31 14:39:29
2026-08-31 14:28:14,FIRE398,0110,Jaclyn Bruner,15,8,0,2026-08-31 14:39:29
2026-08-31 14:28:14,FIRE398,0111,Mary Chey,15,4,0,2026-08-31 14:39:29
2026-08-31 14:28:14,FIRE398,0112,Helene Nguemgaing,15,15,0,2026-08-31 14:39:29
2026-08-31 14:28:14,FIRE398,0113,Kristina Kramarczuk,15,7,0,2026-08-31 14:39:29
2026-08-31 14:28:14,FIRE398,0114,Shabnam Jabeen,15,15,0,2026-08-31 14:39:29
2026-08-31 14:28:14,FIRE398,0115,Sara Strey,15,14,0,2026-08-31 14:39:29
2026-08-31 14:28:14,FIRE398,0116,Lena Johnson,15,11,0,2026-08-31 14:39:29
2026-08-31 14:28:14,GBHL200,0101,Hassanatu Blake,30,0,3,2026-08-31 14:39:48
2026-08-31 14:28:14,GBHL200,FC01,Zandra Andre,25,0,0,2026-08-31 14:39:48
2026-08-31 14:28:14,GBHL210,0101,Leena Malayil,25,9,0,2026-08-31 14:39:48
2026-08-31 14:28:14,GBHL399,0101,Hassanatu Blake,3,3,0,2026-08-31 14:39:49
2026-08-31 14:28:14,GBHL399,0111,Dina Borzekowski,5,5,0,2026-08-31 14:39:49
2026-08-31 14:28:14,GEMS101,0101,Allison Lansverk,10,0,0,2026-08-31 14:39:51
2026-08-31 14:28:14,GEMS101,0103,Allison Lansverk,10,0,0,2026-08-31 14:39:51
2026-08-31 14:28:14,GEMS101,0104,Allison Lansverk,10,0,0,2026-08-31 14:39:51
2026-08-31 14:28:14,GEMS101,0105,Allison Lansverk,10,0,0,2026-08-31 14:39:51
2026-08-31 14:28:14,GEMS101,0106,Allison Lansverk,10,0,0,2026-08-31 14:39:51
2026-08-31 14:28:14,GEMS101,0107,Allison Lansverk,10,1,0,2026-08-31 14:39:51
2026-08-31 14:28:14,GEMS101,0109,Allison Lansverk,10,0,0,2026-08-31 14:39:51
2026-08-31 14:28:14,GEMS101,0111,Allison Lansverk,10,0,0,2026-08-31 14:39:51
2026-08-31 14:28:14,GEMS101,0113,Allison Lansverk,10,0,0,2026-08-31 14:39:51
2026-08-31 14:28:14,GEMS101,0114,Allison Lansverk,10,0,0,2026-08-31 14:39:51
2026-08-31 14:28:14,GEMS202,0101,Allison Lansverk,168,49,0,2026-08-31 14:39:51
2026-08-31 14:28:14,GEMS208A,0101,Allison Lansverk,14,14,0,2026-08-31 14:39:52
2026-08-31 14:28:14,GEMS208B,0101,Allison Lansverk,14,14,0,2026-08-31 14:39:52
2026-08-31 14:28:14,GEMS208C,0101,Allison Lansverk,23,13,0,2026-08-31 14:39:52
2026-08-31 14:28:14,GEMS208D,0101,Allison Lansverk,10,10,0,2026-08-31 14:39:53
2026-08-31 14:28:14,GEMS208P,0101,Allison Lansverk,20,9,0,2026-08-31 14:39:53
2026-08-31 14:28:14,GEMS296,0101,Sehrish Shikarpurya,14,5,0,2026-08-31 14:39:53
2026-08-31 14:28:14,GEMS296,0102,Instructor: TBA,14,3,0,2026-08-31 14:39:53
2026-08-31 14:28:14,GEMS296,0103,Myles Poulin,14,1,0,2026-08-31 14:39:53
2026-08-31 14:28:14,GEMS296,0104,Raymond Adomaitis,14,2,0,2026-08-31 14:39:53
2026-08-31 14:28:14,GEMS296,0105,Rodolphe Gentili,14,4,0,2026-08-31 14:39:53
2026-08-31 14:28:14,GEMS296,0106,Jared Grauer,14,6,0,2026-08-31 14:39:53
2026-08-31 14:28:14,GEMS296,0107,Fengfeng Ke,14,6,0,2026-08-31 14:39:53
2026-08-31 14:28:14,GEMS296,0108,Instructor: TBA,14,4,0,2026-08-31 14:39:53
2026-08-31 14:28:14,GEMS296,0109,Huang Chiao Huang,14,2,0,2026-08-31 14:39:53
2026-08-31 14:28:14,GEMS296,0110,Mengqiang Zhu,14,7,0,2026-08-31 14:39:53
2026-08-31 14:28:14,GEMS296,0111,Maria Molina,14,6,0,2026-08-31 14:39:53
2026-08-31 14:28:14,GEMS296,0112,Youssef Kousa,14,5,0,2026-08-31 14:39:53
2026-08-31 14:28:14,GEMS296,0113,Instructor: TBA,5,5,0,2026-08-31 14:39:53
2026-08-31 14:28:14,GEMS296,0114,Instructor: TBA,14,14,0,2026-08-31 14:39:53
2026-08-31 14:28:14,GEMS296,0115,David Lovell,5,4,0,2026-08-31 14:39:53
2026-08-31 14:28:14,GEMS297,0113,Instructor: TBA,5,5,0,2026-08-31 14:39:54
2026-08-31 14:28:14,GEMS396,0101,Michael Humber,14,9,0,2026-08-31 14:39:54
2026-08-31 14:28:14,GEMS396,0102,Seth Dickey,14,4,0,2026-08-31 14:39:54
2026-08-31 14:28:14,GEMS396,0103,Cecilia Huertas Cerdeira,14,9,0,2026-08-31 14:39:54
2026-08-31 14:28:14,GEMS396,0104,Rodolphe Gentili,14,5,0,2026-08-31 14:39:54
2026-08-31 14:28:14,GEMS396,0105,Allison Reilly,14,7,0,2026-08-31 14:39:54
2026-08-31 14:28:14,GEMS396,0106,Peter Sunderland,14,5,0,2026-08-31 14:39:54
2026-08-31 14:28:14,GEMS396,0107,Brett Lacey,14,8,0,2026-08-31 14:39:54
2026-08-31 14:28:14,GEMS396,0108,Natalia Buzulukova,14,6,0,2026-08-31 14:39:54
2026-08-31 14:28:14,GEMS396,0109,Anil Deane,14,5,0,2026-08-31 14:39:54
2026-08-31 14:28:14,GEMS396,0110,Colenso Speer,14,6,0,2026-08-31 14:39:54
2026-08-31 14:28:14,GEMS396,0111,Instructor: TBA,14,14,0,2026-08-31 14:39:54
2026-08-31 14:28:14,GEMS396,0112,Instructor: TBA,14,14,0,2026-08-31 14:39:54
2026-08-31 14:28:14,GEMS396,0113,David Lovell,5,4,0,2026-08-31 14:39:54
2026-08-31 14:28:14,GEMS396,0114,David Lovell,5,5,0,2026-08-31 14:39:54
2026-08-31 14:28:14,GEMS397,0113,David Lovell,5,4,0,2026-08-31 14:39:55
2026-08-31 14:28:14,GEMS496,0101,Eric Haag,14,8,0,2026-08-31 14:39:55
2026-08-31 14:28:14,GEMS496,0102,Mohammad Nayeem Teli,14,11,0,2026-08-31 14:39:55
2026-08-31 14:28:14,GEMS496,0103,Norberto Gonzalez- Juarbe,14,4,0,2026-08-31 14:39:55
2026-08-31 14:28:14,GEMS496,0104,Abhinav Shrivastava,14,8,0,2026-08-31 14:39:55
2026-08-31 14:28:14,GEMS496,0105,Hector Alcala,14,7,0,2026-08-31 14:39:55
2026-08-31 14:28:14,GEMS496,0106,Massimo Ricotti,14,5,0,2026-08-31 14:39:55
2026-08-31 14:28:14,GEMS496,0107,Reza Ghodssi,14,8,0,2026-08-31 14:39:55
2026-08-31 14:28:14,GEMS496,0108,Nikhil Chopra,14,9,0,2026-08-31 14:39:55
2026-08-31 14:28:14,GEMS496,0109,Kimberly Stroka,14,5,0,2026-08-31 14:39:55
2026-08-31 14:28:14,GEMS496,0110,Gorjan Alagic,14,13,0,2026-08-31 14:39:55
2026-08-31 14:28:14,GEMS496,0111,Alisa Clyne,14,7,0,2026-08-31 14:39:55
2026-08-31 14:28:14,GEMS496,0112,Xin Zan,14,10,0,2026-08-31 14:39:55
2026-08-31 14:28:14,GEMS496,0113,Erin Tran,14,14,0,2026-08-31 14:39:55
2026-08-31 14:28:14,GEMS496,0114,David Lovell,5,5,0,2026-08-31 14:39:55
2026-08-31 14:28:14,GEMS497,0107,Instructor: TBA,14,14,0,2026-08-31 14:39:55
2026-08-31 14:28:14,GEMS497,0110,Instructor: TBA,5,5,0,2026-08-31 14:39:55
2026-08-31 14:28:14,GEMS497,0113,David Lovell,5,5,0,2026-08-31 14:39:55
2026-08-31 14:28:14,GFPL100,0101,Joshua Itzkowitz Shifrinson,20,0,0,2026-08-31 14:40:26
2026-08-31 14:28:14,GFPL100,0102,Joshua Itzkowitz Shifrinson,20,2,0,2026-08-31 14:40:26
2026-08-31 14:28:14,GFPL100,0103,Joshua Itzkowitz Shifrinson,20,1,0,2026-08-31 14:40:26
2026-08-31 14:28:14,GFPL100,0104,Joshua Itzkowitz Shifrinson,20,0,0,2026-08-31 14:40:26
2026-08-31 14:28:14,GFPL100,0105,Joshua Itzkowitz Shifrinson,20,0,0,2026-08-31 14:40:26
2026-08-31 14:28:14,GFPL100,0106,Joshua Itzkowitz Shifrinson,25,1,0,2026-08-31 14:40:26
2026-08-31 14:28:14,GFPL100,FC01,Devin Entrikin,30,0,2,2026-08-31 14:40:26
2026-08-31 14:28:14,GFPL102,0101,Caroline Ritter,95,26,0,2026-08-31 14:40:27
2026-08-31 14:28:14,GFPL371,0101,Joshua Itzkowitz Shifrinson,35,0,1,2026-08-31 14:40:27
2026-08-31 14:28:14,GFPL388A,0101,Shannon Carcelli,5,5,0,2026-08-31 14:40:27
2026-08-31 14:28:14,GFPL388B,0101,Hyunki Kim,5,5,0,2026-08-31 14:40:28
2026-08-31 14:28:14,GFPL388C,0101,Scott Kastner,5,0,0,2026-08-31 14:40:28
2026-08-31 14:28:14,GFPL390,0101,Lena Andrews,20,0,11,2026-08-31 14:40:28
2026-08-31 14:28:14,GFPL490,0101,Michael Woldemariam,15,0,0,2026-08-31 14:40:29
2026-08-31 14:28:14,GFPL492,0101,Steve Fetter,20,0,0,2026-08-31 14:40:29
2026-08-31 14:28:14,GLBC200,0101,Chris Lewis,30,0,5,2026-08-31 14:40:31
2026-08-31 14:28:14,GLBC350,0101,Michele Mason,30,25,0,2026-08-31 14:40:32
2026-08-31 14:28:14,HACS100,0101,Cassie Harrington,40,1,0,2026-08-31 14:40:48
2026-08-31 14:28:14,HACS100,0201,Cassie Harrington,40,14,0,2026-08-31 14:40:48
2026-08-31 14:28:14,HACS200,0101,Michel Cukier,34,9,0,2026-08-31 14:40:48
2026-08-31 14:28:14,HACS200,0201,Michel Cukier,34,1,0,2026-08-31 14:40:48
2026-08-31 14:28:14,HACS202,0101,Bertrand Sobesto,52,17,0,2026-08-31 14:40:49
2026-08-31 14:28:14,HACS208A,0101,Lawrence Gordon,20,0,4,2026-08-31 14:40:49
2026-08-31 14:28:14,HACS208C,0101,Lamia Zia,26,9,0,2026-08-31 14:40:50
2026-08-31 14:28:14,HACS208P,0101,Charles Harry,26,0,0,2026-08-31 14:40:50
2026-08-31 14:28:14,HACS297,0101,Sarah Herberger,25,5,0,2026-08-31 14:40:51
2026-08-31 14:28:14,HACS408E,0101,Luke Mains,30,11,0,2026-08-31 14:40:51
2026-08-31 14:28:14,HACS408L,0101,Ian Serbin,30,1,0,2026-08-31 14:40:52
2026-08-31 14:28:14,HACS408M,0101,John McGahagan,30,0,3,2026-08-31 14:40:52
2026-08-31 14:28:14,HACS498,0101,Thomas Woods,7,1,0,2026-08-31 14:40:53
2026-08-31 14:28:14,HACS498,0201,David Trott,9,0,0,2026-08-31 14:40:53
2026-08-31 14:28:14,HACS498,0301,Michel Cukier,8,0,0,2026-08-31 14:40:53
2026-08-31 14:28:14,HBUS100,0101,Jui Ramaprasad,72,4,0,2026-08-31 14:40:55
2026-08-31 14:28:14,HBUS200,0101,Nicole Coomber,60,2,0,2026-08-31 14:40:55
2026-08-31 14:28:14,HDCC105,0101,Antwon Key,70,7,0,2026-08-31 14:40:57
2026-08-31 14:28:14,HDCC201,0101,Jessica Lu,22,0,0,2026-08-31 14:40:57
2026-08-31 14:28:14,HDCC201,0201,Jessica Lu,22,0,0,2026-08-31 14:40:57
2026-08-31 14:28:14,HDCC201,0301,Jessica Lu,22,4,0,2026-08-31 14:40:57
2026-08-31 14:28:14,HDCC208A,0101,William Evans,14,0,0,2026-08-31 14:40:57
2026-08-31 14:28:14,HDCC208J,0101,Grant Bollmer,14,0,0,2026-08-31 14:40:58
2026-08-31 14:28:14,HDCC208P,0101,Cliff Bakalian,14,0,0,2026-08-31 14:40:58
2026-08-31 14:28:14,HDCC208T,0101,Jonathan Reyes,14,0,0,2026-08-31 14:40:58
2026-08-31 14:28:14,HDCC208Z,0101,M Sauter,14,7,0,2026-08-31 14:40:59
2026-08-31 14:28:14,HDCC379,0101,Antwon Key,5,4,0,2026-08-31 14:40:59
2026-08-31 14:28:14,HEBR106,0101,Avital Karpman,15,3,0,2026-08-31 14:41:01
2026-08-31 14:28:14,HEBR106,0201,Avital Karpman,15,9,0,2026-08-31 14:41:01
2026-08-31 14:28:14,HEBR206,0101,Avital Karpman,15,7,0,2026-08-31 14:41:01
2026-08-31 14:28:14,HEBR249C,0101,Aliza Sandalon,15,0,3,2026-08-31 14:41:01
2026-08-31 14:28:14,HEBR298B,0101,Matthew Suriano,25,0,1,2026-08-31 14:41:02
2026-08-31 14:28:14,HEBR313,0101,Aliza Sandalon,20,0,6,2026-08-31 14:41:02
2026-08-31 14:28:14,HGLO100,0101,Alfredo Oliveira,22,7,0,2026-08-31 14:43:06
2026-08-31 14:28:14,HGLO100,0102,Natalie Vinski Ibrahim,22,8,0,2026-08-31 14:43:06
2026-08-31 14:28:14,HGLO100,0103,Natalie Vinski Ibrahim,22,2,0,2026-08-31 14:43:06
2026-08-31 14:28:14,HGLO100,0104,Alfredo Oliveira,22,11,0,2026-08-31 14:43:06
2026-08-31 14:28:14,HGLO101,0101,Sarah Croco,23,1,0,2026-08-31 14:43:07
2026-08-31 14:28:14,HGLO101,0102,Sarah Croco,22,8,0,2026-08-31 14:43:07
2026-08-31 14:28:14,HGLO101,0103,Sarah Croco,22,8,0,2026-08-31 14:43:07
2026-08-31 14:28:14,HGLO101,0104,Sarah Croco,22,13,0,2026-08-31 14:43:07
2026-08-31 14:28:14,HGLO207,0101,Natalie Vinski Ibrahim,25,13,0,2026-08-31 14:43:07
2026-08-31 14:28:14,HGLO208,0101,Alfredo Oliveira,45,24,0,2026-08-31 14:43:07
2026-08-31 14:28:14,HGLO298,0101,Jordan Gouws-Dewar,30,28,0,2026-08-31 14:43:08
2026-08-31 14:28:14,HLSC100,0101,Jalah Townsend,24,1,0,2026-08-31 14:43:48
2026-08-31 14:28:14,HLSC100,0102,Jalah Townsend,24,1,0,2026-08-31 14:43:48
2026-08-31 14:28:14,HLSC100,0103,Jalah Townsend,24,3,0,2026-08-31 14:43:48
2026-08-31 14:28:14,HLSC100,0104,Jalah Townsend,24,11,0,2026-08-31 14:43:48
2026-08-31 14:28:14,HLSC280,0101,Najib El-Sayed,25,4,0,2026-08-31 14:43:48
2026-08-31 14:28:14,HLSC280,0102,Najib El-Sayed,25,5,0,2026-08-31 14:43:48
2026-08-31 14:28:14,HLSC280,0103,Najib El-Sayed,25,4,0,2026-08-31 14:43:48
2026-08-31 14:28:14,HLSC280,0104,Najib El-Sayed,25,8,0,2026-08-31 14:43:48
2026-08-31 14:28:14,HLSC329,0101,Sabrina Kramer,12,4,0,2026-08-31 14:43:48
2026-08-31 14:28:14,HNUH100,0101,Robert Graham,20,2,0,2026-08-31 14:44:06
2026-08-31 14:28:14,HNUH100,0102,Robert Graham,20,0,0,2026-08-31 14:44:06
2026-08-31 14:28:14,HNUH100,0103,Brittany Proudfoot Ginder,20,1,0,2026-08-31 14:44:06
2026-08-31 14:28:14,HNUH100,0104,Max Barnewitz,20,0,0,2026-08-31 14:44:06
2026-08-31 14:28:14,HNUH100,0105,Vasfiye Toprak,20,0,0,2026-08-31 14:44:06
2026-08-31 14:28:14,HNUH100,0106,Vasfiye Toprak,20,1,0,2026-08-31 14:44:06
2026-08-31 14:28:14,HNUH100,0201,Max Barnewitz,20,0,0,2026-08-31 14:44:06
2026-08-31 14:28:14,HNUH100,0202,Max Barnewitz,20,0,0,2026-08-31 14:44:06
2026-08-31 14:28:14,HNUH100,0203,Vasfiye Toprak,20,2,0,2026-08-31 14:44:06
2026-08-31 14:28:14,HNUH100,0204,Vasfiye Toprak,20,0,0,2026-08-31 14:44:06
2026-08-31 14:28:14,HNUH100,0205,Ayondela McDole,20,3,0,2026-08-31 14:44:06
2026-08-31 14:28:14,HNUH100,0206,Ayondela McDole,20,0,0,2026-08-31 14:44:06
2026-08-31 14:28:14,HNUH100,0301,Robert Graham,20,0,0,2026-08-31 14:44:06
2026-08-31 14:28:14,HNUH100,0302,Shauna Rigaud,20,8,0,2026-08-31 14:44:06
2026-08-31 14:28:14,HNUH100,0303,Shauna Rigaud,20,0,0,2026-08-31 14:44:06
2026-08-31 14:28:14,HNUH100,0304,Max Barnewitz,20,4,0,2026-08-31 14:44:06
2026-08-31 14:28:14,HNUH100,0305,Vasfiye Toprak,20,0,0,2026-08-31 14:44:06
2026-08-31 14:28:14,HNUH100,0306,Vasfiye Toprak,20,2,0,2026-08-31 14:44:06
2026-08-31 14:28:14,HNUH100,0401,Gretchen Bella,20,0,0,2026-08-31 14:44:06
2026-08-31 14:28:14,HNUH100,0402,Gretchen Bella,20,6,0,2026-08-31 14:44:06
2026-08-31 14:28:14,HNUH100,0403,Max Barnewitz,20,0,0,2026-08-31 14:44:06
2026-08-31 14:28:14,HNUH100,0404,Ayondela McDole,20,6,0,2026-08-31 14:44:06
2026-08-31 14:28:14,HNUH100,0405,Ayondela McDole,20,1,0,2026-08-31 14:44:06
2026-08-31 14:28:14,HNUH100,0406,Ayondela McDole,20,4,0,2026-08-31 14:44:06
2026-08-31 14:28:14,HNUH100,0501,Leigha McReynolds,10,3,0,2026-08-31 14:44:06
2026-08-31 14:28:14,HNUH100,0601,Brittany Proudfoot Ginder,20,0,0,2026-08-31 14:44:06
2026-08-31 14:28:14,HNUH218D,0101,Brian Gilmore,48,0,2,2026-08-31 14:44:06
2026-08-31 14:28:14,HNUH218L,0101,Shauna Rigaud,20,2,0,2026-08-31 14:44:06
2026-08-31 14:28:14,HNUH218L,0201,Shauna Rigaud,20,0,1,2026-08-31 14:44:06
2026-08-31 14:28:14,HNUH228D,0101,Matthew McLaughlin,60,0,8,2026-08-31 14:44:07
2026-08-31 14:28:14,HNUH228L,0101,Alena Wigodner,20,0,1,2026-08-31 14:44:07
2026-08-31 14:28:14,HNUH228L,0201,Alena Wigodner,20,0,0,2026-08-31 14:44:07
2026-08-31 14:28:14,HNUH228N,0101,Peter Grybauskas,20,0,0,2026-08-31 14:44:07
2026-08-31 14:28:14,HNUH229I,0101,Gretchen Bella,20,0,1,2026-08-31 14:44:08
2026-08-31 14:28:14,HNUH238D,0101,Susan Moeller,60,0,5,2026-08-31 14:44:08
2026-08-31 14:28:14,HNUH238L,0101,Kimberly Johnson,20,2,0,2026-08-31 14:44:08
2026-08-31 14:28:14,HNUH238L,0201,Kimberly Johnson,20,1,0,2026-08-31 14:44:08
2026-08-31 14:28:14,HNUH238N,0101,Hannah Wegmann,20,9,0,2026-08-31 14:44:09
2026-08-31 14:28:14,HNUH239T,0101,Gerald Suarez,20,0,2,2026-08-31 14:44:09
2026-08-31 14:28:14,HNUH248D,0101,Juan Uriagereka,45,0,2,2026-08-31 14:44:09
2026-08-31 14:28:14,HNUH248L,0201,Robert Graham,20,11,0,2026-08-31 14:44:10
2026-08-31 14:28:14,HNUH248M,0101,Hassanatu Blake,20,10,0,2026-08-31 14:44:10
2026-08-31 14:28:14,HNUH248N,0101,Siv Lie,20,0,7,2026-08-31 14:44:10
2026-08-31 14:28:14,HNUH249P,0101,Temim Nusraty,20,0,0,2026-08-31 14:44:11
2026-08-31 14:28:14,HNUH258C,0101,Bill Fagan,55,27,0,2026-08-31 14:44:11
2026-08-31 14:28:14,HNUH258Q,0101,Tiara Thomas,20,0,0,2026-08-31 14:44:11
2026-08-31 14:28:14,HNUH259P,0101,Hooman Koliji,20,2,0,2026-08-31 14:44:12
2026-08-31 14:28:14,HNUH268C,0101,Perla Guerrero,60,32,0,2026-08-31 14:44:12
2026-08-31 14:28:14,HNUH269P,0101,Marisa Franco,20,0,9,2026-08-31 14:44:12
2026-08-31 14:28:14,HNUH278C,0101,Chinyere Osuji,60,37,0,2026-08-31 14:44:13
2026-08-31 14:28:14,HNUH278I,0101,Marisa Franco,20,5,0,2026-08-31 14:44:13
2026-08-31 14:28:14,HNUH278I,0102,Marisa Franco,20,1,0,2026-08-31 14:44:13
2026-08-31 14:28:14,HNUH278R,0101,Max Barnewitz,20,0,3,2026-08-31 14:44:14
2026-08-31 14:28:14,HNUH288C,0101,Julia Steinberg,30,0,0,2026-08-31 14:44:14
2026-08-31 14:28:14,HNUH288C,0103,Julia Steinberg,30,10,0,2026-08-31 14:44:14
2026-08-31 14:28:14,HNUH288O,0101,Ariana Nash,20,0,3,2026-08-31 14:44:14
2026-08-31 14:28:14,HNUH300,0301,Vasfiye Toprak,20,0,0,2026-08-31 14:44:15
2026-08-31 14:28:14,HNUH300,0401,Robert Graham,20,2,0,2026-08-31 14:44:15
2026-08-31 14:28:14,HNUH300,0601,Alena Wigodner,20,0,0,2026-08-31 14:44:15
2026-08-31 14:28:14,HNUH300,0701,Ingrid Satelmajer,20,12,0,2026-08-31 14:44:15
2026-08-31 14:28:14,HNUH300,0801,Shauna Rigaud,20,0,0,2026-08-31 14:44:15
2026-08-31 14:28:14,HNUH300,0901,Kimberly Johnson,20,3,0,2026-08-31 14:44:15
2026-08-31 14:28:14,HNUH300,1001,Ingrid Satelmajer,20,13,0,2026-08-31 14:44:15
2026-08-31 14:28:14,HNUH318T,0101,Peter Owen,24,0,0,2026-08-31 14:44:15
2026-08-31 14:28:14,HNUH319T,0101,Emily Shetty,22,0,0,2026-08-31 14:44:15
2026-08-31 14:28:14,HNUH328T,0101,Woodie Kessel,24,1,0,2026-08-31 14:44:16
2026-08-31 14:28:14,HNUH329T,0101,Rob Long,20,1,0,2026-08-31 14:44:16
2026-08-31 14:28:14,HNUH338T,0101,Andrew Fausett,22,0,0,2026-08-31 14:44:16
2026-08-31 14:28:14,HNUH348T,0101,Ed Fendley,22,1,0,2026-08-31 14:44:17
2026-08-31 14:28:14,HNUH358T,0101,Sean Misko,22,1,0,2026-08-31 14:44:17
2026-08-31 14:28:14,HNUH359T,0101,Amanda Schoch,20,0,0,2026-08-31 14:44:17
2026-08-31 14:28:14,HNUH368T,0101,Nadia Farra,20,0,0,2026-08-31 14:44:18
2026-08-31 14:28:14,HNUH369T,0101,Andrew Nissen,20,1,0,2026-08-31 14:44:18
2026-08-31 14:28:14,HNUH378T,0101,Joshua Glasser,20,0,0,2026-08-31 14:44:18
2026-08-31 14:28:14,HNUH398P,0101,Jayakumar Arasan,25,23,0,2026-08-31 14:44:19
2026-08-31 14:28:14,HNUH398P,0201,Jayakumar Arasan,5,2,0,2026-08-31 14:44:19
2026-08-31 14:28:14,HNUH398T,0101,Sasha Koo-Oshima,20,3,0,2026-08-31 14:44:19
2026-08-31 14:28:14,HONR368A,0101,Blake Wilder,22,0,0,2026-08-31 14:44:21
2026-08-31 14:28:14,IMDM101,0101,Mollye Bendell,30,14,0,2026-08-31 14:44:26
2026-08-31 14:28:14,IMDM101,0201,Myungin Lee,30,20,0,2026-08-31 14:44:26
2026-08-31 14:28:14,IMDM101,0301,Myungin Lee,30,20,0,2026-08-31 14:44:26
2026-08-31 14:28:14,IMDM127,0101,Roger Eastman,36,16,0,2026-08-31 14:44:26
2026-08-31 14:28:14,IMDM150,0101,Stefano Passeri,30,19,0,2026-08-31 14:44:26
2026-08-31 14:28:14,IMDM227,0101,Stevens Miller,30,4,0,2026-08-31 14:44:27
2026-08-31 14:28:14,IMDM227,0201,Stevens Miller,30,19,0,2026-08-31 14:44:27
2026-08-31 14:28:14,IMDM327,0101,Myungin Lee,25,0,0,2026-08-31 14:44:27
2026-08-31 14:28:14,IMDM350,0101,Jason Farman,29,12,0,2026-08-31 14:44:28
2026-08-31 14:28:14,IMDM490,0101,Matthew Nolan,30,0,0,2026-08-31 14:44:28
2026-08-31 14:28:14,IMDM490,0201,Matthew Nolan,30,17,0,2026-08-31 14:44:28
2026-08-31 14:28:14,IMDM498K,0101,Matthew Nolan,15,0,0,2026-08-31 14:44:29
2026-08-31 14:28:14,IMMR319D,0101,Beka Guluma,20,14,0,2026-08-31 14:44:31
2026-08-31 14:28:14,IMMR394,0101,Wenxi Yang,30,4,0,2026-08-31 14:44:31
2026-08-31 14:28:14,IMMR399,0101,Instructor: TBA,2,2,0,2026-08-31 14:44:31
2026-08-31 14:28:14,IMMR400,0101,Gerson Rosales,20,5,0,2026-08-31 14:44:32
2026-08-31 14:28:14,ISRL249J,0101,Aner Tal,30,24,0,2026-08-31 14:44:45
2026-08-31 14:28:14,ISRL249M,0101,Aliza Sandalon,15,0,3,2026-08-31 14:44:45
2026-08-31 14:28:14,ISRL283,0101,Shay Hazkani,35,0,0,2026-08-31 14:44:46
2026-08-31 14:28:14,ISRL349G,0101,Marwa Maziad,30,0,0,2026-08-31 14:44:46
2026-08-31 14:28:14,ISRL349K,0101,Regev Ben-David,30,24,0,2026-08-31 14:44:47
2026-08-31 14:28:14,ISRL349T,0101,Elli Lieberman,35,15,0,2026-08-31 14:44:47
2026-08-31 14:28:14,ISRL349Y,0101,Adina Friedman,35,26,0,2026-08-31 14:44:47
2026-08-31 14:28:14,ISRL382,0101,Ilai Saltzman,35,4,0,2026-08-31 14:44:48
2026-08-31 14:28:14,ISRL448R,0101,Morad Elsana,25,7,0,2026-08-31 14:44:48
2026-08-31 14:28:14,ITAL103,0101,Antonella D'Amario,18,13,0,2026-08-31 14:44:55
2026-08-31 14:28:14,ITAL103,0201,Antonella D'Amario,18,6,0,2026-08-31 14:44:55
2026-08-31 14:28:14,ITAL103,0301,Joseph Falvo,18,7,0,2026-08-31 14:44:55
2026-08-31 14:28:14,ITAL203,0101,Antonella D'Amario,18,11,0,2026-08-31 14:44:55
2026-08-31 14:28:14,ITAL203,0201,Antonella D'Amario,18,13,0,2026-08-31 14:44:55
2026-08-31 14:28:14,ITAL204,0101,Federica Soddu,18,14,0,2026-08-31 14:44:56
2026-08-31 14:28:14,ITAL207,0101,Mirella Vaglio,18,17,0,2026-08-31 14:44:56
2026-08-31 14:28:14,ITAL301,0101,Federica Soddu,20,11,0,2026-08-31 14:44:56
2026-08-31 14:28:14,ITAL362,0101,Federica Soddu,20,10,0,2026-08-31 14:44:57
2026-08-31 14:28:14,ITAL401,0101,Mirella Vaglio,15,12,0,2026-08-31 14:44:58
2026-08-31 14:28:14,ITAL421,0101,Joseph Falvo,25,13,0,2026-08-31 14:44:58
2026-08-31 14:28:14,ITAL478R,0101,Joseph Falvo,5,3,0,2026-08-31 14:44:58
2026-08-31 14:28:14,JAPN101,0101,Kumiko Akikawa,15,0,0,2026-08-31 14:45:00
2026-08-31 14:28:14,JAPN101,0201,Kumiko Akikawa,15,3,0,2026-08-31 14:45:00
2026-08-31 14:28:14,JAPN101,0301,Kumiko Akikawa,15,4,0,2026-08-31 14:45:00
2026-08-31 14:28:14,JAPN201,0101,Makiko Inoue,15,5,0,2026-08-31 14:45:01
2026-08-31 14:28:14,JAPN201,0201,Makiko Inoue,15,6,0,2026-08-31 14:45:01
2026-08-31 14:28:14,JAPN301,0101,Mari Hamada,15,9,0,2026-08-31 14:45:01
2026-08-31 14:28:14,JAPN311,0101,Jyana Browne,15,11,0,2026-08-31 14:45:02
2026-08-31 14:28:14,JAPN315,0101,Michele Mason,20,0,2,2026-08-31 14:45:02
2026-08-31 14:28:14,JAPN320,0101,Lindsay Yotsukura,15,10,0,2026-08-31 14:45:03
2026-08-31 14:28:14,JAPN498B,0101,Jyana Browne,20,1,0,2026-08-31 14:45:03
2026-08-31 14:28:14,KORA101,0101,Saerom Kwak,15,0,0,2026-08-31 14:46:41
2026-08-31 14:28:14,KORA101,0201,Saerom Kwak,15,3,0,2026-08-31 14:46:41
2026-08-31 14:28:14,KORA101,0301,Saerom Kwak,15,7,0,2026-08-31 14:46:41
2026-08-31 14:28:14,KORA101,0401,Saerom Kwak,15,6,0,2026-08-31 14:46:41
2026-08-31 14:28:14,KORA201,0101,Seong Minne Koh,15,4,0,2026-08-31 14:46:41
2026-08-31 14:28:14,KORA201,0201,Seong Minne Koh,15,5,0,2026-08-31 14:46:41
2026-08-31 14:28:14,KORA201,0301,Seong Minne Koh,15,9,0,2026-08-31 14:46:41
2026-08-31 14:28:14,KORA398G,0101,Instructor: TBA,10,7,0,2026-08-31 14:46:42
2026-08-31 14:28:14,KORA398W,0101,Seong Minne Koh,10,3,0,2026-08-31 14:46:42
2026-08-31 14:28:14,LEAD217,0101,Festus Ainoo,25,0,0,2026-08-31 14:47:07
2026-08-31 14:28:14,LEAD217,0201,Adrian Bitton,25,0,3,2026-08-31 14:47:07
2026-08-31 14:28:14,LEAD217,FC01,Festus Ainoo,20,0,2,2026-08-31 14:47:07
2026-08-31 14:28:14,LEAD305,0101,Anastasia Lavrenyuk,20,1,0,2026-08-31 14:47:08
2026-08-31 14:28:14,LEAD315,0101,Anastasia Lavrenyuk,25,12,0,2026-08-31 14:47:08
2026-08-31 14:28:14,LEAD320,0101,Courtney Holder,10,9,0,2026-08-31 14:47:08
2026-08-31 14:28:14,LGBT200,0201,Basanth Babu,25,0,3,2026-08-31 14:47:10
2026-08-31 14:28:14,LGBT265,0101,Tyra Griffin,30,0,2,2026-08-31 14:47:10
2026-08-31 14:28:14,LGBT265,0201,Declan Langton,30,0,1,2026-08-31 14:47:10
2026-08-31 14:28:14,LGBT359J,0101,Chris Eng,25,13,0,2026-08-31 14:47:11
2026-08-31 14:28:14,MLAW100,0101,Christine White,83,14,0,2026-08-31 14:47:51
2026-08-31 14:28:14,MLAW304,0201,Christine White,65,17,0,2026-08-31 14:47:52
2026-08-31 14:28:14,MLAW305,0101,Brian Gilmore,40,0,0,2026-08-31 14:47:53
2026-08-31 14:28:14,MLAW315,0101,Grace Benton,13,3,0,2026-08-31 14:47:53
2026-08-31 14:28:14,MLAW358Q,0101,David Cunningham,0,0,0,2026-08-31 14:47:53
2026-08-31 14:28:14,MLAW358T,0101,Christine White,25,4,0,2026-08-31 14:47:54
2026-08-31 14:28:14,MLAW358X,0101,Martin Kobren,5,0,1,2026-08-31 14:47:54
2026-08-31 14:28:14,MLAW359,0101,Brandee Pettus,10,6,0,2026-08-31 14:47:54
2026-08-31 14:28:14,MLAW378E,0101,Brandee Pettus,5,5,0,2026-08-31 14:47:55
2026-08-31 14:28:14,MLAW378K,0101,Brian Gilmore,20,2,0,2026-08-31 14:47:55
2026-08-31 14:28:14,MLAW378Q,0101,Paul Huth,2,0,0,2026-08-31 14:47:55
2026-08-31 14:28:14,MLAW378R,0101,Nancy Schertzing,13,0,0,2026-08-31 14:47:56
2026-08-31 14:28:14,MLAW388,0101,Brandee Pettus,40,23,0,2026-08-31 14:47:56
2026-08-31 14:28:14,MLSC250,FC01,William Simpson,20,0,4,2026-08-31 14:47:58
2026-08-31 14:28:14,NEUR200,0101,Ana Navarro Cebrian,75,0,8,2026-08-31 14:48:20
2026-08-31 14:28:14,NEUR200,0201,Ana Navarro Cebrian,75,0,7,2026-08-31 14:48:20
2026-08-31 14:28:14,NEUR200,0301,Evan Hart,75,0,5,2026-08-31 14:48:20
2026-08-31 14:28:14,NEUR305,0101,Amanda Chicoli,100,12,0,2026-08-31 14:48:21
2026-08-31 14:28:14,NEUR306,0101,Chan Lin,200,7,0,2026-08-31 14:48:21
2026-08-31 14:28:14,NEUR398H,0101,Nikolas Francis,20,15,0,2026-08-31 14:48:22
2026-08-31 14:28:14,NEUR405,0101,Hilary Bierman,20,0,0,2026-08-31 14:48:23
2026-08-31 14:28:14,NEUR405,0102,Hilary Bierman,20,0,0,2026-08-31 14:48:23
2026-08-31 14:28:14,NEUR405,0103,Hilary Bierman,20,0,0,2026-08-31 14:48:23
2026-08-31 14:28:14,PEER312,0101,Aleia Gardner,15,8,0,2026-08-31 14:48:38
2026-08-31 14:28:14,PEER318,0101,Christina Jay,15,11,0,2026-08-31 14:48:39
2026-08-31 14:28:14,PEER319,0101,Grace Boudreau,15,7,0,2026-08-31 14:48:39
2026-08-31 14:28:14,PHPE308D,0101,Xinzhi Zhao,30,5,0,2026-08-31 14:48:56
2026-08-31 14:28:14,PHPE308F,0101,Regev Ben-David,30,24,0,2026-08-31 14:48:56
2026-08-31 14:28:14,PHPE308M,0101,Hallie Liberto,30,19,0,2026-08-31 14:48:57
2026-08-31 14:28:14,PHPE308O,0101,Jackson Iszler,30,0,0,2026-08-31 14:48:57
2026-08-31 14:28:14,PHPE308Y,0101,Rachel Singpurwalla,20,0,4,2026-08-31 14:48:57
2026-08-31 14:28:14,PHPE308Y,0102,Rachel Singpurwalla,20,0,6,2026-08-31 14:48:57
2026-08-31 14:28:14,PHPE308Y,0103,Rachel Singpurwalla,20,0,5,2026-08-31 14:48:57
2026-08-31 14:28:14,PHPE400,0101,Justin Helms,18,1,0,2026-08-31 14:48:58
2026-08-31 14:28:14,PHPE400,0102,Justin Helms,18,1,0,2026-08-31 14:48:58
2026-08-31 14:28:14,PHPE400,0103,Justin Helms,20,1,0,2026-08-31 14:48:58
2026-08-31 14:28:14,PHPE401,0101,Xinzhi Zhao,25,0,12,2026-08-31 14:48:58
2026-08-31 14:28:14,PHPE402,0101,Dan Moller,30,0,2,2026-08-31 14:48:59
2026-08-31 14:28:14,PHPE408J,0101,Lixing Miao,25,0,0,2026-08-31 14:48:59
2026-08-31 14:28:14,PHPE408R,0101,Xinzhi Zhao,25,10,0,2026-08-31 14:48:59
2026-08-31 14:28:14,PHSC388J,0101,Kendall Bustad,20,4,0,2026-08-31 14:49:01
2026-08-31 14:28:14,PHSC389,0101,Shannon Edward,30,19,0,2026-08-31 14:49:02
2026-08-31 14:28:14,PHSC399,0101,Shannon Edward,30,15,0,2026-08-31 14:49:02
2026-08-31 14:28:14,PHSC415,0101,Jessica O'Hara,31,0,2,2026-08-31 14:49:02
2026-08-31 14:28:14,PHSC415,0102,Jessica O'Hara,31,0,1,2026-08-31 14:49:02
2026-08-31 14:28:14,PHSC415,0103,Jessica O'Hara,31,0,0,2026-08-31 14:49:02
2026-08-31 14:28:14,PHSC415,0104,Jessica O'Hara,31,0,0,2026-08-31 14:49:02
2026-08-31 14:28:14,PHSC415,0105,Jessica O'Hara,31,0,0,2026-08-31 14:49:02
2026-08-31 14:28:14,PHSC420,0101,Jennifer German,35,5,0,2026-08-31 14:49:03
2026-08-31 14:28:14,PHSC450,0101,Kendall Bustad,20,0,3,2026-08-31 14:49:04
2026-08-31 14:28:14,PHSC450,0102,Kendall Bustad,20,0,4,2026-08-31 14:49:04
2026-08-31 14:28:14,PHSC450,0103,Kendall Bustad,20,0,1,2026-08-31 14:49:04
2026-08-31 14:28:14,PHSC450,0104,Kendall Bustad,20,0,3,2026-08-31 14:49:04
2026-08-31 14:28:14,PHSC450,0105,Kendall Bustad,20,0,2,2026-08-31 14:49:04
2026-08-31 14:28:14,PHSC450,0106,Kendall Bustad,20,0,2,2026-08-31 14:49:04
2026-08-31 14:28:14,PHSC450,0107,Kendall Bustad,20,0,1,2026-08-31 14:49:04
2026-08-31 14:28:14,PHSC450,0108,Kendall Bustad,20,0,1,2026-08-31 14:49:04
2026-08-31 14:28:14,PHSC497,0101,Kendall Bustad,20,2,0,2026-08-31 14:49:04
2026-08-31 14:28:14,PHSC497,0301,Shannon Edward,20,4,0,2026-08-31 14:49:04
2026-08-31 14:28:14,PHSC497,0601,Jennifer German,20,1,0,2026-08-31 14:49:04
2026-08-31 14:28:14,PLCY100,0101,Toby Egan,25,0,4,2026-08-31 14:49:29
2026-08-31 14:28:14,PLCY100,0102,Toby Egan,25,0,3,2026-08-31 14:49:29
2026-08-31 14:28:14,PLCY100,0103,Toby Egan,25,0,3,2026-08-31 14:49:29
2026-08-31 14:28:14,PLCY100,0104,Toby Egan,25,0,0,2026-08-31 14:49:29
2026-08-31 14:28:14,PLCY100,0201,Namrta Sharma,25,12,0,2026-08-31 14:49:29
2026-08-31 14:28:14,PLCY100,0202,Namrta Sharma,25,14,0,2026-08-31 14:49:29
2026-08-31 14:28:14,PLCY100,0203,Namrta Sharma,25,0,0,2026-08-31 14:49:29
2026-08-31 14:28:14,PLCY100,0204,Namrta Sharma,25,12,0,2026-08-31 14:49:29
2026-08-31 14:28:14,PLCY101,0101,Robert Sprinkle,75,0,3,2026-08-31 14:49:29
2026-08-31 14:28:14,PLCY170,0101,Joshua Itzkowitz Shifrinson,20,0,0,2026-08-31 14:49:29
2026-08-31 14:28:14,PLCY170,0102,Joshua Itzkowitz Shifrinson,20,2,0,2026-08-31 14:49:29
2026-08-31 14:28:14,PLCY170,0103,Joshua Itzkowitz Shifrinson,20,1,0,2026-08-31 14:49:29
2026-08-31 14:28:14,PLCY170,0104,Joshua Itzkowitz Shifrinson,20,0,0,2026-08-31 14:49:29
2026-08-31 14:28:14,PLCY170,0105,Joshua Itzkowitz Shifrinson,20,0,0,2026-08-31 14:49:29
2026-08-31 14:28:14,PLCY170,0106,Joshua Itzkowitz Shifrinson,25,1,0,2026-08-31 14:49:29
2026-08-31 14:28:14,PLCY172,0101,Caroline Ritter,95,26,0,2026-08-31 14:49:30
2026-08-31 14:28:14,PLCY200,0101,Shanna Pearson-Merkowitz,35,0,3,2026-08-31 14:49:30
2026-08-31 14:28:14,PLCY200,0201,Shanna Pearson-Merkowitz,35,0,2,2026-08-31 14:49:30
2026-08-31 14:28:14,PLCY200,0301,Namrta Sharma,35,0,3,2026-08-31 14:49:30
2026-08-31 14:28:14,PLCY201,0101,Julio Guzman,70,0,3,2026-08-31 14:49:30
2026-08-31 14:28:14,PLCY201,0201,Gregory Ramsay,60,0,3,2026-08-31 14:49:30
2026-08-31 14:28:14,PLCY201,FC01,Anne Kaiser,30,0,4,2026-08-31 14:49:30
2026-08-31 14:28:14,PLCY201,FC02,Anne Kaiser,30,0,0,2026-08-31 14:49:30
2026-08-31 14:28:14,PLCY201S,0101,Susannah Washburn,80,6,0,2026-08-31 14:49:31
2026-08-31 14:28:14,PLCY203,0101,Thomas Hilde,60,0,0,2026-08-31 14:49:31
2026-08-31 14:28:14,PLCY203,0201,Anne Kaiser,60,39,0,2026-08-31 14:49:31
2026-08-31 14:28:14,PLCY213,0201,Claire Dunning,40,0,0,2026-08-31 14:49:31
2026-08-31 14:28:14,PLCY214,0101,Patricia Bory,65,21,0,2026-08-31 14:49:32
2026-08-31 14:28:14,PLCY240,0101,Timothy Reedy,30,0,9,2026-08-31 14:49:32
2026-08-31 14:28:14,PLCY288K,0101,CHRISTIAN OSTERMANN,25,0,0,2026-08-31 14:49:32
2026-08-31 14:28:14,PLCY300,0101,Alana Hackshaw,45,0,10,2026-08-31 14:49:33
2026-08-31 14:28:14,PLCY300,0201,Namrta Sharma,45,28,0,2026-08-31 14:49:33
2026-08-31 14:28:14,PLCY301,0101,Caroline Boules,165,9,0,2026-08-31 14:49:33
2026-08-31 14:28:14,PLCY302,0101,Niambi Carter,40,0,0,2026-08-31 14:49:34
2026-08-31 14:28:14,PLCY302,0201,Ebonie Johnson Cooper,40,0,1,2026-08-31 14:49:34
2026-08-31 14:28:14,PLCY302,0301,Lindsay Dieudonne,40,0,2,2026-08-31 14:49:34
2026-08-31 14:28:14,PLCY303,0101,Juan Martinez Guzman,40,3,0,2026-08-31 14:49:34
2026-08-31 14:28:14,PLCY304,0101,Michael Busse,40,12,0,2026-08-31 14:49:34
2026-08-31 14:28:14,PLCY304,0201,Michael Busse,40,12,0,2026-08-31 14:49:34
2026-08-31 14:28:14,PLCY309,0101,Martin Sanders,30,27,0,2026-08-31 14:49:35
2026-08-31 14:28:14,PLCY310,0101,Selvon Waldron,35,16,0,2026-08-31 14:49:35
2026-08-31 14:28:14,PLCY313,0101,Gerard Evans,100,7,0,2026-08-31 14:49:35
2026-08-31 14:28:14,PLCY371,0101,Joshua Itzkowitz Shifrinson,35,0,1,2026-08-31 14:49:36
2026-08-31 14:28:14,PLCY380,0101,Isabel O'Malley,40,0,4,2026-08-31 14:49:36
2026-08-31 14:28:14,PLCY380,ESG1,Kisha McNeill,30,6,0,2026-08-31 14:49:36
2026-08-31 14:28:14,PLCY388A,0101,Brandi Onowu,40,1,0,2026-08-31 14:49:36
2026-08-31 14:28:14,PLCY388N,0101,Nina Harris,25,2,0,2026-08-31 14:49:37
2026-08-31 14:28:14,PLCY390,0101,Lena Andrews,20,0,11,2026-08-31 14:49:37
2026-08-31 14:28:14,PLCY399B,0101,Beatrice DeBelen,30,20,0,2026-08-31 14:49:37
2026-08-31 14:28:14,PLCY400,0101,Patricia Bory,25,5,0,2026-08-31 14:49:38
2026-08-31 14:28:14,PLCY401,0101,Anand Patwardhan,20,6,0,2026-08-31 14:49:39
2026-08-31 14:28:14,PLCY401,0201,Tracy Thompson,20,0,1,2026-08-31 14:49:39
2026-08-31 14:28:14,PLCY401,0301,David Mussington,20,6,0,2026-08-31 14:49:39
2026-08-31 14:28:14,PLCY490,0101,Michael Woldemariam,15,0,0,2026-08-31 14:49:39
2026-08-31 14:28:14,PLCY492,0101,Steve Fetter,20,0,0,2026-08-31 14:49:39
2026-08-31 14:28:14,PLCY610,0201,Alec Worsnop,40,7,0,2026-08-31 14:49:40
2026-08-31 14:28:14,PLCY630,0101,Catherine Worsnop,25,4,0,2026-08-31 14:49:40
2026-08-31 14:28:14,PLCY630,0201,Catherine Worsnop,25,3,0,2026-08-31 14:49:40
2026-08-31 14:28:14,PLCY631,0101,Cullen Merritt,25,1,0,2026-08-31 14:49:40
2026-08-31 14:28:14,PLCY640,0201,Thomas Spreen,30,3,0,2026-08-31 14:49:41
2026-08-31 14:28:14,PLCY641,0101,Tyler Kustra,30,1,0,2026-08-31 14:49:41
2026-08-31 14:28:14,PLCY641,0201,Tyler Kustra,30,7,0,2026-08-31 14:49:41
2026-08-31 14:28:14,PLCY670,0101,Philip Joyce,30,0,0,2026-08-31 14:49:41
2026-08-31 14:28:14,PLCY680,0101,Claire Dunning,25,1,0,2026-08-31 14:49:42
2026-08-31 14:28:14,PLCY680,0201,Michael Woldemariam,25,7,0,2026-08-31 14:49:42
2026-08-31 14:28:14,PLCY688C,0101,Charles Harry,20,10,0,2026-08-31 14:49:42
2026-08-31 14:28:14,PLCY688F,PWL1,Nekeya O'Connor,20,1,0,2026-08-31 14:49:43
2026-08-31 14:28:14,PLCY688P,0101,Steve Fetter,10,0,0,2026-08-31 14:49:43
2026-08-31 14:28:14,PLCY688Z,0101,Brandi Onowu,20,3,0,2026-08-31 14:49:43
2026-08-31 14:28:14,PLCY689E,0101,Susan Parker,20,0,2,2026-08-31 14:49:44
2026-08-31 14:28:14,PLCY690,0110,David Mussington,15,2,0,2026-08-31 14:49:44
2026-08-31 14:28:14,PLCY690,0120,Margaret Brindle,15,3,0,2026-08-31 14:49:44
2026-08-31 14:28:14,PLCY690,0130,Douglas Call,15,0,1,2026-08-31 14:49:44
2026-08-31 14:28:14,PLCY690,0150,Paul Brown,15,1,0,2026-08-31 14:49:44
2026-08-31 14:28:14,PLCY690,0170,James Stillwell,15,0,0,2026-08-31 14:49:44
2026-08-31 14:28:14,PLCY698T,0101,Elizabeth Duke,20,5,0,2026-08-31 14:49:44
2026-08-31 14:28:14,PLCY699L,0101,Michael Woldemariam,10,0,0,2026-08-31 14:49:45
2026-08-31 14:28:14,PLCY720,0101,Nancy Gallagher,20,2,0,2026-08-31 14:49:45
2026-08-31 14:28:14,PLCY734,0101,Niambi Carter,20,0,0,2026-08-31 14:49:45
2026-08-31 14:28:14,PLCY735,0101,Robert Sprinkle,20,8,0,2026-08-31 14:49:46
2026-08-31 14:28:14,PLCY741,0101,Anand Patwardhan,20,7,0,2026-08-31 14:49:46
2026-08-31 14:28:14,PLCY742,0101,Thomas Hilde,20,10,0,2026-08-31 14:49:46
2026-08-31 14:28:14,PLCY780,0101,Robert Orr,20,0,2,2026-08-31 14:49:47
2026-08-31 14:28:14,PLCY781,0101,Julio Guzman,20,2,0,2026-08-31 14:49:47
2026-08-31 14:28:14,PLCY783,0101,Margaret Brindle,20,8,0,2026-08-31 14:49:47
2026-08-31 14:28:14,PLCY798F,PWL1,William Nolte,25,18,0,2026-08-31 14:49:48
2026-08-31 14:28:14,PLCY798V,0101,Shanna Pearson-Merkowitz,12,0,0,2026-08-31 14:49:49
2026-08-31 14:28:14,PLCY798Y,PWL1,Jeffrey Franco,25,0,0,2026-08-31 14:49:50
2026-08-31 14:28:14,PLCY798Z,0101,Peter Reuter,12,0,0,2026-08-31 14:49:50
2026-08-31 14:28:14,PLSC112,0101,Samuel Daramola,100,22,6,2026-08-31 14:49:53
2026-08-31 14:28:14,PLSC113,0101,Samuel Daramola,24,6,1,2026-08-31 14:49:53
2026-08-31 14:28:14,PLSC113,0102,Samuel Daramola,24,6,0,2026-08-31 14:49:53
2026-08-31 14:28:14,PLSC113,0103,Samuel Daramola,24,9,0,2026-08-31 14:49:53
2026-08-31 14:28:14,PLSC113,0104,Samuel Daramola,24,11,0,2026-08-31 14:49:53
2026-08-31 14:28:14,PLSC115,0101,Shirley Micallef,24,0,6,2026-08-31 14:49:53
2026-08-31 14:28:14,PLSC201,0101,Pierre Jacob,42,16,0,2026-08-31 14:49:54
2026-08-31 14:28:14,PLSC203,0101,Vijay Tiwari,23,16,0,2026-08-31 14:49:54
2026-08-31 14:28:14,PLSC205,0101,Mark Carroll,22,1,0,2026-08-31 14:49:54
2026-08-31 14:28:14,PLSC206,0101,Pierre Jacob,21,8,0,2026-08-31 14:49:55
2026-08-31 14:28:14,PLSC206,0102,Pierre Jacob,21,8,0,2026-08-31 14:49:55
2026-08-31 14:28:14,PLSC253,0101,Karen Petroff,24,0,0,2026-08-31 14:49:55
2026-08-31 14:28:14,PLSC253,0102,Karen Petroff,24,10,0,2026-08-31 14:49:55
2026-08-31 14:28:14,PLSC389,0101,Craig Beyrouty,17,17,0,2026-08-31 14:49:55
2026-08-31 14:28:14,PLSC402,0101,Geoffrey Rinehart,10,2,0,2026-08-31 14:49:56
2026-08-31 14:28:14,PLSC404,0101,Yiping Qi,20,9,0,2026-08-31 14:49:56
2026-08-31 14:28:14,PLSC420,0101,Nidhi Rawat,18,4,0,2026-08-31 14:49:57
2026-08-31 14:28:14,PLSC420,0102,Nidhi Rawat,18,12,0,2026-08-31 14:49:57
2026-08-31 14:28:14,PLSC433,0101,Diana Cochran,10,2,0,2026-08-31 14:49:57
2026-08-31 14:28:14,PLSC453,0101,Samuel Daramola,24,3,0,2026-08-31 14:49:57
2026-08-31 14:28:14,PLSC471,0101,Juanita Choo,20,0,0,2026-08-31 14:49:58
2026-08-31 14:28:14,PLSC476,0101,Maile Neel,23,19,0,2026-08-31 14:49:58
2026-08-31 14:28:14,PLSC608,0101,Shunyuan Xiao,20,13,0,2026-08-31 14:49:58
2026-08-31 14:28:14,PORT103,0101,Parker Brookie,15,8,0,2026-08-31 14:50:01
2026-08-31 14:28:14,PORT205,0101,Parker Brookie,15,6,0,2026-08-31 14:50:01
2026-08-31 14:28:14,PORT332,0101,Parker Brookie,25,0,1,2026-08-31 14:50:02
2026-08-31 14:28:14,RELS120,0101,Antoine Borrut,40,0,0,2026-08-31 14:50:32
2026-08-31 14:28:14,RELS170,0101,Chiara Graf,21,0,7,2026-08-31 14:50:32
2026-08-31 14:28:14,RELS170,0102,Chiara Graf,21,0,8,2026-08-31 14:50:32
2026-08-31 14:28:14,RELS170,0103,Chiara Graf,21,0,8,2026-08-31 14:50:32
2026-08-31 14:28:14,RELS170,0104,Chiara Graf,21,0,6,2026-08-31 14:50:32
2026-08-31 14:28:14,RELS170,0105,Chiara Graf,21,0,6,2026-08-31 14:50:32
2026-08-31 14:28:14,RELS170,0106,Chiara Graf,21,0,11,2026-08-31 14:50:32
2026-08-31 14:28:14,RELS170,0107,Chiara Graf,21,0,8,2026-08-31 14:50:32
2026-08-31 14:28:14,RELS170,0108,Chiara Graf,21,0,6,2026-08-31 14:50:32
2026-08-31 14:28:14,RELS170,0109,Chiara Graf,22,0,2,2026-08-31 14:50:32
2026-08-31 14:28:14,RELS171,0101,Maxine Grossman,40,0,5,2026-08-31 14:50:33
2026-08-31 14:28:14,RELS219K,0101,Shay Hazkani,40,33,0,2026-08-31 14:50:33
2026-08-31 14:28:14,RELS225,0101,Stephanie Cooper,25,0,1,2026-08-31 14:50:33
2026-08-31 14:28:14,RELS273,0101,Hayim Lapin,23,0,2,2026-08-31 14:50:34
2026-08-31 14:28:14,RELS273,0102,Hayim Lapin,23,0,0,2026-08-31 14:50:34
2026-08-31 14:28:14,RELS273,0103,Hayim Lapin,23,0,1,2026-08-31 14:50:34
2026-08-31 14:28:14,RELS274,0101,Matthew Suriano,20,0,19,2026-08-31 14:50:34
2026-08-31 14:28:14,RELS274,0102,Matthew Suriano,20,0,15,2026-08-31 14:50:34
2026-08-31 14:28:14,RELS274,0103,Matthew Suriano,20,0,14,2026-08-31 14:50:34
2026-08-31 14:28:14,RELS274,0104,Matthew Suriano,20,0,15,2026-08-31 14:50:34
2026-08-31 14:28:14,RELS319D,0101,Nathan Levine,35,26,0,2026-08-31 14:50:34
2026-08-31 14:28:14,RELS319Z,0101,Regev Ben-David,30,27,0,2026-08-31 14:50:35
2026-08-31 14:28:14,RELS341,0101,Janna Bianchini,30,3,0,2026-08-31 14:50:35
2026-08-31 14:28:14,RUSS101,0101,Inna Hardman,15,4,0,2026-08-31 14:50:39
2026-08-31 14:28:14,RUSS101,0201,Inna Hardman,15,3,0,2026-08-31 14:50:39
2026-08-31 14:28:14,RUSS201,0101,Zhanna Gerus-Vernola,15,8,0,2026-08-31 14:50:39
2026-08-31 14:28:14,RUSS301,0101,Izolda Savenkova,15,5,0,2026-08-31 14:50:40
2026-08-31 14:28:14,RUSS321,0101,Elizabeth Papazian,15,3,0,2026-08-31 14:50:41
2026-08-31 14:28:14,RUSS334,0101,Elizabeth Papazian,25,0,0,2026-08-31 14:50:41
2026-08-31 14:28:14,RUSS404,0101,Izolda Savenkova,15,2,0,2026-08-31 14:50:42
2026-08-31 14:28:14,SDSB123,0101,Brian Kim,40,8,0,2026-08-31 14:50:44
2026-08-31 14:28:14,SDSB180,0101,Brian Kim,180,152,0,2026-08-31 14:50:45
2026-08-31 14:28:14,SDSB233,0101,Jacob Coutts,25,3,0,2026-08-31 14:50:45
2026-08-31 14:28:14,SDSB233,0102,Jacob Coutts,25,12,0,2026-08-31 14:50:45
2026-08-31 14:28:14,SDSB233,0103,Jacob Coutts,25,8,0,2026-08-31 14:50:45
2026-08-31 14:28:14,SDSB326,0101,Jacob Coutts,50,31,0,2026-08-31 14:50:45
2026-08-31 14:28:14,SDSB340,0101,Neil Lund,40,0,0,2026-08-31 14:50:46
2026-08-31 14:28:14,SDSI414,0201,Maria Krupenkin,34,14,0,2026-08-31 14:51:23
2026-08-31 14:28:14,SDSI414,0202,Maria Krupenkin,34,0,0,2026-08-31 14:51:23
2026-08-31 14:28:14,SDSI492,0101,TJ Rainsford,50,11,0,2026-08-31 14:51:23
2026-08-31 14:28:14,SDSI492,0103,Mary Ann Francis,40,0,6,2026-08-31 14:51:23
2026-08-31 14:28:14,SDSI492,0104,TJ Rainsford,50,13,0,2026-08-31 14:51:23
2026-08-31 14:28:14,SDSI492,0106,Jesse Klein,50,0,10,2026-08-31 14:51:23
2026-08-31 14:28:14,SDSI492,0107,Connie Siebold,40,0,6,2026-08-31 14:51:23
2026-08-31 14:28:14,SDSI492,0110,Patrick Thornton,50,27,0,2026-08-31 14:51:23
2026-08-31 14:28:14,SLLC108I,0101,Instructor: TBA,5,4,0,2026-08-31 14:51:27
2026-08-31 14:28:14,SLLC108J,0101,Instructor: TBA,5,5,0,2026-08-31 14:51:27
2026-08-31 14:28:14,SLLC108W,0101,Instructor: TBA,5,5,0,2026-08-31 14:51:28
2026-08-31 14:28:14,SLLC118A,0101,Sean Pue,10,2,0,2026-08-31 14:51:28
2026-08-31 14:28:14,SLLC200,0101,Chris Lewis,30,0,5,2026-08-31 14:51:28
2026-08-31 14:28:14,SLLC286,0101,Andrew Schonebaum,60,8,0,2026-08-31 14:51:29
2026-08-31 14:28:14,SLLC309,0101,Ahmed Hanafy,10,10,0,2026-08-31 14:51:29
2026-08-31 14:28:14,SLLC309,0102,Ahmed Hanafy,10,8,0,2026-08-31 14:51:29
2026-08-31 14:28:14,SLLC309,0103,Ahmed Hanafy,10,8,0,2026-08-31 14:51:29
2026-08-31 14:28:14,SLLC309,0104,Ahmed Hanafy,10,6,0,2026-08-31 14:51:29
2026-08-31 14:28:14,SLLC309,0105,Ahmed Hanafy,10,6,0,2026-08-31 14:51:29
2026-08-31 14:28:14,SLLC309,0106,Ahmed Hanafy,10,7,0,2026-08-31 14:51:29
2026-08-31 14:28:14,SLLC309,0107,Ahmed Hanafy,10,8,0,2026-08-31 14:51:29
2026-08-31 14:28:14,SLLC309,0108,Ahmed Hanafy,10,9,0,2026-08-31 14:51:29
2026-08-31 14:28:14,SLLC309,0109,Ahmed Hanafy,10,7,0,2026-08-31 14:51:29
2026-08-31 14:28:14,SLLC309,0110,Ahmed Hanafy,10,4,0,2026-08-31 14:51:29
2026-08-31 14:28:14,SLLC309,0111,Ahmed Hanafy,10,10,0,2026-08-31 14:51:29
2026-08-31 14:28:14,SLLC329,0101,Marilyn Matar,12,0,0,2026-08-31 14:51:29
2026-08-31 14:28:14,SLLC329,0102,Marilyn Matar,10,3,0,2026-08-31 14:51:29
2026-08-31 14:28:14,SLLC329,0103,Marilyn Matar,21,5,0,2026-08-31 14:51:29
2026-08-31 14:28:14,SLLC329,0104,Marilyn Matar,10,7,0,2026-08-31 14:51:29
2026-08-31 14:28:14,SLLC329,0105,Marilyn Matar,10,9,0,2026-08-31 14:51:29
2026-08-31 14:28:14,SLLC329,0106,Marilyn Matar,10,4,0,2026-08-31 14:51:29
2026-08-31 14:28:14,SLLC329,0107,Marilyn Matar,10,8,0,2026-08-31 14:51:29
2026-08-31 14:28:14,SLLC329,0108,Marilyn Matar,10,8,0,2026-08-31 14:51:29
2026-08-31 14:28:14,SLLC329,0109,Marilyn Matar,10,4,0,2026-08-31 14:51:29
2026-08-31 14:28:14,SLLC329,0110,Marilyn Matar,20,5,0,2026-08-31 14:51:29
2026-08-31 14:28:14,SLLC350,0101,Michele Mason,30,25,0,2026-08-31 14:51:30
2026-08-31 14:28:14,SMLP470,0101,Brooke Smith,45,13,0,2026-08-31 14:51:31
2026-08-31 14:28:14,SMLP472,0101,Sara Herald,60,20,0,2026-08-31 14:51:32
2026-08-31 14:28:14,TLTC310,0101,Sarah Kistner,0,0,0,2026-08-31 14:52:29
2026-08-31 14:28:14,TLTC310,0201,Yanira Ortiz,20,12,0,2026-08-31 14:52:29
2026-08-31 14:28:14,TLTC333,0101,Mona Thompson,55,2,0,2026-08-31 14:52:30
2026-08-31 14:28:14,TLTC333,0102,Mona Thompson,60,0,0,2026-08-31 14:52:30
2026-08-31 14:28:14,TLTC333,0105,Mona Thompson,57,12,0,2026-08-31 14:52:30
2026-08-31 14:28:14,TLTC499A,0101,Mona Thompson,10,6,0,2026-08-31 14:52:30
2026-08-31 14:28:14,TLTC499A,0102,Danielle Pafe,10,8,0,2026-08-31 14:52:30
2026-08-31 14:28:14,UMEI005,0101,Charles Duquette,15,3,0,2026-08-31 14:52:32
2026-08-31 14:28:14,UMEI005,0201,Heather Mehrtens,15,9,0,2026-08-31 14:52:32
2026-08-31 14:28:14,UMEI005,0301,Marilena Draganescu,15,10,0,2026-08-31 14:52:32
2026-08-31 14:28:14,UMEI012,0101,Louise Godley,10,9,0,2026-08-31 14:52:32
2026-08-31 14:28:14,UMEI013,0101,Louise Godley,10,9,0,2026-08-31 14:52:33
2026-08-31 14:28:14,UMEI028A,0101,Raymond Smith,16,14,0,2026-08-31 14:52:33
2026-08-31 14:28:14,UMEI506,0101,Heather Mehrtens,16,0,1,2026-08-31 14:52:33
2026-08-31 14:28:14,UMEI506,0201,Heather Mehrtens,16,8,0,2026-08-31 14:52:33
2026-08-31 14:28:14,UMEI507,0101,Marilena Draganescu,15,4,0,2026-08-31 14:52:34
2026-08-31 14:28:14,USLT201,0101,Robert Chester,25,0,0,2026-08-31 14:52:41
2026-08-31 14:28:14,USLT398C,0101,Angela Pico Pinto,25,17,0,2026-08-31 14:52:42
2026-08-31 14:28:14,USLT450,0101,Robert Chester,20,0,4,2026-08-31 14:52:42
2026-08-31 14:28:14,USLT498C,0101,Ana Rodriguez,20,14,0,2026-08-31 14:52:42
2026-08-31 14:28:14,VIPS099,0115,Veronica Kang,5,4,0,2026-08-31 14:52:44
2026-08-31 14:28:14,VIPS208,0101,Mary Bowden,10,10,0,2026-08-31 14:52:45
2026-08-31 14:28:14,VIPS208,0102,Ken Kiger,10,2,0,2026-08-31 14:52:45
2026-08-31 14:28:14,VIPS208,0103,Bryan Quinn,10,6,0,2026-08-31 14:52:45
2026-08-31 14:28:14,VIPS208,0104,Abdil Chowdhury,10,2,0,2026-08-31 14:52:45
2026-08-31 14:28:14,VIPS208,0105,Molly Carton,10,7,0,2026-08-31 14:52:45
2026-08-31 14:28:14,VIPS208,0106,James Baeder,14,2,0,2026-08-31 14:52:45
2026-08-31 14:28:14,VIPS208,0107,Catherine Spirito,10,6,0,2026-08-31 14:52:45
2026-08-31 14:28:14,VIPS208,0108,Ronald Yaros,10,4,0,2026-08-31 14:52:45
2026-08-31 14:28:14,VIPS208,0109,Carinna Ferguson,10,6,0,2026-08-31 14:52:45
2026-08-31 14:28:14,VIPS208,0110,Tracy Riggins,15,0,0,2026-08-31 14:52:45
2026-08-31 14:28:14,VIPS208,0111,Kevin Calabro,13,2,0,2026-08-31 14:52:45
2026-08-31 14:28:14,VIPS208,0112,Raffaele Viglianti,10,5,0,2026-08-31 14:52:45
2026-08-31 14:28:14,VIPS208,0113,Shabnam Jabeen,10,2,0,2026-08-31 14:52:45
2026-08-31 14:28:14,VIPS208,0114,Ning Zeng,15,6,0,2026-08-31 14:52:45
2026-08-31 14:28:14,VIPS208,0115,Veronica Kang,10,5,0,2026-08-31 14:52:45
2026-08-31 14:28:14,VIPS208,0116,David Stewart,10,0,0,2026-08-31 14:52:45
2026-08-31 14:28:14,VIPS208,0117,Meredith Epstein,10,8,0,2026-08-31 14:52:45
2026-08-31 14:28:14,VIPS208,0118,Magaly Toro Ibaceta,10,3,0,2026-08-31 14:52:45
2026-08-31 14:28:14,VIPS208,0120,Marisa Parham,10,5,0,2026-08-31 14:52:45
2026-08-31 14:28:14,VIPS208,0121,Becky Epanchin-Niell,10,1,0,2026-08-31 14:52:45
2026-08-31 14:28:14,VIPS208,0122,Timothy Reedy,10,3,0,2026-08-31 14:52:45
2026-08-31 14:28:14,VIPS208,0123,Lingnan Lin,13,4,0,2026-08-31 14:52:45
2026-08-31 14:28:14,VIPS208,0124,Jeffrey Moro,10,3,0,2026-08-31 14:52:45
2026-08-31 14:28:14,VIPS208,0125,Peter Sunderland,12,4,0,2026-08-31 14:52:45
2026-08-31 14:28:14,VIPS208,0126,Brienna Anderson,10,2,0,2026-08-31 14:52:45
2026-08-31 14:28:14,VIPS308,0101,Mary Bowden,10,9,0,2026-08-31 14:52:45
2026-08-31 14:28:14,VIPS308,0102,Ken Kiger,10,3,0,2026-08-31 14:52:45
2026-08-31 14:28:14,VIPS308,0103,Bryan Quinn,10,3,0,2026-08-31 14:52:45
2026-08-31 14:28:14,VIPS308,0104,Abdil Chowdhury,10,4,0,2026-08-31 14:52:45
2026-08-31 14:28:14,VIPS308,0105,Molly Carton,10,3,0,2026-08-31 14:52:45
2026-08-31 14:28:14,VIPS308,0106,James Baeder,10,4,0,2026-08-31 14:52:45
2026-08-31 14:28:14,VIPS308,0107,Catherine Spirito,10,7,0,2026-08-31 14:52:45
2026-08-31 14:28:14,VIPS308,0108,Ronald Yaros,10,9,0,2026-08-31 14:52:45
2026-08-31 14:28:14,VIPS308,0109,Carinna Ferguson,10,6,0,2026-08-31 14:52:45
2026-08-31 14:28:14,VIPS308,0110,Tracy Riggins,10,2,0,2026-08-31 14:52:45
2026-08-31 14:28:14,VIPS308,0111,Kevin Calabro,10,6,0,2026-08-31 14:52:45
2026-08-31 14:28:14,VIPS308,0112,Raffaele Viglianti,10,10,0,2026-08-31 14:52:45
2026-08-31 14:28:14,VIPS308,0113,Shabnam Jabeen,10,8,0,2026-08-31 14:52:45
2026-08-31 14:28:14,VIPS308,0114,Ning Zeng,10,9,0,2026-08-31 14:52:45
2026-08-31 14:28:14,VIPS308,0115,Veronica Kang,10,9,0,2026-08-31 14:52:45
2026-08-31 14:28:14,VIPS308,0116,David Stewart,10,10,0,2026-08-31 14:52:45
2026-08-31 14:28:14,VIPS308,0117,Meredith Epstein,10,8,0,2026-08-31 14:52:45
2026-08-31 14:28:14,VIPS308,0118,Magaly Toro Ibaceta,10,10,0,2026-08-31 14:52:45
2026-08-31 14:28:14,VIPS308,0120,Marisa Parham,10,10,0,2026-08-31 14:52:45
2026-08-31 14:28:14,VIPS308,0121,Becky Epanchin-Niell,10,10,0,2026-08-31 14:52:45
2026-08-31 14:28:14,VIPS308,0122,Roan Parrish,10,10,0,2026-08-31 14:52:45
2026-08-31 14:28:14,VIPS308,0123,Lingnan Lin,10,10,0,2026-08-31 14:52:45
2026-08-31 14:28:14,VIPS308,0124,Jeffrey Moro,10,10,0,2026-08-31 14:52:45
2026-08-31 14:28:14,VIPS308,0125,Peter Sunderland,10,10,0,2026-08-31 14:52:45
2026-08-31 14:28:14,VIPS308,0126,Brienna Anderson,10,10,0,2026-08-31 14:52:45
2026-08-31 14:28:14,VIPS408,0101,Mary Bowden,10,4,0,2026-08-31 14:52:45
2026-08-31 14:28:14,VIPS408,0102,Ken Kiger,10,8,0,2026-08-31 14:52:45
2026-08-31 14:28:14,VIPS408,0103,Bryan Quinn,10,3,0,2026-08-31 14:52:45
2026-08-31 14:28:14,VIPS408,0104,Abdil Chowdhury,10,8,0,2026-08-31 14:52:45
2026-08-31 14:28:14,VIPS408,0105,Molly Carton,10,8,0,2026-08-31 14:52:45
2026-08-31 14:28:14,VIPS408,0106,James Baeder,10,7,0,2026-08-31 14:52:45
2026-08-31 14:28:14,VIPS408,0107,Catherine Spirito,10,10,0,2026-08-31 14:52:45
2026-08-31 14:28:14,VIPS408,0108,Ronald Yaros,10,8,0,2026-08-31 14:52:45
2026-08-31 14:28:14,VIPS408,0109,Carinna Ferguson,10,9,0,2026-08-31 14:52:45
2026-08-31 14:28:14,VIPS408,0110,Tracy Riggins,10,10,0,2026-08-31 14:52:45
2026-08-31 14:28:14,VIPS408,0111,Kevin Calabro,10,8,0,2026-08-31 14:52:45
2026-08-31 14:28:14,VIPS408,0112,Raffaele Viglianti,10,9,0,2026-08-31 14:52:45
2026-08-31 14:28:14,VIPS408,0113,Shabnam Jabeen,10,10,0,2026-08-31 14:52:45
2026-08-31 14:28:14,VIPS408,0114,Ning Zeng,10,10,0,2026-08-31 14:52:45
2026-08-31 14:28:14,VIPS408,0115,Veronica Kang,10,10,0,2026-08-31 14:52:45
2026-08-31 14:28:14,VIPS408,0116,David Stewart,10,10,0,2026-08-31 14:52:45
2026-08-31 14:28:14,VIPS408,0117,Meredith Epstein,10,10,0,2026-08-31 14:52:45
2026-08-31 14:28:14,VIPS408,0118,Magaly Toro Ibaceta,10,9,0,2026-08-31 14:52:45
2026-08-31 14:28:14,VIPS408,0120,Marisa Parham,10,10,0,2026-08-31 14:52:45
2026-08-31 14:28:14,VIPS408,0121,Becky Epanchin-Niell,10,10,0,2026-08-31 14:52:45
2026-08-31 14:28:14,VIPS408,0122,Roan Parrish,10,10,0,2026-08-31 14:52:45
2026-08-31 14:28:14,VIPS408,0123,Lingnan Lin,10,10,0,2026-08-31 14:52:45
2026-08-31 14:28:14,VIPS408,0124,Jeffrey Moro,10,10,0,2026-08-31 14:52:45
2026-08-31 14:28:14,VIPS408,0125,Peter Sunderland,10,10,0,2026-08-31 14:52:45
2026-08-31 14:28:14,VIPS408,0126,Brienna Anderson,10,10,0,2026-08-31 14:52:45
2026-08-31 14:28:14,WEID139B,0101,Denise Joseph,48,10,0,2026-08-31 14:52:49
2026-08-31 14:28:14,WEID139L,0201,Taylor Togafau-Lewis,48,17,0,2026-08-31 14:52:49
2026-08-31 20:25:45,AAAS100,0101,Shane Walsh,35,1,0,2026-08-31 20:25:47
2026-08-31 20:25:45,AAAS100,0201,Shane Walsh,35,0,0,2026-08-31 20:25:47
2026-08-31 20:25:45,AAAS100,0301,George Kintiba,70,38,0,2026-08-31 20:25:47
2026-08-31 20:25:45,AAAS100,0401,Jason Nichols,30,0,0,2026-08-31 20:25:47
2026-08-31 20:25:45,AAAS100,0501,Jason Nichols,35,0,0,2026-08-31 20:25:47
2026-08-31 20:25:45,AAAS101,0101,Chinyere Osuji,40,0,0,2026-08-31 20:25:47
2026-08-31 20:25:45,AAAS187,0101,Robert Choflet,30,0,0,2026-08-31 20:25:47
2026-08-31 20:25:45,AAAS187,0201,Joseph Richardson,30,0,0,2026-08-31 20:25:47
2026-08-31 20:25:45,AAAS200,0101,George Kintiba,40,0,0,2026-08-31 20:25:47
2026-08-31 20:25:45,AAAS202,0101,Robert Choflet,35,1,0,2026-08-31 20:25:48
2026-08-31 20:25:45,AAAS202,0201,Robert Choflet,35,1,0,2026-08-31 20:25:48
2026-08-31 20:25:45,AAAS202,0301,Angelica Dunbar,35,0,0,2026-08-31 20:25:48
2026-08-31 20:25:45,AAAS202,0401,Ashley Everson,35,0,1,2026-08-31 20:25:48
2026-08-31 20:25:45,AAAS202,0501,Ashley Everson,20,0,0,2026-08-31 20:25:48
2026-08-31 20:25:45,AAAS210,0101,Angelica Dunbar,20,15,0,2026-08-31 20:25:48
2026-08-31 20:25:45,AAAS211,0101,Shane Walsh,30,0,0,2026-08-31 20:25:48
2026-08-31 20:25:45,AAAS230,0101,Ashley Newby,30,0,0,2026-08-31 20:25:48
2026-08-31 20:25:45,AAAS230,0201,Ashley Newby,30,0,0,2026-08-31 20:25:48
2026-08-31 20:25:45,AAAS234,0201,Mike Kolakoski,30,0,3,2026-08-31 20:25:48
2026-08-31 20:25:45,AAAS254,0101,Christopher Bonner,40,0,0,2026-08-31 20:25:48
2026-08-31 20:25:45,AAAS271,0101,Sydney Lewis,30,0,2,2026-08-31 20:25:49
2026-08-31 20:25:45,AAAS310,0101,George Kintiba,25,19,0,2026-08-31 20:25:49
2026-08-31 20:25:45,AAAS320,0101,Cecily Jackson,25,0,1,2026-08-31 20:25:49
2026-08-31 20:25:45,AAAS320,0201,Cecily Jackson,25,6,0,2026-08-31 20:25:49
2026-08-31 20:25:45,AAAS325,0101,Traci Dula,20,5,0,2026-08-31 20:25:50
2026-08-31 20:25:45,AAAS350,0101,John Drabinski,20,0,0,2026-08-31 20:25:50
2026-08-31 20:25:45,AAAS361,0101,Michelle Rowley,35,24,0,2026-08-31 20:25:50
2026-08-31 20:25:45,AAAS386,0101,Marshal Washington,10,10,0,2026-08-31 20:25:50
2026-08-31 20:25:45,AAAS397,0101,John Drabinski,2,2,0,2026-08-31 20:25:50
2026-08-31 20:25:45,AAAS397,0201,Angelica Dunbar,2,2,0,2026-08-31 20:25:50
2026-08-31 20:25:45,AAAS397,0301,Sharon Harley,2,2,0,2026-08-31 20:25:50
2026-08-31 20:25:45,AAAS397,0401,Cecily Jackson,2,2,0,2026-08-31 20:25:50
2026-08-31 20:25:45,AAAS397,0501,Sangeetha Madhavan,2,2,0,2026-08-31 20:25:50
2026-08-31 20:25:45,AAAS397,0601,Ashley Newby,1,1,0,2026-08-31 20:25:50
2026-08-31 20:25:45,AAAS397,0701,Chinyere Osuji,2,2,0,2026-08-31 20:25:50
2026-08-31 20:25:45,AAAS397,0801,Periloux Peay,2,2,0,2026-08-31 20:25:50
2026-08-31 20:25:45,AAAS397,0901,Joseph Richardson,2,2,0,2026-08-31 20:25:50
2026-08-31 20:25:45,AAAS398B,0101,Beka Guluma,20,14,0,2026-08-31 20:25:51
2026-08-31 20:25:45,AAAS398W,0101,Jason Nichols,25,11,0,2026-08-31 20:25:51
2026-08-31 20:25:45,AAAS399,0101,Robert Choflet,4,4,0,2026-08-31 20:25:51
2026-08-31 20:25:45,AAAS399,0201,John Drabinski,4,4,0,2026-08-31 20:25:51
2026-08-31 20:25:45,AAAS399,0301,Angelica Dunbar,4,3,0,2026-08-31 20:25:51
2026-08-31 20:25:45,AAAS399,0401,Sharon Harley,4,4,0,2026-08-31 20:25:51
2026-08-31 20:25:45,AAAS399,0501,Cecily Jackson,4,4,0,2026-08-31 20:25:51
2026-08-31 20:25:45,AAAS399,0601,Cecily Jackson,4,4,0,2026-08-31 20:25:51
2026-08-31 20:25:45,AAAS399,0701,Sharon Harley,4,4,0,2026-08-31 20:25:51
2026-08-31 20:25:45,AAAS399,0801,George Kintiba,4,4,0,2026-08-31 20:25:51
2026-08-31 20:25:45,AAAS399,0901,Jason Nichols,4,4,0,2026-08-31 20:25:51
2026-08-31 20:25:45,AAAS399,1001,Ashley Newby,4,3,0,2026-08-31 20:25:51
2026-08-31 20:25:45,AAAS399,1101,Jason Nichols,4,4,0,2026-08-31 20:25:51
2026-08-31 20:25:45,AAAS399,1201,Joseph Richardson,4,4,0,2026-08-31 20:25:51
2026-08-31 20:25:45,AAAS399,1301,Shane Walsh,4,4,0,2026-08-31 20:25:51
2026-08-31 20:25:45,AAAS399,1401,Joseph Richardson,4,4,0,2026-08-31 20:25:51
2026-08-31 20:25:45,AAAS399,1501,Shane Walsh,4,4,0,2026-08-31 20:25:51
2026-08-31 20:25:45,AAAS400,0101,Periloux Peay,25,21,0,2026-08-31 20:25:51
2026-08-31 20:25:45,AAAS415,0101,Periloux Peay,30,0,3,2026-08-31 20:25:51
2026-08-31 20:25:45,AAAS499N,0101,Anne Rosen,25,1,0,2026-08-31 20:25:51
2026-08-31 20:25:45,AAST200,0101,Jennifer Cho,30,0,0,2026-08-31 20:25:53
2026-08-31 20:25:45,AAST200,0102,Binod Paudyal,30,0,6,2026-08-31 20:25:53
2026-08-31 20:25:45,AAST322,0101,Julie Park,30,0,1,2026-08-31 20:25:53
2026-08-31 20:25:45,AAST351,0101,Binod Paudyal,35,0,4,2026-08-31 20:25:53
2026-08-31 20:25:45,AAST355,0101,Jennifer Cho,35,0,25,2026-08-31 20:25:53
2026-08-31 20:25:45,AAST378,0101,Janelle Wong,2,2,0,2026-08-31 20:25:53
2026-08-31 20:25:45,AAST394,0101,Wenxi Yang,30,0,0,2026-08-31 20:25:54
2026-08-31 20:25:45,AAST398I,0101,Michelle Magalong,24,0,3,2026-08-31 20:25:54
2026-08-31 20:25:45,AAST398W,0101,Chris Eng,25,13,0,2026-08-31 20:25:54
2026-08-31 20:25:45,AAST421,0101,Tuyet Duong,20,0,2,2026-08-31 20:25:54
2026-08-31 20:25:45,AAST422,0101,Jennifer Cho,25,5,0,2026-08-31 20:25:55
2026-08-31 20:25:45,AAST424,0101,Dawn Dow,29,10,0,2026-08-31 20:25:55
2026-08-31 20:25:45,AAST440,0101,Binod Paudyal,25,0,1,2026-08-31 20:25:55
2026-08-31 20:25:45,AAST443,0101,Janelle Wong,30,0,4,2026-08-31 20:25:55
2026-08-31 20:25:45,ABRM330,0101,Rashawn Ray,40,0,3,2026-08-31 20:25:56
2026-08-31 20:25:45,ARAB101,0101,Samah Al-salami,15,2,0,2026-08-31 20:26:23
2026-08-31 20:25:45,ARAB101,0201,Ahmed Hanafy,15,2,0,2026-08-31 20:26:23
2026-08-31 20:25:45,ARAB102,0101,Samah Al-salami,15,0,0,2026-08-31 20:26:23
2026-08-31 20:25:45,ARAB102,0201,Lutf Alkebsi,15,11,0,2026-08-31 20:26:23
2026-08-31 20:25:45,ARAB201,0101,Lutf Alkebsi,15,1,0,2026-08-31 20:26:23
2026-08-31 20:25:45,ARAB201,0201,Lutf Alkebsi,15,11,0,2026-08-31 20:26:23
2026-08-31 20:25:45,ARAB208L,0101,Samah Al-salami,15,5,0,2026-08-31 20:26:23
2026-08-31 20:25:45,ARAB225,0101,Ahmed Hanafy,15,2,0,2026-08-31 20:26:23
2026-08-31 20:25:45,ARAB301,0101,Ahmed Hanafy,15,6,0,2026-08-31 20:26:24
2026-08-31 20:25:45,ARAB321,0101,Ahmed Hanafy,15,9,0,2026-08-31 20:26:24
2026-08-31 20:25:45,ARAB322,0101,Samah Al-salami,15,8,0,2026-08-31 20:26:24
2026-08-31 20:25:45,ARAB398A,0101,Lutf Alkebsi,15,5,0,2026-08-31 20:26:26
2026-08-31 20:25:45,ARAB499E,0101,Brendan Kibbee,20,0,0,2026-08-31 20:26:27
2026-08-31 20:25:45,ARMY106,0101,Thomas Battinieri,31,26,0,2026-08-31 20:26:47
2026-08-31 20:25:45,ARMY106,0102,Thomas Battinieri,40,30,0,2026-08-31 20:26:47
2026-08-31 20:25:45,ARMY106,FC01,Andrew Bischoff,15,11,0,2026-08-31 20:26:47
2026-08-31 20:25:45,ARMY106,FC02,Thomas Battinieri,9,8,0,2026-08-31 20:26:47
2026-08-31 20:25:45,ARMY110,0101,Andrew Bischoff,15,15,0,2026-08-31 20:26:47
2026-08-31 20:25:45,ARMY201,0102,Thomas Battinieri,35,13,0,2026-08-31 20:26:48
2026-08-31 20:25:45,ARMY301,0101,Joshua Guiod,40,21,0,2026-08-31 20:26:48
2026-08-31 20:25:45,ARMY401,0102,Andrew Bischoff,50,13,0,2026-08-31 20:26:48
2026-08-31 20:25:45,ARSC059,0101,Kathleen West,220,93,0,2026-08-31 20:26:49
2026-08-31 20:25:45,ARSC059,FC01,Jens Lyndrup,10,4,0,2026-08-31 20:26:49
2026-08-31 20:25:45,ARSC100,0101,Jens Lyndrup,50,36,0,2026-08-31 20:26:49
2026-08-31 20:25:45,ARSC100,0102,Jens Lyndrup,75,41,0,2026-08-31 20:26:49
2026-08-31 20:25:45,ARSC100,0103,Jens Lyndrup,40,33,0,2026-08-31 20:26:49
2026-08-31 20:25:45,ARSC100,FC01,Jens Lyndrup,5,1,0,2026-08-31 20:26:49
2026-08-31 20:25:45,ARSC100,FC02,Jens Lyndrup,10,7,0,2026-08-31 20:26:49
2026-08-31 20:25:45,ARSC200,0101,Alan Snyder,50,22,0,2026-08-31 20:26:50
2026-08-31 20:25:45,ARSC200,0102,Alan Snyder,35,25,0,2026-08-31 20:26:50
2026-08-31 20:25:45,ARSC200,0103,Alan Snyder,40,32,0,2026-08-31 20:26:50
2026-08-31 20:25:45,ARSC300,0101,Kathleen West,30,7,0,2026-08-31 20:26:50
2026-08-31 20:25:45,ARSC300,0102,Kathleen West,20,13,0,2026-08-31 20:26:50
2026-08-31 20:25:45,ARSC400,0101,Walter Mitchell,30,17,0,2026-08-31 20:26:50
2026-08-31 20:25:45,ARSC400,0102,Walter Mitchell,20,18,0,2026-08-31 20:26:50
2026-08-31 20:25:45,ARSC400,0201,Walter Mitchell,10,10,0,2026-08-31 20:26:50
2026-08-31 20:25:45,BMIN210,0101,Darlene Dennison,162,0,1,2026-08-31 20:27:30
2026-08-31 20:25:45,BMIN210,0201,Darlene Dennison,162,71,0,2026-08-31 20:27:30
2026-08-31 20:25:45,BMIN305,0101,Tejwansh Anand,162,16,0,2026-08-31 20:27:30
2026-08-31 20:25:45,BMIN345,0101,Michael Padhi,275,26,0,2026-08-31 20:27:30
2026-08-31 20:25:45,BMIN355,0101,Idil Yaveroglu,162,1,0,2026-08-31 20:27:30
2026-08-31 20:25:45,BMIN355,0201,Idil Yaveroglu,162,29,0,2026-08-31 20:27:30
2026-08-31 20:25:45,BMIN375,0101,Leland Gardner,185,0,0,2026-08-31 20:27:30
2026-08-31 20:25:45,BMIN395,0101,Nima Farshchi,180,0,0,2026-08-31 20:27:30
2026-08-31 20:25:45,BMIN395,0201,Nima Farshchi,180,118,0,2026-08-31 20:27:30
2026-08-31 20:25:45,BOIS602,WI01,Woei-jyh Lee,40,5,0,2026-08-31 20:27:33
2026-08-31 20:25:45,BOIS604,WI01,Manmohan Aseri,40,4,0,2026-08-31 20:27:33
2026-08-31 20:25:45,BOIS631,WI01,Sujin Kim,40,6,0,2026-08-31 20:27:33
2026-08-31 20:25:45,BSOS355,0101,Liza Lebrun,30,30,0,2026-08-31 20:27:40
2026-08-31 20:25:45,BSOS361,0101,TC Lloyd,30,0,0,2026-08-31 20:27:40
2026-08-31 20:25:45,BSOS361,0103,Keia Brown,30,2,0,2026-08-31 20:27:40
2026-08-31 20:25:45,BSOS361,0104,David Tana,30,0,0,2026-08-31 20:27:40
2026-08-31 20:25:45,BSOS361,0105,TC Lloyd,30,0,0,2026-08-31 20:27:40
2026-08-31 20:25:45,BSOS388C,0101,Nikita Kimani,20,0,1,2026-08-31 20:27:40
2026-08-31 20:25:45,BSOS388C,0201,Nikita Kimani,20,3,0,2026-08-31 20:27:40
2026-08-31 20:25:45,BSOS388E,0101,Liza Lebrun,30,30,0,2026-08-31 20:27:40
2026-08-31 20:25:45,BUSO600,SO11,Neta Moye,42,3,0,2026-08-31 20:27:54
2026-08-31 20:25:45,BUSO600,SO12,Neta Moye,42,6,0,2026-08-31 20:27:54
2026-08-31 20:25:45,BUSO603,SO11,Ilya Ryzhov,42,5,0,2026-08-31 20:27:54
2026-08-31 20:25:45,BUSO603,SO12,Ilya Ryzhov,42,4,0,2026-08-31 20:27:54
2026-08-31 20:25:45,BUSO604,SO11,Bennet Zelner,42,5,0,2026-08-31 20:27:54
2026-08-31 20:25:45,BUSO604,SO12,Bennet Zelner,42,4,0,2026-08-31 20:27:54
2026-08-31 20:25:45,BUSO612,SO11,Henry Boyd,42,4,0,2026-08-31 20:27:54
2026-08-31 20:25:45,BUSO612,SO12,Henry Boyd,42,1,0,2026-08-31 20:27:54
2026-08-31 20:25:45,BUSO616,SO31,Brent Solomon,38,2,0,2026-08-31 20:27:54
2026-08-31 20:25:45,BUSO616,SO32,Brent Solomon,38,0,0,2026-08-31 20:27:54
2026-08-31 20:25:45,BUSO624,SO31,Yi Xu,38,4,0,2026-08-31 20:27:55
2026-08-31 20:25:45,BUSO624,SO32,Yi Xu,38,0,0,2026-08-31 20:27:55
2026-08-31 20:25:45,BUSO700,SO91,Paulo Prochno,0,0,0,2026-08-31 20:27:55
2026-08-31 20:25:45,BUSO711,SO31,Gosia Langa Basit,28,1,0,2026-08-31 20:27:55
2026-08-31 20:25:45,BUSO711,SO32,Gosia Langa Basit,28,4,0,2026-08-31 20:27:55
2026-08-31 20:25:45,BUSO711,SO33,Gosia Langa Basit,28,3,0,2026-08-31 20:27:55
2026-08-31 20:25:45,BUSO731,SO51,Tejwansh Anand,49,0,2,2026-08-31 20:27:55
2026-08-31 20:25:45,BUSO752,SO51,Leland Gardner,35,13,0,2026-08-31 20:27:55
2026-08-31 20:25:45,BUSO758G,SO51,James Seward,35,12,0,2026-08-31 20:27:55
2026-08-31 20:25:45,BUSO758M,SO51,Paulo Prochno,49,2,0,2026-08-31 20:27:55
2026-08-31 20:25:45,BUSO758M,SO52,Paulo Prochno,49,2,0,2026-08-31 20:27:55
2026-08-31 20:25:45,BUSO758T,SO51,Michael Cichello,35,17,0,2026-08-31 20:27:56
2026-08-31 20:25:45,BUSO758W,SO51,Yogesh Joshi,33,1,0,2026-08-31 20:27:56
2026-08-31 20:25:45,BUSO758W,SO52,Yogesh Joshi,33,3,0,2026-08-31 20:27:56
2026-08-31 20:25:45,BUSO758X,SO51,Pallassana Kannan,49,2,0,2026-08-31 20:27:56
2026-08-31 20:25:45,BUSO788F,GX01,Judy Frels,25,5,0,2026-08-31 20:27:56
2026-08-31 20:25:45,BUSO788W,GX01,Zhi-Long Chen,30,5,0,2026-08-31 20:27:56
2026-08-31 20:25:45,CHSE200,0101,Betsy Tornquist,10,1,0,2026-08-31 20:28:14
2026-08-31 20:25:45,CHSE205,0101,Yewon Lee,60,0,20,2026-08-31 20:28:14
2026-08-31 20:25:45,CHSE205,0201,Yewon Lee,60,0,16,2026-08-31 20:28:14
2026-08-31 20:25:45,CHSE228C,0101,Nikita Kimani,20,0,1,2026-08-31 20:28:14
2026-08-31 20:25:45,CHSE228C,0201,Nikita Kimani,20,3,0,2026-08-31 20:28:14
2026-08-31 20:25:45,CHSE228C,0301,Nikita Kimani,20,0,0,2026-08-31 20:28:14
2026-08-31 20:25:45,CHSE230,0101,Isabelle Grable,25,16,0,2026-08-31 20:28:14
2026-08-31 20:25:45,CHSE376,0101,Michael Dunham,22,0,17,2026-08-31 20:28:15
2026-08-31 20:25:45,CHSE376,0201,Colleen McGilpin,20,0,19,2026-08-31 20:28:15
2026-08-31 20:25:45,CHSE376,0301,Elizabeth Martinez,20,0,20,2026-08-31 20:28:15
2026-08-31 20:25:45,CHSE376,0401,Chanai Brewster,20,0,16,2026-08-31 20:28:15
2026-08-31 20:25:45,CHSE476,0101,Michael Dunham,20,6,0,2026-08-31 20:28:15
2026-08-31 20:25:45,CHSE477,0101,Michael Dunham,15,4,0,2026-08-31 20:28:15
2026-08-31 20:25:45,CHSE489,1901,Amy D'Agati,15,10,0,2026-08-31 20:28:15
2026-08-31 20:25:45,CHSE498,2401,Meredith Gramlich,10,1,0,2026-08-31 20:28:15
2026-08-31 20:25:45,CHSE498,3701,Michael Dunham,2,1,0,2026-08-31 20:28:15
2026-08-31 20:25:45,CINE245,0101,Eric Zakim,22,0,5,2026-08-31 20:28:17
2026-08-31 20:25:45,CINE245,0102,Eric Zakim,22,0,4,2026-08-31 20:28:17
2026-08-31 20:25:45,CINE245,0103,Eric Zakim,22,0,7,2026-08-31 20:28:17
2026-08-31 20:25:45,CINE245,0104,Eric Zakim,22,0,6,2026-08-31 20:28:17
2026-08-31 20:25:45,CINE280,0101,Porter Olsen,30,0,20,2026-08-31 20:28:17
2026-08-31 20:25:45,CINE280,0201,John Tobin,30,0,19,2026-08-31 20:28:17
2026-08-31 20:25:45,CINE298A,0101,Caroline Eades,20,0,0,2026-08-31 20:28:17
2026-08-31 20:25:45,CINE301,0101,Eric Zakim,30,0,0,2026-08-31 20:28:17
2026-08-31 20:25:45,CINE310,0101,Nathaniel Stevens,15,0,0,2026-08-31 20:28:17
2026-08-31 20:25:45,CINE315,0101,Yael Inbar,15,0,3,2026-08-31 20:28:18
2026-08-31 20:25:45,CINE319G,0101,Oliver Gaycken,25,15,0,2026-08-31 20:28:18
2026-08-31 20:25:45,CINE319P,5501,Samuel Crawford,10,0,3,2026-08-31 20:28:18
2026-08-31 20:25:45,CINE319Z,0101,Paul Cote,25,8,0,2026-08-31 20:28:18
2026-08-31 20:25:45,CINE329T,0101,Daniel Richter,25,0,31,2026-08-31 20:28:18
2026-08-31 20:25:45,CINE332,0101,Parker Brookie,25,0,2,2026-08-31 20:28:18
2026-08-31 20:25:45,CINE334,0101,Elizabeth Papazian,25,0,0,2026-08-31 20:28:18
2026-08-31 20:25:45,CINE337,0101,Jason Kuo,25,0,4,2026-08-31 20:28:19
2026-08-31 20:25:45,CINE342,0101,Luka Arsenjuk,20,0,6,2026-08-31 20:28:19
2026-08-31 20:25:45,CINE350,0101,John Drabinski,20,0,0,2026-08-31 20:28:19
2026-08-31 20:25:45,CINE359C,0101,Daniel Richter,25,0,9,2026-08-31 20:28:19
2026-08-31 20:25:45,CINE369B,0101,Eva Hageman,30,0,0,2026-08-31 20:28:19
2026-08-31 20:25:45,CINE369K,0101,Paul Cote,20,0,1,2026-08-31 20:28:19
2026-08-31 20:25:45,CINE376,0101,Ross Angelella,15,4,0,2026-08-31 20:28:20
2026-08-31 20:25:45,CINE376,0102,Ross Angelella,5,2,0,2026-08-31 20:28:20
2026-08-31 20:25:45,CINE415,0101,Mathew Bainbridge,15,0,1,2026-08-31 20:28:20
2026-08-31 20:25:45,CINE419P,0101,Oliver Gaycken,20,14,0,2026-08-31 20:28:20
2026-08-31 20:25:45,CINE459P,0101,Luka Arsenjuk,20,0,1,2026-08-31 20:28:20
2026-08-31 20:25:45,CLAS170,0101,Chiara Graf,21,0,7,2026-08-31 20:28:22
2026-08-31 20:25:45,CLAS170,0102,Chiara Graf,21,0,8,2026-08-31 20:28:22
2026-08-31 20:25:45,CLAS170,0103,Chiara Graf,21,0,6,2026-08-31 20:28:22
2026-08-31 20:25:45,CLAS170,0104,Chiara Graf,21,0,6,2026-08-31 20:28:22
2026-08-31 20:25:45,CLAS170,0105,Chiara Graf,21,0,6,2026-08-31 20:28:22
2026-08-31 20:25:45,CLAS170,0106,Chiara Graf,21,0,11,2026-08-31 20:28:22
2026-08-31 20:25:45,CLAS170,0107,Chiara Graf,21,0,8,2026-08-31 20:28:22
2026-08-31 20:25:45,CLAS170,0108,Chiara Graf,21,0,6,2026-08-31 20:28:22
2026-08-31 20:25:45,CLAS170,0109,Chiara Graf,22,0,2,2026-08-31 20:28:22
2026-08-31 20:25:45,CLAS170,FC01,Chelsea Stolt,28,0,0,2026-08-31 20:28:22
2026-08-31 20:25:45,CLAS170,FC02,Chelsea Stolt,28,0,1,2026-08-31 20:28:22
2026-08-31 20:25:45,CLAS170,FC03,Eugenia Lao,28,2,0,2026-08-31 20:28:22
2026-08-31 20:25:45,CLAS170,FC05,Charis Addai,28,4,0,2026-08-31 20:28:22
2026-08-31 20:25:45,CLAS277,0101,Chiara Graf,25,0,0,2026-08-31 20:28:23
2026-08-31 20:25:45,CLAS277,0102,Chiara Graf,25,0,0,2026-08-31 20:28:23
2026-08-31 20:25:45,CLAS277,0103,Chiara Graf,25,0,0,2026-08-31 20:28:23
2026-08-31 20:25:45,CLAS277,0104,Chiara Graf,25,0,0,2026-08-31 20:28:23
2026-08-31 20:25:45,CLAS277,0105,Chiara Graf,25,0,1,2026-08-31 20:28:23
2026-08-31 20:25:45,CLAS277,0106,Chiara Graf,25,0,1,2026-08-31 20:28:23
2026-08-31 20:25:45,CLAS305,0101,Jorge Bravo,35,4,0,2026-08-31 20:28:23
2026-08-31 20:25:45,CLAS309N,0101,Nathan Levine,35,26,0,2026-08-31 20:28:23
2026-08-31 20:25:45,CLAS310,0101,Rachel Singpurwalla,20,0,4,2026-08-31 20:28:23
2026-08-31 20:25:45,CLAS310,0102,Rachel Singpurwalla,20,0,6,2026-08-31 20:28:23
2026-08-31 20:25:45,CLAS310,0103,Rachel Singpurwalla,20,0,5,2026-08-31 20:28:23
2026-08-31 20:25:45,CLAS312,0101,Polyvia Parara,35,0,2,2026-08-31 20:28:24
2026-08-31 20:25:45,CMLT235,0101,Brielle Gorrell,30,0,0,2026-08-31 20:28:26
2026-08-31 20:25:45,CMLT270,0101,Hannah (Toyin) Adeyemi,30,0,2,2026-08-31 20:28:26
2026-08-31 20:25:45,CMLT270,0201,Shakiba Sharifpour,30,0,5,2026-08-31 20:28:26
2026-08-31 20:25:45,CMLT275,0201,Abhinav Bhardwaj,30,0,4,2026-08-31 20:28:26
2026-08-31 20:25:45,CMLT277,0101,Nahid Ahmadian,30,0,1,2026-08-31 20:28:27
2026-08-31 20:25:45,CMLT280,0101,Porter Olsen,30,0,20,2026-08-31 20:28:27
2026-08-31 20:25:45,CMLT280,0201,John Tobin,30,0,19,2026-08-31 20:28:27
2026-08-31 20:25:45,CPBE100,0101,Oliver Schlake,95,25,0,2026-08-31 20:28:58
2026-08-31 20:25:45,CPBE200,0101,Oliver Schlake,75,33,0,2026-08-31 20:28:58
2026-08-31 20:25:45,CPBE225,0101,Ira Koretsky,38,13,0,2026-08-31 20:28:58
2026-08-31 20:25:45,CPBE225,0102,Ira Koretsky,38,23,0,2026-08-31 20:28:58
2026-08-31 20:25:45,CPCV100,0101,Julie Randolph,40,1,0,2026-08-31 20:28:59
2026-08-31 20:25:45,CPCV100,0201,Julie Randolph,40,8,0,2026-08-31 20:28:59
2026-08-31 20:25:45,CPCV200,0101,Julie Randolph,35,1,0,2026-08-31 20:28:59
2026-08-31 20:25:45,CPCV200,0201,Julie Randolph,35,15,0,2026-08-31 20:28:59
2026-08-31 20:25:45,CPCV225,0101,Korey Rothman,75,5,0,2026-08-31 20:29:00
2026-08-31 20:25:45,CPDJ100,0101,Jess Feltner,75,1,0,2026-08-31 20:29:01
2026-08-31 20:25:45,CPDJ200,0101,Andrew Fellows,75,35,0,2026-08-31 20:29:01
2026-08-31 20:25:45,CPET100,0101,Tim Knight,75,1,0,2026-08-31 20:29:03
2026-08-31 20:25:45,CPET200,0101,Tim Knight,75,9,0,2026-08-31 20:29:03
2026-08-31 20:25:45,CPGH100,0101,John Wiggins,85,6,0,2026-08-31 20:29:04
2026-08-31 20:25:45,CPGH200,0101,John Wiggins,75,17,0,2026-08-31 20:29:04
2026-08-31 20:25:45,CPJT100,0101,Justine DeCamillis,75,6,0,2026-08-31 20:29:05
2026-08-31 20:25:45,CPJT200,0101,Justine DeCamillis,75,20,0,2026-08-31 20:29:06
2026-08-31 20:25:45,CPMS100,0101,Carole Lee,75,0,0,2026-08-31 20:29:07
2026-08-31 20:25:45,CPMS200,0101,Alison Burns,75,13,0,2026-08-31 20:29:07
2026-08-31 20:25:45,CPMS225,0101,Alison Burns,75,0,1,2026-08-31 20:29:07
2026-08-31 20:25:45,CPMS230,0101,Alison Burns,30,13,0,2026-08-31 20:29:07
2026-08-31 20:25:45,CPMS240,0101,Carole Lee,20,18,0,2026-08-31 20:29:07
2026-08-31 20:25:45,CPPL100,0101,Kelly Brower,78,2,0,2026-08-31 20:29:09
2026-08-31 20:25:45,CPPL200,0101,Susannah Washburn,75,16,0,2026-08-31 20:29:09
2026-08-31 20:25:45,CPSA100,0101,Andrea Cesar,75,10,0,2026-08-31 20:29:10
2026-08-31 20:25:45,CPSA200,0101,Andrea Cesar,75,33,0,2026-08-31 20:29:10
2026-08-31 20:25:45,CPSF100,0101,Nicholas Fletcher,85,0,0,2026-08-31 20:29:11
2026-08-31 20:25:45,CPSF200,0101,Nicholas Fletcher,75,5,0,2026-08-31 20:29:12
2026-08-31 20:25:45,CPSG100,0101,Thomas Holtz,85,7,0,2026-08-31 20:29:13
2026-08-31 20:25:45,CPSG200,0101,Thomas Holtz,75,28,0,2026-08-31 20:29:13
2026-08-31 20:25:45,CPSN100,0101,Hansol Kwak,85,2,0,2026-08-31 20:29:14
2026-08-31 20:25:45,CPSN200,0101,Stacy Kosko,75,39,0,2026-08-31 20:29:14
2026-08-31 20:25:45,CPSN230,0101,Sarah Kilmer,20,18,0,2026-08-31 20:29:15
2026-08-31 20:25:45,CPSN240,0101,Sarah Kilmer,10,7,0,2026-08-31 20:29:15
2026-08-31 20:25:45,CPSN250,0101,Sarah Kilmer,5,5,0,2026-08-31 20:29:15
2026-08-31 20:25:45,CPSP110,0101,Markell Saunders,18,13,0,2026-08-31 20:29:16
2026-08-31 20:25:45,CPSP110,0201,Patrice Greene,18,16,0,2026-08-31 20:29:16
2026-08-31 20:25:45,CPSP220,0101,Tiara Thomas,20,0,0,2026-08-31 20:29:16
2026-08-31 20:25:45,CPSP239A,0101,Heather-Erin Bremenstuhl,10,6,0,2026-08-31 20:29:17
2026-08-31 20:25:45,CPSP269C,0101,Korey Rothman,5,5,0,2026-08-31 20:29:17
2026-08-31 20:25:45,CPSP339P,0101,Susannah Washburn,10,7,0,2026-08-31 20:29:17
2026-08-31 20:25:45,CPSS100,0101,David Tomblin,85,5,0,2026-08-31 20:29:18
2026-08-31 20:25:45,CPSS220,0101,Nicole Mogul,20,3,0,2026-08-31 20:29:18
2026-08-31 20:25:45,CPSS225,0101,Roan Parrish,20,13,0,2026-08-31 20:29:18
2026-08-31 20:25:45,CPSS340,0101,David Tomblin,20,5,0,2026-08-31 20:29:19
2026-08-31 20:25:45,CRLN101,0103,Myles Alexander,25,0,0,2026-08-31 20:29:20
2026-08-31 20:25:45,CRLN101,0104,Tami Smith,26,0,0,2026-08-31 20:29:20
2026-08-31 20:25:45,CRLN101,0105,Denis Garcia Reyes,25,0,0,2026-08-31 20:29:20
2026-08-31 20:25:45,CRLN101,0106,Mitch Woolley,25,3,0,2026-08-31 20:29:20
2026-08-31 20:25:45,CRLN101,0107,Esohe Owie,25,0,0,2026-08-31 20:29:20
2026-08-31 20:25:45,DATA100,0111,Matthew Griffin,33,0,0,2026-08-31 20:29:29
2026-08-31 20:25:45,DATA100,0112,Matthew Griffin,35,2,0,2026-08-31 20:29:29
2026-08-31 20:25:45,DATA100,0121,Matthew Griffin,35,2,0,2026-08-31 20:29:29
2026-08-31 20:25:45,DATA100,0122,Matthew Griffin,33,0,0,2026-08-31 20:29:29
2026-08-31 20:25:45,DATA100,0123,Matthew Griffin,33,0,0,2026-08-31 20:29:29
2026-08-31 20:25:45,DATA100,0124,Matthew Griffin,33,1,0,2026-08-31 20:29:29
2026-08-31 20:25:45,DATA100,0131,Matthew Griffin,33,1,0,2026-08-31 20:29:29
2026-08-31 20:25:45,DATA100,0141,Matthew Griffin,35,1,0,2026-08-31 20:29:29
2026-08-31 20:25:45,DATA100,0142,Matthew Griffin,33,0,0,2026-08-31 20:29:29
2026-08-31 20:25:45,DATA100,0211,Matthew Griffin,33,0,0,2026-08-31 20:29:29
2026-08-31 20:25:45,DATA100,0212,Matthew Griffin,35,1,0,2026-08-31 20:29:29
2026-08-31 20:25:45,DATA100,0221,Matthew Griffin,30,0,0,2026-08-31 20:29:29
2026-08-31 20:25:45,DATA100,0223,Matthew Griffin,32,0,0,2026-08-31 20:29:29
2026-08-31 20:25:45,DATA100,0224,Matthew Griffin,30,0,2,2026-08-31 20:29:29
2026-08-31 20:25:45,DATA100,0231,Matthew Griffin,33,3,0,2026-08-31 20:29:29
2026-08-31 20:25:45,DATA100,0311,Archana Khurana,35,6,0,2026-08-31 20:29:29
2026-08-31 20:25:45,DATA100,0312,Archana Khurana,35,1,0,2026-08-31 20:29:29
2026-08-31 20:25:45,DATA100,0321,Archana Khurana,35,6,0,2026-08-31 20:29:29
2026-08-31 20:25:45,DATA100,0322,Archana Khurana,35,1,0,2026-08-31 20:29:29
2026-08-31 20:25:45,DATA100,0323,Archana Khurana,35,3,0,2026-08-31 20:29:29
2026-08-31 20:25:45,DATA100,0341,Archana Khurana,35,4,0,2026-08-31 20:29:29
2026-08-31 20:25:45,DATA110,0101,Susan Mazzullo,250,0,4,2026-08-31 20:29:30
2026-08-31 20:25:45,DATA120,0101,Fardina Alam,200,0,8,2026-08-31 20:29:30
2026-08-31 20:25:45,DATA200,0101,Fardina Alam,90,33,0,2026-08-31 20:29:30
2026-08-31 20:25:45,DATA250,0101,Todd Rowland,43,5,0,2026-08-31 20:29:30
2026-08-31 20:25:45,DATA320,0101,Maksym Morawski,15,9,0,2026-08-31 20:29:30
2026-08-31 20:25:45,DATA320,0201,Maksym Morawski,15,1,0,2026-08-31 20:29:30
2026-08-31 20:25:45,DATA320,0301,Fardina Alam,20,0,1,2026-08-31 20:29:30
2026-08-31 20:25:45,DATA350,0101,Raluca Rosca,30,8,0,2026-08-31 20:29:30
2026-08-31 20:25:45,DATA350,0201,Jonathan Fernandes,34,1,0,2026-08-31 20:29:30
2026-08-31 20:25:45,DATA400,0111,Salman Safdar,27,0,0,2026-08-31 20:29:31
2026-08-31 20:25:45,DATA400,0112,Salman Safdar,30,0,0,2026-08-31 20:29:31
2026-08-31 20:25:45,DATA400,0121,Salman Safdar,27,0,0,2026-08-31 20:29:31
2026-08-31 20:25:45,DATA400,0122,Salman Safdar,27,0,0,2026-08-31 20:29:31
2026-08-31 20:25:45,DATA400,0131,Salman Safdar,27,1,0,2026-08-31 20:29:31
2026-08-31 20:25:45,DATA400,0132,Salman Safdar,27,8,0,2026-08-31 20:29:31
2026-08-31 20:25:45,DATA400,0211,Timothy Pilachowski,30,3,0,2026-08-31 20:29:31
2026-08-31 20:25:45,DATA400,0212,Timothy Pilachowski,30,2,0,2026-08-31 20:29:31
2026-08-31 20:25:45,DATA400,0221,Timothy Pilachowski,30,2,0,2026-08-31 20:29:31
2026-08-31 20:25:45,DATA400,0222,Timothy Pilachowski,30,0,0,2026-08-31 20:29:31
2026-08-31 20:25:45,DATA400,0231,Timothy Pilachowski,30,0,0,2026-08-31 20:29:31
2026-08-31 20:25:45,DATA400,0232,Timothy Pilachowski,30,1,0,2026-08-31 20:29:31
2026-08-31 20:25:45,DATA400,0311,Mestiyage Gunatilleka,32,0,1,2026-08-31 20:29:31
2026-08-31 20:25:45,DATA400,0312,Mestiyage Gunatilleka,30,0,0,2026-08-31 20:29:31
2026-08-31 20:25:45,DATA400,0321,Mestiyage Gunatilleka,32,0,0,2026-08-31 20:29:31
2026-08-31 20:25:45,DATA400,0322,Mestiyage Gunatilleka,30,0,0,2026-08-31 20:29:31
2026-08-31 20:25:45,DATA400,0331,Mestiyage Gunatilleka,32,0,1,2026-08-31 20:29:31
2026-08-31 20:25:45,DATA400,0332,Mestiyage Gunatilleka,30,0,1,2026-08-31 20:29:31
2026-08-31 20:25:45,DATA400,0511,Shixin Zheng,35,0,2,2026-08-31 20:29:31
2026-08-31 20:25:45,DATA400,0521,Shixin Zheng,35,1,0,2026-08-31 20:29:31
2026-08-31 20:25:45,DATA400,0531,Shixin Zheng,35,0,1,2026-08-31 20:29:31
2026-08-31 20:25:45,DATA601,PCS1,Sandra Cerrai,50,0,0,2026-08-31 20:29:31
2026-08-31 20:25:45,DATA601,PCS2,Jonathan Fernandes,60,15,0,2026-08-31 20:29:31
2026-08-31 20:25:45,DATA601,PWS1,Leonid Koralov,60,6,0,2026-08-31 20:29:31
2026-08-31 20:25:45,DATA602,PCS1,Sujeong Kim,44,3,0,2026-08-31 20:29:31
2026-08-31 20:25:45,DATA602,PCS2,Sujeong Kim,44,9,0,2026-08-31 20:29:31
2026-08-31 20:25:45,DATA602,PWS1,Fardina Alam,44,0,0,2026-08-31 20:29:31
2026-08-31 20:25:45,DATA603,PCS1,Babak Azimi-Sadjadi,55,9,0,2026-08-31 20:29:31
2026-08-31 20:25:45,DATA603,PWS1,Kemal Davaslioglu,55,18,0,2026-08-31 20:29:31
2026-08-31 20:25:45,DATA605,PCS1,Tammy Perrin,44,30,0,2026-08-31 20:29:31
2026-08-31 20:25:45,DATA605,PCS2,Tammy Perrin,44,18,0,2026-08-31 20:29:31
2026-08-31 20:25:45,DATA605,PWS1,Giacinto Paolo Saggese,44,35,0,2026-08-31 20:29:31
2026-08-31 20:25:45,DATA607,PCS1,Mestiyage Gunatilleka,44,29,0,2026-08-31 20:29:31
2026-08-31 20:25:45,DATA607,PCS2,Kendall Williams,55,0,0,2026-08-31 20:29:31
2026-08-31 20:25:45,DATA607,PCS3,Vincent Lyzinski,44,1,0,2026-08-31 20:29:31
2026-08-31 20:25:45,DATA612,PCS1,Samet Ayhan,50,19,0,2026-08-31 20:29:32
2026-08-31 20:25:45,DATA612,PWS1,Samet Ayhan,44,16,0,2026-08-31 20:29:32
2026-08-31 20:25:45,DATA641,PCS1,Toki Inan,50,12,0,2026-08-31 20:29:32
2026-08-31 20:25:45,DATA641,PWS1,Armin Mehrabian,50,0,2,2026-08-31 20:29:32
2026-08-31 20:25:45,DATA643,PCS1,Charles Forgy,50,24,0,2026-08-31 20:29:32
2026-08-31 20:25:45,DATA650,PCS1,Emre Gunduzhan,54,0,0,2026-08-31 20:29:32
2026-08-31 20:25:45,DATA650,PCS2,Emre Gunduzhan,54,5,0,2026-08-31 20:29:32
2026-08-31 20:25:45,ENAI600,0101,C Ravishankar,35,21,0,2026-08-31 20:29:59
2026-08-31 20:25:45,ENAI600,AEC1,C Ravishankar,20,4,0,2026-08-31 20:29:59
2026-08-31 20:25:45,ENAI601,0101,Richard La,35,23,0,2026-08-31 20:29:59
2026-08-31 20:25:45,ENAI601,AEC1,Richard La,20,6,0,2026-08-31 20:29:59
2026-08-31 20:25:45,ENAI607,0101,Zoltan Safar,29,24,0,2026-08-31 20:29:59
2026-08-31 20:25:45,ENAI607,AEC1,Zoltan Safar,20,9,0,2026-08-31 20:29:59
2026-08-31 20:25:45,ENBC301,ESG1,Sivan Saravanapavan,20,10,0,2026-08-31 20:30:01
2026-08-31 20:25:45,ENBC311,ESG1,Bahaa Ghammraoui,20,12,0,2026-08-31 20:30:01
2026-08-31 20:25:45,ENBC322,ESG1,Kyunghun Lee,20,11,0,2026-08-31 20:30:02
2026-08-31 20:25:45,ENBC331,ESG1,Lan Ma,20,11,0,2026-08-31 20:30:03
2026-08-31 20:25:45,ENBC332,ESG1,Jamasp Azarnoosh,20,12,0,2026-08-31 20:30:03
2026-08-31 20:25:45,ENBC341,ESG1,Jarred Callura,20,13,0,2026-08-31 20:30:03
2026-08-31 20:25:45,ENBC353,ESG1,Jarred Callura,20,15,0,2026-08-31 20:30:04
2026-08-31 20:25:45,ENBC399,ESG1,Nan Xu,1,1,0,2026-08-31 20:30:04
2026-08-31 20:25:45,ENBC399,ESG2,Lan Ma,1,0,0,2026-08-31 20:30:04
2026-08-31 20:25:45,ENBC399,ESG3,Jamasp Azarnoosh,1,0,0,2026-08-31 20:30:04
2026-08-31 20:25:45,ENBC399,ESG4,Lan Ma,1,1,0,2026-08-31 20:30:04
2026-08-31 20:25:45,ENBC399,ESG5,Jamasp Azarnoosh,1,0,0,2026-08-31 20:30:04
2026-08-31 20:25:45,ENBC399,ESG6,Jamasp Azarnoosh,1,0,0,2026-08-31 20:30:04
2026-08-31 20:25:45,ENBC399,ESG7,Jamasp Azarnoosh,1,1,0,2026-08-31 20:30:04
2026-08-31 20:25:45,ENBC423,ESG1,Jian Su,20,13,0,2026-08-31 20:30:04
2026-08-31 20:25:45,ENBC425,ESG1,Jamasp Azarnoosh,20,13,0,2026-08-31 20:30:04
2026-08-31 20:25:45,ENBC431,ESG1,Lan Ma,20,13,0,2026-08-31 20:30:04
2026-08-31 20:25:45,ENEB302,ESG1,Wesley Lawson,20,5,0,2026-08-31 20:30:12
2026-08-31 20:25:45,ENEB340,ESG1,Nestor Michael Tiglao,20,5,0,2026-08-31 20:30:13
2026-08-31 20:25:45,ENEB341,ESG1,Nestor Michael Tiglao,20,5,0,2026-08-31 20:30:13
2026-08-31 20:25:45,ENEB344,ESG1,Jerry Wu,20,5,0,2026-08-31 20:30:13
2026-08-31 20:25:45,ENEB346,ESG1,Nestor Michael Tiglao,20,14,0,2026-08-31 20:30:13
2026-08-31 20:25:45,ENEB354,ESG1,Yavuz Oruc,20,5,0,2026-08-31 20:30:13
2026-08-31 20:25:45,ENEB408A,ESG1,Nestor Michael Tiglao,20,14,0,2026-08-31 20:30:13
2026-08-31 20:25:45,ENEB444,ESG1,Manoj Franklin,20,14,0,2026-08-31 20:30:14
2026-08-31 20:25:45,ENEB454,ESG1,Jerry Wu,20,14,0,2026-08-31 20:30:14
2026-08-31 20:25:45,ENED036,0101,Hillary Owusu,20,17,0,2026-08-31 20:30:15
2026-08-31 20:25:45,ENED101,0101,Shannon Bate,20,0,0,2026-08-31 20:30:15
2026-08-31 20:25:45,ENED115,0101,Danielle Barker,100,5,0,2026-08-31 20:30:15
2026-08-31 20:25:45,ENED215,0101,Tyler Huddleston,30,0,0,2026-08-31 20:30:16
2026-08-31 20:25:45,ENED215,0102,Samantha Sabihi,40,23,0,2026-08-31 20:30:16
2026-08-31 20:25:45,ENED215,0103,Paige Smith,6,0,0,2026-08-31 20:30:16
2026-08-31 20:25:45,ENED290H,0101,Christopher Troilo,46,1,0,2026-08-31 20:30:16
2026-08-31 20:25:45,ENED390H,0101,Tony Barber,50,10,0,2026-08-31 20:30:16
2026-08-31 20:25:45,ENED394H,0101,Manmohan Aseri,65,14,0,2026-08-31 20:30:16
2026-08-31 20:25:45,ENED397,0101,Emily Marks,9,0,0,2026-08-31 20:30:16
2026-08-31 20:25:45,ENED490H,0101,David Ashley,45,1,0,2026-08-31 20:30:16
2026-08-31 20:25:45,ENED491,0101,Jessica Roffe,10,1,0,2026-08-31 20:30:17
2026-08-31 20:25:45,ENMT301,ESG1,Colleen Murray,15,12,0,2026-08-31 20:30:56
2026-08-31 20:25:45,ENMT322,ESG1,Norman Wereley,15,12,0,2026-08-31 20:30:56
2026-08-31 20:25:45,ENMT361,ESG1,Young Choi,15,12,0,2026-08-31 20:30:56
2026-08-31 20:25:45,ENMT380,ESG1,Gurtajbir Herr,15,12,0,2026-08-31 20:30:56
2026-08-31 20:25:45,ENMT450,ESG1,Nicholas Limparis,7,5,0,2026-08-31 20:30:56
2026-08-31 20:25:45,ENMT471,ESG1,Colleen Murray,7,5,0,2026-08-31 20:30:56
2026-08-31 20:25:45,ENMT473,ESG1,Gurtajbir Herr,7,4,0,2026-08-31 20:30:56
2026-08-31 20:25:45,ENMT483,ESG1,Nicholas Limparis,7,5,0,2026-08-31 20:30:57
2026-08-31 20:25:45,ENSE621,0101,Tony Barber,22,16,0,2026-08-31 20:31:02
2026-08-31 20:25:45,ENSE621,SY01,Tony Barber,15,0,0,2026-08-31 20:31:02
2026-08-31 20:25:45,ENSE623,0101,Steven Biemer,17,15,0,2026-08-31 20:31:02
2026-08-31 20:25:45,ENSE623,SY01,Steven Biemer,15,10,0,2026-08-31 20:31:02
2026-08-31 20:25:45,ENSE626,0101,Dane Cooper,20,15,0,2026-08-31 20:31:02
2026-08-31 20:25:45,ENSE626,SY01,Dane Cooper,15,9,0,2026-08-31 20:31:02
2026-08-31 20:25:45,ENSP101,0101,Annette Spivy,25,0,0,2026-08-31 20:31:04
2026-08-31 20:25:45,ENSP101,0102,Annette Spivy,24,0,0,2026-08-31 20:31:04
2026-08-31 20:25:45,ENSP101,0103,Annette Spivy,24,0,0,2026-08-31 20:31:04
2026-08-31 20:25:45,ENSP101,0104,Annette Spivy,24,0,0,2026-08-31 20:31:04
2026-08-31 20:25:45,ENSP101,0105,Annette Spivy,25,0,1,2026-08-31 20:31:04
2026-08-31 20:25:45,ENSP101,0106,Annette Spivy,24,0,0,2026-08-31 20:31:04
2026-08-31 20:25:45,ENSP101,0107,Annette Spivy,24,0,0,2026-08-31 20:31:04
2026-08-31 20:25:45,ENSP101,FC01,Annette Spivy,32,1,0,2026-08-31 20:31:04
2026-08-31 20:25:45,ENSP305,0101,Annette Spivy,23,0,3,2026-08-31 20:31:04
2026-08-31 20:25:45,ENSP330,0101,Joanna Goger,35,0,0,2026-08-31 20:31:04
2026-08-31 20:25:45,ENSP340,0101,Caroline Boules,25,0,0,2026-08-31 20:31:04
2026-08-31 20:25:45,ENSP360,0101,Leena Malayil,25,0,7,2026-08-31 20:31:04
2026-08-31 20:25:45,ENSP399R,0601,Annette Spivy,10,10,0,2026-08-31 20:31:05
2026-08-31 20:25:45,ENSP399R,1001,Jennifer Mullinax,10,10,0,2026-08-31 20:31:05
2026-08-31 20:25:45,ENSP400,0101,Joanna Goger,35,13,0,2026-08-31 20:31:05
2026-08-31 20:25:45,ENSP400,0102,Joanna Goger,35,11,0,2026-08-31 20:31:05
2026-08-31 20:25:45,ENVH121,FC01,Brienna Anderson,20,11,0,2026-08-31 20:31:15
2026-08-31 20:25:45,ENVH381,0101,Donald Milton,30,10,0,2026-08-31 20:31:15
2026-08-31 20:25:45,FGSM310,0101,Peter Owen,24,0,0,2026-08-31 20:31:19
2026-08-31 20:25:45,FGSM315,0101,Emily Shetty,22,0,0,2026-08-31 20:31:19
2026-08-31 20:25:45,FGSM320,0101,Woodie Kessel,24,1,0,2026-08-31 20:31:19
2026-08-31 20:25:45,FGSM325,0101,Rob Long,20,1,0,2026-08-31 20:31:19
2026-08-31 20:25:45,FGSM330,0101,Andrew Fausett,22,1,0,2026-08-31 20:31:19
2026-08-31 20:25:45,FGSM340,0101,Ed Fendley,22,1,0,2026-08-31 20:31:19
2026-08-31 20:25:45,FGSM350,0101,Sean Misko,22,1,0,2026-08-31 20:31:19
2026-08-31 20:25:45,FGSM355,0101,Amanda Schoch,20,0,0,2026-08-31 20:31:20
2026-08-31 20:25:45,FGSM360,0101,Nadia Farra,20,0,0,2026-08-31 20:31:20
2026-08-31 20:25:45,FGSM365,0101,Andrew Nissen,20,1,0,2026-08-31 20:31:20
2026-08-31 20:25:45,FGSM370,0101,Joshua Glasser,20,0,0,2026-08-31 20:31:20
2026-08-31 20:25:45,FGSM390,0101,Sasha Koo-Oshima,20,3,0,2026-08-31 20:31:20
2026-08-31 20:25:45,FGSM398,0101,Jayakumar Arasan,25,22,0,2026-08-31 20:31:20
2026-08-31 20:25:45,FGSM398,0201,Jayakumar Arasan,5,2,0,2026-08-31 20:31:20
2026-08-31 20:25:45,FIRE120,0101,Jessica O'Hara,36,0,0,2026-08-31 20:31:22
2026-08-31 20:25:45,FIRE120,0102,Shannon Hilton,36,7,0,2026-08-31 20:31:22
2026-08-31 20:25:45,FIRE120,0103,Jaclyn Bruner,36,0,0,2026-08-31 20:31:22
2026-08-31 20:25:45,FIRE120,0104,Danielle Niu,36,0,0,2026-08-31 20:31:22
2026-08-31 20:25:45,FIRE120,0105,Cherisse Hall,36,0,0,2026-08-31 20:31:22
2026-08-31 20:25:45,FIRE120,0106,Sara Strey,36,0,0,2026-08-31 20:31:22
2026-08-31 20:25:45,FIRE120,0107,Helene Nguemgaing,36,2,0,2026-08-31 20:31:22
2026-08-31 20:25:45,FIRE120,0108,Mary Chey,36,0,0,2026-08-31 20:31:22
2026-08-31 20:25:45,FIRE120,0109,Shannon Hilton,36,0,0,2026-08-31 20:31:22
2026-08-31 20:25:45,FIRE120,0110,Lena Johnson,36,0,0,2026-08-31 20:31:22
2026-08-31 20:25:45,FIRE120,0111,Benjamin Huffman,36,0,0,2026-08-31 20:31:22
2026-08-31 20:25:45,FIRE120,0112,Mary Chey,36,0,0,2026-08-31 20:31:22
2026-08-31 20:25:45,FIRE120,0113,Elizabeth Massey,36,6,0,2026-08-31 20:31:22
2026-08-31 20:25:45,FIRE120,0114,Benjamin Huffman,36,0,0,2026-08-31 20:31:22
2026-08-31 20:25:45,FIRE120,FC01,Danielle Niu,40,0,46,2026-08-31 20:31:22
2026-08-31 20:25:45,FIRE298,0101,Catherine Spirito,28,3,0,2026-08-31 20:31:22
2026-08-31 20:25:45,FIRE298,0103,Cherisse Hall,36,9,0,2026-08-31 20:31:22
2026-08-31 20:25:45,FIRE298,0104,Jessica O'Hara,36,4,0,2026-08-31 20:31:22
2026-08-31 20:25:45,FIRE298,0105,Kaylee Bloom,36,7,0,2026-08-31 20:31:22
2026-08-31 20:25:45,FIRE298,0106,Danielle Niu,36,16,0,2026-08-31 20:31:22
2026-08-31 20:25:45,FIRE298,0107,Benjamin Huffman,40,3,0,2026-08-31 20:31:22
2026-08-31 20:25:45,FIRE298,0108,Elizabeth Massey,40,14,0,2026-08-31 20:31:22
2026-08-31 20:25:45,FIRE298,0109,Shannon Hilton,40,7,0,2026-08-31 20:31:22
2026-08-31 20:25:45,FIRE298,0110,Jaclyn Bruner,40,18,0,2026-08-31 20:31:22
2026-08-31 20:25:45,FIRE298,0111,Mary Chey,36,7,0,2026-08-31 20:31:22
2026-08-31 20:25:45,FIRE298,0112,Helene Nguemgaing,40,14,0,2026-08-31 20:31:22
2026-08-31 20:25:45,FIRE298,0113,Kristina Kramarczuk,40,10,0,2026-08-31 20:31:22
2026-08-31 20:25:45,FIRE298,0114,Shabnam Jabeen,40,22,0,2026-08-31 20:31:22
2026-08-31 20:25:45,FIRE298,0115,Sara Strey,40,14,0,2026-08-31 20:31:22
2026-08-31 20:25:45,FIRE298,0116,Lena Johnson,40,5,0,2026-08-31 20:31:22
2026-08-31 20:25:45,FIRE398,0101,Catherine Spirito,15,3,0,2026-08-31 20:31:22
2026-08-31 20:25:45,FIRE398,0103,Cherisse Hall,15,4,0,2026-08-31 20:31:22
2026-08-31 20:25:45,FIRE398,0104,Jessica O'Hara,15,2,0,2026-08-31 20:31:22
2026-08-31 20:25:45,FIRE398,0105,Kaylee Bloom,15,2,0,2026-08-31 20:31:22
2026-08-31 20:25:45,FIRE398,0106,Danielle Niu,15,10,0,2026-08-31 20:31:22
2026-08-31 20:25:45,FIRE398,0107,Benjamin Huffman,15,3,0,2026-08-31 20:31:22
2026-08-31 20:25:45,FIRE398,0108,Elizabeth Massey,15,6,0,2026-08-31 20:31:22
2026-08-31 20:25:45,FIRE398,0109,Shannon Hilton,15,7,0,2026-08-31 20:31:22
2026-08-31 20:25:45,FIRE398,0110,Jaclyn Bruner,15,8,0,2026-08-31 20:31:22
2026-08-31 20:25:45,FIRE398,0111,Mary Chey,15,3,0,2026-08-31 20:31:22
2026-08-31 20:25:45,FIRE398,0112,Helene Nguemgaing,15,15,0,2026-08-31 20:31:22
2026-08-31 20:25:45,FIRE398,0113,Kristina Kramarczuk,15,7,0,2026-08-31 20:31:22
2026-08-31 20:25:45,FIRE398,0114,Shabnam Jabeen,15,15,0,2026-08-31 20:31:22
2026-08-31 20:25:45,FIRE398,0115,Sara Strey,15,14,0,2026-08-31 20:31:22
2026-08-31 20:25:45,FIRE398,0116,Lena Johnson,15,11,0,2026-08-31 20:31:22
2026-08-31 20:25:45,GBHL200,0101,Hassanatu Blake,30,0,3,2026-08-31 20:31:32
2026-08-31 20:25:45,GBHL200,FC01,Zandra Andre,25,0,0,2026-08-31 20:31:32
2026-08-31 20:25:45,GBHL210,0101,Leena Malayil,25,9,0,2026-08-31 20:31:33
2026-08-31 20:25:45,GBHL399,0101,Hassanatu Blake,3,3,0,2026-08-31 20:31:33
2026-08-31 20:25:45,GBHL399,0111,Dina Borzekowski,5,5,0,2026-08-31 20:31:33
2026-08-31 20:25:45,GEMS101,0101,Allison Lansverk,10,0,0,2026-08-31 20:31:34
2026-08-31 20:25:45,GEMS101,0103,Allison Lansverk,10,0,0,2026-08-31 20:31:34
2026-08-31 20:25:45,GEMS101,0104,Allison Lansverk,10,0,0,2026-08-31 20:31:34
2026-08-31 20:25:45,GEMS101,0105,Allison Lansverk,10,0,0,2026-08-31 20:31:34
2026-08-31 20:25:45,GEMS101,0106,Allison Lansverk,10,0,0,2026-08-31 20:31:34
2026-08-31 20:25:45,GEMS101,0107,Allison Lansverk,10,0,0,2026-08-31 20:31:34
2026-08-31 20:25:45,GEMS101,0109,Allison Lansverk,10,0,0,2026-08-31 20:31:34
2026-08-31 20:25:45,GEMS101,0111,Allison Lansverk,10,0,0,2026-08-31 20:31:34
2026-08-31 20:25:45,GEMS101,0113,Allison Lansverk,10,1,0,2026-08-31 20:31:34
2026-08-31 20:25:45,GEMS101,0114,Allison Lansverk,10,0,0,2026-08-31 20:31:34
2026-08-31 20:25:45,GEMS202,0101,Allison Lansverk,168,46,0,2026-08-31 20:31:35
2026-08-31 20:25:45,GEMS208A,0101,Allison Lansverk,14,14,0,2026-08-31 20:31:35
2026-08-31 20:25:45,GEMS208B,0101,Allison Lansverk,14,14,0,2026-08-31 20:31:35
2026-08-31 20:25:45,GEMS208C,0101,Allison Lansverk,23,12,0,2026-08-31 20:31:35
2026-08-31 20:25:45,GEMS208D,0101,Allison Lansverk,10,10,0,2026-08-31 20:31:35
2026-08-31 20:25:45,GEMS208P,0101,Allison Lansverk,20,9,0,2026-08-31 20:31:35
2026-08-31 20:25:45,GEMS296,0101,Sehrish Shikarpurya,14,5,0,2026-08-31 20:31:36
2026-08-31 20:25:45,GEMS296,0102,Instructor: TBA,14,2,0,2026-08-31 20:31:36
2026-08-31 20:25:45,GEMS296,0103,Myles Poulin,14,1,0,2026-08-31 20:31:36
2026-08-31 20:25:45,GEMS296,0104,Raymond Adomaitis,14,2,0,2026-08-31 20:31:36
2026-08-31 20:25:45,GEMS296,0105,Rodolphe Gentili,14,4,0,2026-08-31 20:31:36
2026-08-31 20:25:45,GEMS296,0106,Jared Grauer,14,6,0,2026-08-31 20:31:36
2026-08-31 20:25:45,GEMS296,0107,Fengfeng Ke,14,5,0,2026-08-31 20:31:36
2026-08-31 20:25:45,GEMS296,0108,Instructor: TBA,14,4,0,2026-08-31 20:31:36
2026-08-31 20:25:45,GEMS296,0109,Huang Chiao Huang,14,2,0,2026-08-31 20:31:36
2026-08-31 20:25:45,GEMS296,0110,Mengqiang Zhu,14,6,0,2026-08-31 20:31:36
2026-08-31 20:25:45,GEMS296,0111,Maria Molina,14,6,0,2026-08-31 20:31:36
2026-08-31 20:25:45,GEMS296,0112,Youssef Kousa,14,5,0,2026-08-31 20:31:36
2026-08-31 20:25:45,GEMS296,0113,Instructor: TBA,5,5,0,2026-08-31 20:31:36
2026-08-31 20:25:45,GEMS296,0114,Instructor: TBA,14,14,0,2026-08-31 20:31:36
2026-08-31 20:25:45,GEMS296,0115,David Lovell,5,4,0,2026-08-31 20:31:36
2026-08-31 20:25:45,GEMS297,0113,Instructor: TBA,5,5,0,2026-08-31 20:31:36
2026-08-31 20:25:45,GEMS396,0101,Michael Humber,14,9,0,2026-08-31 20:31:36
2026-08-31 20:25:45,GEMS396,0102,Seth Dickey,14,3,0,2026-08-31 20:31:36
2026-08-31 20:25:45,GEMS396,0103,Cecilia Huertas Cerdeira,14,8,0,2026-08-31 20:31:36
2026-08-31 20:25:45,GEMS396,0104,Rodolphe Gentili,14,4,0,2026-08-31 20:31:36
2026-08-31 20:25:45,GEMS396,0105,Allison Reilly,14,7,0,2026-08-31 20:31:36
2026-08-31 20:25:45,GEMS396,0106,Peter Sunderland,14,5,0,2026-08-31 20:31:36
2026-08-31 20:25:45,GEMS396,0107,Brett Lacey,14,8,0,2026-08-31 20:31:36
2026-08-31 20:25:45,GEMS396,0108,Natalia Buzulukova,14,5,0,2026-08-31 20:31:36
2026-08-31 20:25:45,GEMS396,0109,Anil Deane,14,5,0,2026-08-31 20:31:36
2026-08-31 20:25:45,GEMS396,0110,Colenso Speer,14,4,0,2026-08-31 20:31:36
2026-08-31 20:25:45,GEMS396,0111,Instructor: TBA,14,14,0,2026-08-31 20:31:36
2026-08-31 20:25:45,GEMS396,0112,Instructor: TBA,14,14,0,2026-08-31 20:31:36
2026-08-31 20:25:45,GEMS396,0113,David Lovell,5,4,0,2026-08-31 20:31:36
2026-08-31 20:25:45,GEMS396,0114,David Lovell,5,5,0,2026-08-31 20:31:36
2026-08-31 20:25:45,GEMS397,0113,David Lovell,5,4,0,2026-08-31 20:31:36
2026-08-31 20:25:45,GEMS496,0101,Eric Haag,14,8,0,2026-08-31 20:31:36
2026-08-31 20:25:45,GEMS496,0102,Mohammad Nayeem Teli,14,11,0,2026-08-31 20:31:36
2026-08-31 20:25:45,GEMS496,0103,Norberto Gonzalez- Juarbe,14,4,0,2026-08-31 20:31:36
2026-08-31 20:25:45,GEMS496,0104,Abhinav Shrivastava,14,8,0,2026-08-31 20:31:36
2026-08-31 20:25:45,GEMS496,0105,Hector Alcala,14,7,0,2026-08-31 20:31:36
2026-08-31 20:25:45,GEMS496,0106,Massimo Ricotti,14,5,0,2026-08-31 20:31:36
2026-08-31 20:25:45,GEMS496,0107,Reza Ghodssi,14,8,0,2026-08-31 20:31:36
2026-08-31 20:25:45,GEMS496,0108,Nikhil Chopra,14,9,0,2026-08-31 20:31:36
2026-08-31 20:25:45,GEMS496,0109,Kimberly Stroka,14,5,0,2026-08-31 20:31:36
2026-08-31 20:25:45,GEMS496,0110,Gorjan Alagic,14,13,0,2026-08-31 20:31:36
2026-08-31 20:25:45,GEMS496,0111,Alisa Clyne,14,7,0,2026-08-31 20:31:36
2026-08-31 20:25:45,GEMS496,0112,Xin Zan,14,10,0,2026-08-31 20:31:36
2026-08-31 20:25:45,GEMS496,0113,Erin Tran,14,14,0,2026-08-31 20:31:36
2026-08-31 20:25:45,GEMS496,0114,David Lovell,5,5,0,2026-08-31 20:31:36
2026-08-31 20:25:45,GEMS497,0107,Instructor: TBA,14,14,0,2026-08-31 20:31:36
2026-08-31 20:25:45,GEMS497,0110,Instructor: TBA,5,5,0,2026-08-31 20:31:36
2026-08-31 20:25:45,GEMS497,0113,David Lovell,5,5,0,2026-08-31 20:31:36
2026-08-31 20:25:45,GFPL100,0101,Joshua Itzkowitz Shifrinson,20,0,0,2026-08-31 20:31:49
2026-08-31 20:25:45,GFPL100,0102,Joshua Itzkowitz Shifrinson,20,3,0,2026-08-31 20:31:49
2026-08-31 20:25:45,GFPL100,0103,Joshua Itzkowitz Shifrinson,20,0,0,2026-08-31 20:31:49
2026-08-31 20:25:45,GFPL100,0104,Joshua Itzkowitz Shifrinson,20,0,0,2026-08-31 20:31:49
2026-08-31 20:25:45,GFPL100,0105,Joshua Itzkowitz Shifrinson,20,0,0,2026-08-31 20:31:49
2026-08-31 20:25:45,GFPL100,0106,Joshua Itzkowitz Shifrinson,25,1,0,2026-08-31 20:31:49
2026-08-31 20:25:45,GFPL100,FC01,Devin Entrikin,30,0,2,2026-08-31 20:31:49
2026-08-31 20:25:45,GFPL102,0101,Caroline Ritter,95,24,0,2026-08-31 20:31:50
2026-08-31 20:25:45,GFPL388A,0101,Shannon Carcelli,5,5,0,2026-08-31 20:31:54
2026-08-31 20:25:45,GFPL388B,0101,Hyunki Kim,5,5,0,2026-08-31 20:31:54
2026-08-31 20:25:45,GFPL388C,0101,Scott Kastner,5,0,0,2026-08-31 20:31:54
2026-08-31 20:25:45,GFPL390,0101,Lena Andrews,20,0,10,2026-08-31 20:31:54
2026-08-31 20:25:45,GFPL490,0101,Michael Woldemariam,15,0,0,2026-08-31 20:31:54
2026-08-31 20:25:45,GFPL492,0101,Steve Fetter,20,0,1,2026-08-31 20:31:54
2026-08-31 20:25:45,GLBC200,0101,Chris Lewis,30,0,4,2026-08-31 20:31:56
2026-08-31 20:25:45,GLBC350,0101,Michele Mason,30,25,0,2026-08-31 20:31:56
2026-08-31 20:25:45,HACS100,0101,Cassie Harrington,40,2,0,2026-08-31 20:32:05
2026-08-31 20:25:45,HACS100,0201,Cassie Harrington,40,14,0,2026-08-31 20:32:05
2026-08-31 20:25:45,HACS202,0101,Bertrand Sobesto,52,17,0,2026-08-31 20:33:06
2026-08-31 20:25:45,HACS208A,0101,Lawrence Gordon,20,0,4,2026-08-31 20:33:06
2026-08-31 20:25:45,HACS208C,0101,Lamia Zia,26,9,0,2026-08-31 20:33:06
2026-08-31 20:25:45,HACS208P,0101,Charles Harry,26,0,0,2026-08-31 20:33:46
2026-08-31 20:25:45,HACS297,0101,Sarah Herberger,25,5,0,2026-08-31 20:33:47
2026-08-31 20:25:45,HACS408E,0101,Luke Mains,30,11,0,2026-08-31 20:33:47
2026-08-31 20:25:45,HACS408L,0101,Ian Serbin,30,2,0,2026-08-31 20:33:47
2026-08-31 20:25:45,HACS408M,0101,John McGahagan,30,0,3,2026-08-31 20:33:47
2026-08-31 20:25:45,HACS498,0101,Thomas Woods,7,1,0,2026-08-31 20:33:48
2026-08-31 20:25:45,HACS498,0201,David Trott,9,0,0,2026-08-31 20:33:48
2026-08-31 20:25:45,HACS498,0301,Michel Cukier,8,0,0,2026-08-31 20:33:48
2026-08-31 20:25:45,HBUS100,0101,Jui Ramaprasad,72,4,0,2026-08-31 20:33:49
2026-08-31 20:25:45,HBUS200,0101,Nicole Coomber,60,2,0,2026-08-31 20:33:49
2026-08-31 20:25:45,HDCC105,0101,Antwon Key,70,7,0,2026-08-31 20:33:51
2026-08-31 20:25:45,HDCC201,0101,Jessica Lu,22,0,0,2026-08-31 20:33:51
2026-08-31 20:25:45,HDCC201,0201,Jessica Lu,22,0,0,2026-08-31 20:33:51
2026-08-31 20:25:45,HDCC201,0301,Jessica Lu,22,3,0,2026-08-31 20:33:51
2026-08-31 20:25:45,HDCC208A,0101,William Evans,14,0,0,2026-08-31 20:33:51
2026-08-31 20:25:45,HDCC208J,0101,Grant Bollmer,14,0,0,2026-08-31 20:33:51
2026-08-31 20:25:45,HDCC208P,0101,Cliff Bakalian,14,0,0,2026-08-31 20:33:51
2026-08-31 20:25:45,HDCC208T,0101,Jonathan Reyes,14,0,0,2026-08-31 20:33:51
2026-08-31 20:25:45,HDCC208Z,0101,M Sauter,14,7,0,2026-08-31 20:33:52
2026-08-31 20:25:45,HDCC379,0101,Antwon Key,5,4,0,2026-08-31 20:33:52
2026-08-31 20:25:45,HEBR106,0101,Avital Karpman,15,3,0,2026-08-31 20:33:53
2026-08-31 20:25:45,HEBR106,0201,Avital Karpman,15,8,0,2026-08-31 20:33:53
2026-08-31 20:25:45,HEBR206,0101,Avital Karpman,15,8,0,2026-08-31 20:33:53
2026-08-31 20:25:45,HEBR249C,0101,Aliza Sandalon,15,0,3,2026-08-31 20:33:53
2026-08-31 20:25:45,HEBR298B,0101,Matthew Suriano,25,0,2,2026-08-31 20:33:53
2026-08-31 20:25:45,HEBR313,0101,Aliza Sandalon,20,0,8,2026-08-31 20:33:54
2026-08-31 20:25:45,HGLO100,0101,Alfredo Oliveira,22,7,0,2026-08-31 20:34:03
2026-08-31 20:25:45,HGLO100,0102,Natalie Vinski Ibrahim,22,8,0,2026-08-31 20:34:03
2026-08-31 20:25:45,HGLO100,0103,Natalie Vinski Ibrahim,22,2,0,2026-08-31 20:34:03
2026-08-31 20:25:45,HGLO100,0104,Alfredo Oliveira,22,11,0,2026-08-31 20:34:03
2026-08-31 20:25:45,HGLO101,0101,Sarah Croco,23,1,0,2026-08-31 20:34:03
2026-08-31 20:25:45,HGLO101,0102,Sarah Croco,22,8,0,2026-08-31 20:34:03
2026-08-31 20:25:45,HGLO101,0103,Sarah Croco,22,8,0,2026-08-31 20:34:03
2026-08-31 20:25:45,HGLO101,0104,Sarah Croco,22,13,0,2026-08-31 20:34:03
2026-08-31 20:25:45,HGLO207,0101,Natalie Vinski Ibrahim,25,13,0,2026-08-31 20:34:03
2026-08-31 20:25:45,HGLO208,0101,Alfredo Oliveira,45,24,0,2026-08-31 20:34:03
2026-08-31 20:25:45,HGLO298,0101,Jordan Gouws-Dewar,30,25,0,2026-08-31 20:34:04
2026-08-31 20:25:45,HLSC100,0101,Jalah Townsend,24,2,0,2026-08-31 20:34:24
2026-08-31 20:25:45,HLSC100,0102,Jalah Townsend,24,2,0,2026-08-31 20:34:24
2026-08-31 20:25:45,HLSC100,0103,Jalah Townsend,24,3,0,2026-08-31 20:34:24
2026-08-31 20:25:45,HLSC100,0104,Jalah Townsend,24,9,0,2026-08-31 20:34:24
2026-08-31 20:25:45,HLSC280,0101,Najib El-Sayed,25,4,0,2026-08-31 20:34:24
2026-08-31 20:25:45,HLSC280,0102,Najib El-Sayed,25,5,0,2026-08-31 20:34:24
2026-08-31 20:25:45,HLSC280,0103,Najib El-Sayed,25,4,0,2026-08-31 20:34:24
2026-08-31 20:25:45,HLSC280,0104,Najib El-Sayed,25,8,0,2026-08-31 20:34:24
2026-08-31 20:25:45,HLSC329,0101,Sabrina Kramer,12,4,0,2026-08-31 20:34:24
2026-08-31 20:25:45,HNUH100,0101,Robert Graham,20,3,0,2026-08-31 20:34:33
2026-08-31 20:25:45,HNUH100,0102,Robert Graham,20,1,0,2026-08-31 20:34:33
2026-08-31 20:25:45,HNUH100,0103,Brittany Proudfoot Ginder,20,1,0,2026-08-31 20:34:33
2026-08-31 20:25:45,HNUH100,0104,Max Barnewitz,20,0,0,2026-08-31 20:34:33
2026-08-31 20:25:45,HNUH100,0105,Vasfiye Toprak,20,0,0,2026-08-31 20:34:33
2026-08-31 20:25:45,HNUH100,0106,Vasfiye Toprak,20,1,0,2026-08-31 20:34:33
2026-08-31 20:25:45,HNUH100,0201,Max Barnewitz,20,0,0,2026-08-31 20:34:33
2026-08-31 20:25:45,HNUH100,0202,Max Barnewitz,20,0,0,2026-08-31 20:34:33
2026-08-31 20:25:45,HNUH100,0203,Vasfiye Toprak,20,1,0,2026-08-31 20:34:33
2026-08-31 20:25:45,HNUH100,0204,Vasfiye Toprak,20,0,0,2026-08-31 20:34:33
2026-08-31 20:25:45,HNUH100,0205,Ayondela McDole,20,3,0,2026-08-31 20:34:33
2026-08-31 20:25:45,HNUH100,0206,Ayondela McDole,20,0,0,2026-08-31 20:34:33
2026-08-31 20:25:45,HNUH100,0301,Robert Graham,20,0,0,2026-08-31 20:34:33
2026-08-31 20:25:45,HNUH100,0302,Shauna Rigaud,20,8,0,2026-08-31 20:34:33
2026-08-31 20:25:45,HNUH100,0303,Shauna Rigaud,20,0,0,2026-08-31 20:34:33
2026-08-31 20:25:45,HNUH100,0304,Max Barnewitz,20,4,0,2026-08-31 20:34:33
2026-08-31 20:25:45,HNUH100,0305,Vasfiye Toprak,20,0,0,2026-08-31 20:34:33
2026-08-31 20:25:45,HNUH100,0306,Vasfiye Toprak,20,2,0,2026-08-31 20:34:33
2026-08-31 20:25:45,HNUH100,0401,Gretchen Bella,20,0,0,2026-08-31 20:34:33
2026-08-31 20:25:45,HNUH100,0402,Gretchen Bella,20,6,0,2026-08-31 20:34:33
2026-08-31 20:25:45,HNUH100,0403,Max Barnewitz,20,0,0,2026-08-31 20:34:33
2026-08-31 20:25:45,HNUH100,0404,Ayondela McDole,20,6,0,2026-08-31 20:34:33
2026-08-31 20:25:45,HNUH100,0405,Ayondela McDole,20,1,0,2026-08-31 20:34:33
2026-08-31 20:25:45,HNUH100,0406,Ayondela McDole,20,4,0,2026-08-31 20:34:33
2026-08-31 20:25:45,HNUH100,0501,Leigha McReynolds,10,3,0,2026-08-31 20:34:33
2026-08-31 20:25:45,HNUH100,0601,Brittany Proudfoot Ginder,20,0,0,2026-08-31 20:34:33
2026-08-31 20:25:45,HNUH218D,0101,Brian Gilmore,48,0,3,2026-08-31 20:34:33
2026-08-31 20:25:45,HNUH218L,0101,Shauna Rigaud,20,2,0,2026-08-31 20:34:33
2026-08-31 20:25:45,HNUH218L,0201,Shauna Rigaud,20,0,1,2026-08-31 20:34:33
2026-08-31 20:25:45,HNUH228D,0101,Matthew McLaughlin,60,0,9,2026-08-31 20:34:33
2026-08-31 20:25:45,HNUH228L,0101,Alena Wigodner,20,0,1,2026-08-31 20:34:34
2026-08-31 20:25:45,HNUH228L,0201,Alena Wigodner,20,0,2,2026-08-31 20:34:34
2026-08-31 20:25:45,HNUH228N,0101,Peter Grybauskas,20,0,0,2026-08-31 20:34:34
2026-08-31 20:25:45,HNUH229I,0101,Gretchen Bella,20,0,1,2026-08-31 20:34:34
2026-08-31 20:25:45,HNUH238D,0101,Susan Moeller,60,0,5,2026-08-31 20:34:34
2026-08-31 20:25:45,HNUH238L,0101,Kimberly Johnson,20,2,0,2026-08-31 20:34:34
2026-08-31 20:25:45,HNUH238L,0201,Kimberly Johnson,20,0,0,2026-08-31 20:34:34
2026-08-31 20:25:45,HNUH238N,0101,Hannah Wegmann,20,7,0,2026-08-31 20:34:34
2026-08-31 20:25:45,HNUH239T,0101,Gerald Suarez,20,0,3,2026-08-31 20:34:35
2026-08-31 20:25:45,HNUH248D,0101,Juan Uriagereka,45,0,2,2026-08-31 20:34:35
2026-08-31 20:25:45,HNUH248L,0201,Robert Graham,20,11,0,2026-08-31 20:34:35
2026-08-31 20:25:45,HNUH248M,0101,Hassanatu Blake,20,10,0,2026-08-31 20:34:35
2026-08-31 20:25:45,HNUH248N,0101,Siv Lie,20,0,6,2026-08-31 20:34:35
2026-08-31 20:25:45,HNUH249P,0101,Temim Nusraty,20,0,0,2026-08-31 20:34:35
2026-08-31 20:25:45,HNUH258C,0101,Bill Fagan,55,27,0,2026-08-31 20:34:35
2026-08-31 20:25:45,HNUH258Q,0101,Tiara Thomas,20,0,0,2026-08-31 20:34:36
2026-08-31 20:25:45,HNUH259P,0101,Hooman Koliji,20,2,0,2026-08-31 20:34:36
2026-08-31 20:25:45,HNUH268C,0101,Perla Guerrero,60,32,0,2026-08-31 20:34:36
2026-08-31 20:25:45,HNUH269P,0101,Marisa Franco,20,0,10,2026-08-31 20:34:36
2026-08-31 20:25:45,HNUH278C,0101,Chinyere Osuji,60,37,0,2026-08-31 20:34:36
2026-08-31 20:25:45,HNUH278I,0101,Marisa Franco,20,4,0,2026-08-31 20:34:36
2026-08-31 20:25:45,HNUH278I,0102,Marisa Franco,20,2,0,2026-08-31 20:34:36
2026-08-31 20:25:45,HNUH278R,0101,Max Barnewitz,20,0,1,2026-08-31 20:34:37
2026-08-31 20:25:45,HNUH288C,0101,Julia Steinberg,30,2,0,2026-08-31 20:34:37
2026-08-31 20:25:45,HNUH288C,0103,Julia Steinberg,30,10,0,2026-08-31 20:34:37
2026-08-31 20:25:45,HNUH288O,0101,Ariana Nash,20,0,3,2026-08-31 20:34:37
2026-08-31 20:25:45,HNUH300,0301,Vasfiye Toprak,20,0,0,2026-08-31 20:34:37
2026-08-31 20:25:45,HNUH300,0401,Robert Graham,20,2,0,2026-08-31 20:34:37
2026-08-31 20:25:45,HNUH300,0601,Alena Wigodner,20,0,0,2026-08-31 20:34:37
2026-08-31 20:25:45,HNUH300,0701,Ingrid Satelmajer,20,12,0,2026-08-31 20:34:37
2026-08-31 20:25:45,HNUH300,0801,Shauna Rigaud,20,0,0,2026-08-31 20:34:37
2026-08-31 20:25:45,HNUH300,0901,Kimberly Johnson,20,3,0,2026-08-31 20:34:37
2026-08-31 20:25:45,HNUH300,1001,Ingrid Satelmajer,20,12,0,2026-08-31 20:34:37
2026-08-31 20:25:45,HNUH318T,0101,Peter Owen,24,0,0,2026-08-31 20:34:37
2026-08-31 20:25:45,HNUH319T,0101,Emily Shetty,22,0,0,2026-08-31 20:34:37
2026-08-31 20:25:45,HNUH328T,0101,Woodie Kessel,24,1,0,2026-08-31 20:34:38
2026-08-31 20:25:45,HNUH329T,0101,Rob Long,20,1,0,2026-08-31 20:34:38
2026-08-31 20:25:45,HNUH338T,0101,Andrew Fausett,22,1,0,2026-08-31 20:34:38
2026-08-31 20:25:45,HNUH348T,0101,Ed Fendley,22,1,0,2026-08-31 20:34:38
2026-08-31 20:25:45,HNUH358T,0101,Sean Misko,22,1,0,2026-08-31 20:34:38
2026-08-31 20:25:45,HNUH359T,0101,Amanda Schoch,20,0,0,2026-08-31 20:34:38
2026-08-31 20:25:45,HNUH368T,0101,Nadia Farra,21,1,0,2026-08-31 20:34:39
2026-08-31 20:25:45,HNUH369T,0101,Andrew Nissen,20,1,0,2026-08-31 20:34:39
2026-08-31 20:25:45,HNUH378T,0101,Joshua Glasser,20,0,0,2026-08-31 20:34:40
2026-08-31 20:25:45,HNUH398P,0101,Jayakumar Arasan,25,22,0,2026-08-31 20:34:40
2026-08-31 20:25:45,HNUH398P,0201,Jayakumar Arasan,5,2,0,2026-08-31 20:34:40
2026-08-31 20:25:45,HNUH398T,0101,Sasha Koo-Oshima,20,3,0,2026-08-31 20:34:40
2026-08-31 20:25:45,HONR368A,0101,Blake Wilder,22,0,0,2026-08-31 20:34:42
2026-08-31 20:25:45,IMDM101,0101,Mollye Bendell,30,15,0,2026-08-31 20:34:45
2026-08-31 20:25:45,IMDM101,0201,Myungin Lee,30,20,0,2026-08-31 20:34:45
2026-08-31 20:25:45,IMDM101,0301,Myungin Lee,30,20,0,2026-08-31 20:34:45
2026-08-31 20:25:45,IMDM127,0101,Roger Eastman,36,17,0,2026-08-31 20:34:45
2026-08-31 20:25:45,IMDM150,0101,Stefano Passeri,30,18,0,2026-08-31 20:34:46
2026-08-31 20:25:45,IMDM227,0101,Stevens Miller,30,3,0,2026-08-31 20:34:46
2026-08-31 20:25:45,IMDM227,0201,Stevens Miller,30,19,0,2026-08-31 20:34:46
2026-08-31 20:25:45,IMDM327,0101,Myungin Lee,25,0,0,2026-08-31 20:34:46
2026-08-31 20:25:45,IMDM350,0101,Jason Farman,29,12,0,2026-08-31 20:34:46
2026-08-31 20:25:45,IMDM490,0101,Matthew Nolan,30,0,0,2026-08-31 20:34:47
2026-08-31 20:25:45,IMDM490,0201,Matthew Nolan,30,17,0,2026-08-31 20:34:47
2026-08-31 20:25:45,IMDM498K,0101,Matthew Nolan,15,0,0,2026-08-31 20:34:47
2026-08-31 20:25:45,IMMR319D,0101,Beka Guluma,20,14,0,2026-08-31 20:34:48
2026-08-31 20:25:45,IMMR394,0101,Wenxi Yang,30,0,0,2026-08-31 20:34:49
2026-08-31 20:25:45,IMMR399,0101,Instructor: TBA,2,2,0,2026-08-31 20:34:49
2026-08-31 20:25:45,IMMR400,0101,Gerson Rosales,20,5,0,2026-08-31 20:34:49
2026-08-31 20:25:45,ISRL249J,0101,Aner Tal,30,24,0,2026-08-31 20:34:58
2026-08-31 20:25:45,ISRL249M,0101,Aliza Sandalon,15,0,3,2026-08-31 20:34:58
2026-08-31 20:25:45,ISRL283,0101,Shay Hazkani,35,0,0,2026-08-31 20:34:58
2026-08-31 20:25:45,ISRL349G,0101,Marwa Maziad,30,2,0,2026-08-31 20:34:58
2026-08-31 20:25:45,ISRL349K,0101,Regev Ben-David,30,24,0,2026-08-31 20:34:58
2026-08-31 20:25:45,ISRL349T,0101,Elli Lieberman,35,13,0,2026-08-31 20:34:58
2026-08-31 20:25:45,ISRL349Y,0101,Adina Friedman,35,27,0,2026-08-31 20:34:58
2026-08-31 20:25:45,ISRL382,0101,Ilai Saltzman,35,4,0,2026-08-31 20:34:59
2026-08-31 20:25:45,ISRL448R,0101,Morad Elsana,25,5,0,2026-08-31 20:34:59
2026-08-31 20:25:45,ITAL103,0101,Antonella D'Amario,18,13,0,2026-08-31 20:35:00
2026-08-31 20:25:45,ITAL103,0201,Antonella D'Amario,18,6,0,2026-08-31 20:35:00
2026-08-31 20:25:45,ITAL103,0301,Joseph Falvo,18,7,0,2026-08-31 20:35:00
2026-08-31 20:25:45,ITAL203,0101,Antonella D'Amario,18,10,0,2026-08-31 20:35:00
2026-08-31 20:25:45,ITAL203,0201,Antonella D'Amario,18,13,0,2026-08-31 20:35:00
2026-08-31 20:25:45,ITAL204,0101,Federica Soddu,18,14,0,2026-08-31 20:35:00
2026-08-31 20:25:45,ITAL207,0101,Mirella Vaglio,18,17,0,2026-08-31 20:35:01
2026-08-31 20:25:45,ITAL301,0101,Federica Soddu,20,11,0,2026-08-31 20:35:01
2026-08-31 20:25:45,ITAL362,0101,Federica Soddu,20,10,0,2026-08-31 20:35:01
2026-08-31 20:25:45,ITAL401,0101,Mirella Vaglio,15,12,0,2026-08-31 20:35:02
2026-08-31 20:25:45,ITAL421,0101,Joseph Falvo,25,13,0,2026-08-31 20:35:02
2026-08-31 20:25:45,ITAL478R,0101,Joseph Falvo,5,3,0,2026-08-31 20:35:02
2026-08-31 20:25:45,JAPN101,0101,Kumiko Akikawa,15,0,0,2026-08-31 20:35:04
2026-08-31 20:25:45,JAPN101,0201,Kumiko Akikawa,15,3,0,2026-08-31 20:35:04
2026-08-31 20:25:45,JAPN101,0301,Kumiko Akikawa,15,4,0,2026-08-31 20:35:04
2026-08-31 20:25:45,JAPN201,0101,Makiko Inoue,15,4,0,2026-08-31 20:35:04
2026-08-31 20:25:45,JAPN201,0201,Makiko Inoue,15,7,0,2026-08-31 20:35:04
2026-08-31 20:25:45,JAPN301,0101,Mari Hamada,15,9,0,2026-08-31 20:35:04
2026-08-31 20:25:45,JAPN311,0101,Jyana Browne,15,11,0,2026-08-31 20:35:04
2026-08-31 20:25:45,JAPN315,0101,Michele Mason,20,0,1,2026-08-31 20:35:04
2026-08-31 20:25:45,JAPN320,0101,Lindsay Yotsukura,15,10,0,2026-08-31 20:35:04
2026-08-31 20:25:45,JAPN498B,0101,Jyana Browne,20,1,0,2026-08-31 20:35:05
2026-08-31 20:25:45,KORA101,0101,Saerom Kwak,15,0,0,2026-08-31 20:35:31
2026-08-31 20:25:45,KORA101,0201,Saerom Kwak,15,3,0,2026-08-31 20:35:31
2026-08-31 20:25:45,KORA101,0301,Saerom Kwak,15,8,0,2026-08-31 20:35:31
2026-08-31 20:25:45,KORA101,0401,Saerom Kwak,15,6,0,2026-08-31 20:35:31
2026-08-31 20:25:45,KORA201,0101,Seong Minne Koh,15,4,0,2026-08-31 20:35:31
2026-08-31 20:25:45,KORA201,0201,Seong Minne Koh,15,5,0,2026-08-31 20:35:31
2026-08-31 20:25:45,KORA201,0301,Seong Minne Koh,15,8,0,2026-08-31 20:35:31
2026-08-31 20:25:45,KORA398G,0101,Instructor: TBA,10,7,0,2026-08-31 20:35:31
2026-08-31 20:25:45,KORA398W,0101,Seong Minne Koh,10,3,0,2026-08-31 20:35:32
2026-08-31 20:25:45,LEAD217,0101,Festus Ainoo,25,0,0,2026-08-31 20:35:42
2026-08-31 20:25:45,LEAD217,0201,Adrian Bitton,25,0,3,2026-08-31 20:35:42
2026-08-31 20:25:45,LEAD217,FC01,Festus Ainoo,22,0,0,2026-08-31 20:35:42
2026-08-31 20:25:45,LEAD305,0101,Anastasia Lavrenyuk,20,2,0,2026-08-31 20:35:43
2026-08-31 20:25:45,LEAD315,0101,Anastasia Lavrenyuk,25,11,0,2026-08-31 20:35:43
2026-08-31 20:25:45,LEAD320,0101,Courtney Holder,10,9,0,2026-08-31 20:35:43
2026-08-31 20:25:45,LGBT200,0201,Basanth Babu,25,0,2,2026-08-31 20:35:44
2026-08-31 20:25:45,LGBT265,0101,Tyra Griffin,30,0,2,2026-08-31 20:35:44
2026-08-31 20:25:45,LGBT265,0201,Declan Langton,30,0,1,2026-08-31 20:35:44
2026-08-31 20:25:45,LGBT359J,0101,Chris Eng,25,13,0,2026-08-31 20:35:45
2026-08-31 20:25:45,MLAW100,0101,Christine White,83,14,0,2026-08-31 20:37:09
2026-08-31 20:25:45,MLAW304,0201,Christine White,65,17,0,2026-08-31 20:37:09
2026-08-31 20:25:45,MLAW305,0101,Brian Gilmore,40,1,0,2026-08-31 20:37:09
2026-08-31 20:25:45,MLAW315,0101,Grace Benton,13,2,0,2026-08-31 20:37:09
2026-08-31 20:25:45,MLAW358Q,0101,David Cunningham,0,0,0,2026-08-31 20:37:09
2026-08-31 20:25:45,MLAW358T,0101,Christine White,25,4,0,2026-08-31 20:37:10
2026-08-31 20:25:45,MLAW358X,0101,Martin Kobren,5,0,1,2026-08-31 20:37:10
2026-08-31 20:25:45,MLAW359,0101,Brandee Pettus,10,5,0,2026-08-31 20:37:10
2026-08-31 20:25:45,MLAW378E,0101,Brandee Pettus,5,5,0,2026-08-31 20:37:10
2026-08-31 20:25:45,MLAW378K,0101,Brian Gilmore,20,2,0,2026-08-31 20:37:10
2026-08-31 20:25:45,MLAW378Q,0101,Paul Huth,2,0,0,2026-08-31 20:37:10
2026-08-31 20:25:45,MLAW378R,0101,Nancy Schertzing,13,2,0,2026-08-31 20:37:10
2026-08-31 20:25:45,MLAW388,0101,Brandee Pettus,40,22,0,2026-08-31 20:37:11
2026-08-31 20:25:45,MLSC250,FC01,William Simpson,24,1,0,2026-08-31 20:37:12
2026-08-31 20:25:45,NEUR200,0101,Ana Navarro Cebrian,75,0,9,2026-08-31 20:37:37
2026-08-31 20:25:45,NEUR200,0201,Ana Navarro Cebrian,75,0,7,2026-08-31 20:37:37
2026-08-31 20:25:45,NEUR200,0301,Evan Hart,75,0,6,2026-08-31 20:37:37
2026-08-31 20:25:45,NEUR305,0101,Amanda Chicoli,100,11,0,2026-08-31 20:37:37
2026-08-31 20:25:45,NEUR306,0101,Chan Lin,200,6,0,2026-08-31 20:37:37
2026-08-31 20:25:45,NEUR398H,0101,Nikolas Francis,20,9,0,2026-08-31 20:37:38
2026-08-31 20:25:45,NEUR405,0101,Hilary Bierman,20,0,0,2026-08-31 20:37:38
2026-08-31 20:25:45,NEUR405,0102,Hilary Bierman,20,0,0,2026-08-31 20:37:38
2026-08-31 20:25:45,NEUR405,0103,Hilary Bierman,20,0,0,2026-08-31 20:37:38
2026-08-31 20:25:45,PEER312,0101,Aleia Gardner,15,8,0,2026-08-31 20:37:47
2026-08-31 20:25:45,PEER318,0101,Christina Jay,15,11,0,2026-08-31 20:37:47
2026-08-31 20:25:45,PEER319,0101,Grace Boudreau,15,7,0,2026-08-31 20:37:47
2026-08-31 20:25:45,PHPE308D,0101,Xinzhi Zhao,30,6,0,2026-08-31 20:37:56
2026-08-31 20:25:45,PHPE308F,0101,Regev Ben-David,30,24,0,2026-08-31 20:37:57
2026-08-31 20:25:45,PHPE308M,0101,Hallie Liberto,30,19,0,2026-08-31 20:37:57
2026-08-31 20:25:45,PHPE308O,0101,Jackson Iszler,30,0,1,2026-08-31 20:37:57
2026-08-31 20:25:45,PHPE308Y,0101,Rachel Singpurwalla,20,0,4,2026-08-31 20:37:57
2026-08-31 20:25:45,PHPE308Y,0102,Rachel Singpurwalla,20,0,6,2026-08-31 20:37:57
2026-08-31 20:25:45,PHPE308Y,0103,Rachel Singpurwalla,20,0,5,2026-08-31 20:37:57
2026-08-31 20:25:45,PHPE400,0101,Justin Helms,18,1,0,2026-08-31 20:37:57
2026-08-31 20:25:45,PHPE400,0102,Justin Helms,18,0,0,2026-08-31 20:37:57
2026-08-31 20:25:45,PHPE400,0103,Justin Helms,20,2,0,2026-08-31 20:37:57
2026-08-31 20:25:45,PHPE401,0101,Xinzhi Zhao,25,0,12,2026-08-31 20:37:58
2026-08-31 20:25:45,PHPE402,0101,Dan Moller,30,0,1,2026-08-31 20:37:58
2026-08-31 20:25:45,PHPE408J,0101,Lixing Miao,25,0,0,2026-08-31 20:37:58
2026-08-31 20:25:45,PHPE408R,0101,Xinzhi Zhao,25,8,0,2026-08-31 20:37:58
2026-08-31 20:25:45,PHSC388J,0101,Kendall Bustad,20,4,0,2026-08-31 20:37:59
2026-08-31 20:25:45,PHSC389,0101,Shannon Edward,30,17,0,2026-08-31 20:38:00
2026-08-31 20:25:45,PHSC399,0101,Shannon Edward,30,12,0,2026-08-31 20:38:00
2026-08-31 20:25:45,PHSC415,0101,Jessica O'Hara,31,0,1,2026-08-31 20:38:00
2026-08-31 20:25:45,PHSC415,0102,Jessica O'Hara,31,0,0,2026-08-31 20:38:00
2026-08-31 20:25:45,PHSC415,0103,Jessica O'Hara,31,0,0,2026-08-31 20:38:00
2026-08-31 20:25:45,PHSC415,0104,Jessica O'Hara,31,0,0,2026-08-31 20:38:00
2026-08-31 20:25:45,PHSC415,0105,Jessica O'Hara,31,0,0,2026-08-31 20:38:00
2026-08-31 20:25:45,PHSC420,0101,Jennifer German,35,5,0,2026-08-31 20:38:00
2026-08-31 20:25:45,PHSC450,0101,Kendall Bustad,20,0,3,2026-08-31 20:38:00
2026-08-31 20:25:45,PHSC450,0102,Kendall Bustad,20,0,4,2026-08-31 20:38:00
2026-08-31 20:25:45,PHSC450,0103,Kendall Bustad,20,0,1,2026-08-31 20:38:00
2026-08-31 20:25:45,PHSC450,0104,Kendall Bustad,20,0,4,2026-08-31 20:38:00
2026-08-31 20:25:45,PHSC450,0105,Kendall Bustad,20,0,3,2026-08-31 20:38:00
2026-08-31 20:25:45,PHSC450,0106,Kendall Bustad,20,0,3,2026-08-31 20:38:00
2026-08-31 20:25:45,PHSC450,0107,Kendall Bustad,20,0,2,2026-08-31 20:38:00
2026-08-31 20:25:45,PHSC450,0108,Kendall Bustad,20,0,2,2026-08-31 20:38:00
2026-08-31 20:25:45,PHSC497,0101,Kendall Bustad,20,2,0,2026-08-31 20:38:00
2026-08-31 20:25:45,PHSC497,0301,Shannon Edward,20,3,0,2026-08-31 20:38:00
2026-08-31 20:25:45,PHSC497,0601,Jennifer German,20,1,0,2026-08-31 20:38:00
2026-08-31 20:25:45,PLCY100,0101,Toby Egan,25,0,4,2026-08-31 20:38:15
2026-08-31 20:25:45,PLCY100,0102,Toby Egan,25,0,3,2026-08-31 20:38:15
2026-08-31 20:25:45,PLCY100,0103,Toby Egan,25,0,3,2026-08-31 20:38:15
2026-08-31 20:25:45,PLCY100,0104,Toby Egan,25,0,0,2026-08-31 20:38:15
2026-08-31 20:25:45,PLCY100,0201,Namrta Sharma,25,12,0,2026-08-31 20:38:15
2026-08-31 20:25:45,PLCY100,0202,Namrta Sharma,25,14,0,2026-08-31 20:38:15
2026-08-31 20:25:45,PLCY100,0203,Namrta Sharma,25,0,0,2026-08-31 20:38:15
2026-08-31 20:25:45,PLCY100,0204,Namrta Sharma,25,11,0,2026-08-31 20:38:15
2026-08-31 20:25:45,PLCY101,0101,Robert Sprinkle,75,0,3,2026-08-31 20:38:15
2026-08-31 20:25:45,PLCY170,0101,Joshua Itzkowitz Shifrinson,20,0,0,2026-08-31 20:38:15
2026-08-31 20:25:45,PLCY170,0102,Joshua Itzkowitz Shifrinson,20,3,0,2026-08-31 20:38:15
2026-08-31 20:25:45,PLCY170,0103,Joshua Itzkowitz Shifrinson,20,0,0,2026-08-31 20:38:15
2026-08-31 20:25:45,PLCY170,0104,Joshua Itzkowitz Shifrinson,20,0,0,2026-08-31 20:38:15
2026-08-31 20:25:45,PLCY170,0105,Joshua Itzkowitz Shifrinson,20,0,0,2026-08-31 20:38:15
2026-08-31 20:25:45,PLCY170,0106,Joshua Itzkowitz Shifrinson,25,1,0,2026-08-31 20:38:15
2026-08-31 20:25:45,PLCY172,0101,Caroline Ritter,95,24,0,2026-08-31 20:38:16
2026-08-31 20:25:45,PLCY200,0101,Shanna Pearson-Merkowitz,35,0,4,2026-08-31 20:38:16
2026-08-31 20:25:45,PLCY200,0201,Shanna Pearson-Merkowitz,35,0,3,2026-08-31 20:38:16
2026-08-31 20:25:45,PLCY200,0301,Namrta Sharma,35,0,3,2026-08-31 20:38:16
2026-08-31 20:25:45,PLCY201,0101,Julio Guzman,70,0,3,2026-08-31 20:38:16
2026-08-31 20:25:45,PLCY201,0201,Gregory Ramsay,60,0,3,2026-08-31 20:38:16
2026-08-31 20:25:45,PLCY201,FC01,Anne Kaiser,32,0,2,2026-08-31 20:38:16
2026-08-31 20:25:45,PLCY201,FC02,Anne Kaiser,32,2,0,2026-08-31 20:38:16
2026-08-31 20:25:45,PLCY201S,0101,Susannah Washburn,80,6,0,2026-08-31 20:38:16
2026-08-31 20:25:45,PLCY203,0101,Thomas Hilde,60,0,0,2026-08-31 20:38:16
2026-08-31 20:25:45,PLCY203,0201,Anne Kaiser,60,39,0,2026-08-31 20:38:16
2026-08-31 20:25:45,PLCY213,0201,Claire Dunning,40,1,0,2026-08-31 20:38:16
2026-08-31 20:25:45,PLCY214,0101,Patricia Bory,65,21,0,2026-08-31 20:38:17
2026-08-31 20:25:45,PLCY240,0101,Timothy Reedy,30,0,9,2026-08-31 20:38:17
2026-08-31 20:25:45,PLCY288K,0101,CHRISTIAN OSTERMANN,25,0,0,2026-08-31 20:38:17
2026-08-31 20:25:45,PLCY300,0101,Alana Hackshaw,45,0,10,2026-08-31 20:38:17
2026-08-31 20:25:45,PLCY300,0201,Namrta Sharma,45,27,0,2026-08-31 20:38:17
2026-08-31 20:25:45,PLCY301,0101,Caroline Boules,165,7,0,2026-08-31 20:38:17
2026-08-31 20:25:45,PLCY302,0101,Niambi Carter,40,0,0,2026-08-31 20:38:17
2026-08-31 20:25:45,PLCY302,0201,Ebonie Johnson Cooper,40,0,1,2026-08-31 20:38:17
2026-08-31 20:25:45,PLCY302,0301,Lindsay Dieudonne,40,0,0,2026-08-31 20:38:17
2026-08-31 20:25:45,PLCY303,0101,Juan Martinez Guzman,40,3,0,2026-08-31 20:38:17
2026-08-31 20:25:45,PLCY304,0101,Michael Busse,40,12,0,2026-08-31 20:38:18
2026-08-31 20:25:45,PLCY304,0201,Michael Busse,40,12,0,2026-08-31 20:38:18
2026-08-31 20:25:45,PLCY309,0101,Martin Sanders,30,27,0,2026-08-31 20:38:18
2026-08-31 20:25:45,PLCY310,0101,Selvon Waldron,35,17,0,2026-08-31 20:38:18
2026-08-31 20:25:45,PLCY313,0101,Gerard Evans,100,2,0,2026-08-31 20:38:18
2026-08-31 20:25:45,PLCY371,0101,Joshua Itzkowitz Shifrinson,35,0,1,2026-08-31 20:38:18
2026-08-31 20:25:45,PLCY380,0101,Isabel O'Malley,40,0,3,2026-08-31 20:38:18
2026-08-31 20:25:45,PLCY380,ESG1,Kisha McNeill,30,6,0,2026-08-31 20:38:18
2026-08-31 20:25:45,PLCY388A,0101,Brandi Onowu,40,1,0,2026-08-31 20:38:19
2026-08-31 20:25:45,PLCY388N,0101,Nina Harris,25,2,0,2026-08-31 20:38:19
2026-08-31 20:25:45,PLCY390,0101,Lena Andrews,20,0,10,2026-08-31 20:38:19
2026-08-31 20:25:45,PLCY399B,0101,Beatrice DeBelen,30,20,0,2026-08-31 20:38:19
2026-08-31 20:25:45,PLCY400,0101,Patricia Bory,25,3,0,2026-08-31 20:38:19
2026-08-31 20:25:45,PLCY401,0101,Anand Patwardhan,20,6,0,2026-08-31 20:38:20
2026-08-31 20:25:45,PLCY401,0201,Tracy Thompson,20,0,2,2026-08-31 20:38:20
2026-08-31 20:25:45,PLCY401,0301,David Mussington,20,6,0,2026-08-31 20:38:20
2026-08-31 20:25:45,PLCY490,0101,Michael Woldemariam,15,0,0,2026-08-31 20:38:20
2026-08-31 20:25:45,PLCY492,0101,Steve Fetter,20,0,1,2026-08-31 20:38:20
2026-08-31 20:25:45,PLCY610,0201,Alec Worsnop,40,7,0,2026-08-31 20:38:20
2026-08-31 20:25:45,PLCY630,0101,Catherine Worsnop,25,4,0,2026-08-31 20:38:20
2026-08-31 20:25:45,PLCY630,0201,Catherine Worsnop,25,3,0,2026-08-31 20:38:20
2026-08-31 20:25:45,PLCY631,0101,Cullen Merritt,25,0,0,2026-08-31 20:38:20
2026-08-31 20:25:45,PLCY640,0201,Thomas Spreen,30,4,0,2026-08-31 20:38:21
2026-08-31 20:25:45,PLCY641,0101,Tyler Kustra,30,1,0,2026-08-31 20:38:21
2026-08-31 20:25:45,PLCY641,0201,Tyler Kustra,30,7,0,2026-08-31 20:38:21
2026-08-31 20:25:45,PLCY670,0101,Philip Joyce,30,0,0,2026-08-31 20:38:21
2026-08-31 20:25:45,PLCY680,0101,Claire Dunning,25,1,0,2026-08-31 20:38:21
2026-08-31 20:25:45,PLCY680,0201,Michael Woldemariam,25,7,0,2026-08-31 20:38:21
2026-08-31 20:25:45,PLCY688C,0101,Charles Harry,20,10,0,2026-08-31 20:38:21
2026-08-31 20:25:45,PLCY688F,PWL1,Nekeya O'Connor,20,1,0,2026-08-31 20:38:21
2026-08-31 20:25:45,PLCY688P,0101,Steve Fetter,10,0,0,2026-08-31 20:38:22
2026-08-31 20:25:45,PLCY688Z,0101,Brandi Onowu,20,3,0,2026-08-31 20:38:22
2026-08-31 20:25:45,PLCY689E,0101,Susan Parker,20,0,3,2026-08-31 20:38:22
2026-08-31 20:25:45,PLCY690,0110,David Mussington,15,2,0,2026-08-31 20:38:22
2026-08-31 20:25:45,PLCY690,0120,Margaret Brindle,15,3,0,2026-08-31 20:38:22
2026-08-31 20:25:45,PLCY690,0130,Douglas Call,15,0,1,2026-08-31 20:38:22
2026-08-31 20:25:45,PLCY690,0150,Paul Brown,15,1,0,2026-08-31 20:38:22
2026-08-31 20:25:45,PLCY690,0170,James Stillwell,15,0,0,2026-08-31 20:38:22
2026-08-31 20:25:45,PLCY698T,0101,Elizabeth Duke,20,5,0,2026-08-31 20:38:22
2026-08-31 20:25:45,PLCY699L,0101,Michael Woldemariam,10,0,0,2026-08-31 20:38:22
2026-08-31 20:25:45,PLCY720,0101,Nancy Gallagher,20,2,0,2026-08-31 20:38:23
2026-08-31 20:25:45,PLCY734,0101,Niambi Carter,20,0,0,2026-08-31 20:38:23
2026-08-31 20:25:45,PLCY735,0101,Robert Sprinkle,20,8,0,2026-08-31 20:38:23
2026-08-31 20:25:45,PLCY741,0101,Anand Patwardhan,20,8,0,2026-08-31 20:38:23
2026-08-31 20:25:45,PLCY742,0101,Thomas Hilde,20,10,0,2026-08-31 20:38:23
2026-08-31 20:25:45,PLCY780,0101,Robert Orr,20,0,2,2026-08-31 20:38:23
2026-08-31 20:25:45,PLCY781,0101,Julio Guzman,20,2,0,2026-08-31 20:38:24
2026-08-31 20:25:45,PLCY783,0101,Margaret Brindle,20,8,0,2026-08-31 20:38:24
2026-08-31 20:25:45,PLCY798F,PWL1,William Nolte,25,18,0,2026-08-31 20:38:24
2026-08-31 20:25:45,PLCY798V,0101,Shanna Pearson-Merkowitz,12,0,0,2026-08-31 20:38:24
2026-08-31 20:25:45,PLCY798Y,PWL1,Jeffrey Franco,25,0,0,2026-08-31 20:38:25
2026-08-31 20:25:45,PLCY798Z,0101,Peter Reuter,12,0,0,2026-08-31 20:38:25
2026-08-31 20:25:45,PLSC112,0101,Samuel Daramola,100,16,0,2026-08-31 20:38:27
2026-08-31 20:25:45,PLSC113,0101,Samuel Daramola,24,6,0,2026-08-31 20:38:27
2026-08-31 20:25:45,PLSC113,0102,Samuel Daramola,24,6,0,2026-08-31 20:38:27
2026-08-31 20:25:45,PLSC113,0103,Samuel Daramola,24,10,0,2026-08-31 20:38:27
2026-08-31 20:25:45,PLSC113,0104,Samuel Daramola,24,10,0,2026-08-31 20:38:27
2026-08-31 20:25:45,PLSC115,0101,Shirley Micallef,24,0,6,2026-08-31 20:38:27
2026-08-31 20:25:45,PLSC201,0101,Pierre Jacob,42,16,0,2026-08-31 20:38:27
2026-08-31 20:25:45,PLSC203,0101,Vijay Tiwari,23,16,0,2026-08-31 20:38:27
2026-08-31 20:25:45,PLSC205,0101,Mark Carroll,22,0,0,2026-08-31 20:38:27
2026-08-31 20:25:45,PLSC206,0101,Pierre Jacob,21,8,0,2026-08-31 20:38:28
2026-08-31 20:25:45,PLSC206,0102,Pierre Jacob,21,8,0,2026-08-31 20:38:28
2026-08-31 20:25:45,PLSC253,0101,Karen Petroff,24,0,0,2026-08-31 20:38:28
2026-08-31 20:25:45,PLSC253,0102,Karen Petroff,24,9,0,2026-08-31 20:38:28
2026-08-31 20:25:45,PLSC389,0101,Craig Beyrouty,17,17,0,2026-08-31 20:38:28
2026-08-31 20:25:45,PLSC402,0101,Geoffrey Rinehart,10,2,0,2026-08-31 20:38:28
2026-08-31 20:25:45,PLSC404,0101,Yiping Qi,20,9,0,2026-08-31 20:38:28
2026-08-31 20:25:45,PLSC420,0101,Nidhi Rawat,18,4,0,2026-08-31 20:38:28
2026-08-31 20:25:45,PLSC420,0102,Nidhi Rawat,18,12,0,2026-08-31 20:38:28
2026-08-31 20:25:45,PLSC433,0101,Diana Cochran,10,2,0,2026-08-31 20:38:29
2026-08-31 20:25:45,PLSC453,0101,Samuel Daramola,24,3,0,2026-08-31 20:38:29
2026-08-31 20:25:45,PLSC471,0101,Juanita Choo,20,0,0,2026-08-31 20:38:29
2026-08-31 20:25:45,PLSC476,0101,Maile Neel,23,19,0,2026-08-31 20:38:29
2026-08-31 20:25:45,PLSC608,0101,Shunyuan Xiao,20,13,0,2026-08-31 20:38:29
2026-08-31 20:25:45,PORT103,0101,Parker Brookie,15,8,0,2026-08-31 20:38:31
2026-08-31 20:25:45,PORT205,0101,Parker Brookie,15,5,0,2026-08-31 20:38:31
2026-08-31 20:25:45,PORT332,0101,Parker Brookie,25,0,2,2026-08-31 20:38:31
2026-08-31 20:25:45,RELS120,0101,Antoine Borrut,40,0,1,2026-08-31 20:40:56
2026-08-31 20:25:45,RELS170,0101,Chiara Graf,21,0,7,2026-08-31 20:40:57
2026-08-31 20:25:45,RELS170,0102,Chiara Graf,21,0,8,2026-08-31 20:40:57
2026-08-31 20:25:45,RELS170,0103,Chiara Graf,21,0,6,2026-08-31 20:40:57
2026-08-31 20:25:45,RELS170,0104,Chiara Graf,21,0,6,2026-08-31 20:40:57
2026-08-31 20:25:45,RELS170,0105,Chiara Graf,21,0,6,2026-08-31 20:40:57
2026-08-31 20:25:45,RELS170,0106,Chiara Graf,21,0,11,2026-08-31 20:40:57
2026-08-31 20:25:45,RELS170,0107,Chiara Graf,21,0,8,2026-08-31 20:40:57
2026-08-31 20:25:45,RELS170,0108,Chiara Graf,21,0,6,2026-08-31 20:40:57
2026-08-31 20:25:45,RELS170,0109,Chiara Graf,22,0,2,2026-08-31 20:40:57
2026-08-31 20:25:45,RELS171,0101,Maxine Grossman,40,0,6,2026-08-31 20:40:57
2026-08-31 20:25:45,RELS219K,0101,Shay Hazkani,40,33,0,2026-08-31 20:40:57
2026-08-31 20:25:45,RELS225,0101,Stephanie Cooper,25,0,0,2026-08-31 20:40:57
2026-08-31 20:25:45,RELS273,0101,Hayim Lapin,23,0,2,2026-08-31 20:40:57
2026-08-31 20:25:45,RELS273,0102,Hayim Lapin,23,0,0,2026-08-31 20:40:57
2026-08-31 20:25:45,RELS273,0103,Hayim Lapin,23,0,1,2026-08-31 20:40:57
2026-08-31 20:25:45,RELS274,0101,Matthew Suriano,20,0,19,2026-08-31 20:40:58
2026-08-31 20:25:45,RELS274,0102,Matthew Suriano,20,0,15,2026-08-31 20:40:58
2026-08-31 20:25:45,RELS274,0103,Matthew Suriano,20,0,14,2026-08-31 20:40:58
2026-08-31 20:25:45,RELS274,0104,Matthew Suriano,20,0,15,2026-08-31 20:40:58
2026-08-31 20:25:45,RELS319D,0101,Nathan Levine,35,26,0,2026-08-31 20:40:58
2026-08-31 20:25:45,RELS319Z,0101,Regev Ben-David,30,28,0,2026-08-31 20:40:58
2026-08-31 20:25:45,RELS341,0101,Janna Bianchini,30,3,0,2026-08-31 20:40:59
2026-08-31 20:25:45,RUSS101,0101,Inna Hardman,15,4,0,2026-08-31 20:41:01
2026-08-31 20:25:45,RUSS101,0201,Inna Hardman,15,3,0,2026-08-31 20:41:01
2026-08-31 20:25:45,RUSS201,0101,Zhanna Gerus-Vernola,15,9,0,2026-08-31 20:41:01
2026-08-31 20:25:45,RUSS301,0101,Izolda Savenkova,15,5,0,2026-08-31 20:41:01
2026-08-31 20:25:45,RUSS321,0101,Elizabeth Papazian,15,3,0,2026-08-31 20:41:01
2026-08-31 20:25:45,RUSS334,0101,Elizabeth Papazian,25,0,0,2026-08-31 20:41:02
2026-08-31 20:25:45,RUSS404,0101,Izolda Savenkova,15,2,0,2026-08-31 20:41:18
2026-08-31 20:25:45,SDSB123,0101,Brian Kim,40,9,0,2026-08-31 20:41:19
2026-08-31 20:25:45,SDSB180,0101,Brian Kim,180,149,0,2026-08-31 20:41:19
2026-08-31 20:25:45,SDSB233,0101,Jacob Coutts,25,3,0,2026-08-31 20:41:19
2026-08-31 20:25:45,SDSB233,0102,Jacob Coutts,25,11,0,2026-08-31 20:41:19
2026-08-31 20:25:45,SDSB233,0103,Jacob Coutts,25,8,0,2026-08-31 20:41:19
2026-08-31 20:25:45,SDSB326,0101,Jacob Coutts,50,31,0,2026-08-31 20:41:19
2026-08-31 20:25:45,SDSB340,0101,Neil Lund,40,0,1,2026-08-31 20:41:20
2026-08-31 20:25:45,SDSI414,0201,Maria Krupenkin,34,13,0,2026-08-31 20:41:21
2026-08-31 20:25:45,SDSI414,0202,Maria Krupenkin,34,0,0,2026-08-31 20:41:21
2026-08-31 20:25:45,SDSI492,0101,TJ Rainsford,50,11,0,2026-08-31 20:41:21
2026-08-31 20:25:45,SDSI492,0103,Mary Ann Francis,40,0,6,2026-08-31 20:41:21
2026-08-31 20:25:45,SDSI492,0104,TJ Rainsford,50,12,0,2026-08-31 20:41:21
2026-08-31 20:25:45,SDSI492,0106,Jesse Klein,50,0,10,2026-08-31 20:41:21
2026-08-31 20:25:45,SDSI492,0107,Connie Siebold,40,0,6,2026-08-31 20:41:21
2026-08-31 20:25:45,SDSI492,0110,Patrick Thornton,50,27,0,2026-08-31 20:41:21
2026-08-31 20:25:45,SLLC108I,0101,Instructor: TBA,5,4,0,2026-08-31 20:41:24
2026-08-31 20:25:45,SLLC108J,0101,Instructor: TBA,5,5,0,2026-08-31 20:41:24
2026-08-31 20:25:45,SLLC108W,0101,Instructor: TBA,5,5,0,2026-08-31 20:41:24
2026-08-31 20:25:45,SLLC118A,0101,Sean Pue,10,2,0,2026-08-31 20:41:24
2026-08-31 20:25:45,SLLC200,0101,Chris Lewis,30,0,4,2026-08-31 20:41:25
2026-08-31 20:25:45,SLLC286,0101,Andrew Schonebaum,60,3,0,2026-08-31 20:41:25
2026-08-31 20:25:45,SLLC309,0101,Ahmed Hanafy,10,10,0,2026-08-31 20:41:25
2026-08-31 20:25:45,SLLC309,0102,Ahmed Hanafy,10,8,0,2026-08-31 20:41:25
2026-08-31 20:25:45,SLLC309,0103,Ahmed Hanafy,10,8,0,2026-08-31 20:41:25
2026-08-31 20:25:45,SLLC309,0104,Ahmed Hanafy,10,7,0,2026-08-31 20:41:25
2026-08-31 20:25:45,SLLC309,0105,Ahmed Hanafy,10,6,0,2026-08-31 20:41:25
2026-08-31 20:25:45,SLLC309,0106,Ahmed Hanafy,10,7,0,2026-08-31 20:41:25
2026-08-31 20:25:45,SLLC309,0107,Ahmed Hanafy,10,8,0,2026-08-31 20:41:25
2026-08-31 20:25:45,SLLC309,0108,Ahmed Hanafy,10,9,0,2026-08-31 20:41:25
2026-08-31 20:25:45,SLLC309,0109,Ahmed Hanafy,10,7,0,2026-08-31 20:41:25
2026-08-31 20:25:45,SLLC309,0110,Ahmed Hanafy,10,4,0,2026-08-31 20:41:25
2026-08-31 20:25:45,SLLC309,0111,Ahmed Hanafy,10,10,0,2026-08-31 20:41:25
2026-08-31 20:25:45,SLLC329,0101,Marilyn Matar,12,0,0,2026-08-31 20:41:25
2026-08-31 20:25:45,SLLC329,0102,Marilyn Matar,10,2,0,2026-08-31 20:41:25
2026-08-31 20:25:45,SLLC329,0103,Marilyn Matar,21,4,0,2026-08-31 20:41:25
2026-08-31 20:25:45,SLLC329,0104,Marilyn Matar,10,5,0,2026-08-31 20:41:25
2026-08-31 20:25:45,SLLC329,0105,Marilyn Matar,10,9,0,2026-08-31 20:41:25
2026-08-31 20:25:45,SLLC329,0106,Marilyn Matar,10,4,0,2026-08-31 20:41:25
2026-08-31 20:25:45,SLLC329,0107,Marilyn Matar,10,8,0,2026-08-31 20:41:25
2026-08-31 20:25:45,SLLC329,0108,Marilyn Matar,10,8,0,2026-08-31 20:41:25
2026-08-31 20:25:45,SLLC329,0109,Marilyn Matar,10,4,0,2026-08-31 20:41:25
2026-08-31 20:25:45,SLLC329,0110,Marilyn Matar,20,5,0,2026-08-31 20:41:25
2026-08-31 20:25:45,SLLC350,0101,Michele Mason,30,25,0,2026-08-31 20:41:25
2026-08-31 20:25:45,SMLP470,0101,Brooke Smith,45,13,0,2026-08-31 20:41:27
2026-08-31 20:25:45,SMLP472,0101,Sara Herald,60,20,0,2026-08-31 20:41:27
2026-08-31 20:25:45,TLTC310,0101,Sarah Kistner,0,0,0,2026-08-31 20:41:55
2026-08-31 20:25:45,TLTC310,0201,Yanira Ortiz,20,11,0,2026-08-31 20:41:55
2026-08-31 20:25:45,TLTC333,0101,Mona Thompson,55,0,0,2026-08-31 20:41:56
2026-08-31 20:25:45,TLTC333,0102,Mona Thompson,60,0,1,2026-08-31 20:41:56
2026-08-31 20:25:45,TLTC333,0105,Mona Thompson,57,8,0,2026-08-31 20:41:56
2026-08-31 20:25:45,TLTC499A,0101,Mona Thompson,10,6,0,2026-08-31 20:41:56
2026-08-31 20:25:45,TLTC499A,0102,Danielle Pafe,10,8,0,2026-08-31 20:41:56
2026-08-31 20:25:45,UMEI005,0101,Charles Duquette,15,3,0,2026-08-31 20:41:57
2026-08-31 20:25:45,UMEI005,0201,Heather Mehrtens,15,9,0,2026-08-31 20:41:57
2026-08-31 20:25:45,UMEI005,0301,Marilena Draganescu,15,10,0,2026-08-31 20:41:57
2026-08-31 20:25:45,UMEI012,0101,Louise Godley,10,9,0,2026-08-31 20:41:57
2026-08-31 20:25:45,UMEI013,0101,Louise Godley,10,9,0,2026-08-31 20:41:57
2026-08-31 20:25:45,UMEI028A,0101,Raymond Smith,16,14,0,2026-08-31 20:41:58
2026-08-31 20:25:45,UMEI506,0101,Heather Mehrtens,16,0,1,2026-08-31 20:41:58
2026-08-31 20:25:45,UMEI506,0201,Heather Mehrtens,16,8,0,2026-08-31 20:41:58
2026-08-31 20:25:45,UMEI507,0101,Marilena Draganescu,15,4,0,2026-08-31 20:41:58
2026-08-31 20:25:45,USLT201,0101,Robert Chester,25,0,0,2026-08-31 20:42:04
2026-08-31 20:25:45,USLT398C,0101,Angela Pico Pinto,25,17,0,2026-08-31 20:42:04
2026-08-31 20:25:45,USLT450,0101,Robert Chester,20,0,2,2026-08-31 20:42:04
2026-08-31 20:25:45,USLT498C,0101,Ana Rodriguez,20,14,0,2026-08-31 20:42:04
2026-08-31 20:25:45,VIPS099,0115,Veronica Kang,5,4,0,2026-08-31 20:42:05
2026-08-31 20:25:45,VIPS208,0101,Mary Bowden,10,10,0,2026-08-31 20:42:06
2026-08-31 20:25:45,VIPS208,0102,Ken Kiger,10,2,0,2026-08-31 20:42:06
2026-08-31 20:25:45,VIPS208,0103,Bryan Quinn,10,6,0,2026-08-31 20:42:06
2026-08-31 20:25:45,VIPS208,0104,Abdil Chowdhury,10,1,0,2026-08-31 20:42:06
2026-08-31 20:25:45,VIPS208,0105,Molly Carton,10,7,0,2026-08-31 20:42:06
2026-08-31 20:25:45,VIPS208,0106,James Baeder,14,2,0,2026-08-31 20:42:06
2026-08-31 20:25:45,VIPS208,0107,Catherine Spirito,10,6,0,2026-08-31 20:42:06
2026-08-31 20:25:45,VIPS208,0108,Ronald Yaros,10,4,0,2026-08-31 20:42:06
2026-08-31 20:25:45,VIPS208,0109,Carinna Ferguson,10,6,0,2026-08-31 20:42:06
2026-08-31 20:25:45,VIPS208,0110,Tracy Riggins,15,0,0,2026-08-31 20:42:06
2026-08-31 20:25:45,VIPS208,0111,Kevin Calabro,13,2,0,2026-08-31 20:42:06
2026-08-31 20:25:45,VIPS208,0112,Raffaele Viglianti,10,5,0,2026-08-31 20:42:06
2026-08-31 20:25:45,VIPS208,0113,Shabnam Jabeen,10,2,0,2026-08-31 20:42:06
2026-08-31 20:25:45,VIPS208,0114,Ning Zeng,15,6,0,2026-08-31 20:42:06
2026-08-31 20:25:45,VIPS208,0115,Veronica Kang,10,5,0,2026-08-31 20:42:06
2026-08-31 20:25:45,VIPS208,0116,David Stewart,10,0,0,2026-08-31 20:42:06
2026-08-31 20:25:45,VIPS208,0117,Meredith Epstein,10,8,0,2026-08-31 20:42:06
2026-08-31 20:25:45,VIPS208,0118,Magaly Toro Ibaceta,10,3,0,2026-08-31 20:42:06
2026-08-31 20:25:45,VIPS208,0120,Marisa Parham,10,5,0,2026-08-31 20:42:06
2026-08-31 20:25:45,VIPS208,0121,Becky Epanchin-Niell,10,1,0,2026-08-31 20:42:06
2026-08-31 20:25:45,VIPS208,0122,Timothy Reedy,10,2,0,2026-08-31 20:42:06
2026-08-31 20:25:45,VIPS208,0123,Lingnan Lin,13,4,0,2026-08-31 20:42:06
2026-08-31 20:25:45,VIPS208,0124,Jeffrey Moro,10,3,0,2026-08-31 20:42:06
2026-08-31 20:25:45,VIPS208,0125,Peter Sunderland,12,4,0,2026-08-31 20:42:06
2026-08-31 20:25:45,VIPS208,0126,Brienna Anderson,10,2,0,2026-08-31 20:42:06
2026-08-31 20:25:45,VIPS308,0101,Mary Bowden,10,9,0,2026-08-31 20:42:06
2026-08-31 20:25:45,VIPS308,0102,Ken Kiger,10,3,0,2026-08-31 20:42:06
2026-08-31 20:25:45,VIPS308,0103,Bryan Quinn,10,3,0,2026-08-31 20:42:06
2026-08-31 20:25:45,VIPS308,0104,Abdil Chowdhury,10,4,0,2026-08-31 20:42:06
2026-08-31 20:25:45,VIPS308,0105,Molly Carton,10,3,0,2026-08-31 20:42:06
2026-08-31 20:25:45,VIPS308,0106,James Baeder,10,4,0,2026-08-31 20:42:06
2026-08-31 20:25:45,VIPS308,0107,Catherine Spirito,10,7,0,2026-08-31 20:42:06
2026-08-31 20:25:45,VIPS308,0108,Ronald Yaros,10,9,0,2026-08-31 20:42:06
2026-08-31 20:25:45,VIPS308,0109,Carinna Ferguson,10,6,0,2026-08-31 20:42:06
2026-08-31 20:25:45,VIPS308,0110,Tracy Riggins,10,0,0,2026-08-31 20:42:06
2026-08-31 20:25:45,VIPS308,0111,Kevin Calabro,10,6,0,2026-08-31 20:42:06
2026-08-31 20:25:45,VIPS308,0112,Raffaele Viglianti,10,10,0,2026-08-31 20:42:06
2026-08-31 20:25:45,VIPS308,0113,Shabnam Jabeen,10,8,0,2026-08-31 20:42:06
2026-08-31 20:25:45,VIPS308,0114,Ning Zeng,10,9,0,2026-08-31 20:42:06
2026-08-31 20:25:45,VIPS308,0115,Veronica Kang,10,9,0,2026-08-31 20:42:06
2026-08-31 20:25:45,VIPS308,0116,David Stewart,10,10,0,2026-08-31 20:42:06
2026-08-31 20:25:45,VIPS308,0117,Meredith Epstein,10,8,0,2026-08-31 20:42:06
2026-08-31 20:25:45,VIPS308,0118,Magaly Toro Ibaceta,10,10,0,2026-08-31 20:42:06
2026-08-31 20:25:45,VIPS308,0120,Marisa Parham,10,10,0,2026-08-31 20:42:06
2026-08-31 20:25:45,VIPS308,0121,Becky Epanchin-Niell,10,10,0,2026-08-31 20:42:06
2026-08-31 20:25:45,VIPS308,0122,Roan Parrish,10,10,0,2026-08-31 20:42:06
2026-08-31 20:25:45,VIPS308,0123,Lingnan Lin,10,10,0,2026-08-31 20:42:06
2026-08-31 20:25:45,VIPS308,0124,Jeffrey Moro,10,10,0,2026-08-31 20:42:06
2026-08-31 20:25:45,VIPS308,0125,Peter Sunderland,10,10,0,2026-08-31 20:42:06
2026-08-31 20:25:45,VIPS308,0126,Brienna Anderson,10,10,0,2026-08-31 20:42:06
2026-08-31 20:25:45,VIPS408,0101,Mary Bowden,10,4,0,2026-08-31 20:42:06
2026-08-31 20:25:45,VIPS408,0102,Ken Kiger,10,8,0,2026-08-31 20:42:06
2026-08-31 20:25:45,VIPS408,0103,Bryan Quinn,10,3,0,2026-08-31 20:42:06
2026-08-31 20:25:45,VIPS408,0104,Abdil Chowdhury,10,8,0,2026-08-31 20:42:06
2026-08-31 20:25:45,VIPS408,0105,Molly Carton,10,8,0,2026-08-31 20:42:06
2026-08-31 20:25:45,VIPS408,0106,James Baeder,10,7,0,2026-08-31 20:42:06
2026-08-31 20:25:45,VIPS408,0107,Catherine Spirito,10,10,0,2026-08-31 20:42:06
2026-08-31 20:25:45,VIPS408,0108,Ronald Yaros,10,8,0,2026-08-31 20:42:06
2026-08-31 20:25:45,VIPS408,0109,Carinna Ferguson,10,8,0,2026-08-31 20:42:06
2026-08-31 20:25:45,VIPS408,0110,Tracy Riggins,10,10,0,2026-08-31 20:42:06
2026-08-31 20:25:45,VIPS408,0111,Kevin Calabro,10,8,0,2026-08-31 20:42:06
2026-08-31 20:25:45,VIPS408,0112,Raffaele Viglianti,10,9,0,2026-08-31 20:42:06
2026-08-31 20:25:45,VIPS408,0113,Shabnam Jabeen,10,10,0,2026-08-31 20:42:06
2026-08-31 20:25:45,VIPS408,0114,Ning Zeng,10,10,0,2026-08-31 20:42:06
2026-08-31 20:25:45,VIPS408,0115,Veronica Kang,10,10,0,2026-08-31 20:42:06
2026-08-31 20:25:45,VIPS408,0116,David Stewart,10,10,0,2026-08-31 20:42:06
2026-08-31 20:25:45,VIPS408,0117,Meredith Epstein,10,10,0,2026-08-31 20:42:06
2026-08-31 20:25:45,VIPS408,0118,Magaly Toro Ibaceta,10,9,0,2026-08-31 20:42:06
2026-08-31 20:25:45,VIPS408,0120,Marisa Parham,10,10,0,2026-08-31 20:42:06
2026-08-31 20:25:45,VIPS408,0121,Becky Epanchin-Niell,10,10,0,2026-08-31 20:42:06
2026-08-31 20:25:45,VIPS408,0122,Roan Parrish,10,10,0,2026-08-31 20:42:06
2026-08-31 20:25:45,VIPS408,0123,Lingnan Lin,10,10,0,2026-08-31 20:42:06
2026-08-31 20:25:45,VIPS408,0124,Jeffrey Moro,10,10,0,2026-08-31 20:42:06
2026-08-31 20:25:45,VIPS408,0125,Peter Sunderland,10,10,0,2026-08-31 20:42:06
2026-08-31 20:25:45,VIPS408,0126,Brienna Anderson,10,10,0,2026-08-31 20:42:06
2026-08-31 20:25:45,WEID139B,0101,Denise Joseph,48,10,0,2026-08-31 20:42:09
2026-08-31 20:25:45,WEID139L,0201,Taylor Togafau-Lewis,48,17,0,2026-08-31 20:42:09
